cycle_id,ts,runner,sim,code,decision,reason,input_hash
14923470,2026-10-01 10:01:26,actions-trading,Sim3,402340,skip,adx,e0dae2834ffb
14923470,2026-10-01 10:01:26,actions-trading,Sim3,383800,skip,amount,07f7bbb86e25
14923470,2026-10-01 10:01:26,actions-trading,Sim3,462870,skip,amount,961b134eecb2
14923470,2026-10-01 10:01:26,actions-trading,Sim3,000660,skip,qty_zero,9e290bbd19e0
14923470,2026-10-01 10:01:26,actions-trading,Sim3,071970,skip,held_or_sold_today,4d045f36c925
14923470,2026-10-01 10:01:26,actions-trading,Sim3,042700,skip,not_cheap,9d40af2f8347
14923470,2026-10-01 10:01:26,actions-trading,Sim3,326030,skip,amount,279fbfe40629
14923470,2026-10-01 10:01:26,actions-trading,Sim3,207940,skip,not_cheap,f58922136530
14923470,2026-10-01 10:01:26,actions-trading,Sim3,033920,skip,amount,4d09eda454ae
14923470,2026-10-01 10:01:26,actions-trading,Sim3,004770,skip,amount,bc9d54be8172
14923470,2026-10-01 10:01:26,actions-trading,Sim3,0126Z0,skip,not_cheap,88c52c21f489
14923470,2026-10-01 10:01:26,actions-trading,Sim3,062040,skip,not_cheap,3ec075b0929f
14923470,2026-10-01 10:01:26,actions-trading,Sim3,317450,skip,amount,8d6c23036362
14923470,2026-10-01 10:01:26,actions-trading,Sim3,026960,skip,amount,d8a32db84c34
14923470,2026-10-01 10:01:26,actions-trading,Sim3,021820,skip,amount,3576d557c2a3
14923470,2026-10-01 10:01:26,actions-trading,Sim3,192080,skip,amount,dd66aeaf9f80
14923470,2026-10-01 10:01:26,actions-trading,Sim3,068270,skip,held_or_sold_today,b2fbfc6d8b54
14923470,2026-10-01 10:01:26,actions-trading,Sim3,123890,skip,amount,b6996027c573
14923470,2026-10-01 10:01:26,actions-trading,Sim3,000240,skip,amount,333ab0ca59b3
14923470,2026-10-01 10:01:26,actions-trading,Sim3,002380,skip,held_or_sold_today,806551bedb24
14923470,2026-10-01 10:01:26,actions-trading,Sim3,009770,skip,amount,c30e464786ab
14923470,2026-10-01 10:01:26,actions-trading,Sim3,259960,skip,held_or_sold_today,944fa5d8166a
14923470,2026-10-01 10:01:26,actions-trading,Sim3,035250,skip,amount,ce79c3958643
14923470,2026-10-01 10:01:26,actions-trading,Sim3,383220,skip,amount,36bb30598efc
14923470,2026-10-01 10:01:26,actions-trading,Sim3,226320,skip,amount,61084c9f7ce6
14923470,2026-10-01 10:01:26,actions-trading,Sim3,439260,skip,amount,a8a4ed36ab92
14923470,2026-10-01 10:01:26,actions-trading,Sim3,025560,skip,cooldown,0ac3a383677a
14923470,2026-10-01 10:01:26,actions-trading,Sim3,007700,skip,amount,084ebe1e0c60
14923470,2026-10-01 10:01:26,actions-trading,Sim3,278470,skip,not_cheap,60eb25406da4
14923470,2026-10-01 10:01:26,actions-trading,Sim3,000990,skip,not_cheap,ec0c5b0f4e1d
14923470,2026-10-01 10:02:03,actions-trading,MFHS2,028670,skip,max_holdings,14d2bbc77a31
14923470,2026-10-01 10:02:03,actions-trading,MFHS2,018880,seen,,090c9a695511
14923470,2026-10-01 10:02:03,actions-trading,MFHS2,003160,seen,,037ba0a82a77
14923470,2026-10-01 10:02:03,actions-trading,MFHS2,005935,seen,,224d80eed6f3
14923470,2026-10-01 10:02:03,actions-trading,MFHS2,002990,seen,,746115c16001
14923470,2026-10-01 10:02:03,actions-trading,MFHS2,011200,seen,,e0a6aef03438
14923470,2026-10-01 10:02:03,actions-trading,MFHS2,248070,seen,,8f414cdc10d6
14923470,2026-10-01 10:02:03,actions-trading,MFHS2,034220,seen,,3f5c15e0f8b7
14923470,2026-10-01 10:02:03,actions-trading,MFHS2,192650,seen,,f4e1483a3c95
14923470,2026-10-01 10:02:03,actions-trading,MFHS2,068270,seen,,778eea2a642d
14923470,2026-10-01 10:02:03,actions-trading,MFHS2,030000,seen,,8ec819d4a2be
14923470,2026-10-01 10:02:03,actions-trading,MFHS2,001250,seen,,3b0707bd503a
14923470,2026-10-01 10:02:03,actions-trading,MFHS2,009830,seen,,2e4b7aab90c8
14923470,2026-10-01 10:02:03,actions-trading,MFHS2,004710,seen,,6733df646c14
14923470,2026-10-01 10:02:03,actions-trading,MFHS2,005880,seen,,174e30a6b8af
14923470,2026-10-01 10:02:03,actions-trading,MFHS2,005690,seen,,1c89c90feb68
14923470,2026-10-01 10:02:03,actions-trading,MFHS2,093370,seen,,d82e9d78dee4
14923470,2026-10-01 10:02:03,actions-trading,MFHS2,002700,seen,,bac8c9247eee
14923470,2026-10-01 10:02:03,actions-trading,MFHS2,008350,seen,,47ecacc46fdd
14923470,2026-10-01 10:02:03,actions-trading,MFHS2,003280,seen,,5feccf3aac36
14923470,2026-10-01 10:02:03,actions-trading,MFHS2,001820,seen,,e629bf3e115f
14923470,2026-10-01 10:02:03,actions-trading,MFHS2,001210,seen,,3dfe0f36f4de
14923470,2026-10-01 10:02:03,actions-trading,MFHS2,003780,seen,,8f2a84da3f76
14923470,2026-10-01 10:02:03,actions-trading,MFHS2,001510,seen,,6a717cd9280a
14923470,2026-10-01 10:02:03,actions-trading,MFHS2,089860,seen,,557aac19882e
14923470,2026-10-01 10:02:03,actions-trading,MFHS2,086790,seen,,c662126cf6b6
14923470,2026-10-01 10:02:03,actions-trading,MFHS2,092220,seen,,401f1e7240f4
14923470,2026-10-01 10:02:03,actions-trading,MFHS2,093050,seen,,136fd8e08f52
14923470,2026-10-01 10:02:03,actions-trading,MFHS2,035000,seen,,1142f5dc0295
14923470,2026-10-01 10:02:03,actions-trading,MFHS2,004310,seen,,152126e1059c
14923470,2026-10-01 10:02:06,actions-trading,상승모멘텀,084010,skip,max_holdings,6f61b85ad014
14923470,2026-10-01 10:02:06,actions-trading,상승모멘텀,192650,seen,,f4e1483a3c95
14923470,2026-10-01 10:02:06,actions-trading,상승모멘텀,036570,seen,,5de7d11bd749
14923470,2026-10-01 10:02:06,actions-trading,상승모멘텀,109070,seen,,af420eaf2e3e
14923470,2026-10-01 10:02:06,actions-trading,상승모멘텀,003160,seen,,037ba0a82a77
14923470,2026-10-01 10:02:06,actions-trading,상승모멘텀,460860,seen,,38cdcd166657
14923470,2026-10-01 10:02:06,actions-trading,상승모멘텀,093050,seen,,136fd8e08f52
14923470,2026-10-01 10:02:06,actions-trading,상승모멘텀,002240,seen,,e41a433cf70a
14923470,2026-10-01 10:02:06,actions-trading,상승모멘텀,005030,seen,,7c5ea2a80d2d
14923470,2026-10-01 10:02:06,actions-trading,상승모멘텀,004710,seen,,6733df646c14
14923470,2026-10-01 10:02:06,actions-trading,상승모멘텀,000760,seen,,b9daf615a78c
14923470,2026-10-01 10:02:06,actions-trading,상승모멘텀,248070,seen,,8f414cdc10d6
14923470,2026-10-01 10:02:06,actions-trading,상승모멘텀,0126Z0,seen,,d27343a4c0ac
14923470,2026-10-01 10:02:06,actions-trading,상승모멘텀,093370,seen,,d82e9d78dee4
14923470,2026-10-01 10:02:06,actions-trading,상승모멘텀,004105,seen,,87878a4b4939
14923470,2026-10-01 10:02:06,actions-trading,상승모멘텀,003465,seen,,e033d4043cbc
14923470,2026-10-01 10:02:06,actions-trading,상승모멘텀,005850,seen,,ef8dcad21dac
14923470,2026-10-01 10:02:06,actions-trading,상승모멘텀,005430,seen,,4c55a0b8d45b
14923470,2026-10-01 10:02:06,actions-trading,상승모멘텀,012030,seen,,23805d7dd3af
14923470,2026-10-01 10:02:06,actions-trading,상승모멘텀,181710,seen,,24f6c22f5d92
14923470,2026-10-01 10:02:06,actions-trading,상승모멘텀,012330,seen,,a48b53f328b8
14923470,2026-10-01 10:02:06,actions-trading,상승모멘텀,003120,seen,,0b5deb9a90c0
14923470,2026-10-01 10:02:06,actions-trading,상승모멘텀,018880,seen,,090c9a695511
14923470,2026-10-01 10:02:06,actions-trading,상승모멘텀,104700,seen,,76b94c5e74dc
14923470,2026-10-01 10:02:06,actions-trading,상승모멘텀,000640,seen,,15f6e763b6d4
14923470,2026-10-01 10:02:06,actions-trading,상승모멘텀,009900,seen,,5796462dfbe8
14923470,2026-10-01 10:02:06,actions-trading,상승모멘텀,004545,seen,,18dbbc73a535
14923470,2026-10-01 10:02:06,actions-trading,상승모멘텀,011930,seen,,4b053c467e40
14923470,2026-10-01 10:02:06,actions-trading,상승모멘텀,002360,seen,,6e2301f6984d
14923470,2026-10-01 10:02:06,actions-trading,상승모멘텀,012200,seen,,a95c03192be7
14923470,2026-10-01 10:02:06,actions-trading,Sim4-1,084010,skip,period,6f61b85ad014
14923470,2026-10-01 10:02:06,actions-trading,Sim4-1,192650,skip,period,f4e1483a3c95
14923470,2026-10-01 10:02:06,actions-trading,Sim4-1,036570,skip,period,5de7d11bd749
14923470,2026-10-01 10:02:06,actions-trading,Sim4-1,109070,skip,amount,af420eaf2e3e
14923470,2026-10-01 10:02:06,actions-trading,Sim4-1,003160,skip,held_or_cooldown,037ba0a82a77
14923470,2026-10-01 10:02:06,actions-trading,Sim4-1,460860,skip,adx_high,38cdcd166657
14923470,2026-10-01 10:02:06,actions-trading,Sim4-1,093050,skip,amount,136fd8e08f52
14923470,2026-10-01 10:02:06,actions-trading,Sim4-1,002240,skip,amount,e41a433cf70a
14923470,2026-10-01 10:02:06,actions-trading,Sim4-1,005030,skip,amount,7c5ea2a80d2d
14923470,2026-10-01 10:02:06,actions-trading,Sim4-1,004710,skip,adx_high,6733df646c14
14923470,2026-10-01 10:02:06,actions-trading,Sim4-1,000760,skip,amount,b9daf615a78c
14923470,2026-10-01 10:02:06,actions-trading,Sim4-1,248070,skip,amount,8f414cdc10d6
14923470,2026-10-01 10:02:06,actions-trading,Sim4-1,0126Z0,skip,adx_high,d27343a4c0ac
14923470,2026-10-01 10:02:06,actions-trading,Sim4-1,093370,skip,adx_high,d82e9d78dee4
14923470,2026-10-01 10:02:06,actions-trading,Sim4-1,004105,skip,amount,87878a4b4939
14923470,2026-10-01 10:02:06,actions-trading,Sim4-1,003465,skip,amount,e033d4043cbc
14923470,2026-10-01 10:02:06,actions-trading,Sim4-1,005850,skip,amount,ef8dcad21dac
14923470,2026-10-01 10:02:06,actions-trading,Sim4-1,005430,skip,amount,4c55a0b8d45b
14923470,2026-10-01 10:02:06,actions-trading,Sim4-1,012030,skip,amount,23805d7dd3af
14923470,2026-10-01 10:02:06,actions-trading,Sim4-1,181710,skip,adx_high,24f6c22f5d92
14923470,2026-10-01 10:02:06,actions-trading,Sim4-1,012330,skip,period,a48b53f328b8
14923470,2026-10-01 10:02:06,actions-trading,Sim4-1,003120,skip,amount,0b5deb9a90c0
14923470,2026-10-01 10:02:06,actions-trading,Sim4-1,018880,skip,tick,090c9a695511
14923470,2026-10-01 10:02:06,actions-trading,Sim4-1,104700,skip,amount,76b94c5e74dc
14923470,2026-10-01 10:02:06,actions-trading,Sim4-1,000640,skip,amount,15f6e763b6d4
14923470,2026-10-01 10:02:06,actions-trading,Sim4-1,009900,skip,amount,5796462dfbe8
14923470,2026-10-01 10:02:06,actions-trading,Sim4-1,004545,skip,amount,18dbbc73a535
14923470,2026-10-01 10:02:06,actions-trading,Sim4-1,011930,skip,amount,4b053c467e40
14923470,2026-10-01 10:02:06,actions-trading,Sim4-1,002360,skip,amount,6e2301f6984d
14923470,2026-10-01 10:02:06,actions-trading,Sim4-1,012200,skip,amount,a95c03192be7
14923470,2026-10-01 10:02:07,actions-trading,선행매집,028670,skip,no_setup,14d2bbc77a31
14923470,2026-10-01 10:02:07,actions-trading,선행매집,018880,skip,below_anchor,090c9a695511
14923470,2026-10-01 10:02:07,actions-trading,선행매집,192650,skip,no_setup,f4e1483a3c95
14923470,2026-10-01 10:02:07,actions-trading,선행매집,009830,skip,below_anchor,2e4b7aab90c8
14923470,2026-10-01 10:02:07,actions-trading,선행매집,011200,skip,below_anchor,e0a6aef03438
14923470,2026-10-01 10:02:07,actions-trading,선행매집,003160,skip,no_setup,037ba0a82a77
14923470,2026-10-01 10:02:07,actions-trading,선행매집,005935,skip,below_anchor,224d80eed6f3
14923470,2026-10-01 10:02:07,actions-trading,선행매집,002990,skip,below_anchor,746115c16001
14923470,2026-10-01 10:02:07,actions-trading,선행매집,068270,skip,below_anchor,778eea2a642d
14923470,2026-10-01 10:02:07,actions-trading,선행매집,034220,skip,below_anchor,3f5c15e0f8b7
14923470,2026-10-01 10:02:07,actions-trading,선행매집,248070,skip,below_anchor,8f414cdc10d6
14923470,2026-10-01 10:02:07,actions-trading,선행매집,030000,skip,below_anchor,8ec819d4a2be
14923470,2026-10-01 10:02:07,actions-trading,선행매집,001250,skip,below_anchor,3b0707bd503a
14923470,2026-10-01 10:02:07,actions-trading,선행매집,005880,skip,amount,174e30a6b8af
14923470,2026-10-01 10:02:07,actions-trading,선행매집,005690,skip,below_anchor,1c89c90feb68
14923470,2026-10-01 10:02:07,actions-trading,선행매집,002700,skip,amount,bac8c9247eee
14923470,2026-10-01 10:02:07,actions-trading,선행매집,001210,skip,below_anchor,3dfe0f36f4de
14923470,2026-10-01 10:02:07,actions-trading,선행매집,008350,skip,amount,47ecacc46fdd
14923470,2026-10-01 10:02:07,actions-trading,선행매집,001820,skip,below_anchor,e629bf3e115f
14923470,2026-10-01 10:02:07,actions-trading,선행매집,003280,skip,amount,5feccf3aac36
14923470,2026-10-01 10:02:07,actions-trading,선행매집,004710,skip,below_anchor,6733df646c14
14923470,2026-10-01 10:02:07,actions-trading,선행매집,003780,skip,amount,8f2a84da3f76
14923470,2026-10-01 10:02:07,actions-trading,선행매집,092220,skip,amount,401f1e7240f4
14923470,2026-10-01 10:02:07,actions-trading,선행매집,089860,skip,no_setup,557aac19882e
14923470,2026-10-01 10:02:07,actions-trading,선행매집,093050,skip,no_setup,136fd8e08f52
14923470,2026-10-01 10:02:07,actions-trading,선행매집,001510,skip,amount,6a717cd9280a
14923470,2026-10-01 10:02:07,actions-trading,선행매집,051910,skip,below_anchor,5b8f4ea03975
14923470,2026-10-01 10:02:07,actions-trading,선행매집,004770,skip,amount,bc9d54be8172
14923470,2026-10-01 10:02:07,actions-trading,선행매집,093370,skip,below_anchor,d82e9d78dee4
14923470,2026-10-01 10:02:07,actions-trading,선행매집,035000,skip,amount,1142f5dc0295
14923470,2026-10-01 10:02:07,actions-trading,Sim9,_gate,skip,outside_entry_window,e3b0c44298fc
14923470,2026-10-01 10:02:07,actions-trading,Sim9,084010,seen,,6f61b85ad014
14923470,2026-10-01 10:02:07,actions-trading,Sim9,192650,seen,,f4e1483a3c95
14923470,2026-10-01 10:02:07,actions-trading,Sim9,036570,seen,,5de7d11bd749
14923470,2026-10-01 10:02:07,actions-trading,Sim9,109070,seen,,af420eaf2e3e
14923470,2026-10-01 10:02:07,actions-trading,Sim9,003160,seen,,037ba0a82a77
14923470,2026-10-01 10:02:07,actions-trading,Sim9,460860,seen,,38cdcd166657
14923470,2026-10-01 10:02:07,actions-trading,Sim9,093050,seen,,136fd8e08f52
14923470,2026-10-01 10:02:07,actions-trading,Sim9,002240,seen,,e41a433cf70a
14923470,2026-10-01 10:02:07,actions-trading,Sim9,005030,seen,,7c5ea2a80d2d
14923470,2026-10-01 10:02:07,actions-trading,Sim9,004710,seen,,6733df646c14
14923470,2026-10-01 10:02:07,actions-trading,Sim9,000760,seen,,b9daf615a78c
14923470,2026-10-01 10:02:07,actions-trading,Sim9,248070,seen,,8f414cdc10d6
14923470,2026-10-01 10:02:07,actions-trading,Sim9,0126Z0,seen,,d27343a4c0ac
14923470,2026-10-01 10:02:07,actions-trading,Sim9,093370,seen,,d82e9d78dee4
14923470,2026-10-01 10:02:07,actions-trading,Sim9,004105,seen,,87878a4b4939
14923470,2026-10-01 10:02:07,actions-trading,Sim9,003465,seen,,e033d4043cbc
14923470,2026-10-01 10:02:07,actions-trading,Sim9,005850,seen,,ef8dcad21dac
14923470,2026-10-01 10:02:07,actions-trading,Sim9,005430,seen,,4c55a0b8d45b
14923470,2026-10-01 10:02:07,actions-trading,Sim9,012030,seen,,23805d7dd3af
14923470,2026-10-01 10:02:07,actions-trading,Sim9,181710,seen,,24f6c22f5d92
14923470,2026-10-01 10:02:07,actions-trading,Sim9,012330,seen,,a48b53f328b8
14923470,2026-10-01 10:02:07,actions-trading,Sim9,003120,seen,,0b5deb9a90c0
14923470,2026-10-01 10:02:07,actions-trading,Sim9,018880,seen,,090c9a695511
14923470,2026-10-01 10:02:07,actions-trading,Sim9,104700,seen,,76b94c5e74dc
14923470,2026-10-01 10:02:07,actions-trading,Sim9,000640,seen,,15f6e763b6d4
14923470,2026-10-01 10:02:07,actions-trading,Sim9,009900,seen,,5796462dfbe8
14923470,2026-10-01 10:02:07,actions-trading,Sim9,004545,seen,,18dbbc73a535
14923470,2026-10-01 10:02:07,actions-trading,Sim9,011930,seen,,4b053c467e40
14923470,2026-10-01 10:02:07,actions-trading,Sim9,002360,seen,,6e2301f6984d
14923470,2026-10-01 10:02:07,actions-trading,Sim9,012200,seen,,a95c03192be7
14923470,2026-10-01 10:02:07,actions-trading,미너비니,192820,skip,below_pivot,3a8cb2de5a7f
14923470,2026-10-01 10:02:07,actions-trading,미너비니,443060,skip,below_pivot,74b464f689cc
14923470,2026-10-01 10:02:07,actions-trading,미너비니,020120,skip,below_pivot,ea4ffbe76ec0
14923470,2026-10-01 10:02:08,actions-trading,Sim12,084010,skip,avoid_frgn_sell_20d,6f61b85ad014
14923470,2026-10-01 10:02:08,actions-trading,Sim12,192650,skip,pb2_not_crashed,f4e1483a3c95
14923470,2026-10-01 10:02:08,actions-trading,Sim12,036570,skip,pb2_not_crashed,5de7d11bd749
14923470,2026-10-01 10:02:08,actions-trading,Sim12,109070,skip,avoid_amount_dry,af420eaf2e3e
14923470,2026-10-01 10:02:08,actions-trading,Sim12,003160,skip,pb2_not_crashed,037ba0a82a77
14923470,2026-10-01 10:02:08,actions-trading,Sim12,460860,skip,avoid_frgn_sell_20d,38cdcd166657
14923470,2026-10-01 10:02:08,actions-trading,Sim12,093050,skip,avoid_frgn_sell_20d,136fd8e08f52
14923470,2026-10-01 10:02:08,actions-trading,Sim12,002240,skip,avoid_frgn_sell_20d,e41a433cf70a
14923470,2026-10-01 10:02:08,actions-trading,Sim12,005030,skip,avoid_amount_dry,7c5ea2a80d2d
14923470,2026-10-01 10:02:08,actions-trading,Sim12,004710,skip,avoid_frgn_sell_20d,6733df646c14
14923470,2026-10-01 10:02:08,actions-trading,Sim12,000760,skip,avoid_amount_dry,b9daf615a78c
14923470,2026-10-01 10:02:08,actions-trading,Sim12,248070,skip,avoid_frgn_sell_20d,8f414cdc10d6
14923470,2026-10-01 10:02:08,actions-trading,Sim12,0126Z0,skip,avoid_frgn_sell_20d,d27343a4c0ac
14923470,2026-10-01 10:02:08,actions-trading,Sim12,093370,skip,pb2_not_crashed,d82e9d78dee4
14923470,2026-10-01 10:02:08,actions-trading,Sim12,004105,skip,pb2_not_crashed,87878a4b4939
14923470,2026-10-01 10:02:08,actions-trading,Sim12,003465,skip,avoid_amount_dry,e033d4043cbc
14923470,2026-10-01 10:02:08,actions-trading,Sim12,005850,skip,avoid_amount_dry,ef8dcad21dac
14923470,2026-10-01 10:02:08,actions-trading,Sim12,005430,skip,avoid_amount_dry,4c55a0b8d45b
14923470,2026-10-01 10:02:08,actions-trading,Sim12,012030,skip,avoid_amount_dry,23805d7dd3af
14923470,2026-10-01 10:02:08,actions-trading,Sim12,181710,skip,avoid_amount_dry,24f6c22f5d92
14923470,2026-10-01 10:02:08,actions-trading,Sim12,012330,skip,pb2_not_crashed,a48b53f328b8
14923470,2026-10-01 10:02:08,actions-trading,Sim12,003120,skip,pb2_not_crashed,0b5deb9a90c0
14923470,2026-10-01 10:02:08,actions-trading,Sim12,018880,skip,avoid_frgn_sell_20d,090c9a695511
14923470,2026-10-01 10:02:08,actions-trading,Sim12,104700,skip,avoid_frgn_sell_20d,76b94c5e74dc
14923470,2026-10-01 10:02:08,actions-trading,Sim12,000640,skip,avoid_amount_dry,15f6e763b6d4
14923470,2026-10-01 10:02:08,actions-trading,Sim12,009900,skip,avoid_amount_dry,5796462dfbe8
14923470,2026-10-01 10:02:08,actions-trading,Sim12,004545,skip,avoid_amount_dry,18dbbc73a535
14923470,2026-10-01 10:02:08,actions-trading,Sim12,011930,skip,pb2_not_crashed,4b053c467e40
14923470,2026-10-01 10:02:08,actions-trading,Sim12,002360,skip,avoid_amount_dry,6e2301f6984d
14923470,2026-10-01 10:02:08,actions-trading,Sim12,012200,skip,avoid_amount_dry,a95c03192be7
14923470,2026-10-01 10:02:08,actions-trading,Sim12,051630,skip,avoid_amount_dry,e12b14b0dae5
14923470,2026-10-01 10:02:08,actions-trading,Sim12,002820,skip,avoid_amount_dry,e565620413fc
14923470,2026-10-01 10:02:08,actions-trading,Sim12,002787,skip,avoid_amount_dry,17e40c53a049
14923470,2026-10-01 10:02:08,actions-trading,Sim12,009190,skip,avoid_amount_dry,cb506f46965e
14923470,2026-10-01 10:02:08,actions-trading,Sim12,071090,skip,pb2_not_crashed,4cec15e8cf21
14923470,2026-10-01 10:02:08,actions-trading,Sim12,010640,skip,avoid_amount_dry,0e25044da3b3
14923470,2026-10-01 10:02:08,actions-trading,Sim12,487570,skip,pb2_not_crashed,2b4c2240af33
14923470,2026-10-01 10:02:08,actions-trading,Sim12,002690,skip,avoid_frgn_sell_20d,dadc9155b401
14923470,2026-10-01 10:02:08,actions-trading,Sim12,007110,skip,avoid_amount_dry,5deacdcc73b0
14923470,2026-10-01 10:02:08,actions-trading,Sim12,452260,skip,avoid_amount_dry,2a4c4af7f6c2
14923470,2026-10-01 10:02:08,actions-trading,Sim12,002785,skip,avoid_amount_dry,2fa46756507a
14923470,2026-10-01 10:02:08,actions-trading,Sim12,001770,skip,avoid_amount_dry,a0fe1186faf6
14923470,2026-10-01 10:02:08,actions-trading,Sim12,002070,skip,avoid_amount_dry,8cff1d3c4583
14923470,2026-10-01 10:02:08,actions-trading,Sim12,003580,skip,avoid_amount_dry,9648df70539f
14923470,2026-10-01 10:02:08,actions-trading,Sim12,003780,skip,avoid_frgn_sell_20d,8f2a84da3f76
14923470,2026-10-01 10:02:08,actions-trading,Sim12,003030,skip,pb2_not_crashed,90d7ffcdda5b
14923470,2026-10-01 10:02:08,actions-trading,Sim12,069640,skip,avoid_frgn_sell_20d,a39f039625be
14923470,2026-10-01 10:02:08,actions-trading,Sim12,010950,skip,avoid_amount_dry,0add9c48846d
14923470,2026-10-01 10:02:08,actions-trading,Sim12,002995,skip,avoid_amount_dry,f2b0cb471ccb
14923470,2026-10-01 10:02:08,actions-trading,Sim12,316140,skip,avoid_amount_dry,94ded361faae
14923470,2026-10-01 10:02:08,actions-trading,Sim12,457190,skip,avoid_frgn_sell_20d,9faf851864c8
14923470,2026-10-01 10:02:08,actions-trading,Sim12,005010,skip,pb2_not_crashed,7a17dea4941a
14923470,2026-10-01 10:02:08,actions-trading,Sim12,092790,skip,pb2_not_crashed,95a86f09dd27
14923470,2026-10-01 10:02:08,actions-trading,Sim12,006260,skip,avoid_amount_dry,aab5f37352a3
14923470,2026-10-01 10:02:08,actions-trading,Sim12,006200,skip,pb2_thin_liquidity,aba80f900b52
14923470,2026-10-01 10:02:08,actions-trading,Sim12,336260,skip,avoid_amount_dry,45735f6de94e
14923470,2026-10-01 10:02:08,actions-trading,Sim12,017900,skip,avoid_amount_dry,b80b836c69cd
14923470,2026-10-01 10:02:08,actions-trading,Sim12,37550L,skip,avoid_amount_dry,3f4ab11584f4
14923470,2026-10-01 10:02:08,actions-trading,Sim12,014280,skip,avoid_amount_dry,bd76a9b2799b
14923470,2026-10-01 10:02:08,actions-trading,Sim12,009155,skip,avoid_amount_dry,09930e6480ad
14923470,2026-10-01 10:02:08,actions-trading,Sim13,084010,skip,theme_momentum_weak,6f61b85ad014
14923470,2026-10-01 10:02:08,actions-trading,Sim13,192650,skip,no_frgn_support,f4e1483a3c95
14923470,2026-10-01 10:02:08,actions-trading,Sim13,036570,skip,theme_momentum_weak,5de7d11bd749
14923470,2026-10-01 10:02:08,actions-trading,Sim13,109070,skip,amount_not_surprised,af420eaf2e3e
14923470,2026-10-01 10:02:08,actions-trading,Sim13,003160,skip,no_frgn_support,037ba0a82a77
14923470,2026-10-01 10:02:08,actions-trading,Sim13,460860,skip,theme_momentum_weak,38cdcd166657
14923470,2026-10-01 10:02:08,actions-trading,Sim13,093050,skip,theme_momentum_weak,136fd8e08f52
14923470,2026-10-01 10:02:08,actions-trading,Sim13,002240,skip,theme_momentum_weak,e41a433cf70a
14923470,2026-10-01 10:02:08,actions-trading,Sim13,005030,skip,theme_momentum_weak,7c5ea2a80d2d
14923470,2026-10-01 10:02:08,actions-trading,Sim13,004710,skip,amount_not_surprised,6733df646c14
14923470,2026-10-01 10:02:08,actions-trading,Sim13,000760,skip,theme_momentum_weak,b9daf615a78c
14923470,2026-10-01 10:02:08,actions-trading,Sim13,248070,skip,theme_momentum_weak,8f414cdc10d6
14923470,2026-10-01 10:02:08,actions-trading,Sim13,0126Z0,skip,theme_momentum_weak,d27343a4c0ac
14923470,2026-10-01 10:02:08,actions-trading,Sim13,093370,skip,no_frgn_support,d82e9d78dee4
14923470,2026-10-01 10:02:08,actions-trading,Sim13,004105,skip,amount_not_surprised,87878a4b4939
14923470,2026-10-01 10:02:08,actions-trading,Sim13,003465,skip,theme_momentum_weak,e033d4043cbc
14923470,2026-10-01 10:02:08,actions-trading,Sim13,005850,skip,theme_momentum_weak,ef8dcad21dac
14923470,2026-10-01 10:02:08,actions-trading,Sim13,005430,skip,theme_momentum_weak,4c55a0b8d45b
14923470,2026-10-01 10:02:08,actions-trading,Sim13,012030,skip,adx_weak,23805d7dd3af
14923470,2026-10-01 10:02:08,actions-trading,Sim13,181710,skip,theme_momentum_weak,24f6c22f5d92
14923470,2026-10-01 10:02:08,actions-trading,Sim13,012330,skip,theme_momentum_weak,a48b53f328b8
14923470,2026-10-01 10:02:08,actions-trading,Sim13,003120,skip,theme_momentum_weak,0b5deb9a90c0
14923470,2026-10-01 10:02:08,actions-trading,Sim13,018880,skip,theme_momentum_weak,090c9a695511
14923470,2026-10-01 10:02:08,actions-trading,Sim13,104700,skip,theme_momentum_weak,76b94c5e74dc
14923470,2026-10-01 10:02:08,actions-trading,Sim13,000640,skip,theme_momentum_weak,15f6e763b6d4
14923470,2026-10-01 10:02:08,actions-trading,Sim13,009900,skip,theme_momentum_weak,5796462dfbe8
14923470,2026-10-01 10:02:08,actions-trading,Sim13,004545,skip,theme_momentum_weak,18dbbc73a535
14923470,2026-10-01 10:02:08,actions-trading,Sim13,011930,skip,theme_momentum_weak,4b053c467e40
14923470,2026-10-01 10:02:08,actions-trading,Sim13,002360,skip,amount_not_surprised,6e2301f6984d
14923470,2026-10-01 10:02:08,actions-trading,Sim13,012200,skip,theme_momentum_weak,a95c03192be7
14923471,2026-10-01 10:03:35,actions-trading,Sim3,402340,skip,adx,df64e0890bb2
14923471,2026-10-01 10:03:35,actions-trading,Sim3,383800,skip,amount,88d94d4663f3
14923471,2026-10-01 10:03:35,actions-trading,Sim3,462870,skip,amount,0be746ad960e
14923471,2026-10-01 10:03:35,actions-trading,Sim3,000660,skip,qty_zero,5143bf623e5a
14923471,2026-10-01 10:03:35,actions-trading,Sim3,071970,skip,held_or_sold_today,29c49741d277
14923471,2026-10-01 10:03:35,actions-trading,Sim3,042700,skip,not_cheap,2b1922949d2c
14923471,2026-10-01 10:03:35,actions-trading,Sim3,326030,skip,amount,b13feddfcac0
14923471,2026-10-01 10:03:35,actions-trading,Sim3,207940,skip,not_cheap,9f33f6b5a3b1
14923471,2026-10-01 10:03:35,actions-trading,Sim3,033920,skip,amount,271c5920edd3
14923471,2026-10-01 10:03:35,actions-trading,Sim3,004770,skip,amount,ddb844045050
14923471,2026-10-01 10:03:35,actions-trading,Sim3,0126Z0,skip,not_cheap,a0a109593c21
14923471,2026-10-01 10:03:35,actions-trading,Sim3,062040,skip,not_cheap,0ca044d3db63
14923471,2026-10-01 10:03:35,actions-trading,Sim3,317450,skip,amount,34b61123139b
14923471,2026-10-01 10:03:35,actions-trading,Sim3,026960,skip,amount,0cd60b949974
14923471,2026-10-01 10:03:35,actions-trading,Sim3,021820,skip,amount,3576d557c2a3
14923471,2026-10-01 10:03:35,actions-trading,Sim3,192080,skip,amount,da9bd53166cf
14923471,2026-10-01 10:03:35,actions-trading,Sim3,068270,skip,held_or_sold_today,e60f35fbd389
14923471,2026-10-01 10:03:35,actions-trading,Sim3,123890,skip,amount,2ba2a5790bce
14923471,2026-10-01 10:03:35,actions-trading,Sim3,000240,skip,amount,391f739a4c96
14923471,2026-10-01 10:03:35,actions-trading,Sim3,002380,skip,held_or_sold_today,ef9522a24e10
14923471,2026-10-01 10:03:35,actions-trading,Sim3,009770,skip,amount,2ee7e553f950
14923471,2026-10-01 10:03:35,actions-trading,Sim3,259960,skip,held_or_sold_today,2b50f7521fb9
14923471,2026-10-01 10:03:35,actions-trading,Sim3,035250,skip,amount,a48019763b6c
14923471,2026-10-01 10:03:35,actions-trading,Sim3,383220,skip,amount,3e05539caefc
14923471,2026-10-01 10:03:35,actions-trading,Sim3,226320,skip,amount,69e5e1d89ddc
14923471,2026-10-01 10:03:35,actions-trading,Sim3,439260,skip,amount,89b44d696033
14923471,2026-10-01 10:03:35,actions-trading,Sim3,025560,skip,cooldown,fa3f4d13bc8c
14923471,2026-10-01 10:03:35,actions-trading,Sim3,007700,skip,amount,084ebe1e0c60
14923471,2026-10-01 10:03:35,actions-trading,Sim3,278470,skip,not_cheap,b38b64086c37
14923471,2026-10-01 10:03:35,actions-trading,Sim3,000990,skip,not_cheap,80848e93cc3f
14923471,2026-10-01 10:04:14,actions-trading,MFHS2,028670,skip,max_holdings,66b83dc8d52d
14923471,2026-10-01 10:04:14,actions-trading,MFHS2,018880,seen,,faf412f019ce
14923471,2026-10-01 10:04:14,actions-trading,MFHS2,003160,seen,,7434c58a5582
14923471,2026-10-01 10:04:14,actions-trading,MFHS2,005935,seen,,a873dd8df235
14923471,2026-10-01 10:04:14,actions-trading,MFHS2,002990,seen,,3c2cb255666d
14923471,2026-10-01 10:04:14,actions-trading,MFHS2,011200,seen,,0f293fd5480e
14923471,2026-10-01 10:04:14,actions-trading,MFHS2,248070,seen,,f5c5195676f5
14923471,2026-10-01 10:04:14,actions-trading,MFHS2,034220,seen,,90063ba5a382
14923471,2026-10-01 10:04:14,actions-trading,MFHS2,192650,seen,,8dcff6e03c73
14923471,2026-10-01 10:04:14,actions-trading,MFHS2,068270,seen,,02798d713980
14923471,2026-10-01 10:04:14,actions-trading,MFHS2,030000,seen,,b109f446185e
14923471,2026-10-01 10:04:14,actions-trading,MFHS2,001250,seen,,6883aded63ef
14923471,2026-10-01 10:04:14,actions-trading,MFHS2,009830,seen,,1d85fe5e32d6
14923471,2026-10-01 10:04:14,actions-trading,MFHS2,004710,seen,,bc476c35d069
14923471,2026-10-01 10:04:14,actions-trading,MFHS2,005880,seen,,4dc0117e2b85
14923471,2026-10-01 10:04:14,actions-trading,MFHS2,005690,seen,,e91111501664
14923471,2026-10-01 10:04:14,actions-trading,MFHS2,093370,seen,,c7c88937e157
14923471,2026-10-01 10:04:14,actions-trading,MFHS2,002700,seen,,4275ca0b6e46
14923471,2026-10-01 10:04:14,actions-trading,MFHS2,008350,seen,,dc495fd31af9
14923471,2026-10-01 10:04:14,actions-trading,MFHS2,003280,seen,,406089aed4e9
14923471,2026-10-01 10:04:14,actions-trading,MFHS2,001820,seen,,7db92e09ab1b
14923471,2026-10-01 10:04:14,actions-trading,MFHS2,001210,seen,,cd78ab43b52b
14923471,2026-10-01 10:04:14,actions-trading,MFHS2,003780,seen,,7286d95caa34
14923471,2026-10-01 10:04:14,actions-trading,MFHS2,001510,seen,,3837dc46d34a
14923471,2026-10-01 10:04:14,actions-trading,MFHS2,089860,seen,,30d7720dd892
14923471,2026-10-01 10:04:14,actions-trading,MFHS2,086790,seen,,68828c2054ce
14923471,2026-10-01 10:04:14,actions-trading,MFHS2,092220,seen,,44d6379fdcc4
14923471,2026-10-01 10:04:14,actions-trading,MFHS2,093050,seen,,371836ea75c1
14923471,2026-10-01 10:04:14,actions-trading,MFHS2,035000,seen,,634d5eb83c62
14923471,2026-10-01 10:04:14,actions-trading,MFHS2,004310,seen,,ca9b579812b7
14923471,2026-10-01 10:04:17,actions-trading,상승모멘텀,084010,skip,max_holdings,7b5e39dda0b8
14923471,2026-10-01 10:04:17,actions-trading,상승모멘텀,192650,seen,,8dcff6e03c73
14923471,2026-10-01 10:04:17,actions-trading,상승모멘텀,036570,seen,,7c72ba7e2409
14923471,2026-10-01 10:04:17,actions-trading,상승모멘텀,109070,seen,,5594bb0e782b
14923471,2026-10-01 10:04:17,actions-trading,상승모멘텀,460860,seen,,454bb70f6a4b
14923471,2026-10-01 10:04:17,actions-trading,상승모멘텀,003160,seen,,7434c58a5582
14923471,2026-10-01 10:04:17,actions-trading,상승모멘텀,093050,seen,,371836ea75c1
14923471,2026-10-01 10:04:17,actions-trading,상승모멘텀,002240,seen,,2563e4d5ff7a
14923471,2026-10-01 10:04:17,actions-trading,상승모멘텀,005030,seen,,7c5ea2a80d2d
14923471,2026-10-01 10:04:17,actions-trading,상승모멘텀,012200,seen,,86732b64ddef
14923471,2026-10-01 10:04:17,actions-trading,상승모멘텀,004105,seen,,02ae5d6704cc
14923471,2026-10-01 10:04:17,actions-trading,상승모멘텀,093370,seen,,c7c88937e157
14923471,2026-10-01 10:04:17,actions-trading,상승모멘텀,004710,seen,,bc476c35d069
14923471,2026-10-01 10:04:17,actions-trading,상승모멘텀,248070,seen,,f5c5195676f5
14923471,2026-10-01 10:04:17,actions-trading,상승모멘텀,000760,seen,,b9daf615a78c
14923471,2026-10-01 10:04:17,actions-trading,상승모멘텀,0126Z0,seen,,e5fefd19e1c7
14923471,2026-10-01 10:04:17,actions-trading,상승모멘텀,005850,seen,,70709e59e1ee
14923471,2026-10-01 10:04:17,actions-trading,상승모멘텀,003465,seen,,e033d4043cbc
14923471,2026-10-01 10:04:17,actions-trading,상승모멘텀,005430,seen,,e3d3a0ed44b9
14923471,2026-10-01 10:04:17,actions-trading,상승모멘텀,012330,seen,,406b60ebbb34
14923471,2026-10-01 10:04:17,actions-trading,상승모멘텀,012030,seen,,78e1e2262d58
14923471,2026-10-01 10:04:17,actions-trading,상승모멘텀,104700,seen,,61ea451c3738
14923471,2026-10-01 10:04:17,actions-trading,상승모멘텀,181710,seen,,e42f0e676cb8
14923471,2026-10-01 10:04:17,actions-trading,상승모멘텀,003120,seen,,df2df913d4dd
14923471,2026-10-01 10:04:17,actions-trading,상승모멘텀,014680,seen,,ed9b8375825c
14923471,2026-10-01 10:04:17,actions-trading,상승모멘텀,009900,seen,,97ea2fc638aa
14923471,2026-10-01 10:04:17,actions-trading,상승모멘텀,000640,seen,,9ee05d09b347
14923471,2026-10-01 10:04:17,actions-trading,상승모멘텀,077500,seen,,8d97e9761f98
14923471,2026-10-01 10:04:17,actions-trading,상승모멘텀,018880,seen,,faf412f019ce
14923471,2026-10-01 10:04:17,actions-trading,상승모멘텀,004960,seen,,04610001bfbe
14923471,2026-10-01 10:04:17,actions-trading,Sim4-1,084010,skip,period,7b5e39dda0b8
14923471,2026-10-01 10:04:17,actions-trading,Sim4-1,192650,skip,period,8dcff6e03c73
14923471,2026-10-01 10:04:17,actions-trading,Sim4-1,036570,skip,period,7c72ba7e2409
14923471,2026-10-01 10:04:17,actions-trading,Sim4-1,109070,skip,amount,5594bb0e782b
14923471,2026-10-01 10:04:17,actions-trading,Sim4-1,460860,skip,adx_high,454bb70f6a4b
14923471,2026-10-01 10:04:17,actions-trading,Sim4-1,003160,skip,held_or_cooldown,7434c58a5582
14923471,2026-10-01 10:04:17,actions-trading,Sim4-1,093050,skip,amount,371836ea75c1
14923471,2026-10-01 10:04:17,actions-trading,Sim4-1,002240,skip,amount,2563e4d5ff7a
14923471,2026-10-01 10:04:17,actions-trading,Sim4-1,005030,skip,amount,7c5ea2a80d2d
14923471,2026-10-01 10:04:17,actions-trading,Sim4-1,012200,skip,amount,86732b64ddef
14923471,2026-10-01 10:04:17,actions-trading,Sim4-1,004105,skip,amount,02ae5d6704cc
14923471,2026-10-01 10:04:17,actions-trading,Sim4-1,093370,skip,adx_high,c7c88937e157
14923471,2026-10-01 10:04:17,actions-trading,Sim4-1,004710,skip,adx_high,bc476c35d069
14923471,2026-10-01 10:04:17,actions-trading,Sim4-1,248070,skip,amount,f5c5195676f5
14923471,2026-10-01 10:04:17,actions-trading,Sim4-1,000760,skip,amount,b9daf615a78c
14923471,2026-10-01 10:04:17,actions-trading,Sim4-1,0126Z0,skip,adx_high,e5fefd19e1c7
14923471,2026-10-01 10:04:17,actions-trading,Sim4-1,005850,skip,amount,70709e59e1ee
14923471,2026-10-01 10:04:17,actions-trading,Sim4-1,003465,skip,amount,e033d4043cbc
14923471,2026-10-01 10:04:17,actions-trading,Sim4-1,005430,skip,amount,e3d3a0ed44b9
14923471,2026-10-01 10:04:17,actions-trading,Sim4-1,012330,skip,period,406b60ebbb34
14923471,2026-10-01 10:04:17,actions-trading,Sim4-1,012030,skip,amount,78e1e2262d58
14923471,2026-10-01 10:04:17,actions-trading,Sim4-1,104700,skip,amount,61ea451c3738
14923471,2026-10-01 10:04:17,actions-trading,Sim4-1,181710,skip,adx_high,e42f0e676cb8
14923471,2026-10-01 10:04:17,actions-trading,Sim4-1,003120,skip,amount,df2df913d4dd
14923471,2026-10-01 10:04:17,actions-trading,Sim4-1,014680,skip,adx_high,ed9b8375825c
14923471,2026-10-01 10:04:17,actions-trading,Sim4-1,009900,skip,amount,97ea2fc638aa
14923471,2026-10-01 10:04:17,actions-trading,Sim4-1,000640,skip,amount,9ee05d09b347
14923471,2026-10-01 10:04:17,actions-trading,Sim4-1,077500,skip,amount,8d97e9761f98
14923471,2026-10-01 10:04:17,actions-trading,Sim4-1,018880,skip,tick,faf412f019ce
14923471,2026-10-01 10:04:17,actions-trading,Sim4-1,004960,skip,amount,04610001bfbe
14923471,2026-10-01 10:04:18,actions-trading,선행매집,028670,skip,no_setup,66b83dc8d52d
14923471,2026-10-01 10:04:18,actions-trading,선행매집,018880,skip,below_anchor,faf412f019ce
14923471,2026-10-01 10:04:18,actions-trading,선행매집,192650,skip,no_setup,8dcff6e03c73
14923471,2026-10-01 10:04:18,actions-trading,선행매집,009830,skip,below_anchor,1d85fe5e32d6
14923471,2026-10-01 10:04:18,actions-trading,선행매집,011200,skip,below_anchor,0f293fd5480e
14923471,2026-10-01 10:04:18,actions-trading,선행매집,003160,skip,no_setup,7434c58a5582
14923471,2026-10-01 10:04:18,actions-trading,선행매집,005935,skip,below_anchor,a873dd8df235
14923471,2026-10-01 10:04:18,actions-trading,선행매집,002990,skip,below_anchor,3c2cb255666d
14923471,2026-10-01 10:04:18,actions-trading,선행매집,068270,skip,below_anchor,02798d713980
14923471,2026-10-01 10:04:18,actions-trading,선행매집,034220,skip,below_anchor,90063ba5a382
14923471,2026-10-01 10:04:18,actions-trading,선행매집,248070,skip,below_anchor,f5c5195676f5
14923471,2026-10-01 10:04:18,actions-trading,선행매집,030000,skip,below_anchor,b109f446185e
14923471,2026-10-01 10:04:18,actions-trading,선행매집,001250,skip,below_anchor,6883aded63ef
14923471,2026-10-01 10:04:18,actions-trading,선행매집,005880,skip,amount,4dc0117e2b85
14923471,2026-10-01 10:04:18,actions-trading,선행매집,005690,skip,below_anchor,e91111501664
14923471,2026-10-01 10:04:18,actions-trading,선행매집,002700,skip,amount,4275ca0b6e46
14923471,2026-10-01 10:04:18,actions-trading,선행매집,001210,skip,below_anchor,cd78ab43b52b
14923471,2026-10-01 10:04:18,actions-trading,선행매집,008350,skip,amount,dc495fd31af9
14923471,2026-10-01 10:04:18,actions-trading,선행매집,001820,skip,below_anchor,7db92e09ab1b
14923471,2026-10-01 10:04:18,actions-trading,선행매집,003280,skip,below_anchor,406089aed4e9
14923471,2026-10-01 10:04:18,actions-trading,선행매집,004710,skip,below_anchor,bc476c35d069
14923471,2026-10-01 10:04:18,actions-trading,선행매집,003780,skip,amount,7286d95caa34
14923471,2026-10-01 10:04:18,actions-trading,선행매집,092220,skip,amount,44d6379fdcc4
14923471,2026-10-01 10:04:18,actions-trading,선행매집,089860,skip,no_setup,30d7720dd892
14923471,2026-10-01 10:04:18,actions-trading,선행매집,093050,skip,no_setup,371836ea75c1
14923471,2026-10-01 10:04:18,actions-trading,선행매집,001510,skip,amount,3837dc46d34a
14923471,2026-10-01 10:04:18,actions-trading,선행매집,051910,skip,below_anchor,94e60272f8a8
14923471,2026-10-01 10:04:18,actions-trading,선행매집,004770,skip,amount,0774d440c7a2
14923471,2026-10-01 10:04:18,actions-trading,선행매집,093370,skip,below_anchor,c7c88937e157
14923471,2026-10-01 10:04:18,actions-trading,선행매집,035000,skip,amount,634d5eb83c62
14923471,2026-10-01 10:04:18,actions-trading,Sim9,_gate,skip,outside_entry_window,e3b0c44298fc
14923471,2026-10-01 10:04:18,actions-trading,Sim9,084010,seen,,7b5e39dda0b8
14923471,2026-10-01 10:04:18,actions-trading,Sim9,192650,seen,,8dcff6e03c73
14923471,2026-10-01 10:04:18,actions-trading,Sim9,036570,seen,,7c72ba7e2409
14923471,2026-10-01 10:04:18,actions-trading,Sim9,109070,seen,,5594bb0e782b
14923471,2026-10-01 10:04:18,actions-trading,Sim9,460860,seen,,454bb70f6a4b
14923471,2026-10-01 10:04:18,actions-trading,Sim9,003160,seen,,7434c58a5582
14923471,2026-10-01 10:04:18,actions-trading,Sim9,093050,seen,,371836ea75c1
14923471,2026-10-01 10:04:18,actions-trading,Sim9,002240,seen,,2563e4d5ff7a
14923471,2026-10-01 10:04:18,actions-trading,Sim9,005030,seen,,7c5ea2a80d2d
14923471,2026-10-01 10:04:18,actions-trading,Sim9,012200,seen,,86732b64ddef
14923471,2026-10-01 10:04:18,actions-trading,Sim9,004105,seen,,02ae5d6704cc
14923471,2026-10-01 10:04:18,actions-trading,Sim9,093370,seen,,c7c88937e157
14923471,2026-10-01 10:04:18,actions-trading,Sim9,004710,seen,,bc476c35d069
14923471,2026-10-01 10:04:18,actions-trading,Sim9,248070,seen,,f5c5195676f5
14923471,2026-10-01 10:04:18,actions-trading,Sim9,000760,seen,,b9daf615a78c
14923471,2026-10-01 10:04:18,actions-trading,Sim9,0126Z0,seen,,e5fefd19e1c7
14923471,2026-10-01 10:04:18,actions-trading,Sim9,005850,seen,,70709e59e1ee
14923471,2026-10-01 10:04:18,actions-trading,Sim9,003465,seen,,e033d4043cbc
14923471,2026-10-01 10:04:18,actions-trading,Sim9,005430,seen,,e3d3a0ed44b9
14923471,2026-10-01 10:04:18,actions-trading,Sim9,012330,seen,,406b60ebbb34
14923471,2026-10-01 10:04:18,actions-trading,Sim9,012030,seen,,78e1e2262d58
14923471,2026-10-01 10:04:18,actions-trading,Sim9,104700,seen,,61ea451c3738
14923471,2026-10-01 10:04:18,actions-trading,Sim9,181710,seen,,e42f0e676cb8
14923471,2026-10-01 10:04:18,actions-trading,Sim9,003120,seen,,df2df913d4dd
14923471,2026-10-01 10:04:18,actions-trading,Sim9,014680,seen,,ed9b8375825c
14923471,2026-10-01 10:04:18,actions-trading,Sim9,009900,seen,,97ea2fc638aa
14923471,2026-10-01 10:04:18,actions-trading,Sim9,000640,seen,,9ee05d09b347
14923471,2026-10-01 10:04:18,actions-trading,Sim9,077500,seen,,8d97e9761f98
14923471,2026-10-01 10:04:18,actions-trading,Sim9,018880,seen,,faf412f019ce
14923471,2026-10-01 10:04:18,actions-trading,Sim9,004960,seen,,04610001bfbe
14923471,2026-10-01 10:04:18,actions-trading,미너비니,192820,skip,below_pivot,7b88dcdb1404
14923471,2026-10-01 10:04:18,actions-trading,미너비니,443060,skip,below_pivot,ba903f1fb177
14923471,2026-10-01 10:04:18,actions-trading,미너비니,020120,skip,below_pivot,7211ee86164c
14923471,2026-10-01 10:04:19,actions-trading,Sim12,084010,skip,avoid_frgn_sell_20d,7b5e39dda0b8
14923471,2026-10-01 10:04:19,actions-trading,Sim12,192650,skip,pb2_not_crashed,8dcff6e03c73
14923471,2026-10-01 10:04:19,actions-trading,Sim12,036570,skip,pb2_not_crashed,7c72ba7e2409
14923471,2026-10-01 10:04:19,actions-trading,Sim12,109070,skip,avoid_amount_dry,5594bb0e782b
14923471,2026-10-01 10:04:19,actions-trading,Sim12,460860,skip,avoid_frgn_sell_20d,454bb70f6a4b
14923471,2026-10-01 10:04:19,actions-trading,Sim12,003160,skip,pb2_not_crashed,7434c58a5582
14923471,2026-10-01 10:04:19,actions-trading,Sim12,093050,skip,avoid_frgn_sell_20d,371836ea75c1
14923471,2026-10-01 10:04:19,actions-trading,Sim12,002240,skip,avoid_frgn_sell_20d,2563e4d5ff7a
14923471,2026-10-01 10:04:19,actions-trading,Sim12,005030,skip,avoid_amount_dry,7c5ea2a80d2d
14923471,2026-10-01 10:04:19,actions-trading,Sim12,012200,skip,avoid_amount_dry,86732b64ddef
14923471,2026-10-01 10:04:19,actions-trading,Sim12,004105,skip,pb2_not_crashed,02ae5d6704cc
14923471,2026-10-01 10:04:19,actions-trading,Sim12,093370,skip,pb2_not_crashed,c7c88937e157
14923471,2026-10-01 10:04:19,actions-trading,Sim12,004710,skip,avoid_frgn_sell_20d,bc476c35d069
14923471,2026-10-01 10:04:19,actions-trading,Sim12,248070,skip,avoid_frgn_sell_20d,f5c5195676f5
14923471,2026-10-01 10:04:19,actions-trading,Sim12,000760,skip,avoid_amount_dry,b9daf615a78c
14923471,2026-10-01 10:04:19,actions-trading,Sim12,0126Z0,skip,avoid_frgn_sell_20d,e5fefd19e1c7
14923471,2026-10-01 10:04:19,actions-trading,Sim12,005850,skip,avoid_amount_dry,70709e59e1ee
14923471,2026-10-01 10:04:19,actions-trading,Sim12,003465,skip,avoid_amount_dry,e033d4043cbc
14923471,2026-10-01 10:04:19,actions-trading,Sim12,005430,skip,avoid_amount_dry,e3d3a0ed44b9
14923471,2026-10-01 10:04:19,actions-trading,Sim12,012330,skip,pb2_not_crashed,406b60ebbb34
14923471,2026-10-01 10:04:19,actions-trading,Sim12,012030,skip,avoid_amount_dry,78e1e2262d58
14923471,2026-10-01 10:04:19,actions-trading,Sim12,104700,skip,avoid_frgn_sell_20d,61ea451c3738
14923471,2026-10-01 10:04:19,actions-trading,Sim12,181710,skip,avoid_amount_dry,e42f0e676cb8
14923471,2026-10-01 10:04:19,actions-trading,Sim12,003120,skip,pb2_not_crashed,df2df913d4dd
14923471,2026-10-01 10:04:19,actions-trading,Sim12,014680,skip,avoid_amount_dry,ed9b8375825c
14923471,2026-10-01 10:04:19,actions-trading,Sim12,009900,skip,avoid_amount_dry,97ea2fc638aa
14923471,2026-10-01 10:04:19,actions-trading,Sim12,000640,skip,avoid_amount_dry,9ee05d09b347
14923471,2026-10-01 10:04:19,actions-trading,Sim12,077500,skip,avoid_amount_dry,8d97e9761f98
14923471,2026-10-01 10:04:19,actions-trading,Sim12,018880,skip,avoid_frgn_sell_20d,faf412f019ce
14923471,2026-10-01 10:04:19,actions-trading,Sim12,004960,skip,avoid_amount_dry,04610001bfbe
14923471,2026-10-01 10:04:19,actions-trading,Sim12,002820,skip,pb2_thin_liquidity,0c31ba17fd01
14923471,2026-10-01 10:04:19,actions-trading,Sim12,051630,skip,avoid_amount_dry,0f9f52854fcf
14923471,2026-10-01 10:04:19,actions-trading,Sim12,002787,skip,avoid_amount_dry,17e40c53a049
14923471,2026-10-01 10:04:19,actions-trading,Sim12,009190,skip,avoid_amount_dry,f083455429fd
14923471,2026-10-01 10:04:19,actions-trading,Sim12,071090,skip,pb2_not_crashed,0ee572e84524
14923471,2026-10-01 10:04:19,actions-trading,Sim12,010640,skip,avoid_amount_dry,48f9a02bf056
14923471,2026-10-01 10:04:19,actions-trading,Sim12,007110,skip,avoid_amount_dry,1fa09754ead0
14923471,2026-10-01 10:04:19,actions-trading,Sim12,002690,skip,avoid_frgn_sell_20d,bcdcb3b997d7
14923471,2026-10-01 10:04:19,actions-trading,Sim12,487570,skip,pb2_not_crashed,86fc404ed08e
14923471,2026-10-01 10:04:19,actions-trading,Sim12,002785,skip,avoid_amount_dry,2fa46756507a
14923471,2026-10-01 10:04:19,actions-trading,Sim12,001770,skip,avoid_amount_dry,a0fe1186faf6
14923471,2026-10-01 10:04:19,actions-trading,Sim12,002070,skip,avoid_amount_dry,52d4474a065f
14923471,2026-10-01 10:04:19,actions-trading,Sim12,452260,skip,avoid_amount_dry,7cbb1611db17
14923471,2026-10-01 10:04:19,actions-trading,Sim12,003580,skip,avoid_amount_dry,5c3441428f31
14923471,2026-10-01 10:04:19,actions-trading,Sim12,069640,skip,avoid_frgn_sell_20d,fa30beea7bb1
14923471,2026-10-01 10:04:19,actions-trading,Sim12,003780,skip,avoid_frgn_sell_20d,7286d95caa34
14923471,2026-10-01 10:04:19,actions-trading,Sim12,003030,skip,pb2_not_crashed,c35dffed5cb0
14923471,2026-10-01 10:04:19,actions-trading,Sim12,010950,skip,avoid_amount_dry,0703b3fd475d
14923471,2026-10-01 10:04:19,actions-trading,Sim12,316140,skip,avoid_amount_dry,ff6070c902d2
14923471,2026-10-01 10:04:19,actions-trading,Sim12,002995,skip,avoid_amount_dry,f2b0cb471ccb
14923471,2026-10-01 10:04:19,actions-trading,Sim12,006200,skip,pb2_thin_liquidity,ddb4752bcbfb
14923471,2026-10-01 10:04:19,actions-trading,Sim12,005010,skip,pb2_not_crashed,c3d068349c63
14923471,2026-10-01 10:04:19,actions-trading,Sim12,457190,skip,avoid_frgn_sell_20d,0f8d936641ba
14923471,2026-10-01 10:04:19,actions-trading,Sim12,006260,skip,avoid_amount_dry,865003837b54
14923471,2026-10-01 10:04:19,actions-trading,Sim12,092790,skip,pb2_not_crashed,435c677cbd77
14923471,2026-10-01 10:04:19,actions-trading,Sim12,00104K,skip,avoid_amount_dry,bea6a1214826
14923471,2026-10-01 10:04:19,actions-trading,Sim12,017900,skip,avoid_amount_dry,05e3d7a6ae19
14923471,2026-10-01 10:04:19,actions-trading,Sim12,37550L,skip,avoid_amount_dry,3f4ab11584f4
14923471,2026-10-01 10:04:19,actions-trading,Sim12,004170,skip,avoid_amount_dry,9d7af0cc7ba6
14923471,2026-10-01 10:04:19,actions-trading,Sim12,317400,skip,avoid_amount_dry,47ce4ab47e4d
14923471,2026-10-01 10:04:19,actions-trading,Sim13,084010,skip,theme_momentum_weak,7b5e39dda0b8
14923471,2026-10-01 10:04:19,actions-trading,Sim13,192650,skip,no_frgn_support,8dcff6e03c73
14923471,2026-10-01 10:04:19,actions-trading,Sim13,036570,skip,theme_momentum_weak,7c72ba7e2409
14923471,2026-10-01 10:04:19,actions-trading,Sim13,109070,skip,amount_not_surprised,5594bb0e782b
14923471,2026-10-01 10:04:19,actions-trading,Sim13,460860,skip,theme_momentum_weak,454bb70f6a4b
14923471,2026-10-01 10:04:19,actions-trading,Sim13,003160,skip,no_frgn_support,7434c58a5582
14923471,2026-10-01 10:04:19,actions-trading,Sim13,093050,skip,theme_momentum_weak,371836ea75c1
14923471,2026-10-01 10:04:19,actions-trading,Sim13,002240,skip,theme_momentum_weak,2563e4d5ff7a
14923471,2026-10-01 10:04:19,actions-trading,Sim13,005030,skip,theme_momentum_weak,7c5ea2a80d2d
14923471,2026-10-01 10:04:19,actions-trading,Sim13,012200,skip,theme_momentum_weak,86732b64ddef
14923471,2026-10-01 10:04:19,actions-trading,Sim13,004105,skip,amount_not_surprised,02ae5d6704cc
14923471,2026-10-01 10:04:19,actions-trading,Sim13,093370,skip,no_frgn_support,c7c88937e157
14923471,2026-10-01 10:04:19,actions-trading,Sim13,004710,skip,amount_not_surprised,bc476c35d069
14923471,2026-10-01 10:04:19,actions-trading,Sim13,248070,skip,theme_momentum_weak,f5c5195676f5
14923471,2026-10-01 10:04:19,actions-trading,Sim13,000760,skip,theme_momentum_weak,b9daf615a78c
14923471,2026-10-01 10:04:19,actions-trading,Sim13,0126Z0,skip,theme_momentum_weak,e5fefd19e1c7
14923471,2026-10-01 10:04:19,actions-trading,Sim13,005850,skip,theme_momentum_weak,70709e59e1ee
14923471,2026-10-01 10:04:19,actions-trading,Sim13,003465,skip,theme_momentum_weak,e033d4043cbc
14923471,2026-10-01 10:04:19,actions-trading,Sim13,005430,skip,theme_momentum_weak,e3d3a0ed44b9
14923471,2026-10-01 10:04:19,actions-trading,Sim13,012330,skip,theme_momentum_weak,406b60ebbb34
14923471,2026-10-01 10:04:19,actions-trading,Sim13,012030,skip,adx_weak,78e1e2262d58
14923471,2026-10-01 10:04:19,actions-trading,Sim13,104700,skip,theme_momentum_weak,61ea451c3738
14923471,2026-10-01 10:04:19,actions-trading,Sim13,181710,skip,theme_momentum_weak,e42f0e676cb8
14923471,2026-10-01 10:04:19,actions-trading,Sim13,003120,skip,theme_momentum_weak,df2df913d4dd
14923471,2026-10-01 10:04:19,actions-trading,Sim13,014680,skip,amount_not_surprised,ed9b8375825c
14923471,2026-10-01 10:04:19,actions-trading,Sim13,009900,skip,theme_momentum_weak,97ea2fc638aa
14923471,2026-10-01 10:04:19,actions-trading,Sim13,000640,skip,theme_momentum_weak,9ee05d09b347
14923471,2026-10-01 10:04:19,actions-trading,Sim13,077500,skip,held_or_cooldown,8d97e9761f98
14923471,2026-10-01 10:04:19,actions-trading,Sim13,018880,skip,theme_momentum_weak,faf412f019ce
14923471,2026-10-01 10:04:19,actions-trading,Sim13,004960,skip,theme_momentum_weak,04610001bfbe
14923472,2026-10-01 10:05:44,actions-trading,Sim3,402340,skip,adx,618829cd7a85
14923472,2026-10-01 10:05:44,actions-trading,Sim3,383800,skip,amount,f095d72fe1c8
14923472,2026-10-01 10:05:44,actions-trading,Sim3,462870,skip,amount,0ce7c8b094d0
14923472,2026-10-01 10:05:44,actions-trading,Sim3,000660,skip,qty_zero,8a57dd0e55a8
14923472,2026-10-01 10:05:44,actions-trading,Sim3,071970,skip,held_or_sold_today,14190b31ae69
14923472,2026-10-01 10:05:44,actions-trading,Sim3,042700,skip,not_cheap,7c72223b44d2
14923472,2026-10-01 10:05:44,actions-trading,Sim3,326030,skip,amount,c4295ce3cb27
14923472,2026-10-01 10:05:44,actions-trading,Sim3,207940,skip,not_cheap,f9fb8a5ad7ed
14923472,2026-10-01 10:05:44,actions-trading,Sim3,033920,skip,amount,fd2b02ea1b94
14923472,2026-10-01 10:05:44,actions-trading,Sim3,004770,skip,amount,c4155fab01f7
14923472,2026-10-01 10:05:44,actions-trading,Sim3,0126Z0,skip,not_cheap,4f128754ec55
14923472,2026-10-01 10:05:44,actions-trading,Sim3,062040,skip,not_cheap,94b3e68007be
14923472,2026-10-01 10:05:44,actions-trading,Sim3,317450,skip,amount,e9e7cb40d4de
14923472,2026-10-01 10:05:44,actions-trading,Sim3,026960,skip,amount,32cd06077ba6
14923472,2026-10-01 10:05:44,actions-trading,Sim3,021820,skip,amount,3576d557c2a3
14923472,2026-10-01 10:05:44,actions-trading,Sim3,192080,skip,amount,ed37a16dd21c
14923472,2026-10-01 10:05:44,actions-trading,Sim3,068270,skip,held_or_sold_today,1cbf5b5df745
14923472,2026-10-01 10:05:44,actions-trading,Sim3,123890,skip,amount,e733145ee771
14923472,2026-10-01 10:05:44,actions-trading,Sim3,000240,skip,amount,3d9ddf41798d
14923472,2026-10-01 10:05:44,actions-trading,Sim3,002380,skip,held_or_sold_today,1f921243f8a9
14923472,2026-10-01 10:05:44,actions-trading,Sim3,009770,skip,amount,ae63bdd55462
14923472,2026-10-01 10:05:44,actions-trading,Sim3,259960,skip,held_or_sold_today,c7344e975210
14923472,2026-10-01 10:05:44,actions-trading,Sim3,035250,skip,amount,465c1fb2e501
14923472,2026-10-01 10:05:44,actions-trading,Sim3,383220,skip,amount,b24c8b6d0f1c
14923472,2026-10-01 10:05:44,actions-trading,Sim3,226320,skip,amount,084764084929
14923472,2026-10-01 10:05:44,actions-trading,Sim3,439260,skip,amount,fdae463bafbd
14923472,2026-10-01 10:05:44,actions-trading,Sim3,025560,skip,cooldown,28ebcce1cfa6
14923472,2026-10-01 10:05:44,actions-trading,Sim3,007700,skip,amount,160f279edb46
14923472,2026-10-01 10:05:44,actions-trading,Sim3,278470,skip,not_cheap,f1a1a11c14c5
14923472,2026-10-01 10:05:44,actions-trading,Sim3,000990,skip,not_cheap,032f20ff4ffb
14923472,2026-10-01 10:06:20,actions-trading,MFHS2,028670,skip,max_holdings,e20f07bb49f8
14923472,2026-10-01 10:06:20,actions-trading,MFHS2,018880,seen,,a3e6e4adb146
14923472,2026-10-01 10:06:20,actions-trading,MFHS2,003160,seen,,8f4ba49c7a1f
14923472,2026-10-01 10:06:20,actions-trading,MFHS2,005935,seen,,a3b051481170
14923472,2026-10-01 10:06:20,actions-trading,MFHS2,002990,seen,,0686cc855d89
14923472,2026-10-01 10:06:20,actions-trading,MFHS2,011200,seen,,12d1ce10652a
14923472,2026-10-01 10:06:20,actions-trading,MFHS2,248070,seen,,ab2cf785426c
14923472,2026-10-01 10:06:20,actions-trading,MFHS2,034220,seen,,40116d8305e5
14923472,2026-10-01 10:06:20,actions-trading,MFHS2,192650,seen,,6e13a350e85c
14923472,2026-10-01 10:06:20,actions-trading,MFHS2,068270,seen,,708df604745f
14923472,2026-10-01 10:06:20,actions-trading,MFHS2,030000,seen,,cf7aa986448f
14923472,2026-10-01 10:06:20,actions-trading,MFHS2,001250,seen,,c18a79e05fea
14923472,2026-10-01 10:06:20,actions-trading,MFHS2,009830,seen,,77cb0394804f
14923472,2026-10-01 10:06:20,actions-trading,MFHS2,004710,seen,,21372edf47af
14923472,2026-10-01 10:06:20,actions-trading,MFHS2,005880,seen,,45ba828c0006
14923472,2026-10-01 10:06:20,actions-trading,MFHS2,005690,seen,,43aebd3ab1c0
14923472,2026-10-01 10:06:20,actions-trading,MFHS2,093370,seen,,86078590efdb
14923472,2026-10-01 10:06:20,actions-trading,MFHS2,002700,seen,,8c3b922d368a
14923472,2026-10-01 10:06:20,actions-trading,MFHS2,008350,seen,,0c234a296296
14923472,2026-10-01 10:06:20,actions-trading,MFHS2,003280,seen,,1ebfa8bf3a3f
14923472,2026-10-01 10:06:20,actions-trading,MFHS2,001820,seen,,81eb9f857910
14923472,2026-10-01 10:06:20,actions-trading,MFHS2,001210,seen,,034cc96e952e
14923472,2026-10-01 10:06:20,actions-trading,MFHS2,003780,seen,,cb32bfb8cf0d
14923472,2026-10-01 10:06:20,actions-trading,MFHS2,001510,seen,,e99db4820b74
14923472,2026-10-01 10:06:20,actions-trading,MFHS2,089860,seen,,0eed16121975
14923472,2026-10-01 10:06:20,actions-trading,MFHS2,086790,seen,,2bf1a33910ee
14923472,2026-10-01 10:06:20,actions-trading,MFHS2,092220,seen,,507b76cf55d8
14923472,2026-10-01 10:06:20,actions-trading,MFHS2,093050,seen,,1fe30843c43d
14923472,2026-10-01 10:06:20,actions-trading,MFHS2,035000,seen,,67d9c69b4e74
14923472,2026-10-01 10:06:20,actions-trading,MFHS2,004310,seen,,7f8d450149f7
14923472,2026-10-01 10:06:23,actions-trading,상승모멘텀,084010,skip,max_holdings,e5c2d8335073
14923472,2026-10-01 10:06:23,actions-trading,상승모멘텀,192650,seen,,6e13a350e85c
14923472,2026-10-01 10:06:23,actions-trading,상승모멘텀,036570,seen,,348f8abce003
14923472,2026-10-01 10:06:23,actions-trading,상승모멘텀,460860,seen,,a148d012f692
14923472,2026-10-01 10:06:23,actions-trading,상승모멘텀,109070,seen,,313eb17bb9f4
14923472,2026-10-01 10:06:23,actions-trading,상승모멘텀,002240,seen,,81e2a843bdee
14923472,2026-10-01 10:06:23,actions-trading,상승모멘텀,003160,seen,,8f4ba49c7a1f
14923472,2026-10-01 10:06:23,actions-trading,상승모멘텀,004105,seen,,f9224c9a13bc
14923472,2026-10-01 10:06:23,actions-trading,상승모멘텀,093050,seen,,1fe30843c43d
14923472,2026-10-01 10:06:23,actions-trading,상승모멘텀,005030,seen,,7c5ea2a80d2d
14923472,2026-10-01 10:06:23,actions-trading,상승모멘텀,004710,seen,,21372edf47af
14923472,2026-10-01 10:06:23,actions-trading,상승모멘텀,012200,seen,,59583b3ab284
14923472,2026-10-01 10:06:23,actions-trading,상승모멘텀,0126Z0,seen,,76dd60eaa7ac
14923472,2026-10-01 10:06:23,actions-trading,상승모멘텀,000760,seen,,b9daf615a78c
14923472,2026-10-01 10:06:23,actions-trading,상승모멘텀,248070,seen,,ab2cf785426c
14923472,2026-10-01 10:06:23,actions-trading,상승모멘텀,093370,seen,,86078590efdb
14923472,2026-10-01 10:06:23,actions-trading,상승모멘텀,005850,seen,,bba7599673aa
14923472,2026-10-01 10:06:23,actions-trading,상승모멘텀,104700,seen,,a84d0f8303c6
14923472,2026-10-01 10:06:23,actions-trading,상승모멘텀,005430,seen,,b013ef217a82
14923472,2026-10-01 10:06:23,actions-trading,상승모멘텀,003465,seen,,e033d4043cbc
14923472,2026-10-01 10:06:23,actions-trading,상승모멘텀,012330,seen,,2cffcb1d8da9
14923472,2026-10-01 10:06:23,actions-trading,상승모멘텀,009900,seen,,2ce4a9a40262
14923472,2026-10-01 10:06:23,actions-trading,상승모멘텀,181710,seen,,55d82736e9f3
14923472,2026-10-01 10:06:23,actions-trading,상승모멘텀,012030,seen,,72a5391bce2d
14923472,2026-10-01 10:06:23,actions-trading,상승모멘텀,000990,seen,,5a7b7dab04d4
14923472,2026-10-01 10:06:23,actions-trading,상승모멘텀,003120,seen,,df2df913d4dd
14923472,2026-10-01 10:06:23,actions-trading,상승모멘텀,000640,seen,,6e627ad000aa
14923472,2026-10-01 10:06:23,actions-trading,상승모멘텀,014680,seen,,4483887b0151
14923472,2026-10-01 10:06:23,actions-trading,상승모멘텀,077500,seen,,53c0aa24f6f1
14923472,2026-10-01 10:06:23,actions-trading,상승모멘텀,006280,seen,,fc664cb1285c
14923472,2026-10-01 10:06:23,actions-trading,Sim4-1,084010,skip,period,e5c2d8335073
14923472,2026-10-01 10:06:23,actions-trading,Sim4-1,192650,skip,period,6e13a350e85c
14923472,2026-10-01 10:06:23,actions-trading,Sim4-1,036570,skip,period,348f8abce003
14923472,2026-10-01 10:06:23,actions-trading,Sim4-1,460860,skip,adx_high,a148d012f692
14923472,2026-10-01 10:06:23,actions-trading,Sim4-1,109070,skip,amount,313eb17bb9f4
14923472,2026-10-01 10:06:23,actions-trading,Sim4-1,002240,skip,amount,81e2a843bdee
14923472,2026-10-01 10:06:23,actions-trading,Sim4-1,003160,skip,held_or_cooldown,8f4ba49c7a1f
14923472,2026-10-01 10:06:23,actions-trading,Sim4-1,004105,skip,amount,f9224c9a13bc
14923472,2026-10-01 10:06:23,actions-trading,Sim4-1,093050,skip,amount,1fe30843c43d
14923472,2026-10-01 10:06:23,actions-trading,Sim4-1,005030,skip,amount,7c5ea2a80d2d
14923472,2026-10-01 10:06:23,actions-trading,Sim4-1,004710,skip,adx_high,21372edf47af
14923472,2026-10-01 10:06:23,actions-trading,Sim4-1,012200,skip,amount,59583b3ab284
14923472,2026-10-01 10:06:23,actions-trading,Sim4-1,0126Z0,skip,adx_high,76dd60eaa7ac
14923472,2026-10-01 10:06:23,actions-trading,Sim4-1,000760,skip,amount,b9daf615a78c
14923472,2026-10-01 10:06:23,actions-trading,Sim4-1,248070,skip,amount,ab2cf785426c
14923472,2026-10-01 10:06:23,actions-trading,Sim4-1,093370,skip,adx_high,86078590efdb
14923472,2026-10-01 10:06:23,actions-trading,Sim4-1,005850,skip,amount,bba7599673aa
14923472,2026-10-01 10:06:23,actions-trading,Sim4-1,104700,skip,amount,a84d0f8303c6
14923472,2026-10-01 10:06:23,actions-trading,Sim4-1,005430,skip,amount,b013ef217a82
14923472,2026-10-01 10:06:23,actions-trading,Sim4-1,003465,skip,amount,e033d4043cbc
14923472,2026-10-01 10:06:23,actions-trading,Sim4-1,012330,skip,period,2cffcb1d8da9
14923472,2026-10-01 10:06:23,actions-trading,Sim4-1,009900,skip,amount,2ce4a9a40262
14923472,2026-10-01 10:06:23,actions-trading,Sim4-1,181710,skip,adx_high,55d82736e9f3
14923472,2026-10-01 10:06:23,actions-trading,Sim4-1,012030,skip,amount,72a5391bce2d
14923472,2026-10-01 10:06:23,actions-trading,Sim4-1,000990,skip,tick,5a7b7dab04d4
14923472,2026-10-01 10:06:23,actions-trading,Sim4-1,003120,skip,amount,df2df913d4dd
14923472,2026-10-01 10:06:23,actions-trading,Sim4-1,000640,skip,amount,6e627ad000aa
14923472,2026-10-01 10:06:23,actions-trading,Sim4-1,014680,skip,adx_high,4483887b0151
14923472,2026-10-01 10:06:23,actions-trading,Sim4-1,077500,skip,amount,53c0aa24f6f1
14923472,2026-10-01 10:06:23,actions-trading,Sim4-1,006280,skip,amount,fc664cb1285c
14923472,2026-10-01 10:06:25,actions-trading,선행매집,028670,skip,no_setup,e20f07bb49f8
14923472,2026-10-01 10:06:25,actions-trading,선행매집,018880,skip,below_anchor,a3e6e4adb146
14923472,2026-10-01 10:06:25,actions-trading,선행매집,192650,skip,no_setup,6e13a350e85c
14923472,2026-10-01 10:06:25,actions-trading,선행매집,009830,skip,below_anchor,77cb0394804f
14923472,2026-10-01 10:06:25,actions-trading,선행매집,011200,skip,below_anchor,12d1ce10652a
14923472,2026-10-01 10:06:25,actions-trading,선행매집,003160,skip,no_setup,8f4ba49c7a1f
14923472,2026-10-01 10:06:25,actions-trading,선행매집,005935,skip,below_anchor,a3b051481170
14923472,2026-10-01 10:06:25,actions-trading,선행매집,002990,skip,below_anchor,0686cc855d89
14923472,2026-10-01 10:06:25,actions-trading,선행매집,068270,skip,below_anchor,708df604745f
14923472,2026-10-01 10:06:25,actions-trading,선행매집,034220,skip,below_anchor,40116d8305e5
14923472,2026-10-01 10:06:25,actions-trading,선행매집,248070,skip,below_anchor,ab2cf785426c
14923472,2026-10-01 10:06:25,actions-trading,선행매집,030000,skip,below_anchor,cf7aa986448f
14923472,2026-10-01 10:06:25,actions-trading,선행매집,001250,skip,below_anchor,c18a79e05fea
14923472,2026-10-01 10:06:25,actions-trading,선행매집,005880,skip,amount,45ba828c0006
14923472,2026-10-01 10:06:25,actions-trading,선행매집,005690,skip,below_anchor,43aebd3ab1c0
14923472,2026-10-01 10:06:25,actions-trading,선행매집,002700,skip,amount,8c3b922d368a
14923472,2026-10-01 10:06:25,actions-trading,선행매집,001210,skip,below_anchor,034cc96e952e
14923472,2026-10-01 10:06:25,actions-trading,선행매집,008350,skip,amount,0c234a296296
14923472,2026-10-01 10:06:25,actions-trading,선행매집,001820,skip,below_anchor,81eb9f857910
14923472,2026-10-01 10:06:25,actions-trading,선행매집,003280,skip,below_anchor,1ebfa8bf3a3f
14923472,2026-10-01 10:06:25,actions-trading,선행매집,004710,skip,below_anchor,21372edf47af
14923472,2026-10-01 10:06:25,actions-trading,선행매집,003780,skip,amount,cb32bfb8cf0d
14923472,2026-10-01 10:06:25,actions-trading,선행매집,092220,skip,amount,507b76cf55d8
14923472,2026-10-01 10:06:25,actions-trading,선행매집,089860,skip,no_setup,0eed16121975
14923472,2026-10-01 10:06:25,actions-trading,선행매집,093050,skip,no_setup,1fe30843c43d
14923472,2026-10-01 10:06:25,actions-trading,선행매집,001510,skip,amount,e99db4820b74
14923472,2026-10-01 10:06:25,actions-trading,선행매집,051910,skip,below_anchor,7534de15082c
14923472,2026-10-01 10:06:25,actions-trading,선행매집,004770,skip,amount,a6291b39de2c
14923472,2026-10-01 10:06:25,actions-trading,선행매집,093370,skip,below_anchor,86078590efdb
14923472,2026-10-01 10:06:25,actions-trading,선행매집,035000,skip,amount,67d9c69b4e74
14923472,2026-10-01 10:06:25,actions-trading,Sim9,_gate,skip,outside_entry_window,e3b0c44298fc
14923472,2026-10-01 10:06:25,actions-trading,Sim9,084010,seen,,e5c2d8335073
14923472,2026-10-01 10:06:25,actions-trading,Sim9,192650,seen,,6e13a350e85c
14923472,2026-10-01 10:06:25,actions-trading,Sim9,036570,seen,,348f8abce003
14923472,2026-10-01 10:06:25,actions-trading,Sim9,460860,seen,,a148d012f692
14923472,2026-10-01 10:06:25,actions-trading,Sim9,109070,seen,,313eb17bb9f4
14923472,2026-10-01 10:06:25,actions-trading,Sim9,002240,seen,,81e2a843bdee
14923472,2026-10-01 10:06:25,actions-trading,Sim9,003160,seen,,8f4ba49c7a1f
14923472,2026-10-01 10:06:25,actions-trading,Sim9,004105,seen,,f9224c9a13bc
14923472,2026-10-01 10:06:25,actions-trading,Sim9,093050,seen,,1fe30843c43d
14923472,2026-10-01 10:06:25,actions-trading,Sim9,005030,seen,,7c5ea2a80d2d
14923472,2026-10-01 10:06:25,actions-trading,Sim9,004710,seen,,21372edf47af
14923472,2026-10-01 10:06:25,actions-trading,Sim9,012200,seen,,59583b3ab284
14923472,2026-10-01 10:06:25,actions-trading,Sim9,0126Z0,seen,,76dd60eaa7ac
14923472,2026-10-01 10:06:25,actions-trading,Sim9,000760,seen,,b9daf615a78c
14923472,2026-10-01 10:06:25,actions-trading,Sim9,248070,seen,,ab2cf785426c
14923472,2026-10-01 10:06:25,actions-trading,Sim9,093370,seen,,86078590efdb
14923472,2026-10-01 10:06:25,actions-trading,Sim9,005850,seen,,bba7599673aa
14923472,2026-10-01 10:06:25,actions-trading,Sim9,104700,seen,,a84d0f8303c6
14923472,2026-10-01 10:06:25,actions-trading,Sim9,005430,seen,,b013ef217a82
14923472,2026-10-01 10:06:25,actions-trading,Sim9,003465,seen,,e033d4043cbc
14923472,2026-10-01 10:06:25,actions-trading,Sim9,012330,seen,,2cffcb1d8da9
14923472,2026-10-01 10:06:25,actions-trading,Sim9,009900,seen,,2ce4a9a40262
14923472,2026-10-01 10:06:25,actions-trading,Sim9,181710,seen,,55d82736e9f3
14923472,2026-10-01 10:06:25,actions-trading,Sim9,012030,seen,,72a5391bce2d
14923472,2026-10-01 10:06:25,actions-trading,Sim9,000990,seen,,5a7b7dab04d4
14923472,2026-10-01 10:06:25,actions-trading,Sim9,003120,seen,,df2df913d4dd
14923472,2026-10-01 10:06:25,actions-trading,Sim9,000640,seen,,6e627ad000aa
14923472,2026-10-01 10:06:25,actions-trading,Sim9,014680,seen,,4483887b0151
14923472,2026-10-01 10:06:25,actions-trading,Sim9,077500,seen,,53c0aa24f6f1
14923472,2026-10-01 10:06:25,actions-trading,Sim9,006280,seen,,fc664cb1285c
14923472,2026-10-01 10:06:25,actions-trading,미너비니,192820,skip,below_pivot,40cd12b1bd22
14923472,2026-10-01 10:06:25,actions-trading,미너비니,443060,skip,below_pivot,2ced95b2d640
14923472,2026-10-01 10:06:25,actions-trading,미너비니,020120,skip,below_pivot,fa06061902f2
14923472,2026-10-01 10:06:25,actions-trading,Sim12,084010,skip,avoid_frgn_sell_20d,e5c2d8335073
14923472,2026-10-01 10:06:25,actions-trading,Sim12,192650,skip,pb2_not_crashed,6e13a350e85c
14923472,2026-10-01 10:06:25,actions-trading,Sim12,036570,skip,pb2_not_crashed,348f8abce003
14923472,2026-10-01 10:06:25,actions-trading,Sim12,460860,skip,avoid_frgn_sell_20d,a148d012f692
14923472,2026-10-01 10:06:25,actions-trading,Sim12,109070,skip,avoid_amount_dry,313eb17bb9f4
14923472,2026-10-01 10:06:25,actions-trading,Sim12,002240,skip,avoid_frgn_sell_20d,81e2a843bdee
14923472,2026-10-01 10:06:25,actions-trading,Sim12,003160,skip,pb2_not_crashed,8f4ba49c7a1f
14923472,2026-10-01 10:06:25,actions-trading,Sim12,004105,skip,pb2_not_crashed,f9224c9a13bc
14923472,2026-10-01 10:06:25,actions-trading,Sim12,093050,skip,avoid_frgn_sell_20d,1fe30843c43d
14923472,2026-10-01 10:06:25,actions-trading,Sim12,005030,skip,avoid_amount_dry,7c5ea2a80d2d
14923472,2026-10-01 10:06:25,actions-trading,Sim12,004710,skip,avoid_frgn_sell_20d,21372edf47af
14923472,2026-10-01 10:06:25,actions-trading,Sim12,012200,skip,avoid_amount_dry,59583b3ab284
14923472,2026-10-01 10:06:25,actions-trading,Sim12,0126Z0,skip,avoid_frgn_sell_20d,76dd60eaa7ac
14923472,2026-10-01 10:06:25,actions-trading,Sim12,000760,skip,avoid_amount_dry,b9daf615a78c
14923472,2026-10-01 10:06:25,actions-trading,Sim12,248070,skip,avoid_frgn_sell_20d,ab2cf785426c
14923472,2026-10-01 10:06:25,actions-trading,Sim12,093370,skip,pb2_not_crashed,86078590efdb
14923472,2026-10-01 10:06:25,actions-trading,Sim12,005850,skip,avoid_amount_dry,bba7599673aa
14923472,2026-10-01 10:06:25,actions-trading,Sim12,104700,skip,avoid_frgn_sell_20d,a84d0f8303c6
14923472,2026-10-01 10:06:25,actions-trading,Sim12,005430,skip,avoid_amount_dry,b013ef217a82
14923472,2026-10-01 10:06:25,actions-trading,Sim12,003465,skip,avoid_amount_dry,e033d4043cbc
14923472,2026-10-01 10:06:25,actions-trading,Sim12,012330,skip,pb2_not_crashed,2cffcb1d8da9
14923472,2026-10-01 10:06:25,actions-trading,Sim12,009900,skip,avoid_amount_dry,2ce4a9a40262
14923472,2026-10-01 10:06:25,actions-trading,Sim12,181710,skip,avoid_amount_dry,55d82736e9f3
14923472,2026-10-01 10:06:25,actions-trading,Sim12,012030,skip,avoid_amount_dry,72a5391bce2d
14923472,2026-10-01 10:06:25,actions-trading,Sim12,000990,skip,avoid_amount_dry,5a7b7dab04d4
14923472,2026-10-01 10:06:25,actions-trading,Sim12,003120,skip,pb2_not_crashed,df2df913d4dd
14923472,2026-10-01 10:06:25,actions-trading,Sim12,000640,skip,avoid_amount_dry,6e627ad000aa
14923472,2026-10-01 10:06:25,actions-trading,Sim12,014680,skip,avoid_amount_dry,4483887b0151
14923472,2026-10-01 10:06:25,actions-trading,Sim12,077500,skip,avoid_amount_dry,53c0aa24f6f1
14923472,2026-10-01 10:06:25,actions-trading,Sim12,006280,skip,avoid_amount_dry,fc664cb1285c
14923472,2026-10-01 10:06:25,actions-trading,Sim12,002820,skip,pb2_thin_liquidity,bd4ec8b6fb0a
14923472,2026-10-01 10:06:25,actions-trading,Sim12,051630,skip,avoid_amount_dry,d541834247e6
14923472,2026-10-01 10:06:25,actions-trading,Sim12,002787,skip,avoid_amount_dry,17e40c53a049
14923472,2026-10-01 10:06:25,actions-trading,Sim12,009190,skip,avoid_amount_dry,90801be70e70
14923472,2026-10-01 10:06:25,actions-trading,Sim12,071090,skip,pb2_not_crashed,107aa5daa443
14923472,2026-10-01 10:06:25,actions-trading,Sim12,010640,skip,avoid_amount_dry,d37315ddf02c
14923472,2026-10-01 10:06:25,actions-trading,Sim12,002690,skip,avoid_frgn_sell_20d,2f9152c6c44f
14923472,2026-10-01 10:06:25,actions-trading,Sim12,007110,skip,avoid_amount_dry,c66d938c2a4c
14923472,2026-10-01 10:06:25,actions-trading,Sim12,487570,skip,pb2_not_crashed,d79750560144
14923472,2026-10-01 10:06:25,actions-trading,Sim12,002785,skip,avoid_amount_dry,2fa46756507a
14923472,2026-10-01 10:06:25,actions-trading,Sim12,001770,skip,avoid_amount_dry,a0fe1186faf6
14923472,2026-10-01 10:06:25,actions-trading,Sim12,452260,skip,avoid_amount_dry,10e56bdfd53d
14923472,2026-10-01 10:06:25,actions-trading,Sim12,002070,skip,avoid_amount_dry,97d0f8cd7c90
14923472,2026-10-01 10:06:25,actions-trading,Sim12,003780,skip,avoid_frgn_sell_20d,cb32bfb8cf0d
14923472,2026-10-01 10:06:25,actions-trading,Sim12,003580,skip,avoid_amount_dry,195da13a2d51
14923472,2026-10-01 10:06:25,actions-trading,Sim12,010950,skip,avoid_amount_dry,5d23cbde106c
14923472,2026-10-01 10:06:25,actions-trading,Sim12,316140,skip,avoid_amount_dry,54dbb36edfe9
14923472,2026-10-01 10:06:25,actions-trading,Sim12,003030,skip,pb2_not_crashed,8be71dd53e5a
14923472,2026-10-01 10:06:25,actions-trading,Sim12,002995,skip,avoid_amount_dry,f2b0cb471ccb
14923472,2026-10-01 10:06:25,actions-trading,Sim12,006200,skip,pb2_thin_liquidity,95f0a7ce25b1
14923472,2026-10-01 10:06:25,actions-trading,Sim12,003075,skip,pb2_not_crashed,486e9de1db2d
14923472,2026-10-01 10:06:25,actions-trading,Sim12,005010,skip,pb2_not_crashed,d14c31d1d693
14923472,2026-10-01 10:06:25,actions-trading,Sim12,457190,skip,avoid_frgn_sell_20d,96c7567637de
14923472,2026-10-01 10:06:25,actions-trading,Sim12,006260,skip,avoid_amount_dry,e5ba6ae582ad
14923472,2026-10-01 10:06:25,actions-trading,Sim12,014280,skip,avoid_amount_dry,75f5657b1c84
14923472,2026-10-01 10:06:25,actions-trading,Sim12,017900,skip,avoid_amount_dry,750df11d48a4
14923472,2026-10-01 10:06:25,actions-trading,Sim12,069640,skip,avoid_frgn_sell_20d,a809276d87c7
14923472,2026-10-01 10:06:25,actions-trading,Sim12,37550L,skip,avoid_amount_dry,3f4ab11584f4
14923472,2026-10-01 10:06:25,actions-trading,Sim12,00104K,skip,avoid_amount_dry,393170a85607
14923472,2026-10-01 10:06:25,actions-trading,Sim12,004170,skip,avoid_amount_dry,06a95450243d
14923472,2026-10-01 10:06:26,actions-trading,Sim13,084010,skip,theme_momentum_weak,e5c2d8335073
14923472,2026-10-01 10:06:26,actions-trading,Sim13,192650,skip,no_frgn_support,6e13a350e85c
14923472,2026-10-01 10:06:26,actions-trading,Sim13,036570,skip,theme_momentum_weak,348f8abce003
14923472,2026-10-01 10:06:26,actions-trading,Sim13,460860,skip,theme_momentum_weak,a148d012f692
14923472,2026-10-01 10:06:26,actions-trading,Sim13,109070,skip,amount_not_surprised,313eb17bb9f4
14923472,2026-10-01 10:06:26,actions-trading,Sim13,002240,skip,theme_momentum_weak,81e2a843bdee
14923472,2026-10-01 10:06:26,actions-trading,Sim13,003160,skip,no_frgn_support,8f4ba49c7a1f
14923472,2026-10-01 10:06:26,actions-trading,Sim13,004105,skip,no_frgn_support,f9224c9a13bc
14923472,2026-10-01 10:06:26,actions-trading,Sim13,093050,skip,theme_momentum_weak,1fe30843c43d
14923472,2026-10-01 10:06:26,actions-trading,Sim13,005030,skip,theme_momentum_weak,7c5ea2a80d2d
14923472,2026-10-01 10:06:26,actions-trading,Sim13,004710,skip,amount_not_surprised,21372edf47af
14923472,2026-10-01 10:06:26,actions-trading,Sim13,012200,skip,theme_momentum_weak,59583b3ab284
14923472,2026-10-01 10:06:26,actions-trading,Sim13,0126Z0,skip,theme_momentum_weak,76dd60eaa7ac
14923472,2026-10-01 10:06:26,actions-trading,Sim13,000760,skip,theme_momentum_weak,b9daf615a78c
14923472,2026-10-01 10:06:26,actions-trading,Sim13,248070,skip,theme_momentum_weak,ab2cf785426c
14923472,2026-10-01 10:06:26,actions-trading,Sim13,093370,skip,no_frgn_support,86078590efdb
14923472,2026-10-01 10:06:26,actions-trading,Sim13,005850,skip,theme_momentum_weak,bba7599673aa
14923472,2026-10-01 10:06:26,actions-trading,Sim13,104700,skip,theme_momentum_weak,a84d0f8303c6
14923472,2026-10-01 10:06:26,actions-trading,Sim13,005430,skip,theme_momentum_weak,b013ef217a82
14923472,2026-10-01 10:06:26,actions-trading,Sim13,003465,skip,theme_momentum_weak,e033d4043cbc
14923472,2026-10-01 10:06:26,actions-trading,Sim13,012330,skip,theme_momentum_weak,2cffcb1d8da9
14923472,2026-10-01 10:06:26,actions-trading,Sim13,009900,skip,theme_momentum_weak,2ce4a9a40262
14923472,2026-10-01 10:06:26,actions-trading,Sim13,181710,skip,theme_momentum_weak,55d82736e9f3
14923472,2026-10-01 10:06:26,actions-trading,Sim13,012030,skip,adx_weak,72a5391bce2d
14923472,2026-10-01 10:06:26,actions-trading,Sim13,000990,skip,amount_not_surprised,5a7b7dab04d4
14923472,2026-10-01 10:06:26,actions-trading,Sim13,003120,skip,theme_momentum_weak,df2df913d4dd
14923472,2026-10-01 10:06:26,actions-trading,Sim13,000640,skip,theme_momentum_weak,6e627ad000aa
14923472,2026-10-01 10:06:26,actions-trading,Sim13,014680,skip,amount_not_surprised,4483887b0151
14923472,2026-10-01 10:06:26,actions-trading,Sim13,077500,skip,held_or_cooldown,53c0aa24f6f1
14923472,2026-10-01 10:06:26,actions-trading,Sim13,006280,skip,theme_momentum_weak,fc664cb1285c
14923473,2026-10-01 10:07:51,actions-trading,Sim3,402340,skip,adx,bb728c835d1b
14923473,2026-10-01 10:07:51,actions-trading,Sim3,383800,skip,amount,5332fecdb313
14923473,2026-10-01 10:07:51,actions-trading,Sim3,462870,skip,amount,7d432fd08c7b
14923473,2026-10-01 10:07:51,actions-trading,Sim3,000660,skip,qty_zero,6b472457e566
14923473,2026-10-01 10:07:51,actions-trading,Sim3,071970,skip,held_or_sold_today,8ca71f22e1c0
14923473,2026-10-01 10:07:51,actions-trading,Sim3,042700,skip,not_cheap,a8e9ff1c2ff6
14923473,2026-10-01 10:07:51,actions-trading,Sim3,326030,skip,amount,f82e7cd896c5
14923473,2026-10-01 10:07:51,actions-trading,Sim3,207940,skip,not_cheap,9072f8241c3c
14923473,2026-10-01 10:07:51,actions-trading,Sim3,033920,skip,amount,c6bd710edf90
14923473,2026-10-01 10:07:51,actions-trading,Sim3,004770,skip,amount,1d714a9c5792
14923473,2026-10-01 10:07:51,actions-trading,Sim3,0126Z0,skip,not_cheap,0159ae9dd7a7
14923473,2026-10-01 10:07:51,actions-trading,Sim3,062040,skip,not_cheap,163ad22d87bd
14923473,2026-10-01 10:07:51,actions-trading,Sim3,317450,skip,amount,b03042bff056
14923473,2026-10-01 10:07:51,actions-trading,Sim3,026960,skip,amount,3792e47e5e62
14923473,2026-10-01 10:07:51,actions-trading,Sim3,021820,skip,amount,507589c98b1e
14923473,2026-10-01 10:07:51,actions-trading,Sim3,192080,skip,amount,4310db9fd7e2
14923473,2026-10-01 10:07:51,actions-trading,Sim3,068270,skip,held_or_sold_today,e6234a1eb1c5
14923473,2026-10-01 10:07:51,actions-trading,Sim3,123890,skip,amount,78aa9b1afa86
14923473,2026-10-01 10:07:51,actions-trading,Sim3,000240,skip,amount,f0bb4d3a31c8
14923473,2026-10-01 10:07:51,actions-trading,Sim3,002380,skip,held_or_sold_today,6740949adf5c
14923473,2026-10-01 10:07:51,actions-trading,Sim3,009770,skip,amount,ae63bdd55462
14923473,2026-10-01 10:07:51,actions-trading,Sim3,259960,skip,held_or_sold_today,e6b432577038
14923473,2026-10-01 10:07:51,actions-trading,Sim3,035250,skip,amount,8f3fb3a65ff7
14923473,2026-10-01 10:07:51,actions-trading,Sim3,383220,skip,amount,2f4bcd886a41
14923473,2026-10-01 10:07:51,actions-trading,Sim3,226320,skip,amount,f9107027b504
14923473,2026-10-01 10:07:51,actions-trading,Sim3,439260,skip,amount,9c7e1dc70e1f
14923473,2026-10-01 10:07:51,actions-trading,Sim3,025560,skip,cooldown,df130895a031
14923473,2026-10-01 10:07:51,actions-trading,Sim3,007700,skip,amount,160f279edb46
14923473,2026-10-01 10:07:51,actions-trading,Sim3,278470,skip,not_cheap,c00e3606c2e4
14923473,2026-10-01 10:07:51,actions-trading,Sim3,000990,skip,not_cheap,dd876b38ebae
14923473,2026-10-01 10:08:28,actions-trading,MFHS2,028670,skip,max_holdings,db8176e1aba4
14923473,2026-10-01 10:08:28,actions-trading,MFHS2,018880,seen,,895670194762
14923473,2026-10-01 10:08:28,actions-trading,MFHS2,003160,seen,,8594ab092be8
14923473,2026-10-01 10:08:28,actions-trading,MFHS2,005935,seen,,c79ee9af300d
14923473,2026-10-01 10:08:28,actions-trading,MFHS2,002990,seen,,bf7f7eb6f0be
14923473,2026-10-01 10:08:28,actions-trading,MFHS2,011200,seen,,825fb2a036f9
14923473,2026-10-01 10:08:28,actions-trading,MFHS2,248070,seen,,be5aeb10fd67
14923473,2026-10-01 10:08:28,actions-trading,MFHS2,034220,seen,,32c44ab8bd50
14923473,2026-10-01 10:08:28,actions-trading,MFHS2,192650,seen,,1dc542bdee29
14923473,2026-10-01 10:08:28,actions-trading,MFHS2,068270,seen,,8347c4eb6c50
14923473,2026-10-01 10:08:28,actions-trading,MFHS2,030000,seen,,20f8fe9d0481
14923473,2026-10-01 10:08:28,actions-trading,MFHS2,001250,seen,,c35c57ce0198
14923473,2026-10-01 10:08:28,actions-trading,MFHS2,009830,seen,,598ea4b20b97
14923473,2026-10-01 10:08:28,actions-trading,MFHS2,004710,seen,,5939106e8471
14923473,2026-10-01 10:08:28,actions-trading,MFHS2,005880,seen,,7ae5841e76f6
14923473,2026-10-01 10:08:28,actions-trading,MFHS2,005690,seen,,5f8b8999110a
14923473,2026-10-01 10:08:28,actions-trading,MFHS2,093370,seen,,2002dcfbeeb9
14923473,2026-10-01 10:08:28,actions-trading,MFHS2,002700,seen,,d701d75754de
14923473,2026-10-01 10:08:28,actions-trading,MFHS2,008350,seen,,1910987cb8f6
14923473,2026-10-01 10:08:28,actions-trading,MFHS2,003280,seen,,5fec07a5e219
14923473,2026-10-01 10:08:28,actions-trading,MFHS2,001820,seen,,02dadb5036d0
14923473,2026-10-01 10:08:28,actions-trading,MFHS2,001210,seen,,a1cf56bc8a33
14923473,2026-10-01 10:08:28,actions-trading,MFHS2,003780,seen,,52ff4dfb1cb8
14923473,2026-10-01 10:08:28,actions-trading,MFHS2,001510,seen,,4c7cfb2895c8
14923473,2026-10-01 10:08:28,actions-trading,MFHS2,089860,seen,,0498e337965a
14923473,2026-10-01 10:08:28,actions-trading,MFHS2,086790,seen,,54a00277b2b7
14923473,2026-10-01 10:08:28,actions-trading,MFHS2,092220,seen,,14a7cdf7bfec
14923473,2026-10-01 10:08:28,actions-trading,MFHS2,093050,seen,,1c2c01f7fa89
14923473,2026-10-01 10:08:28,actions-trading,MFHS2,035000,seen,,7320f3d3c5a3
14923473,2026-10-01 10:08:28,actions-trading,MFHS2,004310,seen,,15d41a508a9f
14923473,2026-10-01 10:08:31,actions-trading,상승모멘텀,084010,skip,max_holdings,3a0cbd66163e
14923473,2026-10-01 10:08:31,actions-trading,상승모멘텀,192650,seen,,1dc542bdee29
14923473,2026-10-01 10:08:31,actions-trading,상승모멘텀,036570,seen,,5431e5b5ebde
14923473,2026-10-01 10:08:31,actions-trading,상승모멘텀,460860,seen,,d3140f32d493
14923473,2026-10-01 10:08:31,actions-trading,상승모멘텀,109070,seen,,315f61d560de
14923473,2026-10-01 10:08:31,actions-trading,상승모멘텀,002240,seen,,c83e1d450bcd
14923473,2026-10-01 10:08:31,actions-trading,상승모멘텀,003160,seen,,8594ab092be8
14923473,2026-10-01 10:08:31,actions-trading,상승모멘텀,004105,seen,,6e0f3bca09ce
14923473,2026-10-01 10:08:31,actions-trading,상승모멘텀,093050,seen,,1c2c01f7fa89
14923473,2026-10-01 10:08:31,actions-trading,상승모멘텀,005030,seen,,7c5ea2a80d2d
14923473,2026-10-01 10:08:31,actions-trading,상승모멘텀,0126Z0,seen,,50356ecc9900
14923473,2026-10-01 10:08:31,actions-trading,상승모멘텀,004710,seen,,5939106e8471
14923473,2026-10-01 10:08:31,actions-trading,상승모멘텀,248070,seen,,be5aeb10fd67
14923473,2026-10-01 10:08:31,actions-trading,상승모멘텀,104700,seen,,a7ba73a43d93
14923473,2026-10-01 10:08:31,actions-trading,상승모멘텀,000760,seen,,7ca73323b39c
14923473,2026-10-01 10:08:31,actions-trading,상승모멘텀,012330,seen,,bb7d5e76c771
14923473,2026-10-01 10:08:31,actions-trading,상승모멘텀,012200,seen,,f3bf2004c574
14923473,2026-10-01 10:08:31,actions-trading,상승모멘텀,005430,seen,,15b672bc1148
14923473,2026-10-01 10:08:31,actions-trading,상승모멘텀,093370,seen,,2002dcfbeeb9
14923473,2026-10-01 10:08:31,actions-trading,상승모멘텀,005850,seen,,902b4d6589bb
14923473,2026-10-01 10:08:31,actions-trading,상승모멘텀,181710,seen,,f49a4ee8b47a
14923473,2026-10-01 10:08:31,actions-trading,상승모멘텀,003465,seen,,e033d4043cbc
14923473,2026-10-01 10:08:31,actions-trading,상승모멘텀,009900,seen,,b50fe636cb4b
14923473,2026-10-01 10:08:31,actions-trading,상승모멘텀,012030,seen,,dfaf0b964feb
14923473,2026-10-01 10:08:31,actions-trading,상승모멘텀,003120,seen,,088c7d663ba0
14923473,2026-10-01 10:08:31,actions-trading,상승모멘텀,014680,seen,,27dbb56b675e
14923473,2026-10-01 10:08:31,actions-trading,상승모멘텀,011930,seen,,67559be77558
14923473,2026-10-01 10:08:31,actions-trading,상승모멘텀,006280,seen,,037ae3ce5566
14923473,2026-10-01 10:08:31,actions-trading,상승모멘텀,000640,seen,,87298b82b061
14923473,2026-10-01 10:08:31,actions-trading,상승모멘텀,001820,seen,,02dadb5036d0
14923473,2026-10-01 10:08:31,actions-trading,Sim4-1,084010,skip,period,3a0cbd66163e
14923473,2026-10-01 10:08:31,actions-trading,Sim4-1,192650,skip,period,1dc542bdee29
14923473,2026-10-01 10:08:31,actions-trading,Sim4-1,036570,skip,period,5431e5b5ebde
14923473,2026-10-01 10:08:31,actions-trading,Sim4-1,460860,skip,adx_high,d3140f32d493
14923473,2026-10-01 10:08:31,actions-trading,Sim4-1,109070,skip,amount,315f61d560de
14923473,2026-10-01 10:08:31,actions-trading,Sim4-1,002240,skip,amount,c83e1d450bcd
14923473,2026-10-01 10:08:31,actions-trading,Sim4-1,003160,skip,held_or_cooldown,8594ab092be8
14923473,2026-10-01 10:08:31,actions-trading,Sim4-1,004105,skip,amount,6e0f3bca09ce
14923473,2026-10-01 10:08:31,actions-trading,Sim4-1,093050,skip,amount,1c2c01f7fa89
14923473,2026-10-01 10:08:31,actions-trading,Sim4-1,005030,skip,amount,7c5ea2a80d2d
14923473,2026-10-01 10:08:31,actions-trading,Sim4-1,0126Z0,skip,adx_high,50356ecc9900
14923473,2026-10-01 10:08:31,actions-trading,Sim4-1,004710,skip,adx_high,5939106e8471
14923473,2026-10-01 10:08:31,actions-trading,Sim4-1,248070,skip,amount,be5aeb10fd67
14923473,2026-10-01 10:08:31,actions-trading,Sim4-1,104700,skip,amount,a7ba73a43d93
14923473,2026-10-01 10:08:31,actions-trading,Sim4-1,000760,skip,amount,7ca73323b39c
14923473,2026-10-01 10:08:31,actions-trading,Sim4-1,012330,skip,period,bb7d5e76c771
14923473,2026-10-01 10:08:31,actions-trading,Sim4-1,012200,skip,amount,f3bf2004c574
14923473,2026-10-01 10:08:31,actions-trading,Sim4-1,005430,skip,amount,15b672bc1148
14923473,2026-10-01 10:08:31,actions-trading,Sim4-1,093370,skip,adx_high,2002dcfbeeb9
14923473,2026-10-01 10:08:31,actions-trading,Sim4-1,005850,skip,amount,902b4d6589bb
14923473,2026-10-01 10:08:31,actions-trading,Sim4-1,181710,skip,adx_high,f49a4ee8b47a
14923473,2026-10-01 10:08:31,actions-trading,Sim4-1,003465,skip,amount,e033d4043cbc
14923473,2026-10-01 10:08:31,actions-trading,Sim4-1,009900,skip,amount,b50fe636cb4b
14923473,2026-10-01 10:08:31,actions-trading,Sim4-1,012030,skip,amount,dfaf0b964feb
14923473,2026-10-01 10:08:31,actions-trading,Sim4-1,003120,skip,amount,088c7d663ba0
14923473,2026-10-01 10:08:31,actions-trading,Sim4-1,014680,skip,adx_high,27dbb56b675e
14923473,2026-10-01 10:08:31,actions-trading,Sim4-1,011930,skip,amount,67559be77558
14923473,2026-10-01 10:08:31,actions-trading,Sim4-1,006280,skip,amount,037ae3ce5566
14923473,2026-10-01 10:08:31,actions-trading,Sim4-1,000640,skip,amount,87298b82b061
14923473,2026-10-01 10:08:31,actions-trading,Sim4-1,001820,skip,adx_low,02dadb5036d0
14923473,2026-10-01 10:08:32,actions-trading,선행매집,028670,skip,no_setup,db8176e1aba4
14923473,2026-10-01 10:08:32,actions-trading,선행매집,018880,skip,below_anchor,895670194762
14923473,2026-10-01 10:08:32,actions-trading,선행매집,192650,skip,no_setup,1dc542bdee29
14923473,2026-10-01 10:08:32,actions-trading,선행매집,009830,skip,below_anchor,598ea4b20b97
14923473,2026-10-01 10:08:32,actions-trading,선행매집,011200,skip,below_anchor,825fb2a036f9
14923473,2026-10-01 10:08:32,actions-trading,선행매집,003160,skip,no_setup,8594ab092be8
14923473,2026-10-01 10:08:32,actions-trading,선행매집,005935,skip,below_anchor,c79ee9af300d
14923473,2026-10-01 10:08:32,actions-trading,선행매집,002990,skip,below_anchor,bf7f7eb6f0be
14923473,2026-10-01 10:08:32,actions-trading,선행매집,068270,skip,below_anchor,8347c4eb6c50
14923473,2026-10-01 10:08:32,actions-trading,선행매집,034220,skip,below_anchor,32c44ab8bd50
14923473,2026-10-01 10:08:32,actions-trading,선행매집,248070,skip,below_anchor,be5aeb10fd67
14923473,2026-10-01 10:08:32,actions-trading,선행매집,030000,skip,below_anchor,20f8fe9d0481
14923473,2026-10-01 10:08:32,actions-trading,선행매집,001250,skip,below_anchor,c35c57ce0198
14923473,2026-10-01 10:08:32,actions-trading,선행매집,005880,skip,amount,7ae5841e76f6
14923473,2026-10-01 10:08:32,actions-trading,선행매집,005690,skip,below_anchor,5f8b8999110a
14923473,2026-10-01 10:08:32,actions-trading,선행매집,002700,skip,amount,d701d75754de
14923473,2026-10-01 10:08:32,actions-trading,선행매집,001210,skip,below_anchor,a1cf56bc8a33
14923473,2026-10-01 10:08:32,actions-trading,선행매집,008350,skip,amount,1910987cb8f6
14923473,2026-10-01 10:08:32,actions-trading,선행매집,001820,skip,below_anchor,02dadb5036d0
14923473,2026-10-01 10:08:32,actions-trading,선행매집,003280,skip,below_anchor,5fec07a5e219
14923473,2026-10-01 10:08:32,actions-trading,선행매집,004710,skip,below_anchor,5939106e8471
14923473,2026-10-01 10:08:32,actions-trading,선행매집,003780,skip,amount,52ff4dfb1cb8
14923473,2026-10-01 10:08:32,actions-trading,선행매집,092220,skip,amount,14a7cdf7bfec
14923473,2026-10-01 10:08:32,actions-trading,선행매집,089860,skip,no_setup,0498e337965a
14923473,2026-10-01 10:08:32,actions-trading,선행매집,093050,skip,no_setup,1c2c01f7fa89
14923473,2026-10-01 10:08:32,actions-trading,선행매집,001510,skip,amount,4c7cfb2895c8
14923473,2026-10-01 10:08:32,actions-trading,선행매집,051910,skip,below_anchor,1ffbfb34f2da
14923473,2026-10-01 10:08:32,actions-trading,선행매집,004770,skip,amount,69be026155e3
14923473,2026-10-01 10:08:32,actions-trading,선행매집,093370,skip,below_anchor,2002dcfbeeb9
14923473,2026-10-01 10:08:32,actions-trading,선행매집,035000,skip,amount,7320f3d3c5a3
14923473,2026-10-01 10:08:32,actions-trading,Sim9,_gate,skip,outside_entry_window,e3b0c44298fc
14923473,2026-10-01 10:08:32,actions-trading,Sim9,084010,seen,,3a0cbd66163e
14923473,2026-10-01 10:08:32,actions-trading,Sim9,192650,seen,,1dc542bdee29
14923473,2026-10-01 10:08:32,actions-trading,Sim9,036570,seen,,5431e5b5ebde
14923473,2026-10-01 10:08:32,actions-trading,Sim9,460860,seen,,d3140f32d493
14923473,2026-10-01 10:08:32,actions-trading,Sim9,109070,seen,,315f61d560de
14923473,2026-10-01 10:08:32,actions-trading,Sim9,002240,seen,,c83e1d450bcd
14923473,2026-10-01 10:08:32,actions-trading,Sim9,003160,seen,,8594ab092be8
14923473,2026-10-01 10:08:32,actions-trading,Sim9,004105,seen,,6e0f3bca09ce
14923473,2026-10-01 10:08:32,actions-trading,Sim9,093050,seen,,1c2c01f7fa89
14923473,2026-10-01 10:08:32,actions-trading,Sim9,005030,seen,,7c5ea2a80d2d
14923473,2026-10-01 10:08:32,actions-trading,Sim9,0126Z0,seen,,50356ecc9900
14923473,2026-10-01 10:08:32,actions-trading,Sim9,004710,seen,,5939106e8471
14923473,2026-10-01 10:08:32,actions-trading,Sim9,248070,seen,,be5aeb10fd67
14923473,2026-10-01 10:08:32,actions-trading,Sim9,104700,seen,,a7ba73a43d93
14923473,2026-10-01 10:08:32,actions-trading,Sim9,000760,seen,,7ca73323b39c
14923473,2026-10-01 10:08:32,actions-trading,Sim9,012330,seen,,bb7d5e76c771
14923473,2026-10-01 10:08:32,actions-trading,Sim9,012200,seen,,f3bf2004c574
14923473,2026-10-01 10:08:32,actions-trading,Sim9,005430,seen,,15b672bc1148
14923473,2026-10-01 10:08:32,actions-trading,Sim9,093370,seen,,2002dcfbeeb9
14923473,2026-10-01 10:08:32,actions-trading,Sim9,005850,seen,,902b4d6589bb
14923473,2026-10-01 10:08:32,actions-trading,Sim9,181710,seen,,f49a4ee8b47a
14923473,2026-10-01 10:08:32,actions-trading,Sim9,003465,seen,,e033d4043cbc
14923473,2026-10-01 10:08:32,actions-trading,Sim9,009900,seen,,b50fe636cb4b
14923473,2026-10-01 10:08:32,actions-trading,Sim9,012030,seen,,dfaf0b964feb
14923473,2026-10-01 10:08:32,actions-trading,Sim9,003120,seen,,088c7d663ba0
14923473,2026-10-01 10:08:32,actions-trading,Sim9,014680,seen,,27dbb56b675e
14923473,2026-10-01 10:08:32,actions-trading,Sim9,011930,seen,,67559be77558
14923473,2026-10-01 10:08:32,actions-trading,Sim9,006280,seen,,037ae3ce5566
14923473,2026-10-01 10:08:32,actions-trading,Sim9,000640,seen,,87298b82b061
14923473,2026-10-01 10:08:32,actions-trading,Sim9,001820,seen,,02dadb5036d0
14923473,2026-10-01 10:08:32,actions-trading,미너비니,192820,skip,below_pivot,8baeec12bc4d
14923473,2026-10-01 10:08:32,actions-trading,미너비니,443060,skip,below_pivot,3ade16a0c741
14923473,2026-10-01 10:08:32,actions-trading,미너비니,020120,skip,below_pivot,fedbfc6b1575
14923473,2026-10-01 10:08:33,actions-trading,Sim12,084010,skip,avoid_frgn_sell_20d,3a0cbd66163e
14923473,2026-10-01 10:08:33,actions-trading,Sim12,192650,skip,pb2_not_crashed,1dc542bdee29
14923473,2026-10-01 10:08:33,actions-trading,Sim12,036570,skip,pb2_not_crashed,5431e5b5ebde
14923473,2026-10-01 10:08:33,actions-trading,Sim12,460860,skip,avoid_frgn_sell_20d,d3140f32d493
14923473,2026-10-01 10:08:33,actions-trading,Sim12,109070,skip,avoid_amount_dry,315f61d560de
14923473,2026-10-01 10:08:33,actions-trading,Sim12,002240,skip,avoid_frgn_sell_20d,c83e1d450bcd
14923473,2026-10-01 10:08:33,actions-trading,Sim12,003160,skip,pb2_not_crashed,8594ab092be8
14923473,2026-10-01 10:08:33,actions-trading,Sim12,004105,skip,pb2_not_crashed,6e0f3bca09ce
14923473,2026-10-01 10:08:33,actions-trading,Sim12,093050,skip,avoid_frgn_sell_20d,1c2c01f7fa89
14923473,2026-10-01 10:08:33,actions-trading,Sim12,005030,skip,avoid_amount_dry,7c5ea2a80d2d
14923473,2026-10-01 10:08:33,actions-trading,Sim12,0126Z0,skip,avoid_frgn_sell_20d,50356ecc9900
14923473,2026-10-01 10:08:33,actions-trading,Sim12,004710,skip,avoid_frgn_sell_20d,5939106e8471
14923473,2026-10-01 10:08:33,actions-trading,Sim12,248070,skip,avoid_frgn_sell_20d,be5aeb10fd67
14923473,2026-10-01 10:08:33,actions-trading,Sim12,104700,skip,avoid_frgn_sell_20d,a7ba73a43d93
14923473,2026-10-01 10:08:33,actions-trading,Sim12,000760,skip,avoid_amount_dry,7ca73323b39c
14923473,2026-10-01 10:08:33,actions-trading,Sim12,012330,skip,pb2_not_crashed,bb7d5e76c771
14923473,2026-10-01 10:08:33,actions-trading,Sim12,012200,skip,avoid_amount_dry,f3bf2004c574
14923473,2026-10-01 10:08:33,actions-trading,Sim12,005430,skip,pb2_not_crashed,15b672bc1148
14923473,2026-10-01 10:08:33,actions-trading,Sim12,093370,skip,pb2_not_crashed,2002dcfbeeb9
14923473,2026-10-01 10:08:33,actions-trading,Sim12,005850,skip,avoid_amount_dry,902b4d6589bb
14923473,2026-10-01 10:08:33,actions-trading,Sim12,181710,skip,avoid_amount_dry,f49a4ee8b47a
14923473,2026-10-01 10:08:33,actions-trading,Sim12,003465,skip,avoid_amount_dry,e033d4043cbc
14923473,2026-10-01 10:08:33,actions-trading,Sim12,009900,skip,avoid_amount_dry,b50fe636cb4b
14923473,2026-10-01 10:08:33,actions-trading,Sim12,012030,skip,avoid_amount_dry,dfaf0b964feb
14923473,2026-10-01 10:08:33,actions-trading,Sim12,003120,skip,pb2_not_crashed,088c7d663ba0
14923473,2026-10-01 10:08:33,actions-trading,Sim12,014680,skip,avoid_amount_dry,27dbb56b675e
14923473,2026-10-01 10:08:33,actions-trading,Sim12,011930,skip,pb2_not_crashed,67559be77558
14923473,2026-10-01 10:08:33,actions-trading,Sim12,006280,skip,avoid_amount_dry,037ae3ce5566
14923473,2026-10-01 10:08:33,actions-trading,Sim12,000640,skip,avoid_amount_dry,87298b82b061
14923473,2026-10-01 10:08:33,actions-trading,Sim12,001820,skip,avoid_amount_dry,02dadb5036d0
14923473,2026-10-01 10:08:33,actions-trading,Sim12,051630,skip,avoid_amount_dry,f23f81de18c3
14923473,2026-10-01 10:08:33,actions-trading,Sim12,002820,skip,pb2_thin_liquidity,11210cdaf1fc
14923473,2026-10-01 10:08:33,actions-trading,Sim12,002787,skip,avoid_amount_dry,17e40c53a049
14923473,2026-10-01 10:08:33,actions-trading,Sim12,009190,skip,avoid_amount_dry,353a0339ddd8
14923473,2026-10-01 10:08:33,actions-trading,Sim12,452260,skip,avoid_amount_dry,bc389f88a032
14923473,2026-10-01 10:08:33,actions-trading,Sim12,010640,skip,avoid_amount_dry,5dc3daeeee0d
14923473,2026-10-01 10:08:33,actions-trading,Sim12,071090,skip,pb2_not_crashed,b54765f43164
14923473,2026-10-01 10:08:33,actions-trading,Sim12,007110,skip,avoid_amount_dry,1d268ce28c78
14923473,2026-10-01 10:08:33,actions-trading,Sim12,487570,skip,pb2_not_crashed,0f87c5aabef1
14923473,2026-10-01 10:08:33,actions-trading,Sim12,002690,skip,avoid_frgn_sell_20d,e52d69d4d508
14923473,2026-10-01 10:08:33,actions-trading,Sim12,002785,skip,avoid_amount_dry,2fa46756507a
14923473,2026-10-01 10:08:33,actions-trading,Sim12,001770,skip,avoid_amount_dry,a0fe1186faf6
14923473,2026-10-01 10:08:33,actions-trading,Sim12,002070,skip,avoid_amount_dry,8f5daf6a5f62
14923473,2026-10-01 10:08:33,actions-trading,Sim12,003780,skip,avoid_frgn_sell_20d,52ff4dfb1cb8
14923473,2026-10-01 10:08:33,actions-trading,Sim12,003580,skip,avoid_amount_dry,49543b531a54
14923473,2026-10-01 10:08:33,actions-trading,Sim12,010950,skip,avoid_amount_dry,4b6a24a504f7
14923473,2026-10-01 10:08:33,actions-trading,Sim12,069640,skip,avoid_frgn_sell_20d,d0f063d95973
14923473,2026-10-01 10:08:33,actions-trading,Sim12,316140,skip,avoid_amount_dry,89f18a903ee1
14923473,2026-10-01 10:08:33,actions-trading,Sim12,003030,skip,pb2_not_crashed,df3edd9fc1c4
14923473,2026-10-01 10:08:33,actions-trading,Sim12,002995,skip,avoid_amount_dry,f2b0cb471ccb
14923473,2026-10-01 10:08:33,actions-trading,Sim12,006200,skip,pb2_thin_liquidity,95f0a7ce25b1
14923473,2026-10-01 10:08:33,actions-trading,Sim12,003075,skip,pb2_not_crashed,486e9de1db2d
14923473,2026-10-01 10:08:33,actions-trading,Sim12,005010,skip,pb2_not_crashed,76ca513aa1d3
14923473,2026-10-01 10:08:33,actions-trading,Sim12,006260,skip,avoid_amount_dry,6584d7082f2c
14923473,2026-10-01 10:08:33,actions-trading,Sim12,014280,skip,avoid_amount_dry,44c3b445859d
14923473,2026-10-01 10:08:33,actions-trading,Sim12,37550L,skip,avoid_amount_dry,e56474751857
14923473,2026-10-01 10:08:33,actions-trading,Sim12,017900,skip,avoid_amount_dry,e6dd682d90e0
14923473,2026-10-01 10:08:33,actions-trading,Sim12,457190,skip,avoid_frgn_sell_20d,49b2996993c6
14923473,2026-10-01 10:08:33,actions-trading,Sim12,00104K,skip,avoid_amount_dry,ccba6cd62089
14923473,2026-10-01 10:08:33,actions-trading,Sim12,004170,skip,avoid_amount_dry,fa91e80075ab
14923473,2026-10-01 10:08:34,actions-trading,Sim13,084010,skip,theme_momentum_weak,3a0cbd66163e
14923473,2026-10-01 10:08:34,actions-trading,Sim13,192650,skip,no_frgn_support,1dc542bdee29
14923473,2026-10-01 10:08:34,actions-trading,Sim13,036570,skip,theme_momentum_weak,5431e5b5ebde
14923473,2026-10-01 10:08:34,actions-trading,Sim13,460860,skip,theme_momentum_weak,d3140f32d493
14923473,2026-10-01 10:08:34,actions-trading,Sim13,109070,skip,amount_not_surprised,315f61d560de
14923473,2026-10-01 10:08:34,actions-trading,Sim13,002240,skip,theme_momentum_weak,c83e1d450bcd
14923473,2026-10-01 10:08:34,actions-trading,Sim13,003160,skip,no_frgn_support,8594ab092be8
14923473,2026-10-01 10:08:34,actions-trading,Sim13,004105,skip,no_frgn_support,6e0f3bca09ce
14923473,2026-10-01 10:08:34,actions-trading,Sim13,093050,skip,theme_momentum_weak,1c2c01f7fa89
14923473,2026-10-01 10:08:34,actions-trading,Sim13,005030,skip,theme_momentum_weak,7c5ea2a80d2d
14923473,2026-10-01 10:08:34,actions-trading,Sim13,0126Z0,skip,theme_momentum_weak,50356ecc9900
14923473,2026-10-01 10:08:34,actions-trading,Sim13,004710,skip,amount_not_surprised,5939106e8471
14923473,2026-10-01 10:08:34,actions-trading,Sim13,248070,skip,theme_momentum_weak,be5aeb10fd67
14923473,2026-10-01 10:08:34,actions-trading,Sim13,104700,skip,theme_momentum_weak,a7ba73a43d93
14923473,2026-10-01 10:08:34,actions-trading,Sim13,000760,skip,theme_momentum_weak,7ca73323b39c
14923473,2026-10-01 10:08:34,actions-trading,Sim13,012330,skip,theme_momentum_weak,bb7d5e76c771
14923473,2026-10-01 10:08:34,actions-trading,Sim13,012200,skip,theme_momentum_weak,f3bf2004c574
14923473,2026-10-01 10:08:34,actions-trading,Sim13,005430,skip,theme_momentum_weak,15b672bc1148
14923473,2026-10-01 10:08:34,actions-trading,Sim13,093370,skip,no_frgn_support,2002dcfbeeb9
14923473,2026-10-01 10:08:34,actions-trading,Sim13,005850,skip,theme_momentum_weak,902b4d6589bb
14923473,2026-10-01 10:08:34,actions-trading,Sim13,181710,skip,theme_momentum_weak,f49a4ee8b47a
14923473,2026-10-01 10:08:34,actions-trading,Sim13,003465,skip,theme_momentum_weak,e033d4043cbc
14923473,2026-10-01 10:08:34,actions-trading,Sim13,009900,skip,theme_momentum_weak,b50fe636cb4b
14923473,2026-10-01 10:08:34,actions-trading,Sim13,012030,skip,adx_weak,dfaf0b964feb
14923473,2026-10-01 10:08:34,actions-trading,Sim13,003120,skip,theme_momentum_weak,088c7d663ba0
14923473,2026-10-01 10:08:34,actions-trading,Sim13,014680,skip,amount_not_surprised,27dbb56b675e
14923473,2026-10-01 10:08:34,actions-trading,Sim13,011930,skip,theme_momentum_weak,67559be77558
14923473,2026-10-01 10:08:34,actions-trading,Sim13,006280,skip,theme_momentum_weak,037ae3ce5566
14923473,2026-10-01 10:08:34,actions-trading,Sim13,000640,skip,theme_momentum_weak,87298b82b061
14923473,2026-10-01 10:08:34,actions-trading,Sim13,001820,skip,adx_weak,02dadb5036d0
14923474,2026-10-01 10:09:55,actions-trading,Sim3,402340,skip,adx,dddadf4f0f9f
14923474,2026-10-01 10:09:55,actions-trading,Sim3,383800,skip,amount,024eb6a4d9bc
14923474,2026-10-01 10:09:55,actions-trading,Sim3,462870,skip,amount,806dbc3478f9
14923474,2026-10-01 10:09:55,actions-trading,Sim3,000660,skip,qty_zero,c21c6bddf61a
14923474,2026-10-01 10:09:55,actions-trading,Sim3,071970,skip,held_or_sold_today,9c339ea41f67
14923474,2026-10-01 10:09:55,actions-trading,Sim3,042700,skip,not_cheap,6adbad2f0220
14923474,2026-10-01 10:09:55,actions-trading,Sim3,326030,skip,amount,607f8689f98a
14923474,2026-10-01 10:09:55,actions-trading,Sim3,207940,skip,not_cheap,1cf3c974f766
14923474,2026-10-01 10:09:55,actions-trading,Sim3,033920,skip,amount,49f28c56ba72
14923474,2026-10-01 10:09:55,actions-trading,Sim3,004770,skip,amount,ea5f0b6e1f04
14923474,2026-10-01 10:09:55,actions-trading,Sim3,0126Z0,skip,not_cheap,3d3d938c9763
14923474,2026-10-01 10:09:55,actions-trading,Sim3,062040,skip,not_cheap,6efdee75da87
14923474,2026-10-01 10:09:55,actions-trading,Sim3,317450,skip,amount,a8d9f72ab385
14923474,2026-10-01 10:09:55,actions-trading,Sim3,026960,skip,amount,020bca037b19
14923474,2026-10-01 10:09:55,actions-trading,Sim3,021820,skip,amount,507589c98b1e
14923474,2026-10-01 10:09:55,actions-trading,Sim3,192080,skip,amount,3aafff226e47
14923474,2026-10-01 10:09:55,actions-trading,Sim3,068270,skip,held_or_sold_today,6752dbf5f48b
14923474,2026-10-01 10:09:55,actions-trading,Sim3,123890,skip,amount,9ff481ecaa64
14923474,2026-10-01 10:09:55,actions-trading,Sim3,000240,skip,amount,90b705040bb0
14923474,2026-10-01 10:09:55,actions-trading,Sim3,002380,skip,held_or_sold_today,e0ef8f9ff7e2
14923474,2026-10-01 10:09:55,actions-trading,Sim3,009770,skip,amount,d142bcd86f70
14923474,2026-10-01 10:09:55,actions-trading,Sim3,259960,skip,held_or_sold_today,6d55bbe8e6ce
14923474,2026-10-01 10:09:55,actions-trading,Sim3,035250,skip,amount,b347d39ff71e
14923474,2026-10-01 10:09:55,actions-trading,Sim3,383220,skip,amount,4e5f24963d16
14923474,2026-10-01 10:09:55,actions-trading,Sim3,226320,skip,amount,79ad070abf18
14923474,2026-10-01 10:09:55,actions-trading,Sim3,439260,skip,amount,ccc2078b1f4e
14923474,2026-10-01 10:09:55,actions-trading,Sim3,025560,skip,cooldown,57400e63f512
14923474,2026-10-01 10:09:55,actions-trading,Sim3,007700,skip,amount,160f279edb46
14923474,2026-10-01 10:09:55,actions-trading,Sim3,278470,skip,not_cheap,c51e73362dc2
14923474,2026-10-01 10:09:55,actions-trading,Sim3,000990,skip,not_cheap,71fde64b252d
14923474,2026-10-01 10:10:30,actions-trading,MFHS2,028670,skip,max_holdings,271bb2f34fb7
14923474,2026-10-01 10:10:30,actions-trading,MFHS2,018880,seen,,801ee419aa90
14923474,2026-10-01 10:10:30,actions-trading,MFHS2,003160,seen,,59c648dc5d89
14923474,2026-10-01 10:10:30,actions-trading,MFHS2,005935,seen,,9b956ced4809
14923474,2026-10-01 10:10:30,actions-trading,MFHS2,002990,seen,,587bbc6f1e4a
14923474,2026-10-01 10:10:30,actions-trading,MFHS2,011200,seen,,f877c0c0bf73
14923474,2026-10-01 10:10:30,actions-trading,MFHS2,248070,seen,,48b1f26a7b4d
14923474,2026-10-01 10:10:30,actions-trading,MFHS2,034220,seen,,09fd95d77770
14923474,2026-10-01 10:10:30,actions-trading,MFHS2,192650,seen,,a4634f507b38
14923474,2026-10-01 10:10:30,actions-trading,MFHS2,068270,seen,,cfbec7033ea9
14923474,2026-10-01 10:10:30,actions-trading,MFHS2,030000,seen,,4abd88bd7543
14923474,2026-10-01 10:10:30,actions-trading,MFHS2,001250,seen,,7deaac49bc00
14923474,2026-10-01 10:10:30,actions-trading,MFHS2,009830,seen,,9684b5af7d17
14923474,2026-10-01 10:10:30,actions-trading,MFHS2,004710,seen,,6f8d83e262b7
14923474,2026-10-01 10:10:30,actions-trading,MFHS2,005880,seen,,4a5c993497ed
14923474,2026-10-01 10:10:30,actions-trading,MFHS2,005690,seen,,d8f0ed3b3eab
14923474,2026-10-01 10:10:30,actions-trading,MFHS2,093370,seen,,206e2a7ee198
14923474,2026-10-01 10:10:30,actions-trading,MFHS2,002700,seen,,1c689101964d
14923474,2026-10-01 10:10:30,actions-trading,MFHS2,008350,seen,,1a6ba768b58f
14923474,2026-10-01 10:10:30,actions-trading,MFHS2,003280,seen,,cbf02f03c057
14923474,2026-10-01 10:10:30,actions-trading,MFHS2,001820,seen,,2450f9451746
14923474,2026-10-01 10:10:30,actions-trading,MFHS2,001210,seen,,8c5a8a612337
14923474,2026-10-01 10:10:30,actions-trading,MFHS2,003780,seen,,f0c5676bb14f
14923474,2026-10-01 10:10:30,actions-trading,MFHS2,001510,seen,,73a203a2455f
14923474,2026-10-01 10:10:30,actions-trading,MFHS2,089860,seen,,9d53272b3274
14923474,2026-10-01 10:10:30,actions-trading,MFHS2,086790,seen,,49be8512c11b
14923474,2026-10-01 10:10:30,actions-trading,MFHS2,092220,seen,,c70a604979f6
14923474,2026-10-01 10:10:30,actions-trading,MFHS2,093050,seen,,45cb3857b262
14923474,2026-10-01 10:10:30,actions-trading,MFHS2,035000,seen,,20029a0cce08
14923474,2026-10-01 10:10:30,actions-trading,MFHS2,004310,seen,,1c301a52e062
14923474,2026-10-01 10:10:33,actions-trading,상승모멘텀,084010,skip,max_holdings,d8f3e704d880
14923474,2026-10-01 10:10:33,actions-trading,상승모멘텀,192650,seen,,a4634f507b38
14923474,2026-10-01 10:10:33,actions-trading,상승모멘텀,036570,seen,,8f945738fa44
14923474,2026-10-01 10:10:33,actions-trading,상승모멘텀,109070,seen,,a60ca7220532
14923474,2026-10-01 10:10:33,actions-trading,상승모멘텀,460860,seen,,fdb678d1dd0b
14923474,2026-10-01 10:10:33,actions-trading,상승모멘텀,003160,seen,,59c648dc5d89
14923474,2026-10-01 10:10:33,actions-trading,상승모멘텀,002240,seen,,41f4827e75bb
14923474,2026-10-01 10:10:33,actions-trading,상승모멘텀,093050,seen,,45cb3857b262
14923474,2026-10-01 10:10:33,actions-trading,상승모멘텀,004105,seen,,9124bef1f6b0
14923474,2026-10-01 10:10:33,actions-trading,상승모멘텀,005030,seen,,7c5ea2a80d2d
14923474,2026-10-01 10:10:33,actions-trading,상승모멘텀,0126Z0,seen,,1d1372a121d7
14923474,2026-10-01 10:10:33,actions-trading,상승모멘텀,248070,seen,,48b1f26a7b4d
14923474,2026-10-01 10:10:33,actions-trading,상승모멘텀,004710,seen,,6f8d83e262b7
14923474,2026-10-01 10:10:33,actions-trading,상승모멘텀,000760,seen,,dab2c373da9e
14923474,2026-10-01 10:10:33,actions-trading,상승모멘텀,005850,seen,,cd751c549605
14923474,2026-10-01 10:10:33,actions-trading,상승모멘텀,005430,seen,,8c124ded7754
14923474,2026-10-01 10:10:33,actions-trading,상승모멘텀,012200,seen,,f7992820deb4
14923474,2026-10-01 10:10:33,actions-trading,상승모멘텀,012330,seen,,72a8da36a8e5
14923474,2026-10-01 10:10:33,actions-trading,상승모멘텀,012030,seen,,a6cb799d6842
14923474,2026-10-01 10:10:33,actions-trading,상승모멘텀,104700,seen,,4f5e41fa0789
14923474,2026-10-01 10:10:33,actions-trading,상승모멘텀,003465,seen,,e033d4043cbc
14923474,2026-10-01 10:10:33,actions-trading,상승모멘텀,093370,seen,,206e2a7ee198
14923474,2026-10-01 10:10:33,actions-trading,상승모멘텀,181710,seen,,05f3e51ebd87
14923474,2026-10-01 10:10:33,actions-trading,상승모멘텀,003120,seen,,d445882da0af
14923474,2026-10-01 10:10:33,actions-trading,상승모멘텀,009900,seen,,a1b1e4194635
14923474,2026-10-01 10:10:33,actions-trading,상승모멘텀,014680,seen,,f6bdb4fd2504
14923474,2026-10-01 10:10:33,actions-trading,상승모멘텀,480370,seen,,c975509e700a
14923474,2026-10-01 10:10:33,actions-trading,상승모멘텀,011930,seen,,44fe0842819f
14923474,2026-10-01 10:10:33,actions-trading,상승모멘텀,006280,seen,,5c62a81b213d
14923474,2026-10-01 10:10:33,actions-trading,상승모멘텀,017370,seen,,bb2c54019cc6
14923474,2026-10-01 10:10:33,actions-trading,Sim4-1,084010,skip,period,d8f3e704d880
14923474,2026-10-01 10:10:33,actions-trading,Sim4-1,192650,skip,period,a4634f507b38
14923474,2026-10-01 10:10:33,actions-trading,Sim4-1,036570,skip,period,8f945738fa44
14923474,2026-10-01 10:10:33,actions-trading,Sim4-1,109070,skip,amount,a60ca7220532
14923474,2026-10-01 10:10:33,actions-trading,Sim4-1,460860,skip,adx_high,fdb678d1dd0b
14923474,2026-10-01 10:10:33,actions-trading,Sim4-1,003160,skip,held_or_cooldown,59c648dc5d89
14923474,2026-10-01 10:10:33,actions-trading,Sim4-1,002240,skip,amount,41f4827e75bb
14923474,2026-10-01 10:10:33,actions-trading,Sim4-1,093050,skip,amount,45cb3857b262
14923474,2026-10-01 10:10:33,actions-trading,Sim4-1,004105,skip,amount,9124bef1f6b0
14923474,2026-10-01 10:10:33,actions-trading,Sim4-1,005030,skip,amount,7c5ea2a80d2d
14923474,2026-10-01 10:10:33,actions-trading,Sim4-1,0126Z0,skip,adx_high,1d1372a121d7
14923474,2026-10-01 10:10:33,actions-trading,Sim4-1,248070,skip,period,48b1f26a7b4d
14923474,2026-10-01 10:10:33,actions-trading,Sim4-1,004710,skip,adx_high,6f8d83e262b7
14923474,2026-10-01 10:10:33,actions-trading,Sim4-1,000760,skip,amount,dab2c373da9e
14923474,2026-10-01 10:10:33,actions-trading,Sim4-1,005850,skip,amount,cd751c549605
14923474,2026-10-01 10:10:33,actions-trading,Sim4-1,005430,skip,amount,8c124ded7754
14923474,2026-10-01 10:10:33,actions-trading,Sim4-1,012200,skip,amount,f7992820deb4
14923474,2026-10-01 10:10:33,actions-trading,Sim4-1,012330,skip,period,72a8da36a8e5
14923474,2026-10-01 10:10:33,actions-trading,Sim4-1,012030,skip,amount,a6cb799d6842
14923474,2026-10-01 10:10:33,actions-trading,Sim4-1,104700,skip,amount,4f5e41fa0789
14923474,2026-10-01 10:10:33,actions-trading,Sim4-1,003465,skip,amount,e033d4043cbc
14923474,2026-10-01 10:10:33,actions-trading,Sim4-1,093370,skip,adx_high,206e2a7ee198
14923474,2026-10-01 10:10:33,actions-trading,Sim4-1,181710,skip,adx_high,05f3e51ebd87
14923474,2026-10-01 10:10:33,actions-trading,Sim4-1,003120,skip,amount,d445882da0af
14923474,2026-10-01 10:10:33,actions-trading,Sim4-1,009900,skip,amount,a1b1e4194635
14923474,2026-10-01 10:10:33,actions-trading,Sim4-1,014680,skip,adx_high,f6bdb4fd2504
14923474,2026-10-01 10:10:33,actions-trading,Sim4-1,480370,skip,amount,c975509e700a
14923474,2026-10-01 10:10:33,actions-trading,Sim4-1,011930,skip,amount,44fe0842819f
14923474,2026-10-01 10:10:33,actions-trading,Sim4-1,006280,skip,amount,5c62a81b213d
14923474,2026-10-01 10:10:33,actions-trading,Sim4-1,017370,skip,amount,bb2c54019cc6
14923474,2026-10-01 10:10:34,actions-trading,선행매집,028670,skip,no_setup,271bb2f34fb7
14923474,2026-10-01 10:10:34,actions-trading,선행매집,018880,skip,below_anchor,801ee419aa90
14923474,2026-10-01 10:10:34,actions-trading,선행매집,192650,skip,no_setup,a4634f507b38
14923474,2026-10-01 10:10:34,actions-trading,선행매집,009830,skip,no_52w_anchor,9684b5af7d17
14923474,2026-10-01 10:10:34,actions-trading,선행매집,011200,skip,below_anchor,f877c0c0bf73
14923474,2026-10-01 10:10:34,actions-trading,선행매집,003160,skip,no_setup,59c648dc5d89
14923474,2026-10-01 10:10:34,actions-trading,선행매집,005935,skip,below_anchor,9b956ced4809
14923474,2026-10-01 10:10:34,actions-trading,선행매집,002990,skip,below_anchor,587bbc6f1e4a
14923474,2026-10-01 10:10:34,actions-trading,선행매집,068270,skip,below_anchor,cfbec7033ea9
14923474,2026-10-01 10:10:34,actions-trading,선행매집,034220,skip,below_anchor,09fd95d77770
14923474,2026-10-01 10:10:34,actions-trading,선행매집,248070,skip,below_anchor,48b1f26a7b4d
14923474,2026-10-01 10:10:34,actions-trading,선행매집,030000,skip,below_anchor,4abd88bd7543
14923474,2026-10-01 10:10:34,actions-trading,선행매집,001250,skip,below_anchor,7deaac49bc00
14923474,2026-10-01 10:10:34,actions-trading,선행매집,005880,skip,amount,4a5c993497ed
14923474,2026-10-01 10:10:34,actions-trading,선행매집,005690,skip,below_anchor,d8f0ed3b3eab
14923474,2026-10-01 10:10:34,actions-trading,선행매집,002700,skip,amount,1c689101964d
14923474,2026-10-01 10:10:34,actions-trading,선행매집,001210,skip,below_anchor,8c5a8a612337
14923474,2026-10-01 10:10:34,actions-trading,선행매집,008350,skip,amount,1a6ba768b58f
14923474,2026-10-01 10:10:34,actions-trading,선행매집,001820,skip,below_anchor,2450f9451746
14923474,2026-10-01 10:10:34,actions-trading,선행매집,003280,skip,below_anchor,cbf02f03c057
14923474,2026-10-01 10:10:34,actions-trading,선행매집,004710,skip,below_anchor,6f8d83e262b7
14923474,2026-10-01 10:10:34,actions-trading,선행매집,003780,skip,amount,f0c5676bb14f
14923474,2026-10-01 10:10:34,actions-trading,선행매집,092220,skip,amount,c70a604979f6
14923474,2026-10-01 10:10:34,actions-trading,선행매집,089860,skip,no_setup,9d53272b3274
14923474,2026-10-01 10:10:34,actions-trading,선행매집,093050,skip,no_setup,45cb3857b262
14923474,2026-10-01 10:10:34,actions-trading,선행매집,001510,skip,amount,73a203a2455f
14923474,2026-10-01 10:10:34,actions-trading,선행매집,051910,skip,below_anchor,05d648dbf739
14923474,2026-10-01 10:10:34,actions-trading,선행매집,004770,skip,amount,726306e41cd5
14923474,2026-10-01 10:10:34,actions-trading,선행매집,093370,skip,below_anchor,206e2a7ee198
14923474,2026-10-01 10:10:34,actions-trading,선행매집,035000,skip,amount,20029a0cce08
14923474,2026-10-01 10:10:34,actions-trading,Sim9,_gate,skip,outside_entry_window,e3b0c44298fc
14923474,2026-10-01 10:10:34,actions-trading,Sim9,084010,seen,,d8f3e704d880
14923474,2026-10-01 10:10:34,actions-trading,Sim9,192650,seen,,a4634f507b38
14923474,2026-10-01 10:10:34,actions-trading,Sim9,036570,seen,,8f945738fa44
14923474,2026-10-01 10:10:34,actions-trading,Sim9,109070,seen,,a60ca7220532
14923474,2026-10-01 10:10:34,actions-trading,Sim9,460860,seen,,fdb678d1dd0b
14923474,2026-10-01 10:10:34,actions-trading,Sim9,003160,seen,,59c648dc5d89
14923474,2026-10-01 10:10:34,actions-trading,Sim9,002240,seen,,41f4827e75bb
14923474,2026-10-01 10:10:34,actions-trading,Sim9,093050,seen,,45cb3857b262
14923474,2026-10-01 10:10:34,actions-trading,Sim9,004105,seen,,9124bef1f6b0
14923474,2026-10-01 10:10:34,actions-trading,Sim9,005030,seen,,7c5ea2a80d2d
14923474,2026-10-01 10:10:34,actions-trading,Sim9,0126Z0,seen,,1d1372a121d7
14923474,2026-10-01 10:10:34,actions-trading,Sim9,248070,seen,,48b1f26a7b4d
14923474,2026-10-01 10:10:34,actions-trading,Sim9,004710,seen,,6f8d83e262b7
14923474,2026-10-01 10:10:34,actions-trading,Sim9,000760,seen,,dab2c373da9e
14923474,2026-10-01 10:10:34,actions-trading,Sim9,005850,seen,,cd751c549605
14923474,2026-10-01 10:10:34,actions-trading,Sim9,005430,seen,,8c124ded7754
14923474,2026-10-01 10:10:34,actions-trading,Sim9,012200,seen,,f7992820deb4
14923474,2026-10-01 10:10:34,actions-trading,Sim9,012330,seen,,72a8da36a8e5
14923474,2026-10-01 10:10:34,actions-trading,Sim9,012030,seen,,a6cb799d6842
14923474,2026-10-01 10:10:34,actions-trading,Sim9,104700,seen,,4f5e41fa0789
14923474,2026-10-01 10:10:34,actions-trading,Sim9,003465,seen,,e033d4043cbc
14923474,2026-10-01 10:10:34,actions-trading,Sim9,093370,seen,,206e2a7ee198
14923474,2026-10-01 10:10:34,actions-trading,Sim9,181710,seen,,05f3e51ebd87
14923474,2026-10-01 10:10:34,actions-trading,Sim9,003120,seen,,d445882da0af
14923474,2026-10-01 10:10:34,actions-trading,Sim9,009900,seen,,a1b1e4194635
14923474,2026-10-01 10:10:34,actions-trading,Sim9,014680,seen,,f6bdb4fd2504
14923474,2026-10-01 10:10:34,actions-trading,Sim9,480370,seen,,c975509e700a
14923474,2026-10-01 10:10:34,actions-trading,Sim9,011930,seen,,44fe0842819f
14923474,2026-10-01 10:10:34,actions-trading,Sim9,006280,seen,,5c62a81b213d
14923474,2026-10-01 10:10:34,actions-trading,Sim9,017370,seen,,bb2c54019cc6
14923474,2026-10-01 10:10:34,actions-trading,미너비니,192820,skip,below_pivot,070e3a6ecdc8
14923474,2026-10-01 10:10:34,actions-trading,미너비니,443060,skip,below_pivot,40edb06edc07
14923474,2026-10-01 10:10:34,actions-trading,미너비니,020120,skip,below_pivot,fbaafe72efa5
14923474,2026-10-01 10:10:35,actions-trading,Sim12,084010,skip,avoid_frgn_sell_20d,d8f3e704d880
14923474,2026-10-01 10:10:35,actions-trading,Sim12,192650,skip,pb2_not_crashed,a4634f507b38
14923474,2026-10-01 10:10:35,actions-trading,Sim12,036570,skip,pb2_not_crashed,8f945738fa44
14923474,2026-10-01 10:10:35,actions-trading,Sim12,109070,skip,avoid_amount_dry,a60ca7220532
14923474,2026-10-01 10:10:35,actions-trading,Sim12,460860,skip,avoid_frgn_sell_20d,fdb678d1dd0b
14923474,2026-10-01 10:10:35,actions-trading,Sim12,003160,skip,pb2_not_crashed,59c648dc5d89
14923474,2026-10-01 10:10:35,actions-trading,Sim12,002240,skip,avoid_frgn_sell_20d,41f4827e75bb
14923474,2026-10-01 10:10:35,actions-trading,Sim12,093050,skip,avoid_frgn_sell_20d,45cb3857b262
14923474,2026-10-01 10:10:35,actions-trading,Sim12,004105,skip,pb2_not_crashed,9124bef1f6b0
14923474,2026-10-01 10:10:35,actions-trading,Sim12,005030,skip,avoid_amount_dry,7c5ea2a80d2d
14923474,2026-10-01 10:10:35,actions-trading,Sim12,0126Z0,skip,avoid_frgn_sell_20d,1d1372a121d7
14923474,2026-10-01 10:10:35,actions-trading,Sim12,248070,skip,avoid_frgn_sell_20d,48b1f26a7b4d
14923474,2026-10-01 10:10:35,actions-trading,Sim12,004710,skip,avoid_frgn_sell_20d,6f8d83e262b7
14923474,2026-10-01 10:10:35,actions-trading,Sim12,000760,skip,avoid_amount_dry,dab2c373da9e
14923474,2026-10-01 10:10:35,actions-trading,Sim12,005850,skip,avoid_amount_dry,cd751c549605
14923474,2026-10-01 10:10:35,actions-trading,Sim12,005430,skip,pb2_not_crashed,8c124ded7754
14923474,2026-10-01 10:10:35,actions-trading,Sim12,012200,skip,avoid_amount_dry,f7992820deb4
14923474,2026-10-01 10:10:35,actions-trading,Sim12,012330,skip,pb2_not_crashed,72a8da36a8e5
14923474,2026-10-01 10:10:35,actions-trading,Sim12,012030,skip,avoid_amount_dry,a6cb799d6842
14923474,2026-10-01 10:10:35,actions-trading,Sim12,104700,skip,avoid_frgn_sell_20d,4f5e41fa0789
14923474,2026-10-01 10:10:35,actions-trading,Sim12,003465,skip,avoid_amount_dry,e033d4043cbc
14923474,2026-10-01 10:10:35,actions-trading,Sim12,093370,skip,pb2_not_crashed,206e2a7ee198
14923474,2026-10-01 10:10:35,actions-trading,Sim12,181710,skip,avoid_amount_dry,05f3e51ebd87
14923474,2026-10-01 10:10:35,actions-trading,Sim12,003120,skip,pb2_not_crashed,d445882da0af
14923474,2026-10-01 10:10:35,actions-trading,Sim12,009900,skip,avoid_amount_dry,a1b1e4194635
14923474,2026-10-01 10:10:35,actions-trading,Sim12,014680,skip,avoid_amount_dry,f6bdb4fd2504
14923474,2026-10-01 10:10:35,actions-trading,Sim12,480370,skip,avoid_amount_dry,c975509e700a
14923474,2026-10-01 10:10:35,actions-trading,Sim12,011930,skip,pb2_not_crashed,44fe0842819f
14923474,2026-10-01 10:10:35,actions-trading,Sim12,006280,skip,avoid_amount_dry,5c62a81b213d
14923474,2026-10-01 10:10:35,actions-trading,Sim12,017370,skip,avoid_amount_dry,bb2c54019cc6
14923474,2026-10-01 10:10:35,actions-trading,Sim12,051630,skip,avoid_amount_dry,53d4d3b92561
14923474,2026-10-01 10:10:35,actions-trading,Sim12,002820,skip,pb2_thin_liquidity,2b4bcdeb8661
14923474,2026-10-01 10:10:35,actions-trading,Sim12,002787,skip,avoid_amount_dry,17e40c53a049
14923474,2026-10-01 10:10:35,actions-trading,Sim12,009190,skip,avoid_amount_dry,f310219d753e
14923474,2026-10-01 10:10:35,actions-trading,Sim12,010640,skip,avoid_amount_dry,f1c63b7130d9
14923474,2026-10-01 10:10:35,actions-trading,Sim12,452260,skip,avoid_amount_dry,0ffd8d6c0204
14923474,2026-10-01 10:10:35,actions-trading,Sim12,071090,skip,pb2_not_crashed,174955ddcf2f
14923474,2026-10-01 10:10:35,actions-trading,Sim12,007110,skip,avoid_amount_dry,6b5ba582e9af
14923474,2026-10-01 10:10:35,actions-trading,Sim12,487570,skip,pb2_not_crashed,0f87c5aabef1
14923474,2026-10-01 10:10:35,actions-trading,Sim12,002690,skip,avoid_frgn_sell_20d,863e732679b1
14923474,2026-10-01 10:10:35,actions-trading,Sim12,002785,skip,avoid_amount_dry,2fa46756507a
14923474,2026-10-01 10:10:35,actions-trading,Sim12,001770,skip,avoid_amount_dry,a0fe1186faf6
14923474,2026-10-01 10:10:35,actions-trading,Sim12,002070,skip,avoid_amount_dry,8f5daf6a5f62
14923474,2026-10-01 10:10:35,actions-trading,Sim12,003780,skip,avoid_frgn_sell_20d,f0c5676bb14f
14923474,2026-10-01 10:10:35,actions-trading,Sim12,069640,skip,avoid_frgn_sell_20d,2f1dcbd4f44b
14923474,2026-10-01 10:10:35,actions-trading,Sim12,003580,skip,avoid_amount_dry,19e1074c4014
14923474,2026-10-01 10:10:35,actions-trading,Sim12,010950,skip,avoid_amount_dry,a6982eb27432
14923474,2026-10-01 10:10:35,actions-trading,Sim12,003030,skip,pb2_not_crashed,ff2f6000168b
14923474,2026-10-01 10:10:35,actions-trading,Sim12,316140,skip,avoid_amount_dry,c65f7dce417a
14923474,2026-10-01 10:10:35,actions-trading,Sim12,002995,skip,avoid_amount_dry,f2b0cb471ccb
14923474,2026-10-01 10:10:35,actions-trading,Sim12,006200,skip,pb2_thin_liquidity,7cdac82de789
14923474,2026-10-01 10:10:35,actions-trading,Sim12,003075,skip,pb2_not_crashed,486e9de1db2d
14923474,2026-10-01 10:10:35,actions-trading,Sim12,006260,skip,avoid_amount_dry,a6d19c2545ab
14923474,2026-10-01 10:10:35,actions-trading,Sim12,005010,skip,pb2_not_crashed,7c73c6aa7c7e
14923474,2026-10-01 10:10:35,actions-trading,Sim12,37550L,skip,avoid_amount_dry,b0d03e1cf113
14923474,2026-10-01 10:10:35,actions-trading,Sim12,457190,skip,avoid_frgn_sell_20d,076e42183cf5
14923474,2026-10-01 10:10:35,actions-trading,Sim12,014280,skip,avoid_amount_dry,e978f7db47a5
14923474,2026-10-01 10:10:35,actions-trading,Sim12,017900,skip,avoid_amount_dry,70e235707b7b
14923474,2026-10-01 10:10:35,actions-trading,Sim12,317400,skip,avoid_amount_dry,854462b24d6f
14923474,2026-10-01 10:10:35,actions-trading,Sim12,004170,skip,avoid_amount_dry,b9617f0fefd4
14923474,2026-10-01 10:10:36,actions-trading,Sim13,084010,skip,theme_momentum_weak,d8f3e704d880
14923474,2026-10-01 10:10:36,actions-trading,Sim13,192650,skip,no_frgn_support,a4634f507b38
14923474,2026-10-01 10:10:36,actions-trading,Sim13,036570,skip,theme_momentum_weak,8f945738fa44
14923474,2026-10-01 10:10:36,actions-trading,Sim13,109070,skip,amount_not_surprised,a60ca7220532
14923474,2026-10-01 10:10:36,actions-trading,Sim13,460860,skip,theme_momentum_weak,fdb678d1dd0b
14923474,2026-10-01 10:10:36,actions-trading,Sim13,003160,skip,no_frgn_support,59c648dc5d89
14923474,2026-10-01 10:10:36,actions-trading,Sim13,002240,skip,theme_momentum_weak,41f4827e75bb
14923474,2026-10-01 10:10:36,actions-trading,Sim13,093050,skip,theme_momentum_weak,45cb3857b262
14923474,2026-10-01 10:10:36,actions-trading,Sim13,004105,skip,no_frgn_support,9124bef1f6b0
14923474,2026-10-01 10:10:36,actions-trading,Sim13,005030,skip,theme_momentum_weak,7c5ea2a80d2d
14923474,2026-10-01 10:10:36,actions-trading,Sim13,0126Z0,skip,theme_momentum_weak,1d1372a121d7
14923474,2026-10-01 10:10:36,actions-trading,Sim13,248070,skip,theme_momentum_weak,48b1f26a7b4d
14923474,2026-10-01 10:10:36,actions-trading,Sim13,004710,skip,amount_not_surprised,6f8d83e262b7
14923474,2026-10-01 10:10:36,actions-trading,Sim13,000760,skip,theme_momentum_weak,dab2c373da9e
14923474,2026-10-01 10:10:36,actions-trading,Sim13,005850,skip,theme_momentum_weak,cd751c549605
14923474,2026-10-01 10:10:36,actions-trading,Sim13,005430,skip,theme_momentum_weak,8c124ded7754
14923474,2026-10-01 10:10:36,actions-trading,Sim13,012200,skip,theme_momentum_weak,f7992820deb4
14923474,2026-10-01 10:10:36,actions-trading,Sim13,012330,skip,theme_momentum_weak,72a8da36a8e5
14923474,2026-10-01 10:10:36,actions-trading,Sim13,012030,skip,adx_weak,a6cb799d6842
14923474,2026-10-01 10:10:36,actions-trading,Sim13,104700,skip,theme_momentum_weak,4f5e41fa0789
14923474,2026-10-01 10:10:36,actions-trading,Sim13,003465,skip,theme_momentum_weak,e033d4043cbc
14923474,2026-10-01 10:10:36,actions-trading,Sim13,093370,skip,no_frgn_support,206e2a7ee198
14923474,2026-10-01 10:10:36,actions-trading,Sim13,181710,skip,theme_momentum_weak,05f3e51ebd87
14923474,2026-10-01 10:10:36,actions-trading,Sim13,003120,skip,theme_momentum_weak,d445882da0af
14923474,2026-10-01 10:10:36,actions-trading,Sim13,009900,skip,theme_momentum_weak,a1b1e4194635
14923474,2026-10-01 10:10:36,actions-trading,Sim13,014680,skip,amount_not_surprised,f6bdb4fd2504
14923474,2026-10-01 10:10:36,actions-trading,Sim13,480370,skip,adx_weak,c975509e700a
14923474,2026-10-01 10:10:36,actions-trading,Sim13,011930,skip,theme_momentum_weak,44fe0842819f
14923474,2026-10-01 10:10:36,actions-trading,Sim13,006280,skip,theme_momentum_weak,5c62a81b213d
14923474,2026-10-01 10:10:36,actions-trading,Sim13,017370,skip,theme_momentum_weak,bb2c54019cc6
14923476,2026-10-01 10:12:44,actions-trading,Sim3,402340,skip,adx,762149f832ac
14923476,2026-10-01 10:12:44,actions-trading,Sim3,383800,skip,amount,626336d57757
14923476,2026-10-01 10:12:44,actions-trading,Sim3,462870,skip,amount,be1635922a2f
14923476,2026-10-01 10:12:44,actions-trading,Sim3,000660,skip,qty_zero,c736a22c35f0
14923476,2026-10-01 10:12:44,actions-trading,Sim3,071970,skip,held_or_sold_today,d4477a7710b6
14923476,2026-10-01 10:12:44,actions-trading,Sim3,042700,skip,not_cheap,04deadc96c37
14923476,2026-10-01 10:12:44,actions-trading,Sim3,326030,skip,amount,a8895206375a
14923476,2026-10-01 10:12:44,actions-trading,Sim3,207940,skip,not_cheap,01ce591d04d3
14923476,2026-10-01 10:12:44,actions-trading,Sim3,033920,skip,amount,8498b73fbaf9
14923476,2026-10-01 10:12:44,actions-trading,Sim3,004770,skip,amount,d61b164318f1
14923476,2026-10-01 10:12:44,actions-trading,Sim3,0126Z0,skip,not_cheap,15d939957f9c
14923476,2026-10-01 10:12:44,actions-trading,Sim3,062040,skip,not_cheap,44a8cb76f598
14923476,2026-10-01 10:12:44,actions-trading,Sim3,317450,skip,amount,2c3aecc86891
14923476,2026-10-01 10:12:44,actions-trading,Sim3,026960,skip,amount,8313023bff64
14923476,2026-10-01 10:12:44,actions-trading,Sim3,021820,skip,amount,507589c98b1e
14923476,2026-10-01 10:12:44,actions-trading,Sim3,192080,skip,amount,56f67ed28b27
14923476,2026-10-01 10:12:44,actions-trading,Sim3,068270,skip,held_or_sold_today,a119d3ac9e29
14923476,2026-10-01 10:12:44,actions-trading,Sim3,123890,skip,amount,f7938227fa40
14923476,2026-10-01 10:12:44,actions-trading,Sim3,000240,skip,amount,da487bc8e437
14923476,2026-10-01 10:12:44,actions-trading,Sim3,002380,skip,held_or_sold_today,02f3fdb8e231
14923476,2026-10-01 10:12:44,actions-trading,Sim3,009770,skip,amount,d142bcd86f70
14923476,2026-10-01 10:12:44,actions-trading,Sim3,259960,skip,held_or_sold_today,2ae87b500fd1
14923476,2026-10-01 10:12:44,actions-trading,Sim3,035250,skip,amount,1ec5ea9ffc7b
14923476,2026-10-01 10:12:44,actions-trading,Sim3,383220,skip,amount,85ed588924f4
14923476,2026-10-01 10:12:44,actions-trading,Sim3,226320,skip,amount,3ed25c0dfa06
14923476,2026-10-01 10:12:44,actions-trading,Sim3,439260,skip,amount,bfaba54a33c8
14923476,2026-10-01 10:12:44,actions-trading,Sim3,025560,skip,cooldown,3093ee3312ef
14923476,2026-10-01 10:12:44,actions-trading,Sim3,007700,skip,amount,6dee7c88ac23
14923476,2026-10-01 10:12:44,actions-trading,Sim3,278470,skip,not_cheap,31107aa1e2b3
14923476,2026-10-01 10:12:44,actions-trading,Sim3,000990,skip,not_cheap,6d05fb9c263a
14923476,2026-10-01 10:13:24,actions-trading,MFHS2,028670,skip,max_holdings,256a8ee01b90
14923476,2026-10-01 10:13:24,actions-trading,MFHS2,018880,seen,,f960c09fc458
14923476,2026-10-01 10:13:24,actions-trading,MFHS2,003160,seen,,d6250393cfd2
14923476,2026-10-01 10:13:24,actions-trading,MFHS2,005935,seen,,7562cc012f8c
14923476,2026-10-01 10:13:24,actions-trading,MFHS2,002990,seen,,7dfb32cf4ae5
14923476,2026-10-01 10:13:24,actions-trading,MFHS2,011200,seen,,6e0f79171b7d
14923476,2026-10-01 10:13:24,actions-trading,MFHS2,248070,seen,,5ec7b59e8a7d
14923476,2026-10-01 10:13:24,actions-trading,MFHS2,034220,seen,,ca4336948388
14923476,2026-10-01 10:13:24,actions-trading,MFHS2,192650,seen,,45042b3f4a36
14923476,2026-10-01 10:13:24,actions-trading,MFHS2,068270,seen,,c5071b0ed708
14923476,2026-10-01 10:13:24,actions-trading,MFHS2,030000,seen,,c3eaa3d7d1b4
14923476,2026-10-01 10:13:24,actions-trading,MFHS2,001250,seen,,64df20166dcd
14923476,2026-10-01 10:13:24,actions-trading,MFHS2,009830,seen,,7ae6404c19e5
14923476,2026-10-01 10:13:24,actions-trading,MFHS2,004710,seen,,caeda0fdd0d9
14923476,2026-10-01 10:13:24,actions-trading,MFHS2,005880,seen,,bf605279c119
14923476,2026-10-01 10:13:24,actions-trading,MFHS2,005690,seen,,3ccd32b4a2e9
14923476,2026-10-01 10:13:24,actions-trading,MFHS2,093370,seen,,253d7d9f78f9
14923476,2026-10-01 10:13:24,actions-trading,MFHS2,002700,seen,,cb148354a8b9
14923476,2026-10-01 10:13:24,actions-trading,MFHS2,008350,seen,,e7945822a1b2
14923476,2026-10-01 10:13:24,actions-trading,MFHS2,003280,seen,,2d1e318a109b
14923476,2026-10-01 10:13:24,actions-trading,MFHS2,001820,seen,,9d910828f800
14923476,2026-10-01 10:13:24,actions-trading,MFHS2,001210,seen,,054e24cccbe7
14923476,2026-10-01 10:13:24,actions-trading,MFHS2,003780,seen,,2429ec016923
14923476,2026-10-01 10:13:24,actions-trading,MFHS2,001510,seen,,d400d34c753a
14923476,2026-10-01 10:13:24,actions-trading,MFHS2,089860,seen,,a1055920aa7e
14923476,2026-10-01 10:13:24,actions-trading,MFHS2,086790,seen,,8b0e81c3a98c
14923476,2026-10-01 10:13:24,actions-trading,MFHS2,092220,seen,,c880fa64bf69
14923476,2026-10-01 10:13:24,actions-trading,MFHS2,093050,seen,,0ca83679b5a6
14923476,2026-10-01 10:13:24,actions-trading,MFHS2,035000,seen,,acf816027287
14923476,2026-10-01 10:13:24,actions-trading,MFHS2,004310,seen,,842fe5f44e1e
14923476,2026-10-01 10:13:26,actions-trading,상승모멘텀,084010,skip,max_holdings,3c0354c324ab
14923476,2026-10-01 10:13:26,actions-trading,상승모멘텀,192650,seen,,45042b3f4a36
14923476,2026-10-01 10:13:26,actions-trading,상승모멘텀,036570,seen,,0665ea121562
14923476,2026-10-01 10:13:26,actions-trading,상승모멘텀,109070,seen,,8dfcf31f599b
14923476,2026-10-01 10:13:26,actions-trading,상승모멘텀,460860,seen,,fa288718fb64
14923476,2026-10-01 10:13:26,actions-trading,상승모멘텀,003160,seen,,d6250393cfd2
14923476,2026-10-01 10:13:26,actions-trading,상승모멘텀,004105,seen,,e5ecea1eb474
14923476,2026-10-01 10:13:26,actions-trading,상승모멘텀,002240,seen,,da3617fb8b6d
14923476,2026-10-01 10:13:26,actions-trading,상승모멘텀,093050,seen,,0ca83679b5a6
14923476,2026-10-01 10:13:26,actions-trading,상승모멘텀,005030,seen,,7c5ea2a80d2d
14923476,2026-10-01 10:13:26,actions-trading,상승모멘텀,004710,seen,,caeda0fdd0d9
14923476,2026-10-01 10:13:26,actions-trading,상승모멘텀,0126Z0,seen,,5849bdfa8bbd
14923476,2026-10-01 10:13:26,actions-trading,상승모멘텀,248070,seen,,5ec7b59e8a7d
14923476,2026-10-01 10:13:26,actions-trading,상승모멘텀,000760,seen,,dab2c373da9e
14923476,2026-10-01 10:13:26,actions-trading,상승모멘텀,003120,seen,,36098782da6f
14923476,2026-10-01 10:13:26,actions-trading,상승모멘텀,012030,seen,,a633a1ee3a56
14923476,2026-10-01 10:13:26,actions-trading,상승모멘텀,005850,seen,,d56dae47166b
14923476,2026-10-01 10:13:26,actions-trading,상승모멘텀,480370,seen,,234d12695628
14923476,2026-10-01 10:13:26,actions-trading,상승모멘텀,005430,seen,,7358e95ff4e4
14923476,2026-10-01 10:13:26,actions-trading,상승모멘텀,012330,seen,,71326bb2a1df
14923476,2026-10-01 10:13:26,actions-trading,상승모멘텀,093370,seen,,253d7d9f78f9
14923476,2026-10-01 10:13:26,actions-trading,상승모멘텀,009420,seen,,97ce02894743
14923476,2026-10-01 10:13:26,actions-trading,상승모멘텀,055490,seen,,79833ab80a56
14923476,2026-10-01 10:13:26,actions-trading,상승모멘텀,181710,seen,,c6fb1e39886f
14923476,2026-10-01 10:13:26,actions-trading,상승모멘텀,003465,seen,,e033d4043cbc
14923476,2026-10-01 10:13:26,actions-trading,상승모멘텀,104700,seen,,6d80d79325ff
14923476,2026-10-01 10:13:26,actions-trading,상승모멘텀,006280,seen,,8af799682b00
14923476,2026-10-01 10:13:26,actions-trading,상승모멘텀,005690,seen,,3ccd32b4a2e9
14923476,2026-10-01 10:13:26,actions-trading,상승모멘텀,009900,seen,,b85e5bf625a1
14923476,2026-10-01 10:13:26,actions-trading,상승모멘텀,014680,seen,,175864832bf3
14923476,2026-10-01 10:13:26,actions-trading,Sim4-1,084010,skip,period,3c0354c324ab
14923476,2026-10-01 10:13:26,actions-trading,Sim4-1,192650,skip,period,45042b3f4a36
14923476,2026-10-01 10:13:26,actions-trading,Sim4-1,036570,skip,period,0665ea121562
14923476,2026-10-01 10:13:26,actions-trading,Sim4-1,109070,skip,amount,8dfcf31f599b
14923476,2026-10-01 10:13:26,actions-trading,Sim4-1,460860,skip,adx_high,fa288718fb64
14923476,2026-10-01 10:13:26,actions-trading,Sim4-1,003160,skip,held_or_cooldown,d6250393cfd2
14923476,2026-10-01 10:13:26,actions-trading,Sim4-1,004105,skip,amount,e5ecea1eb474
14923476,2026-10-01 10:13:26,actions-trading,Sim4-1,002240,skip,amount,da3617fb8b6d
14923476,2026-10-01 10:13:26,actions-trading,Sim4-1,093050,skip,amount,0ca83679b5a6
14923476,2026-10-01 10:13:26,actions-trading,Sim4-1,005030,skip,amount,7c5ea2a80d2d
14923476,2026-10-01 10:13:26,actions-trading,Sim4-1,004710,skip,adx_high,caeda0fdd0d9
14923476,2026-10-01 10:13:26,actions-trading,Sim4-1,0126Z0,skip,adx_high,5849bdfa8bbd
14923476,2026-10-01 10:13:26,actions-trading,Sim4-1,248070,skip,period,5ec7b59e8a7d
14923476,2026-10-01 10:13:26,actions-trading,Sim4-1,000760,skip,amount,dab2c373da9e
14923476,2026-10-01 10:13:26,actions-trading,Sim4-1,003120,skip,amount,36098782da6f
14923476,2026-10-01 10:13:26,actions-trading,Sim4-1,012030,skip,amount,a633a1ee3a56
14923476,2026-10-01 10:13:26,actions-trading,Sim4-1,005850,skip,amount,d56dae47166b
14923476,2026-10-01 10:13:26,actions-trading,Sim4-1,480370,skip,amount,234d12695628
14923476,2026-10-01 10:13:26,actions-trading,Sim4-1,005430,skip,amount,7358e95ff4e4
14923476,2026-10-01 10:13:26,actions-trading,Sim4-1,012330,skip,period,71326bb2a1df
14923476,2026-10-01 10:13:26,actions-trading,Sim4-1,093370,skip,adx_high,253d7d9f78f9
14923476,2026-10-01 10:13:26,actions-trading,Sim4-1,009420,skip,amount,97ce02894743
14923476,2026-10-01 10:13:26,actions-trading,Sim4-1,055490,skip,amount,79833ab80a56
14923476,2026-10-01 10:13:26,actions-trading,Sim4-1,181710,skip,adx_high,c6fb1e39886f
14923476,2026-10-01 10:13:26,actions-trading,Sim4-1,003465,skip,amount,e033d4043cbc
14923476,2026-10-01 10:13:26,actions-trading,Sim4-1,104700,skip,amount,6d80d79325ff
14923476,2026-10-01 10:13:26,actions-trading,Sim4-1,006280,skip,amount,8af799682b00
14923476,2026-10-01 10:13:26,actions-trading,Sim4-1,005690,skip,adx_high,3ccd32b4a2e9
14923476,2026-10-01 10:13:26,actions-trading,Sim4-1,009900,skip,amount,b85e5bf625a1
14923476,2026-10-01 10:13:26,actions-trading,Sim4-1,014680,skip,adx_high,175864832bf3
14923476,2026-10-01 10:13:28,actions-trading,선행매집,028670,skip,no_setup,256a8ee01b90
14923476,2026-10-01 10:13:28,actions-trading,선행매집,018880,skip,below_anchor,f960c09fc458
14923476,2026-10-01 10:13:28,actions-trading,선행매집,192650,skip,no_setup,45042b3f4a36
14923476,2026-10-01 10:13:28,actions-trading,선행매집,009830,skip,below_anchor,7ae6404c19e5
14923476,2026-10-01 10:13:28,actions-trading,선행매집,011200,skip,below_anchor,6e0f79171b7d
14923476,2026-10-01 10:13:28,actions-trading,선행매집,003160,skip,no_setup,d6250393cfd2
14923476,2026-10-01 10:13:28,actions-trading,선행매집,005935,skip,below_anchor,7562cc012f8c
14923476,2026-10-01 10:13:28,actions-trading,선행매집,002990,skip,below_anchor,7dfb32cf4ae5
14923476,2026-10-01 10:13:28,actions-trading,선행매집,068270,skip,below_anchor,c5071b0ed708
14923476,2026-10-01 10:13:28,actions-trading,선행매집,034220,skip,below_anchor,ca4336948388
14923476,2026-10-01 10:13:28,actions-trading,선행매집,248070,skip,below_anchor,5ec7b59e8a7d
14923476,2026-10-01 10:13:28,actions-trading,선행매집,030000,skip,below_anchor,c3eaa3d7d1b4
14923476,2026-10-01 10:13:28,actions-trading,선행매집,001250,skip,below_anchor,64df20166dcd
14923476,2026-10-01 10:13:28,actions-trading,선행매집,005880,skip,amount,bf605279c119
14923476,2026-10-01 10:13:28,actions-trading,선행매집,005690,skip,below_anchor,3ccd32b4a2e9
14923476,2026-10-01 10:13:28,actions-trading,선행매집,002700,skip,amount,cb148354a8b9
14923476,2026-10-01 10:13:28,actions-trading,선행매집,001210,skip,below_anchor,054e24cccbe7
14923476,2026-10-01 10:13:28,actions-trading,선행매집,008350,skip,amount,e7945822a1b2
14923476,2026-10-01 10:13:28,actions-trading,선행매집,001820,skip,below_anchor,9d910828f800
14923476,2026-10-01 10:13:28,actions-trading,선행매집,003280,skip,below_anchor,2d1e318a109b
14923476,2026-10-01 10:13:28,actions-trading,선행매집,004710,skip,below_anchor,caeda0fdd0d9
14923476,2026-10-01 10:13:28,actions-trading,선행매집,003780,skip,amount,2429ec016923
14923476,2026-10-01 10:13:28,actions-trading,선행매집,092220,skip,amount,c880fa64bf69
14923476,2026-10-01 10:13:28,actions-trading,선행매집,089860,skip,no_setup,a1055920aa7e
14923476,2026-10-01 10:13:28,actions-trading,선행매집,093050,skip,no_setup,0ca83679b5a6
14923476,2026-10-01 10:13:28,actions-trading,선행매집,001510,skip,amount,d400d34c753a
14923476,2026-10-01 10:13:28,actions-trading,선행매집,051910,skip,below_anchor,c294cc1531e5
14923476,2026-10-01 10:13:28,actions-trading,선행매집,004770,skip,amount,237780810762
14923476,2026-10-01 10:13:28,actions-trading,선행매집,093370,skip,below_anchor,253d7d9f78f9
14923476,2026-10-01 10:13:28,actions-trading,선행매집,035000,skip,amount,acf816027287
14923476,2026-10-01 10:13:28,actions-trading,Sim9,_gate,skip,outside_entry_window,e3b0c44298fc
14923476,2026-10-01 10:13:28,actions-trading,Sim9,084010,seen,,3c0354c324ab
14923476,2026-10-01 10:13:28,actions-trading,Sim9,192650,seen,,45042b3f4a36
14923476,2026-10-01 10:13:28,actions-trading,Sim9,036570,seen,,0665ea121562
14923476,2026-10-01 10:13:28,actions-trading,Sim9,109070,seen,,8dfcf31f599b
14923476,2026-10-01 10:13:28,actions-trading,Sim9,460860,seen,,fa288718fb64
14923476,2026-10-01 10:13:28,actions-trading,Sim9,003160,seen,,d6250393cfd2
14923476,2026-10-01 10:13:28,actions-trading,Sim9,004105,seen,,e5ecea1eb474
14923476,2026-10-01 10:13:28,actions-trading,Sim9,002240,seen,,da3617fb8b6d
14923476,2026-10-01 10:13:28,actions-trading,Sim9,093050,seen,,0ca83679b5a6
14923476,2026-10-01 10:13:28,actions-trading,Sim9,005030,seen,,7c5ea2a80d2d
14923476,2026-10-01 10:13:28,actions-trading,Sim9,004710,seen,,caeda0fdd0d9
14923476,2026-10-01 10:13:28,actions-trading,Sim9,0126Z0,seen,,5849bdfa8bbd
14923476,2026-10-01 10:13:28,actions-trading,Sim9,248070,seen,,5ec7b59e8a7d
14923476,2026-10-01 10:13:28,actions-trading,Sim9,000760,seen,,dab2c373da9e
14923476,2026-10-01 10:13:28,actions-trading,Sim9,003120,seen,,36098782da6f
14923476,2026-10-01 10:13:28,actions-trading,Sim9,012030,seen,,a633a1ee3a56
14923476,2026-10-01 10:13:28,actions-trading,Sim9,005850,seen,,d56dae47166b
14923476,2026-10-01 10:13:28,actions-trading,Sim9,480370,seen,,234d12695628
14923476,2026-10-01 10:13:28,actions-trading,Sim9,005430,seen,,7358e95ff4e4
14923476,2026-10-01 10:13:28,actions-trading,Sim9,012330,seen,,71326bb2a1df
14923476,2026-10-01 10:13:28,actions-trading,Sim9,093370,seen,,253d7d9f78f9
14923476,2026-10-01 10:13:28,actions-trading,Sim9,009420,seen,,97ce02894743
14923476,2026-10-01 10:13:28,actions-trading,Sim9,055490,seen,,79833ab80a56
14923476,2026-10-01 10:13:28,actions-trading,Sim9,181710,seen,,c6fb1e39886f
14923476,2026-10-01 10:13:28,actions-trading,Sim9,003465,seen,,e033d4043cbc
14923476,2026-10-01 10:13:28,actions-trading,Sim9,104700,seen,,6d80d79325ff
14923476,2026-10-01 10:13:28,actions-trading,Sim9,006280,seen,,8af799682b00
14923476,2026-10-01 10:13:28,actions-trading,Sim9,005690,seen,,3ccd32b4a2e9
14923476,2026-10-01 10:13:28,actions-trading,Sim9,009900,seen,,b85e5bf625a1
14923476,2026-10-01 10:13:28,actions-trading,Sim9,014680,seen,,175864832bf3
14923476,2026-10-01 10:13:28,actions-trading,미너비니,192820,skip,below_pivot,74579cee6053
14923476,2026-10-01 10:13:28,actions-trading,미너비니,443060,skip,below_pivot,344a35483165
14923476,2026-10-01 10:13:28,actions-trading,미너비니,020120,skip,below_pivot,9d231486fa0c
14923476,2026-10-01 10:13:28,actions-trading,Sim12,084010,skip,avoid_frgn_sell_20d,3c0354c324ab
14923476,2026-10-01 10:13:28,actions-trading,Sim12,192650,skip,pb2_not_crashed,45042b3f4a36
14923476,2026-10-01 10:13:28,actions-trading,Sim12,036570,skip,pb2_not_crashed,0665ea121562
14923476,2026-10-01 10:13:28,actions-trading,Sim12,109070,skip,pb2_not_crashed,8dfcf31f599b
14923476,2026-10-01 10:13:28,actions-trading,Sim12,460860,skip,avoid_frgn_sell_20d,fa288718fb64
14923476,2026-10-01 10:13:28,actions-trading,Sim12,003160,skip,pb2_not_crashed,d6250393cfd2
14923476,2026-10-01 10:13:28,actions-trading,Sim12,004105,skip,pb2_not_crashed,e5ecea1eb474
14923476,2026-10-01 10:13:28,actions-trading,Sim12,002240,skip,avoid_frgn_sell_20d,da3617fb8b6d
14923476,2026-10-01 10:13:28,actions-trading,Sim12,093050,skip,avoid_frgn_sell_20d,0ca83679b5a6
14923476,2026-10-01 10:13:28,actions-trading,Sim12,005030,skip,avoid_amount_dry,7c5ea2a80d2d
14923476,2026-10-01 10:13:28,actions-trading,Sim12,004710,skip,avoid_frgn_sell_20d,caeda0fdd0d9
14923476,2026-10-01 10:13:28,actions-trading,Sim12,0126Z0,skip,avoid_frgn_sell_20d,5849bdfa8bbd
14923476,2026-10-01 10:13:28,actions-trading,Sim12,248070,skip,avoid_frgn_sell_20d,5ec7b59e8a7d
14923476,2026-10-01 10:13:28,actions-trading,Sim12,000760,skip,avoid_amount_dry,dab2c373da9e
14923476,2026-10-01 10:13:28,actions-trading,Sim12,003120,skip,pb2_not_crashed,36098782da6f
14923476,2026-10-01 10:13:28,actions-trading,Sim12,012030,skip,avoid_amount_dry,a633a1ee3a56
14923476,2026-10-01 10:13:28,actions-trading,Sim12,005850,skip,avoid_amount_dry,d56dae47166b
14923476,2026-10-01 10:13:28,actions-trading,Sim12,480370,skip,avoid_amount_dry,234d12695628
14923476,2026-10-01 10:13:28,actions-trading,Sim12,005430,skip,pb2_not_crashed,7358e95ff4e4
14923476,2026-10-01 10:13:28,actions-trading,Sim12,012330,skip,pb2_not_crashed,71326bb2a1df
14923476,2026-10-01 10:13:28,actions-trading,Sim12,093370,skip,pb2_not_crashed,253d7d9f78f9
14923476,2026-10-01 10:13:28,actions-trading,Sim12,009420,skip,avoid_amount_dry,97ce02894743
14923476,2026-10-01 10:13:28,actions-trading,Sim12,055490,skip,avoid_frgn_sell_20d,79833ab80a56
14923476,2026-10-01 10:13:28,actions-trading,Sim12,181710,skip,avoid_amount_dry,c6fb1e39886f
14923476,2026-10-01 10:13:28,actions-trading,Sim12,003465,skip,avoid_amount_dry,e033d4043cbc
14923476,2026-10-01 10:13:28,actions-trading,Sim12,104700,skip,avoid_frgn_sell_20d,6d80d79325ff
14923476,2026-10-01 10:13:28,actions-trading,Sim12,006280,skip,avoid_amount_dry,8af799682b00
14923476,2026-10-01 10:13:28,actions-trading,Sim12,005690,skip,avoid_amount_dry,3ccd32b4a2e9
14923476,2026-10-01 10:13:28,actions-trading,Sim12,009900,skip,avoid_amount_dry,b85e5bf625a1
14923476,2026-10-01 10:13:28,actions-trading,Sim12,014680,skip,avoid_amount_dry,175864832bf3
14923476,2026-10-01 10:13:28,actions-trading,Sim12,051630,skip,avoid_amount_dry,00f03084a0c3
14923476,2026-10-01 10:13:28,actions-trading,Sim12,002820,skip,pb2_thin_liquidity,e584e39f17a1
14923476,2026-10-01 10:13:28,actions-trading,Sim12,002787,skip,avoid_amount_dry,17e40c53a049
14923476,2026-10-01 10:13:28,actions-trading,Sim12,009190,skip,avoid_amount_dry,ea8ae130afd0
14923476,2026-10-01 10:13:28,actions-trading,Sim12,071090,skip,pb2_not_crashed,29da1f43a675
14923476,2026-10-01 10:13:28,actions-trading,Sim12,452260,skip,avoid_amount_dry,2713dc6f92b8
14923476,2026-10-01 10:13:28,actions-trading,Sim12,010640,skip,avoid_amount_dry,5045af27fb93
14923476,2026-10-01 10:13:28,actions-trading,Sim12,002690,skip,avoid_frgn_sell_20d,13e301ebad15
14923476,2026-10-01 10:13:28,actions-trading,Sim12,487570,skip,pb2_not_crashed,5798281a374a
14923476,2026-10-01 10:13:28,actions-trading,Sim12,006980,skip,avoid_amount_dry,2d4e5c020e08
14923476,2026-10-01 10:13:28,actions-trading,Sim12,007110,skip,avoid_amount_dry,6b8a577d85d9
14923476,2026-10-01 10:13:28,actions-trading,Sim12,002785,skip,avoid_amount_dry,2fa46756507a
14923476,2026-10-01 10:13:28,actions-trading,Sim12,001770,skip,avoid_amount_dry,a0fe1186faf6
14923476,2026-10-01 10:13:28,actions-trading,Sim12,003780,skip,avoid_frgn_sell_20d,2429ec016923
14923476,2026-10-01 10:13:28,actions-trading,Sim12,003030,skip,pb2_not_crashed,42d291636ba9
14923476,2026-10-01 10:13:28,actions-trading,Sim12,003580,skip,avoid_amount_dry,389d509197d6
14923476,2026-10-01 10:13:28,actions-trading,Sim12,069640,skip,avoid_frgn_sell_20d,2c887fda8f22
14923476,2026-10-01 10:13:28,actions-trading,Sim12,002070,skip,avoid_amount_dry,d0e20a9f7b8a
14923476,2026-10-01 10:13:28,actions-trading,Sim12,316140,skip,avoid_amount_dry,fe8bce832751
14923476,2026-10-01 10:13:28,actions-trading,Sim12,010950,skip,avoid_amount_dry,2eb1c834f781
14923476,2026-10-01 10:13:28,actions-trading,Sim12,002995,skip,avoid_amount_dry,f2b0cb471ccb
14923476,2026-10-01 10:13:28,actions-trading,Sim12,005010,skip,pb2_not_crashed,c3892ae49806
14923476,2026-10-01 10:13:28,actions-trading,Sim12,003075,skip,pb2_not_crashed,486e9de1db2d
14923476,2026-10-01 10:13:28,actions-trading,Sim12,006260,skip,avoid_amount_dry,960d8aaf8fb6
14923476,2026-10-01 10:13:28,actions-trading,Sim12,006200,skip,pb2_thin_liquidity,622046148da8
14923476,2026-10-01 10:13:28,actions-trading,Sim12,457190,skip,avoid_frgn_sell_20d,bd59b32ce0cf
14923476,2026-10-01 10:13:28,actions-trading,Sim12,092790,skip,pb2_not_crashed,18603513f137
14923476,2026-10-01 10:13:28,actions-trading,Sim12,014280,skip,avoid_amount_dry,61792c95769c
14923476,2026-10-01 10:13:28,actions-trading,Sim12,004170,skip,avoid_amount_dry,0ecb52b53095
14923476,2026-10-01 10:13:28,actions-trading,Sim12,37550L,skip,avoid_amount_dry,2f7de08ba9ce
14923476,2026-10-01 10:13:29,actions-trading,Sim13,084010,skip,theme_momentum_weak,3c0354c324ab
14923476,2026-10-01 10:13:29,actions-trading,Sim13,192650,skip,no_frgn_support,45042b3f4a36
14923476,2026-10-01 10:13:29,actions-trading,Sim13,036570,skip,theme_momentum_weak,0665ea121562
14923476,2026-10-01 10:13:29,actions-trading,Sim13,109070,skip,amount_not_surprised,8dfcf31f599b
14923476,2026-10-01 10:13:29,actions-trading,Sim13,460860,skip,theme_momentum_weak,fa288718fb64
14923476,2026-10-01 10:13:29,actions-trading,Sim13,003160,skip,no_frgn_support,d6250393cfd2
14923476,2026-10-01 10:13:29,actions-trading,Sim13,004105,skip,no_frgn_support,e5ecea1eb474
14923476,2026-10-01 10:13:29,actions-trading,Sim13,002240,skip,theme_momentum_weak,da3617fb8b6d
14923476,2026-10-01 10:13:29,actions-trading,Sim13,093050,skip,theme_momentum_weak,0ca83679b5a6
14923476,2026-10-01 10:13:29,actions-trading,Sim13,005030,skip,theme_momentum_weak,7c5ea2a80d2d
14923476,2026-10-01 10:13:29,actions-trading,Sim13,004710,skip,amount_not_surprised,caeda0fdd0d9
14923476,2026-10-01 10:13:29,actions-trading,Sim13,0126Z0,skip,theme_momentum_weak,5849bdfa8bbd
14923476,2026-10-01 10:13:29,actions-trading,Sim13,248070,skip,theme_momentum_weak,5ec7b59e8a7d
14923476,2026-10-01 10:13:29,actions-trading,Sim13,000760,skip,theme_momentum_weak,dab2c373da9e
14923476,2026-10-01 10:13:29,actions-trading,Sim13,003120,skip,theme_momentum_weak,36098782da6f
14923476,2026-10-01 10:13:29,actions-trading,Sim13,012030,skip,adx_weak,a633a1ee3a56
14923476,2026-10-01 10:13:29,actions-trading,Sim13,005850,skip,theme_momentum_weak,d56dae47166b
14923476,2026-10-01 10:13:29,actions-trading,Sim13,480370,skip,adx_weak,234d12695628
14923476,2026-10-01 10:13:29,actions-trading,Sim13,005430,skip,theme_momentum_weak,7358e95ff4e4
14923476,2026-10-01 10:13:29,actions-trading,Sim13,012330,skip,theme_momentum_weak,71326bb2a1df
14923476,2026-10-01 10:13:29,actions-trading,Sim13,093370,skip,no_frgn_support,253d7d9f78f9
14923476,2026-10-01 10:13:29,actions-trading,Sim13,009420,skip,theme_momentum_weak,97ce02894743
14923476,2026-10-01 10:13:29,actions-trading,Sim13,055490,skip,theme_momentum_weak,79833ab80a56
14923476,2026-10-01 10:13:29,actions-trading,Sim13,181710,skip,theme_momentum_weak,c6fb1e39886f
14923476,2026-10-01 10:13:29,actions-trading,Sim13,003465,skip,theme_momentum_weak,e033d4043cbc
14923476,2026-10-01 10:13:29,actions-trading,Sim13,104700,skip,theme_momentum_weak,6d80d79325ff
14923476,2026-10-01 10:13:29,actions-trading,Sim13,006280,skip,theme_momentum_weak,8af799682b00
14923476,2026-10-01 10:13:29,actions-trading,Sim13,005690,skip,theme_momentum_weak,3ccd32b4a2e9
14923476,2026-10-01 10:13:29,actions-trading,Sim13,009900,skip,theme_momentum_weak,b85e5bf625a1
14923476,2026-10-01 10:13:29,actions-trading,Sim13,014680,skip,amount_not_surprised,175864832bf3
14923477,2026-10-01 10:14:51,actions-trading,Sim3,402340,skip,adx,b529b7f21e82
14923477,2026-10-01 10:14:51,actions-trading,Sim3,383800,skip,amount,442c6849c9fb
14923477,2026-10-01 10:14:51,actions-trading,Sim3,462870,skip,amount,14c79d77bcf2
14923477,2026-10-01 10:14:51,actions-trading,Sim3,000660,skip,qty_zero,7c708386e755
14923477,2026-10-01 10:14:51,actions-trading,Sim3,071970,skip,held_or_sold_today,752dfd27c831
14923477,2026-10-01 10:14:51,actions-trading,Sim3,042700,skip,not_cheap,62e7c514f6c9
14923477,2026-10-01 10:14:51,actions-trading,Sim3,326030,skip,amount,363e47d434a9
14923477,2026-10-01 10:14:51,actions-trading,Sim3,207940,skip,not_cheap,7e9c40f12bfb
14923477,2026-10-01 10:14:51,actions-trading,Sim3,033920,skip,amount,ee132b3f7eda
14923477,2026-10-01 10:14:51,actions-trading,Sim3,004770,skip,amount,f952ea4ca800
14923477,2026-10-01 10:14:51,actions-trading,Sim3,0126Z0,skip,not_cheap,8b09b0c7fdaa
14923477,2026-10-01 10:14:51,actions-trading,Sim3,062040,skip,not_cheap,3eb7d0d54b62
14923477,2026-10-01 10:14:51,actions-trading,Sim3,317450,skip,amount,32e599ab428a
14923477,2026-10-01 10:14:51,actions-trading,Sim3,026960,skip,amount,08da7d2b94cb
14923477,2026-10-01 10:14:51,actions-trading,Sim3,021820,skip,amount,507589c98b1e
14923477,2026-10-01 10:14:51,actions-trading,Sim3,192080,skip,amount,64f503a74f02
14923477,2026-10-01 10:14:51,actions-trading,Sim3,068270,skip,held_or_sold_today,9434d932731c
14923477,2026-10-01 10:14:51,actions-trading,Sim3,123890,skip,amount,23bd4617b377
14923477,2026-10-01 10:14:51,actions-trading,Sim3,000240,skip,amount,cd37cb892fdd
14923477,2026-10-01 10:14:51,actions-trading,Sim3,002380,skip,held_or_sold_today,aeda71864f2c
14923477,2026-10-01 10:14:51,actions-trading,Sim3,009770,skip,amount,d142bcd86f70
14923477,2026-10-01 10:14:51,actions-trading,Sim3,259960,skip,held_or_sold_today,3f14f0e80d7c
14923477,2026-10-01 10:14:51,actions-trading,Sim3,035250,skip,amount,4ee25e46aa43
14923477,2026-10-01 10:14:51,actions-trading,Sim3,383220,skip,amount,fe7f1b63791d
14923477,2026-10-01 10:14:51,actions-trading,Sim3,226320,skip,amount,88eb96bf5e06
14923477,2026-10-01 10:14:51,actions-trading,Sim3,439260,skip,amount,bfaba54a33c8
14923477,2026-10-01 10:14:51,actions-trading,Sim3,025560,skip,cooldown,d1066cfe47f1
14923477,2026-10-01 10:14:51,actions-trading,Sim3,007700,skip,amount,5ad48dc4a6e0
14923477,2026-10-01 10:14:51,actions-trading,Sim3,278470,skip,not_cheap,d665990c60d9
14923477,2026-10-01 10:14:51,actions-trading,Sim3,000990,skip,not_cheap,fc22b5a8df05
14923477,2026-10-01 10:15:26,actions-trading,MFHS2,028670,skip,max_holdings,0a7861d9bceb
14923477,2026-10-01 10:15:26,actions-trading,MFHS2,018880,seen,,7ab8e0188b79
14923477,2026-10-01 10:15:26,actions-trading,MFHS2,003160,seen,,20652dfc7b0f
14923477,2026-10-01 10:15:26,actions-trading,MFHS2,005935,seen,,383b39612d46
14923477,2026-10-01 10:15:26,actions-trading,MFHS2,002990,seen,,e41361c76ff1
14923477,2026-10-01 10:15:26,actions-trading,MFHS2,011200,seen,,9c922af3cfcf
14923477,2026-10-01 10:15:26,actions-trading,MFHS2,248070,seen,,074ed423cfb8
14923477,2026-10-01 10:15:26,actions-trading,MFHS2,034220,seen,,7bbec1b73a4d
14923477,2026-10-01 10:15:26,actions-trading,MFHS2,192650,seen,,2cabf3531105
14923477,2026-10-01 10:15:26,actions-trading,MFHS2,068270,seen,,06dc7aeb5ece
14923477,2026-10-01 10:15:26,actions-trading,MFHS2,030000,seen,,c30757cefea0
14923477,2026-10-01 10:15:26,actions-trading,MFHS2,001250,seen,,0b5094d51f04
14923477,2026-10-01 10:15:26,actions-trading,MFHS2,009830,seen,,c1b8b95fed65
14923477,2026-10-01 10:15:26,actions-trading,MFHS2,004710,seen,,c0b583859989
14923477,2026-10-01 10:15:26,actions-trading,MFHS2,005880,seen,,b40e5c662740
14923477,2026-10-01 10:15:26,actions-trading,MFHS2,005690,seen,,6e3889ef7973
14923477,2026-10-01 10:15:26,actions-trading,MFHS2,093370,seen,,c0ca34cedbf5
14923477,2026-10-01 10:15:26,actions-trading,MFHS2,002700,seen,,61b541784233
14923477,2026-10-01 10:15:26,actions-trading,MFHS2,008350,seen,,57a199ac43a6
14923477,2026-10-01 10:15:26,actions-trading,MFHS2,003280,seen,,838908c1456d
14923477,2026-10-01 10:15:26,actions-trading,MFHS2,001820,seen,,e4295be26bd7
14923477,2026-10-01 10:15:26,actions-trading,MFHS2,001210,seen,,f5a01eefa468
14923477,2026-10-01 10:15:26,actions-trading,MFHS2,003780,seen,,b37efe4a8300
14923477,2026-10-01 10:15:26,actions-trading,MFHS2,001510,seen,,cf7bbb525d31
14923477,2026-10-01 10:15:26,actions-trading,MFHS2,089860,seen,,c2ed5f54dcc3
14923477,2026-10-01 10:15:26,actions-trading,MFHS2,086790,seen,,299fb71d0831
14923477,2026-10-01 10:15:26,actions-trading,MFHS2,092220,seen,,156f31cf8a90
14923477,2026-10-01 10:15:26,actions-trading,MFHS2,093050,seen,,f477067fb5d0
14923477,2026-10-01 10:15:26,actions-trading,MFHS2,035000,seen,,4e5967373d9e
14923477,2026-10-01 10:15:26,actions-trading,MFHS2,004310,seen,,f453a44c95a8
14923477,2026-10-01 10:15:28,actions-trading,상승모멘텀,084010,skip,max_holdings,61ee99cf5fbd
14923477,2026-10-01 10:15:28,actions-trading,상승모멘텀,192650,seen,,2cabf3531105
14923477,2026-10-01 10:15:28,actions-trading,상승모멘텀,036570,seen,,4e9e81cc4e33
14923477,2026-10-01 10:15:28,actions-trading,상승모멘텀,109070,seen,,a8454321cfec
14923477,2026-10-01 10:15:28,actions-trading,상승모멘텀,003160,seen,,20652dfc7b0f
14923477,2026-10-01 10:15:28,actions-trading,상승모멘텀,004105,seen,,891400340efa
14923477,2026-10-01 10:15:28,actions-trading,상승모멘텀,460860,seen,,95931bd658ff
14923477,2026-10-01 10:15:28,actions-trading,상승모멘텀,093050,seen,,f477067fb5d0
14923477,2026-10-01 10:15:28,actions-trading,상승모멘텀,002240,seen,,3faae1745b43
14923477,2026-10-01 10:15:28,actions-trading,상승모멘텀,005030,seen,,7c5ea2a80d2d
14923477,2026-10-01 10:15:28,actions-trading,상승모멘텀,004710,seen,,c0b583859989
14923477,2026-10-01 10:15:28,actions-trading,상승모멘텀,0126Z0,seen,,423c1aa36940
14923477,2026-10-01 10:15:28,actions-trading,상승모멘텀,248070,seen,,074ed423cfb8
14923477,2026-10-01 10:15:28,actions-trading,상승모멘텀,012200,seen,,c6209ea06f8a
14923477,2026-10-01 10:15:28,actions-trading,상승모멘텀,005850,seen,,67ff073ed331
14923477,2026-10-01 10:15:28,actions-trading,상승모멘텀,000760,seen,,dab2c373da9e
14923477,2026-10-01 10:15:28,actions-trading,상승모멘텀,480370,seen,,54611c06cc25
14923477,2026-10-01 10:15:28,actions-trading,상승모멘텀,012030,seen,,195050239a2c
14923477,2026-10-01 10:15:28,actions-trading,상승모멘텀,055490,seen,,2d0b6cd3dd3e
14923477,2026-10-01 10:15:28,actions-trading,상승모멘텀,005430,seen,,be13c1c63ce0
14923477,2026-10-01 10:15:28,actions-trading,상승모멘텀,009420,seen,,583a2106660e
14923477,2026-10-01 10:15:28,actions-trading,상승모멘텀,003120,seen,,35b4208a4090
14923477,2026-10-01 10:15:28,actions-trading,상승모멘텀,012330,seen,,80530c824265
14923477,2026-10-01 10:15:28,actions-trading,상승모멘텀,181710,seen,,4406dfd69a79
14923477,2026-10-01 10:15:28,actions-trading,상승모멘텀,003465,seen,,e033d4043cbc
14923477,2026-10-01 10:15:28,actions-trading,상승모멘텀,093370,seen,,c0ca34cedbf5
14923477,2026-10-01 10:15:28,actions-trading,상승모멘텀,006280,seen,,819e2fe0eede
14923477,2026-10-01 10:15:28,actions-trading,상승모멘텀,078520,seen,,5325cbc294d1
14923477,2026-10-01 10:15:28,actions-trading,상승모멘텀,009900,seen,,06269b928be6
14923477,2026-10-01 10:15:28,actions-trading,상승모멘텀,005690,seen,,6e3889ef7973
14923477,2026-10-01 10:15:28,actions-trading,Sim4-1,084010,skip,period,61ee99cf5fbd
14923477,2026-10-01 10:15:28,actions-trading,Sim4-1,192650,skip,period,2cabf3531105
14923477,2026-10-01 10:15:28,actions-trading,Sim4-1,036570,skip,period,4e9e81cc4e33
14923477,2026-10-01 10:15:28,actions-trading,Sim4-1,109070,skip,amount,a8454321cfec
14923477,2026-10-01 10:15:28,actions-trading,Sim4-1,003160,skip,held_or_cooldown,20652dfc7b0f
14923477,2026-10-01 10:15:28,actions-trading,Sim4-1,004105,skip,amount,891400340efa
14923477,2026-10-01 10:15:28,actions-trading,Sim4-1,460860,skip,adx_high,95931bd658ff
14923477,2026-10-01 10:15:28,actions-trading,Sim4-1,093050,skip,amount,f477067fb5d0
14923477,2026-10-01 10:15:28,actions-trading,Sim4-1,002240,skip,amount,3faae1745b43
14923477,2026-10-01 10:15:28,actions-trading,Sim4-1,005030,skip,amount,7c5ea2a80d2d
14923477,2026-10-01 10:15:28,actions-trading,Sim4-1,004710,skip,adx_high,c0b583859989
14923477,2026-10-01 10:15:28,actions-trading,Sim4-1,0126Z0,skip,adx_high,423c1aa36940
14923477,2026-10-01 10:15:28,actions-trading,Sim4-1,248070,skip,period,074ed423cfb8
14923477,2026-10-01 10:15:28,actions-trading,Sim4-1,012200,skip,amount,c6209ea06f8a
14923477,2026-10-01 10:15:28,actions-trading,Sim4-1,005850,skip,amount,67ff073ed331
14923477,2026-10-01 10:15:28,actions-trading,Sim4-1,000760,skip,amount,dab2c373da9e
14923477,2026-10-01 10:15:28,actions-trading,Sim4-1,480370,skip,amount,54611c06cc25
14923477,2026-10-01 10:15:28,actions-trading,Sim4-1,012030,skip,amount,195050239a2c
14923477,2026-10-01 10:15:28,actions-trading,Sim4-1,055490,skip,amount,2d0b6cd3dd3e
14923477,2026-10-01 10:15:28,actions-trading,Sim4-1,005430,skip,amount,be13c1c63ce0
14923477,2026-10-01 10:15:28,actions-trading,Sim4-1,009420,skip,amount,583a2106660e
14923477,2026-10-01 10:15:28,actions-trading,Sim4-1,003120,skip,amount,35b4208a4090
14923477,2026-10-01 10:15:28,actions-trading,Sim4-1,012330,skip,period,80530c824265
14923477,2026-10-01 10:15:28,actions-trading,Sim4-1,181710,skip,adx_high,4406dfd69a79
14923477,2026-10-01 10:15:28,actions-trading,Sim4-1,003465,skip,amount,e033d4043cbc
14923477,2026-10-01 10:15:28,actions-trading,Sim4-1,093370,skip,adx_high,c0ca34cedbf5
14923477,2026-10-01 10:15:28,actions-trading,Sim4-1,006280,skip,amount,819e2fe0eede
14923477,2026-10-01 10:15:28,actions-trading,Sim4-1,078520,skip,amount,5325cbc294d1
14923477,2026-10-01 10:15:28,actions-trading,Sim4-1,009900,skip,amount,06269b928be6
14923477,2026-10-01 10:15:28,actions-trading,Sim4-1,005690,skip,adx_high,6e3889ef7973
14923477,2026-10-01 10:15:29,actions-trading,선행매집,089860,entry,entry,c2ed5f54dcc3
14923477,2026-10-01 10:15:29,actions-trading,선행매집,028670,skip,no_setup,0a7861d9bceb
14923477,2026-10-01 10:15:29,actions-trading,선행매집,018880,skip,below_anchor,7ab8e0188b79
14923477,2026-10-01 10:15:29,actions-trading,선행매집,192650,skip,no_setup,2cabf3531105
14923477,2026-10-01 10:15:29,actions-trading,선행매집,009830,skip,below_anchor,c1b8b95fed65
14923477,2026-10-01 10:15:29,actions-trading,선행매집,011200,skip,below_anchor,9c922af3cfcf
14923477,2026-10-01 10:15:29,actions-trading,선행매집,003160,skip,no_setup,20652dfc7b0f
14923477,2026-10-01 10:15:29,actions-trading,선행매집,005935,skip,below_anchor,383b39612d46
14923477,2026-10-01 10:15:29,actions-trading,선행매집,002990,skip,below_anchor,e41361c76ff1
14923477,2026-10-01 10:15:29,actions-trading,선행매집,068270,skip,below_anchor,06dc7aeb5ece
14923477,2026-10-01 10:15:29,actions-trading,선행매집,034220,skip,below_anchor,7bbec1b73a4d
14923477,2026-10-01 10:15:29,actions-trading,선행매집,248070,skip,below_anchor,074ed423cfb8
14923477,2026-10-01 10:15:29,actions-trading,선행매집,030000,skip,below_anchor,c30757cefea0
14923477,2026-10-01 10:15:29,actions-trading,선행매집,001250,skip,below_anchor,0b5094d51f04
14923477,2026-10-01 10:15:29,actions-trading,선행매집,005880,skip,amount,b40e5c662740
14923477,2026-10-01 10:15:29,actions-trading,선행매집,005690,skip,below_anchor,6e3889ef7973
14923477,2026-10-01 10:15:29,actions-trading,선행매집,002700,skip,amount,61b541784233
14923477,2026-10-01 10:15:29,actions-trading,선행매집,001210,skip,below_anchor,f5a01eefa468
14923477,2026-10-01 10:15:29,actions-trading,선행매집,008350,skip,amount,57a199ac43a6
14923477,2026-10-01 10:15:29,actions-trading,선행매집,001820,skip,below_anchor,e4295be26bd7
14923477,2026-10-01 10:15:29,actions-trading,선행매집,003280,skip,below_anchor,838908c1456d
14923477,2026-10-01 10:15:29,actions-trading,선행매집,004710,skip,below_anchor,c0b583859989
14923477,2026-10-01 10:15:29,actions-trading,선행매집,003780,skip,amount,b37efe4a8300
14923477,2026-10-01 10:15:29,actions-trading,선행매집,092220,skip,amount,156f31cf8a90
14923477,2026-10-01 10:15:29,actions-trading,선행매집,093050,skip,no_setup,f477067fb5d0
14923477,2026-10-01 10:15:29,actions-trading,선행매집,001510,skip,amount,cf7bbb525d31
14923477,2026-10-01 10:15:29,actions-trading,선행매집,051910,skip,below_anchor,c43d885b37ff
14923477,2026-10-01 10:15:29,actions-trading,선행매집,004770,skip,amount,108c68e1e9e2
14923477,2026-10-01 10:15:29,actions-trading,선행매집,093370,skip,below_anchor,c0ca34cedbf5
14923477,2026-10-01 10:15:29,actions-trading,선행매집,035000,skip,amount,4e5967373d9e
14923477,2026-10-01 10:15:29,actions-trading,Sim9,_gate,skip,outside_entry_window,e3b0c44298fc
14923477,2026-10-01 10:15:29,actions-trading,Sim9,084010,seen,,61ee99cf5fbd
14923477,2026-10-01 10:15:29,actions-trading,Sim9,192650,seen,,2cabf3531105
14923477,2026-10-01 10:15:29,actions-trading,Sim9,036570,seen,,4e9e81cc4e33
14923477,2026-10-01 10:15:29,actions-trading,Sim9,109070,seen,,a8454321cfec
14923477,2026-10-01 10:15:29,actions-trading,Sim9,003160,seen,,20652dfc7b0f
14923477,2026-10-01 10:15:29,actions-trading,Sim9,004105,seen,,891400340efa
14923477,2026-10-01 10:15:29,actions-trading,Sim9,460860,seen,,95931bd658ff
14923477,2026-10-01 10:15:29,actions-trading,Sim9,093050,seen,,f477067fb5d0
14923477,2026-10-01 10:15:29,actions-trading,Sim9,002240,seen,,3faae1745b43
14923477,2026-10-01 10:15:29,actions-trading,Sim9,005030,seen,,7c5ea2a80d2d
14923477,2026-10-01 10:15:29,actions-trading,Sim9,004710,seen,,c0b583859989
14923477,2026-10-01 10:15:29,actions-trading,Sim9,0126Z0,seen,,423c1aa36940
14923477,2026-10-01 10:15:29,actions-trading,Sim9,248070,seen,,074ed423cfb8
14923477,2026-10-01 10:15:29,actions-trading,Sim9,012200,seen,,c6209ea06f8a
14923477,2026-10-01 10:15:29,actions-trading,Sim9,005850,seen,,67ff073ed331
14923477,2026-10-01 10:15:29,actions-trading,Sim9,000760,seen,,dab2c373da9e
14923477,2026-10-01 10:15:29,actions-trading,Sim9,480370,seen,,54611c06cc25
14923477,2026-10-01 10:15:29,actions-trading,Sim9,012030,seen,,195050239a2c
14923477,2026-10-01 10:15:29,actions-trading,Sim9,055490,seen,,2d0b6cd3dd3e
14923477,2026-10-01 10:15:29,actions-trading,Sim9,005430,seen,,be13c1c63ce0
14923477,2026-10-01 10:15:29,actions-trading,Sim9,009420,seen,,583a2106660e
14923477,2026-10-01 10:15:29,actions-trading,Sim9,003120,seen,,35b4208a4090
14923477,2026-10-01 10:15:29,actions-trading,Sim9,012330,seen,,80530c824265
14923477,2026-10-01 10:15:29,actions-trading,Sim9,181710,seen,,4406dfd69a79
14923477,2026-10-01 10:15:29,actions-trading,Sim9,003465,seen,,e033d4043cbc
14923477,2026-10-01 10:15:29,actions-trading,Sim9,093370,seen,,c0ca34cedbf5
14923477,2026-10-01 10:15:29,actions-trading,Sim9,006280,seen,,819e2fe0eede
14923477,2026-10-01 10:15:29,actions-trading,Sim9,078520,seen,,5325cbc294d1
14923477,2026-10-01 10:15:29,actions-trading,Sim9,009900,seen,,06269b928be6
14923477,2026-10-01 10:15:29,actions-trading,Sim9,005690,seen,,6e3889ef7973
14923477,2026-10-01 10:15:29,actions-trading,미너비니,192820,skip,below_pivot,73d5387eef9d
14923477,2026-10-01 10:15:29,actions-trading,미너비니,443060,skip,below_pivot,a07f50b7ed0a
14923477,2026-10-01 10:15:29,actions-trading,미너비니,020120,skip,below_pivot,8d70dfd19cc3
14923477,2026-10-01 10:15:30,actions-trading,Sim12,084010,skip,avoid_frgn_sell_20d,61ee99cf5fbd
14923477,2026-10-01 10:15:30,actions-trading,Sim12,192650,skip,pb2_not_crashed,2cabf3531105
14923477,2026-10-01 10:15:30,actions-trading,Sim12,036570,skip,pb2_not_crashed,4e9e81cc4e33
14923477,2026-10-01 10:15:30,actions-trading,Sim12,109070,skip,pb2_not_crashed,a8454321cfec
14923477,2026-10-01 10:15:30,actions-trading,Sim12,003160,skip,pb2_not_crashed,20652dfc7b0f
14923477,2026-10-01 10:15:30,actions-trading,Sim12,004105,skip,pb2_not_crashed,891400340efa
14923477,2026-10-01 10:15:30,actions-trading,Sim12,460860,skip,avoid_frgn_sell_20d,95931bd658ff
14923477,2026-10-01 10:15:30,actions-trading,Sim12,093050,skip,avoid_frgn_sell_20d,f477067fb5d0
14923477,2026-10-01 10:15:30,actions-trading,Sim12,002240,skip,avoid_frgn_sell_20d,3faae1745b43
14923477,2026-10-01 10:15:30,actions-trading,Sim12,005030,skip,avoid_amount_dry,7c5ea2a80d2d
14923477,2026-10-01 10:15:30,actions-trading,Sim12,004710,skip,avoid_frgn_sell_20d,c0b583859989
14923477,2026-10-01 10:15:30,actions-trading,Sim12,0126Z0,skip,avoid_frgn_sell_20d,423c1aa36940
14923477,2026-10-01 10:15:30,actions-trading,Sim12,248070,skip,avoid_frgn_sell_20d,074ed423cfb8
14923477,2026-10-01 10:15:30,actions-trading,Sim12,012200,skip,avoid_amount_dry,c6209ea06f8a
14923477,2026-10-01 10:15:30,actions-trading,Sim12,005850,skip,avoid_amount_dry,67ff073ed331
14923477,2026-10-01 10:15:30,actions-trading,Sim12,000760,skip,avoid_amount_dry,dab2c373da9e
14923477,2026-10-01 10:15:30,actions-trading,Sim12,480370,skip,avoid_amount_dry,54611c06cc25
14923477,2026-10-01 10:15:30,actions-trading,Sim12,012030,skip,avoid_amount_dry,195050239a2c
14923477,2026-10-01 10:15:30,actions-trading,Sim12,055490,skip,avoid_frgn_sell_20d,2d0b6cd3dd3e
14923477,2026-10-01 10:15:30,actions-trading,Sim12,005430,skip,pb2_not_crashed,be13c1c63ce0
14923477,2026-10-01 10:15:30,actions-trading,Sim12,009420,skip,avoid_amount_dry,583a2106660e
14923477,2026-10-01 10:15:30,actions-trading,Sim12,003120,skip,pb2_not_crashed,35b4208a4090
14923477,2026-10-01 10:15:30,actions-trading,Sim12,012330,skip,pb2_not_crashed,80530c824265
14923477,2026-10-01 10:15:30,actions-trading,Sim12,181710,skip,avoid_amount_dry,4406dfd69a79
14923477,2026-10-01 10:15:30,actions-trading,Sim12,003465,skip,avoid_amount_dry,e033d4043cbc
14923477,2026-10-01 10:15:30,actions-trading,Sim12,093370,skip,pb2_not_crashed,c0ca34cedbf5
14923477,2026-10-01 10:15:30,actions-trading,Sim12,006280,skip,avoid_amount_dry,819e2fe0eede
14923477,2026-10-01 10:15:30,actions-trading,Sim12,078520,skip,avoid_amount_dry,5325cbc294d1
14923477,2026-10-01 10:15:30,actions-trading,Sim12,009900,skip,avoid_amount_dry,06269b928be6
14923477,2026-10-01 10:15:30,actions-trading,Sim12,005690,skip,avoid_amount_dry,6e3889ef7973
14923477,2026-10-01 10:15:30,actions-trading,Sim12,051630,skip,avoid_amount_dry,608283a343b3
14923477,2026-10-01 10:15:30,actions-trading,Sim12,002820,skip,pb2_thin_liquidity,299f2c130c58
14923477,2026-10-01 10:15:30,actions-trading,Sim12,009190,skip,avoid_amount_dry,9e0d067cb0ad
14923477,2026-10-01 10:15:30,actions-trading,Sim12,002787,skip,avoid_amount_dry,17e40c53a049
14923477,2026-10-01 10:15:30,actions-trading,Sim12,071090,skip,pb2_not_crashed,ce4931bc36ee
14923477,2026-10-01 10:15:30,actions-trading,Sim12,010640,skip,avoid_amount_dry,26fc4010e7e9
14923477,2026-10-01 10:15:30,actions-trading,Sim12,002690,skip,avoid_frgn_sell_20d,0a74a417e7ab
14923477,2026-10-01 10:15:30,actions-trading,Sim12,452260,skip,avoid_amount_dry,47cd0a568caa
14923477,2026-10-01 10:15:30,actions-trading,Sim12,002785,skip,avoid_amount_dry,2fa46756507a
14923477,2026-10-01 10:15:30,actions-trading,Sim12,007110,skip,avoid_amount_dry,de3001cca07b
14923477,2026-10-01 10:15:30,actions-trading,Sim12,001770,skip,avoid_amount_dry,a0fe1186faf6
14923477,2026-10-01 10:15:30,actions-trading,Sim12,002070,skip,avoid_amount_dry,e4306d4fabb0
14923477,2026-10-01 10:15:30,actions-trading,Sim12,003580,skip,avoid_amount_dry,933362ac19f4
14923477,2026-10-01 10:15:30,actions-trading,Sim12,003030,skip,pb2_not_crashed,8aa1813c7539
14923477,2026-10-01 10:15:30,actions-trading,Sim12,003780,skip,avoid_frgn_sell_20d,b37efe4a8300
14923477,2026-10-01 10:15:30,actions-trading,Sim12,487570,skip,pb2_not_crashed,a8c18f27b687
14923477,2026-10-01 10:15:30,actions-trading,Sim12,316140,skip,avoid_amount_dry,44064af52cde
14923477,2026-10-01 10:15:30,actions-trading,Sim12,005010,skip,pb2_not_crashed,0390a004d25e
14923477,2026-10-01 10:15:30,actions-trading,Sim12,010950,skip,avoid_amount_dry,d544bf5ba72b
14923477,2026-10-01 10:15:30,actions-trading,Sim12,002995,skip,avoid_amount_dry,f2b0cb471ccb
14923477,2026-10-01 10:15:30,actions-trading,Sim12,003075,skip,pb2_not_crashed,486e9de1db2d
14923477,2026-10-01 10:15:30,actions-trading,Sim12,006260,skip,avoid_amount_dry,c38236ac8d05
14923477,2026-10-01 10:15:30,actions-trading,Sim12,069640,skip,avoid_frgn_sell_20d,afacb65653cb
14923477,2026-10-01 10:15:30,actions-trading,Sim12,092790,skip,pb2_not_crashed,bab98e866c21
14923477,2026-10-01 10:15:30,actions-trading,Sim12,006200,skip,pb2_thin_liquidity,622046148da8
14923477,2026-10-01 10:15:30,actions-trading,Sim12,014280,skip,avoid_amount_dry,17c2aaefec0a
14923477,2026-10-01 10:15:30,actions-trading,Sim12,456040,skip,avoid_amount_dry,8eec2bc51faa
14923477,2026-10-01 10:15:30,actions-trading,Sim12,457190,skip,avoid_frgn_sell_20d,eec1d238d995
14923477,2026-10-01 10:15:30,actions-trading,Sim12,004170,skip,avoid_amount_dry,f9c38973a9c7
14923477,2026-10-01 10:15:30,actions-trading,Sim12,37550L,skip,avoid_amount_dry,8840e409769c
14923477,2026-10-01 10:15:30,actions-trading,Sim13,084010,skip,theme_momentum_weak,61ee99cf5fbd
14923477,2026-10-01 10:15:30,actions-trading,Sim13,192650,skip,no_frgn_support,2cabf3531105
14923477,2026-10-01 10:15:30,actions-trading,Sim13,036570,skip,theme_momentum_weak,4e9e81cc4e33
14923477,2026-10-01 10:15:30,actions-trading,Sim13,109070,skip,amount_not_surprised,a8454321cfec
14923477,2026-10-01 10:15:30,actions-trading,Sim13,003160,skip,no_frgn_support,20652dfc7b0f
14923477,2026-10-01 10:15:30,actions-trading,Sim13,004105,skip,no_frgn_support,891400340efa
14923477,2026-10-01 10:15:30,actions-trading,Sim13,460860,skip,theme_momentum_weak,95931bd658ff
14923477,2026-10-01 10:15:30,actions-trading,Sim13,093050,skip,theme_momentum_weak,f477067fb5d0
14923477,2026-10-01 10:15:30,actions-trading,Sim13,002240,skip,theme_momentum_weak,3faae1745b43
14923477,2026-10-01 10:15:30,actions-trading,Sim13,005030,skip,theme_momentum_weak,7c5ea2a80d2d
14923477,2026-10-01 10:15:30,actions-trading,Sim13,004710,skip,amount_not_surprised,c0b583859989
14923477,2026-10-01 10:15:30,actions-trading,Sim13,0126Z0,skip,theme_momentum_weak,423c1aa36940
14923477,2026-10-01 10:15:30,actions-trading,Sim13,248070,skip,theme_momentum_weak,074ed423cfb8
14923477,2026-10-01 10:15:30,actions-trading,Sim13,012200,skip,theme_momentum_weak,c6209ea06f8a
14923477,2026-10-01 10:15:30,actions-trading,Sim13,005850,skip,theme_momentum_weak,67ff073ed331
14923477,2026-10-01 10:15:30,actions-trading,Sim13,000760,skip,theme_momentum_weak,dab2c373da9e
14923477,2026-10-01 10:15:30,actions-trading,Sim13,480370,skip,adx_weak,54611c06cc25
14923477,2026-10-01 10:15:30,actions-trading,Sim13,012030,skip,adx_weak,195050239a2c
14923477,2026-10-01 10:15:30,actions-trading,Sim13,055490,skip,theme_momentum_weak,2d0b6cd3dd3e
14923477,2026-10-01 10:15:30,actions-trading,Sim13,005430,skip,theme_momentum_weak,be13c1c63ce0
14923477,2026-10-01 10:15:30,actions-trading,Sim13,009420,skip,theme_momentum_weak,583a2106660e
14923477,2026-10-01 10:15:30,actions-trading,Sim13,003120,skip,theme_momentum_weak,35b4208a4090
14923477,2026-10-01 10:15:30,actions-trading,Sim13,012330,skip,theme_momentum_weak,80530c824265
14923477,2026-10-01 10:15:30,actions-trading,Sim13,181710,skip,theme_momentum_weak,4406dfd69a79
14923477,2026-10-01 10:15:30,actions-trading,Sim13,003465,skip,theme_momentum_weak,e033d4043cbc
14923477,2026-10-01 10:15:30,actions-trading,Sim13,093370,skip,no_frgn_support,c0ca34cedbf5
14923477,2026-10-01 10:15:30,actions-trading,Sim13,006280,skip,theme_momentum_weak,819e2fe0eede
14923477,2026-10-01 10:15:30,actions-trading,Sim13,078520,skip,theme_momentum_weak,5325cbc294d1
14923477,2026-10-01 10:15:30,actions-trading,Sim13,009900,skip,theme_momentum_weak,06269b928be6
14923477,2026-10-01 10:15:30,actions-trading,Sim13,005690,skip,theme_momentum_weak,6e3889ef7973
14923478,2026-10-01 10:16:50,actions-trading,Sim3,402340,skip,adx,6d51c7c99db8
14923478,2026-10-01 10:16:50,actions-trading,Sim3,383800,skip,amount,5b5e5a8be15a
14923478,2026-10-01 10:16:50,actions-trading,Sim3,462870,skip,amount,405d3666919e
14923478,2026-10-01 10:16:50,actions-trading,Sim3,000660,skip,qty_zero,2826c0225737
14923478,2026-10-01 10:16:50,actions-trading,Sim3,071970,skip,held_or_sold_today,193d40fd2eba
14923478,2026-10-01 10:16:50,actions-trading,Sim3,042700,skip,not_cheap,c7b42509a94d
14923478,2026-10-01 10:16:50,actions-trading,Sim3,326030,skip,amount,7047743f9fc8
14923478,2026-10-01 10:16:50,actions-trading,Sim3,207940,skip,not_cheap,022889e92430
14923478,2026-10-01 10:16:50,actions-trading,Sim3,033920,skip,amount,e59a483a5cf2
14923478,2026-10-01 10:16:50,actions-trading,Sim3,004770,skip,amount,0ba75cd9648b
14923478,2026-10-01 10:16:50,actions-trading,Sim3,0126Z0,skip,not_cheap,8bd40ea6ae51
14923478,2026-10-01 10:16:50,actions-trading,Sim3,062040,skip,not_cheap,cdadf2c41e05
14923478,2026-10-01 10:16:50,actions-trading,Sim3,317450,skip,amount,19510e66988e
14923478,2026-10-01 10:16:50,actions-trading,Sim3,026960,skip,amount,e47f66b41848
14923478,2026-10-01 10:16:50,actions-trading,Sim3,021820,skip,amount,507589c98b1e
14923478,2026-10-01 10:16:50,actions-trading,Sim3,192080,skip,amount,0e2042350983
14923478,2026-10-01 10:16:50,actions-trading,Sim3,068270,skip,held_or_sold_today,fc6a87996011
14923478,2026-10-01 10:16:50,actions-trading,Sim3,123890,skip,amount,6200d908dd6e
14923478,2026-10-01 10:16:50,actions-trading,Sim3,000240,skip,amount,c2da9f40279b
14923478,2026-10-01 10:16:50,actions-trading,Sim3,002380,skip,held_or_sold_today,d78dcd687a7e
14923478,2026-10-01 10:16:50,actions-trading,Sim3,009770,skip,amount,d142bcd86f70
14923478,2026-10-01 10:16:50,actions-trading,Sim3,259960,skip,held_or_sold_today,3ac2e34415ff
14923478,2026-10-01 10:16:50,actions-trading,Sim3,035250,skip,amount,43e452e41ec4
14923478,2026-10-01 10:16:50,actions-trading,Sim3,383220,skip,amount,db9f590e4105
14923478,2026-10-01 10:16:50,actions-trading,Sim3,226320,skip,amount,327c173bc629
14923478,2026-10-01 10:16:50,actions-trading,Sim3,439260,skip,amount,5b1b50dac0ee
14923478,2026-10-01 10:16:50,actions-trading,Sim3,025560,skip,cooldown,51f306268631
14923478,2026-10-01 10:16:50,actions-trading,Sim3,007700,skip,amount,5ad48dc4a6e0
14923478,2026-10-01 10:16:50,actions-trading,Sim3,278470,skip,not_cheap,d950e383a045
14923478,2026-10-01 10:16:50,actions-trading,Sim3,000990,skip,not_cheap,477b9cef59ec
14923478,2026-10-01 10:17:27,actions-trading,MFHS2,028670,skip,max_holdings,9f41f30b369f
14923478,2026-10-01 10:17:27,actions-trading,MFHS2,018880,seen,,7e53372a0017
14923478,2026-10-01 10:17:27,actions-trading,MFHS2,003160,seen,,89745a60e233
14923478,2026-10-01 10:17:27,actions-trading,MFHS2,005935,seen,,279d1c799c9f
14923478,2026-10-01 10:17:27,actions-trading,MFHS2,002990,seen,,6c6cc09344eb
14923478,2026-10-01 10:17:27,actions-trading,MFHS2,011200,seen,,b6f86690fab1
14923478,2026-10-01 10:17:27,actions-trading,MFHS2,248070,seen,,e445653aeadd
14923478,2026-10-01 10:17:27,actions-trading,MFHS2,034220,seen,,e1478c34b558
14923478,2026-10-01 10:17:27,actions-trading,MFHS2,192650,seen,,7d493db6556d
14923478,2026-10-01 10:17:27,actions-trading,MFHS2,068270,seen,,3f99e62ad265
14923478,2026-10-01 10:17:27,actions-trading,MFHS2,030000,seen,,ac89720c0a50
14923478,2026-10-01 10:17:27,actions-trading,MFHS2,001250,seen,,3c310a4f12e4
14923478,2026-10-01 10:17:27,actions-trading,MFHS2,009830,seen,,ac30de034b49
14923478,2026-10-01 10:17:27,actions-trading,MFHS2,004710,seen,,d7f76b83fb93
14923478,2026-10-01 10:17:27,actions-trading,MFHS2,005880,seen,,57a834ac82b9
14923478,2026-10-01 10:17:27,actions-trading,MFHS2,005690,seen,,938204ac9828
14923478,2026-10-01 10:17:27,actions-trading,MFHS2,093370,seen,,004d5704903d
14923478,2026-10-01 10:17:27,actions-trading,MFHS2,002700,seen,,d771b0ee6dbf
14923478,2026-10-01 10:17:27,actions-trading,MFHS2,008350,seen,,85483545ea8f
14923478,2026-10-01 10:17:27,actions-trading,MFHS2,003280,seen,,1136eb01f6c4
14923478,2026-10-01 10:17:27,actions-trading,MFHS2,001820,seen,,bbbb290480f1
14923478,2026-10-01 10:17:27,actions-trading,MFHS2,001210,seen,,ca5bfede870f
14923478,2026-10-01 10:17:27,actions-trading,MFHS2,003780,seen,,300386bbad60
14923478,2026-10-01 10:17:27,actions-trading,MFHS2,001510,seen,,ff81976c190d
14923478,2026-10-01 10:17:27,actions-trading,MFHS2,089860,seen,,fad7c7336a47
14923478,2026-10-01 10:17:27,actions-trading,MFHS2,086790,seen,,02e659b9d1fb
14923478,2026-10-01 10:17:27,actions-trading,MFHS2,092220,seen,,680d479c5a8d
14923478,2026-10-01 10:17:27,actions-trading,MFHS2,093050,seen,,4c3ad96c2fba
14923478,2026-10-01 10:17:27,actions-trading,MFHS2,035000,seen,,b88e52cbe221
14923478,2026-10-01 10:17:27,actions-trading,MFHS2,004310,seen,,fc82795d7dab
14923478,2026-10-01 10:17:29,actions-trading,상승모멘텀,084010,skip,max_holdings,2202ad5fb183
14923478,2026-10-01 10:17:29,actions-trading,상승모멘텀,192650,seen,,7d493db6556d
14923478,2026-10-01 10:17:29,actions-trading,상승모멘텀,036570,seen,,5d1e4af10810
14923478,2026-10-01 10:17:29,actions-trading,상승모멘텀,109070,seen,,235f951c7484
14923478,2026-10-01 10:17:29,actions-trading,상승모멘텀,003160,seen,,89745a60e233
14923478,2026-10-01 10:17:29,actions-trading,상승모멘텀,460860,seen,,5e4a983a32f7
14923478,2026-10-01 10:17:29,actions-trading,상승모멘텀,004105,seen,,fbdf6d38389b
14923478,2026-10-01 10:17:29,actions-trading,상승모멘텀,002240,seen,,8d6758e57b92
14923478,2026-10-01 10:17:29,actions-trading,상승모멘텀,093050,seen,,4c3ad96c2fba
14923478,2026-10-01 10:17:29,actions-trading,상승모멘텀,005030,seen,,7c5ea2a80d2d
14923478,2026-10-01 10:17:29,actions-trading,상승모멘텀,004710,seen,,d7f76b83fb93
14923478,2026-10-01 10:17:29,actions-trading,상승모멘텀,248070,seen,,e445653aeadd
14923478,2026-10-01 10:17:29,actions-trading,상승모멘텀,0126Z0,seen,,1b95c1fc5314
14923478,2026-10-01 10:17:29,actions-trading,상승모멘텀,055490,seen,,aed80825e92d
14923478,2026-10-01 10:17:29,actions-trading,상승모멘텀,005850,seen,,3db1bae42db0
14923478,2026-10-01 10:17:29,actions-trading,상승모멘텀,000760,seen,,dab2c373da9e
14923478,2026-10-01 10:17:29,actions-trading,상승모멘텀,012030,seen,,b3b3a964837c
14923478,2026-10-01 10:17:29,actions-trading,상승모멘텀,480370,seen,,ce2dd3bcc8d9
14923478,2026-10-01 10:17:29,actions-trading,상승모멘텀,181710,seen,,51658aecf49e
14923478,2026-10-01 10:17:29,actions-trading,상승모멘텀,009420,seen,,7b0a24fe4007
14923478,2026-10-01 10:17:29,actions-trading,상승모멘텀,093370,seen,,004d5704903d
14923478,2026-10-01 10:17:29,actions-trading,상승모멘텀,003120,seen,,45b5ddb9348f
14923478,2026-10-01 10:17:29,actions-trading,상승모멘텀,012330,seen,,f31f7d1c37bb
14923478,2026-10-01 10:17:29,actions-trading,상승모멘텀,003465,seen,,e033d4043cbc
14923478,2026-10-01 10:17:29,actions-trading,상승모멘텀,006280,seen,,28e7dc9c7ee4
14923478,2026-10-01 10:17:29,actions-trading,상승모멘텀,014680,seen,,b4d5b12806a5
14923478,2026-10-01 10:17:29,actions-trading,상승모멘텀,005430,seen,,b7cac69bf680
14923478,2026-10-01 10:17:29,actions-trading,상승모멘텀,012200,seen,,06ea916c401f
14923478,2026-10-01 10:17:29,actions-trading,상승모멘텀,009900,seen,,e9f0942cdf68
14923478,2026-10-01 10:17:29,actions-trading,상승모멘텀,011930,seen,,14f179e3b1c4
14923478,2026-10-01 10:17:29,actions-trading,Sim4-1,084010,skip,period,2202ad5fb183
14923478,2026-10-01 10:17:29,actions-trading,Sim4-1,192650,skip,period,7d493db6556d
14923478,2026-10-01 10:17:29,actions-trading,Sim4-1,036570,skip,period,5d1e4af10810
14923478,2026-10-01 10:17:29,actions-trading,Sim4-1,109070,skip,amount,235f951c7484
14923478,2026-10-01 10:17:29,actions-trading,Sim4-1,003160,skip,held_or_cooldown,89745a60e233
14923478,2026-10-01 10:17:29,actions-trading,Sim4-1,460860,skip,adx_high,5e4a983a32f7
14923478,2026-10-01 10:17:29,actions-trading,Sim4-1,004105,skip,amount,fbdf6d38389b
14923478,2026-10-01 10:17:29,actions-trading,Sim4-1,002240,skip,amount,8d6758e57b92
14923478,2026-10-01 10:17:29,actions-trading,Sim4-1,093050,skip,amount,4c3ad96c2fba
14923478,2026-10-01 10:17:29,actions-trading,Sim4-1,005030,skip,amount,7c5ea2a80d2d
14923478,2026-10-01 10:17:29,actions-trading,Sim4-1,004710,skip,adx_high,d7f76b83fb93
14923478,2026-10-01 10:17:29,actions-trading,Sim4-1,248070,skip,period,e445653aeadd
14923478,2026-10-01 10:17:29,actions-trading,Sim4-1,0126Z0,skip,adx_high,1b95c1fc5314
14923478,2026-10-01 10:17:29,actions-trading,Sim4-1,055490,skip,amount,aed80825e92d
14923478,2026-10-01 10:17:29,actions-trading,Sim4-1,005850,skip,amount,3db1bae42db0
14923478,2026-10-01 10:17:29,actions-trading,Sim4-1,000760,skip,amount,dab2c373da9e
14923478,2026-10-01 10:17:29,actions-trading,Sim4-1,012030,skip,amount,b3b3a964837c
14923478,2026-10-01 10:17:29,actions-trading,Sim4-1,480370,skip,amount,ce2dd3bcc8d9
14923478,2026-10-01 10:17:29,actions-trading,Sim4-1,181710,skip,adx_high,51658aecf49e
14923478,2026-10-01 10:17:29,actions-trading,Sim4-1,009420,skip,period,7b0a24fe4007
14923478,2026-10-01 10:17:29,actions-trading,Sim4-1,093370,skip,adx_high,004d5704903d
14923478,2026-10-01 10:17:29,actions-trading,Sim4-1,003120,skip,amount,45b5ddb9348f
14923478,2026-10-01 10:17:29,actions-trading,Sim4-1,012330,skip,period,f31f7d1c37bb
14923478,2026-10-01 10:17:29,actions-trading,Sim4-1,003465,skip,amount,e033d4043cbc
14923478,2026-10-01 10:17:29,actions-trading,Sim4-1,006280,skip,amount,28e7dc9c7ee4
14923478,2026-10-01 10:17:29,actions-trading,Sim4-1,014680,skip,adx_high,b4d5b12806a5
14923478,2026-10-01 10:17:29,actions-trading,Sim4-1,005430,skip,amount,b7cac69bf680
14923478,2026-10-01 10:17:29,actions-trading,Sim4-1,012200,skip,amount,06ea916c401f
14923478,2026-10-01 10:17:29,actions-trading,Sim4-1,009900,skip,amount,e9f0942cdf68
14923478,2026-10-01 10:17:29,actions-trading,Sim4-1,011930,skip,amount,14f179e3b1c4
14923478,2026-10-01 10:17:31,actions-trading,선행매집,028670,skip,no_setup,9f41f30b369f
14923478,2026-10-01 10:17:31,actions-trading,선행매집,018880,skip,below_anchor,7e53372a0017
14923478,2026-10-01 10:17:31,actions-trading,선행매집,192650,skip,no_setup,7d493db6556d
14923478,2026-10-01 10:17:31,actions-trading,선행매집,009830,skip,below_anchor,ac30de034b49
14923478,2026-10-01 10:17:31,actions-trading,선행매집,011200,skip,below_anchor,b6f86690fab1
14923478,2026-10-01 10:17:31,actions-trading,선행매집,003160,skip,no_setup,89745a60e233
14923478,2026-10-01 10:17:31,actions-trading,선행매집,005935,skip,below_anchor,279d1c799c9f
14923478,2026-10-01 10:17:31,actions-trading,선행매집,002990,skip,below_anchor,6c6cc09344eb
14923478,2026-10-01 10:17:31,actions-trading,선행매집,068270,skip,below_anchor,3f99e62ad265
14923478,2026-10-01 10:17:31,actions-trading,선행매집,034220,skip,below_anchor,e1478c34b558
14923478,2026-10-01 10:17:31,actions-trading,선행매집,248070,skip,below_anchor,e445653aeadd
14923478,2026-10-01 10:17:31,actions-trading,선행매집,030000,skip,below_anchor,ac89720c0a50
14923478,2026-10-01 10:17:31,actions-trading,선행매집,001250,skip,below_anchor,3c310a4f12e4
14923478,2026-10-01 10:17:31,actions-trading,선행매집,005880,skip,amount,57a834ac82b9
14923478,2026-10-01 10:17:31,actions-trading,선행매집,005690,skip,below_anchor,938204ac9828
14923478,2026-10-01 10:17:31,actions-trading,선행매집,002700,skip,amount,d771b0ee6dbf
14923478,2026-10-01 10:17:31,actions-trading,선행매집,001210,skip,below_anchor,ca5bfede870f
14923478,2026-10-01 10:17:31,actions-trading,선행매집,008350,skip,amount,85483545ea8f
14923478,2026-10-01 10:17:31,actions-trading,선행매집,001820,skip,below_anchor,bbbb290480f1
14923478,2026-10-01 10:17:31,actions-trading,선행매집,003280,skip,below_anchor,1136eb01f6c4
14923478,2026-10-01 10:17:31,actions-trading,선행매집,004710,skip,below_anchor,d7f76b83fb93
14923478,2026-10-01 10:17:31,actions-trading,선행매집,003780,skip,amount,300386bbad60
14923478,2026-10-01 10:17:31,actions-trading,선행매집,092220,skip,amount,680d479c5a8d
14923478,2026-10-01 10:17:31,actions-trading,선행매집,089860,skip,held_awaiting_breakout,fad7c7336a47
14923478,2026-10-01 10:17:31,actions-trading,선행매집,093050,skip,no_setup,4c3ad96c2fba
14923478,2026-10-01 10:17:31,actions-trading,선행매집,001510,skip,amount,ff81976c190d
14923478,2026-10-01 10:17:31,actions-trading,선행매집,051910,skip,below_anchor,468d93fcfbba
14923478,2026-10-01 10:17:31,actions-trading,선행매집,004770,skip,amount,2a8fc3d3b736
14923478,2026-10-01 10:17:31,actions-trading,선행매집,093370,skip,below_anchor,004d5704903d
14923478,2026-10-01 10:17:31,actions-trading,선행매집,035000,skip,amount,b88e52cbe221
14923478,2026-10-01 10:17:31,actions-trading,Sim9,_gate,skip,outside_entry_window,e3b0c44298fc
14923478,2026-10-01 10:17:31,actions-trading,Sim9,084010,seen,,2202ad5fb183
14923478,2026-10-01 10:17:31,actions-trading,Sim9,192650,seen,,7d493db6556d
14923478,2026-10-01 10:17:31,actions-trading,Sim9,036570,seen,,5d1e4af10810
14923478,2026-10-01 10:17:31,actions-trading,Sim9,109070,seen,,235f951c7484
14923478,2026-10-01 10:17:31,actions-trading,Sim9,003160,seen,,89745a60e233
14923478,2026-10-01 10:17:31,actions-trading,Sim9,460860,seen,,5e4a983a32f7
14923478,2026-10-01 10:17:31,actions-trading,Sim9,004105,seen,,fbdf6d38389b
14923478,2026-10-01 10:17:31,actions-trading,Sim9,002240,seen,,8d6758e57b92
14923478,2026-10-01 10:17:31,actions-trading,Sim9,093050,seen,,4c3ad96c2fba
14923478,2026-10-01 10:17:31,actions-trading,Sim9,005030,seen,,7c5ea2a80d2d
14923478,2026-10-01 10:17:31,actions-trading,Sim9,004710,seen,,d7f76b83fb93
14923478,2026-10-01 10:17:31,actions-trading,Sim9,248070,seen,,e445653aeadd
14923478,2026-10-01 10:17:31,actions-trading,Sim9,0126Z0,seen,,1b95c1fc5314
14923478,2026-10-01 10:17:31,actions-trading,Sim9,055490,seen,,aed80825e92d
14923478,2026-10-01 10:17:31,actions-trading,Sim9,005850,seen,,3db1bae42db0
14923478,2026-10-01 10:17:31,actions-trading,Sim9,000760,seen,,dab2c373da9e
14923478,2026-10-01 10:17:31,actions-trading,Sim9,012030,seen,,b3b3a964837c
14923478,2026-10-01 10:17:31,actions-trading,Sim9,480370,seen,,ce2dd3bcc8d9
14923478,2026-10-01 10:17:31,actions-trading,Sim9,181710,seen,,51658aecf49e
14923478,2026-10-01 10:17:31,actions-trading,Sim9,009420,seen,,7b0a24fe4007
14923478,2026-10-01 10:17:31,actions-trading,Sim9,093370,seen,,004d5704903d
14923478,2026-10-01 10:17:31,actions-trading,Sim9,003120,seen,,45b5ddb9348f
14923478,2026-10-01 10:17:31,actions-trading,Sim9,012330,seen,,f31f7d1c37bb
14923478,2026-10-01 10:17:31,actions-trading,Sim9,003465,seen,,e033d4043cbc
14923478,2026-10-01 10:17:31,actions-trading,Sim9,006280,seen,,28e7dc9c7ee4
14923478,2026-10-01 10:17:31,actions-trading,Sim9,014680,seen,,b4d5b12806a5
14923478,2026-10-01 10:17:31,actions-trading,Sim9,005430,seen,,b7cac69bf680
14923478,2026-10-01 10:17:31,actions-trading,Sim9,012200,seen,,06ea916c401f
14923478,2026-10-01 10:17:31,actions-trading,Sim9,009900,seen,,e9f0942cdf68
14923478,2026-10-01 10:17:31,actions-trading,Sim9,011930,seen,,14f179e3b1c4
14923478,2026-10-01 10:17:31,actions-trading,미너비니,192820,skip,below_pivot,939011d0570a
14923478,2026-10-01 10:17:31,actions-trading,미너비니,443060,skip,below_pivot,31f8b8416b15
14923478,2026-10-01 10:17:31,actions-trading,미너비니,020120,skip,below_pivot,056e669b6afb
14923478,2026-10-01 10:17:31,actions-trading,Sim12,084010,skip,avoid_frgn_sell_20d,2202ad5fb183
14923478,2026-10-01 10:17:31,actions-trading,Sim12,192650,skip,pb2_not_crashed,7d493db6556d
14923478,2026-10-01 10:17:31,actions-trading,Sim12,036570,skip,pb2_not_crashed,5d1e4af10810
14923478,2026-10-01 10:17:31,actions-trading,Sim12,109070,skip,pb2_not_crashed,235f951c7484
14923478,2026-10-01 10:17:31,actions-trading,Sim12,003160,skip,pb2_not_crashed,89745a60e233
14923478,2026-10-01 10:17:31,actions-trading,Sim12,460860,skip,avoid_frgn_sell_20d,5e4a983a32f7
14923478,2026-10-01 10:17:31,actions-trading,Sim12,004105,skip,pb2_not_crashed,fbdf6d38389b
14923478,2026-10-01 10:17:31,actions-trading,Sim12,002240,skip,avoid_frgn_sell_20d,8d6758e57b92
14923478,2026-10-01 10:17:31,actions-trading,Sim12,093050,skip,avoid_frgn_sell_20d,4c3ad96c2fba
14923478,2026-10-01 10:17:31,actions-trading,Sim12,005030,skip,avoid_amount_dry,7c5ea2a80d2d
14923478,2026-10-01 10:17:31,actions-trading,Sim12,004710,skip,avoid_frgn_sell_20d,d7f76b83fb93
14923478,2026-10-01 10:17:31,actions-trading,Sim12,248070,skip,avoid_frgn_sell_20d,e445653aeadd
14923478,2026-10-01 10:17:31,actions-trading,Sim12,0126Z0,skip,avoid_frgn_sell_20d,1b95c1fc5314
14923478,2026-10-01 10:17:31,actions-trading,Sim12,055490,skip,avoid_frgn_sell_20d,aed80825e92d
14923478,2026-10-01 10:17:31,actions-trading,Sim12,005850,skip,avoid_amount_dry,3db1bae42db0
14923478,2026-10-01 10:17:31,actions-trading,Sim12,000760,skip,avoid_amount_dry,dab2c373da9e
14923478,2026-10-01 10:17:31,actions-trading,Sim12,012030,skip,avoid_amount_dry,b3b3a964837c
14923478,2026-10-01 10:17:31,actions-trading,Sim12,480370,skip,avoid_amount_dry,ce2dd3bcc8d9
14923478,2026-10-01 10:17:31,actions-trading,Sim12,181710,skip,avoid_amount_dry,51658aecf49e
14923478,2026-10-01 10:17:31,actions-trading,Sim12,009420,skip,avoid_amount_dry,7b0a24fe4007
14923478,2026-10-01 10:17:31,actions-trading,Sim12,093370,skip,pb2_not_crashed,004d5704903d
14923478,2026-10-01 10:17:31,actions-trading,Sim12,003120,skip,pb2_not_crashed,45b5ddb9348f
14923478,2026-10-01 10:17:31,actions-trading,Sim12,012330,skip,pb2_not_crashed,f31f7d1c37bb
14923478,2026-10-01 10:17:31,actions-trading,Sim12,003465,skip,avoid_amount_dry,e033d4043cbc
14923478,2026-10-01 10:17:31,actions-trading,Sim12,006280,skip,avoid_amount_dry,28e7dc9c7ee4
14923478,2026-10-01 10:17:31,actions-trading,Sim12,014680,skip,avoid_amount_dry,b4d5b12806a5
14923478,2026-10-01 10:17:31,actions-trading,Sim12,005430,skip,pb2_not_crashed,b7cac69bf680
14923478,2026-10-01 10:17:31,actions-trading,Sim12,012200,skip,avoid_amount_dry,06ea916c401f
14923478,2026-10-01 10:17:31,actions-trading,Sim12,009900,skip,avoid_amount_dry,e9f0942cdf68
14923478,2026-10-01 10:17:31,actions-trading,Sim12,011930,skip,pb2_not_crashed,14f179e3b1c4
14923478,2026-10-01 10:17:31,actions-trading,Sim12,051630,skip,avoid_amount_dry,f4e8968ac329
14923478,2026-10-01 10:17:31,actions-trading,Sim12,002820,skip,pb2_thin_liquidity,a8cf980f2d41
14923478,2026-10-01 10:17:31,actions-trading,Sim12,009190,skip,avoid_amount_dry,bc3b149ebd73
14923478,2026-10-01 10:17:31,actions-trading,Sim12,002787,skip,avoid_amount_dry,17e40c53a049
14923478,2026-10-01 10:17:31,actions-trading,Sim12,071090,skip,pb2_not_crashed,18c743826e09
14923478,2026-10-01 10:17:31,actions-trading,Sim12,452260,skip,avoid_amount_dry,9fc0b12d788f
14923478,2026-10-01 10:17:31,actions-trading,Sim12,010640,skip,avoid_amount_dry,1f577b1c0a1a
14923478,2026-10-01 10:17:31,actions-trading,Sim12,002690,skip,avoid_frgn_sell_20d,b2e9b78c7aa9
14923478,2026-10-01 10:17:31,actions-trading,Sim12,002785,skip,avoid_amount_dry,2fa46756507a
14923478,2026-10-01 10:17:31,actions-trading,Sim12,001770,skip,avoid_amount_dry,a0fe1186faf6
14923478,2026-10-01 10:17:31,actions-trading,Sim12,007110,skip,avoid_amount_dry,40263afd1888
14923478,2026-10-01 10:17:31,actions-trading,Sim12,002070,skip,avoid_amount_dry,e4306d4fabb0
14923478,2026-10-01 10:17:31,actions-trading,Sim12,003780,skip,avoid_frgn_sell_20d,300386bbad60
14923478,2026-10-01 10:17:31,actions-trading,Sim12,003030,skip,pb2_not_crashed,1383684dd9f4
14923478,2026-10-01 10:17:31,actions-trading,Sim12,487570,skip,pb2_not_crashed,cf63c32ec35c
14923478,2026-10-01 10:17:31,actions-trading,Sim12,316140,skip,avoid_amount_dry,ed7fefa3cc72
14923478,2026-10-01 10:17:31,actions-trading,Sim12,002995,skip,avoid_amount_dry,f2b0cb471ccb
14923478,2026-10-01 10:17:31,actions-trading,Sim12,005010,skip,pb2_not_crashed,5cbd53a41329
14923478,2026-10-01 10:17:31,actions-trading,Sim12,003075,skip,pb2_not_crashed,486e9de1db2d
14923478,2026-10-01 10:17:31,actions-trading,Sim12,003580,skip,avoid_amount_dry,627f6613317f
14923478,2026-10-01 10:17:31,actions-trading,Sim12,010950,skip,avoid_amount_dry,29a0398caab7
14923478,2026-10-01 10:17:31,actions-trading,Sim12,006260,skip,avoid_amount_dry,95fcdfccc07e
14923478,2026-10-01 10:17:31,actions-trading,Sim12,092790,skip,pb2_not_crashed,ac94078cda2c
14923478,2026-10-01 10:17:31,actions-trading,Sim12,006200,skip,pb2_thin_liquidity,ab2c08421255
14923478,2026-10-01 10:17:31,actions-trading,Sim12,014280,skip,avoid_amount_dry,827594c9ad35
14923478,2026-10-01 10:17:31,actions-trading,Sim12,456040,skip,avoid_amount_dry,8ad653e651d7
14923478,2026-10-01 10:17:31,actions-trading,Sim12,37550L,skip,avoid_amount_dry,8840e409769c
14923478,2026-10-01 10:17:31,actions-trading,Sim12,062040,skip,avoid_amount_dry,4c21e40a888c
14923478,2026-10-01 10:17:31,actions-trading,Sim12,457190,skip,avoid_frgn_sell_20d,d34dd2c46a60
14923478,2026-10-01 10:17:31,actions-trading,Sim12,017900,skip,avoid_amount_dry,2e83f2be3002
14923478,2026-10-01 10:17:32,actions-trading,Sim13,084010,skip,theme_momentum_weak,2202ad5fb183
14923478,2026-10-01 10:17:32,actions-trading,Sim13,192650,skip,no_frgn_support,7d493db6556d
14923478,2026-10-01 10:17:32,actions-trading,Sim13,036570,skip,theme_momentum_weak,5d1e4af10810
14923478,2026-10-01 10:17:32,actions-trading,Sim13,109070,skip,amount_not_surprised,235f951c7484
14923478,2026-10-01 10:17:32,actions-trading,Sim13,003160,skip,no_frgn_support,89745a60e233
14923478,2026-10-01 10:17:32,actions-trading,Sim13,460860,skip,theme_momentum_weak,5e4a983a32f7
14923478,2026-10-01 10:17:32,actions-trading,Sim13,004105,skip,no_frgn_support,fbdf6d38389b
14923478,2026-10-01 10:17:32,actions-trading,Sim13,002240,skip,theme_momentum_weak,8d6758e57b92
14923478,2026-10-01 10:17:32,actions-trading,Sim13,093050,skip,theme_momentum_weak,4c3ad96c2fba
14923478,2026-10-01 10:17:32,actions-trading,Sim13,005030,skip,theme_momentum_weak,7c5ea2a80d2d
14923478,2026-10-01 10:17:32,actions-trading,Sim13,004710,skip,amount_not_surprised,d7f76b83fb93
14923478,2026-10-01 10:17:32,actions-trading,Sim13,248070,skip,theme_momentum_weak,e445653aeadd
14923478,2026-10-01 10:17:32,actions-trading,Sim13,0126Z0,skip,theme_momentum_weak,1b95c1fc5314
14923478,2026-10-01 10:17:32,actions-trading,Sim13,055490,skip,theme_momentum_weak,aed80825e92d
14923478,2026-10-01 10:17:32,actions-trading,Sim13,005850,skip,theme_momentum_weak,3db1bae42db0
14923478,2026-10-01 10:17:32,actions-trading,Sim13,000760,skip,theme_momentum_weak,dab2c373da9e
14923478,2026-10-01 10:17:32,actions-trading,Sim13,012030,skip,adx_weak,b3b3a964837c
14923478,2026-10-01 10:17:32,actions-trading,Sim13,480370,skip,adx_weak,ce2dd3bcc8d9
14923478,2026-10-01 10:17:32,actions-trading,Sim13,181710,skip,theme_momentum_weak,51658aecf49e
14923478,2026-10-01 10:17:32,actions-trading,Sim13,009420,skip,theme_momentum_weak,7b0a24fe4007
14923478,2026-10-01 10:17:32,actions-trading,Sim13,093370,skip,no_frgn_support,004d5704903d
14923478,2026-10-01 10:17:32,actions-trading,Sim13,003120,skip,theme_momentum_weak,45b5ddb9348f
14923478,2026-10-01 10:17:32,actions-trading,Sim13,012330,skip,theme_momentum_weak,f31f7d1c37bb
14923478,2026-10-01 10:17:32,actions-trading,Sim13,003465,skip,theme_momentum_weak,e033d4043cbc
14923478,2026-10-01 10:17:32,actions-trading,Sim13,006280,skip,theme_momentum_weak,28e7dc9c7ee4
14923478,2026-10-01 10:17:32,actions-trading,Sim13,014680,skip,amount_not_surprised,b4d5b12806a5
14923478,2026-10-01 10:17:32,actions-trading,Sim13,005430,skip,theme_momentum_weak,b7cac69bf680
14923478,2026-10-01 10:17:32,actions-trading,Sim13,012200,skip,theme_momentum_weak,06ea916c401f
14923478,2026-10-01 10:17:32,actions-trading,Sim13,009900,skip,theme_momentum_weak,e9f0942cdf68
14923478,2026-10-01 10:17:32,actions-trading,Sim13,011930,skip,theme_momentum_weak,14f179e3b1c4
14923479,2026-10-01 10:18:58,actions-trading,Sim3,402340,skip,adx,0c5b075212a4
14923479,2026-10-01 10:18:58,actions-trading,Sim3,383800,skip,amount,de0ed5940ccd
14923479,2026-10-01 10:18:58,actions-trading,Sim3,462870,skip,amount,5d828b8d4b50
14923479,2026-10-01 10:18:58,actions-trading,Sim3,000660,skip,qty_zero,4df275ae206a
14923479,2026-10-01 10:18:58,actions-trading,Sim3,071970,skip,held_or_sold_today,f248d790001b
14923479,2026-10-01 10:18:58,actions-trading,Sim3,042700,skip,not_cheap,cc6a4c0d8bbe
14923479,2026-10-01 10:18:58,actions-trading,Sim3,326030,skip,amount,a23b70f4a908
14923479,2026-10-01 10:18:58,actions-trading,Sim3,207940,skip,not_cheap,d981a98e867f
14923479,2026-10-01 10:18:58,actions-trading,Sim3,033920,skip,amount,6ef939835c21
14923479,2026-10-01 10:18:58,actions-trading,Sim3,004770,skip,amount,4e890e413725
14923479,2026-10-01 10:18:58,actions-trading,Sim3,0126Z0,skip,not_cheap,a3fdd72897d8
14923479,2026-10-01 10:18:58,actions-trading,Sim3,062040,skip,not_cheap,8ac28477b15d
14923479,2026-10-01 10:18:58,actions-trading,Sim3,317450,skip,amount,19510e66988e
14923479,2026-10-01 10:18:58,actions-trading,Sim3,026960,skip,amount,f32f5c9f98f9
14923479,2026-10-01 10:18:58,actions-trading,Sim3,021820,skip,amount,507589c98b1e
14923479,2026-10-01 10:18:58,actions-trading,Sim3,192080,skip,amount,6e04413233da
14923479,2026-10-01 10:18:58,actions-trading,Sim3,068270,skip,held_or_sold_today,db709caebe60
14923479,2026-10-01 10:18:58,actions-trading,Sim3,123890,skip,amount,6200d908dd6e
14923479,2026-10-01 10:18:58,actions-trading,Sim3,000240,skip,amount,0ce22715b9a0
14923479,2026-10-01 10:18:58,actions-trading,Sim3,002380,skip,held_or_sold_today,32745ae5164e
14923479,2026-10-01 10:18:58,actions-trading,Sim3,009770,skip,amount,d142bcd86f70
14923479,2026-10-01 10:18:58,actions-trading,Sim3,259960,skip,held_or_sold_today,82eb559d2ab6
14923479,2026-10-01 10:18:58,actions-trading,Sim3,035250,skip,amount,c55975d005b3
14923479,2026-10-01 10:18:58,actions-trading,Sim3,383220,skip,amount,db015f195e2e
14923479,2026-10-01 10:18:58,actions-trading,Sim3,226320,skip,amount,838b4746fd8f
14923479,2026-10-01 10:18:58,actions-trading,Sim3,439260,skip,amount,c4c92a730bd4
14923479,2026-10-01 10:18:58,actions-trading,Sim3,025560,skip,cooldown,497cb7b93d4e
14923479,2026-10-01 10:18:58,actions-trading,Sim3,007700,skip,amount,5ad48dc4a6e0
14923479,2026-10-01 10:18:58,actions-trading,Sim3,278470,skip,not_cheap,f5f3c059b8bd
14923479,2026-10-01 10:18:58,actions-trading,Sim3,000990,skip,not_cheap,6ed3a69a3fc9
14923479,2026-10-01 10:19:34,actions-trading,MFHS2,028670,skip,max_holdings,243c519d78fa
14923479,2026-10-01 10:19:34,actions-trading,MFHS2,018880,seen,,5a51be34851d
14923479,2026-10-01 10:19:34,actions-trading,MFHS2,003160,seen,,b673fef11726
14923479,2026-10-01 10:19:34,actions-trading,MFHS2,005935,seen,,8b1207e866b4
14923479,2026-10-01 10:19:34,actions-trading,MFHS2,002990,seen,,430da68ade49
14923479,2026-10-01 10:19:34,actions-trading,MFHS2,011200,seen,,f244e9a1e2a0
14923479,2026-10-01 10:19:34,actions-trading,MFHS2,248070,seen,,d47a6524efac
14923479,2026-10-01 10:19:34,actions-trading,MFHS2,034220,seen,,0dc3e3674bd4
14923479,2026-10-01 10:19:34,actions-trading,MFHS2,192650,seen,,4c20b4d59b9c
14923479,2026-10-01 10:19:34,actions-trading,MFHS2,068270,seen,,422cce0949de
14923479,2026-10-01 10:19:34,actions-trading,MFHS2,030000,seen,,d886e7901993
14923479,2026-10-01 10:19:34,actions-trading,MFHS2,001250,seen,,caf6d781b078
14923479,2026-10-01 10:19:34,actions-trading,MFHS2,009830,seen,,44af45ad9f86
14923479,2026-10-01 10:19:34,actions-trading,MFHS2,004710,seen,,ff1f3c78fb9b
14923479,2026-10-01 10:19:34,actions-trading,MFHS2,005880,seen,,bf20bc50064d
14923479,2026-10-01 10:19:34,actions-trading,MFHS2,005690,seen,,0ec0ba6ced6a
14923479,2026-10-01 10:19:34,actions-trading,MFHS2,093370,seen,,bc9b84b9ba12
14923479,2026-10-01 10:19:34,actions-trading,MFHS2,002700,seen,,d4c3adba83e9
14923479,2026-10-01 10:19:34,actions-trading,MFHS2,008350,seen,,4c68968f7e9d
14923479,2026-10-01 10:19:34,actions-trading,MFHS2,003280,seen,,33826dbb7895
14923479,2026-10-01 10:19:34,actions-trading,MFHS2,001820,seen,,c7d773962d66
14923479,2026-10-01 10:19:34,actions-trading,MFHS2,001210,seen,,98ed0d43606b
14923479,2026-10-01 10:19:34,actions-trading,MFHS2,003780,seen,,e2bda75a3128
14923479,2026-10-01 10:19:34,actions-trading,MFHS2,001510,seen,,bd3bb7412ef2
14923479,2026-10-01 10:19:34,actions-trading,MFHS2,089860,seen,,1e2c2659cdb6
14923479,2026-10-01 10:19:34,actions-trading,MFHS2,086790,seen,,60df1f1a1c51
14923479,2026-10-01 10:19:34,actions-trading,MFHS2,092220,seen,,e4a3b4538b9d
14923479,2026-10-01 10:19:34,actions-trading,MFHS2,093050,seen,,5da0d8fb13b5
14923479,2026-10-01 10:19:34,actions-trading,MFHS2,035000,seen,,4a0551156fac
14923479,2026-10-01 10:19:34,actions-trading,MFHS2,004310,seen,,1fa236b50525
14923479,2026-10-01 10:19:36,actions-trading,상승모멘텀,084010,skip,max_holdings,ca70f6926a58
14923479,2026-10-01 10:19:36,actions-trading,상승모멘텀,192650,seen,,4c20b4d59b9c
14923479,2026-10-01 10:19:36,actions-trading,상승모멘텀,036570,seen,,38486ffbeb33
14923479,2026-10-01 10:19:36,actions-trading,상승모멘텀,109070,seen,,e7fc496cc56e
14923479,2026-10-01 10:19:36,actions-trading,상승모멘텀,003160,seen,,b673fef11726
14923479,2026-10-01 10:19:36,actions-trading,상승모멘텀,004105,seen,,253c7ca90e9b
14923479,2026-10-01 10:19:36,actions-trading,상승모멘텀,093050,seen,,5da0d8fb13b5
14923479,2026-10-01 10:19:36,actions-trading,상승모멘텀,460860,seen,,29e6234b9036
14923479,2026-10-01 10:19:36,actions-trading,상승모멘텀,002240,seen,,99f95aaac584
14923479,2026-10-01 10:19:36,actions-trading,상승모멘텀,005030,seen,,7c5ea2a80d2d
14923479,2026-10-01 10:19:36,actions-trading,상승모멘텀,004710,seen,,ff1f3c78fb9b
14923479,2026-10-01 10:19:36,actions-trading,상승모멘텀,248070,seen,,d47a6524efac
14923479,2026-10-01 10:19:36,actions-trading,상승모멘텀,055490,seen,,d9c5a1c90e58
14923479,2026-10-01 10:19:36,actions-trading,상승모멘텀,000760,seen,,dab2c373da9e
14923479,2026-10-01 10:19:36,actions-trading,상승모멘텀,005850,seen,,9f9933226d8e
14923479,2026-10-01 10:19:36,actions-trading,상승모멘텀,0126Z0,seen,,a65f1c77c7df
14923479,2026-10-01 10:19:36,actions-trading,상승모멘텀,012030,seen,,227ba9801202
14923479,2026-10-01 10:19:36,actions-trading,상승모멘텀,480370,seen,,08b272a0e797
14923479,2026-10-01 10:19:36,actions-trading,상승모멘텀,093370,seen,,bc9b84b9ba12
14923479,2026-10-01 10:19:36,actions-trading,상승모멘텀,005430,seen,,fa8436616c7b
14923479,2026-10-01 10:19:36,actions-trading,상승모멘텀,181710,seen,,299f90c44bde
14923479,2026-10-01 10:19:36,actions-trading,상승모멘텀,012330,seen,,b57f9b5bdc84
14923479,2026-10-01 10:19:36,actions-trading,상승모멘텀,009420,seen,,5af5ae4b2082
14923479,2026-10-01 10:19:36,actions-trading,상승모멘텀,003120,seen,,45b5ddb9348f
14923479,2026-10-01 10:19:36,actions-trading,상승모멘텀,003465,seen,,e033d4043cbc
14923479,2026-10-01 10:19:36,actions-trading,상승모멘텀,011930,seen,,f52028f2d994
14923479,2026-10-01 10:19:36,actions-trading,상승모멘텀,015590,seen,,818464974dd2
14923479,2026-10-01 10:19:36,actions-trading,상승모멘텀,078520,seen,,9b5267047353
14923479,2026-10-01 10:19:36,actions-trading,상승모멘텀,006280,seen,,453d4d79c179
14923479,2026-10-01 10:19:36,actions-trading,상승모멘텀,014680,seen,,f0f07bd05fac
14923479,2026-10-01 10:19:36,actions-trading,Sim4-1,084010,skip,period,ca70f6926a58
14923479,2026-10-01 10:19:36,actions-trading,Sim4-1,192650,skip,period,4c20b4d59b9c
14923479,2026-10-01 10:19:36,actions-trading,Sim4-1,036570,skip,period,38486ffbeb33
14923479,2026-10-01 10:19:36,actions-trading,Sim4-1,109070,skip,amount,e7fc496cc56e
14923479,2026-10-01 10:19:36,actions-trading,Sim4-1,003160,skip,held_or_cooldown,b673fef11726
14923479,2026-10-01 10:19:36,actions-trading,Sim4-1,004105,skip,amount,253c7ca90e9b
14923479,2026-10-01 10:19:36,actions-trading,Sim4-1,093050,skip,amount,5da0d8fb13b5
14923479,2026-10-01 10:19:36,actions-trading,Sim4-1,460860,skip,adx_high,29e6234b9036
14923479,2026-10-01 10:19:36,actions-trading,Sim4-1,002240,skip,amount,99f95aaac584
14923479,2026-10-01 10:19:36,actions-trading,Sim4-1,005030,skip,amount,7c5ea2a80d2d
14923479,2026-10-01 10:19:36,actions-trading,Sim4-1,004710,skip,adx_high,ff1f3c78fb9b
14923479,2026-10-01 10:19:36,actions-trading,Sim4-1,248070,skip,period,d47a6524efac
14923479,2026-10-01 10:19:36,actions-trading,Sim4-1,055490,skip,amount,d9c5a1c90e58
14923479,2026-10-01 10:19:36,actions-trading,Sim4-1,000760,skip,amount,dab2c373da9e
14923479,2026-10-01 10:19:36,actions-trading,Sim4-1,005850,skip,amount,9f9933226d8e
14923479,2026-10-01 10:19:36,actions-trading,Sim4-1,0126Z0,skip,adx_high,a65f1c77c7df
14923479,2026-10-01 10:19:36,actions-trading,Sim4-1,012030,skip,amount,227ba9801202
14923479,2026-10-01 10:19:36,actions-trading,Sim4-1,480370,skip,amount,08b272a0e797
14923479,2026-10-01 10:19:36,actions-trading,Sim4-1,093370,skip,adx_high,bc9b84b9ba12
14923479,2026-10-01 10:19:36,actions-trading,Sim4-1,005430,skip,amount,fa8436616c7b
14923479,2026-10-01 10:19:36,actions-trading,Sim4-1,181710,skip,adx_high,299f90c44bde
14923479,2026-10-01 10:19:36,actions-trading,Sim4-1,012330,skip,period,b57f9b5bdc84
14923479,2026-10-01 10:19:36,actions-trading,Sim4-1,009420,skip,period,5af5ae4b2082
14923479,2026-10-01 10:19:36,actions-trading,Sim4-1,003120,skip,amount,45b5ddb9348f
14923479,2026-10-01 10:19:36,actions-trading,Sim4-1,003465,skip,amount,e033d4043cbc
14923479,2026-10-01 10:19:36,actions-trading,Sim4-1,011930,skip,amount,f52028f2d994
14923479,2026-10-01 10:19:36,actions-trading,Sim4-1,015590,skip,amount,818464974dd2
14923479,2026-10-01 10:19:36,actions-trading,Sim4-1,078520,skip,amount,9b5267047353
14923479,2026-10-01 10:19:36,actions-trading,Sim4-1,006280,skip,amount,453d4d79c179
14923479,2026-10-01 10:19:36,actions-trading,Sim4-1,014680,skip,adx_high,f0f07bd05fac
14923479,2026-10-01 10:19:37,actions-trading,선행매집,028670,skip,no_setup,243c519d78fa
14923479,2026-10-01 10:19:37,actions-trading,선행매집,018880,skip,below_anchor,5a51be34851d
14923479,2026-10-01 10:19:37,actions-trading,선행매집,192650,skip,no_setup,4c20b4d59b9c
14923479,2026-10-01 10:19:37,actions-trading,선행매집,009830,skip,below_anchor,44af45ad9f86
14923479,2026-10-01 10:19:37,actions-trading,선행매집,011200,skip,below_anchor,f244e9a1e2a0
14923479,2026-10-01 10:19:37,actions-trading,선행매집,003160,skip,no_setup,b673fef11726
14923479,2026-10-01 10:19:37,actions-trading,선행매집,005935,skip,below_anchor,8b1207e866b4
14923479,2026-10-01 10:19:37,actions-trading,선행매집,002990,skip,below_anchor,430da68ade49
14923479,2026-10-01 10:19:37,actions-trading,선행매집,068270,skip,below_anchor,422cce0949de
14923479,2026-10-01 10:19:37,actions-trading,선행매집,034220,skip,below_anchor,0dc3e3674bd4
14923479,2026-10-01 10:19:37,actions-trading,선행매집,248070,skip,below_anchor,d47a6524efac
14923479,2026-10-01 10:19:37,actions-trading,선행매집,030000,skip,below_anchor,d886e7901993
14923479,2026-10-01 10:19:37,actions-trading,선행매집,001250,skip,below_anchor,caf6d781b078
14923479,2026-10-01 10:19:37,actions-trading,선행매집,005880,skip,amount,bf20bc50064d
14923479,2026-10-01 10:19:37,actions-trading,선행매집,005690,skip,below_anchor,0ec0ba6ced6a
14923479,2026-10-01 10:19:37,actions-trading,선행매집,002700,skip,amount,d4c3adba83e9
14923479,2026-10-01 10:19:37,actions-trading,선행매집,001210,skip,below_anchor,98ed0d43606b
14923479,2026-10-01 10:19:37,actions-trading,선행매집,008350,skip,amount,4c68968f7e9d
14923479,2026-10-01 10:19:37,actions-trading,선행매집,001820,skip,below_anchor,c7d773962d66
14923479,2026-10-01 10:19:37,actions-trading,선행매집,003280,skip,below_anchor,33826dbb7895
14923479,2026-10-01 10:19:37,actions-trading,선행매집,004710,skip,below_anchor,ff1f3c78fb9b
14923479,2026-10-01 10:19:37,actions-trading,선행매집,003780,skip,amount,e2bda75a3128
14923479,2026-10-01 10:19:37,actions-trading,선행매집,092220,skip,amount,e4a3b4538b9d
14923479,2026-10-01 10:19:37,actions-trading,선행매집,089860,skip,held_awaiting_breakout,1e2c2659cdb6
14923479,2026-10-01 10:19:37,actions-trading,선행매집,093050,skip,no_setup,5da0d8fb13b5
14923479,2026-10-01 10:19:37,actions-trading,선행매집,001510,skip,amount,bd3bb7412ef2
14923479,2026-10-01 10:19:37,actions-trading,선행매집,051910,skip,below_anchor,7bd745de5d82
14923479,2026-10-01 10:19:37,actions-trading,선행매집,004770,skip,amount,2a8fc3d3b736
14923479,2026-10-01 10:19:37,actions-trading,선행매집,093370,skip,below_anchor,bc9b84b9ba12
14923479,2026-10-01 10:19:37,actions-trading,선행매집,035000,skip,amount,4a0551156fac
14923479,2026-10-01 10:19:37,actions-trading,Sim9,_gate,skip,outside_entry_window,e3b0c44298fc
14923479,2026-10-01 10:19:37,actions-trading,Sim9,084010,seen,,ca70f6926a58
14923479,2026-10-01 10:19:37,actions-trading,Sim9,192650,seen,,4c20b4d59b9c
14923479,2026-10-01 10:19:37,actions-trading,Sim9,036570,seen,,38486ffbeb33
14923479,2026-10-01 10:19:37,actions-trading,Sim9,109070,seen,,e7fc496cc56e
14923479,2026-10-01 10:19:37,actions-trading,Sim9,003160,seen,,b673fef11726
14923479,2026-10-01 10:19:37,actions-trading,Sim9,004105,seen,,253c7ca90e9b
14923479,2026-10-01 10:19:37,actions-trading,Sim9,093050,seen,,5da0d8fb13b5
14923479,2026-10-01 10:19:37,actions-trading,Sim9,460860,seen,,29e6234b9036
14923479,2026-10-01 10:19:37,actions-trading,Sim9,002240,seen,,99f95aaac584
14923479,2026-10-01 10:19:37,actions-trading,Sim9,005030,seen,,7c5ea2a80d2d
14923479,2026-10-01 10:19:37,actions-trading,Sim9,004710,seen,,ff1f3c78fb9b
14923479,2026-10-01 10:19:37,actions-trading,Sim9,248070,seen,,d47a6524efac
14923479,2026-10-01 10:19:37,actions-trading,Sim9,055490,seen,,d9c5a1c90e58
14923479,2026-10-01 10:19:37,actions-trading,Sim9,000760,seen,,dab2c373da9e
14923479,2026-10-01 10:19:37,actions-trading,Sim9,005850,seen,,9f9933226d8e
14923479,2026-10-01 10:19:37,actions-trading,Sim9,0126Z0,seen,,a65f1c77c7df
14923479,2026-10-01 10:19:37,actions-trading,Sim9,012030,seen,,227ba9801202
14923479,2026-10-01 10:19:37,actions-trading,Sim9,480370,seen,,08b272a0e797
14923479,2026-10-01 10:19:37,actions-trading,Sim9,093370,seen,,bc9b84b9ba12
14923479,2026-10-01 10:19:37,actions-trading,Sim9,005430,seen,,fa8436616c7b
14923479,2026-10-01 10:19:37,actions-trading,Sim9,181710,seen,,299f90c44bde
14923479,2026-10-01 10:19:37,actions-trading,Sim9,012330,seen,,b57f9b5bdc84
14923479,2026-10-01 10:19:37,actions-trading,Sim9,009420,seen,,5af5ae4b2082
14923479,2026-10-01 10:19:37,actions-trading,Sim9,003120,seen,,45b5ddb9348f
14923479,2026-10-01 10:19:37,actions-trading,Sim9,003465,seen,,e033d4043cbc
14923479,2026-10-01 10:19:37,actions-trading,Sim9,011930,seen,,f52028f2d994
14923479,2026-10-01 10:19:37,actions-trading,Sim9,015590,seen,,818464974dd2
14923479,2026-10-01 10:19:37,actions-trading,Sim9,078520,seen,,9b5267047353
14923479,2026-10-01 10:19:37,actions-trading,Sim9,006280,seen,,453d4d79c179
14923479,2026-10-01 10:19:37,actions-trading,Sim9,014680,seen,,f0f07bd05fac
14923479,2026-10-01 10:19:37,actions-trading,미너비니,192820,skip,below_pivot,995ebb0e9c65
14923479,2026-10-01 10:19:37,actions-trading,미너비니,443060,skip,below_pivot,082a29a29fd9
14923479,2026-10-01 10:19:37,actions-trading,미너비니,020120,skip,below_pivot,cc45c6437757
14923479,2026-10-01 10:19:38,actions-trading,Sim12,084010,skip,avoid_frgn_sell_20d,ca70f6926a58
14923479,2026-10-01 10:19:38,actions-trading,Sim12,192650,skip,pb2_not_crashed,4c20b4d59b9c
14923479,2026-10-01 10:19:38,actions-trading,Sim12,036570,skip,pb2_not_crashed,38486ffbeb33
14923479,2026-10-01 10:19:38,actions-trading,Sim12,109070,skip,pb2_not_crashed,e7fc496cc56e
14923479,2026-10-01 10:19:38,actions-trading,Sim12,003160,skip,pb2_not_crashed,b673fef11726
14923479,2026-10-01 10:19:38,actions-trading,Sim12,004105,skip,pb2_not_crashed,253c7ca90e9b
14923479,2026-10-01 10:19:38,actions-trading,Sim12,093050,skip,avoid_frgn_sell_20d,5da0d8fb13b5
14923479,2026-10-01 10:19:38,actions-trading,Sim12,460860,skip,avoid_frgn_sell_20d,29e6234b9036
14923479,2026-10-01 10:19:38,actions-trading,Sim12,002240,skip,avoid_frgn_sell_20d,99f95aaac584
14923479,2026-10-01 10:19:38,actions-trading,Sim12,005030,skip,avoid_amount_dry,7c5ea2a80d2d
14923479,2026-10-01 10:19:38,actions-trading,Sim12,004710,skip,avoid_frgn_sell_20d,ff1f3c78fb9b
14923479,2026-10-01 10:19:38,actions-trading,Sim12,248070,skip,avoid_frgn_sell_20d,d47a6524efac
14923479,2026-10-01 10:19:38,actions-trading,Sim12,055490,skip,avoid_frgn_sell_20d,d9c5a1c90e58
14923479,2026-10-01 10:19:38,actions-trading,Sim12,000760,skip,avoid_amount_dry,dab2c373da9e
14923479,2026-10-01 10:19:38,actions-trading,Sim12,005850,skip,avoid_amount_dry,9f9933226d8e
14923479,2026-10-01 10:19:38,actions-trading,Sim12,0126Z0,skip,avoid_frgn_sell_20d,a65f1c77c7df
14923479,2026-10-01 10:19:38,actions-trading,Sim12,012030,skip,avoid_amount_dry,227ba9801202
14923479,2026-10-01 10:19:38,actions-trading,Sim12,480370,skip,avoid_amount_dry,08b272a0e797
14923479,2026-10-01 10:19:38,actions-trading,Sim12,093370,skip,pb2_not_crashed,bc9b84b9ba12
14923479,2026-10-01 10:19:38,actions-trading,Sim12,005430,skip,pb2_not_crashed,fa8436616c7b
14923479,2026-10-01 10:19:38,actions-trading,Sim12,181710,skip,avoid_amount_dry,299f90c44bde
14923479,2026-10-01 10:19:38,actions-trading,Sim12,012330,skip,pb2_not_crashed,b57f9b5bdc84
14923479,2026-10-01 10:19:38,actions-trading,Sim12,009420,skip,avoid_amount_dry,5af5ae4b2082
14923479,2026-10-01 10:19:38,actions-trading,Sim12,003120,skip,pb2_not_crashed,45b5ddb9348f
14923479,2026-10-01 10:19:38,actions-trading,Sim12,003465,skip,avoid_amount_dry,e033d4043cbc
14923479,2026-10-01 10:19:38,actions-trading,Sim12,011930,skip,pb2_not_crashed,f52028f2d994
14923479,2026-10-01 10:19:38,actions-trading,Sim12,015590,skip,avoid_amount_dry,818464974dd2
14923479,2026-10-01 10:19:38,actions-trading,Sim12,078520,skip,avoid_amount_dry,9b5267047353
14923479,2026-10-01 10:19:38,actions-trading,Sim12,006280,skip,avoid_amount_dry,453d4d79c179
14923479,2026-10-01 10:19:38,actions-trading,Sim12,014680,skip,avoid_amount_dry,f0f07bd05fac
14923479,2026-10-01 10:19:38,actions-trading,Sim12,051630,skip,avoid_amount_dry,87dccade9984
14923479,2026-10-01 10:19:38,actions-trading,Sim12,002820,skip,pb2_thin_liquidity,83b75ab37114
14923479,2026-10-01 10:19:38,actions-trading,Sim12,009190,skip,avoid_amount_dry,c80b7aa3d5d1
14923479,2026-10-01 10:19:38,actions-trading,Sim12,002787,skip,avoid_amount_dry,17e40c53a049
14923479,2026-10-01 10:19:38,actions-trading,Sim12,071090,skip,pb2_not_crashed,a6306a937db1
14923479,2026-10-01 10:19:38,actions-trading,Sim12,452260,skip,avoid_amount_dry,79583435e04f
14923479,2026-10-01 10:19:38,actions-trading,Sim12,010640,skip,avoid_amount_dry,55bcb5c6b11d
14923479,2026-10-01 10:19:38,actions-trading,Sim12,002785,skip,avoid_amount_dry,2fa46756507a
14923479,2026-10-01 10:19:38,actions-trading,Sim12,007110,skip,avoid_amount_dry,141873f93539
14923479,2026-10-01 10:19:38,actions-trading,Sim12,001770,skip,avoid_amount_dry,a0fe1186faf6
14923479,2026-10-01 10:19:38,actions-trading,Sim12,002690,skip,avoid_frgn_sell_20d,96a2b9d2dc73
14923479,2026-10-01 10:19:38,actions-trading,Sim12,002070,skip,avoid_amount_dry,e4306d4fabb0
14923479,2026-10-01 10:19:38,actions-trading,Sim12,003030,skip,pb2_not_crashed,59fd6185f5a7
14923479,2026-10-01 10:19:38,actions-trading,Sim12,003780,skip,avoid_frgn_sell_20d,e2bda75a3128
14923479,2026-10-01 10:19:38,actions-trading,Sim12,003580,skip,avoid_amount_dry,2fa6071205d1
14923479,2026-10-01 10:19:38,actions-trading,Sim12,487570,skip,pb2_not_crashed,31bf762de970
14923479,2026-10-01 10:19:38,actions-trading,Sim12,316140,skip,avoid_amount_dry,828dfc07327c
14923479,2026-10-01 10:19:38,actions-trading,Sim12,005010,skip,pb2_not_crashed,3065b49285a2
14923479,2026-10-01 10:19:38,actions-trading,Sim12,002995,skip,avoid_amount_dry,f2b0cb471ccb
14923479,2026-10-01 10:19:38,actions-trading,Sim12,003075,skip,pb2_not_crashed,486e9de1db2d
14923479,2026-10-01 10:19:38,actions-trading,Sim12,010950,skip,avoid_amount_dry,57cb2b0da795
14923479,2026-10-01 10:19:38,actions-trading,Sim12,006260,skip,avoid_amount_dry,211e582386c7
14923479,2026-10-01 10:19:38,actions-trading,Sim12,092790,skip,pb2_not_crashed,eb4114e1e57d
14923479,2026-10-01 10:19:38,actions-trading,Sim12,006200,skip,pb2_thin_liquidity,99f5475f9c3a
14923479,2026-10-01 10:19:38,actions-trading,Sim12,014280,skip,avoid_amount_dry,5d22d622d53e
14923479,2026-10-01 10:19:38,actions-trading,Sim12,37550L,skip,avoid_amount_dry,8840e409769c
14923479,2026-10-01 10:19:38,actions-trading,Sim12,017900,skip,avoid_amount_dry,5a9233f42895
14923479,2026-10-01 10:19:38,actions-trading,Sim12,456040,skip,avoid_amount_dry,80f43b77fa9e
14923479,2026-10-01 10:19:38,actions-trading,Sim12,062040,skip,avoid_amount_dry,b512f33c8a79
14923479,2026-10-01 10:19:38,actions-trading,Sim12,004170,skip,avoid_amount_dry,e37ef9a5dc8b
14923479,2026-10-01 10:19:39,actions-trading,Sim13,084010,skip,theme_momentum_weak,ca70f6926a58
14923479,2026-10-01 10:19:39,actions-trading,Sim13,192650,skip,no_frgn_support,4c20b4d59b9c
14923479,2026-10-01 10:19:39,actions-trading,Sim13,036570,skip,theme_momentum_weak,38486ffbeb33
14923479,2026-10-01 10:19:39,actions-trading,Sim13,109070,skip,amount_not_surprised,e7fc496cc56e
14923479,2026-10-01 10:19:39,actions-trading,Sim13,003160,skip,no_frgn_support,b673fef11726
14923479,2026-10-01 10:19:39,actions-trading,Sim13,004105,skip,no_frgn_support,253c7ca90e9b
14923479,2026-10-01 10:19:39,actions-trading,Sim13,093050,skip,theme_momentum_weak,5da0d8fb13b5
14923479,2026-10-01 10:19:39,actions-trading,Sim13,460860,skip,theme_momentum_weak,29e6234b9036
14923479,2026-10-01 10:19:39,actions-trading,Sim13,002240,skip,theme_momentum_weak,99f95aaac584
14923479,2026-10-01 10:19:39,actions-trading,Sim13,005030,skip,theme_momentum_weak,7c5ea2a80d2d
14923479,2026-10-01 10:19:39,actions-trading,Sim13,004710,skip,amount_not_surprised,ff1f3c78fb9b
14923479,2026-10-01 10:19:39,actions-trading,Sim13,248070,skip,theme_momentum_weak,d47a6524efac
14923479,2026-10-01 10:19:39,actions-trading,Sim13,055490,skip,theme_momentum_weak,d9c5a1c90e58
14923479,2026-10-01 10:19:39,actions-trading,Sim13,000760,skip,theme_momentum_weak,dab2c373da9e
14923479,2026-10-01 10:19:39,actions-trading,Sim13,005850,skip,theme_momentum_weak,9f9933226d8e
14923479,2026-10-01 10:19:39,actions-trading,Sim13,0126Z0,skip,theme_momentum_weak,a65f1c77c7df
14923479,2026-10-01 10:19:39,actions-trading,Sim13,012030,skip,adx_weak,227ba9801202
14923479,2026-10-01 10:19:39,actions-trading,Sim13,480370,skip,adx_weak,08b272a0e797
14923479,2026-10-01 10:19:39,actions-trading,Sim13,093370,skip,no_frgn_support,bc9b84b9ba12
14923479,2026-10-01 10:19:39,actions-trading,Sim13,005430,skip,theme_momentum_weak,fa8436616c7b
14923479,2026-10-01 10:19:39,actions-trading,Sim13,181710,skip,theme_momentum_weak,299f90c44bde
14923479,2026-10-01 10:19:39,actions-trading,Sim13,012330,skip,theme_momentum_weak,b57f9b5bdc84
14923479,2026-10-01 10:19:39,actions-trading,Sim13,009420,skip,theme_momentum_weak,5af5ae4b2082
14923479,2026-10-01 10:19:39,actions-trading,Sim13,003120,skip,theme_momentum_weak,45b5ddb9348f
14923479,2026-10-01 10:19:39,actions-trading,Sim13,003465,skip,theme_momentum_weak,e033d4043cbc
14923479,2026-10-01 10:19:39,actions-trading,Sim13,011930,skip,theme_momentum_weak,f52028f2d994
14923479,2026-10-01 10:19:39,actions-trading,Sim13,015590,skip,amount_not_surprised,818464974dd2
14923479,2026-10-01 10:19:39,actions-trading,Sim13,078520,skip,theme_momentum_weak,9b5267047353
14923479,2026-10-01 10:19:39,actions-trading,Sim13,006280,skip,theme_momentum_weak,453d4d79c179
14923479,2026-10-01 10:19:39,actions-trading,Sim13,014680,skip,amount_not_surprised,f0f07bd05fac
14923480,2026-10-01 10:21:05,actions-trading,Sim3,402340,skip,adx,f52ffaf7baf2
14923480,2026-10-01 10:21:05,actions-trading,Sim3,383800,skip,amount,da0ad63c9907
14923480,2026-10-01 10:21:05,actions-trading,Sim3,462870,skip,amount,c0a8965ed5e0
14923480,2026-10-01 10:21:05,actions-trading,Sim3,000660,skip,no_sector,673874198b91
14923480,2026-10-01 10:21:05,actions-trading,Sim3,071970,skip,held_or_sold_today,8bb02781333b
14923480,2026-10-01 10:21:05,actions-trading,Sim3,042700,skip,not_cheap,7123cada9ac3
14923480,2026-10-01 10:21:05,actions-trading,Sim3,326030,skip,amount,ed0d38e1e9dd
14923480,2026-10-01 10:21:05,actions-trading,Sim3,207940,skip,not_cheap,d6706927c0b0
14923480,2026-10-01 10:21:05,actions-trading,Sim3,033920,skip,amount,dc1d990f2a27
14923480,2026-10-01 10:21:05,actions-trading,Sim3,004770,skip,amount,ca9c098ee3a8
14923480,2026-10-01 10:21:05,actions-trading,Sim3,0126Z0,skip,not_cheap,7b2be8e1c9e7
14923480,2026-10-01 10:21:05,actions-trading,Sim3,062040,skip,not_cheap,a0e46c14c991
14923480,2026-10-01 10:21:05,actions-trading,Sim3,317450,skip,amount,069c2a677c76
14923480,2026-10-01 10:21:05,actions-trading,Sim3,026960,skip,amount,1fc031326b16
14923480,2026-10-01 10:21:05,actions-trading,Sim3,021820,skip,amount,dd049ec5d845
14923480,2026-10-01 10:21:05,actions-trading,Sim3,192080,skip,amount,dcda16944cea
14923480,2026-10-01 10:21:05,actions-trading,Sim3,068270,skip,held_or_sold_today,8f94b20e2139
14923480,2026-10-01 10:21:05,actions-trading,Sim3,123890,skip,amount,7f87d1010fa0
14923480,2026-10-01 10:21:05,actions-trading,Sim3,000240,skip,amount,752dc3ae48bf
14923480,2026-10-01 10:21:05,actions-trading,Sim3,002380,skip,held_or_sold_today,21e09e43b6d8
14923480,2026-10-01 10:21:05,actions-trading,Sim3,009770,skip,amount,d142bcd86f70
14923480,2026-10-01 10:21:05,actions-trading,Sim3,259960,skip,held_or_sold_today,c217ea3b82fc
14923480,2026-10-01 10:21:05,actions-trading,Sim3,035250,skip,amount,2f774d4fb31d
14923480,2026-10-01 10:21:05,actions-trading,Sim3,383220,skip,amount,41f6de393e21
14923480,2026-10-01 10:21:05,actions-trading,Sim3,226320,skip,amount,838b4746fd8f
14923480,2026-10-01 10:21:05,actions-trading,Sim3,439260,skip,amount,69ca56d13aa6
14923480,2026-10-01 10:21:05,actions-trading,Sim3,025560,skip,cooldown,13594c904406
14923480,2026-10-01 10:21:05,actions-trading,Sim3,007700,skip,amount,208c219b5cb2
14923480,2026-10-01 10:21:05,actions-trading,Sim3,278470,skip,not_cheap,918b84efb7f9
14923480,2026-10-01 10:21:05,actions-trading,Sim3,000990,skip,not_cheap,932917d6188c
14923480,2026-10-01 10:21:41,actions-trading,MFHS2,028670,skip,max_holdings,18765ec9ca60
14923480,2026-10-01 10:21:41,actions-trading,MFHS2,018880,seen,,ffca71f39c8e
14923480,2026-10-01 10:21:41,actions-trading,MFHS2,003160,seen,,5c8642173e6c
14923480,2026-10-01 10:21:41,actions-trading,MFHS2,005935,seen,,4bac0e295c14
14923480,2026-10-01 10:21:41,actions-trading,MFHS2,002990,seen,,ff87a5da73ed
14923480,2026-10-01 10:21:41,actions-trading,MFHS2,011200,seen,,da757b4098f9
14923480,2026-10-01 10:21:41,actions-trading,MFHS2,248070,seen,,5bb9c89a4e74
14923480,2026-10-01 10:21:41,actions-trading,MFHS2,034220,seen,,e84a63b0211a
14923480,2026-10-01 10:21:41,actions-trading,MFHS2,192650,seen,,34194d096d02
14923480,2026-10-01 10:21:41,actions-trading,MFHS2,068270,seen,,89f9b2b03e08
14923480,2026-10-01 10:21:41,actions-trading,MFHS2,030000,seen,,2eb5d6f04e06
14923480,2026-10-01 10:21:41,actions-trading,MFHS2,001250,seen,,c2a271136b32
14923480,2026-10-01 10:21:41,actions-trading,MFHS2,009830,seen,,15375891fea9
14923480,2026-10-01 10:21:41,actions-trading,MFHS2,004710,seen,,69e1f64911c1
14923480,2026-10-01 10:21:41,actions-trading,MFHS2,005880,seen,,56981779d2a4
14923480,2026-10-01 10:21:41,actions-trading,MFHS2,005690,seen,,154a0902f36b
14923480,2026-10-01 10:21:41,actions-trading,MFHS2,093370,seen,,d9bb8e6aab1f
14923480,2026-10-01 10:21:41,actions-trading,MFHS2,002700,seen,,5a9c3a19514c
14923480,2026-10-01 10:21:41,actions-trading,MFHS2,008350,seen,,23d0e7d0a338
14923480,2026-10-01 10:21:41,actions-trading,MFHS2,003280,seen,,21497cd0e7f3
14923480,2026-10-01 10:21:41,actions-trading,MFHS2,001820,seen,,3b34dd7fc988
14923480,2026-10-01 10:21:41,actions-trading,MFHS2,001210,seen,,88bef5f6b267
14923480,2026-10-01 10:21:41,actions-trading,MFHS2,003780,seen,,f6a44ce56ba2
14923480,2026-10-01 10:21:41,actions-trading,MFHS2,001510,seen,,ad6c571dc684
14923480,2026-10-01 10:21:41,actions-trading,MFHS2,089860,seen,,eb1dcb1e6aca
14923480,2026-10-01 10:21:41,actions-trading,MFHS2,086790,seen,,b945fadc6009
14923480,2026-10-01 10:21:41,actions-trading,MFHS2,092220,seen,,c9ef40dc4485
14923480,2026-10-01 10:21:41,actions-trading,MFHS2,093050,seen,,c7ee614afac3
14923480,2026-10-01 10:21:41,actions-trading,MFHS2,035000,seen,,76e8508906f8
14923480,2026-10-01 10:21:41,actions-trading,MFHS2,004310,seen,,0a6a8a74e533
14923480,2026-10-01 10:21:43,actions-trading,상승모멘텀,084010,skip,max_holdings,4b34769a75db
14923480,2026-10-01 10:21:43,actions-trading,상승모멘텀,192650,seen,,34194d096d02
14923480,2026-10-01 10:21:43,actions-trading,상승모멘텀,036570,seen,,a0a3a3b6d076
14923480,2026-10-01 10:21:43,actions-trading,상승모멘텀,003160,seen,,5c8642173e6c
14923480,2026-10-01 10:21:43,actions-trading,상승모멘텀,004105,seen,,9e7415b6fa0a
14923480,2026-10-01 10:21:43,actions-trading,상승모멘텀,093050,seen,,c7ee614afac3
14923480,2026-10-01 10:21:43,actions-trading,상승모멘텀,109070,seen,,5b5a5c773c13
14923480,2026-10-01 10:21:43,actions-trading,상승모멘텀,004710,seen,,69e1f64911c1
14923480,2026-10-01 10:21:43,actions-trading,상승모멘텀,002240,seen,,14d449225766
14923480,2026-10-01 10:21:43,actions-trading,상승모멘텀,460860,seen,,d04df4de8806
14923480,2026-10-01 10:21:43,actions-trading,상승모멘텀,005030,seen,,7c5ea2a80d2d
14923480,2026-10-01 10:21:43,actions-trading,상승모멘텀,480370,seen,,af55cf186b05
14923480,2026-10-01 10:21:43,actions-trading,상승모멘텀,055490,seen,,fd721dcc07e5
14923480,2026-10-01 10:21:43,actions-trading,상승모멘텀,009420,seen,,a30902acb5e9
14923480,2026-10-01 10:21:43,actions-trading,상승모멘텀,248070,seen,,5bb9c89a4e74
14923480,2026-10-01 10:21:43,actions-trading,상승모멘텀,000760,seen,,dab2c373da9e
14923480,2026-10-01 10:21:43,actions-trading,상승모멘텀,0126Z0,seen,,314f59f6f024
14923480,2026-10-01 10:21:43,actions-trading,상승모멘텀,093370,seen,,d9bb8e6aab1f
14923480,2026-10-01 10:21:43,actions-trading,상승모멘텀,005850,seen,,ec6e15dcaf2a
14923480,2026-10-01 10:21:43,actions-trading,상승모멘텀,181710,seen,,6967be7780b8
14923480,2026-10-01 10:21:43,actions-trading,상승모멘텀,012030,seen,,11a532b08895
14923480,2026-10-01 10:21:43,actions-trading,상승모멘텀,015590,seen,,cedf4dc9f4c7
14923480,2026-10-01 10:21:43,actions-trading,상승모멘텀,003120,seen,,45b5ddb9348f
14923480,2026-10-01 10:21:43,actions-trading,상승모멘텀,003465,seen,,e033d4043cbc
14923480,2026-10-01 10:21:43,actions-trading,상승모멘텀,014680,seen,,a53931017d3f
14923480,2026-10-01 10:21:43,actions-trading,상승모멘텀,011930,seen,,be661736f74d
14923480,2026-10-01 10:21:43,actions-trading,상승모멘텀,006280,seen,,af176b138e80
14923480,2026-10-01 10:21:43,actions-trading,상승모멘텀,078520,seen,,e8eed3fd3d26
14923480,2026-10-01 10:21:43,actions-trading,상승모멘텀,005430,seen,,199ceeb9985a
14923480,2026-10-01 10:21:43,actions-trading,상승모멘텀,012330,seen,,d56dc3a0c1f4
14923480,2026-10-01 10:21:43,actions-trading,Sim4-1,084010,skip,period,4b34769a75db
14923480,2026-10-01 10:21:43,actions-trading,Sim4-1,192650,skip,period,34194d096d02
14923480,2026-10-01 10:21:43,actions-trading,Sim4-1,036570,skip,period,a0a3a3b6d076
14923480,2026-10-01 10:21:43,actions-trading,Sim4-1,003160,skip,held_or_cooldown,5c8642173e6c
14923480,2026-10-01 10:21:43,actions-trading,Sim4-1,004105,skip,amount,9e7415b6fa0a
14923480,2026-10-01 10:21:43,actions-trading,Sim4-1,093050,skip,amount,c7ee614afac3
14923480,2026-10-01 10:21:43,actions-trading,Sim4-1,109070,skip,amount,5b5a5c773c13
14923480,2026-10-01 10:21:43,actions-trading,Sim4-1,004710,skip,adx_high,69e1f64911c1
14923480,2026-10-01 10:21:43,actions-trading,Sim4-1,002240,skip,amount,14d449225766
14923480,2026-10-01 10:21:43,actions-trading,Sim4-1,460860,skip,adx_high,d04df4de8806
14923480,2026-10-01 10:21:43,actions-trading,Sim4-1,005030,skip,amount,7c5ea2a80d2d
14923480,2026-10-01 10:21:43,actions-trading,Sim4-1,480370,skip,amount,af55cf186b05
14923480,2026-10-01 10:21:43,actions-trading,Sim4-1,055490,skip,amount,fd721dcc07e5
14923480,2026-10-01 10:21:43,actions-trading,Sim4-1,009420,skip,period,a30902acb5e9
14923480,2026-10-01 10:21:43,actions-trading,Sim4-1,248070,skip,period,5bb9c89a4e74
14923480,2026-10-01 10:21:43,actions-trading,Sim4-1,000760,skip,amount,dab2c373da9e
14923480,2026-10-01 10:21:43,actions-trading,Sim4-1,0126Z0,skip,adx_high,314f59f6f024
14923480,2026-10-01 10:21:43,actions-trading,Sim4-1,093370,skip,adx_high,d9bb8e6aab1f
14923480,2026-10-01 10:21:43,actions-trading,Sim4-1,005850,skip,amount,ec6e15dcaf2a
14923480,2026-10-01 10:21:43,actions-trading,Sim4-1,181710,skip,adx_high,6967be7780b8
14923480,2026-10-01 10:21:43,actions-trading,Sim4-1,012030,skip,amount,11a532b08895
14923480,2026-10-01 10:21:43,actions-trading,Sim4-1,015590,skip,amount,cedf4dc9f4c7
14923480,2026-10-01 10:21:43,actions-trading,Sim4-1,003120,skip,amount,45b5ddb9348f
14923480,2026-10-01 10:21:43,actions-trading,Sim4-1,003465,skip,amount,e033d4043cbc
14923480,2026-10-01 10:21:43,actions-trading,Sim4-1,014680,skip,adx_high,a53931017d3f
14923480,2026-10-01 10:21:43,actions-trading,Sim4-1,011930,skip,amount,be661736f74d
14923480,2026-10-01 10:21:43,actions-trading,Sim4-1,006280,skip,amount,af176b138e80
14923480,2026-10-01 10:21:43,actions-trading,Sim4-1,078520,skip,amount,e8eed3fd3d26
14923480,2026-10-01 10:21:43,actions-trading,Sim4-1,005430,skip,amount,199ceeb9985a
14923480,2026-10-01 10:21:43,actions-trading,Sim4-1,012330,skip,period,d56dc3a0c1f4
14923480,2026-10-01 10:21:45,actions-trading,선행매집,028670,skip,no_setup,18765ec9ca60
14923480,2026-10-01 10:21:45,actions-trading,선행매집,018880,skip,below_anchor,ffca71f39c8e
14923480,2026-10-01 10:21:45,actions-trading,선행매집,192650,skip,no_setup,34194d096d02
14923480,2026-10-01 10:21:45,actions-trading,선행매집,009830,skip,below_anchor,15375891fea9
14923480,2026-10-01 10:21:45,actions-trading,선행매집,011200,skip,below_anchor,da757b4098f9
14923480,2026-10-01 10:21:45,actions-trading,선행매집,003160,skip,no_setup,5c8642173e6c
14923480,2026-10-01 10:21:45,actions-trading,선행매집,005935,skip,below_anchor,4bac0e295c14
14923480,2026-10-01 10:21:45,actions-trading,선행매집,002990,skip,below_anchor,ff87a5da73ed
14923480,2026-10-01 10:21:45,actions-trading,선행매집,068270,skip,below_anchor,89f9b2b03e08
14923480,2026-10-01 10:21:45,actions-trading,선행매집,034220,skip,below_anchor,e84a63b0211a
14923480,2026-10-01 10:21:45,actions-trading,선행매집,248070,skip,below_anchor,5bb9c89a4e74
14923480,2026-10-01 10:21:45,actions-trading,선행매집,030000,skip,below_anchor,2eb5d6f04e06
14923480,2026-10-01 10:21:45,actions-trading,선행매집,001250,skip,below_anchor,c2a271136b32
14923480,2026-10-01 10:21:45,actions-trading,선행매집,005880,skip,amount,56981779d2a4
14923480,2026-10-01 10:21:45,actions-trading,선행매집,005690,skip,below_anchor,154a0902f36b
14923480,2026-10-01 10:21:45,actions-trading,선행매집,002700,skip,amount,5a9c3a19514c
14923480,2026-10-01 10:21:45,actions-trading,선행매집,001210,skip,below_anchor,88bef5f6b267
14923480,2026-10-01 10:21:45,actions-trading,선행매집,008350,skip,amount,23d0e7d0a338
14923480,2026-10-01 10:21:45,actions-trading,선행매집,001820,skip,below_anchor,3b34dd7fc988
14923480,2026-10-01 10:21:45,actions-trading,선행매집,003280,skip,below_anchor,21497cd0e7f3
14923480,2026-10-01 10:21:45,actions-trading,선행매집,004710,skip,below_anchor,69e1f64911c1
14923480,2026-10-01 10:21:45,actions-trading,선행매집,003780,skip,amount,f6a44ce56ba2
14923480,2026-10-01 10:21:45,actions-trading,선행매집,092220,skip,amount,c9ef40dc4485
14923480,2026-10-01 10:21:45,actions-trading,선행매집,089860,skip,held_awaiting_breakout,eb1dcb1e6aca
14923480,2026-10-01 10:21:45,actions-trading,선행매집,093050,skip,no_setup,c7ee614afac3
14923480,2026-10-01 10:21:45,actions-trading,선행매집,001510,skip,amount,ad6c571dc684
14923480,2026-10-01 10:21:45,actions-trading,선행매집,051910,skip,below_anchor,c18b79e2b9c7
14923480,2026-10-01 10:21:45,actions-trading,선행매집,004770,skip,amount,7b7f92ba6483
14923480,2026-10-01 10:21:45,actions-trading,선행매집,093370,skip,below_anchor,d9bb8e6aab1f
14923480,2026-10-01 10:21:45,actions-trading,선행매집,035000,skip,amount,76e8508906f8
14923480,2026-10-01 10:21:45,actions-trading,Sim9,_gate,skip,outside_entry_window,e3b0c44298fc
14923480,2026-10-01 10:21:45,actions-trading,Sim9,084010,seen,,4b34769a75db
14923480,2026-10-01 10:21:45,actions-trading,Sim9,192650,seen,,34194d096d02
14923480,2026-10-01 10:21:45,actions-trading,Sim9,036570,seen,,a0a3a3b6d076
14923480,2026-10-01 10:21:45,actions-trading,Sim9,003160,seen,,5c8642173e6c
14923480,2026-10-01 10:21:45,actions-trading,Sim9,004105,seen,,9e7415b6fa0a
14923480,2026-10-01 10:21:45,actions-trading,Sim9,093050,seen,,c7ee614afac3
14923480,2026-10-01 10:21:45,actions-trading,Sim9,109070,seen,,5b5a5c773c13
14923480,2026-10-01 10:21:45,actions-trading,Sim9,004710,seen,,69e1f64911c1
14923480,2026-10-01 10:21:45,actions-trading,Sim9,002240,seen,,14d449225766
14923480,2026-10-01 10:21:45,actions-trading,Sim9,460860,seen,,d04df4de8806
14923480,2026-10-01 10:21:45,actions-trading,Sim9,005030,seen,,7c5ea2a80d2d
14923480,2026-10-01 10:21:45,actions-trading,Sim9,480370,seen,,af55cf186b05
14923480,2026-10-01 10:21:45,actions-trading,Sim9,055490,seen,,fd721dcc07e5
14923480,2026-10-01 10:21:45,actions-trading,Sim9,009420,seen,,a30902acb5e9
14923480,2026-10-01 10:21:45,actions-trading,Sim9,248070,seen,,5bb9c89a4e74
14923480,2026-10-01 10:21:45,actions-trading,Sim9,000760,seen,,dab2c373da9e
14923480,2026-10-01 10:21:45,actions-trading,Sim9,0126Z0,seen,,314f59f6f024
14923480,2026-10-01 10:21:45,actions-trading,Sim9,093370,seen,,d9bb8e6aab1f
14923480,2026-10-01 10:21:45,actions-trading,Sim9,005850,seen,,ec6e15dcaf2a
14923480,2026-10-01 10:21:45,actions-trading,Sim9,181710,seen,,6967be7780b8
14923480,2026-10-01 10:21:45,actions-trading,Sim9,012030,seen,,11a532b08895
14923480,2026-10-01 10:21:45,actions-trading,Sim9,015590,seen,,cedf4dc9f4c7
14923480,2026-10-01 10:21:45,actions-trading,Sim9,003120,seen,,45b5ddb9348f
14923480,2026-10-01 10:21:45,actions-trading,Sim9,003465,seen,,e033d4043cbc
14923480,2026-10-01 10:21:45,actions-trading,Sim9,014680,seen,,a53931017d3f
14923480,2026-10-01 10:21:45,actions-trading,Sim9,011930,seen,,be661736f74d
14923480,2026-10-01 10:21:45,actions-trading,Sim9,006280,seen,,af176b138e80
14923480,2026-10-01 10:21:45,actions-trading,Sim9,078520,seen,,e8eed3fd3d26
14923480,2026-10-01 10:21:45,actions-trading,Sim9,005430,seen,,199ceeb9985a
14923480,2026-10-01 10:21:45,actions-trading,Sim9,012330,seen,,d56dc3a0c1f4
14923480,2026-10-01 10:21:45,actions-trading,미너비니,192820,skip,below_pivot,eaabf2c3c441
14923480,2026-10-01 10:21:45,actions-trading,미너비니,443060,skip,below_pivot,283915db01d8
14923480,2026-10-01 10:21:45,actions-trading,미너비니,020120,skip,below_pivot,613548edf817
14923480,2026-10-01 10:21:46,actions-trading,Sim12,084010,skip,avoid_frgn_sell_20d,4b34769a75db
14923480,2026-10-01 10:21:46,actions-trading,Sim12,192650,skip,pb2_not_crashed,34194d096d02
14923480,2026-10-01 10:21:46,actions-trading,Sim12,036570,skip,pb2_not_crashed,a0a3a3b6d076
14923480,2026-10-01 10:21:46,actions-trading,Sim12,003160,skip,pb2_not_crashed,5c8642173e6c
14923480,2026-10-01 10:21:46,actions-trading,Sim12,004105,skip,pb2_not_crashed,9e7415b6fa0a
14923480,2026-10-01 10:21:46,actions-trading,Sim12,093050,skip,avoid_frgn_sell_20d,c7ee614afac3
14923480,2026-10-01 10:21:46,actions-trading,Sim12,109070,skip,pb2_not_crashed,5b5a5c773c13
14923480,2026-10-01 10:21:46,actions-trading,Sim12,004710,skip,avoid_frgn_sell_20d,69e1f64911c1
14923480,2026-10-01 10:21:46,actions-trading,Sim12,002240,skip,avoid_frgn_sell_20d,14d449225766
14923480,2026-10-01 10:21:46,actions-trading,Sim12,460860,skip,avoid_frgn_sell_20d,d04df4de8806
14923480,2026-10-01 10:21:46,actions-trading,Sim12,005030,skip,avoid_amount_dry,7c5ea2a80d2d
14923480,2026-10-01 10:21:46,actions-trading,Sim12,480370,skip,avoid_amount_dry,af55cf186b05
14923480,2026-10-01 10:21:46,actions-trading,Sim12,055490,skip,avoid_frgn_sell_20d,fd721dcc07e5
14923480,2026-10-01 10:21:46,actions-trading,Sim12,009420,skip,avoid_amount_dry,a30902acb5e9
14923480,2026-10-01 10:21:46,actions-trading,Sim12,248070,skip,avoid_frgn_sell_20d,5bb9c89a4e74
14923480,2026-10-01 10:21:46,actions-trading,Sim12,000760,skip,avoid_amount_dry,dab2c373da9e
14923480,2026-10-01 10:21:46,actions-trading,Sim12,0126Z0,skip,avoid_frgn_sell_20d,314f59f6f024
14923480,2026-10-01 10:21:46,actions-trading,Sim12,093370,skip,pb2_not_crashed,d9bb8e6aab1f
14923480,2026-10-01 10:21:46,actions-trading,Sim12,005850,skip,avoid_amount_dry,ec6e15dcaf2a
14923480,2026-10-01 10:21:46,actions-trading,Sim12,181710,skip,avoid_amount_dry,6967be7780b8
14923480,2026-10-01 10:21:46,actions-trading,Sim12,012030,skip,avoid_amount_dry,11a532b08895
14923480,2026-10-01 10:21:46,actions-trading,Sim12,015590,skip,avoid_amount_dry,cedf4dc9f4c7
14923480,2026-10-01 10:21:46,actions-trading,Sim12,003120,skip,pb2_not_crashed,45b5ddb9348f
14923480,2026-10-01 10:21:46,actions-trading,Sim12,003465,skip,avoid_amount_dry,e033d4043cbc
14923480,2026-10-01 10:21:46,actions-trading,Sim12,014680,skip,avoid_amount_dry,a53931017d3f
14923480,2026-10-01 10:21:46,actions-trading,Sim12,011930,skip,pb2_not_crashed,be661736f74d
14923480,2026-10-01 10:21:46,actions-trading,Sim12,006280,skip,avoid_amount_dry,af176b138e80
14923480,2026-10-01 10:21:46,actions-trading,Sim12,078520,skip,avoid_amount_dry,e8eed3fd3d26
14923480,2026-10-01 10:21:46,actions-trading,Sim12,005430,skip,pb2_not_crashed,199ceeb9985a
14923480,2026-10-01 10:21:46,actions-trading,Sim12,012330,skip,pb2_not_crashed,d56dc3a0c1f4
14923480,2026-10-01 10:21:46,actions-trading,Sim12,051630,skip,avoid_amount_dry,f3cda303d843
14923480,2026-10-01 10:21:46,actions-trading,Sim12,002820,skip,pb2_thin_liquidity,7de0328f255f
14923480,2026-10-01 10:21:46,actions-trading,Sim12,009190,skip,avoid_amount_dry,ef81be84032f
14923480,2026-10-01 10:21:46,actions-trading,Sim12,002787,skip,avoid_amount_dry,17e40c53a049
14923480,2026-10-01 10:21:46,actions-trading,Sim12,071090,skip,pb2_not_crashed,cf1b10d8d222
14923480,2026-10-01 10:21:46,actions-trading,Sim12,452260,skip,avoid_amount_dry,4c653f7ec875
14923480,2026-10-01 10:21:46,actions-trading,Sim12,010640,skip,avoid_amount_dry,40d16fee5a51
14923480,2026-10-01 10:21:46,actions-trading,Sim12,002785,skip,avoid_amount_dry,2fa46756507a
14923480,2026-10-01 10:21:46,actions-trading,Sim12,007110,skip,avoid_amount_dry,322966032f85
14923480,2026-10-01 10:21:46,actions-trading,Sim12,001770,skip,avoid_amount_dry,a0fe1186faf6
14923480,2026-10-01 10:21:46,actions-trading,Sim12,002690,skip,avoid_frgn_sell_20d,4a2e3353eff8
14923480,2026-10-01 10:21:46,actions-trading,Sim12,002070,skip,avoid_amount_dry,e4306d4fabb0
14923480,2026-10-01 10:21:46,actions-trading,Sim12,487570,skip,pb2_not_crashed,f9dd9224ca37
14923480,2026-10-01 10:21:46,actions-trading,Sim12,003780,skip,avoid_frgn_sell_20d,f6a44ce56ba2
14923480,2026-10-01 10:21:46,actions-trading,Sim12,003580,skip,avoid_amount_dry,5159520b25d5
14923480,2026-10-01 10:21:46,actions-trading,Sim12,316140,skip,avoid_amount_dry,cab038b7c3f7
14923480,2026-10-01 10:21:46,actions-trading,Sim12,005010,skip,pb2_not_crashed,72c2b960c602
14923480,2026-10-01 10:21:46,actions-trading,Sim12,002995,skip,avoid_amount_dry,f2b0cb471ccb
14923480,2026-10-01 10:21:46,actions-trading,Sim12,003030,skip,pb2_not_crashed,78378472eee4
14923480,2026-10-01 10:21:46,actions-trading,Sim12,010950,skip,avoid_amount_dry,9641e5972629
14923480,2026-10-01 10:21:46,actions-trading,Sim12,003075,skip,pb2_not_crashed,486e9de1db2d
14923480,2026-10-01 10:21:46,actions-trading,Sim12,092790,skip,pb2_not_crashed,8bb367f2785a
14923480,2026-10-01 10:21:46,actions-trading,Sim12,006260,skip,avoid_amount_dry,e78a4efa9e67
14923480,2026-10-01 10:21:46,actions-trading,Sim12,006200,skip,pb2_thin_liquidity,fbf683fadd15
14923480,2026-10-01 10:21:46,actions-trading,Sim12,014280,skip,avoid_amount_dry,50ef2bab1741
14923480,2026-10-01 10:21:46,actions-trading,Sim12,024890,skip,avoid_frgn_sell_20d,c764315b5eac
14923480,2026-10-01 10:21:46,actions-trading,Sim12,456040,skip,avoid_amount_dry,5a04fb1defae
14923480,2026-10-01 10:21:46,actions-trading,Sim12,37550L,skip,avoid_amount_dry,60f14a31ae62
14923480,2026-10-01 10:21:46,actions-trading,Sim12,017900,skip,avoid_amount_dry,d9b867234b06
14923480,2026-10-01 10:21:46,actions-trading,Sim12,457190,skip,avoid_frgn_sell_20d,dcc920e7bec4
14923480,2026-10-01 10:21:46,actions-trading,Sim13,084010,skip,theme_momentum_weak,4b34769a75db
14923480,2026-10-01 10:21:46,actions-trading,Sim13,192650,skip,no_frgn_support,34194d096d02
14923480,2026-10-01 10:21:46,actions-trading,Sim13,036570,skip,theme_momentum_weak,a0a3a3b6d076
14923480,2026-10-01 10:21:46,actions-trading,Sim13,003160,skip,no_frgn_support,5c8642173e6c
14923480,2026-10-01 10:21:46,actions-trading,Sim13,004105,skip,no_frgn_support,9e7415b6fa0a
14923480,2026-10-01 10:21:46,actions-trading,Sim13,093050,skip,theme_momentum_weak,c7ee614afac3
14923480,2026-10-01 10:21:46,actions-trading,Sim13,109070,skip,amount_not_surprised,5b5a5c773c13
14923480,2026-10-01 10:21:46,actions-trading,Sim13,004710,skip,amount_not_surprised,69e1f64911c1
14923480,2026-10-01 10:21:46,actions-trading,Sim13,002240,skip,theme_momentum_weak,14d449225766
14923480,2026-10-01 10:21:46,actions-trading,Sim13,460860,skip,theme_momentum_weak,d04df4de8806
14923480,2026-10-01 10:21:46,actions-trading,Sim13,005030,skip,theme_momentum_weak,7c5ea2a80d2d
14923480,2026-10-01 10:21:46,actions-trading,Sim13,480370,skip,adx_weak,af55cf186b05
14923480,2026-10-01 10:21:46,actions-trading,Sim13,055490,skip,theme_momentum_weak,fd721dcc07e5
14923480,2026-10-01 10:21:46,actions-trading,Sim13,009420,skip,theme_momentum_weak,a30902acb5e9
14923480,2026-10-01 10:21:46,actions-trading,Sim13,248070,skip,theme_momentum_weak,5bb9c89a4e74
14923480,2026-10-01 10:21:46,actions-trading,Sim13,000760,skip,theme_momentum_weak,dab2c373da9e
14923480,2026-10-01 10:21:46,actions-trading,Sim13,0126Z0,skip,theme_momentum_weak,314f59f6f024
14923480,2026-10-01 10:21:46,actions-trading,Sim13,093370,skip,no_frgn_support,d9bb8e6aab1f
14923480,2026-10-01 10:21:46,actions-trading,Sim13,005850,skip,theme_momentum_weak,ec6e15dcaf2a
14923480,2026-10-01 10:21:46,actions-trading,Sim13,181710,skip,theme_momentum_weak,6967be7780b8
14923480,2026-10-01 10:21:46,actions-trading,Sim13,012030,skip,adx_weak,11a532b08895
14923480,2026-10-01 10:21:46,actions-trading,Sim13,015590,skip,amount_not_surprised,cedf4dc9f4c7
14923480,2026-10-01 10:21:46,actions-trading,Sim13,003120,skip,theme_momentum_weak,45b5ddb9348f
14923480,2026-10-01 10:21:46,actions-trading,Sim13,003465,skip,theme_momentum_weak,e033d4043cbc
14923480,2026-10-01 10:21:46,actions-trading,Sim13,014680,skip,amount_not_surprised,a53931017d3f
14923480,2026-10-01 10:21:46,actions-trading,Sim13,011930,skip,theme_momentum_weak,be661736f74d
14923480,2026-10-01 10:21:46,actions-trading,Sim13,006280,skip,theme_momentum_weak,af176b138e80
14923480,2026-10-01 10:21:46,actions-trading,Sim13,078520,skip,theme_momentum_weak,e8eed3fd3d26
14923480,2026-10-01 10:21:46,actions-trading,Sim13,005430,skip,theme_momentum_weak,199ceeb9985a
14923480,2026-10-01 10:21:46,actions-trading,Sim13,012330,skip,theme_momentum_weak,d56dc3a0c1f4
14923481,2026-10-01 10:23:09,actions-trading,Sim3,402340,skip,adx,b8e5cd8a9640
14923481,2026-10-01 10:23:09,actions-trading,Sim3,383800,skip,amount,15d7c0285727
14923481,2026-10-01 10:23:09,actions-trading,Sim3,462870,skip,amount,c548ca0cd77a
14923481,2026-10-01 10:23:09,actions-trading,Sim3,000660,skip,qty_zero,b2e51204d49f
14923481,2026-10-01 10:23:09,actions-trading,Sim3,071970,skip,held_or_sold_today,4b24751beede
14923481,2026-10-01 10:23:09,actions-trading,Sim3,042700,skip,not_cheap,49845ca38e43
14923481,2026-10-01 10:23:09,actions-trading,Sim3,326030,skip,amount,9d5c9eb2d989
14923481,2026-10-01 10:23:09,actions-trading,Sim3,207940,skip,not_cheap,f184870074d5
14923481,2026-10-01 10:23:09,actions-trading,Sim3,033920,skip,amount,dc1d990f2a27
14923481,2026-10-01 10:23:09,actions-trading,Sim3,004770,skip,amount,c799cc50846c
14923481,2026-10-01 10:23:09,actions-trading,Sim3,0126Z0,skip,not_cheap,15c1d2285343
14923481,2026-10-01 10:23:09,actions-trading,Sim3,062040,skip,not_cheap,406db9dfa945
14923481,2026-10-01 10:23:09,actions-trading,Sim3,317450,skip,amount,a71ffe02bbc0
14923481,2026-10-01 10:23:09,actions-trading,Sim3,026960,skip,amount,9c3d79cc93f5
14923481,2026-10-01 10:23:09,actions-trading,Sim3,021820,skip,amount,dd049ec5d845
14923481,2026-10-01 10:23:09,actions-trading,Sim3,192080,skip,amount,44591f6ee78c
14923481,2026-10-01 10:23:09,actions-trading,Sim3,068270,skip,held_or_sold_today,0dc1af9ecdaa
14923481,2026-10-01 10:23:09,actions-trading,Sim3,123890,skip,amount,2cad37aa68ae
14923481,2026-10-01 10:23:09,actions-trading,Sim3,000240,skip,amount,2f3bd2469503
14923481,2026-10-01 10:23:09,actions-trading,Sim3,002380,skip,held_or_sold_today,af0b78393159
14923481,2026-10-01 10:23:09,actions-trading,Sim3,009770,skip,amount,d142bcd86f70
14923481,2026-10-01 10:23:09,actions-trading,Sim3,259960,skip,held_or_sold_today,4fb300d8e5ab
14923481,2026-10-01 10:23:09,actions-trading,Sim3,035250,skip,amount,7f5c9e36f64b
14923481,2026-10-01 10:23:09,actions-trading,Sim3,383220,skip,amount,5ed3655bc9e6
14923481,2026-10-01 10:23:09,actions-trading,Sim3,226320,skip,amount,ae121b45231f
14923481,2026-10-01 10:23:09,actions-trading,Sim3,439260,skip,amount,d7452b1eb1e2
14923481,2026-10-01 10:23:09,actions-trading,Sim3,025560,skip,cooldown,b2ce4a5bb2dc
14923481,2026-10-01 10:23:09,actions-trading,Sim3,007700,skip,amount,a062a9f4b379
14923481,2026-10-01 10:23:09,actions-trading,Sim3,278470,skip,not_cheap,a254db8d23ac
14923481,2026-10-01 10:23:09,actions-trading,Sim3,000990,skip,not_cheap,3f6a8b48c426
14923481,2026-10-01 10:23:43,actions-trading,MFHS2,028670,skip,max_holdings,9740fab83518
14923481,2026-10-01 10:23:43,actions-trading,MFHS2,018880,seen,,d95e94162aff
14923481,2026-10-01 10:23:43,actions-trading,MFHS2,003160,seen,,b3cbc1378bc4
14923481,2026-10-01 10:23:43,actions-trading,MFHS2,005935,seen,,9e8ba88809e3
14923481,2026-10-01 10:23:43,actions-trading,MFHS2,002990,seen,,a85f34375950
14923481,2026-10-01 10:23:43,actions-trading,MFHS2,011200,seen,,736b6ce7491b
14923481,2026-10-01 10:23:43,actions-trading,MFHS2,248070,seen,,64a171fae680
14923481,2026-10-01 10:23:43,actions-trading,MFHS2,034220,seen,,ff1b62c0f04c
14923481,2026-10-01 10:23:43,actions-trading,MFHS2,192650,seen,,5924f6c019f8
14923481,2026-10-01 10:23:43,actions-trading,MFHS2,068270,seen,,df930a161ddc
14923481,2026-10-01 10:23:43,actions-trading,MFHS2,030000,seen,,957a2916214b
14923481,2026-10-01 10:23:43,actions-trading,MFHS2,001250,seen,,f5ff0753fe98
14923481,2026-10-01 10:23:43,actions-trading,MFHS2,009830,seen,,60128ca45b2a
14923481,2026-10-01 10:23:43,actions-trading,MFHS2,004710,seen,,17d3b49c463b
14923481,2026-10-01 10:23:43,actions-trading,MFHS2,005880,seen,,504667db1bfc
14923481,2026-10-01 10:23:43,actions-trading,MFHS2,005690,seen,,79ccf2d97898
14923481,2026-10-01 10:23:43,actions-trading,MFHS2,093370,seen,,847d3373e06b
14923481,2026-10-01 10:23:43,actions-trading,MFHS2,002700,seen,,8ec4ee2a7c78
14923481,2026-10-01 10:23:43,actions-trading,MFHS2,008350,seen,,357b106bf77c
14923481,2026-10-01 10:23:43,actions-trading,MFHS2,003280,seen,,403571962c55
14923481,2026-10-01 10:23:43,actions-trading,MFHS2,001820,seen,,208df3a1fb8b
14923481,2026-10-01 10:23:43,actions-trading,MFHS2,001210,seen,,6d65a05b5110
14923481,2026-10-01 10:23:43,actions-trading,MFHS2,003780,seen,,ca384341bb46
14923481,2026-10-01 10:23:43,actions-trading,MFHS2,001510,seen,,780c92cc9a96
14923481,2026-10-01 10:23:43,actions-trading,MFHS2,089860,seen,,e81e8270901d
14923481,2026-10-01 10:23:43,actions-trading,MFHS2,086790,seen,,f8a595177c5f
14923481,2026-10-01 10:23:43,actions-trading,MFHS2,092220,seen,,5ecfa4fe396b
14923481,2026-10-01 10:23:43,actions-trading,MFHS2,093050,seen,,580be2765e85
14923481,2026-10-01 10:23:43,actions-trading,MFHS2,035000,seen,,76e8508906f8
14923481,2026-10-01 10:23:43,actions-trading,MFHS2,004310,seen,,596c24f2afe8
14923481,2026-10-01 10:23:45,actions-trading,상승모멘텀,084010,skip,max_holdings,023600438131
14923481,2026-10-01 10:23:45,actions-trading,상승모멘텀,192650,seen,,5924f6c019f8
14923481,2026-10-01 10:23:45,actions-trading,상승모멘텀,036570,seen,,86d60d7771a0
14923481,2026-10-01 10:23:45,actions-trading,상승모멘텀,004105,seen,,f02f0a77197b
14923481,2026-10-01 10:23:45,actions-trading,상승모멘텀,003160,seen,,b3cbc1378bc4
14923481,2026-10-01 10:23:45,actions-trading,상승모멘텀,093050,seen,,580be2765e85
14923481,2026-10-01 10:23:45,actions-trading,상승모멘텀,460860,seen,,040c31ca6711
14923481,2026-10-01 10:23:45,actions-trading,상승모멘텀,109070,seen,,28ec5e6e0e2b
14923481,2026-10-01 10:23:45,actions-trading,상승모멘텀,005030,seen,,7c5ea2a80d2d
14923481,2026-10-01 10:23:45,actions-trading,상승모멘텀,002240,seen,,969a1dec8a74
14923481,2026-10-01 10:23:45,actions-trading,상승모멘텀,009420,seen,,a25fc75d409b
14923481,2026-10-01 10:23:45,actions-trading,상승모멘텀,0126Z0,seen,,316e6530985e
14923481,2026-10-01 10:23:45,actions-trading,상승모멘텀,248070,seen,,64a171fae680
14923481,2026-10-01 10:23:45,actions-trading,상승모멘텀,004710,seen,,17d3b49c463b
14923481,2026-10-01 10:23:45,actions-trading,상승모멘텀,015590,seen,,8c913febb57c
14923481,2026-10-01 10:23:45,actions-trading,상승모멘텀,000760,seen,,dab2c373da9e
14923481,2026-10-01 10:23:45,actions-trading,상승모멘텀,005850,seen,,9c650d28c77d
14923481,2026-10-01 10:23:45,actions-trading,상승모멘텀,055490,seen,,f60bde4c1d7f
14923481,2026-10-01 10:23:45,actions-trading,상승모멘텀,181710,seen,,ca7a24fc58a4
14923481,2026-10-01 10:23:45,actions-trading,상승모멘텀,012030,seen,,a917c8d07f51
14923481,2026-10-01 10:23:45,actions-trading,상승모멘텀,093370,seen,,847d3373e06b
14923481,2026-10-01 10:23:45,actions-trading,상승모멘텀,480370,seen,,94f7263d4fb1
14923481,2026-10-01 10:23:45,actions-trading,상승모멘텀,003120,seen,,1870a34b8fa9
14923481,2026-10-01 10:23:45,actions-trading,상승모멘텀,003465,seen,,e033d4043cbc
14923481,2026-10-01 10:23:45,actions-trading,상승모멘텀,012200,seen,,6b16838f0417
14923481,2026-10-01 10:23:45,actions-trading,상승모멘텀,011930,seen,,503532ce2bf2
14923481,2026-10-01 10:23:45,actions-trading,상승모멘텀,014680,seen,,c1e9248e5787
14923481,2026-10-01 10:23:45,actions-trading,상승모멘텀,078520,seen,,c3f7fab1cf9d
14923481,2026-10-01 10:23:45,actions-trading,상승모멘텀,006280,seen,,d91b6dc53241
14923481,2026-10-01 10:23:45,actions-trading,상승모멘텀,005430,seen,,c30734d70f0f
14923481,2026-10-01 10:23:45,actions-trading,Sim4-1,084010,skip,period,023600438131
14923481,2026-10-01 10:23:45,actions-trading,Sim4-1,192650,skip,period,5924f6c019f8
14923481,2026-10-01 10:23:45,actions-trading,Sim4-1,036570,skip,period,86d60d7771a0
14923481,2026-10-01 10:23:45,actions-trading,Sim4-1,004105,skip,amount,f02f0a77197b
14923481,2026-10-01 10:23:45,actions-trading,Sim4-1,003160,skip,held_or_cooldown,b3cbc1378bc4
14923481,2026-10-01 10:23:45,actions-trading,Sim4-1,093050,skip,amount,580be2765e85
14923481,2026-10-01 10:23:45,actions-trading,Sim4-1,460860,skip,adx_high,040c31ca6711
14923481,2026-10-01 10:23:45,actions-trading,Sim4-1,109070,skip,amount,28ec5e6e0e2b
14923481,2026-10-01 10:23:45,actions-trading,Sim4-1,005030,skip,amount,7c5ea2a80d2d
14923481,2026-10-01 10:23:45,actions-trading,Sim4-1,002240,skip,amount,969a1dec8a74
14923481,2026-10-01 10:23:45,actions-trading,Sim4-1,009420,skip,period,a25fc75d409b
14923481,2026-10-01 10:23:45,actions-trading,Sim4-1,0126Z0,skip,adx_high,316e6530985e
14923481,2026-10-01 10:23:45,actions-trading,Sim4-1,248070,skip,period,64a171fae680
14923481,2026-10-01 10:23:45,actions-trading,Sim4-1,004710,skip,adx_high,17d3b49c463b
14923481,2026-10-01 10:23:45,actions-trading,Sim4-1,015590,skip,amount,8c913febb57c
14923481,2026-10-01 10:23:45,actions-trading,Sim4-1,000760,skip,amount,dab2c373da9e
14923481,2026-10-01 10:23:45,actions-trading,Sim4-1,005850,skip,amount,9c650d28c77d
14923481,2026-10-01 10:23:45,actions-trading,Sim4-1,055490,skip,amount,f60bde4c1d7f
14923481,2026-10-01 10:23:45,actions-trading,Sim4-1,181710,skip,adx_high,ca7a24fc58a4
14923481,2026-10-01 10:23:45,actions-trading,Sim4-1,012030,skip,amount,a917c8d07f51
14923481,2026-10-01 10:23:45,actions-trading,Sim4-1,093370,skip,adx_high,847d3373e06b
14923481,2026-10-01 10:23:45,actions-trading,Sim4-1,480370,skip,amount,94f7263d4fb1
14923481,2026-10-01 10:23:45,actions-trading,Sim4-1,003120,skip,amount,1870a34b8fa9
14923481,2026-10-01 10:23:45,actions-trading,Sim4-1,003465,skip,amount,e033d4043cbc
14923481,2026-10-01 10:23:45,actions-trading,Sim4-1,012200,skip,amount,6b16838f0417
14923481,2026-10-01 10:23:45,actions-trading,Sim4-1,011930,skip,amount,503532ce2bf2
14923481,2026-10-01 10:23:45,actions-trading,Sim4-1,014680,skip,adx_high,c1e9248e5787
14923481,2026-10-01 10:23:45,actions-trading,Sim4-1,078520,skip,amount,c3f7fab1cf9d
14923481,2026-10-01 10:23:45,actions-trading,Sim4-1,006280,skip,amount,d91b6dc53241
14923481,2026-10-01 10:23:45,actions-trading,Sim4-1,005430,skip,amount,c30734d70f0f
14923481,2026-10-01 10:23:46,actions-trading,선행매집,028670,skip,no_setup,9740fab83518
14923481,2026-10-01 10:23:46,actions-trading,선행매집,018880,skip,below_anchor,d95e94162aff
14923481,2026-10-01 10:23:46,actions-trading,선행매집,192650,skip,no_setup,5924f6c019f8
14923481,2026-10-01 10:23:46,actions-trading,선행매집,009830,skip,below_anchor,60128ca45b2a
14923481,2026-10-01 10:23:46,actions-trading,선행매집,011200,skip,below_anchor,736b6ce7491b
14923481,2026-10-01 10:23:46,actions-trading,선행매집,003160,skip,no_setup,b3cbc1378bc4
14923481,2026-10-01 10:23:46,actions-trading,선행매집,005935,skip,below_anchor,9e8ba88809e3
14923481,2026-10-01 10:23:46,actions-trading,선행매집,002990,skip,below_anchor,a85f34375950
14923481,2026-10-01 10:23:46,actions-trading,선행매집,068270,skip,below_anchor,df930a161ddc
14923481,2026-10-01 10:23:46,actions-trading,선행매집,034220,skip,below_anchor,ff1b62c0f04c
14923481,2026-10-01 10:23:46,actions-trading,선행매집,248070,skip,below_anchor,64a171fae680
14923481,2026-10-01 10:23:46,actions-trading,선행매집,030000,skip,below_anchor,957a2916214b
14923481,2026-10-01 10:23:46,actions-trading,선행매집,001250,skip,below_anchor,f5ff0753fe98
14923481,2026-10-01 10:23:46,actions-trading,선행매집,005880,skip,amount,504667db1bfc
14923481,2026-10-01 10:23:46,actions-trading,선행매집,005690,skip,below_anchor,79ccf2d97898
14923481,2026-10-01 10:23:46,actions-trading,선행매집,002700,skip,amount,8ec4ee2a7c78
14923481,2026-10-01 10:23:46,actions-trading,선행매집,001210,skip,below_anchor,6d65a05b5110
14923481,2026-10-01 10:23:46,actions-trading,선행매집,008350,skip,amount,357b106bf77c
14923481,2026-10-01 10:23:46,actions-trading,선행매집,001820,skip,below_anchor,208df3a1fb8b
14923481,2026-10-01 10:23:46,actions-trading,선행매집,003280,skip,below_anchor,403571962c55
14923481,2026-10-01 10:23:46,actions-trading,선행매집,004710,skip,below_anchor,17d3b49c463b
14923481,2026-10-01 10:23:46,actions-trading,선행매집,003780,skip,amount,ca384341bb46
14923481,2026-10-01 10:23:46,actions-trading,선행매집,092220,skip,amount,5ecfa4fe396b
14923481,2026-10-01 10:23:46,actions-trading,선행매집,089860,skip,held_awaiting_breakout,e81e8270901d
14923481,2026-10-01 10:23:46,actions-trading,선행매집,093050,skip,no_setup,580be2765e85
14923481,2026-10-01 10:23:46,actions-trading,선행매집,001510,skip,amount,780c92cc9a96
14923481,2026-10-01 10:23:46,actions-trading,선행매집,051910,skip,below_anchor,a9ba9f80acf1
14923481,2026-10-01 10:23:46,actions-trading,선행매집,004770,skip,amount,b5800d6d1442
14923481,2026-10-01 10:23:46,actions-trading,선행매집,093370,skip,below_anchor,847d3373e06b
14923481,2026-10-01 10:23:46,actions-trading,선행매집,035000,skip,amount,76e8508906f8
14923481,2026-10-01 10:23:46,actions-trading,Sim9,_gate,skip,outside_entry_window,e3b0c44298fc
14923481,2026-10-01 10:23:46,actions-trading,Sim9,084010,seen,,023600438131
14923481,2026-10-01 10:23:46,actions-trading,Sim9,192650,seen,,5924f6c019f8
14923481,2026-10-01 10:23:46,actions-trading,Sim9,036570,seen,,86d60d7771a0
14923481,2026-10-01 10:23:46,actions-trading,Sim9,004105,seen,,f02f0a77197b
14923481,2026-10-01 10:23:46,actions-trading,Sim9,003160,seen,,b3cbc1378bc4
14923481,2026-10-01 10:23:46,actions-trading,Sim9,093050,seen,,580be2765e85
14923481,2026-10-01 10:23:46,actions-trading,Sim9,460860,seen,,040c31ca6711
14923481,2026-10-01 10:23:46,actions-trading,Sim9,109070,seen,,28ec5e6e0e2b
14923481,2026-10-01 10:23:46,actions-trading,Sim9,005030,seen,,7c5ea2a80d2d
14923481,2026-10-01 10:23:46,actions-trading,Sim9,002240,seen,,969a1dec8a74
14923481,2026-10-01 10:23:46,actions-trading,Sim9,009420,seen,,a25fc75d409b
14923481,2026-10-01 10:23:46,actions-trading,Sim9,0126Z0,seen,,316e6530985e
14923481,2026-10-01 10:23:46,actions-trading,Sim9,248070,seen,,64a171fae680
14923481,2026-10-01 10:23:46,actions-trading,Sim9,004710,seen,,17d3b49c463b
14923481,2026-10-01 10:23:46,actions-trading,Sim9,015590,seen,,8c913febb57c
14923481,2026-10-01 10:23:46,actions-trading,Sim9,000760,seen,,dab2c373da9e
14923481,2026-10-01 10:23:46,actions-trading,Sim9,005850,seen,,9c650d28c77d
14923481,2026-10-01 10:23:46,actions-trading,Sim9,055490,seen,,f60bde4c1d7f
14923481,2026-10-01 10:23:46,actions-trading,Sim9,181710,seen,,ca7a24fc58a4
14923481,2026-10-01 10:23:46,actions-trading,Sim9,012030,seen,,a917c8d07f51
14923481,2026-10-01 10:23:46,actions-trading,Sim9,093370,seen,,847d3373e06b
14923481,2026-10-01 10:23:46,actions-trading,Sim9,480370,seen,,94f7263d4fb1
14923481,2026-10-01 10:23:46,actions-trading,Sim9,003120,seen,,1870a34b8fa9
14923481,2026-10-01 10:23:46,actions-trading,Sim9,003465,seen,,e033d4043cbc
14923481,2026-10-01 10:23:46,actions-trading,Sim9,012200,seen,,6b16838f0417
14923481,2026-10-01 10:23:46,actions-trading,Sim9,011930,seen,,503532ce2bf2
14923481,2026-10-01 10:23:46,actions-trading,Sim9,014680,seen,,c1e9248e5787
14923481,2026-10-01 10:23:46,actions-trading,Sim9,078520,seen,,c3f7fab1cf9d
14923481,2026-10-01 10:23:46,actions-trading,Sim9,006280,seen,,d91b6dc53241
14923481,2026-10-01 10:23:46,actions-trading,Sim9,005430,seen,,c30734d70f0f
14923481,2026-10-01 10:23:46,actions-trading,미너비니,192820,skip,below_pivot,cd56edf07db7
14923481,2026-10-01 10:23:46,actions-trading,미너비니,443060,skip,below_pivot,15b2ecc7da6e
14923481,2026-10-01 10:23:46,actions-trading,미너비니,020120,skip,below_pivot,de2ba81dd327
14923481,2026-10-01 10:23:47,actions-trading,Sim12,084010,skip,avoid_frgn_sell_20d,023600438131
14923481,2026-10-01 10:23:47,actions-trading,Sim12,192650,skip,pb2_not_crashed,5924f6c019f8
14923481,2026-10-01 10:23:47,actions-trading,Sim12,036570,skip,pb2_not_crashed,86d60d7771a0
14923481,2026-10-01 10:23:47,actions-trading,Sim12,004105,skip,pb2_not_crashed,f02f0a77197b
14923481,2026-10-01 10:23:47,actions-trading,Sim12,003160,skip,pb2_not_crashed,b3cbc1378bc4
14923481,2026-10-01 10:23:47,actions-trading,Sim12,093050,skip,avoid_frgn_sell_20d,580be2765e85
14923481,2026-10-01 10:23:47,actions-trading,Sim12,460860,skip,avoid_frgn_sell_20d,040c31ca6711
14923481,2026-10-01 10:23:47,actions-trading,Sim12,109070,skip,pb2_not_crashed,28ec5e6e0e2b
14923481,2026-10-01 10:23:47,actions-trading,Sim12,005030,skip,avoid_amount_dry,7c5ea2a80d2d
14923481,2026-10-01 10:23:47,actions-trading,Sim12,002240,skip,avoid_frgn_sell_20d,969a1dec8a74
14923481,2026-10-01 10:23:47,actions-trading,Sim12,009420,skip,avoid_amount_dry,a25fc75d409b
14923481,2026-10-01 10:23:47,actions-trading,Sim12,0126Z0,skip,avoid_frgn_sell_20d,316e6530985e
14923481,2026-10-01 10:23:47,actions-trading,Sim12,248070,skip,avoid_frgn_sell_20d,64a171fae680
14923481,2026-10-01 10:23:47,actions-trading,Sim12,004710,skip,avoid_frgn_sell_20d,17d3b49c463b
14923481,2026-10-01 10:23:47,actions-trading,Sim12,015590,skip,avoid_amount_dry,8c913febb57c
14923481,2026-10-01 10:23:47,actions-trading,Sim12,000760,skip,avoid_amount_dry,dab2c373da9e
14923481,2026-10-01 10:23:47,actions-trading,Sim12,005850,skip,avoid_amount_dry,9c650d28c77d
14923481,2026-10-01 10:23:47,actions-trading,Sim12,055490,skip,avoid_frgn_sell_20d,f60bde4c1d7f
14923481,2026-10-01 10:23:47,actions-trading,Sim12,181710,skip,avoid_amount_dry,ca7a24fc58a4
14923481,2026-10-01 10:23:47,actions-trading,Sim12,012030,skip,avoid_amount_dry,a917c8d07f51
14923481,2026-10-01 10:23:47,actions-trading,Sim12,093370,skip,pb2_not_crashed,847d3373e06b
14923481,2026-10-01 10:23:47,actions-trading,Sim12,480370,skip,avoid_amount_dry,94f7263d4fb1
14923481,2026-10-01 10:23:47,actions-trading,Sim12,003120,skip,pb2_not_crashed,1870a34b8fa9
14923481,2026-10-01 10:23:47,actions-trading,Sim12,003465,skip,avoid_amount_dry,e033d4043cbc
14923481,2026-10-01 10:23:47,actions-trading,Sim12,012200,skip,avoid_amount_dry,6b16838f0417
14923481,2026-10-01 10:23:47,actions-trading,Sim12,011930,skip,pb2_not_crashed,503532ce2bf2
14923481,2026-10-01 10:23:47,actions-trading,Sim12,014680,skip,avoid_amount_dry,c1e9248e5787
14923481,2026-10-01 10:23:47,actions-trading,Sim12,078520,skip,avoid_amount_dry,c3f7fab1cf9d
14923481,2026-10-01 10:23:47,actions-trading,Sim12,006280,skip,avoid_amount_dry,d91b6dc53241
14923481,2026-10-01 10:23:47,actions-trading,Sim12,005430,skip,pb2_not_crashed,c30734d70f0f
14923481,2026-10-01 10:23:47,actions-trading,Sim12,051630,skip,avoid_amount_dry,161b1abfb4a6
14923481,2026-10-01 10:23:47,actions-trading,Sim12,002820,skip,pb2_thin_liquidity,65067f456481
14923481,2026-10-01 10:23:47,actions-trading,Sim12,009190,skip,avoid_amount_dry,4f0a14c704ec
14923481,2026-10-01 10:23:47,actions-trading,Sim12,002787,skip,avoid_amount_dry,17e40c53a049
14923481,2026-10-01 10:23:47,actions-trading,Sim12,071090,skip,pb2_not_crashed,3645893406b3
14923481,2026-10-01 10:23:47,actions-trading,Sim12,010640,skip,avoid_amount_dry,b2ef5cae329a
14923481,2026-10-01 10:23:47,actions-trading,Sim12,452260,skip,avoid_amount_dry,734baf7d9396
14923481,2026-10-01 10:23:47,actions-trading,Sim12,002785,skip,avoid_amount_dry,2fa46756507a
14923481,2026-10-01 10:23:47,actions-trading,Sim12,007110,skip,avoid_amount_dry,1deee5818ecf
14923481,2026-10-01 10:23:47,actions-trading,Sim12,001770,skip,avoid_amount_dry,a0fe1186faf6
14923481,2026-10-01 10:23:47,actions-trading,Sim12,487570,skip,pb2_not_crashed,d6b39c476028
14923481,2026-10-01 10:23:47,actions-trading,Sim12,002070,skip,avoid_amount_dry,e4306d4fabb0
14923481,2026-10-01 10:23:47,actions-trading,Sim12,002690,skip,avoid_frgn_sell_20d,a594dd213f10
14923481,2026-10-01 10:23:47,actions-trading,Sim12,003580,skip,avoid_amount_dry,ef33ccf2250a
14923481,2026-10-01 10:23:47,actions-trading,Sim12,003780,skip,avoid_frgn_sell_20d,ca384341bb46
14923481,2026-10-01 10:23:47,actions-trading,Sim12,003030,skip,pb2_not_crashed,a6d40cf8d97f
14923481,2026-10-01 10:23:47,actions-trading,Sim12,005010,skip,pb2_not_crashed,c4b0b2c817ca
14923481,2026-10-01 10:23:47,actions-trading,Sim12,003075,skip,pb2_not_crashed,05955a1af31e
14923481,2026-10-01 10:23:47,actions-trading,Sim12,002995,skip,avoid_amount_dry,f2b0cb471ccb
14923481,2026-10-01 10:23:47,actions-trading,Sim12,316140,skip,avoid_amount_dry,164da5e1f1db
14923481,2026-10-01 10:23:47,actions-trading,Sim12,092790,skip,pb2_not_crashed,3ffcaa996101
14923481,2026-10-01 10:23:47,actions-trading,Sim12,006260,skip,avoid_amount_dry,c07e78035726
14923481,2026-10-01 10:23:47,actions-trading,Sim12,010950,skip,avoid_amount_dry,dfc98b8eab07
14923481,2026-10-01 10:23:47,actions-trading,Sim12,014280,skip,avoid_amount_dry,c6c40c02129e
14923481,2026-10-01 10:23:47,actions-trading,Sim12,006200,skip,pb2_thin_liquidity,4ae63390dfd3
14923481,2026-10-01 10:23:47,actions-trading,Sim12,456040,skip,avoid_amount_dry,3e7b68e2d012
14923481,2026-10-01 10:23:47,actions-trading,Sim12,024890,skip,avoid_frgn_sell_20d,56847e5955d9
14923481,2026-10-01 10:23:47,actions-trading,Sim12,457190,skip,avoid_frgn_sell_20d,0671bf3ce491
14923481,2026-10-01 10:23:47,actions-trading,Sim12,443060,skip,avoid_amount_dry,15b2ecc7da6e
14923481,2026-10-01 10:23:47,actions-trading,Sim12,017900,skip,avoid_amount_dry,ce3c074da795
14923481,2026-10-01 10:23:47,actions-trading,Sim13,084010,skip,theme_momentum_weak,023600438131
14923481,2026-10-01 10:23:47,actions-trading,Sim13,192650,skip,no_frgn_support,5924f6c019f8
14923481,2026-10-01 10:23:47,actions-trading,Sim13,036570,skip,theme_momentum_weak,86d60d7771a0
14923481,2026-10-01 10:23:47,actions-trading,Sim13,004105,skip,no_frgn_support,f02f0a77197b
14923481,2026-10-01 10:23:47,actions-trading,Sim13,003160,skip,no_frgn_support,b3cbc1378bc4
14923481,2026-10-01 10:23:47,actions-trading,Sim13,093050,skip,theme_momentum_weak,580be2765e85
14923481,2026-10-01 10:23:47,actions-trading,Sim13,460860,skip,theme_momentum_weak,040c31ca6711
14923481,2026-10-01 10:23:47,actions-trading,Sim13,109070,skip,amount_not_surprised,28ec5e6e0e2b
14923481,2026-10-01 10:23:47,actions-trading,Sim13,005030,skip,theme_momentum_weak,7c5ea2a80d2d
14923481,2026-10-01 10:23:47,actions-trading,Sim13,002240,skip,theme_momentum_weak,969a1dec8a74
14923481,2026-10-01 10:23:47,actions-trading,Sim13,009420,skip,theme_momentum_weak,a25fc75d409b
14923481,2026-10-01 10:23:47,actions-trading,Sim13,0126Z0,skip,theme_momentum_weak,316e6530985e
14923481,2026-10-01 10:23:47,actions-trading,Sim13,248070,skip,theme_momentum_weak,64a171fae680
14923481,2026-10-01 10:23:47,actions-trading,Sim13,004710,skip,amount_not_surprised,17d3b49c463b
14923481,2026-10-01 10:23:47,actions-trading,Sim13,015590,skip,amount_not_surprised,8c913febb57c
14923481,2026-10-01 10:23:47,actions-trading,Sim13,000760,skip,theme_momentum_weak,dab2c373da9e
14923481,2026-10-01 10:23:47,actions-trading,Sim13,005850,skip,theme_momentum_weak,9c650d28c77d
14923481,2026-10-01 10:23:47,actions-trading,Sim13,055490,skip,theme_momentum_weak,f60bde4c1d7f
14923481,2026-10-01 10:23:47,actions-trading,Sim13,181710,skip,theme_momentum_weak,ca7a24fc58a4
14923481,2026-10-01 10:23:47,actions-trading,Sim13,012030,skip,adx_weak,a917c8d07f51
14923481,2026-10-01 10:23:47,actions-trading,Sim13,093370,skip,no_frgn_support,847d3373e06b
14923481,2026-10-01 10:23:47,actions-trading,Sim13,480370,skip,adx_weak,94f7263d4fb1
14923481,2026-10-01 10:23:47,actions-trading,Sim13,003120,skip,theme_momentum_weak,1870a34b8fa9
14923481,2026-10-01 10:23:47,actions-trading,Sim13,003465,skip,theme_momentum_weak,e033d4043cbc
14923481,2026-10-01 10:23:47,actions-trading,Sim13,012200,skip,theme_momentum_weak,6b16838f0417
14923481,2026-10-01 10:23:47,actions-trading,Sim13,011930,skip,theme_momentum_weak,503532ce2bf2
14923481,2026-10-01 10:23:47,actions-trading,Sim13,014680,skip,amount_not_surprised,c1e9248e5787
14923481,2026-10-01 10:23:47,actions-trading,Sim13,078520,skip,theme_momentum_weak,c3f7fab1cf9d
14923481,2026-10-01 10:23:47,actions-trading,Sim13,006280,skip,theme_momentum_weak,d91b6dc53241
14923481,2026-10-01 10:23:47,actions-trading,Sim13,005430,skip,theme_momentum_weak,c30734d70f0f
14923482,2026-10-01 10:25:04,actions-trading,Sim3,402340,skip,adx,b2967bc62fdc
14923482,2026-10-01 10:25:04,actions-trading,Sim3,383800,skip,amount,4e346230b5b4
14923482,2026-10-01 10:25:04,actions-trading,Sim3,462870,skip,amount,65e6b5d8418a
14923482,2026-10-01 10:25:04,actions-trading,Sim3,000660,skip,qty_zero,4e8302d3fc7e
14923482,2026-10-01 10:25:04,actions-trading,Sim3,071970,skip,held_or_sold_today,c427f24ac7c3
14923482,2026-10-01 10:25:04,actions-trading,Sim3,042700,skip,not_cheap,931351cbd2c3
14923482,2026-10-01 10:25:04,actions-trading,Sim3,326030,skip,amount,677955ae1f08
14923482,2026-10-01 10:25:04,actions-trading,Sim3,207940,skip,not_cheap,4be67cbed97e
14923482,2026-10-01 10:25:04,actions-trading,Sim3,033920,skip,amount,3b24a39a101e
14923482,2026-10-01 10:25:04,actions-trading,Sim3,004770,skip,amount,e3603dad494e
14923482,2026-10-01 10:25:04,actions-trading,Sim3,0126Z0,skip,not_cheap,080d6b56097f
14923482,2026-10-01 10:25:04,actions-trading,Sim3,062040,skip,not_cheap,b559b2517129
14923482,2026-10-01 10:25:04,actions-trading,Sim3,317450,skip,amount,68b9b57b25af
14923482,2026-10-01 10:25:04,actions-trading,Sim3,026960,skip,amount,94b19a9499a3
14923482,2026-10-01 10:25:04,actions-trading,Sim3,021820,skip,amount,dd049ec5d845
14923482,2026-10-01 10:25:04,actions-trading,Sim3,192080,skip,amount,e6f60ad7802a
14923482,2026-10-01 10:25:04,actions-trading,Sim3,068270,skip,held_or_sold_today,ebd3d9c91e1a
14923482,2026-10-01 10:25:04,actions-trading,Sim3,123890,skip,amount,2cad37aa68ae
14923482,2026-10-01 10:25:04,actions-trading,Sim3,000240,skip,amount,f8fa11dc3a83
14923482,2026-10-01 10:25:04,actions-trading,Sim3,002380,skip,held_or_sold_today,4a3057e86d9f
14923482,2026-10-01 10:25:04,actions-trading,Sim3,009770,skip,amount,d142bcd86f70
14923482,2026-10-01 10:25:04,actions-trading,Sim3,259960,skip,held_or_sold_today,6529e5dafac0
14923482,2026-10-01 10:25:04,actions-trading,Sim3,035250,skip,amount,91769be27623
14923482,2026-10-01 10:25:04,actions-trading,Sim3,383220,skip,amount,d8007f31e4d8
14923482,2026-10-01 10:25:04,actions-trading,Sim3,226320,skip,amount,5049f94cb419
14923482,2026-10-01 10:25:04,actions-trading,Sim3,439260,skip,amount,2954efdede71
14923482,2026-10-01 10:25:04,actions-trading,Sim3,025560,skip,cooldown,5e91117a2196
14923482,2026-10-01 10:25:04,actions-trading,Sim3,007700,skip,amount,d984d75a0a79
14923482,2026-10-01 10:25:04,actions-trading,Sim3,278470,skip,not_cheap,5e2a1da05b98
14923482,2026-10-01 10:25:04,actions-trading,Sim3,000990,skip,not_cheap,dfdbca505383
14923482,2026-10-01 10:25:40,actions-trading,MFHS2,028670,skip,max_holdings,d718d3d4bd28
14923482,2026-10-01 10:25:40,actions-trading,MFHS2,018880,seen,,e7a05e226a47
14923482,2026-10-01 10:25:40,actions-trading,MFHS2,003160,seen,,0f6f307cfa4a
14923482,2026-10-01 10:25:40,actions-trading,MFHS2,005935,seen,,6c77579dad23
14923482,2026-10-01 10:25:40,actions-trading,MFHS2,002990,seen,,d0d10dcda3e6
14923482,2026-10-01 10:25:40,actions-trading,MFHS2,011200,seen,,824739dd3a1d
14923482,2026-10-01 10:25:40,actions-trading,MFHS2,248070,seen,,30416936a7c8
14923482,2026-10-01 10:25:40,actions-trading,MFHS2,034220,seen,,a8957731c816
14923482,2026-10-01 10:25:40,actions-trading,MFHS2,192650,seen,,176e8f0bd749
14923482,2026-10-01 10:25:40,actions-trading,MFHS2,068270,seen,,7a6cc994e1cc
14923482,2026-10-01 10:25:40,actions-trading,MFHS2,030000,seen,,feba1d816bcb
14923482,2026-10-01 10:25:40,actions-trading,MFHS2,001250,seen,,42790f4f7517
14923482,2026-10-01 10:25:40,actions-trading,MFHS2,009830,seen,,9a2f68b8ac94
14923482,2026-10-01 10:25:40,actions-trading,MFHS2,004710,seen,,a43ed6eda484
14923482,2026-10-01 10:25:40,actions-trading,MFHS2,005880,seen,,adc2ce5a0b80
14923482,2026-10-01 10:25:40,actions-trading,MFHS2,005690,seen,,1ec8f3daa9f5
14923482,2026-10-01 10:25:40,actions-trading,MFHS2,093370,seen,,1bbe42afab00
14923482,2026-10-01 10:25:40,actions-trading,MFHS2,002700,seen,,e173115ac128
14923482,2026-10-01 10:25:40,actions-trading,MFHS2,008350,seen,,cee94836c986
14923482,2026-10-01 10:25:40,actions-trading,MFHS2,003280,seen,,c472c71bf517
14923482,2026-10-01 10:25:40,actions-trading,MFHS2,001820,seen,,f9b400b9c598
14923482,2026-10-01 10:25:40,actions-trading,MFHS2,001210,seen,,a3152e869f71
14923482,2026-10-01 10:25:40,actions-trading,MFHS2,003780,seen,,0f7dcca60811
14923482,2026-10-01 10:25:40,actions-trading,MFHS2,001510,seen,,f18a9334bf11
14923482,2026-10-01 10:25:40,actions-trading,MFHS2,089860,seen,,f797668567ba
14923482,2026-10-01 10:25:40,actions-trading,MFHS2,086790,seen,,ab37520fad42
14923482,2026-10-01 10:25:40,actions-trading,MFHS2,092220,seen,,b75cd058d2f1
14923482,2026-10-01 10:25:40,actions-trading,MFHS2,093050,seen,,d2bb6788e5fc
14923482,2026-10-01 10:25:40,actions-trading,MFHS2,035000,seen,,76e8508906f8
14923482,2026-10-01 10:25:40,actions-trading,MFHS2,004310,seen,,d3dbee94df5d
14923482,2026-10-01 10:25:43,actions-trading,상승모멘텀,084010,skip,max_holdings,0e43ce903a5a
14923482,2026-10-01 10:25:43,actions-trading,상승모멘텀,192650,seen,,176e8f0bd749
14923482,2026-10-01 10:25:43,actions-trading,상승모멘텀,036570,seen,,3daef8a8e937
14923482,2026-10-01 10:25:43,actions-trading,상승모멘텀,004105,seen,,c15a44a3fc67
14923482,2026-10-01 10:25:43,actions-trading,상승모멘텀,093050,seen,,d2bb6788e5fc
14923482,2026-10-01 10:25:43,actions-trading,상승모멘텀,003160,seen,,0f6f307cfa4a
14923482,2026-10-01 10:25:43,actions-trading,상승모멘텀,460860,seen,,1dda3417e59f
14923482,2026-10-01 10:25:43,actions-trading,상승모멘텀,109070,seen,,28ec5e6e0e2b
14923482,2026-10-01 10:25:43,actions-trading,상승모멘텀,002240,seen,,412ba7edb5eb
14923482,2026-10-01 10:25:43,actions-trading,상승모멘텀,005030,seen,,7c5ea2a80d2d
14923482,2026-10-01 10:25:43,actions-trading,상승모멘텀,0126Z0,seen,,64be992d889c
14923482,2026-10-01 10:25:43,actions-trading,상승모멘텀,009420,seen,,fca0963a00b2
14923482,2026-10-01 10:25:43,actions-trading,상승모멘텀,248070,seen,,30416936a7c8
14923482,2026-10-01 10:25:43,actions-trading,상승모멘텀,004710,seen,,a43ed6eda484
14923482,2026-10-01 10:25:43,actions-trading,상승모멘텀,005850,seen,,3be915bb118c
14923482,2026-10-01 10:25:43,actions-trading,상승모멘텀,055490,seen,,e3f7a6b4e58d
14923482,2026-10-01 10:25:43,actions-trading,상승모멘텀,015590,seen,,ab81925dfa05
14923482,2026-10-01 10:25:43,actions-trading,상승모멘텀,000760,seen,,dab2c373da9e
14923482,2026-10-01 10:25:43,actions-trading,상승모멘텀,480370,seen,,b0d674705176
14923482,2026-10-01 10:25:43,actions-trading,상승모멘텀,093370,seen,,1bbe42afab00
14923482,2026-10-01 10:25:43,actions-trading,상승모멘텀,181710,seen,,ea112473338e
14923482,2026-10-01 10:25:43,actions-trading,상승모멘텀,012030,seen,,68d809cad4cd
14923482,2026-10-01 10:25:43,actions-trading,상승모멘텀,014680,seen,,bdc51139abd1
14923482,2026-10-01 10:25:43,actions-trading,상승모멘텀,011930,seen,,ef83e9f0c652
14923482,2026-10-01 10:25:43,actions-trading,상승모멘텀,003120,seen,,28ec0ea17504
14923482,2026-10-01 10:25:43,actions-trading,상승모멘텀,003465,seen,,e033d4043cbc
14923482,2026-10-01 10:25:43,actions-trading,상승모멘텀,012200,seen,,33823f324499
14923482,2026-10-01 10:25:43,actions-trading,상승모멘텀,006280,seen,,b4fbbe2668de
14923482,2026-10-01 10:25:43,actions-trading,상승모멘텀,078520,seen,,356bdef9fbec
14923482,2026-10-01 10:25:43,actions-trading,상승모멘텀,001820,seen,,f9b400b9c598
14923482,2026-10-01 10:25:43,actions-trading,Sim4-1,084010,skip,period,0e43ce903a5a
14923482,2026-10-01 10:25:43,actions-trading,Sim4-1,192650,skip,period,176e8f0bd749
14923482,2026-10-01 10:25:43,actions-trading,Sim4-1,036570,skip,period,3daef8a8e937
14923482,2026-10-01 10:25:43,actions-trading,Sim4-1,004105,skip,amount,c15a44a3fc67
14923482,2026-10-01 10:25:43,actions-trading,Sim4-1,093050,skip,amount,d2bb6788e5fc
14923482,2026-10-01 10:25:43,actions-trading,Sim4-1,003160,skip,held_or_cooldown,0f6f307cfa4a
14923482,2026-10-01 10:25:43,actions-trading,Sim4-1,460860,skip,adx_high,1dda3417e59f
14923482,2026-10-01 10:25:43,actions-trading,Sim4-1,109070,skip,amount,28ec5e6e0e2b
14923482,2026-10-01 10:25:43,actions-trading,Sim4-1,002240,skip,amount,412ba7edb5eb
14923482,2026-10-01 10:25:43,actions-trading,Sim4-1,005030,skip,amount,7c5ea2a80d2d
14923482,2026-10-01 10:25:43,actions-trading,Sim4-1,0126Z0,skip,adx_high,64be992d889c
14923482,2026-10-01 10:25:43,actions-trading,Sim4-1,009420,skip,period,fca0963a00b2
14923482,2026-10-01 10:25:43,actions-trading,Sim4-1,248070,skip,period,30416936a7c8
14923482,2026-10-01 10:25:43,actions-trading,Sim4-1,004710,skip,adx_high,a43ed6eda484
14923482,2026-10-01 10:25:43,actions-trading,Sim4-1,005850,skip,amount,3be915bb118c
14923482,2026-10-01 10:25:43,actions-trading,Sim4-1,055490,skip,amount,e3f7a6b4e58d
14923482,2026-10-01 10:25:43,actions-trading,Sim4-1,015590,skip,amount,ab81925dfa05
14923482,2026-10-01 10:25:43,actions-trading,Sim4-1,000760,skip,amount,dab2c373da9e
14923482,2026-10-01 10:25:43,actions-trading,Sim4-1,480370,skip,amount,b0d674705176
14923482,2026-10-01 10:25:43,actions-trading,Sim4-1,093370,skip,adx_high,1bbe42afab00
14923482,2026-10-01 10:25:43,actions-trading,Sim4-1,181710,skip,adx_high,ea112473338e
14923482,2026-10-01 10:25:43,actions-trading,Sim4-1,012030,skip,amount,68d809cad4cd
14923482,2026-10-01 10:25:43,actions-trading,Sim4-1,014680,skip,adx_high,bdc51139abd1
14923482,2026-10-01 10:25:43,actions-trading,Sim4-1,011930,skip,amount,ef83e9f0c652
14923482,2026-10-01 10:25:43,actions-trading,Sim4-1,003120,skip,amount,28ec0ea17504
14923482,2026-10-01 10:25:43,actions-trading,Sim4-1,003465,skip,amount,e033d4043cbc
14923482,2026-10-01 10:25:43,actions-trading,Sim4-1,012200,skip,amount,33823f324499
14923482,2026-10-01 10:25:43,actions-trading,Sim4-1,006280,skip,amount,b4fbbe2668de
14923482,2026-10-01 10:25:43,actions-trading,Sim4-1,078520,skip,amount,356bdef9fbec
14923482,2026-10-01 10:25:43,actions-trading,Sim4-1,001820,skip,adx_low,f9b400b9c598
14923482,2026-10-01 10:25:44,actions-trading,선행매집,028670,skip,no_setup,d718d3d4bd28
14923482,2026-10-01 10:25:44,actions-trading,선행매집,018880,skip,below_anchor,e7a05e226a47
14923482,2026-10-01 10:25:44,actions-trading,선행매집,192650,skip,no_setup,176e8f0bd749
14923482,2026-10-01 10:25:44,actions-trading,선행매집,009830,skip,below_anchor,9a2f68b8ac94
14923482,2026-10-01 10:25:44,actions-trading,선행매집,011200,skip,below_anchor,824739dd3a1d
14923482,2026-10-01 10:25:44,actions-trading,선행매집,003160,skip,no_setup,0f6f307cfa4a
14923482,2026-10-01 10:25:44,actions-trading,선행매집,005935,skip,below_anchor,6c77579dad23
14923482,2026-10-01 10:25:44,actions-trading,선행매집,002990,skip,below_anchor,d0d10dcda3e6
14923482,2026-10-01 10:25:44,actions-trading,선행매집,068270,skip,below_anchor,7a6cc994e1cc
14923482,2026-10-01 10:25:44,actions-trading,선행매집,034220,skip,below_anchor,a8957731c816
14923482,2026-10-01 10:25:44,actions-trading,선행매집,248070,skip,below_anchor,30416936a7c8
14923482,2026-10-01 10:25:44,actions-trading,선행매집,030000,skip,below_anchor,feba1d816bcb
14923482,2026-10-01 10:25:44,actions-trading,선행매집,001250,skip,below_anchor,42790f4f7517
14923482,2026-10-01 10:25:44,actions-trading,선행매집,005880,skip,amount,adc2ce5a0b80
14923482,2026-10-01 10:25:44,actions-trading,선행매집,005690,skip,below_anchor,1ec8f3daa9f5
14923482,2026-10-01 10:25:44,actions-trading,선행매집,002700,skip,amount,e173115ac128
14923482,2026-10-01 10:25:44,actions-trading,선행매집,001210,skip,below_anchor,a3152e869f71
14923482,2026-10-01 10:25:44,actions-trading,선행매집,008350,skip,amount,cee94836c986
14923482,2026-10-01 10:25:44,actions-trading,선행매집,001820,skip,below_anchor,f9b400b9c598
14923482,2026-10-01 10:25:44,actions-trading,선행매집,003280,skip,below_anchor,c472c71bf517
14923482,2026-10-01 10:25:44,actions-trading,선행매집,004710,skip,below_anchor,a43ed6eda484
14923482,2026-10-01 10:25:44,actions-trading,선행매집,003780,skip,amount,0f7dcca60811
14923482,2026-10-01 10:25:44,actions-trading,선행매집,092220,skip,amount,b75cd058d2f1
14923482,2026-10-01 10:25:44,actions-trading,선행매집,089860,skip,held_awaiting_breakout,f797668567ba
14923482,2026-10-01 10:25:44,actions-trading,선행매집,093050,skip,no_setup,d2bb6788e5fc
14923482,2026-10-01 10:25:44,actions-trading,선행매집,001510,skip,amount,f18a9334bf11
14923482,2026-10-01 10:25:44,actions-trading,선행매집,051910,skip,below_anchor,e388cb780e54
14923482,2026-10-01 10:25:44,actions-trading,선행매집,004770,skip,amount,e3603dad494e
14923482,2026-10-01 10:25:44,actions-trading,선행매집,093370,skip,below_anchor,1bbe42afab00
14923482,2026-10-01 10:25:44,actions-trading,선행매집,035000,skip,amount,76e8508906f8
14923482,2026-10-01 10:25:44,actions-trading,Sim9,_gate,skip,outside_entry_window,e3b0c44298fc
14923482,2026-10-01 10:25:44,actions-trading,Sim9,084010,seen,,0e43ce903a5a
14923482,2026-10-01 10:25:44,actions-trading,Sim9,192650,seen,,176e8f0bd749
14923482,2026-10-01 10:25:44,actions-trading,Sim9,036570,seen,,3daef8a8e937
14923482,2026-10-01 10:25:44,actions-trading,Sim9,004105,seen,,c15a44a3fc67
14923482,2026-10-01 10:25:44,actions-trading,Sim9,093050,seen,,d2bb6788e5fc
14923482,2026-10-01 10:25:44,actions-trading,Sim9,003160,seen,,0f6f307cfa4a
14923482,2026-10-01 10:25:44,actions-trading,Sim9,460860,seen,,1dda3417e59f
14923482,2026-10-01 10:25:44,actions-trading,Sim9,109070,seen,,28ec5e6e0e2b
14923482,2026-10-01 10:25:44,actions-trading,Sim9,002240,seen,,412ba7edb5eb
14923482,2026-10-01 10:25:44,actions-trading,Sim9,005030,seen,,7c5ea2a80d2d
14923482,2026-10-01 10:25:44,actions-trading,Sim9,0126Z0,seen,,64be992d889c
14923482,2026-10-01 10:25:44,actions-trading,Sim9,009420,seen,,fca0963a00b2
14923482,2026-10-01 10:25:44,actions-trading,Sim9,248070,seen,,30416936a7c8
14923482,2026-10-01 10:25:44,actions-trading,Sim9,004710,seen,,a43ed6eda484
14923482,2026-10-01 10:25:44,actions-trading,Sim9,005850,seen,,3be915bb118c
14923482,2026-10-01 10:25:44,actions-trading,Sim9,055490,seen,,e3f7a6b4e58d
14923482,2026-10-01 10:25:44,actions-trading,Sim9,015590,seen,,ab81925dfa05
14923482,2026-10-01 10:25:44,actions-trading,Sim9,000760,seen,,dab2c373da9e
14923482,2026-10-01 10:25:44,actions-trading,Sim9,480370,seen,,b0d674705176
14923482,2026-10-01 10:25:44,actions-trading,Sim9,093370,seen,,1bbe42afab00
14923482,2026-10-01 10:25:44,actions-trading,Sim9,181710,seen,,ea112473338e
14923482,2026-10-01 10:25:44,actions-trading,Sim9,012030,seen,,68d809cad4cd
14923482,2026-10-01 10:25:44,actions-trading,Sim9,014680,seen,,bdc51139abd1
14923482,2026-10-01 10:25:44,actions-trading,Sim9,011930,seen,,ef83e9f0c652
14923482,2026-10-01 10:25:44,actions-trading,Sim9,003120,seen,,28ec0ea17504
14923482,2026-10-01 10:25:44,actions-trading,Sim9,003465,seen,,e033d4043cbc
14923482,2026-10-01 10:25:44,actions-trading,Sim9,012200,seen,,33823f324499
14923482,2026-10-01 10:25:44,actions-trading,Sim9,006280,seen,,b4fbbe2668de
14923482,2026-10-01 10:25:44,actions-trading,Sim9,078520,seen,,356bdef9fbec
14923482,2026-10-01 10:25:44,actions-trading,Sim9,001820,seen,,f9b400b9c598
14923482,2026-10-01 10:25:44,actions-trading,미너비니,192820,skip,below_pivot,48ff14d56e5a
14923482,2026-10-01 10:25:44,actions-trading,미너비니,443060,skip,below_pivot,1080efd796ab
14923482,2026-10-01 10:25:44,actions-trading,미너비니,020120,skip,below_pivot,548c1832b00b
14923482,2026-10-01 10:25:45,actions-trading,Sim12,084010,skip,avoid_frgn_sell_20d,0e43ce903a5a
14923482,2026-10-01 10:25:45,actions-trading,Sim12,192650,skip,pb2_not_crashed,176e8f0bd749
14923482,2026-10-01 10:25:45,actions-trading,Sim12,036570,skip,pb2_not_crashed,3daef8a8e937
14923482,2026-10-01 10:25:45,actions-trading,Sim12,004105,skip,pb2_not_crashed,c15a44a3fc67
14923482,2026-10-01 10:25:45,actions-trading,Sim12,093050,skip,avoid_frgn_sell_20d,d2bb6788e5fc
14923482,2026-10-01 10:25:45,actions-trading,Sim12,003160,skip,pb2_not_crashed,0f6f307cfa4a
14923482,2026-10-01 10:25:45,actions-trading,Sim12,460860,skip,avoid_frgn_sell_20d,1dda3417e59f
14923482,2026-10-01 10:25:45,actions-trading,Sim12,109070,skip,pb2_not_crashed,28ec5e6e0e2b
14923482,2026-10-01 10:25:45,actions-trading,Sim12,002240,skip,avoid_frgn_sell_20d,412ba7edb5eb
14923482,2026-10-01 10:25:45,actions-trading,Sim12,005030,skip,avoid_amount_dry,7c5ea2a80d2d
14923482,2026-10-01 10:25:45,actions-trading,Sim12,0126Z0,skip,avoid_frgn_sell_20d,64be992d889c
14923482,2026-10-01 10:25:45,actions-trading,Sim12,009420,skip,avoid_amount_dry,fca0963a00b2
14923482,2026-10-01 10:25:45,actions-trading,Sim12,248070,skip,avoid_frgn_sell_20d,30416936a7c8
14923482,2026-10-01 10:25:45,actions-trading,Sim12,004710,skip,avoid_frgn_sell_20d,a43ed6eda484
14923482,2026-10-01 10:25:45,actions-trading,Sim12,005850,skip,pb2_not_crashed,3be915bb118c
14923482,2026-10-01 10:25:45,actions-trading,Sim12,055490,skip,avoid_frgn_sell_20d,e3f7a6b4e58d
14923482,2026-10-01 10:25:45,actions-trading,Sim12,015590,skip,avoid_amount_dry,ab81925dfa05
14923482,2026-10-01 10:25:45,actions-trading,Sim12,000760,skip,avoid_amount_dry,dab2c373da9e
14923482,2026-10-01 10:25:45,actions-trading,Sim12,480370,skip,avoid_amount_dry,b0d674705176
14923482,2026-10-01 10:25:45,actions-trading,Sim12,093370,skip,pb2_not_crashed,1bbe42afab00
14923482,2026-10-01 10:25:45,actions-trading,Sim12,181710,skip,avoid_amount_dry,ea112473338e
14923482,2026-10-01 10:25:45,actions-trading,Sim12,012030,skip,avoid_amount_dry,68d809cad4cd
14923482,2026-10-01 10:25:45,actions-trading,Sim12,014680,skip,avoid_amount_dry,bdc51139abd1
14923482,2026-10-01 10:25:45,actions-trading,Sim12,011930,skip,pb2_not_crashed,ef83e9f0c652
14923482,2026-10-01 10:25:45,actions-trading,Sim12,003120,skip,pb2_not_crashed,28ec0ea17504
14923482,2026-10-01 10:25:45,actions-trading,Sim12,003465,skip,avoid_amount_dry,e033d4043cbc
14923482,2026-10-01 10:25:45,actions-trading,Sim12,012200,skip,avoid_amount_dry,33823f324499
14923482,2026-10-01 10:25:45,actions-trading,Sim12,006280,skip,avoid_amount_dry,b4fbbe2668de
14923482,2026-10-01 10:25:45,actions-trading,Sim12,078520,skip,avoid_amount_dry,356bdef9fbec
14923482,2026-10-01 10:25:45,actions-trading,Sim12,001820,skip,avoid_amount_dry,f9b400b9c598
14923482,2026-10-01 10:25:45,actions-trading,Sim12,051630,skip,avoid_amount_dry,e4c4250e281d
14923482,2026-10-01 10:25:45,actions-trading,Sim12,009190,skip,avoid_amount_dry,15acee24988c
14923482,2026-10-01 10:25:45,actions-trading,Sim12,002820,skip,pb2_thin_liquidity,a0c8d5e2de04
14923482,2026-10-01 10:25:45,actions-trading,Sim12,002787,skip,avoid_amount_dry,17e40c53a049
14923482,2026-10-01 10:25:45,actions-trading,Sim12,071090,skip,pb2_not_crashed,952e6aad820a
14923482,2026-10-01 10:25:45,actions-trading,Sim12,010640,skip,avoid_amount_dry,5e3f7332cffc
14923482,2026-10-01 10:25:45,actions-trading,Sim12,452260,skip,avoid_amount_dry,213a3e4c4dbf
14923482,2026-10-01 10:25:45,actions-trading,Sim12,007110,skip,avoid_amount_dry,f6f1f717e8a4
14923482,2026-10-01 10:25:45,actions-trading,Sim12,002785,skip,avoid_amount_dry,2fa46756507a
14923482,2026-10-01 10:25:45,actions-trading,Sim12,001770,skip,avoid_amount_dry,a0fe1186faf6
14923482,2026-10-01 10:25:45,actions-trading,Sim12,487570,skip,pb2_not_crashed,d6b39c476028
14923482,2026-10-01 10:25:45,actions-trading,Sim12,002070,skip,avoid_amount_dry,e4306d4fabb0
14923482,2026-10-01 10:25:45,actions-trading,Sim12,002690,skip,avoid_frgn_sell_20d,545b335dd0b6
14923482,2026-10-01 10:25:45,actions-trading,Sim12,003780,skip,avoid_frgn_sell_20d,0f7dcca60811
14923482,2026-10-01 10:25:45,actions-trading,Sim12,003580,skip,avoid_amount_dry,355b2e91df4a
14923482,2026-10-01 10:25:45,actions-trading,Sim12,003030,skip,pb2_not_crashed,2f466527cd91
14923482,2026-10-01 10:25:45,actions-trading,Sim12,316140,skip,avoid_amount_dry,3f0d9068b73f
14923482,2026-10-01 10:25:45,actions-trading,Sim12,005010,skip,pb2_not_crashed,6bec387a8a6d
14923482,2026-10-01 10:25:45,actions-trading,Sim12,003075,skip,pb2_not_crashed,70b57ac6dd99
14923482,2026-10-01 10:25:45,actions-trading,Sim12,002995,skip,avoid_amount_dry,f2b0cb471ccb
14923482,2026-10-01 10:25:45,actions-trading,Sim12,092790,skip,pb2_not_crashed,5ee775cceb1c
14923482,2026-10-01 10:25:45,actions-trading,Sim12,010950,skip,avoid_amount_dry,4ad8ac422d96
14923482,2026-10-01 10:25:45,actions-trading,Sim12,006260,skip,avoid_amount_dry,c1ff7dce0794
14923482,2026-10-01 10:25:45,actions-trading,Sim12,014280,skip,avoid_amount_dry,bb8e7f7eafb4
14923482,2026-10-01 10:25:45,actions-trading,Sim12,006200,skip,pb2_thin_liquidity,823c4a3844e9
14923482,2026-10-01 10:25:45,actions-trading,Sim12,456040,skip,avoid_amount_dry,e9b54694bbf3
14923482,2026-10-01 10:25:45,actions-trading,Sim12,024890,skip,avoid_frgn_sell_20d,d523fbd6eef6
14923482,2026-10-01 10:25:45,actions-trading,Sim12,004170,skip,avoid_amount_dry,44afbc9b2d52
14923482,2026-10-01 10:25:45,actions-trading,Sim12,457190,skip,avoid_frgn_sell_20d,6b0ed885d3f6
14923482,2026-10-01 10:25:45,actions-trading,Sim12,357430,skip,avoid_amount_dry,ef980d25efd8
14923482,2026-10-01 10:25:46,actions-trading,Sim13,084010,skip,theme_momentum_weak,0e43ce903a5a
14923482,2026-10-01 10:25:46,actions-trading,Sim13,192650,skip,no_frgn_support,176e8f0bd749
14923482,2026-10-01 10:25:46,actions-trading,Sim13,036570,skip,theme_momentum_weak,3daef8a8e937
14923482,2026-10-01 10:25:46,actions-trading,Sim13,004105,skip,no_frgn_support,c15a44a3fc67
14923482,2026-10-01 10:25:46,actions-trading,Sim13,093050,skip,theme_momentum_weak,d2bb6788e5fc
14923482,2026-10-01 10:25:46,actions-trading,Sim13,003160,skip,no_frgn_support,0f6f307cfa4a
14923482,2026-10-01 10:25:46,actions-trading,Sim13,460860,skip,theme_momentum_weak,1dda3417e59f
14923482,2026-10-01 10:25:46,actions-trading,Sim13,109070,skip,amount_not_surprised,28ec5e6e0e2b
14923482,2026-10-01 10:25:46,actions-trading,Sim13,002240,skip,theme_momentum_weak,412ba7edb5eb
14923482,2026-10-01 10:25:46,actions-trading,Sim13,005030,skip,theme_momentum_weak,7c5ea2a80d2d
14923482,2026-10-01 10:25:46,actions-trading,Sim13,0126Z0,skip,theme_momentum_weak,64be992d889c
14923482,2026-10-01 10:25:46,actions-trading,Sim13,009420,skip,theme_momentum_weak,fca0963a00b2
14923482,2026-10-01 10:25:46,actions-trading,Sim13,248070,skip,theme_momentum_weak,30416936a7c8
14923482,2026-10-01 10:25:46,actions-trading,Sim13,004710,skip,amount_not_surprised,a43ed6eda484
14923482,2026-10-01 10:25:46,actions-trading,Sim13,005850,skip,theme_momentum_weak,3be915bb118c
14923482,2026-10-01 10:25:46,actions-trading,Sim13,055490,skip,theme_momentum_weak,e3f7a6b4e58d
14923482,2026-10-01 10:25:46,actions-trading,Sim13,015590,skip,amount_not_surprised,ab81925dfa05
14923482,2026-10-01 10:25:46,actions-trading,Sim13,000760,skip,theme_momentum_weak,dab2c373da9e
14923482,2026-10-01 10:25:46,actions-trading,Sim13,480370,skip,adx_weak,b0d674705176
14923482,2026-10-01 10:25:46,actions-trading,Sim13,093370,skip,no_frgn_support,1bbe42afab00
14923482,2026-10-01 10:25:46,actions-trading,Sim13,181710,skip,theme_momentum_weak,ea112473338e
14923482,2026-10-01 10:25:46,actions-trading,Sim13,012030,skip,adx_weak,68d809cad4cd
14923482,2026-10-01 10:25:46,actions-trading,Sim13,014680,skip,amount_not_surprised,bdc51139abd1
14923482,2026-10-01 10:25:46,actions-trading,Sim13,011930,skip,theme_momentum_weak,ef83e9f0c652
14923482,2026-10-01 10:25:46,actions-trading,Sim13,003120,skip,theme_momentum_weak,28ec0ea17504
14923482,2026-10-01 10:25:46,actions-trading,Sim13,003465,skip,theme_momentum_weak,e033d4043cbc
14923482,2026-10-01 10:25:46,actions-trading,Sim13,012200,skip,theme_momentum_weak,33823f324499
14923482,2026-10-01 10:25:46,actions-trading,Sim13,006280,skip,theme_momentum_weak,b4fbbe2668de
14923482,2026-10-01 10:25:46,actions-trading,Sim13,078520,skip,theme_momentum_weak,356bdef9fbec
14923482,2026-10-01 10:25:46,actions-trading,Sim13,001820,skip,adx_weak,f9b400b9c598
14923483,2026-10-01 10:27:12,actions-trading,Sim3,402340,skip,adx,009d9f8e3ce7
14923483,2026-10-01 10:27:12,actions-trading,Sim3,383800,skip,amount,69350a10b9ac
14923483,2026-10-01 10:27:12,actions-trading,Sim3,462870,skip,amount,ddf7b9474e74
14923483,2026-10-01 10:27:12,actions-trading,Sim3,000660,skip,qty_zero,3326ef740843
14923483,2026-10-01 10:27:12,actions-trading,Sim3,071970,skip,held_or_sold_today,f593c8f12114
14923483,2026-10-01 10:27:12,actions-trading,Sim3,042700,skip,not_cheap,3dd186f3715d
14923483,2026-10-01 10:27:12,actions-trading,Sim3,326030,skip,amount,870f4115646e
14923483,2026-10-01 10:27:12,actions-trading,Sim3,207940,skip,not_cheap,625e939ea00f
14923483,2026-10-01 10:27:12,actions-trading,Sim3,033920,skip,amount,cfb591a95c58
14923483,2026-10-01 10:27:12,actions-trading,Sim3,004770,skip,amount,e3603dad494e
14923483,2026-10-01 10:27:12,actions-trading,Sim3,0126Z0,skip,not_cheap,ba1fc09b86f7
14923483,2026-10-01 10:27:12,actions-trading,Sim3,062040,skip,not_cheap,741e456b1429
14923483,2026-10-01 10:27:12,actions-trading,Sim3,317450,skip,amount,c69ccdb082c4
14923483,2026-10-01 10:27:12,actions-trading,Sim3,026960,skip,amount,f3fd435affab
14923483,2026-10-01 10:27:12,actions-trading,Sim3,021820,skip,amount,b52c3293dec7
14923483,2026-10-01 10:27:12,actions-trading,Sim3,192080,skip,amount,8fe9dcde3354
14923483,2026-10-01 10:27:12,actions-trading,Sim3,068270,skip,held_or_sold_today,80b6e92c8138
14923483,2026-10-01 10:27:12,actions-trading,Sim3,123890,skip,amount,de7682fac2ab
14923483,2026-10-01 10:27:12,actions-trading,Sim3,000240,skip,amount,1d25a0d7f9b0
14923483,2026-10-01 10:27:12,actions-trading,Sim3,002380,skip,held_or_sold_today,a13ee4b0cfb6
14923483,2026-10-01 10:27:12,actions-trading,Sim3,009770,skip,amount,d142bcd86f70
14923483,2026-10-01 10:27:12,actions-trading,Sim3,259960,skip,held_or_sold_today,1e0a9949eec8
14923483,2026-10-01 10:27:12,actions-trading,Sim3,035250,skip,amount,7224ff8f4ae7
14923483,2026-10-01 10:27:12,actions-trading,Sim3,383220,skip,amount,e9509721b3ff
14923483,2026-10-01 10:27:12,actions-trading,Sim3,226320,skip,amount,4496a2897378
14923483,2026-10-01 10:27:12,actions-trading,Sim3,439260,skip,amount,a66e1e418c9c
14923483,2026-10-01 10:27:12,actions-trading,Sim3,025560,skip,cooldown,cd51c4d576d1
14923483,2026-10-01 10:27:12,actions-trading,Sim3,007700,skip,amount,d984d75a0a79
14923483,2026-10-01 10:27:12,actions-trading,Sim3,278470,skip,not_cheap,512a3b809d47
14923483,2026-10-01 10:27:12,actions-trading,Sim3,000990,skip,not_cheap,f9f4fb01daea
14923483,2026-10-01 10:27:48,actions-trading,MFHS2,028670,skip,max_holdings,ea039442744f
14923483,2026-10-01 10:27:48,actions-trading,MFHS2,018880,seen,,46de87f03122
14923483,2026-10-01 10:27:48,actions-trading,MFHS2,003160,seen,,c508d302e731
14923483,2026-10-01 10:27:48,actions-trading,MFHS2,005935,seen,,c1a8fc115b35
14923483,2026-10-01 10:27:48,actions-trading,MFHS2,002990,seen,,1f60875273f9
14923483,2026-10-01 10:27:48,actions-trading,MFHS2,011200,seen,,5af3c5543fee
14923483,2026-10-01 10:27:48,actions-trading,MFHS2,248070,seen,,fe40e3150ec7
14923483,2026-10-01 10:27:48,actions-trading,MFHS2,034220,seen,,277e6b93663b
14923483,2026-10-01 10:27:48,actions-trading,MFHS2,192650,seen,,488f588e1640
14923483,2026-10-01 10:27:48,actions-trading,MFHS2,068270,seen,,a6d30b3bb9d8
14923483,2026-10-01 10:27:48,actions-trading,MFHS2,030000,seen,,d8da95ea114f
14923483,2026-10-01 10:27:48,actions-trading,MFHS2,001250,seen,,1cb8c6eba3e6
14923483,2026-10-01 10:27:48,actions-trading,MFHS2,009830,seen,,b9ef8927f61e
14923483,2026-10-01 10:27:48,actions-trading,MFHS2,004710,seen,,080c774d259e
14923483,2026-10-01 10:27:48,actions-trading,MFHS2,005880,seen,,acfb3c9d54e6
14923483,2026-10-01 10:27:48,actions-trading,MFHS2,005690,seen,,5446d2eee566
14923483,2026-10-01 10:27:48,actions-trading,MFHS2,093370,seen,,553abf5ed55c
14923483,2026-10-01 10:27:48,actions-trading,MFHS2,002700,seen,,248c1ea99b5e
14923483,2026-10-01 10:27:48,actions-trading,MFHS2,008350,seen,,89b6e403e5e6
14923483,2026-10-01 10:27:48,actions-trading,MFHS2,003280,seen,,d3a9b9358b95
14923483,2026-10-01 10:27:48,actions-trading,MFHS2,001820,seen,,9752f7f6aed4
14923483,2026-10-01 10:27:48,actions-trading,MFHS2,001210,seen,,65fc1d129342
14923483,2026-10-01 10:27:48,actions-trading,MFHS2,003780,seen,,9040660d545d
14923483,2026-10-01 10:27:48,actions-trading,MFHS2,001510,seen,,a21b00da9828
14923483,2026-10-01 10:27:48,actions-trading,MFHS2,089860,seen,,32d3d4e79048
14923483,2026-10-01 10:27:48,actions-trading,MFHS2,086790,seen,,9366a97e1627
14923483,2026-10-01 10:27:48,actions-trading,MFHS2,092220,seen,,14796b09fff3
14923483,2026-10-01 10:27:48,actions-trading,MFHS2,093050,seen,,5797d2989923
14923483,2026-10-01 10:27:48,actions-trading,MFHS2,035000,seen,,ff628052896b
14923483,2026-10-01 10:27:48,actions-trading,MFHS2,004310,seen,,2c9bfa25e731
14923483,2026-10-01 10:27:50,actions-trading,상승모멘텀,084010,skip,max_holdings,ca75e78ac6ed
14923483,2026-10-01 10:27:50,actions-trading,상승모멘텀,192650,seen,,488f588e1640
14923483,2026-10-01 10:27:50,actions-trading,상승모멘텀,036570,seen,,529fa0c81052
14923483,2026-10-01 10:27:50,actions-trading,상승모멘텀,004105,seen,,1fdaf9e15635
14923483,2026-10-01 10:27:50,actions-trading,상승모멘텀,093050,seen,,5797d2989923
14923483,2026-10-01 10:27:50,actions-trading,상승모멘텀,009420,seen,,b2e05335d314
14923483,2026-10-01 10:27:50,actions-trading,상승모멘텀,003160,seen,,c508d302e731
14923483,2026-10-01 10:27:50,actions-trading,상승모멘텀,109070,seen,,28ec5e6e0e2b
14923483,2026-10-01 10:27:50,actions-trading,상승모멘텀,0126Z0,seen,,3c0df165aeb8
14923483,2026-10-01 10:27:50,actions-trading,상승모멘텀,002240,seen,,fb2f9405aab8
14923483,2026-10-01 10:27:50,actions-trading,상승모멘텀,005030,seen,,7c5ea2a80d2d
14923483,2026-10-01 10:27:50,actions-trading,상승모멘텀,460860,seen,,2bc32fbfb042
14923483,2026-10-01 10:27:50,actions-trading,상승모멘텀,248070,seen,,fe40e3150ec7
14923483,2026-10-01 10:27:50,actions-trading,상승모멘텀,004710,seen,,080c774d259e
14923483,2026-10-01 10:27:50,actions-trading,상승모멘텀,055490,seen,,1faa9ccdad10
14923483,2026-10-01 10:27:50,actions-trading,상승모멘텀,000760,seen,,dab2c373da9e
14923483,2026-10-01 10:27:50,actions-trading,상승모멘텀,005850,seen,,7a2b1aa730c6
14923483,2026-10-01 10:27:50,actions-trading,상승모멘텀,093370,seen,,553abf5ed55c
14923483,2026-10-01 10:27:50,actions-trading,상승모멘텀,480370,seen,,56e4cdb64564
14923483,2026-10-01 10:27:50,actions-trading,상승모멘텀,012030,seen,,7f4ba18b85d9
14923483,2026-10-01 10:27:50,actions-trading,상승모멘텀,015590,seen,,95a1f176f49c
14923483,2026-10-01 10:27:50,actions-trading,상승모멘텀,181710,seen,,456fd40f02ba
14923483,2026-10-01 10:27:50,actions-trading,상승모멘텀,014680,seen,,b9d0a215c7db
14923483,2026-10-01 10:27:50,actions-trading,상승모멘텀,003465,seen,,e033d4043cbc
14923483,2026-10-01 10:27:50,actions-trading,상승모멘텀,012200,seen,,9ce223f9f467
14923483,2026-10-01 10:27:50,actions-trading,상승모멘텀,011930,seen,,856f040f1b76
14923483,2026-10-01 10:27:50,actions-trading,상승모멘텀,0120G0,seen,,9835f009746e
14923483,2026-10-01 10:27:50,actions-trading,상승모멘텀,006280,seen,,26a86d9edb8d
14923483,2026-10-01 10:27:50,actions-trading,상승모멘텀,077500,seen,,64b057127992
14923483,2026-10-01 10:27:50,actions-trading,상승모멘텀,078520,seen,,baf70765319b
14923483,2026-10-01 10:27:50,actions-trading,Sim4-1,084010,skip,period,ca75e78ac6ed
14923483,2026-10-01 10:27:50,actions-trading,Sim4-1,192650,skip,period,488f588e1640
14923483,2026-10-01 10:27:50,actions-trading,Sim4-1,036570,skip,period,529fa0c81052
14923483,2026-10-01 10:27:50,actions-trading,Sim4-1,004105,skip,amount,1fdaf9e15635
14923483,2026-10-01 10:27:50,actions-trading,Sim4-1,093050,skip,amount,5797d2989923
14923483,2026-10-01 10:27:50,actions-trading,Sim4-1,009420,skip,period,b2e05335d314
14923483,2026-10-01 10:27:50,actions-trading,Sim4-1,003160,skip,held_or_cooldown,c508d302e731
14923483,2026-10-01 10:27:50,actions-trading,Sim4-1,109070,skip,amount,28ec5e6e0e2b
14923483,2026-10-01 10:27:50,actions-trading,Sim4-1,0126Z0,skip,adx_high,3c0df165aeb8
14923483,2026-10-01 10:27:50,actions-trading,Sim4-1,002240,skip,amount,fb2f9405aab8
14923483,2026-10-01 10:27:50,actions-trading,Sim4-1,005030,skip,amount,7c5ea2a80d2d
14923483,2026-10-01 10:27:50,actions-trading,Sim4-1,460860,skip,adx_high,2bc32fbfb042
14923483,2026-10-01 10:27:50,actions-trading,Sim4-1,248070,skip,period,fe40e3150ec7
14923483,2026-10-01 10:27:50,actions-trading,Sim4-1,004710,skip,adx_high,080c774d259e
14923483,2026-10-01 10:27:50,actions-trading,Sim4-1,055490,skip,amount,1faa9ccdad10
14923483,2026-10-01 10:27:50,actions-trading,Sim4-1,000760,skip,amount,dab2c373da9e
14923483,2026-10-01 10:27:50,actions-trading,Sim4-1,005850,skip,amount,7a2b1aa730c6
14923483,2026-10-01 10:27:50,actions-trading,Sim4-1,093370,skip,adx_high,553abf5ed55c
14923483,2026-10-01 10:27:50,actions-trading,Sim4-1,480370,skip,amount,56e4cdb64564
14923483,2026-10-01 10:27:50,actions-trading,Sim4-1,012030,skip,amount,7f4ba18b85d9
14923483,2026-10-01 10:27:50,actions-trading,Sim4-1,015590,skip,amount,95a1f176f49c
14923483,2026-10-01 10:27:50,actions-trading,Sim4-1,181710,skip,adx_high,456fd40f02ba
14923483,2026-10-01 10:27:50,actions-trading,Sim4-1,014680,skip,adx_high,b9d0a215c7db
14923483,2026-10-01 10:27:50,actions-trading,Sim4-1,003465,skip,amount,e033d4043cbc
14923483,2026-10-01 10:27:50,actions-trading,Sim4-1,012200,skip,amount,9ce223f9f467
14923483,2026-10-01 10:27:50,actions-trading,Sim4-1,011930,skip,amount,856f040f1b76
14923483,2026-10-01 10:27:50,actions-trading,Sim4-1,0120G0,skip,amount,9835f009746e
14923483,2026-10-01 10:27:50,actions-trading,Sim4-1,006280,skip,amount,26a86d9edb8d
14923483,2026-10-01 10:27:50,actions-trading,Sim4-1,077500,skip,amount,64b057127992
14923483,2026-10-01 10:27:50,actions-trading,Sim4-1,078520,skip,amount,baf70765319b
14923483,2026-10-01 10:27:51,actions-trading,선행매집,028670,skip,no_setup,ea039442744f
14923483,2026-10-01 10:27:51,actions-trading,선행매집,018880,skip,below_anchor,46de87f03122
14923483,2026-10-01 10:27:51,actions-trading,선행매집,192650,skip,no_setup,488f588e1640
14923483,2026-10-01 10:27:51,actions-trading,선행매집,009830,skip,below_anchor,b9ef8927f61e
14923483,2026-10-01 10:27:51,actions-trading,선행매집,011200,skip,below_anchor,5af3c5543fee
14923483,2026-10-01 10:27:51,actions-trading,선행매집,003160,skip,no_setup,c508d302e731
14923483,2026-10-01 10:27:51,actions-trading,선행매집,005935,skip,below_anchor,c1a8fc115b35
14923483,2026-10-01 10:27:51,actions-trading,선행매집,002990,skip,below_anchor,1f60875273f9
14923483,2026-10-01 10:27:51,actions-trading,선행매집,068270,skip,below_anchor,a6d30b3bb9d8
14923483,2026-10-01 10:27:51,actions-trading,선행매집,034220,skip,below_anchor,277e6b93663b
14923483,2026-10-01 10:27:51,actions-trading,선행매집,248070,skip,below_anchor,fe40e3150ec7
14923483,2026-10-01 10:27:51,actions-trading,선행매집,030000,skip,below_anchor,d8da95ea114f
14923483,2026-10-01 10:27:51,actions-trading,선행매집,001250,skip,below_anchor,1cb8c6eba3e6
14923483,2026-10-01 10:27:51,actions-trading,선행매집,005880,skip,amount,acfb3c9d54e6
14923483,2026-10-01 10:27:51,actions-trading,선행매집,005690,skip,below_anchor,5446d2eee566
14923483,2026-10-01 10:27:51,actions-trading,선행매집,002700,skip,amount,248c1ea99b5e
14923483,2026-10-01 10:27:51,actions-trading,선행매집,001210,skip,below_anchor,65fc1d129342
14923483,2026-10-01 10:27:51,actions-trading,선행매집,008350,skip,amount,89b6e403e5e6
14923483,2026-10-01 10:27:51,actions-trading,선행매집,001820,skip,below_anchor,9752f7f6aed4
14923483,2026-10-01 10:27:51,actions-trading,선행매집,003280,skip,below_anchor,d3a9b9358b95
14923483,2026-10-01 10:27:51,actions-trading,선행매집,004710,skip,below_anchor,080c774d259e
14923483,2026-10-01 10:27:51,actions-trading,선행매집,003780,skip,amount,9040660d545d
14923483,2026-10-01 10:27:51,actions-trading,선행매집,092220,skip,amount,14796b09fff3
14923483,2026-10-01 10:27:51,actions-trading,선행매집,089860,skip,held_awaiting_breakout,32d3d4e79048
14923483,2026-10-01 10:27:51,actions-trading,선행매집,093050,skip,no_setup,5797d2989923
14923483,2026-10-01 10:27:51,actions-trading,선행매집,001510,skip,amount,a21b00da9828
14923483,2026-10-01 10:27:51,actions-trading,선행매집,051910,skip,below_anchor,15a523ce6b36
14923483,2026-10-01 10:27:51,actions-trading,선행매집,004770,skip,amount,b54471d4151d
14923483,2026-10-01 10:27:51,actions-trading,선행매집,093370,skip,below_anchor,553abf5ed55c
14923483,2026-10-01 10:27:51,actions-trading,선행매집,035000,skip,amount,ff628052896b
14923483,2026-10-01 10:27:51,actions-trading,Sim9,_gate,skip,outside_entry_window,e3b0c44298fc
14923483,2026-10-01 10:27:51,actions-trading,Sim9,084010,seen,,ca75e78ac6ed
14923483,2026-10-01 10:27:51,actions-trading,Sim9,192650,seen,,488f588e1640
14923483,2026-10-01 10:27:51,actions-trading,Sim9,036570,seen,,529fa0c81052
14923483,2026-10-01 10:27:51,actions-trading,Sim9,004105,seen,,1fdaf9e15635
14923483,2026-10-01 10:27:51,actions-trading,Sim9,093050,seen,,5797d2989923
14923483,2026-10-01 10:27:51,actions-trading,Sim9,009420,seen,,b2e05335d314
14923483,2026-10-01 10:27:51,actions-trading,Sim9,003160,seen,,c508d302e731
14923483,2026-10-01 10:27:51,actions-trading,Sim9,109070,seen,,28ec5e6e0e2b
14923483,2026-10-01 10:27:51,actions-trading,Sim9,0126Z0,seen,,3c0df165aeb8
14923483,2026-10-01 10:27:51,actions-trading,Sim9,002240,seen,,fb2f9405aab8
14923483,2026-10-01 10:27:51,actions-trading,Sim9,005030,seen,,7c5ea2a80d2d
14923483,2026-10-01 10:27:51,actions-trading,Sim9,460860,seen,,2bc32fbfb042
14923483,2026-10-01 10:27:51,actions-trading,Sim9,248070,seen,,fe40e3150ec7
14923483,2026-10-01 10:27:51,actions-trading,Sim9,004710,seen,,080c774d259e
14923483,2026-10-01 10:27:51,actions-trading,Sim9,055490,seen,,1faa9ccdad10
14923483,2026-10-01 10:27:51,actions-trading,Sim9,000760,seen,,dab2c373da9e
14923483,2026-10-01 10:27:51,actions-trading,Sim9,005850,seen,,7a2b1aa730c6
14923483,2026-10-01 10:27:51,actions-trading,Sim9,093370,seen,,553abf5ed55c
14923483,2026-10-01 10:27:51,actions-trading,Sim9,480370,seen,,56e4cdb64564
14923483,2026-10-01 10:27:51,actions-trading,Sim9,012030,seen,,7f4ba18b85d9
14923483,2026-10-01 10:27:51,actions-trading,Sim9,015590,seen,,95a1f176f49c
14923483,2026-10-01 10:27:51,actions-trading,Sim9,181710,seen,,456fd40f02ba
14923483,2026-10-01 10:27:51,actions-trading,Sim9,014680,seen,,b9d0a215c7db
14923483,2026-10-01 10:27:51,actions-trading,Sim9,003465,seen,,e033d4043cbc
14923483,2026-10-01 10:27:51,actions-trading,Sim9,012200,seen,,9ce223f9f467
14923483,2026-10-01 10:27:51,actions-trading,Sim9,011930,seen,,856f040f1b76
14923483,2026-10-01 10:27:51,actions-trading,Sim9,0120G0,seen,,9835f009746e
14923483,2026-10-01 10:27:51,actions-trading,Sim9,006280,seen,,26a86d9edb8d
14923483,2026-10-01 10:27:51,actions-trading,Sim9,077500,seen,,64b057127992
14923483,2026-10-01 10:27:51,actions-trading,Sim9,078520,seen,,baf70765319b
14923483,2026-10-01 10:27:51,actions-trading,미너비니,192820,skip,below_pivot,bc144134f5f2
14923483,2026-10-01 10:27:51,actions-trading,미너비니,443060,skip,below_pivot,8d119be1d5c1
14923483,2026-10-01 10:27:51,actions-trading,미너비니,020120,skip,below_pivot,c73e0682032b
14923483,2026-10-01 10:27:52,actions-trading,Sim12,084010,skip,avoid_frgn_sell_20d,ca75e78ac6ed
14923483,2026-10-01 10:27:52,actions-trading,Sim12,192650,skip,pb2_not_crashed,488f588e1640
14923483,2026-10-01 10:27:52,actions-trading,Sim12,036570,skip,pb2_not_crashed,529fa0c81052
14923483,2026-10-01 10:27:52,actions-trading,Sim12,004105,skip,pb2_not_crashed,1fdaf9e15635
14923483,2026-10-01 10:27:52,actions-trading,Sim12,093050,skip,avoid_frgn_sell_20d,5797d2989923
14923483,2026-10-01 10:27:52,actions-trading,Sim12,009420,skip,avoid_amount_dry,b2e05335d314
14923483,2026-10-01 10:27:52,actions-trading,Sim12,003160,skip,pb2_not_crashed,c508d302e731
14923483,2026-10-01 10:27:52,actions-trading,Sim12,109070,skip,pb2_not_crashed,28ec5e6e0e2b
14923483,2026-10-01 10:27:52,actions-trading,Sim12,0126Z0,skip,avoid_frgn_sell_20d,3c0df165aeb8
14923483,2026-10-01 10:27:52,actions-trading,Sim12,002240,skip,avoid_frgn_sell_20d,fb2f9405aab8
14923483,2026-10-01 10:27:52,actions-trading,Sim12,005030,skip,avoid_amount_dry,7c5ea2a80d2d
14923483,2026-10-01 10:27:52,actions-trading,Sim12,460860,skip,avoid_frgn_sell_20d,2bc32fbfb042
14923483,2026-10-01 10:27:52,actions-trading,Sim12,248070,skip,avoid_frgn_sell_20d,fe40e3150ec7
14923483,2026-10-01 10:27:52,actions-trading,Sim12,004710,skip,avoid_frgn_sell_20d,080c774d259e
14923483,2026-10-01 10:27:52,actions-trading,Sim12,055490,skip,avoid_frgn_sell_20d,1faa9ccdad10
14923483,2026-10-01 10:27:52,actions-trading,Sim12,000760,skip,avoid_amount_dry,dab2c373da9e
14923483,2026-10-01 10:27:52,actions-trading,Sim12,005850,skip,pb2_not_crashed,7a2b1aa730c6
14923483,2026-10-01 10:27:52,actions-trading,Sim12,093370,skip,pb2_not_crashed,553abf5ed55c
14923483,2026-10-01 10:27:52,actions-trading,Sim12,480370,skip,avoid_amount_dry,56e4cdb64564
14923483,2026-10-01 10:27:52,actions-trading,Sim12,012030,skip,avoid_amount_dry,7f4ba18b85d9
14923483,2026-10-01 10:27:52,actions-trading,Sim12,015590,skip,avoid_amount_dry,95a1f176f49c
14923483,2026-10-01 10:27:52,actions-trading,Sim12,181710,skip,avoid_amount_dry,456fd40f02ba
14923483,2026-10-01 10:27:52,actions-trading,Sim12,014680,skip,avoid_amount_dry,b9d0a215c7db
14923483,2026-10-01 10:27:52,actions-trading,Sim12,003465,skip,avoid_amount_dry,e033d4043cbc
14923483,2026-10-01 10:27:52,actions-trading,Sim12,012200,skip,avoid_amount_dry,9ce223f9f467
14923483,2026-10-01 10:27:52,actions-trading,Sim12,011930,skip,pb2_not_crashed,856f040f1b76
14923483,2026-10-01 10:27:52,actions-trading,Sim12,0120G0,skip,avoid_amount_dry,9835f009746e
14923483,2026-10-01 10:27:52,actions-trading,Sim12,006280,skip,avoid_amount_dry,26a86d9edb8d
14923483,2026-10-01 10:27:52,actions-trading,Sim12,077500,skip,avoid_amount_dry,64b057127992
14923483,2026-10-01 10:27:52,actions-trading,Sim12,078520,skip,avoid_amount_dry,baf70765319b
14923483,2026-10-01 10:27:52,actions-trading,Sim12,051630,skip,avoid_amount_dry,d9a47da53efd
14923483,2026-10-01 10:27:52,actions-trading,Sim12,009190,skip,avoid_amount_dry,eb95c71a3d5a
14923483,2026-10-01 10:27:52,actions-trading,Sim12,002820,skip,pb2_thin_liquidity,704a5f7f60c9
14923483,2026-10-01 10:27:52,actions-trading,Sim12,002787,skip,avoid_amount_dry,17e40c53a049
14923483,2026-10-01 10:27:52,actions-trading,Sim12,071090,skip,pb2_not_crashed,3e286a6ee499
14923483,2026-10-01 10:27:52,actions-trading,Sim12,010640,skip,avoid_amount_dry,1977c181ffa4
14923483,2026-10-01 10:27:52,actions-trading,Sim12,452260,skip,avoid_amount_dry,036dae8ef582
14923483,2026-10-01 10:27:52,actions-trading,Sim12,002785,skip,avoid_amount_dry,2fa46756507a
14923483,2026-10-01 10:27:52,actions-trading,Sim12,007110,skip,avoid_amount_dry,cdeba40053d7
14923483,2026-10-01 10:27:52,actions-trading,Sim12,001770,skip,avoid_amount_dry,a0fe1186faf6
14923483,2026-10-01 10:27:52,actions-trading,Sim12,002070,skip,avoid_amount_dry,e4306d4fabb0
14923483,2026-10-01 10:27:52,actions-trading,Sim12,487570,skip,pb2_not_crashed,339181631e42
14923483,2026-10-01 10:27:52,actions-trading,Sim12,002690,skip,avoid_frgn_sell_20d,62995a83b90f
14923483,2026-10-01 10:27:52,actions-trading,Sim12,003780,skip,avoid_frgn_sell_20d,9040660d545d
14923483,2026-10-01 10:27:52,actions-trading,Sim12,003580,skip,avoid_amount_dry,4e11c6c6385a
14923483,2026-10-01 10:27:52,actions-trading,Sim12,003075,skip,pb2_not_crashed,d2d4b38ca815
14923483,2026-10-01 10:27:52,actions-trading,Sim12,092790,skip,pb2_not_crashed,dcf60bf053e3
14923483,2026-10-01 10:27:52,actions-trading,Sim12,005010,skip,pb2_not_crashed,17fb68e6cda2
14923483,2026-10-01 10:27:52,actions-trading,Sim12,316140,skip,avoid_amount_dry,3acda0da8158
14923483,2026-10-01 10:27:52,actions-trading,Sim12,003030,skip,pb2_not_crashed,ae560eeec73a
14923483,2026-10-01 10:27:52,actions-trading,Sim12,010950,skip,avoid_amount_dry,bb360908595b
14923483,2026-10-01 10:27:52,actions-trading,Sim12,002995,skip,avoid_amount_dry,f2b0cb471ccb
14923483,2026-10-01 10:27:52,actions-trading,Sim12,006260,skip,avoid_amount_dry,31b2cd7ed897
14923483,2026-10-01 10:27:52,actions-trading,Sim12,357430,skip,avoid_frgn_sell_20d,00d719df3f12
14923483,2026-10-01 10:27:52,actions-trading,Sim12,014280,skip,avoid_amount_dry,fb9b3cd1ff98
14923483,2026-10-01 10:27:52,actions-trading,Sim12,006200,skip,pb2_thin_liquidity,852e34ce58eb
14923483,2026-10-01 10:27:52,actions-trading,Sim12,457190,skip,avoid_frgn_sell_20d,32332652956f
14923483,2026-10-01 10:27:52,actions-trading,Sim12,00088K,skip,avoid_amount_dry,60143f48c93d
14923483,2026-10-01 10:27:52,actions-trading,Sim12,096770,skip,avoid_amount_dry,abe67b88094c
14923483,2026-10-01 10:27:52,actions-trading,Sim12,361610,skip,avoid_amount_dry,1799fab2d506
14923483,2026-10-01 10:27:52,actions-trading,Sim13,084010,skip,theme_momentum_weak,ca75e78ac6ed
14923483,2026-10-01 10:27:52,actions-trading,Sim13,192650,skip,no_frgn_support,488f588e1640
14923483,2026-10-01 10:27:52,actions-trading,Sim13,036570,skip,theme_momentum_weak,529fa0c81052
14923483,2026-10-01 10:27:52,actions-trading,Sim13,004105,skip,no_frgn_support,1fdaf9e15635
14923483,2026-10-01 10:27:52,actions-trading,Sim13,093050,skip,theme_momentum_weak,5797d2989923
14923483,2026-10-01 10:27:52,actions-trading,Sim13,009420,skip,theme_momentum_weak,b2e05335d314
14923483,2026-10-01 10:27:52,actions-trading,Sim13,003160,skip,no_frgn_support,c508d302e731
14923483,2026-10-01 10:27:52,actions-trading,Sim13,109070,skip,amount_not_surprised,28ec5e6e0e2b
14923483,2026-10-01 10:27:52,actions-trading,Sim13,0126Z0,skip,theme_momentum_weak,3c0df165aeb8
14923483,2026-10-01 10:27:52,actions-trading,Sim13,002240,skip,theme_momentum_weak,fb2f9405aab8
14923483,2026-10-01 10:27:52,actions-trading,Sim13,005030,skip,theme_momentum_weak,7c5ea2a80d2d
14923483,2026-10-01 10:27:52,actions-trading,Sim13,460860,skip,theme_momentum_weak,2bc32fbfb042
14923483,2026-10-01 10:27:52,actions-trading,Sim13,248070,skip,theme_momentum_weak,fe40e3150ec7
14923483,2026-10-01 10:27:52,actions-trading,Sim13,004710,skip,amount_not_surprised,080c774d259e
14923483,2026-10-01 10:27:52,actions-trading,Sim13,055490,skip,theme_momentum_weak,1faa9ccdad10
14923483,2026-10-01 10:27:52,actions-trading,Sim13,000760,skip,theme_momentum_weak,dab2c373da9e
14923483,2026-10-01 10:27:52,actions-trading,Sim13,005850,skip,theme_momentum_weak,7a2b1aa730c6
14923483,2026-10-01 10:27:52,actions-trading,Sim13,093370,skip,no_frgn_support,553abf5ed55c
14923483,2026-10-01 10:27:52,actions-trading,Sim13,480370,skip,adx_weak,56e4cdb64564
14923483,2026-10-01 10:27:52,actions-trading,Sim13,012030,skip,adx_weak,7f4ba18b85d9
14923483,2026-10-01 10:27:52,actions-trading,Sim13,015590,skip,amount_not_surprised,95a1f176f49c
14923483,2026-10-01 10:27:52,actions-trading,Sim13,181710,skip,theme_momentum_weak,456fd40f02ba
14923483,2026-10-01 10:27:52,actions-trading,Sim13,014680,skip,amount_not_surprised,b9d0a215c7db
14923483,2026-10-01 10:27:52,actions-trading,Sim13,003465,skip,theme_momentum_weak,e033d4043cbc
14923483,2026-10-01 10:27:52,actions-trading,Sim13,012200,skip,theme_momentum_weak,9ce223f9f467
14923483,2026-10-01 10:27:52,actions-trading,Sim13,011930,skip,theme_momentum_weak,856f040f1b76
14923483,2026-10-01 10:27:52,actions-trading,Sim13,0120G0,skip,theme_momentum_weak,9835f009746e
14923483,2026-10-01 10:27:52,actions-trading,Sim13,006280,skip,theme_momentum_weak,26a86d9edb8d
14923483,2026-10-01 10:27:52,actions-trading,Sim13,077500,skip,held_or_cooldown,64b057127992
14923483,2026-10-01 10:27:52,actions-trading,Sim13,078520,skip,theme_momentum_weak,baf70765319b
14923484,2026-10-01 10:29:11,actions-trading,Sim3,402340,skip,adx,2ddc54257759
14923484,2026-10-01 10:29:11,actions-trading,Sim3,383800,skip,amount,172fec59ef76
14923484,2026-10-01 10:29:11,actions-trading,Sim3,462870,skip,amount,86457b4c07ca
14923484,2026-10-01 10:29:11,actions-trading,Sim3,000660,skip,qty_zero,cb1c09ab8231
14923484,2026-10-01 10:29:11,actions-trading,Sim3,071970,skip,held_or_sold_today,f497d935a4f3
14923484,2026-10-01 10:29:11,actions-trading,Sim3,042700,skip,not_cheap,c0a926467dcb
14923484,2026-10-01 10:29:11,actions-trading,Sim3,326030,skip,amount,5ae2be4185fa
14923484,2026-10-01 10:29:11,actions-trading,Sim3,207940,skip,not_cheap,67a69c856f62
14923484,2026-10-01 10:29:11,actions-trading,Sim3,033920,skip,amount,2f0383fde514
14923484,2026-10-01 10:29:11,actions-trading,Sim3,004770,skip,amount,45fece451b06
14923484,2026-10-01 10:29:11,actions-trading,Sim3,0126Z0,skip,not_cheap,d568a4582de4
14923484,2026-10-01 10:29:11,actions-trading,Sim3,062040,skip,not_cheap,9671608ed12f
14923484,2026-10-01 10:29:11,actions-trading,Sim3,317450,skip,amount,c69ccdb082c4
14923484,2026-10-01 10:29:11,actions-trading,Sim3,026960,skip,amount,d8ff2aa51979
14923484,2026-10-01 10:29:11,actions-trading,Sim3,021820,skip,amount,b52c3293dec7
14923484,2026-10-01 10:29:11,actions-trading,Sim3,192080,skip,amount,565ac0e0c674
14923484,2026-10-01 10:29:11,actions-trading,Sim3,068270,skip,held_or_sold_today,9bc2b28b530a
14923484,2026-10-01 10:29:11,actions-trading,Sim3,123890,skip,amount,80d512e7ef03
14923484,2026-10-01 10:29:11,actions-trading,Sim3,000240,skip,amount,d3e4f8e7a5c5
14923484,2026-10-01 10:29:11,actions-trading,Sim3,002380,skip,held_or_sold_today,c5cf2dd7a3a2
14923484,2026-10-01 10:29:11,actions-trading,Sim3,009770,skip,amount,347bb6b9d1c4
14923484,2026-10-01 10:29:11,actions-trading,Sim3,259960,skip,held_or_sold_today,235732466fa9
14923484,2026-10-01 10:29:11,actions-trading,Sim3,035250,skip,amount,ce2aaba70824
14923484,2026-10-01 10:29:11,actions-trading,Sim3,383220,skip,amount,d4e651760b7f
14923484,2026-10-01 10:29:11,actions-trading,Sim3,226320,skip,amount,b797e4ac6ac6
14923484,2026-10-01 10:29:11,actions-trading,Sim3,439260,skip,amount,6a29ddda1c49
14923484,2026-10-01 10:29:11,actions-trading,Sim3,025560,skip,cooldown,6be084b9039c
14923484,2026-10-01 10:29:11,actions-trading,Sim3,007700,skip,amount,d984d75a0a79
14923484,2026-10-01 10:29:11,actions-trading,Sim3,278470,skip,not_cheap,f82672d2f943
14923484,2026-10-01 10:29:11,actions-trading,Sim3,000990,skip,not_cheap,f8a939bff25c
14923484,2026-10-01 10:29:46,actions-trading,MFHS2,028670,skip,max_holdings,8a432b59b122
14923484,2026-10-01 10:29:46,actions-trading,MFHS2,018880,seen,,3dc329385da2
14923484,2026-10-01 10:29:46,actions-trading,MFHS2,003160,seen,,baff3ba13008
14923484,2026-10-01 10:29:46,actions-trading,MFHS2,005935,seen,,1eb348b7ef8a
14923484,2026-10-01 10:29:46,actions-trading,MFHS2,002990,seen,,cb132177c97f
14923484,2026-10-01 10:29:46,actions-trading,MFHS2,011200,seen,,d6656f0c4b42
14923484,2026-10-01 10:29:46,actions-trading,MFHS2,248070,seen,,d15a5f58b778
14923484,2026-10-01 10:29:46,actions-trading,MFHS2,034220,seen,,a9d8bd07756a
14923484,2026-10-01 10:29:46,actions-trading,MFHS2,192650,seen,,6cf2028b6e01
14923484,2026-10-01 10:29:46,actions-trading,MFHS2,068270,seen,,a270e8afa67d
14923484,2026-10-01 10:29:46,actions-trading,MFHS2,030000,seen,,78a37bd5ae19
14923484,2026-10-01 10:29:46,actions-trading,MFHS2,001250,seen,,30a4fddf26cc
14923484,2026-10-01 10:29:46,actions-trading,MFHS2,009830,seen,,f92fd36fe8ef
14923484,2026-10-01 10:29:46,actions-trading,MFHS2,004710,seen,,d271e7ff3e10
14923484,2026-10-01 10:29:46,actions-trading,MFHS2,005880,seen,,192f75077832
14923484,2026-10-01 10:29:46,actions-trading,MFHS2,005690,seen,,f547466ea377
14923484,2026-10-01 10:29:46,actions-trading,MFHS2,093370,seen,,d5be6c29d38e
14923484,2026-10-01 10:29:46,actions-trading,MFHS2,002700,seen,,139a5666dc30
14923484,2026-10-01 10:29:46,actions-trading,MFHS2,008350,seen,,511c0d5fd8ef
14923484,2026-10-01 10:29:46,actions-trading,MFHS2,003280,seen,,4e9dfd5b88d6
14923484,2026-10-01 10:29:46,actions-trading,MFHS2,001820,seen,,21eea6d9d5a9
14923484,2026-10-01 10:29:46,actions-trading,MFHS2,001210,seen,,1f5d0227155f
14923484,2026-10-01 10:29:46,actions-trading,MFHS2,003780,seen,,195b3b7d7f99
14923484,2026-10-01 10:29:46,actions-trading,MFHS2,001510,seen,,4d8ca6ce20e8
14923484,2026-10-01 10:29:46,actions-trading,MFHS2,089860,seen,,285309ca6050
14923484,2026-10-01 10:29:46,actions-trading,MFHS2,086790,seen,,f95cbfe6ca2a
14923484,2026-10-01 10:29:46,actions-trading,MFHS2,092220,seen,,999ab45540d4
14923484,2026-10-01 10:29:46,actions-trading,MFHS2,093050,seen,,7cac260c2107
14923484,2026-10-01 10:29:46,actions-trading,MFHS2,035000,seen,,ff628052896b
14923484,2026-10-01 10:29:46,actions-trading,MFHS2,004310,seen,,ccb6e24e671a
14923484,2026-10-01 10:29:48,actions-trading,상승모멘텀,084010,skip,max_holdings,619cbc6b6491
14923484,2026-10-01 10:29:48,actions-trading,상승모멘텀,192650,seen,,6cf2028b6e01
14923484,2026-10-01 10:29:48,actions-trading,상승모멘텀,036570,seen,,9543d3120d3f
14923484,2026-10-01 10:29:48,actions-trading,상승모멘텀,093050,seen,,7cac260c2107
14923484,2026-10-01 10:29:48,actions-trading,상승모멘텀,004105,seen,,866dd9344620
14923484,2026-10-01 10:29:48,actions-trading,상승모멘텀,009420,seen,,e5a021cd92d4
14923484,2026-10-01 10:29:48,actions-trading,상승모멘텀,0126Z0,seen,,056c98bf24e2
14923484,2026-10-01 10:29:48,actions-trading,상승모멘텀,109070,seen,,d0f97bab1758
14923484,2026-10-01 10:29:48,actions-trading,상승모멘텀,003160,seen,,baff3ba13008
14923484,2026-10-01 10:29:48,actions-trading,상승모멘텀,002240,seen,,a4c2ea8cfe72
14923484,2026-10-01 10:29:48,actions-trading,상승모멘텀,005030,seen,,7c5ea2a80d2d
14923484,2026-10-01 10:29:48,actions-trading,상승모멘텀,004710,seen,,d271e7ff3e10
14923484,2026-10-01 10:29:48,actions-trading,상승모멘텀,460860,seen,,05968781a420
14923484,2026-10-01 10:29:48,actions-trading,상승모멘텀,248070,seen,,d15a5f58b778
14923484,2026-10-01 10:29:48,actions-trading,상승모멘텀,055490,seen,,eed6ac67202b
14923484,2026-10-01 10:29:48,actions-trading,상승모멘텀,012200,seen,,3160edf326f9
14923484,2026-10-01 10:29:48,actions-trading,상승모멘텀,000760,seen,,e5d00d21a674
14923484,2026-10-01 10:29:48,actions-trading,상승모멘텀,181710,seen,,e9c69a57f3d9
14923484,2026-10-01 10:29:48,actions-trading,상승모멘텀,005850,seen,,0d6521128dd2
14923484,2026-10-01 10:29:48,actions-trading,상승모멘텀,077500,seen,,f13d6cdaf1f8
14923484,2026-10-01 10:29:48,actions-trading,상승모멘텀,093370,seen,,d5be6c29d38e
14923484,2026-10-01 10:29:48,actions-trading,상승모멘텀,012030,seen,,33c56e38b9e5
14923484,2026-10-01 10:29:48,actions-trading,상승모멘텀,480370,seen,,b8da6f101be2
14923484,2026-10-01 10:29:48,actions-trading,상승모멘텀,001360,seen,,766edfa6ca9c
14923484,2026-10-01 10:29:48,actions-trading,상승모멘텀,015590,seen,,d84f2ea68446
14923484,2026-10-01 10:29:48,actions-trading,상승모멘텀,014680,seen,,a21978c4c23b
14923484,2026-10-01 10:29:48,actions-trading,상승모멘텀,003465,seen,,e033d4043cbc
14923484,2026-10-01 10:29:48,actions-trading,상승모멘텀,006280,seen,,8de6c82ba1ae
14923484,2026-10-01 10:29:48,actions-trading,상승모멘텀,0120G0,seen,,0e85a9ab0112
14923484,2026-10-01 10:29:48,actions-trading,상승모멘텀,011930,seen,,93ebf9f54d46
14923484,2026-10-01 10:29:48,actions-trading,Sim4-1,084010,skip,period,619cbc6b6491
14923484,2026-10-01 10:29:48,actions-trading,Sim4-1,192650,skip,period,6cf2028b6e01
14923484,2026-10-01 10:29:48,actions-trading,Sim4-1,036570,skip,period,9543d3120d3f
14923484,2026-10-01 10:29:48,actions-trading,Sim4-1,093050,skip,amount,7cac260c2107
14923484,2026-10-01 10:29:48,actions-trading,Sim4-1,004105,skip,amount,866dd9344620
14923484,2026-10-01 10:29:48,actions-trading,Sim4-1,009420,skip,period,e5a021cd92d4
14923484,2026-10-01 10:29:48,actions-trading,Sim4-1,0126Z0,skip,adx_high,056c98bf24e2
14923484,2026-10-01 10:29:48,actions-trading,Sim4-1,109070,skip,amount,d0f97bab1758
14923484,2026-10-01 10:29:48,actions-trading,Sim4-1,003160,skip,held_or_cooldown,baff3ba13008
14923484,2026-10-01 10:29:48,actions-trading,Sim4-1,002240,skip,amount,a4c2ea8cfe72
14923484,2026-10-01 10:29:48,actions-trading,Sim4-1,005030,skip,amount,7c5ea2a80d2d
14923484,2026-10-01 10:29:48,actions-trading,Sim4-1,004710,skip,adx_high,d271e7ff3e10
14923484,2026-10-01 10:29:48,actions-trading,Sim4-1,460860,skip,adx_high,05968781a420
14923484,2026-10-01 10:29:48,actions-trading,Sim4-1,248070,skip,period,d15a5f58b778
14923484,2026-10-01 10:29:48,actions-trading,Sim4-1,055490,skip,amount,eed6ac67202b
14923484,2026-10-01 10:29:48,actions-trading,Sim4-1,012200,skip,amount,3160edf326f9
14923484,2026-10-01 10:29:48,actions-trading,Sim4-1,000760,skip,amount,e5d00d21a674
14923484,2026-10-01 10:29:48,actions-trading,Sim4-1,181710,skip,adx_high,e9c69a57f3d9
14923484,2026-10-01 10:29:48,actions-trading,Sim4-1,005850,skip,amount,0d6521128dd2
14923484,2026-10-01 10:29:48,actions-trading,Sim4-1,077500,skip,amount,f13d6cdaf1f8
14923484,2026-10-01 10:29:48,actions-trading,Sim4-1,093370,skip,adx_high,d5be6c29d38e
14923484,2026-10-01 10:29:48,actions-trading,Sim4-1,012030,skip,amount,33c56e38b9e5
14923484,2026-10-01 10:29:48,actions-trading,Sim4-1,480370,skip,amount,b8da6f101be2
14923484,2026-10-01 10:29:48,actions-trading,Sim4-1,001360,skip,amount,766edfa6ca9c
14923484,2026-10-01 10:29:48,actions-trading,Sim4-1,015590,skip,amount,d84f2ea68446
14923484,2026-10-01 10:29:48,actions-trading,Sim4-1,014680,skip,adx_high,a21978c4c23b
14923484,2026-10-01 10:29:48,actions-trading,Sim4-1,003465,skip,amount,e033d4043cbc
14923484,2026-10-01 10:29:48,actions-trading,Sim4-1,006280,skip,amount,8de6c82ba1ae
14923484,2026-10-01 10:29:48,actions-trading,Sim4-1,0120G0,skip,amount,0e85a9ab0112
14923484,2026-10-01 10:29:48,actions-trading,Sim4-1,011930,skip,amount,93ebf9f54d46
14923484,2026-10-01 10:29:49,actions-trading,선행매집,028670,skip,no_setup,8a432b59b122
14923484,2026-10-01 10:29:49,actions-trading,선행매집,018880,skip,below_anchor,3dc329385da2
14923484,2026-10-01 10:29:49,actions-trading,선행매집,192650,skip,no_setup,6cf2028b6e01
14923484,2026-10-01 10:29:49,actions-trading,선행매집,009830,skip,below_anchor,f92fd36fe8ef
14923484,2026-10-01 10:29:49,actions-trading,선행매집,011200,skip,below_anchor,d6656f0c4b42
14923484,2026-10-01 10:29:49,actions-trading,선행매집,003160,skip,no_setup,baff3ba13008
14923484,2026-10-01 10:29:49,actions-trading,선행매집,005935,skip,below_anchor,1eb348b7ef8a
14923484,2026-10-01 10:29:49,actions-trading,선행매집,002990,skip,below_anchor,cb132177c97f
14923484,2026-10-01 10:29:49,actions-trading,선행매집,068270,skip,below_anchor,a270e8afa67d
14923484,2026-10-01 10:29:49,actions-trading,선행매집,034220,skip,below_anchor,a9d8bd07756a
14923484,2026-10-01 10:29:49,actions-trading,선행매집,248070,skip,below_anchor,d15a5f58b778
14923484,2026-10-01 10:29:49,actions-trading,선행매집,030000,skip,below_anchor,78a37bd5ae19
14923484,2026-10-01 10:29:49,actions-trading,선행매집,001250,skip,below_anchor,30a4fddf26cc
14923484,2026-10-01 10:29:49,actions-trading,선행매집,005880,skip,amount,192f75077832
14923484,2026-10-01 10:29:49,actions-trading,선행매집,005690,skip,below_anchor,f547466ea377
14923484,2026-10-01 10:29:49,actions-trading,선행매집,002700,skip,amount,139a5666dc30
14923484,2026-10-01 10:29:49,actions-trading,선행매집,001210,skip,below_anchor,1f5d0227155f
14923484,2026-10-01 10:29:49,actions-trading,선행매집,008350,skip,amount,511c0d5fd8ef
14923484,2026-10-01 10:29:49,actions-trading,선행매집,001820,skip,below_anchor,21eea6d9d5a9
14923484,2026-10-01 10:29:49,actions-trading,선행매집,003280,skip,below_anchor,4e9dfd5b88d6
14923484,2026-10-01 10:29:49,actions-trading,선행매집,004710,skip,below_anchor,d271e7ff3e10
14923484,2026-10-01 10:29:49,actions-trading,선행매집,003780,skip,amount,195b3b7d7f99
14923484,2026-10-01 10:29:49,actions-trading,선행매집,092220,skip,amount,999ab45540d4
14923484,2026-10-01 10:29:49,actions-trading,선행매집,089860,skip,held_awaiting_breakout,285309ca6050
14923484,2026-10-01 10:29:49,actions-trading,선행매집,093050,skip,no_setup,7cac260c2107
14923484,2026-10-01 10:29:49,actions-trading,선행매집,001510,skip,amount,4d8ca6ce20e8
14923484,2026-10-01 10:29:49,actions-trading,선행매집,051910,skip,below_anchor,2605a1229cc2
14923484,2026-10-01 10:29:49,actions-trading,선행매집,004770,skip,amount,45fece451b06
14923484,2026-10-01 10:29:49,actions-trading,선행매집,093370,skip,below_anchor,d5be6c29d38e
14923484,2026-10-01 10:29:49,actions-trading,선행매집,035000,skip,amount,ff628052896b
14923484,2026-10-01 10:29:49,actions-trading,Sim9,_gate,skip,outside_entry_window,e3b0c44298fc
14923484,2026-10-01 10:29:49,actions-trading,Sim9,084010,seen,,619cbc6b6491
14923484,2026-10-01 10:29:49,actions-trading,Sim9,192650,seen,,6cf2028b6e01
14923484,2026-10-01 10:29:49,actions-trading,Sim9,036570,seen,,9543d3120d3f
14923484,2026-10-01 10:29:49,actions-trading,Sim9,093050,seen,,7cac260c2107
14923484,2026-10-01 10:29:49,actions-trading,Sim9,004105,seen,,866dd9344620
14923484,2026-10-01 10:29:49,actions-trading,Sim9,009420,seen,,e5a021cd92d4
14923484,2026-10-01 10:29:49,actions-trading,Sim9,0126Z0,seen,,056c98bf24e2
14923484,2026-10-01 10:29:49,actions-trading,Sim9,109070,seen,,d0f97bab1758
14923484,2026-10-01 10:29:49,actions-trading,Sim9,003160,seen,,baff3ba13008
14923484,2026-10-01 10:29:49,actions-trading,Sim9,002240,seen,,a4c2ea8cfe72
14923484,2026-10-01 10:29:49,actions-trading,Sim9,005030,seen,,7c5ea2a80d2d
14923484,2026-10-01 10:29:49,actions-trading,Sim9,004710,seen,,d271e7ff3e10
14923484,2026-10-01 10:29:49,actions-trading,Sim9,460860,seen,,05968781a420
14923484,2026-10-01 10:29:49,actions-trading,Sim9,248070,seen,,d15a5f58b778
14923484,2026-10-01 10:29:49,actions-trading,Sim9,055490,seen,,eed6ac67202b
14923484,2026-10-01 10:29:49,actions-trading,Sim9,012200,seen,,3160edf326f9
14923484,2026-10-01 10:29:49,actions-trading,Sim9,000760,seen,,e5d00d21a674
14923484,2026-10-01 10:29:49,actions-trading,Sim9,181710,seen,,e9c69a57f3d9
14923484,2026-10-01 10:29:49,actions-trading,Sim9,005850,seen,,0d6521128dd2
14923484,2026-10-01 10:29:49,actions-trading,Sim9,077500,seen,,f13d6cdaf1f8
14923484,2026-10-01 10:29:49,actions-trading,Sim9,093370,seen,,d5be6c29d38e
14923484,2026-10-01 10:29:49,actions-trading,Sim9,012030,seen,,33c56e38b9e5
14923484,2026-10-01 10:29:49,actions-trading,Sim9,480370,seen,,b8da6f101be2
14923484,2026-10-01 10:29:49,actions-trading,Sim9,001360,seen,,766edfa6ca9c
14923484,2026-10-01 10:29:49,actions-trading,Sim9,015590,seen,,d84f2ea68446
14923484,2026-10-01 10:29:49,actions-trading,Sim9,014680,seen,,a21978c4c23b
14923484,2026-10-01 10:29:49,actions-trading,Sim9,003465,seen,,e033d4043cbc
14923484,2026-10-01 10:29:49,actions-trading,Sim9,006280,seen,,8de6c82ba1ae
14923484,2026-10-01 10:29:49,actions-trading,Sim9,0120G0,seen,,0e85a9ab0112
14923484,2026-10-01 10:29:49,actions-trading,Sim9,011930,seen,,93ebf9f54d46
14923484,2026-10-01 10:29:49,actions-trading,미너비니,192820,skip,below_pivot,33f9ecd89862
14923484,2026-10-01 10:29:49,actions-trading,미너비니,443060,skip,below_pivot,55e00670b11f
14923484,2026-10-01 10:29:49,actions-trading,미너비니,020120,skip,below_pivot,81f757951b79
14923484,2026-10-01 10:29:49,actions-trading,Sim12,084010,skip,avoid_frgn_sell_20d,619cbc6b6491
14923484,2026-10-01 10:29:49,actions-trading,Sim12,192650,skip,pb2_not_crashed,6cf2028b6e01
14923484,2026-10-01 10:29:49,actions-trading,Sim12,036570,skip,pb2_not_crashed,9543d3120d3f
14923484,2026-10-01 10:29:49,actions-trading,Sim12,093050,skip,avoid_frgn_sell_20d,7cac260c2107
14923484,2026-10-01 10:29:49,actions-trading,Sim12,004105,skip,pb2_not_crashed,866dd9344620
14923484,2026-10-01 10:29:49,actions-trading,Sim12,009420,skip,avoid_amount_dry,e5a021cd92d4
14923484,2026-10-01 10:29:49,actions-trading,Sim12,0126Z0,skip,avoid_frgn_sell_20d,056c98bf24e2
14923484,2026-10-01 10:29:49,actions-trading,Sim12,109070,skip,pb2_not_crashed,d0f97bab1758
14923484,2026-10-01 10:29:49,actions-trading,Sim12,003160,skip,pb2_not_crashed,baff3ba13008
14923484,2026-10-01 10:29:49,actions-trading,Sim12,002240,skip,avoid_frgn_sell_20d,a4c2ea8cfe72
14923484,2026-10-01 10:29:49,actions-trading,Sim12,005030,skip,avoid_amount_dry,7c5ea2a80d2d
14923484,2026-10-01 10:29:49,actions-trading,Sim12,004710,skip,avoid_frgn_sell_20d,d271e7ff3e10
14923484,2026-10-01 10:29:49,actions-trading,Sim12,460860,skip,avoid_frgn_sell_20d,05968781a420
14923484,2026-10-01 10:29:49,actions-trading,Sim12,248070,skip,avoid_frgn_sell_20d,d15a5f58b778
14923484,2026-10-01 10:29:49,actions-trading,Sim12,055490,skip,avoid_frgn_sell_20d,eed6ac67202b
14923484,2026-10-01 10:29:49,actions-trading,Sim12,012200,skip,avoid_amount_dry,3160edf326f9
14923484,2026-10-01 10:29:49,actions-trading,Sim12,000760,skip,avoid_amount_dry,e5d00d21a674
14923484,2026-10-01 10:29:49,actions-trading,Sim12,181710,skip,avoid_amount_dry,e9c69a57f3d9
14923484,2026-10-01 10:29:49,actions-trading,Sim12,005850,skip,pb2_not_crashed,0d6521128dd2
14923484,2026-10-01 10:29:49,actions-trading,Sim12,077500,skip,avoid_amount_dry,f13d6cdaf1f8
14923484,2026-10-01 10:29:49,actions-trading,Sim12,093370,skip,pb2_not_crashed,d5be6c29d38e
14923484,2026-10-01 10:29:49,actions-trading,Sim12,012030,skip,avoid_amount_dry,33c56e38b9e5
14923484,2026-10-01 10:29:49,actions-trading,Sim12,480370,skip,avoid_amount_dry,b8da6f101be2
14923484,2026-10-01 10:29:49,actions-trading,Sim12,001360,skip,pb2_not_crashed,766edfa6ca9c
14923484,2026-10-01 10:29:49,actions-trading,Sim12,015590,skip,avoid_amount_dry,d84f2ea68446
14923484,2026-10-01 10:29:49,actions-trading,Sim12,014680,skip,avoid_amount_dry,a21978c4c23b
14923484,2026-10-01 10:29:49,actions-trading,Sim12,003465,skip,avoid_amount_dry,e033d4043cbc
14923484,2026-10-01 10:29:49,actions-trading,Sim12,006280,skip,avoid_amount_dry,8de6c82ba1ae
14923484,2026-10-01 10:29:49,actions-trading,Sim12,0120G0,skip,avoid_amount_dry,0e85a9ab0112
14923484,2026-10-01 10:29:49,actions-trading,Sim12,011930,skip,pb2_not_crashed,93ebf9f54d46
14923484,2026-10-01 10:29:49,actions-trading,Sim12,051630,skip,avoid_amount_dry,828d188f766b
14923484,2026-10-01 10:29:49,actions-trading,Sim12,009190,skip,avoid_amount_dry,3892222218c9
14923484,2026-10-01 10:29:49,actions-trading,Sim12,002820,skip,pb2_thin_liquidity,10249db999df
14923484,2026-10-01 10:29:49,actions-trading,Sim12,002787,skip,avoid_amount_dry,17e40c53a049
14923484,2026-10-01 10:29:49,actions-trading,Sim12,071090,skip,pb2_not_crashed,c02fd9b8fd77
14923484,2026-10-01 10:29:49,actions-trading,Sim12,010640,skip,avoid_amount_dry,1977c181ffa4
14923484,2026-10-01 10:29:49,actions-trading,Sim12,452260,skip,avoid_amount_dry,3f02239032d6
14923484,2026-10-01 10:29:49,actions-trading,Sim12,007110,skip,avoid_amount_dry,b78fb9583a96
14923484,2026-10-01 10:29:49,actions-trading,Sim12,002785,skip,avoid_amount_dry,2fa46756507a
14923484,2026-10-01 10:29:49,actions-trading,Sim12,001770,skip,avoid_amount_dry,a0fe1186faf6
14923484,2026-10-01 10:29:49,actions-trading,Sim12,002690,skip,avoid_frgn_sell_20d,631b125cdeea
14923484,2026-10-01 10:29:49,actions-trading,Sim12,487570,skip,pb2_not_crashed,b9521c2fdef5
14923484,2026-10-01 10:29:49,actions-trading,Sim12,003780,skip,avoid_frgn_sell_20d,195b3b7d7f99
14923484,2026-10-01 10:29:49,actions-trading,Sim12,003580,skip,avoid_amount_dry,2afa12687f66
14923484,2026-10-01 10:29:49,actions-trading,Sim12,003075,skip,pb2_not_crashed,b2423334539b
14923484,2026-10-01 10:29:49,actions-trading,Sim12,092790,skip,pb2_not_crashed,6f75ba5aed01
14923484,2026-10-01 10:29:49,actions-trading,Sim12,316140,skip,avoid_amount_dry,b8f2fa9bb49c
14923484,2026-10-01 10:29:49,actions-trading,Sim12,003030,skip,pb2_not_crashed,3b0fb6c037f9
14923484,2026-10-01 10:29:49,actions-trading,Sim12,005010,skip,pb2_not_crashed,6ef30e066c16
14923484,2026-10-01 10:29:49,actions-trading,Sim12,010950,skip,avoid_amount_dry,2a34b25d2286
14923484,2026-10-01 10:29:49,actions-trading,Sim12,002995,skip,avoid_amount_dry,f2b0cb471ccb
14923484,2026-10-01 10:29:49,actions-trading,Sim12,006260,skip,avoid_amount_dry,15a0db30e128
14923484,2026-10-01 10:29:49,actions-trading,Sim12,456040,skip,avoid_amount_dry,2ffe908d6e63
14923484,2026-10-01 10:29:49,actions-trading,Sim12,014280,skip,avoid_amount_dry,21dbfadcf9df
14923484,2026-10-01 10:29:49,actions-trading,Sim12,006200,skip,pb2_thin_liquidity,9b98e784192c
14923484,2026-10-01 10:29:49,actions-trading,Sim12,00088K,skip,avoid_amount_dry,c32d88f1412a
14923484,2026-10-01 10:29:49,actions-trading,Sim12,457190,skip,avoid_frgn_sell_20d,c75fa556a314
14923484,2026-10-01 10:29:49,actions-trading,Sim12,024890,skip,avoid_frgn_sell_20d,46364d491580
14923484,2026-10-01 10:29:49,actions-trading,Sim12,096770,skip,avoid_amount_dry,f4857e6c015b
14923484,2026-10-01 10:29:49,actions-trading,Sim12,357430,skip,avoid_frgn_sell_20d,c1763fe2fad3
14923484,2026-10-01 10:29:50,actions-trading,Sim13,084010,skip,theme_momentum_weak,619cbc6b6491
14923484,2026-10-01 10:29:50,actions-trading,Sim13,192650,skip,no_frgn_support,6cf2028b6e01
14923484,2026-10-01 10:29:50,actions-trading,Sim13,036570,skip,theme_momentum_weak,9543d3120d3f
14923484,2026-10-01 10:29:50,actions-trading,Sim13,093050,skip,theme_momentum_weak,7cac260c2107
14923484,2026-10-01 10:29:50,actions-trading,Sim13,004105,skip,no_frgn_support,866dd9344620
14923484,2026-10-01 10:29:50,actions-trading,Sim13,009420,skip,theme_momentum_weak,e5a021cd92d4
14923484,2026-10-01 10:29:50,actions-trading,Sim13,0126Z0,skip,theme_momentum_weak,056c98bf24e2
14923484,2026-10-01 10:29:50,actions-trading,Sim13,109070,skip,amount_not_surprised,d0f97bab1758
14923484,2026-10-01 10:29:50,actions-trading,Sim13,003160,skip,no_frgn_support,baff3ba13008
14923484,2026-10-01 10:29:50,actions-trading,Sim13,002240,skip,theme_momentum_weak,a4c2ea8cfe72
14923484,2026-10-01 10:29:50,actions-trading,Sim13,005030,skip,theme_momentum_weak,7c5ea2a80d2d
14923484,2026-10-01 10:29:50,actions-trading,Sim13,004710,skip,amount_not_surprised,d271e7ff3e10
14923484,2026-10-01 10:29:50,actions-trading,Sim13,460860,skip,theme_momentum_weak,05968781a420
14923484,2026-10-01 10:29:50,actions-trading,Sim13,248070,skip,theme_momentum_weak,d15a5f58b778
14923484,2026-10-01 10:29:50,actions-trading,Sim13,055490,skip,theme_momentum_weak,eed6ac67202b
14923484,2026-10-01 10:29:50,actions-trading,Sim13,012200,skip,theme_momentum_weak,3160edf326f9
14923484,2026-10-01 10:29:50,actions-trading,Sim13,000760,skip,theme_momentum_weak,e5d00d21a674
14923484,2026-10-01 10:29:50,actions-trading,Sim13,181710,skip,theme_momentum_weak,e9c69a57f3d9
14923484,2026-10-01 10:29:50,actions-trading,Sim13,005850,skip,theme_momentum_weak,0d6521128dd2
14923484,2026-10-01 10:29:50,actions-trading,Sim13,077500,skip,held_or_cooldown,f13d6cdaf1f8
14923484,2026-10-01 10:29:50,actions-trading,Sim13,093370,skip,no_frgn_support,d5be6c29d38e
14923484,2026-10-01 10:29:50,actions-trading,Sim13,012030,skip,adx_weak,33c56e38b9e5
14923484,2026-10-01 10:29:50,actions-trading,Sim13,480370,skip,adx_weak,b8da6f101be2
14923484,2026-10-01 10:29:50,actions-trading,Sim13,001360,skip,theme_momentum_weak,766edfa6ca9c
14923484,2026-10-01 10:29:50,actions-trading,Sim13,015590,skip,amount_not_surprised,d84f2ea68446
14923484,2026-10-01 10:29:50,actions-trading,Sim13,014680,skip,amount_not_surprised,a21978c4c23b
14923484,2026-10-01 10:29:50,actions-trading,Sim13,003465,skip,theme_momentum_weak,e033d4043cbc
14923484,2026-10-01 10:29:50,actions-trading,Sim13,006280,skip,theme_momentum_weak,8de6c82ba1ae
14923484,2026-10-01 10:29:50,actions-trading,Sim13,0120G0,skip,theme_momentum_weak,0e85a9ab0112
14923484,2026-10-01 10:29:50,actions-trading,Sim13,011930,skip,theme_momentum_weak,93ebf9f54d46
14923485,2026-10-01 10:31:25,actions-trading,Sim3,402340,skip,adx,e33e692b5204
14923485,2026-10-01 10:31:25,actions-trading,Sim3,383800,skip,amount,61a0edec9d45
14923485,2026-10-01 10:31:25,actions-trading,Sim3,462870,skip,amount,04c8ad9593b0
14923485,2026-10-01 10:31:25,actions-trading,Sim3,000660,skip,qty_zero,777538b523eb
14923485,2026-10-01 10:31:25,actions-trading,Sim3,071970,skip,held_or_sold_today,2dc9a2728f50
14923485,2026-10-01 10:31:25,actions-trading,Sim3,042700,skip,not_cheap,3fd8935d2882
14923485,2026-10-01 10:31:25,actions-trading,Sim3,326030,skip,amount,0b0262795bab
14923485,2026-10-01 10:31:25,actions-trading,Sim3,207940,skip,not_cheap,9b71ba8a549c
14923485,2026-10-01 10:31:25,actions-trading,Sim3,033920,skip,amount,34bbf66f847e
14923485,2026-10-01 10:31:25,actions-trading,Sim3,004770,skip,amount,b51a7d3720a8
14923485,2026-10-01 10:31:25,actions-trading,Sim3,0126Z0,skip,not_cheap,926ec4029073
14923485,2026-10-01 10:31:25,actions-trading,Sim3,062040,skip,not_cheap,695807c72fa2
14923485,2026-10-01 10:31:25,actions-trading,Sim3,317450,skip,amount,c69ccdb082c4
14923485,2026-10-01 10:31:25,actions-trading,Sim3,026960,skip,amount,16f79962030b
14923485,2026-10-01 10:31:25,actions-trading,Sim3,021820,skip,amount,b52c3293dec7
14923485,2026-10-01 10:31:25,actions-trading,Sim3,192080,skip,amount,4d8eb14b4480
14923485,2026-10-01 10:31:25,actions-trading,Sim3,068270,skip,held_or_sold_today,1650d131c01d
14923485,2026-10-01 10:31:25,actions-trading,Sim3,123890,skip,amount,a65ce4279d8e
14923485,2026-10-01 10:31:25,actions-trading,Sim3,000240,skip,amount,a76424372f26
14923485,2026-10-01 10:31:25,actions-trading,Sim3,002380,skip,held_or_sold_today,cd71a11cf9ca
14923485,2026-10-01 10:31:25,actions-trading,Sim3,009770,skip,amount,347bb6b9d1c4
14923485,2026-10-01 10:31:25,actions-trading,Sim3,259960,skip,held_or_sold_today,c30b30d99c4b
14923485,2026-10-01 10:31:25,actions-trading,Sim3,035250,skip,amount,1d92203f5d28
14923485,2026-10-01 10:31:25,actions-trading,Sim3,383220,skip,amount,d26a659e010e
14923485,2026-10-01 10:31:25,actions-trading,Sim3,226320,skip,amount,6f9dec78a6c0
14923485,2026-10-01 10:31:25,actions-trading,Sim3,439260,skip,amount,54bded7bda8e
14923485,2026-10-01 10:31:25,actions-trading,Sim3,025560,skip,cooldown,947802d358a7
14923485,2026-10-01 10:31:25,actions-trading,Sim3,007700,skip,amount,d984d75a0a79
14923485,2026-10-01 10:31:25,actions-trading,Sim3,278470,skip,not_cheap,948b07f22ab5
14923485,2026-10-01 10:31:25,actions-trading,Sim3,000990,skip,not_cheap,74f550b8d6b0
14923485,2026-10-01 10:32:01,actions-trading,MFHS2,028670,skip,max_holdings,0fe907c5f894
14923485,2026-10-01 10:32:01,actions-trading,MFHS2,018880,seen,,c1a34d04e648
14923485,2026-10-01 10:32:01,actions-trading,MFHS2,003160,seen,,42ed0641bcbe
14923485,2026-10-01 10:32:01,actions-trading,MFHS2,005935,seen,,a68f11cd3a56
14923485,2026-10-01 10:32:01,actions-trading,MFHS2,002990,seen,,9ea0b34e9722
14923485,2026-10-01 10:32:01,actions-trading,MFHS2,011200,seen,,473fa049ce2f
14923485,2026-10-01 10:32:01,actions-trading,MFHS2,248070,seen,,835d609b92d4
14923485,2026-10-01 10:32:01,actions-trading,MFHS2,034220,seen,,4b945ce40a73
14923485,2026-10-01 10:32:01,actions-trading,MFHS2,192650,seen,,f5d3aa03a63f
14923485,2026-10-01 10:32:01,actions-trading,MFHS2,068270,seen,,417e74a9bc82
14923485,2026-10-01 10:32:01,actions-trading,MFHS2,030000,seen,,ee3be065dad5
14923485,2026-10-01 10:32:01,actions-trading,MFHS2,001250,seen,,fffbaace3eb4
14923485,2026-10-01 10:32:01,actions-trading,MFHS2,009830,seen,,27a1b17cdab6
14923485,2026-10-01 10:32:01,actions-trading,MFHS2,004710,seen,,18e88dd41d8f
14923485,2026-10-01 10:32:01,actions-trading,MFHS2,005880,seen,,b484d6b680fa
14923485,2026-10-01 10:32:01,actions-trading,MFHS2,005690,seen,,3657decb2696
14923485,2026-10-01 10:32:01,actions-trading,MFHS2,093370,seen,,34067ad1604e
14923485,2026-10-01 10:32:01,actions-trading,MFHS2,002700,seen,,31a0cdaa9856
14923485,2026-10-01 10:32:01,actions-trading,MFHS2,008350,seen,,9063308a0ffe
14923485,2026-10-01 10:32:01,actions-trading,MFHS2,003280,seen,,c8ec2ee6998e
14923485,2026-10-01 10:32:01,actions-trading,MFHS2,001820,seen,,036b503265b9
14923485,2026-10-01 10:32:01,actions-trading,MFHS2,001210,seen,,ebe50f554591
14923485,2026-10-01 10:32:01,actions-trading,MFHS2,003780,seen,,d98bfd13beaf
14923485,2026-10-01 10:32:01,actions-trading,MFHS2,001510,seen,,6e38eaacb8b0
14923485,2026-10-01 10:32:01,actions-trading,MFHS2,089860,seen,,3c52c6ed8d92
14923485,2026-10-01 10:32:01,actions-trading,MFHS2,086790,seen,,ab7a8ab05e8a
14923485,2026-10-01 10:32:01,actions-trading,MFHS2,092220,seen,,37989f7bb0d6
14923485,2026-10-01 10:32:01,actions-trading,MFHS2,093050,seen,,27f79769a4a3
14923485,2026-10-01 10:32:01,actions-trading,MFHS2,035000,seen,,ff628052896b
14923485,2026-10-01 10:32:01,actions-trading,MFHS2,004310,seen,,3b9728504218
14923485,2026-10-01 10:32:03,actions-trading,상승모멘텀,084010,skip,max_holdings,d24062f3fb06
14923485,2026-10-01 10:32:03,actions-trading,상승모멘텀,005030,seen,,00159a7589a5
14923485,2026-10-01 10:32:03,actions-trading,상승모멘텀,192650,seen,,f5d3aa03a63f
14923485,2026-10-01 10:32:03,actions-trading,상승모멘텀,036570,seen,,63efab57320d
14923485,2026-10-01 10:32:03,actions-trading,상승모멘텀,109070,seen,,48268a970674
14923485,2026-10-01 10:32:03,actions-trading,상승모멘텀,004105,seen,,8444e323b95f
14923485,2026-10-01 10:32:03,actions-trading,상승모멘텀,093050,seen,,27f79769a4a3
14923485,2026-10-01 10:32:03,actions-trading,상승모멘텀,0126Z0,seen,,3b6304beb8e9
14923485,2026-10-01 10:32:03,actions-trading,상승모멘텀,002240,seen,,7619dc83e506
14923485,2026-10-01 10:32:03,actions-trading,상승모멘텀,003160,seen,,42ed0641bcbe
14923485,2026-10-01 10:32:03,actions-trading,상승모멘텀,248070,seen,,835d609b92d4
14923485,2026-10-01 10:32:03,actions-trading,상승모멘텀,004710,seen,,18e88dd41d8f
14923485,2026-10-01 10:32:03,actions-trading,상승모멘텀,009420,seen,,fb75a8c16e55
14923485,2026-10-01 10:32:03,actions-trading,상승모멘텀,460860,seen,,0a85c1656f88
14923485,2026-10-01 10:32:03,actions-trading,상승모멘텀,055490,seen,,f500bc77708b
14923485,2026-10-01 10:32:03,actions-trading,상승모멘텀,000760,seen,,c060f9b098ce
14923485,2026-10-01 10:32:03,actions-trading,상승모멘텀,181710,seen,,960947f10d79
14923485,2026-10-01 10:32:03,actions-trading,상승모멘텀,012030,seen,,649d1d0a41dd
14923485,2026-10-01 10:32:03,actions-trading,상승모멘텀,480370,seen,,dc735033a1ee
14923485,2026-10-01 10:32:03,actions-trading,상승모멘텀,005850,seen,,7367c0944b7e
14923485,2026-10-01 10:32:03,actions-trading,상승모멘텀,015590,seen,,e6960e21f0b9
14923485,2026-10-01 10:32:03,actions-trading,상승모멘텀,006280,seen,,cc4a8b642f8c
14923485,2026-10-01 10:32:03,actions-trading,상승모멘텀,014680,seen,,3a089a4962ce
14923485,2026-10-01 10:32:03,actions-trading,상승모멘텀,003465,seen,,e033d4043cbc
14923485,2026-10-01 10:32:03,actions-trading,상승모멘텀,012200,seen,,e0ea152ced01
14923485,2026-10-01 10:32:03,actions-trading,상승모멘텀,077500,seen,,de10f510c9cf
14923485,2026-10-01 10:32:03,actions-trading,상승모멘텀,001820,seen,,036b503265b9
14923485,2026-10-01 10:32:03,actions-trading,상승모멘텀,003120,seen,,0d0269787913
14923485,2026-10-01 10:32:03,actions-trading,상승모멘텀,011930,seen,,da3919abbaf8
14923485,2026-10-01 10:32:03,actions-trading,상승모멘텀,0120G0,seen,,8bfaa6657cbb
14923485,2026-10-01 10:32:03,actions-trading,Sim4-1,084010,skip,period,d24062f3fb06
14923485,2026-10-01 10:32:03,actions-trading,Sim4-1,005030,skip,amount,00159a7589a5
14923485,2026-10-01 10:32:03,actions-trading,Sim4-1,192650,skip,period,f5d3aa03a63f
14923485,2026-10-01 10:32:03,actions-trading,Sim4-1,036570,skip,period,63efab57320d
14923485,2026-10-01 10:32:03,actions-trading,Sim4-1,109070,skip,amount,48268a970674
14923485,2026-10-01 10:32:03,actions-trading,Sim4-1,004105,skip,amount,8444e323b95f
14923485,2026-10-01 10:32:03,actions-trading,Sim4-1,093050,skip,amount,27f79769a4a3
14923485,2026-10-01 10:32:03,actions-trading,Sim4-1,0126Z0,skip,adx_high,3b6304beb8e9
14923485,2026-10-01 10:32:03,actions-trading,Sim4-1,002240,skip,amount,7619dc83e506
14923485,2026-10-01 10:32:03,actions-trading,Sim4-1,003160,skip,held_or_cooldown,42ed0641bcbe
14923485,2026-10-01 10:32:03,actions-trading,Sim4-1,248070,skip,period,835d609b92d4
14923485,2026-10-01 10:32:03,actions-trading,Sim4-1,004710,skip,adx_high,18e88dd41d8f
14923485,2026-10-01 10:32:03,actions-trading,Sim4-1,009420,skip,period,fb75a8c16e55
14923485,2026-10-01 10:32:03,actions-trading,Sim4-1,460860,skip,adx_high,0a85c1656f88
14923485,2026-10-01 10:32:03,actions-trading,Sim4-1,055490,skip,amount,f500bc77708b
14923485,2026-10-01 10:32:03,actions-trading,Sim4-1,000760,skip,amount,c060f9b098ce
14923485,2026-10-01 10:32:03,actions-trading,Sim4-1,181710,skip,adx_high,960947f10d79
14923485,2026-10-01 10:32:03,actions-trading,Sim4-1,012030,skip,amount,649d1d0a41dd
14923485,2026-10-01 10:32:03,actions-trading,Sim4-1,480370,skip,amount,dc735033a1ee
14923485,2026-10-01 10:32:03,actions-trading,Sim4-1,005850,skip,amount,7367c0944b7e
14923485,2026-10-01 10:32:03,actions-trading,Sim4-1,015590,skip,amount,e6960e21f0b9
14923485,2026-10-01 10:32:03,actions-trading,Sim4-1,006280,skip,amount,cc4a8b642f8c
14923485,2026-10-01 10:32:03,actions-trading,Sim4-1,014680,skip,adx_high,3a089a4962ce
14923485,2026-10-01 10:32:03,actions-trading,Sim4-1,003465,skip,amount,e033d4043cbc
14923485,2026-10-01 10:32:03,actions-trading,Sim4-1,012200,skip,amount,e0ea152ced01
14923485,2026-10-01 10:32:03,actions-trading,Sim4-1,077500,skip,amount,de10f510c9cf
14923485,2026-10-01 10:32:03,actions-trading,Sim4-1,001820,skip,adx_low,036b503265b9
14923485,2026-10-01 10:32:03,actions-trading,Sim4-1,003120,skip,amount,0d0269787913
14923485,2026-10-01 10:32:03,actions-trading,Sim4-1,011930,skip,amount,da3919abbaf8
14923485,2026-10-01 10:32:03,actions-trading,Sim4-1,0120G0,skip,amount,8bfaa6657cbb
14923485,2026-10-01 10:32:05,actions-trading,선행매집,028670,skip,no_setup,0fe907c5f894
14923485,2026-10-01 10:32:05,actions-trading,선행매집,018880,skip,below_anchor,c1a34d04e648
14923485,2026-10-01 10:32:05,actions-trading,선행매집,192650,skip,no_setup,f5d3aa03a63f
14923485,2026-10-01 10:32:05,actions-trading,선행매집,009830,skip,below_anchor,27a1b17cdab6
14923485,2026-10-01 10:32:05,actions-trading,선행매집,011200,skip,below_anchor,473fa049ce2f
14923485,2026-10-01 10:32:05,actions-trading,선행매집,003160,skip,no_setup,42ed0641bcbe
14923485,2026-10-01 10:32:05,actions-trading,선행매집,005935,skip,below_anchor,a68f11cd3a56
14923485,2026-10-01 10:32:05,actions-trading,선행매집,002990,skip,below_anchor,9ea0b34e9722
14923485,2026-10-01 10:32:05,actions-trading,선행매집,068270,skip,below_anchor,417e74a9bc82
14923485,2026-10-01 10:32:05,actions-trading,선행매집,034220,skip,below_anchor,4b945ce40a73
14923485,2026-10-01 10:32:05,actions-trading,선행매집,248070,skip,below_anchor,835d609b92d4
14923485,2026-10-01 10:32:05,actions-trading,선행매집,030000,skip,below_anchor,ee3be065dad5
14923485,2026-10-01 10:32:05,actions-trading,선행매집,001250,skip,below_anchor,fffbaace3eb4
14923485,2026-10-01 10:32:05,actions-trading,선행매집,005880,skip,amount,b484d6b680fa
14923485,2026-10-01 10:32:05,actions-trading,선행매집,005690,skip,below_anchor,3657decb2696
14923485,2026-10-01 10:32:05,actions-trading,선행매집,002700,skip,amount,31a0cdaa9856
14923485,2026-10-01 10:32:05,actions-trading,선행매집,001210,skip,below_anchor,ebe50f554591
14923485,2026-10-01 10:32:05,actions-trading,선행매집,008350,skip,amount,9063308a0ffe
14923485,2026-10-01 10:32:05,actions-trading,선행매집,001820,skip,below_anchor,036b503265b9
14923485,2026-10-01 10:32:05,actions-trading,선행매집,003280,skip,below_anchor,c8ec2ee6998e
14923485,2026-10-01 10:32:05,actions-trading,선행매집,004710,skip,below_anchor,18e88dd41d8f
14923485,2026-10-01 10:32:05,actions-trading,선행매집,003780,skip,amount,d98bfd13beaf
14923485,2026-10-01 10:32:05,actions-trading,선행매집,092220,skip,amount,37989f7bb0d6
14923485,2026-10-01 10:32:05,actions-trading,선행매집,089860,skip,held_awaiting_breakout,3c52c6ed8d92
14923485,2026-10-01 10:32:05,actions-trading,선행매집,093050,skip,no_setup,27f79769a4a3
14923485,2026-10-01 10:32:05,actions-trading,선행매집,001510,skip,amount,6e38eaacb8b0
14923485,2026-10-01 10:32:05,actions-trading,선행매집,051910,skip,below_anchor,4d7321b4768e
14923485,2026-10-01 10:32:05,actions-trading,선행매집,004770,skip,amount,b51a7d3720a8
14923485,2026-10-01 10:32:05,actions-trading,선행매집,093370,skip,below_anchor,34067ad1604e
14923485,2026-10-01 10:32:05,actions-trading,선행매집,035000,skip,amount,ff628052896b
14923485,2026-10-01 10:32:05,actions-trading,Sim9,_gate,skip,outside_entry_window,e3b0c44298fc
14923485,2026-10-01 10:32:05,actions-trading,Sim9,084010,seen,,d24062f3fb06
14923485,2026-10-01 10:32:05,actions-trading,Sim9,005030,seen,,00159a7589a5
14923485,2026-10-01 10:32:05,actions-trading,Sim9,192650,seen,,f5d3aa03a63f
14923485,2026-10-01 10:32:05,actions-trading,Sim9,036570,seen,,63efab57320d
14923485,2026-10-01 10:32:05,actions-trading,Sim9,109070,seen,,48268a970674
14923485,2026-10-01 10:32:05,actions-trading,Sim9,004105,seen,,8444e323b95f
14923485,2026-10-01 10:32:05,actions-trading,Sim9,093050,seen,,27f79769a4a3
14923485,2026-10-01 10:32:05,actions-trading,Sim9,0126Z0,seen,,3b6304beb8e9
14923485,2026-10-01 10:32:05,actions-trading,Sim9,002240,seen,,7619dc83e506
14923485,2026-10-01 10:32:05,actions-trading,Sim9,003160,seen,,42ed0641bcbe
14923485,2026-10-01 10:32:05,actions-trading,Sim9,248070,seen,,835d609b92d4
14923485,2026-10-01 10:32:05,actions-trading,Sim9,004710,seen,,18e88dd41d8f
14923485,2026-10-01 10:32:05,actions-trading,Sim9,009420,seen,,fb75a8c16e55
14923485,2026-10-01 10:32:05,actions-trading,Sim9,460860,seen,,0a85c1656f88
14923485,2026-10-01 10:32:05,actions-trading,Sim9,055490,seen,,f500bc77708b
14923485,2026-10-01 10:32:05,actions-trading,Sim9,000760,seen,,c060f9b098ce
14923485,2026-10-01 10:32:05,actions-trading,Sim9,181710,seen,,960947f10d79
14923485,2026-10-01 10:32:05,actions-trading,Sim9,012030,seen,,649d1d0a41dd
14923485,2026-10-01 10:32:05,actions-trading,Sim9,480370,seen,,dc735033a1ee
14923485,2026-10-01 10:32:05,actions-trading,Sim9,005850,seen,,7367c0944b7e
14923485,2026-10-01 10:32:05,actions-trading,Sim9,015590,seen,,e6960e21f0b9
14923485,2026-10-01 10:32:05,actions-trading,Sim9,006280,seen,,cc4a8b642f8c
14923485,2026-10-01 10:32:05,actions-trading,Sim9,014680,seen,,3a089a4962ce
14923485,2026-10-01 10:32:05,actions-trading,Sim9,003465,seen,,e033d4043cbc
14923485,2026-10-01 10:32:05,actions-trading,Sim9,012200,seen,,e0ea152ced01
14923485,2026-10-01 10:32:05,actions-trading,Sim9,077500,seen,,de10f510c9cf
14923485,2026-10-01 10:32:05,actions-trading,Sim9,001820,seen,,036b503265b9
14923485,2026-10-01 10:32:05,actions-trading,Sim9,003120,seen,,0d0269787913
14923485,2026-10-01 10:32:05,actions-trading,Sim9,011930,seen,,da3919abbaf8
14923485,2026-10-01 10:32:05,actions-trading,Sim9,0120G0,seen,,8bfaa6657cbb
14923485,2026-10-01 10:32:05,actions-trading,미너비니,192820,skip,below_pivot,61459987d4d5
14923485,2026-10-01 10:32:05,actions-trading,미너비니,443060,skip,below_pivot,68d6462956dc
14923485,2026-10-01 10:32:05,actions-trading,미너비니,020120,skip,below_pivot,7d347c9fb5cb
14923485,2026-10-01 10:32:05,actions-trading,Sim12,084010,skip,avoid_frgn_sell_20d,d24062f3fb06
14923485,2026-10-01 10:32:05,actions-trading,Sim12,005030,skip,avoid_amount_dry,00159a7589a5
14923485,2026-10-01 10:32:05,actions-trading,Sim12,192650,skip,pb2_not_crashed,f5d3aa03a63f
14923485,2026-10-01 10:32:05,actions-trading,Sim12,036570,skip,pb2_not_crashed,63efab57320d
14923485,2026-10-01 10:32:05,actions-trading,Sim12,109070,skip,pb2_not_crashed,48268a970674
14923485,2026-10-01 10:32:05,actions-trading,Sim12,004105,skip,pb2_not_crashed,8444e323b95f
14923485,2026-10-01 10:32:05,actions-trading,Sim12,093050,skip,avoid_frgn_sell_20d,27f79769a4a3
14923485,2026-10-01 10:32:05,actions-trading,Sim12,0126Z0,skip,avoid_frgn_sell_20d,3b6304beb8e9
14923485,2026-10-01 10:32:05,actions-trading,Sim12,002240,skip,avoid_frgn_sell_20d,7619dc83e506
14923485,2026-10-01 10:32:05,actions-trading,Sim12,003160,skip,pb2_not_crashed,42ed0641bcbe
14923485,2026-10-01 10:32:05,actions-trading,Sim12,248070,skip,avoid_frgn_sell_20d,835d609b92d4
14923485,2026-10-01 10:32:05,actions-trading,Sim12,004710,skip,avoid_frgn_sell_20d,18e88dd41d8f
14923485,2026-10-01 10:32:05,actions-trading,Sim12,009420,skip,avoid_amount_dry,fb75a8c16e55
14923485,2026-10-01 10:32:05,actions-trading,Sim12,460860,skip,avoid_frgn_sell_20d,0a85c1656f88
14923485,2026-10-01 10:32:05,actions-trading,Sim12,055490,skip,avoid_frgn_sell_20d,f500bc77708b
14923485,2026-10-01 10:32:05,actions-trading,Sim12,000760,skip,avoid_amount_dry,c060f9b098ce
14923485,2026-10-01 10:32:05,actions-trading,Sim12,181710,skip,avoid_amount_dry,960947f10d79
14923485,2026-10-01 10:32:05,actions-trading,Sim12,012030,skip,avoid_frgn_sell_20d,649d1d0a41dd
14923485,2026-10-01 10:32:05,actions-trading,Sim12,480370,skip,avoid_amount_dry,dc735033a1ee
14923485,2026-10-01 10:32:05,actions-trading,Sim12,005850,skip,pb2_not_crashed,7367c0944b7e
14923485,2026-10-01 10:32:05,actions-trading,Sim12,015590,skip,avoid_amount_dry,e6960e21f0b9
14923485,2026-10-01 10:32:05,actions-trading,Sim12,006280,skip,avoid_amount_dry,cc4a8b642f8c
14923485,2026-10-01 10:32:05,actions-trading,Sim12,014680,skip,avoid_amount_dry,3a089a4962ce
14923485,2026-10-01 10:32:05,actions-trading,Sim12,003465,skip,avoid_amount_dry,e033d4043cbc
14923485,2026-10-01 10:32:05,actions-trading,Sim12,012200,skip,avoid_amount_dry,e0ea152ced01
14923485,2026-10-01 10:32:05,actions-trading,Sim12,077500,skip,avoid_amount_dry,de10f510c9cf
14923485,2026-10-01 10:32:05,actions-trading,Sim12,001820,skip,avoid_amount_dry,036b503265b9
14923485,2026-10-01 10:32:05,actions-trading,Sim12,003120,skip,pb2_not_crashed,0d0269787913
14923485,2026-10-01 10:32:05,actions-trading,Sim12,011930,skip,pb2_not_crashed,da3919abbaf8
14923485,2026-10-01 10:32:05,actions-trading,Sim12,0120G0,skip,avoid_amount_dry,8bfaa6657cbb
14923485,2026-10-01 10:32:05,actions-trading,Sim12,051630,skip,avoid_amount_dry,eeddbc68d909
14923485,2026-10-01 10:32:05,actions-trading,Sim12,009190,skip,avoid_amount_dry,dee5775a09db
14923485,2026-10-01 10:32:05,actions-trading,Sim12,002820,skip,pb2_thin_liquidity,096505719c4a
14923485,2026-10-01 10:32:05,actions-trading,Sim12,071090,skip,pb2_not_crashed,9c8d7bfb0671
14923485,2026-10-01 10:32:05,actions-trading,Sim12,002787,skip,avoid_amount_dry,d7825eb4fac2
14923485,2026-10-01 10:32:05,actions-trading,Sim12,010640,skip,avoid_amount_dry,314a58517be5
14923485,2026-10-01 10:32:05,actions-trading,Sim12,452260,skip,avoid_amount_dry,a4fd6750d526
14923485,2026-10-01 10:32:05,actions-trading,Sim12,007110,skip,avoid_amount_dry,9ba8d8cb4e2b
14923485,2026-10-01 10:32:05,actions-trading,Sim12,002690,skip,avoid_frgn_sell_20d,8c3e53a182a1
14923485,2026-10-01 10:32:05,actions-trading,Sim12,487570,skip,pb2_not_crashed,40cab878e40e
14923485,2026-10-01 10:32:05,actions-trading,Sim12,003780,skip,avoid_frgn_sell_20d,d98bfd13beaf
14923485,2026-10-01 10:32:05,actions-trading,Sim12,003580,skip,avoid_amount_dry,fe4b7678eaaa
14923485,2026-10-01 10:32:05,actions-trading,Sim12,005010,skip,pb2_not_crashed,eb0fb9f60cb3
14923485,2026-10-01 10:32:05,actions-trading,Sim12,003030,skip,pb2_not_crashed,a2233e3298cc
14923485,2026-10-01 10:32:05,actions-trading,Sim12,092790,skip,pb2_not_crashed,387eb01aaa72
14923485,2026-10-01 10:32:05,actions-trading,Sim12,316140,skip,avoid_amount_dry,6440b245c8cd
14923485,2026-10-01 10:32:05,actions-trading,Sim12,010950,skip,avoid_amount_dry,c2dd3cd27b91
14923485,2026-10-01 10:32:05,actions-trading,Sim12,006260,skip,avoid_amount_dry,52abadd14302
14923485,2026-10-01 10:32:05,actions-trading,Sim12,456040,skip,avoid_amount_dry,870606abe250
14923485,2026-10-01 10:32:05,actions-trading,Sim12,003075,skip,pb2_not_crashed,f1cec1d091a4
14923485,2026-10-01 10:32:05,actions-trading,Sim12,001770,skip,avoid_amount_dry,5c570d8b65d4
14923485,2026-10-01 10:32:05,actions-trading,Sim12,014280,skip,avoid_amount_dry,822b00c6b6a3
14923485,2026-10-01 10:32:05,actions-trading,Sim12,002995,skip,avoid_amount_dry,3b0152ab65d2
14923485,2026-10-01 10:32:05,actions-trading,Sim12,006200,skip,pb2_thin_liquidity,6ca1ce207059
14923485,2026-10-01 10:32:05,actions-trading,Sim12,002785,skip,avoid_amount_dry,87c9c8f05927
14923485,2026-10-01 10:32:05,actions-trading,Sim12,00088K,skip,avoid_amount_dry,a5aee0fb3f27
14923485,2026-10-01 10:32:05,actions-trading,Sim12,457190,skip,avoid_frgn_sell_20d,3ba9fdf7e702
14923485,2026-10-01 10:32:05,actions-trading,Sim12,078930,skip,avoid_amount_dry,dcef85457045
14923485,2026-10-01 10:32:05,actions-trading,Sim12,361610,skip,avoid_amount_dry,3f69923e5d28
14923485,2026-10-01 10:32:05,actions-trading,Sim12,024890,skip,avoid_frgn_sell_20d,03e10ccfbf45
14923485,2026-10-01 10:32:06,actions-trading,Sim13,084010,skip,theme_momentum_weak,d24062f3fb06
14923485,2026-10-01 10:32:06,actions-trading,Sim13,005030,skip,theme_momentum_weak,00159a7589a5
14923485,2026-10-01 10:32:06,actions-trading,Sim13,192650,skip,no_frgn_support,f5d3aa03a63f
14923485,2026-10-01 10:32:06,actions-trading,Sim13,036570,skip,theme_momentum_weak,63efab57320d
14923485,2026-10-01 10:32:06,actions-trading,Sim13,109070,skip,amount_not_surprised,48268a970674
14923485,2026-10-01 10:32:06,actions-trading,Sim13,004105,skip,no_frgn_support,8444e323b95f
14923485,2026-10-01 10:32:06,actions-trading,Sim13,093050,skip,theme_momentum_weak,27f79769a4a3
14923485,2026-10-01 10:32:06,actions-trading,Sim13,0126Z0,skip,theme_momentum_weak,3b6304beb8e9
14923485,2026-10-01 10:32:06,actions-trading,Sim13,002240,skip,theme_momentum_weak,7619dc83e506
14923485,2026-10-01 10:32:06,actions-trading,Sim13,003160,skip,no_frgn_support,42ed0641bcbe
14923485,2026-10-01 10:32:06,actions-trading,Sim13,248070,skip,theme_momentum_weak,835d609b92d4
14923485,2026-10-01 10:32:06,actions-trading,Sim13,004710,skip,amount_not_surprised,18e88dd41d8f
14923485,2026-10-01 10:32:06,actions-trading,Sim13,009420,skip,theme_momentum_weak,fb75a8c16e55
14923485,2026-10-01 10:32:06,actions-trading,Sim13,460860,skip,theme_momentum_weak,0a85c1656f88
14923485,2026-10-01 10:32:06,actions-trading,Sim13,055490,skip,theme_momentum_weak,f500bc77708b
14923485,2026-10-01 10:32:06,actions-trading,Sim13,000760,skip,theme_momentum_weak,c060f9b098ce
14923485,2026-10-01 10:32:06,actions-trading,Sim13,181710,skip,theme_momentum_weak,960947f10d79
14923485,2026-10-01 10:32:06,actions-trading,Sim13,012030,skip,adx_weak,649d1d0a41dd
14923485,2026-10-01 10:32:06,actions-trading,Sim13,480370,skip,adx_weak,dc735033a1ee
14923485,2026-10-01 10:32:06,actions-trading,Sim13,005850,skip,theme_momentum_weak,7367c0944b7e
14923485,2026-10-01 10:32:06,actions-trading,Sim13,015590,skip,amount_not_surprised,e6960e21f0b9
14923485,2026-10-01 10:32:06,actions-trading,Sim13,006280,skip,theme_momentum_weak,cc4a8b642f8c
14923485,2026-10-01 10:32:06,actions-trading,Sim13,014680,skip,amount_not_surprised,3a089a4962ce
14923485,2026-10-01 10:32:06,actions-trading,Sim13,003465,skip,theme_momentum_weak,e033d4043cbc
14923485,2026-10-01 10:32:06,actions-trading,Sim13,012200,skip,theme_momentum_weak,e0ea152ced01
14923485,2026-10-01 10:32:06,actions-trading,Sim13,077500,skip,held_or_cooldown,de10f510c9cf
14923485,2026-10-01 10:32:06,actions-trading,Sim13,001820,skip,adx_weak,036b503265b9
14923485,2026-10-01 10:32:06,actions-trading,Sim13,003120,skip,theme_momentum_weak,0d0269787913
14923485,2026-10-01 10:32:06,actions-trading,Sim13,011930,skip,theme_momentum_weak,da3919abbaf8
14923485,2026-10-01 10:32:06,actions-trading,Sim13,0120G0,skip,theme_momentum_weak,8bfaa6657cbb
14923486,2026-10-01 10:33:32,actions-trading,Sim3,402340,skip,adx,b80af315e9ff
14923486,2026-10-01 10:33:32,actions-trading,Sim3,383800,skip,amount,334780598a67
14923486,2026-10-01 10:33:32,actions-trading,Sim3,462870,skip,amount,199ce1f3ab10
14923486,2026-10-01 10:33:32,actions-trading,Sim3,000660,skip,qty_zero,74a83ad2356c
14923486,2026-10-01 10:33:32,actions-trading,Sim3,071970,skip,held_or_sold_today,95ffdf02618b
14923486,2026-10-01 10:33:32,actions-trading,Sim3,042700,skip,not_cheap,54836a1983de
14923486,2026-10-01 10:33:32,actions-trading,Sim3,326030,skip,amount,7aa90b6b93b2
14923486,2026-10-01 10:33:32,actions-trading,Sim3,207940,skip,not_cheap,9438181b263c
14923486,2026-10-01 10:33:32,actions-trading,Sim3,033920,skip,amount,fdaec78c0eee
14923486,2026-10-01 10:33:32,actions-trading,Sim3,004770,skip,amount,027d26b1ec55
14923486,2026-10-01 10:33:32,actions-trading,Sim3,0126Z0,skip,not_cheap,c25812087b52
14923486,2026-10-01 10:33:32,actions-trading,Sim3,062040,skip,not_cheap,83acb8ffb500
14923486,2026-10-01 10:33:32,actions-trading,Sim3,317450,skip,amount,0f692a175e95
14923486,2026-10-01 10:33:32,actions-trading,Sim3,026960,skip,amount,b77051f5a079
14923486,2026-10-01 10:33:32,actions-trading,Sim3,021820,skip,amount,b52c3293dec7
14923486,2026-10-01 10:33:32,actions-trading,Sim3,192080,skip,amount,048c95dfcbd0
14923486,2026-10-01 10:33:32,actions-trading,Sim3,068270,skip,held_or_sold_today,1bc3eb676ad9
14923486,2026-10-01 10:33:32,actions-trading,Sim3,123890,skip,amount,d01b924ad2e6
14923486,2026-10-01 10:33:32,actions-trading,Sim3,000240,skip,amount,b5c8f96d1d02
14923486,2026-10-01 10:33:32,actions-trading,Sim3,002380,skip,held_or_sold_today,56e5574c70ed
14923486,2026-10-01 10:33:32,actions-trading,Sim3,009770,skip,amount,347bb6b9d1c4
14923486,2026-10-01 10:33:32,actions-trading,Sim3,259960,skip,held_or_sold_today,f93db218d5c8
14923486,2026-10-01 10:33:32,actions-trading,Sim3,035250,skip,amount,4c63b813a2a1
14923486,2026-10-01 10:33:32,actions-trading,Sim3,383220,skip,amount,24a23f65f315
14923486,2026-10-01 10:33:32,actions-trading,Sim3,226320,skip,amount,8824ae2c1bc6
14923486,2026-10-01 10:33:32,actions-trading,Sim3,439260,skip,amount,0f1995979e1a
14923486,2026-10-01 10:33:32,actions-trading,Sim3,025560,skip,cooldown,fab362efae92
14923486,2026-10-01 10:33:32,actions-trading,Sim3,007700,skip,amount,d984d75a0a79
14923486,2026-10-01 10:33:32,actions-trading,Sim3,278470,skip,not_cheap,e20fd5956210
14923486,2026-10-01 10:33:32,actions-trading,Sim3,000990,skip,not_cheap,624ee51f27d3
14923486,2026-10-01 10:34:07,actions-trading,MFHS2,028670,skip,max_holdings,d1e8d51db579
14923486,2026-10-01 10:34:07,actions-trading,MFHS2,018880,seen,,9250e30f23a4
14923486,2026-10-01 10:34:07,actions-trading,MFHS2,003160,seen,,91dda05a97ac
14923486,2026-10-01 10:34:07,actions-trading,MFHS2,005935,seen,,eac04f4db7ff
14923486,2026-10-01 10:34:07,actions-trading,MFHS2,002990,seen,,50cbaf20c01b
14923486,2026-10-01 10:34:07,actions-trading,MFHS2,011200,seen,,1a715c1b8ded
14923486,2026-10-01 10:34:07,actions-trading,MFHS2,248070,seen,,e377140072c1
14923486,2026-10-01 10:34:07,actions-trading,MFHS2,034220,seen,,b24c5e9d26ab
14923486,2026-10-01 10:34:07,actions-trading,MFHS2,192650,seen,,3c934b0e6b1e
14923486,2026-10-01 10:34:07,actions-trading,MFHS2,068270,seen,,2f1556f3e706
14923486,2026-10-01 10:34:07,actions-trading,MFHS2,030000,seen,,18f0620a3d8c
14923486,2026-10-01 10:34:07,actions-trading,MFHS2,001250,seen,,c98a4b838afa
14923486,2026-10-01 10:34:07,actions-trading,MFHS2,009830,seen,,7f598b70be82
14923486,2026-10-01 10:34:07,actions-trading,MFHS2,004710,seen,,dc0491c51d30
14923486,2026-10-01 10:34:07,actions-trading,MFHS2,005880,seen,,713489f52c3e
14923486,2026-10-01 10:34:07,actions-trading,MFHS2,005690,seen,,e9b797cdf27e
14923486,2026-10-01 10:34:07,actions-trading,MFHS2,093370,seen,,ba8bebfaab74
14923486,2026-10-01 10:34:07,actions-trading,MFHS2,002700,seen,,898ff4054de1
14923486,2026-10-01 10:34:07,actions-trading,MFHS2,008350,seen,,7219be1efe49
14923486,2026-10-01 10:34:07,actions-trading,MFHS2,003280,seen,,ddd755039dba
14923486,2026-10-01 10:34:07,actions-trading,MFHS2,001820,seen,,3b7fa41329b9
14923486,2026-10-01 10:34:07,actions-trading,MFHS2,001210,seen,,102de9fc8ed8
14923486,2026-10-01 10:34:07,actions-trading,MFHS2,003780,seen,,b4006f251dca
14923486,2026-10-01 10:34:07,actions-trading,MFHS2,001510,seen,,8aa909a10ad3
14923486,2026-10-01 10:34:07,actions-trading,MFHS2,089860,seen,,f39d6ceba3b0
14923486,2026-10-01 10:34:07,actions-trading,MFHS2,086790,seen,,242de7cde0ed
14923486,2026-10-01 10:34:07,actions-trading,MFHS2,092220,seen,,56adadc31432
14923486,2026-10-01 10:34:07,actions-trading,MFHS2,093050,seen,,a8c0cb986247
14923486,2026-10-01 10:34:07,actions-trading,MFHS2,035000,seen,,ff628052896b
14923486,2026-10-01 10:34:07,actions-trading,MFHS2,004310,seen,,c2345638daaa
14923486,2026-10-01 10:34:09,actions-trading,상승모멘텀,084010,skip,max_holdings,a64311e3b75e
14923486,2026-10-01 10:34:09,actions-trading,상승모멘텀,005030,seen,,00159a7589a5
14923486,2026-10-01 10:34:09,actions-trading,상승모멘텀,192650,seen,,3c934b0e6b1e
14923486,2026-10-01 10:34:09,actions-trading,상승모멘텀,036570,seen,,00d5b41c35e6
14923486,2026-10-01 10:34:09,actions-trading,상승모멘텀,109070,seen,,04a5c85658be
14923486,2026-10-01 10:34:09,actions-trading,상승모멘텀,004105,seen,,8d3f62adfe69
14923486,2026-10-01 10:34:09,actions-trading,상승모멘텀,093050,seen,,a8c0cb986247
14923486,2026-10-01 10:34:09,actions-trading,상승모멘텀,0126Z0,seen,,9850d7a85d90
14923486,2026-10-01 10:34:09,actions-trading,상승모멘텀,002240,seen,,1b7e68d09d55
14923486,2026-10-01 10:34:09,actions-trading,상승모멘텀,003160,seen,,91dda05a97ac
14923486,2026-10-01 10:34:09,actions-trading,상승모멘텀,460860,seen,,6d8f6b23dd11
14923486,2026-10-01 10:34:09,actions-trading,상승모멘텀,248070,seen,,e377140072c1
14923486,2026-10-01 10:34:09,actions-trading,상승모멘텀,009420,seen,,fe71733af629
14923486,2026-10-01 10:34:09,actions-trading,상승모멘텀,004710,seen,,dc0491c51d30
14923486,2026-10-01 10:34:09,actions-trading,상승모멘텀,055490,seen,,f500bc77708b
14923486,2026-10-01 10:34:09,actions-trading,상승모멘텀,012200,seen,,b56118345020
14923486,2026-10-01 10:34:09,actions-trading,상승모멘텀,000760,seen,,788d352f1e28
14923486,2026-10-01 10:34:09,actions-trading,상승모멘텀,012030,seen,,bc73daa828b6
14923486,2026-10-01 10:34:09,actions-trading,상승모멘텀,005850,seen,,d8a53d6493d8
14923486,2026-10-01 10:34:09,actions-trading,상승모멘텀,001820,seen,,3b7fa41329b9
14923486,2026-10-01 10:34:09,actions-trading,상승모멘텀,181710,seen,,b16802141e79
14923486,2026-10-01 10:34:09,actions-trading,상승모멘텀,480370,seen,,2257ad7463d3
14923486,2026-10-01 10:34:09,actions-trading,상승모멘텀,015590,seen,,fd5b937a3418
14923486,2026-10-01 10:34:09,actions-trading,상승모멘텀,006280,seen,,5a5f0ab830dd
14923486,2026-10-01 10:34:09,actions-trading,상승모멘텀,014680,seen,,ec3a3d8a9d74
14923486,2026-10-01 10:34:09,actions-trading,상승모멘텀,003465,seen,,e033d4043cbc
14923486,2026-10-01 10:34:09,actions-trading,상승모멘텀,077500,seen,,a68813cf4ba7
14923486,2026-10-01 10:34:09,actions-trading,상승모멘텀,003120,seen,,90719150aca8
14923486,2026-10-01 10:34:09,actions-trading,상승모멘텀,000640,seen,,93667c86613d
14923486,2026-10-01 10:34:09,actions-trading,상승모멘텀,078520,seen,,130202786a1e
14923486,2026-10-01 10:34:09,actions-trading,Sim4-1,084010,skip,period,a64311e3b75e
14923486,2026-10-01 10:34:09,actions-trading,Sim4-1,005030,skip,amount,00159a7589a5
14923486,2026-10-01 10:34:09,actions-trading,Sim4-1,192650,skip,period,3c934b0e6b1e
14923486,2026-10-01 10:34:09,actions-trading,Sim4-1,036570,skip,period,00d5b41c35e6
14923486,2026-10-01 10:34:09,actions-trading,Sim4-1,109070,skip,amount,04a5c85658be
14923486,2026-10-01 10:34:09,actions-trading,Sim4-1,004105,skip,amount,8d3f62adfe69
14923486,2026-10-01 10:34:09,actions-trading,Sim4-1,093050,skip,amount,a8c0cb986247
14923486,2026-10-01 10:34:09,actions-trading,Sim4-1,0126Z0,skip,adx_high,9850d7a85d90
14923486,2026-10-01 10:34:09,actions-trading,Sim4-1,002240,skip,amount,1b7e68d09d55
14923486,2026-10-01 10:34:09,actions-trading,Sim4-1,003160,skip,held_or_cooldown,91dda05a97ac
14923486,2026-10-01 10:34:09,actions-trading,Sim4-1,460860,skip,adx_high,6d8f6b23dd11
14923486,2026-10-01 10:34:09,actions-trading,Sim4-1,248070,skip,period,e377140072c1
14923486,2026-10-01 10:34:09,actions-trading,Sim4-1,009420,skip,period,fe71733af629
14923486,2026-10-01 10:34:09,actions-trading,Sim4-1,004710,skip,adx_high,dc0491c51d30
14923486,2026-10-01 10:34:09,actions-trading,Sim4-1,055490,skip,amount,f500bc77708b
14923486,2026-10-01 10:34:09,actions-trading,Sim4-1,012200,skip,amount,b56118345020
14923486,2026-10-01 10:34:09,actions-trading,Sim4-1,000760,skip,amount,788d352f1e28
14923486,2026-10-01 10:34:09,actions-trading,Sim4-1,012030,skip,amount,bc73daa828b6
14923486,2026-10-01 10:34:09,actions-trading,Sim4-1,005850,skip,amount,d8a53d6493d8
14923486,2026-10-01 10:34:09,actions-trading,Sim4-1,001820,skip,adx_low,3b7fa41329b9
14923486,2026-10-01 10:34:09,actions-trading,Sim4-1,181710,skip,adx_high,b16802141e79
14923486,2026-10-01 10:34:09,actions-trading,Sim4-1,480370,skip,amount,2257ad7463d3
14923486,2026-10-01 10:34:09,actions-trading,Sim4-1,015590,skip,amount,fd5b937a3418
14923486,2026-10-01 10:34:09,actions-trading,Sim4-1,006280,skip,amount,5a5f0ab830dd
14923486,2026-10-01 10:34:09,actions-trading,Sim4-1,014680,skip,adx_high,ec3a3d8a9d74
14923486,2026-10-01 10:34:09,actions-trading,Sim4-1,003465,skip,amount,e033d4043cbc
14923486,2026-10-01 10:34:09,actions-trading,Sim4-1,077500,skip,amount,a68813cf4ba7
14923486,2026-10-01 10:34:09,actions-trading,Sim4-1,003120,skip,amount,90719150aca8
14923486,2026-10-01 10:34:09,actions-trading,Sim4-1,000640,skip,amount,93667c86613d
14923486,2026-10-01 10:34:09,actions-trading,Sim4-1,078520,skip,amount,130202786a1e
14923486,2026-10-01 10:34:10,actions-trading,선행매집,028670,skip,no_setup,d1e8d51db579
14923486,2026-10-01 10:34:10,actions-trading,선행매집,018880,skip,below_anchor,9250e30f23a4
14923486,2026-10-01 10:34:10,actions-trading,선행매집,192650,skip,no_setup,3c934b0e6b1e
14923486,2026-10-01 10:34:10,actions-trading,선행매집,009830,skip,below_anchor,7f598b70be82
14923486,2026-10-01 10:34:10,actions-trading,선행매집,011200,skip,below_anchor,1a715c1b8ded
14923486,2026-10-01 10:34:10,actions-trading,선행매집,003160,skip,no_setup,91dda05a97ac
14923486,2026-10-01 10:34:10,actions-trading,선행매집,005935,skip,below_anchor,eac04f4db7ff
14923486,2026-10-01 10:34:10,actions-trading,선행매집,002990,skip,below_anchor,50cbaf20c01b
14923486,2026-10-01 10:34:10,actions-trading,선행매집,068270,skip,below_anchor,2f1556f3e706
14923486,2026-10-01 10:34:10,actions-trading,선행매집,034220,skip,below_anchor,b24c5e9d26ab
14923486,2026-10-01 10:34:10,actions-trading,선행매집,248070,skip,below_anchor,e377140072c1
14923486,2026-10-01 10:34:10,actions-trading,선행매집,030000,skip,below_anchor,18f0620a3d8c
14923486,2026-10-01 10:34:10,actions-trading,선행매집,001250,skip,below_anchor,c98a4b838afa
14923486,2026-10-01 10:34:10,actions-trading,선행매집,005880,skip,amount,713489f52c3e
14923486,2026-10-01 10:34:10,actions-trading,선행매집,005690,skip,below_anchor,e9b797cdf27e
14923486,2026-10-01 10:34:10,actions-trading,선행매집,002700,skip,amount,898ff4054de1
14923486,2026-10-01 10:34:10,actions-trading,선행매집,001210,skip,no_52w_anchor,102de9fc8ed8
14923486,2026-10-01 10:34:10,actions-trading,선행매집,008350,skip,amount,7219be1efe49
14923486,2026-10-01 10:34:10,actions-trading,선행매집,001820,skip,below_anchor,3b7fa41329b9
14923486,2026-10-01 10:34:10,actions-trading,선행매집,003280,skip,below_anchor,ddd755039dba
14923486,2026-10-01 10:34:10,actions-trading,선행매집,004710,skip,below_anchor,dc0491c51d30
14923486,2026-10-01 10:34:10,actions-trading,선행매집,003780,skip,amount,b4006f251dca
14923486,2026-10-01 10:34:10,actions-trading,선행매집,092220,skip,amount,56adadc31432
14923486,2026-10-01 10:34:10,actions-trading,선행매집,089860,skip,held_awaiting_breakout,f39d6ceba3b0
14923486,2026-10-01 10:34:10,actions-trading,선행매집,093050,skip,no_setup,a8c0cb986247
14923486,2026-10-01 10:34:10,actions-trading,선행매집,001510,skip,below_anchor,8aa909a10ad3
14923486,2026-10-01 10:34:10,actions-trading,선행매집,051910,skip,below_anchor,88750c647cf2
14923486,2026-10-01 10:34:10,actions-trading,선행매집,004770,skip,amount,96a1df5ae599
14923486,2026-10-01 10:34:10,actions-trading,선행매집,093370,skip,below_anchor,ba8bebfaab74
14923486,2026-10-01 10:34:10,actions-trading,선행매집,035000,skip,amount,ff628052896b
14923486,2026-10-01 10:34:10,actions-trading,Sim9,_gate,skip,outside_entry_window,e3b0c44298fc
14923486,2026-10-01 10:34:10,actions-trading,Sim9,084010,seen,,a64311e3b75e
14923486,2026-10-01 10:34:10,actions-trading,Sim9,005030,seen,,00159a7589a5
14923486,2026-10-01 10:34:10,actions-trading,Sim9,192650,seen,,3c934b0e6b1e
14923486,2026-10-01 10:34:10,actions-trading,Sim9,036570,seen,,00d5b41c35e6
14923486,2026-10-01 10:34:10,actions-trading,Sim9,109070,seen,,04a5c85658be
14923486,2026-10-01 10:34:10,actions-trading,Sim9,004105,seen,,8d3f62adfe69
14923486,2026-10-01 10:34:10,actions-trading,Sim9,093050,seen,,a8c0cb986247
14923486,2026-10-01 10:34:10,actions-trading,Sim9,0126Z0,seen,,9850d7a85d90
14923486,2026-10-01 10:34:10,actions-trading,Sim9,002240,seen,,1b7e68d09d55
14923486,2026-10-01 10:34:10,actions-trading,Sim9,003160,seen,,91dda05a97ac
14923486,2026-10-01 10:34:10,actions-trading,Sim9,460860,seen,,6d8f6b23dd11
14923486,2026-10-01 10:34:10,actions-trading,Sim9,248070,seen,,e377140072c1
14923486,2026-10-01 10:34:10,actions-trading,Sim9,009420,seen,,fe71733af629
14923486,2026-10-01 10:34:10,actions-trading,Sim9,004710,seen,,dc0491c51d30
14923486,2026-10-01 10:34:10,actions-trading,Sim9,055490,seen,,f500bc77708b
14923486,2026-10-01 10:34:10,actions-trading,Sim9,012200,seen,,b56118345020
14923486,2026-10-01 10:34:10,actions-trading,Sim9,000760,seen,,788d352f1e28
14923486,2026-10-01 10:34:10,actions-trading,Sim9,012030,seen,,bc73daa828b6
14923486,2026-10-01 10:34:10,actions-trading,Sim9,005850,seen,,d8a53d6493d8
14923486,2026-10-01 10:34:10,actions-trading,Sim9,001820,seen,,3b7fa41329b9
14923486,2026-10-01 10:34:10,actions-trading,Sim9,181710,seen,,b16802141e79
14923486,2026-10-01 10:34:10,actions-trading,Sim9,480370,seen,,2257ad7463d3
14923486,2026-10-01 10:34:10,actions-trading,Sim9,015590,seen,,fd5b937a3418
14923486,2026-10-01 10:34:10,actions-trading,Sim9,006280,seen,,5a5f0ab830dd
14923486,2026-10-01 10:34:10,actions-trading,Sim9,014680,seen,,ec3a3d8a9d74
14923486,2026-10-01 10:34:10,actions-trading,Sim9,003465,seen,,e033d4043cbc
14923486,2026-10-01 10:34:10,actions-trading,Sim9,077500,seen,,a68813cf4ba7
14923486,2026-10-01 10:34:10,actions-trading,Sim9,003120,seen,,90719150aca8
14923486,2026-10-01 10:34:10,actions-trading,Sim9,000640,seen,,93667c86613d
14923486,2026-10-01 10:34:10,actions-trading,Sim9,078520,seen,,130202786a1e
14923486,2026-10-01 10:34:10,actions-trading,미너비니,192820,skip,below_pivot,0fea16ef5974
14923486,2026-10-01 10:34:10,actions-trading,미너비니,443060,skip,below_pivot,2490ecc5e3fe
14923486,2026-10-01 10:34:10,actions-trading,미너비니,020120,skip,below_pivot,71b94e613957
14923486,2026-10-01 10:34:11,actions-trading,Sim12,084010,skip,avoid_frgn_sell_20d,a64311e3b75e
14923486,2026-10-01 10:34:11,actions-trading,Sim12,005030,skip,avoid_amount_dry,00159a7589a5
14923486,2026-10-01 10:34:11,actions-trading,Sim12,192650,skip,pb2_not_crashed,3c934b0e6b1e
14923486,2026-10-01 10:34:11,actions-trading,Sim12,036570,skip,pb2_not_crashed,00d5b41c35e6
14923486,2026-10-01 10:34:11,actions-trading,Sim12,109070,skip,pb2_not_crashed,04a5c85658be
14923486,2026-10-01 10:34:11,actions-trading,Sim12,004105,skip,pb2_not_crashed,8d3f62adfe69
14923486,2026-10-01 10:34:11,actions-trading,Sim12,093050,skip,avoid_frgn_sell_20d,a8c0cb986247
14923486,2026-10-01 10:34:11,actions-trading,Sim12,0126Z0,skip,avoid_frgn_sell_20d,9850d7a85d90
14923486,2026-10-01 10:34:11,actions-trading,Sim12,002240,skip,avoid_frgn_sell_20d,1b7e68d09d55
14923486,2026-10-01 10:34:11,actions-trading,Sim12,003160,skip,pb2_not_crashed,91dda05a97ac
14923486,2026-10-01 10:34:11,actions-trading,Sim12,460860,skip,avoid_frgn_sell_20d,6d8f6b23dd11
14923486,2026-10-01 10:34:11,actions-trading,Sim12,248070,skip,avoid_frgn_sell_20d,e377140072c1
14923486,2026-10-01 10:34:11,actions-trading,Sim12,009420,skip,avoid_amount_dry,fe71733af629
14923486,2026-10-01 10:34:11,actions-trading,Sim12,004710,skip,avoid_frgn_sell_20d,dc0491c51d30
14923486,2026-10-01 10:34:11,actions-trading,Sim12,055490,skip,avoid_frgn_sell_20d,f500bc77708b
14923486,2026-10-01 10:34:11,actions-trading,Sim12,012200,skip,avoid_amount_dry,b56118345020
14923486,2026-10-01 10:34:11,actions-trading,Sim12,000760,skip,avoid_amount_dry,788d352f1e28
14923486,2026-10-01 10:34:11,actions-trading,Sim12,012030,skip,avoid_frgn_sell_20d,bc73daa828b6
14923486,2026-10-01 10:34:11,actions-trading,Sim12,005850,skip,pb2_not_crashed,d8a53d6493d8
14923486,2026-10-01 10:34:11,actions-trading,Sim12,001820,skip,avoid_amount_dry,3b7fa41329b9
14923486,2026-10-01 10:34:11,actions-trading,Sim12,181710,skip,avoid_amount_dry,b16802141e79
14923486,2026-10-01 10:34:11,actions-trading,Sim12,480370,skip,avoid_amount_dry,2257ad7463d3
14923486,2026-10-01 10:34:11,actions-trading,Sim12,015590,skip,avoid_amount_dry,fd5b937a3418
14923486,2026-10-01 10:34:11,actions-trading,Sim12,006280,skip,avoid_amount_dry,5a5f0ab830dd
14923486,2026-10-01 10:34:11,actions-trading,Sim12,014680,skip,avoid_amount_dry,ec3a3d8a9d74
14923486,2026-10-01 10:34:11,actions-trading,Sim12,003465,skip,avoid_amount_dry,e033d4043cbc
14923486,2026-10-01 10:34:11,actions-trading,Sim12,077500,skip,avoid_amount_dry,a68813cf4ba7
14923486,2026-10-01 10:34:11,actions-trading,Sim12,003120,skip,pb2_not_crashed,90719150aca8
14923486,2026-10-01 10:34:11,actions-trading,Sim12,000640,skip,avoid_amount_dry,93667c86613d
14923486,2026-10-01 10:34:11,actions-trading,Sim12,078520,skip,avoid_amount_dry,130202786a1e
14923486,2026-10-01 10:34:11,actions-trading,Sim12,051630,skip,avoid_amount_dry,fbd873d9a3ea
14923486,2026-10-01 10:34:11,actions-trading,Sim12,009190,skip,avoid_amount_dry,7297f1334c5e
14923486,2026-10-01 10:34:11,actions-trading,Sim12,002820,skip,pb2_thin_liquidity,79d5ea38f714
14923486,2026-10-01 10:34:11,actions-trading,Sim12,071090,skip,pb2_not_crashed,6f36e9c2947e
14923486,2026-10-01 10:34:11,actions-trading,Sim12,002787,skip,avoid_amount_dry,d7825eb4fac2
14923486,2026-10-01 10:34:11,actions-trading,Sim12,452260,skip,avoid_amount_dry,5c7ba22728af
14923486,2026-10-01 10:34:11,actions-trading,Sim12,010640,skip,avoid_amount_dry,76dcc735fdc2
14923486,2026-10-01 10:34:11,actions-trading,Sim12,007110,skip,avoid_amount_dry,79b1e2ed2f62
14923486,2026-10-01 10:34:11,actions-trading,Sim12,003075,skip,pb2_not_crashed,ca3e446c2649
14923486,2026-10-01 10:34:11,actions-trading,Sim12,002690,skip,avoid_frgn_sell_20d,8c3e53a182a1
14923486,2026-10-01 10:34:11,actions-trading,Sim12,487570,skip,pb2_not_crashed,40cab878e40e
14923486,2026-10-01 10:34:11,actions-trading,Sim12,003780,skip,avoid_frgn_sell_20d,b4006f251dca
14923486,2026-10-01 10:34:11,actions-trading,Sim12,003580,skip,avoid_amount_dry,a747f213fe8d
14923486,2026-10-01 10:34:11,actions-trading,Sim12,003030,skip,pb2_not_crashed,fd73da762a08
14923486,2026-10-01 10:34:11,actions-trading,Sim12,002070,skip,avoid_amount_dry,6b8cc137522e
14923486,2026-10-01 10:34:11,actions-trading,Sim12,092790,skip,pb2_not_crashed,2c2bcb59b319
14923486,2026-10-01 10:34:11,actions-trading,Sim12,005010,skip,pb2_not_crashed,c08f6d1428fd
14923486,2026-10-01 10:34:11,actions-trading,Sim12,316140,skip,avoid_amount_dry,2abd176267a2
14923486,2026-10-01 10:34:11,actions-trading,Sim12,010950,skip,avoid_amount_dry,ad984c45cc55
14923486,2026-10-01 10:34:11,actions-trading,Sim12,456040,skip,avoid_amount_dry,019f06243091
14923486,2026-10-01 10:34:11,actions-trading,Sim12,014280,skip,avoid_amount_dry,612ed4d28665
14923486,2026-10-01 10:34:11,actions-trading,Sim12,001770,skip,avoid_amount_dry,5c570d8b65d4
14923486,2026-10-01 10:34:11,actions-trading,Sim12,457190,skip,avoid_frgn_sell_20d,5fd7c6ea419b
14923486,2026-10-01 10:34:11,actions-trading,Sim12,002995,skip,avoid_amount_dry,3b0152ab65d2
14923486,2026-10-01 10:34:11,actions-trading,Sim12,006110,skip,avoid_amount_dry,3684a76b4889
14923486,2026-10-01 10:34:11,actions-trading,Sim12,361610,skip,avoid_amount_dry,37e90adb1db2
14923486,2026-10-01 10:34:11,actions-trading,Sim12,006260,skip,avoid_amount_dry,ca8f9a1285e2
14923486,2026-10-01 10:34:11,actions-trading,Sim12,006200,skip,pb2_thin_liquidity,4b117de62c53
14923486,2026-10-01 10:34:11,actions-trading,Sim12,00088K,skip,avoid_amount_dry,6ec56d3ffeb7
14923486,2026-10-01 10:34:11,actions-trading,Sim12,002785,skip,avoid_amount_dry,87c9c8f05927
14923486,2026-10-01 10:34:11,actions-trading,Sim13,084010,skip,theme_momentum_weak,a64311e3b75e
14923486,2026-10-01 10:34:11,actions-trading,Sim13,005030,skip,theme_momentum_weak,00159a7589a5
14923486,2026-10-01 10:34:11,actions-trading,Sim13,192650,skip,no_frgn_support,3c934b0e6b1e
14923486,2026-10-01 10:34:11,actions-trading,Sim13,036570,skip,theme_momentum_weak,00d5b41c35e6
14923486,2026-10-01 10:34:11,actions-trading,Sim13,109070,skip,amount_not_surprised,04a5c85658be
14923486,2026-10-01 10:34:11,actions-trading,Sim13,004105,skip,no_frgn_support,8d3f62adfe69
14923486,2026-10-01 10:34:11,actions-trading,Sim13,093050,skip,theme_momentum_weak,a8c0cb986247
14923486,2026-10-01 10:34:11,actions-trading,Sim13,0126Z0,skip,theme_momentum_weak,9850d7a85d90
14923486,2026-10-01 10:34:11,actions-trading,Sim13,002240,skip,theme_momentum_weak,1b7e68d09d55
14923486,2026-10-01 10:34:11,actions-trading,Sim13,003160,skip,no_frgn_support,91dda05a97ac
14923486,2026-10-01 10:34:11,actions-trading,Sim13,460860,skip,theme_momentum_weak,6d8f6b23dd11
14923486,2026-10-01 10:34:11,actions-trading,Sim13,248070,skip,theme_momentum_weak,e377140072c1
14923486,2026-10-01 10:34:11,actions-trading,Sim13,009420,skip,theme_momentum_weak,fe71733af629
14923486,2026-10-01 10:34:11,actions-trading,Sim13,004710,skip,amount_not_surprised,dc0491c51d30
14923486,2026-10-01 10:34:11,actions-trading,Sim13,055490,skip,theme_momentum_weak,f500bc77708b
14923486,2026-10-01 10:34:11,actions-trading,Sim13,012200,skip,theme_momentum_weak,b56118345020
14923486,2026-10-01 10:34:11,actions-trading,Sim13,000760,skip,theme_momentum_weak,788d352f1e28
14923486,2026-10-01 10:34:11,actions-trading,Sim13,012030,skip,adx_weak,bc73daa828b6
14923486,2026-10-01 10:34:11,actions-trading,Sim13,005850,skip,theme_momentum_weak,d8a53d6493d8
14923486,2026-10-01 10:34:11,actions-trading,Sim13,001820,skip,adx_weak,3b7fa41329b9
14923486,2026-10-01 10:34:11,actions-trading,Sim13,181710,skip,theme_momentum_weak,b16802141e79
14923486,2026-10-01 10:34:11,actions-trading,Sim13,480370,skip,adx_weak,2257ad7463d3
14923486,2026-10-01 10:34:11,actions-trading,Sim13,015590,skip,amount_not_surprised,fd5b937a3418
14923486,2026-10-01 10:34:11,actions-trading,Sim13,006280,skip,theme_momentum_weak,5a5f0ab830dd
14923486,2026-10-01 10:34:11,actions-trading,Sim13,014680,skip,amount_not_surprised,ec3a3d8a9d74
14923486,2026-10-01 10:34:11,actions-trading,Sim13,003465,skip,theme_momentum_weak,e033d4043cbc
14923486,2026-10-01 10:34:11,actions-trading,Sim13,077500,skip,held_or_cooldown,a68813cf4ba7
14923486,2026-10-01 10:34:11,actions-trading,Sim13,003120,skip,theme_momentum_weak,90719150aca8
14923486,2026-10-01 10:34:11,actions-trading,Sim13,000640,skip,theme_momentum_weak,93667c86613d
14923486,2026-10-01 10:34:11,actions-trading,Sim13,078520,skip,theme_momentum_weak,130202786a1e
14923487,2026-10-01 10:35:29,actions-trading,Sim3,402340,skip,adx,9951ae8373cd
14923487,2026-10-01 10:35:29,actions-trading,Sim3,383800,skip,amount,455572ab2edb
14923487,2026-10-01 10:35:29,actions-trading,Sim3,462870,skip,amount,ea6a3a23f68d
14923487,2026-10-01 10:35:29,actions-trading,Sim3,000660,skip,qty_zero,513c0a3eb065
14923487,2026-10-01 10:35:29,actions-trading,Sim3,071970,skip,held_or_sold_today,50157bf08e49
14923487,2026-10-01 10:35:29,actions-trading,Sim3,042700,skip,not_cheap,e73c553e41c9
14923487,2026-10-01 10:35:29,actions-trading,Sim3,326030,skip,amount,9643d11d3766
14923487,2026-10-01 10:35:29,actions-trading,Sim3,207940,skip,not_cheap,614e3db4e4ce
14923487,2026-10-01 10:35:29,actions-trading,Sim3,033920,skip,amount,8d4a2664fbc8
14923487,2026-10-01 10:35:29,actions-trading,Sim3,004770,skip,amount,785101f924f5
14923487,2026-10-01 10:35:29,actions-trading,Sim3,0126Z0,skip,not_cheap,49490307fcc9
14923487,2026-10-01 10:35:29,actions-trading,Sim3,062040,skip,not_cheap,14796a1dea7e
14923487,2026-10-01 10:35:29,actions-trading,Sim3,317450,skip,amount,5f730911209e
14923487,2026-10-01 10:35:29,actions-trading,Sim3,026960,skip,amount,fd91f3a1258d
14923487,2026-10-01 10:35:29,actions-trading,Sim3,021820,skip,amount,b52c3293dec7
14923487,2026-10-01 10:35:29,actions-trading,Sim3,192080,skip,amount,24747fb07995
14923487,2026-10-01 10:35:29,actions-trading,Sim3,068270,skip,held_or_sold_today,45053f7ea973
14923487,2026-10-01 10:35:29,actions-trading,Sim3,123890,skip,amount,53b2c7c4ccd8
14923487,2026-10-01 10:35:29,actions-trading,Sim3,000240,skip,amount,de4fb81e3ee8
14923487,2026-10-01 10:35:29,actions-trading,Sim3,002380,skip,held_or_sold_today,357da64b3c48
14923487,2026-10-01 10:35:29,actions-trading,Sim3,009770,skip,amount,347bb6b9d1c4
14923487,2026-10-01 10:35:29,actions-trading,Sim3,259960,skip,held_or_sold_today,7b3f9358b5e7
14923487,2026-10-01 10:35:29,actions-trading,Sim3,035250,skip,amount,3e0e0e9a53c5
14923487,2026-10-01 10:35:29,actions-trading,Sim3,383220,skip,amount,5270f6b9dc10
14923487,2026-10-01 10:35:29,actions-trading,Sim3,226320,skip,amount,298723962bdd
14923487,2026-10-01 10:35:29,actions-trading,Sim3,439260,skip,amount,d8599edcb2f0
14923487,2026-10-01 10:35:29,actions-trading,Sim3,025560,skip,cooldown,9ddb1c0b2f69
14923487,2026-10-01 10:35:29,actions-trading,Sim3,007700,skip,amount,d984d75a0a79
14923487,2026-10-01 10:35:29,actions-trading,Sim3,278470,skip,not_cheap,cfb2c71d0159
14923487,2026-10-01 10:35:29,actions-trading,Sim3,000990,skip,not_cheap,43ae79d49468
14923487,2026-10-01 10:36:13,actions-trading,MFHS2,028670,skip,max_holdings,b4fe87057097
14923487,2026-10-01 10:36:13,actions-trading,MFHS2,018880,seen,,1158998c4964
14923487,2026-10-01 10:36:13,actions-trading,MFHS2,003160,seen,,653497080658
14923487,2026-10-01 10:36:13,actions-trading,MFHS2,005935,seen,,e80e415e34a2
14923487,2026-10-01 10:36:13,actions-trading,MFHS2,002990,seen,,3a6a90fd7001
14923487,2026-10-01 10:36:13,actions-trading,MFHS2,011200,seen,,975b71611ef6
14923487,2026-10-01 10:36:13,actions-trading,MFHS2,248070,seen,,ece9b60aaf6c
14923487,2026-10-01 10:36:13,actions-trading,MFHS2,034220,seen,,f9c4647c3687
14923487,2026-10-01 10:36:13,actions-trading,MFHS2,192650,seen,,6e10474ac4df
14923487,2026-10-01 10:36:13,actions-trading,MFHS2,068270,seen,,e5a52047c4e5
14923487,2026-10-01 10:36:13,actions-trading,MFHS2,030000,seen,,c97835e5da30
14923487,2026-10-01 10:36:13,actions-trading,MFHS2,001250,seen,,33d458e6f871
14923487,2026-10-01 10:36:13,actions-trading,MFHS2,009830,seen,,87480fd9cf67
14923487,2026-10-01 10:36:13,actions-trading,MFHS2,004710,seen,,925fbcf82b5e
14923487,2026-10-01 10:36:13,actions-trading,MFHS2,005880,seen,,7487ffb39acb
14923487,2026-10-01 10:36:13,actions-trading,MFHS2,005690,seen,,b2aac801ec6b
14923487,2026-10-01 10:36:13,actions-trading,MFHS2,093370,seen,,a2faa62b2113
14923487,2026-10-01 10:36:13,actions-trading,MFHS2,002700,seen,,a12dc6f699bc
14923487,2026-10-01 10:36:13,actions-trading,MFHS2,008350,seen,,2ddcabaa7d63
14923487,2026-10-01 10:36:13,actions-trading,MFHS2,003280,seen,,d30b6f6fd72b
14923487,2026-10-01 10:36:13,actions-trading,MFHS2,001820,seen,,66e67ef6b2a2
14923487,2026-10-01 10:36:13,actions-trading,MFHS2,001210,seen,,501cf24e0d07
14923487,2026-10-01 10:36:13,actions-trading,MFHS2,003780,seen,,9b375569c10e
14923487,2026-10-01 10:36:13,actions-trading,MFHS2,001510,seen,,5b21bc4b343a
14923487,2026-10-01 10:36:13,actions-trading,MFHS2,089860,seen,,e34b6eec5400
14923487,2026-10-01 10:36:13,actions-trading,MFHS2,086790,seen,,4d3d11b35740
14923487,2026-10-01 10:36:13,actions-trading,MFHS2,092220,seen,,c8796470f581
14923487,2026-10-01 10:36:13,actions-trading,MFHS2,093050,seen,,adb3f6ae200c
14923487,2026-10-01 10:36:13,actions-trading,MFHS2,035000,seen,,984ba4952f1a
14923487,2026-10-01 10:36:13,actions-trading,MFHS2,004310,seen,,f60929cb2113
14923487,2026-10-01 10:36:16,actions-trading,상승모멘텀,084010,skip,max_holdings,657570bf22e1
14923487,2026-10-01 10:36:16,actions-trading,상승모멘텀,005030,seen,,00159a7589a5
14923487,2026-10-01 10:36:16,actions-trading,상승모멘텀,192650,seen,,6e10474ac4df
14923487,2026-10-01 10:36:16,actions-trading,상승모멘텀,036570,seen,,a727a3c32382
14923487,2026-10-01 10:36:16,actions-trading,상승모멘텀,0126Z0,seen,,8d345ac1339f
14923487,2026-10-01 10:36:16,actions-trading,상승모멘텀,109070,seen,,80b5ad4724b4
14923487,2026-10-01 10:36:16,actions-trading,상승모멘텀,004105,seen,,018544aa0609
14923487,2026-10-01 10:36:16,actions-trading,상승모멘텀,009420,seen,,704b0918766f
14923487,2026-10-01 10:36:16,actions-trading,상승모멘텀,093050,seen,,adb3f6ae200c
14923487,2026-10-01 10:36:16,actions-trading,상승모멘텀,003160,seen,,653497080658
14923487,2026-10-01 10:36:16,actions-trading,상승모멘텀,002240,seen,,be2db0135ade
14923487,2026-10-01 10:36:16,actions-trading,상승모멘텀,004710,seen,,925fbcf82b5e
14923487,2026-10-01 10:36:16,actions-trading,상승모멘텀,248070,seen,,ece9b60aaf6c
14923487,2026-10-01 10:36:16,actions-trading,상승모멘텀,460860,seen,,8ce917789a0f
14923487,2026-10-01 10:36:16,actions-trading,상승모멘텀,012200,seen,,14e5af6ce3ad
14923487,2026-10-01 10:36:16,actions-trading,상승모멘텀,001820,seen,,66e67ef6b2a2
14923487,2026-10-01 10:36:16,actions-trading,상승모멘텀,005850,seen,,2cfb45869f74
14923487,2026-10-01 10:36:16,actions-trading,상승모멘텀,000760,seen,,788d352f1e28
14923487,2026-10-01 10:36:16,actions-trading,상승모멘텀,181710,seen,,0e56f359692e
14923487,2026-10-01 10:36:16,actions-trading,상승모멘텀,012030,seen,,88b7676835df
14923487,2026-10-01 10:36:16,actions-trading,상승모멘텀,055490,seen,,e59a6d4ec0ae
14923487,2026-10-01 10:36:16,actions-trading,상승모멘텀,077500,seen,,0c10ab333688
14923487,2026-10-01 10:36:16,actions-trading,상승모멘텀,480370,seen,,845af06fac2f
14923487,2026-10-01 10:36:16,actions-trading,상승모멘텀,015590,seen,,c68432dfc0e9
14923487,2026-10-01 10:36:16,actions-trading,상승모멘텀,006280,seen,,ee7ffc2e5f7d
14923487,2026-10-01 10:36:16,actions-trading,상승모멘텀,014680,seen,,b9242e911b0a
14923487,2026-10-01 10:36:16,actions-trading,상승모멘텀,0120G0,seen,,4da7e1bbaa89
14923487,2026-10-01 10:36:16,actions-trading,상승모멘텀,003465,seen,,e033d4043cbc
14923487,2026-10-01 10:36:16,actions-trading,상승모멘텀,003120,seen,,d9905ad4cbff
14923487,2026-10-01 10:36:16,actions-trading,상승모멘텀,000640,seen,,8fb8f6b46afb
14923487,2026-10-01 10:36:16,actions-trading,Sim4-1,084010,skip,period,657570bf22e1
14923487,2026-10-01 10:36:16,actions-trading,Sim4-1,005030,skip,amount,00159a7589a5
14923487,2026-10-01 10:36:16,actions-trading,Sim4-1,192650,skip,period,6e10474ac4df
14923487,2026-10-01 10:36:16,actions-trading,Sim4-1,036570,skip,period,a727a3c32382
14923487,2026-10-01 10:36:16,actions-trading,Sim4-1,0126Z0,skip,adx_high,8d345ac1339f
14923487,2026-10-01 10:36:16,actions-trading,Sim4-1,109070,skip,amount,80b5ad4724b4
14923487,2026-10-01 10:36:16,actions-trading,Sim4-1,004105,skip,amount,018544aa0609
14923487,2026-10-01 10:36:16,actions-trading,Sim4-1,009420,skip,period,704b0918766f
14923487,2026-10-01 10:36:16,actions-trading,Sim4-1,093050,skip,amount,adb3f6ae200c
14923487,2026-10-01 10:36:16,actions-trading,Sim4-1,003160,skip,held_or_cooldown,653497080658
14923487,2026-10-01 10:36:16,actions-trading,Sim4-1,002240,skip,amount,be2db0135ade
14923487,2026-10-01 10:36:16,actions-trading,Sim4-1,004710,skip,adx_high,925fbcf82b5e
14923487,2026-10-01 10:36:16,actions-trading,Sim4-1,248070,skip,period,ece9b60aaf6c
14923487,2026-10-01 10:36:16,actions-trading,Sim4-1,460860,skip,adx_high,8ce917789a0f
14923487,2026-10-01 10:36:16,actions-trading,Sim4-1,012200,skip,amount,14e5af6ce3ad
14923487,2026-10-01 10:36:16,actions-trading,Sim4-1,001820,skip,adx_low,66e67ef6b2a2
14923487,2026-10-01 10:36:16,actions-trading,Sim4-1,005850,skip,amount,2cfb45869f74
14923487,2026-10-01 10:36:16,actions-trading,Sim4-1,000760,skip,amount,788d352f1e28
14923487,2026-10-01 10:36:16,actions-trading,Sim4-1,181710,skip,adx_high,0e56f359692e
14923487,2026-10-01 10:36:16,actions-trading,Sim4-1,012030,skip,amount,88b7676835df
14923487,2026-10-01 10:36:16,actions-trading,Sim4-1,055490,skip,amount,e59a6d4ec0ae
14923487,2026-10-01 10:36:16,actions-trading,Sim4-1,077500,skip,amount,0c10ab333688
14923487,2026-10-01 10:36:16,actions-trading,Sim4-1,480370,skip,amount,845af06fac2f
14923487,2026-10-01 10:36:16,actions-trading,Sim4-1,015590,skip,amount,c68432dfc0e9
14923487,2026-10-01 10:36:16,actions-trading,Sim4-1,006280,skip,amount,ee7ffc2e5f7d
14923487,2026-10-01 10:36:16,actions-trading,Sim4-1,014680,skip,adx_high,b9242e911b0a
14923487,2026-10-01 10:36:16,actions-trading,Sim4-1,0120G0,skip,amount,4da7e1bbaa89
14923487,2026-10-01 10:36:16,actions-trading,Sim4-1,003465,skip,amount,e033d4043cbc
14923487,2026-10-01 10:36:16,actions-trading,Sim4-1,003120,skip,amount,d9905ad4cbff
14923487,2026-10-01 10:36:16,actions-trading,Sim4-1,000640,skip,amount,8fb8f6b46afb
14923487,2026-10-01 10:36:18,actions-trading,선행매집,028670,skip,no_setup,b4fe87057097
14923487,2026-10-01 10:36:18,actions-trading,선행매집,018880,skip,below_anchor,1158998c4964
14923487,2026-10-01 10:36:18,actions-trading,선행매집,192650,skip,no_setup,6e10474ac4df
14923487,2026-10-01 10:36:18,actions-trading,선행매집,009830,skip,below_anchor,87480fd9cf67
14923487,2026-10-01 10:36:18,actions-trading,선행매집,011200,skip,below_anchor,975b71611ef6
14923487,2026-10-01 10:36:18,actions-trading,선행매집,003160,skip,no_setup,653497080658
14923487,2026-10-01 10:36:18,actions-trading,선행매집,005935,skip,below_anchor,e80e415e34a2
14923487,2026-10-01 10:36:18,actions-trading,선행매집,002990,skip,below_anchor,3a6a90fd7001
14923487,2026-10-01 10:36:18,actions-trading,선행매집,068270,skip,below_anchor,e5a52047c4e5
14923487,2026-10-01 10:36:18,actions-trading,선행매집,034220,skip,below_anchor,f9c4647c3687
14923487,2026-10-01 10:36:18,actions-trading,선행매집,248070,skip,below_anchor,ece9b60aaf6c
14923487,2026-10-01 10:36:18,actions-trading,선행매집,030000,skip,below_anchor,c97835e5da30
14923487,2026-10-01 10:36:18,actions-trading,선행매집,001250,skip,below_anchor,33d458e6f871
14923487,2026-10-01 10:36:18,actions-trading,선행매집,005880,skip,amount,7487ffb39acb
14923487,2026-10-01 10:36:18,actions-trading,선행매집,005690,skip,below_anchor,b2aac801ec6b
14923487,2026-10-01 10:36:18,actions-trading,선행매집,002700,skip,amount,a12dc6f699bc
14923487,2026-10-01 10:36:18,actions-trading,선행매집,001210,skip,below_anchor,501cf24e0d07
14923487,2026-10-01 10:36:18,actions-trading,선행매집,008350,skip,amount,2ddcabaa7d63
14923487,2026-10-01 10:36:18,actions-trading,선행매집,001820,skip,below_anchor,66e67ef6b2a2
14923487,2026-10-01 10:36:18,actions-trading,선행매집,003280,skip,below_anchor,d30b6f6fd72b
14923487,2026-10-01 10:36:18,actions-trading,선행매집,004710,skip,below_anchor,925fbcf82b5e
14923487,2026-10-01 10:36:18,actions-trading,선행매집,003780,skip,amount,9b375569c10e
14923487,2026-10-01 10:36:18,actions-trading,선행매집,092220,skip,amount,c8796470f581
14923487,2026-10-01 10:36:18,actions-trading,선행매집,089860,skip,held_awaiting_breakout,e34b6eec5400
14923487,2026-10-01 10:36:18,actions-trading,선행매집,093050,skip,no_setup,adb3f6ae200c
14923487,2026-10-01 10:36:18,actions-trading,선행매집,001510,skip,below_anchor,5b21bc4b343a
14923487,2026-10-01 10:36:18,actions-trading,선행매집,051910,skip,below_anchor,e5493cfc7558
14923487,2026-10-01 10:36:18,actions-trading,선행매집,004770,skip,amount,143a345fb7de
14923487,2026-10-01 10:36:18,actions-trading,선행매집,093370,skip,below_anchor,a2faa62b2113
14923487,2026-10-01 10:36:18,actions-trading,선행매집,035000,skip,amount,984ba4952f1a
14923487,2026-10-01 10:36:18,actions-trading,Sim9,_gate,skip,outside_entry_window,e3b0c44298fc
14923487,2026-10-01 10:36:18,actions-trading,Sim9,084010,seen,,657570bf22e1
14923487,2026-10-01 10:36:18,actions-trading,Sim9,005030,seen,,00159a7589a5
14923487,2026-10-01 10:36:18,actions-trading,Sim9,192650,seen,,6e10474ac4df
14923487,2026-10-01 10:36:18,actions-trading,Sim9,036570,seen,,a727a3c32382
14923487,2026-10-01 10:36:18,actions-trading,Sim9,0126Z0,seen,,8d345ac1339f
14923487,2026-10-01 10:36:18,actions-trading,Sim9,109070,seen,,80b5ad4724b4
14923487,2026-10-01 10:36:18,actions-trading,Sim9,004105,seen,,018544aa0609
14923487,2026-10-01 10:36:18,actions-trading,Sim9,009420,seen,,704b0918766f
14923487,2026-10-01 10:36:18,actions-trading,Sim9,093050,seen,,adb3f6ae200c
14923487,2026-10-01 10:36:18,actions-trading,Sim9,003160,seen,,653497080658
14923487,2026-10-01 10:36:18,actions-trading,Sim9,002240,seen,,be2db0135ade
14923487,2026-10-01 10:36:18,actions-trading,Sim9,004710,seen,,925fbcf82b5e
14923487,2026-10-01 10:36:18,actions-trading,Sim9,248070,seen,,ece9b60aaf6c
14923487,2026-10-01 10:36:18,actions-trading,Sim9,460860,seen,,8ce917789a0f
14923487,2026-10-01 10:36:18,actions-trading,Sim9,012200,seen,,14e5af6ce3ad
14923487,2026-10-01 10:36:18,actions-trading,Sim9,001820,seen,,66e67ef6b2a2
14923487,2026-10-01 10:36:18,actions-trading,Sim9,005850,seen,,2cfb45869f74
14923487,2026-10-01 10:36:18,actions-trading,Sim9,000760,seen,,788d352f1e28
14923487,2026-10-01 10:36:18,actions-trading,Sim9,181710,seen,,0e56f359692e
14923487,2026-10-01 10:36:18,actions-trading,Sim9,012030,seen,,88b7676835df
14923487,2026-10-01 10:36:18,actions-trading,Sim9,055490,seen,,e59a6d4ec0ae
14923487,2026-10-01 10:36:18,actions-trading,Sim9,077500,seen,,0c10ab333688
14923487,2026-10-01 10:36:18,actions-trading,Sim9,480370,seen,,845af06fac2f
14923487,2026-10-01 10:36:18,actions-trading,Sim9,015590,seen,,c68432dfc0e9
14923487,2026-10-01 10:36:18,actions-trading,Sim9,006280,seen,,ee7ffc2e5f7d
14923487,2026-10-01 10:36:18,actions-trading,Sim9,014680,seen,,b9242e911b0a
14923487,2026-10-01 10:36:18,actions-trading,Sim9,0120G0,seen,,4da7e1bbaa89
14923487,2026-10-01 10:36:18,actions-trading,Sim9,003465,seen,,e033d4043cbc
14923487,2026-10-01 10:36:18,actions-trading,Sim9,003120,seen,,d9905ad4cbff
14923487,2026-10-01 10:36:18,actions-trading,Sim9,000640,seen,,8fb8f6b46afb
14923487,2026-10-01 10:36:18,actions-trading,미너비니,192820,skip,below_pivot,6ea28c649ffe
14923487,2026-10-01 10:36:18,actions-trading,미너비니,443060,skip,below_pivot,695f8134b892
14923487,2026-10-01 10:36:18,actions-trading,미너비니,020120,skip,below_pivot,c887991ea2a5
14923487,2026-10-01 10:36:19,actions-trading,Sim12,084010,skip,avoid_frgn_sell_20d,657570bf22e1
14923487,2026-10-01 10:36:19,actions-trading,Sim12,005030,skip,avoid_amount_dry,00159a7589a5
14923487,2026-10-01 10:36:19,actions-trading,Sim12,192650,skip,pb2_not_crashed,6e10474ac4df
14923487,2026-10-01 10:36:19,actions-trading,Sim12,036570,skip,pb2_not_crashed,a727a3c32382
14923487,2026-10-01 10:36:19,actions-trading,Sim12,0126Z0,skip,avoid_frgn_sell_20d,8d345ac1339f
14923487,2026-10-01 10:36:19,actions-trading,Sim12,109070,skip,pb2_not_crashed,80b5ad4724b4
14923487,2026-10-01 10:36:19,actions-trading,Sim12,004105,skip,pb2_not_crashed,018544aa0609
14923487,2026-10-01 10:36:19,actions-trading,Sim12,009420,skip,avoid_amount_dry,704b0918766f
14923487,2026-10-01 10:36:19,actions-trading,Sim12,093050,skip,avoid_frgn_sell_20d,adb3f6ae200c
14923487,2026-10-01 10:36:19,actions-trading,Sim12,003160,skip,pb2_not_crashed,653497080658
14923487,2026-10-01 10:36:19,actions-trading,Sim12,002240,skip,avoid_frgn_sell_20d,be2db0135ade
14923487,2026-10-01 10:36:19,actions-trading,Sim12,004710,skip,avoid_frgn_sell_20d,925fbcf82b5e
14923487,2026-10-01 10:36:19,actions-trading,Sim12,248070,skip,avoid_frgn_sell_20d,ece9b60aaf6c
14923487,2026-10-01 10:36:19,actions-trading,Sim12,460860,skip,avoid_frgn_sell_20d,8ce917789a0f
14923487,2026-10-01 10:36:19,actions-trading,Sim12,012200,skip,avoid_deadcat,14e5af6ce3ad
14923487,2026-10-01 10:36:19,actions-trading,Sim12,001820,skip,avoid_amount_dry,66e67ef6b2a2
14923487,2026-10-01 10:36:19,actions-trading,Sim12,005850,skip,pb2_not_crashed,2cfb45869f74
14923487,2026-10-01 10:36:19,actions-trading,Sim12,000760,skip,avoid_amount_dry,788d352f1e28
14923487,2026-10-01 10:36:19,actions-trading,Sim12,181710,skip,avoid_amount_dry,0e56f359692e
14923487,2026-10-01 10:36:19,actions-trading,Sim12,012030,skip,avoid_frgn_sell_20d,88b7676835df
14923487,2026-10-01 10:36:19,actions-trading,Sim12,055490,skip,avoid_frgn_sell_20d,e59a6d4ec0ae
14923487,2026-10-01 10:36:19,actions-trading,Sim12,077500,skip,avoid_amount_dry,0c10ab333688
14923487,2026-10-01 10:36:19,actions-trading,Sim12,480370,skip,avoid_amount_dry,845af06fac2f
14923487,2026-10-01 10:36:19,actions-trading,Sim12,015590,skip,avoid_amount_dry,c68432dfc0e9
14923487,2026-10-01 10:36:19,actions-trading,Sim12,006280,skip,avoid_amount_dry,ee7ffc2e5f7d
14923487,2026-10-01 10:36:19,actions-trading,Sim12,014680,skip,avoid_amount_dry,b9242e911b0a
14923487,2026-10-01 10:36:19,actions-trading,Sim12,0120G0,skip,avoid_amount_dry,4da7e1bbaa89
14923487,2026-10-01 10:36:19,actions-trading,Sim12,003465,skip,avoid_amount_dry,e033d4043cbc
14923487,2026-10-01 10:36:19,actions-trading,Sim12,003120,skip,pb2_not_crashed,d9905ad4cbff
14923487,2026-10-01 10:36:19,actions-trading,Sim12,000640,skip,avoid_amount_dry,8fb8f6b46afb
14923487,2026-10-01 10:36:19,actions-trading,Sim12,051630,skip,avoid_amount_dry,62eb63a44306
14923487,2026-10-01 10:36:19,actions-trading,Sim12,009190,skip,avoid_amount_dry,28f2861b4fc0
14923487,2026-10-01 10:36:19,actions-trading,Sim12,002820,skip,pb2_thin_liquidity,25d1d68a0051
14923487,2026-10-01 10:36:19,actions-trading,Sim12,071090,skip,pb2_not_crashed,df6bb738628b
14923487,2026-10-01 10:36:19,actions-trading,Sim12,002787,skip,avoid_amount_dry,d7825eb4fac2
14923487,2026-10-01 10:36:19,actions-trading,Sim12,010640,skip,avoid_amount_dry,21be5cc079f0
14923487,2026-10-01 10:36:19,actions-trading,Sim12,452260,skip,avoid_amount_dry,a4956a22abc3
14923487,2026-10-01 10:36:19,actions-trading,Sim12,007110,skip,avoid_amount_dry,a750b5d37a86
14923487,2026-10-01 10:36:19,actions-trading,Sim12,002690,skip,avoid_frgn_sell_20d,8c3e53a182a1
14923487,2026-10-01 10:36:19,actions-trading,Sim12,003580,skip,avoid_amount_dry,1356c0e3a1b7
14923487,2026-10-01 10:36:19,actions-trading,Sim12,003780,skip,avoid_frgn_sell_20d,9b375569c10e
14923487,2026-10-01 10:36:19,actions-trading,Sim12,487570,skip,pb2_not_crashed,406651954486
14923487,2026-10-01 10:36:19,actions-trading,Sim12,002070,skip,avoid_amount_dry,6734dcd8295f
14923487,2026-10-01 10:36:19,actions-trading,Sim12,003075,skip,pb2_not_crashed,9bfb9ed4d3a0
14923487,2026-10-01 10:36:19,actions-trading,Sim12,003030,skip,pb2_not_crashed,551c59fb6986
14923487,2026-10-01 10:36:19,actions-trading,Sim12,092790,skip,pb2_not_crashed,7a6ea58e013a
14923487,2026-10-01 10:36:19,actions-trading,Sim12,010950,skip,avoid_amount_dry,b46d03a2d64f
14923487,2026-10-01 10:36:19,actions-trading,Sim12,005010,skip,pb2_not_crashed,42e1f93960ec
14923487,2026-10-01 10:36:19,actions-trading,Sim12,316140,skip,avoid_amount_dry,b19d49d25ef2
14923487,2026-10-01 10:36:19,actions-trading,Sim12,014280,skip,avoid_amount_dry,095c7af1d94c
14923487,2026-10-01 10:36:19,actions-trading,Sim12,357430,skip,avoid_frgn_sell_20d,b0ef7efdf162
14923487,2026-10-01 10:36:19,actions-trading,Sim12,456040,skip,avoid_amount_dry,8a1ad205c299
14923487,2026-10-01 10:36:19,actions-trading,Sim12,001770,skip,avoid_amount_dry,5c570d8b65d4
14923487,2026-10-01 10:36:19,actions-trading,Sim12,006260,skip,avoid_amount_dry,69bbf969b4ea
14923487,2026-10-01 10:36:19,actions-trading,Sim12,361610,skip,avoid_amount_dry,5692ce580e8e
14923487,2026-10-01 10:36:19,actions-trading,Sim12,457190,skip,avoid_frgn_sell_20d,25003b69c883
14923487,2026-10-01 10:36:19,actions-trading,Sim12,006200,skip,pb2_thin_liquidity,cf7dc3f6a266
14923487,2026-10-01 10:36:19,actions-trading,Sim12,317400,skip,avoid_amount_dry,615be4c8a325
14923487,2026-10-01 10:36:19,actions-trading,Sim12,002995,skip,avoid_amount_dry,3b0152ab65d2
14923487,2026-10-01 10:36:19,actions-trading,Sim12,00088K,skip,avoid_amount_dry,d880b3e324c5
14923487,2026-10-01 10:36:19,actions-trading,Sim13,084010,skip,theme_momentum_weak,657570bf22e1
14923487,2026-10-01 10:36:19,actions-trading,Sim13,005030,skip,theme_momentum_weak,00159a7589a5
14923487,2026-10-01 10:36:19,actions-trading,Sim13,192650,skip,no_frgn_support,6e10474ac4df
14923487,2026-10-01 10:36:19,actions-trading,Sim13,036570,skip,theme_momentum_weak,a727a3c32382
14923487,2026-10-01 10:36:19,actions-trading,Sim13,0126Z0,skip,theme_momentum_weak,8d345ac1339f
14923487,2026-10-01 10:36:19,actions-trading,Sim13,109070,skip,amount_not_surprised,80b5ad4724b4
14923487,2026-10-01 10:36:19,actions-trading,Sim13,004105,skip,no_frgn_support,018544aa0609
14923487,2026-10-01 10:36:19,actions-trading,Sim13,009420,skip,theme_momentum_weak,704b0918766f
14923487,2026-10-01 10:36:19,actions-trading,Sim13,093050,skip,theme_momentum_weak,adb3f6ae200c
14923487,2026-10-01 10:36:19,actions-trading,Sim13,003160,skip,no_frgn_support,653497080658
14923487,2026-10-01 10:36:19,actions-trading,Sim13,002240,skip,theme_momentum_weak,be2db0135ade
14923487,2026-10-01 10:36:19,actions-trading,Sim13,004710,skip,amount_not_surprised,925fbcf82b5e
14923487,2026-10-01 10:36:19,actions-trading,Sim13,248070,skip,theme_momentum_weak,ece9b60aaf6c
14923487,2026-10-01 10:36:19,actions-trading,Sim13,460860,skip,theme_momentum_weak,8ce917789a0f
14923487,2026-10-01 10:36:19,actions-trading,Sim13,012200,skip,theme_momentum_weak,14e5af6ce3ad
14923487,2026-10-01 10:36:19,actions-trading,Sim13,001820,skip,adx_weak,66e67ef6b2a2
14923487,2026-10-01 10:36:19,actions-trading,Sim13,005850,skip,theme_momentum_weak,2cfb45869f74
14923487,2026-10-01 10:36:19,actions-trading,Sim13,000760,skip,theme_momentum_weak,788d352f1e28
14923487,2026-10-01 10:36:19,actions-trading,Sim13,181710,skip,theme_momentum_weak,0e56f359692e
14923487,2026-10-01 10:36:19,actions-trading,Sim13,012030,skip,adx_weak,88b7676835df
14923487,2026-10-01 10:36:19,actions-trading,Sim13,055490,skip,theme_momentum_weak,e59a6d4ec0ae
14923487,2026-10-01 10:36:19,actions-trading,Sim13,077500,skip,held_or_cooldown,0c10ab333688
14923487,2026-10-01 10:36:19,actions-trading,Sim13,480370,skip,adx_weak,845af06fac2f
14923487,2026-10-01 10:36:19,actions-trading,Sim13,015590,skip,amount_not_surprised,c68432dfc0e9
14923487,2026-10-01 10:36:19,actions-trading,Sim13,006280,skip,theme_momentum_weak,ee7ffc2e5f7d
14923487,2026-10-01 10:36:19,actions-trading,Sim13,014680,skip,amount_not_surprised,b9242e911b0a
14923487,2026-10-01 10:36:19,actions-trading,Sim13,0120G0,skip,theme_momentum_weak,4da7e1bbaa89
14923487,2026-10-01 10:36:19,actions-trading,Sim13,003465,skip,theme_momentum_weak,e033d4043cbc
14923487,2026-10-01 10:36:19,actions-trading,Sim13,003120,skip,theme_momentum_weak,d9905ad4cbff
14923487,2026-10-01 10:36:19,actions-trading,Sim13,000640,skip,theme_momentum_weak,8fb8f6b46afb
14923488,2026-10-01 10:37:45,actions-trading,Sim3,402340,skip,adx,d0994a473b1f
14923488,2026-10-01 10:37:45,actions-trading,Sim3,383800,skip,amount,4930133c799c
14923488,2026-10-01 10:37:45,actions-trading,Sim3,462870,skip,amount,63fe73cac171
14923488,2026-10-01 10:37:45,actions-trading,Sim3,000660,skip,qty_zero,ba84ef124f2e
14923488,2026-10-01 10:37:45,actions-trading,Sim3,071970,skip,held_or_sold_today,053ad7d1e4fe
14923488,2026-10-01 10:37:45,actions-trading,Sim3,042700,skip,not_cheap,1050009635dc
14923488,2026-10-01 10:37:45,actions-trading,Sim3,326030,skip,amount,dedfffdf2c00
14923488,2026-10-01 10:37:45,actions-trading,Sim3,207940,skip,not_cheap,c6ab5963d825
14923488,2026-10-01 10:37:45,actions-trading,Sim3,033920,skip,amount,65a08768be3a
14923488,2026-10-01 10:37:45,actions-trading,Sim3,004770,skip,amount,60ab28966bc4
14923488,2026-10-01 10:37:45,actions-trading,Sim3,0126Z0,skip,not_cheap,cbc4714201c6
14923488,2026-10-01 10:37:45,actions-trading,Sim3,062040,skip,not_cheap,00085186cb59
14923488,2026-10-01 10:37:45,actions-trading,Sim3,317450,skip,amount,e77a19a41f19
14923488,2026-10-01 10:37:45,actions-trading,Sim3,026960,skip,amount,34fc063668a0
14923488,2026-10-01 10:37:45,actions-trading,Sim3,021820,skip,amount,b52c3293dec7
14923488,2026-10-01 10:37:45,actions-trading,Sim3,192080,skip,amount,31cc38812c1c
14923488,2026-10-01 10:37:45,actions-trading,Sim3,068270,skip,held_or_sold_today,dd02a7c80379
14923488,2026-10-01 10:37:45,actions-trading,Sim3,123890,skip,amount,e7ff3c95c80e
14923488,2026-10-01 10:37:45,actions-trading,Sim3,000240,skip,amount,83f680f4437d
14923488,2026-10-01 10:37:45,actions-trading,Sim3,002380,skip,held_or_sold_today,ca581727b015
14923488,2026-10-01 10:37:45,actions-trading,Sim3,009770,skip,amount,347bb6b9d1c4
14923488,2026-10-01 10:37:45,actions-trading,Sim3,259960,skip,held_or_sold_today,29d97058c072
14923488,2026-10-01 10:37:45,actions-trading,Sim3,035250,skip,amount,08612a10c8a2
14923488,2026-10-01 10:37:45,actions-trading,Sim3,383220,skip,amount,805f2ddd5ac9
14923488,2026-10-01 10:37:45,actions-trading,Sim3,226320,skip,amount,64fd4589a58e
14923488,2026-10-01 10:37:45,actions-trading,Sim3,439260,skip,amount,2a43ab9768a7
14923488,2026-10-01 10:37:45,actions-trading,Sim3,025560,skip,cooldown,c2088f2f063a
14923488,2026-10-01 10:37:45,actions-trading,Sim3,007700,skip,amount,d984d75a0a79
14923488,2026-10-01 10:37:45,actions-trading,Sim3,278470,skip,not_cheap,e15c7f84d452
14923488,2026-10-01 10:37:45,actions-trading,Sim3,000990,skip,not_cheap,d565a5e0b885
14923488,2026-10-01 10:38:20,actions-trading,MFHS2,028670,skip,max_holdings,c0031e5cc4ba
14923488,2026-10-01 10:38:20,actions-trading,MFHS2,018880,seen,,f81c9ea5548e
14923488,2026-10-01 10:38:20,actions-trading,MFHS2,003160,seen,,cd72ad30e606
14923488,2026-10-01 10:38:20,actions-trading,MFHS2,005935,seen,,4db87daf0e4f
14923488,2026-10-01 10:38:20,actions-trading,MFHS2,002990,seen,,e5c68ca46826
14923488,2026-10-01 10:38:20,actions-trading,MFHS2,011200,seen,,d075e903e36f
14923488,2026-10-01 10:38:20,actions-trading,MFHS2,248070,seen,,8195ca0e82cd
14923488,2026-10-01 10:38:20,actions-trading,MFHS2,034220,seen,,df8ee73f577d
14923488,2026-10-01 10:38:20,actions-trading,MFHS2,192650,seen,,f0f03696f20e
14923488,2026-10-01 10:38:20,actions-trading,MFHS2,068270,seen,,8391d47ca9a0
14923488,2026-10-01 10:38:20,actions-trading,MFHS2,030000,seen,,8f262a67e4c7
14923488,2026-10-01 10:38:20,actions-trading,MFHS2,001250,seen,,cbed8d0560fa
14923488,2026-10-01 10:38:20,actions-trading,MFHS2,009830,seen,,ae114d37de5d
14923488,2026-10-01 10:38:20,actions-trading,MFHS2,004710,seen,,96d127912128
14923488,2026-10-01 10:38:20,actions-trading,MFHS2,005880,seen,,b21edb82966d
14923488,2026-10-01 10:38:20,actions-trading,MFHS2,005690,seen,,cf51fdf2a5e0
14923488,2026-10-01 10:38:20,actions-trading,MFHS2,093370,seen,,06d0eae769e7
14923488,2026-10-01 10:38:20,actions-trading,MFHS2,002700,seen,,692c036debd8
14923488,2026-10-01 10:38:20,actions-trading,MFHS2,008350,seen,,657b6d3373ef
14923488,2026-10-01 10:38:20,actions-trading,MFHS2,003280,seen,,a02f51e8a5cb
14923488,2026-10-01 10:38:20,actions-trading,MFHS2,001820,seen,,b722600a19af
14923488,2026-10-01 10:38:20,actions-trading,MFHS2,001210,seen,,4f81bf55fd6f
14923488,2026-10-01 10:38:20,actions-trading,MFHS2,003780,seen,,8d8b0ea64c67
14923488,2026-10-01 10:38:20,actions-trading,MFHS2,001510,seen,,e80364bee48b
14923488,2026-10-01 10:38:20,actions-trading,MFHS2,089860,seen,,6ef65117fcb0
14923488,2026-10-01 10:38:20,actions-trading,MFHS2,086790,seen,,c14089b9fdc9
14923488,2026-10-01 10:38:20,actions-trading,MFHS2,092220,seen,,6a052b0d84c7
14923488,2026-10-01 10:38:20,actions-trading,MFHS2,093050,seen,,5f90280d88c8
14923488,2026-10-01 10:38:20,actions-trading,MFHS2,035000,seen,,89f19ce11bf1
14923488,2026-10-01 10:38:20,actions-trading,MFHS2,004310,seen,,fc8e4bad00a0
14923488,2026-10-01 10:38:23,actions-trading,상승모멘텀,084010,skip,max_holdings,558f04928d08
14923488,2026-10-01 10:38:23,actions-trading,상승모멘텀,005030,seen,,00159a7589a5
14923488,2026-10-01 10:38:23,actions-trading,상승모멘텀,192650,seen,,f0f03696f20e
14923488,2026-10-01 10:38:23,actions-trading,상승모멘텀,036570,seen,,ff7832db79a0
14923488,2026-10-01 10:38:23,actions-trading,상승모멘텀,0126Z0,seen,,354fc2658b1e
14923488,2026-10-01 10:38:23,actions-trading,상승모멘텀,109070,seen,,80b5ad4724b4
14923488,2026-10-01 10:38:23,actions-trading,상승모멘텀,004105,seen,,6f7d7d519794
14923488,2026-10-01 10:38:23,actions-trading,상승모멘텀,009420,seen,,684bbb47f1bf
14923488,2026-10-01 10:38:23,actions-trading,상승모멘텀,093050,seen,,5f90280d88c8
14923488,2026-10-01 10:38:23,actions-trading,상승모멘텀,003160,seen,,cd72ad30e606
14923488,2026-10-01 10:38:23,actions-trading,상승모멘텀,002240,seen,,72f81a830233
14923488,2026-10-01 10:38:23,actions-trading,상승모멘텀,248070,seen,,8195ca0e82cd
14923488,2026-10-01 10:38:23,actions-trading,상승모멘텀,004710,seen,,96d127912128
14923488,2026-10-01 10:38:23,actions-trading,상승모멘텀,001820,seen,,b722600a19af
14923488,2026-10-01 10:38:23,actions-trading,상승모멘텀,012200,seen,,cf1a48df7355
14923488,2026-10-01 10:38:23,actions-trading,상승모멘텀,460860,seen,,371ad332cf69
14923488,2026-10-01 10:38:23,actions-trading,상승모멘텀,005850,seen,,4a763e7c26b2
14923488,2026-10-01 10:38:23,actions-trading,상승모멘텀,000760,seen,,788d352f1e28
14923488,2026-10-01 10:38:23,actions-trading,상승모멘텀,077500,seen,,3e711a8e449c
14923488,2026-10-01 10:38:23,actions-trading,상승모멘텀,181710,seen,,3203753d841f
14923488,2026-10-01 10:38:23,actions-trading,상승모멘텀,001360,seen,,60e0fdf78823
14923488,2026-10-01 10:38:23,actions-trading,상승모멘텀,012030,seen,,b475a1f0a0e7
14923488,2026-10-01 10:38:23,actions-trading,상승모멘텀,480370,seen,,e8db3f0f9dd0
14923488,2026-10-01 10:38:23,actions-trading,상승모멘텀,006280,seen,,8811c818824b
14923488,2026-10-01 10:38:23,actions-trading,상승모멘텀,055490,seen,,04a2b9bf6b6f
14923488,2026-10-01 10:38:23,actions-trading,상승모멘텀,014680,seen,,68668275aa1c
14923488,2026-10-01 10:38:23,actions-trading,상승모멘텀,003465,seen,,e033d4043cbc
14923488,2026-10-01 10:38:23,actions-trading,상승모멘텀,0120G0,seen,,23052ec2ab24
14923488,2026-10-01 10:38:23,actions-trading,상승모멘텀,015590,seen,,d49384f49707
14923488,2026-10-01 10:38:23,actions-trading,상승모멘텀,011930,seen,,dadc5b870f16
14923488,2026-10-01 10:38:23,actions-trading,Sim4-1,084010,skip,period,558f04928d08
14923488,2026-10-01 10:38:23,actions-trading,Sim4-1,005030,skip,amount,00159a7589a5
14923488,2026-10-01 10:38:23,actions-trading,Sim4-1,192650,skip,period,f0f03696f20e
14923488,2026-10-01 10:38:23,actions-trading,Sim4-1,036570,skip,period,ff7832db79a0
14923488,2026-10-01 10:38:23,actions-trading,Sim4-1,0126Z0,skip,adx_high,354fc2658b1e
14923488,2026-10-01 10:38:23,actions-trading,Sim4-1,109070,skip,amount,80b5ad4724b4
14923488,2026-10-01 10:38:23,actions-trading,Sim4-1,004105,skip,amount,6f7d7d519794
14923488,2026-10-01 10:38:23,actions-trading,Sim4-1,009420,skip,period,684bbb47f1bf
14923488,2026-10-01 10:38:23,actions-trading,Sim4-1,093050,skip,amount,5f90280d88c8
14923488,2026-10-01 10:38:23,actions-trading,Sim4-1,003160,skip,held_or_cooldown,cd72ad30e606
14923488,2026-10-01 10:38:23,actions-trading,Sim4-1,002240,skip,amount,72f81a830233
14923488,2026-10-01 10:38:23,actions-trading,Sim4-1,248070,skip,period,8195ca0e82cd
14923488,2026-10-01 10:38:23,actions-trading,Sim4-1,004710,skip,adx_high,96d127912128
14923488,2026-10-01 10:38:23,actions-trading,Sim4-1,001820,skip,adx_low,b722600a19af
14923488,2026-10-01 10:38:23,actions-trading,Sim4-1,012200,skip,amount,cf1a48df7355
14923488,2026-10-01 10:38:23,actions-trading,Sim4-1,460860,skip,adx_high,371ad332cf69
14923488,2026-10-01 10:38:23,actions-trading,Sim4-1,005850,skip,amount,4a763e7c26b2
14923488,2026-10-01 10:38:23,actions-trading,Sim4-1,000760,skip,amount,788d352f1e28
14923488,2026-10-01 10:38:23,actions-trading,Sim4-1,077500,skip,amount,3e711a8e449c
14923488,2026-10-01 10:38:23,actions-trading,Sim4-1,181710,skip,adx_high,3203753d841f
14923488,2026-10-01 10:38:23,actions-trading,Sim4-1,001360,skip,amount,60e0fdf78823
14923488,2026-10-01 10:38:23,actions-trading,Sim4-1,012030,skip,amount,b475a1f0a0e7
14923488,2026-10-01 10:38:23,actions-trading,Sim4-1,480370,skip,amount,e8db3f0f9dd0
14923488,2026-10-01 10:38:23,actions-trading,Sim4-1,006280,skip,amount,8811c818824b
14923488,2026-10-01 10:38:23,actions-trading,Sim4-1,055490,skip,amount,04a2b9bf6b6f
14923488,2026-10-01 10:38:23,actions-trading,Sim4-1,014680,skip,adx_high,68668275aa1c
14923488,2026-10-01 10:38:23,actions-trading,Sim4-1,003465,skip,amount,e033d4043cbc
14923488,2026-10-01 10:38:23,actions-trading,Sim4-1,0120G0,skip,amount,23052ec2ab24
14923488,2026-10-01 10:38:23,actions-trading,Sim4-1,015590,skip,amount,d49384f49707
14923488,2026-10-01 10:38:23,actions-trading,Sim4-1,011930,skip,amount,dadc5b870f16
14923488,2026-10-01 10:38:24,actions-trading,선행매집,028670,skip,no_setup,c0031e5cc4ba
14923488,2026-10-01 10:38:24,actions-trading,선행매집,018880,skip,below_anchor,f81c9ea5548e
14923488,2026-10-01 10:38:24,actions-trading,선행매집,192650,skip,no_setup,f0f03696f20e
14923488,2026-10-01 10:38:24,actions-trading,선행매집,009830,skip,below_anchor,ae114d37de5d
14923488,2026-10-01 10:38:24,actions-trading,선행매집,011200,skip,below_anchor,d075e903e36f
14923488,2026-10-01 10:38:24,actions-trading,선행매집,003160,skip,no_setup,cd72ad30e606
14923488,2026-10-01 10:38:24,actions-trading,선행매집,005935,skip,below_anchor,4db87daf0e4f
14923488,2026-10-01 10:38:24,actions-trading,선행매집,002990,skip,below_anchor,e5c68ca46826
14923488,2026-10-01 10:38:24,actions-trading,선행매집,068270,skip,below_anchor,8391d47ca9a0
14923488,2026-10-01 10:38:24,actions-trading,선행매집,034220,skip,below_anchor,df8ee73f577d
14923488,2026-10-01 10:38:24,actions-trading,선행매집,248070,skip,below_anchor,8195ca0e82cd
14923488,2026-10-01 10:38:24,actions-trading,선행매집,030000,skip,below_anchor,8f262a67e4c7
14923488,2026-10-01 10:38:24,actions-trading,선행매집,001250,skip,below_anchor,cbed8d0560fa
14923488,2026-10-01 10:38:24,actions-trading,선행매집,005880,skip,amount,b21edb82966d
14923488,2026-10-01 10:38:24,actions-trading,선행매집,005690,skip,below_anchor,cf51fdf2a5e0
14923488,2026-10-01 10:38:24,actions-trading,선행매집,002700,skip,amount,692c036debd8
14923488,2026-10-01 10:38:24,actions-trading,선행매집,001210,skip,below_anchor,4f81bf55fd6f
14923488,2026-10-01 10:38:24,actions-trading,선행매집,008350,skip,amount,657b6d3373ef
14923488,2026-10-01 10:38:24,actions-trading,선행매집,001820,skip,below_anchor,b722600a19af
14923488,2026-10-01 10:38:24,actions-trading,선행매집,003280,skip,below_anchor,a02f51e8a5cb
14923488,2026-10-01 10:38:24,actions-trading,선행매집,004710,skip,below_anchor,96d127912128
14923488,2026-10-01 10:38:24,actions-trading,선행매집,003780,skip,amount,8d8b0ea64c67
14923488,2026-10-01 10:38:24,actions-trading,선행매집,092220,skip,amount,6a052b0d84c7
14923488,2026-10-01 10:38:24,actions-trading,선행매집,089860,skip,no_setup,6ef65117fcb0
14923488,2026-10-01 10:38:24,actions-trading,선행매집,093050,skip,no_setup,5f90280d88c8
14923488,2026-10-01 10:38:24,actions-trading,선행매집,001510,skip,below_anchor,e80364bee48b
14923488,2026-10-01 10:38:24,actions-trading,선행매집,051910,skip,below_anchor,0a1af22ff481
14923488,2026-10-01 10:38:24,actions-trading,선행매집,004770,skip,amount,cb2f6fe28270
14923488,2026-10-01 10:38:24,actions-trading,선행매집,093370,skip,below_anchor,06d0eae769e7
14923488,2026-10-01 10:38:24,actions-trading,선행매집,035000,skip,amount,89f19ce11bf1
14923488,2026-10-01 10:38:24,actions-trading,Sim9,_gate,skip,outside_entry_window,e3b0c44298fc
14923488,2026-10-01 10:38:24,actions-trading,Sim9,084010,seen,,558f04928d08
14923488,2026-10-01 10:38:24,actions-trading,Sim9,005030,seen,,00159a7589a5
14923488,2026-10-01 10:38:24,actions-trading,Sim9,192650,seen,,f0f03696f20e
14923488,2026-10-01 10:38:24,actions-trading,Sim9,036570,seen,,ff7832db79a0
14923488,2026-10-01 10:38:24,actions-trading,Sim9,0126Z0,seen,,354fc2658b1e
14923488,2026-10-01 10:38:24,actions-trading,Sim9,109070,seen,,80b5ad4724b4
14923488,2026-10-01 10:38:24,actions-trading,Sim9,004105,seen,,6f7d7d519794
14923488,2026-10-01 10:38:24,actions-trading,Sim9,009420,seen,,684bbb47f1bf
14923488,2026-10-01 10:38:24,actions-trading,Sim9,093050,seen,,5f90280d88c8
14923488,2026-10-01 10:38:24,actions-trading,Sim9,003160,seen,,cd72ad30e606
14923488,2026-10-01 10:38:24,actions-trading,Sim9,002240,seen,,72f81a830233
14923488,2026-10-01 10:38:24,actions-trading,Sim9,248070,seen,,8195ca0e82cd
14923488,2026-10-01 10:38:24,actions-trading,Sim9,004710,seen,,96d127912128
14923488,2026-10-01 10:38:24,actions-trading,Sim9,001820,seen,,b722600a19af
14923488,2026-10-01 10:38:24,actions-trading,Sim9,012200,seen,,cf1a48df7355
14923488,2026-10-01 10:38:24,actions-trading,Sim9,460860,seen,,371ad332cf69
14923488,2026-10-01 10:38:24,actions-trading,Sim9,005850,seen,,4a763e7c26b2
14923488,2026-10-01 10:38:24,actions-trading,Sim9,000760,seen,,788d352f1e28
14923488,2026-10-01 10:38:24,actions-trading,Sim9,077500,seen,,3e711a8e449c
14923488,2026-10-01 10:38:24,actions-trading,Sim9,181710,seen,,3203753d841f
14923488,2026-10-01 10:38:24,actions-trading,Sim9,001360,seen,,60e0fdf78823
14923488,2026-10-01 10:38:24,actions-trading,Sim9,012030,seen,,b475a1f0a0e7
14923488,2026-10-01 10:38:24,actions-trading,Sim9,480370,seen,,e8db3f0f9dd0
14923488,2026-10-01 10:38:24,actions-trading,Sim9,006280,seen,,8811c818824b
14923488,2026-10-01 10:38:24,actions-trading,Sim9,055490,seen,,04a2b9bf6b6f
14923488,2026-10-01 10:38:24,actions-trading,Sim9,014680,seen,,68668275aa1c
14923488,2026-10-01 10:38:24,actions-trading,Sim9,003465,seen,,e033d4043cbc
14923488,2026-10-01 10:38:24,actions-trading,Sim9,0120G0,seen,,23052ec2ab24
14923488,2026-10-01 10:38:24,actions-trading,Sim9,015590,seen,,d49384f49707
14923488,2026-10-01 10:38:24,actions-trading,Sim9,011930,seen,,dadc5b870f16
14923488,2026-10-01 10:38:24,actions-trading,미너비니,192820,skip,below_pivot,fc04322382be
14923488,2026-10-01 10:38:24,actions-trading,미너비니,443060,skip,below_pivot,a7fd9ef3a7a7
14923488,2026-10-01 10:38:24,actions-trading,미너비니,020120,skip,below_pivot,e5de5c450077
14923488,2026-10-01 10:38:24,actions-trading,Sim12,084010,skip,avoid_frgn_sell_20d,558f04928d08
14923488,2026-10-01 10:38:24,actions-trading,Sim12,005030,skip,avoid_amount_dry,00159a7589a5
14923488,2026-10-01 10:38:24,actions-trading,Sim12,192650,skip,pb2_not_crashed,f0f03696f20e
14923488,2026-10-01 10:38:24,actions-trading,Sim12,036570,skip,pb2_not_crashed,ff7832db79a0
14923488,2026-10-01 10:38:24,actions-trading,Sim12,0126Z0,skip,avoid_frgn_sell_20d,354fc2658b1e
14923488,2026-10-01 10:38:24,actions-trading,Sim12,109070,skip,pb2_not_crashed,80b5ad4724b4
14923488,2026-10-01 10:38:24,actions-trading,Sim12,004105,skip,pb2_not_crashed,6f7d7d519794
14923488,2026-10-01 10:38:24,actions-trading,Sim12,009420,skip,avoid_amount_dry,684bbb47f1bf
14923488,2026-10-01 10:38:24,actions-trading,Sim12,093050,skip,avoid_frgn_sell_20d,5f90280d88c8
14923488,2026-10-01 10:38:24,actions-trading,Sim12,003160,skip,pb2_not_crashed,cd72ad30e606
14923488,2026-10-01 10:38:24,actions-trading,Sim12,002240,skip,avoid_frgn_sell_20d,72f81a830233
14923488,2026-10-01 10:38:24,actions-trading,Sim12,248070,skip,avoid_frgn_sell_20d,8195ca0e82cd
14923488,2026-10-01 10:38:24,actions-trading,Sim12,004710,skip,avoid_frgn_sell_20d,96d127912128
14923488,2026-10-01 10:38:24,actions-trading,Sim12,001820,skip,avoid_amount_dry,b722600a19af
14923488,2026-10-01 10:38:24,actions-trading,Sim12,012200,skip,avoid_deadcat,cf1a48df7355
14923488,2026-10-01 10:38:24,actions-trading,Sim12,460860,skip,avoid_frgn_sell_20d,371ad332cf69
14923488,2026-10-01 10:38:24,actions-trading,Sim12,005850,skip,pb2_not_crashed,4a763e7c26b2
14923488,2026-10-01 10:38:24,actions-trading,Sim12,000760,skip,avoid_amount_dry,788d352f1e28
14923488,2026-10-01 10:38:24,actions-trading,Sim12,077500,skip,avoid_amount_dry,3e711a8e449c
14923488,2026-10-01 10:38:24,actions-trading,Sim12,181710,skip,avoid_amount_dry,3203753d841f
14923488,2026-10-01 10:38:24,actions-trading,Sim12,001360,skip,pb2_not_crashed,60e0fdf78823
14923488,2026-10-01 10:38:24,actions-trading,Sim12,012030,skip,avoid_frgn_sell_20d,b475a1f0a0e7
14923488,2026-10-01 10:38:24,actions-trading,Sim12,480370,skip,avoid_amount_dry,e8db3f0f9dd0
14923488,2026-10-01 10:38:24,actions-trading,Sim12,006280,skip,avoid_amount_dry,8811c818824b
14923488,2026-10-01 10:38:24,actions-trading,Sim12,055490,skip,avoid_frgn_sell_20d,04a2b9bf6b6f
14923488,2026-10-01 10:38:24,actions-trading,Sim12,014680,skip,avoid_amount_dry,68668275aa1c
14923488,2026-10-01 10:38:24,actions-trading,Sim12,003465,skip,avoid_amount_dry,e033d4043cbc
14923488,2026-10-01 10:38:24,actions-trading,Sim12,0120G0,skip,avoid_amount_dry,23052ec2ab24
14923488,2026-10-01 10:38:24,actions-trading,Sim12,015590,skip,avoid_amount_dry,d49384f49707
14923488,2026-10-01 10:38:24,actions-trading,Sim12,011930,skip,pb2_not_crashed,dadc5b870f16
14923488,2026-10-01 10:38:24,actions-trading,Sim12,009190,skip,avoid_amount_dry,7a27becc67e3
14923488,2026-10-01 10:38:24,actions-trading,Sim12,051630,skip,avoid_amount_dry,f225f26f9837
14923488,2026-10-01 10:38:24,actions-trading,Sim12,002820,skip,pb2_thin_liquidity,47db03cf7e93
14923488,2026-10-01 10:38:24,actions-trading,Sim12,071090,skip,pb2_not_crashed,096a525b9adb
14923488,2026-10-01 10:38:24,actions-trading,Sim12,002787,skip,avoid_amount_dry,d7825eb4fac2
14923488,2026-10-01 10:38:24,actions-trading,Sim12,010640,skip,avoid_amount_dry,b72a6c915a81
14923488,2026-10-01 10:38:24,actions-trading,Sim12,452260,skip,avoid_amount_dry,8fa3e5a1dff2
14923488,2026-10-01 10:38:24,actions-trading,Sim12,007110,skip,avoid_amount_dry,6c9a8d8555dc
14923488,2026-10-01 10:38:24,actions-trading,Sim12,002690,skip,avoid_frgn_sell_20d,14e10141c71c
14923488,2026-10-01 10:38:24,actions-trading,Sim12,003580,skip,avoid_amount_dry,8955e739488a
14923488,2026-10-01 10:38:24,actions-trading,Sim12,003780,skip,avoid_frgn_sell_20d,8d8b0ea64c67
14923488,2026-10-01 10:38:24,actions-trading,Sim12,487570,skip,pb2_not_crashed,c3ee203c7644
14923488,2026-10-01 10:38:24,actions-trading,Sim12,005010,skip,pb2_not_crashed,cc5f9e9d7ac7
14923488,2026-10-01 10:38:24,actions-trading,Sim12,092790,skip,pb2_not_crashed,3e99dc104fa2
14923488,2026-10-01 10:38:24,actions-trading,Sim12,003075,skip,pb2_not_crashed,a7ddc6326898
14923488,2026-10-01 10:38:24,actions-trading,Sim12,003030,skip,pb2_not_crashed,078e49226ca9
14923488,2026-10-01 10:38:24,actions-trading,Sim12,009460,skip,avoid_amount_dry,3ed0d15bed5f
14923488,2026-10-01 10:38:24,actions-trading,Sim12,010950,skip,avoid_amount_dry,b5ecd3191951
14923488,2026-10-01 10:38:24,actions-trading,Sim12,316140,skip,avoid_amount_dry,a1976241fefc
14923488,2026-10-01 10:38:24,actions-trading,Sim12,001770,skip,avoid_amount_dry,5c570d8b65d4
14923488,2026-10-01 10:38:24,actions-trading,Sim12,006260,skip,avoid_amount_dry,86bfcc3cd289
14923488,2026-10-01 10:38:24,actions-trading,Sim12,006200,skip,pb2_thin_liquidity,1dc5880261ab
14923488,2026-10-01 10:38:24,actions-trading,Sim12,456040,skip,avoid_amount_dry,f6d9b98181a1
14923488,2026-10-01 10:38:24,actions-trading,Sim12,014280,skip,avoid_amount_dry,21a7c9510b68
14923488,2026-10-01 10:38:24,actions-trading,Sim12,00088K,skip,avoid_amount_dry,22200b8c1468
14923488,2026-10-01 10:38:24,actions-trading,Sim12,002995,skip,avoid_amount_dry,3b0152ab65d2
14923488,2026-10-01 10:38:24,actions-trading,Sim12,078930,skip,avoid_amount_dry,8029bad6526a
14923488,2026-10-01 10:38:24,actions-trading,Sim12,002785,skip,avoid_amount_dry,87c9c8f05927
14923488,2026-10-01 10:38:24,actions-trading,Sim12,317400,skip,avoid_amount_dry,b4d2292d8351
14923488,2026-10-01 10:38:24,actions-trading,Sim12,457190,skip,avoid_frgn_sell_20d,e04ad04badaa
14923488,2026-10-01 10:38:25,actions-trading,Sim13,084010,skip,theme_momentum_weak,558f04928d08
14923488,2026-10-01 10:38:25,actions-trading,Sim13,005030,skip,theme_momentum_weak,00159a7589a5
14923488,2026-10-01 10:38:25,actions-trading,Sim13,192650,skip,no_frgn_support,f0f03696f20e
14923488,2026-10-01 10:38:25,actions-trading,Sim13,036570,skip,theme_momentum_weak,ff7832db79a0
14923488,2026-10-01 10:38:25,actions-trading,Sim13,0126Z0,skip,theme_momentum_weak,354fc2658b1e
14923488,2026-10-01 10:38:25,actions-trading,Sim13,109070,skip,amount_not_surprised,80b5ad4724b4
14923488,2026-10-01 10:38:25,actions-trading,Sim13,004105,skip,no_frgn_support,6f7d7d519794
14923488,2026-10-01 10:38:25,actions-trading,Sim13,009420,skip,theme_momentum_weak,684bbb47f1bf
14923488,2026-10-01 10:38:25,actions-trading,Sim13,093050,skip,theme_momentum_weak,5f90280d88c8
14923488,2026-10-01 10:38:25,actions-trading,Sim13,003160,skip,no_frgn_support,cd72ad30e606
14923488,2026-10-01 10:38:25,actions-trading,Sim13,002240,skip,theme_momentum_weak,72f81a830233
14923488,2026-10-01 10:38:25,actions-trading,Sim13,248070,skip,theme_momentum_weak,8195ca0e82cd
14923488,2026-10-01 10:38:25,actions-trading,Sim13,004710,skip,amount_not_surprised,96d127912128
14923488,2026-10-01 10:38:25,actions-trading,Sim13,001820,skip,adx_weak,b722600a19af
14923488,2026-10-01 10:38:25,actions-trading,Sim13,012200,skip,theme_momentum_weak,cf1a48df7355
14923488,2026-10-01 10:38:25,actions-trading,Sim13,460860,skip,theme_momentum_weak,371ad332cf69
14923488,2026-10-01 10:38:25,actions-trading,Sim13,005850,skip,theme_momentum_weak,4a763e7c26b2
14923488,2026-10-01 10:38:25,actions-trading,Sim13,000760,skip,theme_momentum_weak,788d352f1e28
14923488,2026-10-01 10:38:25,actions-trading,Sim13,077500,skip,held_or_cooldown,3e711a8e449c
14923488,2026-10-01 10:38:25,actions-trading,Sim13,181710,skip,theme_momentum_weak,3203753d841f
14923488,2026-10-01 10:38:25,actions-trading,Sim13,001360,skip,theme_momentum_weak,60e0fdf78823
14923488,2026-10-01 10:38:25,actions-trading,Sim13,012030,skip,adx_weak,b475a1f0a0e7
14923488,2026-10-01 10:38:25,actions-trading,Sim13,480370,skip,adx_weak,e8db3f0f9dd0
14923488,2026-10-01 10:38:25,actions-trading,Sim13,006280,skip,theme_momentum_weak,8811c818824b
14923488,2026-10-01 10:38:25,actions-trading,Sim13,055490,skip,theme_momentum_weak,04a2b9bf6b6f
14923488,2026-10-01 10:38:25,actions-trading,Sim13,014680,skip,amount_not_surprised,68668275aa1c
14923488,2026-10-01 10:38:25,actions-trading,Sim13,003465,skip,theme_momentum_weak,e033d4043cbc
14923488,2026-10-01 10:38:25,actions-trading,Sim13,0120G0,skip,theme_momentum_weak,23052ec2ab24
14923488,2026-10-01 10:38:25,actions-trading,Sim13,015590,skip,amount_not_surprised,d49384f49707
14923488,2026-10-01 10:38:25,actions-trading,Sim13,011930,skip,theme_momentum_weak,dadc5b870f16
14923489,2026-10-01 10:39:43,actions-trading,Sim3,402340,skip,adx,d49c9509465c
14923489,2026-10-01 10:39:43,actions-trading,Sim3,383800,skip,amount,800d52b96d06
14923489,2026-10-01 10:39:43,actions-trading,Sim3,462870,skip,amount,054f86978677
14923489,2026-10-01 10:39:43,actions-trading,Sim3,000660,skip,qty_zero,8f436b46fb49
14923489,2026-10-01 10:39:43,actions-trading,Sim3,071970,skip,held_or_sold_today,b7b7e32459f2
14923489,2026-10-01 10:39:43,actions-trading,Sim3,042700,skip,not_cheap,e345d49a5faf
14923489,2026-10-01 10:39:43,actions-trading,Sim3,326030,skip,amount,2d77071a36c8
14923489,2026-10-01 10:39:43,actions-trading,Sim3,207940,skip,not_cheap,1ded177c2764
14923489,2026-10-01 10:39:43,actions-trading,Sim3,033920,skip,amount,70bdbab1cd1e
14923489,2026-10-01 10:39:43,actions-trading,Sim3,004770,skip,amount,13d4e629d877
14923489,2026-10-01 10:39:43,actions-trading,Sim3,0126Z0,skip,not_cheap,ddc615d3294c
14923489,2026-10-01 10:39:43,actions-trading,Sim3,062040,skip,not_cheap,9b1c4dc8e7b7
14923489,2026-10-01 10:39:43,actions-trading,Sim3,317450,skip,amount,f367dcf6811e
14923489,2026-10-01 10:39:43,actions-trading,Sim3,026960,skip,amount,e51c762e211a
14923489,2026-10-01 10:39:43,actions-trading,Sim3,021820,skip,amount,b52c3293dec7
14923489,2026-10-01 10:39:43,actions-trading,Sim3,192080,skip,amount,44c0998eff55
14923489,2026-10-01 10:39:43,actions-trading,Sim3,068270,skip,held_or_sold_today,54d89e6e10a9
14923489,2026-10-01 10:39:43,actions-trading,Sim3,123890,skip,amount,540c8c81fd06
14923489,2026-10-01 10:39:43,actions-trading,Sim3,000240,skip,amount,10d659b0c642
14923489,2026-10-01 10:39:43,actions-trading,Sim3,002380,skip,held_or_sold_today,19d3584a9044
14923489,2026-10-01 10:39:43,actions-trading,Sim3,009770,skip,amount,347bb6b9d1c4
14923489,2026-10-01 10:39:43,actions-trading,Sim3,259960,skip,held_or_sold_today,e5ef811af6e8
14923489,2026-10-01 10:39:43,actions-trading,Sim3,035250,skip,amount,a30d889b3fc4
14923489,2026-10-01 10:39:43,actions-trading,Sim3,383220,skip,amount,95567c1b3d94
14923489,2026-10-01 10:39:43,actions-trading,Sim3,226320,skip,amount,c2a080185192
14923489,2026-10-01 10:39:43,actions-trading,Sim3,439260,skip,amount,6da54c287f04
14923489,2026-10-01 10:39:43,actions-trading,Sim3,025560,skip,cooldown,40c68cabd73d
14923489,2026-10-01 10:39:43,actions-trading,Sim3,007700,skip,amount,d984d75a0a79
14923489,2026-10-01 10:39:43,actions-trading,Sim3,278470,skip,not_cheap,3295b35c1c8e
14923489,2026-10-01 10:39:43,actions-trading,Sim3,000990,skip,not_cheap,011f1cbd038c
14923489,2026-10-01 10:40:24,actions-trading,MFHS2,028670,skip,max_holdings,e2cbe0b82859
14923489,2026-10-01 10:40:24,actions-trading,MFHS2,018880,seen,,e790b03f248a
14923489,2026-10-01 10:40:24,actions-trading,MFHS2,003160,seen,,abc7f57b0ec6
14923489,2026-10-01 10:40:24,actions-trading,MFHS2,005935,seen,,be1556d63b0a
14923489,2026-10-01 10:40:24,actions-trading,MFHS2,002990,seen,,ca6f7c76223b
14923489,2026-10-01 10:40:24,actions-trading,MFHS2,011200,seen,,023827e1f45e
14923489,2026-10-01 10:40:24,actions-trading,MFHS2,248070,seen,,a5b61995e397
14923489,2026-10-01 10:40:24,actions-trading,MFHS2,034220,seen,,0845d0d53e12
14923489,2026-10-01 10:40:24,actions-trading,MFHS2,192650,seen,,69c8bc3d7301
14923489,2026-10-01 10:40:24,actions-trading,MFHS2,068270,seen,,59872e71ca1d
14923489,2026-10-01 10:40:24,actions-trading,MFHS2,030000,seen,,64733e3dda7b
14923489,2026-10-01 10:40:24,actions-trading,MFHS2,001250,seen,,bc5bace2dbc6
14923489,2026-10-01 10:40:24,actions-trading,MFHS2,009830,seen,,d14061888fc0
14923489,2026-10-01 10:40:24,actions-trading,MFHS2,004710,seen,,7c6d31323e00
14923489,2026-10-01 10:40:24,actions-trading,MFHS2,005880,seen,,3f5a7934dba7
14923489,2026-10-01 10:40:24,actions-trading,MFHS2,005690,seen,,1e20938b9e35
14923489,2026-10-01 10:40:24,actions-trading,MFHS2,093370,seen,,b7e18eaff084
14923489,2026-10-01 10:40:24,actions-trading,MFHS2,002700,seen,,a0b6176f75bd
14923489,2026-10-01 10:40:24,actions-trading,MFHS2,008350,seen,,5d11347630c9
14923489,2026-10-01 10:40:24,actions-trading,MFHS2,003280,seen,,dcbe6e87c31f
14923489,2026-10-01 10:40:24,actions-trading,MFHS2,001820,seen,,79d55e7c7c4c
14923489,2026-10-01 10:40:24,actions-trading,MFHS2,001210,seen,,a4a693bafa55
14923489,2026-10-01 10:40:24,actions-trading,MFHS2,003780,seen,,77023e9715df
14923489,2026-10-01 10:40:24,actions-trading,MFHS2,001510,seen,,fd542420b923
14923489,2026-10-01 10:40:24,actions-trading,MFHS2,089860,seen,,fe3e97de763d
14923489,2026-10-01 10:40:24,actions-trading,MFHS2,086790,seen,,854f4c2b27bf
14923489,2026-10-01 10:40:24,actions-trading,MFHS2,092220,seen,,7580fc655aeb
14923489,2026-10-01 10:40:24,actions-trading,MFHS2,093050,seen,,08bf95b6e6ae
14923489,2026-10-01 10:40:24,actions-trading,MFHS2,035000,seen,,545c42e2ecd6
14923489,2026-10-01 10:40:24,actions-trading,MFHS2,004310,seen,,4f8c8e08f8db
14923489,2026-10-01 10:40:26,actions-trading,상승모멘텀,084010,skip,max_holdings,357d7c4ad96d
14923489,2026-10-01 10:40:26,actions-trading,상승모멘텀,005030,seen,,00159a7589a5
14923489,2026-10-01 10:40:26,actions-trading,상승모멘텀,192650,seen,,69c8bc3d7301
14923489,2026-10-01 10:40:26,actions-trading,상승모멘텀,036570,seen,,bb23a9c48c88
14923489,2026-10-01 10:40:26,actions-trading,상승모멘텀,0126Z0,seen,,a16c5b6e0e2c
14923489,2026-10-01 10:40:26,actions-trading,상승모멘텀,004105,seen,,74d237995a83
14923489,2026-10-01 10:40:26,actions-trading,상승모멘텀,109070,seen,,8d0db8614220
14923489,2026-10-01 10:40:26,actions-trading,상승모멘텀,093050,seen,,08bf95b6e6ae
14923489,2026-10-01 10:40:26,actions-trading,상승모멘텀,009420,seen,,a0080d22b10d
14923489,2026-10-01 10:40:26,actions-trading,상승모멘텀,002240,seen,,c3cd677bb01f
14923489,2026-10-01 10:40:26,actions-trading,상승모멘텀,480370,seen,,a23839e88122
14923489,2026-10-01 10:40:26,actions-trading,상승모멘텀,248070,seen,,a5b61995e397
14923489,2026-10-01 10:40:26,actions-trading,상승모멘텀,003160,seen,,abc7f57b0ec6
14923489,2026-10-01 10:40:26,actions-trading,상승모멘텀,004710,seen,,7c6d31323e00
14923489,2026-10-01 10:40:26,actions-trading,상승모멘텀,460860,seen,,ca2afd705a2a
14923489,2026-10-01 10:40:26,actions-trading,상승모멘텀,012200,seen,,67a986e7f56f
14923489,2026-10-01 10:40:26,actions-trading,상승모멘텀,000760,seen,,788d352f1e28
14923489,2026-10-01 10:40:26,actions-trading,상승모멘텀,181710,seen,,1dc86d742924
14923489,2026-10-01 10:40:26,actions-trading,상승모멘텀,001820,seen,,79d55e7c7c4c
14923489,2026-10-01 10:40:26,actions-trading,상승모멘텀,077500,seen,,5a27e32a666b
14923489,2026-10-01 10:40:26,actions-trading,상승모멘텀,005850,seen,,84ff65c870e0
14923489,2026-10-01 10:40:26,actions-trading,상승모멘텀,001360,seen,,2b2c619deded
14923489,2026-10-01 10:40:26,actions-trading,상승모멘텀,055490,seen,,f10c366ce488
14923489,2026-10-01 10:40:26,actions-trading,상승모멘텀,006280,seen,,a7ed673ae20a
14923489,2026-10-01 10:40:26,actions-trading,상승모멘텀,012030,seen,,63b1138754f5
14923489,2026-10-01 10:40:26,actions-trading,상승모멘텀,014680,seen,,cd41b824e973
14923489,2026-10-01 10:40:26,actions-trading,상승모멘텀,079550,seen,,918329be22e4
14923489,2026-10-01 10:40:26,actions-trading,상승모멘텀,015590,seen,,d43633347042
14923489,2026-10-01 10:40:26,actions-trading,상승모멘텀,003465,seen,,e033d4043cbc
14923489,2026-10-01 10:40:26,actions-trading,상승모멘텀,003120,seen,,6f2992b306bd
14923489,2026-10-01 10:40:26,actions-trading,Sim4-1,084010,skip,period,357d7c4ad96d
14923489,2026-10-01 10:40:26,actions-trading,Sim4-1,005030,skip,amount,00159a7589a5
14923489,2026-10-01 10:40:26,actions-trading,Sim4-1,192650,skip,period,69c8bc3d7301
14923489,2026-10-01 10:40:26,actions-trading,Sim4-1,036570,skip,period,bb23a9c48c88
14923489,2026-10-01 10:40:26,actions-trading,Sim4-1,0126Z0,skip,adx_high,a16c5b6e0e2c
14923489,2026-10-01 10:40:26,actions-trading,Sim4-1,004105,skip,amount,74d237995a83
14923489,2026-10-01 10:40:26,actions-trading,Sim4-1,109070,skip,amount,8d0db8614220
14923489,2026-10-01 10:40:26,actions-trading,Sim4-1,093050,skip,amount,08bf95b6e6ae
14923489,2026-10-01 10:40:26,actions-trading,Sim4-1,009420,skip,period,a0080d22b10d
14923489,2026-10-01 10:40:26,actions-trading,Sim4-1,002240,skip,amount,c3cd677bb01f
14923489,2026-10-01 10:40:26,actions-trading,Sim4-1,480370,skip,amount,a23839e88122
14923489,2026-10-01 10:40:26,actions-trading,Sim4-1,248070,skip,period,a5b61995e397
14923489,2026-10-01 10:40:26,actions-trading,Sim4-1,003160,skip,held_or_cooldown,abc7f57b0ec6
14923489,2026-10-01 10:40:26,actions-trading,Sim4-1,004710,skip,adx_high,7c6d31323e00
14923489,2026-10-01 10:40:26,actions-trading,Sim4-1,460860,skip,adx_high,ca2afd705a2a
14923489,2026-10-01 10:40:26,actions-trading,Sim4-1,012200,skip,amount,67a986e7f56f
14923489,2026-10-01 10:40:26,actions-trading,Sim4-1,000760,skip,amount,788d352f1e28
14923489,2026-10-01 10:40:26,actions-trading,Sim4-1,181710,skip,adx_high,1dc86d742924
14923489,2026-10-01 10:40:26,actions-trading,Sim4-1,001820,skip,adx_low,79d55e7c7c4c
14923489,2026-10-01 10:40:26,actions-trading,Sim4-1,077500,skip,amount,5a27e32a666b
14923489,2026-10-01 10:40:26,actions-trading,Sim4-1,005850,skip,amount,84ff65c870e0
14923489,2026-10-01 10:40:26,actions-trading,Sim4-1,001360,skip,amount,2b2c619deded
14923489,2026-10-01 10:40:26,actions-trading,Sim4-1,055490,skip,amount,f10c366ce488
14923489,2026-10-01 10:40:26,actions-trading,Sim4-1,006280,skip,amount,a7ed673ae20a
14923489,2026-10-01 10:40:26,actions-trading,Sim4-1,012030,skip,amount,63b1138754f5
14923489,2026-10-01 10:40:26,actions-trading,Sim4-1,014680,skip,adx_high,cd41b824e973
14923489,2026-10-01 10:40:26,actions-trading,Sim4-1,079550,skip,adx_high,918329be22e4
14923489,2026-10-01 10:40:26,actions-trading,Sim4-1,015590,skip,amount,d43633347042
14923489,2026-10-01 10:40:26,actions-trading,Sim4-1,003465,skip,amount,e033d4043cbc
14923489,2026-10-01 10:40:26,actions-trading,Sim4-1,003120,skip,amount,6f2992b306bd
14923489,2026-10-01 10:40:28,actions-trading,선행매집,028670,skip,no_setup,e2cbe0b82859
14923489,2026-10-01 10:40:28,actions-trading,선행매집,018880,skip,below_anchor,e790b03f248a
14923489,2026-10-01 10:40:28,actions-trading,선행매집,192650,skip,no_setup,69c8bc3d7301
14923489,2026-10-01 10:40:28,actions-trading,선행매집,009830,skip,below_anchor,d14061888fc0
14923489,2026-10-01 10:40:28,actions-trading,선행매집,011200,skip,below_anchor,023827e1f45e
14923489,2026-10-01 10:40:28,actions-trading,선행매집,003160,skip,no_setup,abc7f57b0ec6
14923489,2026-10-01 10:40:28,actions-trading,선행매집,005935,skip,below_anchor,be1556d63b0a
14923489,2026-10-01 10:40:28,actions-trading,선행매집,002990,skip,below_anchor,ca6f7c76223b
14923489,2026-10-01 10:40:28,actions-trading,선행매집,068270,skip,below_anchor,59872e71ca1d
14923489,2026-10-01 10:40:28,actions-trading,선행매집,034220,skip,below_anchor,0845d0d53e12
14923489,2026-10-01 10:40:28,actions-trading,선행매집,248070,skip,below_anchor,a5b61995e397
14923489,2026-10-01 10:40:28,actions-trading,선행매집,030000,skip,below_anchor,64733e3dda7b
14923489,2026-10-01 10:40:28,actions-trading,선행매집,001250,skip,below_anchor,bc5bace2dbc6
14923489,2026-10-01 10:40:28,actions-trading,선행매집,005880,skip,amount,3f5a7934dba7
14923489,2026-10-01 10:40:28,actions-trading,선행매집,005690,skip,below_anchor,1e20938b9e35
14923489,2026-10-01 10:40:28,actions-trading,선행매집,002700,skip,amount,a0b6176f75bd
14923489,2026-10-01 10:40:28,actions-trading,선행매집,001210,skip,below_anchor,a4a693bafa55
14923489,2026-10-01 10:40:28,actions-trading,선행매집,008350,skip,amount,5d11347630c9
14923489,2026-10-01 10:40:28,actions-trading,선행매집,001820,skip,below_anchor,79d55e7c7c4c
14923489,2026-10-01 10:40:28,actions-trading,선행매집,003280,skip,below_anchor,dcbe6e87c31f
14923489,2026-10-01 10:40:28,actions-trading,선행매집,004710,skip,below_anchor,7c6d31323e00
14923489,2026-10-01 10:40:28,actions-trading,선행매집,003780,skip,amount,77023e9715df
14923489,2026-10-01 10:40:28,actions-trading,선행매집,092220,skip,amount,7580fc655aeb
14923489,2026-10-01 10:40:28,actions-trading,선행매집,089860,skip,no_setup,fe3e97de763d
14923489,2026-10-01 10:40:28,actions-trading,선행매집,093050,skip,no_setup,08bf95b6e6ae
14923489,2026-10-01 10:40:28,actions-trading,선행매집,001510,skip,below_anchor,fd542420b923
14923489,2026-10-01 10:40:28,actions-trading,선행매집,051910,skip,below_anchor,07b060747a0d
14923489,2026-10-01 10:40:28,actions-trading,선행매집,004770,skip,amount,15e73cc54709
14923489,2026-10-01 10:40:28,actions-trading,선행매집,093370,skip,below_anchor,b7e18eaff084
14923489,2026-10-01 10:40:28,actions-trading,선행매집,035000,skip,amount,545c42e2ecd6
14923489,2026-10-01 10:40:28,actions-trading,Sim9,_gate,skip,outside_entry_window,e3b0c44298fc
14923489,2026-10-01 10:40:28,actions-trading,Sim9,084010,seen,,357d7c4ad96d
14923489,2026-10-01 10:40:28,actions-trading,Sim9,005030,seen,,00159a7589a5
14923489,2026-10-01 10:40:28,actions-trading,Sim9,192650,seen,,69c8bc3d7301
14923489,2026-10-01 10:40:28,actions-trading,Sim9,036570,seen,,bb23a9c48c88
14923489,2026-10-01 10:40:28,actions-trading,Sim9,0126Z0,seen,,a16c5b6e0e2c
14923489,2026-10-01 10:40:28,actions-trading,Sim9,004105,seen,,74d237995a83
14923489,2026-10-01 10:40:28,actions-trading,Sim9,109070,seen,,8d0db8614220
14923489,2026-10-01 10:40:28,actions-trading,Sim9,093050,seen,,08bf95b6e6ae
14923489,2026-10-01 10:40:28,actions-trading,Sim9,009420,seen,,a0080d22b10d
14923489,2026-10-01 10:40:28,actions-trading,Sim9,002240,seen,,c3cd677bb01f
14923489,2026-10-01 10:40:28,actions-trading,Sim9,480370,seen,,a23839e88122
14923489,2026-10-01 10:40:28,actions-trading,Sim9,248070,seen,,a5b61995e397
14923489,2026-10-01 10:40:28,actions-trading,Sim9,003160,seen,,abc7f57b0ec6
14923489,2026-10-01 10:40:28,actions-trading,Sim9,004710,seen,,7c6d31323e00
14923489,2026-10-01 10:40:28,actions-trading,Sim9,460860,seen,,ca2afd705a2a
14923489,2026-10-01 10:40:28,actions-trading,Sim9,012200,seen,,67a986e7f56f
14923489,2026-10-01 10:40:28,actions-trading,Sim9,000760,seen,,788d352f1e28
14923489,2026-10-01 10:40:28,actions-trading,Sim9,181710,seen,,1dc86d742924
14923489,2026-10-01 10:40:28,actions-trading,Sim9,001820,seen,,79d55e7c7c4c
14923489,2026-10-01 10:40:28,actions-trading,Sim9,077500,seen,,5a27e32a666b
14923489,2026-10-01 10:40:28,actions-trading,Sim9,005850,seen,,84ff65c870e0
14923489,2026-10-01 10:40:28,actions-trading,Sim9,001360,seen,,2b2c619deded
14923489,2026-10-01 10:40:28,actions-trading,Sim9,055490,seen,,f10c366ce488
14923489,2026-10-01 10:40:28,actions-trading,Sim9,006280,seen,,a7ed673ae20a
14923489,2026-10-01 10:40:28,actions-trading,Sim9,012030,seen,,63b1138754f5
14923489,2026-10-01 10:40:28,actions-trading,Sim9,014680,seen,,cd41b824e973
14923489,2026-10-01 10:40:28,actions-trading,Sim9,079550,seen,,918329be22e4
14923489,2026-10-01 10:40:28,actions-trading,Sim9,015590,seen,,d43633347042
14923489,2026-10-01 10:40:28,actions-trading,Sim9,003465,seen,,e033d4043cbc
14923489,2026-10-01 10:40:28,actions-trading,Sim9,003120,seen,,6f2992b306bd
14923489,2026-10-01 10:40:28,actions-trading,미너비니,192820,skip,below_pivot,ac86c14fc869
14923489,2026-10-01 10:40:28,actions-trading,미너비니,443060,skip,below_pivot,4f1b44f7b261
14923489,2026-10-01 10:40:28,actions-trading,미너비니,020120,skip,below_pivot,b46e9c31f5a5
14923489,2026-10-01 10:40:29,actions-trading,Sim12,084010,skip,avoid_frgn_sell_20d,357d7c4ad96d
14923489,2026-10-01 10:40:29,actions-trading,Sim12,005030,skip,avoid_amount_dry,00159a7589a5
14923489,2026-10-01 10:40:29,actions-trading,Sim12,192650,skip,pb2_not_crashed,69c8bc3d7301
14923489,2026-10-01 10:40:29,actions-trading,Sim12,036570,skip,pb2_not_crashed,bb23a9c48c88
14923489,2026-10-01 10:40:29,actions-trading,Sim12,0126Z0,skip,avoid_frgn_sell_20d,a16c5b6e0e2c
14923489,2026-10-01 10:40:29,actions-trading,Sim12,004105,skip,pb2_not_crashed,74d237995a83
14923489,2026-10-01 10:40:29,actions-trading,Sim12,109070,skip,pb2_not_crashed,8d0db8614220
14923489,2026-10-01 10:40:29,actions-trading,Sim12,093050,skip,avoid_frgn_sell_20d,08bf95b6e6ae
14923489,2026-10-01 10:40:29,actions-trading,Sim12,009420,skip,avoid_amount_dry,a0080d22b10d
14923489,2026-10-01 10:40:29,actions-trading,Sim12,002240,skip,avoid_frgn_sell_20d,c3cd677bb01f
14923489,2026-10-01 10:40:29,actions-trading,Sim12,480370,skip,avoid_amount_dry,a23839e88122
14923489,2026-10-01 10:40:29,actions-trading,Sim12,248070,skip,avoid_frgn_sell_20d,a5b61995e397
14923489,2026-10-01 10:40:29,actions-trading,Sim12,003160,skip,pb2_not_crashed,abc7f57b0ec6
14923489,2026-10-01 10:40:29,actions-trading,Sim12,004710,skip,avoid_frgn_sell_20d,7c6d31323e00
14923489,2026-10-01 10:40:29,actions-trading,Sim12,460860,skip,avoid_frgn_sell_20d,ca2afd705a2a
14923489,2026-10-01 10:40:29,actions-trading,Sim12,012200,skip,avoid_deadcat,67a986e7f56f
14923489,2026-10-01 10:40:29,actions-trading,Sim12,000760,skip,avoid_amount_dry,788d352f1e28
14923489,2026-10-01 10:40:29,actions-trading,Sim12,181710,skip,avoid_amount_dry,1dc86d742924
14923489,2026-10-01 10:40:29,actions-trading,Sim12,001820,skip,avoid_amount_dry,79d55e7c7c4c
14923489,2026-10-01 10:40:29,actions-trading,Sim12,077500,skip,avoid_amount_dry,5a27e32a666b
14923489,2026-10-01 10:40:29,actions-trading,Sim12,005850,skip,pb2_not_crashed,84ff65c870e0
14923489,2026-10-01 10:40:29,actions-trading,Sim12,001360,skip,pb2_not_crashed,2b2c619deded
14923489,2026-10-01 10:40:29,actions-trading,Sim12,055490,skip,avoid_frgn_sell_20d,f10c366ce488
14923489,2026-10-01 10:40:29,actions-trading,Sim12,006280,skip,avoid_amount_dry,a7ed673ae20a
14923489,2026-10-01 10:40:29,actions-trading,Sim12,012030,skip,avoid_frgn_sell_20d,63b1138754f5
14923489,2026-10-01 10:40:29,actions-trading,Sim12,014680,skip,avoid_amount_dry,cd41b824e973
14923489,2026-10-01 10:40:29,actions-trading,Sim12,079550,skip,avoid_amount_dry,918329be22e4
14923489,2026-10-01 10:40:29,actions-trading,Sim12,015590,skip,avoid_amount_dry,d43633347042
14923489,2026-10-01 10:40:29,actions-trading,Sim12,003465,skip,avoid_amount_dry,e033d4043cbc
14923489,2026-10-01 10:40:29,actions-trading,Sim12,003120,skip,pb2_not_crashed,6f2992b306bd
14923489,2026-10-01 10:40:29,actions-trading,Sim12,009190,skip,avoid_amount_dry,c41f56efca77
14923489,2026-10-01 10:40:29,actions-trading,Sim12,051630,skip,avoid_amount_dry,11cfe2276601
14923489,2026-10-01 10:40:29,actions-trading,Sim12,002820,skip,pb2_thin_liquidity,1d7aae4fbf58
14923489,2026-10-01 10:40:29,actions-trading,Sim12,071090,skip,pb2_not_crashed,adcce6f363da
14923489,2026-10-01 10:40:29,actions-trading,Sim12,002787,skip,avoid_amount_dry,d7825eb4fac2
14923489,2026-10-01 10:40:29,actions-trading,Sim12,010640,skip,avoid_amount_dry,01a721ba68ec
14923489,2026-10-01 10:40:29,actions-trading,Sim12,452260,skip,avoid_amount_dry,99b031a02f6d
14923489,2026-10-01 10:40:29,actions-trading,Sim12,007110,skip,avoid_amount_dry,84fcc6f143f6
14923489,2026-10-01 10:40:29,actions-trading,Sim12,002690,skip,avoid_frgn_sell_20d,4e31c1867e8f
14923489,2026-10-01 10:40:29,actions-trading,Sim12,003780,skip,avoid_frgn_sell_20d,77023e9715df
14923489,2026-10-01 10:40:29,actions-trading,Sim12,003580,skip,avoid_amount_dry,c32e2f997d33
14923489,2026-10-01 10:40:29,actions-trading,Sim12,003030,skip,pb2_not_crashed,f48ef406530b
14923489,2026-10-01 10:40:29,actions-trading,Sim12,487570,skip,pb2_not_crashed,8cb4744ead18
14923489,2026-10-01 10:40:29,actions-trading,Sim12,003075,skip,pb2_not_crashed,e126ba1693a4
14923489,2026-10-01 10:40:29,actions-trading,Sim12,005010,skip,pb2_not_crashed,e82f758cad0f
14923489,2026-10-01 10:40:29,actions-trading,Sim12,092790,skip,pb2_not_crashed,e0a4953f595e
14923489,2026-10-01 10:40:29,actions-trading,Sim12,010950,skip,avoid_amount_dry,a0fc6f32a3ef
14923489,2026-10-01 10:40:29,actions-trading,Sim12,316140,skip,avoid_amount_dry,7280f8c041e3
14923489,2026-10-01 10:40:29,actions-trading,Sim12,014280,skip,avoid_amount_dry,41347ea13273
14923489,2026-10-01 10:40:29,actions-trading,Sim12,456040,skip,avoid_amount_dry,2c2261793c1e
14923489,2026-10-01 10:40:29,actions-trading,Sim12,001770,skip,avoid_amount_dry,5c570d8b65d4
14923489,2026-10-01 10:40:29,actions-trading,Sim12,006260,skip,avoid_amount_dry,5ba5aa8eb052
14923489,2026-10-01 10:40:29,actions-trading,Sim12,006200,skip,pb2_thin_liquidity,fe5aa54e5236
14923489,2026-10-01 10:40:29,actions-trading,Sim12,00088K,skip,avoid_amount_dry,fb63aa3049f5
14923489,2026-10-01 10:40:29,actions-trading,Sim12,002995,skip,avoid_amount_dry,3b0152ab65d2
14923489,2026-10-01 10:40:29,actions-trading,Sim12,457190,skip,avoid_frgn_sell_20d,c49394fb3bb8
14923489,2026-10-01 10:40:29,actions-trading,Sim12,078930,skip,avoid_amount_dry,1c7828ff9ad4
14923489,2026-10-01 10:40:29,actions-trading,Sim12,002785,skip,avoid_amount_dry,87c9c8f05927
14923489,2026-10-01 10:40:29,actions-trading,Sim12,024890,skip,avoid_frgn_sell_20d,cdd1754c2050
14923489,2026-10-01 10:40:29,actions-trading,Sim12,317400,skip,avoid_amount_dry,2532f9b790a4
14923489,2026-10-01 10:40:30,actions-trading,Sim13,084010,skip,theme_momentum_weak,357d7c4ad96d
14923489,2026-10-01 10:40:30,actions-trading,Sim13,005030,skip,theme_momentum_weak,00159a7589a5
14923489,2026-10-01 10:40:30,actions-trading,Sim13,192650,skip,no_frgn_support,69c8bc3d7301
14923489,2026-10-01 10:40:30,actions-trading,Sim13,036570,skip,theme_momentum_weak,bb23a9c48c88
14923489,2026-10-01 10:40:30,actions-trading,Sim13,0126Z0,skip,theme_momentum_weak,a16c5b6e0e2c
14923489,2026-10-01 10:40:30,actions-trading,Sim13,004105,skip,no_frgn_support,74d237995a83
14923489,2026-10-01 10:40:30,actions-trading,Sim13,109070,skip,amount_not_surprised,8d0db8614220
14923489,2026-10-01 10:40:30,actions-trading,Sim13,093050,skip,theme_momentum_weak,08bf95b6e6ae
14923489,2026-10-01 10:40:30,actions-trading,Sim13,009420,skip,theme_momentum_weak,a0080d22b10d
14923489,2026-10-01 10:40:30,actions-trading,Sim13,002240,skip,theme_momentum_weak,c3cd677bb01f
14923489,2026-10-01 10:40:30,actions-trading,Sim13,480370,skip,adx_weak,a23839e88122
14923489,2026-10-01 10:40:30,actions-trading,Sim13,248070,skip,theme_momentum_weak,a5b61995e397
14923489,2026-10-01 10:40:30,actions-trading,Sim13,003160,skip,no_frgn_support,abc7f57b0ec6
14923489,2026-10-01 10:40:30,actions-trading,Sim13,004710,skip,amount_not_surprised,7c6d31323e00
14923489,2026-10-01 10:40:30,actions-trading,Sim13,460860,skip,theme_momentum_weak,ca2afd705a2a
14923489,2026-10-01 10:40:30,actions-trading,Sim13,012200,skip,theme_momentum_weak,67a986e7f56f
14923489,2026-10-01 10:40:30,actions-trading,Sim13,000760,skip,theme_momentum_weak,788d352f1e28
14923489,2026-10-01 10:40:30,actions-trading,Sim13,181710,skip,theme_momentum_weak,1dc86d742924
14923489,2026-10-01 10:40:30,actions-trading,Sim13,001820,skip,adx_weak,79d55e7c7c4c
14923489,2026-10-01 10:40:30,actions-trading,Sim13,077500,skip,held_or_cooldown,5a27e32a666b
14923489,2026-10-01 10:40:30,actions-trading,Sim13,005850,skip,theme_momentum_weak,84ff65c870e0
14923489,2026-10-01 10:40:30,actions-trading,Sim13,001360,skip,theme_momentum_weak,2b2c619deded
14923489,2026-10-01 10:40:30,actions-trading,Sim13,055490,skip,theme_momentum_weak,f10c366ce488
14923489,2026-10-01 10:40:30,actions-trading,Sim13,006280,skip,theme_momentum_weak,a7ed673ae20a
14923489,2026-10-01 10:40:30,actions-trading,Sim13,012030,skip,adx_weak,63b1138754f5
14923489,2026-10-01 10:40:30,actions-trading,Sim13,014680,skip,amount_not_surprised,cd41b824e973
14923489,2026-10-01 10:40:30,actions-trading,Sim13,079550,skip,theme_momentum_weak,918329be22e4
14923489,2026-10-01 10:40:30,actions-trading,Sim13,015590,skip,amount_not_surprised,d43633347042
14923489,2026-10-01 10:40:30,actions-trading,Sim13,003465,skip,theme_momentum_weak,e033d4043cbc
14923489,2026-10-01 10:40:30,actions-trading,Sim13,003120,skip,theme_momentum_weak,6f2992b306bd
14923490,2026-10-01 10:41:57,actions-trading,Sim3,402340,skip,adx,e3fa98e68842
14923490,2026-10-01 10:41:57,actions-trading,Sim3,383800,skip,amount,cb6591c10f4d
14923490,2026-10-01 10:41:57,actions-trading,Sim3,462870,skip,amount,95556f835681
14923490,2026-10-01 10:41:57,actions-trading,Sim3,000660,skip,qty_zero,5c4e1be49098
14923490,2026-10-01 10:41:57,actions-trading,Sim3,071970,skip,held_or_sold_today,af6896f5f13c
14923490,2026-10-01 10:41:57,actions-trading,Sim3,042700,skip,not_cheap,54c2e3951acb
14923490,2026-10-01 10:41:57,actions-trading,Sim3,326030,skip,amount,f9147b6c1c63
14923490,2026-10-01 10:41:57,actions-trading,Sim3,207940,skip,not_cheap,ea5af713210c
14923490,2026-10-01 10:41:57,actions-trading,Sim3,033920,skip,amount,70bdbab1cd1e
14923490,2026-10-01 10:41:57,actions-trading,Sim3,004770,skip,amount,15e73cc54709
14923490,2026-10-01 10:41:57,actions-trading,Sim3,0126Z0,skip,not_cheap,e8b1e9f0a1ba
14923490,2026-10-01 10:41:57,actions-trading,Sim3,062040,skip,not_cheap,d4270b55cee8
14923490,2026-10-01 10:41:57,actions-trading,Sim3,317450,skip,amount,95aa18b9b9b9
14923490,2026-10-01 10:41:57,actions-trading,Sim3,026960,skip,amount,b6cfb76fad7f
14923490,2026-10-01 10:41:57,actions-trading,Sim3,021820,skip,amount,b52c3293dec7
14923490,2026-10-01 10:41:57,actions-trading,Sim3,192080,skip,amount,2ef9a810295a
14923490,2026-10-01 10:41:57,actions-trading,Sim3,068270,skip,held_or_sold_today,51048a0db248
14923490,2026-10-01 10:41:57,actions-trading,Sim3,123890,skip,amount,d9d6de7ebe62
14923490,2026-10-01 10:41:57,actions-trading,Sim3,000240,skip,amount,46a644f9c062
14923490,2026-10-01 10:41:57,actions-trading,Sim3,002380,skip,held_or_sold_today,a16bb90af3ed
14923490,2026-10-01 10:41:57,actions-trading,Sim3,009770,skip,amount,347bb6b9d1c4
14923490,2026-10-01 10:41:57,actions-trading,Sim3,259960,skip,held_or_sold_today,5eb94f53c882
14923490,2026-10-01 10:41:57,actions-trading,Sim3,035250,skip,amount,de581945523c
14923490,2026-10-01 10:41:57,actions-trading,Sim3,383220,skip,amount,47e6776559b6
14923490,2026-10-01 10:41:57,actions-trading,Sim3,226320,skip,amount,b7da14c7903f
14923490,2026-10-01 10:41:57,actions-trading,Sim3,439260,skip,amount,57e7cc7003f9
14923490,2026-10-01 10:41:57,actions-trading,Sim3,025560,skip,cooldown,820e47f35457
14923490,2026-10-01 10:41:57,actions-trading,Sim3,007700,skip,amount,7c1f2de2347d
14923490,2026-10-01 10:41:57,actions-trading,Sim3,278470,skip,not_cheap,2d178bdc43b1
14923490,2026-10-01 10:41:57,actions-trading,Sim3,000990,skip,not_cheap,254d149195dd
14923490,2026-10-01 10:42:37,actions-trading,MFHS2,028670,skip,max_holdings,9cf113c755cd
14923490,2026-10-01 10:42:37,actions-trading,MFHS2,018880,seen,,68d100f67a95
14923490,2026-10-01 10:42:37,actions-trading,MFHS2,003160,seen,,bb9fa42fa2fb
14923490,2026-10-01 10:42:37,actions-trading,MFHS2,005935,seen,,ba179bc5dd35
14923490,2026-10-01 10:42:37,actions-trading,MFHS2,002990,seen,,efa7549b044c
14923490,2026-10-01 10:42:37,actions-trading,MFHS2,011200,seen,,d33dea278490
14923490,2026-10-01 10:42:37,actions-trading,MFHS2,248070,seen,,c323369bffd8
14923490,2026-10-01 10:42:37,actions-trading,MFHS2,034220,seen,,44ebef6b1531
14923490,2026-10-01 10:42:37,actions-trading,MFHS2,192650,seen,,6d0dd04b50cf
14923490,2026-10-01 10:42:37,actions-trading,MFHS2,068270,seen,,0b7eb04587f1
14923490,2026-10-01 10:42:37,actions-trading,MFHS2,030000,seen,,f1b245c2b2c4
14923490,2026-10-01 10:42:37,actions-trading,MFHS2,001250,seen,,35e6e99cad64
14923490,2026-10-01 10:42:37,actions-trading,MFHS2,009830,seen,,cbe965aecdc2
14923490,2026-10-01 10:42:37,actions-trading,MFHS2,004710,seen,,c2b2e28a57b2
14923490,2026-10-01 10:42:37,actions-trading,MFHS2,005880,seen,,330b804c5691
14923490,2026-10-01 10:42:37,actions-trading,MFHS2,005690,seen,,24c8bb502fc1
14923490,2026-10-01 10:42:37,actions-trading,MFHS2,093370,seen,,1f5d3c13bd94
14923490,2026-10-01 10:42:37,actions-trading,MFHS2,002700,seen,,a0b6176f75bd
14923490,2026-10-01 10:42:37,actions-trading,MFHS2,008350,seen,,d39b65bb9640
14923490,2026-10-01 10:42:37,actions-trading,MFHS2,003280,seen,,9bc191d14c0f
14923490,2026-10-01 10:42:37,actions-trading,MFHS2,001820,seen,,2e7cb804c7ae
14923490,2026-10-01 10:42:37,actions-trading,MFHS2,001210,seen,,9856399a043e
14923490,2026-10-01 10:42:37,actions-trading,MFHS2,003780,seen,,101225a44b56
14923490,2026-10-01 10:42:37,actions-trading,MFHS2,001510,seen,,b7ec737d150b
14923490,2026-10-01 10:42:37,actions-trading,MFHS2,089860,seen,,03f9af015179
14923490,2026-10-01 10:42:37,actions-trading,MFHS2,086790,seen,,a7dbb294efc0
14923490,2026-10-01 10:42:37,actions-trading,MFHS2,092220,seen,,7045da78e4dc
14923490,2026-10-01 10:42:37,actions-trading,MFHS2,093050,seen,,b5cd102a36f1
14923490,2026-10-01 10:42:37,actions-trading,MFHS2,035000,seen,,413058ffb962
14923490,2026-10-01 10:42:37,actions-trading,MFHS2,004310,seen,,17b410ce7c79
14923490,2026-10-01 10:42:40,actions-trading,상승모멘텀,084010,skip,max_holdings,907a3b2473fa
14923490,2026-10-01 10:42:40,actions-trading,상승모멘텀,005030,seen,,00159a7589a5
14923490,2026-10-01 10:42:40,actions-trading,상승모멘텀,192650,seen,,6d0dd04b50cf
14923490,2026-10-01 10:42:40,actions-trading,상승모멘텀,036570,seen,,f6a2def23cbd
14923490,2026-10-01 10:42:40,actions-trading,상승모멘텀,0126Z0,seen,,7ea34a086ae4
14923490,2026-10-01 10:42:40,actions-trading,상승모멘텀,109070,seen,,599df90e9617
14923490,2026-10-01 10:42:40,actions-trading,상승모멘텀,004105,seen,,e695a41299fb
14923490,2026-10-01 10:42:40,actions-trading,상승모멘텀,248070,seen,,c323369bffd8
14923490,2026-10-01 10:42:40,actions-trading,상승모멘텀,009420,seen,,081897400bc6
14923490,2026-10-01 10:42:40,actions-trading,상승모멘텀,093050,seen,,b5cd102a36f1
14923490,2026-10-01 10:42:40,actions-trading,상승모멘텀,002240,seen,,d915d0cedf71
14923490,2026-10-01 10:42:40,actions-trading,상승모멘텀,003160,seen,,bb9fa42fa2fb
14923490,2026-10-01 10:42:40,actions-trading,상승모멘텀,460860,seen,,8e3145e1f4ea
14923490,2026-10-01 10:42:40,actions-trading,상승모멘텀,480370,seen,,1c24a1fb880e
14923490,2026-10-01 10:42:40,actions-trading,상승모멘텀,004710,seen,,c2b2e28a57b2
14923490,2026-10-01 10:42:40,actions-trading,상승모멘텀,001820,seen,,2e7cb804c7ae
14923490,2026-10-01 10:42:40,actions-trading,상승모멘텀,000760,seen,,788d352f1e28
14923490,2026-10-01 10:42:40,actions-trading,상승모멘텀,077500,seen,,3c307e96fc85
14923490,2026-10-01 10:42:40,actions-trading,상승모멘텀,181710,seen,,c025d55926dc
14923490,2026-10-01 10:42:40,actions-trading,상승모멘텀,006280,seen,,4889f21adef8
14923490,2026-10-01 10:42:40,actions-trading,상승모멘텀,005850,seen,,17dab62932ae
14923490,2026-10-01 10:42:40,actions-trading,상승모멘텀,012200,seen,,31c81ce73061
14923490,2026-10-01 10:42:40,actions-trading,상승모멘텀,055490,seen,,f10c366ce488
14923490,2026-10-01 10:42:40,actions-trading,상승모멘텀,012030,seen,,08b7e132c893
14923490,2026-10-01 10:42:40,actions-trading,상승모멘텀,001360,seen,,0d9492428646
14923490,2026-10-01 10:42:40,actions-trading,상승모멘텀,014680,seen,,6d8d7db3fe44
14923490,2026-10-01 10:42:40,actions-trading,상승모멘텀,128940,seen,,913b16a923e6
14923490,2026-10-01 10:42:40,actions-trading,상승모멘텀,0120G0,seen,,ab10ebc81092
14923490,2026-10-01 10:42:40,actions-trading,상승모멘텀,079550,seen,,a1b4ff9f1098
14923490,2026-10-01 10:42:40,actions-trading,상승모멘텀,015590,seen,,f957c5484b62
14923490,2026-10-01 10:42:40,actions-trading,Sim4-1,084010,skip,period,907a3b2473fa
14923490,2026-10-01 10:42:40,actions-trading,Sim4-1,005030,skip,amount,00159a7589a5
14923490,2026-10-01 10:42:40,actions-trading,Sim4-1,192650,skip,period,6d0dd04b50cf
14923490,2026-10-01 10:42:40,actions-trading,Sim4-1,036570,skip,period,f6a2def23cbd
14923490,2026-10-01 10:42:40,actions-trading,Sim4-1,0126Z0,skip,adx_high,7ea34a086ae4
14923490,2026-10-01 10:42:40,actions-trading,Sim4-1,109070,skip,amount,599df90e9617
14923490,2026-10-01 10:42:40,actions-trading,Sim4-1,004105,skip,amount,e695a41299fb
14923490,2026-10-01 10:42:40,actions-trading,Sim4-1,248070,skip,period,c323369bffd8
14923490,2026-10-01 10:42:40,actions-trading,Sim4-1,009420,skip,period,081897400bc6
14923490,2026-10-01 10:42:40,actions-trading,Sim4-1,093050,skip,amount,b5cd102a36f1
14923490,2026-10-01 10:42:40,actions-trading,Sim4-1,002240,skip,amount,d915d0cedf71
14923490,2026-10-01 10:42:40,actions-trading,Sim4-1,003160,skip,held_or_cooldown,bb9fa42fa2fb
14923490,2026-10-01 10:42:40,actions-trading,Sim4-1,460860,skip,adx_high,8e3145e1f4ea
14923490,2026-10-01 10:42:40,actions-trading,Sim4-1,480370,skip,amount,1c24a1fb880e
14923490,2026-10-01 10:42:40,actions-trading,Sim4-1,004710,skip,adx_high,c2b2e28a57b2
14923490,2026-10-01 10:42:40,actions-trading,Sim4-1,001820,skip,adx_low,2e7cb804c7ae
14923490,2026-10-01 10:42:40,actions-trading,Sim4-1,000760,skip,amount,788d352f1e28
14923490,2026-10-01 10:42:40,actions-trading,Sim4-1,077500,skip,amount,3c307e96fc85
14923490,2026-10-01 10:42:40,actions-trading,Sim4-1,181710,skip,adx_high,c025d55926dc
14923490,2026-10-01 10:42:40,actions-trading,Sim4-1,006280,skip,amount,4889f21adef8
14923490,2026-10-01 10:42:40,actions-trading,Sim4-1,005850,skip,amount,17dab62932ae
14923490,2026-10-01 10:42:40,actions-trading,Sim4-1,012200,skip,amount,31c81ce73061
14923490,2026-10-01 10:42:40,actions-trading,Sim4-1,055490,skip,amount,f10c366ce488
14923490,2026-10-01 10:42:40,actions-trading,Sim4-1,012030,skip,amount,08b7e132c893
14923490,2026-10-01 10:42:40,actions-trading,Sim4-1,001360,skip,amount,0d9492428646
14923490,2026-10-01 10:42:40,actions-trading,Sim4-1,014680,skip,adx_high,6d8d7db3fe44
14923490,2026-10-01 10:42:40,actions-trading,Sim4-1,128940,skip,adx_low,913b16a923e6
14923490,2026-10-01 10:42:40,actions-trading,Sim4-1,0120G0,skip,amount,ab10ebc81092
14923490,2026-10-01 10:42:40,actions-trading,Sim4-1,079550,skip,adx_high,a1b4ff9f1098
14923490,2026-10-01 10:42:40,actions-trading,Sim4-1,015590,skip,amount,f957c5484b62
14923490,2026-10-01 10:42:41,actions-trading,선행매집,028670,skip,no_setup,9cf113c755cd
14923490,2026-10-01 10:42:41,actions-trading,선행매집,018880,skip,below_anchor,68d100f67a95
14923490,2026-10-01 10:42:41,actions-trading,선행매집,192650,skip,no_setup,6d0dd04b50cf
14923490,2026-10-01 10:42:41,actions-trading,선행매집,009830,skip,below_anchor,cbe965aecdc2
14923490,2026-10-01 10:42:41,actions-trading,선행매집,011200,skip,below_anchor,d33dea278490
14923490,2026-10-01 10:42:41,actions-trading,선행매집,003160,skip,no_setup,bb9fa42fa2fb
14923490,2026-10-01 10:42:41,actions-trading,선행매집,005935,skip,below_anchor,ba179bc5dd35
14923490,2026-10-01 10:42:41,actions-trading,선행매집,002990,skip,below_anchor,efa7549b044c
14923490,2026-10-01 10:42:41,actions-trading,선행매집,068270,skip,below_anchor,0b7eb04587f1
14923490,2026-10-01 10:42:41,actions-trading,선행매집,034220,skip,below_anchor,44ebef6b1531
14923490,2026-10-01 10:42:41,actions-trading,선행매집,248070,skip,below_anchor,c323369bffd8
14923490,2026-10-01 10:42:41,actions-trading,선행매집,030000,skip,below_anchor,f1b245c2b2c4
14923490,2026-10-01 10:42:41,actions-trading,선행매집,001250,skip,below_anchor,35e6e99cad64
14923490,2026-10-01 10:42:41,actions-trading,선행매집,005880,skip,amount,330b804c5691
14923490,2026-10-01 10:42:41,actions-trading,선행매집,005690,skip,below_anchor,24c8bb502fc1
14923490,2026-10-01 10:42:41,actions-trading,선행매집,002700,skip,amount,a0b6176f75bd
14923490,2026-10-01 10:42:41,actions-trading,선행매집,001210,skip,below_anchor,9856399a043e
14923490,2026-10-01 10:42:41,actions-trading,선행매집,008350,skip,amount,d39b65bb9640
14923490,2026-10-01 10:42:41,actions-trading,선행매집,001820,skip,below_anchor,2e7cb804c7ae
14923490,2026-10-01 10:42:41,actions-trading,선행매집,003280,skip,below_anchor,9bc191d14c0f
14923490,2026-10-01 10:42:41,actions-trading,선행매집,004710,skip,below_anchor,c2b2e28a57b2
14923490,2026-10-01 10:42:41,actions-trading,선행매집,003780,skip,amount,101225a44b56
14923490,2026-10-01 10:42:41,actions-trading,선행매집,092220,skip,amount,7045da78e4dc
14923490,2026-10-01 10:42:41,actions-trading,선행매집,089860,skip,no_setup,03f9af015179
14923490,2026-10-01 10:42:41,actions-trading,선행매집,093050,skip,no_setup,b5cd102a36f1
14923490,2026-10-01 10:42:41,actions-trading,선행매집,001510,skip,below_anchor,b7ec737d150b
14923490,2026-10-01 10:42:41,actions-trading,선행매집,051910,skip,below_anchor,75fed32eee96
14923490,2026-10-01 10:42:41,actions-trading,선행매집,004770,skip,amount,21da0823fa7c
14923490,2026-10-01 10:42:41,actions-trading,선행매집,093370,skip,below_anchor,1f5d3c13bd94
14923490,2026-10-01 10:42:41,actions-trading,선행매집,035000,skip,amount,413058ffb962
14923490,2026-10-01 10:42:41,actions-trading,Sim9,_gate,skip,outside_entry_window,e3b0c44298fc
14923490,2026-10-01 10:42:41,actions-trading,Sim9,084010,seen,,907a3b2473fa
14923490,2026-10-01 10:42:41,actions-trading,Sim9,005030,seen,,00159a7589a5
14923490,2026-10-01 10:42:41,actions-trading,Sim9,192650,seen,,6d0dd04b50cf
14923490,2026-10-01 10:42:41,actions-trading,Sim9,036570,seen,,f6a2def23cbd
14923490,2026-10-01 10:42:41,actions-trading,Sim9,0126Z0,seen,,7ea34a086ae4
14923490,2026-10-01 10:42:41,actions-trading,Sim9,109070,seen,,599df90e9617
14923490,2026-10-01 10:42:41,actions-trading,Sim9,004105,seen,,e695a41299fb
14923490,2026-10-01 10:42:41,actions-trading,Sim9,248070,seen,,c323369bffd8
14923490,2026-10-01 10:42:41,actions-trading,Sim9,009420,seen,,081897400bc6
14923490,2026-10-01 10:42:41,actions-trading,Sim9,093050,seen,,b5cd102a36f1
14923490,2026-10-01 10:42:41,actions-trading,Sim9,002240,seen,,d915d0cedf71
14923490,2026-10-01 10:42:41,actions-trading,Sim9,003160,seen,,bb9fa42fa2fb
14923490,2026-10-01 10:42:41,actions-trading,Sim9,460860,seen,,8e3145e1f4ea
14923490,2026-10-01 10:42:41,actions-trading,Sim9,480370,seen,,1c24a1fb880e
14923490,2026-10-01 10:42:41,actions-trading,Sim9,004710,seen,,c2b2e28a57b2
14923490,2026-10-01 10:42:41,actions-trading,Sim9,001820,seen,,2e7cb804c7ae
14923490,2026-10-01 10:42:41,actions-trading,Sim9,000760,seen,,788d352f1e28
14923490,2026-10-01 10:42:41,actions-trading,Sim9,077500,seen,,3c307e96fc85
14923490,2026-10-01 10:42:41,actions-trading,Sim9,181710,seen,,c025d55926dc
14923490,2026-10-01 10:42:41,actions-trading,Sim9,006280,seen,,4889f21adef8
14923490,2026-10-01 10:42:41,actions-trading,Sim9,005850,seen,,17dab62932ae
14923490,2026-10-01 10:42:41,actions-trading,Sim9,012200,seen,,31c81ce73061
14923490,2026-10-01 10:42:41,actions-trading,Sim9,055490,seen,,f10c366ce488
14923490,2026-10-01 10:42:41,actions-trading,Sim9,012030,seen,,08b7e132c893
14923490,2026-10-01 10:42:41,actions-trading,Sim9,001360,seen,,0d9492428646
14923490,2026-10-01 10:42:41,actions-trading,Sim9,014680,seen,,6d8d7db3fe44
14923490,2026-10-01 10:42:41,actions-trading,Sim9,128940,seen,,913b16a923e6
14923490,2026-10-01 10:42:41,actions-trading,Sim9,0120G0,seen,,ab10ebc81092
14923490,2026-10-01 10:42:41,actions-trading,Sim9,079550,seen,,a1b4ff9f1098
14923490,2026-10-01 10:42:41,actions-trading,Sim9,015590,seen,,f957c5484b62
14923490,2026-10-01 10:42:41,actions-trading,미너비니,192820,skip,below_pivot,bd4be9188b7a
14923490,2026-10-01 10:42:41,actions-trading,미너비니,443060,skip,below_pivot,3376c100273c
14923490,2026-10-01 10:42:41,actions-trading,미너비니,020120,skip,below_pivot,5206059fffeb
14923490,2026-10-01 10:42:42,actions-trading,Sim12,084010,skip,avoid_frgn_sell_20d,907a3b2473fa
14923490,2026-10-01 10:42:42,actions-trading,Sim12,005030,skip,avoid_amount_dry,00159a7589a5
14923490,2026-10-01 10:42:42,actions-trading,Sim12,192650,skip,pb2_not_crashed,6d0dd04b50cf
14923490,2026-10-01 10:42:42,actions-trading,Sim12,036570,skip,pb2_not_crashed,f6a2def23cbd
14923490,2026-10-01 10:42:42,actions-trading,Sim12,0126Z0,skip,avoid_frgn_sell_20d,7ea34a086ae4
14923490,2026-10-01 10:42:42,actions-trading,Sim12,109070,skip,pb2_not_crashed,599df90e9617
14923490,2026-10-01 10:42:42,actions-trading,Sim12,004105,skip,pb2_not_crashed,e695a41299fb
14923490,2026-10-01 10:42:42,actions-trading,Sim12,248070,skip,avoid_frgn_sell_20d,c323369bffd8
14923490,2026-10-01 10:42:42,actions-trading,Sim12,009420,skip,avoid_amount_dry,081897400bc6
14923490,2026-10-01 10:42:42,actions-trading,Sim12,093050,skip,avoid_frgn_sell_20d,b5cd102a36f1
14923490,2026-10-01 10:42:42,actions-trading,Sim12,002240,skip,avoid_frgn_sell_20d,d915d0cedf71
14923490,2026-10-01 10:42:42,actions-trading,Sim12,003160,skip,pb2_not_crashed,bb9fa42fa2fb
14923490,2026-10-01 10:42:42,actions-trading,Sim12,460860,skip,avoid_frgn_sell_20d,8e3145e1f4ea
14923490,2026-10-01 10:42:42,actions-trading,Sim12,480370,skip,avoid_amount_dry,1c24a1fb880e
14923490,2026-10-01 10:42:42,actions-trading,Sim12,004710,skip,avoid_frgn_sell_20d,c2b2e28a57b2
14923490,2026-10-01 10:42:42,actions-trading,Sim12,001820,skip,avoid_amount_dry,2e7cb804c7ae
14923490,2026-10-01 10:42:42,actions-trading,Sim12,000760,skip,avoid_amount_dry,788d352f1e28
14923490,2026-10-01 10:42:42,actions-trading,Sim12,077500,skip,pb2_not_crashed,3c307e96fc85
14923490,2026-10-01 10:42:42,actions-trading,Sim12,181710,skip,avoid_amount_dry,c025d55926dc
14923490,2026-10-01 10:42:42,actions-trading,Sim12,006280,skip,avoid_amount_dry,4889f21adef8
14923490,2026-10-01 10:42:42,actions-trading,Sim12,005850,skip,pb2_not_crashed,17dab62932ae
14923490,2026-10-01 10:42:42,actions-trading,Sim12,012200,skip,pb2_thin_liquidity,31c81ce73061
14923490,2026-10-01 10:42:42,actions-trading,Sim12,055490,skip,avoid_frgn_sell_20d,f10c366ce488
14923490,2026-10-01 10:42:42,actions-trading,Sim12,012030,skip,avoid_frgn_sell_20d,08b7e132c893
14923490,2026-10-01 10:42:42,actions-trading,Sim12,001360,skip,pb2_not_crashed,0d9492428646
14923490,2026-10-01 10:42:42,actions-trading,Sim12,014680,skip,avoid_amount_dry,6d8d7db3fe44
14923490,2026-10-01 10:42:42,actions-trading,Sim12,128940,skip,avoid_amount_dry,913b16a923e6
14923490,2026-10-01 10:42:42,actions-trading,Sim12,0120G0,skip,avoid_amount_dry,ab10ebc81092
14923490,2026-10-01 10:42:42,actions-trading,Sim12,079550,skip,avoid_amount_dry,a1b4ff9f1098
14923490,2026-10-01 10:42:42,actions-trading,Sim12,015590,skip,avoid_amount_dry,f957c5484b62
14923490,2026-10-01 10:42:42,actions-trading,Sim12,009190,skip,avoid_amount_dry,7628db86d958
14923490,2026-10-01 10:42:42,actions-trading,Sim12,051630,skip,avoid_amount_dry,26c0a0887dce
14923490,2026-10-01 10:42:42,actions-trading,Sim12,002820,skip,pb2_thin_liquidity,62bc2cc5c97d
14923490,2026-10-01 10:42:42,actions-trading,Sim12,071090,skip,pb2_not_crashed,b20d5e593db5
14923490,2026-10-01 10:42:42,actions-trading,Sim12,002787,skip,avoid_amount_dry,d7825eb4fac2
14923490,2026-10-01 10:42:42,actions-trading,Sim12,010640,skip,avoid_amount_dry,c04898fe0f56
14923490,2026-10-01 10:42:42,actions-trading,Sim12,452260,skip,avoid_amount_dry,10a04138f5d8
14923490,2026-10-01 10:42:42,actions-trading,Sim12,003780,skip,avoid_frgn_sell_20d,101225a44b56
14923490,2026-10-01 10:42:42,actions-trading,Sim12,002690,skip,avoid_frgn_sell_20d,b4657755142c
14923490,2026-10-01 10:42:42,actions-trading,Sim12,007110,skip,avoid_amount_dry,298c533cd9f7
14923490,2026-10-01 10:42:42,actions-trading,Sim12,003580,skip,avoid_amount_dry,f678e9204a3f
14923490,2026-10-01 10:42:42,actions-trading,Sim12,005010,skip,pb2_not_crashed,063392dbe7c6
14923490,2026-10-01 10:42:42,actions-trading,Sim12,487570,skip,pb2_not_crashed,7b83c768a45d
14923490,2026-10-01 10:42:42,actions-trading,Sim12,003030,skip,pb2_not_crashed,8f0f35d52ba6
14923490,2026-10-01 10:42:42,actions-trading,Sim12,003075,skip,pb2_not_crashed,33cfe824e783
14923490,2026-10-01 10:42:42,actions-trading,Sim12,092790,skip,pb2_not_crashed,ef693c51e74d
14923490,2026-10-01 10:42:42,actions-trading,Sim12,316140,skip,avoid_amount_dry,48b32d85fdb4
14923490,2026-10-01 10:42:42,actions-trading,Sim12,010950,skip,avoid_amount_dry,57f405753fa8
14923490,2026-10-01 10:42:42,actions-trading,Sim12,006260,skip,avoid_amount_dry,0cdd1ed1f86f
14923490,2026-10-01 10:42:42,actions-trading,Sim12,456040,skip,avoid_amount_dry,6d6c0df92322
14923490,2026-10-01 10:42:42,actions-trading,Sim12,001770,skip,avoid_amount_dry,5c570d8b65d4
14923490,2026-10-01 10:42:42,actions-trading,Sim12,078930,skip,avoid_amount_dry,e3c0c6c4d29c
14923490,2026-10-01 10:42:42,actions-trading,Sim12,006200,skip,pb2_thin_liquidity,fe5aa54e5236
14923490,2026-10-01 10:42:42,actions-trading,Sim12,00088K,skip,avoid_amount_dry,b67d417d2c1d
14923490,2026-10-01 10:42:42,actions-trading,Sim12,002995,skip,avoid_amount_dry,3b0152ab65d2
14923490,2026-10-01 10:42:42,actions-trading,Sim12,024890,skip,avoid_frgn_sell_20d,ba37c9e1ae8f
14923490,2026-10-01 10:42:42,actions-trading,Sim12,014280,skip,avoid_amount_dry,8bce3f8bb18a
14923490,2026-10-01 10:42:42,actions-trading,Sim12,002785,skip,avoid_amount_dry,87c9c8f05927
14923490,2026-10-01 10:42:42,actions-trading,Sim12,457190,skip,avoid_frgn_sell_20d,568dbac176ae
14923490,2026-10-01 10:42:42,actions-trading,Sim12,317400,skip,avoid_amount_dry,043eb56b037b
14923490,2026-10-01 10:42:43,actions-trading,Sim13,084010,skip,theme_momentum_weak,907a3b2473fa
14923490,2026-10-01 10:42:43,actions-trading,Sim13,005030,skip,theme_momentum_weak,00159a7589a5
14923490,2026-10-01 10:42:43,actions-trading,Sim13,192650,skip,no_frgn_support,6d0dd04b50cf
14923490,2026-10-01 10:42:43,actions-trading,Sim13,036570,skip,theme_momentum_weak,f6a2def23cbd
14923490,2026-10-01 10:42:43,actions-trading,Sim13,0126Z0,skip,theme_momentum_weak,7ea34a086ae4
14923490,2026-10-01 10:42:43,actions-trading,Sim13,109070,skip,amount_not_surprised,599df90e9617
14923490,2026-10-01 10:42:43,actions-trading,Sim13,004105,skip,no_frgn_support,e695a41299fb
14923490,2026-10-01 10:42:43,actions-trading,Sim13,248070,skip,theme_momentum_weak,c323369bffd8
14923490,2026-10-01 10:42:43,actions-trading,Sim13,009420,skip,theme_momentum_weak,081897400bc6
14923490,2026-10-01 10:42:43,actions-trading,Sim13,093050,skip,theme_momentum_weak,b5cd102a36f1
14923490,2026-10-01 10:42:43,actions-trading,Sim13,002240,skip,theme_momentum_weak,d915d0cedf71
14923490,2026-10-01 10:42:43,actions-trading,Sim13,003160,skip,no_frgn_support,bb9fa42fa2fb
14923490,2026-10-01 10:42:43,actions-trading,Sim13,460860,skip,theme_momentum_weak,8e3145e1f4ea
14923490,2026-10-01 10:42:43,actions-trading,Sim13,480370,skip,adx_weak,1c24a1fb880e
14923490,2026-10-01 10:42:43,actions-trading,Sim13,004710,skip,amount_not_surprised,c2b2e28a57b2
14923490,2026-10-01 10:42:43,actions-trading,Sim13,001820,skip,adx_weak,2e7cb804c7ae
14923490,2026-10-01 10:42:43,actions-trading,Sim13,000760,skip,theme_momentum_weak,788d352f1e28
14923490,2026-10-01 10:42:43,actions-trading,Sim13,077500,skip,held_or_cooldown,3c307e96fc85
14923490,2026-10-01 10:42:43,actions-trading,Sim13,181710,skip,theme_momentum_weak,c025d55926dc
14923490,2026-10-01 10:42:43,actions-trading,Sim13,006280,skip,theme_momentum_weak,4889f21adef8
14923490,2026-10-01 10:42:43,actions-trading,Sim13,005850,skip,theme_momentum_weak,17dab62932ae
14923490,2026-10-01 10:42:43,actions-trading,Sim13,012200,skip,theme_momentum_weak,31c81ce73061
14923490,2026-10-01 10:42:43,actions-trading,Sim13,055490,skip,theme_momentum_weak,f10c366ce488
14923490,2026-10-01 10:42:43,actions-trading,Sim13,012030,skip,adx_weak,08b7e132c893
14923490,2026-10-01 10:42:43,actions-trading,Sim13,001360,skip,theme_momentum_weak,0d9492428646
14923490,2026-10-01 10:42:43,actions-trading,Sim13,014680,skip,amount_not_surprised,6d8d7db3fe44
14923490,2026-10-01 10:42:43,actions-trading,Sim13,128940,skip,theme_momentum_weak,913b16a923e6
14923490,2026-10-01 10:42:43,actions-trading,Sim13,0120G0,skip,theme_momentum_weak,ab10ebc81092
14923490,2026-10-01 10:42:43,actions-trading,Sim13,079550,skip,theme_momentum_weak,a1b4ff9f1098
14923490,2026-10-01 10:42:43,actions-trading,Sim13,015590,skip,amount_not_surprised,f957c5484b62
14923491,2026-10-01 10:44:08,actions-trading,Sim3,402340,skip,adx,938fbb9ea5b8
14923491,2026-10-01 10:44:08,actions-trading,Sim3,383800,skip,amount,f313baad9e78
14923491,2026-10-01 10:44:08,actions-trading,Sim3,462870,skip,amount,8fbeaa28070f
14923491,2026-10-01 10:44:08,actions-trading,Sim3,000660,skip,qty_zero,f1582ef78e56
14923491,2026-10-01 10:44:08,actions-trading,Sim3,071970,skip,held_or_sold_today,2ee3da6835a2
14923491,2026-10-01 10:44:08,actions-trading,Sim3,042700,skip,not_cheap,01781d158aee
14923491,2026-10-01 10:44:08,actions-trading,Sim3,326030,skip,amount,0528d3929334
14923491,2026-10-01 10:44:08,actions-trading,Sim3,207940,skip,not_cheap,0501bb07b55a
14923491,2026-10-01 10:44:08,actions-trading,Sim3,033920,skip,amount,0840add60d98
14923491,2026-10-01 10:44:08,actions-trading,Sim3,004770,skip,amount,21dc0a8f6f16
14923491,2026-10-01 10:44:08,actions-trading,Sim3,0126Z0,skip,not_cheap,83fdea32f3ed
14923491,2026-10-01 10:44:08,actions-trading,Sim3,062040,skip,not_cheap,20fd5091489d
14923491,2026-10-01 10:44:08,actions-trading,Sim3,317450,skip,amount,ac3506dc2a2e
14923491,2026-10-01 10:44:08,actions-trading,Sim3,026960,skip,amount,4a6935180434
14923491,2026-10-01 10:44:08,actions-trading,Sim3,021820,skip,amount,b52c3293dec7
14923491,2026-10-01 10:44:08,actions-trading,Sim3,192080,skip,amount,a9c8cdfbb20d
14923491,2026-10-01 10:44:08,actions-trading,Sim3,068270,skip,held_or_sold_today,7a7c6818a749
14923491,2026-10-01 10:44:08,actions-trading,Sim3,123890,skip,amount,ce2dd354cd62
14923491,2026-10-01 10:44:08,actions-trading,Sim3,000240,skip,amount,35247f3732c2
14923491,2026-10-01 10:44:08,actions-trading,Sim3,002380,skip,held_or_sold_today,586fa30c07fe
14923491,2026-10-01 10:44:08,actions-trading,Sim3,009770,skip,amount,347bb6b9d1c4
14923491,2026-10-01 10:44:08,actions-trading,Sim3,259960,skip,held_or_sold_today,11a521b6b3c0
14923491,2026-10-01 10:44:08,actions-trading,Sim3,035250,skip,amount,c04507695b99
14923491,2026-10-01 10:44:08,actions-trading,Sim3,383220,skip,amount,32916587752e
14923491,2026-10-01 10:44:08,actions-trading,Sim3,226320,skip,amount,6e04e2a4d145
14923491,2026-10-01 10:44:08,actions-trading,Sim3,439260,skip,amount,273260790115
14923491,2026-10-01 10:44:08,actions-trading,Sim3,025560,skip,cooldown,1b5f1b15a801
14923491,2026-10-01 10:44:08,actions-trading,Sim3,007700,skip,amount,eb016749c6ce
14923491,2026-10-01 10:44:08,actions-trading,Sim3,278470,skip,not_cheap,ad28a37ba20f
14923491,2026-10-01 10:44:08,actions-trading,Sim3,000990,skip,not_cheap,ed531482d146
14923491,2026-10-01 10:44:47,actions-trading,MFHS2,028670,skip,max_holdings,d9aac15c543d
14923491,2026-10-01 10:44:47,actions-trading,MFHS2,018880,seen,,e57b03397dc0
14923491,2026-10-01 10:44:47,actions-trading,MFHS2,003160,seen,,0972163481ba
14923491,2026-10-01 10:44:47,actions-trading,MFHS2,005935,seen,,e9d0c44cd509
14923491,2026-10-01 10:44:47,actions-trading,MFHS2,002990,seen,,cad2a3085c4d
14923491,2026-10-01 10:44:47,actions-trading,MFHS2,011200,seen,,b7a63e998532
14923491,2026-10-01 10:44:47,actions-trading,MFHS2,248070,seen,,b49a68e17722
14923491,2026-10-01 10:44:47,actions-trading,MFHS2,034220,seen,,054cee482f0d
14923491,2026-10-01 10:44:47,actions-trading,MFHS2,192650,seen,,da8e1f9ea450
14923491,2026-10-01 10:44:47,actions-trading,MFHS2,068270,seen,,591ea95372b8
14923491,2026-10-01 10:44:47,actions-trading,MFHS2,030000,seen,,41518af8addd
14923491,2026-10-01 10:44:47,actions-trading,MFHS2,001250,seen,,7ae20f7a60c7
14923491,2026-10-01 10:44:47,actions-trading,MFHS2,009830,seen,,773f44fb4902
14923491,2026-10-01 10:44:47,actions-trading,MFHS2,004710,seen,,41e5b0bd7313
14923491,2026-10-01 10:44:47,actions-trading,MFHS2,005880,seen,,5c09372a982e
14923491,2026-10-01 10:44:47,actions-trading,MFHS2,005690,seen,,76792cdabab3
14923491,2026-10-01 10:44:47,actions-trading,MFHS2,093370,seen,,8a993fedfaac
14923491,2026-10-01 10:44:47,actions-trading,MFHS2,002700,seen,,9063b8c50fed
14923491,2026-10-01 10:44:47,actions-trading,MFHS2,008350,seen,,009e847c47b0
14923491,2026-10-01 10:44:47,actions-trading,MFHS2,003280,seen,,b28ccc7e2f37
14923491,2026-10-01 10:44:47,actions-trading,MFHS2,001820,seen,,2420d64f510a
14923491,2026-10-01 10:44:47,actions-trading,MFHS2,001210,seen,,5573f3881cf9
14923491,2026-10-01 10:44:47,actions-trading,MFHS2,003780,seen,,121f63f444c5
14923491,2026-10-01 10:44:47,actions-trading,MFHS2,001510,seen,,04f24d3d1385
14923491,2026-10-01 10:44:47,actions-trading,MFHS2,089860,seen,,a3d568d0783d
14923491,2026-10-01 10:44:47,actions-trading,MFHS2,086790,seen,,e498e046181e
14923491,2026-10-01 10:44:47,actions-trading,MFHS2,092220,seen,,cc4702bce157
14923491,2026-10-01 10:44:47,actions-trading,MFHS2,093050,seen,,4b2ed7f4618a
14923491,2026-10-01 10:44:47,actions-trading,MFHS2,035000,seen,,299b878ff72a
14923491,2026-10-01 10:44:47,actions-trading,MFHS2,004310,seen,,1dbc0212ff10
14923491,2026-10-01 10:44:49,actions-trading,상승모멘텀,084010,skip,max_holdings,8f36ec571e32
14923491,2026-10-01 10:44:49,actions-trading,상승모멘텀,005030,seen,,00159a7589a5
14923491,2026-10-01 10:44:49,actions-trading,상승모멘텀,192650,seen,,da8e1f9ea450
14923491,2026-10-01 10:44:49,actions-trading,상승모멘텀,036570,seen,,ac1498e9ff0e
14923491,2026-10-01 10:44:49,actions-trading,상승모멘텀,109070,seen,,084aaf164901
14923491,2026-10-01 10:44:49,actions-trading,상승모멘텀,0126Z0,seen,,866de84e90a0
14923491,2026-10-01 10:44:49,actions-trading,상승모멘텀,004105,seen,,2b96fbd49c5f
14923491,2026-10-01 10:44:49,actions-trading,상승모멘텀,009420,seen,,c660328daa0d
14923491,2026-10-01 10:44:49,actions-trading,상승모멘텀,248070,seen,,b49a68e17722
14923491,2026-10-01 10:44:49,actions-trading,상승모멘텀,093050,seen,,4b2ed7f4618a
14923491,2026-10-01 10:44:49,actions-trading,상승모멘텀,002240,seen,,2d412491d57f
14923491,2026-10-01 10:44:49,actions-trading,상승모멘텀,460860,seen,,2bf374b50145
14923491,2026-10-01 10:44:49,actions-trading,상승모멘텀,480370,seen,,c69c8863136e
14923491,2026-10-01 10:44:49,actions-trading,상승모멘텀,004710,seen,,41e5b0bd7313
14923491,2026-10-01 10:44:49,actions-trading,상승모멘텀,003160,seen,,0972163481ba
14923491,2026-10-01 10:44:49,actions-trading,상승모멘텀,012200,seen,,c8b6d2104442
14923491,2026-10-01 10:44:49,actions-trading,상승모멘텀,000760,seen,,788d352f1e28
14923491,2026-10-01 10:44:49,actions-trading,상승모멘텀,006280,seen,,d5121be5eb05
14923491,2026-10-01 10:44:49,actions-trading,상승모멘텀,079550,seen,,ab223228a06b
14923491,2026-10-01 10:44:49,actions-trading,상승모멘텀,001820,seen,,2420d64f510a
14923491,2026-10-01 10:44:49,actions-trading,상승모멘텀,012030,seen,,0b1d3514ea46
14923491,2026-10-01 10:44:49,actions-trading,상승모멘텀,077500,seen,,d33f68b034a4
14923491,2026-10-01 10:44:49,actions-trading,상승모멘텀,055490,seen,,3b1f1dbc59dc
14923491,2026-10-01 10:44:49,actions-trading,상승모멘텀,005850,seen,,0c0e0d4c15d5
14923491,2026-10-01 10:44:49,actions-trading,상승모멘텀,001360,seen,,526a7c826121
14923491,2026-10-01 10:44:49,actions-trading,상승모멘텀,0120G0,seen,,0c8213bc32f1
14923491,2026-10-01 10:44:49,actions-trading,상승모멘텀,112610,seen,,1c7d714a66d3
14923491,2026-10-01 10:44:49,actions-trading,상승모멘텀,249420,seen,,15d46b812941
14923491,2026-10-01 10:44:49,actions-trading,상승모멘텀,128940,seen,,0083613af476
14923491,2026-10-01 10:44:49,actions-trading,상승모멘텀,181710,seen,,ea92aac3a9f7
14923491,2026-10-01 10:44:49,actions-trading,Sim4-1,084010,skip,period,8f36ec571e32
14923491,2026-10-01 10:44:49,actions-trading,Sim4-1,005030,skip,amount,00159a7589a5
14923491,2026-10-01 10:44:49,actions-trading,Sim4-1,192650,skip,period,da8e1f9ea450
14923491,2026-10-01 10:44:49,actions-trading,Sim4-1,036570,skip,period,ac1498e9ff0e
14923491,2026-10-01 10:44:49,actions-trading,Sim4-1,109070,skip,amount,084aaf164901
14923491,2026-10-01 10:44:49,actions-trading,Sim4-1,0126Z0,skip,adx_high,866de84e90a0
14923491,2026-10-01 10:44:49,actions-trading,Sim4-1,004105,skip,amount,2b96fbd49c5f
14923491,2026-10-01 10:44:49,actions-trading,Sim4-1,009420,skip,period,c660328daa0d
14923491,2026-10-01 10:44:49,actions-trading,Sim4-1,248070,skip,period,b49a68e17722
14923491,2026-10-01 10:44:49,actions-trading,Sim4-1,093050,skip,amount,4b2ed7f4618a
14923491,2026-10-01 10:44:49,actions-trading,Sim4-1,002240,skip,amount,2d412491d57f
14923491,2026-10-01 10:44:49,actions-trading,Sim4-1,460860,skip,adx_high,2bf374b50145
14923491,2026-10-01 10:44:49,actions-trading,Sim4-1,480370,skip,amount,c69c8863136e
14923491,2026-10-01 10:44:49,actions-trading,Sim4-1,004710,skip,adx_high,41e5b0bd7313
14923491,2026-10-01 10:44:49,actions-trading,Sim4-1,003160,skip,held_or_cooldown,0972163481ba
14923491,2026-10-01 10:44:49,actions-trading,Sim4-1,012200,skip,amount,c8b6d2104442
14923491,2026-10-01 10:44:49,actions-trading,Sim4-1,000760,skip,amount,788d352f1e28
14923491,2026-10-01 10:44:49,actions-trading,Sim4-1,006280,skip,amount,d5121be5eb05
14923491,2026-10-01 10:44:49,actions-trading,Sim4-1,079550,skip,adx_high,ab223228a06b
14923491,2026-10-01 10:44:49,actions-trading,Sim4-1,001820,skip,adx_low,2420d64f510a
14923491,2026-10-01 10:44:49,actions-trading,Sim4-1,012030,skip,amount,0b1d3514ea46
14923491,2026-10-01 10:44:49,actions-trading,Sim4-1,077500,skip,amount,d33f68b034a4
14923491,2026-10-01 10:44:49,actions-trading,Sim4-1,055490,skip,amount,3b1f1dbc59dc
14923491,2026-10-01 10:44:49,actions-trading,Sim4-1,005850,skip,amount,0c0e0d4c15d5
14923491,2026-10-01 10:44:49,actions-trading,Sim4-1,001360,skip,amount,526a7c826121
14923491,2026-10-01 10:44:49,actions-trading,Sim4-1,0120G0,skip,amount,0c8213bc32f1
14923491,2026-10-01 10:44:49,actions-trading,Sim4-1,112610,skip,period,1c7d714a66d3
14923491,2026-10-01 10:44:49,actions-trading,Sim4-1,249420,skip,amount,15d46b812941
14923491,2026-10-01 10:44:49,actions-trading,Sim4-1,128940,skip,adx_low,0083613af476
14923491,2026-10-01 10:44:49,actions-trading,Sim4-1,181710,skip,adx_high,ea92aac3a9f7
14923491,2026-10-01 10:44:51,actions-trading,선행매집,028670,skip,no_setup,d9aac15c543d
14923491,2026-10-01 10:44:51,actions-trading,선행매집,018880,skip,below_anchor,e57b03397dc0
14923491,2026-10-01 10:44:51,actions-trading,선행매집,192650,skip,no_setup,da8e1f9ea450
14923491,2026-10-01 10:44:51,actions-trading,선행매집,009830,skip,below_anchor,773f44fb4902
14923491,2026-10-01 10:44:51,actions-trading,선행매집,011200,skip,below_anchor,b7a63e998532
14923491,2026-10-01 10:44:51,actions-trading,선행매집,003160,skip,no_setup,0972163481ba
14923491,2026-10-01 10:44:51,actions-trading,선행매집,005935,skip,below_anchor,e9d0c44cd509
14923491,2026-10-01 10:44:51,actions-trading,선행매집,002990,skip,below_anchor,cad2a3085c4d
14923491,2026-10-01 10:44:51,actions-trading,선행매집,068270,skip,below_anchor,591ea95372b8
14923491,2026-10-01 10:44:51,actions-trading,선행매집,034220,skip,below_anchor,054cee482f0d
14923491,2026-10-01 10:44:51,actions-trading,선행매집,248070,skip,below_anchor,b49a68e17722
14923491,2026-10-01 10:44:51,actions-trading,선행매집,030000,skip,below_anchor,41518af8addd
14923491,2026-10-01 10:44:51,actions-trading,선행매집,001250,skip,below_anchor,7ae20f7a60c7
14923491,2026-10-01 10:44:51,actions-trading,선행매집,005880,skip,amount,5c09372a982e
14923491,2026-10-01 10:44:51,actions-trading,선행매집,005690,skip,below_anchor,76792cdabab3
14923491,2026-10-01 10:44:51,actions-trading,선행매집,002700,skip,amount,9063b8c50fed
14923491,2026-10-01 10:44:51,actions-trading,선행매집,001210,skip,below_anchor,5573f3881cf9
14923491,2026-10-01 10:44:51,actions-trading,선행매집,008350,skip,amount,009e847c47b0
14923491,2026-10-01 10:44:51,actions-trading,선행매집,001820,skip,below_anchor,2420d64f510a
14923491,2026-10-01 10:44:51,actions-trading,선행매집,003280,skip,below_anchor,b28ccc7e2f37
14923491,2026-10-01 10:44:51,actions-trading,선행매집,004710,skip,below_anchor,41e5b0bd7313
14923491,2026-10-01 10:44:51,actions-trading,선행매집,003780,skip,amount,121f63f444c5
14923491,2026-10-01 10:44:51,actions-trading,선행매집,092220,skip,amount,cc4702bce157
14923491,2026-10-01 10:44:51,actions-trading,선행매집,089860,skip,no_setup,a3d568d0783d
14923491,2026-10-01 10:44:51,actions-trading,선행매집,093050,skip,no_setup,4b2ed7f4618a
14923491,2026-10-01 10:44:51,actions-trading,선행매집,001510,skip,below_anchor,04f24d3d1385
14923491,2026-10-01 10:44:51,actions-trading,선행매집,051910,skip,below_anchor,19e1d8dc6950
14923491,2026-10-01 10:44:51,actions-trading,선행매집,004770,skip,amount,4837730a76b0
14923491,2026-10-01 10:44:51,actions-trading,선행매집,093370,skip,below_anchor,8a993fedfaac
14923491,2026-10-01 10:44:51,actions-trading,선행매집,035000,skip,amount,299b878ff72a
14923491,2026-10-01 10:44:51,actions-trading,Sim9,_gate,skip,outside_entry_window,e3b0c44298fc
14923491,2026-10-01 10:44:51,actions-trading,Sim9,084010,seen,,8f36ec571e32
14923491,2026-10-01 10:44:51,actions-trading,Sim9,005030,seen,,00159a7589a5
14923491,2026-10-01 10:44:51,actions-trading,Sim9,192650,seen,,da8e1f9ea450
14923491,2026-10-01 10:44:51,actions-trading,Sim9,036570,seen,,ac1498e9ff0e
14923491,2026-10-01 10:44:51,actions-trading,Sim9,109070,seen,,084aaf164901
14923491,2026-10-01 10:44:51,actions-trading,Sim9,0126Z0,seen,,866de84e90a0
14923491,2026-10-01 10:44:51,actions-trading,Sim9,004105,seen,,2b96fbd49c5f
14923491,2026-10-01 10:44:51,actions-trading,Sim9,009420,seen,,c660328daa0d
14923491,2026-10-01 10:44:51,actions-trading,Sim9,248070,seen,,b49a68e17722
14923491,2026-10-01 10:44:51,actions-trading,Sim9,093050,seen,,4b2ed7f4618a
14923491,2026-10-01 10:44:51,actions-trading,Sim9,002240,seen,,2d412491d57f
14923491,2026-10-01 10:44:51,actions-trading,Sim9,460860,seen,,2bf374b50145
14923491,2026-10-01 10:44:51,actions-trading,Sim9,480370,seen,,c69c8863136e
14923491,2026-10-01 10:44:51,actions-trading,Sim9,004710,seen,,41e5b0bd7313
14923491,2026-10-01 10:44:51,actions-trading,Sim9,003160,seen,,0972163481ba
14923491,2026-10-01 10:44:51,actions-trading,Sim9,012200,seen,,c8b6d2104442
14923491,2026-10-01 10:44:51,actions-trading,Sim9,000760,seen,,788d352f1e28
14923491,2026-10-01 10:44:51,actions-trading,Sim9,006280,seen,,d5121be5eb05
14923491,2026-10-01 10:44:51,actions-trading,Sim9,079550,seen,,ab223228a06b
14923491,2026-10-01 10:44:51,actions-trading,Sim9,001820,seen,,2420d64f510a
14923491,2026-10-01 10:44:51,actions-trading,Sim9,012030,seen,,0b1d3514ea46
14923491,2026-10-01 10:44:51,actions-trading,Sim9,077500,seen,,d33f68b034a4
14923491,2026-10-01 10:44:51,actions-trading,Sim9,055490,seen,,3b1f1dbc59dc
14923491,2026-10-01 10:44:51,actions-trading,Sim9,005850,seen,,0c0e0d4c15d5
14923491,2026-10-01 10:44:51,actions-trading,Sim9,001360,seen,,526a7c826121
14923491,2026-10-01 10:44:51,actions-trading,Sim9,0120G0,seen,,0c8213bc32f1
14923491,2026-10-01 10:44:51,actions-trading,Sim9,112610,seen,,1c7d714a66d3
14923491,2026-10-01 10:44:51,actions-trading,Sim9,249420,seen,,15d46b812941
14923491,2026-10-01 10:44:51,actions-trading,Sim9,128940,seen,,0083613af476
14923491,2026-10-01 10:44:51,actions-trading,Sim9,181710,seen,,ea92aac3a9f7
14923491,2026-10-01 10:44:51,actions-trading,미너비니,192820,skip,below_pivot,28a708a90a3f
14923491,2026-10-01 10:44:51,actions-trading,미너비니,443060,skip,below_pivot,b2bd11f45517
14923491,2026-10-01 10:44:51,actions-trading,미너비니,020120,skip,below_pivot,74decddda92a
14923491,2026-10-01 10:44:52,actions-trading,Sim12,084010,skip,avoid_frgn_sell_20d,8f36ec571e32
14923491,2026-10-01 10:44:52,actions-trading,Sim12,005030,skip,avoid_amount_dry,00159a7589a5
14923491,2026-10-01 10:44:52,actions-trading,Sim12,192650,skip,pb2_not_crashed,da8e1f9ea450
14923491,2026-10-01 10:44:52,actions-trading,Sim12,036570,skip,pb2_not_crashed,ac1498e9ff0e
14923491,2026-10-01 10:44:52,actions-trading,Sim12,109070,skip,pb2_not_crashed,084aaf164901
14923491,2026-10-01 10:44:52,actions-trading,Sim12,0126Z0,skip,avoid_frgn_sell_20d,866de84e90a0
14923491,2026-10-01 10:44:52,actions-trading,Sim12,004105,skip,pb2_not_crashed,2b96fbd49c5f
14923491,2026-10-01 10:44:52,actions-trading,Sim12,009420,skip,avoid_amount_dry,c660328daa0d
14923491,2026-10-01 10:44:52,actions-trading,Sim12,248070,skip,avoid_frgn_sell_20d,b49a68e17722
14923491,2026-10-01 10:44:52,actions-trading,Sim12,093050,skip,avoid_frgn_sell_20d,4b2ed7f4618a
14923491,2026-10-01 10:44:52,actions-trading,Sim12,002240,skip,avoid_frgn_sell_20d,2d412491d57f
14923491,2026-10-01 10:44:52,actions-trading,Sim12,460860,skip,avoid_frgn_sell_20d,2bf374b50145
14923491,2026-10-01 10:44:52,actions-trading,Sim12,480370,skip,avoid_amount_dry,c69c8863136e
14923491,2026-10-01 10:44:52,actions-trading,Sim12,004710,skip,avoid_frgn_sell_20d,41e5b0bd7313
14923491,2026-10-01 10:44:52,actions-trading,Sim12,003160,skip,pb2_not_crashed,0972163481ba
14923491,2026-10-01 10:44:52,actions-trading,Sim12,012200,skip,avoid_deadcat,c8b6d2104442
14923491,2026-10-01 10:44:52,actions-trading,Sim12,000760,skip,avoid_amount_dry,788d352f1e28
14923491,2026-10-01 10:44:52,actions-trading,Sim12,006280,skip,avoid_amount_dry,d5121be5eb05
14923491,2026-10-01 10:44:52,actions-trading,Sim12,079550,skip,avoid_amount_dry,ab223228a06b
14923491,2026-10-01 10:44:52,actions-trading,Sim12,001820,skip,avoid_amount_dry,2420d64f510a
14923491,2026-10-01 10:44:52,actions-trading,Sim12,012030,skip,avoid_frgn_sell_20d,0b1d3514ea46
14923491,2026-10-01 10:44:52,actions-trading,Sim12,077500,skip,pb2_not_crashed,d33f68b034a4
14923491,2026-10-01 10:44:52,actions-trading,Sim12,055490,skip,avoid_frgn_sell_20d,3b1f1dbc59dc
14923491,2026-10-01 10:44:52,actions-trading,Sim12,005850,skip,pb2_not_crashed,0c0e0d4c15d5
14923491,2026-10-01 10:44:52,actions-trading,Sim12,001360,skip,pb2_not_crashed,526a7c826121
14923491,2026-10-01 10:44:52,actions-trading,Sim12,0120G0,skip,avoid_amount_dry,0c8213bc32f1
14923491,2026-10-01 10:44:52,actions-trading,Sim12,112610,skip,avoid_amount_dry,1c7d714a66d3
14923491,2026-10-01 10:44:52,actions-trading,Sim12,249420,skip,avoid_amount_dry,15d46b812941
14923491,2026-10-01 10:44:52,actions-trading,Sim12,128940,skip,avoid_amount_dry,0083613af476
14923491,2026-10-01 10:44:52,actions-trading,Sim12,181710,skip,avoid_amount_dry,ea92aac3a9f7
14923491,2026-10-01 10:44:52,actions-trading,Sim12,009190,skip,avoid_amount_dry,211f5049672f
14923491,2026-10-01 10:44:52,actions-trading,Sim12,051630,skip,avoid_amount_dry,9e0374ece93c
14923491,2026-10-01 10:44:52,actions-trading,Sim12,002820,skip,pb2_thin_liquidity,c8151fd63df7
14923491,2026-10-01 10:44:52,actions-trading,Sim12,071090,skip,pb2_not_crashed,988ab205f067
14923491,2026-10-01 10:44:52,actions-trading,Sim12,002787,skip,avoid_amount_dry,d7825eb4fac2
14923491,2026-10-01 10:44:52,actions-trading,Sim12,010640,skip,avoid_frgn_sell_20d,c190115c9276
14923491,2026-10-01 10:44:52,actions-trading,Sim12,002690,skip,avoid_frgn_sell_20d,b4657755142c
14923491,2026-10-01 10:44:52,actions-trading,Sim12,007110,skip,avoid_amount_dry,e0e1f3bfb8a8
14923491,2026-10-01 10:44:52,actions-trading,Sim12,452260,skip,avoid_amount_dry,b0e3bd348590
14923491,2026-10-01 10:44:52,actions-trading,Sim12,003780,skip,avoid_frgn_sell_20d,121f63f444c5
14923491,2026-10-01 10:44:52,actions-trading,Sim12,003580,skip,avoid_amount_dry,fc3ad31b48ea
14923491,2026-10-01 10:44:52,actions-trading,Sim12,487570,skip,pb2_not_crashed,8d87944066cd
14923491,2026-10-01 10:44:52,actions-trading,Sim12,005010,skip,pb2_not_crashed,44ac7022a9bc
14923491,2026-10-01 10:44:52,actions-trading,Sim12,003030,skip,pb2_not_crashed,216141398038
14923491,2026-10-01 10:44:52,actions-trading,Sim12,092790,skip,pb2_not_crashed,3ac730cae855
14923491,2026-10-01 10:44:52,actions-trading,Sim12,003075,skip,pb2_not_crashed,33cfe824e783
14923491,2026-10-01 10:44:52,actions-trading,Sim12,316140,skip,avoid_amount_dry,3cdfb1768416
14923491,2026-10-01 10:44:52,actions-trading,Sim12,010950,skip,avoid_amount_dry,5259f57ea8fd
14923491,2026-10-01 10:44:52,actions-trading,Sim12,002070,skip,avoid_amount_dry,492e3f1d9248
14923491,2026-10-01 10:44:52,actions-trading,Sim12,006260,skip,avoid_amount_dry,a3250f821bbd
14923491,2026-10-01 10:44:52,actions-trading,Sim12,006200,skip,pb2_thin_liquidity,73740c5b9dab
14923491,2026-10-01 10:44:52,actions-trading,Sim12,456040,skip,avoid_amount_dry,c25ca59d374d
14923491,2026-10-01 10:44:52,actions-trading,Sim12,001770,skip,avoid_amount_dry,5c570d8b65d4
14923491,2026-10-01 10:44:52,actions-trading,Sim12,078930,skip,avoid_amount_dry,155520b12a1d
14923491,2026-10-01 10:44:52,actions-trading,Sim12,024890,skip,avoid_frgn_sell_20d,3b9abcaa87f6
14923491,2026-10-01 10:44:52,actions-trading,Sim12,002995,skip,avoid_amount_dry,3b0152ab65d2
14923491,2026-10-01 10:44:52,actions-trading,Sim12,014280,skip,avoid_amount_dry,9df75077ce7c
14923491,2026-10-01 10:44:52,actions-trading,Sim12,00088K,skip,avoid_amount_dry,2fec4ce573ef
14923491,2026-10-01 10:44:52,actions-trading,Sim12,002785,skip,avoid_amount_dry,87c9c8f05927
14923491,2026-10-01 10:44:52,actions-trading,Sim12,361610,skip,avoid_amount_dry,798a0022172c
14923491,2026-10-01 10:44:52,actions-trading,Sim13,084010,skip,theme_momentum_weak,8f36ec571e32
14923491,2026-10-01 10:44:52,actions-trading,Sim13,005030,skip,theme_momentum_weak,00159a7589a5
14923491,2026-10-01 10:44:52,actions-trading,Sim13,192650,skip,no_frgn_support,da8e1f9ea450
14923491,2026-10-01 10:44:52,actions-trading,Sim13,036570,skip,theme_momentum_weak,ac1498e9ff0e
14923491,2026-10-01 10:44:52,actions-trading,Sim13,109070,skip,amount_not_surprised,084aaf164901
14923491,2026-10-01 10:44:52,actions-trading,Sim13,0126Z0,skip,theme_momentum_weak,866de84e90a0
14923491,2026-10-01 10:44:52,actions-trading,Sim13,004105,skip,no_frgn_support,2b96fbd49c5f
14923491,2026-10-01 10:44:52,actions-trading,Sim13,009420,skip,theme_momentum_weak,c660328daa0d
14923491,2026-10-01 10:44:52,actions-trading,Sim13,248070,skip,theme_momentum_weak,b49a68e17722
14923491,2026-10-01 10:44:52,actions-trading,Sim13,093050,skip,theme_momentum_weak,4b2ed7f4618a
14923491,2026-10-01 10:44:52,actions-trading,Sim13,002240,skip,theme_momentum_weak,2d412491d57f
14923491,2026-10-01 10:44:52,actions-trading,Sim13,460860,skip,theme_momentum_weak,2bf374b50145
14923491,2026-10-01 10:44:52,actions-trading,Sim13,480370,skip,adx_weak,c69c8863136e
14923491,2026-10-01 10:44:52,actions-trading,Sim13,004710,skip,amount_not_surprised,41e5b0bd7313
14923491,2026-10-01 10:44:52,actions-trading,Sim13,003160,skip,no_frgn_support,0972163481ba
14923491,2026-10-01 10:44:52,actions-trading,Sim13,012200,skip,theme_momentum_weak,c8b6d2104442
14923491,2026-10-01 10:44:52,actions-trading,Sim13,000760,skip,theme_momentum_weak,788d352f1e28
14923491,2026-10-01 10:44:52,actions-trading,Sim13,006280,skip,theme_momentum_weak,d5121be5eb05
14923491,2026-10-01 10:44:52,actions-trading,Sim13,079550,skip,theme_momentum_weak,ab223228a06b
14923491,2026-10-01 10:44:52,actions-trading,Sim13,001820,skip,adx_weak,2420d64f510a
14923491,2026-10-01 10:44:52,actions-trading,Sim13,012030,skip,adx_weak,0b1d3514ea46
14923491,2026-10-01 10:44:52,actions-trading,Sim13,077500,skip,held_or_cooldown,d33f68b034a4
14923491,2026-10-01 10:44:52,actions-trading,Sim13,055490,skip,theme_momentum_weak,3b1f1dbc59dc
14923491,2026-10-01 10:44:52,actions-trading,Sim13,005850,skip,theme_momentum_weak,0c0e0d4c15d5
14923491,2026-10-01 10:44:52,actions-trading,Sim13,001360,skip,theme_momentum_weak,526a7c826121
14923491,2026-10-01 10:44:52,actions-trading,Sim13,0120G0,skip,theme_momentum_weak,0c8213bc32f1
14923491,2026-10-01 10:44:52,actions-trading,Sim13,112610,skip,theme_momentum_weak,1c7d714a66d3
14923491,2026-10-01 10:44:52,actions-trading,Sim13,249420,skip,theme_momentum_weak,15d46b812941
14923491,2026-10-01 10:44:52,actions-trading,Sim13,128940,skip,theme_momentum_weak,0083613af476
14923491,2026-10-01 10:44:52,actions-trading,Sim13,181710,skip,theme_momentum_weak,ea92aac3a9f7
14923492,2026-10-01 10:46:11,actions-trading,Sim3,402340,skip,adx,043150c80d7e
14923492,2026-10-01 10:46:11,actions-trading,Sim3,383800,skip,amount,0b599f67baef
14923492,2026-10-01 10:46:11,actions-trading,Sim3,462870,skip,amount,bf766d3d9bb7
14923492,2026-10-01 10:46:11,actions-trading,Sim3,000660,skip,qty_zero,119456cf1f6d
14923492,2026-10-01 10:46:11,actions-trading,Sim3,071970,skip,held_or_sold_today,26e87bc8d3dd
14923492,2026-10-01 10:46:11,actions-trading,Sim3,042700,skip,not_cheap,c83d14ae1bf1
14923492,2026-10-01 10:46:11,actions-trading,Sim3,326030,skip,amount,dc1fe06988fd
14923492,2026-10-01 10:46:11,actions-trading,Sim3,207940,skip,not_cheap,7da9eb5af665
14923492,2026-10-01 10:46:11,actions-trading,Sim3,033920,skip,amount,3e37ba6cc9e6
14923492,2026-10-01 10:46:11,actions-trading,Sim3,004770,skip,amount,1f24b1bfa55e
14923492,2026-10-01 10:46:11,actions-trading,Sim3,0126Z0,skip,not_cheap,8a3e6e15929d
14923492,2026-10-01 10:46:11,actions-trading,Sim3,062040,skip,not_cheap,c4ef9b5eec3c
14923492,2026-10-01 10:46:11,actions-trading,Sim3,317450,skip,amount,3eab671d0452
14923492,2026-10-01 10:46:11,actions-trading,Sim3,026960,skip,amount,35884e79c907
14923492,2026-10-01 10:46:11,actions-trading,Sim3,021820,skip,amount,b52c3293dec7
14923492,2026-10-01 10:46:11,actions-trading,Sim3,192080,skip,amount,27ccee413778
14923492,2026-10-01 10:46:11,actions-trading,Sim3,068270,skip,held_or_sold_today,0d990b98c561
14923492,2026-10-01 10:46:11,actions-trading,Sim3,123890,skip,amount,4952ad50db9a
14923492,2026-10-01 10:46:11,actions-trading,Sim3,000240,skip,amount,702a82f5ce77
14923492,2026-10-01 10:46:11,actions-trading,Sim3,002380,skip,held_or_sold_today,82f66d358462
14923492,2026-10-01 10:46:11,actions-trading,Sim3,009770,skip,amount,347bb6b9d1c4
14923492,2026-10-01 10:46:11,actions-trading,Sim3,259960,skip,held_or_sold_today,d0c490ecdf7c
14923492,2026-10-01 10:46:11,actions-trading,Sim3,035250,skip,amount,825bed042c48
14923492,2026-10-01 10:46:11,actions-trading,Sim3,383220,skip,amount,a56c9d2efec6
14923492,2026-10-01 10:46:11,actions-trading,Sim3,226320,skip,amount,913bccb60a36
14923492,2026-10-01 10:46:11,actions-trading,Sim3,439260,skip,amount,3637c97ce6b4
14923492,2026-10-01 10:46:11,actions-trading,Sim3,025560,skip,cooldown,8d78d7a3b9e2
14923492,2026-10-01 10:46:11,actions-trading,Sim3,007700,skip,amount,386b5bb24f45
14923492,2026-10-01 10:46:11,actions-trading,Sim3,278470,skip,not_cheap,505f43adfe1a
14923492,2026-10-01 10:46:11,actions-trading,Sim3,000990,skip,not_cheap,1755cd60d01c
14923492,2026-10-01 10:46:51,actions-trading,MFHS2,028670,skip,max_holdings,e5449021fa13
14923492,2026-10-01 10:46:51,actions-trading,MFHS2,018880,seen,,16d75f0d53e7
14923492,2026-10-01 10:46:51,actions-trading,MFHS2,003160,seen,,728708cfcb79
14923492,2026-10-01 10:46:51,actions-trading,MFHS2,005935,seen,,05035925db60
14923492,2026-10-01 10:46:51,actions-trading,MFHS2,002990,seen,,639c747dce56
14923492,2026-10-01 10:46:51,actions-trading,MFHS2,011200,seen,,096a465c084e
14923492,2026-10-01 10:46:51,actions-trading,MFHS2,248070,seen,,30429ba2db29
14923492,2026-10-01 10:46:51,actions-trading,MFHS2,034220,seen,,b2fc4f43be8b
14923492,2026-10-01 10:46:51,actions-trading,MFHS2,192650,seen,,55b8c7c20c31
14923492,2026-10-01 10:46:51,actions-trading,MFHS2,068270,seen,,c43973f7f3f1
14923492,2026-10-01 10:46:51,actions-trading,MFHS2,030000,seen,,322a787821b3
14923492,2026-10-01 10:46:51,actions-trading,MFHS2,001250,seen,,2840b0bd9851
14923492,2026-10-01 10:46:51,actions-trading,MFHS2,009830,seen,,c9703d749d6a
14923492,2026-10-01 10:46:51,actions-trading,MFHS2,004710,seen,,d9acfe0ac870
14923492,2026-10-01 10:46:51,actions-trading,MFHS2,005880,seen,,3c54162e445a
14923492,2026-10-01 10:46:51,actions-trading,MFHS2,005690,seen,,4708fc3081cf
14923492,2026-10-01 10:46:51,actions-trading,MFHS2,093370,seen,,c3afa25912a0
14923492,2026-10-01 10:46:51,actions-trading,MFHS2,002700,seen,,84d72e9a61bf
14923492,2026-10-01 10:46:51,actions-trading,MFHS2,008350,seen,,d53ec1eb41a1
14923492,2026-10-01 10:46:51,actions-trading,MFHS2,003280,seen,,a287124f685b
14923492,2026-10-01 10:46:51,actions-trading,MFHS2,001820,seen,,31758c5f9be2
14923492,2026-10-01 10:46:51,actions-trading,MFHS2,001210,seen,,727d31610272
14923492,2026-10-01 10:46:51,actions-trading,MFHS2,003780,seen,,b1bfcd17b2d0
14923492,2026-10-01 10:46:51,actions-trading,MFHS2,001510,seen,,2163d41826f9
14923492,2026-10-01 10:46:51,actions-trading,MFHS2,089860,seen,,e651562d0868
14923492,2026-10-01 10:46:51,actions-trading,MFHS2,086790,seen,,7b469f72216f
14923492,2026-10-01 10:46:51,actions-trading,MFHS2,092220,seen,,24fa527136b3
14923492,2026-10-01 10:46:51,actions-trading,MFHS2,093050,seen,,c19ad1e43551
14923492,2026-10-01 10:46:51,actions-trading,MFHS2,035000,seen,,9a543a8fdb6f
14923492,2026-10-01 10:46:51,actions-trading,MFHS2,004310,seen,,c8a7d5609816
14923492,2026-10-01 10:46:54,actions-trading,상승모멘텀,084010,skip,max_holdings,2a6eba8275af
14923492,2026-10-01 10:46:54,actions-trading,상승모멘텀,005030,seen,,00159a7589a5
14923492,2026-10-01 10:46:54,actions-trading,상승모멘텀,192650,seen,,55b8c7c20c31
14923492,2026-10-01 10:46:54,actions-trading,상승모멘텀,036570,seen,,62c78d4b0537
14923492,2026-10-01 10:46:54,actions-trading,상승모멘텀,0126Z0,seen,,0d52b81fc7ba
14923492,2026-10-01 10:46:54,actions-trading,상승모멘텀,109070,seen,,3a0842cb03b1
14923492,2026-10-01 10:46:54,actions-trading,상승모멘텀,004105,seen,,859496c9eda8
14923492,2026-10-01 10:46:54,actions-trading,상승모멘텀,009420,seen,,4ebe7b36f772
14923492,2026-10-01 10:46:54,actions-trading,상승모멘텀,248070,seen,,30429ba2db29
14923492,2026-10-01 10:46:54,actions-trading,상승모멘텀,460860,seen,,55c58ab5387a
14923492,2026-10-01 10:46:54,actions-trading,상승모멘텀,093050,seen,,c19ad1e43551
14923492,2026-10-01 10:46:54,actions-trading,상승모멘텀,002240,seen,,f3412d026203
14923492,2026-10-01 10:46:54,actions-trading,상승모멘텀,480370,seen,,620ad184da49
14923492,2026-10-01 10:46:54,actions-trading,상승모멘텀,004710,seen,,d9acfe0ac870
14923492,2026-10-01 10:46:54,actions-trading,상승모멘텀,012200,seen,,fe65a5a06195
14923492,2026-10-01 10:46:54,actions-trading,상승모멘텀,003160,seen,,728708cfcb79
14923492,2026-10-01 10:46:54,actions-trading,상승모멘텀,001820,seen,,31758c5f9be2
14923492,2026-10-01 10:46:54,actions-trading,상승모멘텀,112610,seen,,7a6ec4edd8d2
14923492,2026-10-01 10:46:54,actions-trading,상승모멘텀,000760,seen,,788d352f1e28
14923492,2026-10-01 10:46:54,actions-trading,상승모멘텀,006280,seen,,aaf1e18f9b38
14923492,2026-10-01 10:46:54,actions-trading,상승모멘텀,001360,seen,,a401c7d877ae
14923492,2026-10-01 10:46:54,actions-trading,상승모멘텀,128940,seen,,629c0d83ad32
14923492,2026-10-01 10:46:54,actions-trading,상승모멘텀,077500,seen,,b32b30243671
14923492,2026-10-01 10:46:54,actions-trading,상승모멘텀,055490,seen,,f546dc5358ff
14923492,2026-10-01 10:46:54,actions-trading,상승모멘텀,0120G0,seen,,46c019a0d4a5
14923492,2026-10-01 10:46:54,actions-trading,상승모멘텀,012030,seen,,f5729016f0be
14923492,2026-10-01 10:46:54,actions-trading,상승모멘텀,079550,seen,,2455e83a13dd
14923492,2026-10-01 10:46:54,actions-trading,상승모멘텀,249420,seen,,552464cb4522
14923492,2026-10-01 10:46:54,actions-trading,상승모멘텀,078520,seen,,d9f7a72361eb
14923492,2026-10-01 10:46:54,actions-trading,상승모멘텀,005850,seen,,ad8e463ee0c4
14923492,2026-10-01 10:46:54,actions-trading,Sim4-1,084010,skip,period,2a6eba8275af
14923492,2026-10-01 10:46:54,actions-trading,Sim4-1,005030,skip,amount,00159a7589a5
14923492,2026-10-01 10:46:54,actions-trading,Sim4-1,192650,skip,period,55b8c7c20c31
14923492,2026-10-01 10:46:54,actions-trading,Sim4-1,036570,skip,period,62c78d4b0537
14923492,2026-10-01 10:46:54,actions-trading,Sim4-1,0126Z0,skip,adx_high,0d52b81fc7ba
14923492,2026-10-01 10:46:54,actions-trading,Sim4-1,109070,skip,amount,3a0842cb03b1
14923492,2026-10-01 10:46:54,actions-trading,Sim4-1,004105,skip,amount,859496c9eda8
14923492,2026-10-01 10:46:54,actions-trading,Sim4-1,009420,skip,period,4ebe7b36f772
14923492,2026-10-01 10:46:54,actions-trading,Sim4-1,248070,skip,period,30429ba2db29
14923492,2026-10-01 10:46:54,actions-trading,Sim4-1,460860,skip,adx_high,55c58ab5387a
14923492,2026-10-01 10:46:54,actions-trading,Sim4-1,093050,skip,amount,c19ad1e43551
14923492,2026-10-01 10:46:54,actions-trading,Sim4-1,002240,skip,amount,f3412d026203
14923492,2026-10-01 10:46:54,actions-trading,Sim4-1,480370,skip,amount,620ad184da49
14923492,2026-10-01 10:46:54,actions-trading,Sim4-1,004710,skip,adx_high,d9acfe0ac870
14923492,2026-10-01 10:46:54,actions-trading,Sim4-1,012200,skip,amount,fe65a5a06195
14923492,2026-10-01 10:46:54,actions-trading,Sim4-1,003160,skip,held_or_cooldown,728708cfcb79
14923492,2026-10-01 10:46:54,actions-trading,Sim4-1,001820,skip,adx_low,31758c5f9be2
14923492,2026-10-01 10:46:54,actions-trading,Sim4-1,112610,skip,period,7a6ec4edd8d2
14923492,2026-10-01 10:46:54,actions-trading,Sim4-1,000760,skip,amount,788d352f1e28
14923492,2026-10-01 10:46:54,actions-trading,Sim4-1,006280,skip,amount,aaf1e18f9b38
14923492,2026-10-01 10:46:54,actions-trading,Sim4-1,001360,skip,amount,a401c7d877ae
14923492,2026-10-01 10:46:54,actions-trading,Sim4-1,128940,skip,adx_low,629c0d83ad32
14923492,2026-10-01 10:46:54,actions-trading,Sim4-1,077500,skip,amount,b32b30243671
14923492,2026-10-01 10:46:54,actions-trading,Sim4-1,055490,skip,amount,f546dc5358ff
14923492,2026-10-01 10:46:54,actions-trading,Sim4-1,0120G0,skip,amount,46c019a0d4a5
14923492,2026-10-01 10:46:54,actions-trading,Sim4-1,012030,skip,amount,f5729016f0be
14923492,2026-10-01 10:46:54,actions-trading,Sim4-1,079550,skip,adx_high,2455e83a13dd
14923492,2026-10-01 10:46:54,actions-trading,Sim4-1,249420,skip,amount,552464cb4522
14923492,2026-10-01 10:46:54,actions-trading,Sim4-1,078520,skip,amount,d9f7a72361eb
14923492,2026-10-01 10:46:54,actions-trading,Sim4-1,005850,skip,amount,ad8e463ee0c4
14923492,2026-10-01 10:46:55,actions-trading,선행매집,028670,skip,no_setup,e5449021fa13
14923492,2026-10-01 10:46:55,actions-trading,선행매집,018880,skip,below_anchor,16d75f0d53e7
14923492,2026-10-01 10:46:55,actions-trading,선행매집,192650,skip,no_setup,55b8c7c20c31
14923492,2026-10-01 10:46:55,actions-trading,선행매집,009830,skip,below_anchor,c9703d749d6a
14923492,2026-10-01 10:46:55,actions-trading,선행매집,011200,skip,below_anchor,096a465c084e
14923492,2026-10-01 10:46:55,actions-trading,선행매집,003160,skip,no_setup,728708cfcb79
14923492,2026-10-01 10:46:55,actions-trading,선행매집,005935,skip,below_anchor,05035925db60
14923492,2026-10-01 10:46:55,actions-trading,선행매집,002990,skip,below_anchor,639c747dce56
14923492,2026-10-01 10:46:55,actions-trading,선행매집,068270,skip,below_anchor,c43973f7f3f1
14923492,2026-10-01 10:46:55,actions-trading,선행매집,034220,skip,below_anchor,b2fc4f43be8b
14923492,2026-10-01 10:46:55,actions-trading,선행매집,248070,skip,below_anchor,30429ba2db29
14923492,2026-10-01 10:46:55,actions-trading,선행매집,030000,skip,below_anchor,322a787821b3
14923492,2026-10-01 10:46:55,actions-trading,선행매집,001250,skip,below_anchor,2840b0bd9851
14923492,2026-10-01 10:46:55,actions-trading,선행매집,005880,skip,amount,3c54162e445a
14923492,2026-10-01 10:46:55,actions-trading,선행매집,005690,skip,below_anchor,4708fc3081cf
14923492,2026-10-01 10:46:55,actions-trading,선행매집,002700,skip,amount,84d72e9a61bf
14923492,2026-10-01 10:46:55,actions-trading,선행매집,001210,skip,below_anchor,727d31610272
14923492,2026-10-01 10:46:55,actions-trading,선행매집,008350,skip,amount,d53ec1eb41a1
14923492,2026-10-01 10:46:55,actions-trading,선행매집,001820,skip,below_anchor,31758c5f9be2
14923492,2026-10-01 10:46:55,actions-trading,선행매집,003280,skip,below_anchor,a287124f685b
14923492,2026-10-01 10:46:55,actions-trading,선행매집,004710,skip,below_anchor,d9acfe0ac870
14923492,2026-10-01 10:46:55,actions-trading,선행매집,003780,skip,amount,b1bfcd17b2d0
14923492,2026-10-01 10:46:55,actions-trading,선행매집,092220,skip,amount,24fa527136b3
14923492,2026-10-01 10:46:55,actions-trading,선행매집,089860,skip,no_setup,e651562d0868
14923492,2026-10-01 10:46:55,actions-trading,선행매집,093050,skip,no_setup,c19ad1e43551
14923492,2026-10-01 10:46:55,actions-trading,선행매집,001510,skip,below_anchor,2163d41826f9
14923492,2026-10-01 10:46:55,actions-trading,선행매집,051910,skip,below_anchor,f0c5f2b9f458
14923492,2026-10-01 10:46:55,actions-trading,선행매집,004770,skip,amount,de9107718497
14923492,2026-10-01 10:46:55,actions-trading,선행매집,093370,skip,below_anchor,c3afa25912a0
14923492,2026-10-01 10:46:55,actions-trading,선행매집,035000,skip,amount,9a543a8fdb6f
14923492,2026-10-01 10:46:55,actions-trading,Sim9,_gate,skip,outside_entry_window,e3b0c44298fc
14923492,2026-10-01 10:46:55,actions-trading,Sim9,084010,seen,,2a6eba8275af
14923492,2026-10-01 10:46:55,actions-trading,Sim9,005030,seen,,00159a7589a5
14923492,2026-10-01 10:46:55,actions-trading,Sim9,192650,seen,,55b8c7c20c31
14923492,2026-10-01 10:46:55,actions-trading,Sim9,036570,seen,,62c78d4b0537
14923492,2026-10-01 10:46:55,actions-trading,Sim9,0126Z0,seen,,0d52b81fc7ba
14923492,2026-10-01 10:46:55,actions-trading,Sim9,109070,seen,,3a0842cb03b1
14923492,2026-10-01 10:46:55,actions-trading,Sim9,004105,seen,,859496c9eda8
14923492,2026-10-01 10:46:55,actions-trading,Sim9,009420,seen,,4ebe7b36f772
14923492,2026-10-01 10:46:55,actions-trading,Sim9,248070,seen,,30429ba2db29
14923492,2026-10-01 10:46:55,actions-trading,Sim9,460860,seen,,55c58ab5387a
14923492,2026-10-01 10:46:55,actions-trading,Sim9,093050,seen,,c19ad1e43551
14923492,2026-10-01 10:46:55,actions-trading,Sim9,002240,seen,,f3412d026203
14923492,2026-10-01 10:46:55,actions-trading,Sim9,480370,seen,,620ad184da49
14923492,2026-10-01 10:46:55,actions-trading,Sim9,004710,seen,,d9acfe0ac870
14923492,2026-10-01 10:46:55,actions-trading,Sim9,012200,seen,,fe65a5a06195
14923492,2026-10-01 10:46:55,actions-trading,Sim9,003160,seen,,728708cfcb79
14923492,2026-10-01 10:46:55,actions-trading,Sim9,001820,seen,,31758c5f9be2
14923492,2026-10-01 10:46:55,actions-trading,Sim9,112610,seen,,7a6ec4edd8d2
14923492,2026-10-01 10:46:55,actions-trading,Sim9,000760,seen,,788d352f1e28
14923492,2026-10-01 10:46:55,actions-trading,Sim9,006280,seen,,aaf1e18f9b38
14923492,2026-10-01 10:46:55,actions-trading,Sim9,001360,seen,,a401c7d877ae
14923492,2026-10-01 10:46:55,actions-trading,Sim9,128940,seen,,629c0d83ad32
14923492,2026-10-01 10:46:55,actions-trading,Sim9,077500,seen,,b32b30243671
14923492,2026-10-01 10:46:55,actions-trading,Sim9,055490,seen,,f546dc5358ff
14923492,2026-10-01 10:46:55,actions-trading,Sim9,0120G0,seen,,46c019a0d4a5
14923492,2026-10-01 10:46:55,actions-trading,Sim9,012030,seen,,f5729016f0be
14923492,2026-10-01 10:46:55,actions-trading,Sim9,079550,seen,,2455e83a13dd
14923492,2026-10-01 10:46:55,actions-trading,Sim9,249420,seen,,552464cb4522
14923492,2026-10-01 10:46:55,actions-trading,Sim9,078520,seen,,d9f7a72361eb
14923492,2026-10-01 10:46:55,actions-trading,Sim9,005850,seen,,ad8e463ee0c4
14923492,2026-10-01 10:46:55,actions-trading,미너비니,192820,skip,below_pivot,ea048fafb890
14923492,2026-10-01 10:46:55,actions-trading,미너비니,443060,skip,below_pivot,8b1f467afa92
14923492,2026-10-01 10:46:55,actions-trading,미너비니,020120,skip,below_pivot,bffe5e293db7
14923492,2026-10-01 10:46:56,actions-trading,Sim12,084010,skip,avoid_frgn_sell_20d,2a6eba8275af
14923492,2026-10-01 10:46:56,actions-trading,Sim12,005030,skip,avoid_amount_dry,00159a7589a5
14923492,2026-10-01 10:46:56,actions-trading,Sim12,192650,skip,pb2_not_crashed,55b8c7c20c31
14923492,2026-10-01 10:46:56,actions-trading,Sim12,036570,skip,pb2_not_crashed,62c78d4b0537
14923492,2026-10-01 10:46:56,actions-trading,Sim12,0126Z0,skip,avoid_frgn_sell_20d,0d52b81fc7ba
14923492,2026-10-01 10:46:56,actions-trading,Sim12,109070,skip,pb2_not_crashed,3a0842cb03b1
14923492,2026-10-01 10:46:56,actions-trading,Sim12,004105,skip,pb2_not_crashed,859496c9eda8
14923492,2026-10-01 10:46:56,actions-trading,Sim12,009420,skip,avoid_amount_dry,4ebe7b36f772
14923492,2026-10-01 10:46:56,actions-trading,Sim12,248070,skip,avoid_frgn_sell_20d,30429ba2db29
14923492,2026-10-01 10:46:56,actions-trading,Sim12,460860,skip,avoid_frgn_sell_20d,55c58ab5387a
14923492,2026-10-01 10:46:56,actions-trading,Sim12,093050,skip,avoid_frgn_sell_20d,c19ad1e43551
14923492,2026-10-01 10:46:56,actions-trading,Sim12,002240,skip,avoid_frgn_sell_20d,f3412d026203
14923492,2026-10-01 10:46:56,actions-trading,Sim12,480370,skip,avoid_amount_dry,620ad184da49
14923492,2026-10-01 10:46:56,actions-trading,Sim12,004710,skip,avoid_frgn_sell_20d,d9acfe0ac870
14923492,2026-10-01 10:46:56,actions-trading,Sim12,012200,skip,avoid_deadcat,fe65a5a06195
14923492,2026-10-01 10:46:56,actions-trading,Sim12,003160,skip,pb2_not_crashed,728708cfcb79
14923492,2026-10-01 10:46:56,actions-trading,Sim12,001820,skip,avoid_amount_dry,31758c5f9be2
14923492,2026-10-01 10:46:56,actions-trading,Sim12,112610,skip,avoid_amount_dry,7a6ec4edd8d2
14923492,2026-10-01 10:46:56,actions-trading,Sim12,000760,skip,avoid_amount_dry,788d352f1e28
14923492,2026-10-01 10:46:56,actions-trading,Sim12,006280,skip,avoid_amount_dry,aaf1e18f9b38
14923492,2026-10-01 10:46:56,actions-trading,Sim12,001360,skip,pb2_not_crashed,a401c7d877ae
14923492,2026-10-01 10:46:56,actions-trading,Sim12,128940,skip,avoid_amount_dry,629c0d83ad32
14923492,2026-10-01 10:46:56,actions-trading,Sim12,077500,skip,pb2_not_crashed,b32b30243671
14923492,2026-10-01 10:46:56,actions-trading,Sim12,055490,skip,avoid_frgn_sell_20d,f546dc5358ff
14923492,2026-10-01 10:46:56,actions-trading,Sim12,0120G0,skip,avoid_amount_dry,46c019a0d4a5
14923492,2026-10-01 10:46:56,actions-trading,Sim12,012030,skip,avoid_frgn_sell_20d,f5729016f0be
14923492,2026-10-01 10:46:56,actions-trading,Sim12,079550,skip,avoid_amount_dry,2455e83a13dd
14923492,2026-10-01 10:46:56,actions-trading,Sim12,249420,skip,avoid_amount_dry,552464cb4522
14923492,2026-10-01 10:46:56,actions-trading,Sim12,078520,skip,avoid_amount_dry,d9f7a72361eb
14923492,2026-10-01 10:46:56,actions-trading,Sim12,005850,skip,pb2_not_crashed,ad8e463ee0c4
14923492,2026-10-01 10:46:56,actions-trading,Sim12,009190,skip,pb2_thin_liquidity,800f9a4be80b
14923492,2026-10-01 10:46:56,actions-trading,Sim12,051630,skip,avoid_amount_dry,d1158efd5f49
14923492,2026-10-01 10:46:56,actions-trading,Sim12,002820,skip,pb2_thin_liquidity,c8151fd63df7
14923492,2026-10-01 10:46:56,actions-trading,Sim12,071090,skip,pb2_not_crashed,456a3908b669
14923492,2026-10-01 10:46:56,actions-trading,Sim12,002787,skip,avoid_amount_dry,d7825eb4fac2
14923492,2026-10-01 10:46:56,actions-trading,Sim12,452260,skip,avoid_amount_dry,88057edb6676
14923492,2026-10-01 10:46:56,actions-trading,Sim12,010640,skip,avoid_frgn_sell_20d,749ac0de82dd
14923492,2026-10-01 10:46:56,actions-trading,Sim12,002690,skip,avoid_frgn_sell_20d,de12d41dea7e
14923492,2026-10-01 10:46:56,actions-trading,Sim12,007110,skip,avoid_amount_dry,82bc550fbc38
14923492,2026-10-01 10:46:56,actions-trading,Sim12,003780,skip,avoid_frgn_sell_20d,b1bfcd17b2d0
14923492,2026-10-01 10:46:56,actions-trading,Sim12,002070,skip,avoid_amount_dry,9ed8544dda13
14923492,2026-10-01 10:46:56,actions-trading,Sim12,003580,skip,avoid_amount_dry,acfffc4d9566
14923492,2026-10-01 10:46:56,actions-trading,Sim12,003030,skip,pb2_not_crashed,a80a83fcf152
14923492,2026-10-01 10:46:56,actions-trading,Sim12,487570,skip,pb2_not_crashed,e75664dda75e
14923492,2026-10-01 10:46:56,actions-trading,Sim12,092790,skip,pb2_not_crashed,fa0a1e4e3fcf
14923492,2026-10-01 10:46:56,actions-trading,Sim12,005010,skip,pb2_not_crashed,26687876bdcb
14923492,2026-10-01 10:46:56,actions-trading,Sim12,003075,skip,pb2_not_crashed,33cfe824e783
14923492,2026-10-01 10:46:56,actions-trading,Sim12,316140,skip,avoid_amount_dry,3c669e6c935e
14923492,2026-10-01 10:46:56,actions-trading,Sim12,010950,skip,avoid_amount_dry,1a7a2d2ee817
14923492,2026-10-01 10:46:56,actions-trading,Sim12,006260,skip,avoid_amount_dry,6ac052983f0b
14923492,2026-10-01 10:46:56,actions-trading,Sim12,001770,skip,avoid_amount_dry,5c570d8b65d4
14923492,2026-10-01 10:46:56,actions-trading,Sim12,014280,skip,avoid_amount_dry,6ac242410948
14923492,2026-10-01 10:46:56,actions-trading,Sim12,024890,skip,avoid_frgn_sell_20d,5c87e136e1de
14923492,2026-10-01 10:46:56,actions-trading,Sim12,006200,skip,pb2_thin_liquidity,833e8a89c5cc
14923492,2026-10-01 10:46:56,actions-trading,Sim12,00088K,skip,avoid_amount_dry,c4bcae5d1f2a
14923492,2026-10-01 10:46:56,actions-trading,Sim12,002995,skip,avoid_amount_dry,bd33de5c9865
14923492,2026-10-01 10:46:56,actions-trading,Sim12,002785,skip,avoid_amount_dry,87c9c8f05927
14923492,2026-10-01 10:46:56,actions-trading,Sim12,456040,skip,avoid_amount_dry,6102e3b286f2
14923492,2026-10-01 10:46:56,actions-trading,Sim12,361610,skip,avoid_amount_dry,5143b9bc7a2d
14923492,2026-10-01 10:46:56,actions-trading,Sim12,078930,skip,avoid_amount_dry,96665598cd35
14923492,2026-10-01 10:46:57,actions-trading,Sim13,084010,skip,theme_momentum_weak,2a6eba8275af
14923492,2026-10-01 10:46:57,actions-trading,Sim13,005030,skip,theme_momentum_weak,00159a7589a5
14923492,2026-10-01 10:46:57,actions-trading,Sim13,192650,skip,no_frgn_support,55b8c7c20c31
14923492,2026-10-01 10:46:57,actions-trading,Sim13,036570,skip,theme_momentum_weak,62c78d4b0537
14923492,2026-10-01 10:46:57,actions-trading,Sim13,0126Z0,skip,theme_momentum_weak,0d52b81fc7ba
14923492,2026-10-01 10:46:57,actions-trading,Sim13,109070,skip,amount_not_surprised,3a0842cb03b1
14923492,2026-10-01 10:46:57,actions-trading,Sim13,004105,skip,no_frgn_support,859496c9eda8
14923492,2026-10-01 10:46:57,actions-trading,Sim13,009420,skip,theme_momentum_weak,4ebe7b36f772
14923492,2026-10-01 10:46:57,actions-trading,Sim13,248070,skip,theme_momentum_weak,30429ba2db29
14923492,2026-10-01 10:46:57,actions-trading,Sim13,460860,skip,theme_momentum_weak,55c58ab5387a
14923492,2026-10-01 10:46:57,actions-trading,Sim13,093050,skip,theme_momentum_weak,c19ad1e43551
14923492,2026-10-01 10:46:57,actions-trading,Sim13,002240,skip,theme_momentum_weak,f3412d026203
14923492,2026-10-01 10:46:57,actions-trading,Sim13,480370,skip,adx_weak,620ad184da49
14923492,2026-10-01 10:46:57,actions-trading,Sim13,004710,skip,amount_not_surprised,d9acfe0ac870
14923492,2026-10-01 10:46:57,actions-trading,Sim13,012200,skip,theme_momentum_weak,fe65a5a06195
14923492,2026-10-01 10:46:57,actions-trading,Sim13,003160,skip,no_frgn_support,728708cfcb79
14923492,2026-10-01 10:46:57,actions-trading,Sim13,001820,skip,adx_weak,31758c5f9be2
14923492,2026-10-01 10:46:57,actions-trading,Sim13,112610,skip,theme_momentum_weak,7a6ec4edd8d2
14923492,2026-10-01 10:46:57,actions-trading,Sim13,000760,skip,theme_momentum_weak,788d352f1e28
14923492,2026-10-01 10:46:57,actions-trading,Sim13,006280,skip,theme_momentum_weak,aaf1e18f9b38
14923492,2026-10-01 10:46:57,actions-trading,Sim13,001360,skip,theme_momentum_weak,a401c7d877ae
14923492,2026-10-01 10:46:57,actions-trading,Sim13,128940,skip,theme_momentum_weak,629c0d83ad32
14923492,2026-10-01 10:46:57,actions-trading,Sim13,077500,skip,held_or_cooldown,b32b30243671
14923492,2026-10-01 10:46:57,actions-trading,Sim13,055490,skip,theme_momentum_weak,f546dc5358ff
14923492,2026-10-01 10:46:57,actions-trading,Sim13,0120G0,skip,theme_momentum_weak,46c019a0d4a5
14923492,2026-10-01 10:46:57,actions-trading,Sim13,012030,skip,adx_weak,f5729016f0be
14923492,2026-10-01 10:46:57,actions-trading,Sim13,079550,skip,theme_momentum_weak,2455e83a13dd
14923492,2026-10-01 10:46:57,actions-trading,Sim13,249420,skip,theme_momentum_weak,552464cb4522
14923492,2026-10-01 10:46:57,actions-trading,Sim13,078520,skip,theme_momentum_weak,d9f7a72361eb
14923492,2026-10-01 10:46:57,actions-trading,Sim13,005850,skip,theme_momentum_weak,ad8e463ee0c4
14923493,2026-10-01 10:48:18,actions-trading,Sim3,402340,skip,adx,c58ec005051d
14923493,2026-10-01 10:48:18,actions-trading,Sim3,383800,skip,amount,c020394ecd5f
14923493,2026-10-01 10:48:18,actions-trading,Sim3,462870,skip,amount,ba76f18502d4
14923493,2026-10-01 10:48:18,actions-trading,Sim3,000660,skip,qty_zero,f2bb22ad45aa
14923493,2026-10-01 10:48:18,actions-trading,Sim3,071970,skip,held_or_sold_today,d8bccb9ac30d
14923493,2026-10-01 10:48:18,actions-trading,Sim3,042700,skip,not_cheap,2d504318f603
14923493,2026-10-01 10:48:18,actions-trading,Sim3,326030,skip,amount,fd0744932774
14923493,2026-10-01 10:48:18,actions-trading,Sim3,207940,skip,not_cheap,becabeb02ffa
14923493,2026-10-01 10:48:18,actions-trading,Sim3,033920,skip,amount,72774310e391
14923493,2026-10-01 10:48:18,actions-trading,Sim3,004770,skip,amount,0382695f93be
14923493,2026-10-01 10:48:18,actions-trading,Sim3,0126Z0,skip,not_cheap,7455669160a9
14923493,2026-10-01 10:48:18,actions-trading,Sim3,062040,skip,not_cheap,a8830557d2ab
14923493,2026-10-01 10:48:18,actions-trading,Sim3,317450,skip,amount,e57fd51163b2
14923493,2026-10-01 10:48:18,actions-trading,Sim3,026960,skip,amount,80b28d2e0fac
14923493,2026-10-01 10:48:18,actions-trading,Sim3,021820,skip,amount,b52c3293dec7
14923493,2026-10-01 10:48:18,actions-trading,Sim3,192080,skip,amount,318e7c2a0f12
14923493,2026-10-01 10:48:18,actions-trading,Sim3,068270,skip,held_or_sold_today,af06a2f9904a
14923493,2026-10-01 10:48:18,actions-trading,Sim3,123890,skip,amount,e176ab7057a4
14923493,2026-10-01 10:48:18,actions-trading,Sim3,000240,skip,amount,010a9d9b6690
14923493,2026-10-01 10:48:18,actions-trading,Sim3,002380,skip,held_or_sold_today,4a95436d9681
14923493,2026-10-01 10:48:18,actions-trading,Sim3,009770,skip,amount,347bb6b9d1c4
14923493,2026-10-01 10:48:18,actions-trading,Sim3,259960,skip,held_or_sold_today,36d75089aac2
14923493,2026-10-01 10:48:18,actions-trading,Sim3,035250,skip,amount,daff8077622d
14923493,2026-10-01 10:48:18,actions-trading,Sim3,383220,skip,amount,f20890087284
14923493,2026-10-01 10:48:18,actions-trading,Sim3,226320,skip,amount,e16b60fcd960
14923493,2026-10-01 10:48:18,actions-trading,Sim3,439260,skip,amount,a461dff80293
14923493,2026-10-01 10:48:18,actions-trading,Sim3,025560,skip,cooldown,6f2ad7b8fa60
14923493,2026-10-01 10:48:18,actions-trading,Sim3,007700,skip,amount,386b5bb24f45
14923493,2026-10-01 10:48:18,actions-trading,Sim3,278470,skip,not_cheap,d89879e7c145
14923493,2026-10-01 10:48:18,actions-trading,Sim3,000990,skip,not_cheap,e35019efd41f
14923493,2026-10-01 10:48:52,actions-trading,MFHS2,028670,skip,max_holdings,9f05c24d3fa3
14923493,2026-10-01 10:48:52,actions-trading,MFHS2,018880,seen,,999aea08d60d
14923493,2026-10-01 10:48:52,actions-trading,MFHS2,003160,seen,,1e1a5ab7230c
14923493,2026-10-01 10:48:52,actions-trading,MFHS2,005935,seen,,da3d603f383c
14923493,2026-10-01 10:48:52,actions-trading,MFHS2,002990,seen,,5798461b92a5
14923493,2026-10-01 10:48:52,actions-trading,MFHS2,011200,seen,,0cae041f59d1
14923493,2026-10-01 10:48:52,actions-trading,MFHS2,248070,seen,,f1164f28652f
14923493,2026-10-01 10:48:52,actions-trading,MFHS2,034220,seen,,27456adeb5d3
14923493,2026-10-01 10:48:52,actions-trading,MFHS2,192650,seen,,70164afac3dd
14923493,2026-10-01 10:48:52,actions-trading,MFHS2,068270,seen,,f0ca3483ceb6
14923493,2026-10-01 10:48:52,actions-trading,MFHS2,030000,seen,,add75deb18ec
14923493,2026-10-01 10:48:52,actions-trading,MFHS2,001250,seen,,8df50d3ce2b1
14923493,2026-10-01 10:48:52,actions-trading,MFHS2,009830,seen,,0c317d52fa69
14923493,2026-10-01 10:48:52,actions-trading,MFHS2,004710,seen,,116825ebfad9
14923493,2026-10-01 10:48:52,actions-trading,MFHS2,005880,seen,,a27bd503b50a
14923493,2026-10-01 10:48:52,actions-trading,MFHS2,005690,seen,,0f903a7ac8bf
14923493,2026-10-01 10:48:52,actions-trading,MFHS2,093370,seen,,e2605504b222
14923493,2026-10-01 10:48:52,actions-trading,MFHS2,002700,seen,,9b3f9487c8d2
14923493,2026-10-01 10:48:52,actions-trading,MFHS2,008350,seen,,50039da2a99e
14923493,2026-10-01 10:48:52,actions-trading,MFHS2,003280,seen,,507b045a0be7
14923493,2026-10-01 10:48:52,actions-trading,MFHS2,001820,seen,,a00c39809358
14923493,2026-10-01 10:48:52,actions-trading,MFHS2,001210,seen,,01dbefc3176f
14923493,2026-10-01 10:48:52,actions-trading,MFHS2,003780,seen,,ebb5e0c0ea0d
14923493,2026-10-01 10:48:52,actions-trading,MFHS2,001510,seen,,e64c05d574c8
14923493,2026-10-01 10:48:52,actions-trading,MFHS2,089860,seen,,f56edf2fca8c
14923493,2026-10-01 10:48:52,actions-trading,MFHS2,086790,seen,,563ce44ef435
14923493,2026-10-01 10:48:52,actions-trading,MFHS2,092220,seen,,d725d0ca01de
14923493,2026-10-01 10:48:52,actions-trading,MFHS2,093050,seen,,d4232e9cd938
14923493,2026-10-01 10:48:52,actions-trading,MFHS2,035000,seen,,004eb821cb8d
14923493,2026-10-01 10:48:52,actions-trading,MFHS2,004310,seen,,1355da800e78
14923493,2026-10-01 10:48:54,actions-trading,상승모멘텀,084010,skip,max_holdings,11a5077a9971
14923493,2026-10-01 10:48:54,actions-trading,상승모멘텀,005030,seen,,00159a7589a5
14923493,2026-10-01 10:48:54,actions-trading,상승모멘텀,192650,seen,,70164afac3dd
14923493,2026-10-01 10:48:54,actions-trading,상승모멘텀,036570,seen,,68af23841823
14923493,2026-10-01 10:48:54,actions-trading,상승모멘텀,004105,seen,,4699dc1afa15
14923493,2026-10-01 10:48:54,actions-trading,상승모멘텀,0126Z0,seen,,663f307c19d4
14923493,2026-10-01 10:48:54,actions-trading,상승모멘텀,248070,seen,,f1164f28652f
14923493,2026-10-01 10:48:54,actions-trading,상승모멘텀,480370,seen,,d71ab26ff3c9
14923493,2026-10-01 10:48:54,actions-trading,상승모멘텀,002240,seen,,93a52b55292a
14923493,2026-10-01 10:48:54,actions-trading,상승모멘텀,009420,seen,,db55adf36913
14923493,2026-10-01 10:48:54,actions-trading,상승모멘텀,093050,seen,,d4232e9cd938
14923493,2026-10-01 10:48:54,actions-trading,상승모멘텀,109070,seen,,371687c14836
14923493,2026-10-01 10:48:54,actions-trading,상승모멘텀,460860,seen,,5e286f725b17
14923493,2026-10-01 10:48:54,actions-trading,상승모멘텀,003160,seen,,1e1a5ab7230c
14923493,2026-10-01 10:48:54,actions-trading,상승모멘텀,004710,seen,,116825ebfad9
14923493,2026-10-01 10:48:54,actions-trading,상승모멘텀,128940,seen,,0338de9e411f
14923493,2026-10-01 10:48:54,actions-trading,상승모멘텀,112610,seen,,85c5c1fb6477
14923493,2026-10-01 10:48:54,actions-trading,상승모멘텀,001360,seen,,0f95cee0d60d
14923493,2026-10-01 10:48:54,actions-trading,상승모멘텀,012200,seen,,015f0a3be038
14923493,2026-10-01 10:48:54,actions-trading,상승모멘텀,055490,seen,,a840848941ff
14923493,2026-10-01 10:48:54,actions-trading,상승모멘텀,006280,seen,,1769de678862
14923493,2026-10-01 10:48:54,actions-trading,상승모멘텀,000760,seen,,788d352f1e28
14923493,2026-10-01 10:48:54,actions-trading,상승모멘텀,005850,seen,,510e6f56de8d
14923493,2026-10-01 10:48:54,actions-trading,상승모멘텀,077500,seen,,dab7c84ce378
14923493,2026-10-01 10:48:54,actions-trading,상승모멘텀,012030,seen,,9a4fb7b6e997
14923493,2026-10-01 10:48:54,actions-trading,상승모멘텀,0120G0,seen,,e45c4868f3dd
14923493,2026-10-01 10:48:54,actions-trading,상승모멘텀,001820,seen,,a00c39809358
14923493,2026-10-01 10:48:54,actions-trading,상승모멘텀,015590,seen,,63521439e52f
14923493,2026-10-01 10:48:54,actions-trading,상승모멘텀,249420,seen,,1091e69066b7
14923493,2026-10-01 10:48:54,actions-trading,상승모멘텀,014680,seen,,dfa0a2de3d23
14923493,2026-10-01 10:48:55,actions-trading,Sim4-1,084010,skip,period,11a5077a9971
14923493,2026-10-01 10:48:55,actions-trading,Sim4-1,005030,skip,amount,00159a7589a5
14923493,2026-10-01 10:48:55,actions-trading,Sim4-1,192650,skip,period,70164afac3dd
14923493,2026-10-01 10:48:55,actions-trading,Sim4-1,036570,skip,period,68af23841823
14923493,2026-10-01 10:48:55,actions-trading,Sim4-1,004105,skip,amount,4699dc1afa15
14923493,2026-10-01 10:48:55,actions-trading,Sim4-1,0126Z0,skip,adx_high,663f307c19d4
14923493,2026-10-01 10:48:55,actions-trading,Sim4-1,248070,skip,period,f1164f28652f
14923493,2026-10-01 10:48:55,actions-trading,Sim4-1,480370,skip,amount,d71ab26ff3c9
14923493,2026-10-01 10:48:55,actions-trading,Sim4-1,002240,skip,amount,93a52b55292a
14923493,2026-10-01 10:48:55,actions-trading,Sim4-1,009420,skip,period,db55adf36913
14923493,2026-10-01 10:48:55,actions-trading,Sim4-1,093050,skip,amount,d4232e9cd938
14923493,2026-10-01 10:48:55,actions-trading,Sim4-1,109070,skip,amount,371687c14836
14923493,2026-10-01 10:48:55,actions-trading,Sim4-1,460860,skip,adx_high,5e286f725b17
14923493,2026-10-01 10:48:55,actions-trading,Sim4-1,003160,skip,held_or_cooldown,1e1a5ab7230c
14923493,2026-10-01 10:48:55,actions-trading,Sim4-1,004710,skip,adx_high,116825ebfad9
14923493,2026-10-01 10:48:55,actions-trading,Sim4-1,128940,skip,adx_low,0338de9e411f
14923493,2026-10-01 10:48:55,actions-trading,Sim4-1,112610,skip,period,85c5c1fb6477
14923493,2026-10-01 10:48:55,actions-trading,Sim4-1,001360,skip,amount,0f95cee0d60d
14923493,2026-10-01 10:48:55,actions-trading,Sim4-1,012200,skip,amount,015f0a3be038
14923493,2026-10-01 10:48:55,actions-trading,Sim4-1,055490,skip,amount,a840848941ff
14923493,2026-10-01 10:48:55,actions-trading,Sim4-1,006280,skip,amount,1769de678862
14923493,2026-10-01 10:48:55,actions-trading,Sim4-1,000760,skip,amount,788d352f1e28
14923493,2026-10-01 10:48:55,actions-trading,Sim4-1,005850,skip,amount,510e6f56de8d
14923493,2026-10-01 10:48:55,actions-trading,Sim4-1,077500,skip,amount,dab7c84ce378
14923493,2026-10-01 10:48:55,actions-trading,Sim4-1,012030,skip,amount,9a4fb7b6e997
14923493,2026-10-01 10:48:55,actions-trading,Sim4-1,0120G0,skip,amount,e45c4868f3dd
14923493,2026-10-01 10:48:55,actions-trading,Sim4-1,001820,skip,adx_low,a00c39809358
14923493,2026-10-01 10:48:55,actions-trading,Sim4-1,015590,skip,amount,63521439e52f
14923493,2026-10-01 10:48:55,actions-trading,Sim4-1,249420,skip,amount,1091e69066b7
14923493,2026-10-01 10:48:55,actions-trading,Sim4-1,014680,skip,adx_high,dfa0a2de3d23
14923493,2026-10-01 10:48:56,actions-trading,선행매집,028670,skip,no_setup,9f05c24d3fa3
14923493,2026-10-01 10:48:56,actions-trading,선행매집,018880,skip,below_anchor,999aea08d60d
14923493,2026-10-01 10:48:56,actions-trading,선행매집,192650,skip,no_setup,70164afac3dd
14923493,2026-10-01 10:48:56,actions-trading,선행매집,009830,skip,below_anchor,0c317d52fa69
14923493,2026-10-01 10:48:56,actions-trading,선행매집,011200,skip,below_anchor,0cae041f59d1
14923493,2026-10-01 10:48:56,actions-trading,선행매집,003160,skip,no_setup,1e1a5ab7230c
14923493,2026-10-01 10:48:56,actions-trading,선행매집,005935,skip,below_anchor,da3d603f383c
14923493,2026-10-01 10:48:56,actions-trading,선행매집,002990,skip,below_anchor,5798461b92a5
14923493,2026-10-01 10:48:56,actions-trading,선행매집,068270,skip,below_anchor,f0ca3483ceb6
14923493,2026-10-01 10:48:56,actions-trading,선행매집,034220,skip,below_anchor,27456adeb5d3
14923493,2026-10-01 10:48:56,actions-trading,선행매집,248070,skip,below_anchor,f1164f28652f
14923493,2026-10-01 10:48:56,actions-trading,선행매집,030000,skip,below_anchor,add75deb18ec
14923493,2026-10-01 10:48:56,actions-trading,선행매집,001250,skip,below_anchor,8df50d3ce2b1
14923493,2026-10-01 10:48:56,actions-trading,선행매집,005880,skip,amount,a27bd503b50a
14923493,2026-10-01 10:48:56,actions-trading,선행매집,005690,skip,below_anchor,0f903a7ac8bf
14923493,2026-10-01 10:48:56,actions-trading,선행매집,002700,skip,amount,9b3f9487c8d2
14923493,2026-10-01 10:48:56,actions-trading,선행매집,001210,skip,below_anchor,01dbefc3176f
14923493,2026-10-01 10:48:56,actions-trading,선행매집,008350,skip,amount,50039da2a99e
14923493,2026-10-01 10:48:56,actions-trading,선행매집,001820,skip,below_anchor,a00c39809358
14923493,2026-10-01 10:48:56,actions-trading,선행매집,003280,skip,below_anchor,507b045a0be7
14923493,2026-10-01 10:48:56,actions-trading,선행매집,004710,skip,below_anchor,116825ebfad9
14923493,2026-10-01 10:48:56,actions-trading,선행매집,003780,skip,amount,ebb5e0c0ea0d
14923493,2026-10-01 10:48:56,actions-trading,선행매집,092220,skip,amount,d725d0ca01de
14923493,2026-10-01 10:48:56,actions-trading,선행매집,089860,skip,no_setup,f56edf2fca8c
14923493,2026-10-01 10:48:56,actions-trading,선행매집,093050,skip,no_setup,d4232e9cd938
14923493,2026-10-01 10:48:56,actions-trading,선행매집,001510,skip,below_anchor,e64c05d574c8
14923493,2026-10-01 10:48:56,actions-trading,선행매집,051910,skip,below_anchor,766e0f338247
14923493,2026-10-01 10:48:56,actions-trading,선행매집,004770,skip,amount,0382695f93be
14923493,2026-10-01 10:48:56,actions-trading,선행매집,093370,skip,below_anchor,e2605504b222
14923493,2026-10-01 10:48:56,actions-trading,선행매집,035000,skip,amount,004eb821cb8d
14923493,2026-10-01 10:48:56,actions-trading,Sim9,_gate,skip,outside_entry_window,e3b0c44298fc
14923493,2026-10-01 10:48:56,actions-trading,Sim9,084010,seen,,11a5077a9971
14923493,2026-10-01 10:48:56,actions-trading,Sim9,005030,seen,,00159a7589a5
14923493,2026-10-01 10:48:56,actions-trading,Sim9,192650,seen,,70164afac3dd
14923493,2026-10-01 10:48:56,actions-trading,Sim9,036570,seen,,68af23841823
14923493,2026-10-01 10:48:56,actions-trading,Sim9,004105,seen,,4699dc1afa15
14923493,2026-10-01 10:48:56,actions-trading,Sim9,0126Z0,seen,,663f307c19d4
14923493,2026-10-01 10:48:56,actions-trading,Sim9,248070,seen,,f1164f28652f
14923493,2026-10-01 10:48:56,actions-trading,Sim9,480370,seen,,d71ab26ff3c9
14923493,2026-10-01 10:48:56,actions-trading,Sim9,002240,seen,,93a52b55292a
14923493,2026-10-01 10:48:56,actions-trading,Sim9,009420,seen,,db55adf36913
14923493,2026-10-01 10:48:56,actions-trading,Sim9,093050,seen,,d4232e9cd938
14923493,2026-10-01 10:48:56,actions-trading,Sim9,109070,seen,,371687c14836
14923493,2026-10-01 10:48:56,actions-trading,Sim9,460860,seen,,5e286f725b17
14923493,2026-10-01 10:48:56,actions-trading,Sim9,003160,seen,,1e1a5ab7230c
14923493,2026-10-01 10:48:56,actions-trading,Sim9,004710,seen,,116825ebfad9
14923493,2026-10-01 10:48:56,actions-trading,Sim9,128940,seen,,0338de9e411f
14923493,2026-10-01 10:48:56,actions-trading,Sim9,112610,seen,,85c5c1fb6477
14923493,2026-10-01 10:48:56,actions-trading,Sim9,001360,seen,,0f95cee0d60d
14923493,2026-10-01 10:48:56,actions-trading,Sim9,012200,seen,,015f0a3be038
14923493,2026-10-01 10:48:56,actions-trading,Sim9,055490,seen,,a840848941ff
14923493,2026-10-01 10:48:56,actions-trading,Sim9,006280,seen,,1769de678862
14923493,2026-10-01 10:48:56,actions-trading,Sim9,000760,seen,,788d352f1e28
14923493,2026-10-01 10:48:56,actions-trading,Sim9,005850,seen,,510e6f56de8d
14923493,2026-10-01 10:48:56,actions-trading,Sim9,077500,seen,,dab7c84ce378
14923493,2026-10-01 10:48:56,actions-trading,Sim9,012030,seen,,9a4fb7b6e997
14923493,2026-10-01 10:48:56,actions-trading,Sim9,0120G0,seen,,e45c4868f3dd
14923493,2026-10-01 10:48:56,actions-trading,Sim9,001820,seen,,a00c39809358
14923493,2026-10-01 10:48:56,actions-trading,Sim9,015590,seen,,63521439e52f
14923493,2026-10-01 10:48:56,actions-trading,Sim9,249420,seen,,1091e69066b7
14923493,2026-10-01 10:48:56,actions-trading,Sim9,014680,seen,,dfa0a2de3d23
14923493,2026-10-01 10:48:56,actions-trading,미너비니,192820,skip,below_pivot,fd222c613227
14923493,2026-10-01 10:48:56,actions-trading,미너비니,443060,skip,below_pivot,f93a463223fa
14923493,2026-10-01 10:48:56,actions-trading,미너비니,020120,skip,below_pivot,7a1691c3e9fb
14923493,2026-10-01 10:48:56,actions-trading,Sim12,084010,skip,avoid_frgn_sell_20d,11a5077a9971
14923493,2026-10-01 10:48:56,actions-trading,Sim12,005030,skip,avoid_amount_dry,00159a7589a5
14923493,2026-10-01 10:48:56,actions-trading,Sim12,192650,skip,pb2_not_crashed,70164afac3dd
14923493,2026-10-01 10:48:56,actions-trading,Sim12,036570,skip,pb2_not_crashed,68af23841823
14923493,2026-10-01 10:48:56,actions-trading,Sim12,004105,skip,pb2_not_crashed,4699dc1afa15
14923493,2026-10-01 10:48:56,actions-trading,Sim12,0126Z0,skip,avoid_frgn_sell_20d,663f307c19d4
14923493,2026-10-01 10:48:56,actions-trading,Sim12,248070,skip,avoid_frgn_sell_20d,f1164f28652f
14923493,2026-10-01 10:48:56,actions-trading,Sim12,480370,skip,avoid_amount_dry,d71ab26ff3c9
14923493,2026-10-01 10:48:56,actions-trading,Sim12,002240,skip,avoid_frgn_sell_20d,93a52b55292a
14923493,2026-10-01 10:48:56,actions-trading,Sim12,009420,skip,avoid_amount_dry,db55adf36913
14923493,2026-10-01 10:48:56,actions-trading,Sim12,093050,skip,avoid_frgn_sell_20d,d4232e9cd938
14923493,2026-10-01 10:48:56,actions-trading,Sim12,109070,skip,pb2_not_crashed,371687c14836
14923493,2026-10-01 10:48:56,actions-trading,Sim12,460860,skip,avoid_frgn_sell_20d,5e286f725b17
14923493,2026-10-01 10:48:56,actions-trading,Sim12,003160,skip,pb2_not_crashed,1e1a5ab7230c
14923493,2026-10-01 10:48:56,actions-trading,Sim12,004710,skip,avoid_frgn_sell_20d,116825ebfad9
14923493,2026-10-01 10:48:56,actions-trading,Sim12,128940,skip,avoid_amount_dry,0338de9e411f
14923493,2026-10-01 10:48:56,actions-trading,Sim12,112610,skip,avoid_frgn_sell_20d,85c5c1fb6477
14923493,2026-10-01 10:48:56,actions-trading,Sim12,001360,skip,pb2_not_crashed,0f95cee0d60d
14923493,2026-10-01 10:48:56,actions-trading,Sim12,012200,skip,avoid_deadcat,015f0a3be038
14923493,2026-10-01 10:48:56,actions-trading,Sim12,055490,skip,avoid_frgn_sell_20d,a840848941ff
14923493,2026-10-01 10:48:56,actions-trading,Sim12,006280,skip,pb2_not_crashed,1769de678862
14923493,2026-10-01 10:48:56,actions-trading,Sim12,000760,skip,avoid_amount_dry,788d352f1e28
14923493,2026-10-01 10:48:56,actions-trading,Sim12,005850,skip,pb2_not_crashed,510e6f56de8d
14923493,2026-10-01 10:48:56,actions-trading,Sim12,077500,skip,pb2_not_crashed,dab7c84ce378
14923493,2026-10-01 10:48:56,actions-trading,Sim12,012030,skip,avoid_frgn_sell_20d,9a4fb7b6e997
14923493,2026-10-01 10:48:56,actions-trading,Sim12,0120G0,skip,avoid_amount_dry,e45c4868f3dd
14923493,2026-10-01 10:48:56,actions-trading,Sim12,001820,skip,avoid_amount_dry,a00c39809358
14923493,2026-10-01 10:48:56,actions-trading,Sim12,015590,skip,avoid_amount_dry,63521439e52f
14923493,2026-10-01 10:48:56,actions-trading,Sim12,249420,skip,avoid_amount_dry,1091e69066b7
14923493,2026-10-01 10:48:56,actions-trading,Sim12,014680,skip,avoid_amount_dry,dfa0a2de3d23
14923493,2026-10-01 10:48:56,actions-trading,Sim12,009190,skip,pb2_thin_liquidity,41e7604e6bf9
14923493,2026-10-01 10:48:56,actions-trading,Sim12,051630,skip,avoid_amount_dry,65eb5802a820
14923493,2026-10-01 10:48:56,actions-trading,Sim12,002820,skip,pb2_thin_liquidity,f83a721dc0bd
14923493,2026-10-01 10:48:56,actions-trading,Sim12,071090,skip,pb2_not_crashed,daefa857898e
14923493,2026-10-01 10:48:56,actions-trading,Sim12,002787,skip,avoid_amount_dry,d7825eb4fac2
14923493,2026-10-01 10:48:56,actions-trading,Sim12,010640,skip,avoid_frgn_sell_20d,4a69057b6ad7
14923493,2026-10-01 10:48:56,actions-trading,Sim12,452260,skip,avoid_amount_dry,33b8b974934e
14923493,2026-10-01 10:48:56,actions-trading,Sim12,003780,skip,avoid_frgn_sell_20d,ebb5e0c0ea0d
14923493,2026-10-01 10:48:56,actions-trading,Sim12,487570,skip,pb2_not_crashed,33e512821972
14923493,2026-10-01 10:48:56,actions-trading,Sim12,007110,skip,avoid_amount_dry,85d000e363e9
14923493,2026-10-01 10:48:56,actions-trading,Sim12,003030,skip,pb2_not_crashed,12533913271d
14923493,2026-10-01 10:48:56,actions-trading,Sim12,002690,skip,avoid_frgn_sell_20d,8465e23e5de1
14923493,2026-10-01 10:48:56,actions-trading,Sim12,092790,skip,pb2_not_crashed,351eebc36f52
14923493,2026-10-01 10:48:56,actions-trading,Sim12,003580,skip,avoid_amount_dry,213ee2da1950
14923493,2026-10-01 10:48:56,actions-trading,Sim12,005010,skip,pb2_not_crashed,2076c5f248da
14923493,2026-10-01 10:48:56,actions-trading,Sim12,002070,skip,avoid_amount_dry,672203975a8f
14923493,2026-10-01 10:48:56,actions-trading,Sim12,316140,skip,avoid_amount_dry,9e939673b819
14923493,2026-10-01 10:48:56,actions-trading,Sim12,003075,skip,pb2_not_crashed,a00b45e26dc1
14923493,2026-10-01 10:48:56,actions-trading,Sim12,010950,skip,avoid_amount_dry,7dbafe2dade9
14923493,2026-10-01 10:48:56,actions-trading,Sim12,006260,skip,avoid_amount_dry,ab0f9312e141
14923493,2026-10-01 10:48:56,actions-trading,Sim12,001770,skip,avoid_amount_dry,5c570d8b65d4
14923493,2026-10-01 10:48:56,actions-trading,Sim12,00088K,skip,avoid_amount_dry,69650c7a64fc
14923493,2026-10-01 10:48:56,actions-trading,Sim12,014280,skip,avoid_amount_dry,26e4233e9612
14923493,2026-10-01 10:48:56,actions-trading,Sim12,024890,skip,avoid_frgn_sell_20d,e3c0581735d7
14923493,2026-10-01 10:48:56,actions-trading,Sim12,002995,skip,avoid_amount_dry,3b0152ab65d2
14923493,2026-10-01 10:48:56,actions-trading,Sim12,006200,skip,pb2_thin_liquidity,e0409282cad0
14923493,2026-10-01 10:48:56,actions-trading,Sim12,002785,skip,avoid_amount_dry,87c9c8f05927
14923493,2026-10-01 10:48:56,actions-trading,Sim12,078930,skip,avoid_amount_dry,11316d5e9c91
14923493,2026-10-01 10:48:56,actions-trading,Sim12,456040,skip,avoid_amount_dry,37dff842f29c
14923493,2026-10-01 10:48:56,actions-trading,Sim12,361610,skip,avoid_amount_dry,b89a68e227b5
14923493,2026-10-01 10:48:57,actions-trading,Sim13,084010,skip,theme_momentum_weak,11a5077a9971
14923493,2026-10-01 10:48:57,actions-trading,Sim13,005030,skip,theme_momentum_weak,00159a7589a5
14923493,2026-10-01 10:48:57,actions-trading,Sim13,192650,skip,no_frgn_support,70164afac3dd
14923493,2026-10-01 10:48:57,actions-trading,Sim13,036570,skip,theme_momentum_weak,68af23841823
14923493,2026-10-01 10:48:57,actions-trading,Sim13,004105,skip,no_frgn_support,4699dc1afa15
14923493,2026-10-01 10:48:57,actions-trading,Sim13,0126Z0,skip,theme_momentum_weak,663f307c19d4
14923493,2026-10-01 10:48:57,actions-trading,Sim13,248070,skip,theme_momentum_weak,f1164f28652f
14923493,2026-10-01 10:48:57,actions-trading,Sim13,480370,skip,adx_weak,d71ab26ff3c9
14923493,2026-10-01 10:48:57,actions-trading,Sim13,002240,skip,theme_momentum_weak,93a52b55292a
14923493,2026-10-01 10:48:57,actions-trading,Sim13,009420,skip,theme_momentum_weak,db55adf36913
14923493,2026-10-01 10:48:57,actions-trading,Sim13,093050,skip,theme_momentum_weak,d4232e9cd938
14923493,2026-10-01 10:48:57,actions-trading,Sim13,109070,skip,amount_not_surprised,371687c14836
14923493,2026-10-01 10:48:57,actions-trading,Sim13,460860,skip,theme_momentum_weak,5e286f725b17
14923493,2026-10-01 10:48:57,actions-trading,Sim13,003160,skip,no_frgn_support,1e1a5ab7230c
14923493,2026-10-01 10:48:57,actions-trading,Sim13,004710,skip,amount_not_surprised,116825ebfad9
14923493,2026-10-01 10:48:57,actions-trading,Sim13,128940,skip,theme_momentum_weak,0338de9e411f
14923493,2026-10-01 10:48:57,actions-trading,Sim13,112610,skip,theme_momentum_weak,85c5c1fb6477
14923493,2026-10-01 10:48:57,actions-trading,Sim13,001360,skip,theme_momentum_weak,0f95cee0d60d
14923493,2026-10-01 10:48:57,actions-trading,Sim13,012200,skip,theme_momentum_weak,015f0a3be038
14923493,2026-10-01 10:48:57,actions-trading,Sim13,055490,skip,theme_momentum_weak,a840848941ff
14923493,2026-10-01 10:48:57,actions-trading,Sim13,006280,skip,theme_momentum_weak,1769de678862
14923493,2026-10-01 10:48:57,actions-trading,Sim13,000760,skip,theme_momentum_weak,788d352f1e28
14923493,2026-10-01 10:48:57,actions-trading,Sim13,005850,skip,theme_momentum_weak,510e6f56de8d
14923493,2026-10-01 10:48:57,actions-trading,Sim13,077500,skip,held_or_cooldown,dab7c84ce378
14923493,2026-10-01 10:48:57,actions-trading,Sim13,012030,skip,adx_weak,9a4fb7b6e997
14923493,2026-10-01 10:48:57,actions-trading,Sim13,0120G0,skip,theme_momentum_weak,e45c4868f3dd
14923493,2026-10-01 10:48:57,actions-trading,Sim13,001820,skip,adx_weak,a00c39809358
14923493,2026-10-01 10:48:57,actions-trading,Sim13,015590,skip,amount_not_surprised,63521439e52f
14923493,2026-10-01 10:48:57,actions-trading,Sim13,249420,skip,theme_momentum_weak,1091e69066b7
14923493,2026-10-01 10:48:57,actions-trading,Sim13,014680,skip,amount_not_surprised,dfa0a2de3d23
14923494,2026-10-01 10:50:18,actions-trading,Sim3,402340,skip,adx,bdf3993d8ab5
14923494,2026-10-01 10:50:18,actions-trading,Sim3,383800,skip,amount,efcadec07fe1
14923494,2026-10-01 10:50:18,actions-trading,Sim3,462870,skip,amount,59214fa81974
14923494,2026-10-01 10:50:18,actions-trading,Sim3,000660,skip,qty_zero,ea3ae9ead213
14923494,2026-10-01 10:50:18,actions-trading,Sim3,071970,skip,held_or_sold_today,69a53c028175
14923494,2026-10-01 10:50:18,actions-trading,Sim3,042700,skip,not_cheap,3e3e2d222f64
14923494,2026-10-01 10:50:18,actions-trading,Sim3,326030,skip,amount,37a44ab11de4
14923494,2026-10-01 10:50:18,actions-trading,Sim3,207940,skip,not_cheap,c14155c6204f
14923494,2026-10-01 10:50:18,actions-trading,Sim3,033920,skip,amount,72774310e391
14923494,2026-10-01 10:50:18,actions-trading,Sim3,004770,skip,amount,0382695f93be
14923494,2026-10-01 10:50:18,actions-trading,Sim3,0126Z0,skip,not_cheap,11370dd8ad6b
14923494,2026-10-01 10:50:18,actions-trading,Sim3,062040,skip,not_cheap,ac17b95ed60c
14923494,2026-10-01 10:50:18,actions-trading,Sim3,317450,skip,amount,e57fd51163b2
14923494,2026-10-01 10:50:18,actions-trading,Sim3,026960,skip,amount,b4865f4c29b3
14923494,2026-10-01 10:50:18,actions-trading,Sim3,021820,skip,amount,4df24d65e0fb
14923494,2026-10-01 10:50:18,actions-trading,Sim3,192080,skip,amount,a73e64107ecc
14923494,2026-10-01 10:50:18,actions-trading,Sim3,068270,skip,held_or_sold_today,75b0ee16d37e
14923494,2026-10-01 10:50:18,actions-trading,Sim3,123890,skip,amount,51cf5fc424e0
14923494,2026-10-01 10:50:18,actions-trading,Sim3,000240,skip,amount,820235c8c1e2
14923494,2026-10-01 10:50:18,actions-trading,Sim3,002380,skip,held_or_sold_today,aa7d9dfdd56d
14923494,2026-10-01 10:50:18,actions-trading,Sim3,009770,skip,amount,347bb6b9d1c4
14923494,2026-10-01 10:50:18,actions-trading,Sim3,259960,skip,held_or_sold_today,7e9b1ec4d4b0
14923494,2026-10-01 10:50:18,actions-trading,Sim3,035250,skip,amount,efe8c0069fd8
14923494,2026-10-01 10:50:18,actions-trading,Sim3,383220,skip,amount,3da5e961bb4b
14923494,2026-10-01 10:50:18,actions-trading,Sim3,226320,skip,amount,805ad12fd1cd
14923494,2026-10-01 10:50:18,actions-trading,Sim3,439260,skip,amount,54f633257265
14923494,2026-10-01 10:50:18,actions-trading,Sim3,025560,skip,cooldown,dbcefabee1f0
14923494,2026-10-01 10:50:18,actions-trading,Sim3,007700,skip,amount,386b5bb24f45
14923494,2026-10-01 10:50:18,actions-trading,Sim3,278470,skip,not_cheap,439e2b3ea1c3
14923494,2026-10-01 10:50:18,actions-trading,Sim3,000990,skip,not_cheap,bffd28771139
14923494,2026-10-01 10:50:56,actions-trading,MFHS2,028670,skip,max_holdings,c2f28f4f01e7
14923494,2026-10-01 10:50:56,actions-trading,MFHS2,018880,seen,,709bc1fdeb3e
14923494,2026-10-01 10:50:56,actions-trading,MFHS2,003160,seen,,7b87dc018cb5
14923494,2026-10-01 10:50:56,actions-trading,MFHS2,005935,seen,,0b35be7569f1
14923494,2026-10-01 10:50:56,actions-trading,MFHS2,002990,seen,,a1c18a13d893
14923494,2026-10-01 10:50:56,actions-trading,MFHS2,011200,seen,,a6ad6e5a3242
14923494,2026-10-01 10:50:56,actions-trading,MFHS2,248070,seen,,d14f30b1f17b
14923494,2026-10-01 10:50:56,actions-trading,MFHS2,034220,seen,,cb9a92d3c521
14923494,2026-10-01 10:50:56,actions-trading,MFHS2,192650,seen,,1d82b7a15dfb
14923494,2026-10-01 10:50:56,actions-trading,MFHS2,068270,seen,,367c19b18c33
14923494,2026-10-01 10:50:56,actions-trading,MFHS2,030000,seen,,2dc94bf31f86
14923494,2026-10-01 10:50:56,actions-trading,MFHS2,001250,seen,,12e17a9af66a
14923494,2026-10-01 10:50:56,actions-trading,MFHS2,009830,seen,,417393ec184e
14923494,2026-10-01 10:50:56,actions-trading,MFHS2,004710,seen,,dd43a4f54a10
14923494,2026-10-01 10:50:56,actions-trading,MFHS2,005880,seen,,02f9f9e691bd
14923494,2026-10-01 10:50:56,actions-trading,MFHS2,005690,seen,,ace06e6fc1cc
14923494,2026-10-01 10:50:56,actions-trading,MFHS2,093370,seen,,26d3b891975c
14923494,2026-10-01 10:50:56,actions-trading,MFHS2,002700,seen,,7dda2403f5ad
14923494,2026-10-01 10:50:56,actions-trading,MFHS2,008350,seen,,4671cfa3831d
14923494,2026-10-01 10:50:56,actions-trading,MFHS2,003280,seen,,44f1f7dfa6c8
14923494,2026-10-01 10:50:56,actions-trading,MFHS2,001820,seen,,e07d2af07617
14923494,2026-10-01 10:50:56,actions-trading,MFHS2,001210,seen,,4892ba38c04e
14923494,2026-10-01 10:50:56,actions-trading,MFHS2,003780,seen,,c0c03793c246
14923494,2026-10-01 10:50:56,actions-trading,MFHS2,001510,seen,,9150748b2e03
14923494,2026-10-01 10:50:56,actions-trading,MFHS2,089860,seen,,e8fc8e0d4992
14923494,2026-10-01 10:50:56,actions-trading,MFHS2,086790,seen,,9375003eaa33
14923494,2026-10-01 10:50:56,actions-trading,MFHS2,092220,seen,,f8e832ebb2eb
14923494,2026-10-01 10:50:56,actions-trading,MFHS2,093050,seen,,18d6f8e7e8e1
14923494,2026-10-01 10:50:56,actions-trading,MFHS2,035000,seen,,00e9cb41867d
14923494,2026-10-01 10:50:56,actions-trading,MFHS2,004310,seen,,520e4c28bcb3
14923494,2026-10-01 10:50:59,actions-trading,상승모멘텀,084010,skip,max_holdings,e850e9e972af
14923494,2026-10-01 10:50:59,actions-trading,상승모멘텀,005030,seen,,00159a7589a5
14923494,2026-10-01 10:50:59,actions-trading,상승모멘텀,192650,seen,,1d82b7a15dfb
14923494,2026-10-01 10:50:59,actions-trading,상승모멘텀,036570,seen,,4ebaa2736602
14923494,2026-10-01 10:50:59,actions-trading,상승모멘텀,0126Z0,seen,,bb0e046eb14e
14923494,2026-10-01 10:50:59,actions-trading,상승모멘텀,004105,seen,,9706ff0dc85d
14923494,2026-10-01 10:50:59,actions-trading,상승모멘텀,002240,seen,,ba70913c7964
14923494,2026-10-01 10:50:59,actions-trading,상승모멘텀,109070,seen,,eddd0ef256be
14923494,2026-10-01 10:50:59,actions-trading,상승모멘텀,460860,seen,,1ae98cb1dc92
14923494,2026-10-01 10:50:59,actions-trading,상승모멘텀,009420,seen,,d1cc0ef3be5f
14923494,2026-10-01 10:50:59,actions-trading,상승모멘텀,248070,seen,,d14f30b1f17b
14923494,2026-10-01 10:50:59,actions-trading,상승모멘텀,480370,seen,,4fc21264541c
14923494,2026-10-01 10:50:59,actions-trading,상승모멘텀,093050,seen,,18d6f8e7e8e1
14923494,2026-10-01 10:50:59,actions-trading,상승모멘텀,003160,seen,,7b87dc018cb5
14923494,2026-10-01 10:50:59,actions-trading,상승모멘텀,004710,seen,,dd43a4f54a10
14923494,2026-10-01 10:50:59,actions-trading,상승모멘텀,055490,seen,,b907f8d0d527
14923494,2026-10-01 10:50:59,actions-trading,상승모멘텀,128940,seen,,dd74f0b7168f
14923494,2026-10-01 10:50:59,actions-trading,상승모멘텀,001820,seen,,e07d2af07617
14923494,2026-10-01 10:50:59,actions-trading,상승모멘텀,000760,seen,,788d352f1e28
14923494,2026-10-01 10:50:59,actions-trading,상승모멘텀,015590,seen,,6c1f7cd1618a
14923494,2026-10-01 10:50:59,actions-trading,상승모멘텀,012200,seen,,0534ad11c96a
14923494,2026-10-01 10:50:59,actions-trading,상승모멘텀,077500,seen,,ce754cea14df
14923494,2026-10-01 10:50:59,actions-trading,상승모멘텀,112610,seen,,2efbeb58adaf
14923494,2026-10-01 10:50:59,actions-trading,상승모멘텀,005850,seen,,7a5783d79d8d
14923494,2026-10-01 10:50:59,actions-trading,상승모멘텀,012030,seen,,b4fdd6e4d945
14923494,2026-10-01 10:50:59,actions-trading,상승모멘텀,006280,seen,,51047a47bbac
14923494,2026-10-01 10:50:59,actions-trading,상승모멘텀,001360,seen,,faca8cbc2b3d
14923494,2026-10-01 10:50:59,actions-trading,상승모멘텀,0120G0,seen,,7de134e79faf
14923494,2026-10-01 10:50:59,actions-trading,상승모멘텀,004100,seen,,ad30933d5e9f
14923494,2026-10-01 10:50:59,actions-trading,상승모멘텀,003120,seen,,70242a7d7df1
14923494,2026-10-01 10:50:59,actions-trading,Sim4-1,084010,skip,period,e850e9e972af
14923494,2026-10-01 10:50:59,actions-trading,Sim4-1,005030,skip,amount,00159a7589a5
14923494,2026-10-01 10:50:59,actions-trading,Sim4-1,192650,skip,period,1d82b7a15dfb
14923494,2026-10-01 10:50:59,actions-trading,Sim4-1,036570,skip,period,4ebaa2736602
14923494,2026-10-01 10:50:59,actions-trading,Sim4-1,0126Z0,skip,adx_high,bb0e046eb14e
14923494,2026-10-01 10:50:59,actions-trading,Sim4-1,004105,skip,amount,9706ff0dc85d
14923494,2026-10-01 10:50:59,actions-trading,Sim4-1,002240,skip,amount,ba70913c7964
14923494,2026-10-01 10:50:59,actions-trading,Sim4-1,109070,skip,amount,eddd0ef256be
14923494,2026-10-01 10:50:59,actions-trading,Sim4-1,460860,skip,adx_high,1ae98cb1dc92
14923494,2026-10-01 10:50:59,actions-trading,Sim4-1,009420,skip,period,d1cc0ef3be5f
14923494,2026-10-01 10:50:59,actions-trading,Sim4-1,248070,skip,period,d14f30b1f17b
14923494,2026-10-01 10:50:59,actions-trading,Sim4-1,480370,skip,amount,4fc21264541c
14923494,2026-10-01 10:50:59,actions-trading,Sim4-1,093050,skip,amount,18d6f8e7e8e1
14923494,2026-10-01 10:50:59,actions-trading,Sim4-1,003160,skip,held_or_cooldown,7b87dc018cb5
14923494,2026-10-01 10:50:59,actions-trading,Sim4-1,004710,skip,adx_high,dd43a4f54a10
14923494,2026-10-01 10:50:59,actions-trading,Sim4-1,055490,skip,amount,b907f8d0d527
14923494,2026-10-01 10:50:59,actions-trading,Sim4-1,128940,skip,adx_low,dd74f0b7168f
14923494,2026-10-01 10:50:59,actions-trading,Sim4-1,001820,skip,adx_low,e07d2af07617
14923494,2026-10-01 10:50:59,actions-trading,Sim4-1,000760,skip,amount,788d352f1e28
14923494,2026-10-01 10:50:59,actions-trading,Sim4-1,015590,skip,amount,6c1f7cd1618a
14923494,2026-10-01 10:50:59,actions-trading,Sim4-1,012200,skip,amount,0534ad11c96a
14923494,2026-10-01 10:50:59,actions-trading,Sim4-1,077500,skip,amount,ce754cea14df
14923494,2026-10-01 10:50:59,actions-trading,Sim4-1,112610,skip,period,2efbeb58adaf
14923494,2026-10-01 10:50:59,actions-trading,Sim4-1,005850,skip,amount,7a5783d79d8d
14923494,2026-10-01 10:50:59,actions-trading,Sim4-1,012030,skip,amount,b4fdd6e4d945
14923494,2026-10-01 10:50:59,actions-trading,Sim4-1,006280,skip,amount,51047a47bbac
14923494,2026-10-01 10:50:59,actions-trading,Sim4-1,001360,skip,amount,faca8cbc2b3d
14923494,2026-10-01 10:50:59,actions-trading,Sim4-1,0120G0,skip,amount,7de134e79faf
14923494,2026-10-01 10:50:59,actions-trading,Sim4-1,004100,skip,amount,ad30933d5e9f
14923494,2026-10-01 10:50:59,actions-trading,Sim4-1,003120,skip,amount,70242a7d7df1
14923494,2026-10-01 10:51:01,actions-trading,선행매집,028670,skip,no_setup,c2f28f4f01e7
14923494,2026-10-01 10:51:01,actions-trading,선행매집,018880,skip,below_anchor,709bc1fdeb3e
14923494,2026-10-01 10:51:01,actions-trading,선행매집,192650,skip,no_setup,1d82b7a15dfb
14923494,2026-10-01 10:51:01,actions-trading,선행매집,009830,skip,below_anchor,417393ec184e
14923494,2026-10-01 10:51:01,actions-trading,선행매집,011200,skip,below_anchor,a6ad6e5a3242
14923494,2026-10-01 10:51:01,actions-trading,선행매집,003160,skip,no_setup,7b87dc018cb5
14923494,2026-10-01 10:51:01,actions-trading,선행매집,005935,skip,below_anchor,0b35be7569f1
14923494,2026-10-01 10:51:01,actions-trading,선행매집,002990,skip,below_anchor,a1c18a13d893
14923494,2026-10-01 10:51:01,actions-trading,선행매집,068270,skip,below_anchor,367c19b18c33
14923494,2026-10-01 10:51:01,actions-trading,선행매집,034220,skip,below_anchor,cb9a92d3c521
14923494,2026-10-01 10:51:01,actions-trading,선행매집,248070,skip,below_anchor,d14f30b1f17b
14923494,2026-10-01 10:51:01,actions-trading,선행매집,030000,skip,below_anchor,2dc94bf31f86
14923494,2026-10-01 10:51:01,actions-trading,선행매집,001250,skip,below_anchor,12e17a9af66a
14923494,2026-10-01 10:51:01,actions-trading,선행매집,005880,skip,amount,02f9f9e691bd
14923494,2026-10-01 10:51:01,actions-trading,선행매집,005690,skip,below_anchor,ace06e6fc1cc
14923494,2026-10-01 10:51:01,actions-trading,선행매집,002700,skip,amount,7dda2403f5ad
14923494,2026-10-01 10:51:01,actions-trading,선행매집,001210,skip,below_anchor,4892ba38c04e
14923494,2026-10-01 10:51:01,actions-trading,선행매집,008350,skip,amount,4671cfa3831d
14923494,2026-10-01 10:51:01,actions-trading,선행매집,001820,skip,below_anchor,e07d2af07617
14923494,2026-10-01 10:51:01,actions-trading,선행매집,003280,skip,below_anchor,44f1f7dfa6c8
14923494,2026-10-01 10:51:01,actions-trading,선행매집,004710,skip,below_anchor,dd43a4f54a10
14923494,2026-10-01 10:51:01,actions-trading,선행매집,003780,skip,amount,c0c03793c246
14923494,2026-10-01 10:51:01,actions-trading,선행매집,092220,skip,amount,f8e832ebb2eb
14923494,2026-10-01 10:51:01,actions-trading,선행매집,089860,skip,no_setup,e8fc8e0d4992
14923494,2026-10-01 10:51:01,actions-trading,선행매집,093050,skip,no_setup,18d6f8e7e8e1
14923494,2026-10-01 10:51:01,actions-trading,선행매집,001510,skip,below_anchor,9150748b2e03
14923494,2026-10-01 10:51:01,actions-trading,선행매집,051910,skip,below_anchor,1b6a6251f5b4
14923494,2026-10-01 10:51:01,actions-trading,선행매집,004770,skip,amount,0382695f93be
14923494,2026-10-01 10:51:01,actions-trading,선행매집,093370,skip,below_anchor,26d3b891975c
14923494,2026-10-01 10:51:01,actions-trading,선행매집,035000,skip,amount,00e9cb41867d
14923494,2026-10-01 10:51:01,actions-trading,Sim9,_gate,skip,outside_entry_window,e3b0c44298fc
14923494,2026-10-01 10:51:01,actions-trading,Sim9,084010,seen,,e850e9e972af
14923494,2026-10-01 10:51:01,actions-trading,Sim9,005030,seen,,00159a7589a5
14923494,2026-10-01 10:51:01,actions-trading,Sim9,192650,seen,,1d82b7a15dfb
14923494,2026-10-01 10:51:01,actions-trading,Sim9,036570,seen,,4ebaa2736602
14923494,2026-10-01 10:51:01,actions-trading,Sim9,0126Z0,seen,,bb0e046eb14e
14923494,2026-10-01 10:51:01,actions-trading,Sim9,004105,seen,,9706ff0dc85d
14923494,2026-10-01 10:51:01,actions-trading,Sim9,002240,seen,,ba70913c7964
14923494,2026-10-01 10:51:01,actions-trading,Sim9,109070,seen,,eddd0ef256be
14923494,2026-10-01 10:51:01,actions-trading,Sim9,460860,seen,,1ae98cb1dc92
14923494,2026-10-01 10:51:01,actions-trading,Sim9,009420,seen,,d1cc0ef3be5f
14923494,2026-10-01 10:51:01,actions-trading,Sim9,248070,seen,,d14f30b1f17b
14923494,2026-10-01 10:51:01,actions-trading,Sim9,480370,seen,,4fc21264541c
14923494,2026-10-01 10:51:01,actions-trading,Sim9,093050,seen,,18d6f8e7e8e1
14923494,2026-10-01 10:51:01,actions-trading,Sim9,003160,seen,,7b87dc018cb5
14923494,2026-10-01 10:51:01,actions-trading,Sim9,004710,seen,,dd43a4f54a10
14923494,2026-10-01 10:51:01,actions-trading,Sim9,055490,seen,,b907f8d0d527
14923494,2026-10-01 10:51:01,actions-trading,Sim9,128940,seen,,dd74f0b7168f
14923494,2026-10-01 10:51:01,actions-trading,Sim9,001820,seen,,e07d2af07617
14923494,2026-10-01 10:51:01,actions-trading,Sim9,000760,seen,,788d352f1e28
14923494,2026-10-01 10:51:01,actions-trading,Sim9,015590,seen,,6c1f7cd1618a
14923494,2026-10-01 10:51:01,actions-trading,Sim9,012200,seen,,0534ad11c96a
14923494,2026-10-01 10:51:01,actions-trading,Sim9,077500,seen,,ce754cea14df
14923494,2026-10-01 10:51:01,actions-trading,Sim9,112610,seen,,2efbeb58adaf
14923494,2026-10-01 10:51:01,actions-trading,Sim9,005850,seen,,7a5783d79d8d
14923494,2026-10-01 10:51:01,actions-trading,Sim9,012030,seen,,b4fdd6e4d945
14923494,2026-10-01 10:51:01,actions-trading,Sim9,006280,seen,,51047a47bbac
14923494,2026-10-01 10:51:01,actions-trading,Sim9,001360,seen,,faca8cbc2b3d
14923494,2026-10-01 10:51:01,actions-trading,Sim9,0120G0,seen,,7de134e79faf
14923494,2026-10-01 10:51:01,actions-trading,Sim9,004100,seen,,ad30933d5e9f
14923494,2026-10-01 10:51:01,actions-trading,Sim9,003120,seen,,70242a7d7df1
14923494,2026-10-01 10:51:01,actions-trading,미너비니,192820,skip,below_pivot,28278a23e412
14923494,2026-10-01 10:51:01,actions-trading,미너비니,443060,skip,below_pivot,af16f9431106
14923494,2026-10-01 10:51:01,actions-trading,미너비니,020120,skip,below_pivot,2763980a52ae
14923494,2026-10-01 10:51:02,actions-trading,Sim12,084010,skip,avoid_frgn_sell_20d,e850e9e972af
14923494,2026-10-01 10:51:02,actions-trading,Sim12,005030,skip,avoid_amount_dry,00159a7589a5
14923494,2026-10-01 10:51:02,actions-trading,Sim12,192650,skip,pb2_not_crashed,1d82b7a15dfb
14923494,2026-10-01 10:51:02,actions-trading,Sim12,036570,skip,pb2_not_crashed,4ebaa2736602
14923494,2026-10-01 10:51:02,actions-trading,Sim12,0126Z0,skip,avoid_frgn_sell_20d,bb0e046eb14e
14923494,2026-10-01 10:51:02,actions-trading,Sim12,004105,skip,pb2_not_crashed,9706ff0dc85d
14923494,2026-10-01 10:51:02,actions-trading,Sim12,002240,skip,avoid_frgn_sell_20d,ba70913c7964
14923494,2026-10-01 10:51:02,actions-trading,Sim12,109070,skip,pb2_not_crashed,eddd0ef256be
14923494,2026-10-01 10:51:02,actions-trading,Sim12,460860,skip,avoid_frgn_sell_20d,1ae98cb1dc92
14923494,2026-10-01 10:51:02,actions-trading,Sim12,009420,skip,avoid_amount_dry,d1cc0ef3be5f
14923494,2026-10-01 10:51:02,actions-trading,Sim12,248070,skip,avoid_frgn_sell_20d,d14f30b1f17b
14923494,2026-10-01 10:51:02,actions-trading,Sim12,480370,skip,avoid_amount_dry,4fc21264541c
14923494,2026-10-01 10:51:02,actions-trading,Sim12,093050,skip,avoid_frgn_sell_20d,18d6f8e7e8e1
14923494,2026-10-01 10:51:02,actions-trading,Sim12,003160,skip,pb2_not_crashed,7b87dc018cb5
14923494,2026-10-01 10:51:02,actions-trading,Sim12,004710,skip,avoid_frgn_sell_20d,dd43a4f54a10
14923494,2026-10-01 10:51:02,actions-trading,Sim12,055490,skip,avoid_frgn_sell_20d,b907f8d0d527
14923494,2026-10-01 10:51:02,actions-trading,Sim12,128940,skip,avoid_amount_dry,dd74f0b7168f
14923494,2026-10-01 10:51:02,actions-trading,Sim12,001820,skip,avoid_amount_dry,e07d2af07617
14923494,2026-10-01 10:51:02,actions-trading,Sim12,000760,skip,avoid_amount_dry,788d352f1e28
14923494,2026-10-01 10:51:02,actions-trading,Sim12,015590,skip,avoid_amount_dry,6c1f7cd1618a
14923494,2026-10-01 10:51:02,actions-trading,Sim12,012200,skip,avoid_deadcat,0534ad11c96a
14923494,2026-10-01 10:51:02,actions-trading,Sim12,077500,skip,pb2_not_crashed,ce754cea14df
14923494,2026-10-01 10:51:02,actions-trading,Sim12,112610,skip,avoid_frgn_sell_20d,2efbeb58adaf
14923494,2026-10-01 10:51:02,actions-trading,Sim12,005850,skip,pb2_not_crashed,7a5783d79d8d
14923494,2026-10-01 10:51:02,actions-trading,Sim12,012030,skip,avoid_frgn_sell_20d,b4fdd6e4d945
14923494,2026-10-01 10:51:02,actions-trading,Sim12,006280,skip,pb2_not_crashed,51047a47bbac
14923494,2026-10-01 10:51:02,actions-trading,Sim12,001360,skip,pb2_not_crashed,faca8cbc2b3d
14923494,2026-10-01 10:51:02,actions-trading,Sim12,0120G0,skip,avoid_amount_dry,7de134e79faf
14923494,2026-10-01 10:51:02,actions-trading,Sim12,004100,skip,pb2_not_crashed,ad30933d5e9f
14923494,2026-10-01 10:51:02,actions-trading,Sim12,003120,skip,pb2_not_crashed,70242a7d7df1
14923494,2026-10-01 10:51:02,actions-trading,Sim12,009190,skip,pb2_thin_liquidity,f2e47f64fdc2
14923494,2026-10-01 10:51:02,actions-trading,Sim12,051630,skip,avoid_amount_dry,48f0f5ae5a4e
14923494,2026-10-01 10:51:02,actions-trading,Sim12,002820,skip,pb2_thin_liquidity,054278e3c7f1
14923494,2026-10-01 10:51:02,actions-trading,Sim12,071090,skip,pb2_not_crashed,08f5c4371d6a
14923494,2026-10-01 10:51:02,actions-trading,Sim12,002787,skip,avoid_amount_dry,d7825eb4fac2
14923494,2026-10-01 10:51:02,actions-trading,Sim12,010640,skip,avoid_frgn_sell_20d,ab2b059c8370
14923494,2026-10-01 10:51:02,actions-trading,Sim12,452260,skip,avoid_amount_dry,0d435122600b
14923494,2026-10-01 10:51:02,actions-trading,Sim12,003780,skip,avoid_frgn_sell_20d,c0c03793c246
14923494,2026-10-01 10:51:02,actions-trading,Sim12,007110,skip,avoid_amount_dry,a4d6dd878aa8
14923494,2026-10-01 10:51:02,actions-trading,Sim12,487570,skip,pb2_not_crashed,3b3bc7dd1624
14923494,2026-10-01 10:51:02,actions-trading,Sim12,003030,skip,pb2_not_crashed,4032ad2003bc
14923494,2026-10-01 10:51:02,actions-trading,Sim12,002690,skip,avoid_frgn_sell_20d,a070c4ced868
14923494,2026-10-01 10:51:02,actions-trading,Sim12,092790,skip,pb2_not_crashed,086262eeb3d5
14923494,2026-10-01 10:51:02,actions-trading,Sim12,003580,skip,avoid_amount_dry,84261c5b6abc
14923494,2026-10-01 10:51:02,actions-trading,Sim12,005010,skip,pb2_not_crashed,1cf746d51ab6
14923494,2026-10-01 10:51:02,actions-trading,Sim12,316140,skip,avoid_amount_dry,8ddd6702e712
14923494,2026-10-01 10:51:02,actions-trading,Sim12,010950,skip,avoid_amount_dry,605262c5a843
14923494,2026-10-01 10:51:02,actions-trading,Sim12,003075,skip,pb2_not_crashed,32c4805d2870
14923494,2026-10-01 10:51:02,actions-trading,Sim12,006260,skip,avoid_amount_dry,c5f1b637db9a
14923494,2026-10-01 10:51:02,actions-trading,Sim12,001770,skip,avoid_amount_dry,5c570d8b65d4
14923494,2026-10-01 10:51:02,actions-trading,Sim12,024890,skip,avoid_frgn_sell_20d,9ad64eb39c98
14923494,2026-10-01 10:51:02,actions-trading,Sim12,00088K,skip,avoid_amount_dry,7dc3aafb630d
14923494,2026-10-01 10:51:02,actions-trading,Sim12,002995,skip,avoid_amount_dry,3b0152ab65d2
14923494,2026-10-01 10:51:02,actions-trading,Sim12,006200,skip,pb2_thin_liquidity,b984988941cc
14923494,2026-10-01 10:51:02,actions-trading,Sim12,078930,skip,avoid_amount_dry,5d8c1a141c88
14923494,2026-10-01 10:51:02,actions-trading,Sim12,002785,skip,avoid_amount_dry,87c9c8f05927
14923494,2026-10-01 10:51:02,actions-trading,Sim12,014280,skip,avoid_amount_dry,a70b9ee3096e
14923494,2026-10-01 10:51:02,actions-trading,Sim12,456040,skip,avoid_amount_dry,7b48add83075
14923494,2026-10-01 10:51:02,actions-trading,Sim12,002070,skip,avoid_amount_dry,dcc2bc35d9dd
14923494,2026-10-01 10:51:02,actions-trading,Sim12,361610,skip,avoid_amount_dry,8c735e66a291
14923494,2026-10-01 10:51:03,actions-trading,Sim13,084010,skip,theme_momentum_weak,e850e9e972af
14923494,2026-10-01 10:51:03,actions-trading,Sim13,005030,skip,theme_momentum_weak,00159a7589a5
14923494,2026-10-01 10:51:03,actions-trading,Sim13,192650,skip,no_frgn_support,1d82b7a15dfb
14923494,2026-10-01 10:51:03,actions-trading,Sim13,036570,skip,theme_momentum_weak,4ebaa2736602
14923494,2026-10-01 10:51:03,actions-trading,Sim13,0126Z0,skip,theme_momentum_weak,bb0e046eb14e
14923494,2026-10-01 10:51:03,actions-trading,Sim13,004105,skip,no_frgn_support,9706ff0dc85d
14923494,2026-10-01 10:51:03,actions-trading,Sim13,002240,skip,theme_momentum_weak,ba70913c7964
14923494,2026-10-01 10:51:03,actions-trading,Sim13,109070,skip,amount_not_surprised,eddd0ef256be
14923494,2026-10-01 10:51:03,actions-trading,Sim13,460860,skip,theme_momentum_weak,1ae98cb1dc92
14923494,2026-10-01 10:51:03,actions-trading,Sim13,009420,skip,theme_momentum_weak,d1cc0ef3be5f
14923494,2026-10-01 10:51:03,actions-trading,Sim13,248070,skip,theme_momentum_weak,d14f30b1f17b
14923494,2026-10-01 10:51:03,actions-trading,Sim13,480370,skip,adx_weak,4fc21264541c
14923494,2026-10-01 10:51:03,actions-trading,Sim13,093050,skip,theme_momentum_weak,18d6f8e7e8e1
14923494,2026-10-01 10:51:03,actions-trading,Sim13,003160,skip,no_frgn_support,7b87dc018cb5
14923494,2026-10-01 10:51:03,actions-trading,Sim13,004710,skip,amount_not_surprised,dd43a4f54a10
14923494,2026-10-01 10:51:03,actions-trading,Sim13,055490,skip,theme_momentum_weak,b907f8d0d527
14923494,2026-10-01 10:51:03,actions-trading,Sim13,128940,skip,theme_momentum_weak,dd74f0b7168f
14923494,2026-10-01 10:51:03,actions-trading,Sim13,001820,skip,adx_weak,e07d2af07617
14923494,2026-10-01 10:51:03,actions-trading,Sim13,000760,skip,theme_momentum_weak,788d352f1e28
14923494,2026-10-01 10:51:03,actions-trading,Sim13,015590,skip,amount_not_surprised,6c1f7cd1618a
14923494,2026-10-01 10:51:03,actions-trading,Sim13,012200,skip,theme_momentum_weak,0534ad11c96a
14923494,2026-10-01 10:51:03,actions-trading,Sim13,077500,skip,held_or_cooldown,ce754cea14df
14923494,2026-10-01 10:51:03,actions-trading,Sim13,112610,skip,theme_momentum_weak,2efbeb58adaf
14923494,2026-10-01 10:51:03,actions-trading,Sim13,005850,skip,theme_momentum_weak,7a5783d79d8d
14923494,2026-10-01 10:51:03,actions-trading,Sim13,012030,skip,adx_weak,b4fdd6e4d945
14923494,2026-10-01 10:51:03,actions-trading,Sim13,006280,skip,theme_momentum_weak,51047a47bbac
14923494,2026-10-01 10:51:03,actions-trading,Sim13,001360,skip,theme_momentum_weak,faca8cbc2b3d
14923494,2026-10-01 10:51:03,actions-trading,Sim13,0120G0,skip,theme_momentum_weak,7de134e79faf
14923494,2026-10-01 10:51:03,actions-trading,Sim13,004100,skip,adx_weak,ad30933d5e9f
14923494,2026-10-01 10:51:03,actions-trading,Sim13,003120,skip,theme_momentum_weak,70242a7d7df1
14923496,2026-10-01 10:52:32,actions-trading,Sim3,402340,skip,adx,b611ee696044
14923496,2026-10-01 10:52:32,actions-trading,Sim3,383800,skip,amount,c3de638b437e
14923496,2026-10-01 10:52:32,actions-trading,Sim3,462870,skip,amount,0c5e378b98ac
14923496,2026-10-01 10:52:32,actions-trading,Sim3,000660,skip,qty_zero,15beb9c78934
14923496,2026-10-01 10:52:32,actions-trading,Sim3,071970,skip,held_or_sold_today,4c3bf7641b7e
14923496,2026-10-01 10:52:32,actions-trading,Sim3,042700,skip,not_cheap,08db6b585643
14923496,2026-10-01 10:52:32,actions-trading,Sim3,326030,skip,amount,23c817d0c620
14923496,2026-10-01 10:52:32,actions-trading,Sim3,207940,skip,not_cheap,02e2f7456196
14923496,2026-10-01 10:52:32,actions-trading,Sim3,033920,skip,amount,72774310e391
14923496,2026-10-01 10:52:32,actions-trading,Sim3,004770,skip,amount,0382695f93be
14923496,2026-10-01 10:52:32,actions-trading,Sim3,0126Z0,skip,not_cheap,6ce8acd9d17d
14923496,2026-10-01 10:52:32,actions-trading,Sim3,062040,skip,not_cheap,604c033e9b16
14923496,2026-10-01 10:52:32,actions-trading,Sim3,317450,skip,amount,c4c3445f28cc
14923496,2026-10-01 10:52:32,actions-trading,Sim3,026960,skip,amount,53009ca189dd
14923496,2026-10-01 10:52:32,actions-trading,Sim3,021820,skip,amount,4df24d65e0fb
14923496,2026-10-01 10:52:32,actions-trading,Sim3,192080,skip,amount,79f4312633a8
14923496,2026-10-01 10:52:32,actions-trading,Sim3,068270,skip,held_or_sold_today,fc5343058338
14923496,2026-10-01 10:52:32,actions-trading,Sim3,123890,skip,amount,a41c9cc7fcd1
14923496,2026-10-01 10:52:32,actions-trading,Sim3,000240,skip,amount,ecd8fb836e68
14923496,2026-10-01 10:52:32,actions-trading,Sim3,002380,skip,held_or_sold_today,58edb8b1a5c5
14923496,2026-10-01 10:52:32,actions-trading,Sim3,009770,skip,amount,347bb6b9d1c4
14923496,2026-10-01 10:52:32,actions-trading,Sim3,259960,skip,held_or_sold_today,e8ede2630775
14923496,2026-10-01 10:52:32,actions-trading,Sim3,035250,skip,amount,515fa558715a
14923496,2026-10-01 10:52:32,actions-trading,Sim3,383220,skip,amount,f237cbd25cd0
14923496,2026-10-01 10:52:32,actions-trading,Sim3,226320,skip,amount,92b9f0e09faf
14923496,2026-10-01 10:52:32,actions-trading,Sim3,439260,skip,amount,fa2d2433b618
14923496,2026-10-01 10:52:32,actions-trading,Sim3,025560,skip,cooldown,8c27cc3bf0f3
14923496,2026-10-01 10:52:32,actions-trading,Sim3,007700,skip,amount,70c0b7290ca5
14923496,2026-10-01 10:52:32,actions-trading,Sim3,278470,skip,not_cheap,0690b93a0cc6
14923496,2026-10-01 10:52:32,actions-trading,Sim3,000990,skip,not_cheap,15880e4b4ca4
14923496,2026-10-01 10:53:09,actions-trading,MFHS2,028670,skip,max_holdings,5f13959da9a1
14923496,2026-10-01 10:53:09,actions-trading,MFHS2,018880,seen,,a646c50915f4
14923496,2026-10-01 10:53:09,actions-trading,MFHS2,003160,seen,,67b3006494fa
14923496,2026-10-01 10:53:09,actions-trading,MFHS2,005935,seen,,fa7decc4ec32
14923496,2026-10-01 10:53:09,actions-trading,MFHS2,002990,seen,,438d9a49672a
14923496,2026-10-01 10:53:09,actions-trading,MFHS2,011200,seen,,a8eda7d2c639
14923496,2026-10-01 10:53:09,actions-trading,MFHS2,248070,seen,,dfb5a945cd40
14923496,2026-10-01 10:53:09,actions-trading,MFHS2,034220,seen,,65bfac9c125d
14923496,2026-10-01 10:53:09,actions-trading,MFHS2,192650,seen,,1d17781afb5b
14923496,2026-10-01 10:53:09,actions-trading,MFHS2,068270,seen,,19ef850b66bf
14923496,2026-10-01 10:53:09,actions-trading,MFHS2,030000,seen,,9e5ef086f0a0
14923496,2026-10-01 10:53:09,actions-trading,MFHS2,001250,seen,,caf5bf76e53d
14923496,2026-10-01 10:53:09,actions-trading,MFHS2,009830,seen,,88b64ee041e9
14923496,2026-10-01 10:53:09,actions-trading,MFHS2,004710,seen,,c8c24a076e06
14923496,2026-10-01 10:53:09,actions-trading,MFHS2,005880,seen,,31846c12c701
14923496,2026-10-01 10:53:09,actions-trading,MFHS2,005690,seen,,199c09afb7ce
14923496,2026-10-01 10:53:09,actions-trading,MFHS2,093370,seen,,de3274122c9e
14923496,2026-10-01 10:53:09,actions-trading,MFHS2,002700,seen,,cbec5fcdb99c
14923496,2026-10-01 10:53:09,actions-trading,MFHS2,008350,seen,,fb9d9e577e11
14923496,2026-10-01 10:53:09,actions-trading,MFHS2,003280,seen,,a9bcea098b74
14923496,2026-10-01 10:53:09,actions-trading,MFHS2,001820,seen,,4fb7f51524a4
14923496,2026-10-01 10:53:09,actions-trading,MFHS2,001210,seen,,5f01aee5ea1f
14923496,2026-10-01 10:53:09,actions-trading,MFHS2,003780,seen,,1e9cc53fa164
14923496,2026-10-01 10:53:09,actions-trading,MFHS2,001510,seen,,6e623075aa30
14923496,2026-10-01 10:53:09,actions-trading,MFHS2,089860,seen,,24d4842045a1
14923496,2026-10-01 10:53:09,actions-trading,MFHS2,086790,seen,,ded739b5faef
14923496,2026-10-01 10:53:09,actions-trading,MFHS2,092220,seen,,492d3265dc1f
14923496,2026-10-01 10:53:09,actions-trading,MFHS2,093050,seen,,70d759db82ec
14923496,2026-10-01 10:53:09,actions-trading,MFHS2,035000,seen,,30b45e025037
14923496,2026-10-01 10:53:09,actions-trading,MFHS2,004310,seen,,9cfcaff4d6b4
14923496,2026-10-01 10:53:12,actions-trading,상승모멘텀,084010,skip,max_holdings,539fbaef0e40
14923496,2026-10-01 10:53:12,actions-trading,상승모멘텀,005030,seen,,00159a7589a5
14923496,2026-10-01 10:53:12,actions-trading,상승모멘텀,192650,seen,,1d17781afb5b
14923496,2026-10-01 10:53:12,actions-trading,상승모멘텀,036570,seen,,56eed15f7001
14923496,2026-10-01 10:53:12,actions-trading,상승모멘텀,0126Z0,seen,,bc3194837f39
14923496,2026-10-01 10:53:12,actions-trading,상승모멘텀,004105,seen,,7bcd198cc52b
14923496,2026-10-01 10:53:12,actions-trading,상승모멘텀,248070,seen,,dfb5a945cd40
14923496,2026-10-01 10:53:12,actions-trading,상승모멘텀,109070,seen,,3e5f277a7016
14923496,2026-10-01 10:53:12,actions-trading,상승모멘텀,009420,seen,,a46a63b1c6eb
14923496,2026-10-01 10:53:12,actions-trading,상승모멘텀,480370,seen,,40d175c76430
14923496,2026-10-01 10:53:12,actions-trading,상승모멘텀,460860,seen,,06574f42adc8
14923496,2026-10-01 10:53:12,actions-trading,상승모멘텀,002240,seen,,645f67e91928
14923496,2026-10-01 10:53:12,actions-trading,상승모멘텀,093050,seen,,70d759db82ec
14923496,2026-10-01 10:53:12,actions-trading,상승모멘텀,003160,seen,,67b3006494fa
14923496,2026-10-01 10:53:12,actions-trading,상승모멘텀,004710,seen,,c8c24a076e06
14923496,2026-10-01 10:53:12,actions-trading,상승모멘텀,001360,seen,,c5b4fc7cc05b
14923496,2026-10-01 10:53:12,actions-trading,상승모멘텀,055490,seen,,a51b75fb5097
14923496,2026-10-01 10:53:12,actions-trading,상승모멘텀,012200,seen,,060641bcdecb
14923496,2026-10-01 10:53:12,actions-trading,상승모멘텀,001820,seen,,4fb7f51524a4
14923496,2026-10-01 10:53:12,actions-trading,상승모멘텀,077500,seen,,cc381f3ebd5a
14923496,2026-10-01 10:53:12,actions-trading,상승모멘텀,006280,seen,,98db235dcd42
14923496,2026-10-01 10:53:12,actions-trading,상승모멘텀,000760,seen,,788d352f1e28
14923496,2026-10-01 10:53:12,actions-trading,상승모멘텀,005850,seen,,2fa5d2cd2faa
14923496,2026-10-01 10:53:12,actions-trading,상승모멘텀,112610,seen,,8c58594e81f9
14923496,2026-10-01 10:53:12,actions-trading,상승모멘텀,128940,seen,,dba06ab5ed95
14923496,2026-10-01 10:53:12,actions-trading,상승모멘텀,015590,seen,,7e1ddb171bc9
14923496,2026-10-01 10:53:12,actions-trading,상승모멘텀,249420,seen,,3dfd3691a6a7
14923496,2026-10-01 10:53:12,actions-trading,상승모멘텀,078520,seen,,c4876a814d54
14923496,2026-10-01 10:53:12,actions-trading,상승모멘텀,012030,seen,,cbfd715c57de
14923496,2026-10-01 10:53:12,actions-trading,상승모멘텀,093370,seen,,de3274122c9e
14923496,2026-10-01 10:53:12,actions-trading,Sim4-1,084010,skip,period,539fbaef0e40
14923496,2026-10-01 10:53:12,actions-trading,Sim4-1,005030,skip,amount,00159a7589a5
14923496,2026-10-01 10:53:12,actions-trading,Sim4-1,192650,skip,period,1d17781afb5b
14923496,2026-10-01 10:53:12,actions-trading,Sim4-1,036570,skip,period,56eed15f7001
14923496,2026-10-01 10:53:12,actions-trading,Sim4-1,0126Z0,skip,adx_high,bc3194837f39
14923496,2026-10-01 10:53:12,actions-trading,Sim4-1,004105,skip,amount,7bcd198cc52b
14923496,2026-10-01 10:53:12,actions-trading,Sim4-1,248070,skip,period,dfb5a945cd40
14923496,2026-10-01 10:53:12,actions-trading,Sim4-1,109070,skip,amount,3e5f277a7016
14923496,2026-10-01 10:53:12,actions-trading,Sim4-1,009420,skip,period,a46a63b1c6eb
14923496,2026-10-01 10:53:12,actions-trading,Sim4-1,480370,skip,amount,40d175c76430
14923496,2026-10-01 10:53:12,actions-trading,Sim4-1,460860,skip,adx_high,06574f42adc8
14923496,2026-10-01 10:53:12,actions-trading,Sim4-1,002240,skip,amount,645f67e91928
14923496,2026-10-01 10:53:12,actions-trading,Sim4-1,093050,skip,amount,70d759db82ec
14923496,2026-10-01 10:53:12,actions-trading,Sim4-1,003160,skip,held_or_cooldown,67b3006494fa
14923496,2026-10-01 10:53:12,actions-trading,Sim4-1,004710,skip,adx_high,c8c24a076e06
14923496,2026-10-01 10:53:12,actions-trading,Sim4-1,001360,skip,amount,c5b4fc7cc05b
14923496,2026-10-01 10:53:12,actions-trading,Sim4-1,055490,skip,amount,a51b75fb5097
14923496,2026-10-01 10:53:12,actions-trading,Sim4-1,012200,skip,amount,060641bcdecb
14923496,2026-10-01 10:53:12,actions-trading,Sim4-1,001820,skip,adx_low,4fb7f51524a4
14923496,2026-10-01 10:53:12,actions-trading,Sim4-1,077500,skip,amount,cc381f3ebd5a
14923496,2026-10-01 10:53:12,actions-trading,Sim4-1,006280,skip,amount,98db235dcd42
14923496,2026-10-01 10:53:12,actions-trading,Sim4-1,000760,skip,amount,788d352f1e28
14923496,2026-10-01 10:53:12,actions-trading,Sim4-1,005850,skip,amount,2fa5d2cd2faa
14923496,2026-10-01 10:53:12,actions-trading,Sim4-1,112610,skip,period,8c58594e81f9
14923496,2026-10-01 10:53:12,actions-trading,Sim4-1,128940,skip,adx_low,dba06ab5ed95
14923496,2026-10-01 10:53:12,actions-trading,Sim4-1,015590,skip,amount,7e1ddb171bc9
14923496,2026-10-01 10:53:12,actions-trading,Sim4-1,249420,skip,amount,3dfd3691a6a7
14923496,2026-10-01 10:53:12,actions-trading,Sim4-1,078520,skip,amount,c4876a814d54
14923496,2026-10-01 10:53:12,actions-trading,Sim4-1,012030,skip,amount,cbfd715c57de
14923496,2026-10-01 10:53:12,actions-trading,Sim4-1,093370,skip,adx_high,de3274122c9e
14923496,2026-10-01 10:53:13,actions-trading,선행매집,028670,skip,no_setup,5f13959da9a1
14923496,2026-10-01 10:53:13,actions-trading,선행매집,018880,skip,below_anchor,a646c50915f4
14923496,2026-10-01 10:53:13,actions-trading,선행매집,192650,skip,no_setup,1d17781afb5b
14923496,2026-10-01 10:53:13,actions-trading,선행매집,009830,skip,below_anchor,88b64ee041e9
14923496,2026-10-01 10:53:13,actions-trading,선행매집,011200,skip,below_anchor,a8eda7d2c639
14923496,2026-10-01 10:53:13,actions-trading,선행매집,003160,skip,no_setup,67b3006494fa
14923496,2026-10-01 10:53:13,actions-trading,선행매집,005935,skip,below_anchor,fa7decc4ec32
14923496,2026-10-01 10:53:13,actions-trading,선행매집,002990,skip,below_anchor,438d9a49672a
14923496,2026-10-01 10:53:13,actions-trading,선행매집,068270,skip,below_anchor,19ef850b66bf
14923496,2026-10-01 10:53:13,actions-trading,선행매집,034220,skip,below_anchor,65bfac9c125d
14923496,2026-10-01 10:53:13,actions-trading,선행매집,248070,skip,below_anchor,dfb5a945cd40
14923496,2026-10-01 10:53:13,actions-trading,선행매집,030000,skip,below_anchor,9e5ef086f0a0
14923496,2026-10-01 10:53:13,actions-trading,선행매집,001250,skip,below_anchor,caf5bf76e53d
14923496,2026-10-01 10:53:13,actions-trading,선행매집,005880,skip,amount,31846c12c701
14923496,2026-10-01 10:53:13,actions-trading,선행매집,005690,skip,below_anchor,199c09afb7ce
14923496,2026-10-01 10:53:13,actions-trading,선행매집,002700,skip,amount,cbec5fcdb99c
14923496,2026-10-01 10:53:13,actions-trading,선행매집,001210,skip,below_anchor,5f01aee5ea1f
14923496,2026-10-01 10:53:13,actions-trading,선행매집,008350,skip,amount,fb9d9e577e11
14923496,2026-10-01 10:53:13,actions-trading,선행매집,001820,skip,below_anchor,4fb7f51524a4
14923496,2026-10-01 10:53:13,actions-trading,선행매집,003280,skip,below_anchor,a9bcea098b74
14923496,2026-10-01 10:53:13,actions-trading,선행매집,004710,skip,below_anchor,c8c24a076e06
14923496,2026-10-01 10:53:13,actions-trading,선행매집,003780,skip,amount,1e9cc53fa164
14923496,2026-10-01 10:53:13,actions-trading,선행매집,092220,skip,amount,492d3265dc1f
14923496,2026-10-01 10:53:13,actions-trading,선행매집,089860,skip,no_setup,24d4842045a1
14923496,2026-10-01 10:53:13,actions-trading,선행매집,093050,skip,no_setup,70d759db82ec
14923496,2026-10-01 10:53:13,actions-trading,선행매집,001510,skip,below_anchor,6e623075aa30
14923496,2026-10-01 10:53:13,actions-trading,선행매집,051910,skip,below_anchor,68b3ee6b9219
14923496,2026-10-01 10:53:13,actions-trading,선행매집,004770,skip,amount,2f5c2aca4204
14923496,2026-10-01 10:53:13,actions-trading,선행매집,093370,skip,below_anchor,de3274122c9e
14923496,2026-10-01 10:53:13,actions-trading,선행매집,035000,skip,amount,30b45e025037
14923496,2026-10-01 10:53:13,actions-trading,Sim9,_gate,skip,outside_entry_window,e3b0c44298fc
14923496,2026-10-01 10:53:13,actions-trading,Sim9,084010,seen,,539fbaef0e40
14923496,2026-10-01 10:53:13,actions-trading,Sim9,005030,seen,,00159a7589a5
14923496,2026-10-01 10:53:13,actions-trading,Sim9,192650,seen,,1d17781afb5b
14923496,2026-10-01 10:53:13,actions-trading,Sim9,036570,seen,,56eed15f7001
14923496,2026-10-01 10:53:13,actions-trading,Sim9,0126Z0,seen,,bc3194837f39
14923496,2026-10-01 10:53:13,actions-trading,Sim9,004105,seen,,7bcd198cc52b
14923496,2026-10-01 10:53:13,actions-trading,Sim9,248070,seen,,dfb5a945cd40
14923496,2026-10-01 10:53:13,actions-trading,Sim9,109070,seen,,3e5f277a7016
14923496,2026-10-01 10:53:13,actions-trading,Sim9,009420,seen,,a46a63b1c6eb
14923496,2026-10-01 10:53:13,actions-trading,Sim9,480370,seen,,40d175c76430
14923496,2026-10-01 10:53:13,actions-trading,Sim9,460860,seen,,06574f42adc8
14923496,2026-10-01 10:53:13,actions-trading,Sim9,002240,seen,,645f67e91928
14923496,2026-10-01 10:53:13,actions-trading,Sim9,093050,seen,,70d759db82ec
14923496,2026-10-01 10:53:13,actions-trading,Sim9,003160,seen,,67b3006494fa
14923496,2026-10-01 10:53:13,actions-trading,Sim9,004710,seen,,c8c24a076e06
14923496,2026-10-01 10:53:13,actions-trading,Sim9,001360,seen,,c5b4fc7cc05b
14923496,2026-10-01 10:53:13,actions-trading,Sim9,055490,seen,,a51b75fb5097
14923496,2026-10-01 10:53:13,actions-trading,Sim9,012200,seen,,060641bcdecb
14923496,2026-10-01 10:53:13,actions-trading,Sim9,001820,seen,,4fb7f51524a4
14923496,2026-10-01 10:53:13,actions-trading,Sim9,077500,seen,,cc381f3ebd5a
14923496,2026-10-01 10:53:13,actions-trading,Sim9,006280,seen,,98db235dcd42
14923496,2026-10-01 10:53:13,actions-trading,Sim9,000760,seen,,788d352f1e28
14923496,2026-10-01 10:53:13,actions-trading,Sim9,005850,seen,,2fa5d2cd2faa
14923496,2026-10-01 10:53:13,actions-trading,Sim9,112610,seen,,8c58594e81f9
14923496,2026-10-01 10:53:13,actions-trading,Sim9,128940,seen,,dba06ab5ed95
14923496,2026-10-01 10:53:13,actions-trading,Sim9,015590,seen,,7e1ddb171bc9
14923496,2026-10-01 10:53:13,actions-trading,Sim9,249420,seen,,3dfd3691a6a7
14923496,2026-10-01 10:53:13,actions-trading,Sim9,078520,seen,,c4876a814d54
14923496,2026-10-01 10:53:13,actions-trading,Sim9,012030,seen,,cbfd715c57de
14923496,2026-10-01 10:53:13,actions-trading,Sim9,093370,seen,,de3274122c9e
14923496,2026-10-01 10:53:13,actions-trading,미너비니,192820,skip,below_pivot,62f41d9bed5c
14923496,2026-10-01 10:53:13,actions-trading,미너비니,443060,skip,below_pivot,d786e19587d0
14923496,2026-10-01 10:53:13,actions-trading,미너비니,020120,skip,below_pivot,d9230a8926fa
14923496,2026-10-01 10:53:14,actions-trading,Sim12,084010,skip,avoid_frgn_sell_20d,539fbaef0e40
14923496,2026-10-01 10:53:14,actions-trading,Sim12,005030,skip,avoid_amount_dry,00159a7589a5
14923496,2026-10-01 10:53:14,actions-trading,Sim12,192650,skip,pb2_not_crashed,1d17781afb5b
14923496,2026-10-01 10:53:14,actions-trading,Sim12,036570,skip,pb2_not_crashed,56eed15f7001
14923496,2026-10-01 10:53:14,actions-trading,Sim12,0126Z0,skip,avoid_frgn_sell_20d,bc3194837f39
14923496,2026-10-01 10:53:14,actions-trading,Sim12,004105,skip,pb2_not_crashed,7bcd198cc52b
14923496,2026-10-01 10:53:14,actions-trading,Sim12,248070,skip,avoid_frgn_sell_20d,dfb5a945cd40
14923496,2026-10-01 10:53:14,actions-trading,Sim12,109070,skip,pb2_not_crashed,3e5f277a7016
14923496,2026-10-01 10:53:14,actions-trading,Sim12,009420,skip,avoid_amount_dry,a46a63b1c6eb
14923496,2026-10-01 10:53:14,actions-trading,Sim12,480370,skip,avoid_amount_dry,40d175c76430
14923496,2026-10-01 10:53:14,actions-trading,Sim12,460860,skip,avoid_frgn_sell_20d,06574f42adc8
14923496,2026-10-01 10:53:14,actions-trading,Sim12,002240,skip,avoid_frgn_sell_20d,645f67e91928
14923496,2026-10-01 10:53:14,actions-trading,Sim12,093050,skip,avoid_frgn_sell_20d,70d759db82ec
14923496,2026-10-01 10:53:14,actions-trading,Sim12,003160,skip,pb2_not_crashed,67b3006494fa
14923496,2026-10-01 10:53:14,actions-trading,Sim12,004710,skip,avoid_frgn_sell_20d,c8c24a076e06
14923496,2026-10-01 10:53:14,actions-trading,Sim12,001360,skip,pb2_not_crashed,c5b4fc7cc05b
14923496,2026-10-01 10:53:14,actions-trading,Sim12,055490,skip,avoid_frgn_sell_20d,a51b75fb5097
14923496,2026-10-01 10:53:14,actions-trading,Sim12,012200,skip,avoid_deadcat,060641bcdecb
14923496,2026-10-01 10:53:14,actions-trading,Sim12,001820,skip,avoid_amount_dry,4fb7f51524a4
14923496,2026-10-01 10:53:14,actions-trading,Sim12,077500,skip,pb2_not_crashed,cc381f3ebd5a
14923496,2026-10-01 10:53:14,actions-trading,Sim12,006280,skip,pb2_not_crashed,98db235dcd42
14923496,2026-10-01 10:53:14,actions-trading,Sim12,000760,skip,avoid_amount_dry,788d352f1e28
14923496,2026-10-01 10:53:14,actions-trading,Sim12,005850,skip,pb2_not_crashed,2fa5d2cd2faa
14923496,2026-10-01 10:53:14,actions-trading,Sim12,112610,skip,avoid_frgn_sell_20d,8c58594e81f9
14923496,2026-10-01 10:53:14,actions-trading,Sim12,128940,skip,avoid_amount_dry,dba06ab5ed95
14923496,2026-10-01 10:53:14,actions-trading,Sim12,015590,skip,avoid_amount_dry,7e1ddb171bc9
14923496,2026-10-01 10:53:14,actions-trading,Sim12,249420,skip,avoid_amount_dry,3dfd3691a6a7
14923496,2026-10-01 10:53:14,actions-trading,Sim12,078520,skip,avoid_amount_dry,c4876a814d54
14923496,2026-10-01 10:53:14,actions-trading,Sim12,012030,skip,avoid_frgn_sell_20d,cbfd715c57de
14923496,2026-10-01 10:53:14,actions-trading,Sim12,093370,skip,pb2_not_crashed,de3274122c9e
14923496,2026-10-01 10:53:14,actions-trading,Sim12,009190,skip,pb2_thin_liquidity,758f02bb52b6
14923496,2026-10-01 10:53:14,actions-trading,Sim12,051630,skip,avoid_amount_dry,8c433dffd2fa
14923496,2026-10-01 10:53:14,actions-trading,Sim12,002820,skip,pb2_thin_liquidity,f8a952fdecc1
14923496,2026-10-01 10:53:14,actions-trading,Sim12,071090,skip,pb2_not_crashed,509c005444a1
14923496,2026-10-01 10:53:14,actions-trading,Sim12,002787,skip,avoid_amount_dry,d7825eb4fac2
14923496,2026-10-01 10:53:14,actions-trading,Sim12,010640,skip,avoid_frgn_sell_20d,ab2b059c8370
14923496,2026-10-01 10:53:14,actions-trading,Sim12,452260,skip,avoid_amount_dry,4d3b655fa63e
14923496,2026-10-01 10:53:14,actions-trading,Sim12,003780,skip,avoid_frgn_sell_20d,1e9cc53fa164
14923496,2026-10-01 10:53:14,actions-trading,Sim12,003030,skip,pb2_not_crashed,b349aaaddb94
14923496,2026-10-01 10:53:14,actions-trading,Sim12,007110,skip,avoid_amount_dry,a5aa7b5f3855
14923496,2026-10-01 10:53:14,actions-trading,Sim12,003580,skip,avoid_amount_dry,2f8ccd4e6bc3
14923496,2026-10-01 10:53:14,actions-trading,Sim12,002690,skip,avoid_frgn_sell_20d,25408ac68bf4
14923496,2026-10-01 10:53:14,actions-trading,Sim12,487570,skip,pb2_not_crashed,3c9167b639ba
14923496,2026-10-01 10:53:14,actions-trading,Sim12,092790,skip,pb2_not_crashed,7281cb22f1c3
14923496,2026-10-01 10:53:14,actions-trading,Sim12,005010,skip,pb2_not_crashed,5e81eed13f99
14923496,2026-10-01 10:53:14,actions-trading,Sim12,316140,skip,avoid_amount_dry,9aa99493dbaf
14923496,2026-10-01 10:53:14,actions-trading,Sim12,010950,skip,avoid_amount_dry,b4f35d459641
14923496,2026-10-01 10:53:14,actions-trading,Sim12,003075,skip,pb2_not_crashed,20a4644a029e
14923496,2026-10-01 10:53:14,actions-trading,Sim12,006260,skip,avoid_amount_dry,b0091048ba08
14923496,2026-10-01 10:53:14,actions-trading,Sim12,001770,skip,avoid_amount_dry,5c570d8b65d4
14923496,2026-10-01 10:53:14,actions-trading,Sim12,024890,skip,avoid_frgn_sell_20d,cf36c2c1c5a2
14923496,2026-10-01 10:53:14,actions-trading,Sim12,002995,skip,avoid_amount_dry,3b0152ab65d2
14923496,2026-10-01 10:53:14,actions-trading,Sim12,014280,skip,avoid_amount_dry,f0b999b71130
14923496,2026-10-01 10:53:14,actions-trading,Sim12,006200,skip,pb2_thin_liquidity,8d749a38cd94
14923496,2026-10-01 10:53:14,actions-trading,Sim12,002070,skip,avoid_amount_dry,6db4be9db2c1
14923496,2026-10-01 10:53:14,actions-trading,Sim12,002785,skip,avoid_amount_dry,87c9c8f05927
14923496,2026-10-01 10:53:14,actions-trading,Sim12,078930,skip,avoid_amount_dry,2f6d4a43f851
14923496,2026-10-01 10:53:14,actions-trading,Sim12,00088K,skip,avoid_amount_dry,c332ada05207
14923496,2026-10-01 10:53:14,actions-trading,Sim12,456040,skip,avoid_amount_dry,769fb8a53f93
14923496,2026-10-01 10:53:14,actions-trading,Sim12,361610,skip,avoid_amount_dry,b11c66861ddd
14923496,2026-10-01 10:53:14,actions-trading,Sim13,084010,skip,theme_momentum_weak,539fbaef0e40
14923496,2026-10-01 10:53:14,actions-trading,Sim13,005030,skip,theme_momentum_weak,00159a7589a5
14923496,2026-10-01 10:53:14,actions-trading,Sim13,192650,skip,no_frgn_support,1d17781afb5b
14923496,2026-10-01 10:53:14,actions-trading,Sim13,036570,skip,theme_momentum_weak,56eed15f7001
14923496,2026-10-01 10:53:14,actions-trading,Sim13,0126Z0,skip,theme_momentum_weak,bc3194837f39
14923496,2026-10-01 10:53:14,actions-trading,Sim13,004105,skip,no_frgn_support,7bcd198cc52b
14923496,2026-10-01 10:53:14,actions-trading,Sim13,248070,skip,theme_momentum_weak,dfb5a945cd40
14923496,2026-10-01 10:53:14,actions-trading,Sim13,109070,skip,amount_not_surprised,3e5f277a7016
14923496,2026-10-01 10:53:14,actions-trading,Sim13,009420,skip,theme_momentum_weak,a46a63b1c6eb
14923496,2026-10-01 10:53:14,actions-trading,Sim13,480370,skip,adx_weak,40d175c76430
14923496,2026-10-01 10:53:14,actions-trading,Sim13,460860,skip,theme_momentum_weak,06574f42adc8
14923496,2026-10-01 10:53:14,actions-trading,Sim13,002240,skip,theme_momentum_weak,645f67e91928
14923496,2026-10-01 10:53:14,actions-trading,Sim13,093050,skip,theme_momentum_weak,70d759db82ec
14923496,2026-10-01 10:53:14,actions-trading,Sim13,003160,skip,no_frgn_support,67b3006494fa
14923496,2026-10-01 10:53:14,actions-trading,Sim13,004710,skip,amount_not_surprised,c8c24a076e06
14923496,2026-10-01 10:53:14,actions-trading,Sim13,001360,skip,theme_momentum_weak,c5b4fc7cc05b
14923496,2026-10-01 10:53:14,actions-trading,Sim13,055490,skip,theme_momentum_weak,a51b75fb5097
14923496,2026-10-01 10:53:14,actions-trading,Sim13,012200,skip,theme_momentum_weak,060641bcdecb
14923496,2026-10-01 10:53:14,actions-trading,Sim13,001820,skip,adx_weak,4fb7f51524a4
14923496,2026-10-01 10:53:14,actions-trading,Sim13,077500,skip,held_or_cooldown,cc381f3ebd5a
14923496,2026-10-01 10:53:14,actions-trading,Sim13,006280,skip,theme_momentum_weak,98db235dcd42
14923496,2026-10-01 10:53:14,actions-trading,Sim13,000760,skip,theme_momentum_weak,788d352f1e28
14923496,2026-10-01 10:53:14,actions-trading,Sim13,005850,skip,theme_momentum_weak,2fa5d2cd2faa
14923496,2026-10-01 10:53:14,actions-trading,Sim13,112610,skip,theme_momentum_weak,8c58594e81f9
14923496,2026-10-01 10:53:14,actions-trading,Sim13,128940,skip,theme_momentum_weak,dba06ab5ed95
14923496,2026-10-01 10:53:14,actions-trading,Sim13,015590,skip,amount_not_surprised,7e1ddb171bc9
14923496,2026-10-01 10:53:14,actions-trading,Sim13,249420,skip,theme_momentum_weak,3dfd3691a6a7
14923496,2026-10-01 10:53:14,actions-trading,Sim13,078520,skip,theme_momentum_weak,c4876a814d54
14923496,2026-10-01 10:53:14,actions-trading,Sim13,012030,skip,adx_weak,cbfd715c57de
14923496,2026-10-01 10:53:14,actions-trading,Sim13,093370,skip,no_frgn_support,de3274122c9e
14923497,2026-10-01 10:54:33,actions-trading,Sim3,402340,skip,adx,dff032bd9ff0
14923497,2026-10-01 10:54:33,actions-trading,Sim3,383800,skip,amount,a98124238451
14923497,2026-10-01 10:54:33,actions-trading,Sim3,462870,skip,amount,c310caa4405f
14923497,2026-10-01 10:54:33,actions-trading,Sim3,000660,skip,qty_zero,64681dd58d20
14923497,2026-10-01 10:54:33,actions-trading,Sim3,071970,skip,held_or_sold_today,849675dfe7ea
14923497,2026-10-01 10:54:33,actions-trading,Sim3,042700,skip,not_cheap,7179fe1ad206
14923497,2026-10-01 10:54:33,actions-trading,Sim3,326030,skip,amount,727f5b676732
14923497,2026-10-01 10:54:33,actions-trading,Sim3,207940,skip,not_cheap,b486a44d95cf
14923497,2026-10-01 10:54:33,actions-trading,Sim3,033920,skip,amount,62e3b26cf8a6
14923497,2026-10-01 10:54:33,actions-trading,Sim3,004770,skip,amount,96d5e8d0d927
14923497,2026-10-01 10:54:33,actions-trading,Sim3,0126Z0,skip,not_cheap,27cc66ea6937
14923497,2026-10-01 10:54:33,actions-trading,Sim3,062040,skip,not_cheap,267b7a04ec85
14923497,2026-10-01 10:54:33,actions-trading,Sim3,317450,skip,amount,71b44f092f93
14923497,2026-10-01 10:54:33,actions-trading,Sim3,026960,skip,amount,0579e553a530
14923497,2026-10-01 10:54:33,actions-trading,Sim3,021820,skip,amount,4df24d65e0fb
14923497,2026-10-01 10:54:33,actions-trading,Sim3,192080,skip,amount,189ffaffef23
14923497,2026-10-01 10:54:33,actions-trading,Sim3,068270,skip,held_or_sold_today,47edf4dab897
14923497,2026-10-01 10:54:33,actions-trading,Sim3,123890,skip,amount,a41c9cc7fcd1
14923497,2026-10-01 10:54:33,actions-trading,Sim3,000240,skip,amount,b21d9eaceef5
14923497,2026-10-01 10:54:33,actions-trading,Sim3,002380,skip,held_or_sold_today,909dce8ccf62
14923497,2026-10-01 10:54:33,actions-trading,Sim3,009770,skip,amount,347bb6b9d1c4
14923497,2026-10-01 10:54:33,actions-trading,Sim3,259960,skip,held_or_sold_today,e67af2bcf409
14923497,2026-10-01 10:54:33,actions-trading,Sim3,035250,skip,amount,236cdf7593c9
14923497,2026-10-01 10:54:33,actions-trading,Sim3,383220,skip,amount,0952f14ea16d
14923497,2026-10-01 10:54:33,actions-trading,Sim3,226320,skip,amount,92b9f0e09faf
14923497,2026-10-01 10:54:33,actions-trading,Sim3,439260,skip,amount,519802e73af5
14923497,2026-10-01 10:54:33,actions-trading,Sim3,025560,skip,cooldown,425175c3e12a
14923497,2026-10-01 10:54:33,actions-trading,Sim3,007700,skip,amount,70c0b7290ca5
14923497,2026-10-01 10:54:33,actions-trading,Sim3,278470,skip,not_cheap,7cb1526faf95
14923497,2026-10-01 10:54:33,actions-trading,Sim3,000990,skip,not_cheap,df6747e11299
14923497,2026-10-01 10:55:12,actions-trading,MFHS2,028670,skip,max_holdings,9af4acccc8a3
14923497,2026-10-01 10:55:12,actions-trading,MFHS2,018880,seen,,920d39b99294
14923497,2026-10-01 10:55:12,actions-trading,MFHS2,003160,seen,,bd0277b36dfa
14923497,2026-10-01 10:55:12,actions-trading,MFHS2,005935,seen,,8e4633a39bee
14923497,2026-10-01 10:55:12,actions-trading,MFHS2,002990,seen,,ad5d6b9fbe46
14923497,2026-10-01 10:55:12,actions-trading,MFHS2,011200,seen,,ef182e671125
14923497,2026-10-01 10:55:12,actions-trading,MFHS2,248070,seen,,fed37f687ed4
14923497,2026-10-01 10:55:12,actions-trading,MFHS2,034220,seen,,3f8549264d74
14923497,2026-10-01 10:55:12,actions-trading,MFHS2,192650,seen,,497492ed5e18
14923497,2026-10-01 10:55:12,actions-trading,MFHS2,068270,seen,,6aaec06a6b35
14923497,2026-10-01 10:55:12,actions-trading,MFHS2,030000,seen,,f5169f13cbda
14923497,2026-10-01 10:55:12,actions-trading,MFHS2,001250,seen,,ad3410d26cec
14923497,2026-10-01 10:55:12,actions-trading,MFHS2,009830,seen,,b0f0b45f499c
14923497,2026-10-01 10:55:12,actions-trading,MFHS2,004710,seen,,4add519479f3
14923497,2026-10-01 10:55:12,actions-trading,MFHS2,005880,seen,,ff230d6f547c
14923497,2026-10-01 10:55:12,actions-trading,MFHS2,005690,seen,,1ebd1d381210
14923497,2026-10-01 10:55:12,actions-trading,MFHS2,093370,seen,,65b7acfa9068
14923497,2026-10-01 10:55:12,actions-trading,MFHS2,002700,seen,,079ae19fc8d3
14923497,2026-10-01 10:55:12,actions-trading,MFHS2,008350,seen,,14d25a63b691
14923497,2026-10-01 10:55:12,actions-trading,MFHS2,003280,seen,,e1100102b51c
14923497,2026-10-01 10:55:12,actions-trading,MFHS2,001820,seen,,c923777b3710
14923497,2026-10-01 10:55:12,actions-trading,MFHS2,001210,seen,,509de9ed3aec
14923497,2026-10-01 10:55:12,actions-trading,MFHS2,003780,seen,,2644f2570017
14923497,2026-10-01 10:55:12,actions-trading,MFHS2,001510,seen,,cabd48802808
14923497,2026-10-01 10:55:12,actions-trading,MFHS2,089860,seen,,1e13b088fbf0
14923497,2026-10-01 10:55:12,actions-trading,MFHS2,086790,seen,,c8c4b88079d3
14923497,2026-10-01 10:55:12,actions-trading,MFHS2,092220,seen,,a18491f2a867
14923497,2026-10-01 10:55:12,actions-trading,MFHS2,093050,seen,,e2b00981b659
14923497,2026-10-01 10:55:12,actions-trading,MFHS2,035000,seen,,30b45e025037
14923497,2026-10-01 10:55:12,actions-trading,MFHS2,004310,seen,,5d7f404eaedc
14923497,2026-10-01 10:55:14,actions-trading,상승모멘텀,084010,skip,max_holdings,cd7d5cb3c80f
14923497,2026-10-01 10:55:14,actions-trading,상승모멘텀,005030,seen,,00159a7589a5
14923497,2026-10-01 10:55:14,actions-trading,상승모멘텀,192650,seen,,497492ed5e18
14923497,2026-10-01 10:55:14,actions-trading,상승모멘텀,036570,seen,,11047967ae99
14923497,2026-10-01 10:55:14,actions-trading,상승모멘텀,0126Z0,seen,,d72c97fea339
14923497,2026-10-01 10:55:14,actions-trading,상승모멘텀,004105,seen,,80969cecb491
14923497,2026-10-01 10:55:14,actions-trading,상승모멘텀,109070,seen,,e804e246a7b6
14923497,2026-10-01 10:55:14,actions-trading,상승모멘텀,248070,seen,,fed37f687ed4
14923497,2026-10-01 10:55:14,actions-trading,상승모멘텀,009420,seen,,924ed6fa6f64
14923497,2026-10-01 10:55:14,actions-trading,상승모멘텀,093050,seen,,e2b00981b659
14923497,2026-10-01 10:55:14,actions-trading,상승모멘텀,480370,seen,,fa8fbec9e2cb
14923497,2026-10-01 10:55:14,actions-trading,상승모멘텀,002240,seen,,18bf8b950084
14923497,2026-10-01 10:55:14,actions-trading,상승모멘텀,003160,seen,,bd0277b36dfa
14923497,2026-10-01 10:55:14,actions-trading,상승모멘텀,460860,seen,,4b44bff97551
14923497,2026-10-01 10:55:14,actions-trading,상승모멘텀,001360,seen,,3884c0488af5
14923497,2026-10-01 10:55:14,actions-trading,상승모멘텀,004710,seen,,4add519479f3
14923497,2026-10-01 10:55:14,actions-trading,상승모멘텀,001820,seen,,c923777b3710
14923497,2026-10-01 10:55:14,actions-trading,상승모멘텀,055490,seen,,f7baab20c783
14923497,2026-10-01 10:55:14,actions-trading,상승모멘텀,112610,seen,,f5226066e42f
14923497,2026-10-01 10:55:14,actions-trading,상승모멘텀,000760,seen,,788d352f1e28
14923497,2026-10-01 10:55:14,actions-trading,상승모멘텀,077500,seen,,dd7fcdb90828
14923497,2026-10-01 10:55:14,actions-trading,상승모멘텀,006280,seen,,dd8b1c8b8453
14923497,2026-10-01 10:55:14,actions-trading,상승모멘텀,093370,seen,,65b7acfa9068
14923497,2026-10-01 10:55:14,actions-trading,상승모멘텀,012030,seen,,132e141a9bf2
14923497,2026-10-01 10:55:14,actions-trading,상승모멘텀,005850,seen,,9c89bddbd7d1
14923497,2026-10-01 10:55:14,actions-trading,상승모멘텀,014680,seen,,830d4c16f1fc
14923497,2026-10-01 10:55:14,actions-trading,상승모멘텀,0120G0,seen,,465569efdc1c
14923497,2026-10-01 10:55:14,actions-trading,상승모멘텀,015590,seen,,cd85dad73d81
14923497,2026-10-01 10:55:14,actions-trading,상승모멘텀,128940,seen,,35ea9e62c5da
14923497,2026-10-01 10:55:14,actions-trading,상승모멘텀,078520,seen,,98228592317e
14923497,2026-10-01 10:55:14,actions-trading,Sim4-1,084010,skip,period,cd7d5cb3c80f
14923497,2026-10-01 10:55:14,actions-trading,Sim4-1,005030,skip,amount,00159a7589a5
14923497,2026-10-01 10:55:14,actions-trading,Sim4-1,192650,skip,period,497492ed5e18
14923497,2026-10-01 10:55:14,actions-trading,Sim4-1,036570,skip,period,11047967ae99
14923497,2026-10-01 10:55:14,actions-trading,Sim4-1,0126Z0,skip,adx_high,d72c97fea339
14923497,2026-10-01 10:55:14,actions-trading,Sim4-1,004105,skip,amount,80969cecb491
14923497,2026-10-01 10:55:14,actions-trading,Sim4-1,109070,skip,amount,e804e246a7b6
14923497,2026-10-01 10:55:14,actions-trading,Sim4-1,248070,skip,period,fed37f687ed4
14923497,2026-10-01 10:55:14,actions-trading,Sim4-1,009420,skip,period,924ed6fa6f64
14923497,2026-10-01 10:55:14,actions-trading,Sim4-1,093050,skip,amount,e2b00981b659
14923497,2026-10-01 10:55:14,actions-trading,Sim4-1,480370,skip,amount,fa8fbec9e2cb
14923497,2026-10-01 10:55:14,actions-trading,Sim4-1,002240,skip,amount,18bf8b950084
14923497,2026-10-01 10:55:14,actions-trading,Sim4-1,003160,skip,held_or_cooldown,bd0277b36dfa
14923497,2026-10-01 10:55:14,actions-trading,Sim4-1,460860,skip,adx_high,4b44bff97551
14923497,2026-10-01 10:55:14,actions-trading,Sim4-1,001360,skip,amount,3884c0488af5
14923497,2026-10-01 10:55:14,actions-trading,Sim4-1,004710,skip,adx_high,4add519479f3
14923497,2026-10-01 10:55:14,actions-trading,Sim4-1,001820,skip,adx_low,c923777b3710
14923497,2026-10-01 10:55:14,actions-trading,Sim4-1,055490,skip,amount,f7baab20c783
14923497,2026-10-01 10:55:14,actions-trading,Sim4-1,112610,skip,period,f5226066e42f
14923497,2026-10-01 10:55:14,actions-trading,Sim4-1,000760,skip,amount,788d352f1e28
14923497,2026-10-01 10:55:14,actions-trading,Sim4-1,077500,skip,amount,dd7fcdb90828
14923497,2026-10-01 10:55:14,actions-trading,Sim4-1,006280,skip,amount,dd8b1c8b8453
14923497,2026-10-01 10:55:14,actions-trading,Sim4-1,093370,skip,adx_high,65b7acfa9068
14923497,2026-10-01 10:55:14,actions-trading,Sim4-1,012030,skip,amount,132e141a9bf2
14923497,2026-10-01 10:55:14,actions-trading,Sim4-1,005850,skip,amount,9c89bddbd7d1
14923497,2026-10-01 10:55:14,actions-trading,Sim4-1,014680,skip,adx_high,830d4c16f1fc
14923497,2026-10-01 10:55:14,actions-trading,Sim4-1,0120G0,skip,amount,465569efdc1c
14923497,2026-10-01 10:55:14,actions-trading,Sim4-1,015590,skip,amount,cd85dad73d81
14923497,2026-10-01 10:55:14,actions-trading,Sim4-1,128940,skip,adx_low,35ea9e62c5da
14923497,2026-10-01 10:55:14,actions-trading,Sim4-1,078520,skip,amount,98228592317e
14923497,2026-10-01 10:55:16,actions-trading,선행매집,028670,skip,no_setup,9af4acccc8a3
14923497,2026-10-01 10:55:16,actions-trading,선행매집,018880,skip,below_anchor,920d39b99294
14923497,2026-10-01 10:55:16,actions-trading,선행매집,192650,skip,no_setup,497492ed5e18
14923497,2026-10-01 10:55:16,actions-trading,선행매집,009830,skip,below_anchor,b0f0b45f499c
14923497,2026-10-01 10:55:16,actions-trading,선행매집,011200,skip,below_anchor,ef182e671125
14923497,2026-10-01 10:55:16,actions-trading,선행매집,003160,skip,no_setup,bd0277b36dfa
14923497,2026-10-01 10:55:16,actions-trading,선행매집,005935,skip,below_anchor,8e4633a39bee
14923497,2026-10-01 10:55:16,actions-trading,선행매집,002990,skip,below_anchor,ad5d6b9fbe46
14923497,2026-10-01 10:55:16,actions-trading,선행매집,068270,skip,below_anchor,6aaec06a6b35
14923497,2026-10-01 10:55:16,actions-trading,선행매집,034220,skip,below_anchor,3f8549264d74
14923497,2026-10-01 10:55:16,actions-trading,선행매집,248070,skip,below_anchor,fed37f687ed4
14923497,2026-10-01 10:55:16,actions-trading,선행매집,030000,skip,below_anchor,f5169f13cbda
14923497,2026-10-01 10:55:16,actions-trading,선행매집,001250,skip,below_anchor,ad3410d26cec
14923497,2026-10-01 10:55:16,actions-trading,선행매집,005880,skip,amount,ff230d6f547c
14923497,2026-10-01 10:55:16,actions-trading,선행매집,005690,skip,below_anchor,1ebd1d381210
14923497,2026-10-01 10:55:16,actions-trading,선행매집,002700,skip,amount,079ae19fc8d3
14923497,2026-10-01 10:55:16,actions-trading,선행매집,001210,skip,below_anchor,509de9ed3aec
14923497,2026-10-01 10:55:16,actions-trading,선행매집,008350,skip,amount,14d25a63b691
14923497,2026-10-01 10:55:16,actions-trading,선행매집,001820,skip,below_anchor,c923777b3710
14923497,2026-10-01 10:55:16,actions-trading,선행매집,003280,skip,below_anchor,e1100102b51c
14923497,2026-10-01 10:55:16,actions-trading,선행매집,004710,skip,below_anchor,4add519479f3
14923497,2026-10-01 10:55:16,actions-trading,선행매집,003780,skip,amount,2644f2570017
14923497,2026-10-01 10:55:16,actions-trading,선행매집,092220,skip,amount,a18491f2a867
14923497,2026-10-01 10:55:16,actions-trading,선행매집,089860,skip,no_setup,1e13b088fbf0
14923497,2026-10-01 10:55:16,actions-trading,선행매집,093050,skip,no_setup,e2b00981b659
14923497,2026-10-01 10:55:16,actions-trading,선행매집,001510,skip,below_anchor,cabd48802808
14923497,2026-10-01 10:55:16,actions-trading,선행매집,051910,skip,below_anchor,a4ded8fb0fde
14923497,2026-10-01 10:55:16,actions-trading,선행매집,004770,skip,amount,96d5e8d0d927
14923497,2026-10-01 10:55:16,actions-trading,선행매집,093370,skip,below_anchor,65b7acfa9068
14923497,2026-10-01 10:55:16,actions-trading,선행매집,035000,skip,amount,30b45e025037
14923497,2026-10-01 10:55:16,actions-trading,Sim9,_gate,skip,outside_entry_window,e3b0c44298fc
14923497,2026-10-01 10:55:16,actions-trading,Sim9,084010,seen,,cd7d5cb3c80f
14923497,2026-10-01 10:55:16,actions-trading,Sim9,005030,seen,,00159a7589a5
14923497,2026-10-01 10:55:16,actions-trading,Sim9,192650,seen,,497492ed5e18
14923497,2026-10-01 10:55:16,actions-trading,Sim9,036570,seen,,11047967ae99
14923497,2026-10-01 10:55:16,actions-trading,Sim9,0126Z0,seen,,d72c97fea339
14923497,2026-10-01 10:55:16,actions-trading,Sim9,004105,seen,,80969cecb491
14923497,2026-10-01 10:55:16,actions-trading,Sim9,109070,seen,,e804e246a7b6
14923497,2026-10-01 10:55:16,actions-trading,Sim9,248070,seen,,fed37f687ed4
14923497,2026-10-01 10:55:16,actions-trading,Sim9,009420,seen,,924ed6fa6f64
14923497,2026-10-01 10:55:16,actions-trading,Sim9,093050,seen,,e2b00981b659
14923497,2026-10-01 10:55:16,actions-trading,Sim9,480370,seen,,fa8fbec9e2cb
14923497,2026-10-01 10:55:16,actions-trading,Sim9,002240,seen,,18bf8b950084
14923497,2026-10-01 10:55:16,actions-trading,Sim9,003160,seen,,bd0277b36dfa
14923497,2026-10-01 10:55:16,actions-trading,Sim9,460860,seen,,4b44bff97551
14923497,2026-10-01 10:55:16,actions-trading,Sim9,001360,seen,,3884c0488af5
14923497,2026-10-01 10:55:16,actions-trading,Sim9,004710,seen,,4add519479f3
14923497,2026-10-01 10:55:16,actions-trading,Sim9,001820,seen,,c923777b3710
14923497,2026-10-01 10:55:16,actions-trading,Sim9,055490,seen,,f7baab20c783
14923497,2026-10-01 10:55:16,actions-trading,Sim9,112610,seen,,f5226066e42f
14923497,2026-10-01 10:55:16,actions-trading,Sim9,000760,seen,,788d352f1e28
14923497,2026-10-01 10:55:16,actions-trading,Sim9,077500,seen,,dd7fcdb90828
14923497,2026-10-01 10:55:16,actions-trading,Sim9,006280,seen,,dd8b1c8b8453
14923497,2026-10-01 10:55:16,actions-trading,Sim9,093370,seen,,65b7acfa9068
14923497,2026-10-01 10:55:16,actions-trading,Sim9,012030,seen,,132e141a9bf2
14923497,2026-10-01 10:55:16,actions-trading,Sim9,005850,seen,,9c89bddbd7d1
14923497,2026-10-01 10:55:16,actions-trading,Sim9,014680,seen,,830d4c16f1fc
14923497,2026-10-01 10:55:16,actions-trading,Sim9,0120G0,seen,,465569efdc1c
14923497,2026-10-01 10:55:16,actions-trading,Sim9,015590,seen,,cd85dad73d81
14923497,2026-10-01 10:55:16,actions-trading,Sim9,128940,seen,,35ea9e62c5da
14923497,2026-10-01 10:55:16,actions-trading,Sim9,078520,seen,,98228592317e
14923497,2026-10-01 10:55:16,actions-trading,미너비니,192820,skip,below_pivot,71c6243b12db
14923497,2026-10-01 10:55:16,actions-trading,미너비니,443060,skip,below_pivot,8a1ae37e94f0
14923497,2026-10-01 10:55:16,actions-trading,미너비니,020120,skip,below_pivot,a19c1048c4c8
14923497,2026-10-01 10:55:17,actions-trading,Sim12,084010,skip,avoid_frgn_sell_20d,cd7d5cb3c80f
14923497,2026-10-01 10:55:17,actions-trading,Sim12,005030,skip,avoid_amount_dry,00159a7589a5
14923497,2026-10-01 10:55:17,actions-trading,Sim12,192650,skip,pb2_not_crashed,497492ed5e18
14923497,2026-10-01 10:55:17,actions-trading,Sim12,036570,skip,pb2_not_crashed,11047967ae99
14923497,2026-10-01 10:55:17,actions-trading,Sim12,0126Z0,skip,avoid_frgn_sell_20d,d72c97fea339
14923497,2026-10-01 10:55:17,actions-trading,Sim12,004105,skip,pb2_not_crashed,80969cecb491
14923497,2026-10-01 10:55:17,actions-trading,Sim12,109070,skip,pb2_not_crashed,e804e246a7b6
14923497,2026-10-01 10:55:17,actions-trading,Sim12,248070,skip,avoid_frgn_sell_20d,fed37f687ed4
14923497,2026-10-01 10:55:17,actions-trading,Sim12,009420,skip,avoid_amount_dry,924ed6fa6f64
14923497,2026-10-01 10:55:17,actions-trading,Sim12,093050,skip,avoid_frgn_sell_20d,e2b00981b659
14923497,2026-10-01 10:55:17,actions-trading,Sim12,480370,skip,avoid_amount_dry,fa8fbec9e2cb
14923497,2026-10-01 10:55:17,actions-trading,Sim12,002240,skip,avoid_frgn_sell_20d,18bf8b950084
14923497,2026-10-01 10:55:17,actions-trading,Sim12,003160,skip,pb2_not_crashed,bd0277b36dfa
14923497,2026-10-01 10:55:17,actions-trading,Sim12,460860,skip,avoid_frgn_sell_20d,4b44bff97551
14923497,2026-10-01 10:55:17,actions-trading,Sim12,001360,skip,pb2_not_crashed,3884c0488af5
14923497,2026-10-01 10:55:17,actions-trading,Sim12,004710,skip,avoid_frgn_sell_20d,4add519479f3
14923497,2026-10-01 10:55:17,actions-trading,Sim12,001820,skip,avoid_amount_dry,c923777b3710
14923497,2026-10-01 10:55:17,actions-trading,Sim12,055490,skip,avoid_frgn_sell_20d,f7baab20c783
14923497,2026-10-01 10:55:17,actions-trading,Sim12,112610,skip,avoid_frgn_sell_20d,f5226066e42f
14923497,2026-10-01 10:55:17,actions-trading,Sim12,000760,skip,avoid_amount_dry,788d352f1e28
14923497,2026-10-01 10:55:17,actions-trading,Sim12,077500,skip,pb2_not_crashed,dd7fcdb90828
14923497,2026-10-01 10:55:17,actions-trading,Sim12,006280,skip,pb2_not_crashed,dd8b1c8b8453
14923497,2026-10-01 10:55:17,actions-trading,Sim12,093370,skip,pb2_not_crashed,65b7acfa9068
14923497,2026-10-01 10:55:17,actions-trading,Sim12,012030,skip,avoid_frgn_sell_20d,132e141a9bf2
14923497,2026-10-01 10:55:17,actions-trading,Sim12,005850,skip,pb2_not_crashed,9c89bddbd7d1
14923497,2026-10-01 10:55:17,actions-trading,Sim12,014680,skip,avoid_amount_dry,830d4c16f1fc
14923497,2026-10-01 10:55:17,actions-trading,Sim12,0120G0,skip,avoid_amount_dry,465569efdc1c
14923497,2026-10-01 10:55:17,actions-trading,Sim12,015590,skip,avoid_amount_dry,cd85dad73d81
14923497,2026-10-01 10:55:17,actions-trading,Sim12,128940,skip,avoid_amount_dry,35ea9e62c5da
14923497,2026-10-01 10:55:17,actions-trading,Sim12,078520,skip,avoid_amount_dry,98228592317e
14923497,2026-10-01 10:55:17,actions-trading,Sim12,009190,skip,pb2_no_inst_buying,f0791b6854f2
14923497,2026-10-01 10:55:17,actions-trading,Sim12,051630,skip,avoid_amount_dry,96b12c63c104
14923497,2026-10-01 10:55:17,actions-trading,Sim12,002820,skip,pb2_thin_liquidity,7db50b578935
14923497,2026-10-01 10:55:17,actions-trading,Sim12,071090,skip,pb2_not_crashed,447e0f4c2713
14923497,2026-10-01 10:55:17,actions-trading,Sim12,002787,skip,avoid_amount_dry,d7825eb4fac2
14923497,2026-10-01 10:55:17,actions-trading,Sim12,010640,skip,avoid_amount_dry,29e88d697744
14923497,2026-10-01 10:55:17,actions-trading,Sim12,452260,skip,avoid_amount_dry,155081fb7383
14923497,2026-10-01 10:55:17,actions-trading,Sim12,003780,skip,avoid_frgn_sell_20d,2644f2570017
14923497,2026-10-01 10:55:17,actions-trading,Sim12,003030,skip,pb2_not_crashed,71df546404a1
14923497,2026-10-01 10:55:17,actions-trading,Sim12,003580,skip,avoid_amount_dry,62af224c5ca3
14923497,2026-10-01 10:55:17,actions-trading,Sim12,007110,skip,avoid_amount_dry,4b4c477f64ef
14923497,2026-10-01 10:55:17,actions-trading,Sim12,002690,skip,avoid_frgn_sell_20d,a8140537213e
14923497,2026-10-01 10:55:17,actions-trading,Sim12,487570,skip,pb2_not_crashed,bfc0cef2a157
14923497,2026-10-01 10:55:17,actions-trading,Sim12,092790,skip,pb2_not_crashed,bfa3d01db6d8
14923497,2026-10-01 10:55:17,actions-trading,Sim12,005010,skip,pb2_not_crashed,f3fc58a91711
14923497,2026-10-01 10:55:17,actions-trading,Sim12,002070,skip,avoid_amount_dry,4e63d1bb5db5
14923497,2026-10-01 10:55:17,actions-trading,Sim12,316140,skip,avoid_amount_dry,62422eed3115
14923497,2026-10-01 10:55:17,actions-trading,Sim12,006260,skip,avoid_amount_dry,0c6cfdfccf39
14923497,2026-10-01 10:55:17,actions-trading,Sim12,003075,skip,pb2_not_crashed,2eedb0f698f7
14923497,2026-10-01 10:55:17,actions-trading,Sim12,010950,skip,avoid_amount_dry,a9b6fec395e9
14923497,2026-10-01 10:55:17,actions-trading,Sim12,006200,skip,pb2_thin_liquidity,20678e4b781d
14923497,2026-10-01 10:55:17,actions-trading,Sim12,001770,skip,avoid_amount_dry,5c570d8b65d4
14923497,2026-10-01 10:55:17,actions-trading,Sim12,002995,skip,avoid_amount_dry,3b0152ab65d2
14923497,2026-10-01 10:55:17,actions-trading,Sim12,024890,skip,avoid_frgn_sell_20d,5d7608e094b2
14923497,2026-10-01 10:55:17,actions-trading,Sim12,078930,skip,avoid_amount_dry,91caf397137d
14923497,2026-10-01 10:55:17,actions-trading,Sim12,002785,skip,avoid_amount_dry,87c9c8f05927
14923497,2026-10-01 10:55:17,actions-trading,Sim12,014280,skip,avoid_amount_dry,3af28a590077
14923497,2026-10-01 10:55:17,actions-trading,Sim12,00088K,skip,avoid_amount_dry,e76f61b12975
14923497,2026-10-01 10:55:17,actions-trading,Sim12,361610,skip,avoid_amount_dry,347bef067434
14923497,2026-10-01 10:55:17,actions-trading,Sim12,456040,skip,avoid_amount_dry,ccbfbfd14975
14923497,2026-10-01 10:55:17,actions-trading,Sim13,084010,skip,theme_momentum_weak,cd7d5cb3c80f
14923497,2026-10-01 10:55:17,actions-trading,Sim13,005030,skip,theme_momentum_weak,00159a7589a5
14923497,2026-10-01 10:55:17,actions-trading,Sim13,192650,skip,no_frgn_support,497492ed5e18
14923497,2026-10-01 10:55:17,actions-trading,Sim13,036570,skip,theme_momentum_weak,11047967ae99
14923497,2026-10-01 10:55:17,actions-trading,Sim13,0126Z0,skip,theme_momentum_weak,d72c97fea339
14923497,2026-10-01 10:55:17,actions-trading,Sim13,004105,skip,no_frgn_support,80969cecb491
14923497,2026-10-01 10:55:17,actions-trading,Sim13,109070,skip,amount_not_surprised,e804e246a7b6
14923497,2026-10-01 10:55:17,actions-trading,Sim13,248070,skip,theme_momentum_weak,fed37f687ed4
14923497,2026-10-01 10:55:17,actions-trading,Sim13,009420,skip,theme_momentum_weak,924ed6fa6f64
14923497,2026-10-01 10:55:17,actions-trading,Sim13,093050,skip,theme_momentum_weak,e2b00981b659
14923497,2026-10-01 10:55:17,actions-trading,Sim13,480370,skip,adx_weak,fa8fbec9e2cb
14923497,2026-10-01 10:55:17,actions-trading,Sim13,002240,skip,theme_momentum_weak,18bf8b950084
14923497,2026-10-01 10:55:17,actions-trading,Sim13,003160,skip,no_frgn_support,bd0277b36dfa
14923497,2026-10-01 10:55:17,actions-trading,Sim13,460860,skip,theme_momentum_weak,4b44bff97551
14923497,2026-10-01 10:55:17,actions-trading,Sim13,001360,skip,theme_momentum_weak,3884c0488af5
14923497,2026-10-01 10:55:17,actions-trading,Sim13,004710,skip,amount_not_surprised,4add519479f3
14923497,2026-10-01 10:55:17,actions-trading,Sim13,001820,skip,adx_weak,c923777b3710
14923497,2026-10-01 10:55:17,actions-trading,Sim13,055490,skip,theme_momentum_weak,f7baab20c783
14923497,2026-10-01 10:55:17,actions-trading,Sim13,112610,skip,theme_momentum_weak,f5226066e42f
14923497,2026-10-01 10:55:17,actions-trading,Sim13,000760,skip,theme_momentum_weak,788d352f1e28
14923497,2026-10-01 10:55:17,actions-trading,Sim13,077500,skip,held_or_cooldown,dd7fcdb90828
14923497,2026-10-01 10:55:17,actions-trading,Sim13,006280,skip,theme_momentum_weak,dd8b1c8b8453
14923497,2026-10-01 10:55:17,actions-trading,Sim13,093370,skip,no_frgn_support,65b7acfa9068
14923497,2026-10-01 10:55:17,actions-trading,Sim13,012030,skip,adx_weak,132e141a9bf2
14923497,2026-10-01 10:55:17,actions-trading,Sim13,005850,skip,theme_momentum_weak,9c89bddbd7d1
14923497,2026-10-01 10:55:17,actions-trading,Sim13,014680,skip,amount_not_surprised,830d4c16f1fc
14923497,2026-10-01 10:55:17,actions-trading,Sim13,0120G0,skip,theme_momentum_weak,465569efdc1c
14923497,2026-10-01 10:55:17,actions-trading,Sim13,015590,skip,amount_not_surprised,cd85dad73d81
14923497,2026-10-01 10:55:17,actions-trading,Sim13,128940,skip,theme_momentum_weak,35ea9e62c5da
14923497,2026-10-01 10:55:17,actions-trading,Sim13,078520,skip,theme_momentum_weak,98228592317e
14923498,2026-10-01 10:56:39,actions-trading,Sim3,402340,skip,adx,9bfdb9690fab
14923498,2026-10-01 10:56:39,actions-trading,Sim3,383800,skip,amount,b238d3dd302d
14923498,2026-10-01 10:56:39,actions-trading,Sim3,462870,skip,amount,f78ea4e5997b
14923498,2026-10-01 10:56:39,actions-trading,Sim3,000660,skip,qty_zero,da14b1bdae27
14923498,2026-10-01 10:56:39,actions-trading,Sim3,071970,skip,held_or_sold_today,6d226736f8bc
14923498,2026-10-01 10:56:39,actions-trading,Sim3,042700,skip,not_cheap,4f50dcdac13b
14923498,2026-10-01 10:56:39,actions-trading,Sim3,326030,skip,amount,94f4ca0a7b30
14923498,2026-10-01 10:56:39,actions-trading,Sim3,207940,skip,not_cheap,13ad6eaa09e7
14923498,2026-10-01 10:56:39,actions-trading,Sim3,033920,skip,amount,62e3b26cf8a6
14923498,2026-10-01 10:56:39,actions-trading,Sim3,004770,skip,amount,096714400c4d
14923498,2026-10-01 10:56:39,actions-trading,Sim3,0126Z0,skip,not_cheap,c0b4c74a6919
14923498,2026-10-01 10:56:39,actions-trading,Sim3,062040,skip,not_cheap,15a2391956c5
14923498,2026-10-01 10:56:39,actions-trading,Sim3,317450,skip,amount,f9db5e9869c4
14923498,2026-10-01 10:56:39,actions-trading,Sim3,026960,skip,amount,b0a2a9124bd0
14923498,2026-10-01 10:56:39,actions-trading,Sim3,021820,skip,amount,4df24d65e0fb
14923498,2026-10-01 10:56:39,actions-trading,Sim3,192080,skip,amount,bbc78acae763
14923498,2026-10-01 10:56:39,actions-trading,Sim3,068270,skip,held_or_sold_today,c99523dc2263
14923498,2026-10-01 10:56:39,actions-trading,Sim3,123890,skip,amount,37d48770a0e2
14923498,2026-10-01 10:56:39,actions-trading,Sim3,000240,skip,amount,cc024df613ee
14923498,2026-10-01 10:56:39,actions-trading,Sim3,002380,skip,held_or_sold_today,365b598bc9a5
14923498,2026-10-01 10:56:39,actions-trading,Sim3,009770,skip,amount,347bb6b9d1c4
14923498,2026-10-01 10:56:39,actions-trading,Sim3,259960,skip,held_or_sold_today,40c49044c998
14923498,2026-10-01 10:56:39,actions-trading,Sim3,035250,skip,amount,79f995c40cb3
14923498,2026-10-01 10:56:39,actions-trading,Sim3,383220,skip,amount,dc8e0cdc7cd4
14923498,2026-10-01 10:56:39,actions-trading,Sim3,226320,skip,amount,5df64497ea59
14923498,2026-10-01 10:56:39,actions-trading,Sim3,439260,skip,amount,80db40c379f8
14923498,2026-10-01 10:56:39,actions-trading,Sim3,025560,skip,cooldown,85afccb7c4c0
14923498,2026-10-01 10:56:39,actions-trading,Sim3,007700,skip,amount,b755120e127e
14923498,2026-10-01 10:56:39,actions-trading,Sim3,278470,skip,not_cheap,4a124658599d
14923498,2026-10-01 10:56:39,actions-trading,Sim3,000990,skip,not_cheap,7ddf60af8b3d
14923498,2026-10-01 10:57:13,actions-trading,MFHS2,028670,skip,max_holdings,5f75ee1b61c9
14923498,2026-10-01 10:57:13,actions-trading,MFHS2,018880,seen,,87636b57af08
14923498,2026-10-01 10:57:13,actions-trading,MFHS2,003160,seen,,70a3377a277f
14923498,2026-10-01 10:57:13,actions-trading,MFHS2,005935,seen,,f5f388948ce6
14923498,2026-10-01 10:57:13,actions-trading,MFHS2,002990,seen,,fce77fe5d0d5
14923498,2026-10-01 10:57:13,actions-trading,MFHS2,011200,seen,,9c6f875a5187
14923498,2026-10-01 10:57:13,actions-trading,MFHS2,248070,seen,,263d55c89a66
14923498,2026-10-01 10:57:13,actions-trading,MFHS2,034220,seen,,74e4fed6b132
14923498,2026-10-01 10:57:13,actions-trading,MFHS2,192650,seen,,a13a630f28cf
14923498,2026-10-01 10:57:13,actions-trading,MFHS2,068270,seen,,2c732e7e1ea3
14923498,2026-10-01 10:57:13,actions-trading,MFHS2,030000,seen,,2a6b7fd3c882
14923498,2026-10-01 10:57:13,actions-trading,MFHS2,001250,seen,,263480d093ca
14923498,2026-10-01 10:57:13,actions-trading,MFHS2,009830,seen,,20abfd48ae6d
14923498,2026-10-01 10:57:13,actions-trading,MFHS2,004710,seen,,18fcd46e38c6
14923498,2026-10-01 10:57:13,actions-trading,MFHS2,005880,seen,,ecb7d9c32de9
14923498,2026-10-01 10:57:13,actions-trading,MFHS2,005690,seen,,194d646b5d0d
14923498,2026-10-01 10:57:13,actions-trading,MFHS2,093370,seen,,721d4ae9fb53
14923498,2026-10-01 10:57:13,actions-trading,MFHS2,002700,seen,,65ae698ea4c7
14923498,2026-10-01 10:57:13,actions-trading,MFHS2,008350,seen,,98ec45fb7287
14923498,2026-10-01 10:57:13,actions-trading,MFHS2,003280,seen,,30fed771a0ca
14923498,2026-10-01 10:57:13,actions-trading,MFHS2,001820,seen,,1e9697b41edb
14923498,2026-10-01 10:57:13,actions-trading,MFHS2,001210,seen,,4179f24b738b
14923498,2026-10-01 10:57:13,actions-trading,MFHS2,003780,seen,,b0783e3d1b44
14923498,2026-10-01 10:57:13,actions-trading,MFHS2,001510,seen,,7b389e092319
14923498,2026-10-01 10:57:13,actions-trading,MFHS2,089860,seen,,1665cd3281f4
14923498,2026-10-01 10:57:13,actions-trading,MFHS2,086790,seen,,5d5fdcb9cff2
14923498,2026-10-01 10:57:13,actions-trading,MFHS2,092220,seen,,208f1d54eb37
14923498,2026-10-01 10:57:13,actions-trading,MFHS2,093050,seen,,13a6b3be513e
14923498,2026-10-01 10:57:13,actions-trading,MFHS2,035000,seen,,30b45e025037
14923498,2026-10-01 10:57:13,actions-trading,MFHS2,004310,seen,,e2b4a597f6e5
14923498,2026-10-01 10:57:15,actions-trading,상승모멘텀,084010,skip,max_holdings,7d890ef89a34
14923498,2026-10-01 10:57:15,actions-trading,상승모멘텀,005030,seen,,00159a7589a5
14923498,2026-10-01 10:57:15,actions-trading,상승모멘텀,192650,seen,,a13a630f28cf
14923498,2026-10-01 10:57:15,actions-trading,상승모멘텀,036570,seen,,8fae28bf7585
14923498,2026-10-01 10:57:15,actions-trading,상승모멘텀,0126Z0,seen,,ffd47b06ecd0
14923498,2026-10-01 10:57:15,actions-trading,상승모멘텀,004105,seen,,ae7b8d0bd663
14923498,2026-10-01 10:57:15,actions-trading,상승모멘텀,460860,seen,,f13187a22bb3
14923498,2026-10-01 10:57:15,actions-trading,상승모멘텀,003160,seen,,70a3377a277f
14923498,2026-10-01 10:57:15,actions-trading,상승모멘텀,248070,seen,,263d55c89a66
14923498,2026-10-01 10:57:15,actions-trading,상승모멘텀,002240,seen,,7f44890aad2c
14923498,2026-10-01 10:57:15,actions-trading,상승모멘텀,093050,seen,,13a6b3be513e
14923498,2026-10-01 10:57:15,actions-trading,상승모멘텀,109070,seen,,41d2e0c98c67
14923498,2026-10-01 10:57:15,actions-trading,상승모멘텀,009420,seen,,b2f6cea2cbe4
14923498,2026-10-01 10:57:15,actions-trading,상승모멘텀,480370,seen,,80bba87f9806
14923498,2026-10-01 10:57:15,actions-trading,상승모멘텀,004710,seen,,18fcd46e38c6
14923498,2026-10-01 10:57:15,actions-trading,상승모멘텀,001820,seen,,1e9697b41edb
14923498,2026-10-01 10:57:15,actions-trading,상승모멘텀,001360,seen,,a9681fbf1301
14923498,2026-10-01 10:57:15,actions-trading,상승모멘텀,077500,seen,,faa2935c17bc
14923498,2026-10-01 10:57:15,actions-trading,상승모멘텀,093370,seen,,721d4ae9fb53
14923498,2026-10-01 10:57:15,actions-trading,상승모멘텀,006280,seen,,2046e1a50dcc
14923498,2026-10-01 10:57:15,actions-trading,상승모멘텀,000760,seen,,788d352f1e28
14923498,2026-10-01 10:57:15,actions-trading,상승모멘텀,055490,seen,,79a4b90abc34
14923498,2026-10-01 10:57:15,actions-trading,상승모멘텀,005850,seen,,8934ae25b591
14923498,2026-10-01 10:57:15,actions-trading,상승모멘텀,014680,seen,,9c79dcc146ab
14923498,2026-10-01 10:57:15,actions-trading,상승모멘텀,0120G0,seen,,8a1714726c22
14923498,2026-10-01 10:57:15,actions-trading,상승모멘텀,015590,seen,,6936b7ab9dcc
14923498,2026-10-01 10:57:15,actions-trading,상승모멘텀,011930,seen,,f0ca5a25ea48
14923498,2026-10-01 10:57:15,actions-trading,상승모멘텀,078520,seen,,50f10005b53c
14923498,2026-10-01 10:57:15,actions-trading,상승모멘텀,012030,seen,,dd0aa8c5b38c
14923498,2026-10-01 10:57:15,actions-trading,상승모멘텀,112610,seen,,3178e6477e68
14923498,2026-10-01 10:57:15,actions-trading,Sim4-1,084010,skip,period,7d890ef89a34
14923498,2026-10-01 10:57:15,actions-trading,Sim4-1,005030,skip,amount,00159a7589a5
14923498,2026-10-01 10:57:15,actions-trading,Sim4-1,192650,skip,period,a13a630f28cf
14923498,2026-10-01 10:57:15,actions-trading,Sim4-1,036570,skip,period,8fae28bf7585
14923498,2026-10-01 10:57:15,actions-trading,Sim4-1,0126Z0,skip,adx_high,ffd47b06ecd0
14923498,2026-10-01 10:57:15,actions-trading,Sim4-1,004105,skip,amount,ae7b8d0bd663
14923498,2026-10-01 10:57:15,actions-trading,Sim4-1,460860,skip,adx_high,f13187a22bb3
14923498,2026-10-01 10:57:15,actions-trading,Sim4-1,003160,skip,held_or_cooldown,70a3377a277f
14923498,2026-10-01 10:57:15,actions-trading,Sim4-1,248070,skip,period,263d55c89a66
14923498,2026-10-01 10:57:15,actions-trading,Sim4-1,002240,skip,amount,7f44890aad2c
14923498,2026-10-01 10:57:15,actions-trading,Sim4-1,093050,skip,amount,13a6b3be513e
14923498,2026-10-01 10:57:15,actions-trading,Sim4-1,109070,skip,amount,41d2e0c98c67
14923498,2026-10-01 10:57:15,actions-trading,Sim4-1,009420,skip,period,b2f6cea2cbe4
14923498,2026-10-01 10:57:15,actions-trading,Sim4-1,480370,skip,amount,80bba87f9806
14923498,2026-10-01 10:57:15,actions-trading,Sim4-1,004710,skip,adx_high,18fcd46e38c6
14923498,2026-10-01 10:57:15,actions-trading,Sim4-1,001820,skip,adx_low,1e9697b41edb
14923498,2026-10-01 10:57:15,actions-trading,Sim4-1,001360,skip,amount,a9681fbf1301
14923498,2026-10-01 10:57:15,actions-trading,Sim4-1,077500,skip,amount,faa2935c17bc
14923498,2026-10-01 10:57:15,actions-trading,Sim4-1,093370,skip,adx_high,721d4ae9fb53
14923498,2026-10-01 10:57:15,actions-trading,Sim4-1,006280,skip,amount,2046e1a50dcc
14923498,2026-10-01 10:57:15,actions-trading,Sim4-1,000760,skip,amount,788d352f1e28
14923498,2026-10-01 10:57:15,actions-trading,Sim4-1,055490,skip,amount,79a4b90abc34
14923498,2026-10-01 10:57:15,actions-trading,Sim4-1,005850,skip,amount,8934ae25b591
14923498,2026-10-01 10:57:15,actions-trading,Sim4-1,014680,skip,adx_high,9c79dcc146ab
14923498,2026-10-01 10:57:15,actions-trading,Sim4-1,0120G0,skip,amount,8a1714726c22
14923498,2026-10-01 10:57:15,actions-trading,Sim4-1,015590,skip,amount,6936b7ab9dcc
14923498,2026-10-01 10:57:15,actions-trading,Sim4-1,011930,skip,adx_high,f0ca5a25ea48
14923498,2026-10-01 10:57:15,actions-trading,Sim4-1,078520,skip,amount,50f10005b53c
14923498,2026-10-01 10:57:15,actions-trading,Sim4-1,012030,skip,amount,dd0aa8c5b38c
14923498,2026-10-01 10:57:15,actions-trading,Sim4-1,112610,skip,period,3178e6477e68
14923498,2026-10-01 10:57:17,actions-trading,Sim9,_gate,skip,outside_entry_window,e3b0c44298fc
14923498,2026-10-01 10:57:17,actions-trading,Sim9,084010,seen,,7d890ef89a34
14923498,2026-10-01 10:57:17,actions-trading,Sim9,005030,seen,,00159a7589a5
14923498,2026-10-01 10:57:17,actions-trading,Sim9,192650,seen,,a13a630f28cf
14923498,2026-10-01 10:57:17,actions-trading,Sim9,036570,seen,,8fae28bf7585
14923498,2026-10-01 10:57:17,actions-trading,Sim9,0126Z0,seen,,ffd47b06ecd0
14923498,2026-10-01 10:57:17,actions-trading,Sim9,004105,seen,,ae7b8d0bd663
14923498,2026-10-01 10:57:17,actions-trading,Sim9,460860,seen,,f13187a22bb3
14923498,2026-10-01 10:57:17,actions-trading,Sim9,003160,seen,,70a3377a277f
14923498,2026-10-01 10:57:17,actions-trading,Sim9,248070,seen,,263d55c89a66
14923498,2026-10-01 10:57:17,actions-trading,Sim9,002240,seen,,7f44890aad2c
14923498,2026-10-01 10:57:17,actions-trading,Sim9,093050,seen,,13a6b3be513e
14923498,2026-10-01 10:57:17,actions-trading,Sim9,109070,seen,,41d2e0c98c67
14923498,2026-10-01 10:57:17,actions-trading,Sim9,009420,seen,,b2f6cea2cbe4
14923498,2026-10-01 10:57:17,actions-trading,Sim9,480370,seen,,80bba87f9806
14923498,2026-10-01 10:57:17,actions-trading,Sim9,004710,seen,,18fcd46e38c6
14923498,2026-10-01 10:57:17,actions-trading,Sim9,001820,seen,,1e9697b41edb
14923498,2026-10-01 10:57:17,actions-trading,Sim9,001360,seen,,a9681fbf1301
14923498,2026-10-01 10:57:17,actions-trading,Sim9,077500,seen,,faa2935c17bc
14923498,2026-10-01 10:57:17,actions-trading,Sim9,093370,seen,,721d4ae9fb53
14923498,2026-10-01 10:57:17,actions-trading,Sim9,006280,seen,,2046e1a50dcc
14923498,2026-10-01 10:57:17,actions-trading,Sim9,000760,seen,,788d352f1e28
14923498,2026-10-01 10:57:17,actions-trading,Sim9,055490,seen,,79a4b90abc34
14923498,2026-10-01 10:57:17,actions-trading,Sim9,005850,seen,,8934ae25b591
14923498,2026-10-01 10:57:17,actions-trading,Sim9,014680,seen,,9c79dcc146ab
14923498,2026-10-01 10:57:17,actions-trading,Sim9,0120G0,seen,,8a1714726c22
14923498,2026-10-01 10:57:17,actions-trading,Sim9,015590,seen,,6936b7ab9dcc
14923498,2026-10-01 10:57:17,actions-trading,Sim9,011930,seen,,f0ca5a25ea48
14923498,2026-10-01 10:57:17,actions-trading,Sim9,078520,seen,,50f10005b53c
14923498,2026-10-01 10:57:17,actions-trading,Sim9,012030,seen,,dd0aa8c5b38c
14923498,2026-10-01 10:57:17,actions-trading,Sim9,112610,seen,,3178e6477e68
14923498,2026-10-01 10:57:17,actions-trading,미너비니,192820,skip,below_pivot,67cbefd6e221
14923498,2026-10-01 10:57:17,actions-trading,미너비니,443060,skip,below_pivot,b6a0a45756a3
14923498,2026-10-01 10:57:17,actions-trading,미너비니,020120,skip,below_pivot,3c2e8568c15a
14923498,2026-10-01 10:57:17,actions-trading,Sim12,084010,skip,avoid_frgn_sell_20d,7d890ef89a34
14923498,2026-10-01 10:57:17,actions-trading,Sim12,005030,skip,avoid_amount_dry,00159a7589a5
14923498,2026-10-01 10:57:17,actions-trading,Sim12,192650,skip,pb2_not_crashed,a13a630f28cf
14923498,2026-10-01 10:57:17,actions-trading,Sim12,036570,skip,pb2_not_crashed,8fae28bf7585
14923498,2026-10-01 10:57:17,actions-trading,Sim12,0126Z0,skip,avoid_frgn_sell_20d,ffd47b06ecd0
14923498,2026-10-01 10:57:17,actions-trading,Sim12,004105,skip,pb2_not_crashed,ae7b8d0bd663
14923498,2026-10-01 10:57:17,actions-trading,Sim12,460860,skip,avoid_frgn_sell_20d,f13187a22bb3
14923498,2026-10-01 10:57:17,actions-trading,Sim12,003160,skip,pb2_not_crashed,70a3377a277f
14923498,2026-10-01 10:57:17,actions-trading,Sim12,248070,skip,avoid_frgn_sell_20d,263d55c89a66
14923498,2026-10-01 10:57:17,actions-trading,Sim12,002240,skip,avoid_frgn_sell_20d,7f44890aad2c
14923498,2026-10-01 10:57:17,actions-trading,Sim12,093050,skip,avoid_frgn_sell_20d,13a6b3be513e
14923498,2026-10-01 10:57:17,actions-trading,Sim12,109070,skip,pb2_not_crashed,41d2e0c98c67
14923498,2026-10-01 10:57:17,actions-trading,Sim12,009420,skip,avoid_amount_dry,b2f6cea2cbe4
14923498,2026-10-01 10:57:17,actions-trading,Sim12,480370,skip,avoid_amount_dry,80bba87f9806
14923498,2026-10-01 10:57:17,actions-trading,Sim12,004710,skip,avoid_frgn_sell_20d,18fcd46e38c6
14923498,2026-10-01 10:57:17,actions-trading,Sim12,001820,skip,avoid_amount_dry,1e9697b41edb
14923498,2026-10-01 10:57:17,actions-trading,Sim12,001360,skip,pb2_not_crashed,a9681fbf1301
14923498,2026-10-01 10:57:17,actions-trading,Sim12,077500,skip,pb2_not_crashed,faa2935c17bc
14923498,2026-10-01 10:57:17,actions-trading,Sim12,093370,skip,pb2_not_crashed,721d4ae9fb53
14923498,2026-10-01 10:57:17,actions-trading,Sim12,006280,skip,pb2_not_crashed,2046e1a50dcc
14923498,2026-10-01 10:57:17,actions-trading,Sim12,000760,skip,avoid_amount_dry,788d352f1e28
14923498,2026-10-01 10:57:17,actions-trading,Sim12,055490,skip,avoid_frgn_sell_20d,79a4b90abc34
14923498,2026-10-01 10:57:17,actions-trading,Sim12,005850,skip,pb2_not_crashed,8934ae25b591
14923498,2026-10-01 10:57:17,actions-trading,Sim12,014680,skip,avoid_amount_dry,9c79dcc146ab
14923498,2026-10-01 10:57:17,actions-trading,Sim12,0120G0,skip,avoid_amount_dry,8a1714726c22
14923498,2026-10-01 10:57:17,actions-trading,Sim12,015590,skip,avoid_amount_dry,6936b7ab9dcc
14923498,2026-10-01 10:57:17,actions-trading,Sim12,011930,skip,pb2_not_crashed,f0ca5a25ea48
14923498,2026-10-01 10:57:17,actions-trading,Sim12,078520,skip,avoid_amount_dry,50f10005b53c
14923498,2026-10-01 10:57:17,actions-trading,Sim12,012030,skip,avoid_frgn_sell_20d,dd0aa8c5b38c
14923498,2026-10-01 10:57:17,actions-trading,Sim12,112610,skip,avoid_frgn_sell_20d,3178e6477e68
14923498,2026-10-01 10:57:17,actions-trading,Sim12,009190,skip,pb2_no_inst_buying,2c942ce762f7
14923498,2026-10-01 10:57:17,actions-trading,Sim12,051630,skip,avoid_amount_dry,635b9229d6cd
14923498,2026-10-01 10:57:17,actions-trading,Sim12,002820,skip,pb2_thin_liquidity,289e2d4f4990
14923498,2026-10-01 10:57:17,actions-trading,Sim12,071090,skip,pb2_not_crashed,a84d9281f25f
14923498,2026-10-01 10:57:17,actions-trading,Sim12,002787,skip,avoid_amount_dry,d7825eb4fac2
14923498,2026-10-01 10:57:17,actions-trading,Sim12,010640,skip,avoid_frgn_sell_20d,0f9420dbacda
14923498,2026-10-01 10:57:17,actions-trading,Sim12,452260,skip,avoid_amount_dry,262a51bf7845
14923498,2026-10-01 10:57:17,actions-trading,Sim12,003780,skip,avoid_frgn_sell_20d,b0783e3d1b44
14923498,2026-10-01 10:57:17,actions-trading,Sim12,003030,skip,pb2_not_crashed,4f4a766118ed
14923498,2026-10-01 10:57:17,actions-trading,Sim12,002070,skip,avoid_amount_dry,922ad81317dd
14923498,2026-10-01 10:57:17,actions-trading,Sim12,007110,skip,avoid_amount_dry,1cb98277da11
14923498,2026-10-01 10:57:17,actions-trading,Sim12,002690,skip,avoid_frgn_sell_20d,a8140537213e
14923498,2026-10-01 10:57:17,actions-trading,Sim12,487570,skip,pb2_not_crashed,c17208357903
14923498,2026-10-01 10:57:17,actions-trading,Sim12,003580,skip,avoid_amount_dry,01448eaedb30
14923498,2026-10-01 10:57:17,actions-trading,Sim12,005010,skip,pb2_not_crashed,35799f6d4ed8
14923498,2026-10-01 10:57:17,actions-trading,Sim12,092790,skip,pb2_not_crashed,2d49aa2b95d5
14923498,2026-10-01 10:57:17,actions-trading,Sim12,316140,skip,avoid_amount_dry,6ccb3cbbb5f5
14923498,2026-10-01 10:57:17,actions-trading,Sim12,006260,skip,avoid_amount_dry,c318e48f1f54
14923498,2026-10-01 10:57:17,actions-trading,Sim12,003075,skip,pb2_not_crashed,2eedb0f698f7
14923498,2026-10-01 10:57:17,actions-trading,Sim12,010950,skip,avoid_amount_dry,5aaa4003921a
14923498,2026-10-01 10:57:17,actions-trading,Sim12,006200,skip,pb2_thin_liquidity,926243129044
14923498,2026-10-01 10:57:17,actions-trading,Sim12,001770,skip,avoid_amount_dry,5c570d8b65d4
14923498,2026-10-01 10:57:17,actions-trading,Sim12,002995,skip,avoid_amount_dry,3b0152ab65d2
14923498,2026-10-01 10:57:17,actions-trading,Sim12,024890,skip,avoid_frgn_sell_20d,cf760900952e
14923498,2026-10-01 10:57:17,actions-trading,Sim12,078930,skip,avoid_amount_dry,f9c40e182295
14923498,2026-10-01 10:57:17,actions-trading,Sim12,002785,skip,avoid_amount_dry,87c9c8f05927
14923498,2026-10-01 10:57:17,actions-trading,Sim12,014280,skip,avoid_amount_dry,bf146b05a23b
14923498,2026-10-01 10:57:17,actions-trading,Sim12,361610,skip,avoid_amount_dry,c2a0baeb8bd0
14923498,2026-10-01 10:57:17,actions-trading,Sim12,456040,skip,avoid_amount_dry,373a380c52ea
14923498,2026-10-01 10:57:17,actions-trading,Sim12,00088K,skip,avoid_amount_dry,4e509f2bc562
14923498,2026-10-01 10:57:18,actions-trading,Sim13,084010,skip,theme_momentum_weak,7d890ef89a34
14923498,2026-10-01 10:57:18,actions-trading,Sim13,005030,skip,theme_momentum_weak,00159a7589a5
14923498,2026-10-01 10:57:18,actions-trading,Sim13,192650,skip,no_frgn_support,a13a630f28cf
14923498,2026-10-01 10:57:18,actions-trading,Sim13,036570,skip,theme_momentum_weak,8fae28bf7585
14923498,2026-10-01 10:57:18,actions-trading,Sim13,0126Z0,skip,theme_momentum_weak,ffd47b06ecd0
14923498,2026-10-01 10:57:18,actions-trading,Sim13,004105,skip,no_frgn_support,ae7b8d0bd663
14923498,2026-10-01 10:57:18,actions-trading,Sim13,460860,skip,theme_momentum_weak,f13187a22bb3
14923498,2026-10-01 10:57:18,actions-trading,Sim13,003160,skip,no_frgn_support,70a3377a277f
14923498,2026-10-01 10:57:18,actions-trading,Sim13,248070,skip,theme_momentum_weak,263d55c89a66
14923498,2026-10-01 10:57:18,actions-trading,Sim13,002240,skip,theme_momentum_weak,7f44890aad2c
14923498,2026-10-01 10:57:18,actions-trading,Sim13,093050,skip,theme_momentum_weak,13a6b3be513e
14923498,2026-10-01 10:57:18,actions-trading,Sim13,109070,skip,amount_not_surprised,41d2e0c98c67
14923498,2026-10-01 10:57:18,actions-trading,Sim13,009420,skip,theme_momentum_weak,b2f6cea2cbe4
14923498,2026-10-01 10:57:18,actions-trading,Sim13,480370,skip,adx_weak,80bba87f9806
14923498,2026-10-01 10:57:18,actions-trading,Sim13,004710,skip,amount_not_surprised,18fcd46e38c6
14923498,2026-10-01 10:57:18,actions-trading,Sim13,001820,skip,adx_weak,1e9697b41edb
14923498,2026-10-01 10:57:18,actions-trading,Sim13,001360,skip,theme_momentum_weak,a9681fbf1301
14923498,2026-10-01 10:57:18,actions-trading,Sim13,077500,skip,held_or_cooldown,faa2935c17bc
14923498,2026-10-01 10:57:18,actions-trading,Sim13,093370,skip,no_frgn_support,721d4ae9fb53
14923498,2026-10-01 10:57:18,actions-trading,Sim13,006280,skip,theme_momentum_weak,2046e1a50dcc
14923498,2026-10-01 10:57:18,actions-trading,Sim13,000760,skip,theme_momentum_weak,788d352f1e28
14923498,2026-10-01 10:57:18,actions-trading,Sim13,055490,skip,theme_momentum_weak,79a4b90abc34
14923498,2026-10-01 10:57:18,actions-trading,Sim13,005850,skip,theme_momentum_weak,8934ae25b591
14923498,2026-10-01 10:57:18,actions-trading,Sim13,014680,skip,amount_not_surprised,9c79dcc146ab
14923498,2026-10-01 10:57:18,actions-trading,Sim13,0120G0,skip,theme_momentum_weak,8a1714726c22
14923498,2026-10-01 10:57:18,actions-trading,Sim13,015590,skip,amount_not_surprised,6936b7ab9dcc
14923498,2026-10-01 10:57:18,actions-trading,Sim13,011930,skip,theme_momentum_weak,f0ca5a25ea48
14923498,2026-10-01 10:57:18,actions-trading,Sim13,078520,skip,theme_momentum_weak,50f10005b53c
14923498,2026-10-01 10:57:18,actions-trading,Sim13,012030,skip,adx_weak,dd0aa8c5b38c
14923498,2026-10-01 10:57:18,actions-trading,Sim13,112610,skip,theme_momentum_weak,3178e6477e68
14923499,2026-10-01 10:58:39,actions-trading,Sim3,402340,skip,adx,829849b250e1
14923499,2026-10-01 10:58:39,actions-trading,Sim3,383800,skip,amount,01494c138f37
14923499,2026-10-01 10:58:39,actions-trading,Sim3,462870,skip,amount,2d291d2af90e
14923499,2026-10-01 10:58:39,actions-trading,Sim3,000660,skip,qty_zero,0b67c54f2a93
14923499,2026-10-01 10:58:39,actions-trading,Sim3,071970,skip,held_or_sold_today,bfb34b21e154
14923499,2026-10-01 10:58:39,actions-trading,Sim3,042700,skip,not_cheap,3f38cf582835
14923499,2026-10-01 10:58:39,actions-trading,Sim3,326030,skip,amount,003042905ed3
14923499,2026-10-01 10:58:39,actions-trading,Sim3,207940,skip,not_cheap,d0dab61ff837
14923499,2026-10-01 10:58:39,actions-trading,Sim3,033920,skip,amount,2fb21918fb86
14923499,2026-10-01 10:58:39,actions-trading,Sim3,004770,skip,amount,b96a2f29a228
14923499,2026-10-01 10:58:39,actions-trading,Sim3,0126Z0,skip,not_cheap,c495cb251d8a
14923499,2026-10-01 10:58:39,actions-trading,Sim3,062040,skip,not_cheap,31a7a152e43f
14923499,2026-10-01 10:58:39,actions-trading,Sim3,317450,skip,amount,7dcffa6087ec
14923499,2026-10-01 10:58:39,actions-trading,Sim3,026960,skip,amount,e92b080048e0
14923499,2026-10-01 10:58:39,actions-trading,Sim3,021820,skip,amount,4df24d65e0fb
14923499,2026-10-01 10:58:39,actions-trading,Sim3,192080,skip,amount,e69b1e35b4cd
14923499,2026-10-01 10:58:39,actions-trading,Sim3,068270,skip,held_or_sold_today,8cecf9d4fae5
14923499,2026-10-01 10:58:39,actions-trading,Sim3,123890,skip,amount,b91af529b0d2
14923499,2026-10-01 10:58:39,actions-trading,Sim3,000240,skip,amount,85544a0b4ade
14923499,2026-10-01 10:58:39,actions-trading,Sim3,002380,skip,held_or_sold_today,245db595d348
14923499,2026-10-01 10:58:39,actions-trading,Sim3,009770,skip,amount,347bb6b9d1c4
14923499,2026-10-01 10:58:39,actions-trading,Sim3,259960,skip,held_or_sold_today,c2a0cf017c8b
14923499,2026-10-01 10:58:39,actions-trading,Sim3,035250,skip,amount,49d898b086fa
14923499,2026-10-01 10:58:39,actions-trading,Sim3,383220,skip,amount,45f005f44dec
14923499,2026-10-01 10:58:39,actions-trading,Sim3,226320,skip,amount,b2391cdc6edc
14923499,2026-10-01 10:58:39,actions-trading,Sim3,439260,skip,amount,88f8521e770e
14923499,2026-10-01 10:58:39,actions-trading,Sim3,025560,skip,cooldown,ac91fe67ce9a
14923499,2026-10-01 10:58:39,actions-trading,Sim3,007700,skip,amount,1743f272c33d
14923499,2026-10-01 10:58:39,actions-trading,Sim3,278470,skip,not_cheap,d5e206d010aa
14923499,2026-10-01 10:58:39,actions-trading,Sim3,000990,skip,not_cheap,e58ef29aa950
14923499,2026-10-01 10:59:14,actions-trading,MFHS2,028670,skip,max_holdings,ce8f0a21419d
14923499,2026-10-01 10:59:14,actions-trading,MFHS2,018880,seen,,506855e7f56e
14923499,2026-10-01 10:59:14,actions-trading,MFHS2,003160,seen,,2ea4f1601b3d
14923499,2026-10-01 10:59:14,actions-trading,MFHS2,005935,seen,,73b18ef5b3ba
14923499,2026-10-01 10:59:14,actions-trading,MFHS2,002990,seen,,4c6f4c83d9f5
14923499,2026-10-01 10:59:14,actions-trading,MFHS2,011200,seen,,55c6cddbbcdc
14923499,2026-10-01 10:59:14,actions-trading,MFHS2,248070,seen,,4be1d0126835
14923499,2026-10-01 10:59:14,actions-trading,MFHS2,034220,seen,,f50dec0f05e6
14923499,2026-10-01 10:59:14,actions-trading,MFHS2,192650,seen,,83da4e6d3846
14923499,2026-10-01 10:59:14,actions-trading,MFHS2,068270,seen,,fc7e93c6c8e0
14923499,2026-10-01 10:59:14,actions-trading,MFHS2,030000,seen,,cb43daf65c9b
14923499,2026-10-01 10:59:14,actions-trading,MFHS2,001250,seen,,bbbb131640e5
14923499,2026-10-01 10:59:14,actions-trading,MFHS2,009830,seen,,d2f458aa35e9
14923499,2026-10-01 10:59:14,actions-trading,MFHS2,004710,seen,,996982dd9eaa
14923499,2026-10-01 10:59:14,actions-trading,MFHS2,005880,seen,,f9c914e8a6b9
14923499,2026-10-01 10:59:14,actions-trading,MFHS2,005690,seen,,4d6617be7a97
14923499,2026-10-01 10:59:14,actions-trading,MFHS2,093370,seen,,0b027ca108e2
14923499,2026-10-01 10:59:14,actions-trading,MFHS2,002700,seen,,cd4013d593f7
14923499,2026-10-01 10:59:14,actions-trading,MFHS2,008350,seen,,23095f852f7b
14923499,2026-10-01 10:59:14,actions-trading,MFHS2,003280,seen,,76ef73887dfa
14923499,2026-10-01 10:59:14,actions-trading,MFHS2,001820,seen,,6c523987630c
14923499,2026-10-01 10:59:14,actions-trading,MFHS2,001210,seen,,6020e74b4d9d
14923499,2026-10-01 10:59:14,actions-trading,MFHS2,003780,seen,,68da162975cf
14923499,2026-10-01 10:59:14,actions-trading,MFHS2,001510,seen,,b304576b3c23
14923499,2026-10-01 10:59:14,actions-trading,MFHS2,089860,seen,,9c76d3f6cfe7
14923499,2026-10-01 10:59:14,actions-trading,MFHS2,086790,seen,,96d5287d9011
14923499,2026-10-01 10:59:14,actions-trading,MFHS2,092220,seen,,25307aa3d2cc
14923499,2026-10-01 10:59:14,actions-trading,MFHS2,093050,seen,,46cb700b7911
14923499,2026-10-01 10:59:14,actions-trading,MFHS2,035000,seen,,b7e7cf850f9d
14923499,2026-10-01 10:59:14,actions-trading,MFHS2,004310,seen,,13ae6801e114
14923499,2026-10-01 10:59:17,actions-trading,상승모멘텀,084010,skip,max_holdings,cbe3c87e7c40
14923499,2026-10-01 10:59:17,actions-trading,상승모멘텀,005030,seen,,c0fdc1439a4e
14923499,2026-10-01 10:59:17,actions-trading,상승모멘텀,192650,seen,,83da4e6d3846
14923499,2026-10-01 10:59:17,actions-trading,상승모멘텀,036570,seen,,032d5946f689
14923499,2026-10-01 10:59:17,actions-trading,상승모멘텀,0126Z0,seen,,0c591c9c08fb
14923499,2026-10-01 10:59:17,actions-trading,상승모멘텀,004105,seen,,33a76620c78c
14923499,2026-10-01 10:59:17,actions-trading,상승모멘텀,003160,seen,,2ea4f1601b3d
14923499,2026-10-01 10:59:17,actions-trading,상승모멘텀,460860,seen,,8702b2bd601f
14923499,2026-10-01 10:59:17,actions-trading,상승모멘텀,109070,seen,,5e7e3fd0cf40
14923499,2026-10-01 10:59:17,actions-trading,상승모멘텀,248070,seen,,4be1d0126835
14923499,2026-10-01 10:59:17,actions-trading,상승모멘텀,093050,seen,,46cb700b7911
14923499,2026-10-01 10:59:17,actions-trading,상승모멘텀,002240,seen,,1631389b3612
14923499,2026-10-01 10:59:17,actions-trading,상승모멘텀,009420,seen,,5d170bd6c0a7
14923499,2026-10-01 10:59:17,actions-trading,상승모멘텀,480370,seen,,1afd754088ae
14923499,2026-10-01 10:59:17,actions-trading,상승모멘텀,001360,seen,,88117438719b
14923499,2026-10-01 10:59:17,actions-trading,상승모멘텀,004710,seen,,996982dd9eaa
14923499,2026-10-01 10:59:17,actions-trading,상승모멘텀,001820,seen,,6c523987630c
14923499,2026-10-01 10:59:17,actions-trading,상승모멘텀,077500,seen,,00633e406347
14923499,2026-10-01 10:59:17,actions-trading,상승모멘텀,014680,seen,,b355a4d66c30
14923499,2026-10-01 10:59:17,actions-trading,상승모멘텀,000760,seen,,788d352f1e28
14923499,2026-10-01 10:59:17,actions-trading,상승모멘텀,005850,seen,,7db638ccf13e
14923499,2026-10-01 10:59:17,actions-trading,상승모멘텀,055490,seen,,79a4b90abc34
14923499,2026-10-01 10:59:17,actions-trading,상승모멘텀,006280,seen,,1ac72a2177e8
14923499,2026-10-01 10:59:17,actions-trading,상승모멘텀,012030,seen,,71fb1c34875d
14923499,2026-10-01 10:59:17,actions-trading,상승모멘텀,093370,seen,,0b027ca108e2
14923499,2026-10-01 10:59:17,actions-trading,상승모멘텀,112610,seen,,ff0830946c19
14923499,2026-10-01 10:59:17,actions-trading,상승모멘텀,015590,seen,,bee037413eb7
14923499,2026-10-01 10:59:17,actions-trading,상승모멘텀,004100,seen,,b6d9e53b1d14
14923499,2026-10-01 10:59:17,actions-trading,상승모멘텀,249420,seen,,316db05d1eca
14923499,2026-10-01 10:59:17,actions-trading,상승모멘텀,011930,seen,,500fcc5c451d
14923499,2026-10-01 10:59:17,actions-trading,Sim4-1,084010,skip,period,cbe3c87e7c40
14923499,2026-10-01 10:59:17,actions-trading,Sim4-1,005030,skip,amount,c0fdc1439a4e
14923499,2026-10-01 10:59:17,actions-trading,Sim4-1,192650,skip,period,83da4e6d3846
14923499,2026-10-01 10:59:17,actions-trading,Sim4-1,036570,skip,period,032d5946f689
14923499,2026-10-01 10:59:17,actions-trading,Sim4-1,0126Z0,skip,adx_high,0c591c9c08fb
14923499,2026-10-01 10:59:17,actions-trading,Sim4-1,004105,skip,amount,33a76620c78c
14923499,2026-10-01 10:59:17,actions-trading,Sim4-1,003160,skip,held_or_cooldown,2ea4f1601b3d
14923499,2026-10-01 10:59:17,actions-trading,Sim4-1,460860,skip,adx_high,8702b2bd601f
14923499,2026-10-01 10:59:17,actions-trading,Sim4-1,109070,skip,amount,5e7e3fd0cf40
14923499,2026-10-01 10:59:17,actions-trading,Sim4-1,248070,skip,period,4be1d0126835
14923499,2026-10-01 10:59:17,actions-trading,Sim4-1,093050,skip,amount,46cb700b7911
14923499,2026-10-01 10:59:17,actions-trading,Sim4-1,002240,skip,amount,1631389b3612
14923499,2026-10-01 10:59:17,actions-trading,Sim4-1,009420,skip,period,5d170bd6c0a7
14923499,2026-10-01 10:59:17,actions-trading,Sim4-1,480370,skip,amount,1afd754088ae
14923499,2026-10-01 10:59:17,actions-trading,Sim4-1,001360,skip,amount,88117438719b
14923499,2026-10-01 10:59:17,actions-trading,Sim4-1,004710,skip,adx_high,996982dd9eaa
14923499,2026-10-01 10:59:17,actions-trading,Sim4-1,001820,skip,adx_low,6c523987630c
14923499,2026-10-01 10:59:17,actions-trading,Sim4-1,077500,skip,amount,00633e406347
14923499,2026-10-01 10:59:17,actions-trading,Sim4-1,014680,skip,adx_high,b355a4d66c30
14923499,2026-10-01 10:59:17,actions-trading,Sim4-1,000760,skip,amount,788d352f1e28
14923499,2026-10-01 10:59:17,actions-trading,Sim4-1,005850,skip,amount,7db638ccf13e
14923499,2026-10-01 10:59:17,actions-trading,Sim4-1,055490,skip,amount,79a4b90abc34
14923499,2026-10-01 10:59:17,actions-trading,Sim4-1,006280,skip,amount,1ac72a2177e8
14923499,2026-10-01 10:59:17,actions-trading,Sim4-1,012030,skip,amount,71fb1c34875d
14923499,2026-10-01 10:59:17,actions-trading,Sim4-1,093370,skip,adx_high,0b027ca108e2
14923499,2026-10-01 10:59:17,actions-trading,Sim4-1,112610,skip,period,ff0830946c19
14923499,2026-10-01 10:59:17,actions-trading,Sim4-1,015590,skip,amount,bee037413eb7
14923499,2026-10-01 10:59:17,actions-trading,Sim4-1,004100,skip,amount,b6d9e53b1d14
14923499,2026-10-01 10:59:17,actions-trading,Sim4-1,249420,skip,amount,316db05d1eca
14923499,2026-10-01 10:59:17,actions-trading,Sim4-1,011930,skip,adx_high,500fcc5c451d
14923499,2026-10-01 10:59:18,actions-trading,선행매집,028670,skip,no_setup,ce8f0a21419d
14923499,2026-10-01 10:59:18,actions-trading,선행매집,018880,skip,below_anchor,506855e7f56e
14923499,2026-10-01 10:59:18,actions-trading,선행매집,192650,skip,no_setup,83da4e6d3846
14923499,2026-10-01 10:59:18,actions-trading,선행매집,009830,skip,below_anchor,d2f458aa35e9
14923499,2026-10-01 10:59:18,actions-trading,선행매집,011200,skip,below_anchor,55c6cddbbcdc
14923499,2026-10-01 10:59:18,actions-trading,선행매집,003160,skip,no_setup,2ea4f1601b3d
14923499,2026-10-01 10:59:18,actions-trading,선행매집,005935,skip,below_anchor,73b18ef5b3ba
14923499,2026-10-01 10:59:18,actions-trading,선행매집,002990,skip,below_anchor,4c6f4c83d9f5
14923499,2026-10-01 10:59:18,actions-trading,선행매집,068270,skip,below_anchor,fc7e93c6c8e0
14923499,2026-10-01 10:59:18,actions-trading,선행매집,034220,skip,below_anchor,f50dec0f05e6
14923499,2026-10-01 10:59:18,actions-trading,선행매집,248070,skip,below_anchor,4be1d0126835
14923499,2026-10-01 10:59:18,actions-trading,선행매집,030000,skip,below_anchor,cb43daf65c9b
14923499,2026-10-01 10:59:18,actions-trading,선행매집,001250,skip,below_anchor,bbbb131640e5
14923499,2026-10-01 10:59:18,actions-trading,선행매집,005880,skip,amount,f9c914e8a6b9
14923499,2026-10-01 10:59:18,actions-trading,선행매집,005690,skip,below_anchor,4d6617be7a97
14923499,2026-10-01 10:59:18,actions-trading,선행매집,002700,skip,amount,cd4013d593f7
14923499,2026-10-01 10:59:18,actions-trading,선행매집,001210,skip,below_anchor,6020e74b4d9d
14923499,2026-10-01 10:59:18,actions-trading,선행매집,008350,skip,amount,23095f852f7b
14923499,2026-10-01 10:59:18,actions-trading,선행매집,001820,skip,below_anchor,6c523987630c
14923499,2026-10-01 10:59:18,actions-trading,선행매집,003280,skip,below_anchor,76ef73887dfa
14923499,2026-10-01 10:59:18,actions-trading,선행매집,004710,skip,below_anchor,996982dd9eaa
14923499,2026-10-01 10:59:18,actions-trading,선행매집,003780,skip,amount,68da162975cf
14923499,2026-10-01 10:59:18,actions-trading,선행매집,092220,skip,amount,25307aa3d2cc
14923499,2026-10-01 10:59:18,actions-trading,선행매집,089860,skip,no_setup,9c76d3f6cfe7
14923499,2026-10-01 10:59:18,actions-trading,선행매집,093050,skip,no_setup,46cb700b7911
14923499,2026-10-01 10:59:18,actions-trading,선행매집,001510,skip,below_anchor,b304576b3c23
14923499,2026-10-01 10:59:18,actions-trading,선행매집,051910,skip,below_anchor,d2472cc8e8de
14923499,2026-10-01 10:59:18,actions-trading,선행매집,004770,skip,amount,b96a2f29a228
14923499,2026-10-01 10:59:18,actions-trading,선행매집,093370,skip,below_anchor,0b027ca108e2
14923499,2026-10-01 10:59:18,actions-trading,선행매집,035000,skip,amount,b7e7cf850f9d
14923499,2026-10-01 10:59:18,actions-trading,Sim9,_gate,skip,outside_entry_window,e3b0c44298fc
14923499,2026-10-01 10:59:18,actions-trading,Sim9,084010,seen,,cbe3c87e7c40
14923499,2026-10-01 10:59:18,actions-trading,Sim9,005030,seen,,c0fdc1439a4e
14923499,2026-10-01 10:59:18,actions-trading,Sim9,192650,seen,,83da4e6d3846
14923499,2026-10-01 10:59:18,actions-trading,Sim9,036570,seen,,032d5946f689
14923499,2026-10-01 10:59:18,actions-trading,Sim9,0126Z0,seen,,0c591c9c08fb
14923499,2026-10-01 10:59:18,actions-trading,Sim9,004105,seen,,33a76620c78c
14923499,2026-10-01 10:59:18,actions-trading,Sim9,003160,seen,,2ea4f1601b3d
14923499,2026-10-01 10:59:18,actions-trading,Sim9,460860,seen,,8702b2bd601f
14923499,2026-10-01 10:59:18,actions-trading,Sim9,109070,seen,,5e7e3fd0cf40
14923499,2026-10-01 10:59:18,actions-trading,Sim9,248070,seen,,4be1d0126835
14923499,2026-10-01 10:59:18,actions-trading,Sim9,093050,seen,,46cb700b7911
14923499,2026-10-01 10:59:18,actions-trading,Sim9,002240,seen,,1631389b3612
14923499,2026-10-01 10:59:18,actions-trading,Sim9,009420,seen,,5d170bd6c0a7
14923499,2026-10-01 10:59:18,actions-trading,Sim9,480370,seen,,1afd754088ae
14923499,2026-10-01 10:59:18,actions-trading,Sim9,001360,seen,,88117438719b
14923499,2026-10-01 10:59:18,actions-trading,Sim9,004710,seen,,996982dd9eaa
14923499,2026-10-01 10:59:18,actions-trading,Sim9,001820,seen,,6c523987630c
14923499,2026-10-01 10:59:18,actions-trading,Sim9,077500,seen,,00633e406347
14923499,2026-10-01 10:59:18,actions-trading,Sim9,014680,seen,,b355a4d66c30
14923499,2026-10-01 10:59:18,actions-trading,Sim9,000760,seen,,788d352f1e28
14923499,2026-10-01 10:59:18,actions-trading,Sim9,005850,seen,,7db638ccf13e
14923499,2026-10-01 10:59:18,actions-trading,Sim9,055490,seen,,79a4b90abc34
14923499,2026-10-01 10:59:18,actions-trading,Sim9,006280,seen,,1ac72a2177e8
14923499,2026-10-01 10:59:18,actions-trading,Sim9,012030,seen,,71fb1c34875d
14923499,2026-10-01 10:59:18,actions-trading,Sim9,093370,seen,,0b027ca108e2
14923499,2026-10-01 10:59:18,actions-trading,Sim9,112610,seen,,ff0830946c19
14923499,2026-10-01 10:59:18,actions-trading,Sim9,015590,seen,,bee037413eb7
14923499,2026-10-01 10:59:18,actions-trading,Sim9,004100,seen,,b6d9e53b1d14
14923499,2026-10-01 10:59:18,actions-trading,Sim9,249420,seen,,316db05d1eca
14923499,2026-10-01 10:59:18,actions-trading,Sim9,011930,seen,,500fcc5c451d
14923499,2026-10-01 10:59:18,actions-trading,미너비니,192820,skip,below_pivot,cc0cba7a80a7
14923499,2026-10-01 10:59:18,actions-trading,미너비니,443060,skip,below_pivot,bd50eebe4a38
14923499,2026-10-01 10:59:18,actions-trading,미너비니,020120,skip,below_pivot,8a2d2a4df2d4
14923499,2026-10-01 10:59:18,actions-trading,Sim12,084010,skip,avoid_frgn_sell_20d,cbe3c87e7c40
14923499,2026-10-01 10:59:18,actions-trading,Sim12,005030,skip,avoid_amount_dry,c0fdc1439a4e
14923499,2026-10-01 10:59:18,actions-trading,Sim12,192650,skip,pb2_not_crashed,83da4e6d3846
14923499,2026-10-01 10:59:18,actions-trading,Sim12,036570,skip,pb2_not_crashed,032d5946f689
14923499,2026-10-01 10:59:18,actions-trading,Sim12,0126Z0,skip,avoid_frgn_sell_20d,0c591c9c08fb
14923499,2026-10-01 10:59:18,actions-trading,Sim12,004105,skip,pb2_not_crashed,33a76620c78c
14923499,2026-10-01 10:59:18,actions-trading,Sim12,003160,skip,pb2_not_crashed,2ea4f1601b3d
14923499,2026-10-01 10:59:18,actions-trading,Sim12,460860,skip,avoid_frgn_sell_20d,8702b2bd601f
14923499,2026-10-01 10:59:18,actions-trading,Sim12,109070,skip,pb2_not_crashed,5e7e3fd0cf40
14923499,2026-10-01 10:59:18,actions-trading,Sim12,248070,skip,avoid_frgn_sell_20d,4be1d0126835
14923499,2026-10-01 10:59:18,actions-trading,Sim12,093050,skip,avoid_frgn_sell_20d,46cb700b7911
14923499,2026-10-01 10:59:18,actions-trading,Sim12,002240,skip,avoid_frgn_sell_20d,1631389b3612
14923499,2026-10-01 10:59:18,actions-trading,Sim12,009420,skip,avoid_amount_dry,5d170bd6c0a7
14923499,2026-10-01 10:59:18,actions-trading,Sim12,480370,skip,avoid_amount_dry,1afd754088ae
14923499,2026-10-01 10:59:18,actions-trading,Sim12,001360,skip,pb2_not_crashed,88117438719b
14923499,2026-10-01 10:59:18,actions-trading,Sim12,004710,skip,avoid_frgn_sell_20d,996982dd9eaa
14923499,2026-10-01 10:59:18,actions-trading,Sim12,001820,skip,avoid_amount_dry,6c523987630c
14923499,2026-10-01 10:59:18,actions-trading,Sim12,077500,skip,pb2_not_crashed,00633e406347
14923499,2026-10-01 10:59:18,actions-trading,Sim12,014680,skip,avoid_amount_dry,b355a4d66c30
14923499,2026-10-01 10:59:18,actions-trading,Sim12,000760,skip,avoid_amount_dry,788d352f1e28
14923499,2026-10-01 10:59:18,actions-trading,Sim12,005850,skip,pb2_not_crashed,7db638ccf13e
14923499,2026-10-01 10:59:18,actions-trading,Sim12,055490,skip,avoid_frgn_sell_20d,79a4b90abc34
14923499,2026-10-01 10:59:18,actions-trading,Sim12,006280,skip,pb2_not_crashed,1ac72a2177e8
14923499,2026-10-01 10:59:18,actions-trading,Sim12,012030,skip,avoid_frgn_sell_20d,71fb1c34875d
14923499,2026-10-01 10:59:18,actions-trading,Sim12,093370,skip,pb2_not_crashed,0b027ca108e2
14923499,2026-10-01 10:59:18,actions-trading,Sim12,112610,skip,avoid_frgn_sell_20d,ff0830946c19
14923499,2026-10-01 10:59:18,actions-trading,Sim12,015590,skip,avoid_amount_dry,bee037413eb7
14923499,2026-10-01 10:59:18,actions-trading,Sim12,004100,skip,pb2_not_crashed,b6d9e53b1d14
14923499,2026-10-01 10:59:18,actions-trading,Sim12,249420,skip,avoid_amount_dry,316db05d1eca
14923499,2026-10-01 10:59:18,actions-trading,Sim12,011930,skip,pb2_not_crashed,500fcc5c451d
14923499,2026-10-01 10:59:18,actions-trading,Sim12,009190,skip,pb2_no_inst_buying,cc8cc2c8030e
14923499,2026-10-01 10:59:18,actions-trading,Sim12,051630,skip,pb2_not_crashed,840231c5bd52
14923499,2026-10-01 10:59:18,actions-trading,Sim12,002820,skip,pb2_thin_liquidity,e829d763ae70
14923499,2026-10-01 10:59:18,actions-trading,Sim12,071090,skip,pb2_not_crashed,9b11c7079cc8
14923499,2026-10-01 10:59:18,actions-trading,Sim12,002787,skip,avoid_amount_dry,d7825eb4fac2
14923499,2026-10-01 10:59:18,actions-trading,Sim12,010640,skip,avoid_frgn_sell_20d,016b2c30ef41
14923499,2026-10-01 10:59:18,actions-trading,Sim12,452260,skip,avoid_amount_dry,179f9ba25817
14923499,2026-10-01 10:59:18,actions-trading,Sim12,003780,skip,avoid_frgn_sell_20d,68da162975cf
14923499,2026-10-01 10:59:18,actions-trading,Sim12,007110,skip,avoid_amount_dry,4f72b8bb0571
14923499,2026-10-01 10:59:18,actions-trading,Sim12,002690,skip,avoid_frgn_sell_20d,a8140537213e
14923499,2026-10-01 10:59:18,actions-trading,Sim12,003030,skip,pb2_not_crashed,3c69efb47d4c
14923499,2026-10-01 10:59:18,actions-trading,Sim12,003580,skip,avoid_amount_dry,5455d5a52d78
14923499,2026-10-01 10:59:18,actions-trading,Sim12,487570,skip,pb2_not_crashed,25cc796250ff
14923499,2026-10-01 10:59:18,actions-trading,Sim12,005010,skip,pb2_not_crashed,bb72c12d85d2
14923499,2026-10-01 10:59:18,actions-trading,Sim12,092790,skip,pb2_not_crashed,307c6a5f1363
14923499,2026-10-01 10:59:18,actions-trading,Sim12,002070,skip,avoid_amount_dry,89635fd67e12
14923499,2026-10-01 10:59:18,actions-trading,Sim12,316140,skip,avoid_amount_dry,97c8dd692c65
14923499,2026-10-01 10:59:18,actions-trading,Sim12,006260,skip,avoid_amount_dry,0f75b5e24d59
14923499,2026-10-01 10:59:18,actions-trading,Sim12,003075,skip,pb2_not_crashed,2eedb0f698f7
14923499,2026-10-01 10:59:18,actions-trading,Sim12,010950,skip,avoid_amount_dry,25f9c3ab2ea5
14923499,2026-10-01 10:59:18,actions-trading,Sim12,001770,skip,avoid_amount_dry,5c570d8b65d4
14923499,2026-10-01 10:59:18,actions-trading,Sim12,002995,skip,avoid_amount_dry,3b0152ab65d2
14923499,2026-10-01 10:59:18,actions-trading,Sim12,006200,skip,pb2_thin_liquidity,d1be7a3caf1c
14923499,2026-10-01 10:59:18,actions-trading,Sim12,024890,skip,avoid_frgn_sell_20d,8e7aa5ea8ba5
14923499,2026-10-01 10:59:18,actions-trading,Sim12,014280,skip,avoid_amount_dry,79b9e0f68de1
14923499,2026-10-01 10:59:18,actions-trading,Sim12,078930,skip,avoid_amount_dry,98ff5af2a6ec
14923499,2026-10-01 10:59:18,actions-trading,Sim12,002785,skip,avoid_amount_dry,87c9c8f05927
14923499,2026-10-01 10:59:18,actions-trading,Sim12,456040,skip,avoid_amount_dry,1d818f05c329
14923499,2026-10-01 10:59:18,actions-trading,Sim12,361610,skip,avoid_amount_dry,4bf587d0f5d0
14923499,2026-10-01 10:59:18,actions-trading,Sim12,00088K,skip,avoid_amount_dry,6ca1ea59fb41
14923499,2026-10-01 10:59:19,actions-trading,Sim13,084010,skip,theme_momentum_weak,cbe3c87e7c40
14923499,2026-10-01 10:59:19,actions-trading,Sim13,005030,skip,theme_momentum_weak,c0fdc1439a4e
14923499,2026-10-01 10:59:19,actions-trading,Sim13,192650,skip,no_frgn_support,83da4e6d3846
14923499,2026-10-01 10:59:19,actions-trading,Sim13,036570,skip,theme_momentum_weak,032d5946f689
14923499,2026-10-01 10:59:19,actions-trading,Sim13,0126Z0,skip,theme_momentum_weak,0c591c9c08fb
14923499,2026-10-01 10:59:19,actions-trading,Sim13,004105,skip,no_frgn_support,33a76620c78c
14923499,2026-10-01 10:59:19,actions-trading,Sim13,003160,skip,no_frgn_support,2ea4f1601b3d
14923499,2026-10-01 10:59:19,actions-trading,Sim13,460860,skip,theme_momentum_weak,8702b2bd601f
14923499,2026-10-01 10:59:19,actions-trading,Sim13,109070,skip,amount_not_surprised,5e7e3fd0cf40
14923499,2026-10-01 10:59:19,actions-trading,Sim13,248070,skip,theme_momentum_weak,4be1d0126835
14923499,2026-10-01 10:59:19,actions-trading,Sim13,093050,skip,theme_momentum_weak,46cb700b7911
14923499,2026-10-01 10:59:19,actions-trading,Sim13,002240,skip,theme_momentum_weak,1631389b3612
14923499,2026-10-01 10:59:19,actions-trading,Sim13,009420,skip,theme_momentum_weak,5d170bd6c0a7
14923499,2026-10-01 10:59:19,actions-trading,Sim13,480370,skip,adx_weak,1afd754088ae
14923499,2026-10-01 10:59:19,actions-trading,Sim13,001360,skip,theme_momentum_weak,88117438719b
14923499,2026-10-01 10:59:19,actions-trading,Sim13,004710,skip,amount_not_surprised,996982dd9eaa
14923499,2026-10-01 10:59:19,actions-trading,Sim13,001820,skip,adx_weak,6c523987630c
14923499,2026-10-01 10:59:19,actions-trading,Sim13,077500,skip,held_or_cooldown,00633e406347
14923499,2026-10-01 10:59:19,actions-trading,Sim13,014680,skip,amount_not_surprised,b355a4d66c30
14923499,2026-10-01 10:59:19,actions-trading,Sim13,000760,skip,theme_momentum_weak,788d352f1e28
14923499,2026-10-01 10:59:19,actions-trading,Sim13,005850,skip,theme_momentum_weak,7db638ccf13e
14923499,2026-10-01 10:59:19,actions-trading,Sim13,055490,skip,theme_momentum_weak,79a4b90abc34
14923499,2026-10-01 10:59:19,actions-trading,Sim13,006280,skip,theme_momentum_weak,1ac72a2177e8
14923499,2026-10-01 10:59:19,actions-trading,Sim13,012030,skip,adx_weak,71fb1c34875d
14923499,2026-10-01 10:59:19,actions-trading,Sim13,093370,skip,no_frgn_support,0b027ca108e2
14923499,2026-10-01 10:59:19,actions-trading,Sim13,112610,skip,theme_momentum_weak,ff0830946c19
14923499,2026-10-01 10:59:19,actions-trading,Sim13,015590,skip,amount_not_surprised,bee037413eb7
14923499,2026-10-01 10:59:19,actions-trading,Sim13,004100,skip,adx_weak,b6d9e53b1d14
14923499,2026-10-01 10:59:19,actions-trading,Sim13,249420,skip,theme_momentum_weak,316db05d1eca
14923499,2026-10-01 10:59:19,actions-trading,Sim13,011930,skip,theme_momentum_weak,500fcc5c451d
