cycle_id,ts,runner,sim,code,decision,reason,input_hash
14921430,2026-09-28 14:01:02,actions-trading,Sim3,402340,skip,qty_zero,3dfdaa534bda
14921430,2026-09-28 14:01:02,actions-trading,Sim3,383800,skip,amount,7009e65f6e0e
14921430,2026-09-28 14:01:02,actions-trading,Sim3,462870,skip,amount,a7ad008354d7
14921430,2026-09-28 14:01:02,actions-trading,Sim3,000660,skip,qty_zero,6fd528cc4ca0
14921430,2026-09-28 14:01:02,actions-trading,Sim3,071970,skip,amount,66154f917c54
14921430,2026-09-28 14:01:02,actions-trading,Sim3,042700,skip,not_cheap,0895b0387ba8
14921430,2026-09-28 14:01:02,actions-trading,Sim3,326030,skip,amount,30198be829a3
14921430,2026-09-28 14:01:02,actions-trading,Sim3,207940,skip,not_cheap,5665c85d08bd
14921430,2026-09-28 14:01:02,actions-trading,Sim3,033920,skip,amount,2f92148c1310
14921430,2026-09-28 14:01:02,actions-trading,Sim3,004770,skip,amount,23f2cba914e6
14921430,2026-09-28 14:01:02,actions-trading,Sim3,0126Z0,skip,not_cheap,4d267938b46a
14921430,2026-09-28 14:01:02,actions-trading,Sim3,062040,skip,not_cheap,1582231a3ae3
14921430,2026-09-28 14:01:02,actions-trading,Sim3,317450,skip,amount,8487e936db2e
14921430,2026-09-28 14:01:02,actions-trading,Sim3,026960,skip,amount,c56c5b52ed59
14921430,2026-09-28 14:01:02,actions-trading,Sim3,021820,skip,amount,a893f22abe39
14921430,2026-09-28 14:01:02,actions-trading,Sim3,192080,skip,amount,d4e0fc82d35a
14921430,2026-09-28 14:01:02,actions-trading,Sim3,068270,skip,cooldown,1b2656dcffcd
14921430,2026-09-28 14:01:02,actions-trading,Sim3,123890,skip,amount,abe54b147487
14921430,2026-09-28 14:01:02,actions-trading,Sim3,000240,skip,amount,b7e9dc1611ce
14921430,2026-09-28 14:01:02,actions-trading,Sim3,002380,skip,cooldown,9e21edfd4d10
14921430,2026-09-28 14:01:02,actions-trading,Sim3,009770,skip,amount,04682b32d726
14921430,2026-09-28 14:01:02,actions-trading,Sim3,259960,skip,cooldown,54c96a7b1b36
14921430,2026-09-28 14:01:02,actions-trading,Sim3,035250,skip,amount,50ed86f196cb
14921430,2026-09-28 14:01:02,actions-trading,Sim3,383220,skip,amount,faea56c013ba
14921430,2026-09-28 14:01:02,actions-trading,Sim3,226320,skip,amount,8b31ac77ac69
14921430,2026-09-28 14:01:02,actions-trading,Sim3,439260,skip,amount,d9053d9e23e7
14921430,2026-09-28 14:01:02,actions-trading,Sim3,025560,skip,cooldown,9d8f783529a1
14921430,2026-09-28 14:01:02,actions-trading,Sim3,007700,skip,amount,cfb4a1c484c9
14921430,2026-09-28 14:01:02,actions-trading,Sim3,278470,skip,not_cheap,4ab0071ceadf
14921430,2026-09-28 14:01:02,actions-trading,Sim3,000990,skip,not_cheap,f2127e75a181
14921430,2026-09-28 14:01:36,actions-trading,MFHS2,047040,skip,max_holdings,3ef56f407e2d
14921430,2026-09-28 14:01:36,actions-trading,MFHS2,009830,seen,,db7ee441f132
14921430,2026-09-28 14:01:36,actions-trading,MFHS2,005880,seen,,194d2977fb0a
14921430,2026-09-28 14:01:36,actions-trading,MFHS2,316140,seen,,c5e548d86d83
14921430,2026-09-28 14:01:36,actions-trading,MFHS2,024110,seen,,e255d8416c88
14921430,2026-09-28 14:01:36,actions-trading,MFHS2,018880,seen,,f9c9b45a46c8
14921430,2026-09-28 14:01:36,actions-trading,MFHS2,003280,seen,,0a01373f756d
14921430,2026-09-28 14:01:36,actions-trading,MFHS2,006360,seen,,be936f6a291f
14921430,2026-09-28 14:01:36,actions-trading,MFHS2,088350,seen,,cddb6992a63d
14921430,2026-09-28 14:01:36,actions-trading,MFHS2,073240,seen,,1d0fd52608bf
14921430,2026-09-28 14:01:36,actions-trading,MFHS2,011200,seen,,8e13938454e5
14921430,2026-09-28 14:01:36,actions-trading,MFHS2,004020,seen,,f6c32c1bfe99
14921430,2026-09-28 14:01:36,actions-trading,MFHS2,015760,seen,,d442ee09c13f
14921430,2026-09-28 14:01:36,actions-trading,MFHS2,096770,seen,,88d854a959eb
14921430,2026-09-28 14:01:36,actions-trading,MFHS2,279570,seen,,7417b8bb3ef8
14921430,2026-09-28 14:01:36,actions-trading,MFHS2,003490,seen,,115748bcc961
14921430,2026-09-28 14:01:36,actions-trading,MFHS2,047050,seen,,2d80d2136756
14921430,2026-09-28 14:01:36,actions-trading,MFHS2,035420,seen,,c8f8986f5e5a
14921430,2026-09-28 14:01:36,actions-trading,MFHS2,032640,seen,,fe2f37b75de2
14921430,2026-09-28 14:01:36,actions-trading,MFHS2,139130,seen,,8eee1e01738e
14921430,2026-09-28 14:01:36,actions-trading,MFHS2,028670,seen,,55671189ba7a
14921430,2026-09-28 14:01:36,actions-trading,MFHS2,004710,seen,,186154e603e7
14921430,2026-09-28 14:01:36,actions-trading,MFHS2,007810,seen,,a66cb4e64fc7
14921430,2026-09-28 14:01:36,actions-trading,MFHS2,035720,seen,,f47e25fdb14e
14921430,2026-09-28 14:01:36,actions-trading,MFHS2,323410,seen,,4ebf35dd75db
14921430,2026-09-28 14:01:36,actions-trading,MFHS2,002360,seen,,d4c592cf1cc7
14921430,2026-09-28 14:01:36,actions-trading,MFHS2,000720,seen,,b0c79398241a
14921430,2026-09-28 14:01:36,actions-trading,MFHS2,066570,seen,,dbb4a6271681
14921430,2026-09-28 14:01:36,actions-trading,MFHS2,017670,seen,,402cb0dd8cbc
14921430,2026-09-28 14:01:36,actions-trading,MFHS2,008970,seen,,de9116b7ffdd
14921430,2026-09-28 14:01:39,actions-trading,상승모멘텀,003580,skip,max_holdings,d8fdaf73daf9
14921430,2026-09-28 14:01:39,actions-trading,상승모멘텀,002360,seen,,d4c592cf1cc7
14921430,2026-09-28 14:01:39,actions-trading,상승모멘텀,014280,seen,,35034b768133
14921430,2026-09-28 14:01:39,actions-trading,상승모멘텀,009830,seen,,db7ee441f132
14921430,2026-09-28 14:01:39,actions-trading,상승모멘텀,003570,seen,,caf326b1aefa
14921430,2026-09-28 14:01:39,actions-trading,상승모멘텀,001527,seen,,45a23ad91263
14921430,2026-09-28 14:01:39,actions-trading,상승모멘텀,010060,seen,,9138a1b1975b
14921430,2026-09-28 14:01:39,actions-trading,상승모멘텀,051630,seen,,70122ac9bc83
14921430,2026-09-28 14:01:39,actions-trading,상승모멘텀,025560,seen,,2784c0e6bce6
14921430,2026-09-28 14:01:39,actions-trading,상승모멘텀,004710,seen,,186154e603e7
14921430,2026-09-28 14:01:39,actions-trading,상승모멘텀,064960,seen,,dccb7abe3224
14921430,2026-09-28 14:01:39,actions-trading,상승모멘텀,011070,seen,,659eeb72d552
14921430,2026-09-28 14:01:39,actions-trading,상승모멘텀,006110,seen,,ed08b07ed40f
14921430,2026-09-28 14:01:39,actions-trading,상승모멘텀,009835,seen,,6751eff7ba79
14921430,2026-09-28 14:01:39,actions-trading,상승모멘텀,499790,seen,,ebad01d283c1
14921430,2026-09-28 14:01:39,actions-trading,상승모멘텀,014285,seen,,76cb75fb2807
14921430,2026-09-28 14:01:39,actions-trading,상승모멘텀,047040,seen,,3ef56f407e2d
14921430,2026-09-28 14:01:39,actions-trading,상승모멘텀,004440,seen,,9002b2896bb3
14921430,2026-09-28 14:01:39,actions-trading,상승모멘텀,007810,seen,,a66cb4e64fc7
14921430,2026-09-28 14:01:39,actions-trading,상승모멘텀,025620,seen,,783a78d271a1
14921430,2026-09-28 14:01:39,actions-trading,상승모멘텀,077500,seen,,ff441460e5c4
14921430,2026-09-28 14:01:39,actions-trading,상승모멘텀,005070,seen,,4dfd15d77782
14921430,2026-09-28 14:01:39,actions-trading,상승모멘텀,020150,seen,,2af8f1916790
14921430,2026-09-28 14:01:39,actions-trading,상승모멘텀,006120,seen,,b5ba8d87c542
14921430,2026-09-28 14:01:39,actions-trading,상승모멘텀,003030,seen,,17500b8f47fd
14921430,2026-09-28 14:01:39,actions-trading,상승모멘텀,306200,seen,,a29598596173
14921430,2026-09-28 14:01:39,actions-trading,상승모멘텀,020120,seen,,77ac8b7c26b1
14921430,2026-09-28 14:01:39,actions-trading,상승모멘텀,096770,seen,,88d854a959eb
14921430,2026-09-28 14:01:39,actions-trading,상승모멘텀,036530,seen,,fbc313eb1da3
14921430,2026-09-28 14:01:39,actions-trading,상승모멘텀,361610,seen,,a4d8ed37b5fc
14921430,2026-09-28 14:01:39,actions-trading,Sim4-1,003580,skip,amount,d8fdaf73daf9
14921430,2026-09-28 14:01:39,actions-trading,Sim4-1,002360,skip,held_or_cooldown,d4c592cf1cc7
14921430,2026-09-28 14:01:39,actions-trading,Sim4-1,014280,skip,adx_low,35034b768133
14921430,2026-09-28 14:01:39,actions-trading,Sim4-1,009830,skip,period,db7ee441f132
14921430,2026-09-28 14:01:39,actions-trading,Sim4-1,003570,skip,adx_high,caf326b1aefa
14921430,2026-09-28 14:01:39,actions-trading,Sim4-1,001527,skip,amount,45a23ad91263
14921430,2026-09-28 14:01:39,actions-trading,Sim4-1,010060,skip,adx_low,9138a1b1975b
14921430,2026-09-28 14:01:39,actions-trading,Sim4-1,051630,skip,amount,70122ac9bc83
14921430,2026-09-28 14:01:39,actions-trading,Sim4-1,025560,skip,adx_high,2784c0e6bce6
14921430,2026-09-28 14:01:39,actions-trading,Sim4-1,004710,skip,held_or_cooldown,186154e603e7
14921430,2026-09-28 14:01:39,actions-trading,Sim4-1,064960,skip,adx_high,dccb7abe3224
14921430,2026-09-28 14:01:39,actions-trading,Sim4-1,011070,skip,period,659eeb72d552
14921430,2026-09-28 14:01:39,actions-trading,Sim4-1,006110,skip,adx_high,ed08b07ed40f
14921430,2026-09-28 14:01:39,actions-trading,Sim4-1,009835,skip,amount,6751eff7ba79
14921430,2026-09-28 14:01:39,actions-trading,Sim4-1,499790,skip,amount,ebad01d283c1
14921430,2026-09-28 14:01:39,actions-trading,Sim4-1,014285,skip,amount,76cb75fb2807
14921430,2026-09-28 14:01:39,actions-trading,Sim4-1,047040,skip,period,3ef56f407e2d
14921430,2026-09-28 14:01:39,actions-trading,Sim4-1,004440,skip,amount,9002b2896bb3
14921430,2026-09-28 14:01:39,actions-trading,Sim4-1,007810,skip,adx_high,a66cb4e64fc7
14921430,2026-09-28 14:01:39,actions-trading,Sim4-1,025620,skip,amount,783a78d271a1
14921430,2026-09-28 14:01:39,actions-trading,Sim4-1,077500,skip,adx_high,ff441460e5c4
14921430,2026-09-28 14:01:39,actions-trading,Sim4-1,005070,skip,adx_low,4dfd15d77782
14921430,2026-09-28 14:01:39,actions-trading,Sim4-1,020150,skip,adx_low,2af8f1916790
14921430,2026-09-28 14:01:39,actions-trading,Sim4-1,006120,skip,adx_high,b5ba8d87c542
14921430,2026-09-28 14:01:39,actions-trading,Sim4-1,003030,skip,amount,17500b8f47fd
14921430,2026-09-28 14:01:39,actions-trading,Sim4-1,306200,skip,amount,a29598596173
14921430,2026-09-28 14:01:39,actions-trading,Sim4-1,020120,skip,amount,77ac8b7c26b1
14921430,2026-09-28 14:01:39,actions-trading,Sim4-1,096770,skip,adx_high,88d854a959eb
14921430,2026-09-28 14:01:39,actions-trading,Sim4-1,036530,skip,amount,fbc313eb1da3
14921430,2026-09-28 14:01:39,actions-trading,Sim4-1,361610,skip,adx_high,a4d8ed37b5fc
14921430,2026-09-28 14:01:41,actions-trading,선행매집,047040,skip,below_anchor,3ef56f407e2d
14921430,2026-09-28 14:01:41,actions-trading,선행매집,009830,skip,below_anchor,db7ee441f132
14921430,2026-09-28 14:01:41,actions-trading,선행매집,024110,skip,below_anchor,e255d8416c88
14921430,2026-09-28 14:01:41,actions-trading,선행매집,005880,skip,below_anchor,194d2977fb0a
14921430,2026-09-28 14:01:41,actions-trading,선행매집,018880,skip,below_anchor,f9c9b45a46c8
14921430,2026-09-28 14:01:41,actions-trading,선행매집,316140,skip,no_setup,c5e548d86d83
14921430,2026-09-28 14:01:41,actions-trading,선행매집,003280,skip,below_anchor,0a01373f756d
14921430,2026-09-28 14:01:41,actions-trading,선행매집,015760,skip,below_anchor,d442ee09c13f
14921430,2026-09-28 14:01:41,actions-trading,선행매집,088350,skip,below_anchor,cddb6992a63d
14921430,2026-09-28 14:01:41,actions-trading,선행매집,073240,skip,below_anchor,1d0fd52608bf
14921430,2026-09-28 14:01:41,actions-trading,선행매집,011200,skip,sold_or_cooldown,8e13938454e5
14921430,2026-09-28 14:01:41,actions-trading,선행매집,096770,skip,held_awaiting_breakout,88d854a959eb
14921430,2026-09-28 14:01:41,actions-trading,선행매집,006360,skip,below_anchor,be936f6a291f
14921430,2026-09-28 14:01:41,actions-trading,선행매집,035420,skip,below_anchor,c8f8986f5e5a
14921430,2026-09-28 14:01:41,actions-trading,선행매집,004710,skip,below_anchor,186154e603e7
14921430,2026-09-28 14:01:41,actions-trading,선행매집,003490,skip,sold_or_cooldown,115748bcc961
14921430,2026-09-28 14:01:41,actions-trading,선행매집,028670,skip,no_setup,55671189ba7a
14921430,2026-09-28 14:01:41,actions-trading,선행매집,279570,skip,below_anchor,7417b8bb3ef8
14921430,2026-09-28 14:01:41,actions-trading,선행매집,047050,skip,below_anchor,2d80d2136756
14921430,2026-09-28 14:01:41,actions-trading,선행매집,004020,skip,below_anchor,f6c32c1bfe99
14921430,2026-09-28 14:01:41,actions-trading,선행매집,032640,skip,below_anchor,fe2f37b75de2
14921430,2026-09-28 14:01:41,actions-trading,선행매집,035720,skip,below_anchor,f47e25fdb14e
14921430,2026-09-28 14:01:41,actions-trading,선행매집,139130,skip,no_setup,8eee1e01738e
14921430,2026-09-28 14:01:41,actions-trading,선행매집,066570,skip,below_anchor,dbb4a6271681
14921430,2026-09-28 14:01:41,actions-trading,선행매집,000720,skip,below_anchor,b0c79398241a
14921430,2026-09-28 14:01:41,actions-trading,선행매집,007810,skip,below_anchor,a66cb4e64fc7
14921430,2026-09-28 14:01:41,actions-trading,선행매집,017670,skip,below_anchor,402cb0dd8cbc
14921430,2026-09-28 14:01:41,actions-trading,선행매집,020150,skip,below_anchor,2af8f1916790
14921430,2026-09-28 14:01:41,actions-trading,선행매집,088980,skip,below_anchor,e4838613d3f4
14921430,2026-09-28 14:01:41,actions-trading,선행매집,008970,skip,amount,de9116b7ffdd
14921430,2026-09-28 14:01:41,actions-trading,Sim9,_gate,skip,outside_entry_window,e3b0c44298fc
14921430,2026-09-28 14:01:41,actions-trading,Sim9,003580,seen,,d8fdaf73daf9
14921430,2026-09-28 14:01:41,actions-trading,Sim9,002360,seen,,d4c592cf1cc7
14921430,2026-09-28 14:01:41,actions-trading,Sim9,014280,seen,,35034b768133
14921430,2026-09-28 14:01:41,actions-trading,Sim9,009830,seen,,db7ee441f132
14921430,2026-09-28 14:01:41,actions-trading,Sim9,003570,seen,,caf326b1aefa
14921430,2026-09-28 14:01:41,actions-trading,Sim9,001527,seen,,45a23ad91263
14921430,2026-09-28 14:01:41,actions-trading,Sim9,010060,seen,,9138a1b1975b
14921430,2026-09-28 14:01:41,actions-trading,Sim9,051630,seen,,70122ac9bc83
14921430,2026-09-28 14:01:41,actions-trading,Sim9,025560,seen,,2784c0e6bce6
14921430,2026-09-28 14:01:41,actions-trading,Sim9,004710,seen,,186154e603e7
14921430,2026-09-28 14:01:41,actions-trading,Sim9,064960,seen,,dccb7abe3224
14921430,2026-09-28 14:01:41,actions-trading,Sim9,011070,seen,,659eeb72d552
14921430,2026-09-28 14:01:41,actions-trading,Sim9,006110,seen,,ed08b07ed40f
14921430,2026-09-28 14:01:41,actions-trading,Sim9,009835,seen,,6751eff7ba79
14921430,2026-09-28 14:01:41,actions-trading,Sim9,499790,seen,,ebad01d283c1
14921430,2026-09-28 14:01:41,actions-trading,Sim9,014285,seen,,76cb75fb2807
14921430,2026-09-28 14:01:41,actions-trading,Sim9,047040,seen,,3ef56f407e2d
14921430,2026-09-28 14:01:41,actions-trading,Sim9,004440,seen,,9002b2896bb3
14921430,2026-09-28 14:01:41,actions-trading,Sim9,007810,seen,,a66cb4e64fc7
14921430,2026-09-28 14:01:41,actions-trading,Sim9,025620,seen,,783a78d271a1
14921430,2026-09-28 14:01:41,actions-trading,Sim9,077500,seen,,ff441460e5c4
14921430,2026-09-28 14:01:41,actions-trading,Sim9,005070,seen,,4dfd15d77782
14921430,2026-09-28 14:01:41,actions-trading,Sim9,020150,seen,,2af8f1916790
14921430,2026-09-28 14:01:41,actions-trading,Sim9,006120,seen,,b5ba8d87c542
14921430,2026-09-28 14:01:41,actions-trading,Sim9,003030,seen,,17500b8f47fd
14921430,2026-09-28 14:01:41,actions-trading,Sim9,306200,seen,,a29598596173
14921430,2026-09-28 14:01:41,actions-trading,Sim9,020120,seen,,77ac8b7c26b1
14921430,2026-09-28 14:01:41,actions-trading,Sim9,096770,seen,,88d854a959eb
14921430,2026-09-28 14:01:41,actions-trading,Sim9,036530,seen,,fbc313eb1da3
14921430,2026-09-28 14:01:41,actions-trading,Sim9,361610,seen,,a4d8ed37b5fc
14921430,2026-09-28 14:01:41,actions-trading,미너비니,192820,skip,below_pivot,7d2651db9800
14921430,2026-09-28 14:01:41,actions-trading,미너비니,443060,skip,below_pivot,8b6d4bb53e46
14921430,2026-09-28 14:01:41,actions-trading,Sim12,003580,skip,pb2_not_crashed,d8fdaf73daf9
14921430,2026-09-28 14:01:41,actions-trading,Sim12,002360,skip,pb2_not_crashed,d4c592cf1cc7
14921430,2026-09-28 14:01:41,actions-trading,Sim12,014280,skip,pb2_not_crashed,35034b768133
14921430,2026-09-28 14:01:41,actions-trading,Sim12,009830,skip,pb2_not_crashed,db7ee441f132
14921430,2026-09-28 14:01:41,actions-trading,Sim12,003570,skip,avoid_frgn_sell_20d,caf326b1aefa
14921430,2026-09-28 14:01:41,actions-trading,Sim12,001527,skip,avoid_deadcat,45a23ad91263
14921430,2026-09-28 14:01:41,actions-trading,Sim12,010060,skip,pb2_not_crashed,9138a1b1975b
14921430,2026-09-28 14:01:41,actions-trading,Sim12,051630,skip,pb2_not_crashed,70122ac9bc83
14921430,2026-09-28 14:01:41,actions-trading,Sim12,025560,skip,avoid_frgn_sell_20d,2784c0e6bce6
14921430,2026-09-28 14:01:41,actions-trading,Sim12,004710,skip,avoid_frgn_sell_20d,186154e603e7
14921430,2026-09-28 14:01:41,actions-trading,Sim12,064960,skip,avoid_frgn_sell_20d,dccb7abe3224
14921430,2026-09-28 14:01:41,actions-trading,Sim12,011070,skip,avoid_orgn_sell_high_per,659eeb72d552
14921430,2026-09-28 14:01:41,actions-trading,Sim12,006110,skip,avoid_deadcat,ed08b07ed40f
14921430,2026-09-28 14:01:41,actions-trading,Sim12,009835,skip,avoid_frgn_sell_20d,6751eff7ba79
14921430,2026-09-28 14:01:41,actions-trading,Sim12,499790,skip,avoid_frgn_sell_20d,ebad01d283c1
14921430,2026-09-28 14:01:41,actions-trading,Sim12,014285,skip,pb2_not_crashed,76cb75fb2807
14921430,2026-09-28 14:01:41,actions-trading,Sim12,047040,skip,avoid_frgn_sell_20d,3ef56f407e2d
14921430,2026-09-28 14:01:41,actions-trading,Sim12,004440,skip,avoid_frgn_sell_20d,9002b2896bb3
14921430,2026-09-28 14:01:41,actions-trading,Sim12,007810,skip,avoid_orgn_sell_high_per,a66cb4e64fc7
14921430,2026-09-28 14:01:41,actions-trading,Sim12,025620,skip,pb2_not_crashed,783a78d271a1
14921430,2026-09-28 14:01:41,actions-trading,Sim12,077500,skip,pb2_not_crashed,ff441460e5c4
14921430,2026-09-28 14:01:41,actions-trading,Sim12,005070,skip,avoid_frgn_sell_20d,4dfd15d77782
14921430,2026-09-28 14:01:41,actions-trading,Sim12,020150,skip,avoid_frgn_sell_20d,2af8f1916790
14921430,2026-09-28 14:01:41,actions-trading,Sim12,006120,skip,avoid_frgn_sell_20d,b5ba8d87c542
14921430,2026-09-28 14:01:41,actions-trading,Sim12,003030,skip,pb2_not_crashed,17500b8f47fd
14921430,2026-09-28 14:01:41,actions-trading,Sim12,306200,skip,pb2_not_crashed,a29598596173
14921430,2026-09-28 14:01:41,actions-trading,Sim12,020120,skip,avoid_amount_dry,77ac8b7c26b1
14921430,2026-09-28 14:01:41,actions-trading,Sim12,096770,skip,pb2_not_crashed,88d854a959eb
14921430,2026-09-28 14:01:41,actions-trading,Sim12,036530,skip,avoid_frgn_sell_20d,fbc313eb1da3
14921430,2026-09-28 14:01:41,actions-trading,Sim12,361610,skip,pb2_not_crashed,a4d8ed37b5fc
14921430,2026-09-28 14:01:41,actions-trading,Sim12,014990,skip,avoid_amount_dry,4e19931eb451
14921430,2026-09-28 14:01:41,actions-trading,Sim12,109070,skip,pb2_not_crashed,66168da9d463
14921430,2026-09-28 14:01:41,actions-trading,Sim12,002820,skip,pb2_not_crashed,689876b439cd
14921430,2026-09-28 14:01:41,actions-trading,Sim12,402340,skip,pb2_not_crashed,2caa6d45aad9
14921430,2026-09-28 14:01:41,actions-trading,Sim12,002787,skip,avoid_amount_dry,676f31f2d6c3
14921430,2026-09-28 14:01:41,actions-trading,Sim12,009420,skip,pb2_not_crashed,6c56abba988d
14921430,2026-09-28 14:01:41,actions-trading,Sim12,02826K,skip,pb2_not_crashed,88837c226b73
14921430,2026-09-28 14:01:41,actions-trading,Sim12,028260,skip,pb2_not_crashed,fa2d7b647f50
14921430,2026-09-28 14:01:41,actions-trading,Sim12,005935,skip,avoid_frgn_sell_20d,b0c03157a41c
14921430,2026-09-28 14:01:41,actions-trading,Sim12,009190,skip,pb2_no_inst_buying,54f240c5727d
14921430,2026-09-28 14:01:41,actions-trading,Sim12,034730,skip,pb2_not_crashed,b84eb6a1995e
14921430,2026-09-28 14:01:41,actions-trading,Sim12,069960,skip,avoid_amount_dry,447bba658a27
14921430,2026-09-28 14:01:41,actions-trading,Sim12,002870,skip,avoid_amount_dry,d2cadac306b0
14921430,2026-09-28 14:01:41,actions-trading,Sim12,03473K,skip,avoid_frgn_sell_20d,ac873a5b6d8c
14921430,2026-09-28 14:01:41,actions-trading,Sim12,000500,skip,avoid_amount_dry,6ac1ac9c0d23
14921430,2026-09-28 14:01:41,actions-trading,Sim12,000150,skip,avoid_frgn_sell_20d,a07066511d19
14921430,2026-09-28 14:01:41,actions-trading,Sim12,192650,skip,avoid_frgn_sell_20d,27445ffb73d3
14921430,2026-09-28 14:01:41,actions-trading,Sim12,011090,skip,avoid_amount_dry,cc6111743073
14921430,2026-09-28 14:01:41,actions-trading,Sim12,005930,skip,pb2_not_crashed,5ebf34e0b54c
14921430,2026-09-28 14:01:41,actions-trading,Sim12,007660,skip,pb2_not_crashed,bf4bf045b81f
14921430,2026-09-28 14:01:41,actions-trading,Sim12,101140,skip,avoid_amount_dry,76c79730ae63
14921430,2026-09-28 14:01:41,actions-trading,Sim12,011390,skip,avoid_amount_dry,a5f91900c86f
14921430,2026-09-28 14:01:41,actions-trading,Sim12,002070,skip,avoid_amount_dry,fac6adb9a2e5
14921430,2026-09-28 14:01:41,actions-trading,Sim12,000660,skip,avoid_frgn_sell_20d,bdb95ccd762d
14921430,2026-09-28 14:01:41,actions-trading,Sim12,298040,skip,pb2_not_crashed,3afdd135b716
14921430,2026-09-28 14:01:41,actions-trading,Sim12,128940,skip,avoid_amount_dry,86d513ecd0e8
14921430,2026-09-28 14:01:41,actions-trading,Sim12,024900,skip,avoid_frgn_sell_20d,8d725f01a4ec
14921430,2026-09-28 14:01:41,actions-trading,Sim12,000760,skip,avoid_amount_dry,30d62bf8814f
14921430,2026-09-28 14:01:41,actions-trading,Sim12,002030,skip,avoid_amount_dry,867a2dc1156c
14921430,2026-09-28 14:01:41,actions-trading,Sim12,044820,skip,avoid_amount_dry,29a8e1db56f2
14921430,2026-09-28 14:01:41,actions-trading,Sim13,003580,skip,theme_momentum_weak,d8fdaf73daf9
14921430,2026-09-28 14:01:41,actions-trading,Sim13,002360,skip,held_or_cooldown,d4c592cf1cc7
14921430,2026-09-28 14:01:41,actions-trading,Sim13,014280,skip,theme_momentum_weak,35034b768133
14921430,2026-09-28 14:01:41,actions-trading,Sim13,009830,skip,theme_momentum_weak,db7ee441f132
14921430,2026-09-28 14:01:41,actions-trading,Sim13,003570,skip,theme_momentum_weak,caf326b1aefa
14921430,2026-09-28 14:01:41,actions-trading,Sim13,001527,skip,theme_momentum_weak,45a23ad91263
14921430,2026-09-28 14:01:41,actions-trading,Sim13,010060,skip,theme_momentum_weak,9138a1b1975b
14921430,2026-09-28 14:01:41,actions-trading,Sim13,051630,skip,adx_weak,70122ac9bc83
14921430,2026-09-28 14:01:41,actions-trading,Sim13,025560,skip,theme_momentum_weak,2784c0e6bce6
14921430,2026-09-28 14:01:41,actions-trading,Sim13,004710,skip,no_frgn_support,186154e603e7
14921430,2026-09-28 14:01:41,actions-trading,Sim13,064960,skip,theme_momentum_weak,dccb7abe3224
14921430,2026-09-28 14:01:41,actions-trading,Sim13,011070,skip,theme_momentum_weak,659eeb72d552
14921430,2026-09-28 14:01:41,actions-trading,Sim13,006110,skip,theme_momentum_weak,ed08b07ed40f
14921430,2026-09-28 14:01:41,actions-trading,Sim13,009835,skip,theme_momentum_weak,6751eff7ba79
14921430,2026-09-28 14:01:41,actions-trading,Sim13,499790,skip,theme_momentum_weak,ebad01d283c1
14921430,2026-09-28 14:01:41,actions-trading,Sim13,014285,skip,theme_momentum_weak,76cb75fb2807
14921430,2026-09-28 14:01:41,actions-trading,Sim13,047040,skip,theme_momentum_weak,3ef56f407e2d
14921430,2026-09-28 14:01:41,actions-trading,Sim13,004440,skip,theme_momentum_weak,9002b2896bb3
14921430,2026-09-28 14:01:41,actions-trading,Sim13,007810,skip,theme_momentum_weak,a66cb4e64fc7
14921430,2026-09-28 14:01:41,actions-trading,Sim13,025620,skip,theme_momentum_weak,783a78d271a1
14921430,2026-09-28 14:01:41,actions-trading,Sim13,077500,skip,held_or_cooldown,ff441460e5c4
14921430,2026-09-28 14:01:41,actions-trading,Sim13,005070,skip,theme_momentum_weak,4dfd15d77782
14921430,2026-09-28 14:01:41,actions-trading,Sim13,020150,skip,theme_momentum_weak,2af8f1916790
14921430,2026-09-28 14:01:41,actions-trading,Sim13,006120,skip,no_frgn_support,b5ba8d87c542
14921430,2026-09-28 14:01:41,actions-trading,Sim13,003030,skip,theme_momentum_weak,17500b8f47fd
14921430,2026-09-28 14:01:41,actions-trading,Sim13,306200,skip,theme_momentum_weak,a29598596173
14921430,2026-09-28 14:01:41,actions-trading,Sim13,020120,skip,adx_weak,77ac8b7c26b1
14921430,2026-09-28 14:01:41,actions-trading,Sim13,096770,skip,adx_weak,88d854a959eb
14921430,2026-09-28 14:01:41,actions-trading,Sim13,036530,skip,theme_momentum_weak,fbc313eb1da3
14921430,2026-09-28 14:01:41,actions-trading,Sim13,361610,skip,theme_momentum_weak,a4d8ed37b5fc
14921431,2026-09-28 14:02:58,actions-trading,Sim3,402340,skip,qty_zero,45b43e253914
14921431,2026-09-28 14:02:58,actions-trading,Sim3,383800,skip,amount,2782386784e9
14921431,2026-09-28 14:02:58,actions-trading,Sim3,462870,skip,amount,3fcc4ebb72e9
14921431,2026-09-28 14:02:58,actions-trading,Sim3,000660,skip,qty_zero,2f6f270e2a56
14921431,2026-09-28 14:02:58,actions-trading,Sim3,071970,skip,amount,14ed0e10a6d2
14921431,2026-09-28 14:02:58,actions-trading,Sim3,042700,skip,not_cheap,0e3b8ee619fc
14921431,2026-09-28 14:02:58,actions-trading,Sim3,326030,skip,amount,8652dc63cb52
14921431,2026-09-28 14:02:58,actions-trading,Sim3,207940,skip,not_cheap,bd49aaea096c
14921431,2026-09-28 14:02:58,actions-trading,Sim3,033920,skip,amount,b5350bff2897
14921431,2026-09-28 14:02:58,actions-trading,Sim3,004770,skip,amount,5d1af98c4832
14921431,2026-09-28 14:02:58,actions-trading,Sim3,0126Z0,skip,not_cheap,b285cf9e120f
14921431,2026-09-28 14:02:58,actions-trading,Sim3,062040,skip,not_cheap,1b91e2dc8083
14921431,2026-09-28 14:02:58,actions-trading,Sim3,317450,skip,amount,11dbe427b259
14921431,2026-09-28 14:02:58,actions-trading,Sim3,026960,skip,amount,f80aee0fa76a
14921431,2026-09-28 14:02:58,actions-trading,Sim3,021820,skip,amount,a893f22abe39
14921431,2026-09-28 14:02:58,actions-trading,Sim3,192080,skip,amount,faf212849b07
14921431,2026-09-28 14:02:58,actions-trading,Sim3,068270,skip,cooldown,0d0078b59b09
14921431,2026-09-28 14:02:58,actions-trading,Sim3,123890,skip,amount,7cee89691e09
14921431,2026-09-28 14:02:58,actions-trading,Sim3,000240,skip,amount,0062993713b2
14921431,2026-09-28 14:02:58,actions-trading,Sim3,002380,skip,cooldown,29e3297aba1a
14921431,2026-09-28 14:02:58,actions-trading,Sim3,009770,skip,amount,4ae1f694d7a7
14921431,2026-09-28 14:02:58,actions-trading,Sim3,259960,skip,cooldown,d3ace384c197
14921431,2026-09-28 14:02:58,actions-trading,Sim3,035250,skip,amount,bef110420b70
14921431,2026-09-28 14:02:58,actions-trading,Sim3,383220,skip,amount,60b5b54426b6
14921431,2026-09-28 14:02:58,actions-trading,Sim3,226320,skip,amount,b3350dd83d41
14921431,2026-09-28 14:02:58,actions-trading,Sim3,439260,skip,amount,9de2a6d9f6c5
14921431,2026-09-28 14:02:58,actions-trading,Sim3,025560,skip,cooldown,d167f7062850
14921431,2026-09-28 14:02:58,actions-trading,Sim3,007700,skip,amount,cfb4a1c484c9
14921431,2026-09-28 14:02:58,actions-trading,Sim3,278470,skip,not_cheap,36afb6e60865
14921431,2026-09-28 14:02:58,actions-trading,Sim3,000990,skip,not_cheap,31c0869f0364
14921431,2026-09-28 14:03:33,actions-trading,MFHS2,047040,skip,max_holdings,72ff2dafb628
14921431,2026-09-28 14:03:33,actions-trading,MFHS2,009830,seen,,55f6deb3bf48
14921431,2026-09-28 14:03:33,actions-trading,MFHS2,005880,seen,,5df7daf4031b
14921431,2026-09-28 14:03:33,actions-trading,MFHS2,316140,seen,,48fbf8de6d93
14921431,2026-09-28 14:03:33,actions-trading,MFHS2,024110,seen,,ad512236d230
14921431,2026-09-28 14:03:33,actions-trading,MFHS2,018880,seen,,209fd7868943
14921431,2026-09-28 14:03:33,actions-trading,MFHS2,003280,seen,,d8f40b7bf259
14921431,2026-09-28 14:03:33,actions-trading,MFHS2,006360,seen,,d02d1f5333ce
14921431,2026-09-28 14:03:33,actions-trading,MFHS2,088350,seen,,333067d0c5a9
14921431,2026-09-28 14:03:33,actions-trading,MFHS2,073240,seen,,62935c1c2bb7
14921431,2026-09-28 14:03:33,actions-trading,MFHS2,011200,seen,,e3853629538c
14921431,2026-09-28 14:03:33,actions-trading,MFHS2,004020,seen,,34884cfddf19
14921431,2026-09-28 14:03:33,actions-trading,MFHS2,015760,seen,,d87ae69dc1de
14921431,2026-09-28 14:03:33,actions-trading,MFHS2,096770,seen,,87fc96b517ab
14921431,2026-09-28 14:03:33,actions-trading,MFHS2,279570,seen,,58e9d5838150
14921431,2026-09-28 14:03:33,actions-trading,MFHS2,003490,seen,,5bb911b3f195
14921431,2026-09-28 14:03:33,actions-trading,MFHS2,047050,seen,,04c05c38e95b
14921431,2026-09-28 14:03:33,actions-trading,MFHS2,035420,seen,,7e49cf9e2836
14921431,2026-09-28 14:03:33,actions-trading,MFHS2,032640,seen,,fe859532fe30
14921431,2026-09-28 14:03:33,actions-trading,MFHS2,139130,seen,,eeb0d6a8d8db
14921431,2026-09-28 14:03:33,actions-trading,MFHS2,028670,seen,,44b8b70636da
14921431,2026-09-28 14:03:33,actions-trading,MFHS2,004710,seen,,a2b9fa356a51
14921431,2026-09-28 14:03:33,actions-trading,MFHS2,007810,seen,,0a29060dbffb
14921431,2026-09-28 14:03:33,actions-trading,MFHS2,035720,seen,,c8ead63f451e
14921431,2026-09-28 14:03:33,actions-trading,MFHS2,323410,seen,,0e741984e1db
14921431,2026-09-28 14:03:33,actions-trading,MFHS2,002360,seen,,d6287f805a83
14921431,2026-09-28 14:03:33,actions-trading,MFHS2,000720,seen,,cf3a88f0eb62
14921431,2026-09-28 14:03:33,actions-trading,MFHS2,066570,seen,,9a35a5add44b
14921431,2026-09-28 14:03:33,actions-trading,MFHS2,017670,seen,,8852259c5aa7
14921431,2026-09-28 14:03:33,actions-trading,MFHS2,008970,seen,,c3ddc3b039a4
14921431,2026-09-28 14:03:36,actions-trading,상승모멘텀,003580,skip,max_holdings,d8fdaf73daf9
14921431,2026-09-28 14:03:36,actions-trading,상승모멘텀,014280,seen,,425c84331a9a
14921431,2026-09-28 14:03:36,actions-trading,상승모멘텀,009830,seen,,55f6deb3bf48
14921431,2026-09-28 14:03:36,actions-trading,상승모멘텀,003570,seen,,3d8b21dbff78
14921431,2026-09-28 14:03:36,actions-trading,상승모멘텀,002360,seen,,d6287f805a83
14921431,2026-09-28 14:03:36,actions-trading,상승모멘텀,010060,seen,,376e8c5ca191
14921431,2026-09-28 14:03:36,actions-trading,상승모멘텀,001527,seen,,f4917d642368
14921431,2026-09-28 14:03:36,actions-trading,상승모멘텀,025560,seen,,b3554c95799d
14921431,2026-09-28 14:03:36,actions-trading,상승모멘텀,051630,seen,,b598926f4399
14921431,2026-09-28 14:03:36,actions-trading,상승모멘텀,004710,seen,,a2b9fa356a51
14921431,2026-09-28 14:03:36,actions-trading,상승모멘텀,011070,seen,,b33c379159d6
14921431,2026-09-28 14:03:36,actions-trading,상승모멘텀,006110,seen,,cade6f8ae28c
14921431,2026-09-28 14:03:36,actions-trading,상승모멘텀,009835,seen,,8a3786bebbb1
14921431,2026-09-28 14:03:36,actions-trading,상승모멘텀,014285,seen,,76cb75fb2807
14921431,2026-09-28 14:03:36,actions-trading,상승모멘텀,047040,seen,,72ff2dafb628
14921431,2026-09-28 14:03:36,actions-trading,상승모멘텀,499790,seen,,48945b9d47b8
14921431,2026-09-28 14:03:36,actions-trading,상승모멘텀,064960,seen,,6f8227cd172b
14921431,2026-09-28 14:03:36,actions-trading,상승모멘텀,004440,seen,,be09479db9ba
14921431,2026-09-28 14:03:36,actions-trading,상승모멘텀,007810,seen,,0a29060dbffb
14921431,2026-09-28 14:03:36,actions-trading,상승모멘텀,025620,seen,,783a78d271a1
14921431,2026-09-28 14:03:36,actions-trading,상승모멘텀,005070,seen,,6d08482f4915
14921431,2026-09-28 14:03:36,actions-trading,상승모멘텀,077500,seen,,df05e1de5b17
14921431,2026-09-28 14:03:36,actions-trading,상승모멘텀,020120,seen,,4b6cf51911f2
14921431,2026-09-28 14:03:36,actions-trading,상승모멘텀,006120,seen,,f9014a2f21cc
14921431,2026-09-28 14:03:36,actions-trading,상승모멘텀,020150,seen,,d77605269e2e
14921431,2026-09-28 14:03:36,actions-trading,상승모멘텀,306200,seen,,90e6b8b535f9
14921431,2026-09-28 14:03:36,actions-trading,상승모멘텀,003030,seen,,393009800c8b
14921431,2026-09-28 14:03:36,actions-trading,상승모멘텀,096770,seen,,87fc96b517ab
14921431,2026-09-28 14:03:36,actions-trading,상승모멘텀,036530,seen,,f558cd0b9672
14921431,2026-09-28 14:03:36,actions-trading,상승모멘텀,361610,seen,,43714a274c61
14921431,2026-09-28 14:03:36,actions-trading,Sim4-1,003580,skip,amount,d8fdaf73daf9
14921431,2026-09-28 14:03:36,actions-trading,Sim4-1,014280,skip,adx_low,425c84331a9a
14921431,2026-09-28 14:03:36,actions-trading,Sim4-1,009830,skip,period,55f6deb3bf48
14921431,2026-09-28 14:03:36,actions-trading,Sim4-1,003570,skip,adx_high,3d8b21dbff78
14921431,2026-09-28 14:03:36,actions-trading,Sim4-1,002360,skip,held_or_cooldown,d6287f805a83
14921431,2026-09-28 14:03:36,actions-trading,Sim4-1,010060,skip,adx_low,376e8c5ca191
14921431,2026-09-28 14:03:36,actions-trading,Sim4-1,001527,skip,amount,f4917d642368
14921431,2026-09-28 14:03:36,actions-trading,Sim4-1,025560,skip,adx_high,b3554c95799d
14921431,2026-09-28 14:03:36,actions-trading,Sim4-1,051630,skip,amount,b598926f4399
14921431,2026-09-28 14:03:36,actions-trading,Sim4-1,004710,skip,held_or_cooldown,a2b9fa356a51
14921431,2026-09-28 14:03:36,actions-trading,Sim4-1,011070,skip,period,b33c379159d6
14921431,2026-09-28 14:03:36,actions-trading,Sim4-1,006110,skip,adx_high,cade6f8ae28c
14921431,2026-09-28 14:03:36,actions-trading,Sim4-1,009835,skip,amount,8a3786bebbb1
14921431,2026-09-28 14:03:36,actions-trading,Sim4-1,014285,skip,amount,76cb75fb2807
14921431,2026-09-28 14:03:36,actions-trading,Sim4-1,047040,skip,period,72ff2dafb628
14921431,2026-09-28 14:03:36,actions-trading,Sim4-1,499790,skip,amount,48945b9d47b8
14921431,2026-09-28 14:03:36,actions-trading,Sim4-1,064960,skip,adx_high,6f8227cd172b
14921431,2026-09-28 14:03:36,actions-trading,Sim4-1,004440,skip,amount,be09479db9ba
14921431,2026-09-28 14:03:36,actions-trading,Sim4-1,007810,skip,adx_high,0a29060dbffb
14921431,2026-09-28 14:03:36,actions-trading,Sim4-1,025620,skip,amount,783a78d271a1
14921431,2026-09-28 14:03:36,actions-trading,Sim4-1,005070,skip,adx_low,6d08482f4915
14921431,2026-09-28 14:03:36,actions-trading,Sim4-1,077500,skip,adx_high,df05e1de5b17
14921431,2026-09-28 14:03:36,actions-trading,Sim4-1,020120,skip,amount,4b6cf51911f2
14921431,2026-09-28 14:03:36,actions-trading,Sim4-1,006120,skip,adx_high,f9014a2f21cc
14921431,2026-09-28 14:03:36,actions-trading,Sim4-1,020150,skip,adx_low,d77605269e2e
14921431,2026-09-28 14:03:36,actions-trading,Sim4-1,306200,skip,amount,90e6b8b535f9
14921431,2026-09-28 14:03:36,actions-trading,Sim4-1,003030,skip,amount,393009800c8b
14921431,2026-09-28 14:03:36,actions-trading,Sim4-1,096770,skip,adx_high,87fc96b517ab
14921431,2026-09-28 14:03:36,actions-trading,Sim4-1,036530,skip,amount,f558cd0b9672
14921431,2026-09-28 14:03:36,actions-trading,Sim4-1,361610,skip,adx_high,43714a274c61
14921431,2026-09-28 14:03:39,actions-trading,선행매집,047040,skip,below_anchor,72ff2dafb628
14921431,2026-09-28 14:03:39,actions-trading,선행매집,009830,skip,below_anchor,55f6deb3bf48
14921431,2026-09-28 14:03:39,actions-trading,선행매집,024110,skip,below_anchor,ad512236d230
14921431,2026-09-28 14:03:39,actions-trading,선행매집,005880,skip,below_anchor,5df7daf4031b
14921431,2026-09-28 14:03:39,actions-trading,선행매집,018880,skip,below_anchor,209fd7868943
14921431,2026-09-28 14:03:39,actions-trading,선행매집,316140,skip,no_setup,48fbf8de6d93
14921431,2026-09-28 14:03:39,actions-trading,선행매집,003280,skip,below_anchor,d8f40b7bf259
14921431,2026-09-28 14:03:39,actions-trading,선행매집,015760,skip,below_anchor,d87ae69dc1de
14921431,2026-09-28 14:03:39,actions-trading,선행매집,088350,skip,below_anchor,333067d0c5a9
14921431,2026-09-28 14:03:39,actions-trading,선행매집,073240,skip,below_anchor,62935c1c2bb7
14921431,2026-09-28 14:03:39,actions-trading,선행매집,011200,skip,sold_or_cooldown,e3853629538c
14921431,2026-09-28 14:03:39,actions-trading,선행매집,096770,skip,held_awaiting_breakout,87fc96b517ab
14921431,2026-09-28 14:03:39,actions-trading,선행매집,006360,skip,below_anchor,d02d1f5333ce
14921431,2026-09-28 14:03:39,actions-trading,선행매집,035420,skip,below_anchor,7e49cf9e2836
14921431,2026-09-28 14:03:39,actions-trading,선행매집,004710,skip,below_anchor,a2b9fa356a51
14921431,2026-09-28 14:03:39,actions-trading,선행매집,003490,skip,sold_or_cooldown,5bb911b3f195
14921431,2026-09-28 14:03:39,actions-trading,선행매집,028670,skip,no_setup,44b8b70636da
14921431,2026-09-28 14:03:39,actions-trading,선행매집,279570,skip,below_anchor,58e9d5838150
14921431,2026-09-28 14:03:39,actions-trading,선행매집,047050,skip,below_anchor,04c05c38e95b
14921431,2026-09-28 14:03:39,actions-trading,선행매집,004020,skip,below_anchor,34884cfddf19
14921431,2026-09-28 14:03:39,actions-trading,선행매집,032640,skip,below_anchor,fe859532fe30
14921431,2026-09-28 14:03:39,actions-trading,선행매집,035720,skip,below_anchor,c8ead63f451e
14921431,2026-09-28 14:03:39,actions-trading,선행매집,139130,skip,no_setup,eeb0d6a8d8db
14921431,2026-09-28 14:03:39,actions-trading,선행매집,066570,skip,below_anchor,9a35a5add44b
14921431,2026-09-28 14:03:39,actions-trading,선행매집,000720,skip,below_anchor,cf3a88f0eb62
14921431,2026-09-28 14:03:39,actions-trading,선행매집,007810,skip,below_anchor,0a29060dbffb
14921431,2026-09-28 14:03:39,actions-trading,선행매집,017670,skip,below_anchor,8852259c5aa7
14921431,2026-09-28 14:03:39,actions-trading,선행매집,020150,skip,below_anchor,d77605269e2e
14921431,2026-09-28 14:03:39,actions-trading,선행매집,088980,skip,below_anchor,d9c833d4a5eb
14921431,2026-09-28 14:03:39,actions-trading,선행매집,008970,skip,amount,c3ddc3b039a4
14921431,2026-09-28 14:03:39,actions-trading,Sim9,_gate,skip,outside_entry_window,e3b0c44298fc
14921431,2026-09-28 14:03:39,actions-trading,Sim9,003580,seen,,d8fdaf73daf9
14921431,2026-09-28 14:03:39,actions-trading,Sim9,014280,seen,,425c84331a9a
14921431,2026-09-28 14:03:39,actions-trading,Sim9,009830,seen,,55f6deb3bf48
14921431,2026-09-28 14:03:39,actions-trading,Sim9,003570,seen,,3d8b21dbff78
14921431,2026-09-28 14:03:39,actions-trading,Sim9,002360,seen,,d6287f805a83
14921431,2026-09-28 14:03:39,actions-trading,Sim9,010060,seen,,376e8c5ca191
14921431,2026-09-28 14:03:39,actions-trading,Sim9,001527,seen,,f4917d642368
14921431,2026-09-28 14:03:39,actions-trading,Sim9,025560,seen,,b3554c95799d
14921431,2026-09-28 14:03:39,actions-trading,Sim9,051630,seen,,b598926f4399
14921431,2026-09-28 14:03:39,actions-trading,Sim9,004710,seen,,a2b9fa356a51
14921431,2026-09-28 14:03:39,actions-trading,Sim9,011070,seen,,b33c379159d6
14921431,2026-09-28 14:03:39,actions-trading,Sim9,006110,seen,,cade6f8ae28c
14921431,2026-09-28 14:03:39,actions-trading,Sim9,009835,seen,,8a3786bebbb1
14921431,2026-09-28 14:03:39,actions-trading,Sim9,014285,seen,,76cb75fb2807
14921431,2026-09-28 14:03:39,actions-trading,Sim9,047040,seen,,72ff2dafb628
14921431,2026-09-28 14:03:39,actions-trading,Sim9,499790,seen,,48945b9d47b8
14921431,2026-09-28 14:03:39,actions-trading,Sim9,064960,seen,,6f8227cd172b
14921431,2026-09-28 14:03:39,actions-trading,Sim9,004440,seen,,be09479db9ba
14921431,2026-09-28 14:03:39,actions-trading,Sim9,007810,seen,,0a29060dbffb
14921431,2026-09-28 14:03:39,actions-trading,Sim9,025620,seen,,783a78d271a1
14921431,2026-09-28 14:03:39,actions-trading,Sim9,005070,seen,,6d08482f4915
14921431,2026-09-28 14:03:39,actions-trading,Sim9,077500,seen,,df05e1de5b17
14921431,2026-09-28 14:03:39,actions-trading,Sim9,020120,seen,,4b6cf51911f2
14921431,2026-09-28 14:03:39,actions-trading,Sim9,006120,seen,,f9014a2f21cc
14921431,2026-09-28 14:03:39,actions-trading,Sim9,020150,seen,,d77605269e2e
14921431,2026-09-28 14:03:39,actions-trading,Sim9,306200,seen,,90e6b8b535f9
14921431,2026-09-28 14:03:39,actions-trading,Sim9,003030,seen,,393009800c8b
14921431,2026-09-28 14:03:39,actions-trading,Sim9,096770,seen,,87fc96b517ab
14921431,2026-09-28 14:03:39,actions-trading,Sim9,036530,seen,,f558cd0b9672
14921431,2026-09-28 14:03:39,actions-trading,Sim9,361610,seen,,43714a274c61
14921431,2026-09-28 14:03:39,actions-trading,미너비니,192820,skip,below_pivot,df8d9b226003
14921431,2026-09-28 14:03:39,actions-trading,미너비니,443060,skip,below_pivot,a80574249077
14921431,2026-09-28 14:03:39,actions-trading,Sim12,003580,skip,pb2_not_crashed,d8fdaf73daf9
14921431,2026-09-28 14:03:39,actions-trading,Sim12,014280,skip,pb2_not_crashed,425c84331a9a
14921431,2026-09-28 14:03:39,actions-trading,Sim12,009830,skip,pb2_not_crashed,55f6deb3bf48
14921431,2026-09-28 14:03:39,actions-trading,Sim12,003570,skip,avoid_frgn_sell_20d,3d8b21dbff78
14921431,2026-09-28 14:03:39,actions-trading,Sim12,002360,skip,pb2_not_crashed,d6287f805a83
14921431,2026-09-28 14:03:39,actions-trading,Sim12,010060,skip,pb2_not_crashed,376e8c5ca191
14921431,2026-09-28 14:03:39,actions-trading,Sim12,001527,skip,avoid_deadcat,f4917d642368
14921431,2026-09-28 14:03:39,actions-trading,Sim12,025560,skip,avoid_frgn_sell_20d,b3554c95799d
14921431,2026-09-28 14:03:39,actions-trading,Sim12,051630,skip,pb2_not_crashed,b598926f4399
14921431,2026-09-28 14:03:39,actions-trading,Sim12,004710,skip,avoid_frgn_sell_20d,a2b9fa356a51
14921431,2026-09-28 14:03:39,actions-trading,Sim12,011070,skip,avoid_orgn_sell_high_per,b33c379159d6
14921431,2026-09-28 14:03:39,actions-trading,Sim12,006110,skip,avoid_deadcat,cade6f8ae28c
14921431,2026-09-28 14:03:39,actions-trading,Sim12,009835,skip,avoid_frgn_sell_20d,8a3786bebbb1
14921431,2026-09-28 14:03:39,actions-trading,Sim12,014285,skip,pb2_not_crashed,76cb75fb2807
14921431,2026-09-28 14:03:39,actions-trading,Sim12,047040,skip,avoid_frgn_sell_20d,72ff2dafb628
14921431,2026-09-28 14:03:39,actions-trading,Sim12,499790,skip,avoid_frgn_sell_20d,48945b9d47b8
14921431,2026-09-28 14:03:39,actions-trading,Sim12,064960,skip,avoid_frgn_sell_20d,6f8227cd172b
14921431,2026-09-28 14:03:39,actions-trading,Sim12,004440,skip,avoid_frgn_sell_20d,be09479db9ba
14921431,2026-09-28 14:03:39,actions-trading,Sim12,007810,skip,avoid_orgn_sell_high_per,0a29060dbffb
14921431,2026-09-28 14:03:39,actions-trading,Sim12,025620,skip,pb2_not_crashed,783a78d271a1
14921431,2026-09-28 14:03:39,actions-trading,Sim12,005070,skip,avoid_frgn_sell_20d,6d08482f4915
14921431,2026-09-28 14:03:39,actions-trading,Sim12,077500,skip,pb2_not_crashed,df05e1de5b17
14921431,2026-09-28 14:03:39,actions-trading,Sim12,020120,skip,avoid_amount_dry,4b6cf51911f2
14921431,2026-09-28 14:03:39,actions-trading,Sim12,006120,skip,avoid_frgn_sell_20d,f9014a2f21cc
14921431,2026-09-28 14:03:39,actions-trading,Sim12,020150,skip,avoid_frgn_sell_20d,d77605269e2e
14921431,2026-09-28 14:03:39,actions-trading,Sim12,306200,skip,pb2_not_crashed,90e6b8b535f9
14921431,2026-09-28 14:03:39,actions-trading,Sim12,003030,skip,pb2_not_crashed,393009800c8b
14921431,2026-09-28 14:03:39,actions-trading,Sim12,096770,skip,pb2_not_crashed,87fc96b517ab
14921431,2026-09-28 14:03:39,actions-trading,Sim12,036530,skip,avoid_frgn_sell_20d,f558cd0b9672
14921431,2026-09-28 14:03:39,actions-trading,Sim12,361610,skip,pb2_not_crashed,43714a274c61
14921431,2026-09-28 14:03:39,actions-trading,Sim12,014990,skip,avoid_amount_dry,5ef4df8f4bf6
14921431,2026-09-28 14:03:39,actions-trading,Sim12,109070,skip,pb2_not_crashed,f49a8359a192
14921431,2026-09-28 14:03:39,actions-trading,Sim12,002820,skip,pb2_not_crashed,a49918098466
14921431,2026-09-28 14:03:39,actions-trading,Sim12,002787,skip,avoid_amount_dry,676f31f2d6c3
14921431,2026-09-28 14:03:39,actions-trading,Sim12,402340,skip,pb2_not_crashed,893ee92d5c00
14921431,2026-09-28 14:03:39,actions-trading,Sim12,009420,skip,pb2_not_crashed,75c4c2733b49
14921431,2026-09-28 14:03:39,actions-trading,Sim12,02826K,skip,pb2_not_crashed,822166c9ac02
14921431,2026-09-28 14:03:39,actions-trading,Sim12,028260,skip,pb2_not_crashed,394683c61cbd
14921431,2026-09-28 14:03:39,actions-trading,Sim12,005935,skip,avoid_frgn_sell_20d,5d484dc62845
14921431,2026-09-28 14:03:39,actions-trading,Sim12,009190,skip,pb2_no_inst_buying,1aa28c4353e5
14921431,2026-09-28 14:03:39,actions-trading,Sim12,034730,skip,pb2_not_crashed,a1df7eacc054
14921431,2026-09-28 14:03:39,actions-trading,Sim12,069960,skip,avoid_amount_dry,fa2160c6ecd1
14921431,2026-09-28 14:03:39,actions-trading,Sim12,002870,skip,avoid_amount_dry,bf7f79c4d4fa
14921431,2026-09-28 14:03:39,actions-trading,Sim12,000500,skip,avoid_amount_dry,d5f8f10723e2
14921431,2026-09-28 14:03:39,actions-trading,Sim12,000150,skip,avoid_frgn_sell_20d,c93547f211d7
14921431,2026-09-28 14:03:39,actions-trading,Sim12,03473K,skip,avoid_frgn_sell_20d,599eefe5c229
14921431,2026-09-28 14:03:39,actions-trading,Sim12,192650,skip,avoid_frgn_sell_20d,ee11651604f5
14921431,2026-09-28 14:03:39,actions-trading,Sim12,011090,skip,avoid_amount_dry,188bfcf71974
14921431,2026-09-28 14:03:39,actions-trading,Sim12,002070,skip,avoid_amount_dry,93cd74060213
14921431,2026-09-28 14:03:39,actions-trading,Sim12,101140,skip,avoid_amount_dry,23d4334c1b00
14921431,2026-09-28 14:03:39,actions-trading,Sim12,005930,skip,pb2_not_crashed,213f5df8370d
14921431,2026-09-28 14:03:39,actions-trading,Sim12,011390,skip,avoid_amount_dry,e78415f87522
14921431,2026-09-28 14:03:39,actions-trading,Sim12,000660,skip,avoid_frgn_sell_20d,f384c99fa85e
14921431,2026-09-28 14:03:39,actions-trading,Sim12,451800,skip,avoid_frgn_sell_20d,d00f4e0819cd
14921431,2026-09-28 14:03:39,actions-trading,Sim12,024900,skip,avoid_frgn_sell_20d,204435e973c7
14921431,2026-09-28 14:03:39,actions-trading,Sim12,007660,skip,pb2_not_crashed,918306ee606e
14921431,2026-09-28 14:03:39,actions-trading,Sim12,298040,skip,pb2_not_crashed,ad35269f270c
14921431,2026-09-28 14:03:39,actions-trading,Sim12,128940,skip,avoid_amount_dry,1161965e3bf3
14921431,2026-09-28 14:03:39,actions-trading,Sim12,044820,skip,avoid_amount_dry,5c727513d88a
14921431,2026-09-28 14:03:39,actions-trading,Sim12,000760,skip,avoid_amount_dry,2aee40183ba4
14921431,2026-09-28 14:03:39,actions-trading,Sim13,003580,skip,theme_momentum_weak,d8fdaf73daf9
14921431,2026-09-28 14:03:39,actions-trading,Sim13,014280,skip,theme_momentum_weak,425c84331a9a
14921431,2026-09-28 14:03:39,actions-trading,Sim13,009830,skip,theme_momentum_weak,55f6deb3bf48
14921431,2026-09-28 14:03:39,actions-trading,Sim13,003570,skip,theme_momentum_weak,3d8b21dbff78
14921431,2026-09-28 14:03:39,actions-trading,Sim13,002360,skip,held_or_cooldown,d6287f805a83
14921431,2026-09-28 14:03:39,actions-trading,Sim13,010060,skip,theme_momentum_weak,376e8c5ca191
14921431,2026-09-28 14:03:39,actions-trading,Sim13,001527,skip,theme_momentum_weak,f4917d642368
14921431,2026-09-28 14:03:39,actions-trading,Sim13,025560,skip,theme_momentum_weak,b3554c95799d
14921431,2026-09-28 14:03:39,actions-trading,Sim13,051630,skip,adx_weak,b598926f4399
14921431,2026-09-28 14:03:39,actions-trading,Sim13,004710,skip,no_frgn_support,a2b9fa356a51
14921431,2026-09-28 14:03:39,actions-trading,Sim13,011070,skip,theme_momentum_weak,b33c379159d6
14921431,2026-09-28 14:03:39,actions-trading,Sim13,006110,skip,theme_momentum_weak,cade6f8ae28c
14921431,2026-09-28 14:03:39,actions-trading,Sim13,009835,skip,theme_momentum_weak,8a3786bebbb1
14921431,2026-09-28 14:03:39,actions-trading,Sim13,014285,skip,theme_momentum_weak,76cb75fb2807
14921431,2026-09-28 14:03:39,actions-trading,Sim13,047040,skip,theme_momentum_weak,72ff2dafb628
14921431,2026-09-28 14:03:39,actions-trading,Sim13,499790,skip,theme_momentum_weak,48945b9d47b8
14921431,2026-09-28 14:03:39,actions-trading,Sim13,064960,skip,theme_momentum_weak,6f8227cd172b
14921431,2026-09-28 14:03:39,actions-trading,Sim13,004440,skip,theme_momentum_weak,be09479db9ba
14921431,2026-09-28 14:03:39,actions-trading,Sim13,007810,skip,theme_momentum_weak,0a29060dbffb
14921431,2026-09-28 14:03:39,actions-trading,Sim13,025620,skip,theme_momentum_weak,783a78d271a1
14921431,2026-09-28 14:03:39,actions-trading,Sim13,005070,skip,theme_momentum_weak,6d08482f4915
14921431,2026-09-28 14:03:39,actions-trading,Sim13,077500,skip,held_or_cooldown,df05e1de5b17
14921431,2026-09-28 14:03:39,actions-trading,Sim13,020120,skip,adx_weak,4b6cf51911f2
14921431,2026-09-28 14:03:39,actions-trading,Sim13,006120,skip,no_frgn_support,f9014a2f21cc
14921431,2026-09-28 14:03:39,actions-trading,Sim13,020150,skip,theme_momentum_weak,d77605269e2e
14921431,2026-09-28 14:03:39,actions-trading,Sim13,306200,skip,theme_momentum_weak,90e6b8b535f9
14921431,2026-09-28 14:03:39,actions-trading,Sim13,003030,skip,theme_momentum_weak,393009800c8b
14921431,2026-09-28 14:03:39,actions-trading,Sim13,096770,skip,adx_weak,87fc96b517ab
14921431,2026-09-28 14:03:39,actions-trading,Sim13,036530,skip,theme_momentum_weak,f558cd0b9672
14921431,2026-09-28 14:03:39,actions-trading,Sim13,361610,skip,theme_momentum_weak,43714a274c61
14921432,2026-09-28 14:04:58,actions-trading,Sim3,402340,skip,qty_zero,7a2f05d9a42a
14921432,2026-09-28 14:04:58,actions-trading,Sim3,383800,skip,amount,dda66dab3085
14921432,2026-09-28 14:04:58,actions-trading,Sim3,462870,skip,amount,fcccb7637557
14921432,2026-09-28 14:04:58,actions-trading,Sim3,000660,skip,qty_zero,19aa6201ffc9
14921432,2026-09-28 14:04:58,actions-trading,Sim3,071970,skip,amount,4f31159ba780
14921432,2026-09-28 14:04:58,actions-trading,Sim3,042700,skip,not_cheap,0f86a5239af9
14921432,2026-09-28 14:04:58,actions-trading,Sim3,326030,skip,amount,b6333e697b39
14921432,2026-09-28 14:04:58,actions-trading,Sim3,207940,skip,not_cheap,103221fdbfa9
14921432,2026-09-28 14:04:58,actions-trading,Sim3,033920,skip,amount,f7cf845afffb
14921432,2026-09-28 14:04:58,actions-trading,Sim3,004770,skip,amount,5d1af98c4832
14921432,2026-09-28 14:04:58,actions-trading,Sim3,0126Z0,skip,not_cheap,91b1de3e6280
14921432,2026-09-28 14:04:58,actions-trading,Sim3,062040,skip,not_cheap,99379d02e2fc
14921432,2026-09-28 14:04:58,actions-trading,Sim3,317450,skip,amount,652def7bf7b9
14921432,2026-09-28 14:04:58,actions-trading,Sim3,026960,skip,amount,40dbfab28bf7
14921432,2026-09-28 14:04:58,actions-trading,Sim3,021820,skip,amount,a893f22abe39
14921432,2026-09-28 14:04:58,actions-trading,Sim3,192080,skip,amount,f62ede99fb28
14921432,2026-09-28 14:04:58,actions-trading,Sim3,068270,skip,cooldown,247c0fc526c5
14921432,2026-09-28 14:04:58,actions-trading,Sim3,123890,skip,amount,9f45ab2c6b32
14921432,2026-09-28 14:04:58,actions-trading,Sim3,000240,skip,amount,bfdc676d11a6
14921432,2026-09-28 14:04:58,actions-trading,Sim3,002380,skip,cooldown,f2da7edf6a64
14921432,2026-09-28 14:04:58,actions-trading,Sim3,009770,skip,amount,4ae1f694d7a7
14921432,2026-09-28 14:04:58,actions-trading,Sim3,259960,skip,cooldown,0d81d236f97a
14921432,2026-09-28 14:04:58,actions-trading,Sim3,035250,skip,amount,3a1f231be736
14921432,2026-09-28 14:04:58,actions-trading,Sim3,383220,skip,amount,70eca4b3e7e6
14921432,2026-09-28 14:04:58,actions-trading,Sim3,226320,skip,amount,b3350dd83d41
14921432,2026-09-28 14:04:58,actions-trading,Sim3,439260,skip,amount,e839668ac279
14921432,2026-09-28 14:04:58,actions-trading,Sim3,025560,skip,cooldown,09066ed18121
14921432,2026-09-28 14:04:58,actions-trading,Sim3,007700,skip,amount,2a929aeac137
14921432,2026-09-28 14:04:58,actions-trading,Sim3,278470,skip,not_cheap,98b9b8db0fd1
14921432,2026-09-28 14:04:58,actions-trading,Sim3,000990,skip,not_cheap,d45697273e0c
14921432,2026-09-28 14:05:32,actions-trading,MFHS2,047040,skip,max_holdings,6815f9cc04a4
14921432,2026-09-28 14:05:32,actions-trading,MFHS2,009830,seen,,13565f0c2ef2
14921432,2026-09-28 14:05:32,actions-trading,MFHS2,005880,seen,,45cfc513d53b
14921432,2026-09-28 14:05:32,actions-trading,MFHS2,316140,seen,,082a19a08cb5
14921432,2026-09-28 14:05:32,actions-trading,MFHS2,024110,seen,,a605259b047d
14921432,2026-09-28 14:05:32,actions-trading,MFHS2,018880,seen,,7bd66cfa8eda
14921432,2026-09-28 14:05:32,actions-trading,MFHS2,003280,seen,,bcb374fa6c2e
14921432,2026-09-28 14:05:32,actions-trading,MFHS2,006360,seen,,e099389ea905
14921432,2026-09-28 14:05:32,actions-trading,MFHS2,088350,seen,,bdb41bdf0fda
14921432,2026-09-28 14:05:32,actions-trading,MFHS2,073240,seen,,ba3df498e0b1
14921432,2026-09-28 14:05:32,actions-trading,MFHS2,011200,seen,,d4590e6fc0a3
14921432,2026-09-28 14:05:32,actions-trading,MFHS2,004020,seen,,35340e457672
14921432,2026-09-28 14:05:32,actions-trading,MFHS2,015760,seen,,3e8e1e256135
14921432,2026-09-28 14:05:32,actions-trading,MFHS2,096770,seen,,ee440d64eb1f
14921432,2026-09-28 14:05:32,actions-trading,MFHS2,279570,seen,,43942dbbe0d2
14921432,2026-09-28 14:05:32,actions-trading,MFHS2,003490,seen,,66722ab02624
14921432,2026-09-28 14:05:32,actions-trading,MFHS2,047050,seen,,213f08f5977c
14921432,2026-09-28 14:05:32,actions-trading,MFHS2,035420,seen,,bd7632b4e0fe
14921432,2026-09-28 14:05:32,actions-trading,MFHS2,032640,seen,,df280e4bedb0
14921432,2026-09-28 14:05:32,actions-trading,MFHS2,139130,seen,,ecbdbcaf0368
14921432,2026-09-28 14:05:32,actions-trading,MFHS2,028670,seen,,5bd75e8fb93d
14921432,2026-09-28 14:05:32,actions-trading,MFHS2,004710,seen,,5778233bbab9
14921432,2026-09-28 14:05:32,actions-trading,MFHS2,007810,seen,,2246a0fc341a
14921432,2026-09-28 14:05:32,actions-trading,MFHS2,035720,seen,,45799b02451c
14921432,2026-09-28 14:05:32,actions-trading,MFHS2,323410,seen,,517ff6ae2f8f
14921432,2026-09-28 14:05:32,actions-trading,MFHS2,002360,seen,,2423ce8ed4b2
14921432,2026-09-28 14:05:32,actions-trading,MFHS2,000720,seen,,33c388b52995
14921432,2026-09-28 14:05:32,actions-trading,MFHS2,066570,seen,,338216ee1f54
14921432,2026-09-28 14:05:32,actions-trading,MFHS2,017670,seen,,e927817388d3
14921432,2026-09-28 14:05:32,actions-trading,MFHS2,008970,seen,,8628cdff4241
14921432,2026-09-28 14:05:35,actions-trading,상승모멘텀,003580,skip,max_holdings,d8fdaf73daf9
14921432,2026-09-28 14:05:35,actions-trading,상승모멘텀,014280,seen,,aefee9ebe67d
14921432,2026-09-28 14:05:35,actions-trading,상승모멘텀,003570,seen,,79759e86d965
14921432,2026-09-28 14:05:35,actions-trading,상승모멘텀,009830,seen,,13565f0c2ef2
14921432,2026-09-28 14:05:35,actions-trading,상승모멘텀,002360,seen,,2423ce8ed4b2
14921432,2026-09-28 14:05:35,actions-trading,상승모멘텀,010060,seen,,9342b2095c32
14921432,2026-09-28 14:05:35,actions-trading,상승모멘텀,001527,seen,,45a23ad91263
14921432,2026-09-28 14:05:35,actions-trading,상승모멘텀,025560,seen,,19ca3cab35c8
14921432,2026-09-28 14:05:35,actions-trading,상승모멘텀,051630,seen,,dde3db49acb3
14921432,2026-09-28 14:05:35,actions-trading,상승모멘텀,044380,seen,,503d7ddccd43
14921432,2026-09-28 14:05:35,actions-trading,상승모멘텀,004710,seen,,5778233bbab9
14921432,2026-09-28 14:05:35,actions-trading,상승모멘텀,011070,seen,,5f29150eda5f
14921432,2026-09-28 14:05:35,actions-trading,상승모멘텀,006110,seen,,4cb0c469475f
14921432,2026-09-28 14:05:35,actions-trading,상승모멘텀,009835,seen,,eeeeedc14d01
14921432,2026-09-28 14:05:35,actions-trading,상승모멘텀,499790,seen,,06808fdee3fe
14921432,2026-09-28 14:05:35,actions-trading,상승모멘텀,014285,seen,,76cb75fb2807
14921432,2026-09-28 14:05:35,actions-trading,상승모멘텀,004440,seen,,51df5b7b3ac8
14921432,2026-09-28 14:05:35,actions-trading,상승모멘텀,047040,seen,,6815f9cc04a4
14921432,2026-09-28 14:05:35,actions-trading,상승모멘텀,064960,seen,,82c2b36344ae
14921432,2026-09-28 14:05:35,actions-trading,상승모멘텀,007810,seen,,2246a0fc341a
14921432,2026-09-28 14:05:35,actions-trading,상승모멘텀,025620,seen,,783a78d271a1
14921432,2026-09-28 14:05:35,actions-trading,상승모멘텀,005070,seen,,eb9177a65224
14921432,2026-09-28 14:05:35,actions-trading,상승모멘텀,077500,seen,,aeda596c83a3
14921432,2026-09-28 14:05:35,actions-trading,상승모멘텀,020120,seen,,d716a9f34dc6
14921432,2026-09-28 14:05:35,actions-trading,상승모멘텀,020150,seen,,d5a06d0be9df
14921432,2026-09-28 14:05:35,actions-trading,상승모멘텀,006120,seen,,17e19f81e147
14921432,2026-09-28 14:05:35,actions-trading,상승모멘텀,306200,seen,,09d93e5fb1c1
14921432,2026-09-28 14:05:35,actions-trading,상승모멘텀,003030,seen,,9ecb365de7ae
14921432,2026-09-28 14:05:35,actions-trading,상승모멘텀,096770,seen,,ee440d64eb1f
14921432,2026-09-28 14:05:35,actions-trading,상승모멘텀,210980,seen,,43b29a920519
14921432,2026-09-28 14:05:35,actions-trading,Sim4-1,003580,skip,amount,d8fdaf73daf9
14921432,2026-09-28 14:05:35,actions-trading,Sim4-1,014280,skip,adx_low,aefee9ebe67d
14921432,2026-09-28 14:05:35,actions-trading,Sim4-1,003570,skip,adx_high,79759e86d965
14921432,2026-09-28 14:05:35,actions-trading,Sim4-1,009830,skip,period,13565f0c2ef2
14921432,2026-09-28 14:05:35,actions-trading,Sim4-1,002360,skip,held_or_cooldown,2423ce8ed4b2
14921432,2026-09-28 14:05:35,actions-trading,Sim4-1,010060,skip,adx_low,9342b2095c32
14921432,2026-09-28 14:05:35,actions-trading,Sim4-1,001527,skip,amount,45a23ad91263
14921432,2026-09-28 14:05:35,actions-trading,Sim4-1,025560,skip,adx_high,19ca3cab35c8
14921432,2026-09-28 14:05:35,actions-trading,Sim4-1,051630,skip,amount,dde3db49acb3
14921432,2026-09-28 14:05:35,actions-trading,Sim4-1,044380,skip,amount,503d7ddccd43
14921432,2026-09-28 14:05:35,actions-trading,Sim4-1,004710,skip,held_or_cooldown,5778233bbab9
14921432,2026-09-28 14:05:35,actions-trading,Sim4-1,011070,skip,period,5f29150eda5f
14921432,2026-09-28 14:05:35,actions-trading,Sim4-1,006110,skip,adx_high,4cb0c469475f
14921432,2026-09-28 14:05:35,actions-trading,Sim4-1,009835,skip,amount,eeeeedc14d01
14921432,2026-09-28 14:05:35,actions-trading,Sim4-1,499790,skip,amount,06808fdee3fe
14921432,2026-09-28 14:05:35,actions-trading,Sim4-1,014285,skip,amount,76cb75fb2807
14921432,2026-09-28 14:05:35,actions-trading,Sim4-1,004440,skip,amount,51df5b7b3ac8
14921432,2026-09-28 14:05:35,actions-trading,Sim4-1,047040,skip,period,6815f9cc04a4
14921432,2026-09-28 14:05:35,actions-trading,Sim4-1,064960,skip,adx_high,82c2b36344ae
14921432,2026-09-28 14:05:35,actions-trading,Sim4-1,007810,skip,adx_high,2246a0fc341a
14921432,2026-09-28 14:05:35,actions-trading,Sim4-1,025620,skip,amount,783a78d271a1
14921432,2026-09-28 14:05:35,actions-trading,Sim4-1,005070,skip,adx_low,eb9177a65224
14921432,2026-09-28 14:05:35,actions-trading,Sim4-1,077500,skip,adx_high,aeda596c83a3
14921432,2026-09-28 14:05:35,actions-trading,Sim4-1,020120,skip,amount,d716a9f34dc6
14921432,2026-09-28 14:05:35,actions-trading,Sim4-1,020150,skip,adx_low,d5a06d0be9df
14921432,2026-09-28 14:05:35,actions-trading,Sim4-1,006120,skip,adx_high,17e19f81e147
14921432,2026-09-28 14:05:35,actions-trading,Sim4-1,306200,skip,amount,09d93e5fb1c1
14921432,2026-09-28 14:05:35,actions-trading,Sim4-1,003030,skip,amount,9ecb365de7ae
14921432,2026-09-28 14:05:35,actions-trading,Sim4-1,096770,skip,adx_high,ee440d64eb1f
14921432,2026-09-28 14:05:35,actions-trading,Sim4-1,210980,skip,amount,43b29a920519
14921432,2026-09-28 14:05:37,actions-trading,선행매집,047040,skip,below_anchor,6815f9cc04a4
14921432,2026-09-28 14:05:37,actions-trading,선행매집,009830,skip,below_anchor,13565f0c2ef2
14921432,2026-09-28 14:05:37,actions-trading,선행매집,024110,skip,below_anchor,a605259b047d
14921432,2026-09-28 14:05:37,actions-trading,선행매집,005880,skip,below_anchor,45cfc513d53b
14921432,2026-09-28 14:05:37,actions-trading,선행매집,018880,skip,below_anchor,7bd66cfa8eda
14921432,2026-09-28 14:05:37,actions-trading,선행매집,316140,skip,no_setup,082a19a08cb5
14921432,2026-09-28 14:05:37,actions-trading,선행매집,003280,skip,below_anchor,bcb374fa6c2e
14921432,2026-09-28 14:05:37,actions-trading,선행매집,015760,skip,below_anchor,3e8e1e256135
14921432,2026-09-28 14:05:37,actions-trading,선행매집,088350,skip,below_anchor,bdb41bdf0fda
14921432,2026-09-28 14:05:37,actions-trading,선행매집,073240,skip,below_anchor,ba3df498e0b1
14921432,2026-09-28 14:05:37,actions-trading,선행매집,011200,skip,sold_or_cooldown,d4590e6fc0a3
14921432,2026-09-28 14:05:37,actions-trading,선행매집,096770,skip,held_awaiting_breakout,ee440d64eb1f
14921432,2026-09-28 14:05:37,actions-trading,선행매집,006360,skip,below_anchor,e099389ea905
14921432,2026-09-28 14:05:37,actions-trading,선행매집,035420,skip,below_anchor,bd7632b4e0fe
14921432,2026-09-28 14:05:37,actions-trading,선행매집,004710,skip,below_anchor,5778233bbab9
14921432,2026-09-28 14:05:37,actions-trading,선행매집,003490,skip,sold_or_cooldown,66722ab02624
14921432,2026-09-28 14:05:37,actions-trading,선행매집,028670,skip,no_setup,5bd75e8fb93d
14921432,2026-09-28 14:05:37,actions-trading,선행매집,279570,skip,below_anchor,43942dbbe0d2
14921432,2026-09-28 14:05:37,actions-trading,선행매집,047050,skip,below_anchor,213f08f5977c
14921432,2026-09-28 14:05:37,actions-trading,선행매집,004020,skip,below_anchor,35340e457672
14921432,2026-09-28 14:05:37,actions-trading,선행매집,032640,skip,below_anchor,df280e4bedb0
14921432,2026-09-28 14:05:37,actions-trading,선행매집,035720,skip,below_anchor,45799b02451c
14921432,2026-09-28 14:05:37,actions-trading,선행매집,139130,skip,held_awaiting_breakout,ecbdbcaf0368
14921432,2026-09-28 14:05:37,actions-trading,선행매집,066570,skip,below_anchor,338216ee1f54
14921432,2026-09-28 14:05:37,actions-trading,선행매집,000720,skip,no_52w_anchor,33c388b52995
14921432,2026-09-28 14:05:37,actions-trading,선행매집,007810,skip,below_anchor,2246a0fc341a
14921432,2026-09-28 14:05:37,actions-trading,선행매집,017670,skip,below_anchor,e927817388d3
14921432,2026-09-28 14:05:37,actions-trading,선행매집,020150,skip,below_anchor,d5a06d0be9df
14921432,2026-09-28 14:05:37,actions-trading,선행매집,088980,skip,below_anchor,2464ce00c228
14921432,2026-09-28 14:05:37,actions-trading,선행매집,008970,skip,amount,8628cdff4241
14921432,2026-09-28 14:05:37,actions-trading,Sim9,_gate,skip,outside_entry_window,e3b0c44298fc
14921432,2026-09-28 14:05:37,actions-trading,Sim9,003580,seen,,d8fdaf73daf9
14921432,2026-09-28 14:05:37,actions-trading,Sim9,014280,seen,,aefee9ebe67d
14921432,2026-09-28 14:05:37,actions-trading,Sim9,003570,seen,,79759e86d965
14921432,2026-09-28 14:05:37,actions-trading,Sim9,009830,seen,,13565f0c2ef2
14921432,2026-09-28 14:05:37,actions-trading,Sim9,002360,seen,,2423ce8ed4b2
14921432,2026-09-28 14:05:37,actions-trading,Sim9,010060,seen,,9342b2095c32
14921432,2026-09-28 14:05:37,actions-trading,Sim9,001527,seen,,45a23ad91263
14921432,2026-09-28 14:05:37,actions-trading,Sim9,025560,seen,,19ca3cab35c8
14921432,2026-09-28 14:05:37,actions-trading,Sim9,051630,seen,,dde3db49acb3
14921432,2026-09-28 14:05:37,actions-trading,Sim9,044380,seen,,503d7ddccd43
14921432,2026-09-28 14:05:37,actions-trading,Sim9,004710,seen,,5778233bbab9
14921432,2026-09-28 14:05:37,actions-trading,Sim9,011070,seen,,5f29150eda5f
14921432,2026-09-28 14:05:37,actions-trading,Sim9,006110,seen,,4cb0c469475f
14921432,2026-09-28 14:05:37,actions-trading,Sim9,009835,seen,,eeeeedc14d01
14921432,2026-09-28 14:05:37,actions-trading,Sim9,499790,seen,,06808fdee3fe
14921432,2026-09-28 14:05:37,actions-trading,Sim9,014285,seen,,76cb75fb2807
14921432,2026-09-28 14:05:37,actions-trading,Sim9,004440,seen,,51df5b7b3ac8
14921432,2026-09-28 14:05:37,actions-trading,Sim9,047040,seen,,6815f9cc04a4
14921432,2026-09-28 14:05:37,actions-trading,Sim9,064960,seen,,82c2b36344ae
14921432,2026-09-28 14:05:37,actions-trading,Sim9,007810,seen,,2246a0fc341a
14921432,2026-09-28 14:05:37,actions-trading,Sim9,025620,seen,,783a78d271a1
14921432,2026-09-28 14:05:37,actions-trading,Sim9,005070,seen,,eb9177a65224
14921432,2026-09-28 14:05:37,actions-trading,Sim9,077500,seen,,aeda596c83a3
14921432,2026-09-28 14:05:37,actions-trading,Sim9,020120,seen,,d716a9f34dc6
14921432,2026-09-28 14:05:37,actions-trading,Sim9,020150,seen,,d5a06d0be9df
14921432,2026-09-28 14:05:37,actions-trading,Sim9,006120,seen,,17e19f81e147
14921432,2026-09-28 14:05:37,actions-trading,Sim9,306200,seen,,09d93e5fb1c1
14921432,2026-09-28 14:05:37,actions-trading,Sim9,003030,seen,,9ecb365de7ae
14921432,2026-09-28 14:05:37,actions-trading,Sim9,096770,seen,,ee440d64eb1f
14921432,2026-09-28 14:05:37,actions-trading,Sim9,210980,seen,,43b29a920519
14921432,2026-09-28 14:05:37,actions-trading,미너비니,192820,skip,below_pivot,8427ca69a262
14921432,2026-09-28 14:05:37,actions-trading,미너비니,443060,skip,below_pivot,0c8941fc71f7
14921432,2026-09-28 14:05:37,actions-trading,Sim12,003580,skip,pb2_not_crashed,d8fdaf73daf9
14921432,2026-09-28 14:05:37,actions-trading,Sim12,014280,skip,pb2_not_crashed,aefee9ebe67d
14921432,2026-09-28 14:05:37,actions-trading,Sim12,003570,skip,avoid_frgn_sell_20d,79759e86d965
14921432,2026-09-28 14:05:37,actions-trading,Sim12,009830,skip,pb2_not_crashed,13565f0c2ef2
14921432,2026-09-28 14:05:37,actions-trading,Sim12,002360,skip,pb2_not_crashed,2423ce8ed4b2
14921432,2026-09-28 14:05:37,actions-trading,Sim12,010060,skip,pb2_not_crashed,9342b2095c32
14921432,2026-09-28 14:05:37,actions-trading,Sim12,001527,skip,avoid_deadcat,45a23ad91263
14921432,2026-09-28 14:05:37,actions-trading,Sim12,025560,skip,avoid_frgn_sell_20d,19ca3cab35c8
14921432,2026-09-28 14:05:37,actions-trading,Sim12,051630,skip,pb2_not_crashed,dde3db49acb3
14921432,2026-09-28 14:05:37,actions-trading,Sim12,044380,skip,avoid_amount_dry,503d7ddccd43
14921432,2026-09-28 14:05:37,actions-trading,Sim12,004710,skip,avoid_frgn_sell_20d,5778233bbab9
14921432,2026-09-28 14:05:37,actions-trading,Sim12,011070,skip,avoid_orgn_sell_high_per,5f29150eda5f
14921432,2026-09-28 14:05:37,actions-trading,Sim12,006110,skip,avoid_deadcat,4cb0c469475f
14921432,2026-09-28 14:05:37,actions-trading,Sim12,009835,skip,avoid_frgn_sell_20d,eeeeedc14d01
14921432,2026-09-28 14:05:37,actions-trading,Sim12,499790,skip,avoid_frgn_sell_20d,06808fdee3fe
14921432,2026-09-28 14:05:37,actions-trading,Sim12,014285,skip,pb2_not_crashed,76cb75fb2807
14921432,2026-09-28 14:05:37,actions-trading,Sim12,004440,skip,avoid_frgn_sell_20d,51df5b7b3ac8
14921432,2026-09-28 14:05:37,actions-trading,Sim12,047040,skip,avoid_frgn_sell_20d,6815f9cc04a4
14921432,2026-09-28 14:05:37,actions-trading,Sim12,064960,skip,avoid_frgn_sell_20d,82c2b36344ae
14921432,2026-09-28 14:05:37,actions-trading,Sim12,007810,skip,avoid_orgn_sell_high_per,2246a0fc341a
14921432,2026-09-28 14:05:37,actions-trading,Sim12,025620,skip,pb2_not_crashed,783a78d271a1
14921432,2026-09-28 14:05:37,actions-trading,Sim12,005070,skip,avoid_frgn_sell_20d,eb9177a65224
14921432,2026-09-28 14:05:37,actions-trading,Sim12,077500,skip,pb2_not_crashed,aeda596c83a3
14921432,2026-09-28 14:05:37,actions-trading,Sim12,020120,skip,avoid_amount_dry,d716a9f34dc6
14921432,2026-09-28 14:05:37,actions-trading,Sim12,020150,skip,avoid_frgn_sell_20d,d5a06d0be9df
14921432,2026-09-28 14:05:37,actions-trading,Sim12,006120,skip,avoid_frgn_sell_20d,17e19f81e147
14921432,2026-09-28 14:05:37,actions-trading,Sim12,306200,skip,pb2_not_crashed,09d93e5fb1c1
14921432,2026-09-28 14:05:37,actions-trading,Sim12,003030,skip,pb2_not_crashed,9ecb365de7ae
14921432,2026-09-28 14:05:37,actions-trading,Sim12,096770,skip,pb2_not_crashed,ee440d64eb1f
14921432,2026-09-28 14:05:37,actions-trading,Sim12,210980,skip,avoid_amount_dry,43b29a920519
14921432,2026-09-28 14:05:37,actions-trading,Sim12,014990,skip,avoid_amount_dry,f8f644656f0a
14921432,2026-09-28 14:05:37,actions-trading,Sim12,109070,skip,pb2_not_crashed,f34c8acb3926
14921432,2026-09-28 14:05:37,actions-trading,Sim12,002820,skip,pb2_not_crashed,689876b439cd
14921432,2026-09-28 14:05:37,actions-trading,Sim12,402340,skip,pb2_not_crashed,93514e6a19a6
14921432,2026-09-28 14:05:37,actions-trading,Sim12,002787,skip,avoid_amount_dry,676f31f2d6c3
14921432,2026-09-28 14:05:37,actions-trading,Sim12,009420,skip,pb2_not_crashed,18ff57811253
14921432,2026-09-28 14:05:37,actions-trading,Sim12,028260,skip,pb2_not_crashed,dbb4fb23fd76
14921432,2026-09-28 14:05:37,actions-trading,Sim12,02826K,skip,pb2_not_crashed,0a0c8da25436
14921432,2026-09-28 14:05:37,actions-trading,Sim12,009190,skip,pb2_no_inst_buying,7696ab90b15d
14921432,2026-09-28 14:05:37,actions-trading,Sim12,005935,skip,avoid_frgn_sell_20d,e5249d86427a
14921432,2026-09-28 14:05:37,actions-trading,Sim12,034730,skip,pb2_not_crashed,edb1c5058d1d
14921432,2026-09-28 14:05:37,actions-trading,Sim12,069960,skip,avoid_amount_dry,1fb9e9bb3685
14921432,2026-09-28 14:05:37,actions-trading,Sim12,002870,skip,avoid_amount_dry,845299d29c2d
14921432,2026-09-28 14:05:37,actions-trading,Sim12,000150,skip,avoid_frgn_sell_20d,08ad20476490
14921432,2026-09-28 14:05:37,actions-trading,Sim12,000500,skip,avoid_amount_dry,c015885a4c99
14921432,2026-09-28 14:05:37,actions-trading,Sim12,03473K,skip,avoid_frgn_sell_20d,599eefe5c229
14921432,2026-09-28 14:05:37,actions-trading,Sim12,011090,skip,avoid_amount_dry,03232662c8ef
14921432,2026-09-28 14:05:37,actions-trading,Sim12,192650,skip,avoid_frgn_sell_20d,0afa98257a5d
14921432,2026-09-28 14:05:37,actions-trading,Sim12,005930,skip,pb2_not_crashed,8bedd04bbe7b
14921432,2026-09-28 14:05:37,actions-trading,Sim12,002070,skip,avoid_amount_dry,48d8501005c5
14921432,2026-09-28 14:05:37,actions-trading,Sim12,101140,skip,avoid_amount_dry,f47479aaf2f9
14921432,2026-09-28 14:05:37,actions-trading,Sim12,000660,skip,avoid_frgn_sell_20d,814dbd3c67e7
14921432,2026-09-28 14:05:37,actions-trading,Sim12,011390,skip,avoid_amount_dry,e78415f87522
14921432,2026-09-28 14:05:37,actions-trading,Sim12,007660,skip,pb2_not_crashed,2566d9397115
14921432,2026-09-28 14:05:37,actions-trading,Sim12,128940,skip,avoid_amount_dry,7d5c9740fc57
14921432,2026-09-28 14:05:37,actions-trading,Sim12,451800,skip,avoid_frgn_sell_20d,81c319c5f668
14921432,2026-09-28 14:05:37,actions-trading,Sim12,024900,skip,avoid_frgn_sell_20d,6a0c9180b4ff
14921432,2026-09-28 14:05:37,actions-trading,Sim12,000760,skip,avoid_amount_dry,d844125ef9a9
14921432,2026-09-28 14:05:37,actions-trading,Sim12,298040,skip,pb2_not_crashed,ae791704e672
14921432,2026-09-28 14:05:37,actions-trading,Sim12,044820,skip,avoid_amount_dry,4ea6f014a56b
14921432,2026-09-28 14:05:38,actions-trading,Sim13,003580,skip,theme_momentum_weak,d8fdaf73daf9
14921432,2026-09-28 14:05:38,actions-trading,Sim13,014280,skip,theme_momentum_weak,aefee9ebe67d
14921432,2026-09-28 14:05:38,actions-trading,Sim13,003570,skip,theme_momentum_weak,79759e86d965
14921432,2026-09-28 14:05:38,actions-trading,Sim13,009830,skip,theme_momentum_weak,13565f0c2ef2
14921432,2026-09-28 14:05:38,actions-trading,Sim13,002360,skip,held_or_cooldown,2423ce8ed4b2
14921432,2026-09-28 14:05:38,actions-trading,Sim13,010060,skip,theme_momentum_weak,9342b2095c32
14921432,2026-09-28 14:05:38,actions-trading,Sim13,001527,skip,theme_momentum_weak,45a23ad91263
14921432,2026-09-28 14:05:38,actions-trading,Sim13,025560,skip,theme_momentum_weak,19ca3cab35c8
14921432,2026-09-28 14:05:38,actions-trading,Sim13,051630,skip,adx_weak,dde3db49acb3
14921432,2026-09-28 14:05:38,actions-trading,Sim13,044380,skip,theme_momentum_weak,503d7ddccd43
14921432,2026-09-28 14:05:38,actions-trading,Sim13,004710,skip,no_frgn_support,5778233bbab9
14921432,2026-09-28 14:05:38,actions-trading,Sim13,011070,skip,theme_momentum_weak,5f29150eda5f
14921432,2026-09-28 14:05:38,actions-trading,Sim13,006110,skip,theme_momentum_weak,4cb0c469475f
14921432,2026-09-28 14:05:38,actions-trading,Sim13,009835,skip,theme_momentum_weak,eeeeedc14d01
14921432,2026-09-28 14:05:38,actions-trading,Sim13,499790,skip,theme_momentum_weak,06808fdee3fe
14921432,2026-09-28 14:05:38,actions-trading,Sim13,014285,skip,theme_momentum_weak,76cb75fb2807
14921432,2026-09-28 14:05:38,actions-trading,Sim13,004440,skip,theme_momentum_weak,51df5b7b3ac8
14921432,2026-09-28 14:05:38,actions-trading,Sim13,047040,skip,theme_momentum_weak,6815f9cc04a4
14921432,2026-09-28 14:05:38,actions-trading,Sim13,064960,skip,theme_momentum_weak,82c2b36344ae
14921432,2026-09-28 14:05:38,actions-trading,Sim13,007810,skip,theme_momentum_weak,2246a0fc341a
14921432,2026-09-28 14:05:38,actions-trading,Sim13,025620,skip,theme_momentum_weak,783a78d271a1
14921432,2026-09-28 14:05:38,actions-trading,Sim13,005070,skip,theme_momentum_weak,eb9177a65224
14921432,2026-09-28 14:05:38,actions-trading,Sim13,077500,skip,held_or_cooldown,aeda596c83a3
14921432,2026-09-28 14:05:38,actions-trading,Sim13,020120,skip,adx_weak,d716a9f34dc6
14921432,2026-09-28 14:05:38,actions-trading,Sim13,020150,skip,theme_momentum_weak,d5a06d0be9df
14921432,2026-09-28 14:05:38,actions-trading,Sim13,006120,skip,no_frgn_support,17e19f81e147
14921432,2026-09-28 14:05:38,actions-trading,Sim13,306200,skip,theme_momentum_weak,09d93e5fb1c1
14921432,2026-09-28 14:05:38,actions-trading,Sim13,003030,skip,theme_momentum_weak,9ecb365de7ae
14921432,2026-09-28 14:05:38,actions-trading,Sim13,096770,skip,adx_weak,ee440d64eb1f
14921432,2026-09-28 14:05:38,actions-trading,Sim13,210980,skip,theme_momentum_weak,43b29a920519
14921433,2026-09-28 14:06:58,actions-trading,Sim3,402340,skip,qty_zero,ec78575cfc57
14921433,2026-09-28 14:06:58,actions-trading,Sim3,383800,skip,amount,46446a067854
14921433,2026-09-28 14:06:58,actions-trading,Sim3,462870,skip,amount,68f6090b34b4
14921433,2026-09-28 14:06:58,actions-trading,Sim3,000660,skip,qty_zero,cc9cde1b471e
14921433,2026-09-28 14:06:58,actions-trading,Sim3,071970,skip,amount,3e0ec196b033
14921433,2026-09-28 14:06:58,actions-trading,Sim3,042700,skip,not_cheap,f067e7157de1
14921433,2026-09-28 14:06:58,actions-trading,Sim3,326030,skip,amount,02c24822986d
14921433,2026-09-28 14:06:58,actions-trading,Sim3,207940,skip,not_cheap,2e7da8d0908c
14921433,2026-09-28 14:06:58,actions-trading,Sim3,033920,skip,amount,1101c8a44ac2
14921433,2026-09-28 14:06:58,actions-trading,Sim3,004770,skip,amount,7e78aa36adda
14921433,2026-09-28 14:06:58,actions-trading,Sim3,0126Z0,skip,not_cheap,70ca3d6c2588
14921433,2026-09-28 14:06:58,actions-trading,Sim3,062040,skip,not_cheap,15650bb2a010
14921433,2026-09-28 14:06:58,actions-trading,Sim3,317450,skip,amount,3a4087ecbd16
14921433,2026-09-28 14:06:58,actions-trading,Sim3,026960,skip,amount,45981b59864f
14921433,2026-09-28 14:06:58,actions-trading,Sim3,021820,skip,amount,5e66360ce46e
14921433,2026-09-28 14:06:58,actions-trading,Sim3,192080,skip,amount,50fbdc6bc0b4
14921433,2026-09-28 14:06:58,actions-trading,Sim3,068270,skip,cooldown,0ecdb7fefc60
14921433,2026-09-28 14:06:58,actions-trading,Sim3,123890,skip,amount,91fd7d1c2b21
14921433,2026-09-28 14:06:58,actions-trading,Sim3,000240,skip,amount,47af5634b245
14921433,2026-09-28 14:06:58,actions-trading,Sim3,002380,skip,cooldown,5451fc0f1130
14921433,2026-09-28 14:06:58,actions-trading,Sim3,009770,skip,amount,4ae1f694d7a7
14921433,2026-09-28 14:06:58,actions-trading,Sim3,259960,skip,cooldown,379c8ba6b1b8
14921433,2026-09-28 14:06:58,actions-trading,Sim3,035250,skip,amount,f734a394ed7a
14921433,2026-09-28 14:06:58,actions-trading,Sim3,383220,skip,amount,7853b102df5a
14921433,2026-09-28 14:06:58,actions-trading,Sim3,226320,skip,amount,b3350dd83d41
14921433,2026-09-28 14:06:58,actions-trading,Sim3,439260,skip,amount,f0483a879843
14921433,2026-09-28 14:06:58,actions-trading,Sim3,025560,skip,cooldown,a8101d511d62
14921433,2026-09-28 14:06:58,actions-trading,Sim3,007700,skip,amount,2a929aeac137
14921433,2026-09-28 14:06:58,actions-trading,Sim3,278470,skip,no_sector,63241c68037d
14921433,2026-09-28 14:06:58,actions-trading,Sim3,000990,skip,not_cheap,4eb7ac44fa03
14921433,2026-09-28 14:07:34,actions-trading,MFHS2,047040,skip,max_holdings,038a3a72a443
14921433,2026-09-28 14:07:34,actions-trading,MFHS2,009830,seen,,00431f72494d
14921433,2026-09-28 14:07:34,actions-trading,MFHS2,005880,seen,,0a86c2f7d5c7
14921433,2026-09-28 14:07:34,actions-trading,MFHS2,316140,seen,,632cdaaab8af
14921433,2026-09-28 14:07:34,actions-trading,MFHS2,024110,seen,,dc4183ae9dc3
14921433,2026-09-28 14:07:34,actions-trading,MFHS2,018880,seen,,e36add2a5ac8
14921433,2026-09-28 14:07:34,actions-trading,MFHS2,003280,seen,,a81c8d3ca2b8
14921433,2026-09-28 14:07:34,actions-trading,MFHS2,006360,seen,,965603bd06a5
14921433,2026-09-28 14:07:34,actions-trading,MFHS2,088350,seen,,4756954df4c6
14921433,2026-09-28 14:07:34,actions-trading,MFHS2,073240,seen,,18b73e900315
14921433,2026-09-28 14:07:34,actions-trading,MFHS2,011200,seen,,483143aa11b6
14921433,2026-09-28 14:07:34,actions-trading,MFHS2,004020,seen,,933d1d4b926b
14921433,2026-09-28 14:07:34,actions-trading,MFHS2,015760,seen,,461f43c023cd
14921433,2026-09-28 14:07:34,actions-trading,MFHS2,096770,seen,,2c394aca599f
14921433,2026-09-28 14:07:34,actions-trading,MFHS2,279570,seen,,2c37c16a96fe
14921433,2026-09-28 14:07:34,actions-trading,MFHS2,003490,seen,,3a927d208f0c
14921433,2026-09-28 14:07:34,actions-trading,MFHS2,047050,seen,,4497a3691caf
14921433,2026-09-28 14:07:34,actions-trading,MFHS2,035420,seen,,152c32e946e7
14921433,2026-09-28 14:07:34,actions-trading,MFHS2,032640,seen,,84af951c82e8
14921433,2026-09-28 14:07:34,actions-trading,MFHS2,139130,seen,,f473e9ea8f0e
14921433,2026-09-28 14:07:34,actions-trading,MFHS2,028670,seen,,c36bacd816aa
14921433,2026-09-28 14:07:34,actions-trading,MFHS2,004710,seen,,3ebe2f1ca3fd
14921433,2026-09-28 14:07:34,actions-trading,MFHS2,007810,seen,,828e04ce90c8
14921433,2026-09-28 14:07:34,actions-trading,MFHS2,035720,seen,,292613a48b0f
14921433,2026-09-28 14:07:34,actions-trading,MFHS2,323410,seen,,fb0d0f0a51a4
14921433,2026-09-28 14:07:34,actions-trading,MFHS2,002360,seen,,bbb4d018fada
14921433,2026-09-28 14:07:34,actions-trading,MFHS2,000720,seen,,c839f7fea398
14921433,2026-09-28 14:07:34,actions-trading,MFHS2,066570,seen,,de0a0de0fddb
14921433,2026-09-28 14:07:34,actions-trading,MFHS2,017670,seen,,fe1921afe660
14921433,2026-09-28 14:07:34,actions-trading,MFHS2,008970,seen,,09c4897bc0f6
14921433,2026-09-28 14:07:37,actions-trading,상승모멘텀,003580,skip,max_holdings,d8fdaf73daf9
14921433,2026-09-28 14:07:37,actions-trading,상승모멘텀,014280,seen,,8ecfd84ee6c7
14921433,2026-09-28 14:07:37,actions-trading,상승모멘텀,009830,seen,,00431f72494d
14921433,2026-09-28 14:07:37,actions-trading,상승모멘텀,003570,seen,,28a1bf875d2e
14921433,2026-09-28 14:07:37,actions-trading,상승모멘텀,002360,seen,,bbb4d018fada
14921433,2026-09-28 14:07:37,actions-trading,상승모멘텀,010060,seen,,efc9a55f9682
14921433,2026-09-28 14:07:37,actions-trading,상승모멘텀,001527,seen,,45a23ad91263
14921433,2026-09-28 14:07:37,actions-trading,상승모멘텀,051630,seen,,a3fef11c2661
14921433,2026-09-28 14:07:37,actions-trading,상승모멘텀,044380,seen,,2a4d47378816
14921433,2026-09-28 14:07:37,actions-trading,상승모멘텀,025560,seen,,39ebfd1189f8
14921433,2026-09-28 14:07:37,actions-trading,상승모멘텀,004710,seen,,3ebe2f1ca3fd
14921433,2026-09-28 14:07:37,actions-trading,상승모멘텀,499790,seen,,4efb180e6066
14921433,2026-09-28 14:07:37,actions-trading,상승모멘텀,006110,seen,,446fa509b9db
14921433,2026-09-28 14:07:37,actions-trading,상승모멘텀,009835,seen,,f55cfbe8f3ec
14921433,2026-09-28 14:07:37,actions-trading,상승모멘텀,011070,seen,,0d0fef7af698
14921433,2026-09-28 14:07:37,actions-trading,상승모멘텀,014285,seen,,76cb75fb2807
14921433,2026-09-28 14:07:37,actions-trading,상승모멘텀,004440,seen,,5e179a5847f8
14921433,2026-09-28 14:07:37,actions-trading,상승모멘텀,047040,seen,,038a3a72a443
14921433,2026-09-28 14:07:37,actions-trading,상승모멘텀,007810,seen,,828e04ce90c8
14921433,2026-09-28 14:07:37,actions-trading,상승모멘텀,064960,seen,,8ec8a86565ed
14921433,2026-09-28 14:07:37,actions-trading,상승모멘텀,025620,seen,,783a78d271a1
14921433,2026-09-28 14:07:37,actions-trading,상승모멘텀,077500,seen,,7cbe7aae40b6
14921433,2026-09-28 14:07:37,actions-trading,상승모멘텀,005070,seen,,757f4548feee
14921433,2026-09-28 14:07:37,actions-trading,상승모멘텀,210980,seen,,3e2b36b8a5dd
14921433,2026-09-28 14:07:37,actions-trading,상승모멘텀,020120,seen,,82c3ca4b4af1
14921433,2026-09-28 14:07:37,actions-trading,상승모멘텀,006120,seen,,1c55d1a8177c
14921433,2026-09-28 14:07:37,actions-trading,상승모멘텀,020150,seen,,3e3cb7b4ba59
14921433,2026-09-28 14:07:37,actions-trading,상승모멘텀,071950,seen,,50abfe711977
14921433,2026-09-28 14:07:37,actions-trading,상승모멘텀,361610,seen,,48fe00e11c6b
14921433,2026-09-28 14:07:37,actions-trading,상승모멘텀,096770,seen,,2c394aca599f
14921433,2026-09-28 14:07:37,actions-trading,Sim4-1,003580,skip,amount,d8fdaf73daf9
14921433,2026-09-28 14:07:37,actions-trading,Sim4-1,014280,skip,adx_low,8ecfd84ee6c7
14921433,2026-09-28 14:07:37,actions-trading,Sim4-1,009830,skip,period,00431f72494d
14921433,2026-09-28 14:07:37,actions-trading,Sim4-1,003570,skip,adx_high,28a1bf875d2e
14921433,2026-09-28 14:07:37,actions-trading,Sim4-1,002360,skip,held_or_cooldown,bbb4d018fada
14921433,2026-09-28 14:07:37,actions-trading,Sim4-1,010060,skip,adx_low,efc9a55f9682
14921433,2026-09-28 14:07:37,actions-trading,Sim4-1,001527,skip,amount,45a23ad91263
14921433,2026-09-28 14:07:37,actions-trading,Sim4-1,051630,skip,amount,a3fef11c2661
14921433,2026-09-28 14:07:37,actions-trading,Sim4-1,044380,skip,amount,2a4d47378816
14921433,2026-09-28 14:07:37,actions-trading,Sim4-1,025560,skip,adx_high,39ebfd1189f8
14921433,2026-09-28 14:07:37,actions-trading,Sim4-1,004710,skip,held_or_cooldown,3ebe2f1ca3fd
14921433,2026-09-28 14:07:37,actions-trading,Sim4-1,499790,skip,amount,4efb180e6066
14921433,2026-09-28 14:07:37,actions-trading,Sim4-1,006110,skip,adx_high,446fa509b9db
14921433,2026-09-28 14:07:37,actions-trading,Sim4-1,009835,skip,amount,f55cfbe8f3ec
14921433,2026-09-28 14:07:37,actions-trading,Sim4-1,011070,skip,period,0d0fef7af698
14921433,2026-09-28 14:07:37,actions-trading,Sim4-1,014285,skip,amount,76cb75fb2807
14921433,2026-09-28 14:07:37,actions-trading,Sim4-1,004440,skip,amount,5e179a5847f8
14921433,2026-09-28 14:07:37,actions-trading,Sim4-1,047040,skip,period,038a3a72a443
14921433,2026-09-28 14:07:37,actions-trading,Sim4-1,007810,skip,adx_high,828e04ce90c8
14921433,2026-09-28 14:07:37,actions-trading,Sim4-1,064960,skip,adx_high,8ec8a86565ed
14921433,2026-09-28 14:07:37,actions-trading,Sim4-1,025620,skip,amount,783a78d271a1
14921433,2026-09-28 14:07:37,actions-trading,Sim4-1,077500,skip,adx_high,7cbe7aae40b6
14921433,2026-09-28 14:07:37,actions-trading,Sim4-1,005070,skip,adx_low,757f4548feee
14921433,2026-09-28 14:07:37,actions-trading,Sim4-1,210980,skip,amount,3e2b36b8a5dd
14921433,2026-09-28 14:07:37,actions-trading,Sim4-1,020120,skip,amount,82c3ca4b4af1
14921433,2026-09-28 14:07:37,actions-trading,Sim4-1,006120,skip,adx_high,1c55d1a8177c
14921433,2026-09-28 14:07:37,actions-trading,Sim4-1,020150,skip,adx_low,3e3cb7b4ba59
14921433,2026-09-28 14:07:37,actions-trading,Sim4-1,071950,skip,amount,50abfe711977
14921433,2026-09-28 14:07:37,actions-trading,Sim4-1,361610,skip,adx_high,48fe00e11c6b
14921433,2026-09-28 14:07:37,actions-trading,Sim4-1,096770,skip,adx_high,2c394aca599f
14921433,2026-09-28 14:07:39,actions-trading,선행매집,047040,skip,below_anchor,038a3a72a443
14921433,2026-09-28 14:07:39,actions-trading,선행매집,009830,skip,below_anchor,00431f72494d
14921433,2026-09-28 14:07:39,actions-trading,선행매집,024110,skip,below_anchor,dc4183ae9dc3
14921433,2026-09-28 14:07:39,actions-trading,선행매집,005880,skip,below_anchor,0a86c2f7d5c7
14921433,2026-09-28 14:07:39,actions-trading,선행매집,018880,skip,below_anchor,e36add2a5ac8
14921433,2026-09-28 14:07:39,actions-trading,선행매집,316140,skip,no_setup,632cdaaab8af
14921433,2026-09-28 14:07:39,actions-trading,선행매집,003280,skip,below_anchor,a81c8d3ca2b8
14921433,2026-09-28 14:07:39,actions-trading,선행매집,015760,skip,below_anchor,461f43c023cd
14921433,2026-09-28 14:07:39,actions-trading,선행매집,088350,skip,below_anchor,4756954df4c6
14921433,2026-09-28 14:07:39,actions-trading,선행매집,073240,skip,below_anchor,18b73e900315
14921433,2026-09-28 14:07:39,actions-trading,선행매집,011200,skip,sold_or_cooldown,483143aa11b6
14921433,2026-09-28 14:07:39,actions-trading,선행매집,096770,skip,held_awaiting_breakout,2c394aca599f
14921433,2026-09-28 14:07:39,actions-trading,선행매집,006360,skip,below_anchor,965603bd06a5
14921433,2026-09-28 14:07:39,actions-trading,선행매집,035420,skip,below_anchor,152c32e946e7
14921433,2026-09-28 14:07:39,actions-trading,선행매집,004710,skip,below_anchor,3ebe2f1ca3fd
14921433,2026-09-28 14:07:39,actions-trading,선행매집,003490,skip,sold_or_cooldown,3a927d208f0c
14921433,2026-09-28 14:07:39,actions-trading,선행매집,028670,skip,no_setup,c36bacd816aa
14921433,2026-09-28 14:07:39,actions-trading,선행매집,279570,skip,below_anchor,2c37c16a96fe
14921433,2026-09-28 14:07:39,actions-trading,선행매집,047050,skip,below_anchor,4497a3691caf
14921433,2026-09-28 14:07:39,actions-trading,선행매집,004020,skip,below_anchor,933d1d4b926b
14921433,2026-09-28 14:07:39,actions-trading,선행매집,032640,skip,below_anchor,84af951c82e8
14921433,2026-09-28 14:07:39,actions-trading,선행매집,035720,skip,below_anchor,292613a48b0f
14921433,2026-09-28 14:07:39,actions-trading,선행매집,139130,skip,held_awaiting_breakout,f473e9ea8f0e
14921433,2026-09-28 14:07:39,actions-trading,선행매집,066570,skip,below_anchor,de0a0de0fddb
14921433,2026-09-28 14:07:39,actions-trading,선행매집,000720,skip,below_anchor,c839f7fea398
14921433,2026-09-28 14:07:39,actions-trading,선행매집,007810,skip,below_anchor,828e04ce90c8
14921433,2026-09-28 14:07:39,actions-trading,선행매집,017670,skip,below_anchor,fe1921afe660
14921433,2026-09-28 14:07:39,actions-trading,선행매집,020150,skip,below_anchor,3e3cb7b4ba59
14921433,2026-09-28 14:07:39,actions-trading,선행매집,088980,skip,below_anchor,d1324ed8335f
14921433,2026-09-28 14:07:39,actions-trading,선행매집,008970,skip,amount,09c4897bc0f6
14921433,2026-09-28 14:07:39,actions-trading,Sim9,_gate,skip,outside_entry_window,e3b0c44298fc
14921433,2026-09-28 14:07:39,actions-trading,Sim9,003580,seen,,d8fdaf73daf9
14921433,2026-09-28 14:07:39,actions-trading,Sim9,014280,seen,,8ecfd84ee6c7
14921433,2026-09-28 14:07:39,actions-trading,Sim9,009830,seen,,00431f72494d
14921433,2026-09-28 14:07:39,actions-trading,Sim9,003570,seen,,28a1bf875d2e
14921433,2026-09-28 14:07:39,actions-trading,Sim9,002360,seen,,bbb4d018fada
14921433,2026-09-28 14:07:39,actions-trading,Sim9,010060,seen,,efc9a55f9682
14921433,2026-09-28 14:07:39,actions-trading,Sim9,001527,seen,,45a23ad91263
14921433,2026-09-28 14:07:39,actions-trading,Sim9,051630,seen,,a3fef11c2661
14921433,2026-09-28 14:07:39,actions-trading,Sim9,044380,seen,,2a4d47378816
14921433,2026-09-28 14:07:39,actions-trading,Sim9,025560,seen,,39ebfd1189f8
14921433,2026-09-28 14:07:39,actions-trading,Sim9,004710,seen,,3ebe2f1ca3fd
14921433,2026-09-28 14:07:39,actions-trading,Sim9,499790,seen,,4efb180e6066
14921433,2026-09-28 14:07:39,actions-trading,Sim9,006110,seen,,446fa509b9db
14921433,2026-09-28 14:07:39,actions-trading,Sim9,009835,seen,,f55cfbe8f3ec
14921433,2026-09-28 14:07:39,actions-trading,Sim9,011070,seen,,0d0fef7af698
14921433,2026-09-28 14:07:39,actions-trading,Sim9,014285,seen,,76cb75fb2807
14921433,2026-09-28 14:07:39,actions-trading,Sim9,004440,seen,,5e179a5847f8
14921433,2026-09-28 14:07:39,actions-trading,Sim9,047040,seen,,038a3a72a443
14921433,2026-09-28 14:07:39,actions-trading,Sim9,007810,seen,,828e04ce90c8
14921433,2026-09-28 14:07:39,actions-trading,Sim9,064960,seen,,8ec8a86565ed
14921433,2026-09-28 14:07:39,actions-trading,Sim9,025620,seen,,783a78d271a1
14921433,2026-09-28 14:07:39,actions-trading,Sim9,077500,seen,,7cbe7aae40b6
14921433,2026-09-28 14:07:39,actions-trading,Sim9,005070,seen,,757f4548feee
14921433,2026-09-28 14:07:39,actions-trading,Sim9,210980,seen,,3e2b36b8a5dd
14921433,2026-09-28 14:07:39,actions-trading,Sim9,020120,seen,,82c3ca4b4af1
14921433,2026-09-28 14:07:39,actions-trading,Sim9,006120,seen,,1c55d1a8177c
14921433,2026-09-28 14:07:39,actions-trading,Sim9,020150,seen,,3e3cb7b4ba59
14921433,2026-09-28 14:07:39,actions-trading,Sim9,071950,seen,,50abfe711977
14921433,2026-09-28 14:07:39,actions-trading,Sim9,361610,seen,,48fe00e11c6b
14921433,2026-09-28 14:07:39,actions-trading,Sim9,096770,seen,,2c394aca599f
14921433,2026-09-28 14:07:39,actions-trading,미너비니,192820,skip,below_pivot,76150b78c26f
14921433,2026-09-28 14:07:39,actions-trading,미너비니,443060,skip,below_pivot,d644ea14f0fb
14921433,2026-09-28 14:07:39,actions-trading,Sim12,003580,skip,pb2_not_crashed,d8fdaf73daf9
14921433,2026-09-28 14:07:39,actions-trading,Sim12,014280,skip,pb2_not_crashed,8ecfd84ee6c7
14921433,2026-09-28 14:07:39,actions-trading,Sim12,009830,skip,pb2_not_crashed,00431f72494d
14921433,2026-09-28 14:07:39,actions-trading,Sim12,003570,skip,avoid_frgn_sell_20d,28a1bf875d2e
14921433,2026-09-28 14:07:39,actions-trading,Sim12,002360,skip,pb2_not_crashed,bbb4d018fada
14921433,2026-09-28 14:07:39,actions-trading,Sim12,010060,skip,pb2_not_crashed,efc9a55f9682
14921433,2026-09-28 14:07:39,actions-trading,Sim12,001527,skip,avoid_deadcat,45a23ad91263
14921433,2026-09-28 14:07:39,actions-trading,Sim12,051630,skip,pb2_not_crashed,a3fef11c2661
14921433,2026-09-28 14:07:39,actions-trading,Sim12,044380,skip,avoid_deadcat,2a4d47378816
14921433,2026-09-28 14:07:39,actions-trading,Sim12,025560,skip,avoid_frgn_sell_20d,39ebfd1189f8
14921433,2026-09-28 14:07:39,actions-trading,Sim12,004710,skip,avoid_frgn_sell_20d,3ebe2f1ca3fd
14921433,2026-09-28 14:07:39,actions-trading,Sim12,499790,skip,avoid_frgn_sell_20d,4efb180e6066
14921433,2026-09-28 14:07:39,actions-trading,Sim12,006110,skip,avoid_deadcat,446fa509b9db
14921433,2026-09-28 14:07:39,actions-trading,Sim12,009835,skip,avoid_frgn_sell_20d,f55cfbe8f3ec
14921433,2026-09-28 14:07:39,actions-trading,Sim12,011070,skip,avoid_orgn_sell_high_per,0d0fef7af698
14921433,2026-09-28 14:07:39,actions-trading,Sim12,014285,skip,pb2_not_crashed,76cb75fb2807
14921433,2026-09-28 14:07:39,actions-trading,Sim12,004440,skip,avoid_frgn_sell_20d,5e179a5847f8
14921433,2026-09-28 14:07:39,actions-trading,Sim12,047040,skip,avoid_frgn_sell_20d,038a3a72a443
14921433,2026-09-28 14:07:39,actions-trading,Sim12,007810,skip,avoid_orgn_sell_high_per,828e04ce90c8
14921433,2026-09-28 14:07:39,actions-trading,Sim12,064960,skip,avoid_frgn_sell_20d,8ec8a86565ed
14921433,2026-09-28 14:07:39,actions-trading,Sim12,025620,skip,pb2_not_crashed,783a78d271a1
14921433,2026-09-28 14:07:39,actions-trading,Sim12,077500,skip,pb2_not_crashed,7cbe7aae40b6
14921433,2026-09-28 14:07:39,actions-trading,Sim12,005070,skip,avoid_frgn_sell_20d,757f4548feee
14921433,2026-09-28 14:07:39,actions-trading,Sim12,210980,skip,avoid_amount_dry,3e2b36b8a5dd
14921433,2026-09-28 14:07:39,actions-trading,Sim12,020120,skip,avoid_amount_dry,82c3ca4b4af1
14921433,2026-09-28 14:07:39,actions-trading,Sim12,006120,skip,avoid_frgn_sell_20d,1c55d1a8177c
14921433,2026-09-28 14:07:39,actions-trading,Sim12,020150,skip,avoid_frgn_sell_20d,3e3cb7b4ba59
14921433,2026-09-28 14:07:39,actions-trading,Sim12,071950,skip,avoid_deadcat,50abfe711977
14921433,2026-09-28 14:07:39,actions-trading,Sim12,361610,skip,pb2_not_crashed,48fe00e11c6b
14921433,2026-09-28 14:07:39,actions-trading,Sim12,096770,skip,pb2_not_crashed,2c394aca599f
14921433,2026-09-28 14:07:39,actions-trading,Sim12,014990,skip,avoid_amount_dry,1c12bb4eafc6
14921433,2026-09-28 14:07:39,actions-trading,Sim12,109070,skip,pb2_not_crashed,f8b306e405ec
14921433,2026-09-28 14:07:39,actions-trading,Sim12,002820,skip,pb2_not_crashed,926e9f51f9bb
14921433,2026-09-28 14:07:39,actions-trading,Sim12,402340,skip,pb2_not_crashed,a19426a4a9c4
14921433,2026-09-28 14:07:39,actions-trading,Sim12,002787,skip,avoid_amount_dry,676f31f2d6c3
14921433,2026-09-28 14:07:39,actions-trading,Sim12,009420,skip,pb2_not_crashed,6711ebfa26e3
14921433,2026-09-28 14:07:39,actions-trading,Sim12,02826K,skip,pb2_not_crashed,0a0c8da25436
14921433,2026-09-28 14:07:39,actions-trading,Sim12,028260,skip,pb2_not_crashed,b59b97976325
14921433,2026-09-28 14:07:39,actions-trading,Sim12,005935,skip,avoid_frgn_sell_20d,6b2e2141fc07
14921433,2026-09-28 14:07:39,actions-trading,Sim12,009190,skip,pb2_no_inst_buying,5a5a89bbce99
14921433,2026-09-28 14:07:39,actions-trading,Sim12,034730,skip,pb2_not_crashed,d188c667b7ec
14921433,2026-09-28 14:07:39,actions-trading,Sim12,069960,skip,avoid_amount_dry,3dc57ca3fc7a
14921433,2026-09-28 14:07:39,actions-trading,Sim12,002870,skip,avoid_amount_dry,845299d29c2d
14921433,2026-09-28 14:07:39,actions-trading,Sim12,000500,skip,avoid_amount_dry,2c46db6e3145
14921433,2026-09-28 14:07:39,actions-trading,Sim12,000150,skip,avoid_frgn_sell_20d,979259d018c9
14921433,2026-09-28 14:07:39,actions-trading,Sim12,192650,skip,avoid_frgn_sell_20d,de6308c7b590
14921433,2026-09-28 14:07:39,actions-trading,Sim12,011090,skip,avoid_amount_dry,8cadf1f3ff18
14921433,2026-09-28 14:07:39,actions-trading,Sim12,03473K,skip,avoid_frgn_sell_20d,599eefe5c229
14921433,2026-09-28 14:07:39,actions-trading,Sim12,005930,skip,pb2_not_crashed,a8b09d21f063
14921433,2026-09-28 14:07:39,actions-trading,Sim12,007660,skip,pb2_not_crashed,af5d5fa1ea42
14921433,2026-09-28 14:07:39,actions-trading,Sim12,002070,skip,avoid_amount_dry,48d8501005c5
14921433,2026-09-28 14:07:39,actions-trading,Sim12,101140,skip,avoid_amount_dry,f47479aaf2f9
14921433,2026-09-28 14:07:39,actions-trading,Sim12,011390,skip,avoid_amount_dry,a9b03542b447
14921433,2026-09-28 14:07:39,actions-trading,Sim12,000660,skip,avoid_frgn_sell_20d,85fa97167386
14921433,2026-09-28 14:07:39,actions-trading,Sim12,128940,skip,avoid_amount_dry,52f4411b8572
14921433,2026-09-28 14:07:39,actions-trading,Sim12,451800,skip,avoid_frgn_sell_20d,0c6f808fc2b8
14921433,2026-09-28 14:07:39,actions-trading,Sim12,000760,skip,avoid_amount_dry,d844125ef9a9
14921433,2026-09-28 14:07:39,actions-trading,Sim12,298040,skip,pb2_not_crashed,91a5fc353a38
14921433,2026-09-28 14:07:39,actions-trading,Sim12,044820,skip,avoid_amount_dry,95e698ece549
14921433,2026-09-28 14:07:39,actions-trading,Sim12,024900,skip,avoid_frgn_sell_20d,441273db2efe
14921433,2026-09-28 14:07:40,actions-trading,Sim13,003580,skip,theme_momentum_weak,d8fdaf73daf9
14921433,2026-09-28 14:07:40,actions-trading,Sim13,014280,skip,theme_momentum_weak,8ecfd84ee6c7
14921433,2026-09-28 14:07:40,actions-trading,Sim13,009830,skip,theme_momentum_weak,00431f72494d
14921433,2026-09-28 14:07:40,actions-trading,Sim13,003570,skip,theme_momentum_weak,28a1bf875d2e
14921433,2026-09-28 14:07:40,actions-trading,Sim13,002360,skip,held_or_cooldown,bbb4d018fada
14921433,2026-09-28 14:07:40,actions-trading,Sim13,010060,skip,theme_momentum_weak,efc9a55f9682
14921433,2026-09-28 14:07:40,actions-trading,Sim13,001527,skip,theme_momentum_weak,45a23ad91263
14921433,2026-09-28 14:07:40,actions-trading,Sim13,051630,skip,adx_weak,a3fef11c2661
14921433,2026-09-28 14:07:40,actions-trading,Sim13,044380,skip,theme_momentum_weak,2a4d47378816
14921433,2026-09-28 14:07:40,actions-trading,Sim13,025560,skip,theme_momentum_weak,39ebfd1189f8
14921433,2026-09-28 14:07:40,actions-trading,Sim13,004710,skip,no_frgn_support,3ebe2f1ca3fd
14921433,2026-09-28 14:07:40,actions-trading,Sim13,499790,skip,theme_momentum_weak,4efb180e6066
14921433,2026-09-28 14:07:40,actions-trading,Sim13,006110,skip,theme_momentum_weak,446fa509b9db
14921433,2026-09-28 14:07:40,actions-trading,Sim13,009835,skip,theme_momentum_weak,f55cfbe8f3ec
14921433,2026-09-28 14:07:40,actions-trading,Sim13,011070,skip,theme_momentum_weak,0d0fef7af698
14921433,2026-09-28 14:07:40,actions-trading,Sim13,014285,skip,theme_momentum_weak,76cb75fb2807
14921433,2026-09-28 14:07:40,actions-trading,Sim13,004440,skip,theme_momentum_weak,5e179a5847f8
14921433,2026-09-28 14:07:40,actions-trading,Sim13,047040,skip,theme_momentum_weak,038a3a72a443
14921433,2026-09-28 14:07:40,actions-trading,Sim13,007810,skip,theme_momentum_weak,828e04ce90c8
14921433,2026-09-28 14:07:40,actions-trading,Sim13,064960,skip,theme_momentum_weak,8ec8a86565ed
14921433,2026-09-28 14:07:40,actions-trading,Sim13,025620,skip,theme_momentum_weak,783a78d271a1
14921433,2026-09-28 14:07:40,actions-trading,Sim13,077500,skip,held_or_cooldown,7cbe7aae40b6
14921433,2026-09-28 14:07:40,actions-trading,Sim13,005070,skip,theme_momentum_weak,757f4548feee
14921433,2026-09-28 14:07:40,actions-trading,Sim13,210980,skip,theme_momentum_weak,3e2b36b8a5dd
14921433,2026-09-28 14:07:40,actions-trading,Sim13,020120,skip,adx_weak,82c3ca4b4af1
14921433,2026-09-28 14:07:40,actions-trading,Sim13,006120,skip,no_frgn_support,1c55d1a8177c
14921433,2026-09-28 14:07:40,actions-trading,Sim13,020150,skip,theme_momentum_weak,3e3cb7b4ba59
14921433,2026-09-28 14:07:40,actions-trading,Sim13,071950,skip,theme_momentum_weak,50abfe711977
14921433,2026-09-28 14:07:40,actions-trading,Sim13,361610,skip,theme_momentum_weak,48fe00e11c6b
14921433,2026-09-28 14:07:40,actions-trading,Sim13,096770,skip,adx_weak,2c394aca599f
14921434,2026-09-28 14:09:05,actions-trading,Sim3,402340,skip,qty_zero,a81a2be8de93
14921434,2026-09-28 14:09:05,actions-trading,Sim3,383800,skip,amount,37bfb0a3ab8a
14921434,2026-09-28 14:09:05,actions-trading,Sim3,462870,skip,amount,0b06cda03875
14921434,2026-09-28 14:09:05,actions-trading,Sim3,000660,skip,qty_zero,2148d719fd41
14921434,2026-09-28 14:09:05,actions-trading,Sim3,071970,skip,amount,b8a4ed807730
14921434,2026-09-28 14:09:05,actions-trading,Sim3,042700,skip,not_cheap,463d75967203
14921434,2026-09-28 14:09:05,actions-trading,Sim3,326030,skip,amount,d09087c1ae39
14921434,2026-09-28 14:09:05,actions-trading,Sim3,207940,skip,not_cheap,b519fe1c27ab
14921434,2026-09-28 14:09:05,actions-trading,Sim3,033920,skip,amount,082a651ce66d
14921434,2026-09-28 14:09:05,actions-trading,Sim3,004770,skip,amount,2acba75bd1f6
14921434,2026-09-28 14:09:05,actions-trading,Sim3,0126Z0,skip,not_cheap,0a3ec962997a
14921434,2026-09-28 14:09:05,actions-trading,Sim3,062040,skip,not_cheap,9e0fde66faab
14921434,2026-09-28 14:09:05,actions-trading,Sim3,317450,skip,amount,a61b573177a3
14921434,2026-09-28 14:09:05,actions-trading,Sim3,026960,skip,amount,a1ad741c8629
14921434,2026-09-28 14:09:05,actions-trading,Sim3,021820,skip,amount,bc1214ebbd43
14921434,2026-09-28 14:09:05,actions-trading,Sim3,192080,skip,amount,56d5f82b4da8
14921434,2026-09-28 14:09:05,actions-trading,Sim3,068270,skip,cooldown,b3b6fb37d861
14921434,2026-09-28 14:09:05,actions-trading,Sim3,123890,skip,amount,1775368d0204
14921434,2026-09-28 14:09:05,actions-trading,Sim3,000240,skip,amount,0354c6f25ca5
14921434,2026-09-28 14:09:05,actions-trading,Sim3,002380,skip,cooldown,592242592212
14921434,2026-09-28 14:09:05,actions-trading,Sim3,009770,skip,amount,4ae1f694d7a7
14921434,2026-09-28 14:09:05,actions-trading,Sim3,259960,skip,cooldown,9d49aeadf4e1
14921434,2026-09-28 14:09:05,actions-trading,Sim3,035250,skip,amount,97f8515d2957
14921434,2026-09-28 14:09:05,actions-trading,Sim3,383220,skip,amount,00462bef1b3d
14921434,2026-09-28 14:09:05,actions-trading,Sim3,226320,skip,amount,3cccb70294ac
14921434,2026-09-28 14:09:05,actions-trading,Sim3,439260,skip,amount,b2eba39d479b
14921434,2026-09-28 14:09:05,actions-trading,Sim3,025560,skip,cooldown,5d94daf831e7
14921434,2026-09-28 14:09:05,actions-trading,Sim3,007700,skip,amount,2a929aeac137
14921434,2026-09-28 14:09:05,actions-trading,Sim3,278470,skip,not_cheap,ce22b1349ac3
14921434,2026-09-28 14:09:05,actions-trading,Sim3,000990,skip,not_cheap,65e34d616d02
14921434,2026-09-28 14:09:42,actions-trading,MFHS2,047040,skip,max_holdings,ede56c43a276
14921434,2026-09-28 14:09:42,actions-trading,MFHS2,009830,seen,,1a39aa0a8c0d
14921434,2026-09-28 14:09:42,actions-trading,MFHS2,005880,seen,,7e0a2b07bea3
14921434,2026-09-28 14:09:42,actions-trading,MFHS2,316140,seen,,2d6fa54458ba
14921434,2026-09-28 14:09:42,actions-trading,MFHS2,024110,seen,,892077ee9ddf
14921434,2026-09-28 14:09:42,actions-trading,MFHS2,018880,seen,,8b5166e144e6
14921434,2026-09-28 14:09:42,actions-trading,MFHS2,003280,seen,,a0f2027d2a9a
14921434,2026-09-28 14:09:42,actions-trading,MFHS2,006360,seen,,49c048c7fc22
14921434,2026-09-28 14:09:42,actions-trading,MFHS2,088350,seen,,fe78bba0ad72
14921434,2026-09-28 14:09:42,actions-trading,MFHS2,073240,seen,,f6422c79c933
14921434,2026-09-28 14:09:42,actions-trading,MFHS2,011200,seen,,0e537fa17335
14921434,2026-09-28 14:09:42,actions-trading,MFHS2,004020,seen,,f151f5279027
14921434,2026-09-28 14:09:42,actions-trading,MFHS2,015760,seen,,275d38a90c7b
14921434,2026-09-28 14:09:42,actions-trading,MFHS2,096770,seen,,0b64b7994a8a
14921434,2026-09-28 14:09:42,actions-trading,MFHS2,279570,seen,,b374d793ebc5
14921434,2026-09-28 14:09:42,actions-trading,MFHS2,003490,seen,,d486c2253aab
14921434,2026-09-28 14:09:42,actions-trading,MFHS2,047050,seen,,66e2cb06ea74
14921434,2026-09-28 14:09:42,actions-trading,MFHS2,035420,seen,,58bfd0130573
14921434,2026-09-28 14:09:42,actions-trading,MFHS2,032640,seen,,51e064d8a8fc
14921434,2026-09-28 14:09:42,actions-trading,MFHS2,139130,seen,,730994ad0d14
14921434,2026-09-28 14:09:42,actions-trading,MFHS2,028670,seen,,94021ace4dbf
14921434,2026-09-28 14:09:42,actions-trading,MFHS2,004710,seen,,d08c09b229ef
14921434,2026-09-28 14:09:42,actions-trading,MFHS2,007810,seen,,e2131100d6ff
14921434,2026-09-28 14:09:42,actions-trading,MFHS2,035720,seen,,3ac90c2074b9
14921434,2026-09-28 14:09:42,actions-trading,MFHS2,323410,seen,,81a47e0a1df6
14921434,2026-09-28 14:09:42,actions-trading,MFHS2,002360,seen,,033d42e89442
14921434,2026-09-28 14:09:42,actions-trading,MFHS2,000720,seen,,87b5f5a1354d
14921434,2026-09-28 14:09:42,actions-trading,MFHS2,066570,seen,,6836551c5896
14921434,2026-09-28 14:09:42,actions-trading,MFHS2,017670,seen,,a7f21f5e02b0
14921434,2026-09-28 14:09:42,actions-trading,MFHS2,008970,seen,,f91f701b9433
14921434,2026-09-28 14:09:45,actions-trading,상승모멘텀,003580,skip,max_holdings,2ebfd7aae172
14921434,2026-09-28 14:09:45,actions-trading,상승모멘텀,009830,seen,,1a39aa0a8c0d
14921434,2026-09-28 14:09:45,actions-trading,상승모멘텀,014280,seen,,99a95b094db9
14921434,2026-09-28 14:09:45,actions-trading,상승모멘텀,003570,seen,,bd9d941d6c9f
14921434,2026-09-28 14:09:45,actions-trading,상승모멘텀,002360,seen,,033d42e89442
14921434,2026-09-28 14:09:45,actions-trading,상승모멘텀,001527,seen,,45a23ad91263
14921434,2026-09-28 14:09:45,actions-trading,상승모멘텀,010060,seen,,7607bf64decf
14921434,2026-09-28 14:09:45,actions-trading,상승모멘텀,044380,seen,,abf54e5f7299
14921434,2026-09-28 14:09:45,actions-trading,상승모멘텀,025560,seen,,758d8dfe47c7
14921434,2026-09-28 14:09:45,actions-trading,상승모멘텀,051630,seen,,ecb5bc4f9b88
14921434,2026-09-28 14:09:45,actions-trading,상승모멘텀,004710,seen,,d08c09b229ef
14921434,2026-09-28 14:09:45,actions-trading,상승모멘텀,011070,seen,,b84cffd80e0a
14921434,2026-09-28 14:09:45,actions-trading,상승모멘텀,009835,seen,,3f087d1bd197
14921434,2026-09-28 14:09:45,actions-trading,상승모멘텀,499790,seen,,7206401743e8
14921434,2026-09-28 14:09:45,actions-trading,상승모멘텀,004440,seen,,cf12ca1b4c8a
14921434,2026-09-28 14:09:45,actions-trading,상승모멘텀,006110,seen,,a252fde8fc91
14921434,2026-09-28 14:09:45,actions-trading,상승모멘텀,014285,seen,,76cb75fb2807
14921434,2026-09-28 14:09:45,actions-trading,상승모멘텀,047040,seen,,ede56c43a276
14921434,2026-09-28 14:09:45,actions-trading,상승모멘텀,007810,seen,,e2131100d6ff
14921434,2026-09-28 14:09:45,actions-trading,상승모멘텀,064960,seen,,9eeb9adddf5f
14921434,2026-09-28 14:09:45,actions-trading,상승모멘텀,025620,seen,,43ad323c4ef1
14921434,2026-09-28 14:09:45,actions-trading,상승모멘텀,005070,seen,,714bb6b2ef57
14921434,2026-09-28 14:09:45,actions-trading,상승모멘텀,077500,seen,,eff2eb67a810
14921434,2026-09-28 14:09:45,actions-trading,상승모멘텀,020150,seen,,9ab7981405ce
14921434,2026-09-28 14:09:45,actions-trading,상승모멘텀,006120,seen,,35a01cbf7a25
14921434,2026-09-28 14:09:45,actions-trading,상승모멘텀,071950,seen,,50abfe711977
14921434,2026-09-28 14:09:45,actions-trading,상승모멘텀,210980,seen,,d6647fed7c26
14921434,2026-09-28 14:09:45,actions-trading,상승모멘텀,361610,seen,,94eefcc7ab95
14921434,2026-09-28 14:09:45,actions-trading,상승모멘텀,003030,seen,,3d4cd20b2089
14921434,2026-09-28 14:09:45,actions-trading,상승모멘텀,096770,seen,,0b64b7994a8a
14921434,2026-09-28 14:09:45,actions-trading,Sim4-1,003580,skip,amount,2ebfd7aae172
14921434,2026-09-28 14:09:45,actions-trading,Sim4-1,009830,skip,period,1a39aa0a8c0d
14921434,2026-09-28 14:09:45,actions-trading,Sim4-1,014280,skip,adx_low,99a95b094db9
14921434,2026-09-28 14:09:45,actions-trading,Sim4-1,003570,skip,adx_high,bd9d941d6c9f
14921434,2026-09-28 14:09:45,actions-trading,Sim4-1,002360,skip,held_or_cooldown,033d42e89442
14921434,2026-09-28 14:09:45,actions-trading,Sim4-1,001527,skip,amount,45a23ad91263
14921434,2026-09-28 14:09:45,actions-trading,Sim4-1,010060,skip,adx_low,7607bf64decf
14921434,2026-09-28 14:09:45,actions-trading,Sim4-1,044380,skip,amount,abf54e5f7299
14921434,2026-09-28 14:09:45,actions-trading,Sim4-1,025560,skip,adx_high,758d8dfe47c7
14921434,2026-09-28 14:09:45,actions-trading,Sim4-1,051630,skip,amount,ecb5bc4f9b88
14921434,2026-09-28 14:09:45,actions-trading,Sim4-1,004710,skip,held_or_cooldown,d08c09b229ef
14921434,2026-09-28 14:09:45,actions-trading,Sim4-1,011070,skip,period,b84cffd80e0a
14921434,2026-09-28 14:09:45,actions-trading,Sim4-1,009835,skip,amount,3f087d1bd197
14921434,2026-09-28 14:09:45,actions-trading,Sim4-1,499790,skip,amount,7206401743e8
14921434,2026-09-28 14:09:45,actions-trading,Sim4-1,004440,skip,amount,cf12ca1b4c8a
14921434,2026-09-28 14:09:45,actions-trading,Sim4-1,006110,skip,adx_high,a252fde8fc91
14921434,2026-09-28 14:09:45,actions-trading,Sim4-1,014285,skip,amount,76cb75fb2807
14921434,2026-09-28 14:09:45,actions-trading,Sim4-1,047040,skip,period,ede56c43a276
14921434,2026-09-28 14:09:45,actions-trading,Sim4-1,007810,skip,adx_high,e2131100d6ff
14921434,2026-09-28 14:09:45,actions-trading,Sim4-1,064960,skip,adx_high,9eeb9adddf5f
14921434,2026-09-28 14:09:45,actions-trading,Sim4-1,025620,skip,amount,43ad323c4ef1
14921434,2026-09-28 14:09:45,actions-trading,Sim4-1,005070,skip,adx_low,714bb6b2ef57
14921434,2026-09-28 14:09:45,actions-trading,Sim4-1,077500,skip,adx_high,eff2eb67a810
14921434,2026-09-28 14:09:45,actions-trading,Sim4-1,020150,skip,adx_low,9ab7981405ce
14921434,2026-09-28 14:09:45,actions-trading,Sim4-1,006120,skip,adx_high,35a01cbf7a25
14921434,2026-09-28 14:09:45,actions-trading,Sim4-1,071950,skip,amount,50abfe711977
14921434,2026-09-28 14:09:45,actions-trading,Sim4-1,210980,skip,amount,d6647fed7c26
14921434,2026-09-28 14:09:45,actions-trading,Sim4-1,361610,skip,adx_high,94eefcc7ab95
14921434,2026-09-28 14:09:45,actions-trading,Sim4-1,003030,skip,amount,3d4cd20b2089
14921434,2026-09-28 14:09:45,actions-trading,Sim4-1,096770,skip,adx_high,0b64b7994a8a
14921434,2026-09-28 14:09:47,actions-trading,선행매집,047040,skip,below_anchor,ede56c43a276
14921434,2026-09-28 14:09:47,actions-trading,선행매집,009830,skip,below_anchor,1a39aa0a8c0d
14921434,2026-09-28 14:09:47,actions-trading,선행매집,024110,skip,below_anchor,892077ee9ddf
14921434,2026-09-28 14:09:47,actions-trading,선행매집,005880,skip,below_anchor,7e0a2b07bea3
14921434,2026-09-28 14:09:47,actions-trading,선행매집,018880,skip,below_anchor,8b5166e144e6
14921434,2026-09-28 14:09:47,actions-trading,선행매집,316140,skip,no_setup,2d6fa54458ba
14921434,2026-09-28 14:09:47,actions-trading,선행매집,003280,skip,below_anchor,a0f2027d2a9a
14921434,2026-09-28 14:09:47,actions-trading,선행매집,015760,skip,below_anchor,275d38a90c7b
14921434,2026-09-28 14:09:47,actions-trading,선행매집,088350,skip,below_anchor,fe78bba0ad72
14921434,2026-09-28 14:09:47,actions-trading,선행매집,073240,skip,below_anchor,f6422c79c933
14921434,2026-09-28 14:09:47,actions-trading,선행매집,011200,skip,sold_or_cooldown,0e537fa17335
14921434,2026-09-28 14:09:47,actions-trading,선행매집,096770,skip,held_awaiting_breakout,0b64b7994a8a
14921434,2026-09-28 14:09:47,actions-trading,선행매집,006360,skip,below_anchor,49c048c7fc22
14921434,2026-09-28 14:09:47,actions-trading,선행매집,035420,skip,below_anchor,58bfd0130573
14921434,2026-09-28 14:09:47,actions-trading,선행매집,004710,skip,below_anchor,d08c09b229ef
14921434,2026-09-28 14:09:47,actions-trading,선행매집,003490,skip,sold_or_cooldown,d486c2253aab
14921434,2026-09-28 14:09:47,actions-trading,선행매집,028670,skip,no_setup,94021ace4dbf
14921434,2026-09-28 14:09:47,actions-trading,선행매집,279570,skip,below_anchor,b374d793ebc5
14921434,2026-09-28 14:09:47,actions-trading,선행매집,047050,skip,below_anchor,66e2cb06ea74
14921434,2026-09-28 14:09:47,actions-trading,선행매집,004020,skip,below_anchor,f151f5279027
14921434,2026-09-28 14:09:47,actions-trading,선행매집,032640,skip,below_anchor,51e064d8a8fc
14921434,2026-09-28 14:09:47,actions-trading,선행매집,035720,skip,below_anchor,3ac90c2074b9
14921434,2026-09-28 14:09:47,actions-trading,선행매집,139130,skip,held_awaiting_breakout,730994ad0d14
14921434,2026-09-28 14:09:47,actions-trading,선행매집,066570,skip,below_anchor,6836551c5896
14921434,2026-09-28 14:09:47,actions-trading,선행매집,000720,skip,below_anchor,87b5f5a1354d
14921434,2026-09-28 14:09:47,actions-trading,선행매집,007810,skip,below_anchor,e2131100d6ff
14921434,2026-09-28 14:09:47,actions-trading,선행매집,017670,skip,below_anchor,a7f21f5e02b0
14921434,2026-09-28 14:09:47,actions-trading,선행매집,020150,skip,below_anchor,9ab7981405ce
14921434,2026-09-28 14:09:47,actions-trading,선행매집,088980,skip,below_anchor,35cd250ad11e
14921434,2026-09-28 14:09:47,actions-trading,선행매집,008970,skip,amount,f91f701b9433
14921434,2026-09-28 14:09:47,actions-trading,Sim9,_gate,skip,outside_entry_window,e3b0c44298fc
14921434,2026-09-28 14:09:47,actions-trading,Sim9,003580,seen,,2ebfd7aae172
14921434,2026-09-28 14:09:47,actions-trading,Sim9,009830,seen,,1a39aa0a8c0d
14921434,2026-09-28 14:09:47,actions-trading,Sim9,014280,seen,,99a95b094db9
14921434,2026-09-28 14:09:47,actions-trading,Sim9,003570,seen,,bd9d941d6c9f
14921434,2026-09-28 14:09:47,actions-trading,Sim9,002360,seen,,033d42e89442
14921434,2026-09-28 14:09:47,actions-trading,Sim9,001527,seen,,45a23ad91263
14921434,2026-09-28 14:09:47,actions-trading,Sim9,010060,seen,,7607bf64decf
14921434,2026-09-28 14:09:47,actions-trading,Sim9,044380,seen,,abf54e5f7299
14921434,2026-09-28 14:09:47,actions-trading,Sim9,025560,seen,,758d8dfe47c7
14921434,2026-09-28 14:09:47,actions-trading,Sim9,051630,seen,,ecb5bc4f9b88
14921434,2026-09-28 14:09:47,actions-trading,Sim9,004710,seen,,d08c09b229ef
14921434,2026-09-28 14:09:47,actions-trading,Sim9,011070,seen,,b84cffd80e0a
14921434,2026-09-28 14:09:47,actions-trading,Sim9,009835,seen,,3f087d1bd197
14921434,2026-09-28 14:09:47,actions-trading,Sim9,499790,seen,,7206401743e8
14921434,2026-09-28 14:09:47,actions-trading,Sim9,004440,seen,,cf12ca1b4c8a
14921434,2026-09-28 14:09:47,actions-trading,Sim9,006110,seen,,a252fde8fc91
14921434,2026-09-28 14:09:47,actions-trading,Sim9,014285,seen,,76cb75fb2807
14921434,2026-09-28 14:09:47,actions-trading,Sim9,047040,seen,,ede56c43a276
14921434,2026-09-28 14:09:47,actions-trading,Sim9,007810,seen,,e2131100d6ff
14921434,2026-09-28 14:09:47,actions-trading,Sim9,064960,seen,,9eeb9adddf5f
14921434,2026-09-28 14:09:47,actions-trading,Sim9,025620,seen,,43ad323c4ef1
14921434,2026-09-28 14:09:47,actions-trading,Sim9,005070,seen,,714bb6b2ef57
14921434,2026-09-28 14:09:47,actions-trading,Sim9,077500,seen,,eff2eb67a810
14921434,2026-09-28 14:09:47,actions-trading,Sim9,020150,seen,,9ab7981405ce
14921434,2026-09-28 14:09:47,actions-trading,Sim9,006120,seen,,35a01cbf7a25
14921434,2026-09-28 14:09:47,actions-trading,Sim9,071950,seen,,50abfe711977
14921434,2026-09-28 14:09:47,actions-trading,Sim9,210980,seen,,d6647fed7c26
14921434,2026-09-28 14:09:47,actions-trading,Sim9,361610,seen,,94eefcc7ab95
14921434,2026-09-28 14:09:47,actions-trading,Sim9,003030,seen,,3d4cd20b2089
14921434,2026-09-28 14:09:47,actions-trading,Sim9,096770,seen,,0b64b7994a8a
14921434,2026-09-28 14:09:47,actions-trading,미너비니,192820,skip,below_pivot,54726d8be357
14921434,2026-09-28 14:09:47,actions-trading,미너비니,443060,skip,below_pivot,b15715a44bab
14921434,2026-09-28 14:09:47,actions-trading,Sim12,003580,skip,pb2_not_crashed,2ebfd7aae172
14921434,2026-09-28 14:09:47,actions-trading,Sim12,009830,skip,pb2_not_crashed,1a39aa0a8c0d
14921434,2026-09-28 14:09:47,actions-trading,Sim12,014280,skip,pb2_not_crashed,99a95b094db9
14921434,2026-09-28 14:09:47,actions-trading,Sim12,003570,skip,avoid_frgn_sell_20d,bd9d941d6c9f
14921434,2026-09-28 14:09:47,actions-trading,Sim12,002360,skip,pb2_not_crashed,033d42e89442
14921434,2026-09-28 14:09:47,actions-trading,Sim12,001527,skip,avoid_deadcat,45a23ad91263
14921434,2026-09-28 14:09:47,actions-trading,Sim12,010060,skip,pb2_not_crashed,7607bf64decf
14921434,2026-09-28 14:09:47,actions-trading,Sim12,044380,skip,avoid_deadcat,abf54e5f7299
14921434,2026-09-28 14:09:47,actions-trading,Sim12,025560,skip,avoid_frgn_sell_20d,758d8dfe47c7
14921434,2026-09-28 14:09:47,actions-trading,Sim12,051630,skip,pb2_not_crashed,ecb5bc4f9b88
14921434,2026-09-28 14:09:47,actions-trading,Sim12,004710,skip,avoid_frgn_sell_20d,d08c09b229ef
14921434,2026-09-28 14:09:47,actions-trading,Sim12,011070,skip,avoid_orgn_sell_high_per,b84cffd80e0a
14921434,2026-09-28 14:09:47,actions-trading,Sim12,009835,skip,avoid_frgn_sell_20d,3f087d1bd197
14921434,2026-09-28 14:09:47,actions-trading,Sim12,499790,skip,avoid_frgn_sell_20d,7206401743e8
14921434,2026-09-28 14:09:47,actions-trading,Sim12,004440,skip,avoid_frgn_sell_20d,cf12ca1b4c8a
14921434,2026-09-28 14:09:47,actions-trading,Sim12,006110,skip,avoid_deadcat,a252fde8fc91
14921434,2026-09-28 14:09:47,actions-trading,Sim12,014285,skip,pb2_not_crashed,76cb75fb2807
14921434,2026-09-28 14:09:47,actions-trading,Sim12,047040,skip,avoid_frgn_sell_20d,ede56c43a276
14921434,2026-09-28 14:09:47,actions-trading,Sim12,007810,skip,avoid_orgn_sell_high_per,e2131100d6ff
14921434,2026-09-28 14:09:47,actions-trading,Sim12,064960,skip,avoid_frgn_sell_20d,9eeb9adddf5f
14921434,2026-09-28 14:09:47,actions-trading,Sim12,025620,skip,pb2_not_crashed,43ad323c4ef1
14921434,2026-09-28 14:09:47,actions-trading,Sim12,005070,skip,avoid_frgn_sell_20d,714bb6b2ef57
14921434,2026-09-28 14:09:47,actions-trading,Sim12,077500,skip,pb2_not_crashed,eff2eb67a810
14921434,2026-09-28 14:09:47,actions-trading,Sim12,020150,skip,avoid_frgn_sell_20d,9ab7981405ce
14921434,2026-09-28 14:09:47,actions-trading,Sim12,006120,skip,avoid_frgn_sell_20d,35a01cbf7a25
14921434,2026-09-28 14:09:47,actions-trading,Sim12,071950,skip,avoid_deadcat,50abfe711977
14921434,2026-09-28 14:09:47,actions-trading,Sim12,210980,skip,avoid_amount_dry,d6647fed7c26
14921434,2026-09-28 14:09:47,actions-trading,Sim12,361610,skip,pb2_not_crashed,94eefcc7ab95
14921434,2026-09-28 14:09:47,actions-trading,Sim12,003030,skip,pb2_not_crashed,3d4cd20b2089
14921434,2026-09-28 14:09:47,actions-trading,Sim12,096770,skip,pb2_not_crashed,0b64b7994a8a
14921434,2026-09-28 14:09:47,actions-trading,Sim12,014990,skip,avoid_amount_dry,bb8afecfab54
14921434,2026-09-28 14:09:47,actions-trading,Sim12,002820,skip,pb2_not_crashed,5c16184ebb41
14921434,2026-09-28 14:09:47,actions-trading,Sim12,109070,skip,pb2_not_crashed,7e364c0b8213
14921434,2026-09-28 14:09:47,actions-trading,Sim12,402340,skip,pb2_not_crashed,c2188873a30c
14921434,2026-09-28 14:09:47,actions-trading,Sim12,002787,skip,avoid_amount_dry,676f31f2d6c3
14921434,2026-09-28 14:09:47,actions-trading,Sim12,009420,skip,pb2_not_crashed,f5049c38efa3
14921434,2026-09-28 14:09:47,actions-trading,Sim12,02826K,skip,pb2_not_crashed,2d87567ca002
14921434,2026-09-28 14:09:47,actions-trading,Sim12,009190,skip,pb2_no_inst_buying,528b1c74c169
14921434,2026-09-28 14:09:47,actions-trading,Sim12,028260,skip,pb2_not_crashed,a5d49af42d73
14921434,2026-09-28 14:09:47,actions-trading,Sim12,005935,skip,avoid_frgn_sell_20d,c804a3c68bae
14921434,2026-09-28 14:09:47,actions-trading,Sim12,002870,skip,avoid_amount_dry,2aefa51696dc
14921434,2026-09-28 14:09:47,actions-trading,Sim12,000150,skip,avoid_frgn_sell_20d,85e88f370965
14921434,2026-09-28 14:09:47,actions-trading,Sim12,034730,skip,pb2_not_crashed,2591a4f6762a
14921434,2026-09-28 14:09:47,actions-trading,Sim12,069960,skip,avoid_amount_dry,a0c7bd4b6b5e
14921434,2026-09-28 14:09:47,actions-trading,Sim12,000500,skip,avoid_amount_dry,a0d00b21f658
14921434,2026-09-28 14:09:47,actions-trading,Sim12,192650,skip,avoid_frgn_sell_20d,84ad48222a17
14921434,2026-09-28 14:09:47,actions-trading,Sim12,011090,skip,avoid_amount_dry,e6de732df5c8
14921434,2026-09-28 14:09:47,actions-trading,Sim12,03473K,skip,avoid_frgn_sell_20d,599eefe5c229
14921434,2026-09-28 14:09:47,actions-trading,Sim12,005930,skip,pb2_not_crashed,f0aa1ed2901f
14921434,2026-09-28 14:09:47,actions-trading,Sim12,002070,skip,avoid_amount_dry,05c6b6feaaf0
14921434,2026-09-28 14:09:47,actions-trading,Sim12,101140,skip,avoid_amount_dry,f47479aaf2f9
14921434,2026-09-28 14:09:47,actions-trading,Sim12,007660,skip,pb2_not_crashed,1ed965ac567f
14921434,2026-09-28 14:09:47,actions-trading,Sim12,011390,skip,avoid_amount_dry,5cba5dfd08cf
14921434,2026-09-28 14:09:47,actions-trading,Sim12,000660,skip,avoid_frgn_sell_20d,58b38fd84beb
14921434,2026-09-28 14:09:47,actions-trading,Sim12,000760,skip,avoid_amount_dry,d844125ef9a9
14921434,2026-09-28 14:09:47,actions-trading,Sim12,298040,skip,pb2_not_crashed,eae3b89f05a0
14921434,2026-09-28 14:09:47,actions-trading,Sim12,128940,skip,avoid_amount_dry,a71cc74c05a0
14921434,2026-09-28 14:09:47,actions-trading,Sim12,044820,skip,avoid_amount_dry,52abbb831cda
14921434,2026-09-28 14:09:47,actions-trading,Sim12,024900,skip,avoid_frgn_sell_20d,5058b425fa82
14921434,2026-09-28 14:09:47,actions-trading,Sim12,002030,skip,avoid_amount_dry,c09a1a2388e3
14921434,2026-09-28 14:09:48,actions-trading,Sim13,003580,skip,theme_momentum_weak,2ebfd7aae172
14921434,2026-09-28 14:09:48,actions-trading,Sim13,009830,skip,theme_momentum_weak,1a39aa0a8c0d
14921434,2026-09-28 14:09:48,actions-trading,Sim13,014280,skip,theme_momentum_weak,99a95b094db9
14921434,2026-09-28 14:09:48,actions-trading,Sim13,003570,skip,theme_momentum_weak,bd9d941d6c9f
14921434,2026-09-28 14:09:48,actions-trading,Sim13,002360,skip,held_or_cooldown,033d42e89442
14921434,2026-09-28 14:09:48,actions-trading,Sim13,001527,skip,theme_momentum_weak,45a23ad91263
14921434,2026-09-28 14:09:48,actions-trading,Sim13,010060,skip,theme_momentum_weak,7607bf64decf
14921434,2026-09-28 14:09:48,actions-trading,Sim13,044380,skip,theme_momentum_weak,abf54e5f7299
14921434,2026-09-28 14:09:48,actions-trading,Sim13,025560,skip,theme_momentum_weak,758d8dfe47c7
14921434,2026-09-28 14:09:48,actions-trading,Sim13,051630,skip,adx_weak,ecb5bc4f9b88
14921434,2026-09-28 14:09:48,actions-trading,Sim13,004710,skip,no_frgn_support,d08c09b229ef
14921434,2026-09-28 14:09:48,actions-trading,Sim13,011070,skip,theme_momentum_weak,b84cffd80e0a
14921434,2026-09-28 14:09:48,actions-trading,Sim13,009835,skip,theme_momentum_weak,3f087d1bd197
14921434,2026-09-28 14:09:48,actions-trading,Sim13,499790,skip,theme_momentum_weak,7206401743e8
14921434,2026-09-28 14:09:48,actions-trading,Sim13,004440,skip,theme_momentum_weak,cf12ca1b4c8a
14921434,2026-09-28 14:09:48,actions-trading,Sim13,006110,skip,theme_momentum_weak,a252fde8fc91
14921434,2026-09-28 14:09:48,actions-trading,Sim13,014285,skip,theme_momentum_weak,76cb75fb2807
14921434,2026-09-28 14:09:48,actions-trading,Sim13,047040,skip,theme_momentum_weak,ede56c43a276
14921434,2026-09-28 14:09:48,actions-trading,Sim13,007810,skip,theme_momentum_weak,e2131100d6ff
14921434,2026-09-28 14:09:48,actions-trading,Sim13,064960,skip,theme_momentum_weak,9eeb9adddf5f
14921434,2026-09-28 14:09:48,actions-trading,Sim13,025620,skip,theme_momentum_weak,43ad323c4ef1
14921434,2026-09-28 14:09:48,actions-trading,Sim13,005070,skip,theme_momentum_weak,714bb6b2ef57
14921434,2026-09-28 14:09:48,actions-trading,Sim13,077500,skip,held_or_cooldown,eff2eb67a810
14921434,2026-09-28 14:09:48,actions-trading,Sim13,020150,skip,theme_momentum_weak,9ab7981405ce
14921434,2026-09-28 14:09:48,actions-trading,Sim13,006120,skip,no_frgn_support,35a01cbf7a25
14921434,2026-09-28 14:09:48,actions-trading,Sim13,071950,skip,theme_momentum_weak,50abfe711977
14921434,2026-09-28 14:09:48,actions-trading,Sim13,210980,skip,theme_momentum_weak,d6647fed7c26
14921434,2026-09-28 14:09:48,actions-trading,Sim13,361610,skip,theme_momentum_weak,94eefcc7ab95
14921434,2026-09-28 14:09:48,actions-trading,Sim13,003030,skip,theme_momentum_weak,3d4cd20b2089
14921434,2026-09-28 14:09:48,actions-trading,Sim13,096770,skip,adx_weak,0b64b7994a8a
14921435,2026-09-28 14:11:01,actions-trading,Sim3,402340,skip,qty_zero,4d7b36adcce9
14921435,2026-09-28 14:11:01,actions-trading,Sim3,383800,skip,amount,37bfb0a3ab8a
14921435,2026-09-28 14:11:01,actions-trading,Sim3,462870,skip,amount,3ae39b179f0e
14921435,2026-09-28 14:11:01,actions-trading,Sim3,000660,skip,qty_zero,dae9bb8978af
14921435,2026-09-28 14:11:01,actions-trading,Sim3,071970,skip,amount,54cef91b6c0a
14921435,2026-09-28 14:11:01,actions-trading,Sim3,042700,skip,not_cheap,473a2ad9dc40
14921435,2026-09-28 14:11:01,actions-trading,Sim3,326030,skip,amount,7b7f1ec1c71f
14921435,2026-09-28 14:11:01,actions-trading,Sim3,207940,skip,not_cheap,2871daed0055
14921435,2026-09-28 14:11:01,actions-trading,Sim3,033920,skip,amount,512c824d05c1
14921435,2026-09-28 14:11:01,actions-trading,Sim3,004770,skip,amount,30bbd68e8509
14921435,2026-09-28 14:11:01,actions-trading,Sim3,0126Z0,skip,not_cheap,e049a870653c
14921435,2026-09-28 14:11:01,actions-trading,Sim3,062040,skip,not_cheap,15da85402a25
14921435,2026-09-28 14:11:01,actions-trading,Sim3,317450,skip,amount,601ee453e169
14921435,2026-09-28 14:11:01,actions-trading,Sim3,026960,skip,amount,c23d69bd6be9
14921435,2026-09-28 14:11:01,actions-trading,Sim3,021820,skip,amount,bc1214ebbd43
14921435,2026-09-28 14:11:01,actions-trading,Sim3,192080,skip,amount,6a45a0cae34b
14921435,2026-09-28 14:11:01,actions-trading,Sim3,068270,skip,cooldown,953cab8e08d8
14921435,2026-09-28 14:11:01,actions-trading,Sim3,123890,skip,amount,eeaf509a0b04
14921435,2026-09-28 14:11:01,actions-trading,Sim3,000240,skip,amount,8383044aeeaf
14921435,2026-09-28 14:11:01,actions-trading,Sim3,002380,skip,cooldown,e979a9e627fa
14921435,2026-09-28 14:11:01,actions-trading,Sim3,009770,skip,amount,4ae1f694d7a7
14921435,2026-09-28 14:11:01,actions-trading,Sim3,259960,skip,cooldown,029b5b1fb90e
14921435,2026-09-28 14:11:01,actions-trading,Sim3,035250,skip,amount,c0975a39766f
14921435,2026-09-28 14:11:01,actions-trading,Sim3,383220,skip,amount,f236dd22b568
14921435,2026-09-28 14:11:01,actions-trading,Sim3,226320,skip,amount,bca988f02ff5
14921435,2026-09-28 14:11:01,actions-trading,Sim3,439260,skip,amount,f04bab4b811b
14921435,2026-09-28 14:11:01,actions-trading,Sim3,025560,skip,cooldown,66245fbb9c79
14921435,2026-09-28 14:11:01,actions-trading,Sim3,007700,skip,amount,2a929aeac137
14921435,2026-09-28 14:11:01,actions-trading,Sim3,278470,skip,not_cheap,96cf64e3273b
14921435,2026-09-28 14:11:01,actions-trading,Sim3,000990,skip,not_cheap,d4cd5f6c3292
14921435,2026-09-28 14:11:37,actions-trading,MFHS2,047040,skip,max_holdings,e04843e643e9
14921435,2026-09-28 14:11:37,actions-trading,MFHS2,009830,seen,,4c68924cddff
14921435,2026-09-28 14:11:37,actions-trading,MFHS2,005880,seen,,c10af3545b7b
14921435,2026-09-28 14:11:37,actions-trading,MFHS2,316140,seen,,ed015088f5a2
14921435,2026-09-28 14:11:37,actions-trading,MFHS2,024110,seen,,992f097e4807
14921435,2026-09-28 14:11:37,actions-trading,MFHS2,018880,seen,,380db685ccd9
14921435,2026-09-28 14:11:37,actions-trading,MFHS2,003280,seen,,e9941b4382ea
14921435,2026-09-28 14:11:37,actions-trading,MFHS2,006360,seen,,0d9bbfbdbbfc
14921435,2026-09-28 14:11:37,actions-trading,MFHS2,088350,seen,,740ded0156a9
14921435,2026-09-28 14:11:37,actions-trading,MFHS2,073240,seen,,6e4bdda16bea
14921435,2026-09-28 14:11:37,actions-trading,MFHS2,011200,seen,,fce44a510006
14921435,2026-09-28 14:11:37,actions-trading,MFHS2,004020,seen,,19c8d5a4d2da
14921435,2026-09-28 14:11:37,actions-trading,MFHS2,015760,seen,,ace5f1cb7b75
14921435,2026-09-28 14:11:37,actions-trading,MFHS2,096770,seen,,95e2606ff0be
14921435,2026-09-28 14:11:37,actions-trading,MFHS2,279570,seen,,57f8adec548b
14921435,2026-09-28 14:11:37,actions-trading,MFHS2,003490,seen,,23cbf3256d18
14921435,2026-09-28 14:11:37,actions-trading,MFHS2,047050,seen,,939d056792bf
14921435,2026-09-28 14:11:37,actions-trading,MFHS2,035420,seen,,749d88974ed6
14921435,2026-09-28 14:11:37,actions-trading,MFHS2,032640,seen,,22e28ca72625
14921435,2026-09-28 14:11:37,actions-trading,MFHS2,139130,seen,,f8c035effc8c
14921435,2026-09-28 14:11:37,actions-trading,MFHS2,028670,seen,,8d00e3d3d89e
14921435,2026-09-28 14:11:37,actions-trading,MFHS2,004710,seen,,512c69e80103
14921435,2026-09-28 14:11:37,actions-trading,MFHS2,007810,seen,,0f03860b19c3
14921435,2026-09-28 14:11:37,actions-trading,MFHS2,035720,seen,,f7d89451dc10
14921435,2026-09-28 14:11:37,actions-trading,MFHS2,323410,seen,,25a24f7c27e9
14921435,2026-09-28 14:11:37,actions-trading,MFHS2,002360,seen,,90cf41f1af1e
14921435,2026-09-28 14:11:37,actions-trading,MFHS2,000720,seen,,e8f41caed8e1
14921435,2026-09-28 14:11:37,actions-trading,MFHS2,066570,seen,,e4a3cc8ceef2
14921435,2026-09-28 14:11:37,actions-trading,MFHS2,017670,seen,,d8918c808d56
14921435,2026-09-28 14:11:37,actions-trading,MFHS2,008970,seen,,98e254f11635
14921435,2026-09-28 14:11:40,actions-trading,상승모멘텀,003580,skip,max_holdings,462cbb9d0ca8
14921435,2026-09-28 14:11:40,actions-trading,상승모멘텀,044380,seen,,95ba7c269f70
14921435,2026-09-28 14:11:40,actions-trading,상승모멘텀,014280,seen,,131631b76fb5
14921435,2026-09-28 14:11:40,actions-trading,상승모멘텀,009830,seen,,4c68924cddff
14921435,2026-09-28 14:11:40,actions-trading,상승모멘텀,003570,seen,,bdb31699b2ec
14921435,2026-09-28 14:11:40,actions-trading,상승모멘텀,002360,seen,,90cf41f1af1e
14921435,2026-09-28 14:11:40,actions-trading,상승모멘텀,001527,seen,,45a23ad91263
14921435,2026-09-28 14:11:40,actions-trading,상승모멘텀,010060,seen,,20482bcf7449
14921435,2026-09-28 14:11:40,actions-trading,상승모멘텀,051630,seen,,fd188819e8ba
14921435,2026-09-28 14:11:40,actions-trading,상승모멘텀,025560,seen,,3fc8a10a8f36
14921435,2026-09-28 14:11:40,actions-trading,상승모멘텀,004710,seen,,512c69e80103
14921435,2026-09-28 14:11:40,actions-trading,상승모멘텀,011070,seen,,e5841f47ef41
14921435,2026-09-28 14:11:40,actions-trading,상승모멘텀,006110,seen,,4bdf2a0a3c23
14921435,2026-09-28 14:11:40,actions-trading,상승모멘텀,009835,seen,,3f087d1bd197
14921435,2026-09-28 14:11:40,actions-trading,상승모멘텀,499790,seen,,28ad702b0cc6
14921435,2026-09-28 14:11:40,actions-trading,상승모멘텀,004440,seen,,bb742148465e
14921435,2026-09-28 14:11:40,actions-trading,상승모멘텀,064960,seen,,b3a20ec41fcd
14921435,2026-09-28 14:11:40,actions-trading,상승모멘텀,014285,seen,,76cb75fb2807
14921435,2026-09-28 14:11:40,actions-trading,상승모멘텀,047040,seen,,e04843e643e9
14921435,2026-09-28 14:11:40,actions-trading,상승모멘텀,007810,seen,,0f03860b19c3
14921435,2026-09-28 14:11:40,actions-trading,상승모멘텀,025620,seen,,3afa856243da
14921435,2026-09-28 14:11:40,actions-trading,상승모멘텀,005070,seen,,6e3a1b6d4836
14921435,2026-09-28 14:11:40,actions-trading,상승모멘텀,077500,seen,,c3f17e076e7e
14921435,2026-09-28 14:11:40,actions-trading,상승모멘텀,006120,seen,,b3a5995744fc
14921435,2026-09-28 14:11:40,actions-trading,상승모멘텀,020150,seen,,eb04b8556f02
14921435,2026-09-28 14:11:40,actions-trading,상승모멘텀,071950,seen,,c9b3cdeb3afa
14921435,2026-09-28 14:11:40,actions-trading,상승모멘텀,361610,seen,,262f108fbdde
14921435,2026-09-28 14:11:40,actions-trading,상승모멘텀,036530,seen,,e49fc929616f
14921435,2026-09-28 14:11:40,actions-trading,상승모멘텀,096770,seen,,95e2606ff0be
14921435,2026-09-28 14:11:40,actions-trading,상승모멘텀,306200,seen,,52f2e26daf68
14921435,2026-09-28 14:11:40,actions-trading,Sim4-1,003580,skip,amount,462cbb9d0ca8
14921435,2026-09-28 14:11:40,actions-trading,Sim4-1,044380,skip,amount,95ba7c269f70
14921435,2026-09-28 14:11:40,actions-trading,Sim4-1,014280,skip,adx_low,131631b76fb5
14921435,2026-09-28 14:11:40,actions-trading,Sim4-1,009830,skip,period,4c68924cddff
14921435,2026-09-28 14:11:40,actions-trading,Sim4-1,003570,skip,adx_high,bdb31699b2ec
14921435,2026-09-28 14:11:40,actions-trading,Sim4-1,002360,skip,held_or_cooldown,90cf41f1af1e
14921435,2026-09-28 14:11:40,actions-trading,Sim4-1,001527,skip,amount,45a23ad91263
14921435,2026-09-28 14:11:40,actions-trading,Sim4-1,010060,skip,adx_low,20482bcf7449
14921435,2026-09-28 14:11:40,actions-trading,Sim4-1,051630,skip,amount,fd188819e8ba
14921435,2026-09-28 14:11:40,actions-trading,Sim4-1,025560,skip,adx_high,3fc8a10a8f36
14921435,2026-09-28 14:11:40,actions-trading,Sim4-1,004710,skip,held_or_cooldown,512c69e80103
14921435,2026-09-28 14:11:40,actions-trading,Sim4-1,011070,skip,period,e5841f47ef41
14921435,2026-09-28 14:11:40,actions-trading,Sim4-1,006110,skip,adx_high,4bdf2a0a3c23
14921435,2026-09-28 14:11:40,actions-trading,Sim4-1,009835,skip,amount,3f087d1bd197
14921435,2026-09-28 14:11:40,actions-trading,Sim4-1,499790,skip,amount,28ad702b0cc6
14921435,2026-09-28 14:11:40,actions-trading,Sim4-1,004440,skip,amount,bb742148465e
14921435,2026-09-28 14:11:40,actions-trading,Sim4-1,064960,skip,adx_high,b3a20ec41fcd
14921435,2026-09-28 14:11:40,actions-trading,Sim4-1,014285,skip,amount,76cb75fb2807
14921435,2026-09-28 14:11:40,actions-trading,Sim4-1,047040,skip,period,e04843e643e9
14921435,2026-09-28 14:11:40,actions-trading,Sim4-1,007810,skip,adx_high,0f03860b19c3
14921435,2026-09-28 14:11:40,actions-trading,Sim4-1,025620,skip,amount,3afa856243da
14921435,2026-09-28 14:11:40,actions-trading,Sim4-1,005070,skip,adx_low,6e3a1b6d4836
14921435,2026-09-28 14:11:40,actions-trading,Sim4-1,077500,skip,adx_high,c3f17e076e7e
14921435,2026-09-28 14:11:40,actions-trading,Sim4-1,006120,skip,adx_high,b3a5995744fc
14921435,2026-09-28 14:11:40,actions-trading,Sim4-1,020150,skip,adx_low,eb04b8556f02
14921435,2026-09-28 14:11:40,actions-trading,Sim4-1,071950,skip,amount,c9b3cdeb3afa
14921435,2026-09-28 14:11:40,actions-trading,Sim4-1,361610,skip,adx_high,262f108fbdde
14921435,2026-09-28 14:11:40,actions-trading,Sim4-1,036530,skip,amount,e49fc929616f
14921435,2026-09-28 14:11:40,actions-trading,Sim4-1,096770,skip,adx_high,95e2606ff0be
14921435,2026-09-28 14:11:40,actions-trading,Sim4-1,306200,skip,amount,52f2e26daf68
14921435,2026-09-28 14:11:42,actions-trading,선행매집,047040,skip,below_anchor,e04843e643e9
14921435,2026-09-28 14:11:42,actions-trading,선행매집,009830,skip,below_anchor,4c68924cddff
14921435,2026-09-28 14:11:42,actions-trading,선행매집,024110,skip,below_anchor,992f097e4807
14921435,2026-09-28 14:11:42,actions-trading,선행매집,005880,skip,below_anchor,c10af3545b7b
14921435,2026-09-28 14:11:42,actions-trading,선행매집,018880,skip,below_anchor,380db685ccd9
14921435,2026-09-28 14:11:42,actions-trading,선행매집,316140,skip,no_setup,ed015088f5a2
14921435,2026-09-28 14:11:42,actions-trading,선행매집,003280,skip,below_anchor,e9941b4382ea
14921435,2026-09-28 14:11:42,actions-trading,선행매집,015760,skip,below_anchor,ace5f1cb7b75
14921435,2026-09-28 14:11:42,actions-trading,선행매집,088350,skip,below_anchor,740ded0156a9
14921435,2026-09-28 14:11:42,actions-trading,선행매집,073240,skip,below_anchor,6e4bdda16bea
14921435,2026-09-28 14:11:42,actions-trading,선행매집,011200,skip,sold_or_cooldown,fce44a510006
14921435,2026-09-28 14:11:42,actions-trading,선행매집,096770,skip,held_awaiting_breakout,95e2606ff0be
14921435,2026-09-28 14:11:42,actions-trading,선행매집,006360,skip,below_anchor,0d9bbfbdbbfc
14921435,2026-09-28 14:11:42,actions-trading,선행매집,035420,skip,below_anchor,749d88974ed6
14921435,2026-09-28 14:11:42,actions-trading,선행매집,004710,skip,below_anchor,512c69e80103
14921435,2026-09-28 14:11:42,actions-trading,선행매집,003490,skip,sold_or_cooldown,23cbf3256d18
14921435,2026-09-28 14:11:42,actions-trading,선행매집,028670,skip,no_setup,8d00e3d3d89e
14921435,2026-09-28 14:11:42,actions-trading,선행매집,279570,skip,below_anchor,57f8adec548b
14921435,2026-09-28 14:11:42,actions-trading,선행매집,047050,skip,below_anchor,939d056792bf
14921435,2026-09-28 14:11:42,actions-trading,선행매집,004020,skip,below_anchor,19c8d5a4d2da
14921435,2026-09-28 14:11:42,actions-trading,선행매집,032640,skip,below_anchor,22e28ca72625
14921435,2026-09-28 14:11:42,actions-trading,선행매집,035720,skip,below_anchor,f7d89451dc10
14921435,2026-09-28 14:11:42,actions-trading,선행매집,139130,skip,no_setup,f8c035effc8c
14921435,2026-09-28 14:11:42,actions-trading,선행매집,066570,skip,below_anchor,e4a3cc8ceef2
14921435,2026-09-28 14:11:42,actions-trading,선행매집,000720,skip,below_anchor,e8f41caed8e1
14921435,2026-09-28 14:11:42,actions-trading,선행매집,007810,skip,below_anchor,0f03860b19c3
14921435,2026-09-28 14:11:42,actions-trading,선행매집,017670,skip,below_anchor,d8918c808d56
14921435,2026-09-28 14:11:42,actions-trading,선행매집,020150,skip,below_anchor,eb04b8556f02
14921435,2026-09-28 14:11:42,actions-trading,선행매집,088980,skip,below_anchor,db69b2e92276
14921435,2026-09-28 14:11:42,actions-trading,선행매집,008970,skip,amount,98e254f11635
14921435,2026-09-28 14:11:42,actions-trading,Sim9,_gate,skip,outside_entry_window,e3b0c44298fc
14921435,2026-09-28 14:11:42,actions-trading,Sim9,003580,seen,,462cbb9d0ca8
14921435,2026-09-28 14:11:42,actions-trading,Sim9,044380,seen,,95ba7c269f70
14921435,2026-09-28 14:11:42,actions-trading,Sim9,014280,seen,,131631b76fb5
14921435,2026-09-28 14:11:42,actions-trading,Sim9,009830,seen,,4c68924cddff
14921435,2026-09-28 14:11:42,actions-trading,Sim9,003570,seen,,bdb31699b2ec
14921435,2026-09-28 14:11:42,actions-trading,Sim9,002360,seen,,90cf41f1af1e
14921435,2026-09-28 14:11:42,actions-trading,Sim9,001527,seen,,45a23ad91263
14921435,2026-09-28 14:11:42,actions-trading,Sim9,010060,seen,,20482bcf7449
14921435,2026-09-28 14:11:42,actions-trading,Sim9,051630,seen,,fd188819e8ba
14921435,2026-09-28 14:11:42,actions-trading,Sim9,025560,seen,,3fc8a10a8f36
14921435,2026-09-28 14:11:42,actions-trading,Sim9,004710,seen,,512c69e80103
14921435,2026-09-28 14:11:42,actions-trading,Sim9,011070,seen,,e5841f47ef41
14921435,2026-09-28 14:11:42,actions-trading,Sim9,006110,seen,,4bdf2a0a3c23
14921435,2026-09-28 14:11:42,actions-trading,Sim9,009835,seen,,3f087d1bd197
14921435,2026-09-28 14:11:42,actions-trading,Sim9,499790,seen,,28ad702b0cc6
14921435,2026-09-28 14:11:42,actions-trading,Sim9,004440,seen,,bb742148465e
14921435,2026-09-28 14:11:42,actions-trading,Sim9,064960,seen,,b3a20ec41fcd
14921435,2026-09-28 14:11:42,actions-trading,Sim9,014285,seen,,76cb75fb2807
14921435,2026-09-28 14:11:42,actions-trading,Sim9,047040,seen,,e04843e643e9
14921435,2026-09-28 14:11:42,actions-trading,Sim9,007810,seen,,0f03860b19c3
14921435,2026-09-28 14:11:42,actions-trading,Sim9,025620,seen,,3afa856243da
14921435,2026-09-28 14:11:42,actions-trading,Sim9,005070,seen,,6e3a1b6d4836
14921435,2026-09-28 14:11:42,actions-trading,Sim9,077500,seen,,c3f17e076e7e
14921435,2026-09-28 14:11:42,actions-trading,Sim9,006120,seen,,b3a5995744fc
14921435,2026-09-28 14:11:42,actions-trading,Sim9,020150,seen,,eb04b8556f02
14921435,2026-09-28 14:11:42,actions-trading,Sim9,071950,seen,,c9b3cdeb3afa
14921435,2026-09-28 14:11:42,actions-trading,Sim9,361610,seen,,262f108fbdde
14921435,2026-09-28 14:11:42,actions-trading,Sim9,036530,seen,,e49fc929616f
14921435,2026-09-28 14:11:42,actions-trading,Sim9,096770,seen,,95e2606ff0be
14921435,2026-09-28 14:11:42,actions-trading,Sim9,306200,seen,,52f2e26daf68
14921435,2026-09-28 14:11:42,actions-trading,미너비니,192820,skip,below_pivot,8dcf2f81ed91
14921435,2026-09-28 14:11:42,actions-trading,미너비니,443060,skip,below_pivot,35f471d9cc0d
14921435,2026-09-28 14:11:42,actions-trading,Sim12,003580,skip,pb2_not_crashed,462cbb9d0ca8
14921435,2026-09-28 14:11:42,actions-trading,Sim12,044380,skip,avoid_deadcat,95ba7c269f70
14921435,2026-09-28 14:11:42,actions-trading,Sim12,014280,skip,pb2_not_crashed,131631b76fb5
14921435,2026-09-28 14:11:42,actions-trading,Sim12,009830,skip,pb2_not_crashed,4c68924cddff
14921435,2026-09-28 14:11:42,actions-trading,Sim12,003570,skip,avoid_frgn_sell_20d,bdb31699b2ec
14921435,2026-09-28 14:11:42,actions-trading,Sim12,002360,skip,pb2_not_crashed,90cf41f1af1e
14921435,2026-09-28 14:11:42,actions-trading,Sim12,001527,skip,avoid_deadcat,45a23ad91263
14921435,2026-09-28 14:11:42,actions-trading,Sim12,010060,skip,pb2_not_crashed,20482bcf7449
14921435,2026-09-28 14:11:42,actions-trading,Sim12,051630,skip,pb2_not_crashed,fd188819e8ba
14921435,2026-09-28 14:11:42,actions-trading,Sim12,025560,skip,avoid_frgn_sell_20d,3fc8a10a8f36
14921435,2026-09-28 14:11:42,actions-trading,Sim12,004710,skip,avoid_frgn_sell_20d,512c69e80103
14921435,2026-09-28 14:11:42,actions-trading,Sim12,011070,skip,avoid_orgn_sell_high_per,e5841f47ef41
14921435,2026-09-28 14:11:42,actions-trading,Sim12,006110,skip,avoid_deadcat,4bdf2a0a3c23
14921435,2026-09-28 14:11:42,actions-trading,Sim12,009835,skip,avoid_frgn_sell_20d,3f087d1bd197
14921435,2026-09-28 14:11:42,actions-trading,Sim12,499790,skip,avoid_frgn_sell_20d,28ad702b0cc6
14921435,2026-09-28 14:11:42,actions-trading,Sim12,004440,skip,avoid_frgn_sell_20d,bb742148465e
14921435,2026-09-28 14:11:42,actions-trading,Sim12,064960,skip,avoid_frgn_sell_20d,b3a20ec41fcd
14921435,2026-09-28 14:11:42,actions-trading,Sim12,014285,skip,pb2_not_crashed,76cb75fb2807
14921435,2026-09-28 14:11:42,actions-trading,Sim12,047040,skip,avoid_frgn_sell_20d,e04843e643e9
14921435,2026-09-28 14:11:42,actions-trading,Sim12,007810,skip,avoid_orgn_sell_high_per,0f03860b19c3
14921435,2026-09-28 14:11:42,actions-trading,Sim12,025620,skip,pb2_not_crashed,3afa856243da
14921435,2026-09-28 14:11:42,actions-trading,Sim12,005070,skip,avoid_frgn_sell_20d,6e3a1b6d4836
14921435,2026-09-28 14:11:42,actions-trading,Sim12,077500,skip,pb2_not_crashed,c3f17e076e7e
14921435,2026-09-28 14:11:42,actions-trading,Sim12,006120,skip,avoid_frgn_sell_20d,b3a5995744fc
14921435,2026-09-28 14:11:42,actions-trading,Sim12,020150,skip,avoid_frgn_sell_20d,eb04b8556f02
14921435,2026-09-28 14:11:42,actions-trading,Sim12,071950,skip,avoid_deadcat,c9b3cdeb3afa
14921435,2026-09-28 14:11:42,actions-trading,Sim12,361610,skip,pb2_not_crashed,262f108fbdde
14921435,2026-09-28 14:11:42,actions-trading,Sim12,036530,skip,avoid_frgn_sell_20d,e49fc929616f
14921435,2026-09-28 14:11:42,actions-trading,Sim12,096770,skip,pb2_not_crashed,95e2606ff0be
14921435,2026-09-28 14:11:42,actions-trading,Sim12,306200,skip,pb2_not_crashed,52f2e26daf68
14921435,2026-09-28 14:11:42,actions-trading,Sim12,014990,skip,avoid_amount_dry,456594ed2f9e
14921435,2026-09-28 14:11:42,actions-trading,Sim12,002820,skip,pb2_not_crashed,5c16184ebb41
14921435,2026-09-28 14:11:42,actions-trading,Sim12,109070,skip,pb2_not_crashed,7e364c0b8213
14921435,2026-09-28 14:11:42,actions-trading,Sim12,402340,skip,pb2_not_crashed,62ba5e63ffb6
14921435,2026-09-28 14:11:42,actions-trading,Sim12,002787,skip,avoid_amount_dry,676f31f2d6c3
14921435,2026-09-28 14:11:42,actions-trading,Sim12,009420,skip,pb2_not_crashed,37acdb9c9473
14921435,2026-09-28 14:11:42,actions-trading,Sim12,02826K,skip,pb2_not_crashed,a6320319b956
14921435,2026-09-28 14:11:42,actions-trading,Sim12,028260,skip,pb2_not_crashed,219e2f0e2293
14921435,2026-09-28 14:11:42,actions-trading,Sim12,005935,skip,avoid_frgn_sell_20d,94466805d857
14921435,2026-09-28 14:11:42,actions-trading,Sim12,009190,skip,pb2_no_inst_buying,dba07f9a7ce6
14921435,2026-09-28 14:11:42,actions-trading,Sim12,002870,skip,avoid_amount_dry,7f64fab88142
14921435,2026-09-28 14:11:42,actions-trading,Sim12,034730,skip,pb2_not_crashed,50b4eb2ea6cc
14921435,2026-09-28 14:11:42,actions-trading,Sim12,069960,skip,avoid_amount_dry,c096c7eb9bea
14921435,2026-09-28 14:11:42,actions-trading,Sim12,000500,skip,avoid_amount_dry,15c94ad18dba
14921435,2026-09-28 14:11:42,actions-trading,Sim12,000150,skip,avoid_frgn_sell_20d,ac4d425fba54
14921435,2026-09-28 14:11:42,actions-trading,Sim12,011090,skip,avoid_amount_dry,a5bcb186c887
14921435,2026-09-28 14:11:42,actions-trading,Sim12,03473K,skip,avoid_frgn_sell_20d,599eefe5c229
14921435,2026-09-28 14:11:42,actions-trading,Sim12,192650,skip,avoid_frgn_sell_20d,b31a0ac13c47
14921435,2026-09-28 14:11:42,actions-trading,Sim12,005930,skip,pb2_not_crashed,6c0ae908a0ef
14921435,2026-09-28 14:11:42,actions-trading,Sim12,000660,skip,avoid_frgn_sell_20d,dd578e8fec57
14921435,2026-09-28 14:11:42,actions-trading,Sim12,007660,skip,pb2_not_crashed,62fa4c43435a
14921435,2026-09-28 14:11:42,actions-trading,Sim12,002070,skip,avoid_amount_dry,89555b1f9907
14921435,2026-09-28 14:11:42,actions-trading,Sim12,101140,skip,avoid_amount_dry,f47479aaf2f9
14921435,2026-09-28 14:11:42,actions-trading,Sim12,011390,skip,avoid_amount_dry,5cba5dfd08cf
14921435,2026-09-28 14:11:42,actions-trading,Sim12,298040,skip,pb2_not_crashed,d9a207302844
14921435,2026-09-28 14:11:42,actions-trading,Sim12,002030,skip,avoid_amount_dry,f97490982715
14921435,2026-09-28 14:11:42,actions-trading,Sim12,000760,skip,avoid_amount_dry,d844125ef9a9
14921435,2026-09-28 14:11:42,actions-trading,Sim12,030720,skip,avoid_amount_dry,b24031d4873a
14921435,2026-09-28 14:11:42,actions-trading,Sim12,128940,skip,avoid_amount_dry,b3ff233c74b1
14921435,2026-09-28 14:11:42,actions-trading,Sim12,044820,skip,avoid_amount_dry,c875b7317a22
14921435,2026-09-28 14:11:43,actions-trading,Sim13,003580,skip,theme_momentum_weak,462cbb9d0ca8
14921435,2026-09-28 14:11:43,actions-trading,Sim13,044380,skip,theme_momentum_weak,95ba7c269f70
14921435,2026-09-28 14:11:43,actions-trading,Sim13,014280,skip,theme_momentum_weak,131631b76fb5
14921435,2026-09-28 14:11:43,actions-trading,Sim13,009830,skip,theme_momentum_weak,4c68924cddff
14921435,2026-09-28 14:11:43,actions-trading,Sim13,003570,skip,theme_momentum_weak,bdb31699b2ec
14921435,2026-09-28 14:11:43,actions-trading,Sim13,002360,skip,held_or_cooldown,90cf41f1af1e
14921435,2026-09-28 14:11:43,actions-trading,Sim13,001527,skip,theme_momentum_weak,45a23ad91263
14921435,2026-09-28 14:11:43,actions-trading,Sim13,010060,skip,theme_momentum_weak,20482bcf7449
14921435,2026-09-28 14:11:43,actions-trading,Sim13,051630,skip,adx_weak,fd188819e8ba
14921435,2026-09-28 14:11:43,actions-trading,Sim13,025560,skip,theme_momentum_weak,3fc8a10a8f36
14921435,2026-09-28 14:11:43,actions-trading,Sim13,004710,skip,no_frgn_support,512c69e80103
14921435,2026-09-28 14:11:43,actions-trading,Sim13,011070,skip,theme_momentum_weak,e5841f47ef41
14921435,2026-09-28 14:11:43,actions-trading,Sim13,006110,skip,theme_momentum_weak,4bdf2a0a3c23
14921435,2026-09-28 14:11:43,actions-trading,Sim13,009835,skip,theme_momentum_weak,3f087d1bd197
14921435,2026-09-28 14:11:43,actions-trading,Sim13,499790,skip,theme_momentum_weak,28ad702b0cc6
14921435,2026-09-28 14:11:43,actions-trading,Sim13,004440,skip,theme_momentum_weak,bb742148465e
14921435,2026-09-28 14:11:43,actions-trading,Sim13,064960,skip,theme_momentum_weak,b3a20ec41fcd
14921435,2026-09-28 14:11:43,actions-trading,Sim13,014285,skip,theme_momentum_weak,76cb75fb2807
14921435,2026-09-28 14:11:43,actions-trading,Sim13,047040,skip,theme_momentum_weak,e04843e643e9
14921435,2026-09-28 14:11:43,actions-trading,Sim13,007810,skip,theme_momentum_weak,0f03860b19c3
14921435,2026-09-28 14:11:43,actions-trading,Sim13,025620,skip,theme_momentum_weak,3afa856243da
14921435,2026-09-28 14:11:43,actions-trading,Sim13,005070,skip,theme_momentum_weak,6e3a1b6d4836
14921435,2026-09-28 14:11:43,actions-trading,Sim13,077500,skip,held_or_cooldown,c3f17e076e7e
14921435,2026-09-28 14:11:43,actions-trading,Sim13,006120,skip,no_frgn_support,b3a5995744fc
14921435,2026-09-28 14:11:43,actions-trading,Sim13,020150,skip,theme_momentum_weak,eb04b8556f02
14921435,2026-09-28 14:11:43,actions-trading,Sim13,071950,skip,theme_momentum_weak,c9b3cdeb3afa
14921435,2026-09-28 14:11:43,actions-trading,Sim13,361610,skip,theme_momentum_weak,262f108fbdde
14921435,2026-09-28 14:11:43,actions-trading,Sim13,036530,skip,theme_momentum_weak,e49fc929616f
14921435,2026-09-28 14:11:43,actions-trading,Sim13,096770,skip,adx_weak,95e2606ff0be
14921435,2026-09-28 14:11:43,actions-trading,Sim13,306200,skip,theme_momentum_weak,52f2e26daf68
14921436,2026-09-28 14:12:56,actions-trading,Sim3,402340,skip,qty_zero,be73a7057cae
14921436,2026-09-28 14:12:56,actions-trading,Sim3,383800,skip,amount,37bfb0a3ab8a
14921436,2026-09-28 14:12:56,actions-trading,Sim3,462870,skip,amount,d9a9e328286e
14921436,2026-09-28 14:12:56,actions-trading,Sim3,000660,skip,qty_zero,b6acc6f22b83
14921436,2026-09-28 14:12:56,actions-trading,Sim3,071970,skip,amount,81fcc1d47eff
14921436,2026-09-28 14:12:56,actions-trading,Sim3,042700,skip,not_cheap,18036cbda7df
14921436,2026-09-28 14:12:56,actions-trading,Sim3,326030,skip,amount,eb82d81bd1da
14921436,2026-09-28 14:12:56,actions-trading,Sim3,207940,skip,not_cheap,f6121802af27
14921436,2026-09-28 14:12:56,actions-trading,Sim3,033920,skip,amount,2f28f3a1c200
14921436,2026-09-28 14:12:56,actions-trading,Sim3,004770,skip,amount,052eca4e80a4
14921436,2026-09-28 14:12:56,actions-trading,Sim3,0126Z0,skip,not_cheap,f3e458a18be8
14921436,2026-09-28 14:12:56,actions-trading,Sim3,062040,skip,not_cheap,d9f05df496f5
14921436,2026-09-28 14:12:56,actions-trading,Sim3,317450,skip,amount,32b5e469ad84
14921436,2026-09-28 14:12:56,actions-trading,Sim3,026960,skip,amount,c74dda3cf918
14921436,2026-09-28 14:12:56,actions-trading,Sim3,021820,skip,amount,890f505c3848
14921436,2026-09-28 14:12:56,actions-trading,Sim3,192080,skip,amount,9ae03ae74427
14921436,2026-09-28 14:12:56,actions-trading,Sim3,068270,skip,cooldown,22bc779b8a9c
14921436,2026-09-28 14:12:56,actions-trading,Sim3,123890,skip,amount,eeaf509a0b04
14921436,2026-09-28 14:12:56,actions-trading,Sim3,000240,skip,amount,5de12c96964e
14921436,2026-09-28 14:12:56,actions-trading,Sim3,002380,skip,cooldown,bc8a17d98fc1
14921436,2026-09-28 14:12:56,actions-trading,Sim3,009770,skip,amount,4ae1f694d7a7
14921436,2026-09-28 14:12:56,actions-trading,Sim3,259960,skip,cooldown,4f7f75cf69bb
14921436,2026-09-28 14:12:56,actions-trading,Sim3,035250,skip,amount,b4cc67bf1053
14921436,2026-09-28 14:12:56,actions-trading,Sim3,383220,skip,amount,4ec27d52ad7a
14921436,2026-09-28 14:12:56,actions-trading,Sim3,226320,skip,amount,c3f10e9a3afc
14921436,2026-09-28 14:12:56,actions-trading,Sim3,439260,skip,amount,4f8bcea55867
14921436,2026-09-28 14:12:56,actions-trading,Sim3,025560,skip,cooldown,3fcfeed955c6
14921436,2026-09-28 14:12:56,actions-trading,Sim3,007700,skip,amount,2a929aeac137
14921436,2026-09-28 14:12:56,actions-trading,Sim3,278470,skip,not_cheap,21691184b25d
14921436,2026-09-28 14:12:56,actions-trading,Sim3,000990,skip,not_cheap,a631fc4cc3f0
14921436,2026-09-28 14:13:34,actions-trading,MFHS2,047040,skip,max_holdings,89e760748f88
14921436,2026-09-28 14:13:34,actions-trading,MFHS2,009830,seen,,905aaa677dcf
14921436,2026-09-28 14:13:34,actions-trading,MFHS2,005880,seen,,85cfc5686e5d
14921436,2026-09-28 14:13:34,actions-trading,MFHS2,316140,seen,,351b37f2332a
14921436,2026-09-28 14:13:34,actions-trading,MFHS2,024110,seen,,8ef7bc5f87b9
14921436,2026-09-28 14:13:34,actions-trading,MFHS2,018880,seen,,8c5b130b987b
14921436,2026-09-28 14:13:34,actions-trading,MFHS2,003280,seen,,19b872daaa09
14921436,2026-09-28 14:13:34,actions-trading,MFHS2,006360,seen,,9b0a434dd93c
14921436,2026-09-28 14:13:34,actions-trading,MFHS2,088350,seen,,392857c72a0a
14921436,2026-09-28 14:13:34,actions-trading,MFHS2,073240,seen,,4bd6e9626d2f
14921436,2026-09-28 14:13:34,actions-trading,MFHS2,011200,seen,,622245eead52
14921436,2026-09-28 14:13:34,actions-trading,MFHS2,004020,seen,,ba83520f64c0
14921436,2026-09-28 14:13:34,actions-trading,MFHS2,015760,seen,,26e5a924e9d3
14921436,2026-09-28 14:13:34,actions-trading,MFHS2,096770,seen,,65bc19b4197f
14921436,2026-09-28 14:13:34,actions-trading,MFHS2,279570,seen,,1fd05d0aa3d5
14921436,2026-09-28 14:13:34,actions-trading,MFHS2,003490,seen,,0796fa88f406
14921436,2026-09-28 14:13:34,actions-trading,MFHS2,047050,seen,,20fd34c77d9b
14921436,2026-09-28 14:13:34,actions-trading,MFHS2,035420,seen,,9a8bb7feac44
14921436,2026-09-28 14:13:34,actions-trading,MFHS2,032640,seen,,dde675b2f473
14921436,2026-09-28 14:13:34,actions-trading,MFHS2,139130,seen,,1f6f79d9e54c
14921436,2026-09-28 14:13:34,actions-trading,MFHS2,028670,seen,,a42bfd98a404
14921436,2026-09-28 14:13:34,actions-trading,MFHS2,004710,seen,,e957ade9db0c
14921436,2026-09-28 14:13:34,actions-trading,MFHS2,007810,seen,,eb25a08cdb42
14921436,2026-09-28 14:13:34,actions-trading,MFHS2,035720,seen,,5533a4860d63
14921436,2026-09-28 14:13:34,actions-trading,MFHS2,323410,seen,,ce54cc48c6a5
14921436,2026-09-28 14:13:34,actions-trading,MFHS2,002360,seen,,35978951d119
14921436,2026-09-28 14:13:34,actions-trading,MFHS2,000720,seen,,e8b231c98024
14921436,2026-09-28 14:13:34,actions-trading,MFHS2,066570,seen,,c1982ab2a8d7
14921436,2026-09-28 14:13:34,actions-trading,MFHS2,017670,seen,,e804ef593c4f
14921436,2026-09-28 14:13:34,actions-trading,MFHS2,008970,seen,,2090b8e818ac
14921436,2026-09-28 14:13:37,actions-trading,상승모멘텀,003580,skip,max_holdings,9745037e17a3
14921436,2026-09-28 14:13:37,actions-trading,상승모멘텀,044380,seen,,e6ae00aad445
14921436,2026-09-28 14:13:37,actions-trading,상승모멘텀,014280,seen,,baaec35288b6
14921436,2026-09-28 14:13:37,actions-trading,상승모멘텀,009830,seen,,905aaa677dcf
14921436,2026-09-28 14:13:37,actions-trading,상승모멘텀,003570,seen,,434ec336484b
14921436,2026-09-28 14:13:37,actions-trading,상승모멘텀,002360,seen,,35978951d119
14921436,2026-09-28 14:13:37,actions-trading,상승모멘텀,001527,seen,,45a23ad91263
14921436,2026-09-28 14:13:37,actions-trading,상승모멘텀,010060,seen,,72a561f689d8
14921436,2026-09-28 14:13:37,actions-trading,상승모멘텀,051630,seen,,8155c7e5591f
14921436,2026-09-28 14:13:37,actions-trading,상승모멘텀,025560,seen,,158871467c80
14921436,2026-09-28 14:13:37,actions-trading,상승모멘텀,004710,seen,,e957ade9db0c
14921436,2026-09-28 14:13:37,actions-trading,상승모멘텀,009835,seen,,392ad2637849
14921436,2026-09-28 14:13:37,actions-trading,상승모멘텀,011070,seen,,a6bffb78ee81
14921436,2026-09-28 14:13:37,actions-trading,상승모멘텀,006110,seen,,d98de32a7ebc
14921436,2026-09-28 14:13:37,actions-trading,상승모멘텀,064960,seen,,18a1d133a194
14921436,2026-09-28 14:13:37,actions-trading,상승모멘텀,014285,seen,,76cb75fb2807
14921436,2026-09-28 14:13:37,actions-trading,상승모멘텀,004440,seen,,9500a52761f1
14921436,2026-09-28 14:13:37,actions-trading,상승모멘텀,047040,seen,,89e760748f88
14921436,2026-09-28 14:13:37,actions-trading,상승모멘텀,499790,seen,,cd74b24b8f7c
14921436,2026-09-28 14:13:37,actions-trading,상승모멘텀,007810,seen,,eb25a08cdb42
14921436,2026-09-28 14:13:37,actions-trading,상승모멘텀,077500,seen,,bdd24056a6fd
14921436,2026-09-28 14:13:37,actions-trading,상승모멘텀,025620,seen,,52b14893991e
14921436,2026-09-28 14:13:37,actions-trading,상승모멘텀,005070,seen,,3ca8d7eccb81
14921436,2026-09-28 14:13:37,actions-trading,상승모멘텀,006120,seen,,01d3ea83acf8
14921436,2026-09-28 14:13:37,actions-trading,상승모멘텀,071950,seen,,2108f3790563
14921436,2026-09-28 14:13:37,actions-trading,상승모멘텀,361610,seen,,4e7d5172a235
14921436,2026-09-28 14:13:37,actions-trading,상승모멘텀,036530,seen,,eb2854853536
14921436,2026-09-28 14:13:37,actions-trading,상승모멘텀,020150,seen,,7084a873105f
14921436,2026-09-28 14:13:37,actions-trading,상승모멘텀,003030,seen,,528913ec2657
14921436,2026-09-28 14:13:37,actions-trading,상승모멘텀,306200,seen,,891154c3cf4c
14921436,2026-09-28 14:13:37,actions-trading,Sim4-1,003580,skip,amount,9745037e17a3
14921436,2026-09-28 14:13:37,actions-trading,Sim4-1,044380,skip,amount,e6ae00aad445
14921436,2026-09-28 14:13:37,actions-trading,Sim4-1,014280,skip,adx_low,baaec35288b6
14921436,2026-09-28 14:13:37,actions-trading,Sim4-1,009830,skip,period,905aaa677dcf
14921436,2026-09-28 14:13:37,actions-trading,Sim4-1,003570,skip,adx_high,434ec336484b
14921436,2026-09-28 14:13:37,actions-trading,Sim4-1,002360,skip,held_or_cooldown,35978951d119
14921436,2026-09-28 14:13:37,actions-trading,Sim4-1,001527,skip,amount,45a23ad91263
14921436,2026-09-28 14:13:37,actions-trading,Sim4-1,010060,skip,adx_low,72a561f689d8
14921436,2026-09-28 14:13:37,actions-trading,Sim4-1,051630,skip,amount,8155c7e5591f
14921436,2026-09-28 14:13:37,actions-trading,Sim4-1,025560,skip,adx_high,158871467c80
14921436,2026-09-28 14:13:37,actions-trading,Sim4-1,004710,skip,held_or_cooldown,e957ade9db0c
14921436,2026-09-28 14:13:37,actions-trading,Sim4-1,009835,skip,amount,392ad2637849
14921436,2026-09-28 14:13:37,actions-trading,Sim4-1,011070,skip,period,a6bffb78ee81
14921436,2026-09-28 14:13:37,actions-trading,Sim4-1,006110,skip,adx_high,d98de32a7ebc
14921436,2026-09-28 14:13:37,actions-trading,Sim4-1,064960,skip,adx_high,18a1d133a194
14921436,2026-09-28 14:13:37,actions-trading,Sim4-1,014285,skip,amount,76cb75fb2807
14921436,2026-09-28 14:13:37,actions-trading,Sim4-1,004440,skip,amount,9500a52761f1
14921436,2026-09-28 14:13:37,actions-trading,Sim4-1,047040,skip,period,89e760748f88
14921436,2026-09-28 14:13:37,actions-trading,Sim4-1,499790,skip,amount,cd74b24b8f7c
14921436,2026-09-28 14:13:37,actions-trading,Sim4-1,007810,skip,adx_high,eb25a08cdb42
14921436,2026-09-28 14:13:37,actions-trading,Sim4-1,077500,skip,adx_high,bdd24056a6fd
14921436,2026-09-28 14:13:37,actions-trading,Sim4-1,025620,skip,amount,52b14893991e
14921436,2026-09-28 14:13:37,actions-trading,Sim4-1,005070,skip,adx_low,3ca8d7eccb81
14921436,2026-09-28 14:13:37,actions-trading,Sim4-1,006120,skip,adx_high,01d3ea83acf8
14921436,2026-09-28 14:13:37,actions-trading,Sim4-1,071950,skip,amount,2108f3790563
14921436,2026-09-28 14:13:37,actions-trading,Sim4-1,361610,skip,adx_high,4e7d5172a235
14921436,2026-09-28 14:13:37,actions-trading,Sim4-1,036530,skip,amount,eb2854853536
14921436,2026-09-28 14:13:37,actions-trading,Sim4-1,020150,skip,adx_low,7084a873105f
14921436,2026-09-28 14:13:37,actions-trading,Sim4-1,003030,skip,amount,528913ec2657
14921436,2026-09-28 14:13:37,actions-trading,Sim4-1,306200,skip,amount,891154c3cf4c
14921436,2026-09-28 14:13:39,actions-trading,선행매집,047040,skip,below_anchor,89e760748f88
14921436,2026-09-28 14:13:39,actions-trading,선행매집,009830,skip,below_anchor,905aaa677dcf
14921436,2026-09-28 14:13:39,actions-trading,선행매집,024110,skip,below_anchor,8ef7bc5f87b9
14921436,2026-09-28 14:13:39,actions-trading,선행매집,005880,skip,below_anchor,85cfc5686e5d
14921436,2026-09-28 14:13:39,actions-trading,선행매집,018880,skip,below_anchor,8c5b130b987b
14921436,2026-09-28 14:13:39,actions-trading,선행매집,316140,skip,no_setup,351b37f2332a
14921436,2026-09-28 14:13:39,actions-trading,선행매집,003280,skip,below_anchor,19b872daaa09
14921436,2026-09-28 14:13:39,actions-trading,선행매집,015760,skip,below_anchor,26e5a924e9d3
14921436,2026-09-28 14:13:39,actions-trading,선행매집,088350,skip,below_anchor,392857c72a0a
14921436,2026-09-28 14:13:39,actions-trading,선행매집,073240,skip,below_anchor,4bd6e9626d2f
14921436,2026-09-28 14:13:39,actions-trading,선행매집,011200,skip,sold_or_cooldown,622245eead52
14921436,2026-09-28 14:13:39,actions-trading,선행매집,096770,skip,held_awaiting_breakout,65bc19b4197f
14921436,2026-09-28 14:13:39,actions-trading,선행매집,006360,skip,below_anchor,9b0a434dd93c
14921436,2026-09-28 14:13:39,actions-trading,선행매집,035420,skip,below_anchor,9a8bb7feac44
14921436,2026-09-28 14:13:39,actions-trading,선행매집,004710,skip,below_anchor,e957ade9db0c
14921436,2026-09-28 14:13:39,actions-trading,선행매집,003490,skip,sold_or_cooldown,0796fa88f406
14921436,2026-09-28 14:13:39,actions-trading,선행매집,028670,skip,no_setup,a42bfd98a404
14921436,2026-09-28 14:13:39,actions-trading,선행매집,279570,skip,below_anchor,1fd05d0aa3d5
14921436,2026-09-28 14:13:39,actions-trading,선행매집,047050,skip,below_anchor,20fd34c77d9b
14921436,2026-09-28 14:13:39,actions-trading,선행매집,004020,skip,below_anchor,ba83520f64c0
14921436,2026-09-28 14:13:39,actions-trading,선행매집,032640,skip,below_anchor,dde675b2f473
14921436,2026-09-28 14:13:39,actions-trading,선행매집,035720,skip,below_anchor,5533a4860d63
14921436,2026-09-28 14:13:39,actions-trading,선행매집,139130,skip,no_setup,1f6f79d9e54c
14921436,2026-09-28 14:13:39,actions-trading,선행매집,066570,skip,below_anchor,c1982ab2a8d7
14921436,2026-09-28 14:13:39,actions-trading,선행매집,000720,skip,below_anchor,e8b231c98024
14921436,2026-09-28 14:13:39,actions-trading,선행매집,007810,skip,below_anchor,eb25a08cdb42
14921436,2026-09-28 14:13:39,actions-trading,선행매집,017670,skip,below_anchor,e804ef593c4f
14921436,2026-09-28 14:13:39,actions-trading,선행매집,020150,skip,below_anchor,7084a873105f
14921436,2026-09-28 14:13:39,actions-trading,선행매집,088980,skip,below_anchor,81dcf237d8ba
14921436,2026-09-28 14:13:39,actions-trading,선행매집,008970,skip,amount,2090b8e818ac
14921436,2026-09-28 14:13:39,actions-trading,Sim9,_gate,skip,outside_entry_window,e3b0c44298fc
14921436,2026-09-28 14:13:39,actions-trading,Sim9,003580,seen,,9745037e17a3
14921436,2026-09-28 14:13:39,actions-trading,Sim9,044380,seen,,e6ae00aad445
14921436,2026-09-28 14:13:39,actions-trading,Sim9,014280,seen,,baaec35288b6
14921436,2026-09-28 14:13:39,actions-trading,Sim9,009830,seen,,905aaa677dcf
14921436,2026-09-28 14:13:39,actions-trading,Sim9,003570,seen,,434ec336484b
14921436,2026-09-28 14:13:39,actions-trading,Sim9,002360,seen,,35978951d119
14921436,2026-09-28 14:13:39,actions-trading,Sim9,001527,seen,,45a23ad91263
14921436,2026-09-28 14:13:39,actions-trading,Sim9,010060,seen,,72a561f689d8
14921436,2026-09-28 14:13:39,actions-trading,Sim9,051630,seen,,8155c7e5591f
14921436,2026-09-28 14:13:39,actions-trading,Sim9,025560,seen,,158871467c80
14921436,2026-09-28 14:13:39,actions-trading,Sim9,004710,seen,,e957ade9db0c
14921436,2026-09-28 14:13:39,actions-trading,Sim9,009835,seen,,392ad2637849
14921436,2026-09-28 14:13:39,actions-trading,Sim9,011070,seen,,a6bffb78ee81
14921436,2026-09-28 14:13:39,actions-trading,Sim9,006110,seen,,d98de32a7ebc
14921436,2026-09-28 14:13:39,actions-trading,Sim9,064960,seen,,18a1d133a194
14921436,2026-09-28 14:13:39,actions-trading,Sim9,014285,seen,,76cb75fb2807
14921436,2026-09-28 14:13:39,actions-trading,Sim9,004440,seen,,9500a52761f1
14921436,2026-09-28 14:13:39,actions-trading,Sim9,047040,seen,,89e760748f88
14921436,2026-09-28 14:13:39,actions-trading,Sim9,499790,seen,,cd74b24b8f7c
14921436,2026-09-28 14:13:39,actions-trading,Sim9,007810,seen,,eb25a08cdb42
14921436,2026-09-28 14:13:39,actions-trading,Sim9,077500,seen,,bdd24056a6fd
14921436,2026-09-28 14:13:39,actions-trading,Sim9,025620,seen,,52b14893991e
14921436,2026-09-28 14:13:39,actions-trading,Sim9,005070,seen,,3ca8d7eccb81
14921436,2026-09-28 14:13:39,actions-trading,Sim9,006120,seen,,01d3ea83acf8
14921436,2026-09-28 14:13:39,actions-trading,Sim9,071950,seen,,2108f3790563
14921436,2026-09-28 14:13:39,actions-trading,Sim9,361610,seen,,4e7d5172a235
14921436,2026-09-28 14:13:39,actions-trading,Sim9,036530,seen,,eb2854853536
14921436,2026-09-28 14:13:39,actions-trading,Sim9,020150,seen,,7084a873105f
14921436,2026-09-28 14:13:39,actions-trading,Sim9,003030,seen,,528913ec2657
14921436,2026-09-28 14:13:39,actions-trading,Sim9,306200,seen,,891154c3cf4c
14921436,2026-09-28 14:13:39,actions-trading,미너비니,192820,skip,below_pivot,8395fdb40ef5
14921436,2026-09-28 14:13:39,actions-trading,미너비니,443060,skip,below_pivot,30776496a31f
14921436,2026-09-28 14:13:39,actions-trading,Sim12,003580,skip,pb2_not_crashed,9745037e17a3
14921436,2026-09-28 14:13:39,actions-trading,Sim12,044380,skip,avoid_deadcat,e6ae00aad445
14921436,2026-09-28 14:13:39,actions-trading,Sim12,014280,skip,pb2_not_crashed,baaec35288b6
14921436,2026-09-28 14:13:39,actions-trading,Sim12,009830,skip,pb2_not_crashed,905aaa677dcf
14921436,2026-09-28 14:13:39,actions-trading,Sim12,003570,skip,avoid_frgn_sell_20d,434ec336484b
14921436,2026-09-28 14:13:39,actions-trading,Sim12,002360,skip,pb2_not_crashed,35978951d119
14921436,2026-09-28 14:13:39,actions-trading,Sim12,001527,skip,avoid_deadcat,45a23ad91263
14921436,2026-09-28 14:13:39,actions-trading,Sim12,010060,skip,pb2_not_crashed,72a561f689d8
14921436,2026-09-28 14:13:39,actions-trading,Sim12,051630,skip,pb2_not_crashed,8155c7e5591f
14921436,2026-09-28 14:13:39,actions-trading,Sim12,025560,skip,avoid_frgn_sell_20d,158871467c80
14921436,2026-09-28 14:13:39,actions-trading,Sim12,004710,skip,avoid_frgn_sell_20d,e957ade9db0c
14921436,2026-09-28 14:13:39,actions-trading,Sim12,009835,skip,avoid_frgn_sell_20d,392ad2637849
14921436,2026-09-28 14:13:39,actions-trading,Sim12,011070,skip,avoid_orgn_sell_high_per,a6bffb78ee81
14921436,2026-09-28 14:13:39,actions-trading,Sim12,006110,skip,avoid_deadcat,d98de32a7ebc
14921436,2026-09-28 14:13:39,actions-trading,Sim12,064960,skip,avoid_frgn_sell_20d,18a1d133a194
14921436,2026-09-28 14:13:39,actions-trading,Sim12,014285,skip,pb2_not_crashed,76cb75fb2807
14921436,2026-09-28 14:13:39,actions-trading,Sim12,004440,skip,avoid_frgn_sell_20d,9500a52761f1
14921436,2026-09-28 14:13:39,actions-trading,Sim12,047040,skip,avoid_frgn_sell_20d,89e760748f88
14921436,2026-09-28 14:13:39,actions-trading,Sim12,499790,skip,avoid_frgn_sell_20d,cd74b24b8f7c
14921436,2026-09-28 14:13:39,actions-trading,Sim12,007810,skip,avoid_orgn_sell_high_per,eb25a08cdb42
14921436,2026-09-28 14:13:39,actions-trading,Sim12,077500,skip,pb2_not_crashed,bdd24056a6fd
14921436,2026-09-28 14:13:39,actions-trading,Sim12,025620,skip,pb2_not_crashed,52b14893991e
14921436,2026-09-28 14:13:39,actions-trading,Sim12,005070,skip,avoid_frgn_sell_20d,3ca8d7eccb81
14921436,2026-09-28 14:13:39,actions-trading,Sim12,006120,skip,avoid_frgn_sell_20d,01d3ea83acf8
14921436,2026-09-28 14:13:39,actions-trading,Sim12,071950,skip,avoid_deadcat,2108f3790563
14921436,2026-09-28 14:13:39,actions-trading,Sim12,361610,skip,pb2_not_crashed,4e7d5172a235
14921436,2026-09-28 14:13:39,actions-trading,Sim12,036530,skip,avoid_frgn_sell_20d,eb2854853536
14921436,2026-09-28 14:13:39,actions-trading,Sim12,020150,skip,avoid_frgn_sell_20d,7084a873105f
14921436,2026-09-28 14:13:39,actions-trading,Sim12,003030,skip,pb2_not_crashed,528913ec2657
14921436,2026-09-28 14:13:39,actions-trading,Sim12,306200,skip,pb2_not_crashed,891154c3cf4c
14921436,2026-09-28 14:13:39,actions-trading,Sim12,014990,skip,avoid_amount_dry,808e74eb7427
14921436,2026-09-28 14:13:39,actions-trading,Sim12,002820,skip,pb2_not_crashed,c8e4f4726f8c
14921436,2026-09-28 14:13:39,actions-trading,Sim12,109070,skip,pb2_not_crashed,f0e85bec443d
14921436,2026-09-28 14:13:39,actions-trading,Sim12,402340,skip,pb2_not_crashed,c378396ee2c3
14921436,2026-09-28 14:13:39,actions-trading,Sim12,002787,skip,avoid_amount_dry,676f31f2d6c3
14921436,2026-09-28 14:13:39,actions-trading,Sim12,009420,skip,pb2_not_crashed,7a4bbd8b463a
14921436,2026-09-28 14:13:39,actions-trading,Sim12,02826K,skip,pb2_not_crashed,cd5d375ea84e
14921436,2026-09-28 14:13:39,actions-trading,Sim12,028260,skip,pb2_not_crashed,f66f5ea047ad
14921436,2026-09-28 14:13:39,actions-trading,Sim12,005935,skip,avoid_frgn_sell_20d,abb461c6641b
14921436,2026-09-28 14:13:39,actions-trading,Sim12,009190,skip,pb2_no_inst_buying,a76c827747ba
14921436,2026-09-28 14:13:39,actions-trading,Sim12,002870,skip,avoid_amount_dry,35e0bedd2f8d
14921436,2026-09-28 14:13:39,actions-trading,Sim12,034730,skip,pb2_not_crashed,13079b0905a2
14921436,2026-09-28 14:13:39,actions-trading,Sim12,000150,skip,avoid_frgn_sell_20d,e85321ff3d55
14921436,2026-09-28 14:13:39,actions-trading,Sim12,011090,skip,avoid_amount_dry,6c998afd5c74
14921436,2026-09-28 14:13:39,actions-trading,Sim12,000500,skip,avoid_amount_dry,82140331dedc
14921436,2026-09-28 14:13:39,actions-trading,Sim12,069960,skip,avoid_amount_dry,f2092c3dd526
14921436,2026-09-28 14:13:39,actions-trading,Sim12,03473K,skip,avoid_frgn_sell_20d,599eefe5c229
14921436,2026-09-28 14:13:39,actions-trading,Sim12,005930,skip,pb2_not_crashed,83a069c4164b
14921436,2026-09-28 14:13:39,actions-trading,Sim12,000660,skip,avoid_frgn_sell_20d,5b1de35eb567
14921436,2026-09-28 14:13:39,actions-trading,Sim12,192650,skip,avoid_frgn_sell_20d,87e3d83642b0
14921436,2026-09-28 14:13:39,actions-trading,Sim12,002030,skip,avoid_amount_dry,81fafe88f947
14921436,2026-09-28 14:13:39,actions-trading,Sim12,007660,skip,pb2_not_crashed,ccf28690e456
14921436,2026-09-28 14:13:39,actions-trading,Sim12,002070,skip,avoid_amount_dry,ec325d2c13c2
14921436,2026-09-28 14:13:39,actions-trading,Sim12,101140,skip,avoid_amount_dry,f47479aaf2f9
14921436,2026-09-28 14:13:39,actions-trading,Sim12,011390,skip,avoid_amount_dry,6ecf189b21ea
14921436,2026-09-28 14:13:39,actions-trading,Sim12,298040,skip,pb2_not_crashed,8f6015dac085
14921436,2026-09-28 14:13:39,actions-trading,Sim12,000760,skip,avoid_amount_dry,d844125ef9a9
14921436,2026-09-28 14:13:39,actions-trading,Sim12,128940,skip,avoid_amount_dry,b891c7d8fc66
14921436,2026-09-28 14:13:39,actions-trading,Sim12,024900,skip,avoid_frgn_sell_20d,3fb3fab9bc9c
14921436,2026-09-28 14:13:39,actions-trading,Sim12,451800,skip,avoid_frgn_sell_20d,85a11a1e4d55
14921436,2026-09-28 14:13:40,actions-trading,Sim13,003580,skip,theme_momentum_weak,9745037e17a3
14921436,2026-09-28 14:13:40,actions-trading,Sim13,044380,skip,theme_momentum_weak,e6ae00aad445
14921436,2026-09-28 14:13:40,actions-trading,Sim13,014280,skip,theme_momentum_weak,baaec35288b6
14921436,2026-09-28 14:13:40,actions-trading,Sim13,009830,skip,theme_momentum_weak,905aaa677dcf
14921436,2026-09-28 14:13:40,actions-trading,Sim13,003570,skip,theme_momentum_weak,434ec336484b
14921436,2026-09-28 14:13:40,actions-trading,Sim13,002360,skip,held_or_cooldown,35978951d119
14921436,2026-09-28 14:13:40,actions-trading,Sim13,001527,skip,theme_momentum_weak,45a23ad91263
14921436,2026-09-28 14:13:40,actions-trading,Sim13,010060,skip,theme_momentum_weak,72a561f689d8
14921436,2026-09-28 14:13:40,actions-trading,Sim13,051630,skip,adx_weak,8155c7e5591f
14921436,2026-09-28 14:13:40,actions-trading,Sim13,025560,skip,theme_momentum_weak,158871467c80
14921436,2026-09-28 14:13:40,actions-trading,Sim13,004710,skip,no_frgn_support,e957ade9db0c
14921436,2026-09-28 14:13:40,actions-trading,Sim13,009835,skip,theme_momentum_weak,392ad2637849
14921436,2026-09-28 14:13:40,actions-trading,Sim13,011070,skip,theme_momentum_weak,a6bffb78ee81
14921436,2026-09-28 14:13:40,actions-trading,Sim13,006110,skip,theme_momentum_weak,d98de32a7ebc
14921436,2026-09-28 14:13:40,actions-trading,Sim13,064960,skip,theme_momentum_weak,18a1d133a194
14921436,2026-09-28 14:13:40,actions-trading,Sim13,014285,skip,theme_momentum_weak,76cb75fb2807
14921436,2026-09-28 14:13:40,actions-trading,Sim13,004440,skip,theme_momentum_weak,9500a52761f1
14921436,2026-09-28 14:13:40,actions-trading,Sim13,047040,skip,theme_momentum_weak,89e760748f88
14921436,2026-09-28 14:13:40,actions-trading,Sim13,499790,skip,theme_momentum_weak,cd74b24b8f7c
14921436,2026-09-28 14:13:40,actions-trading,Sim13,007810,skip,theme_momentum_weak,eb25a08cdb42
14921436,2026-09-28 14:13:40,actions-trading,Sim13,077500,skip,held_or_cooldown,bdd24056a6fd
14921436,2026-09-28 14:13:40,actions-trading,Sim13,025620,skip,theme_momentum_weak,52b14893991e
14921436,2026-09-28 14:13:40,actions-trading,Sim13,005070,skip,theme_momentum_weak,3ca8d7eccb81
14921436,2026-09-28 14:13:40,actions-trading,Sim13,006120,skip,no_frgn_support,01d3ea83acf8
14921436,2026-09-28 14:13:40,actions-trading,Sim13,071950,skip,theme_momentum_weak,2108f3790563
14921436,2026-09-28 14:13:40,actions-trading,Sim13,361610,skip,theme_momentum_weak,4e7d5172a235
14921436,2026-09-28 14:13:40,actions-trading,Sim13,036530,skip,theme_momentum_weak,eb2854853536
14921436,2026-09-28 14:13:40,actions-trading,Sim13,020150,skip,theme_momentum_weak,7084a873105f
14921436,2026-09-28 14:13:40,actions-trading,Sim13,003030,skip,theme_momentum_weak,528913ec2657
14921436,2026-09-28 14:13:40,actions-trading,Sim13,306200,skip,theme_momentum_weak,891154c3cf4c
14921437,2026-09-28 14:14:59,actions-trading,Sim3,402340,skip,qty_zero,c07b5b0d6dcc
14921437,2026-09-28 14:14:59,actions-trading,Sim3,383800,skip,amount,d8b2f475d2dd
14921437,2026-09-28 14:14:59,actions-trading,Sim3,462870,skip,amount,83e4d3358015
14921437,2026-09-28 14:14:59,actions-trading,Sim3,000660,skip,qty_zero,de2dcf5229ad
14921437,2026-09-28 14:14:59,actions-trading,Sim3,071970,skip,amount,2eac3eceb7e5
14921437,2026-09-28 14:14:59,actions-trading,Sim3,042700,skip,not_cheap,dafd0eaeb756
14921437,2026-09-28 14:14:59,actions-trading,Sim3,326030,skip,amount,b86384a94c18
14921437,2026-09-28 14:14:59,actions-trading,Sim3,207940,skip,not_cheap,2abf6281e450
14921437,2026-09-28 14:14:59,actions-trading,Sim3,033920,skip,amount,4d3de9cfcf01
14921437,2026-09-28 14:14:59,actions-trading,Sim3,004770,skip,amount,ec146bc284a9
14921437,2026-09-28 14:14:59,actions-trading,Sim3,0126Z0,skip,not_cheap,d5107802c700
14921437,2026-09-28 14:14:59,actions-trading,Sim3,062040,skip,not_cheap,d3ca1cc9655e
14921437,2026-09-28 14:14:59,actions-trading,Sim3,317450,skip,amount,7cf7cdb0442a
14921437,2026-09-28 14:14:59,actions-trading,Sim3,026960,skip,amount,5790c59215f4
14921437,2026-09-28 14:14:59,actions-trading,Sim3,021820,skip,amount,890f505c3848
14921437,2026-09-28 14:14:59,actions-trading,Sim3,192080,skip,amount,092e58afecfa
14921437,2026-09-28 14:14:59,actions-trading,Sim3,068270,skip,cooldown,78e63bb751a3
14921437,2026-09-28 14:14:59,actions-trading,Sim3,123890,skip,amount,709934af898c
14921437,2026-09-28 14:14:59,actions-trading,Sim3,000240,skip,amount,d5216c2478d4
14921437,2026-09-28 14:14:59,actions-trading,Sim3,002380,skip,cooldown,1730feae5855
14921437,2026-09-28 14:14:59,actions-trading,Sim3,009770,skip,amount,4ae1f694d7a7
14921437,2026-09-28 14:14:59,actions-trading,Sim3,259960,skip,cooldown,a7b2b72d326b
14921437,2026-09-28 14:14:59,actions-trading,Sim3,035250,skip,amount,885b4e6a0e00
14921437,2026-09-28 14:14:59,actions-trading,Sim3,383220,skip,amount,71bd0b84743d
14921437,2026-09-28 14:14:59,actions-trading,Sim3,226320,skip,amount,4da9e35b92d7
14921437,2026-09-28 14:14:59,actions-trading,Sim3,439260,skip,amount,010bc2718fb7
14921437,2026-09-28 14:14:59,actions-trading,Sim3,025560,skip,cooldown,17748c6200a4
14921437,2026-09-28 14:14:59,actions-trading,Sim3,007700,skip,amount,c4c0087ac0ab
14921437,2026-09-28 14:14:59,actions-trading,Sim3,278470,skip,not_cheap,482aa922849b
14921437,2026-09-28 14:14:59,actions-trading,Sim3,000990,skip,not_cheap,c5c7a6dd874a
14921437,2026-09-28 14:15:33,actions-trading,MFHS2,047040,skip,max_holdings,cb9c484ce81c
14921437,2026-09-28 14:15:33,actions-trading,MFHS2,005880,seen,,1222c25e6869
14921437,2026-09-28 14:15:33,actions-trading,MFHS2,024110,seen,,95cabb8ad42a
14921437,2026-09-28 14:15:33,actions-trading,MFHS2,009830,seen,,60db300f77d5
14921437,2026-09-28 14:15:33,actions-trading,MFHS2,018880,seen,,319d878ca209
14921437,2026-09-28 14:15:33,actions-trading,MFHS2,316140,seen,,0cfa7a2060ec
14921437,2026-09-28 14:15:33,actions-trading,MFHS2,088350,seen,,cfe7fc43795a
14921437,2026-09-28 14:15:33,actions-trading,MFHS2,003280,seen,,da235d0293d5
14921437,2026-09-28 14:15:33,actions-trading,MFHS2,006360,seen,,09686c29db92
14921437,2026-09-28 14:15:33,actions-trading,MFHS2,073240,seen,,664bf55c3c79
14921437,2026-09-28 14:15:33,actions-trading,MFHS2,011200,seen,,bd62a85f1272
14921437,2026-09-28 14:15:33,actions-trading,MFHS2,004020,seen,,aa1c7814e82a
14921437,2026-09-28 14:15:33,actions-trading,MFHS2,015760,seen,,6f631810085b
14921437,2026-09-28 14:15:33,actions-trading,MFHS2,032640,seen,,976651b7985f
14921437,2026-09-28 14:15:33,actions-trading,MFHS2,003490,seen,,2a1833d70050
14921437,2026-09-28 14:15:33,actions-trading,MFHS2,279570,seen,,1dfdcccf41f5
14921437,2026-09-28 14:15:33,actions-trading,MFHS2,096770,seen,,dbb0f5a8828e
14921437,2026-09-28 14:15:33,actions-trading,MFHS2,047050,seen,,7a7922353e7c
14921437,2026-09-28 14:15:33,actions-trading,MFHS2,323410,seen,,e2042932f299
14921437,2026-09-28 14:15:33,actions-trading,MFHS2,035420,seen,,e3c99451609b
14921437,2026-09-28 14:15:33,actions-trading,MFHS2,004710,seen,,5a7b218eb52b
14921437,2026-09-28 14:15:33,actions-trading,MFHS2,008970,seen,,bbfea31d99c9
14921437,2026-09-28 14:15:33,actions-trading,MFHS2,139130,seen,,d99c9e5e4477
14921437,2026-09-28 14:15:33,actions-trading,MFHS2,007810,seen,,1ed6cbc5767d
14921437,2026-09-28 14:15:33,actions-trading,MFHS2,035720,seen,,288d15e65ab5
14921437,2026-09-28 14:15:33,actions-trading,MFHS2,003530,seen,,fc1383753ffb
14921437,2026-09-28 14:15:33,actions-trading,MFHS2,000720,seen,,5e7e37fd134c
14921437,2026-09-28 14:15:33,actions-trading,MFHS2,051630,seen,,36f97c1d31d5
14921437,2026-09-28 14:15:33,actions-trading,MFHS2,002360,seen,,3e4bf4f021cd
14921437,2026-09-28 14:15:33,actions-trading,MFHS2,028670,seen,,b1586d3903b7
14921437,2026-09-28 14:15:36,actions-trading,상승모멘텀,003580,skip,max_holdings,9745037e17a3
14921437,2026-09-28 14:15:36,actions-trading,상승모멘텀,044380,seen,,c02a46fb860a
14921437,2026-09-28 14:15:36,actions-trading,상승모멘텀,014280,seen,,3ca53bb371e1
14921437,2026-09-28 14:15:36,actions-trading,상승모멘텀,009830,seen,,60db300f77d5
14921437,2026-09-28 14:15:36,actions-trading,상승모멘텀,002360,seen,,3e4bf4f021cd
14921437,2026-09-28 14:15:36,actions-trading,상승모멘텀,003570,seen,,9737672205b8
14921437,2026-09-28 14:15:36,actions-trading,상승모멘텀,001527,seen,,45a23ad91263
14921437,2026-09-28 14:15:36,actions-trading,상승모멘텀,010060,seen,,460cdeacb6d0
14921437,2026-09-28 14:15:36,actions-trading,상승모멘텀,051630,seen,,36f97c1d31d5
14921437,2026-09-28 14:15:36,actions-trading,상승모멘텀,025560,seen,,255d3206f61c
14921437,2026-09-28 14:15:36,actions-trading,상승모멘텀,004710,seen,,5a7b218eb52b
14921437,2026-09-28 14:15:36,actions-trading,상승모멘텀,011070,seen,,4db006a32f51
14921437,2026-09-28 14:15:36,actions-trading,상승모멘텀,006110,seen,,8ed314070d67
14921437,2026-09-28 14:15:36,actions-trading,상승모멘텀,009835,seen,,5e958aa82307
14921437,2026-09-28 14:15:36,actions-trading,상승모멘텀,047040,seen,,cb9c484ce81c
14921437,2026-09-28 14:15:36,actions-trading,상승모멘텀,014285,seen,,5edf953a7e4b
14921437,2026-09-28 14:15:36,actions-trading,상승모멘텀,004440,seen,,68a796add52c
14921437,2026-09-28 14:15:36,actions-trading,상승모멘텀,499790,seen,,a622f93b6276
14921437,2026-09-28 14:15:36,actions-trading,상승모멘텀,064960,seen,,42690683be85
14921437,2026-09-28 14:15:36,actions-trading,상승모멘텀,077500,seen,,6a3d6f91830e
14921437,2026-09-28 14:15:36,actions-trading,상승모멘텀,007810,seen,,1ed6cbc5767d
14921437,2026-09-28 14:15:36,actions-trading,상승모멘텀,025620,seen,,704056c8849f
14921437,2026-09-28 14:15:36,actions-trading,상승모멘텀,005070,seen,,deb1f349aef9
14921437,2026-09-28 14:15:36,actions-trading,상승모멘텀,006120,seen,,3f09feff0806
14921437,2026-09-28 14:15:36,actions-trading,상승모멘텀,020120,seen,,e9be1799359d
14921437,2026-09-28 14:15:36,actions-trading,상승모멘텀,071950,seen,,2108f3790563
14921437,2026-09-28 14:15:36,actions-trading,상승모멘텀,036530,seen,,aecb261b67a9
14921437,2026-09-28 14:15:36,actions-trading,상승모멘텀,003030,seen,,dd6152bfb20e
14921437,2026-09-28 14:15:36,actions-trading,상승모멘텀,020150,seen,,7b2c2606d2be
14921437,2026-09-28 14:15:36,actions-trading,상승모멘텀,306200,seen,,8a0217757204
14921437,2026-09-28 14:15:36,actions-trading,Sim4-1,003580,skip,amount,9745037e17a3
14921437,2026-09-28 14:15:36,actions-trading,Sim4-1,044380,skip,amount,c02a46fb860a
14921437,2026-09-28 14:15:36,actions-trading,Sim4-1,014280,skip,adx_low,3ca53bb371e1
14921437,2026-09-28 14:15:36,actions-trading,Sim4-1,009830,skip,period,60db300f77d5
14921437,2026-09-28 14:15:36,actions-trading,Sim4-1,002360,skip,held_or_cooldown,3e4bf4f021cd
14921437,2026-09-28 14:15:36,actions-trading,Sim4-1,003570,skip,adx_high,9737672205b8
14921437,2026-09-28 14:15:36,actions-trading,Sim4-1,001527,skip,amount,45a23ad91263
14921437,2026-09-28 14:15:36,actions-trading,Sim4-1,010060,skip,adx_low,460cdeacb6d0
14921437,2026-09-28 14:15:36,actions-trading,Sim4-1,051630,skip,amount,36f97c1d31d5
14921437,2026-09-28 14:15:36,actions-trading,Sim4-1,025560,skip,adx_high,255d3206f61c
14921437,2026-09-28 14:15:36,actions-trading,Sim4-1,004710,skip,held_or_cooldown,5a7b218eb52b
14921437,2026-09-28 14:15:36,actions-trading,Sim4-1,011070,skip,period,4db006a32f51
14921437,2026-09-28 14:15:36,actions-trading,Sim4-1,006110,skip,adx_high,8ed314070d67
14921437,2026-09-28 14:15:36,actions-trading,Sim4-1,009835,skip,amount,5e958aa82307
14921437,2026-09-28 14:15:36,actions-trading,Sim4-1,047040,skip,period,cb9c484ce81c
14921437,2026-09-28 14:15:36,actions-trading,Sim4-1,014285,skip,amount,5edf953a7e4b
14921437,2026-09-28 14:15:36,actions-trading,Sim4-1,004440,skip,amount,68a796add52c
14921437,2026-09-28 14:15:36,actions-trading,Sim4-1,499790,skip,amount,a622f93b6276
14921437,2026-09-28 14:15:36,actions-trading,Sim4-1,064960,skip,adx_high,42690683be85
14921437,2026-09-28 14:15:36,actions-trading,Sim4-1,077500,skip,adx_high,6a3d6f91830e
14921437,2026-09-28 14:15:36,actions-trading,Sim4-1,007810,skip,adx_high,1ed6cbc5767d
14921437,2026-09-28 14:15:36,actions-trading,Sim4-1,025620,skip,amount,704056c8849f
14921437,2026-09-28 14:15:36,actions-trading,Sim4-1,005070,skip,adx_low,deb1f349aef9
14921437,2026-09-28 14:15:36,actions-trading,Sim4-1,006120,skip,adx_high,3f09feff0806
14921437,2026-09-28 14:15:36,actions-trading,Sim4-1,020120,skip,amount,e9be1799359d
14921437,2026-09-28 14:15:36,actions-trading,Sim4-1,071950,skip,amount,2108f3790563
14921437,2026-09-28 14:15:36,actions-trading,Sim4-1,036530,skip,amount,aecb261b67a9
14921437,2026-09-28 14:15:36,actions-trading,Sim4-1,003030,skip,amount,dd6152bfb20e
14921437,2026-09-28 14:15:36,actions-trading,Sim4-1,020150,skip,adx_low,7b2c2606d2be
14921437,2026-09-28 14:15:36,actions-trading,Sim4-1,306200,skip,amount,8a0217757204
14921437,2026-09-28 14:15:38,actions-trading,선행매집,047040,skip,below_anchor,cb9c484ce81c
14921437,2026-09-28 14:15:38,actions-trading,선행매집,009830,skip,below_anchor,60db300f77d5
14921437,2026-09-28 14:15:38,actions-trading,선행매집,005880,skip,below_anchor,1222c25e6869
14921437,2026-09-28 14:15:38,actions-trading,선행매집,018880,skip,below_anchor,319d878ca209
14921437,2026-09-28 14:15:38,actions-trading,선행매집,024110,skip,below_anchor,95cabb8ad42a
14921437,2026-09-28 14:15:38,actions-trading,선행매집,088350,skip,below_anchor,cfe7fc43795a
14921437,2026-09-28 14:15:38,actions-trading,선행매집,073240,skip,below_anchor,664bf55c3c79
14921437,2026-09-28 14:15:38,actions-trading,선행매집,003280,skip,below_anchor,da235d0293d5
14921437,2026-09-28 14:15:38,actions-trading,선행매집,316140,skip,no_setup,0cfa7a2060ec
14921437,2026-09-28 14:15:38,actions-trading,선행매집,015760,skip,below_anchor,6f631810085b
14921437,2026-09-28 14:15:38,actions-trading,선행매집,011200,skip,sold_or_cooldown,bd62a85f1272
14921437,2026-09-28 14:15:38,actions-trading,선행매집,006360,skip,below_anchor,09686c29db92
14921437,2026-09-28 14:15:38,actions-trading,선행매집,004710,skip,below_anchor,5a7b218eb52b
14921437,2026-09-28 14:15:38,actions-trading,선행매집,096770,skip,held_awaiting_breakout,dbb0f5a8828e
14921437,2026-09-28 14:15:38,actions-trading,선행매집,035420,skip,below_anchor,e3c99451609b
14921437,2026-09-28 14:15:38,actions-trading,선행매집,032640,skip,below_anchor,976651b7985f
14921437,2026-09-28 14:15:38,actions-trading,선행매집,003490,skip,sold_or_cooldown,2a1833d70050
14921437,2026-09-28 14:15:38,actions-trading,선행매집,000720,skip,below_anchor,5e7e37fd134c
14921437,2026-09-28 14:15:38,actions-trading,선행매집,047050,skip,below_anchor,7a7922353e7c
14921437,2026-09-28 14:15:38,actions-trading,선행매집,004020,skip,below_anchor,aa1c7814e82a
14921437,2026-09-28 14:15:38,actions-trading,선행매집,035720,skip,below_anchor,288d15e65ab5
14921437,2026-09-28 14:15:38,actions-trading,선행매집,008970,skip,amount,bbfea31d99c9
14921437,2026-09-28 14:15:38,actions-trading,선행매집,066570,skip,below_anchor,7cb93218e63e
14921437,2026-09-28 14:15:38,actions-trading,선행매집,279570,skip,below_anchor,1dfdcccf41f5
14921437,2026-09-28 14:15:38,actions-trading,선행매집,139130,skip,no_setup,d99c9e5e4477
14921437,2026-09-28 14:15:38,actions-trading,선행매집,028670,skip,no_setup,b1586d3903b7
14921437,2026-09-28 14:15:38,actions-trading,선행매집,002360,skip,no_setup,3e4bf4f021cd
14921437,2026-09-28 14:15:38,actions-trading,선행매집,007810,skip,below_anchor,1ed6cbc5767d
14921437,2026-09-28 14:15:38,actions-trading,선행매집,323410,skip,below_anchor,e2042932f299
14921437,2026-09-28 14:15:38,actions-trading,선행매집,003530,skip,below_anchor,fc1383753ffb
14921437,2026-09-28 14:15:38,actions-trading,Sim9,_gate,skip,outside_entry_window,e3b0c44298fc
14921437,2026-09-28 14:15:38,actions-trading,Sim9,003580,seen,,9745037e17a3
14921437,2026-09-28 14:15:38,actions-trading,Sim9,044380,seen,,c02a46fb860a
14921437,2026-09-28 14:15:38,actions-trading,Sim9,014280,seen,,3ca53bb371e1
14921437,2026-09-28 14:15:38,actions-trading,Sim9,009830,seen,,60db300f77d5
14921437,2026-09-28 14:15:38,actions-trading,Sim9,002360,seen,,3e4bf4f021cd
14921437,2026-09-28 14:15:38,actions-trading,Sim9,003570,seen,,9737672205b8
14921437,2026-09-28 14:15:38,actions-trading,Sim9,001527,seen,,45a23ad91263
14921437,2026-09-28 14:15:38,actions-trading,Sim9,010060,seen,,460cdeacb6d0
14921437,2026-09-28 14:15:38,actions-trading,Sim9,051630,seen,,36f97c1d31d5
14921437,2026-09-28 14:15:38,actions-trading,Sim9,025560,seen,,255d3206f61c
14921437,2026-09-28 14:15:38,actions-trading,Sim9,004710,seen,,5a7b218eb52b
14921437,2026-09-28 14:15:38,actions-trading,Sim9,011070,seen,,4db006a32f51
14921437,2026-09-28 14:15:38,actions-trading,Sim9,006110,seen,,8ed314070d67
14921437,2026-09-28 14:15:38,actions-trading,Sim9,009835,seen,,5e958aa82307
14921437,2026-09-28 14:15:38,actions-trading,Sim9,047040,seen,,cb9c484ce81c
14921437,2026-09-28 14:15:38,actions-trading,Sim9,014285,seen,,5edf953a7e4b
14921437,2026-09-28 14:15:38,actions-trading,Sim9,004440,seen,,68a796add52c
14921437,2026-09-28 14:15:38,actions-trading,Sim9,499790,seen,,a622f93b6276
14921437,2026-09-28 14:15:38,actions-trading,Sim9,064960,seen,,42690683be85
14921437,2026-09-28 14:15:38,actions-trading,Sim9,077500,seen,,6a3d6f91830e
14921437,2026-09-28 14:15:38,actions-trading,Sim9,007810,seen,,1ed6cbc5767d
14921437,2026-09-28 14:15:38,actions-trading,Sim9,025620,seen,,704056c8849f
14921437,2026-09-28 14:15:38,actions-trading,Sim9,005070,seen,,deb1f349aef9
14921437,2026-09-28 14:15:38,actions-trading,Sim9,006120,seen,,3f09feff0806
14921437,2026-09-28 14:15:38,actions-trading,Sim9,020120,seen,,e9be1799359d
14921437,2026-09-28 14:15:38,actions-trading,Sim9,071950,seen,,2108f3790563
14921437,2026-09-28 14:15:38,actions-trading,Sim9,036530,seen,,aecb261b67a9
14921437,2026-09-28 14:15:38,actions-trading,Sim9,003030,seen,,dd6152bfb20e
14921437,2026-09-28 14:15:38,actions-trading,Sim9,020150,seen,,7b2c2606d2be
14921437,2026-09-28 14:15:38,actions-trading,Sim9,306200,seen,,8a0217757204
14921437,2026-09-28 14:15:38,actions-trading,미너비니,192820,skip,below_pivot,f3f1b73e37cd
14921437,2026-09-28 14:15:38,actions-trading,미너비니,443060,skip,below_pivot,5fe04c869883
14921437,2026-09-28 14:15:38,actions-trading,Sim12,003580,skip,pb2_not_crashed,9745037e17a3
14921437,2026-09-28 14:15:38,actions-trading,Sim12,044380,skip,avoid_deadcat,c02a46fb860a
14921437,2026-09-28 14:15:38,actions-trading,Sim12,014280,skip,pb2_not_crashed,3ca53bb371e1
14921437,2026-09-28 14:15:38,actions-trading,Sim12,009830,skip,pb2_not_crashed,60db300f77d5
14921437,2026-09-28 14:15:38,actions-trading,Sim12,002360,skip,pb2_not_crashed,3e4bf4f021cd
14921437,2026-09-28 14:15:38,actions-trading,Sim12,003570,skip,avoid_frgn_sell_20d,9737672205b8
14921437,2026-09-28 14:15:38,actions-trading,Sim12,001527,skip,avoid_deadcat,45a23ad91263
14921437,2026-09-28 14:15:38,actions-trading,Sim12,010060,skip,pb2_not_crashed,460cdeacb6d0
14921437,2026-09-28 14:15:38,actions-trading,Sim12,051630,skip,pb2_not_crashed,36f97c1d31d5
14921437,2026-09-28 14:15:38,actions-trading,Sim12,025560,skip,avoid_frgn_sell_20d,255d3206f61c
14921437,2026-09-28 14:15:38,actions-trading,Sim12,004710,skip,avoid_frgn_sell_20d,5a7b218eb52b
14921437,2026-09-28 14:15:38,actions-trading,Sim12,011070,skip,avoid_orgn_sell_high_per,4db006a32f51
14921437,2026-09-28 14:15:38,actions-trading,Sim12,006110,skip,avoid_deadcat,8ed314070d67
14921437,2026-09-28 14:15:38,actions-trading,Sim12,009835,skip,avoid_frgn_sell_20d,5e958aa82307
14921437,2026-09-28 14:15:38,actions-trading,Sim12,047040,skip,avoid_frgn_sell_20d,cb9c484ce81c
14921437,2026-09-28 14:15:38,actions-trading,Sim12,014285,skip,pb2_not_crashed,5edf953a7e4b
14921437,2026-09-28 14:15:38,actions-trading,Sim12,004440,skip,avoid_frgn_sell_20d,68a796add52c
14921437,2026-09-28 14:15:38,actions-trading,Sim12,499790,skip,avoid_frgn_sell_20d,a622f93b6276
14921437,2026-09-28 14:15:38,actions-trading,Sim12,064960,skip,avoid_frgn_sell_20d,42690683be85
14921437,2026-09-28 14:15:38,actions-trading,Sim12,077500,skip,pb2_not_crashed,6a3d6f91830e
14921437,2026-09-28 14:15:38,actions-trading,Sim12,007810,skip,avoid_orgn_sell_high_per,1ed6cbc5767d
14921437,2026-09-28 14:15:38,actions-trading,Sim12,025620,skip,pb2_not_crashed,704056c8849f
14921437,2026-09-28 14:15:38,actions-trading,Sim12,005070,skip,avoid_frgn_sell_20d,deb1f349aef9
14921437,2026-09-28 14:15:38,actions-trading,Sim12,006120,skip,avoid_frgn_sell_20d,3f09feff0806
14921437,2026-09-28 14:15:38,actions-trading,Sim12,020120,skip,avoid_amount_dry,e9be1799359d
14921437,2026-09-28 14:15:38,actions-trading,Sim12,071950,skip,avoid_deadcat,2108f3790563
14921437,2026-09-28 14:15:38,actions-trading,Sim12,036530,skip,avoid_frgn_sell_20d,aecb261b67a9
14921437,2026-09-28 14:15:38,actions-trading,Sim12,003030,skip,pb2_not_crashed,dd6152bfb20e
14921437,2026-09-28 14:15:38,actions-trading,Sim12,020150,skip,avoid_frgn_sell_20d,7b2c2606d2be
14921437,2026-09-28 14:15:38,actions-trading,Sim12,306200,skip,pb2_not_crashed,8a0217757204
14921437,2026-09-28 14:15:38,actions-trading,Sim12,014990,skip,avoid_amount_dry,808e74eb7427
14921437,2026-09-28 14:15:38,actions-trading,Sim12,002820,skip,pb2_not_crashed,fec271b135a8
14921437,2026-09-28 14:15:38,actions-trading,Sim12,109070,skip,pb2_not_crashed,4a2d4388ac24
14921437,2026-09-28 14:15:38,actions-trading,Sim12,402340,skip,pb2_not_crashed,6fff76e7f121
14921437,2026-09-28 14:15:38,actions-trading,Sim12,002787,skip,avoid_amount_dry,676f31f2d6c3
14921437,2026-09-28 14:15:38,actions-trading,Sim12,009420,skip,pb2_not_crashed,0419dcbbb511
14921437,2026-09-28 14:15:38,actions-trading,Sim12,02826K,skip,pb2_not_crashed,bfcfdc44c254
14921437,2026-09-28 14:15:38,actions-trading,Sim12,009190,skip,pb2_no_inst_buying,0ae3a2c5a6f6
14921437,2026-09-28 14:15:38,actions-trading,Sim12,028260,skip,pb2_not_crashed,43cf9687fbf7
14921437,2026-09-28 14:15:38,actions-trading,Sim12,005935,skip,avoid_frgn_sell_20d,16fe32b6104b
14921437,2026-09-28 14:15:38,actions-trading,Sim12,034730,skip,pb2_not_crashed,cbcb1acbb4ed
14921437,2026-09-28 14:15:38,actions-trading,Sim12,000500,skip,avoid_amount_dry,742e6c172e2a
14921437,2026-09-28 14:15:38,actions-trading,Sim12,000150,skip,avoid_frgn_sell_20d,c38e8957d2de
14921437,2026-09-28 14:15:38,actions-trading,Sim12,002870,skip,avoid_amount_dry,d19561dd3808
14921437,2026-09-28 14:15:38,actions-trading,Sim12,069960,skip,avoid_amount_dry,f1984e60606c
14921437,2026-09-28 14:15:38,actions-trading,Sim12,011090,skip,avoid_amount_dry,36847cf371c6
14921437,2026-09-28 14:15:38,actions-trading,Sim12,03473K,skip,avoid_frgn_sell_20d,5bef7d06dce8
14921437,2026-09-28 14:15:38,actions-trading,Sim12,192650,skip,avoid_frgn_sell_20d,fc7ea027c81c
14921437,2026-09-28 14:15:38,actions-trading,Sim12,002030,skip,avoid_frgn_sell_20d,678aa3f0bf4b
14921437,2026-09-28 14:15:38,actions-trading,Sim12,007660,skip,pb2_not_crashed,6971a69a6a4c
14921437,2026-09-28 14:15:38,actions-trading,Sim12,005930,skip,pb2_not_crashed,fa17d7a28a25
14921437,2026-09-28 14:15:38,actions-trading,Sim12,000660,skip,avoid_frgn_sell_20d,16c389cbbb89
14921437,2026-09-28 14:15:38,actions-trading,Sim12,002070,skip,avoid_amount_dry,843f06b04cbd
14921437,2026-09-28 14:15:38,actions-trading,Sim12,101140,skip,avoid_amount_dry,f47479aaf2f9
14921437,2026-09-28 14:15:38,actions-trading,Sim12,011390,skip,avoid_amount_dry,484ead5940ea
14921437,2026-09-28 14:15:38,actions-trading,Sim12,298040,skip,pb2_not_crashed,86bb411e1efa
14921437,2026-09-28 14:15:38,actions-trading,Sim12,000760,skip,avoid_amount_dry,d844125ef9a9
14921437,2026-09-28 14:15:38,actions-trading,Sim12,128940,skip,avoid_amount_dry,8b725f94300c
14921437,2026-09-28 14:15:38,actions-trading,Sim12,010580,skip,avoid_amount_dry,74100e66ac7a
14921437,2026-09-28 14:15:38,actions-trading,Sim12,451800,skip,avoid_frgn_sell_20d,e0f7fdc9442b
14921437,2026-09-28 14:15:38,actions-trading,Sim13,003580,skip,theme_momentum_weak,9745037e17a3
14921437,2026-09-28 14:15:38,actions-trading,Sim13,044380,skip,theme_momentum_weak,c02a46fb860a
14921437,2026-09-28 14:15:38,actions-trading,Sim13,014280,skip,theme_momentum_weak,3ca53bb371e1
14921437,2026-09-28 14:15:38,actions-trading,Sim13,009830,skip,theme_momentum_weak,60db300f77d5
14921437,2026-09-28 14:15:38,actions-trading,Sim13,002360,skip,held_or_cooldown,3e4bf4f021cd
14921437,2026-09-28 14:15:38,actions-trading,Sim13,003570,skip,theme_momentum_weak,9737672205b8
14921437,2026-09-28 14:15:38,actions-trading,Sim13,001527,skip,theme_momentum_weak,45a23ad91263
14921437,2026-09-28 14:15:38,actions-trading,Sim13,010060,skip,theme_momentum_weak,460cdeacb6d0
14921437,2026-09-28 14:15:38,actions-trading,Sim13,051630,skip,adx_weak,36f97c1d31d5
14921437,2026-09-28 14:15:38,actions-trading,Sim13,025560,skip,theme_momentum_weak,255d3206f61c
14921437,2026-09-28 14:15:38,actions-trading,Sim13,004710,skip,no_frgn_support,5a7b218eb52b
14921437,2026-09-28 14:15:38,actions-trading,Sim13,011070,skip,theme_momentum_weak,4db006a32f51
14921437,2026-09-28 14:15:38,actions-trading,Sim13,006110,skip,theme_momentum_weak,8ed314070d67
14921437,2026-09-28 14:15:38,actions-trading,Sim13,009835,skip,theme_momentum_weak,5e958aa82307
14921437,2026-09-28 14:15:38,actions-trading,Sim13,047040,skip,theme_momentum_weak,cb9c484ce81c
14921437,2026-09-28 14:15:38,actions-trading,Sim13,014285,skip,theme_momentum_weak,5edf953a7e4b
14921437,2026-09-28 14:15:38,actions-trading,Sim13,004440,skip,theme_momentum_weak,68a796add52c
14921437,2026-09-28 14:15:38,actions-trading,Sim13,499790,skip,theme_momentum_weak,a622f93b6276
14921437,2026-09-28 14:15:38,actions-trading,Sim13,064960,skip,theme_momentum_weak,42690683be85
14921437,2026-09-28 14:15:38,actions-trading,Sim13,077500,skip,held_or_cooldown,6a3d6f91830e
14921437,2026-09-28 14:15:38,actions-trading,Sim13,007810,skip,theme_momentum_weak,1ed6cbc5767d
14921437,2026-09-28 14:15:38,actions-trading,Sim13,025620,skip,theme_momentum_weak,704056c8849f
14921437,2026-09-28 14:15:38,actions-trading,Sim13,005070,skip,theme_momentum_weak,deb1f349aef9
14921437,2026-09-28 14:15:38,actions-trading,Sim13,006120,skip,no_frgn_support,3f09feff0806
14921437,2026-09-28 14:15:38,actions-trading,Sim13,020120,skip,adx_weak,e9be1799359d
14921437,2026-09-28 14:15:38,actions-trading,Sim13,071950,skip,theme_momentum_weak,2108f3790563
14921437,2026-09-28 14:15:38,actions-trading,Sim13,036530,skip,theme_momentum_weak,aecb261b67a9
14921437,2026-09-28 14:15:38,actions-trading,Sim13,003030,skip,theme_momentum_weak,dd6152bfb20e
14921437,2026-09-28 14:15:38,actions-trading,Sim13,020150,skip,theme_momentum_weak,7b2c2606d2be
14921437,2026-09-28 14:15:38,actions-trading,Sim13,306200,skip,theme_momentum_weak,8a0217757204
14921438,2026-09-28 14:16:58,actions-trading,Sim3,402340,skip,qty_zero,89f5ecce03e9
14921438,2026-09-28 14:16:58,actions-trading,Sim3,383800,skip,amount,d8b2f475d2dd
14921438,2026-09-28 14:16:58,actions-trading,Sim3,462870,skip,amount,edf45a22c81e
14921438,2026-09-28 14:16:58,actions-trading,Sim3,000660,skip,qty_zero,4721faa71319
14921438,2026-09-28 14:16:58,actions-trading,Sim3,071970,skip,amount,c8b75267e7c0
14921438,2026-09-28 14:16:58,actions-trading,Sim3,042700,skip,not_cheap,ba82df09eba8
14921438,2026-09-28 14:16:58,actions-trading,Sim3,326030,skip,amount,ee12bf01e09e
14921438,2026-09-28 14:16:58,actions-trading,Sim3,207940,skip,not_cheap,b627e9556883
14921438,2026-09-28 14:16:58,actions-trading,Sim3,033920,skip,amount,5db369e7b0e9
14921438,2026-09-28 14:16:58,actions-trading,Sim3,004770,skip,amount,17adf50c1469
14921438,2026-09-28 14:16:58,actions-trading,Sim3,0126Z0,skip,not_cheap,05e00bda4413
14921438,2026-09-28 14:16:58,actions-trading,Sim3,062040,skip,not_cheap,d6f59c7a4933
14921438,2026-09-28 14:16:58,actions-trading,Sim3,317450,skip,amount,f218a94577f3
14921438,2026-09-28 14:16:58,actions-trading,Sim3,026960,skip,amount,878f7c58a677
14921438,2026-09-28 14:16:58,actions-trading,Sim3,021820,skip,amount,744ff40e4ba6
14921438,2026-09-28 14:16:58,actions-trading,Sim3,192080,skip,amount,20cc4cd48ba6
14921438,2026-09-28 14:16:58,actions-trading,Sim3,068270,skip,cooldown,45a04f14a55e
14921438,2026-09-28 14:16:58,actions-trading,Sim3,123890,skip,amount,0bf392d2f135
14921438,2026-09-28 14:16:58,actions-trading,Sim3,000240,skip,amount,5e4c1ff64121
14921438,2026-09-28 14:16:58,actions-trading,Sim3,002380,skip,cooldown,df7721501b34
14921438,2026-09-28 14:16:58,actions-trading,Sim3,009770,skip,amount,4ae1f694d7a7
14921438,2026-09-28 14:16:58,actions-trading,Sim3,259960,skip,cooldown,c2b84424c4e6
14921438,2026-09-28 14:16:58,actions-trading,Sim3,035250,skip,amount,968c40286655
14921438,2026-09-28 14:16:58,actions-trading,Sim3,383220,skip,amount,efba09016df6
14921438,2026-09-28 14:16:58,actions-trading,Sim3,226320,skip,amount,48bf5ce533f0
14921438,2026-09-28 14:16:58,actions-trading,Sim3,439260,skip,amount,0556d84408e9
14921438,2026-09-28 14:16:58,actions-trading,Sim3,025560,skip,cooldown,41de85b3302e
14921438,2026-09-28 14:16:58,actions-trading,Sim3,007700,skip,amount,e711320b8da6
14921438,2026-09-28 14:16:58,actions-trading,Sim3,278470,skip,not_cheap,7f088328d214
14921438,2026-09-28 14:16:58,actions-trading,Sim3,000990,skip,not_cheap,751d4d787b1a
14921438,2026-09-28 14:17:35,actions-trading,MFHS2,047040,skip,max_holdings,9127112bb3ba
14921438,2026-09-28 14:17:35,actions-trading,MFHS2,005880,seen,,00de3be85dca
14921438,2026-09-28 14:17:35,actions-trading,MFHS2,024110,seen,,bf105a58d2ff
14921438,2026-09-28 14:17:35,actions-trading,MFHS2,009830,seen,,268fd9b3d9e4
14921438,2026-09-28 14:17:35,actions-trading,MFHS2,018880,seen,,04f28bc5d144
14921438,2026-09-28 14:17:35,actions-trading,MFHS2,316140,seen,,56d91417f3a9
14921438,2026-09-28 14:17:35,actions-trading,MFHS2,088350,seen,,5c790e822584
14921438,2026-09-28 14:17:35,actions-trading,MFHS2,003280,seen,,21c1fd2054de
14921438,2026-09-28 14:17:35,actions-trading,MFHS2,006360,seen,,48350200e073
14921438,2026-09-28 14:17:35,actions-trading,MFHS2,073240,seen,,9e2a8cb415e9
14921438,2026-09-28 14:17:35,actions-trading,MFHS2,011200,seen,,33cafa77f88d
14921438,2026-09-28 14:17:35,actions-trading,MFHS2,004020,seen,,85d53a941670
14921438,2026-09-28 14:17:35,actions-trading,MFHS2,015760,seen,,d63fcb404a0f
14921438,2026-09-28 14:17:35,actions-trading,MFHS2,032640,seen,,9834968bacb1
14921438,2026-09-28 14:17:35,actions-trading,MFHS2,003490,seen,,8cbb9df728c0
14921438,2026-09-28 14:17:35,actions-trading,MFHS2,279570,seen,,ed918c3c92d9
14921438,2026-09-28 14:17:35,actions-trading,MFHS2,096770,seen,,0c37a56c8382
14921438,2026-09-28 14:17:35,actions-trading,MFHS2,047050,seen,,4b1073c08c95
14921438,2026-09-28 14:17:35,actions-trading,MFHS2,323410,seen,,5f9f56bcb25f
14921438,2026-09-28 14:17:35,actions-trading,MFHS2,035420,seen,,ad01487430e4
14921438,2026-09-28 14:17:35,actions-trading,MFHS2,004710,seen,,821b79271450
14921438,2026-09-28 14:17:35,actions-trading,MFHS2,008970,seen,,36f3f03f31ab
14921438,2026-09-28 14:17:35,actions-trading,MFHS2,139130,seen,,93c9e0f9a8b2
14921438,2026-09-28 14:17:35,actions-trading,MFHS2,007810,seen,,b4c4460296af
14921438,2026-09-28 14:17:35,actions-trading,MFHS2,035720,seen,,67478002a5b4
14921438,2026-09-28 14:17:35,actions-trading,MFHS2,003530,seen,,e3b0fc494ac3
14921438,2026-09-28 14:17:35,actions-trading,MFHS2,000720,seen,,34a419bf1688
14921438,2026-09-28 14:17:35,actions-trading,MFHS2,051630,seen,,f164a4dc4e5c
14921438,2026-09-28 14:17:35,actions-trading,MFHS2,002360,seen,,f668ce41e0af
14921438,2026-09-28 14:17:35,actions-trading,MFHS2,028670,seen,,06b035c4f460
14921438,2026-09-28 14:17:38,actions-trading,상승모멘텀,003580,skip,max_holdings,9745037e17a3
14921438,2026-09-28 14:17:38,actions-trading,상승모멘텀,044380,seen,,3200daa23c11
14921438,2026-09-28 14:17:38,actions-trading,상승모멘텀,014280,seen,,cbb0442288d9
14921438,2026-09-28 14:17:38,actions-trading,상승모멘텀,002360,seen,,f668ce41e0af
14921438,2026-09-28 14:17:38,actions-trading,상승모멘텀,009830,seen,,268fd9b3d9e4
14921438,2026-09-28 14:17:38,actions-trading,상승모멘텀,003570,seen,,663069ff7b56
14921438,2026-09-28 14:17:38,actions-trading,상승모멘텀,001527,seen,,45a23ad91263
14921438,2026-09-28 14:17:38,actions-trading,상승모멘텀,010060,seen,,310984d79df5
14921438,2026-09-28 14:17:38,actions-trading,상승모멘텀,051630,seen,,f164a4dc4e5c
14921438,2026-09-28 14:17:38,actions-trading,상승모멘텀,025560,seen,,064c1b3851ad
14921438,2026-09-28 14:17:38,actions-trading,상승모멘텀,004710,seen,,821b79271450
14921438,2026-09-28 14:17:38,actions-trading,상승모멘텀,011070,seen,,9d7103c473d1
14921438,2026-09-28 14:17:38,actions-trading,상승모멘텀,004440,seen,,8e2c38f30dab
14921438,2026-09-28 14:17:38,actions-trading,상승모멘텀,047040,seen,,9127112bb3ba
14921438,2026-09-28 14:17:38,actions-trading,상승모멘텀,009835,seen,,3a86d860f151
14921438,2026-09-28 14:17:38,actions-trading,상승모멘텀,014285,seen,,76cb75fb2807
14921438,2026-09-28 14:17:38,actions-trading,상승모멘텀,006110,seen,,bbe44f0fb59d
14921438,2026-09-28 14:17:38,actions-trading,상승모멘텀,064960,seen,,350f976208e6
14921438,2026-09-28 14:17:38,actions-trading,상승모멘텀,499790,seen,,33a043d35c62
14921438,2026-09-28 14:17:38,actions-trading,상승모멘텀,007810,seen,,b4c4460296af
14921438,2026-09-28 14:17:38,actions-trading,상승모멘텀,077500,seen,,f4866a002e56
14921438,2026-09-28 14:17:38,actions-trading,상승모멘텀,025620,seen,,704056c8849f
14921438,2026-09-28 14:17:38,actions-trading,상승모멘텀,006120,seen,,cd7752089674
14921438,2026-09-28 14:17:38,actions-trading,상승모멘텀,005070,seen,,387688b1c9c9
14921438,2026-09-28 14:17:38,actions-trading,상승모멘텀,071950,seen,,2108f3790563
14921438,2026-09-28 14:17:38,actions-trading,상승모멘텀,020120,seen,,add3d1459ac3
14921438,2026-09-28 14:17:38,actions-trading,상승모멘텀,036530,seen,,d8ae84e824ab
14921438,2026-09-28 14:17:38,actions-trading,상승모멘텀,003030,seen,,f58fe4d01bb4
14921438,2026-09-28 14:17:38,actions-trading,상승모멘텀,020150,seen,,8b8cacc1691d
14921438,2026-09-28 14:17:38,actions-trading,상승모멘텀,306200,seen,,49a2517628e1
14921438,2026-09-28 14:17:38,actions-trading,Sim4-1,003580,skip,amount,9745037e17a3
14921438,2026-09-28 14:17:38,actions-trading,Sim4-1,044380,skip,amount,3200daa23c11
14921438,2026-09-28 14:17:38,actions-trading,Sim4-1,014280,skip,adx_low,cbb0442288d9
14921438,2026-09-28 14:17:38,actions-trading,Sim4-1,002360,skip,held_or_cooldown,f668ce41e0af
14921438,2026-09-28 14:17:38,actions-trading,Sim4-1,009830,skip,period,268fd9b3d9e4
14921438,2026-09-28 14:17:38,actions-trading,Sim4-1,003570,skip,adx_high,663069ff7b56
14921438,2026-09-28 14:17:38,actions-trading,Sim4-1,001527,skip,amount,45a23ad91263
14921438,2026-09-28 14:17:38,actions-trading,Sim4-1,010060,skip,adx_low,310984d79df5
14921438,2026-09-28 14:17:38,actions-trading,Sim4-1,051630,skip,amount,f164a4dc4e5c
14921438,2026-09-28 14:17:38,actions-trading,Sim4-1,025560,skip,adx_high,064c1b3851ad
14921438,2026-09-28 14:17:38,actions-trading,Sim4-1,004710,skip,held_or_cooldown,821b79271450
14921438,2026-09-28 14:17:38,actions-trading,Sim4-1,011070,skip,period,9d7103c473d1
14921438,2026-09-28 14:17:38,actions-trading,Sim4-1,004440,skip,amount,8e2c38f30dab
14921438,2026-09-28 14:17:38,actions-trading,Sim4-1,047040,skip,period,9127112bb3ba
14921438,2026-09-28 14:17:38,actions-trading,Sim4-1,009835,skip,amount,3a86d860f151
14921438,2026-09-28 14:17:38,actions-trading,Sim4-1,014285,skip,amount,76cb75fb2807
14921438,2026-09-28 14:17:38,actions-trading,Sim4-1,006110,skip,adx_high,bbe44f0fb59d
14921438,2026-09-28 14:17:38,actions-trading,Sim4-1,064960,skip,adx_high,350f976208e6
14921438,2026-09-28 14:17:38,actions-trading,Sim4-1,499790,skip,amount,33a043d35c62
14921438,2026-09-28 14:17:38,actions-trading,Sim4-1,007810,skip,adx_high,b4c4460296af
14921438,2026-09-28 14:17:38,actions-trading,Sim4-1,077500,skip,adx_high,f4866a002e56
14921438,2026-09-28 14:17:38,actions-trading,Sim4-1,025620,skip,amount,704056c8849f
14921438,2026-09-28 14:17:38,actions-trading,Sim4-1,006120,skip,adx_high,cd7752089674
14921438,2026-09-28 14:17:38,actions-trading,Sim4-1,005070,skip,adx_low,387688b1c9c9
14921438,2026-09-28 14:17:38,actions-trading,Sim4-1,071950,skip,amount,2108f3790563
14921438,2026-09-28 14:17:38,actions-trading,Sim4-1,020120,skip,amount,add3d1459ac3
14921438,2026-09-28 14:17:38,actions-trading,Sim4-1,036530,skip,amount,d8ae84e824ab
14921438,2026-09-28 14:17:38,actions-trading,Sim4-1,003030,skip,amount,f58fe4d01bb4
14921438,2026-09-28 14:17:38,actions-trading,Sim4-1,020150,skip,adx_low,8b8cacc1691d
14921438,2026-09-28 14:17:38,actions-trading,Sim4-1,306200,skip,amount,49a2517628e1
14921438,2026-09-28 14:17:40,actions-trading,선행매집,047040,skip,below_anchor,9127112bb3ba
14921438,2026-09-28 14:17:40,actions-trading,선행매집,009830,skip,below_anchor,268fd9b3d9e4
14921438,2026-09-28 14:17:40,actions-trading,선행매집,005880,skip,below_anchor,00de3be85dca
14921438,2026-09-28 14:17:40,actions-trading,선행매집,018880,skip,below_anchor,04f28bc5d144
14921438,2026-09-28 14:17:40,actions-trading,선행매집,024110,skip,below_anchor,bf105a58d2ff
14921438,2026-09-28 14:17:40,actions-trading,선행매집,088350,skip,below_anchor,5c790e822584
14921438,2026-09-28 14:17:40,actions-trading,선행매집,073240,skip,below_anchor,9e2a8cb415e9
14921438,2026-09-28 14:17:40,actions-trading,선행매집,003280,skip,below_anchor,21c1fd2054de
14921438,2026-09-28 14:17:40,actions-trading,선행매집,316140,skip,no_setup,56d91417f3a9
14921438,2026-09-28 14:17:40,actions-trading,선행매집,015760,skip,below_anchor,d63fcb404a0f
14921438,2026-09-28 14:17:40,actions-trading,선행매집,011200,skip,sold_or_cooldown,33cafa77f88d
14921438,2026-09-28 14:17:40,actions-trading,선행매집,006360,skip,below_anchor,48350200e073
14921438,2026-09-28 14:17:40,actions-trading,선행매집,004710,skip,below_anchor,821b79271450
14921438,2026-09-28 14:17:40,actions-trading,선행매집,096770,skip,held_awaiting_breakout,0c37a56c8382
14921438,2026-09-28 14:17:40,actions-trading,선행매집,035420,skip,below_anchor,ad01487430e4
14921438,2026-09-28 14:17:40,actions-trading,선행매집,032640,skip,below_anchor,9834968bacb1
14921438,2026-09-28 14:17:40,actions-trading,선행매집,003490,skip,sold_or_cooldown,8cbb9df728c0
14921438,2026-09-28 14:17:40,actions-trading,선행매집,000720,skip,below_anchor,34a419bf1688
14921438,2026-09-28 14:17:40,actions-trading,선행매집,047050,skip,below_anchor,4b1073c08c95
14921438,2026-09-28 14:17:40,actions-trading,선행매집,004020,skip,below_anchor,85d53a941670
14921438,2026-09-28 14:17:40,actions-trading,선행매집,035720,skip,below_anchor,67478002a5b4
14921438,2026-09-28 14:17:40,actions-trading,선행매집,008970,skip,amount,36f3f03f31ab
14921438,2026-09-28 14:17:40,actions-trading,선행매집,066570,skip,below_anchor,f5e2ccb024d0
14921438,2026-09-28 14:17:40,actions-trading,선행매집,279570,skip,below_anchor,ed918c3c92d9
14921438,2026-09-28 14:17:40,actions-trading,선행매집,139130,skip,no_setup,93c9e0f9a8b2
14921438,2026-09-28 14:17:40,actions-trading,선행매집,028670,skip,no_setup,06b035c4f460
14921438,2026-09-28 14:17:40,actions-trading,선행매집,002360,skip,no_setup,f668ce41e0af
14921438,2026-09-28 14:17:40,actions-trading,선행매집,007810,skip,below_anchor,b4c4460296af
14921438,2026-09-28 14:17:40,actions-trading,선행매집,323410,skip,below_anchor,5f9f56bcb25f
14921438,2026-09-28 14:17:40,actions-trading,선행매집,003530,skip,below_anchor,e3b0fc494ac3
14921438,2026-09-28 14:17:40,actions-trading,Sim9,_gate,skip,outside_entry_window,e3b0c44298fc
14921438,2026-09-28 14:17:40,actions-trading,Sim9,003580,seen,,9745037e17a3
14921438,2026-09-28 14:17:40,actions-trading,Sim9,044380,seen,,3200daa23c11
14921438,2026-09-28 14:17:40,actions-trading,Sim9,014280,seen,,cbb0442288d9
14921438,2026-09-28 14:17:40,actions-trading,Sim9,002360,seen,,f668ce41e0af
14921438,2026-09-28 14:17:40,actions-trading,Sim9,009830,seen,,268fd9b3d9e4
14921438,2026-09-28 14:17:40,actions-trading,Sim9,003570,seen,,663069ff7b56
14921438,2026-09-28 14:17:40,actions-trading,Sim9,001527,seen,,45a23ad91263
14921438,2026-09-28 14:17:40,actions-trading,Sim9,010060,seen,,310984d79df5
14921438,2026-09-28 14:17:40,actions-trading,Sim9,051630,seen,,f164a4dc4e5c
14921438,2026-09-28 14:17:40,actions-trading,Sim9,025560,seen,,064c1b3851ad
14921438,2026-09-28 14:17:40,actions-trading,Sim9,004710,seen,,821b79271450
14921438,2026-09-28 14:17:40,actions-trading,Sim9,011070,seen,,9d7103c473d1
14921438,2026-09-28 14:17:40,actions-trading,Sim9,004440,seen,,8e2c38f30dab
14921438,2026-09-28 14:17:40,actions-trading,Sim9,047040,seen,,9127112bb3ba
14921438,2026-09-28 14:17:40,actions-trading,Sim9,009835,seen,,3a86d860f151
14921438,2026-09-28 14:17:40,actions-trading,Sim9,014285,seen,,76cb75fb2807
14921438,2026-09-28 14:17:40,actions-trading,Sim9,006110,seen,,bbe44f0fb59d
14921438,2026-09-28 14:17:40,actions-trading,Sim9,064960,seen,,350f976208e6
14921438,2026-09-28 14:17:40,actions-trading,Sim9,499790,seen,,33a043d35c62
14921438,2026-09-28 14:17:40,actions-trading,Sim9,007810,seen,,b4c4460296af
14921438,2026-09-28 14:17:40,actions-trading,Sim9,077500,seen,,f4866a002e56
14921438,2026-09-28 14:17:40,actions-trading,Sim9,025620,seen,,704056c8849f
14921438,2026-09-28 14:17:40,actions-trading,Sim9,006120,seen,,cd7752089674
14921438,2026-09-28 14:17:40,actions-trading,Sim9,005070,seen,,387688b1c9c9
14921438,2026-09-28 14:17:40,actions-trading,Sim9,071950,seen,,2108f3790563
14921438,2026-09-28 14:17:40,actions-trading,Sim9,020120,seen,,add3d1459ac3
14921438,2026-09-28 14:17:40,actions-trading,Sim9,036530,seen,,d8ae84e824ab
14921438,2026-09-28 14:17:40,actions-trading,Sim9,003030,seen,,f58fe4d01bb4
14921438,2026-09-28 14:17:40,actions-trading,Sim9,020150,seen,,8b8cacc1691d
14921438,2026-09-28 14:17:40,actions-trading,Sim9,306200,seen,,49a2517628e1
14921438,2026-09-28 14:17:40,actions-trading,미너비니,192820,skip,below_pivot,48a5b2cd0f78
14921438,2026-09-28 14:17:40,actions-trading,미너비니,443060,skip,below_pivot,98f5cd8c41fa
14921438,2026-09-28 14:17:40,actions-trading,Sim12,003580,skip,pb2_not_crashed,9745037e17a3
14921438,2026-09-28 14:17:40,actions-trading,Sim12,044380,skip,avoid_deadcat,3200daa23c11
14921438,2026-09-28 14:17:40,actions-trading,Sim12,014280,skip,pb2_not_crashed,cbb0442288d9
14921438,2026-09-28 14:17:40,actions-trading,Sim12,002360,skip,pb2_not_crashed,f668ce41e0af
14921438,2026-09-28 14:17:40,actions-trading,Sim12,009830,skip,pb2_not_crashed,268fd9b3d9e4
14921438,2026-09-28 14:17:40,actions-trading,Sim12,003570,skip,avoid_frgn_sell_20d,663069ff7b56
14921438,2026-09-28 14:17:40,actions-trading,Sim12,001527,skip,avoid_deadcat,45a23ad91263
14921438,2026-09-28 14:17:40,actions-trading,Sim12,010060,skip,pb2_not_crashed,310984d79df5
14921438,2026-09-28 14:17:40,actions-trading,Sim12,051630,skip,pb2_not_crashed,f164a4dc4e5c
14921438,2026-09-28 14:17:40,actions-trading,Sim12,025560,skip,avoid_frgn_sell_20d,064c1b3851ad
14921438,2026-09-28 14:17:40,actions-trading,Sim12,004710,skip,avoid_frgn_sell_20d,821b79271450
14921438,2026-09-28 14:17:40,actions-trading,Sim12,011070,skip,avoid_orgn_sell_high_per,9d7103c473d1
14921438,2026-09-28 14:17:40,actions-trading,Sim12,004440,skip,avoid_frgn_sell_20d,8e2c38f30dab
14921438,2026-09-28 14:17:40,actions-trading,Sim12,047040,skip,avoid_frgn_sell_20d,9127112bb3ba
14921438,2026-09-28 14:17:40,actions-trading,Sim12,009835,skip,avoid_frgn_sell_20d,3a86d860f151
14921438,2026-09-28 14:17:40,actions-trading,Sim12,014285,skip,pb2_not_crashed,76cb75fb2807
14921438,2026-09-28 14:17:40,actions-trading,Sim12,006110,skip,avoid_deadcat,bbe44f0fb59d
14921438,2026-09-28 14:17:40,actions-trading,Sim12,064960,skip,avoid_frgn_sell_20d,350f976208e6
14921438,2026-09-28 14:17:40,actions-trading,Sim12,499790,skip,avoid_frgn_sell_20d,33a043d35c62
14921438,2026-09-28 14:17:40,actions-trading,Sim12,007810,skip,avoid_orgn_sell_high_per,b4c4460296af
14921438,2026-09-28 14:17:40,actions-trading,Sim12,077500,skip,pb2_not_crashed,f4866a002e56
14921438,2026-09-28 14:17:40,actions-trading,Sim12,025620,skip,pb2_not_crashed,704056c8849f
14921438,2026-09-28 14:17:40,actions-trading,Sim12,006120,skip,avoid_frgn_sell_20d,cd7752089674
14921438,2026-09-28 14:17:40,actions-trading,Sim12,005070,skip,avoid_frgn_sell_20d,387688b1c9c9
14921438,2026-09-28 14:17:40,actions-trading,Sim12,071950,skip,avoid_deadcat,2108f3790563
14921438,2026-09-28 14:17:40,actions-trading,Sim12,020120,skip,avoid_amount_dry,add3d1459ac3
14921438,2026-09-28 14:17:40,actions-trading,Sim12,036530,skip,avoid_frgn_sell_20d,d8ae84e824ab
14921438,2026-09-28 14:17:40,actions-trading,Sim12,003030,skip,pb2_not_crashed,f58fe4d01bb4
14921438,2026-09-28 14:17:40,actions-trading,Sim12,020150,skip,avoid_frgn_sell_20d,8b8cacc1691d
14921438,2026-09-28 14:17:40,actions-trading,Sim12,306200,skip,pb2_not_crashed,49a2517628e1
14921438,2026-09-28 14:17:40,actions-trading,Sim12,014990,skip,avoid_amount_dry,e2e9e7ef083a
14921438,2026-09-28 14:17:40,actions-trading,Sim12,002820,skip,pb2_not_crashed,fec271b135a8
14921438,2026-09-28 14:17:40,actions-trading,Sim12,402340,skip,pb2_not_crashed,b8263293c750
14921438,2026-09-28 14:17:40,actions-trading,Sim12,002787,skip,avoid_amount_dry,676f31f2d6c3
14921438,2026-09-28 14:17:40,actions-trading,Sim12,109070,skip,pb2_not_crashed,f9233609c23b
14921438,2026-09-28 14:17:40,actions-trading,Sim12,009420,skip,pb2_not_crashed,5b3c1d1ac6e8
14921438,2026-09-28 14:17:40,actions-trading,Sim12,028260,skip,pb2_not_crashed,158ecbcfa9fc
14921438,2026-09-28 14:17:40,actions-trading,Sim12,005935,skip,avoid_frgn_sell_20d,0c09a6783c69
14921438,2026-09-28 14:17:40,actions-trading,Sim12,02826K,skip,pb2_not_crashed,99a12e27caae
14921438,2026-09-28 14:17:40,actions-trading,Sim12,009190,skip,pb2_no_inst_buying,8fbd2892f231
14921438,2026-09-28 14:17:40,actions-trading,Sim12,002870,skip,avoid_amount_dry,52da4d33070a
14921438,2026-09-28 14:17:40,actions-trading,Sim12,034730,skip,pb2_not_crashed,08025b3c1588
14921438,2026-09-28 14:17:40,actions-trading,Sim12,000500,skip,avoid_amount_dry,caf78cdc4f8d
14921438,2026-09-28 14:17:40,actions-trading,Sim12,000150,skip,avoid_frgn_sell_20d,758b610e6022
14921438,2026-09-28 14:17:40,actions-trading,Sim12,069960,skip,avoid_amount_dry,60ce7894a4d6
14921438,2026-09-28 14:17:40,actions-trading,Sim12,011090,skip,avoid_amount_dry,1b0a063b8d66
14921438,2026-09-28 14:17:40,actions-trading,Sim12,03473K,skip,avoid_frgn_sell_20d,f009058357e8
14921438,2026-09-28 14:17:40,actions-trading,Sim12,005930,skip,pb2_not_crashed,f8bc618345ef
14921438,2026-09-28 14:17:40,actions-trading,Sim12,002030,skip,avoid_frgn_sell_20d,ae530b237e78
14921438,2026-09-28 14:17:40,actions-trading,Sim12,007660,skip,pb2_not_crashed,78b5841cd0f5
14921438,2026-09-28 14:17:40,actions-trading,Sim12,000660,skip,avoid_frgn_sell_20d,ffa6d1aa3e08
14921438,2026-09-28 14:17:40,actions-trading,Sim12,192650,skip,avoid_frgn_sell_20d,e849603fd338
14921438,2026-09-28 14:17:40,actions-trading,Sim12,002070,skip,avoid_amount_dry,13cb812c5b0e
14921438,2026-09-28 14:17:40,actions-trading,Sim12,101140,skip,avoid_amount_dry,f47479aaf2f9
14921438,2026-09-28 14:17:40,actions-trading,Sim12,011390,skip,avoid_amount_dry,7b4016d3f27d
14921438,2026-09-28 14:17:40,actions-trading,Sim12,298040,skip,pb2_not_crashed,0f0afc560c78
14921438,2026-09-28 14:17:40,actions-trading,Sim12,128940,skip,avoid_amount_dry,f20d4ac4b376
14921438,2026-09-28 14:17:40,actions-trading,Sim12,000760,skip,avoid_amount_dry,d844125ef9a9
14921438,2026-09-28 14:17:40,actions-trading,Sim12,044820,skip,avoid_amount_dry,3db509a3a01e
14921438,2026-09-28 14:17:40,actions-trading,Sim12,010580,skip,avoid_amount_dry,59a3104206d5
14921438,2026-09-28 14:17:41,actions-trading,Sim13,003580,skip,theme_momentum_weak,9745037e17a3
14921438,2026-09-28 14:17:41,actions-trading,Sim13,044380,skip,theme_momentum_weak,3200daa23c11
14921438,2026-09-28 14:17:41,actions-trading,Sim13,014280,skip,theme_momentum_weak,cbb0442288d9
14921438,2026-09-28 14:17:41,actions-trading,Sim13,002360,skip,held_or_cooldown,f668ce41e0af
14921438,2026-09-28 14:17:41,actions-trading,Sim13,009830,skip,theme_momentum_weak,268fd9b3d9e4
14921438,2026-09-28 14:17:41,actions-trading,Sim13,003570,skip,theme_momentum_weak,663069ff7b56
14921438,2026-09-28 14:17:41,actions-trading,Sim13,001527,skip,theme_momentum_weak,45a23ad91263
14921438,2026-09-28 14:17:41,actions-trading,Sim13,010060,skip,theme_momentum_weak,310984d79df5
14921438,2026-09-28 14:17:41,actions-trading,Sim13,051630,skip,adx_weak,f164a4dc4e5c
14921438,2026-09-28 14:17:41,actions-trading,Sim13,025560,skip,theme_momentum_weak,064c1b3851ad
14921438,2026-09-28 14:17:41,actions-trading,Sim13,004710,skip,no_frgn_support,821b79271450
14921438,2026-09-28 14:17:41,actions-trading,Sim13,011070,skip,theme_momentum_weak,9d7103c473d1
14921438,2026-09-28 14:17:41,actions-trading,Sim13,004440,skip,theme_momentum_weak,8e2c38f30dab
14921438,2026-09-28 14:17:41,actions-trading,Sim13,047040,skip,theme_momentum_weak,9127112bb3ba
14921438,2026-09-28 14:17:41,actions-trading,Sim13,009835,skip,theme_momentum_weak,3a86d860f151
14921438,2026-09-28 14:17:41,actions-trading,Sim13,014285,skip,theme_momentum_weak,76cb75fb2807
14921438,2026-09-28 14:17:41,actions-trading,Sim13,006110,skip,theme_momentum_weak,bbe44f0fb59d
14921438,2026-09-28 14:17:41,actions-trading,Sim13,064960,skip,theme_momentum_weak,350f976208e6
14921438,2026-09-28 14:17:41,actions-trading,Sim13,499790,skip,theme_momentum_weak,33a043d35c62
14921438,2026-09-28 14:17:41,actions-trading,Sim13,007810,skip,theme_momentum_weak,b4c4460296af
14921438,2026-09-28 14:17:41,actions-trading,Sim13,077500,skip,held_or_cooldown,f4866a002e56
14921438,2026-09-28 14:17:41,actions-trading,Sim13,025620,skip,theme_momentum_weak,704056c8849f
14921438,2026-09-28 14:17:41,actions-trading,Sim13,006120,skip,no_frgn_support,cd7752089674
14921438,2026-09-28 14:17:41,actions-trading,Sim13,005070,skip,theme_momentum_weak,387688b1c9c9
14921438,2026-09-28 14:17:41,actions-trading,Sim13,071950,skip,theme_momentum_weak,2108f3790563
14921438,2026-09-28 14:17:41,actions-trading,Sim13,020120,skip,adx_weak,add3d1459ac3
14921438,2026-09-28 14:17:41,actions-trading,Sim13,036530,skip,theme_momentum_weak,d8ae84e824ab
14921438,2026-09-28 14:17:41,actions-trading,Sim13,003030,skip,theme_momentum_weak,f58fe4d01bb4
14921438,2026-09-28 14:17:41,actions-trading,Sim13,020150,skip,theme_momentum_weak,8b8cacc1691d
14921438,2026-09-28 14:17:41,actions-trading,Sim13,306200,skip,theme_momentum_weak,49a2517628e1
14921439,2026-09-28 14:18:56,actions-trading,Sim3,402340,skip,qty_zero,7391842369a5
14921439,2026-09-28 14:18:56,actions-trading,Sim3,383800,skip,amount,342c93396e2b
14921439,2026-09-28 14:18:56,actions-trading,Sim3,462870,skip,amount,3e701ea9e051
14921439,2026-09-28 14:18:56,actions-trading,Sim3,000660,skip,qty_zero,9bc4dce90bc0
14921439,2026-09-28 14:18:56,actions-trading,Sim3,071970,skip,amount,c6956a84eea7
14921439,2026-09-28 14:18:56,actions-trading,Sim3,042700,skip,not_cheap,dca2e4822f41
14921439,2026-09-28 14:18:56,actions-trading,Sim3,326030,skip,amount,304a4a6063da
14921439,2026-09-28 14:18:56,actions-trading,Sim3,207940,skip,not_cheap,46bc1ef639a1
14921439,2026-09-28 14:18:56,actions-trading,Sim3,033920,skip,amount,b0c113a1baf9
14921439,2026-09-28 14:18:56,actions-trading,Sim3,004770,skip,amount,6d7dfddd6e1a
14921439,2026-09-28 14:18:56,actions-trading,Sim3,0126Z0,skip,not_cheap,307cde2d7d05
14921439,2026-09-28 14:18:56,actions-trading,Sim3,062040,skip,not_cheap,87e8ae6fe0b7
14921439,2026-09-28 14:18:56,actions-trading,Sim3,317450,skip,amount,21dfe4fad4bd
14921439,2026-09-28 14:18:56,actions-trading,Sim3,026960,skip,amount,66d826434584
14921439,2026-09-28 14:18:56,actions-trading,Sim3,021820,skip,amount,744ff40e4ba6
14921439,2026-09-28 14:18:56,actions-trading,Sim3,192080,skip,amount,6d0c8df5cf0b
14921439,2026-09-28 14:18:56,actions-trading,Sim3,068270,skip,cooldown,d204a7d629c6
14921439,2026-09-28 14:18:56,actions-trading,Sim3,123890,skip,amount,bb4650aa2ffd
14921439,2026-09-28 14:18:56,actions-trading,Sim3,000240,skip,amount,86cdf76b816c
14921439,2026-09-28 14:18:56,actions-trading,Sim3,002380,skip,cooldown,3986115807cc
14921439,2026-09-28 14:18:56,actions-trading,Sim3,009770,skip,amount,392e01f0fc66
14921439,2026-09-28 14:18:56,actions-trading,Sim3,259960,skip,cooldown,ab6c15c6dabf
14921439,2026-09-28 14:18:56,actions-trading,Sim3,035250,skip,amount,21ac9f8a9aab
14921439,2026-09-28 14:18:56,actions-trading,Sim3,383220,skip,amount,65e634588f03
14921439,2026-09-28 14:18:56,actions-trading,Sim3,226320,skip,amount,7931bcfc3f57
14921439,2026-09-28 14:18:56,actions-trading,Sim3,439260,skip,amount,0bc3e968cc7a
14921439,2026-09-28 14:18:56,actions-trading,Sim3,025560,skip,cooldown,3e7987e256c6
14921439,2026-09-28 14:18:56,actions-trading,Sim3,007700,skip,amount,2385c17cacb8
14921439,2026-09-28 14:18:56,actions-trading,Sim3,278470,skip,no_sector,5d9b33a11f00
14921439,2026-09-28 14:18:56,actions-trading,Sim3,000990,skip,not_cheap,f03dbeecb852
14921439,2026-09-28 14:19:35,actions-trading,MFHS2,047040,skip,max_holdings,022e3d320cb5
14921439,2026-09-28 14:19:35,actions-trading,MFHS2,005880,seen,,3ef043649b77
14921439,2026-09-28 14:19:35,actions-trading,MFHS2,024110,seen,,3302bc21417c
14921439,2026-09-28 14:19:35,actions-trading,MFHS2,009830,seen,,2ba2cf71e915
14921439,2026-09-28 14:19:35,actions-trading,MFHS2,018880,seen,,b32f04a2911e
14921439,2026-09-28 14:19:35,actions-trading,MFHS2,316140,seen,,b445853e6110
14921439,2026-09-28 14:19:35,actions-trading,MFHS2,088350,seen,,605449d531cb
14921439,2026-09-28 14:19:35,actions-trading,MFHS2,003280,seen,,42c00f2f2128
14921439,2026-09-28 14:19:35,actions-trading,MFHS2,006360,seen,,28799b322a73
14921439,2026-09-28 14:19:35,actions-trading,MFHS2,073240,seen,,47a221fe7973
14921439,2026-09-28 14:19:35,actions-trading,MFHS2,011200,seen,,20451b7094b7
14921439,2026-09-28 14:19:35,actions-trading,MFHS2,004020,seen,,d3908ac5ffe4
14921439,2026-09-28 14:19:35,actions-trading,MFHS2,015760,seen,,2338be4b9467
14921439,2026-09-28 14:19:35,actions-trading,MFHS2,032640,seen,,975e229b65cd
14921439,2026-09-28 14:19:35,actions-trading,MFHS2,003490,seen,,a9da50e16b20
14921439,2026-09-28 14:19:35,actions-trading,MFHS2,279570,seen,,ac3abd454c78
14921439,2026-09-28 14:19:35,actions-trading,MFHS2,096770,seen,,c04db30c7a2a
14921439,2026-09-28 14:19:35,actions-trading,MFHS2,047050,seen,,07acc529a19e
14921439,2026-09-28 14:19:35,actions-trading,MFHS2,323410,seen,,d3cbecde93c3
14921439,2026-09-28 14:19:35,actions-trading,MFHS2,035420,seen,,8295504e4ef8
14921439,2026-09-28 14:19:35,actions-trading,MFHS2,004710,seen,,2556f0d02062
14921439,2026-09-28 14:19:35,actions-trading,MFHS2,008970,seen,,128aff7ced5b
14921439,2026-09-28 14:19:35,actions-trading,MFHS2,139130,seen,,fb4eda241253
14921439,2026-09-28 14:19:35,actions-trading,MFHS2,007810,seen,,d29a78703c44
14921439,2026-09-28 14:19:35,actions-trading,MFHS2,035720,seen,,ca6d5f6ef7c3
14921439,2026-09-28 14:19:35,actions-trading,MFHS2,003530,seen,,b12c3b6be90b
14921439,2026-09-28 14:19:35,actions-trading,MFHS2,000720,seen,,cbe4bad9af95
14921439,2026-09-28 14:19:35,actions-trading,MFHS2,051630,seen,,240a1ea7da74
14921439,2026-09-28 14:19:35,actions-trading,MFHS2,002360,seen,,a23d7945f2bc
14921439,2026-09-28 14:19:35,actions-trading,MFHS2,028670,seen,,35fa936813f1
14921439,2026-09-28 14:19:38,actions-trading,상승모멘텀,003580,skip,max_holdings,9745037e17a3
14921439,2026-09-28 14:19:38,actions-trading,상승모멘텀,044380,seen,,ad585e2d7baa
14921439,2026-09-28 14:19:38,actions-trading,상승모멘텀,014280,seen,,4bdb3228144a
14921439,2026-09-28 14:19:38,actions-trading,상승모멘텀,002360,seen,,a23d7945f2bc
14921439,2026-09-28 14:19:38,actions-trading,상승모멘텀,009830,seen,,2ba2cf71e915
14921439,2026-09-28 14:19:38,actions-trading,상승모멘텀,003570,seen,,f794e361adeb
14921439,2026-09-28 14:19:38,actions-trading,상승모멘텀,001527,seen,,45a23ad91263
14921439,2026-09-28 14:19:38,actions-trading,상승모멘텀,010060,seen,,2ceb6ccd6aa5
14921439,2026-09-28 14:19:38,actions-trading,상승모멘텀,051630,seen,,240a1ea7da74
14921439,2026-09-28 14:19:38,actions-trading,상승모멘텀,025560,seen,,be16fea79c65
14921439,2026-09-28 14:19:38,actions-trading,상승모멘텀,009835,seen,,3b471e8236a7
14921439,2026-09-28 14:19:38,actions-trading,상승모멘텀,004710,seen,,2556f0d02062
14921439,2026-09-28 14:19:38,actions-trading,상승모멘텀,011070,seen,,b875d6e71ab4
14921439,2026-09-28 14:19:38,actions-trading,상승모멘텀,004440,seen,,07d6f2dbae7f
14921439,2026-09-28 14:19:38,actions-trading,상승모멘텀,014285,seen,,76cb75fb2807
14921439,2026-09-28 14:19:38,actions-trading,상승모멘텀,047040,seen,,022e3d320cb5
14921439,2026-09-28 14:19:38,actions-trading,상승모멘텀,006110,seen,,49448f5323bb
14921439,2026-09-28 14:19:38,actions-trading,상승모멘텀,499790,seen,,9a7d719be55d
14921439,2026-09-28 14:19:38,actions-trading,상승모멘텀,064960,seen,,5a97270e064d
14921439,2026-09-28 14:19:38,actions-trading,상승모멘텀,077500,seen,,44b678c2ea40
14921439,2026-09-28 14:19:38,actions-trading,상승모멘텀,007810,seen,,d29a78703c44
14921439,2026-09-28 14:19:38,actions-trading,상승모멘텀,025620,seen,,74778449f2dd
14921439,2026-09-28 14:19:38,actions-trading,상승모멘텀,005070,seen,,7b236a5e65c8
14921439,2026-09-28 14:19:38,actions-trading,상승모멘텀,006120,seen,,d76ff50480a0
14921439,2026-09-28 14:19:38,actions-trading,상승모멘텀,071950,seen,,2108f3790563
14921439,2026-09-28 14:19:38,actions-trading,상승모멘텀,036530,seen,,96beeb61cde3
14921439,2026-09-28 14:19:38,actions-trading,상승모멘텀,020120,seen,,73c355c92624
14921439,2026-09-28 14:19:38,actions-trading,상승모멘텀,003030,seen,,6ec2f6faed69
14921439,2026-09-28 14:19:38,actions-trading,상승모멘텀,210980,seen,,626f818aebea
14921439,2026-09-28 14:19:38,actions-trading,상승모멘텀,138040,seen,,5892b12fdc7c
14921439,2026-09-28 14:19:38,actions-trading,Sim4-1,003580,skip,amount,9745037e17a3
14921439,2026-09-28 14:19:38,actions-trading,Sim4-1,044380,skip,amount,ad585e2d7baa
14921439,2026-09-28 14:19:38,actions-trading,Sim4-1,014280,skip,adx_low,4bdb3228144a
14921439,2026-09-28 14:19:38,actions-trading,Sim4-1,002360,skip,held_or_cooldown,a23d7945f2bc
14921439,2026-09-28 14:19:38,actions-trading,Sim4-1,009830,skip,period,2ba2cf71e915
14921439,2026-09-28 14:19:38,actions-trading,Sim4-1,003570,skip,adx_high,f794e361adeb
14921439,2026-09-28 14:19:38,actions-trading,Sim4-1,001527,skip,amount,45a23ad91263
14921439,2026-09-28 14:19:38,actions-trading,Sim4-1,010060,skip,adx_low,2ceb6ccd6aa5
14921439,2026-09-28 14:19:38,actions-trading,Sim4-1,051630,skip,amount,240a1ea7da74
14921439,2026-09-28 14:19:38,actions-trading,Sim4-1,025560,skip,adx_high,be16fea79c65
14921439,2026-09-28 14:19:38,actions-trading,Sim4-1,009835,skip,amount,3b471e8236a7
14921439,2026-09-28 14:19:38,actions-trading,Sim4-1,004710,skip,held_or_cooldown,2556f0d02062
14921439,2026-09-28 14:19:38,actions-trading,Sim4-1,011070,skip,period,b875d6e71ab4
14921439,2026-09-28 14:19:38,actions-trading,Sim4-1,004440,skip,amount,07d6f2dbae7f
14921439,2026-09-28 14:19:38,actions-trading,Sim4-1,014285,skip,amount,76cb75fb2807
14921439,2026-09-28 14:19:38,actions-trading,Sim4-1,047040,skip,period,022e3d320cb5
14921439,2026-09-28 14:19:38,actions-trading,Sim4-1,006110,skip,adx_high,49448f5323bb
14921439,2026-09-28 14:19:38,actions-trading,Sim4-1,499790,skip,amount,9a7d719be55d
14921439,2026-09-28 14:19:38,actions-trading,Sim4-1,064960,skip,adx_high,5a97270e064d
14921439,2026-09-28 14:19:38,actions-trading,Sim4-1,077500,skip,adx_high,44b678c2ea40
14921439,2026-09-28 14:19:38,actions-trading,Sim4-1,007810,skip,adx_high,d29a78703c44
14921439,2026-09-28 14:19:38,actions-trading,Sim4-1,025620,skip,amount,74778449f2dd
14921439,2026-09-28 14:19:38,actions-trading,Sim4-1,005070,skip,adx_low,7b236a5e65c8
14921439,2026-09-28 14:19:38,actions-trading,Sim4-1,006120,skip,adx_high,d76ff50480a0
14921439,2026-09-28 14:19:38,actions-trading,Sim4-1,071950,skip,amount,2108f3790563
14921439,2026-09-28 14:19:38,actions-trading,Sim4-1,036530,skip,amount,96beeb61cde3
14921439,2026-09-28 14:19:38,actions-trading,Sim4-1,020120,skip,amount,73c355c92624
14921439,2026-09-28 14:19:38,actions-trading,Sim4-1,003030,skip,amount,6ec2f6faed69
14921439,2026-09-28 14:19:38,actions-trading,Sim4-1,210980,skip,amount,626f818aebea
14921439,2026-09-28 14:19:38,actions-trading,Sim4-1,138040,skip,adx_low,5892b12fdc7c
14921439,2026-09-28 14:19:41,actions-trading,선행매집,047040,skip,below_anchor,022e3d320cb5
14921439,2026-09-28 14:19:41,actions-trading,선행매집,009830,skip,below_anchor,2ba2cf71e915
14921439,2026-09-28 14:19:41,actions-trading,선행매집,005880,skip,below_anchor,3ef043649b77
14921439,2026-09-28 14:19:41,actions-trading,선행매집,018880,skip,below_anchor,b32f04a2911e
14921439,2026-09-28 14:19:41,actions-trading,선행매집,024110,skip,below_anchor,3302bc21417c
14921439,2026-09-28 14:19:41,actions-trading,선행매집,088350,skip,below_anchor,605449d531cb
14921439,2026-09-28 14:19:41,actions-trading,선행매집,073240,skip,below_anchor,47a221fe7973
14921439,2026-09-28 14:19:41,actions-trading,선행매집,003280,skip,below_anchor,42c00f2f2128
14921439,2026-09-28 14:19:41,actions-trading,선행매집,316140,skip,no_setup,b445853e6110
14921439,2026-09-28 14:19:41,actions-trading,선행매집,015760,skip,below_anchor,2338be4b9467
14921439,2026-09-28 14:19:41,actions-trading,선행매집,011200,skip,sold_or_cooldown,20451b7094b7
14921439,2026-09-28 14:19:41,actions-trading,선행매집,006360,skip,below_anchor,28799b322a73
14921439,2026-09-28 14:19:41,actions-trading,선행매집,004710,skip,below_anchor,2556f0d02062
14921439,2026-09-28 14:19:41,actions-trading,선행매집,096770,skip,held_awaiting_breakout,c04db30c7a2a
14921439,2026-09-28 14:19:41,actions-trading,선행매집,035420,skip,below_anchor,8295504e4ef8
14921439,2026-09-28 14:19:41,actions-trading,선행매집,032640,skip,below_anchor,975e229b65cd
14921439,2026-09-28 14:19:41,actions-trading,선행매집,003490,skip,sold_or_cooldown,a9da50e16b20
14921439,2026-09-28 14:19:41,actions-trading,선행매집,000720,skip,below_anchor,cbe4bad9af95
14921439,2026-09-28 14:19:41,actions-trading,선행매집,047050,skip,below_anchor,07acc529a19e
14921439,2026-09-28 14:19:41,actions-trading,선행매집,004020,skip,below_anchor,d3908ac5ffe4
14921439,2026-09-28 14:19:41,actions-trading,선행매집,035720,skip,below_anchor,ca6d5f6ef7c3
14921439,2026-09-28 14:19:41,actions-trading,선행매집,008970,skip,amount,128aff7ced5b
14921439,2026-09-28 14:19:41,actions-trading,선행매집,066570,skip,below_anchor,b7d15788758a
14921439,2026-09-28 14:19:41,actions-trading,선행매집,279570,skip,below_anchor,ac3abd454c78
14921439,2026-09-28 14:19:41,actions-trading,선행매집,139130,skip,no_setup,fb4eda241253
14921439,2026-09-28 14:19:41,actions-trading,선행매집,028670,skip,no_setup,35fa936813f1
14921439,2026-09-28 14:19:41,actions-trading,선행매집,002360,skip,no_setup,a23d7945f2bc
14921439,2026-09-28 14:19:41,actions-trading,선행매집,007810,skip,below_anchor,d29a78703c44
14921439,2026-09-28 14:19:41,actions-trading,선행매집,323410,skip,below_anchor,d3cbecde93c3
14921439,2026-09-28 14:19:41,actions-trading,선행매집,003530,skip,below_anchor,b12c3b6be90b
14921439,2026-09-28 14:19:41,actions-trading,Sim9,_gate,skip,outside_entry_window,e3b0c44298fc
14921439,2026-09-28 14:19:41,actions-trading,Sim9,003580,seen,,9745037e17a3
14921439,2026-09-28 14:19:41,actions-trading,Sim9,044380,seen,,ad585e2d7baa
14921439,2026-09-28 14:19:41,actions-trading,Sim9,014280,seen,,4bdb3228144a
14921439,2026-09-28 14:19:41,actions-trading,Sim9,002360,seen,,a23d7945f2bc
14921439,2026-09-28 14:19:41,actions-trading,Sim9,009830,seen,,2ba2cf71e915
14921439,2026-09-28 14:19:41,actions-trading,Sim9,003570,seen,,f794e361adeb
14921439,2026-09-28 14:19:41,actions-trading,Sim9,001527,seen,,45a23ad91263
14921439,2026-09-28 14:19:41,actions-trading,Sim9,010060,seen,,2ceb6ccd6aa5
14921439,2026-09-28 14:19:41,actions-trading,Sim9,051630,seen,,240a1ea7da74
14921439,2026-09-28 14:19:41,actions-trading,Sim9,025560,seen,,be16fea79c65
14921439,2026-09-28 14:19:41,actions-trading,Sim9,009835,seen,,3b471e8236a7
14921439,2026-09-28 14:19:41,actions-trading,Sim9,004710,seen,,2556f0d02062
14921439,2026-09-28 14:19:41,actions-trading,Sim9,011070,seen,,b875d6e71ab4
14921439,2026-09-28 14:19:41,actions-trading,Sim9,004440,seen,,07d6f2dbae7f
14921439,2026-09-28 14:19:41,actions-trading,Sim9,014285,seen,,76cb75fb2807
14921439,2026-09-28 14:19:41,actions-trading,Sim9,047040,seen,,022e3d320cb5
14921439,2026-09-28 14:19:41,actions-trading,Sim9,006110,seen,,49448f5323bb
14921439,2026-09-28 14:19:41,actions-trading,Sim9,499790,seen,,9a7d719be55d
14921439,2026-09-28 14:19:41,actions-trading,Sim9,064960,seen,,5a97270e064d
14921439,2026-09-28 14:19:41,actions-trading,Sim9,077500,seen,,44b678c2ea40
14921439,2026-09-28 14:19:41,actions-trading,Sim9,007810,seen,,d29a78703c44
14921439,2026-09-28 14:19:41,actions-trading,Sim9,025620,seen,,74778449f2dd
14921439,2026-09-28 14:19:41,actions-trading,Sim9,005070,seen,,7b236a5e65c8
14921439,2026-09-28 14:19:41,actions-trading,Sim9,006120,seen,,d76ff50480a0
14921439,2026-09-28 14:19:41,actions-trading,Sim9,071950,seen,,2108f3790563
14921439,2026-09-28 14:19:41,actions-trading,Sim9,036530,seen,,96beeb61cde3
14921439,2026-09-28 14:19:41,actions-trading,Sim9,020120,seen,,73c355c92624
14921439,2026-09-28 14:19:41,actions-trading,Sim9,003030,seen,,6ec2f6faed69
14921439,2026-09-28 14:19:41,actions-trading,Sim9,210980,seen,,626f818aebea
14921439,2026-09-28 14:19:41,actions-trading,Sim9,138040,seen,,5892b12fdc7c
14921439,2026-09-28 14:19:41,actions-trading,미너비니,192820,skip,below_pivot,88a65a1583b1
14921439,2026-09-28 14:19:41,actions-trading,미너비니,443060,skip,below_pivot,021925a90046
14921439,2026-09-28 14:19:41,actions-trading,Sim12,003580,skip,pb2_not_crashed,9745037e17a3
14921439,2026-09-28 14:19:41,actions-trading,Sim12,044380,skip,avoid_deadcat,ad585e2d7baa
14921439,2026-09-28 14:19:41,actions-trading,Sim12,014280,skip,pb2_not_crashed,4bdb3228144a
14921439,2026-09-28 14:19:41,actions-trading,Sim12,002360,skip,pb2_not_crashed,a23d7945f2bc
14921439,2026-09-28 14:19:41,actions-trading,Sim12,009830,skip,pb2_not_crashed,2ba2cf71e915
14921439,2026-09-28 14:19:41,actions-trading,Sim12,003570,skip,avoid_frgn_sell_20d,f794e361adeb
14921439,2026-09-28 14:19:41,actions-trading,Sim12,001527,skip,avoid_deadcat,45a23ad91263
14921439,2026-09-28 14:19:41,actions-trading,Sim12,010060,skip,pb2_not_crashed,2ceb6ccd6aa5
14921439,2026-09-28 14:19:41,actions-trading,Sim12,051630,skip,pb2_not_crashed,240a1ea7da74
14921439,2026-09-28 14:19:41,actions-trading,Sim12,025560,skip,avoid_frgn_sell_20d,be16fea79c65
14921439,2026-09-28 14:19:41,actions-trading,Sim12,009835,skip,avoid_frgn_sell_20d,3b471e8236a7
14921439,2026-09-28 14:19:41,actions-trading,Sim12,004710,skip,avoid_frgn_sell_20d,2556f0d02062
14921439,2026-09-28 14:19:41,actions-trading,Sim12,011070,skip,avoid_orgn_sell_high_per,b875d6e71ab4
14921439,2026-09-28 14:19:41,actions-trading,Sim12,004440,skip,avoid_frgn_sell_20d,07d6f2dbae7f
14921439,2026-09-28 14:19:41,actions-trading,Sim12,014285,skip,pb2_not_crashed,76cb75fb2807
14921439,2026-09-28 14:19:41,actions-trading,Sim12,047040,skip,avoid_frgn_sell_20d,022e3d320cb5
14921439,2026-09-28 14:19:41,actions-trading,Sim12,006110,skip,avoid_deadcat,49448f5323bb
14921439,2026-09-28 14:19:41,actions-trading,Sim12,499790,skip,avoid_frgn_sell_20d,9a7d719be55d
14921439,2026-09-28 14:19:41,actions-trading,Sim12,064960,skip,avoid_frgn_sell_20d,5a97270e064d
14921439,2026-09-28 14:19:41,actions-trading,Sim12,077500,skip,pb2_not_crashed,44b678c2ea40
14921439,2026-09-28 14:19:41,actions-trading,Sim12,007810,skip,avoid_orgn_sell_high_per,d29a78703c44
14921439,2026-09-28 14:19:41,actions-trading,Sim12,025620,skip,pb2_not_crashed,74778449f2dd
14921439,2026-09-28 14:19:41,actions-trading,Sim12,005070,skip,avoid_frgn_sell_20d,7b236a5e65c8
14921439,2026-09-28 14:19:41,actions-trading,Sim12,006120,skip,avoid_frgn_sell_20d,d76ff50480a0
14921439,2026-09-28 14:19:41,actions-trading,Sim12,071950,skip,avoid_deadcat,2108f3790563
14921439,2026-09-28 14:19:41,actions-trading,Sim12,036530,skip,avoid_frgn_sell_20d,96beeb61cde3
14921439,2026-09-28 14:19:41,actions-trading,Sim12,020120,skip,avoid_amount_dry,73c355c92624
14921439,2026-09-28 14:19:41,actions-trading,Sim12,003030,skip,pb2_not_crashed,6ec2f6faed69
14921439,2026-09-28 14:19:41,actions-trading,Sim12,210980,skip,avoid_amount_dry,626f818aebea
14921439,2026-09-28 14:19:41,actions-trading,Sim12,138040,skip,avoid_frgn_sell_20d,5892b12fdc7c
14921439,2026-09-28 14:19:41,actions-trading,Sim12,014990,skip,avoid_amount_dry,e1d657fb717c
14921439,2026-09-28 14:19:41,actions-trading,Sim12,002820,skip,pb2_not_crashed,fec271b135a8
14921439,2026-09-28 14:19:41,actions-trading,Sim12,402340,skip,pb2_not_crashed,e2c3ef8d3b07
14921439,2026-09-28 14:19:41,actions-trading,Sim12,002787,skip,avoid_amount_dry,676f31f2d6c3
14921439,2026-09-28 14:19:41,actions-trading,Sim12,109070,skip,pb2_not_crashed,f9233609c23b
14921439,2026-09-28 14:19:41,actions-trading,Sim12,009420,skip,pb2_not_crashed,219aa8e2b50a
14921439,2026-09-28 14:19:41,actions-trading,Sim12,02826K,skip,pb2_not_crashed,cdc99b72b003
14921439,2026-09-28 14:19:41,actions-trading,Sim12,028260,skip,pb2_not_crashed,c3f55780e147
14921439,2026-09-28 14:19:41,actions-trading,Sim12,009190,skip,pb2_no_inst_buying,162286428360
14921439,2026-09-28 14:19:41,actions-trading,Sim12,034730,skip,pb2_not_crashed,4dcce8d92f6c
14921439,2026-09-28 14:19:41,actions-trading,Sim12,005935,skip,avoid_frgn_sell_20d,0cd8e72984bf
14921439,2026-09-28 14:19:41,actions-trading,Sim12,000500,skip,avoid_amount_dry,0a35a83834f8
14921439,2026-09-28 14:19:41,actions-trading,Sim12,000150,skip,avoid_frgn_sell_20d,fffd0f7c7087
14921439,2026-09-28 14:19:41,actions-trading,Sim12,069960,skip,avoid_amount_dry,8dcbfc1ddef5
14921439,2026-09-28 14:19:41,actions-trading,Sim12,002870,skip,avoid_amount_dry,ff5faa8547e6
14921439,2026-09-28 14:19:41,actions-trading,Sim12,011090,skip,avoid_amount_dry,76aeb0c23dc1
14921439,2026-09-28 14:19:41,actions-trading,Sim12,005930,skip,pb2_not_crashed,aaea58d8a0b8
14921439,2026-09-28 14:19:41,actions-trading,Sim12,03473K,skip,avoid_frgn_sell_20d,f009058357e8
14921439,2026-09-28 14:19:41,actions-trading,Sim12,000660,skip,avoid_frgn_sell_20d,df59bc426d80
14921439,2026-09-28 14:19:41,actions-trading,Sim12,007660,skip,pb2_not_crashed,61fcc7c1eefa
14921439,2026-09-28 14:19:41,actions-trading,Sim12,002030,skip,avoid_frgn_sell_20d,804c4ee0fffb
14921439,2026-09-28 14:19:41,actions-trading,Sim12,002070,skip,avoid_amount_dry,5adaecf8b29a
14921439,2026-09-28 14:19:41,actions-trading,Sim12,101140,skip,avoid_amount_dry,f47479aaf2f9
14921439,2026-09-28 14:19:41,actions-trading,Sim12,011390,skip,avoid_amount_dry,7b4016d3f27d
14921439,2026-09-28 14:19:41,actions-trading,Sim12,298040,skip,pb2_not_crashed,63c94f8ab56a
14921439,2026-09-28 14:19:41,actions-trading,Sim12,128940,skip,avoid_amount_dry,79f6d833e8b7
14921439,2026-09-28 14:19:41,actions-trading,Sim12,192650,skip,avoid_frgn_sell_20d,54be321b2585
14921439,2026-09-28 14:19:41,actions-trading,Sim12,000760,skip,avoid_amount_dry,d844125ef9a9
14921439,2026-09-28 14:19:41,actions-trading,Sim12,044820,skip,avoid_amount_dry,129e2d759c80
14921439,2026-09-28 14:19:41,actions-trading,Sim12,010580,skip,avoid_amount_dry,bbb4a5871522
14921439,2026-09-28 14:19:41,actions-trading,Sim13,003580,skip,theme_momentum_weak,9745037e17a3
14921439,2026-09-28 14:19:41,actions-trading,Sim13,044380,skip,theme_momentum_weak,ad585e2d7baa
14921439,2026-09-28 14:19:41,actions-trading,Sim13,014280,skip,theme_momentum_weak,4bdb3228144a
14921439,2026-09-28 14:19:41,actions-trading,Sim13,002360,skip,held_or_cooldown,a23d7945f2bc
14921439,2026-09-28 14:19:41,actions-trading,Sim13,009830,skip,theme_momentum_weak,2ba2cf71e915
14921439,2026-09-28 14:19:41,actions-trading,Sim13,003570,skip,theme_momentum_weak,f794e361adeb
14921439,2026-09-28 14:19:41,actions-trading,Sim13,001527,skip,theme_momentum_weak,45a23ad91263
14921439,2026-09-28 14:19:41,actions-trading,Sim13,010060,skip,theme_momentum_weak,2ceb6ccd6aa5
14921439,2026-09-28 14:19:41,actions-trading,Sim13,051630,skip,adx_weak,240a1ea7da74
14921439,2026-09-28 14:19:41,actions-trading,Sim13,025560,skip,theme_momentum_weak,be16fea79c65
14921439,2026-09-28 14:19:41,actions-trading,Sim13,009835,skip,theme_momentum_weak,3b471e8236a7
14921439,2026-09-28 14:19:41,actions-trading,Sim13,004710,skip,no_frgn_support,2556f0d02062
14921439,2026-09-28 14:19:41,actions-trading,Sim13,011070,skip,theme_momentum_weak,b875d6e71ab4
14921439,2026-09-28 14:19:41,actions-trading,Sim13,004440,skip,theme_momentum_weak,07d6f2dbae7f
14921439,2026-09-28 14:19:41,actions-trading,Sim13,014285,skip,theme_momentum_weak,76cb75fb2807
14921439,2026-09-28 14:19:41,actions-trading,Sim13,047040,skip,theme_momentum_weak,022e3d320cb5
14921439,2026-09-28 14:19:41,actions-trading,Sim13,006110,skip,theme_momentum_weak,49448f5323bb
14921439,2026-09-28 14:19:41,actions-trading,Sim13,499790,skip,theme_momentum_weak,9a7d719be55d
14921439,2026-09-28 14:19:41,actions-trading,Sim13,064960,skip,theme_momentum_weak,5a97270e064d
14921439,2026-09-28 14:19:41,actions-trading,Sim13,077500,skip,held_or_cooldown,44b678c2ea40
14921439,2026-09-28 14:19:41,actions-trading,Sim13,007810,skip,theme_momentum_weak,d29a78703c44
14921439,2026-09-28 14:19:41,actions-trading,Sim13,025620,skip,theme_momentum_weak,74778449f2dd
14921439,2026-09-28 14:19:41,actions-trading,Sim13,005070,skip,theme_momentum_weak,7b236a5e65c8
14921439,2026-09-28 14:19:41,actions-trading,Sim13,006120,skip,no_frgn_support,d76ff50480a0
14921439,2026-09-28 14:19:41,actions-trading,Sim13,071950,skip,theme_momentum_weak,2108f3790563
14921439,2026-09-28 14:19:41,actions-trading,Sim13,036530,skip,theme_momentum_weak,96beeb61cde3
14921439,2026-09-28 14:19:41,actions-trading,Sim13,020120,skip,adx_weak,73c355c92624
14921439,2026-09-28 14:19:41,actions-trading,Sim13,003030,skip,theme_momentum_weak,6ec2f6faed69
14921439,2026-09-28 14:19:41,actions-trading,Sim13,210980,skip,theme_momentum_weak,626f818aebea
14921439,2026-09-28 14:19:41,actions-trading,Sim13,138040,skip,theme_momentum_weak,5892b12fdc7c
14921440,2026-09-28 14:21:02,actions-trading,Sim3,402340,skip,qty_zero,7ee2e566f92c
14921440,2026-09-28 14:21:02,actions-trading,Sim3,383800,skip,amount,577c92da8d3f
14921440,2026-09-28 14:21:02,actions-trading,Sim3,462870,skip,amount,84e4043e09c6
14921440,2026-09-28 14:21:02,actions-trading,Sim3,000660,skip,qty_zero,938a860cffec
14921440,2026-09-28 14:21:02,actions-trading,Sim3,071970,skip,amount,d1118be81488
14921440,2026-09-28 14:21:02,actions-trading,Sim3,042700,skip,not_cheap,6b9ddbd8b806
14921440,2026-09-28 14:21:02,actions-trading,Sim3,326030,skip,amount,758bbf01b2de
14921440,2026-09-28 14:21:02,actions-trading,Sim3,207940,skip,not_cheap,4ae1358efc12
14921440,2026-09-28 14:21:02,actions-trading,Sim3,033920,skip,amount,aaaeac3c8c98
14921440,2026-09-28 14:21:02,actions-trading,Sim3,004770,skip,amount,4d2eaa57a4dc
14921440,2026-09-28 14:21:02,actions-trading,Sim3,0126Z0,skip,not_cheap,b4df11e678a0
14921440,2026-09-28 14:21:02,actions-trading,Sim3,062040,skip,not_cheap,4ecb7868e50d
14921440,2026-09-28 14:21:02,actions-trading,Sim3,317450,skip,amount,1cbd82262ff2
14921440,2026-09-28 14:21:02,actions-trading,Sim3,026960,skip,amount,b4dbf209ffcb
14921440,2026-09-28 14:21:02,actions-trading,Sim3,021820,skip,amount,dbcca766f3b2
14921440,2026-09-28 14:21:02,actions-trading,Sim3,192080,skip,amount,62cc0ded7b46
14921440,2026-09-28 14:21:02,actions-trading,Sim3,068270,skip,cooldown,b5cad0390e9a
14921440,2026-09-28 14:21:02,actions-trading,Sim3,123890,skip,amount,bc60344051cb
14921440,2026-09-28 14:21:02,actions-trading,Sim3,000240,skip,amount,4fec3b018328
14921440,2026-09-28 14:21:02,actions-trading,Sim3,002380,skip,cooldown,61ed0498d89f
14921440,2026-09-28 14:21:02,actions-trading,Sim3,009770,skip,amount,4ae1f694d7a7
14921440,2026-09-28 14:21:02,actions-trading,Sim3,259960,skip,cooldown,b247507f00b9
14921440,2026-09-28 14:21:02,actions-trading,Sim3,035250,skip,amount,f492011bbe4f
14921440,2026-09-28 14:21:02,actions-trading,Sim3,383220,skip,amount,9e1f5d0f08b6
14921440,2026-09-28 14:21:02,actions-trading,Sim3,226320,skip,amount,1df72e3b253e
14921440,2026-09-28 14:21:02,actions-trading,Sim3,439260,skip,amount,fe71adafd711
14921440,2026-09-28 14:21:02,actions-trading,Sim3,025560,skip,cooldown,86f9e00f5cdd
14921440,2026-09-28 14:21:02,actions-trading,Sim3,007700,skip,amount,e711320b8da6
14921440,2026-09-28 14:21:02,actions-trading,Sim3,278470,skip,not_cheap,281e27787e8a
14921440,2026-09-28 14:21:02,actions-trading,Sim3,000990,skip,not_cheap,16ec430bfac6
14921440,2026-09-28 14:21:40,actions-trading,MFHS2,047040,skip,max_holdings,1ef678664e89
14921440,2026-09-28 14:21:40,actions-trading,MFHS2,005880,seen,,0c5fc71cbfd9
14921440,2026-09-28 14:21:40,actions-trading,MFHS2,024110,seen,,d72d9c7e3413
14921440,2026-09-28 14:21:40,actions-trading,MFHS2,009830,seen,,5be9195fb990
14921440,2026-09-28 14:21:40,actions-trading,MFHS2,018880,seen,,52cb0525a117
14921440,2026-09-28 14:21:40,actions-trading,MFHS2,316140,seen,,4a84fde978cf
14921440,2026-09-28 14:21:40,actions-trading,MFHS2,088350,seen,,deb7d3e1657d
14921440,2026-09-28 14:21:40,actions-trading,MFHS2,003280,seen,,259dfc53e6ed
14921440,2026-09-28 14:21:40,actions-trading,MFHS2,006360,seen,,c780cf1b5072
14921440,2026-09-28 14:21:40,actions-trading,MFHS2,073240,seen,,43c734fe40a1
14921440,2026-09-28 14:21:40,actions-trading,MFHS2,011200,seen,,01642f9554a5
14921440,2026-09-28 14:21:40,actions-trading,MFHS2,004020,seen,,744540ea325c
14921440,2026-09-28 14:21:40,actions-trading,MFHS2,015760,seen,,d9b9e163de2c
14921440,2026-09-28 14:21:40,actions-trading,MFHS2,032640,seen,,fc53c8261509
14921440,2026-09-28 14:21:40,actions-trading,MFHS2,003490,seen,,b97eeecd3bd3
14921440,2026-09-28 14:21:40,actions-trading,MFHS2,279570,seen,,32be041a655f
14921440,2026-09-28 14:21:40,actions-trading,MFHS2,096770,seen,,680a6eca6296
14921440,2026-09-28 14:21:40,actions-trading,MFHS2,047050,seen,,77d4f36b106e
14921440,2026-09-28 14:21:40,actions-trading,MFHS2,323410,seen,,5d241b2ee335
14921440,2026-09-28 14:21:40,actions-trading,MFHS2,035420,seen,,cd47b2a5a0e4
14921440,2026-09-28 14:21:40,actions-trading,MFHS2,004710,seen,,275fec3e7839
14921440,2026-09-28 14:21:40,actions-trading,MFHS2,008970,seen,,a85b8ff32dad
14921440,2026-09-28 14:21:40,actions-trading,MFHS2,139130,seen,,c0b85a432f49
14921440,2026-09-28 14:21:40,actions-trading,MFHS2,007810,seen,,9f3a640174fa
14921440,2026-09-28 14:21:40,actions-trading,MFHS2,035720,seen,,711bd3a60d41
14921440,2026-09-28 14:21:40,actions-trading,MFHS2,003530,seen,,3347397013c5
14921440,2026-09-28 14:21:40,actions-trading,MFHS2,000720,seen,,7a42ade38395
14921440,2026-09-28 14:21:40,actions-trading,MFHS2,051630,seen,,f5f2f80254c8
14921440,2026-09-28 14:21:40,actions-trading,MFHS2,002360,seen,,c178a1892aa2
14921440,2026-09-28 14:21:40,actions-trading,MFHS2,028670,seen,,57a0590f3ce0
14921440,2026-09-28 14:21:44,actions-trading,상승모멘텀,003580,skip,max_holdings,9745037e17a3
14921440,2026-09-28 14:21:44,actions-trading,상승모멘텀,044380,seen,,f75d57dff056
14921440,2026-09-28 14:21:44,actions-trading,상승모멘텀,014280,seen,,377c5baa4193
14921440,2026-09-28 14:21:44,actions-trading,상승모멘텀,002360,seen,,c178a1892aa2
14921440,2026-09-28 14:21:44,actions-trading,상승모멘텀,003570,seen,,4e685d65a402
14921440,2026-09-28 14:21:44,actions-trading,상승모멘텀,009830,seen,,5be9195fb990
14921440,2026-09-28 14:21:44,actions-trading,상승모멘텀,001527,seen,,45a23ad91263
14921440,2026-09-28 14:21:44,actions-trading,상승모멘텀,010060,seen,,581691b3bac7
14921440,2026-09-28 14:21:44,actions-trading,상승모멘텀,051630,seen,,f5f2f80254c8
14921440,2026-09-28 14:21:44,actions-trading,상승모멘텀,025560,seen,,0dbe53e5b39a
14921440,2026-09-28 14:21:44,actions-trading,상승모멘텀,004440,seen,,c52389599e72
14921440,2026-09-28 14:21:44,actions-trading,상승모멘텀,004710,seen,,275fec3e7839
14921440,2026-09-28 14:21:44,actions-trading,상승모멘텀,011070,seen,,5face103d188
14921440,2026-09-28 14:21:44,actions-trading,상승모멘텀,014285,seen,,76cb75fb2807
14921440,2026-09-28 14:21:44,actions-trading,상승모멘텀,006110,seen,,71b2a1019c28
14921440,2026-09-28 14:21:44,actions-trading,상승모멘텀,047040,seen,,1ef678664e89
14921440,2026-09-28 14:21:44,actions-trading,상승모멘텀,499790,seen,,8b38e0849af7
14921440,2026-09-28 14:21:44,actions-trading,상승모멘텀,064960,seen,,840f3ffec51e
14921440,2026-09-28 14:21:44,actions-trading,상승모멘텀,077500,seen,,5696e402f157
14921440,2026-09-28 14:21:44,actions-trading,상승모멘텀,007810,seen,,9f3a640174fa
14921440,2026-09-28 14:21:44,actions-trading,상승모멘텀,025620,seen,,74778449f2dd
14921440,2026-09-28 14:21:44,actions-trading,상승모멘텀,009835,seen,,d3359b757364
14921440,2026-09-28 14:21:44,actions-trading,상승모멘텀,006120,seen,,d1c0ef46f4e6
14921440,2026-09-28 14:21:44,actions-trading,상승모멘텀,020120,seen,,66d81fce2d87
14921440,2026-09-28 14:21:44,actions-trading,상승모멘텀,005070,seen,,d9cda13415cd
14921440,2026-09-28 14:21:44,actions-trading,상승모멘텀,036530,seen,,adc59a1b49b3
14921440,2026-09-28 14:21:44,actions-trading,상승모멘텀,071950,seen,,2108f3790563
14921440,2026-09-28 14:21:44,actions-trading,상승모멘텀,210980,seen,,a6d46b947c4f
14921440,2026-09-28 14:21:44,actions-trading,상승모멘텀,306200,seen,,aa6732a43fb1
14921440,2026-09-28 14:21:44,actions-trading,상승모멘텀,138040,seen,,847849df0df6
14921440,2026-09-28 14:21:44,actions-trading,Sim4-1,003580,skip,amount,9745037e17a3
14921440,2026-09-28 14:21:44,actions-trading,Sim4-1,044380,skip,amount,f75d57dff056
14921440,2026-09-28 14:21:44,actions-trading,Sim4-1,014280,skip,adx_low,377c5baa4193
14921440,2026-09-28 14:21:44,actions-trading,Sim4-1,002360,skip,held_or_cooldown,c178a1892aa2
14921440,2026-09-28 14:21:44,actions-trading,Sim4-1,003570,skip,adx_high,4e685d65a402
14921440,2026-09-28 14:21:44,actions-trading,Sim4-1,009830,skip,period,5be9195fb990
14921440,2026-09-28 14:21:44,actions-trading,Sim4-1,001527,skip,amount,45a23ad91263
14921440,2026-09-28 14:21:44,actions-trading,Sim4-1,010060,skip,adx_low,581691b3bac7
14921440,2026-09-28 14:21:44,actions-trading,Sim4-1,051630,skip,amount,f5f2f80254c8
14921440,2026-09-28 14:21:44,actions-trading,Sim4-1,025560,skip,adx_high,0dbe53e5b39a
14921440,2026-09-28 14:21:44,actions-trading,Sim4-1,004440,skip,amount,c52389599e72
14921440,2026-09-28 14:21:44,actions-trading,Sim4-1,004710,skip,held_or_cooldown,275fec3e7839
14921440,2026-09-28 14:21:44,actions-trading,Sim4-1,011070,skip,period,5face103d188
14921440,2026-09-28 14:21:44,actions-trading,Sim4-1,014285,skip,amount,76cb75fb2807
14921440,2026-09-28 14:21:44,actions-trading,Sim4-1,006110,skip,adx_high,71b2a1019c28
14921440,2026-09-28 14:21:44,actions-trading,Sim4-1,047040,skip,period,1ef678664e89
14921440,2026-09-28 14:21:44,actions-trading,Sim4-1,499790,skip,amount,8b38e0849af7
14921440,2026-09-28 14:21:44,actions-trading,Sim4-1,064960,skip,adx_high,840f3ffec51e
14921440,2026-09-28 14:21:44,actions-trading,Sim4-1,077500,skip,adx_high,5696e402f157
14921440,2026-09-28 14:21:44,actions-trading,Sim4-1,007810,skip,adx_high,9f3a640174fa
14921440,2026-09-28 14:21:44,actions-trading,Sim4-1,025620,skip,amount,74778449f2dd
14921440,2026-09-28 14:21:44,actions-trading,Sim4-1,009835,skip,amount,d3359b757364
14921440,2026-09-28 14:21:44,actions-trading,Sim4-1,006120,skip,adx_high,d1c0ef46f4e6
14921440,2026-09-28 14:21:44,actions-trading,Sim4-1,020120,skip,amount,66d81fce2d87
14921440,2026-09-28 14:21:44,actions-trading,Sim4-1,005070,skip,adx_low,d9cda13415cd
14921440,2026-09-28 14:21:44,actions-trading,Sim4-1,036530,skip,amount,adc59a1b49b3
14921440,2026-09-28 14:21:44,actions-trading,Sim4-1,071950,skip,amount,2108f3790563
14921440,2026-09-28 14:21:44,actions-trading,Sim4-1,210980,skip,amount,a6d46b947c4f
14921440,2026-09-28 14:21:44,actions-trading,Sim4-1,306200,skip,amount,aa6732a43fb1
14921440,2026-09-28 14:21:44,actions-trading,Sim4-1,138040,skip,adx_low,847849df0df6
14921440,2026-09-28 14:21:46,actions-trading,선행매집,047040,skip,below_anchor,1ef678664e89
14921440,2026-09-28 14:21:46,actions-trading,선행매집,009830,skip,below_anchor,5be9195fb990
14921440,2026-09-28 14:21:46,actions-trading,선행매집,005880,skip,below_anchor,0c5fc71cbfd9
14921440,2026-09-28 14:21:46,actions-trading,선행매집,018880,skip,below_anchor,52cb0525a117
14921440,2026-09-28 14:21:46,actions-trading,선행매집,024110,skip,below_anchor,d72d9c7e3413
14921440,2026-09-28 14:21:46,actions-trading,선행매집,088350,skip,below_anchor,deb7d3e1657d
14921440,2026-09-28 14:21:46,actions-trading,선행매집,073240,skip,below_anchor,43c734fe40a1
14921440,2026-09-28 14:21:46,actions-trading,선행매집,003280,skip,below_anchor,259dfc53e6ed
14921440,2026-09-28 14:21:46,actions-trading,선행매집,316140,skip,no_setup,4a84fde978cf
14921440,2026-09-28 14:21:46,actions-trading,선행매집,015760,skip,below_anchor,d9b9e163de2c
14921440,2026-09-28 14:21:46,actions-trading,선행매집,011200,skip,sold_or_cooldown,01642f9554a5
14921440,2026-09-28 14:21:46,actions-trading,선행매집,006360,skip,below_anchor,c780cf1b5072
14921440,2026-09-28 14:21:46,actions-trading,선행매집,004710,skip,below_anchor,275fec3e7839
14921440,2026-09-28 14:21:46,actions-trading,선행매집,096770,skip,held_awaiting_breakout,680a6eca6296
14921440,2026-09-28 14:21:46,actions-trading,선행매집,035420,skip,below_anchor,cd47b2a5a0e4
14921440,2026-09-28 14:21:46,actions-trading,선행매집,032640,skip,below_anchor,fc53c8261509
14921440,2026-09-28 14:21:46,actions-trading,선행매집,003490,skip,sold_or_cooldown,b97eeecd3bd3
14921440,2026-09-28 14:21:46,actions-trading,선행매집,000720,skip,below_anchor,7a42ade38395
14921440,2026-09-28 14:21:46,actions-trading,선행매집,047050,skip,below_anchor,77d4f36b106e
14921440,2026-09-28 14:21:46,actions-trading,선행매집,004020,skip,below_anchor,744540ea325c
14921440,2026-09-28 14:21:46,actions-trading,선행매집,035720,skip,below_anchor,711bd3a60d41
14921440,2026-09-28 14:21:46,actions-trading,선행매집,008970,skip,amount,a85b8ff32dad
14921440,2026-09-28 14:21:46,actions-trading,선행매집,066570,skip,below_anchor,a02ba9c2a3fb
14921440,2026-09-28 14:21:46,actions-trading,선행매집,279570,skip,below_anchor,32be041a655f
14921440,2026-09-28 14:21:46,actions-trading,선행매집,139130,skip,no_setup,c0b85a432f49
14921440,2026-09-28 14:21:46,actions-trading,선행매집,028670,skip,no_setup,57a0590f3ce0
14921440,2026-09-28 14:21:46,actions-trading,선행매집,002360,skip,no_setup,c178a1892aa2
14921440,2026-09-28 14:21:46,actions-trading,선행매집,007810,skip,below_anchor,9f3a640174fa
14921440,2026-09-28 14:21:46,actions-trading,선행매집,323410,skip,below_anchor,5d241b2ee335
14921440,2026-09-28 14:21:46,actions-trading,선행매집,003530,skip,below_anchor,3347397013c5
14921440,2026-09-28 14:21:46,actions-trading,Sim9,_gate,skip,outside_entry_window,e3b0c44298fc
14921440,2026-09-28 14:21:46,actions-trading,Sim9,003580,seen,,9745037e17a3
14921440,2026-09-28 14:21:46,actions-trading,Sim9,044380,seen,,f75d57dff056
14921440,2026-09-28 14:21:46,actions-trading,Sim9,014280,seen,,377c5baa4193
14921440,2026-09-28 14:21:46,actions-trading,Sim9,002360,seen,,c178a1892aa2
14921440,2026-09-28 14:21:46,actions-trading,Sim9,003570,seen,,4e685d65a402
14921440,2026-09-28 14:21:46,actions-trading,Sim9,009830,seen,,5be9195fb990
14921440,2026-09-28 14:21:46,actions-trading,Sim9,001527,seen,,45a23ad91263
14921440,2026-09-28 14:21:46,actions-trading,Sim9,010060,seen,,581691b3bac7
14921440,2026-09-28 14:21:46,actions-trading,Sim9,051630,seen,,f5f2f80254c8
14921440,2026-09-28 14:21:46,actions-trading,Sim9,025560,seen,,0dbe53e5b39a
14921440,2026-09-28 14:21:46,actions-trading,Sim9,004440,seen,,c52389599e72
14921440,2026-09-28 14:21:46,actions-trading,Sim9,004710,seen,,275fec3e7839
14921440,2026-09-28 14:21:46,actions-trading,Sim9,011070,seen,,5face103d188
14921440,2026-09-28 14:21:46,actions-trading,Sim9,014285,seen,,76cb75fb2807
14921440,2026-09-28 14:21:46,actions-trading,Sim9,006110,seen,,71b2a1019c28
14921440,2026-09-28 14:21:46,actions-trading,Sim9,047040,seen,,1ef678664e89
14921440,2026-09-28 14:21:46,actions-trading,Sim9,499790,seen,,8b38e0849af7
14921440,2026-09-28 14:21:46,actions-trading,Sim9,064960,seen,,840f3ffec51e
14921440,2026-09-28 14:21:46,actions-trading,Sim9,077500,seen,,5696e402f157
14921440,2026-09-28 14:21:46,actions-trading,Sim9,007810,seen,,9f3a640174fa
14921440,2026-09-28 14:21:46,actions-trading,Sim9,025620,seen,,74778449f2dd
14921440,2026-09-28 14:21:46,actions-trading,Sim9,009835,seen,,d3359b757364
14921440,2026-09-28 14:21:46,actions-trading,Sim9,006120,seen,,d1c0ef46f4e6
14921440,2026-09-28 14:21:46,actions-trading,Sim9,020120,seen,,66d81fce2d87
14921440,2026-09-28 14:21:46,actions-trading,Sim9,005070,seen,,d9cda13415cd
14921440,2026-09-28 14:21:46,actions-trading,Sim9,036530,seen,,adc59a1b49b3
14921440,2026-09-28 14:21:46,actions-trading,Sim9,071950,seen,,2108f3790563
14921440,2026-09-28 14:21:46,actions-trading,Sim9,210980,seen,,a6d46b947c4f
14921440,2026-09-28 14:21:46,actions-trading,Sim9,306200,seen,,aa6732a43fb1
14921440,2026-09-28 14:21:46,actions-trading,Sim9,138040,seen,,847849df0df6
14921440,2026-09-28 14:21:46,actions-trading,미너비니,192820,skip,below_pivot,6c0fca8b1b6f
14921440,2026-09-28 14:21:46,actions-trading,미너비니,443060,skip,below_pivot,34c7c15bc498
14921440,2026-09-28 14:21:46,actions-trading,Sim12,003580,skip,pb2_not_crashed,9745037e17a3
14921440,2026-09-28 14:21:46,actions-trading,Sim12,044380,skip,avoid_deadcat,f75d57dff056
14921440,2026-09-28 14:21:46,actions-trading,Sim12,014280,skip,pb2_not_crashed,377c5baa4193
14921440,2026-09-28 14:21:46,actions-trading,Sim12,002360,skip,pb2_not_crashed,c178a1892aa2
14921440,2026-09-28 14:21:46,actions-trading,Sim12,003570,skip,avoid_frgn_sell_20d,4e685d65a402
14921440,2026-09-28 14:21:46,actions-trading,Sim12,009830,skip,pb2_not_crashed,5be9195fb990
14921440,2026-09-28 14:21:46,actions-trading,Sim12,001527,skip,avoid_deadcat,45a23ad91263
14921440,2026-09-28 14:21:46,actions-trading,Sim12,010060,skip,pb2_not_crashed,581691b3bac7
14921440,2026-09-28 14:21:46,actions-trading,Sim12,051630,skip,pb2_not_crashed,f5f2f80254c8
14921440,2026-09-28 14:21:46,actions-trading,Sim12,025560,skip,avoid_frgn_sell_20d,0dbe53e5b39a
14921440,2026-09-28 14:21:46,actions-trading,Sim12,004440,skip,avoid_frgn_sell_20d,c52389599e72
14921440,2026-09-28 14:21:46,actions-trading,Sim12,004710,skip,avoid_frgn_sell_20d,275fec3e7839
14921440,2026-09-28 14:21:46,actions-trading,Sim12,011070,skip,avoid_orgn_sell_high_per,5face103d188
14921440,2026-09-28 14:21:46,actions-trading,Sim12,014285,skip,pb2_not_crashed,76cb75fb2807
14921440,2026-09-28 14:21:46,actions-trading,Sim12,006110,skip,avoid_deadcat,71b2a1019c28
14921440,2026-09-28 14:21:46,actions-trading,Sim12,047040,skip,avoid_frgn_sell_20d,1ef678664e89
14921440,2026-09-28 14:21:46,actions-trading,Sim12,499790,skip,avoid_frgn_sell_20d,8b38e0849af7
14921440,2026-09-28 14:21:46,actions-trading,Sim12,064960,skip,avoid_frgn_sell_20d,840f3ffec51e
14921440,2026-09-28 14:21:46,actions-trading,Sim12,077500,skip,pb2_not_crashed,5696e402f157
14921440,2026-09-28 14:21:46,actions-trading,Sim12,007810,skip,avoid_orgn_sell_high_per,9f3a640174fa
14921440,2026-09-28 14:21:46,actions-trading,Sim12,025620,skip,pb2_not_crashed,74778449f2dd
14921440,2026-09-28 14:21:46,actions-trading,Sim12,009835,skip,avoid_frgn_sell_20d,d3359b757364
14921440,2026-09-28 14:21:46,actions-trading,Sim12,006120,skip,avoid_frgn_sell_20d,d1c0ef46f4e6
14921440,2026-09-28 14:21:46,actions-trading,Sim12,020120,skip,avoid_amount_dry,66d81fce2d87
14921440,2026-09-28 14:21:46,actions-trading,Sim12,005070,skip,avoid_frgn_sell_20d,d9cda13415cd
14921440,2026-09-28 14:21:46,actions-trading,Sim12,036530,skip,avoid_frgn_sell_20d,adc59a1b49b3
14921440,2026-09-28 14:21:46,actions-trading,Sim12,071950,skip,avoid_deadcat,2108f3790563
14921440,2026-09-28 14:21:46,actions-trading,Sim12,210980,skip,avoid_amount_dry,a6d46b947c4f
14921440,2026-09-28 14:21:46,actions-trading,Sim12,306200,skip,pb2_not_crashed,aa6732a43fb1
14921440,2026-09-28 14:21:46,actions-trading,Sim12,138040,skip,avoid_frgn_sell_20d,847849df0df6
14921440,2026-09-28 14:21:46,actions-trading,Sim12,014990,skip,avoid_amount_dry,4183d803765c
14921440,2026-09-28 14:21:46,actions-trading,Sim12,109070,skip,pb2_not_crashed,2d084743c65c
14921440,2026-09-28 14:21:46,actions-trading,Sim12,002820,skip,pb2_not_crashed,fec271b135a8
14921440,2026-09-28 14:21:46,actions-trading,Sim12,402340,skip,pb2_not_crashed,847a91cffd2d
14921440,2026-09-28 14:21:46,actions-trading,Sim12,002787,skip,avoid_amount_dry,676f31f2d6c3
14921440,2026-09-28 14:21:46,actions-trading,Sim12,009420,skip,pb2_not_crashed,712e754a88cb
14921440,2026-09-28 14:21:46,actions-trading,Sim12,009190,skip,pb2_no_inst_buying,1e31bb24925b
14921440,2026-09-28 14:21:46,actions-trading,Sim12,028260,skip,pb2_not_crashed,a6f108e6bd09
14921440,2026-09-28 14:21:46,actions-trading,Sim12,034730,skip,pb2_not_crashed,16815fdbd96a
14921440,2026-09-28 14:21:46,actions-trading,Sim12,005935,skip,avoid_frgn_sell_20d,f9d542dd0a22
14921440,2026-09-28 14:21:46,actions-trading,Sim12,000150,skip,avoid_frgn_sell_20d,5619c156d479
14921440,2026-09-28 14:21:46,actions-trading,Sim12,000500,skip,avoid_amount_dry,34d8c1ecc19a
14921440,2026-09-28 14:21:46,actions-trading,Sim12,02826K,skip,pb2_not_crashed,04a14379a9b7
14921440,2026-09-28 14:21:46,actions-trading,Sim12,069960,skip,avoid_amount_dry,ba33f99082d5
14921440,2026-09-28 14:21:46,actions-trading,Sim12,002870,skip,avoid_amount_dry,7db505fcd31d
14921440,2026-09-28 14:21:46,actions-trading,Sim12,011090,skip,avoid_amount_dry,6c6b56eae3ca
14921440,2026-09-28 14:21:46,actions-trading,Sim12,000660,skip,avoid_frgn_sell_20d,3f9a9807e675
14921440,2026-09-28 14:21:46,actions-trading,Sim12,005930,skip,pb2_not_crashed,dc63f7ae3513
14921440,2026-09-28 14:21:46,actions-trading,Sim12,03473K,skip,avoid_frgn_sell_20d,4e503e849a01
14921440,2026-09-28 14:21:46,actions-trading,Sim12,002030,skip,avoid_frgn_sell_20d,25ab7d54a7d7
14921440,2026-09-28 14:21:46,actions-trading,Sim12,007660,skip,pb2_not_crashed,fe8495cabfe0
14921440,2026-09-28 14:21:46,actions-trading,Sim12,192650,skip,avoid_frgn_sell_20d,dc32e1ab2844
14921440,2026-09-28 14:21:46,actions-trading,Sim12,298040,skip,pb2_not_crashed,0ee70c7a8680
14921440,2026-09-28 14:21:46,actions-trading,Sim12,002070,skip,avoid_amount_dry,2b0415071b01
14921440,2026-09-28 14:21:46,actions-trading,Sim12,101140,skip,avoid_amount_dry,7700e3fa5796
14921440,2026-09-28 14:21:46,actions-trading,Sim12,011390,skip,avoid_amount_dry,7b4016d3f27d
14921440,2026-09-28 14:21:46,actions-trading,Sim12,128940,skip,avoid_amount_dry,e4c0c8a0c073
14921440,2026-09-28 14:21:46,actions-trading,Sim12,000760,skip,avoid_amount_dry,d844125ef9a9
14921440,2026-09-28 14:21:46,actions-trading,Sim12,010580,skip,avoid_amount_dry,4175c1ba0af0
14921440,2026-09-28 14:21:46,actions-trading,Sim12,024900,skip,avoid_frgn_sell_20d,efc38d8f0d66
14921440,2026-09-28 14:21:46,actions-trading,Sim13,003580,skip,theme_momentum_weak,9745037e17a3
14921440,2026-09-28 14:21:46,actions-trading,Sim13,044380,skip,theme_momentum_weak,f75d57dff056
14921440,2026-09-28 14:21:46,actions-trading,Sim13,014280,skip,theme_momentum_weak,377c5baa4193
14921440,2026-09-28 14:21:46,actions-trading,Sim13,002360,skip,held_or_cooldown,c178a1892aa2
14921440,2026-09-28 14:21:46,actions-trading,Sim13,003570,skip,theme_momentum_weak,4e685d65a402
14921440,2026-09-28 14:21:46,actions-trading,Sim13,009830,skip,theme_momentum_weak,5be9195fb990
14921440,2026-09-28 14:21:46,actions-trading,Sim13,001527,skip,theme_momentum_weak,45a23ad91263
14921440,2026-09-28 14:21:46,actions-trading,Sim13,010060,skip,theme_momentum_weak,581691b3bac7
14921440,2026-09-28 14:21:46,actions-trading,Sim13,051630,skip,adx_weak,f5f2f80254c8
14921440,2026-09-28 14:21:46,actions-trading,Sim13,025560,skip,theme_momentum_weak,0dbe53e5b39a
14921440,2026-09-28 14:21:46,actions-trading,Sim13,004440,skip,theme_momentum_weak,c52389599e72
14921440,2026-09-28 14:21:46,actions-trading,Sim13,004710,skip,no_frgn_support,275fec3e7839
14921440,2026-09-28 14:21:46,actions-trading,Sim13,011070,skip,theme_momentum_weak,5face103d188
14921440,2026-09-28 14:21:46,actions-trading,Sim13,014285,skip,theme_momentum_weak,76cb75fb2807
14921440,2026-09-28 14:21:46,actions-trading,Sim13,006110,skip,theme_momentum_weak,71b2a1019c28
14921440,2026-09-28 14:21:46,actions-trading,Sim13,047040,skip,theme_momentum_weak,1ef678664e89
14921440,2026-09-28 14:21:46,actions-trading,Sim13,499790,skip,theme_momentum_weak,8b38e0849af7
14921440,2026-09-28 14:21:46,actions-trading,Sim13,064960,skip,theme_momentum_weak,840f3ffec51e
14921440,2026-09-28 14:21:46,actions-trading,Sim13,077500,skip,held_or_cooldown,5696e402f157
14921440,2026-09-28 14:21:46,actions-trading,Sim13,007810,skip,theme_momentum_weak,9f3a640174fa
14921440,2026-09-28 14:21:46,actions-trading,Sim13,025620,skip,theme_momentum_weak,74778449f2dd
14921440,2026-09-28 14:21:46,actions-trading,Sim13,009835,skip,theme_momentum_weak,d3359b757364
14921440,2026-09-28 14:21:46,actions-trading,Sim13,006120,skip,no_frgn_support,d1c0ef46f4e6
14921440,2026-09-28 14:21:46,actions-trading,Sim13,020120,skip,adx_weak,66d81fce2d87
14921440,2026-09-28 14:21:46,actions-trading,Sim13,005070,skip,theme_momentum_weak,d9cda13415cd
14921440,2026-09-28 14:21:46,actions-trading,Sim13,036530,skip,theme_momentum_weak,adc59a1b49b3
14921440,2026-09-28 14:21:46,actions-trading,Sim13,071950,skip,theme_momentum_weak,2108f3790563
14921440,2026-09-28 14:21:46,actions-trading,Sim13,210980,skip,theme_momentum_weak,a6d46b947c4f
14921440,2026-09-28 14:21:46,actions-trading,Sim13,306200,skip,theme_momentum_weak,aa6732a43fb1
14921440,2026-09-28 14:21:46,actions-trading,Sim13,138040,skip,theme_momentum_weak,847849df0df6
14921441,2026-09-28 14:22:57,actions-trading,Sim3,402340,skip,qty_zero,d94d85e021d1
14921441,2026-09-28 14:22:57,actions-trading,Sim3,383800,skip,amount,e25b9db358ad
14921441,2026-09-28 14:22:57,actions-trading,Sim3,462870,skip,amount,9cc95dc9a4f2
14921441,2026-09-28 14:22:57,actions-trading,Sim3,000660,skip,qty_zero,71165742aaec
14921441,2026-09-28 14:22:57,actions-trading,Sim3,071970,skip,amount,45629481b260
14921441,2026-09-28 14:22:57,actions-trading,Sim3,042700,skip,not_cheap,4e4d7a2df5b0
14921441,2026-09-28 14:22:57,actions-trading,Sim3,326030,skip,amount,5cd23616f9be
14921441,2026-09-28 14:22:57,actions-trading,Sim3,207940,skip,not_cheap,d8c10f5a3b8f
14921441,2026-09-28 14:22:57,actions-trading,Sim3,033920,skip,amount,969bc7b30d10
14921441,2026-09-28 14:22:57,actions-trading,Sim3,004770,skip,amount,17f1796077dc
14921441,2026-09-28 14:22:57,actions-trading,Sim3,0126Z0,skip,not_cheap,72036ab8a000
14921441,2026-09-28 14:22:57,actions-trading,Sim3,062040,skip,not_cheap,afbabe20f112
14921441,2026-09-28 14:22:57,actions-trading,Sim3,317450,skip,amount,1cbd82262ff2
14921441,2026-09-28 14:22:57,actions-trading,Sim3,026960,skip,amount,48598e2c3476
14921441,2026-09-28 14:22:57,actions-trading,Sim3,021820,skip,amount,dbcca766f3b2
14921441,2026-09-28 14:22:57,actions-trading,Sim3,192080,skip,amount,d13a1716fa68
14921441,2026-09-28 14:22:57,actions-trading,Sim3,068270,skip,cooldown,b846e3d2afc6
14921441,2026-09-28 14:22:57,actions-trading,Sim3,123890,skip,amount,c7258eadc774
14921441,2026-09-28 14:22:57,actions-trading,Sim3,000240,skip,amount,47446fce0d99
14921441,2026-09-28 14:22:57,actions-trading,Sim3,002380,skip,cooldown,24a31dcc5390
14921441,2026-09-28 14:22:57,actions-trading,Sim3,009770,skip,amount,4ae1f694d7a7
14921441,2026-09-28 14:22:57,actions-trading,Sim3,259960,skip,cooldown,948b55776f44
14921441,2026-09-28 14:22:57,actions-trading,Sim3,035250,skip,amount,425f25edf454
14921441,2026-09-28 14:22:57,actions-trading,Sim3,383220,skip,amount,ae44876f0c02
14921441,2026-09-28 14:22:57,actions-trading,Sim3,226320,skip,amount,b584fa337e7b
14921441,2026-09-28 14:22:57,actions-trading,Sim3,439260,skip,amount,17fee5f5571b
14921441,2026-09-28 14:22:57,actions-trading,Sim3,025560,skip,cooldown,bd4f6a16deda
14921441,2026-09-28 14:22:57,actions-trading,Sim3,007700,skip,amount,e711320b8da6
14921441,2026-09-28 14:22:57,actions-trading,Sim3,278470,skip,not_cheap,e43f9fef27f4
14921441,2026-09-28 14:22:57,actions-trading,Sim3,000990,skip,not_cheap,6dc0e0f7f243
14921441,2026-09-28 14:23:33,actions-trading,MFHS2,047040,skip,max_holdings,6d990f4621e7
14921441,2026-09-28 14:23:33,actions-trading,MFHS2,005880,seen,,59ed10c5ff97
14921441,2026-09-28 14:23:33,actions-trading,MFHS2,024110,seen,,de11a665bad4
14921441,2026-09-28 14:23:33,actions-trading,MFHS2,009830,seen,,53a7033b391b
14921441,2026-09-28 14:23:33,actions-trading,MFHS2,018880,seen,,3b48e2c56e10
14921441,2026-09-28 14:23:33,actions-trading,MFHS2,316140,seen,,c50aa92c7183
14921441,2026-09-28 14:23:33,actions-trading,MFHS2,088350,seen,,91304d2cb982
14921441,2026-09-28 14:23:33,actions-trading,MFHS2,003280,seen,,a661d791800c
14921441,2026-09-28 14:23:33,actions-trading,MFHS2,006360,seen,,9b674258d515
14921441,2026-09-28 14:23:33,actions-trading,MFHS2,073240,seen,,aebeddcf9858
14921441,2026-09-28 14:23:33,actions-trading,MFHS2,011200,seen,,f396bc32916b
14921441,2026-09-28 14:23:33,actions-trading,MFHS2,004020,seen,,afe519936d5f
14921441,2026-09-28 14:23:33,actions-trading,MFHS2,015760,seen,,05e722ba04a9
14921441,2026-09-28 14:23:33,actions-trading,MFHS2,032640,seen,,c718f1d11c5f
14921441,2026-09-28 14:23:33,actions-trading,MFHS2,003490,seen,,82025f8b1bd5
14921441,2026-09-28 14:23:33,actions-trading,MFHS2,279570,seen,,0a841db856e8
14921441,2026-09-28 14:23:33,actions-trading,MFHS2,096770,seen,,6945e95f0753
14921441,2026-09-28 14:23:33,actions-trading,MFHS2,047050,seen,,9690aa3a2521
14921441,2026-09-28 14:23:33,actions-trading,MFHS2,323410,seen,,37f877a9c6bf
14921441,2026-09-28 14:23:33,actions-trading,MFHS2,035420,seen,,21b4dab523d7
14921441,2026-09-28 14:23:33,actions-trading,MFHS2,004710,seen,,2f139cf323ab
14921441,2026-09-28 14:23:33,actions-trading,MFHS2,008970,seen,,b64f89f64233
14921441,2026-09-28 14:23:33,actions-trading,MFHS2,139130,seen,,e136da771101
14921441,2026-09-28 14:23:33,actions-trading,MFHS2,007810,seen,,caf2bc24e3d1
14921441,2026-09-28 14:23:33,actions-trading,MFHS2,035720,seen,,9365248f784b
14921441,2026-09-28 14:23:33,actions-trading,MFHS2,003530,seen,,11e0e30c7f67
14921441,2026-09-28 14:23:33,actions-trading,MFHS2,000720,seen,,1d9fe220defa
14921441,2026-09-28 14:23:33,actions-trading,MFHS2,051630,seen,,e380a48ec5b9
14921441,2026-09-28 14:23:33,actions-trading,MFHS2,002360,seen,,e774b6aa44f9
14921441,2026-09-28 14:23:33,actions-trading,MFHS2,028670,seen,,d6b5800be62b
14921441,2026-09-28 14:23:36,actions-trading,상승모멘텀,003580,skip,max_holdings,9745037e17a3
14921441,2026-09-28 14:23:36,actions-trading,상승모멘텀,044380,seen,,f8d12f2b1258
14921441,2026-09-28 14:23:36,actions-trading,상승모멘텀,014280,seen,,adc5c5576a57
14921441,2026-09-28 14:23:36,actions-trading,상승모멘텀,002360,seen,,e774b6aa44f9
14921441,2026-09-28 14:23:36,actions-trading,상승모멘텀,009830,seen,,53a7033b391b
14921441,2026-09-28 14:23:36,actions-trading,상승모멘텀,003570,seen,,cf482968b9a5
14921441,2026-09-28 14:23:36,actions-trading,상승모멘텀,001527,seen,,45a23ad91263
14921441,2026-09-28 14:23:36,actions-trading,상승모멘텀,010060,seen,,10bd7fdf002a
14921441,2026-09-28 14:23:36,actions-trading,상승모멘텀,025560,seen,,15e70b83ca11
14921441,2026-09-28 14:23:36,actions-trading,상승모멘텀,051630,seen,,e380a48ec5b9
14921441,2026-09-28 14:23:36,actions-trading,상승모멘텀,004710,seen,,2f139cf323ab
14921441,2026-09-28 14:23:36,actions-trading,상승모멘텀,011070,seen,,2e01561e8fab
14921441,2026-09-28 14:23:36,actions-trading,상승모멘텀,004440,seen,,1220ecee17a2
14921441,2026-09-28 14:23:36,actions-trading,상승모멘텀,006110,seen,,58dafa37c7e1
14921441,2026-09-28 14:23:36,actions-trading,상승모멘텀,009835,seen,,c8e7398bf020
14921441,2026-09-28 14:23:36,actions-trading,상승모멘텀,014285,seen,,76cb75fb2807
14921441,2026-09-28 14:23:36,actions-trading,상승모멘텀,499790,seen,,338f3de6dc77
14921441,2026-09-28 14:23:36,actions-trading,상승모멘텀,047040,seen,,6d990f4621e7
14921441,2026-09-28 14:23:36,actions-trading,상승모멘텀,007810,seen,,caf2bc24e3d1
14921441,2026-09-28 14:23:36,actions-trading,상승모멘텀,064960,seen,,197260a8e12a
14921441,2026-09-28 14:23:36,actions-trading,상승모멘텀,077500,seen,,19ebb771311c
14921441,2026-09-28 14:23:36,actions-trading,상승모멘텀,025620,seen,,74778449f2dd
14921441,2026-09-28 14:23:36,actions-trading,상승모멘텀,020120,seen,,29162e9aa1f8
14921441,2026-09-28 14:23:36,actions-trading,상승모멘텀,071950,seen,,2108f3790563
14921441,2026-09-28 14:23:36,actions-trading,상승모멘텀,005070,seen,,d15ba2f8281f
14921441,2026-09-28 14:23:36,actions-trading,상승모멘텀,036530,seen,,5f9fa676cd35
14921441,2026-09-28 14:23:36,actions-trading,상승모멘텀,006120,seen,,d316c4657523
14921441,2026-09-28 14:23:36,actions-trading,상승모멘텀,306200,seen,,49d1f6917f76
14921441,2026-09-28 14:23:36,actions-trading,상승모멘텀,138040,seen,,383bddb3b654
14921441,2026-09-28 14:23:36,actions-trading,상승모멘텀,361610,seen,,e02ad1514a0b
14921441,2026-09-28 14:23:36,actions-trading,Sim4-1,003580,skip,amount,9745037e17a3
14921441,2026-09-28 14:23:36,actions-trading,Sim4-1,044380,skip,amount,f8d12f2b1258
14921441,2026-09-28 14:23:36,actions-trading,Sim4-1,014280,skip,adx_low,adc5c5576a57
14921441,2026-09-28 14:23:36,actions-trading,Sim4-1,002360,skip,held_or_cooldown,e774b6aa44f9
14921441,2026-09-28 14:23:36,actions-trading,Sim4-1,009830,skip,period,53a7033b391b
14921441,2026-09-28 14:23:36,actions-trading,Sim4-1,003570,skip,adx_high,cf482968b9a5
14921441,2026-09-28 14:23:36,actions-trading,Sim4-1,001527,skip,amount,45a23ad91263
14921441,2026-09-28 14:23:36,actions-trading,Sim4-1,010060,skip,adx_low,10bd7fdf002a
14921441,2026-09-28 14:23:36,actions-trading,Sim4-1,025560,skip,adx_high,15e70b83ca11
14921441,2026-09-28 14:23:36,actions-trading,Sim4-1,051630,skip,amount,e380a48ec5b9
14921441,2026-09-28 14:23:36,actions-trading,Sim4-1,004710,skip,held_or_cooldown,2f139cf323ab
14921441,2026-09-28 14:23:36,actions-trading,Sim4-1,011070,skip,period,2e01561e8fab
14921441,2026-09-28 14:23:36,actions-trading,Sim4-1,004440,skip,amount,1220ecee17a2
14921441,2026-09-28 14:23:36,actions-trading,Sim4-1,006110,skip,adx_high,58dafa37c7e1
14921441,2026-09-28 14:23:36,actions-trading,Sim4-1,009835,skip,amount,c8e7398bf020
14921441,2026-09-28 14:23:36,actions-trading,Sim4-1,014285,skip,amount,76cb75fb2807
14921441,2026-09-28 14:23:36,actions-trading,Sim4-1,499790,skip,amount,338f3de6dc77
14921441,2026-09-28 14:23:36,actions-trading,Sim4-1,047040,skip,period,6d990f4621e7
14921441,2026-09-28 14:23:36,actions-trading,Sim4-1,007810,skip,adx_high,caf2bc24e3d1
14921441,2026-09-28 14:23:36,actions-trading,Sim4-1,064960,skip,adx_high,197260a8e12a
14921441,2026-09-28 14:23:36,actions-trading,Sim4-1,077500,skip,adx_high,19ebb771311c
14921441,2026-09-28 14:23:36,actions-trading,Sim4-1,025620,skip,amount,74778449f2dd
14921441,2026-09-28 14:23:36,actions-trading,Sim4-1,020120,skip,amount,29162e9aa1f8
14921441,2026-09-28 14:23:36,actions-trading,Sim4-1,071950,skip,amount,2108f3790563
14921441,2026-09-28 14:23:36,actions-trading,Sim4-1,005070,skip,adx_low,d15ba2f8281f
14921441,2026-09-28 14:23:36,actions-trading,Sim4-1,036530,skip,amount,5f9fa676cd35
14921441,2026-09-28 14:23:36,actions-trading,Sim4-1,006120,skip,adx_high,d316c4657523
14921441,2026-09-28 14:23:36,actions-trading,Sim4-1,306200,skip,amount,49d1f6917f76
14921441,2026-09-28 14:23:36,actions-trading,Sim4-1,138040,skip,adx_low,383bddb3b654
14921441,2026-09-28 14:23:36,actions-trading,Sim4-1,361610,skip,adx_high,e02ad1514a0b
14921441,2026-09-28 14:23:38,actions-trading,선행매집,047040,skip,below_anchor,6d990f4621e7
14921441,2026-09-28 14:23:38,actions-trading,선행매집,009830,skip,below_anchor,53a7033b391b
14921441,2026-09-28 14:23:38,actions-trading,선행매집,005880,skip,below_anchor,59ed10c5ff97
14921441,2026-09-28 14:23:38,actions-trading,선행매집,018880,skip,below_anchor,3b48e2c56e10
14921441,2026-09-28 14:23:38,actions-trading,선행매집,024110,skip,below_anchor,de11a665bad4
14921441,2026-09-28 14:23:38,actions-trading,선행매집,088350,skip,below_anchor,91304d2cb982
14921441,2026-09-28 14:23:38,actions-trading,선행매집,073240,skip,below_anchor,aebeddcf9858
14921441,2026-09-28 14:23:38,actions-trading,선행매집,003280,skip,below_anchor,a661d791800c
14921441,2026-09-28 14:23:38,actions-trading,선행매집,316140,skip,no_setup,c50aa92c7183
14921441,2026-09-28 14:23:38,actions-trading,선행매집,015760,skip,below_anchor,05e722ba04a9
14921441,2026-09-28 14:23:38,actions-trading,선행매집,011200,skip,sold_or_cooldown,f396bc32916b
14921441,2026-09-28 14:23:38,actions-trading,선행매집,006360,skip,below_anchor,9b674258d515
14921441,2026-09-28 14:23:38,actions-trading,선행매집,004710,skip,below_anchor,2f139cf323ab
14921441,2026-09-28 14:23:38,actions-trading,선행매집,096770,skip,held_awaiting_breakout,6945e95f0753
14921441,2026-09-28 14:23:38,actions-trading,선행매집,035420,skip,below_anchor,21b4dab523d7
14921441,2026-09-28 14:23:38,actions-trading,선행매집,032640,skip,below_anchor,c718f1d11c5f
14921441,2026-09-28 14:23:38,actions-trading,선행매집,003490,skip,sold_or_cooldown,82025f8b1bd5
14921441,2026-09-28 14:23:38,actions-trading,선행매집,000720,skip,below_anchor,1d9fe220defa
14921441,2026-09-28 14:23:38,actions-trading,선행매집,047050,skip,below_anchor,9690aa3a2521
14921441,2026-09-28 14:23:38,actions-trading,선행매집,004020,skip,below_anchor,afe519936d5f
14921441,2026-09-28 14:23:38,actions-trading,선행매집,035720,skip,below_anchor,9365248f784b
14921441,2026-09-28 14:23:38,actions-trading,선행매집,008970,skip,amount,b64f89f64233
14921441,2026-09-28 14:23:38,actions-trading,선행매집,066570,skip,below_anchor,7ca3b7fdb4ff
14921441,2026-09-28 14:23:38,actions-trading,선행매집,279570,skip,below_anchor,0a841db856e8
14921441,2026-09-28 14:23:38,actions-trading,선행매집,139130,skip,no_setup,e136da771101
14921441,2026-09-28 14:23:38,actions-trading,선행매집,028670,skip,no_setup,d6b5800be62b
14921441,2026-09-28 14:23:38,actions-trading,선행매집,002360,skip,no_setup,e774b6aa44f9
14921441,2026-09-28 14:23:38,actions-trading,선행매집,007810,skip,below_anchor,caf2bc24e3d1
14921441,2026-09-28 14:23:38,actions-trading,선행매집,323410,skip,below_anchor,37f877a9c6bf
14921441,2026-09-28 14:23:38,actions-trading,선행매집,003530,skip,below_anchor,11e0e30c7f67
14921441,2026-09-28 14:23:38,actions-trading,Sim9,_gate,skip,outside_entry_window,e3b0c44298fc
14921441,2026-09-28 14:23:38,actions-trading,Sim9,003580,seen,,9745037e17a3
14921441,2026-09-28 14:23:38,actions-trading,Sim9,044380,seen,,f8d12f2b1258
14921441,2026-09-28 14:23:38,actions-trading,Sim9,014280,seen,,adc5c5576a57
14921441,2026-09-28 14:23:38,actions-trading,Sim9,002360,seen,,e774b6aa44f9
14921441,2026-09-28 14:23:38,actions-trading,Sim9,009830,seen,,53a7033b391b
14921441,2026-09-28 14:23:38,actions-trading,Sim9,003570,seen,,cf482968b9a5
14921441,2026-09-28 14:23:38,actions-trading,Sim9,001527,seen,,45a23ad91263
14921441,2026-09-28 14:23:38,actions-trading,Sim9,010060,seen,,10bd7fdf002a
14921441,2026-09-28 14:23:38,actions-trading,Sim9,025560,seen,,15e70b83ca11
14921441,2026-09-28 14:23:38,actions-trading,Sim9,051630,seen,,e380a48ec5b9
14921441,2026-09-28 14:23:38,actions-trading,Sim9,004710,seen,,2f139cf323ab
14921441,2026-09-28 14:23:38,actions-trading,Sim9,011070,seen,,2e01561e8fab
14921441,2026-09-28 14:23:38,actions-trading,Sim9,004440,seen,,1220ecee17a2
14921441,2026-09-28 14:23:38,actions-trading,Sim9,006110,seen,,58dafa37c7e1
14921441,2026-09-28 14:23:38,actions-trading,Sim9,009835,seen,,c8e7398bf020
14921441,2026-09-28 14:23:38,actions-trading,Sim9,014285,seen,,76cb75fb2807
14921441,2026-09-28 14:23:38,actions-trading,Sim9,499790,seen,,338f3de6dc77
14921441,2026-09-28 14:23:38,actions-trading,Sim9,047040,seen,,6d990f4621e7
14921441,2026-09-28 14:23:38,actions-trading,Sim9,007810,seen,,caf2bc24e3d1
14921441,2026-09-28 14:23:38,actions-trading,Sim9,064960,seen,,197260a8e12a
14921441,2026-09-28 14:23:38,actions-trading,Sim9,077500,seen,,19ebb771311c
14921441,2026-09-28 14:23:38,actions-trading,Sim9,025620,seen,,74778449f2dd
14921441,2026-09-28 14:23:38,actions-trading,Sim9,020120,seen,,29162e9aa1f8
14921441,2026-09-28 14:23:38,actions-trading,Sim9,071950,seen,,2108f3790563
14921441,2026-09-28 14:23:38,actions-trading,Sim9,005070,seen,,d15ba2f8281f
14921441,2026-09-28 14:23:38,actions-trading,Sim9,036530,seen,,5f9fa676cd35
14921441,2026-09-28 14:23:38,actions-trading,Sim9,006120,seen,,d316c4657523
14921441,2026-09-28 14:23:38,actions-trading,Sim9,306200,seen,,49d1f6917f76
14921441,2026-09-28 14:23:38,actions-trading,Sim9,138040,seen,,383bddb3b654
14921441,2026-09-28 14:23:38,actions-trading,Sim9,361610,seen,,e02ad1514a0b
14921441,2026-09-28 14:23:38,actions-trading,미너비니,192820,skip,below_pivot,177de9abebee
14921441,2026-09-28 14:23:38,actions-trading,미너비니,443060,skip,below_pivot,f48116577c7f
14921441,2026-09-28 14:23:38,actions-trading,Sim12,003580,skip,pb2_not_crashed,9745037e17a3
14921441,2026-09-28 14:23:38,actions-trading,Sim12,044380,skip,avoid_deadcat,f8d12f2b1258
14921441,2026-09-28 14:23:38,actions-trading,Sim12,014280,skip,pb2_not_crashed,adc5c5576a57
14921441,2026-09-28 14:23:38,actions-trading,Sim12,002360,skip,pb2_not_crashed,e774b6aa44f9
14921441,2026-09-28 14:23:38,actions-trading,Sim12,009830,skip,pb2_not_crashed,53a7033b391b
14921441,2026-09-28 14:23:38,actions-trading,Sim12,003570,skip,avoid_frgn_sell_20d,cf482968b9a5
14921441,2026-09-28 14:23:38,actions-trading,Sim12,001527,skip,avoid_deadcat,45a23ad91263
14921441,2026-09-28 14:23:38,actions-trading,Sim12,010060,skip,pb2_not_crashed,10bd7fdf002a
14921441,2026-09-28 14:23:38,actions-trading,Sim12,025560,skip,avoid_frgn_sell_20d,15e70b83ca11
14921441,2026-09-28 14:23:38,actions-trading,Sim12,051630,skip,pb2_not_crashed,e380a48ec5b9
14921441,2026-09-28 14:23:38,actions-trading,Sim12,004710,skip,avoid_frgn_sell_20d,2f139cf323ab
14921441,2026-09-28 14:23:38,actions-trading,Sim12,011070,skip,avoid_orgn_sell_high_per,2e01561e8fab
14921441,2026-09-28 14:23:38,actions-trading,Sim12,004440,skip,avoid_frgn_sell_20d,1220ecee17a2
14921441,2026-09-28 14:23:38,actions-trading,Sim12,006110,skip,avoid_deadcat,58dafa37c7e1
14921441,2026-09-28 14:23:38,actions-trading,Sim12,009835,skip,avoid_frgn_sell_20d,c8e7398bf020
14921441,2026-09-28 14:23:38,actions-trading,Sim12,014285,skip,pb2_not_crashed,76cb75fb2807
14921441,2026-09-28 14:23:38,actions-trading,Sim12,499790,skip,avoid_frgn_sell_20d,338f3de6dc77
14921441,2026-09-28 14:23:38,actions-trading,Sim12,047040,skip,avoid_frgn_sell_20d,6d990f4621e7
14921441,2026-09-28 14:23:38,actions-trading,Sim12,007810,skip,avoid_orgn_sell_high_per,caf2bc24e3d1
14921441,2026-09-28 14:23:38,actions-trading,Sim12,064960,skip,avoid_frgn_sell_20d,197260a8e12a
14921441,2026-09-28 14:23:38,actions-trading,Sim12,077500,skip,pb2_not_crashed,19ebb771311c
14921441,2026-09-28 14:23:38,actions-trading,Sim12,025620,skip,pb2_not_crashed,74778449f2dd
14921441,2026-09-28 14:23:38,actions-trading,Sim12,020120,skip,avoid_amount_dry,29162e9aa1f8
14921441,2026-09-28 14:23:38,actions-trading,Sim12,071950,skip,avoid_deadcat,2108f3790563
14921441,2026-09-28 14:23:38,actions-trading,Sim12,005070,skip,avoid_frgn_sell_20d,d15ba2f8281f
14921441,2026-09-28 14:23:38,actions-trading,Sim12,036530,skip,avoid_frgn_sell_20d,5f9fa676cd35
14921441,2026-09-28 14:23:38,actions-trading,Sim12,006120,skip,avoid_frgn_sell_20d,d316c4657523
14921441,2026-09-28 14:23:38,actions-trading,Sim12,306200,skip,pb2_not_crashed,49d1f6917f76
14921441,2026-09-28 14:23:38,actions-trading,Sim12,138040,skip,avoid_frgn_sell_20d,383bddb3b654
14921441,2026-09-28 14:23:38,actions-trading,Sim12,361610,skip,pb2_not_crashed,e02ad1514a0b
14921441,2026-09-28 14:23:38,actions-trading,Sim12,109070,skip,pb2_not_crashed,a434894c69d2
14921441,2026-09-28 14:23:38,actions-trading,Sim12,014990,skip,avoid_amount_dry,ae726692ad83
14921441,2026-09-28 14:23:38,actions-trading,Sim12,002820,skip,pb2_not_crashed,fec271b135a8
14921441,2026-09-28 14:23:38,actions-trading,Sim12,402340,skip,pb2_not_crashed,d7fa1a8ca7bb
14921441,2026-09-28 14:23:38,actions-trading,Sim12,002787,skip,avoid_amount_dry,676f31f2d6c3
14921441,2026-09-28 14:23:38,actions-trading,Sim12,009420,skip,pb2_not_crashed,2fc44829ec79
14921441,2026-09-28 14:23:38,actions-trading,Sim12,009190,skip,pb2_no_inst_buying,cdce55ddb87d
14921441,2026-09-28 14:23:38,actions-trading,Sim12,028260,skip,pb2_not_crashed,34d0a7d46a9e
14921441,2026-09-28 14:23:38,actions-trading,Sim12,02826K,skip,pb2_not_crashed,20c037fb15b0
14921441,2026-09-28 14:23:38,actions-trading,Sim12,034730,skip,pb2_not_crashed,0a020d57c3d4
14921441,2026-09-28 14:23:38,actions-trading,Sim12,000150,skip,avoid_frgn_sell_20d,f026aa08b352
14921441,2026-09-28 14:23:38,actions-trading,Sim12,000500,skip,avoid_amount_dry,1931dbfba4d8
14921441,2026-09-28 14:23:38,actions-trading,Sim12,005935,skip,avoid_frgn_sell_20d,f635502c606b
14921441,2026-09-28 14:23:38,actions-trading,Sim12,011090,skip,avoid_amount_dry,1388cb89c8e1
14921441,2026-09-28 14:23:38,actions-trading,Sim12,069960,skip,avoid_amount_dry,95ff9090f79d
14921441,2026-09-28 14:23:38,actions-trading,Sim12,000660,skip,avoid_frgn_sell_20d,4cd72b3e9ab4
14921441,2026-09-28 14:23:38,actions-trading,Sim12,005930,skip,pb2_not_crashed,52695d439fd3
14921441,2026-09-28 14:23:38,actions-trading,Sim12,03473K,skip,avoid_frgn_sell_20d,4e503e849a01
14921441,2026-09-28 14:23:38,actions-trading,Sim12,002870,skip,avoid_amount_dry,c3387461ff54
14921441,2026-09-28 14:23:38,actions-trading,Sim12,007660,skip,pb2_not_crashed,061ec14aad6f
14921441,2026-09-28 14:23:38,actions-trading,Sim12,002070,skip,avoid_amount_dry,0007193d8777
14921441,2026-09-28 14:23:38,actions-trading,Sim12,192650,skip,avoid_frgn_sell_20d,520ea8fe08ae
14921441,2026-09-28 14:23:38,actions-trading,Sim12,298040,skip,pb2_not_crashed,ca6d32f14858
14921441,2026-09-28 14:23:38,actions-trading,Sim12,101140,skip,avoid_amount_dry,7700e3fa5796
14921441,2026-09-28 14:23:38,actions-trading,Sim12,011390,skip,avoid_amount_dry,7b4016d3f27d
14921441,2026-09-28 14:23:38,actions-trading,Sim12,128940,skip,avoid_amount_dry,3010c83481cf
14921441,2026-09-28 14:23:38,actions-trading,Sim12,010580,skip,avoid_amount_dry,df3a3cc23941
14921441,2026-09-28 14:23:38,actions-trading,Sim12,002030,skip,avoid_frgn_sell_20d,3e840c4f689e
14921441,2026-09-28 14:23:38,actions-trading,Sim12,000760,skip,avoid_amount_dry,d844125ef9a9
14921441,2026-09-28 14:23:38,actions-trading,Sim12,044820,skip,avoid_amount_dry,44953860f6f6
14921441,2026-09-28 14:23:39,actions-trading,Sim13,003580,skip,theme_momentum_weak,9745037e17a3
14921441,2026-09-28 14:23:39,actions-trading,Sim13,044380,skip,theme_momentum_weak,f8d12f2b1258
14921441,2026-09-28 14:23:39,actions-trading,Sim13,014280,skip,theme_momentum_weak,adc5c5576a57
14921441,2026-09-28 14:23:39,actions-trading,Sim13,002360,skip,held_or_cooldown,e774b6aa44f9
14921441,2026-09-28 14:23:39,actions-trading,Sim13,009830,skip,theme_momentum_weak,53a7033b391b
14921441,2026-09-28 14:23:39,actions-trading,Sim13,003570,skip,theme_momentum_weak,cf482968b9a5
14921441,2026-09-28 14:23:39,actions-trading,Sim13,001527,skip,theme_momentum_weak,45a23ad91263
14921441,2026-09-28 14:23:39,actions-trading,Sim13,010060,skip,theme_momentum_weak,10bd7fdf002a
14921441,2026-09-28 14:23:39,actions-trading,Sim13,025560,skip,theme_momentum_weak,15e70b83ca11
14921441,2026-09-28 14:23:39,actions-trading,Sim13,051630,skip,adx_weak,e380a48ec5b9
14921441,2026-09-28 14:23:39,actions-trading,Sim13,004710,skip,no_frgn_support,2f139cf323ab
14921441,2026-09-28 14:23:39,actions-trading,Sim13,011070,skip,theme_momentum_weak,2e01561e8fab
14921441,2026-09-28 14:23:39,actions-trading,Sim13,004440,skip,theme_momentum_weak,1220ecee17a2
14921441,2026-09-28 14:23:39,actions-trading,Sim13,006110,skip,theme_momentum_weak,58dafa37c7e1
14921441,2026-09-28 14:23:39,actions-trading,Sim13,009835,skip,theme_momentum_weak,c8e7398bf020
14921441,2026-09-28 14:23:39,actions-trading,Sim13,014285,skip,theme_momentum_weak,76cb75fb2807
14921441,2026-09-28 14:23:39,actions-trading,Sim13,499790,skip,theme_momentum_weak,338f3de6dc77
14921441,2026-09-28 14:23:39,actions-trading,Sim13,047040,skip,theme_momentum_weak,6d990f4621e7
14921441,2026-09-28 14:23:39,actions-trading,Sim13,007810,skip,theme_momentum_weak,caf2bc24e3d1
14921441,2026-09-28 14:23:39,actions-trading,Sim13,064960,skip,theme_momentum_weak,197260a8e12a
14921441,2026-09-28 14:23:39,actions-trading,Sim13,077500,skip,held_or_cooldown,19ebb771311c
14921441,2026-09-28 14:23:39,actions-trading,Sim13,025620,skip,theme_momentum_weak,74778449f2dd
14921441,2026-09-28 14:23:39,actions-trading,Sim13,020120,skip,adx_weak,29162e9aa1f8
14921441,2026-09-28 14:23:39,actions-trading,Sim13,071950,skip,theme_momentum_weak,2108f3790563
14921441,2026-09-28 14:23:39,actions-trading,Sim13,005070,skip,theme_momentum_weak,d15ba2f8281f
14921441,2026-09-28 14:23:39,actions-trading,Sim13,036530,skip,theme_momentum_weak,5f9fa676cd35
14921441,2026-09-28 14:23:39,actions-trading,Sim13,006120,skip,no_frgn_support,d316c4657523
14921441,2026-09-28 14:23:39,actions-trading,Sim13,306200,skip,theme_momentum_weak,49d1f6917f76
14921441,2026-09-28 14:23:39,actions-trading,Sim13,138040,skip,theme_momentum_weak,383bddb3b654
14921441,2026-09-28 14:23:39,actions-trading,Sim13,361610,skip,theme_momentum_weak,e02ad1514a0b
14921442,2026-09-28 14:24:57,actions-trading,Sim3,402340,skip,qty_zero,a44a0e3372ec
14921442,2026-09-28 14:24:57,actions-trading,Sim3,383800,skip,amount,07f46c38a389
14921442,2026-09-28 14:24:57,actions-trading,Sim3,462870,skip,amount,6909c65d1859
14921442,2026-09-28 14:24:57,actions-trading,Sim3,000660,skip,qty_zero,97f3cc758a25
14921442,2026-09-28 14:24:57,actions-trading,Sim3,071970,skip,amount,bd2a2f2497b3
14921442,2026-09-28 14:24:57,actions-trading,Sim3,042700,skip,not_cheap,236ef213cee0
14921442,2026-09-28 14:24:57,actions-trading,Sim3,326030,skip,amount,7d6326fb49d8
14921442,2026-09-28 14:24:57,actions-trading,Sim3,207940,skip,not_cheap,0415a4e96d2c
14921442,2026-09-28 14:24:57,actions-trading,Sim3,033920,skip,amount,51ad037f8574
14921442,2026-09-28 14:24:57,actions-trading,Sim3,004770,skip,amount,3b53fe5a5e09
14921442,2026-09-28 14:24:57,actions-trading,Sim3,0126Z0,skip,not_cheap,baef3c1f5e91
14921442,2026-09-28 14:24:57,actions-trading,Sim3,062040,skip,not_cheap,ce809b0dc346
14921442,2026-09-28 14:24:57,actions-trading,Sim3,317450,skip,amount,30b1cd7e0977
14921442,2026-09-28 14:24:57,actions-trading,Sim3,026960,skip,amount,4af71aaa7c55
14921442,2026-09-28 14:24:57,actions-trading,Sim3,021820,skip,amount,dbcca766f3b2
14921442,2026-09-28 14:24:57,actions-trading,Sim3,192080,skip,amount,06ad6438e3b6
14921442,2026-09-28 14:24:57,actions-trading,Sim3,068270,skip,cooldown,478d5fe75e53
14921442,2026-09-28 14:24:57,actions-trading,Sim3,123890,skip,amount,c74601148f1b
14921442,2026-09-28 14:24:57,actions-trading,Sim3,000240,skip,amount,5f889a746cc1
14921442,2026-09-28 14:24:57,actions-trading,Sim3,002380,skip,cooldown,5e0d4d2b84b0
14921442,2026-09-28 14:24:57,actions-trading,Sim3,009770,skip,amount,4ae1f694d7a7
14921442,2026-09-28 14:24:57,actions-trading,Sim3,259960,skip,cooldown,2257d96424b0
14921442,2026-09-28 14:24:57,actions-trading,Sim3,035250,skip,amount,f42ec4b4676e
14921442,2026-09-28 14:24:57,actions-trading,Sim3,383220,skip,amount,962a6750cc5d
14921442,2026-09-28 14:24:57,actions-trading,Sim3,226320,skip,amount,5361c763548e
14921442,2026-09-28 14:24:57,actions-trading,Sim3,439260,skip,amount,3afe67cf33a6
14921442,2026-09-28 14:24:57,actions-trading,Sim3,025560,skip,cooldown,c5b3a2993d11
14921442,2026-09-28 14:24:57,actions-trading,Sim3,007700,skip,amount,e711320b8da6
14921442,2026-09-28 14:24:57,actions-trading,Sim3,278470,skip,not_cheap,437242c46092
14921442,2026-09-28 14:24:57,actions-trading,Sim3,000990,skip,not_cheap,96f53bcf0b8c
14921442,2026-09-28 14:25:31,actions-trading,MFHS2,047040,skip,max_holdings,cd669577e1f2
14921442,2026-09-28 14:25:31,actions-trading,MFHS2,005880,seen,,efc708a8e768
14921442,2026-09-28 14:25:31,actions-trading,MFHS2,024110,seen,,2e9b3837ada4
14921442,2026-09-28 14:25:31,actions-trading,MFHS2,009830,seen,,e860e5e04d6f
14921442,2026-09-28 14:25:31,actions-trading,MFHS2,018880,seen,,089db6787c7e
14921442,2026-09-28 14:25:31,actions-trading,MFHS2,316140,seen,,ebfa5f8ddbe1
14921442,2026-09-28 14:25:31,actions-trading,MFHS2,088350,seen,,916d3a511851
14921442,2026-09-28 14:25:31,actions-trading,MFHS2,003280,seen,,352d9e03ab21
14921442,2026-09-28 14:25:31,actions-trading,MFHS2,006360,seen,,e4f8e7f3f025
14921442,2026-09-28 14:25:31,actions-trading,MFHS2,073240,seen,,c94bdc2ab935
14921442,2026-09-28 14:25:31,actions-trading,MFHS2,011200,seen,,888015ce4d71
14921442,2026-09-28 14:25:31,actions-trading,MFHS2,004020,seen,,e93b81306237
14921442,2026-09-28 14:25:31,actions-trading,MFHS2,015760,seen,,5bf83efe7b5d
14921442,2026-09-28 14:25:31,actions-trading,MFHS2,032640,seen,,12ff40676667
14921442,2026-09-28 14:25:31,actions-trading,MFHS2,003490,seen,,25e0dcbfca9a
14921442,2026-09-28 14:25:31,actions-trading,MFHS2,279570,seen,,e5b282492b66
14921442,2026-09-28 14:25:31,actions-trading,MFHS2,096770,seen,,cb3901dc210f
14921442,2026-09-28 14:25:31,actions-trading,MFHS2,047050,seen,,486c764adaf3
14921442,2026-09-28 14:25:31,actions-trading,MFHS2,323410,seen,,4dc5335f2cbb
14921442,2026-09-28 14:25:31,actions-trading,MFHS2,035420,seen,,cd75b869fbb4
14921442,2026-09-28 14:25:31,actions-trading,MFHS2,004710,seen,,2d631d0906df
14921442,2026-09-28 14:25:31,actions-trading,MFHS2,008970,seen,,00ff3e6e37fc
14921442,2026-09-28 14:25:31,actions-trading,MFHS2,139130,seen,,3a25984b72f8
14921442,2026-09-28 14:25:31,actions-trading,MFHS2,007810,seen,,ead7d913f023
14921442,2026-09-28 14:25:31,actions-trading,MFHS2,035720,seen,,850c6324c203
14921442,2026-09-28 14:25:31,actions-trading,MFHS2,003530,seen,,a2372b2c9c2b
14921442,2026-09-28 14:25:31,actions-trading,MFHS2,000720,seen,,7cca001e4103
14921442,2026-09-28 14:25:31,actions-trading,MFHS2,051630,seen,,55d9586b31a8
14921442,2026-09-28 14:25:31,actions-trading,MFHS2,002360,seen,,47fbda485009
14921442,2026-09-28 14:25:31,actions-trading,MFHS2,028670,seen,,7861b09c8c46
14921442,2026-09-28 14:25:34,actions-trading,상승모멘텀,003580,skip,max_holdings,9745037e17a3
14921442,2026-09-28 14:25:34,actions-trading,상승모멘텀,044380,seen,,4824476849e5
14921442,2026-09-28 14:25:34,actions-trading,상승모멘텀,014280,seen,,82e130a1fb87
14921442,2026-09-28 14:25:34,actions-trading,상승모멘텀,009830,seen,,e860e5e04d6f
14921442,2026-09-28 14:25:34,actions-trading,상승모멘텀,003570,seen,,5dab1df4602c
14921442,2026-09-28 14:25:34,actions-trading,상승모멘텀,002360,seen,,47fbda485009
14921442,2026-09-28 14:25:34,actions-trading,상승모멘텀,001527,seen,,45a23ad91263
14921442,2026-09-28 14:25:34,actions-trading,상승모멘텀,010060,seen,,d903ec58a9ee
14921442,2026-09-28 14:25:34,actions-trading,상승모멘텀,051630,seen,,55d9586b31a8
14921442,2026-09-28 14:25:34,actions-trading,상승모멘텀,025560,seen,,5741a8bc82a6
14921442,2026-09-28 14:25:34,actions-trading,상승모멘텀,009835,seen,,5ba7aeec38b4
14921442,2026-09-28 14:25:34,actions-trading,상승모멘텀,011070,seen,,790c46cb494a
14921442,2026-09-28 14:25:34,actions-trading,상승모멘텀,004710,seen,,2d631d0906df
14921442,2026-09-28 14:25:34,actions-trading,상승모멘텀,004440,seen,,983b03f6451e
14921442,2026-09-28 14:25:34,actions-trading,상승모멘텀,006110,seen,,06975474e10a
14921442,2026-09-28 14:25:34,actions-trading,상승모멘텀,014285,seen,,76cb75fb2807
14921442,2026-09-28 14:25:34,actions-trading,상승모멘텀,499790,seen,,830caf3dc0f8
14921442,2026-09-28 14:25:34,actions-trading,상승모멘텀,047040,seen,,cd669577e1f2
14921442,2026-09-28 14:25:34,actions-trading,상승모멘텀,007810,seen,,ead7d913f023
14921442,2026-09-28 14:25:34,actions-trading,상승모멘텀,064960,seen,,2e29f5f9aa58
14921442,2026-09-28 14:25:34,actions-trading,상승모멘텀,077500,seen,,0fdaafcad69b
14921442,2026-09-28 14:25:34,actions-trading,상승모멘텀,025620,seen,,74778449f2dd
14921442,2026-09-28 14:25:34,actions-trading,상승모멘텀,020120,seen,,6e516ade5a3d
14921442,2026-09-28 14:25:34,actions-trading,상승모멘텀,071950,seen,,2108f3790563
14921442,2026-09-28 14:25:34,actions-trading,상승모멘텀,005070,seen,,e602be0ac9ea
14921442,2026-09-28 14:25:34,actions-trading,상승모멘텀,036530,seen,,b8625a3a8fe6
14921442,2026-09-28 14:25:34,actions-trading,상승모멘텀,006120,seen,,8ffb2ec0cd1b
14921442,2026-09-28 14:25:34,actions-trading,상승모멘텀,210980,seen,,58d87ea2efc8
14921442,2026-09-28 14:25:34,actions-trading,상승모멘텀,306200,seen,,868d7216c134
14921442,2026-09-28 14:25:34,actions-trading,상승모멘텀,138040,seen,,3f145b1c4dd0
14921442,2026-09-28 14:25:34,actions-trading,Sim4-1,003580,skip,amount,9745037e17a3
14921442,2026-09-28 14:25:34,actions-trading,Sim4-1,044380,skip,amount,4824476849e5
14921442,2026-09-28 14:25:34,actions-trading,Sim4-1,014280,skip,adx_low,82e130a1fb87
14921442,2026-09-28 14:25:34,actions-trading,Sim4-1,009830,skip,period,e860e5e04d6f
14921442,2026-09-28 14:25:34,actions-trading,Sim4-1,003570,skip,adx_high,5dab1df4602c
14921442,2026-09-28 14:25:34,actions-trading,Sim4-1,002360,skip,held_or_cooldown,47fbda485009
14921442,2026-09-28 14:25:34,actions-trading,Sim4-1,001527,skip,amount,45a23ad91263
14921442,2026-09-28 14:25:34,actions-trading,Sim4-1,010060,skip,adx_low,d903ec58a9ee
14921442,2026-09-28 14:25:34,actions-trading,Sim4-1,051630,skip,amount,55d9586b31a8
14921442,2026-09-28 14:25:34,actions-trading,Sim4-1,025560,skip,adx_high,5741a8bc82a6
14921442,2026-09-28 14:25:34,actions-trading,Sim4-1,009835,skip,amount,5ba7aeec38b4
14921442,2026-09-28 14:25:34,actions-trading,Sim4-1,011070,skip,period,790c46cb494a
14921442,2026-09-28 14:25:34,actions-trading,Sim4-1,004710,skip,held_or_cooldown,2d631d0906df
14921442,2026-09-28 14:25:34,actions-trading,Sim4-1,004440,skip,amount,983b03f6451e
14921442,2026-09-28 14:25:34,actions-trading,Sim4-1,006110,skip,adx_high,06975474e10a
14921442,2026-09-28 14:25:34,actions-trading,Sim4-1,014285,skip,amount,76cb75fb2807
14921442,2026-09-28 14:25:34,actions-trading,Sim4-1,499790,skip,amount,830caf3dc0f8
14921442,2026-09-28 14:25:34,actions-trading,Sim4-1,047040,skip,period,cd669577e1f2
14921442,2026-09-28 14:25:34,actions-trading,Sim4-1,007810,skip,adx_high,ead7d913f023
14921442,2026-09-28 14:25:34,actions-trading,Sim4-1,064960,skip,adx_high,2e29f5f9aa58
14921442,2026-09-28 14:25:34,actions-trading,Sim4-1,077500,skip,adx_high,0fdaafcad69b
14921442,2026-09-28 14:25:34,actions-trading,Sim4-1,025620,skip,amount,74778449f2dd
14921442,2026-09-28 14:25:34,actions-trading,Sim4-1,020120,skip,amount,6e516ade5a3d
14921442,2026-09-28 14:25:34,actions-trading,Sim4-1,071950,skip,amount,2108f3790563
14921442,2026-09-28 14:25:34,actions-trading,Sim4-1,005070,skip,adx_low,e602be0ac9ea
14921442,2026-09-28 14:25:34,actions-trading,Sim4-1,036530,skip,amount,b8625a3a8fe6
14921442,2026-09-28 14:25:34,actions-trading,Sim4-1,006120,skip,adx_high,8ffb2ec0cd1b
14921442,2026-09-28 14:25:34,actions-trading,Sim4-1,210980,skip,amount,58d87ea2efc8
14921442,2026-09-28 14:25:34,actions-trading,Sim4-1,306200,skip,amount,868d7216c134
14921442,2026-09-28 14:25:34,actions-trading,Sim4-1,138040,skip,adx_low,3f145b1c4dd0
14921442,2026-09-28 14:25:35,actions-trading,선행매집,047040,skip,below_anchor,cd669577e1f2
14921442,2026-09-28 14:25:35,actions-trading,선행매집,009830,skip,below_anchor,e860e5e04d6f
14921442,2026-09-28 14:25:35,actions-trading,선행매집,005880,skip,below_anchor,efc708a8e768
14921442,2026-09-28 14:25:35,actions-trading,선행매집,018880,skip,below_anchor,089db6787c7e
14921442,2026-09-28 14:25:35,actions-trading,선행매집,024110,skip,below_anchor,2e9b3837ada4
14921442,2026-09-28 14:25:35,actions-trading,선행매집,088350,skip,below_anchor,916d3a511851
14921442,2026-09-28 14:25:35,actions-trading,선행매집,073240,skip,below_anchor,c94bdc2ab935
14921442,2026-09-28 14:25:35,actions-trading,선행매집,003280,skip,below_anchor,352d9e03ab21
14921442,2026-09-28 14:25:35,actions-trading,선행매집,316140,skip,no_setup,ebfa5f8ddbe1
14921442,2026-09-28 14:25:35,actions-trading,선행매집,015760,skip,below_anchor,5bf83efe7b5d
14921442,2026-09-28 14:25:35,actions-trading,선행매집,011200,skip,sold_or_cooldown,888015ce4d71
14921442,2026-09-28 14:25:35,actions-trading,선행매집,006360,skip,below_anchor,e4f8e7f3f025
14921442,2026-09-28 14:25:35,actions-trading,선행매집,004710,skip,below_anchor,2d631d0906df
14921442,2026-09-28 14:25:35,actions-trading,선행매집,096770,skip,held_awaiting_breakout,cb3901dc210f
14921442,2026-09-28 14:25:35,actions-trading,선행매집,035420,skip,below_anchor,cd75b869fbb4
14921442,2026-09-28 14:25:35,actions-trading,선행매집,032640,skip,below_anchor,12ff40676667
14921442,2026-09-28 14:25:35,actions-trading,선행매집,003490,skip,sold_or_cooldown,25e0dcbfca9a
14921442,2026-09-28 14:25:35,actions-trading,선행매집,000720,skip,below_anchor,7cca001e4103
14921442,2026-09-28 14:25:35,actions-trading,선행매집,047050,skip,below_anchor,486c764adaf3
14921442,2026-09-28 14:25:35,actions-trading,선행매집,004020,skip,below_anchor,e93b81306237
14921442,2026-09-28 14:25:35,actions-trading,선행매집,035720,skip,below_anchor,850c6324c203
14921442,2026-09-28 14:25:35,actions-trading,선행매집,008970,skip,amount,00ff3e6e37fc
14921442,2026-09-28 14:25:35,actions-trading,선행매집,066570,skip,below_anchor,8e4ac14a7301
14921442,2026-09-28 14:25:35,actions-trading,선행매집,279570,skip,below_anchor,e5b282492b66
14921442,2026-09-28 14:25:35,actions-trading,선행매집,139130,skip,no_setup,3a25984b72f8
14921442,2026-09-28 14:25:35,actions-trading,선행매집,028670,skip,no_setup,7861b09c8c46
14921442,2026-09-28 14:25:35,actions-trading,선행매집,002360,skip,no_setup,47fbda485009
14921442,2026-09-28 14:25:35,actions-trading,선행매집,007810,skip,below_anchor,ead7d913f023
14921442,2026-09-28 14:25:35,actions-trading,선행매집,323410,skip,below_anchor,4dc5335f2cbb
14921442,2026-09-28 14:25:35,actions-trading,선행매집,003530,skip,below_anchor,a2372b2c9c2b
14921442,2026-09-28 14:25:35,actions-trading,Sim9,_gate,skip,outside_entry_window,e3b0c44298fc
14921442,2026-09-28 14:25:35,actions-trading,Sim9,003580,seen,,9745037e17a3
14921442,2026-09-28 14:25:35,actions-trading,Sim9,044380,seen,,4824476849e5
14921442,2026-09-28 14:25:35,actions-trading,Sim9,014280,seen,,82e130a1fb87
14921442,2026-09-28 14:25:35,actions-trading,Sim9,009830,seen,,e860e5e04d6f
14921442,2026-09-28 14:25:35,actions-trading,Sim9,003570,seen,,5dab1df4602c
14921442,2026-09-28 14:25:35,actions-trading,Sim9,002360,seen,,47fbda485009
14921442,2026-09-28 14:25:35,actions-trading,Sim9,001527,seen,,45a23ad91263
14921442,2026-09-28 14:25:35,actions-trading,Sim9,010060,seen,,d903ec58a9ee
14921442,2026-09-28 14:25:35,actions-trading,Sim9,051630,seen,,55d9586b31a8
14921442,2026-09-28 14:25:35,actions-trading,Sim9,025560,seen,,5741a8bc82a6
14921442,2026-09-28 14:25:35,actions-trading,Sim9,009835,seen,,5ba7aeec38b4
14921442,2026-09-28 14:25:35,actions-trading,Sim9,011070,seen,,790c46cb494a
14921442,2026-09-28 14:25:35,actions-trading,Sim9,004710,seen,,2d631d0906df
14921442,2026-09-28 14:25:35,actions-trading,Sim9,004440,seen,,983b03f6451e
14921442,2026-09-28 14:25:35,actions-trading,Sim9,006110,seen,,06975474e10a
14921442,2026-09-28 14:25:35,actions-trading,Sim9,014285,seen,,76cb75fb2807
14921442,2026-09-28 14:25:35,actions-trading,Sim9,499790,seen,,830caf3dc0f8
14921442,2026-09-28 14:25:35,actions-trading,Sim9,047040,seen,,cd669577e1f2
14921442,2026-09-28 14:25:35,actions-trading,Sim9,007810,seen,,ead7d913f023
14921442,2026-09-28 14:25:35,actions-trading,Sim9,064960,seen,,2e29f5f9aa58
14921442,2026-09-28 14:25:35,actions-trading,Sim9,077500,seen,,0fdaafcad69b
14921442,2026-09-28 14:25:35,actions-trading,Sim9,025620,seen,,74778449f2dd
14921442,2026-09-28 14:25:35,actions-trading,Sim9,020120,seen,,6e516ade5a3d
14921442,2026-09-28 14:25:35,actions-trading,Sim9,071950,seen,,2108f3790563
14921442,2026-09-28 14:25:35,actions-trading,Sim9,005070,seen,,e602be0ac9ea
14921442,2026-09-28 14:25:35,actions-trading,Sim9,036530,seen,,b8625a3a8fe6
14921442,2026-09-28 14:25:35,actions-trading,Sim9,006120,seen,,8ffb2ec0cd1b
14921442,2026-09-28 14:25:35,actions-trading,Sim9,210980,seen,,58d87ea2efc8
14921442,2026-09-28 14:25:35,actions-trading,Sim9,306200,seen,,868d7216c134
14921442,2026-09-28 14:25:35,actions-trading,Sim9,138040,seen,,3f145b1c4dd0
14921442,2026-09-28 14:25:35,actions-trading,미너비니,192820,skip,below_pivot,3cacfa5ee8b3
14921442,2026-09-28 14:25:35,actions-trading,미너비니,443060,skip,below_pivot,8b86e8d21cc4
14921442,2026-09-28 14:25:35,actions-trading,Sim12,003580,skip,pb2_not_crashed,9745037e17a3
14921442,2026-09-28 14:25:35,actions-trading,Sim12,044380,skip,avoid_deadcat,4824476849e5
14921442,2026-09-28 14:25:35,actions-trading,Sim12,014280,skip,pb2_not_crashed,82e130a1fb87
14921442,2026-09-28 14:25:35,actions-trading,Sim12,009830,skip,pb2_not_crashed,e860e5e04d6f
14921442,2026-09-28 14:25:35,actions-trading,Sim12,003570,skip,avoid_frgn_sell_20d,5dab1df4602c
14921442,2026-09-28 14:25:35,actions-trading,Sim12,002360,skip,pb2_not_crashed,47fbda485009
14921442,2026-09-28 14:25:35,actions-trading,Sim12,001527,skip,avoid_deadcat,45a23ad91263
14921442,2026-09-28 14:25:35,actions-trading,Sim12,010060,skip,pb2_not_crashed,d903ec58a9ee
14921442,2026-09-28 14:25:35,actions-trading,Sim12,051630,skip,pb2_not_crashed,55d9586b31a8
14921442,2026-09-28 14:25:35,actions-trading,Sim12,025560,skip,avoid_frgn_sell_20d,5741a8bc82a6
14921442,2026-09-28 14:25:35,actions-trading,Sim12,009835,skip,avoid_frgn_sell_20d,5ba7aeec38b4
14921442,2026-09-28 14:25:35,actions-trading,Sim12,011070,skip,avoid_orgn_sell_high_per,790c46cb494a
14921442,2026-09-28 14:25:35,actions-trading,Sim12,004710,skip,avoid_frgn_sell_20d,2d631d0906df
14921442,2026-09-28 14:25:35,actions-trading,Sim12,004440,skip,avoid_frgn_sell_20d,983b03f6451e
14921442,2026-09-28 14:25:35,actions-trading,Sim12,006110,skip,avoid_deadcat,06975474e10a
14921442,2026-09-28 14:25:35,actions-trading,Sim12,014285,skip,pb2_not_crashed,76cb75fb2807
14921442,2026-09-28 14:25:35,actions-trading,Sim12,499790,skip,avoid_frgn_sell_20d,830caf3dc0f8
14921442,2026-09-28 14:25:35,actions-trading,Sim12,047040,skip,avoid_frgn_sell_20d,cd669577e1f2
14921442,2026-09-28 14:25:35,actions-trading,Sim12,007810,skip,avoid_orgn_sell_high_per,ead7d913f023
14921442,2026-09-28 14:25:35,actions-trading,Sim12,064960,skip,avoid_frgn_sell_20d,2e29f5f9aa58
14921442,2026-09-28 14:25:35,actions-trading,Sim12,077500,skip,pb2_not_crashed,0fdaafcad69b
14921442,2026-09-28 14:25:35,actions-trading,Sim12,025620,skip,pb2_not_crashed,74778449f2dd
14921442,2026-09-28 14:25:35,actions-trading,Sim12,020120,skip,avoid_amount_dry,6e516ade5a3d
14921442,2026-09-28 14:25:35,actions-trading,Sim12,071950,skip,avoid_deadcat,2108f3790563
14921442,2026-09-28 14:25:35,actions-trading,Sim12,005070,skip,avoid_frgn_sell_20d,e602be0ac9ea
14921442,2026-09-28 14:25:35,actions-trading,Sim12,036530,skip,avoid_frgn_sell_20d,b8625a3a8fe6
14921442,2026-09-28 14:25:35,actions-trading,Sim12,006120,skip,avoid_frgn_sell_20d,8ffb2ec0cd1b
14921442,2026-09-28 14:25:35,actions-trading,Sim12,210980,skip,avoid_amount_dry,58d87ea2efc8
14921442,2026-09-28 14:25:35,actions-trading,Sim12,306200,skip,pb2_not_crashed,868d7216c134
14921442,2026-09-28 14:25:35,actions-trading,Sim12,138040,skip,avoid_frgn_sell_20d,3f145b1c4dd0
14921442,2026-09-28 14:25:35,actions-trading,Sim12,014990,skip,avoid_amount_dry,000e7ce0ed25
14921442,2026-09-28 14:25:35,actions-trading,Sim12,109070,skip,pb2_not_crashed,c663406d06c0
14921442,2026-09-28 14:25:35,actions-trading,Sim12,002820,skip,pb2_not_crashed,fec271b135a8
14921442,2026-09-28 14:25:35,actions-trading,Sim12,402340,skip,pb2_not_crashed,09ee57a9c412
14921442,2026-09-28 14:25:35,actions-trading,Sim12,002787,skip,avoid_amount_dry,676f31f2d6c3
14921442,2026-09-28 14:25:35,actions-trading,Sim12,009420,skip,pb2_not_crashed,5c8010870af2
14921442,2026-09-28 14:25:35,actions-trading,Sim12,009190,skip,pb2_no_inst_buying,a4c223016479
14921442,2026-09-28 14:25:35,actions-trading,Sim12,028260,skip,pb2_not_crashed,7cd55c7f8134
14921442,2026-09-28 14:25:35,actions-trading,Sim12,02826K,skip,pb2_not_crashed,d78db2bac3aa
14921442,2026-09-28 14:25:35,actions-trading,Sim12,005935,skip,avoid_frgn_sell_20d,2d77b0e8cb7b
14921442,2026-09-28 14:25:35,actions-trading,Sim12,000500,skip,avoid_amount_dry,6bf1d7d05329
14921442,2026-09-28 14:25:35,actions-trading,Sim12,011090,skip,avoid_amount_dry,1388cb89c8e1
14921442,2026-09-28 14:25:35,actions-trading,Sim12,000150,skip,avoid_frgn_sell_20d,02c159063b4d
14921442,2026-09-28 14:25:35,actions-trading,Sim12,034730,skip,pb2_not_crashed,0cc784eeb93f
14921442,2026-09-28 14:25:35,actions-trading,Sim12,069960,skip,avoid_amount_dry,3903355e733c
14921442,2026-09-28 14:25:35,actions-trading,Sim12,002870,skip,avoid_amount_dry,c10dd1db81c3
14921442,2026-09-28 14:25:35,actions-trading,Sim12,000660,skip,avoid_frgn_sell_20d,a82ac0a5acb1
14921442,2026-09-28 14:25:35,actions-trading,Sim12,03473K,skip,avoid_frgn_sell_20d,4e503e849a01
14921442,2026-09-28 14:25:35,actions-trading,Sim12,005930,skip,pb2_not_crashed,fc325fa21274
14921442,2026-09-28 14:25:35,actions-trading,Sim12,007660,skip,pb2_not_crashed,25c5ddc35376
14921442,2026-09-28 14:25:35,actions-trading,Sim12,192650,skip,avoid_frgn_sell_20d,ff4afc511c1a
14921442,2026-09-28 14:25:35,actions-trading,Sim12,002070,skip,avoid_amount_dry,8863080592c7
14921442,2026-09-28 14:25:35,actions-trading,Sim12,101140,skip,avoid_amount_dry,7700e3fa5796
14921442,2026-09-28 14:25:35,actions-trading,Sim12,011390,skip,avoid_amount_dry,b1dfdebaf077
14921442,2026-09-28 14:25:35,actions-trading,Sim12,298040,skip,pb2_not_crashed,468232bc4608
14921442,2026-09-28 14:25:35,actions-trading,Sim12,128940,skip,avoid_amount_dry,cdafcae0850a
14921442,2026-09-28 14:25:35,actions-trading,Sim12,000760,skip,avoid_amount_dry,3a495f5491e2
14921442,2026-09-28 14:25:35,actions-trading,Sim12,024900,skip,avoid_frgn_sell_20d,51a41fb97711
14921442,2026-09-28 14:25:35,actions-trading,Sim12,002030,skip,avoid_frgn_sell_20d,f61f9da777e7
14921442,2026-09-28 14:25:35,actions-trading,Sim12,044820,skip,avoid_amount_dry,946bc49dfe2d
14921442,2026-09-28 14:25:36,actions-trading,Sim13,003580,skip,theme_momentum_weak,9745037e17a3
14921442,2026-09-28 14:25:36,actions-trading,Sim13,044380,skip,theme_momentum_weak,4824476849e5
14921442,2026-09-28 14:25:36,actions-trading,Sim13,014280,skip,theme_momentum_weak,82e130a1fb87
14921442,2026-09-28 14:25:36,actions-trading,Sim13,009830,skip,theme_momentum_weak,e860e5e04d6f
14921442,2026-09-28 14:25:36,actions-trading,Sim13,003570,skip,theme_momentum_weak,5dab1df4602c
14921442,2026-09-28 14:25:36,actions-trading,Sim13,002360,skip,held_or_cooldown,47fbda485009
14921442,2026-09-28 14:25:36,actions-trading,Sim13,001527,skip,theme_momentum_weak,45a23ad91263
14921442,2026-09-28 14:25:36,actions-trading,Sim13,010060,skip,theme_momentum_weak,d903ec58a9ee
14921442,2026-09-28 14:25:36,actions-trading,Sim13,051630,skip,adx_weak,55d9586b31a8
14921442,2026-09-28 14:25:36,actions-trading,Sim13,025560,skip,theme_momentum_weak,5741a8bc82a6
14921442,2026-09-28 14:25:36,actions-trading,Sim13,009835,skip,theme_momentum_weak,5ba7aeec38b4
14921442,2026-09-28 14:25:36,actions-trading,Sim13,011070,skip,theme_momentum_weak,790c46cb494a
14921442,2026-09-28 14:25:36,actions-trading,Sim13,004710,skip,no_frgn_support,2d631d0906df
14921442,2026-09-28 14:25:36,actions-trading,Sim13,004440,skip,theme_momentum_weak,983b03f6451e
14921442,2026-09-28 14:25:36,actions-trading,Sim13,006110,skip,theme_momentum_weak,06975474e10a
14921442,2026-09-28 14:25:36,actions-trading,Sim13,014285,skip,theme_momentum_weak,76cb75fb2807
14921442,2026-09-28 14:25:36,actions-trading,Sim13,499790,skip,theme_momentum_weak,830caf3dc0f8
14921442,2026-09-28 14:25:36,actions-trading,Sim13,047040,skip,theme_momentum_weak,cd669577e1f2
14921442,2026-09-28 14:25:36,actions-trading,Sim13,007810,skip,theme_momentum_weak,ead7d913f023
14921442,2026-09-28 14:25:36,actions-trading,Sim13,064960,skip,theme_momentum_weak,2e29f5f9aa58
14921442,2026-09-28 14:25:36,actions-trading,Sim13,077500,skip,held_or_cooldown,0fdaafcad69b
14921442,2026-09-28 14:25:36,actions-trading,Sim13,025620,skip,theme_momentum_weak,74778449f2dd
14921442,2026-09-28 14:25:36,actions-trading,Sim13,020120,skip,adx_weak,6e516ade5a3d
14921442,2026-09-28 14:25:36,actions-trading,Sim13,071950,skip,theme_momentum_weak,2108f3790563
14921442,2026-09-28 14:25:36,actions-trading,Sim13,005070,skip,theme_momentum_weak,e602be0ac9ea
14921442,2026-09-28 14:25:36,actions-trading,Sim13,036530,skip,theme_momentum_weak,b8625a3a8fe6
14921442,2026-09-28 14:25:36,actions-trading,Sim13,006120,skip,no_frgn_support,8ffb2ec0cd1b
14921442,2026-09-28 14:25:36,actions-trading,Sim13,210980,skip,theme_momentum_weak,58d87ea2efc8
14921442,2026-09-28 14:25:36,actions-trading,Sim13,306200,skip,theme_momentum_weak,868d7216c134
14921442,2026-09-28 14:25:36,actions-trading,Sim13,138040,skip,theme_momentum_weak,3f145b1c4dd0
14921443,2026-09-28 14:26:59,actions-trading,Sim3,402340,skip,qty_zero,0b122dbc7bd1
14921443,2026-09-28 14:26:59,actions-trading,Sim3,383800,skip,amount,07f46c38a389
14921443,2026-09-28 14:26:59,actions-trading,Sim3,462870,skip,amount,ac79abc052e7
14921443,2026-09-28 14:26:59,actions-trading,Sim3,000660,skip,qty_zero,0fa84c02829b
14921443,2026-09-28 14:26:59,actions-trading,Sim3,071970,skip,amount,ac67acc0bc9a
14921443,2026-09-28 14:26:59,actions-trading,Sim3,042700,skip,not_cheap,f3f2abd8b34e
14921443,2026-09-28 14:26:59,actions-trading,Sim3,326030,skip,amount,1e04831358fc
14921443,2026-09-28 14:26:59,actions-trading,Sim3,207940,skip,not_cheap,9758ab1a3088
14921443,2026-09-28 14:26:59,actions-trading,Sim3,033920,skip,amount,0bf909ac2fbb
14921443,2026-09-28 14:26:59,actions-trading,Sim3,004770,skip,amount,bff232c697f6
14921443,2026-09-28 14:26:59,actions-trading,Sim3,0126Z0,skip,not_cheap,2480acde7c34
14921443,2026-09-28 14:26:59,actions-trading,Sim3,062040,skip,not_cheap,db5a79b45cd0
14921443,2026-09-28 14:26:59,actions-trading,Sim3,317450,skip,amount,5f134e882252
14921443,2026-09-28 14:26:59,actions-trading,Sim3,026960,skip,amount,a72a2ce3f162
14921443,2026-09-28 14:26:59,actions-trading,Sim3,021820,skip,amount,0c8b20b1410c
14921443,2026-09-28 14:26:59,actions-trading,Sim3,192080,skip,amount,3ed16ed64d25
14921443,2026-09-28 14:26:59,actions-trading,Sim3,068270,skip,cooldown,31e1486de188
14921443,2026-09-28 14:26:59,actions-trading,Sim3,123890,skip,amount,953392da2b55
14921443,2026-09-28 14:26:59,actions-trading,Sim3,000240,skip,amount,37585d2f3966
14921443,2026-09-28 14:26:59,actions-trading,Sim3,002380,skip,cooldown,f866b8d7a43b
14921443,2026-09-28 14:26:59,actions-trading,Sim3,009770,skip,amount,4ae1f694d7a7
14921443,2026-09-28 14:26:59,actions-trading,Sim3,259960,skip,cooldown,eaa162eb09a0
14921443,2026-09-28 14:26:59,actions-trading,Sim3,035250,skip,amount,f01ca6023104
14921443,2026-09-28 14:26:59,actions-trading,Sim3,383220,skip,amount,796e99c10141
14921443,2026-09-28 14:26:59,actions-trading,Sim3,226320,skip,amount,f54a61e17b35
14921443,2026-09-28 14:26:59,actions-trading,Sim3,439260,skip,amount,f06557977855
14921443,2026-09-28 14:26:59,actions-trading,Sim3,025560,skip,cooldown,da99be4d0ad8
14921443,2026-09-28 14:26:59,actions-trading,Sim3,007700,skip,amount,e711320b8da6
14921443,2026-09-28 14:26:59,actions-trading,Sim3,278470,skip,not_cheap,3020fd664fe0
14921443,2026-09-28 14:26:59,actions-trading,Sim3,000990,skip,not_cheap,b180901ca45a
14921443,2026-09-28 14:27:34,actions-trading,MFHS2,047040,skip,max_holdings,10918e1a1e2d
14921443,2026-09-28 14:27:34,actions-trading,MFHS2,005880,seen,,8e6ffcfaa187
14921443,2026-09-28 14:27:34,actions-trading,MFHS2,024110,seen,,845853d6cefc
14921443,2026-09-28 14:27:34,actions-trading,MFHS2,009830,seen,,ff0ab6f0ea07
14921443,2026-09-28 14:27:34,actions-trading,MFHS2,018880,seen,,6a428d1c18e4
14921443,2026-09-28 14:27:34,actions-trading,MFHS2,316140,seen,,738c7d6bae58
14921443,2026-09-28 14:27:34,actions-trading,MFHS2,088350,seen,,b4ee16353d55
14921443,2026-09-28 14:27:34,actions-trading,MFHS2,003280,seen,,114515c8ef64
14921443,2026-09-28 14:27:34,actions-trading,MFHS2,006360,seen,,1fe37a7a8122
14921443,2026-09-28 14:27:34,actions-trading,MFHS2,073240,seen,,d2e378ef07f5
14921443,2026-09-28 14:27:34,actions-trading,MFHS2,011200,seen,,244212783972
14921443,2026-09-28 14:27:34,actions-trading,MFHS2,004020,seen,,e9b9f6a6c049
14921443,2026-09-28 14:27:34,actions-trading,MFHS2,015760,seen,,b5b85f4d9cab
14921443,2026-09-28 14:27:34,actions-trading,MFHS2,032640,seen,,f43c331281ef
14921443,2026-09-28 14:27:34,actions-trading,MFHS2,003490,seen,,2c861da8fdc1
14921443,2026-09-28 14:27:34,actions-trading,MFHS2,279570,seen,,fbc394c450c9
14921443,2026-09-28 14:27:34,actions-trading,MFHS2,096770,seen,,cc4009720a39
14921443,2026-09-28 14:27:34,actions-trading,MFHS2,047050,seen,,bb7f7267e61d
14921443,2026-09-28 14:27:34,actions-trading,MFHS2,323410,seen,,7c116939c19b
14921443,2026-09-28 14:27:34,actions-trading,MFHS2,035420,seen,,66976606a9b7
14921443,2026-09-28 14:27:34,actions-trading,MFHS2,004710,seen,,5e1737505d00
14921443,2026-09-28 14:27:34,actions-trading,MFHS2,008970,seen,,c16de2b17e80
14921443,2026-09-28 14:27:34,actions-trading,MFHS2,139130,seen,,2be585a6052b
14921443,2026-09-28 14:27:34,actions-trading,MFHS2,007810,seen,,594f3c23e345
14921443,2026-09-28 14:27:34,actions-trading,MFHS2,035720,seen,,1ab012760af5
14921443,2026-09-28 14:27:34,actions-trading,MFHS2,003530,seen,,b2f362c01757
14921443,2026-09-28 14:27:34,actions-trading,MFHS2,000720,seen,,e30f9e010c6d
14921443,2026-09-28 14:27:34,actions-trading,MFHS2,051630,seen,,7ed09a729b1a
14921443,2026-09-28 14:27:34,actions-trading,MFHS2,002360,seen,,cd20a8075061
14921443,2026-09-28 14:27:34,actions-trading,MFHS2,028670,seen,,d13048e580d5
14921443,2026-09-28 14:27:36,actions-trading,상승모멘텀,003580,skip,max_holdings,9745037e17a3
14921443,2026-09-28 14:27:36,actions-trading,상승모멘텀,044380,seen,,1f6ceceb7616
14921443,2026-09-28 14:27:36,actions-trading,상승모멘텀,014280,seen,,33325d68e916
14921443,2026-09-28 14:27:36,actions-trading,상승모멘텀,009830,seen,,ff0ab6f0ea07
14921443,2026-09-28 14:27:36,actions-trading,상승모멘텀,003570,seen,,9942db102e05
14921443,2026-09-28 14:27:36,actions-trading,상승모멘텀,002360,seen,,cd20a8075061
14921443,2026-09-28 14:27:36,actions-trading,상승모멘텀,001527,seen,,45a23ad91263
14921443,2026-09-28 14:27:36,actions-trading,상승모멘텀,010060,seen,,f4c9bc14e667
14921443,2026-09-28 14:27:36,actions-trading,상승모멘텀,051630,seen,,7ed09a729b1a
14921443,2026-09-28 14:27:36,actions-trading,상승모멘텀,025560,seen,,16a9a9b647ce
14921443,2026-09-28 14:27:36,actions-trading,상승모멘텀,009835,seen,,aa22831383bb
14921443,2026-09-28 14:27:36,actions-trading,상승모멘텀,011070,seen,,9b8d167c6d0b
14921443,2026-09-28 14:27:36,actions-trading,상승모멘텀,004710,seen,,5e1737505d00
14921443,2026-09-28 14:27:36,actions-trading,상승모멘텀,006110,seen,,c5916af01865
14921443,2026-09-28 14:27:36,actions-trading,상승모멘텀,004440,seen,,009db190be46
14921443,2026-09-28 14:27:36,actions-trading,상승모멘텀,014285,seen,,76cb75fb2807
14921443,2026-09-28 14:27:36,actions-trading,상승모멘텀,499790,seen,,048122bf0098
14921443,2026-09-28 14:27:36,actions-trading,상승모멘텀,047040,seen,,10918e1a1e2d
14921443,2026-09-28 14:27:36,actions-trading,상승모멘텀,064960,seen,,db15b7316c2a
14921443,2026-09-28 14:27:36,actions-trading,상승모멘텀,007810,seen,,594f3c23e345
14921443,2026-09-28 14:27:36,actions-trading,상승모멘텀,077500,seen,,8ee4e8df85ff
14921443,2026-09-28 14:27:36,actions-trading,상승모멘텀,025620,seen,,b79aeea34cd1
14921443,2026-09-28 14:27:36,actions-trading,상승모멘텀,005070,seen,,9ae08bda26af
14921443,2026-09-28 14:27:36,actions-trading,상승모멘텀,020120,seen,,51ac60ddead9
14921443,2026-09-28 14:27:36,actions-trading,상승모멘텀,071950,seen,,2108f3790563
14921443,2026-09-28 14:27:36,actions-trading,상승모멘텀,006120,seen,,119f52c9d409
14921443,2026-09-28 14:27:36,actions-trading,상승모멘텀,036530,seen,,ef35c35a834a
14921443,2026-09-28 14:27:36,actions-trading,상승모멘텀,306200,seen,,ebea10b84fdd
14921443,2026-09-28 14:27:36,actions-trading,상승모멘텀,210980,seen,,7f16dbe087e8
14921443,2026-09-28 14:27:36,actions-trading,상승모멘텀,138040,seen,,ce8bf686a658
14921443,2026-09-28 14:27:36,actions-trading,Sim4-1,003580,skip,amount,9745037e17a3
14921443,2026-09-28 14:27:36,actions-trading,Sim4-1,044380,skip,amount,1f6ceceb7616
14921443,2026-09-28 14:27:36,actions-trading,Sim4-1,014280,skip,adx_low,33325d68e916
14921443,2026-09-28 14:27:36,actions-trading,Sim4-1,009830,skip,period,ff0ab6f0ea07
14921443,2026-09-28 14:27:36,actions-trading,Sim4-1,003570,skip,adx_high,9942db102e05
14921443,2026-09-28 14:27:36,actions-trading,Sim4-1,002360,skip,held_or_cooldown,cd20a8075061
14921443,2026-09-28 14:27:36,actions-trading,Sim4-1,001527,skip,amount,45a23ad91263
14921443,2026-09-28 14:27:36,actions-trading,Sim4-1,010060,skip,adx_low,f4c9bc14e667
14921443,2026-09-28 14:27:36,actions-trading,Sim4-1,051630,skip,amount,7ed09a729b1a
14921443,2026-09-28 14:27:36,actions-trading,Sim4-1,025560,skip,adx_high,16a9a9b647ce
14921443,2026-09-28 14:27:36,actions-trading,Sim4-1,009835,skip,amount,aa22831383bb
14921443,2026-09-28 14:27:36,actions-trading,Sim4-1,011070,skip,period,9b8d167c6d0b
14921443,2026-09-28 14:27:36,actions-trading,Sim4-1,004710,skip,held_or_cooldown,5e1737505d00
14921443,2026-09-28 14:27:36,actions-trading,Sim4-1,006110,skip,adx_high,c5916af01865
14921443,2026-09-28 14:27:36,actions-trading,Sim4-1,004440,skip,amount,009db190be46
14921443,2026-09-28 14:27:36,actions-trading,Sim4-1,014285,skip,amount,76cb75fb2807
14921443,2026-09-28 14:27:36,actions-trading,Sim4-1,499790,skip,amount,048122bf0098
14921443,2026-09-28 14:27:36,actions-trading,Sim4-1,047040,skip,period,10918e1a1e2d
14921443,2026-09-28 14:27:36,actions-trading,Sim4-1,064960,skip,adx_high,db15b7316c2a
14921443,2026-09-28 14:27:36,actions-trading,Sim4-1,007810,skip,adx_high,594f3c23e345
14921443,2026-09-28 14:27:36,actions-trading,Sim4-1,077500,skip,adx_high,8ee4e8df85ff
14921443,2026-09-28 14:27:36,actions-trading,Sim4-1,025620,skip,amount,b79aeea34cd1
14921443,2026-09-28 14:27:36,actions-trading,Sim4-1,005070,skip,adx_low,9ae08bda26af
14921443,2026-09-28 14:27:36,actions-trading,Sim4-1,020120,skip,amount,51ac60ddead9
14921443,2026-09-28 14:27:36,actions-trading,Sim4-1,071950,skip,amount,2108f3790563
14921443,2026-09-28 14:27:36,actions-trading,Sim4-1,006120,skip,adx_high,119f52c9d409
14921443,2026-09-28 14:27:36,actions-trading,Sim4-1,036530,skip,amount,ef35c35a834a
14921443,2026-09-28 14:27:36,actions-trading,Sim4-1,306200,skip,amount,ebea10b84fdd
14921443,2026-09-28 14:27:36,actions-trading,Sim4-1,210980,skip,amount,7f16dbe087e8
14921443,2026-09-28 14:27:36,actions-trading,Sim4-1,138040,skip,adx_low,ce8bf686a658
14921443,2026-09-28 14:27:38,actions-trading,선행매집,047040,skip,below_anchor,10918e1a1e2d
14921443,2026-09-28 14:27:38,actions-trading,선행매집,009830,skip,below_anchor,ff0ab6f0ea07
14921443,2026-09-28 14:27:38,actions-trading,선행매집,005880,skip,below_anchor,8e6ffcfaa187
14921443,2026-09-28 14:27:38,actions-trading,선행매집,018880,skip,below_anchor,6a428d1c18e4
14921443,2026-09-28 14:27:38,actions-trading,선행매집,024110,skip,below_anchor,845853d6cefc
14921443,2026-09-28 14:27:38,actions-trading,선행매집,088350,skip,below_anchor,b4ee16353d55
14921443,2026-09-28 14:27:38,actions-trading,선행매집,073240,skip,below_anchor,d2e378ef07f5
14921443,2026-09-28 14:27:38,actions-trading,선행매집,003280,skip,below_anchor,114515c8ef64
14921443,2026-09-28 14:27:38,actions-trading,선행매집,316140,skip,no_setup,738c7d6bae58
14921443,2026-09-28 14:27:38,actions-trading,선행매집,015760,skip,below_anchor,b5b85f4d9cab
14921443,2026-09-28 14:27:38,actions-trading,선행매집,011200,skip,sold_or_cooldown,244212783972
14921443,2026-09-28 14:27:38,actions-trading,선행매집,006360,skip,below_anchor,1fe37a7a8122
14921443,2026-09-28 14:27:38,actions-trading,선행매집,004710,skip,below_anchor,5e1737505d00
14921443,2026-09-28 14:27:38,actions-trading,선행매집,096770,skip,held_awaiting_breakout,cc4009720a39
14921443,2026-09-28 14:27:38,actions-trading,선행매집,035420,skip,below_anchor,66976606a9b7
14921443,2026-09-28 14:27:38,actions-trading,선행매집,032640,skip,below_anchor,f43c331281ef
14921443,2026-09-28 14:27:38,actions-trading,선행매집,003490,skip,sold_or_cooldown,2c861da8fdc1
14921443,2026-09-28 14:27:38,actions-trading,선행매집,000720,skip,below_anchor,e30f9e010c6d
14921443,2026-09-28 14:27:38,actions-trading,선행매집,047050,skip,below_anchor,bb7f7267e61d
14921443,2026-09-28 14:27:38,actions-trading,선행매집,004020,skip,below_anchor,e9b9f6a6c049
14921443,2026-09-28 14:27:38,actions-trading,선행매집,035720,skip,below_anchor,1ab012760af5
14921443,2026-09-28 14:27:38,actions-trading,선행매집,008970,skip,amount,c16de2b17e80
14921443,2026-09-28 14:27:38,actions-trading,선행매집,066570,skip,below_anchor,063ec0e130fb
14921443,2026-09-28 14:27:38,actions-trading,선행매집,279570,skip,below_anchor,fbc394c450c9
14921443,2026-09-28 14:27:38,actions-trading,선행매집,139130,skip,no_setup,2be585a6052b
14921443,2026-09-28 14:27:38,actions-trading,선행매집,028670,skip,no_setup,d13048e580d5
14921443,2026-09-28 14:27:38,actions-trading,선행매집,002360,skip,no_setup,cd20a8075061
14921443,2026-09-28 14:27:38,actions-trading,선행매집,007810,skip,below_anchor,594f3c23e345
14921443,2026-09-28 14:27:38,actions-trading,선행매집,323410,skip,below_anchor,7c116939c19b
14921443,2026-09-28 14:27:38,actions-trading,선행매집,003530,skip,below_anchor,b2f362c01757
14921443,2026-09-28 14:27:38,actions-trading,Sim9,_gate,skip,outside_entry_window,e3b0c44298fc
14921443,2026-09-28 14:27:38,actions-trading,Sim9,003580,seen,,9745037e17a3
14921443,2026-09-28 14:27:38,actions-trading,Sim9,044380,seen,,1f6ceceb7616
14921443,2026-09-28 14:27:38,actions-trading,Sim9,014280,seen,,33325d68e916
14921443,2026-09-28 14:27:38,actions-trading,Sim9,009830,seen,,ff0ab6f0ea07
14921443,2026-09-28 14:27:38,actions-trading,Sim9,003570,seen,,9942db102e05
14921443,2026-09-28 14:27:38,actions-trading,Sim9,002360,seen,,cd20a8075061
14921443,2026-09-28 14:27:38,actions-trading,Sim9,001527,seen,,45a23ad91263
14921443,2026-09-28 14:27:38,actions-trading,Sim9,010060,seen,,f4c9bc14e667
14921443,2026-09-28 14:27:38,actions-trading,Sim9,051630,seen,,7ed09a729b1a
14921443,2026-09-28 14:27:38,actions-trading,Sim9,025560,seen,,16a9a9b647ce
14921443,2026-09-28 14:27:38,actions-trading,Sim9,009835,seen,,aa22831383bb
14921443,2026-09-28 14:27:38,actions-trading,Sim9,011070,seen,,9b8d167c6d0b
14921443,2026-09-28 14:27:38,actions-trading,Sim9,004710,seen,,5e1737505d00
14921443,2026-09-28 14:27:38,actions-trading,Sim9,006110,seen,,c5916af01865
14921443,2026-09-28 14:27:38,actions-trading,Sim9,004440,seen,,009db190be46
14921443,2026-09-28 14:27:38,actions-trading,Sim9,014285,seen,,76cb75fb2807
14921443,2026-09-28 14:27:38,actions-trading,Sim9,499790,seen,,048122bf0098
14921443,2026-09-28 14:27:38,actions-trading,Sim9,047040,seen,,10918e1a1e2d
14921443,2026-09-28 14:27:38,actions-trading,Sim9,064960,seen,,db15b7316c2a
14921443,2026-09-28 14:27:38,actions-trading,Sim9,007810,seen,,594f3c23e345
14921443,2026-09-28 14:27:38,actions-trading,Sim9,077500,seen,,8ee4e8df85ff
14921443,2026-09-28 14:27:38,actions-trading,Sim9,025620,seen,,b79aeea34cd1
14921443,2026-09-28 14:27:38,actions-trading,Sim9,005070,seen,,9ae08bda26af
14921443,2026-09-28 14:27:38,actions-trading,Sim9,020120,seen,,51ac60ddead9
14921443,2026-09-28 14:27:38,actions-trading,Sim9,071950,seen,,2108f3790563
14921443,2026-09-28 14:27:38,actions-trading,Sim9,006120,seen,,119f52c9d409
14921443,2026-09-28 14:27:38,actions-trading,Sim9,036530,seen,,ef35c35a834a
14921443,2026-09-28 14:27:38,actions-trading,Sim9,306200,seen,,ebea10b84fdd
14921443,2026-09-28 14:27:38,actions-trading,Sim9,210980,seen,,7f16dbe087e8
14921443,2026-09-28 14:27:38,actions-trading,Sim9,138040,seen,,ce8bf686a658
14921443,2026-09-28 14:27:38,actions-trading,미너비니,192820,skip,below_pivot,6ba87a709df9
14921443,2026-09-28 14:27:38,actions-trading,미너비니,443060,skip,below_pivot,df66aefdb7b5
14921443,2026-09-28 14:27:38,actions-trading,Sim12,003580,skip,pb2_not_crashed,9745037e17a3
14921443,2026-09-28 14:27:38,actions-trading,Sim12,044380,skip,avoid_deadcat,1f6ceceb7616
14921443,2026-09-28 14:27:38,actions-trading,Sim12,014280,skip,pb2_not_crashed,33325d68e916
14921443,2026-09-28 14:27:38,actions-trading,Sim12,009830,skip,pb2_not_crashed,ff0ab6f0ea07
14921443,2026-09-28 14:27:38,actions-trading,Sim12,003570,skip,avoid_frgn_sell_20d,9942db102e05
14921443,2026-09-28 14:27:38,actions-trading,Sim12,002360,skip,pb2_not_crashed,cd20a8075061
14921443,2026-09-28 14:27:38,actions-trading,Sim12,001527,skip,avoid_deadcat,45a23ad91263
14921443,2026-09-28 14:27:38,actions-trading,Sim12,010060,skip,pb2_not_crashed,f4c9bc14e667
14921443,2026-09-28 14:27:38,actions-trading,Sim12,051630,skip,pb2_not_crashed,7ed09a729b1a
14921443,2026-09-28 14:27:38,actions-trading,Sim12,025560,skip,avoid_frgn_sell_20d,16a9a9b647ce
14921443,2026-09-28 14:27:38,actions-trading,Sim12,009835,skip,avoid_frgn_sell_20d,aa22831383bb
14921443,2026-09-28 14:27:38,actions-trading,Sim12,011070,skip,avoid_orgn_sell_high_per,9b8d167c6d0b
14921443,2026-09-28 14:27:38,actions-trading,Sim12,004710,skip,avoid_frgn_sell_20d,5e1737505d00
14921443,2026-09-28 14:27:38,actions-trading,Sim12,006110,skip,avoid_deadcat,c5916af01865
14921443,2026-09-28 14:27:38,actions-trading,Sim12,004440,skip,avoid_frgn_sell_20d,009db190be46
14921443,2026-09-28 14:27:38,actions-trading,Sim12,014285,skip,pb2_not_crashed,76cb75fb2807
14921443,2026-09-28 14:27:38,actions-trading,Sim12,499790,skip,avoid_frgn_sell_20d,048122bf0098
14921443,2026-09-28 14:27:38,actions-trading,Sim12,047040,skip,avoid_frgn_sell_20d,10918e1a1e2d
14921443,2026-09-28 14:27:38,actions-trading,Sim12,064960,skip,avoid_frgn_sell_20d,db15b7316c2a
14921443,2026-09-28 14:27:38,actions-trading,Sim12,007810,skip,avoid_orgn_sell_high_per,594f3c23e345
14921443,2026-09-28 14:27:38,actions-trading,Sim12,077500,skip,pb2_not_crashed,8ee4e8df85ff
14921443,2026-09-28 14:27:38,actions-trading,Sim12,025620,skip,pb2_not_crashed,b79aeea34cd1
14921443,2026-09-28 14:27:38,actions-trading,Sim12,005070,skip,avoid_frgn_sell_20d,9ae08bda26af
14921443,2026-09-28 14:27:38,actions-trading,Sim12,020120,skip,avoid_amount_dry,51ac60ddead9
14921443,2026-09-28 14:27:38,actions-trading,Sim12,071950,skip,avoid_deadcat,2108f3790563
14921443,2026-09-28 14:27:38,actions-trading,Sim12,006120,skip,avoid_frgn_sell_20d,119f52c9d409
14921443,2026-09-28 14:27:38,actions-trading,Sim12,036530,skip,avoid_frgn_sell_20d,ef35c35a834a
14921443,2026-09-28 14:27:38,actions-trading,Sim12,306200,skip,pb2_not_crashed,ebea10b84fdd
14921443,2026-09-28 14:27:38,actions-trading,Sim12,210980,skip,avoid_amount_dry,7f16dbe087e8
14921443,2026-09-28 14:27:38,actions-trading,Sim12,138040,skip,avoid_frgn_sell_20d,ce8bf686a658
14921443,2026-09-28 14:27:38,actions-trading,Sim12,014990,skip,avoid_amount_dry,c0dacdfd2d88
14921443,2026-09-28 14:27:38,actions-trading,Sim12,109070,skip,pb2_not_crashed,ec4b86b27cf4
14921443,2026-09-28 14:27:38,actions-trading,Sim12,002820,skip,pb2_not_crashed,69640d40d5fb
14921443,2026-09-28 14:27:38,actions-trading,Sim12,402340,skip,pb2_not_crashed,b53b7bb17ed2
14921443,2026-09-28 14:27:38,actions-trading,Sim12,002787,skip,avoid_amount_dry,676f31f2d6c3
14921443,2026-09-28 14:27:38,actions-trading,Sim12,009420,skip,pb2_not_crashed,aafedb1f2bab
14921443,2026-09-28 14:27:38,actions-trading,Sim12,009190,skip,pb2_no_inst_buying,862f00b77e26
14921443,2026-09-28 14:27:38,actions-trading,Sim12,028260,skip,pb2_not_crashed,6f62a8ec9b79
14921443,2026-09-28 14:27:38,actions-trading,Sim12,005935,skip,avoid_frgn_sell_20d,b24e12864bb8
14921443,2026-09-28 14:27:38,actions-trading,Sim12,02826K,skip,pb2_not_crashed,e1bbd37d308b
14921443,2026-09-28 14:27:38,actions-trading,Sim12,000150,skip,avoid_frgn_sell_20d,733ada9c4ee4
14921443,2026-09-28 14:27:38,actions-trading,Sim12,000500,skip,avoid_amount_dry,8743be966d9a
14921443,2026-09-28 14:27:38,actions-trading,Sim12,069960,skip,avoid_amount_dry,01b9c6951376
14921443,2026-09-28 14:27:38,actions-trading,Sim12,034730,skip,pb2_not_crashed,c44714881c68
14921443,2026-09-28 14:27:38,actions-trading,Sim12,011090,skip,avoid_amount_dry,837a015579aa
14921443,2026-09-28 14:27:38,actions-trading,Sim12,002870,skip,avoid_amount_dry,f7b5ab8b66a5
14921443,2026-09-28 14:27:38,actions-trading,Sim12,000660,skip,avoid_frgn_sell_20d,dcbee9826b59
14921443,2026-09-28 14:27:38,actions-trading,Sim12,03473K,skip,avoid_frgn_sell_20d,4e503e849a01
14921443,2026-09-28 14:27:38,actions-trading,Sim12,005930,skip,pb2_not_crashed,ec7b628b5d66
14921443,2026-09-28 14:27:38,actions-trading,Sim12,007660,skip,pb2_not_crashed,7d30ee9f66bf
14921443,2026-09-28 14:27:38,actions-trading,Sim12,192650,skip,avoid_frgn_sell_20d,f9f4cbc2d27e
14921443,2026-09-28 14:27:38,actions-trading,Sim12,002070,skip,avoid_amount_dry,f5d53a0b2e79
14921443,2026-09-28 14:27:38,actions-trading,Sim12,101140,skip,avoid_amount_dry,7700e3fa5796
14921443,2026-09-28 14:27:38,actions-trading,Sim12,298040,skip,pb2_not_crashed,c9161265ff4c
14921443,2026-09-28 14:27:38,actions-trading,Sim12,128940,skip,avoid_amount_dry,38d60f0b1ec2
14921443,2026-09-28 14:27:38,actions-trading,Sim12,011390,skip,avoid_amount_dry,ff9a5adaf1d6
14921443,2026-09-28 14:27:38,actions-trading,Sim12,024900,skip,avoid_frgn_sell_20d,76572114e66e
14921443,2026-09-28 14:27:38,actions-trading,Sim12,000760,skip,avoid_amount_dry,c529fd494c74
14921443,2026-09-28 14:27:38,actions-trading,Sim12,002030,skip,avoid_frgn_sell_20d,f9e2d2aae2b5
14921443,2026-09-28 14:27:38,actions-trading,Sim12,044820,skip,avoid_amount_dry,b262c36b9d63
14921443,2026-09-28 14:27:38,actions-trading,Sim13,003580,skip,theme_momentum_weak,9745037e17a3
14921443,2026-09-28 14:27:38,actions-trading,Sim13,044380,skip,theme_momentum_weak,1f6ceceb7616
14921443,2026-09-28 14:27:38,actions-trading,Sim13,014280,skip,theme_momentum_weak,33325d68e916
14921443,2026-09-28 14:27:38,actions-trading,Sim13,009830,skip,theme_momentum_weak,ff0ab6f0ea07
14921443,2026-09-28 14:27:38,actions-trading,Sim13,003570,skip,theme_momentum_weak,9942db102e05
14921443,2026-09-28 14:27:38,actions-trading,Sim13,002360,skip,held_or_cooldown,cd20a8075061
14921443,2026-09-28 14:27:38,actions-trading,Sim13,001527,skip,theme_momentum_weak,45a23ad91263
14921443,2026-09-28 14:27:38,actions-trading,Sim13,010060,skip,theme_momentum_weak,f4c9bc14e667
14921443,2026-09-28 14:27:38,actions-trading,Sim13,051630,skip,adx_weak,7ed09a729b1a
14921443,2026-09-28 14:27:38,actions-trading,Sim13,025560,skip,theme_momentum_weak,16a9a9b647ce
14921443,2026-09-28 14:27:38,actions-trading,Sim13,009835,skip,theme_momentum_weak,aa22831383bb
14921443,2026-09-28 14:27:38,actions-trading,Sim13,011070,skip,theme_momentum_weak,9b8d167c6d0b
14921443,2026-09-28 14:27:38,actions-trading,Sim13,004710,skip,no_frgn_support,5e1737505d00
14921443,2026-09-28 14:27:38,actions-trading,Sim13,006110,skip,theme_momentum_weak,c5916af01865
14921443,2026-09-28 14:27:38,actions-trading,Sim13,004440,skip,theme_momentum_weak,009db190be46
14921443,2026-09-28 14:27:38,actions-trading,Sim13,014285,skip,theme_momentum_weak,76cb75fb2807
14921443,2026-09-28 14:27:38,actions-trading,Sim13,499790,skip,theme_momentum_weak,048122bf0098
14921443,2026-09-28 14:27:38,actions-trading,Sim13,047040,skip,theme_momentum_weak,10918e1a1e2d
14921443,2026-09-28 14:27:38,actions-trading,Sim13,064960,skip,theme_momentum_weak,db15b7316c2a
14921443,2026-09-28 14:27:38,actions-trading,Sim13,007810,skip,theme_momentum_weak,594f3c23e345
14921443,2026-09-28 14:27:38,actions-trading,Sim13,077500,skip,held_or_cooldown,8ee4e8df85ff
14921443,2026-09-28 14:27:38,actions-trading,Sim13,025620,skip,theme_momentum_weak,b79aeea34cd1
14921443,2026-09-28 14:27:38,actions-trading,Sim13,005070,skip,theme_momentum_weak,9ae08bda26af
14921443,2026-09-28 14:27:38,actions-trading,Sim13,020120,skip,adx_weak,51ac60ddead9
14921443,2026-09-28 14:27:38,actions-trading,Sim13,071950,skip,theme_momentum_weak,2108f3790563
14921443,2026-09-28 14:27:38,actions-trading,Sim13,006120,skip,no_frgn_support,119f52c9d409
14921443,2026-09-28 14:27:38,actions-trading,Sim13,036530,skip,theme_momentum_weak,ef35c35a834a
14921443,2026-09-28 14:27:38,actions-trading,Sim13,306200,skip,theme_momentum_weak,ebea10b84fdd
14921443,2026-09-28 14:27:38,actions-trading,Sim13,210980,skip,theme_momentum_weak,7f16dbe087e8
14921443,2026-09-28 14:27:38,actions-trading,Sim13,138040,skip,theme_momentum_weak,ce8bf686a658
14921444,2026-09-28 14:28:58,actions-trading,Sim3,402340,skip,qty_zero,ec711e924dac
14921444,2026-09-28 14:28:58,actions-trading,Sim3,383800,skip,amount,18a12c7f0db2
14921444,2026-09-28 14:28:58,actions-trading,Sim3,462870,skip,amount,90a14065d56f
14921444,2026-09-28 14:28:58,actions-trading,Sim3,000660,skip,qty_zero,53b7a26054c6
14921444,2026-09-28 14:28:58,actions-trading,Sim3,071970,skip,amount,b36076eccc9c
14921444,2026-09-28 14:28:58,actions-trading,Sim3,042700,skip,not_cheap,1c017c31e4c6
14921444,2026-09-28 14:28:58,actions-trading,Sim3,326030,skip,amount,f7969518f746
14921444,2026-09-28 14:28:58,actions-trading,Sim3,207940,skip,not_cheap,aaa4a991cb40
14921444,2026-09-28 14:28:58,actions-trading,Sim3,033920,skip,amount,ece6819598d0
14921444,2026-09-28 14:28:58,actions-trading,Sim3,004770,skip,amount,9a7f158a494b
14921444,2026-09-28 14:28:58,actions-trading,Sim3,0126Z0,skip,not_cheap,519c93d57a88
14921444,2026-09-28 14:28:58,actions-trading,Sim3,062040,skip,not_cheap,3c1201dbc54b
14921444,2026-09-28 14:28:58,actions-trading,Sim3,317450,skip,amount,3b9617105dc4
14921444,2026-09-28 14:28:58,actions-trading,Sim3,026960,skip,amount,2fc318465af1
14921444,2026-09-28 14:28:58,actions-trading,Sim3,021820,skip,amount,0c8b20b1410c
14921444,2026-09-28 14:28:58,actions-trading,Sim3,192080,skip,amount,f69f17dcefa1
14921444,2026-09-28 14:28:58,actions-trading,Sim3,068270,skip,cooldown,b64bf6a69fad
14921444,2026-09-28 14:28:58,actions-trading,Sim3,123890,skip,amount,fdf222f641ed
14921444,2026-09-28 14:28:58,actions-trading,Sim3,000240,skip,amount,d640c785d00f
14921444,2026-09-28 14:28:58,actions-trading,Sim3,002380,skip,cooldown,e04758e26625
14921444,2026-09-28 14:28:58,actions-trading,Sim3,009770,skip,amount,4ae1f694d7a7
14921444,2026-09-28 14:28:58,actions-trading,Sim3,259960,skip,cooldown,4f3316b1ace9
14921444,2026-09-28 14:28:58,actions-trading,Sim3,035250,skip,amount,06593aeb0470
14921444,2026-09-28 14:28:58,actions-trading,Sim3,383220,skip,amount,1d373c3c541e
14921444,2026-09-28 14:28:58,actions-trading,Sim3,226320,skip,amount,4333aab90a0f
14921444,2026-09-28 14:28:58,actions-trading,Sim3,439260,skip,amount,99ed94a36faf
14921444,2026-09-28 14:28:58,actions-trading,Sim3,025560,skip,cooldown,bfbc74176d08
14921444,2026-09-28 14:28:58,actions-trading,Sim3,007700,skip,amount,e711320b8da6
14921444,2026-09-28 14:28:58,actions-trading,Sim3,278470,skip,not_cheap,55759cc045fd
14921444,2026-09-28 14:28:58,actions-trading,Sim3,000990,skip,not_cheap,e33e0e313490
14921444,2026-09-28 14:29:34,actions-trading,MFHS2,047040,skip,max_holdings,8b7b555c04c8
14921444,2026-09-28 14:29:34,actions-trading,MFHS2,005880,seen,,c7c0cd4ed3ce
14921444,2026-09-28 14:29:34,actions-trading,MFHS2,024110,seen,,f19561d89ce0
14921444,2026-09-28 14:29:34,actions-trading,MFHS2,009830,seen,,a5e4d5dc0a1e
14921444,2026-09-28 14:29:34,actions-trading,MFHS2,018880,seen,,85091f3bb8c0
14921444,2026-09-28 14:29:34,actions-trading,MFHS2,316140,seen,,11dfad12da52
14921444,2026-09-28 14:29:34,actions-trading,MFHS2,088350,seen,,7d29cdc27fcb
14921444,2026-09-28 14:29:34,actions-trading,MFHS2,003280,seen,,e812c2804fe3
14921444,2026-09-28 14:29:34,actions-trading,MFHS2,006360,seen,,b6b08db6240b
14921444,2026-09-28 14:29:34,actions-trading,MFHS2,073240,seen,,93521a6d1ed7
14921444,2026-09-28 14:29:34,actions-trading,MFHS2,011200,seen,,7d8f2e0f92d3
14921444,2026-09-28 14:29:34,actions-trading,MFHS2,004020,seen,,d402dfcbc1de
14921444,2026-09-28 14:29:34,actions-trading,MFHS2,015760,seen,,a13bcd067b49
14921444,2026-09-28 14:29:34,actions-trading,MFHS2,032640,seen,,d6d8d19ff91e
14921444,2026-09-28 14:29:34,actions-trading,MFHS2,003490,seen,,f4a4d5db5fd7
14921444,2026-09-28 14:29:34,actions-trading,MFHS2,279570,seen,,488cbda51a57
14921444,2026-09-28 14:29:34,actions-trading,MFHS2,096770,seen,,3d36f6b874a5
14921444,2026-09-28 14:29:34,actions-trading,MFHS2,047050,seen,,44ad98864fae
14921444,2026-09-28 14:29:34,actions-trading,MFHS2,323410,seen,,b8d5ff06a020
14921444,2026-09-28 14:29:34,actions-trading,MFHS2,035420,seen,,fcf25baddc40
14921444,2026-09-28 14:29:34,actions-trading,MFHS2,004710,seen,,8957fd3eeddf
14921444,2026-09-28 14:29:34,actions-trading,MFHS2,008970,seen,,965d9014ac51
14921444,2026-09-28 14:29:34,actions-trading,MFHS2,139130,seen,,07298657a377
14921444,2026-09-28 14:29:34,actions-trading,MFHS2,007810,seen,,5e80f0afd83f
14921444,2026-09-28 14:29:34,actions-trading,MFHS2,035720,seen,,9e517e3a4b14
14921444,2026-09-28 14:29:34,actions-trading,MFHS2,003530,seen,,6dbe1b4a58f0
14921444,2026-09-28 14:29:34,actions-trading,MFHS2,000720,seen,,7e725c1b9ee4
14921444,2026-09-28 14:29:34,actions-trading,MFHS2,051630,seen,,1ee0757c5223
14921444,2026-09-28 14:29:34,actions-trading,MFHS2,002360,seen,,2a4060271fe7
14921444,2026-09-28 14:29:34,actions-trading,MFHS2,028670,seen,,3d78c267559a
14921444,2026-09-28 14:29:38,actions-trading,상승모멘텀,003580,skip,max_holdings,9745037e17a3
14921444,2026-09-28 14:29:38,actions-trading,상승모멘텀,044380,seen,,f78eb20da5d3
14921444,2026-09-28 14:29:38,actions-trading,상승모멘텀,014280,seen,,d633b83bd2b7
14921444,2026-09-28 14:29:38,actions-trading,상승모멘텀,009830,seen,,a5e4d5dc0a1e
14921444,2026-09-28 14:29:38,actions-trading,상승모멘텀,003570,seen,,916495fce8a6
14921444,2026-09-28 14:29:38,actions-trading,상승모멘텀,002360,seen,,2a4060271fe7
14921444,2026-09-28 14:29:38,actions-trading,상승모멘텀,001527,seen,,45a23ad91263
14921444,2026-09-28 14:29:38,actions-trading,상승모멘텀,010060,seen,,db19fb11d42a
14921444,2026-09-28 14:29:38,actions-trading,상승모멘텀,025560,seen,,f87621452218
14921444,2026-09-28 14:29:38,actions-trading,상승모멘텀,051630,seen,,1ee0757c5223
14921444,2026-09-28 14:29:38,actions-trading,상승모멘텀,011070,seen,,1bbf77c94e11
14921444,2026-09-28 14:29:38,actions-trading,상승모멘텀,009835,seen,,cbceaa44aef6
14921444,2026-09-28 14:29:38,actions-trading,상승모멘텀,006110,seen,,c4b74e056d69
14921444,2026-09-28 14:29:38,actions-trading,상승모멘텀,004710,seen,,8957fd3eeddf
14921444,2026-09-28 14:29:38,actions-trading,상승모멘텀,004440,seen,,fbf3bf60b413
14921444,2026-09-28 14:29:38,actions-trading,상승모멘텀,014285,seen,,76cb75fb2807
14921444,2026-09-28 14:29:38,actions-trading,상승모멘텀,047040,seen,,8b7b555c04c8
14921444,2026-09-28 14:29:38,actions-trading,상승모멘텀,499790,seen,,abec686f691f
14921444,2026-09-28 14:29:38,actions-trading,상승모멘텀,064960,seen,,c3a75d0b47fd
14921444,2026-09-28 14:29:38,actions-trading,상승모멘텀,007810,seen,,5e80f0afd83f
14921444,2026-09-28 14:29:38,actions-trading,상승모멘텀,077500,seen,,1214e8270a41
14921444,2026-09-28 14:29:38,actions-trading,상승모멘텀,025620,seen,,bc2e3627e61e
14921444,2026-09-28 14:29:38,actions-trading,상승모멘텀,005070,seen,,9bba034dac0c
14921444,2026-09-28 14:29:38,actions-trading,상승모멘텀,071950,seen,,2108f3790563
14921444,2026-09-28 14:29:38,actions-trading,상승모멘텀,020120,seen,,b5530a1138d8
14921444,2026-09-28 14:29:38,actions-trading,상승모멘텀,036530,seen,,767bcd2d076c
14921444,2026-09-28 14:29:38,actions-trading,상승모멘텀,006120,seen,,b0c23e885589
14921444,2026-09-28 14:29:38,actions-trading,상승모멘텀,210980,seen,,f0589506b5fa
14921444,2026-09-28 14:29:38,actions-trading,상승모멘텀,138040,seen,,6e681bded8ed
14921444,2026-09-28 14:29:38,actions-trading,상승모멘텀,361610,seen,,03acb5390b50
14921444,2026-09-28 14:29:38,actions-trading,Sim4-1,003580,skip,amount,9745037e17a3
14921444,2026-09-28 14:29:38,actions-trading,Sim4-1,044380,skip,amount,f78eb20da5d3
14921444,2026-09-28 14:29:38,actions-trading,Sim4-1,014280,skip,adx_low,d633b83bd2b7
14921444,2026-09-28 14:29:38,actions-trading,Sim4-1,009830,skip,period,a5e4d5dc0a1e
14921444,2026-09-28 14:29:38,actions-trading,Sim4-1,003570,skip,adx_high,916495fce8a6
14921444,2026-09-28 14:29:38,actions-trading,Sim4-1,002360,skip,held_or_cooldown,2a4060271fe7
14921444,2026-09-28 14:29:38,actions-trading,Sim4-1,001527,skip,amount,45a23ad91263
14921444,2026-09-28 14:29:38,actions-trading,Sim4-1,010060,skip,adx_low,db19fb11d42a
14921444,2026-09-28 14:29:38,actions-trading,Sim4-1,025560,skip,adx_high,f87621452218
14921444,2026-09-28 14:29:38,actions-trading,Sim4-1,051630,skip,amount,1ee0757c5223
14921444,2026-09-28 14:29:38,actions-trading,Sim4-1,011070,skip,period,1bbf77c94e11
14921444,2026-09-28 14:29:38,actions-trading,Sim4-1,009835,skip,amount,cbceaa44aef6
14921444,2026-09-28 14:29:38,actions-trading,Sim4-1,006110,skip,adx_high,c4b74e056d69
14921444,2026-09-28 14:29:38,actions-trading,Sim4-1,004710,skip,held_or_cooldown,8957fd3eeddf
14921444,2026-09-28 14:29:38,actions-trading,Sim4-1,004440,skip,amount,fbf3bf60b413
14921444,2026-09-28 14:29:38,actions-trading,Sim4-1,014285,skip,amount,76cb75fb2807
14921444,2026-09-28 14:29:38,actions-trading,Sim4-1,047040,skip,period,8b7b555c04c8
14921444,2026-09-28 14:29:38,actions-trading,Sim4-1,499790,skip,amount,abec686f691f
14921444,2026-09-28 14:29:38,actions-trading,Sim4-1,064960,skip,adx_high,c3a75d0b47fd
14921444,2026-09-28 14:29:38,actions-trading,Sim4-1,007810,skip,adx_high,5e80f0afd83f
14921444,2026-09-28 14:29:38,actions-trading,Sim4-1,077500,skip,adx_high,1214e8270a41
14921444,2026-09-28 14:29:38,actions-trading,Sim4-1,025620,skip,amount,bc2e3627e61e
14921444,2026-09-28 14:29:38,actions-trading,Sim4-1,005070,skip,adx_low,9bba034dac0c
14921444,2026-09-28 14:29:38,actions-trading,Sim4-1,071950,skip,amount,2108f3790563
14921444,2026-09-28 14:29:38,actions-trading,Sim4-1,020120,skip,amount,b5530a1138d8
14921444,2026-09-28 14:29:38,actions-trading,Sim4-1,036530,skip,amount,767bcd2d076c
14921444,2026-09-28 14:29:38,actions-trading,Sim4-1,006120,skip,adx_high,b0c23e885589
14921444,2026-09-28 14:29:38,actions-trading,Sim4-1,210980,skip,amount,f0589506b5fa
14921444,2026-09-28 14:29:38,actions-trading,Sim4-1,138040,skip,adx_low,6e681bded8ed
14921444,2026-09-28 14:29:38,actions-trading,Sim4-1,361610,skip,adx_high,03acb5390b50
14921444,2026-09-28 14:29:39,actions-trading,선행매집,047040,skip,below_anchor,8b7b555c04c8
14921444,2026-09-28 14:29:39,actions-trading,선행매집,009830,skip,below_anchor,a5e4d5dc0a1e
14921444,2026-09-28 14:29:39,actions-trading,선행매집,005880,skip,below_anchor,c7c0cd4ed3ce
14921444,2026-09-28 14:29:39,actions-trading,선행매집,018880,skip,below_anchor,85091f3bb8c0
14921444,2026-09-28 14:29:39,actions-trading,선행매집,024110,skip,below_anchor,f19561d89ce0
14921444,2026-09-28 14:29:39,actions-trading,선행매집,088350,skip,below_anchor,7d29cdc27fcb
14921444,2026-09-28 14:29:39,actions-trading,선행매집,073240,skip,below_anchor,93521a6d1ed7
14921444,2026-09-28 14:29:39,actions-trading,선행매집,003280,skip,below_anchor,e812c2804fe3
14921444,2026-09-28 14:29:39,actions-trading,선행매집,316140,skip,no_setup,11dfad12da52
14921444,2026-09-28 14:29:39,actions-trading,선행매집,015760,skip,below_anchor,a13bcd067b49
14921444,2026-09-28 14:29:39,actions-trading,선행매집,011200,skip,sold_or_cooldown,7d8f2e0f92d3
14921444,2026-09-28 14:29:39,actions-trading,선행매집,006360,skip,below_anchor,b6b08db6240b
14921444,2026-09-28 14:29:39,actions-trading,선행매집,004710,skip,below_anchor,8957fd3eeddf
14921444,2026-09-28 14:29:39,actions-trading,선행매집,096770,skip,held_awaiting_breakout,3d36f6b874a5
14921444,2026-09-28 14:29:39,actions-trading,선행매집,035420,skip,below_anchor,fcf25baddc40
14921444,2026-09-28 14:29:39,actions-trading,선행매집,032640,skip,below_anchor,d6d8d19ff91e
14921444,2026-09-28 14:29:39,actions-trading,선행매집,003490,skip,sold_or_cooldown,f4a4d5db5fd7
14921444,2026-09-28 14:29:39,actions-trading,선행매집,000720,skip,below_anchor,7e725c1b9ee4
14921444,2026-09-28 14:29:39,actions-trading,선행매집,047050,skip,below_anchor,44ad98864fae
14921444,2026-09-28 14:29:39,actions-trading,선행매집,004020,skip,no_52w_anchor,d402dfcbc1de
14921444,2026-09-28 14:29:39,actions-trading,선행매집,035720,skip,below_anchor,9e517e3a4b14
14921444,2026-09-28 14:29:39,actions-trading,선행매집,008970,skip,amount,965d9014ac51
14921444,2026-09-28 14:29:39,actions-trading,선행매집,066570,skip,below_anchor,d5682af0137a
14921444,2026-09-28 14:29:39,actions-trading,선행매집,279570,skip,below_anchor,488cbda51a57
14921444,2026-09-28 14:29:39,actions-trading,선행매집,139130,skip,no_setup,07298657a377
14921444,2026-09-28 14:29:39,actions-trading,선행매집,028670,skip,no_setup,3d78c267559a
14921444,2026-09-28 14:29:39,actions-trading,선행매집,002360,skip,no_setup,2a4060271fe7
14921444,2026-09-28 14:29:39,actions-trading,선행매집,007810,skip,below_anchor,5e80f0afd83f
14921444,2026-09-28 14:29:39,actions-trading,선행매집,323410,skip,below_anchor,b8d5ff06a020
14921444,2026-09-28 14:29:39,actions-trading,선행매집,003530,skip,below_anchor,6dbe1b4a58f0
14921444,2026-09-28 14:29:39,actions-trading,Sim9,_gate,skip,outside_entry_window,e3b0c44298fc
14921444,2026-09-28 14:29:39,actions-trading,Sim9,003580,seen,,9745037e17a3
14921444,2026-09-28 14:29:39,actions-trading,Sim9,044380,seen,,f78eb20da5d3
14921444,2026-09-28 14:29:39,actions-trading,Sim9,014280,seen,,d633b83bd2b7
14921444,2026-09-28 14:29:39,actions-trading,Sim9,009830,seen,,a5e4d5dc0a1e
14921444,2026-09-28 14:29:39,actions-trading,Sim9,003570,seen,,916495fce8a6
14921444,2026-09-28 14:29:39,actions-trading,Sim9,002360,seen,,2a4060271fe7
14921444,2026-09-28 14:29:39,actions-trading,Sim9,001527,seen,,45a23ad91263
14921444,2026-09-28 14:29:39,actions-trading,Sim9,010060,seen,,db19fb11d42a
14921444,2026-09-28 14:29:39,actions-trading,Sim9,025560,seen,,f87621452218
14921444,2026-09-28 14:29:39,actions-trading,Sim9,051630,seen,,1ee0757c5223
14921444,2026-09-28 14:29:39,actions-trading,Sim9,011070,seen,,1bbf77c94e11
14921444,2026-09-28 14:29:39,actions-trading,Sim9,009835,seen,,cbceaa44aef6
14921444,2026-09-28 14:29:39,actions-trading,Sim9,006110,seen,,c4b74e056d69
14921444,2026-09-28 14:29:39,actions-trading,Sim9,004710,seen,,8957fd3eeddf
14921444,2026-09-28 14:29:39,actions-trading,Sim9,004440,seen,,fbf3bf60b413
14921444,2026-09-28 14:29:39,actions-trading,Sim9,014285,seen,,76cb75fb2807
14921444,2026-09-28 14:29:39,actions-trading,Sim9,047040,seen,,8b7b555c04c8
14921444,2026-09-28 14:29:39,actions-trading,Sim9,499790,seen,,abec686f691f
14921444,2026-09-28 14:29:39,actions-trading,Sim9,064960,seen,,c3a75d0b47fd
14921444,2026-09-28 14:29:39,actions-trading,Sim9,007810,seen,,5e80f0afd83f
14921444,2026-09-28 14:29:39,actions-trading,Sim9,077500,seen,,1214e8270a41
14921444,2026-09-28 14:29:39,actions-trading,Sim9,025620,seen,,bc2e3627e61e
14921444,2026-09-28 14:29:39,actions-trading,Sim9,005070,seen,,9bba034dac0c
14921444,2026-09-28 14:29:39,actions-trading,Sim9,071950,seen,,2108f3790563
14921444,2026-09-28 14:29:39,actions-trading,Sim9,020120,seen,,b5530a1138d8
14921444,2026-09-28 14:29:39,actions-trading,Sim9,036530,seen,,767bcd2d076c
14921444,2026-09-28 14:29:39,actions-trading,Sim9,006120,seen,,b0c23e885589
14921444,2026-09-28 14:29:39,actions-trading,Sim9,210980,seen,,f0589506b5fa
14921444,2026-09-28 14:29:39,actions-trading,Sim9,138040,seen,,6e681bded8ed
14921444,2026-09-28 14:29:39,actions-trading,Sim9,361610,seen,,03acb5390b50
14921444,2026-09-28 14:29:39,actions-trading,미너비니,192820,skip,below_pivot,631d92d0e958
14921444,2026-09-28 14:29:39,actions-trading,미너비니,443060,skip,below_pivot,15ff9e84ab2d
14921444,2026-09-28 14:29:39,actions-trading,Sim12,003580,skip,pb2_not_crashed,9745037e17a3
14921444,2026-09-28 14:29:39,actions-trading,Sim12,044380,skip,avoid_deadcat,f78eb20da5d3
14921444,2026-09-28 14:29:39,actions-trading,Sim12,014280,skip,pb2_not_crashed,d633b83bd2b7
14921444,2026-09-28 14:29:39,actions-trading,Sim12,009830,skip,pb2_not_crashed,a5e4d5dc0a1e
14921444,2026-09-28 14:29:39,actions-trading,Sim12,003570,skip,avoid_frgn_sell_20d,916495fce8a6
14921444,2026-09-28 14:29:39,actions-trading,Sim12,002360,skip,pb2_not_crashed,2a4060271fe7
14921444,2026-09-28 14:29:39,actions-trading,Sim12,001527,skip,avoid_deadcat,45a23ad91263
14921444,2026-09-28 14:29:39,actions-trading,Sim12,010060,skip,pb2_not_crashed,db19fb11d42a
14921444,2026-09-28 14:29:39,actions-trading,Sim12,025560,skip,avoid_frgn_sell_20d,f87621452218
14921444,2026-09-28 14:29:39,actions-trading,Sim12,051630,skip,pb2_not_crashed,1ee0757c5223
14921444,2026-09-28 14:29:39,actions-trading,Sim12,011070,skip,avoid_orgn_sell_high_per,1bbf77c94e11
14921444,2026-09-28 14:29:39,actions-trading,Sim12,009835,skip,avoid_frgn_sell_20d,cbceaa44aef6
14921444,2026-09-28 14:29:39,actions-trading,Sim12,006110,skip,avoid_deadcat,c4b74e056d69
14921444,2026-09-28 14:29:39,actions-trading,Sim12,004710,skip,avoid_frgn_sell_20d,8957fd3eeddf
14921444,2026-09-28 14:29:39,actions-trading,Sim12,004440,skip,avoid_frgn_sell_20d,fbf3bf60b413
14921444,2026-09-28 14:29:39,actions-trading,Sim12,014285,skip,pb2_not_crashed,76cb75fb2807
14921444,2026-09-28 14:29:39,actions-trading,Sim12,047040,skip,avoid_frgn_sell_20d,8b7b555c04c8
14921444,2026-09-28 14:29:39,actions-trading,Sim12,499790,skip,avoid_frgn_sell_20d,abec686f691f
14921444,2026-09-28 14:29:39,actions-trading,Sim12,064960,skip,avoid_frgn_sell_20d,c3a75d0b47fd
14921444,2026-09-28 14:29:39,actions-trading,Sim12,007810,skip,avoid_orgn_sell_high_per,5e80f0afd83f
14921444,2026-09-28 14:29:39,actions-trading,Sim12,077500,skip,pb2_not_crashed,1214e8270a41
14921444,2026-09-28 14:29:39,actions-trading,Sim12,025620,skip,pb2_not_crashed,bc2e3627e61e
14921444,2026-09-28 14:29:39,actions-trading,Sim12,005070,skip,avoid_frgn_sell_20d,9bba034dac0c
14921444,2026-09-28 14:29:39,actions-trading,Sim12,071950,skip,avoid_deadcat,2108f3790563
14921444,2026-09-28 14:29:39,actions-trading,Sim12,020120,skip,avoid_amount_dry,b5530a1138d8
14921444,2026-09-28 14:29:39,actions-trading,Sim12,036530,skip,avoid_frgn_sell_20d,767bcd2d076c
14921444,2026-09-28 14:29:39,actions-trading,Sim12,006120,skip,avoid_frgn_sell_20d,b0c23e885589
14921444,2026-09-28 14:29:39,actions-trading,Sim12,210980,skip,avoid_amount_dry,f0589506b5fa
14921444,2026-09-28 14:29:39,actions-trading,Sim12,138040,skip,avoid_frgn_sell_20d,6e681bded8ed
14921444,2026-09-28 14:29:39,actions-trading,Sim12,361610,skip,pb2_not_crashed,03acb5390b50
14921444,2026-09-28 14:29:39,actions-trading,Sim12,014990,skip,avoid_amount_dry,b5e89d6b38b7
14921444,2026-09-28 14:29:39,actions-trading,Sim12,109070,skip,pb2_not_crashed,b6cb32d5633b
14921444,2026-09-28 14:29:39,actions-trading,Sim12,402340,skip,pb2_not_crashed,3e53609b7d2e
14921444,2026-09-28 14:29:39,actions-trading,Sim12,002787,skip,avoid_amount_dry,676f31f2d6c3
14921444,2026-09-28 14:29:39,actions-trading,Sim12,009420,skip,pb2_not_crashed,d45efb7ea14a
14921444,2026-09-28 14:29:39,actions-trading,Sim12,009190,skip,pb2_no_inst_buying,f2e5bff32a58
14921444,2026-09-28 14:29:39,actions-trading,Sim12,002820,skip,pb2_not_crashed,1f9e9ca03353
14921444,2026-09-28 14:29:39,actions-trading,Sim12,028260,skip,pb2_not_crashed,3c40846f0af2
14921444,2026-09-28 14:29:39,actions-trading,Sim12,000150,skip,avoid_frgn_sell_20d,cfabd102f430
14921444,2026-09-28 14:29:39,actions-trading,Sim12,02826K,skip,pb2_not_crashed,19346f1a6f20
14921444,2026-09-28 14:29:39,actions-trading,Sim12,005935,skip,avoid_frgn_sell_20d,d7bfe5b252f8
14921444,2026-09-28 14:29:39,actions-trading,Sim12,000500,skip,avoid_amount_dry,eb1b07f76019
14921444,2026-09-28 14:29:39,actions-trading,Sim12,034730,skip,pb2_not_crashed,96f8ab9ee8f1
14921444,2026-09-28 14:29:39,actions-trading,Sim12,069960,skip,avoid_amount_dry,a751b249d79b
14921444,2026-09-28 14:29:39,actions-trading,Sim12,002870,skip,avoid_amount_dry,4dc891879681
14921444,2026-09-28 14:29:39,actions-trading,Sim12,011090,skip,avoid_amount_dry,dc94a3058072
14921444,2026-09-28 14:29:39,actions-trading,Sim12,03473K,skip,avoid_frgn_sell_20d,4e503e849a01
14921444,2026-09-28 14:29:39,actions-trading,Sim12,000660,skip,avoid_frgn_sell_20d,58a5a16911a5
14921444,2026-09-28 14:29:39,actions-trading,Sim12,005930,skip,pb2_not_crashed,a528d9d73565
14921444,2026-09-28 14:29:39,actions-trading,Sim12,007660,skip,pb2_not_crashed,d39a7e5db5fc
14921444,2026-09-28 14:29:39,actions-trading,Sim12,002070,skip,avoid_amount_dry,aa781cba1a00
14921444,2026-09-28 14:29:39,actions-trading,Sim12,192650,skip,avoid_frgn_sell_20d,fdd75914ae0f
14921444,2026-09-28 14:29:39,actions-trading,Sim12,101140,skip,avoid_amount_dry,1ee58d75c692
14921444,2026-09-28 14:29:39,actions-trading,Sim12,298040,skip,pb2_not_crashed,3c9b27bd90f3
14921444,2026-09-28 14:29:39,actions-trading,Sim12,011390,skip,avoid_amount_dry,72bba43eb01f
14921444,2026-09-28 14:29:39,actions-trading,Sim12,128940,skip,avoid_amount_dry,52ab90e5d067
14921444,2026-09-28 14:29:39,actions-trading,Sim12,000760,skip,avoid_amount_dry,c529fd494c74
14921444,2026-09-28 14:29:39,actions-trading,Sim12,002030,skip,avoid_frgn_sell_20d,8add6ed4bccd
14921444,2026-09-28 14:29:39,actions-trading,Sim12,044820,skip,avoid_amount_dry,3b231e60afdf
14921444,2026-09-28 14:29:39,actions-trading,Sim12,010580,skip,avoid_amount_dry,d0970ca37ec0
14921444,2026-09-28 14:29:40,actions-trading,Sim13,003580,skip,theme_momentum_weak,9745037e17a3
14921444,2026-09-28 14:29:40,actions-trading,Sim13,044380,skip,theme_momentum_weak,f78eb20da5d3
14921444,2026-09-28 14:29:40,actions-trading,Sim13,014280,skip,theme_momentum_weak,d633b83bd2b7
14921444,2026-09-28 14:29:40,actions-trading,Sim13,009830,skip,theme_momentum_weak,a5e4d5dc0a1e
14921444,2026-09-28 14:29:40,actions-trading,Sim13,003570,skip,theme_momentum_weak,916495fce8a6
14921444,2026-09-28 14:29:40,actions-trading,Sim13,002360,skip,held_or_cooldown,2a4060271fe7
14921444,2026-09-28 14:29:40,actions-trading,Sim13,001527,skip,theme_momentum_weak,45a23ad91263
14921444,2026-09-28 14:29:40,actions-trading,Sim13,010060,skip,theme_momentum_weak,db19fb11d42a
14921444,2026-09-28 14:29:40,actions-trading,Sim13,025560,skip,theme_momentum_weak,f87621452218
14921444,2026-09-28 14:29:40,actions-trading,Sim13,051630,skip,adx_weak,1ee0757c5223
14921444,2026-09-28 14:29:40,actions-trading,Sim13,011070,skip,theme_momentum_weak,1bbf77c94e11
14921444,2026-09-28 14:29:40,actions-trading,Sim13,009835,skip,theme_momentum_weak,cbceaa44aef6
14921444,2026-09-28 14:29:40,actions-trading,Sim13,006110,skip,theme_momentum_weak,c4b74e056d69
14921444,2026-09-28 14:29:40,actions-trading,Sim13,004710,skip,no_frgn_support,8957fd3eeddf
14921444,2026-09-28 14:29:40,actions-trading,Sim13,004440,skip,theme_momentum_weak,fbf3bf60b413
14921444,2026-09-28 14:29:40,actions-trading,Sim13,014285,skip,theme_momentum_weak,76cb75fb2807
14921444,2026-09-28 14:29:40,actions-trading,Sim13,047040,skip,theme_momentum_weak,8b7b555c04c8
14921444,2026-09-28 14:29:40,actions-trading,Sim13,499790,skip,theme_momentum_weak,abec686f691f
14921444,2026-09-28 14:29:40,actions-trading,Sim13,064960,skip,theme_momentum_weak,c3a75d0b47fd
14921444,2026-09-28 14:29:40,actions-trading,Sim13,007810,skip,theme_momentum_weak,5e80f0afd83f
14921444,2026-09-28 14:29:40,actions-trading,Sim13,077500,skip,held_or_cooldown,1214e8270a41
14921444,2026-09-28 14:29:40,actions-trading,Sim13,025620,skip,theme_momentum_weak,bc2e3627e61e
14921444,2026-09-28 14:29:40,actions-trading,Sim13,005070,skip,theme_momentum_weak,9bba034dac0c
14921444,2026-09-28 14:29:40,actions-trading,Sim13,071950,skip,theme_momentum_weak,2108f3790563
14921444,2026-09-28 14:29:40,actions-trading,Sim13,020120,skip,adx_weak,b5530a1138d8
14921444,2026-09-28 14:29:40,actions-trading,Sim13,036530,skip,theme_momentum_weak,767bcd2d076c
14921444,2026-09-28 14:29:40,actions-trading,Sim13,006120,skip,no_frgn_support,b0c23e885589
14921444,2026-09-28 14:29:40,actions-trading,Sim13,210980,skip,theme_momentum_weak,f0589506b5fa
14921444,2026-09-28 14:29:40,actions-trading,Sim13,138040,skip,theme_momentum_weak,6e681bded8ed
14921444,2026-09-28 14:29:40,actions-trading,Sim13,361610,skip,theme_momentum_weak,03acb5390b50
14921445,2026-09-28 14:31:01,actions-trading,Sim3,402340,skip,qty_zero,7d35784cb0d8
14921445,2026-09-28 14:31:01,actions-trading,Sim3,383800,skip,amount,f107b81e37d2
14921445,2026-09-28 14:31:01,actions-trading,Sim3,462870,skip,amount,ff3c989229df
14921445,2026-09-28 14:31:01,actions-trading,Sim3,000660,skip,qty_zero,edac76779a88
14921445,2026-09-28 14:31:01,actions-trading,Sim3,071970,skip,amount,a1d389b3fb85
14921445,2026-09-28 14:31:01,actions-trading,Sim3,042700,skip,not_cheap,778214eaf593
14921445,2026-09-28 14:31:01,actions-trading,Sim3,326030,skip,amount,17c9e4c8ae63
14921445,2026-09-28 14:31:01,actions-trading,Sim3,207940,skip,not_cheap,4252a6839a7a
14921445,2026-09-28 14:31:01,actions-trading,Sim3,033920,skip,amount,46d27bd4f989
14921445,2026-09-28 14:31:01,actions-trading,Sim3,004770,skip,amount,82275ec105f9
14921445,2026-09-28 14:31:01,actions-trading,Sim3,0126Z0,skip,not_cheap,884930444a55
14921445,2026-09-28 14:31:01,actions-trading,Sim3,062040,skip,not_cheap,8ec99198976b
14921445,2026-09-28 14:31:01,actions-trading,Sim3,317450,skip,amount,58a929bff480
14921445,2026-09-28 14:31:01,actions-trading,Sim3,026960,skip,amount,209d7daaf0b7
14921445,2026-09-28 14:31:01,actions-trading,Sim3,021820,skip,amount,31b7c782a81b
14921445,2026-09-28 14:31:01,actions-trading,Sim3,192080,skip,amount,6165febac36e
14921445,2026-09-28 14:31:01,actions-trading,Sim3,068270,skip,cooldown,a5feefaaa6ea
14921445,2026-09-28 14:31:01,actions-trading,Sim3,123890,skip,amount,4c376b66e0d1
14921445,2026-09-28 14:31:01,actions-trading,Sim3,000240,skip,amount,46175bd39634
14921445,2026-09-28 14:31:01,actions-trading,Sim3,002380,skip,cooldown,8170cfe187de
14921445,2026-09-28 14:31:01,actions-trading,Sim3,009770,skip,amount,4ae1f694d7a7
14921445,2026-09-28 14:31:01,actions-trading,Sim3,259960,skip,cooldown,924b1645558a
14921445,2026-09-28 14:31:01,actions-trading,Sim3,035250,skip,amount,e98108cb533b
14921445,2026-09-28 14:31:01,actions-trading,Sim3,383220,skip,amount,5edd39d585f4
14921445,2026-09-28 14:31:01,actions-trading,Sim3,226320,skip,amount,1084a74d66e3
14921445,2026-09-28 14:31:01,actions-trading,Sim3,439260,skip,amount,018777a4d1d5
14921445,2026-09-28 14:31:01,actions-trading,Sim3,025560,skip,cooldown,d0b3128cfe67
14921445,2026-09-28 14:31:01,actions-trading,Sim3,007700,skip,amount,e711320b8da6
14921445,2026-09-28 14:31:01,actions-trading,Sim3,278470,skip,not_cheap,da05fa9632ef
14921445,2026-09-28 14:31:01,actions-trading,Sim3,000990,skip,not_cheap,2e5c6a38cc2c
14921445,2026-09-28 14:31:39,actions-trading,MFHS2,047040,skip,max_holdings,6ca3b7978b70
14921445,2026-09-28 14:31:39,actions-trading,MFHS2,005880,seen,,eca1cf2d758e
14921445,2026-09-28 14:31:39,actions-trading,MFHS2,024110,seen,,65ebf80b2e9f
14921445,2026-09-28 14:31:39,actions-trading,MFHS2,009830,seen,,b3c0ec6fa8ba
14921445,2026-09-28 14:31:39,actions-trading,MFHS2,018880,seen,,57f746109daa
14921445,2026-09-28 14:31:39,actions-trading,MFHS2,316140,seen,,6c2292e5ca12
14921445,2026-09-28 14:31:39,actions-trading,MFHS2,088350,seen,,c2b633eb26fa
14921445,2026-09-28 14:31:39,actions-trading,MFHS2,003280,seen,,c3cdf727e224
14921445,2026-09-28 14:31:39,actions-trading,MFHS2,006360,seen,,130484582e8c
14921445,2026-09-28 14:31:39,actions-trading,MFHS2,073240,seen,,8dcd99574748
14921445,2026-09-28 14:31:39,actions-trading,MFHS2,011200,seen,,3522272ca8a5
14921445,2026-09-28 14:31:39,actions-trading,MFHS2,004020,seen,,4212394d8576
14921445,2026-09-28 14:31:39,actions-trading,MFHS2,015760,seen,,a7739b3851d3
14921445,2026-09-28 14:31:39,actions-trading,MFHS2,032640,seen,,b10dc338bc92
14921445,2026-09-28 14:31:39,actions-trading,MFHS2,003490,seen,,5a00fe6f23bd
14921445,2026-09-28 14:31:39,actions-trading,MFHS2,279570,seen,,e8f07f322133
14921445,2026-09-28 14:31:39,actions-trading,MFHS2,096770,seen,,4cafce4d93c5
14921445,2026-09-28 14:31:39,actions-trading,MFHS2,047050,seen,,0d56e0889ad9
14921445,2026-09-28 14:31:39,actions-trading,MFHS2,323410,seen,,b9b2f2927c19
14921445,2026-09-28 14:31:39,actions-trading,MFHS2,035420,seen,,6b2c0253ba1b
14921445,2026-09-28 14:31:39,actions-trading,MFHS2,004710,seen,,87243008b1bd
14921445,2026-09-28 14:31:39,actions-trading,MFHS2,008970,seen,,8f24a9048517
14921445,2026-09-28 14:31:39,actions-trading,MFHS2,139130,seen,,dc35431c186b
14921445,2026-09-28 14:31:39,actions-trading,MFHS2,007810,seen,,a28124757191
14921445,2026-09-28 14:31:39,actions-trading,MFHS2,035720,seen,,eb88b4b20dee
14921445,2026-09-28 14:31:39,actions-trading,MFHS2,003530,seen,,fef209469875
14921445,2026-09-28 14:31:39,actions-trading,MFHS2,000720,seen,,7c1f98bda7f4
14921445,2026-09-28 14:31:39,actions-trading,MFHS2,051630,seen,,3c0bbe9f06dc
14921445,2026-09-28 14:31:39,actions-trading,MFHS2,002360,seen,,35b46b94f2fa
14921445,2026-09-28 14:31:39,actions-trading,MFHS2,028670,seen,,2c93ef8657ca
14921445,2026-09-28 14:31:43,actions-trading,상승모멘텀,003580,skip,max_holdings,be426bc160f0
14921445,2026-09-28 14:31:43,actions-trading,상승모멘텀,009830,seen,,b3c0ec6fa8ba
14921445,2026-09-28 14:31:43,actions-trading,상승모멘텀,003570,seen,,61aa624f629e
14921445,2026-09-28 14:31:43,actions-trading,상승모멘텀,014280,seen,,a92a51c68140
14921445,2026-09-28 14:31:43,actions-trading,상승모멘텀,002360,seen,,35b46b94f2fa
14921445,2026-09-28 14:31:43,actions-trading,상승모멘텀,044380,seen,,54b7feacb3c1
14921445,2026-09-28 14:31:43,actions-trading,상승모멘텀,010060,seen,,fa105c677f3e
14921445,2026-09-28 14:31:43,actions-trading,상승모멘텀,025560,seen,,1e21531001cb
14921445,2026-09-28 14:31:43,actions-trading,상승모멘텀,051630,seen,,3c0bbe9f06dc
14921445,2026-09-28 14:31:43,actions-trading,상승모멘텀,001527,seen,,ae776f4cb8ee
14921445,2026-09-28 14:31:43,actions-trading,상승모멘텀,011070,seen,,198dbb30a00c
14921445,2026-09-28 14:31:43,actions-trading,상승모멘텀,004710,seen,,87243008b1bd
14921445,2026-09-28 14:31:43,actions-trading,상승모멘텀,004440,seen,,bb1e756756f0
14921445,2026-09-28 14:31:43,actions-trading,상승모멘텀,006110,seen,,eaf78d536f85
14921445,2026-09-28 14:31:43,actions-trading,상승모멘텀,009835,seen,,f08425e75c40
14921445,2026-09-28 14:31:43,actions-trading,상승모멘텀,047040,seen,,6ca3b7978b70
14921445,2026-09-28 14:31:43,actions-trading,상승모멘텀,499790,seen,,ce41dc3cd8d0
14921445,2026-09-28 14:31:43,actions-trading,상승모멘텀,064960,seen,,c1c80bcd890a
14921445,2026-09-28 14:31:43,actions-trading,상승모멘텀,007810,seen,,a28124757191
14921445,2026-09-28 14:31:43,actions-trading,상승모멘텀,020120,seen,,69bd2fddc575
14921445,2026-09-28 14:31:43,actions-trading,상승모멘텀,025620,seen,,03f9a2ecabd6
14921445,2026-09-28 14:31:43,actions-trading,상승모멘텀,077500,seen,,0f810a45c736
14921445,2026-09-28 14:31:43,actions-trading,상승모멘텀,071950,seen,,2108f3790563
14921445,2026-09-28 14:31:43,actions-trading,상승모멘텀,036530,seen,,c864a08b2154
14921445,2026-09-28 14:31:43,actions-trading,상승모멘텀,005070,seen,,f17480604b52
14921445,2026-09-28 14:31:43,actions-trading,상승모멘텀,006120,seen,,b3384d2fe234
14921445,2026-09-28 14:31:43,actions-trading,상승모멘텀,003030,seen,,444581619d25
14921445,2026-09-28 14:31:43,actions-trading,상승모멘텀,306200,seen,,f9600ca05c17
14921445,2026-09-28 14:31:43,actions-trading,상승모멘텀,210980,seen,,eb3ab8e3e7ee
14921445,2026-09-28 14:31:43,actions-trading,상승모멘텀,361610,seen,,12a2aaf25692
14921445,2026-09-28 14:31:43,actions-trading,Sim4-1,003580,skip,amount,be426bc160f0
14921445,2026-09-28 14:31:43,actions-trading,Sim4-1,009830,skip,period,b3c0ec6fa8ba
14921445,2026-09-28 14:31:43,actions-trading,Sim4-1,003570,skip,adx_high,61aa624f629e
14921445,2026-09-28 14:31:43,actions-trading,Sim4-1,014280,skip,adx_low,a92a51c68140
14921445,2026-09-28 14:31:43,actions-trading,Sim4-1,002360,skip,held_or_cooldown,35b46b94f2fa
14921445,2026-09-28 14:31:43,actions-trading,Sim4-1,044380,skip,amount,54b7feacb3c1
14921445,2026-09-28 14:31:43,actions-trading,Sim4-1,010060,skip,adx_low,fa105c677f3e
14921445,2026-09-28 14:31:43,actions-trading,Sim4-1,025560,skip,adx_high,1e21531001cb
14921445,2026-09-28 14:31:43,actions-trading,Sim4-1,051630,skip,amount,3c0bbe9f06dc
14921445,2026-09-28 14:31:43,actions-trading,Sim4-1,001527,skip,amount,ae776f4cb8ee
14921445,2026-09-28 14:31:43,actions-trading,Sim4-1,011070,skip,period,198dbb30a00c
14921445,2026-09-28 14:31:43,actions-trading,Sim4-1,004710,skip,held_or_cooldown,87243008b1bd
14921445,2026-09-28 14:31:43,actions-trading,Sim4-1,004440,skip,amount,bb1e756756f0
14921445,2026-09-28 14:31:43,actions-trading,Sim4-1,006110,skip,adx_high,eaf78d536f85
14921445,2026-09-28 14:31:43,actions-trading,Sim4-1,009835,skip,amount,f08425e75c40
14921445,2026-09-28 14:31:43,actions-trading,Sim4-1,047040,skip,period,6ca3b7978b70
14921445,2026-09-28 14:31:43,actions-trading,Sim4-1,499790,skip,amount,ce41dc3cd8d0
14921445,2026-09-28 14:31:43,actions-trading,Sim4-1,064960,skip,adx_high,c1c80bcd890a
14921445,2026-09-28 14:31:43,actions-trading,Sim4-1,007810,skip,adx_high,a28124757191
14921445,2026-09-28 14:31:43,actions-trading,Sim4-1,020120,skip,amount,69bd2fddc575
14921445,2026-09-28 14:31:43,actions-trading,Sim4-1,025620,skip,amount,03f9a2ecabd6
14921445,2026-09-28 14:31:43,actions-trading,Sim4-1,077500,skip,adx_high,0f810a45c736
14921445,2026-09-28 14:31:43,actions-trading,Sim4-1,071950,skip,amount,2108f3790563
14921445,2026-09-28 14:31:43,actions-trading,Sim4-1,036530,skip,amount,c864a08b2154
14921445,2026-09-28 14:31:43,actions-trading,Sim4-1,005070,skip,adx_low,f17480604b52
14921445,2026-09-28 14:31:43,actions-trading,Sim4-1,006120,skip,adx_high,b3384d2fe234
14921445,2026-09-28 14:31:43,actions-trading,Sim4-1,003030,skip,amount,444581619d25
14921445,2026-09-28 14:31:43,actions-trading,Sim4-1,306200,skip,amount,f9600ca05c17
14921445,2026-09-28 14:31:43,actions-trading,Sim4-1,210980,skip,amount,eb3ab8e3e7ee
14921445,2026-09-28 14:31:43,actions-trading,Sim4-1,361610,skip,adx_high,12a2aaf25692
14921445,2026-09-28 14:31:45,actions-trading,선행매집,047040,skip,below_anchor,6ca3b7978b70
14921445,2026-09-28 14:31:45,actions-trading,선행매집,009830,skip,below_anchor,b3c0ec6fa8ba
14921445,2026-09-28 14:31:45,actions-trading,선행매집,005880,skip,below_anchor,eca1cf2d758e
14921445,2026-09-28 14:31:45,actions-trading,선행매집,018880,skip,below_anchor,57f746109daa
14921445,2026-09-28 14:31:45,actions-trading,선행매집,024110,skip,below_anchor,65ebf80b2e9f
14921445,2026-09-28 14:31:45,actions-trading,선행매집,088350,skip,below_anchor,c2b633eb26fa
14921445,2026-09-28 14:31:45,actions-trading,선행매집,073240,skip,below_anchor,8dcd99574748
14921445,2026-09-28 14:31:45,actions-trading,선행매집,003280,skip,below_anchor,c3cdf727e224
14921445,2026-09-28 14:31:45,actions-trading,선행매집,316140,skip,no_setup,6c2292e5ca12
14921445,2026-09-28 14:31:45,actions-trading,선행매집,015760,skip,below_anchor,a7739b3851d3
14921445,2026-09-28 14:31:45,actions-trading,선행매집,011200,skip,sold_or_cooldown,3522272ca8a5
14921445,2026-09-28 14:31:45,actions-trading,선행매집,006360,skip,below_anchor,130484582e8c
14921445,2026-09-28 14:31:45,actions-trading,선행매집,004710,skip,below_anchor,87243008b1bd
14921445,2026-09-28 14:31:45,actions-trading,선행매집,096770,skip,held_awaiting_breakout,4cafce4d93c5
14921445,2026-09-28 14:31:45,actions-trading,선행매집,035420,skip,below_anchor,6b2c0253ba1b
14921445,2026-09-28 14:31:45,actions-trading,선행매집,032640,skip,below_anchor,b10dc338bc92
14921445,2026-09-28 14:31:45,actions-trading,선행매집,003490,skip,sold_or_cooldown,5a00fe6f23bd
14921445,2026-09-28 14:31:45,actions-trading,선행매집,000720,skip,below_anchor,7c1f98bda7f4
14921445,2026-09-28 14:31:45,actions-trading,선행매집,047050,skip,below_anchor,0d56e0889ad9
14921445,2026-09-28 14:31:45,actions-trading,선행매집,004020,skip,below_anchor,4212394d8576
14921445,2026-09-28 14:31:45,actions-trading,선행매집,035720,skip,below_anchor,eb88b4b20dee
14921445,2026-09-28 14:31:45,actions-trading,선행매집,008970,skip,amount,8f24a9048517
14921445,2026-09-28 14:31:45,actions-trading,선행매집,066570,skip,below_anchor,7bef9dd15c3a
14921445,2026-09-28 14:31:45,actions-trading,선행매집,279570,skip,below_anchor,e8f07f322133
14921445,2026-09-28 14:31:45,actions-trading,선행매집,139130,skip,no_setup,dc35431c186b
14921445,2026-09-28 14:31:45,actions-trading,선행매집,028670,skip,no_setup,2c93ef8657ca
14921445,2026-09-28 14:31:45,actions-trading,선행매집,002360,skip,no_setup,35b46b94f2fa
14921445,2026-09-28 14:31:45,actions-trading,선행매집,007810,skip,below_anchor,a28124757191
14921445,2026-09-28 14:31:45,actions-trading,선행매집,323410,skip,below_anchor,b9b2f2927c19
14921445,2026-09-28 14:31:45,actions-trading,선행매집,003530,skip,below_anchor,fef209469875
14921445,2026-09-28 14:31:45,actions-trading,Sim9,003580,skip,amount,be426bc160f0
14921445,2026-09-28 14:31:45,actions-trading,Sim9,009830,skip,gap,b3c0ec6fa8ba
14921445,2026-09-28 14:31:45,actions-trading,Sim9,003570,skip,gap,61aa624f629e
14921445,2026-09-28 14:31:45,actions-trading,Sim9,014280,skip,gap,a92a51c68140
14921445,2026-09-28 14:31:45,actions-trading,Sim9,002360,skip,gap,35b46b94f2fa
14921445,2026-09-28 14:31:45,actions-trading,Sim9,044380,skip,amount,54b7feacb3c1
14921445,2026-09-28 14:31:45,actions-trading,Sim9,010060,skip,gap,fa105c677f3e
14921445,2026-09-28 14:31:45,actions-trading,Sim9,025560,skip,gap,1e21531001cb
14921445,2026-09-28 14:31:45,actions-trading,Sim9,051630,skip,gap,3c0bbe9f06dc
14921445,2026-09-28 14:31:45,actions-trading,Sim9,001527,skip,amount,ae776f4cb8ee
14921445,2026-09-28 14:31:45,actions-trading,Sim9,011070,skip,gap,198dbb30a00c
14921445,2026-09-28 14:31:45,actions-trading,Sim9,004710,skip,gap,87243008b1bd
14921445,2026-09-28 14:31:45,actions-trading,Sim9,004440,skip,amount,bb1e756756f0
14921445,2026-09-28 14:31:45,actions-trading,Sim9,006110,skip,gap,eaf78d536f85
14921445,2026-09-28 14:31:45,actions-trading,Sim9,009835,skip,amount,f08425e75c40
14921445,2026-09-28 14:31:45,actions-trading,Sim9,047040,skip,gap,6ca3b7978b70
14921445,2026-09-28 14:31:45,actions-trading,Sim9,499790,skip,gap,ce41dc3cd8d0
14921445,2026-09-28 14:31:45,actions-trading,Sim9,064960,skip,gap,c1c80bcd890a
14921445,2026-09-28 14:31:45,actions-trading,Sim9,007810,skip,gap,a28124757191
14921445,2026-09-28 14:31:45,actions-trading,Sim9,020120,skip,gap,69bd2fddc575
14921445,2026-09-28 14:31:45,actions-trading,Sim9,025620,skip,amount,03f9a2ecabd6
14921445,2026-09-28 14:31:45,actions-trading,Sim9,077500,skip,gap,0f810a45c736
14921445,2026-09-28 14:31:45,actions-trading,Sim9,071950,skip,amount,2108f3790563
14921445,2026-09-28 14:31:45,actions-trading,Sim9,036530,skip,gap,c864a08b2154
14921445,2026-09-28 14:31:45,actions-trading,Sim9,005070,skip,gap,f17480604b52
14921445,2026-09-28 14:31:45,actions-trading,Sim9,006120,skip,gap,b3384d2fe234
14921445,2026-09-28 14:31:45,actions-trading,Sim9,003030,skip,gap,444581619d25
14921445,2026-09-28 14:31:45,actions-trading,Sim9,306200,skip,gap,f9600ca05c17
14921445,2026-09-28 14:31:45,actions-trading,Sim9,210980,skip,amount,eb3ab8e3e7ee
14921445,2026-09-28 14:31:45,actions-trading,Sim9,361610,skip,gap,12a2aaf25692
14921445,2026-09-28 14:31:45,actions-trading,미너비니,192820,skip,below_pivot,f8742be97446
14921445,2026-09-28 14:31:45,actions-trading,미너비니,443060,skip,below_pivot,933b63e7ca0d
14921445,2026-09-28 14:31:45,actions-trading,Sim12,003580,skip,pb2_not_crashed,be426bc160f0
14921445,2026-09-28 14:31:45,actions-trading,Sim12,009830,skip,pb2_not_crashed,b3c0ec6fa8ba
14921445,2026-09-28 14:31:45,actions-trading,Sim12,003570,skip,avoid_frgn_sell_20d,61aa624f629e
14921445,2026-09-28 14:31:45,actions-trading,Sim12,014280,skip,pb2_not_crashed,a92a51c68140
14921445,2026-09-28 14:31:45,actions-trading,Sim12,002360,skip,pb2_not_crashed,35b46b94f2fa
14921445,2026-09-28 14:31:45,actions-trading,Sim12,044380,skip,avoid_deadcat,54b7feacb3c1
14921445,2026-09-28 14:31:45,actions-trading,Sim12,010060,skip,pb2_not_crashed,fa105c677f3e
14921445,2026-09-28 14:31:45,actions-trading,Sim12,025560,skip,avoid_frgn_sell_20d,1e21531001cb
14921445,2026-09-28 14:31:45,actions-trading,Sim12,051630,skip,pb2_not_crashed,3c0bbe9f06dc
14921445,2026-09-28 14:31:45,actions-trading,Sim12,001527,skip,avoid_deadcat,ae776f4cb8ee
14921445,2026-09-28 14:31:45,actions-trading,Sim12,011070,skip,avoid_orgn_sell_high_per,198dbb30a00c
14921445,2026-09-28 14:31:45,actions-trading,Sim12,004710,skip,avoid_frgn_sell_20d,87243008b1bd
14921445,2026-09-28 14:31:45,actions-trading,Sim12,004440,skip,avoid_frgn_sell_20d,bb1e756756f0
14921445,2026-09-28 14:31:45,actions-trading,Sim12,006110,skip,avoid_deadcat,eaf78d536f85
14921445,2026-09-28 14:31:45,actions-trading,Sim12,009835,skip,avoid_frgn_sell_20d,f08425e75c40
14921445,2026-09-28 14:31:45,actions-trading,Sim12,047040,skip,avoid_frgn_sell_20d,6ca3b7978b70
14921445,2026-09-28 14:31:45,actions-trading,Sim12,499790,skip,avoid_frgn_sell_20d,ce41dc3cd8d0
14921445,2026-09-28 14:31:45,actions-trading,Sim12,064960,skip,avoid_frgn_sell_20d,c1c80bcd890a
14921445,2026-09-28 14:31:45,actions-trading,Sim12,007810,skip,avoid_orgn_sell_high_per,a28124757191
14921445,2026-09-28 14:31:45,actions-trading,Sim12,020120,skip,avoid_amount_dry,69bd2fddc575
14921445,2026-09-28 14:31:45,actions-trading,Sim12,025620,skip,pb2_not_crashed,03f9a2ecabd6
14921445,2026-09-28 14:31:45,actions-trading,Sim12,077500,skip,pb2_not_crashed,0f810a45c736
14921445,2026-09-28 14:31:45,actions-trading,Sim12,071950,skip,avoid_deadcat,2108f3790563
14921445,2026-09-28 14:31:45,actions-trading,Sim12,036530,skip,avoid_frgn_sell_20d,c864a08b2154
14921445,2026-09-28 14:31:45,actions-trading,Sim12,005070,skip,avoid_frgn_sell_20d,f17480604b52
14921445,2026-09-28 14:31:45,actions-trading,Sim12,006120,skip,avoid_frgn_sell_20d,b3384d2fe234
14921445,2026-09-28 14:31:45,actions-trading,Sim12,003030,skip,pb2_not_crashed,444581619d25
14921445,2026-09-28 14:31:45,actions-trading,Sim12,306200,skip,pb2_not_crashed,f9600ca05c17
14921445,2026-09-28 14:31:45,actions-trading,Sim12,210980,skip,avoid_amount_dry,eb3ab8e3e7ee
14921445,2026-09-28 14:31:45,actions-trading,Sim12,361610,skip,pb2_not_crashed,12a2aaf25692
14921445,2026-09-28 14:31:45,actions-trading,Sim12,014990,skip,avoid_amount_dry,8ff43f2db8c7
14921445,2026-09-28 14:31:45,actions-trading,Sim12,109070,skip,pb2_not_crashed,30779c355664
14921445,2026-09-28 14:31:45,actions-trading,Sim12,402340,skip,pb2_not_crashed,5a04de50d5d0
14921445,2026-09-28 14:31:45,actions-trading,Sim12,002820,skip,pb2_not_crashed,ac9ae696ecbd
14921445,2026-09-28 14:31:45,actions-trading,Sim12,009420,skip,pb2_not_crashed,5376772bc14e
14921445,2026-09-28 14:31:45,actions-trading,Sim12,002787,skip,avoid_amount_dry,937caeb0a5fa
14921445,2026-09-28 14:31:45,actions-trading,Sim12,009190,skip,pb2_no_inst_buying,85c2b613356f
14921445,2026-09-28 14:31:45,actions-trading,Sim12,004545,skip,pb2_not_crashed,fdcd55706703
14921445,2026-09-28 14:31:45,actions-trading,Sim12,028260,skip,pb2_not_crashed,7d9d85ca1a94
14921445,2026-09-28 14:31:45,actions-trading,Sim12,000150,skip,avoid_frgn_sell_20d,55e6b3bf8945
14921445,2026-09-28 14:31:45,actions-trading,Sim12,005935,skip,avoid_frgn_sell_20d,40b2ba02f584
14921445,2026-09-28 14:31:45,actions-trading,Sim12,000500,skip,avoid_amount_dry,76aae1a9a585
14921445,2026-09-28 14:31:45,actions-trading,Sim12,069960,skip,avoid_amount_dry,76b2e7bd24bd
14921445,2026-09-28 14:31:45,actions-trading,Sim12,034730,skip,pb2_not_crashed,5ed232e655e2
14921445,2026-09-28 14:31:45,actions-trading,Sim12,02826K,skip,pb2_not_crashed,4f1d867ecb22
14921445,2026-09-28 14:31:45,actions-trading,Sim12,03473K,skip,avoid_frgn_sell_20d,bee17538e707
14921445,2026-09-28 14:31:45,actions-trading,Sim12,011090,skip,avoid_amount_dry,dc94a3058072
14921445,2026-09-28 14:31:45,actions-trading,Sim12,192650,skip,avoid_frgn_sell_20d,b05f740f0fd4
14921445,2026-09-28 14:31:45,actions-trading,Sim12,000660,skip,avoid_frgn_sell_20d,1b9e80260b5a
14921445,2026-09-28 14:31:45,actions-trading,Sim12,005930,skip,pb2_not_crashed,adb9f2d37ed2
14921445,2026-09-28 14:31:45,actions-trading,Sim12,007660,skip,pb2_not_crashed,b9773ab9b6fe
14921445,2026-09-28 14:31:45,actions-trading,Sim12,002870,skip,avoid_amount_dry,11151c76c223
14921445,2026-09-28 14:31:45,actions-trading,Sim12,002070,skip,avoid_amount_dry,e8fd1c875826
14921445,2026-09-28 14:31:45,actions-trading,Sim12,298040,skip,pb2_not_crashed,51aabf8623d0
14921445,2026-09-28 14:31:45,actions-trading,Sim12,101140,skip,avoid_amount_dry,1ee58d75c692
14921445,2026-09-28 14:31:45,actions-trading,Sim12,128940,skip,avoid_amount_dry,387516cf1823
14921445,2026-09-28 14:31:45,actions-trading,Sim12,011390,skip,avoid_amount_dry,72bba43eb01f
14921445,2026-09-28 14:31:45,actions-trading,Sim12,010580,skip,avoid_amount_dry,61c3342dcd9f
14921445,2026-09-28 14:31:45,actions-trading,Sim12,002030,skip,avoid_frgn_sell_20d,0784fd677f3f
14921445,2026-09-28 14:31:45,actions-trading,Sim12,000760,skip,avoid_amount_dry,f1332d5a3898
14921445,2026-09-28 14:31:46,actions-trading,Sim13,003580,skip,theme_momentum_weak,be426bc160f0
14921445,2026-09-28 14:31:46,actions-trading,Sim13,009830,skip,theme_momentum_weak,b3c0ec6fa8ba
14921445,2026-09-28 14:31:46,actions-trading,Sim13,003570,skip,theme_momentum_weak,61aa624f629e
14921445,2026-09-28 14:31:46,actions-trading,Sim13,014280,skip,theme_momentum_weak,a92a51c68140
14921445,2026-09-28 14:31:46,actions-trading,Sim13,002360,skip,held_or_cooldown,35b46b94f2fa
14921445,2026-09-28 14:31:46,actions-trading,Sim13,044380,skip,theme_momentum_weak,54b7feacb3c1
14921445,2026-09-28 14:31:46,actions-trading,Sim13,010060,skip,theme_momentum_weak,fa105c677f3e
14921445,2026-09-28 14:31:46,actions-trading,Sim13,025560,skip,theme_momentum_weak,1e21531001cb
14921445,2026-09-28 14:31:46,actions-trading,Sim13,051630,skip,adx_weak,3c0bbe9f06dc
14921445,2026-09-28 14:31:46,actions-trading,Sim13,001527,skip,theme_momentum_weak,ae776f4cb8ee
14921445,2026-09-28 14:31:46,actions-trading,Sim13,011070,skip,theme_momentum_weak,198dbb30a00c
14921445,2026-09-28 14:31:46,actions-trading,Sim13,004710,skip,no_frgn_support,87243008b1bd
14921445,2026-09-28 14:31:46,actions-trading,Sim13,004440,skip,theme_momentum_weak,bb1e756756f0
14921445,2026-09-28 14:31:46,actions-trading,Sim13,006110,skip,theme_momentum_weak,eaf78d536f85
14921445,2026-09-28 14:31:46,actions-trading,Sim13,009835,skip,theme_momentum_weak,f08425e75c40
14921445,2026-09-28 14:31:46,actions-trading,Sim13,047040,skip,theme_momentum_weak,6ca3b7978b70
14921445,2026-09-28 14:31:46,actions-trading,Sim13,499790,skip,theme_momentum_weak,ce41dc3cd8d0
14921445,2026-09-28 14:31:46,actions-trading,Sim13,064960,skip,theme_momentum_weak,c1c80bcd890a
14921445,2026-09-28 14:31:46,actions-trading,Sim13,007810,skip,theme_momentum_weak,a28124757191
14921445,2026-09-28 14:31:46,actions-trading,Sim13,020120,skip,adx_weak,69bd2fddc575
14921445,2026-09-28 14:31:46,actions-trading,Sim13,025620,skip,theme_momentum_weak,03f9a2ecabd6
14921445,2026-09-28 14:31:46,actions-trading,Sim13,077500,skip,held_or_cooldown,0f810a45c736
14921445,2026-09-28 14:31:46,actions-trading,Sim13,071950,skip,theme_momentum_weak,2108f3790563
14921445,2026-09-28 14:31:46,actions-trading,Sim13,036530,skip,theme_momentum_weak,c864a08b2154
14921445,2026-09-28 14:31:46,actions-trading,Sim13,005070,skip,theme_momentum_weak,f17480604b52
14921445,2026-09-28 14:31:46,actions-trading,Sim13,006120,skip,no_frgn_support,b3384d2fe234
14921445,2026-09-28 14:31:46,actions-trading,Sim13,003030,skip,theme_momentum_weak,444581619d25
14921445,2026-09-28 14:31:46,actions-trading,Sim13,306200,skip,theme_momentum_weak,f9600ca05c17
14921445,2026-09-28 14:31:46,actions-trading,Sim13,210980,skip,theme_momentum_weak,eb3ab8e3e7ee
14921445,2026-09-28 14:31:46,actions-trading,Sim13,361610,skip,theme_momentum_weak,12a2aaf25692
14921446,2026-09-28 14:32:59,actions-trading,Sim3,402340,skip,qty_zero,30d46e7ec892
14921446,2026-09-28 14:32:59,actions-trading,Sim3,383800,skip,amount,f107b81e37d2
14921446,2026-09-28 14:32:59,actions-trading,Sim3,462870,skip,amount,04b86895dd42
14921446,2026-09-28 14:32:59,actions-trading,Sim3,000660,skip,qty_zero,df1cd867d4b0
14921446,2026-09-28 14:32:59,actions-trading,Sim3,071970,skip,amount,5fade536dd31
14921446,2026-09-28 14:32:59,actions-trading,Sim3,042700,skip,not_cheap,042117679d81
14921446,2026-09-28 14:32:59,actions-trading,Sim3,326030,skip,amount,48093ba64100
14921446,2026-09-28 14:32:59,actions-trading,Sim3,207940,skip,not_cheap,2aaf4fef94ba
14921446,2026-09-28 14:32:59,actions-trading,Sim3,033920,skip,amount,5ea31634bfee
14921446,2026-09-28 14:32:59,actions-trading,Sim3,004770,skip,amount,fb9d5663fb4a
14921446,2026-09-28 14:32:59,actions-trading,Sim3,0126Z0,skip,not_cheap,b641565b9a86
14921446,2026-09-28 14:32:59,actions-trading,Sim3,062040,skip,not_cheap,ea441f5c9349
14921446,2026-09-28 14:32:59,actions-trading,Sim3,317450,skip,amount,58a929bff480
14921446,2026-09-28 14:32:59,actions-trading,Sim3,026960,skip,amount,1fa1ab6ad7a4
14921446,2026-09-28 14:32:59,actions-trading,Sim3,021820,skip,amount,0c8b20b1410c
14921446,2026-09-28 14:32:59,actions-trading,Sim3,192080,skip,amount,0d012279305f
14921446,2026-09-28 14:32:59,actions-trading,Sim3,068270,skip,cooldown,9f3907625e6f
14921446,2026-09-28 14:32:59,actions-trading,Sim3,123890,skip,amount,f09a87896ffd
14921446,2026-09-28 14:32:59,actions-trading,Sim3,000240,skip,amount,6f46ad4af6eb
14921446,2026-09-28 14:32:59,actions-trading,Sim3,002380,skip,cooldown,812b0cc2547b
14921446,2026-09-28 14:32:59,actions-trading,Sim3,009770,skip,amount,4ae1f694d7a7
14921446,2026-09-28 14:32:59,actions-trading,Sim3,259960,skip,cooldown,30b4cce379dc
14921446,2026-09-28 14:32:59,actions-trading,Sim3,035250,skip,amount,c6c74e69e250
14921446,2026-09-28 14:32:59,actions-trading,Sim3,383220,skip,amount,bdfc92a7acb0
14921446,2026-09-28 14:32:59,actions-trading,Sim3,226320,skip,amount,2ee2735953df
14921446,2026-09-28 14:32:59,actions-trading,Sim3,439260,skip,amount,dbaeccf2dda6
14921446,2026-09-28 14:32:59,actions-trading,Sim3,025560,skip,cooldown,6046e127d5b8
14921446,2026-09-28 14:32:59,actions-trading,Sim3,007700,skip,amount,e711320b8da6
14921446,2026-09-28 14:32:59,actions-trading,Sim3,278470,skip,not_cheap,34a9d2fbfeea
14921446,2026-09-28 14:32:59,actions-trading,Sim3,000990,skip,not_cheap,c943faf82570
14921446,2026-09-28 14:33:36,actions-trading,MFHS2,047040,skip,max_holdings,defa1dab2f98
14921446,2026-09-28 14:33:36,actions-trading,MFHS2,005880,seen,,30dc1fa45fc3
14921446,2026-09-28 14:33:36,actions-trading,MFHS2,024110,seen,,f5f16e7ec113
14921446,2026-09-28 14:33:36,actions-trading,MFHS2,009830,seen,,aac37185e259
14921446,2026-09-28 14:33:36,actions-trading,MFHS2,018880,seen,,8f8679b91eb4
14921446,2026-09-28 14:33:36,actions-trading,MFHS2,316140,seen,,2bfbb6cfb19e
14921446,2026-09-28 14:33:36,actions-trading,MFHS2,088350,seen,,9cd4a9a1115e
14921446,2026-09-28 14:33:36,actions-trading,MFHS2,003280,seen,,c98888278656
14921446,2026-09-28 14:33:36,actions-trading,MFHS2,006360,seen,,0df5e3697684
14921446,2026-09-28 14:33:36,actions-trading,MFHS2,073240,seen,,9bdd1defa188
14921446,2026-09-28 14:33:36,actions-trading,MFHS2,011200,seen,,28f71952687c
14921446,2026-09-28 14:33:36,actions-trading,MFHS2,004020,seen,,89d5982679ad
14921446,2026-09-28 14:33:36,actions-trading,MFHS2,015760,seen,,cfb48710e967
14921446,2026-09-28 14:33:36,actions-trading,MFHS2,032640,seen,,445e3bcb8800
14921446,2026-09-28 14:33:36,actions-trading,MFHS2,003490,seen,,360dc00296a8
14921446,2026-09-28 14:33:36,actions-trading,MFHS2,279570,seen,,a7a14f703f55
14921446,2026-09-28 14:33:36,actions-trading,MFHS2,096770,seen,,a5d8729be4be
14921446,2026-09-28 14:33:36,actions-trading,MFHS2,047050,seen,,4dd30fcf11c8
14921446,2026-09-28 14:33:36,actions-trading,MFHS2,323410,seen,,a48517daa4e1
14921446,2026-09-28 14:33:36,actions-trading,MFHS2,035420,seen,,7b3fb57c4a2e
14921446,2026-09-28 14:33:36,actions-trading,MFHS2,004710,seen,,d9b9ff715b63
14921446,2026-09-28 14:33:36,actions-trading,MFHS2,008970,seen,,820a91eef52e
14921446,2026-09-28 14:33:36,actions-trading,MFHS2,139130,seen,,5456e5574b06
14921446,2026-09-28 14:33:36,actions-trading,MFHS2,007810,seen,,11d75a7c3757
14921446,2026-09-28 14:33:36,actions-trading,MFHS2,035720,seen,,ba023f54950a
14921446,2026-09-28 14:33:36,actions-trading,MFHS2,003530,seen,,a56d7a1acbf7
14921446,2026-09-28 14:33:36,actions-trading,MFHS2,000720,seen,,832580e979f2
14921446,2026-09-28 14:33:36,actions-trading,MFHS2,051630,seen,,70e480a946f0
14921446,2026-09-28 14:33:36,actions-trading,MFHS2,002360,seen,,9cceda48fbef
14921446,2026-09-28 14:33:36,actions-trading,MFHS2,028670,seen,,9f22f5e10572
14921446,2026-09-28 14:33:39,actions-trading,상승모멘텀,003580,skip,max_holdings,be426bc160f0
14921446,2026-09-28 14:33:39,actions-trading,상승모멘텀,044380,seen,,09bed0992ffc
14921446,2026-09-28 14:33:39,actions-trading,상승모멘텀,009830,seen,,aac37185e259
14921446,2026-09-28 14:33:39,actions-trading,상승모멘텀,003570,seen,,d681bb0f40ca
14921446,2026-09-28 14:33:39,actions-trading,상승모멘텀,002360,seen,,9cceda48fbef
14921446,2026-09-28 14:33:39,actions-trading,상승모멘텀,014280,seen,,59a1af3abe44
14921446,2026-09-28 14:33:39,actions-trading,상승모멘텀,010060,seen,,00a8731c8967
14921446,2026-09-28 14:33:39,actions-trading,상승모멘텀,051630,seen,,70e480a946f0
14921446,2026-09-28 14:33:39,actions-trading,상승모멘텀,025560,seen,,9c8c3c155596
14921446,2026-09-28 14:33:39,actions-trading,상승모멘텀,001527,seen,,ae776f4cb8ee
14921446,2026-09-28 14:33:39,actions-trading,상승모멘텀,011070,seen,,3d10759e19f0
14921446,2026-09-28 14:33:39,actions-trading,상승모멘텀,004710,seen,,d9b9ff715b63
14921446,2026-09-28 14:33:39,actions-trading,상승모멘텀,006110,seen,,eeeb1497334d
14921446,2026-09-28 14:33:39,actions-trading,상승모멘텀,004440,seen,,27e373126306
14921446,2026-09-28 14:33:39,actions-trading,상승모멘텀,009835,seen,,6b196bd84e96
14921446,2026-09-28 14:33:39,actions-trading,상승모멘텀,499790,seen,,e58c29344bf6
14921446,2026-09-28 14:33:39,actions-trading,상승모멘텀,047040,seen,,defa1dab2f98
14921446,2026-09-28 14:33:39,actions-trading,상승모멘텀,064960,seen,,bc6fc3459a6d
14921446,2026-09-28 14:33:39,actions-trading,상승모멘텀,007810,seen,,11d75a7c3757
14921446,2026-09-28 14:33:39,actions-trading,상승모멘텀,020120,seen,,6488ff885b4c
14921446,2026-09-28 14:33:39,actions-trading,상승모멘텀,071950,seen,,2108f3790563
14921446,2026-09-28 14:33:39,actions-trading,상승모멘텀,025620,seen,,dce55a0a778e
14921446,2026-09-28 14:33:39,actions-trading,상승모멘텀,077500,seen,,f46b03686ea3
14921446,2026-09-28 14:33:39,actions-trading,상승모멘텀,005070,seen,,b842359cf530
14921446,2026-09-28 14:33:39,actions-trading,상승모멘텀,036530,seen,,c65f84aebf15
14921446,2026-09-28 14:33:39,actions-trading,상승모멘텀,006120,seen,,1ac9768035fe
14921446,2026-09-28 14:33:39,actions-trading,상승모멘텀,020150,seen,,a25ee9e71183
14921446,2026-09-28 14:33:39,actions-trading,상승모멘텀,306200,seen,,0b8c07bc0bca
14921446,2026-09-28 14:33:39,actions-trading,상승모멘텀,003030,seen,,ea6793ba7c01
14921446,2026-09-28 14:33:39,actions-trading,상승모멘텀,210980,seen,,0cc8139825f3
14921446,2026-09-28 14:33:39,actions-trading,Sim4-1,003580,skip,amount,be426bc160f0
14921446,2026-09-28 14:33:39,actions-trading,Sim4-1,044380,skip,amount,09bed0992ffc
14921446,2026-09-28 14:33:39,actions-trading,Sim4-1,009830,skip,period,aac37185e259
14921446,2026-09-28 14:33:39,actions-trading,Sim4-1,003570,skip,adx_high,d681bb0f40ca
14921446,2026-09-28 14:33:39,actions-trading,Sim4-1,002360,skip,held_or_cooldown,9cceda48fbef
14921446,2026-09-28 14:33:39,actions-trading,Sim4-1,014280,skip,adx_low,59a1af3abe44
14921446,2026-09-28 14:33:39,actions-trading,Sim4-1,010060,skip,adx_low,00a8731c8967
14921446,2026-09-28 14:33:39,actions-trading,Sim4-1,051630,skip,amount,70e480a946f0
14921446,2026-09-28 14:33:39,actions-trading,Sim4-1,025560,skip,adx_high,9c8c3c155596
14921446,2026-09-28 14:33:39,actions-trading,Sim4-1,001527,skip,amount,ae776f4cb8ee
14921446,2026-09-28 14:33:39,actions-trading,Sim4-1,011070,skip,period,3d10759e19f0
14921446,2026-09-28 14:33:39,actions-trading,Sim4-1,004710,skip,held_or_cooldown,d9b9ff715b63
14921446,2026-09-28 14:33:39,actions-trading,Sim4-1,006110,skip,adx_high,eeeb1497334d
14921446,2026-09-28 14:33:39,actions-trading,Sim4-1,004440,skip,amount,27e373126306
14921446,2026-09-28 14:33:39,actions-trading,Sim4-1,009835,skip,amount,6b196bd84e96
14921446,2026-09-28 14:33:39,actions-trading,Sim4-1,499790,skip,amount,e58c29344bf6
14921446,2026-09-28 14:33:39,actions-trading,Sim4-1,047040,skip,period,defa1dab2f98
14921446,2026-09-28 14:33:39,actions-trading,Sim4-1,064960,skip,adx_high,bc6fc3459a6d
14921446,2026-09-28 14:33:39,actions-trading,Sim4-1,007810,skip,adx_high,11d75a7c3757
14921446,2026-09-28 14:33:39,actions-trading,Sim4-1,020120,skip,amount,6488ff885b4c
14921446,2026-09-28 14:33:39,actions-trading,Sim4-1,071950,skip,amount,2108f3790563
14921446,2026-09-28 14:33:39,actions-trading,Sim4-1,025620,skip,amount,dce55a0a778e
14921446,2026-09-28 14:33:39,actions-trading,Sim4-1,077500,skip,adx_high,f46b03686ea3
14921446,2026-09-28 14:33:39,actions-trading,Sim4-1,005070,skip,adx_low,b842359cf530
14921446,2026-09-28 14:33:39,actions-trading,Sim4-1,036530,skip,amount,c65f84aebf15
14921446,2026-09-28 14:33:39,actions-trading,Sim4-1,006120,skip,adx_high,1ac9768035fe
14921446,2026-09-28 14:33:39,actions-trading,Sim4-1,020150,skip,adx_low,a25ee9e71183
14921446,2026-09-28 14:33:39,actions-trading,Sim4-1,306200,skip,amount,0b8c07bc0bca
14921446,2026-09-28 14:33:39,actions-trading,Sim4-1,003030,skip,amount,ea6793ba7c01
14921446,2026-09-28 14:33:39,actions-trading,Sim4-1,210980,skip,amount,0cc8139825f3
14921446,2026-09-28 14:33:41,actions-trading,선행매집,047040,skip,below_anchor,defa1dab2f98
14921446,2026-09-28 14:33:41,actions-trading,선행매집,009830,skip,below_anchor,aac37185e259
14921446,2026-09-28 14:33:41,actions-trading,선행매집,005880,skip,below_anchor,30dc1fa45fc3
14921446,2026-09-28 14:33:41,actions-trading,선행매집,018880,skip,below_anchor,8f8679b91eb4
14921446,2026-09-28 14:33:41,actions-trading,선행매집,024110,skip,below_anchor,f5f16e7ec113
14921446,2026-09-28 14:33:41,actions-trading,선행매집,088350,skip,below_anchor,9cd4a9a1115e
14921446,2026-09-28 14:33:41,actions-trading,선행매집,073240,skip,below_anchor,9bdd1defa188
14921446,2026-09-28 14:33:41,actions-trading,선행매집,003280,skip,below_anchor,c98888278656
14921446,2026-09-28 14:33:41,actions-trading,선행매집,316140,skip,no_setup,2bfbb6cfb19e
14921446,2026-09-28 14:33:41,actions-trading,선행매집,015760,skip,below_anchor,cfb48710e967
14921446,2026-09-28 14:33:41,actions-trading,선행매집,011200,skip,sold_or_cooldown,28f71952687c
14921446,2026-09-28 14:33:41,actions-trading,선행매집,006360,skip,below_anchor,0df5e3697684
14921446,2026-09-28 14:33:41,actions-trading,선행매집,004710,skip,below_anchor,d9b9ff715b63
14921446,2026-09-28 14:33:41,actions-trading,선행매집,096770,skip,held_awaiting_breakout,a5d8729be4be
14921446,2026-09-28 14:33:41,actions-trading,선행매집,035420,skip,below_anchor,7b3fb57c4a2e
14921446,2026-09-28 14:33:41,actions-trading,선행매집,032640,skip,below_anchor,445e3bcb8800
14921446,2026-09-28 14:33:41,actions-trading,선행매집,003490,skip,sold_or_cooldown,360dc00296a8
14921446,2026-09-28 14:33:41,actions-trading,선행매집,000720,skip,below_anchor,832580e979f2
14921446,2026-09-28 14:33:41,actions-trading,선행매집,047050,skip,below_anchor,4dd30fcf11c8
14921446,2026-09-28 14:33:41,actions-trading,선행매집,004020,skip,below_anchor,89d5982679ad
14921446,2026-09-28 14:33:41,actions-trading,선행매집,035720,skip,below_anchor,ba023f54950a
14921446,2026-09-28 14:33:41,actions-trading,선행매집,008970,skip,amount,820a91eef52e
14921446,2026-09-28 14:33:41,actions-trading,선행매집,066570,skip,below_anchor,f0ee809ee270
14921446,2026-09-28 14:33:41,actions-trading,선행매집,279570,skip,below_anchor,a7a14f703f55
14921446,2026-09-28 14:33:41,actions-trading,선행매집,139130,skip,no_setup,5456e5574b06
14921446,2026-09-28 14:33:41,actions-trading,선행매집,028670,skip,no_setup,9f22f5e10572
14921446,2026-09-28 14:33:41,actions-trading,선행매집,002360,skip,no_setup,9cceda48fbef
14921446,2026-09-28 14:33:41,actions-trading,선행매집,007810,skip,below_anchor,11d75a7c3757
14921446,2026-09-28 14:33:41,actions-trading,선행매집,323410,skip,below_anchor,a48517daa4e1
14921446,2026-09-28 14:33:41,actions-trading,선행매집,003530,skip,below_anchor,a56d7a1acbf7
14921446,2026-09-28 14:33:41,actions-trading,Sim9,003580,skip,amount,be426bc160f0
14921446,2026-09-28 14:33:41,actions-trading,Sim9,044380,skip,amount,09bed0992ffc
14921446,2026-09-28 14:33:41,actions-trading,Sim9,009830,skip,gap,aac37185e259
14921446,2026-09-28 14:33:41,actions-trading,Sim9,003570,skip,gap,d681bb0f40ca
14921446,2026-09-28 14:33:41,actions-trading,Sim9,002360,skip,gap,9cceda48fbef
14921446,2026-09-28 14:33:41,actions-trading,Sim9,014280,skip,gap,59a1af3abe44
14921446,2026-09-28 14:33:41,actions-trading,Sim9,010060,skip,gap,00a8731c8967
14921446,2026-09-28 14:33:41,actions-trading,Sim9,051630,skip,gap,70e480a946f0
14921446,2026-09-28 14:33:41,actions-trading,Sim9,025560,skip,gap,9c8c3c155596
14921446,2026-09-28 14:33:41,actions-trading,Sim9,001527,skip,amount,ae776f4cb8ee
14921446,2026-09-28 14:33:41,actions-trading,Sim9,011070,skip,gap,3d10759e19f0
14921446,2026-09-28 14:33:41,actions-trading,Sim9,004710,skip,gap,d9b9ff715b63
14921446,2026-09-28 14:33:41,actions-trading,Sim9,006110,skip,gap,eeeb1497334d
14921446,2026-09-28 14:33:41,actions-trading,Sim9,004440,skip,amount,27e373126306
14921446,2026-09-28 14:33:41,actions-trading,Sim9,009835,skip,amount,6b196bd84e96
14921446,2026-09-28 14:33:41,actions-trading,Sim9,499790,skip,gap,e58c29344bf6
14921446,2026-09-28 14:33:41,actions-trading,Sim9,047040,skip,gap,defa1dab2f98
14921446,2026-09-28 14:33:41,actions-trading,Sim9,064960,skip,gap,bc6fc3459a6d
14921446,2026-09-28 14:33:41,actions-trading,Sim9,007810,skip,gap,11d75a7c3757
14921446,2026-09-28 14:33:41,actions-trading,Sim9,020120,skip,gap,6488ff885b4c
14921446,2026-09-28 14:33:41,actions-trading,Sim9,071950,skip,amount,2108f3790563
14921446,2026-09-28 14:33:41,actions-trading,Sim9,025620,skip,amount,dce55a0a778e
14921446,2026-09-28 14:33:41,actions-trading,Sim9,077500,skip,gap,f46b03686ea3
14921446,2026-09-28 14:33:41,actions-trading,Sim9,005070,skip,gap,b842359cf530
14921446,2026-09-28 14:33:41,actions-trading,Sim9,036530,skip,gap,c65f84aebf15
14921446,2026-09-28 14:33:41,actions-trading,Sim9,006120,skip,gap,1ac9768035fe
14921446,2026-09-28 14:33:41,actions-trading,Sim9,020150,skip,gap,a25ee9e71183
14921446,2026-09-28 14:33:41,actions-trading,Sim9,306200,skip,gap,0b8c07bc0bca
14921446,2026-09-28 14:33:41,actions-trading,Sim9,003030,skip,gap,ea6793ba7c01
14921446,2026-09-28 14:33:41,actions-trading,Sim9,210980,skip,amount,0cc8139825f3
14921446,2026-09-28 14:33:41,actions-trading,미너비니,192820,skip,below_pivot,972600b4ccaa
14921446,2026-09-28 14:33:41,actions-trading,미너비니,443060,skip,below_pivot,b19c6e31dbe8
14921446,2026-09-28 14:33:41,actions-trading,Sim12,003580,skip,pb2_not_crashed,be426bc160f0
14921446,2026-09-28 14:33:41,actions-trading,Sim12,044380,skip,avoid_deadcat,09bed0992ffc
14921446,2026-09-28 14:33:41,actions-trading,Sim12,009830,skip,pb2_not_crashed,aac37185e259
14921446,2026-09-28 14:33:41,actions-trading,Sim12,003570,skip,avoid_frgn_sell_20d,d681bb0f40ca
14921446,2026-09-28 14:33:41,actions-trading,Sim12,002360,skip,pb2_not_crashed,9cceda48fbef
14921446,2026-09-28 14:33:41,actions-trading,Sim12,014280,skip,pb2_not_crashed,59a1af3abe44
14921446,2026-09-28 14:33:41,actions-trading,Sim12,010060,skip,pb2_not_crashed,00a8731c8967
14921446,2026-09-28 14:33:41,actions-trading,Sim12,051630,skip,pb2_not_crashed,70e480a946f0
14921446,2026-09-28 14:33:41,actions-trading,Sim12,025560,skip,avoid_frgn_sell_20d,9c8c3c155596
14921446,2026-09-28 14:33:41,actions-trading,Sim12,001527,skip,avoid_deadcat,ae776f4cb8ee
14921446,2026-09-28 14:33:41,actions-trading,Sim12,011070,skip,avoid_orgn_sell_high_per,3d10759e19f0
14921446,2026-09-28 14:33:41,actions-trading,Sim12,004710,skip,avoid_frgn_sell_20d,d9b9ff715b63
14921446,2026-09-28 14:33:41,actions-trading,Sim12,006110,skip,avoid_deadcat,eeeb1497334d
14921446,2026-09-28 14:33:41,actions-trading,Sim12,004440,skip,avoid_frgn_sell_20d,27e373126306
14921446,2026-09-28 14:33:41,actions-trading,Sim12,009835,skip,avoid_frgn_sell_20d,6b196bd84e96
14921446,2026-09-28 14:33:41,actions-trading,Sim12,499790,skip,avoid_frgn_sell_20d,e58c29344bf6
14921446,2026-09-28 14:33:41,actions-trading,Sim12,047040,skip,avoid_frgn_sell_20d,defa1dab2f98
14921446,2026-09-28 14:33:41,actions-trading,Sim12,064960,skip,avoid_frgn_sell_20d,bc6fc3459a6d
14921446,2026-09-28 14:33:41,actions-trading,Sim12,007810,skip,avoid_orgn_sell_high_per,11d75a7c3757
14921446,2026-09-28 14:33:41,actions-trading,Sim12,020120,skip,avoid_amount_dry,6488ff885b4c
14921446,2026-09-28 14:33:41,actions-trading,Sim12,071950,skip,avoid_deadcat,2108f3790563
14921446,2026-09-28 14:33:41,actions-trading,Sim12,025620,skip,pb2_not_crashed,dce55a0a778e
14921446,2026-09-28 14:33:41,actions-trading,Sim12,077500,skip,pb2_not_crashed,f46b03686ea3
14921446,2026-09-28 14:33:41,actions-trading,Sim12,005070,skip,avoid_frgn_sell_20d,b842359cf530
14921446,2026-09-28 14:33:41,actions-trading,Sim12,036530,skip,avoid_frgn_sell_20d,c65f84aebf15
14921446,2026-09-28 14:33:41,actions-trading,Sim12,006120,skip,avoid_frgn_sell_20d,1ac9768035fe
14921446,2026-09-28 14:33:41,actions-trading,Sim12,020150,skip,avoid_frgn_sell_20d,a25ee9e71183
14921446,2026-09-28 14:33:41,actions-trading,Sim12,306200,skip,pb2_not_crashed,0b8c07bc0bca
14921446,2026-09-28 14:33:41,actions-trading,Sim12,003030,skip,pb2_not_crashed,ea6793ba7c01
14921446,2026-09-28 14:33:41,actions-trading,Sim12,210980,skip,avoid_amount_dry,0cc8139825f3
14921446,2026-09-28 14:33:41,actions-trading,Sim12,014990,skip,avoid_amount_dry,bdd476a2ab0d
14921446,2026-09-28 14:33:41,actions-trading,Sim12,109070,skip,pb2_not_crashed,5ff1cd5ce0e1
14921446,2026-09-28 14:33:41,actions-trading,Sim12,402340,skip,pb2_not_crashed,20e215642872
14921446,2026-09-28 14:33:41,actions-trading,Sim12,002820,skip,pb2_not_crashed,ac9ae696ecbd
14921446,2026-09-28 14:33:41,actions-trading,Sim12,009420,skip,pb2_not_crashed,bb4dd37314a1
14921446,2026-09-28 14:33:41,actions-trading,Sim12,002787,skip,avoid_amount_dry,937caeb0a5fa
14921446,2026-09-28 14:33:41,actions-trading,Sim12,009190,skip,pb2_no_inst_buying,18dd47c3121d
14921446,2026-09-28 14:33:41,actions-trading,Sim12,004545,skip,pb2_not_crashed,fdcd55706703
14921446,2026-09-28 14:33:41,actions-trading,Sim12,005935,skip,avoid_frgn_sell_20d,bece25f63d94
14921446,2026-09-28 14:33:41,actions-trading,Sim12,000500,skip,avoid_amount_dry,4150e892ee3c
14921446,2026-09-28 14:33:41,actions-trading,Sim12,000150,skip,avoid_frgn_sell_20d,0d58291afe37
14921446,2026-09-28 14:33:41,actions-trading,Sim12,028260,skip,pb2_not_crashed,0075516971e5
14921446,2026-09-28 14:33:41,actions-trading,Sim12,069960,skip,avoid_amount_dry,7376e7de94da
14921446,2026-09-28 14:33:41,actions-trading,Sim12,02826K,skip,pb2_not_crashed,40ab968c6920
14921446,2026-09-28 14:33:41,actions-trading,Sim12,034730,skip,pb2_not_crashed,baad1e7db922
14921446,2026-09-28 14:33:41,actions-trading,Sim12,011090,skip,avoid_amount_dry,dc94a3058072
14921446,2026-09-28 14:33:41,actions-trading,Sim12,192650,skip,avoid_frgn_sell_20d,aaa791c39b06
14921446,2026-09-28 14:33:41,actions-trading,Sim12,005930,skip,pb2_not_crashed,66b989413661
14921446,2026-09-28 14:33:41,actions-trading,Sim12,000660,skip,avoid_frgn_sell_20d,9eb20c468132
14921446,2026-09-28 14:33:41,actions-trading,Sim12,007660,skip,pb2_not_crashed,e3d6e3a643a0
14921446,2026-09-28 14:33:41,actions-trading,Sim12,002070,skip,avoid_amount_dry,e8fd1c875826
14921446,2026-09-28 14:33:41,actions-trading,Sim12,03473K,skip,avoid_frgn_sell_20d,6d129f1c5bdc
14921446,2026-09-28 14:33:41,actions-trading,Sim12,298040,skip,pb2_not_crashed,c69fc5dd93a2
14921446,2026-09-28 14:33:41,actions-trading,Sim12,101140,skip,avoid_amount_dry,9351bb9da570
14921446,2026-09-28 14:33:41,actions-trading,Sim12,002030,skip,avoid_frgn_sell_20d,4b4d6a9bf924
14921446,2026-09-28 14:33:41,actions-trading,Sim12,010580,skip,avoid_amount_dry,4a05d5c6b64f
14921446,2026-09-28 14:33:41,actions-trading,Sim12,011390,skip,avoid_amount_dry,1bfe6dad8f63
14921446,2026-09-28 14:33:41,actions-trading,Sim12,128940,skip,avoid_amount_dry,37669fbefb92
14921446,2026-09-28 14:33:41,actions-trading,Sim12,000760,skip,avoid_amount_dry,e51abe9d7517
14921446,2026-09-28 14:33:41,actions-trading,Sim12,044820,skip,avoid_amount_dry,e3f4bce25369
14921446,2026-09-28 14:33:41,actions-trading,Sim13,003580,skip,theme_momentum_weak,be426bc160f0
14921446,2026-09-28 14:33:41,actions-trading,Sim13,044380,skip,theme_momentum_weak,09bed0992ffc
14921446,2026-09-28 14:33:41,actions-trading,Sim13,009830,skip,theme_momentum_weak,aac37185e259
14921446,2026-09-28 14:33:41,actions-trading,Sim13,003570,skip,theme_momentum_weak,d681bb0f40ca
14921446,2026-09-28 14:33:41,actions-trading,Sim13,002360,skip,held_or_cooldown,9cceda48fbef
14921446,2026-09-28 14:33:41,actions-trading,Sim13,014280,skip,theme_momentum_weak,59a1af3abe44
14921446,2026-09-28 14:33:41,actions-trading,Sim13,010060,skip,theme_momentum_weak,00a8731c8967
14921446,2026-09-28 14:33:41,actions-trading,Sim13,051630,skip,adx_weak,70e480a946f0
14921446,2026-09-28 14:33:41,actions-trading,Sim13,025560,skip,theme_momentum_weak,9c8c3c155596
14921446,2026-09-28 14:33:41,actions-trading,Sim13,001527,skip,theme_momentum_weak,ae776f4cb8ee
14921446,2026-09-28 14:33:41,actions-trading,Sim13,011070,skip,theme_momentum_weak,3d10759e19f0
14921446,2026-09-28 14:33:41,actions-trading,Sim13,004710,skip,no_frgn_support,d9b9ff715b63
14921446,2026-09-28 14:33:41,actions-trading,Sim13,006110,skip,theme_momentum_weak,eeeb1497334d
14921446,2026-09-28 14:33:41,actions-trading,Sim13,004440,skip,theme_momentum_weak,27e373126306
14921446,2026-09-28 14:33:41,actions-trading,Sim13,009835,skip,theme_momentum_weak,6b196bd84e96
14921446,2026-09-28 14:33:41,actions-trading,Sim13,499790,skip,theme_momentum_weak,e58c29344bf6
14921446,2026-09-28 14:33:41,actions-trading,Sim13,047040,skip,theme_momentum_weak,defa1dab2f98
14921446,2026-09-28 14:33:41,actions-trading,Sim13,064960,skip,theme_momentum_weak,bc6fc3459a6d
14921446,2026-09-28 14:33:41,actions-trading,Sim13,007810,skip,theme_momentum_weak,11d75a7c3757
14921446,2026-09-28 14:33:41,actions-trading,Sim13,020120,skip,adx_weak,6488ff885b4c
14921446,2026-09-28 14:33:41,actions-trading,Sim13,071950,skip,theme_momentum_weak,2108f3790563
14921446,2026-09-28 14:33:41,actions-trading,Sim13,025620,skip,theme_momentum_weak,dce55a0a778e
14921446,2026-09-28 14:33:41,actions-trading,Sim13,077500,skip,held_or_cooldown,f46b03686ea3
14921446,2026-09-28 14:33:41,actions-trading,Sim13,005070,skip,theme_momentum_weak,b842359cf530
14921446,2026-09-28 14:33:41,actions-trading,Sim13,036530,skip,theme_momentum_weak,c65f84aebf15
14921446,2026-09-28 14:33:41,actions-trading,Sim13,006120,skip,no_frgn_support,1ac9768035fe
14921446,2026-09-28 14:33:41,actions-trading,Sim13,020150,skip,theme_momentum_weak,a25ee9e71183
14921446,2026-09-28 14:33:41,actions-trading,Sim13,306200,skip,theme_momentum_weak,0b8c07bc0bca
14921446,2026-09-28 14:33:41,actions-trading,Sim13,003030,skip,theme_momentum_weak,ea6793ba7c01
14921446,2026-09-28 14:33:41,actions-trading,Sim13,210980,skip,theme_momentum_weak,0cc8139825f3
14921447,2026-09-28 14:34:56,actions-trading,Sim3,402340,skip,qty_zero,d1c7af8f5a48
14921447,2026-09-28 14:34:56,actions-trading,Sim3,383800,skip,amount,dddf0630cb32
14921447,2026-09-28 14:34:56,actions-trading,Sim3,462870,skip,amount,2805f353b302
14921447,2026-09-28 14:34:56,actions-trading,Sim3,000660,skip,qty_zero,8d30d8869053
14921447,2026-09-28 14:34:56,actions-trading,Sim3,071970,skip,amount,0536783376c8
14921447,2026-09-28 14:34:56,actions-trading,Sim3,042700,skip,not_cheap,89d781ba24c5
14921447,2026-09-28 14:34:56,actions-trading,Sim3,326030,skip,amount,d91c3fb774c8
14921447,2026-09-28 14:34:56,actions-trading,Sim3,207940,skip,not_cheap,a38c17867278
14921447,2026-09-28 14:34:56,actions-trading,Sim3,033920,skip,amount,4733682c4c90
14921447,2026-09-28 14:34:56,actions-trading,Sim3,004770,skip,amount,a5b7f142bb83
14921447,2026-09-28 14:34:56,actions-trading,Sim3,0126Z0,skip,not_cheap,4d12782ce46f
14921447,2026-09-28 14:34:56,actions-trading,Sim3,062040,skip,not_cheap,0d67f6368fe5
14921447,2026-09-28 14:34:56,actions-trading,Sim3,317450,skip,amount,9a12078b36f4
14921447,2026-09-28 14:34:56,actions-trading,Sim3,026960,skip,amount,6b7aeaf2fb70
14921447,2026-09-28 14:34:56,actions-trading,Sim3,021820,skip,amount,0c8b20b1410c
14921447,2026-09-28 14:34:56,actions-trading,Sim3,192080,skip,amount,86b7a6842e2f
14921447,2026-09-28 14:34:56,actions-trading,Sim3,068270,skip,cooldown,87be54acab89
14921447,2026-09-28 14:34:56,actions-trading,Sim3,123890,skip,amount,3ea70fe2fdb4
14921447,2026-09-28 14:34:56,actions-trading,Sim3,000240,skip,amount,3d391686c5c4
14921447,2026-09-28 14:34:56,actions-trading,Sim3,002380,skip,cooldown,6573cfccacf4
14921447,2026-09-28 14:34:56,actions-trading,Sim3,009770,skip,amount,4ae1f694d7a7
14921447,2026-09-28 14:34:56,actions-trading,Sim3,259960,skip,cooldown,85b231ed3389
14921447,2026-09-28 14:34:56,actions-trading,Sim3,035250,skip,amount,33e9675095ad
14921447,2026-09-28 14:34:56,actions-trading,Sim3,383220,skip,amount,4f5c091bd946
14921447,2026-09-28 14:34:56,actions-trading,Sim3,226320,skip,amount,15cc66070a97
14921447,2026-09-28 14:34:56,actions-trading,Sim3,439260,skip,amount,6c839838908a
14921447,2026-09-28 14:34:56,actions-trading,Sim3,025560,skip,cooldown,bd2cb2678c70
14921447,2026-09-28 14:34:56,actions-trading,Sim3,007700,skip,amount,e711320b8da6
14921447,2026-09-28 14:34:56,actions-trading,Sim3,278470,skip,not_cheap,7af79cc824a5
14921447,2026-09-28 14:34:56,actions-trading,Sim3,000990,skip,not_cheap,c765d206cedf
14921447,2026-09-28 14:35:32,actions-trading,MFHS2,047040,skip,max_holdings,8fccf4c80e0f
14921447,2026-09-28 14:35:32,actions-trading,MFHS2,005880,seen,,ddedf2e81fef
14921447,2026-09-28 14:35:32,actions-trading,MFHS2,024110,seen,,1a6010367d6a
14921447,2026-09-28 14:35:32,actions-trading,MFHS2,009830,seen,,980cdffe08ce
14921447,2026-09-28 14:35:32,actions-trading,MFHS2,018880,seen,,889bbfbabf3c
14921447,2026-09-28 14:35:32,actions-trading,MFHS2,316140,seen,,1fa5e9a54481
14921447,2026-09-28 14:35:32,actions-trading,MFHS2,088350,seen,,2f251ed8b089
14921447,2026-09-28 14:35:32,actions-trading,MFHS2,003280,seen,,f7732922283c
14921447,2026-09-28 14:35:32,actions-trading,MFHS2,006360,seen,,124ed7844adf
14921447,2026-09-28 14:35:32,actions-trading,MFHS2,073240,seen,,18fe70243278
14921447,2026-09-28 14:35:32,actions-trading,MFHS2,011200,seen,,caa94f7ce38b
14921447,2026-09-28 14:35:32,actions-trading,MFHS2,004020,seen,,a88ab2cb5dd7
14921447,2026-09-28 14:35:32,actions-trading,MFHS2,015760,seen,,f61ead776406
14921447,2026-09-28 14:35:32,actions-trading,MFHS2,032640,seen,,47c602633838
14921447,2026-09-28 14:35:32,actions-trading,MFHS2,003490,seen,,9b84b55d388c
14921447,2026-09-28 14:35:32,actions-trading,MFHS2,279570,seen,,79f52f2f2bee
14921447,2026-09-28 14:35:32,actions-trading,MFHS2,096770,seen,,8e5b69fb3aa4
14921447,2026-09-28 14:35:32,actions-trading,MFHS2,047050,seen,,11bcdf686acd
14921447,2026-09-28 14:35:32,actions-trading,MFHS2,323410,seen,,915d412ff6c2
14921447,2026-09-28 14:35:32,actions-trading,MFHS2,035420,seen,,4533fa024023
14921447,2026-09-28 14:35:32,actions-trading,MFHS2,004710,seen,,f8d645ee9004
14921447,2026-09-28 14:35:32,actions-trading,MFHS2,008970,seen,,41730a9ff461
14921447,2026-09-28 14:35:32,actions-trading,MFHS2,139130,seen,,61a717796e4f
14921447,2026-09-28 14:35:32,actions-trading,MFHS2,007810,seen,,3a85d800f8f4
14921447,2026-09-28 14:35:32,actions-trading,MFHS2,035720,seen,,1c63a9d9853b
14921447,2026-09-28 14:35:32,actions-trading,MFHS2,003530,seen,,c59eac1b5dac
14921447,2026-09-28 14:35:32,actions-trading,MFHS2,000720,seen,,ff41e803960b
14921447,2026-09-28 14:35:32,actions-trading,MFHS2,051630,seen,,20985f4f4285
14921447,2026-09-28 14:35:32,actions-trading,MFHS2,002360,seen,,c281910ba6d6
14921447,2026-09-28 14:35:32,actions-trading,MFHS2,028670,seen,,9e3070191038
14921447,2026-09-28 14:35:35,actions-trading,상승모멘텀,003580,skip,max_holdings,be426bc160f0
14921447,2026-09-28 14:35:35,actions-trading,상승모멘텀,044380,seen,,c0f9ae975793
14921447,2026-09-28 14:35:35,actions-trading,상승모멘텀,009830,seen,,980cdffe08ce
14921447,2026-09-28 14:35:35,actions-trading,상승모멘텀,003570,seen,,e8ad0c676b4e
14921447,2026-09-28 14:35:35,actions-trading,상승모멘텀,014280,seen,,9380012af965
14921447,2026-09-28 14:35:35,actions-trading,상승모멘텀,002360,seen,,c281910ba6d6
14921447,2026-09-28 14:35:35,actions-trading,상승모멘텀,010060,seen,,a2e4a1ab2c6e
14921447,2026-09-28 14:35:35,actions-trading,상승모멘텀,051630,seen,,20985f4f4285
14921447,2026-09-28 14:35:35,actions-trading,상승모멘텀,025560,seen,,2fd53d93cb0c
14921447,2026-09-28 14:35:35,actions-trading,상승모멘텀,004440,seen,,4957fe77d4cd
14921447,2026-09-28 14:35:35,actions-trading,상승모멘텀,001527,seen,,ae776f4cb8ee
14921447,2026-09-28 14:35:35,actions-trading,상승모멘텀,004710,seen,,f8d645ee9004
14921447,2026-09-28 14:35:35,actions-trading,상승모멘텀,011070,seen,,1d6344fd1766
14921447,2026-09-28 14:35:35,actions-trading,상승모멘텀,009835,seen,,8815044e78b3
14921447,2026-09-28 14:35:35,actions-trading,상승모멘텀,006110,seen,,8ddaa81243bc
14921447,2026-09-28 14:35:35,actions-trading,상승모멘텀,499790,seen,,6b6af0331ebc
14921447,2026-09-28 14:35:35,actions-trading,상승모멘텀,047040,seen,,8fccf4c80e0f
14921447,2026-09-28 14:35:35,actions-trading,상승모멘텀,064960,seen,,beb8702d08c6
14921447,2026-09-28 14:35:35,actions-trading,상승모멘텀,020120,seen,,8a38c5a048ae
14921447,2026-09-28 14:35:35,actions-trading,상승모멘텀,007810,seen,,3a85d800f8f4
14921447,2026-09-28 14:35:35,actions-trading,상승모멘텀,036530,seen,,5d6983c80802
14921447,2026-09-28 14:35:35,actions-trading,상승모멘텀,071950,seen,,4f7c9b410792
14921447,2026-09-28 14:35:35,actions-trading,상승모멘텀,006120,seen,,6f96d97b763f
14921447,2026-09-28 14:35:35,actions-trading,상승모멘텀,025620,seen,,dce55a0a778e
14921447,2026-09-28 14:35:35,actions-trading,상승모멘텀,005070,seen,,f7c08fdb5fdc
14921447,2026-09-28 14:35:35,actions-trading,상승모멘텀,306200,seen,,d55356aecd1a
14921447,2026-09-28 14:35:35,actions-trading,상승모멘텀,003030,seen,,1698c7ba4903
14921447,2026-09-28 14:35:35,actions-trading,상승모멘텀,077500,seen,,930703930672
14921447,2026-09-28 14:35:35,actions-trading,상승모멘텀,361610,seen,,506806c0a741
14921447,2026-09-28 14:35:35,actions-trading,상승모멘텀,020150,seen,,84473246fd40
14921447,2026-09-28 14:35:35,actions-trading,Sim4-1,003580,skip,amount,be426bc160f0
14921447,2026-09-28 14:35:35,actions-trading,Sim4-1,044380,skip,amount,c0f9ae975793
14921447,2026-09-28 14:35:35,actions-trading,Sim4-1,009830,skip,period,980cdffe08ce
14921447,2026-09-28 14:35:35,actions-trading,Sim4-1,003570,skip,adx_high,e8ad0c676b4e
14921447,2026-09-28 14:35:35,actions-trading,Sim4-1,014280,skip,adx_low,9380012af965
14921447,2026-09-28 14:35:35,actions-trading,Sim4-1,002360,skip,held_or_cooldown,c281910ba6d6
14921447,2026-09-28 14:35:35,actions-trading,Sim4-1,010060,skip,adx_low,a2e4a1ab2c6e
14921447,2026-09-28 14:35:35,actions-trading,Sim4-1,051630,skip,amount,20985f4f4285
14921447,2026-09-28 14:35:35,actions-trading,Sim4-1,025560,skip,adx_high,2fd53d93cb0c
14921447,2026-09-28 14:35:35,actions-trading,Sim4-1,004440,skip,amount,4957fe77d4cd
14921447,2026-09-28 14:35:35,actions-trading,Sim4-1,001527,skip,amount,ae776f4cb8ee
14921447,2026-09-28 14:35:35,actions-trading,Sim4-1,004710,skip,held_or_cooldown,f8d645ee9004
14921447,2026-09-28 14:35:35,actions-trading,Sim4-1,011070,skip,period,1d6344fd1766
14921447,2026-09-28 14:35:35,actions-trading,Sim4-1,009835,skip,amount,8815044e78b3
14921447,2026-09-28 14:35:35,actions-trading,Sim4-1,006110,skip,adx_high,8ddaa81243bc
14921447,2026-09-28 14:35:35,actions-trading,Sim4-1,499790,skip,amount,6b6af0331ebc
14921447,2026-09-28 14:35:35,actions-trading,Sim4-1,047040,skip,period,8fccf4c80e0f
14921447,2026-09-28 14:35:35,actions-trading,Sim4-1,064960,skip,adx_high,beb8702d08c6
14921447,2026-09-28 14:35:35,actions-trading,Sim4-1,020120,skip,amount,8a38c5a048ae
14921447,2026-09-28 14:35:35,actions-trading,Sim4-1,007810,skip,adx_high,3a85d800f8f4
14921447,2026-09-28 14:35:35,actions-trading,Sim4-1,036530,skip,amount,5d6983c80802
14921447,2026-09-28 14:35:35,actions-trading,Sim4-1,071950,skip,amount,4f7c9b410792
14921447,2026-09-28 14:35:35,actions-trading,Sim4-1,006120,skip,adx_high,6f96d97b763f
14921447,2026-09-28 14:35:35,actions-trading,Sim4-1,025620,skip,amount,dce55a0a778e
14921447,2026-09-28 14:35:35,actions-trading,Sim4-1,005070,skip,adx_low,f7c08fdb5fdc
14921447,2026-09-28 14:35:35,actions-trading,Sim4-1,306200,skip,amount,d55356aecd1a
14921447,2026-09-28 14:35:35,actions-trading,Sim4-1,003030,skip,amount,1698c7ba4903
14921447,2026-09-28 14:35:35,actions-trading,Sim4-1,077500,skip,adx_high,930703930672
14921447,2026-09-28 14:35:35,actions-trading,Sim4-1,361610,skip,adx_high,506806c0a741
14921447,2026-09-28 14:35:35,actions-trading,Sim4-1,020150,skip,adx_low,84473246fd40
14921447,2026-09-28 14:35:36,actions-trading,선행매집,047040,skip,below_anchor,8fccf4c80e0f
14921447,2026-09-28 14:35:36,actions-trading,선행매집,009830,skip,below_anchor,980cdffe08ce
14921447,2026-09-28 14:35:36,actions-trading,선행매집,005880,skip,below_anchor,ddedf2e81fef
14921447,2026-09-28 14:35:36,actions-trading,선행매집,018880,skip,below_anchor,889bbfbabf3c
14921447,2026-09-28 14:35:36,actions-trading,선행매집,024110,skip,below_anchor,1a6010367d6a
14921447,2026-09-28 14:35:36,actions-trading,선행매집,088350,skip,below_anchor,2f251ed8b089
14921447,2026-09-28 14:35:36,actions-trading,선행매집,073240,skip,below_anchor,18fe70243278
14921447,2026-09-28 14:35:36,actions-trading,선행매집,003280,skip,below_anchor,f7732922283c
14921447,2026-09-28 14:35:36,actions-trading,선행매집,316140,skip,no_setup,1fa5e9a54481
14921447,2026-09-28 14:35:36,actions-trading,선행매집,015760,skip,below_anchor,f61ead776406
14921447,2026-09-28 14:35:36,actions-trading,선행매집,011200,skip,sold_or_cooldown,caa94f7ce38b
14921447,2026-09-28 14:35:36,actions-trading,선행매집,006360,skip,below_anchor,124ed7844adf
14921447,2026-09-28 14:35:36,actions-trading,선행매집,004710,skip,below_anchor,f8d645ee9004
14921447,2026-09-28 14:35:36,actions-trading,선행매집,096770,skip,held_awaiting_breakout,8e5b69fb3aa4
14921447,2026-09-28 14:35:36,actions-trading,선행매집,035420,skip,below_anchor,4533fa024023
14921447,2026-09-28 14:35:36,actions-trading,선행매집,032640,skip,below_anchor,47c602633838
14921447,2026-09-28 14:35:36,actions-trading,선행매집,003490,skip,sold_or_cooldown,9b84b55d388c
14921447,2026-09-28 14:35:36,actions-trading,선행매집,000720,skip,below_anchor,ff41e803960b
14921447,2026-09-28 14:35:36,actions-trading,선행매집,047050,skip,below_anchor,11bcdf686acd
14921447,2026-09-28 14:35:36,actions-trading,선행매집,004020,skip,below_anchor,a88ab2cb5dd7
14921447,2026-09-28 14:35:36,actions-trading,선행매집,035720,skip,below_anchor,1c63a9d9853b
14921447,2026-09-28 14:35:36,actions-trading,선행매집,008970,skip,amount,41730a9ff461
14921447,2026-09-28 14:35:36,actions-trading,선행매집,066570,skip,below_anchor,564d9250a0d7
14921447,2026-09-28 14:35:36,actions-trading,선행매집,279570,skip,below_anchor,79f52f2f2bee
14921447,2026-09-28 14:35:36,actions-trading,선행매집,139130,skip,no_setup,61a717796e4f
14921447,2026-09-28 14:35:36,actions-trading,선행매집,028670,skip,no_setup,9e3070191038
14921447,2026-09-28 14:35:36,actions-trading,선행매집,002360,skip,no_setup,c281910ba6d6
14921447,2026-09-28 14:35:36,actions-trading,선행매집,007810,skip,below_anchor,3a85d800f8f4
14921447,2026-09-28 14:35:36,actions-trading,선행매집,323410,skip,below_anchor,915d412ff6c2
14921447,2026-09-28 14:35:36,actions-trading,선행매집,003530,skip,below_anchor,c59eac1b5dac
14921447,2026-09-28 14:35:36,actions-trading,Sim9,003580,skip,amount,be426bc160f0
14921447,2026-09-28 14:35:36,actions-trading,Sim9,044380,skip,amount,c0f9ae975793
14921447,2026-09-28 14:35:36,actions-trading,Sim9,009830,skip,gap,980cdffe08ce
14921447,2026-09-28 14:35:36,actions-trading,Sim9,003570,skip,gap,e8ad0c676b4e
14921447,2026-09-28 14:35:36,actions-trading,Sim9,014280,skip,gap,9380012af965
14921447,2026-09-28 14:35:36,actions-trading,Sim9,002360,skip,gap,c281910ba6d6
14921447,2026-09-28 14:35:36,actions-trading,Sim9,010060,skip,gap,a2e4a1ab2c6e
14921447,2026-09-28 14:35:36,actions-trading,Sim9,051630,skip,gap,20985f4f4285
14921447,2026-09-28 14:35:36,actions-trading,Sim9,025560,skip,gap,2fd53d93cb0c
14921447,2026-09-28 14:35:36,actions-trading,Sim9,004440,skip,amount,4957fe77d4cd
14921447,2026-09-28 14:35:36,actions-trading,Sim9,001527,skip,amount,ae776f4cb8ee
14921447,2026-09-28 14:35:36,actions-trading,Sim9,004710,skip,gap,f8d645ee9004
14921447,2026-09-28 14:35:36,actions-trading,Sim9,011070,skip,gap,1d6344fd1766
14921447,2026-09-28 14:35:36,actions-trading,Sim9,009835,skip,amount,8815044e78b3
14921447,2026-09-28 14:35:36,actions-trading,Sim9,006110,skip,gap,8ddaa81243bc
14921447,2026-09-28 14:35:36,actions-trading,Sim9,499790,skip,gap,6b6af0331ebc
14921447,2026-09-28 14:35:36,actions-trading,Sim9,047040,skip,gap,8fccf4c80e0f
14921447,2026-09-28 14:35:36,actions-trading,Sim9,064960,skip,gap,beb8702d08c6
14921447,2026-09-28 14:35:36,actions-trading,Sim9,020120,skip,gap,8a38c5a048ae
14921447,2026-09-28 14:35:36,actions-trading,Sim9,007810,skip,gap,3a85d800f8f4
14921447,2026-09-28 14:35:36,actions-trading,Sim9,036530,skip,gap,5d6983c80802
14921447,2026-09-28 14:35:36,actions-trading,Sim9,071950,skip,amount,4f7c9b410792
14921447,2026-09-28 14:35:36,actions-trading,Sim9,006120,skip,gap,6f96d97b763f
14921447,2026-09-28 14:35:36,actions-trading,Sim9,025620,skip,amount,dce55a0a778e
14921447,2026-09-28 14:35:36,actions-trading,Sim9,005070,skip,gap,f7c08fdb5fdc
14921447,2026-09-28 14:35:36,actions-trading,Sim9,306200,skip,gap,d55356aecd1a
14921447,2026-09-28 14:35:36,actions-trading,Sim9,003030,skip,gap,1698c7ba4903
14921447,2026-09-28 14:35:36,actions-trading,Sim9,077500,skip,gap,930703930672
14921447,2026-09-28 14:35:36,actions-trading,Sim9,361610,skip,gap,506806c0a741
14921447,2026-09-28 14:35:36,actions-trading,Sim9,020150,skip,gap,84473246fd40
14921447,2026-09-28 14:35:36,actions-trading,미너비니,192820,skip,below_pivot,7ff79377c821
14921447,2026-09-28 14:35:36,actions-trading,미너비니,443060,skip,below_pivot,a410338267b1
14921447,2026-09-28 14:35:36,actions-trading,Sim12,003580,skip,pb2_not_crashed,be426bc160f0
14921447,2026-09-28 14:35:36,actions-trading,Sim12,044380,skip,avoid_deadcat,c0f9ae975793
14921447,2026-09-28 14:35:36,actions-trading,Sim12,009830,skip,pb2_not_crashed,980cdffe08ce
14921447,2026-09-28 14:35:36,actions-trading,Sim12,003570,skip,avoid_frgn_sell_20d,e8ad0c676b4e
14921447,2026-09-28 14:35:36,actions-trading,Sim12,014280,skip,pb2_not_crashed,9380012af965
14921447,2026-09-28 14:35:36,actions-trading,Sim12,002360,skip,pb2_not_crashed,c281910ba6d6
14921447,2026-09-28 14:35:36,actions-trading,Sim12,010060,skip,pb2_not_crashed,a2e4a1ab2c6e
14921447,2026-09-28 14:35:36,actions-trading,Sim12,051630,skip,pb2_not_crashed,20985f4f4285
14921447,2026-09-28 14:35:36,actions-trading,Sim12,025560,skip,avoid_frgn_sell_20d,2fd53d93cb0c
14921447,2026-09-28 14:35:36,actions-trading,Sim12,004440,skip,avoid_frgn_sell_20d,4957fe77d4cd
14921447,2026-09-28 14:35:36,actions-trading,Sim12,001527,skip,avoid_deadcat,ae776f4cb8ee
14921447,2026-09-28 14:35:36,actions-trading,Sim12,004710,skip,avoid_frgn_sell_20d,f8d645ee9004
14921447,2026-09-28 14:35:36,actions-trading,Sim12,011070,skip,avoid_orgn_sell_high_per,1d6344fd1766
14921447,2026-09-28 14:35:36,actions-trading,Sim12,009835,skip,avoid_frgn_sell_20d,8815044e78b3
14921447,2026-09-28 14:35:36,actions-trading,Sim12,006110,skip,avoid_deadcat,8ddaa81243bc
14921447,2026-09-28 14:35:36,actions-trading,Sim12,499790,skip,avoid_frgn_sell_20d,6b6af0331ebc
14921447,2026-09-28 14:35:36,actions-trading,Sim12,047040,skip,avoid_frgn_sell_20d,8fccf4c80e0f
14921447,2026-09-28 14:35:36,actions-trading,Sim12,064960,skip,avoid_frgn_sell_20d,beb8702d08c6
14921447,2026-09-28 14:35:36,actions-trading,Sim12,020120,skip,avoid_amount_dry,8a38c5a048ae
14921447,2026-09-28 14:35:36,actions-trading,Sim12,007810,skip,avoid_orgn_sell_high_per,3a85d800f8f4
14921447,2026-09-28 14:35:36,actions-trading,Sim12,036530,skip,avoid_frgn_sell_20d,5d6983c80802
14921447,2026-09-28 14:35:36,actions-trading,Sim12,071950,skip,avoid_deadcat,4f7c9b410792
14921447,2026-09-28 14:35:36,actions-trading,Sim12,006120,skip,avoid_frgn_sell_20d,6f96d97b763f
14921447,2026-09-28 14:35:36,actions-trading,Sim12,025620,skip,pb2_not_crashed,dce55a0a778e
14921447,2026-09-28 14:35:36,actions-trading,Sim12,005070,skip,avoid_frgn_sell_20d,f7c08fdb5fdc
14921447,2026-09-28 14:35:36,actions-trading,Sim12,306200,skip,pb2_not_crashed,d55356aecd1a
14921447,2026-09-28 14:35:36,actions-trading,Sim12,003030,skip,pb2_not_crashed,1698c7ba4903
14921447,2026-09-28 14:35:36,actions-trading,Sim12,077500,skip,pb2_not_crashed,930703930672
14921447,2026-09-28 14:35:36,actions-trading,Sim12,361610,skip,pb2_not_crashed,506806c0a741
14921447,2026-09-28 14:35:36,actions-trading,Sim12,020150,skip,avoid_frgn_sell_20d,84473246fd40
14921447,2026-09-28 14:35:36,actions-trading,Sim12,014990,skip,avoid_amount_dry,1cc8f3542631
14921447,2026-09-28 14:35:36,actions-trading,Sim12,402340,skip,pb2_not_crashed,8ca5647e0a9b
14921447,2026-09-28 14:35:36,actions-trading,Sim12,109070,skip,pb2_not_crashed,db1414b1a020
14921447,2026-09-28 14:35:36,actions-trading,Sim12,002820,skip,pb2_not_crashed,ac9ae696ecbd
14921447,2026-09-28 14:35:36,actions-trading,Sim12,009420,skip,pb2_not_crashed,85dcaaec91ac
14921447,2026-09-28 14:35:36,actions-trading,Sim12,002787,skip,avoid_amount_dry,937caeb0a5fa
14921447,2026-09-28 14:35:36,actions-trading,Sim12,004545,skip,pb2_not_crashed,fdcd55706703
14921447,2026-09-28 14:35:36,actions-trading,Sim12,009190,skip,pb2_no_inst_buying,6f429c09f52a
14921447,2026-09-28 14:35:36,actions-trading,Sim12,005935,skip,avoid_frgn_sell_20d,c9bd4e5a77a6
14921447,2026-09-28 14:35:36,actions-trading,Sim12,069960,skip,avoid_frgn_sell_20d,4519b460efe0
14921447,2026-09-28 14:35:36,actions-trading,Sim12,000150,skip,avoid_frgn_sell_20d,07386ad2a835
14921447,2026-09-28 14:35:36,actions-trading,Sim12,028260,skip,pb2_not_crashed,3393fac0f2fa
14921447,2026-09-28 14:35:36,actions-trading,Sim12,000500,skip,avoid_amount_dry,a476b482eb10
14921447,2026-09-28 14:35:36,actions-trading,Sim12,034730,skip,pb2_not_crashed,641070086f12
14921447,2026-09-28 14:35:36,actions-trading,Sim12,02826K,skip,pb2_not_crashed,574b4b450c8a
14921447,2026-09-28 14:35:36,actions-trading,Sim12,011090,skip,avoid_amount_dry,dc94a3058072
14921447,2026-09-28 14:35:36,actions-trading,Sim12,192650,skip,avoid_frgn_sell_20d,50a0c4ae1577
14921447,2026-09-28 14:35:36,actions-trading,Sim12,000660,skip,avoid_frgn_sell_20d,63ab7871809c
14921447,2026-09-28 14:35:36,actions-trading,Sim12,007660,skip,pb2_not_crashed,99ec7ecd57a9
14921447,2026-09-28 14:35:36,actions-trading,Sim12,002030,skip,avoid_frgn_sell_20d,478b72d69de9
14921447,2026-09-28 14:35:36,actions-trading,Sim12,005930,skip,pb2_not_crashed,efb3eaa14aa1
14921447,2026-09-28 14:35:36,actions-trading,Sim12,002070,skip,avoid_amount_dry,1fe2f7ef731e
14921447,2026-09-28 14:35:36,actions-trading,Sim12,03473K,skip,avoid_frgn_sell_20d,6d129f1c5bdc
14921447,2026-09-28 14:35:36,actions-trading,Sim12,298040,skip,pb2_not_crashed,329382f1417e
14921447,2026-09-28 14:35:36,actions-trading,Sim12,101140,skip,avoid_amount_dry,9351bb9da570
14921447,2026-09-28 14:35:36,actions-trading,Sim12,010580,skip,avoid_amount_dry,18d8d4b58280
14921447,2026-09-28 14:35:36,actions-trading,Sim12,011390,skip,avoid_amount_dry,1bfe6dad8f63
14921447,2026-09-28 14:35:36,actions-trading,Sim12,004800,skip,avoid_amount_dry,6b77348c63e0
14921447,2026-09-28 14:35:36,actions-trading,Sim12,0220W0,skip,avoid_amount_dry,fbf724939e4e
14921447,2026-09-28 14:35:36,actions-trading,Sim12,128940,skip,avoid_amount_dry,30f9a2aaed29
14921447,2026-09-28 14:35:37,actions-trading,Sim13,003580,skip,theme_momentum_weak,be426bc160f0
14921447,2026-09-28 14:35:37,actions-trading,Sim13,044380,skip,theme_momentum_weak,c0f9ae975793
14921447,2026-09-28 14:35:37,actions-trading,Sim13,009830,skip,theme_momentum_weak,980cdffe08ce
14921447,2026-09-28 14:35:37,actions-trading,Sim13,003570,skip,theme_momentum_weak,e8ad0c676b4e
14921447,2026-09-28 14:35:37,actions-trading,Sim13,014280,skip,theme_momentum_weak,9380012af965
14921447,2026-09-28 14:35:37,actions-trading,Sim13,002360,skip,held_or_cooldown,c281910ba6d6
14921447,2026-09-28 14:35:37,actions-trading,Sim13,010060,skip,theme_momentum_weak,a2e4a1ab2c6e
14921447,2026-09-28 14:35:37,actions-trading,Sim13,051630,skip,adx_weak,20985f4f4285
14921447,2026-09-28 14:35:37,actions-trading,Sim13,025560,skip,theme_momentum_weak,2fd53d93cb0c
14921447,2026-09-28 14:35:37,actions-trading,Sim13,004440,skip,theme_momentum_weak,4957fe77d4cd
14921447,2026-09-28 14:35:37,actions-trading,Sim13,001527,skip,theme_momentum_weak,ae776f4cb8ee
14921447,2026-09-28 14:35:37,actions-trading,Sim13,004710,skip,no_frgn_support,f8d645ee9004
14921447,2026-09-28 14:35:37,actions-trading,Sim13,011070,skip,theme_momentum_weak,1d6344fd1766
14921447,2026-09-28 14:35:37,actions-trading,Sim13,009835,skip,theme_momentum_weak,8815044e78b3
14921447,2026-09-28 14:35:37,actions-trading,Sim13,006110,skip,theme_momentum_weak,8ddaa81243bc
14921447,2026-09-28 14:35:37,actions-trading,Sim13,499790,skip,theme_momentum_weak,6b6af0331ebc
14921447,2026-09-28 14:35:37,actions-trading,Sim13,047040,skip,theme_momentum_weak,8fccf4c80e0f
14921447,2026-09-28 14:35:37,actions-trading,Sim13,064960,skip,theme_momentum_weak,beb8702d08c6
14921447,2026-09-28 14:35:37,actions-trading,Sim13,020120,skip,adx_weak,8a38c5a048ae
14921447,2026-09-28 14:35:37,actions-trading,Sim13,007810,skip,theme_momentum_weak,3a85d800f8f4
14921447,2026-09-28 14:35:37,actions-trading,Sim13,036530,skip,theme_momentum_weak,5d6983c80802
14921447,2026-09-28 14:35:37,actions-trading,Sim13,071950,skip,theme_momentum_weak,4f7c9b410792
14921447,2026-09-28 14:35:37,actions-trading,Sim13,006120,skip,no_frgn_support,6f96d97b763f
14921447,2026-09-28 14:35:37,actions-trading,Sim13,025620,skip,theme_momentum_weak,dce55a0a778e
14921447,2026-09-28 14:35:37,actions-trading,Sim13,005070,skip,theme_momentum_weak,f7c08fdb5fdc
14921447,2026-09-28 14:35:37,actions-trading,Sim13,306200,skip,theme_momentum_weak,d55356aecd1a
14921447,2026-09-28 14:35:37,actions-trading,Sim13,003030,skip,theme_momentum_weak,1698c7ba4903
14921447,2026-09-28 14:35:37,actions-trading,Sim13,077500,skip,held_or_cooldown,930703930672
14921447,2026-09-28 14:35:37,actions-trading,Sim13,361610,skip,theme_momentum_weak,506806c0a741
14921447,2026-09-28 14:35:37,actions-trading,Sim13,020150,skip,theme_momentum_weak,84473246fd40
14921448,2026-09-28 14:36:57,actions-trading,Sim3,402340,skip,qty_zero,8259872811f2
14921448,2026-09-28 14:36:57,actions-trading,Sim3,383800,skip,amount,0ef310f4e0d5
14921448,2026-09-28 14:36:57,actions-trading,Sim3,462870,skip,amount,962337658941
14921448,2026-09-28 14:36:57,actions-trading,Sim3,000660,skip,qty_zero,eb0beb8a1255
14921448,2026-09-28 14:36:57,actions-trading,Sim3,071970,skip,amount,330c5a20be3c
14921448,2026-09-28 14:36:57,actions-trading,Sim3,042700,skip,not_cheap,f8f600f33a14
14921448,2026-09-28 14:36:57,actions-trading,Sim3,326030,skip,amount,e9b606709d87
14921448,2026-09-28 14:36:57,actions-trading,Sim3,207940,skip,not_cheap,c40b3d029dcf
14921448,2026-09-28 14:36:57,actions-trading,Sim3,033920,skip,amount,e9b1b083e49c
14921448,2026-09-28 14:36:57,actions-trading,Sim3,004770,skip,amount,9e392b0fffe3
14921448,2026-09-28 14:36:57,actions-trading,Sim3,0126Z0,skip,not_cheap,5ab188ce83fb
14921448,2026-09-28 14:36:57,actions-trading,Sim3,062040,skip,not_cheap,94589eaed390
14921448,2026-09-28 14:36:57,actions-trading,Sim3,317450,skip,amount,9878f83ad14e
14921448,2026-09-28 14:36:57,actions-trading,Sim3,026960,skip,amount,e27c5bca0e9c
14921448,2026-09-28 14:36:57,actions-trading,Sim3,021820,skip,amount,0c8b20b1410c
14921448,2026-09-28 14:36:57,actions-trading,Sim3,192080,skip,amount,1fd4fea8118c
14921448,2026-09-28 14:36:57,actions-trading,Sim3,068270,skip,cooldown,30a7cb537ee0
14921448,2026-09-28 14:36:57,actions-trading,Sim3,123890,skip,amount,2d5f62f841c2
14921448,2026-09-28 14:36:57,actions-trading,Sim3,000240,skip,amount,cb9a49919910
14921448,2026-09-28 14:36:57,actions-trading,Sim3,002380,skip,cooldown,9da124172c4b
14921448,2026-09-28 14:36:57,actions-trading,Sim3,009770,skip,amount,4ae1f694d7a7
14921448,2026-09-28 14:36:57,actions-trading,Sim3,259960,skip,cooldown,40e529f5e551
14921448,2026-09-28 14:36:57,actions-trading,Sim3,035250,skip,amount,dfce6e9c4cf9
14921448,2026-09-28 14:36:57,actions-trading,Sim3,383220,skip,amount,87dbde59308d
14921448,2026-09-28 14:36:57,actions-trading,Sim3,226320,skip,amount,cf83a8350550
14921448,2026-09-28 14:36:57,actions-trading,Sim3,439260,skip,amount,c93f6218457a
14921448,2026-09-28 14:36:57,actions-trading,Sim3,025560,skip,cooldown,5313fb727c99
14921448,2026-09-28 14:36:57,actions-trading,Sim3,007700,skip,amount,e711320b8da6
14921448,2026-09-28 14:36:57,actions-trading,Sim3,278470,skip,not_cheap,92f8b2eefcee
14921448,2026-09-28 14:36:57,actions-trading,Sim3,000990,skip,not_cheap,5e58c2c40420
14921448,2026-09-28 14:37:34,actions-trading,MFHS2,047040,skip,max_holdings,a3ebbb0a6694
14921448,2026-09-28 14:37:34,actions-trading,MFHS2,005880,seen,,dec78f912887
14921448,2026-09-28 14:37:34,actions-trading,MFHS2,024110,seen,,0e2d129f605e
14921448,2026-09-28 14:37:34,actions-trading,MFHS2,009830,seen,,31bd286eaaa1
14921448,2026-09-28 14:37:34,actions-trading,MFHS2,018880,seen,,4f51360362d8
14921448,2026-09-28 14:37:34,actions-trading,MFHS2,316140,seen,,22210eff5695
14921448,2026-09-28 14:37:34,actions-trading,MFHS2,088350,seen,,b6bdce994754
14921448,2026-09-28 14:37:34,actions-trading,MFHS2,003280,seen,,900e49a475fd
14921448,2026-09-28 14:37:34,actions-trading,MFHS2,006360,seen,,2c888cb0f304
14921448,2026-09-28 14:37:34,actions-trading,MFHS2,073240,seen,,371ac919d434
14921448,2026-09-28 14:37:34,actions-trading,MFHS2,011200,seen,,fa98924803a1
14921448,2026-09-28 14:37:34,actions-trading,MFHS2,004020,seen,,7b28a7972ea7
14921448,2026-09-28 14:37:34,actions-trading,MFHS2,015760,seen,,1c9c961a47ae
14921448,2026-09-28 14:37:34,actions-trading,MFHS2,032640,seen,,252d98ff12ef
14921448,2026-09-28 14:37:34,actions-trading,MFHS2,003490,seen,,ecfac57dcca6
14921448,2026-09-28 14:37:34,actions-trading,MFHS2,279570,seen,,1ee06cb2f22d
14921448,2026-09-28 14:37:34,actions-trading,MFHS2,096770,seen,,a0addaf88c5a
14921448,2026-09-28 14:37:34,actions-trading,MFHS2,047050,seen,,875d9f28bd27
14921448,2026-09-28 14:37:34,actions-trading,MFHS2,323410,seen,,d095406e8361
14921448,2026-09-28 14:37:34,actions-trading,MFHS2,035420,seen,,a08fe6cb27d6
14921448,2026-09-28 14:37:34,actions-trading,MFHS2,004710,seen,,e096e2614fbb
14921448,2026-09-28 14:37:34,actions-trading,MFHS2,008970,seen,,c393c6bee022
14921448,2026-09-28 14:37:34,actions-trading,MFHS2,139130,seen,,90113623d23b
14921448,2026-09-28 14:37:34,actions-trading,MFHS2,007810,seen,,50d7d56e87af
14921448,2026-09-28 14:37:34,actions-trading,MFHS2,035720,seen,,e5468b593e2f
14921448,2026-09-28 14:37:34,actions-trading,MFHS2,003530,seen,,172b362bf650
14921448,2026-09-28 14:37:34,actions-trading,MFHS2,000720,seen,,7ab6b854bb4c
14921448,2026-09-28 14:37:34,actions-trading,MFHS2,051630,seen,,da8869f95ed3
14921448,2026-09-28 14:37:34,actions-trading,MFHS2,002360,seen,,eb73134b1489
14921448,2026-09-28 14:37:34,actions-trading,MFHS2,028670,seen,,18e41656fdc5
14921448,2026-09-28 14:37:37,actions-trading,상승모멘텀,003580,skip,max_holdings,be426bc160f0
14921448,2026-09-28 14:37:37,actions-trading,상승모멘텀,044380,seen,,eb33385b6946
14921448,2026-09-28 14:37:37,actions-trading,상승모멘텀,009830,seen,,31bd286eaaa1
14921448,2026-09-28 14:37:37,actions-trading,상승모멘텀,003570,seen,,74ca668efc48
14921448,2026-09-28 14:37:37,actions-trading,상승모멘텀,002360,seen,,eb73134b1489
14921448,2026-09-28 14:37:37,actions-trading,상승모멘텀,014280,seen,,784ba5d0d084
14921448,2026-09-28 14:37:37,actions-trading,상승모멘텀,010060,seen,,d6c7eb994d7c
14921448,2026-09-28 14:37:37,actions-trading,상승모멘텀,051630,seen,,da8869f95ed3
14921448,2026-09-28 14:37:37,actions-trading,상승모멘텀,025560,seen,,c323c8e063d0
14921448,2026-09-28 14:37:37,actions-trading,상승모멘텀,001527,seen,,ae776f4cb8ee
14921448,2026-09-28 14:37:37,actions-trading,상승모멘텀,009835,seen,,a23924429c7e
14921448,2026-09-28 14:37:37,actions-trading,상승모멘텀,011070,seen,,77d31f4c394a
14921448,2026-09-28 14:37:37,actions-trading,상승모멘텀,004440,seen,,97fb7edbb2d8
14921448,2026-09-28 14:37:37,actions-trading,상승모멘텀,006110,seen,,79f1b3431669
14921448,2026-09-28 14:37:37,actions-trading,상승모멘텀,004710,seen,,e096e2614fbb
14921448,2026-09-28 14:37:37,actions-trading,상승모멘텀,047040,seen,,a3ebbb0a6694
14921448,2026-09-28 14:37:37,actions-trading,상승모멘텀,499790,seen,,1abbd1ac3269
14921448,2026-09-28 14:37:37,actions-trading,상승모멘텀,064960,seen,,a4df1b3c4b76
14921448,2026-09-28 14:37:37,actions-trading,상승모멘텀,071950,seen,,4cdbb0c4c6bc
14921448,2026-09-28 14:37:37,actions-trading,상승모멘텀,025620,seen,,dce55a0a778e
14921448,2026-09-28 14:37:37,actions-trading,상승모멘텀,007810,seen,,50d7d56e87af
14921448,2026-09-28 14:37:37,actions-trading,상승모멘텀,020150,seen,,b91e675f81d7
14921448,2026-09-28 14:37:37,actions-trading,상승모멘텀,036530,seen,,8573dba04109
14921448,2026-09-28 14:37:37,actions-trading,상승모멘텀,006120,seen,,292a3587edb8
14921448,2026-09-28 14:37:37,actions-trading,상승모멘텀,005070,seen,,7a9707595c9f
14921448,2026-09-28 14:37:37,actions-trading,상승모멘텀,003030,seen,,f4dabdf4a956
14921448,2026-09-28 14:37:37,actions-trading,상승모멘텀,306200,seen,,d918e29ddc1e
14921448,2026-09-28 14:37:37,actions-trading,상승모멘텀,361610,seen,,7c703fc7361c
14921448,2026-09-28 14:37:37,actions-trading,상승모멘텀,138040,seen,,f17d1426a145
14921448,2026-09-28 14:37:37,actions-trading,상승모멘텀,077500,seen,,650f3d5386bd
14921448,2026-09-28 14:37:37,actions-trading,Sim4-1,003580,skip,amount,be426bc160f0
14921448,2026-09-28 14:37:37,actions-trading,Sim4-1,044380,skip,amount,eb33385b6946
14921448,2026-09-28 14:37:37,actions-trading,Sim4-1,009830,skip,period,31bd286eaaa1
14921448,2026-09-28 14:37:37,actions-trading,Sim4-1,003570,skip,adx_high,74ca668efc48
14921448,2026-09-28 14:37:37,actions-trading,Sim4-1,002360,skip,held_or_cooldown,eb73134b1489
14921448,2026-09-28 14:37:37,actions-trading,Sim4-1,014280,skip,adx_low,784ba5d0d084
14921448,2026-09-28 14:37:37,actions-trading,Sim4-1,010060,skip,adx_low,d6c7eb994d7c
14921448,2026-09-28 14:37:37,actions-trading,Sim4-1,051630,skip,amount,da8869f95ed3
14921448,2026-09-28 14:37:37,actions-trading,Sim4-1,025560,skip,adx_high,c323c8e063d0
14921448,2026-09-28 14:37:37,actions-trading,Sim4-1,001527,skip,amount,ae776f4cb8ee
14921448,2026-09-28 14:37:37,actions-trading,Sim4-1,009835,skip,amount,a23924429c7e
14921448,2026-09-28 14:37:37,actions-trading,Sim4-1,011070,skip,period,77d31f4c394a
14921448,2026-09-28 14:37:37,actions-trading,Sim4-1,004440,skip,amount,97fb7edbb2d8
14921448,2026-09-28 14:37:37,actions-trading,Sim4-1,006110,skip,adx_high,79f1b3431669
14921448,2026-09-28 14:37:37,actions-trading,Sim4-1,004710,skip,held_or_cooldown,e096e2614fbb
14921448,2026-09-28 14:37:37,actions-trading,Sim4-1,047040,skip,period,a3ebbb0a6694
14921448,2026-09-28 14:37:37,actions-trading,Sim4-1,499790,skip,amount,1abbd1ac3269
14921448,2026-09-28 14:37:37,actions-trading,Sim4-1,064960,skip,adx_high,a4df1b3c4b76
14921448,2026-09-28 14:37:37,actions-trading,Sim4-1,071950,skip,amount,4cdbb0c4c6bc
14921448,2026-09-28 14:37:37,actions-trading,Sim4-1,025620,skip,amount,dce55a0a778e
14921448,2026-09-28 14:37:37,actions-trading,Sim4-1,007810,skip,adx_high,50d7d56e87af
14921448,2026-09-28 14:37:37,actions-trading,Sim4-1,020150,skip,adx_low,b91e675f81d7
14921448,2026-09-28 14:37:37,actions-trading,Sim4-1,036530,skip,amount,8573dba04109
14921448,2026-09-28 14:37:37,actions-trading,Sim4-1,006120,skip,adx_high,292a3587edb8
14921448,2026-09-28 14:37:37,actions-trading,Sim4-1,005070,skip,adx_low,7a9707595c9f
14921448,2026-09-28 14:37:37,actions-trading,Sim4-1,003030,skip,amount,f4dabdf4a956
14921448,2026-09-28 14:37:37,actions-trading,Sim4-1,306200,skip,amount,d918e29ddc1e
14921448,2026-09-28 14:37:37,actions-trading,Sim4-1,361610,skip,adx_high,7c703fc7361c
14921448,2026-09-28 14:37:37,actions-trading,Sim4-1,138040,skip,adx_low,f17d1426a145
14921448,2026-09-28 14:37:37,actions-trading,Sim4-1,077500,skip,adx_high,650f3d5386bd
14921448,2026-09-28 14:37:38,actions-trading,선행매집,047040,skip,below_anchor,a3ebbb0a6694
14921448,2026-09-28 14:37:38,actions-trading,선행매집,009830,skip,below_anchor,31bd286eaaa1
14921448,2026-09-28 14:37:38,actions-trading,선행매집,005880,skip,below_anchor,dec78f912887
14921448,2026-09-28 14:37:38,actions-trading,선행매집,018880,skip,below_anchor,4f51360362d8
14921448,2026-09-28 14:37:38,actions-trading,선행매집,024110,skip,below_anchor,0e2d129f605e
14921448,2026-09-28 14:37:38,actions-trading,선행매집,088350,skip,below_anchor,b6bdce994754
14921448,2026-09-28 14:37:38,actions-trading,선행매집,073240,skip,below_anchor,371ac919d434
14921448,2026-09-28 14:37:38,actions-trading,선행매집,003280,skip,below_anchor,900e49a475fd
14921448,2026-09-28 14:37:38,actions-trading,선행매집,316140,skip,no_setup,22210eff5695
14921448,2026-09-28 14:37:38,actions-trading,선행매집,015760,skip,below_anchor,1c9c961a47ae
14921448,2026-09-28 14:37:38,actions-trading,선행매집,011200,skip,sold_or_cooldown,fa98924803a1
14921448,2026-09-28 14:37:38,actions-trading,선행매집,006360,skip,below_anchor,2c888cb0f304
14921448,2026-09-28 14:37:38,actions-trading,선행매집,004710,skip,below_anchor,e096e2614fbb
14921448,2026-09-28 14:37:38,actions-trading,선행매집,096770,skip,held_awaiting_breakout,a0addaf88c5a
14921448,2026-09-28 14:37:38,actions-trading,선행매집,035420,skip,below_anchor,a08fe6cb27d6
14921448,2026-09-28 14:37:38,actions-trading,선행매집,032640,skip,below_anchor,252d98ff12ef
14921448,2026-09-28 14:37:38,actions-trading,선행매집,003490,skip,sold_or_cooldown,ecfac57dcca6
14921448,2026-09-28 14:37:38,actions-trading,선행매집,000720,skip,below_anchor,7ab6b854bb4c
14921448,2026-09-28 14:37:38,actions-trading,선행매집,047050,skip,below_anchor,875d9f28bd27
14921448,2026-09-28 14:37:38,actions-trading,선행매집,004020,skip,below_anchor,7b28a7972ea7
14921448,2026-09-28 14:37:38,actions-trading,선행매집,035720,skip,below_anchor,e5468b593e2f
14921448,2026-09-28 14:37:38,actions-trading,선행매집,008970,skip,amount,c393c6bee022
14921448,2026-09-28 14:37:38,actions-trading,선행매집,066570,skip,below_anchor,3357014fcfd6
14921448,2026-09-28 14:37:38,actions-trading,선행매집,279570,skip,below_anchor,1ee06cb2f22d
14921448,2026-09-28 14:37:38,actions-trading,선행매집,139130,skip,no_setup,90113623d23b
14921448,2026-09-28 14:37:38,actions-trading,선행매집,028670,skip,no_setup,18e41656fdc5
14921448,2026-09-28 14:37:38,actions-trading,선행매집,002360,skip,no_setup,eb73134b1489
14921448,2026-09-28 14:37:38,actions-trading,선행매집,007810,skip,below_anchor,50d7d56e87af
14921448,2026-09-28 14:37:38,actions-trading,선행매집,323410,skip,below_anchor,d095406e8361
14921448,2026-09-28 14:37:38,actions-trading,선행매집,003530,skip,below_anchor,172b362bf650
14921448,2026-09-28 14:37:38,actions-trading,Sim9,003580,skip,amount,be426bc160f0
14921448,2026-09-28 14:37:38,actions-trading,Sim9,044380,skip,amount,eb33385b6946
14921448,2026-09-28 14:37:38,actions-trading,Sim9,009830,skip,gap,31bd286eaaa1
14921448,2026-09-28 14:37:38,actions-trading,Sim9,003570,skip,gap,74ca668efc48
14921448,2026-09-28 14:37:38,actions-trading,Sim9,002360,skip,gap,eb73134b1489
14921448,2026-09-28 14:37:38,actions-trading,Sim9,014280,skip,gap,784ba5d0d084
14921448,2026-09-28 14:37:38,actions-trading,Sim9,010060,skip,gap,d6c7eb994d7c
14921448,2026-09-28 14:37:38,actions-trading,Sim9,051630,skip,gap,da8869f95ed3
14921448,2026-09-28 14:37:38,actions-trading,Sim9,025560,skip,gap,c323c8e063d0
14921448,2026-09-28 14:37:38,actions-trading,Sim9,001527,skip,amount,ae776f4cb8ee
14921448,2026-09-28 14:37:38,actions-trading,Sim9,009835,skip,amount,a23924429c7e
14921448,2026-09-28 14:37:38,actions-trading,Sim9,011070,skip,gap,77d31f4c394a
14921448,2026-09-28 14:37:38,actions-trading,Sim9,004440,skip,amount,97fb7edbb2d8
14921448,2026-09-28 14:37:38,actions-trading,Sim9,006110,skip,gap,79f1b3431669
14921448,2026-09-28 14:37:38,actions-trading,Sim9,004710,skip,gap,e096e2614fbb
14921448,2026-09-28 14:37:38,actions-trading,Sim9,047040,skip,gap,a3ebbb0a6694
14921448,2026-09-28 14:37:38,actions-trading,Sim9,499790,skip,gap,1abbd1ac3269
14921448,2026-09-28 14:37:38,actions-trading,Sim9,064960,skip,gap,a4df1b3c4b76
14921448,2026-09-28 14:37:38,actions-trading,Sim9,071950,skip,amount,4cdbb0c4c6bc
14921448,2026-09-28 14:37:38,actions-trading,Sim9,025620,skip,amount,dce55a0a778e
14921448,2026-09-28 14:37:38,actions-trading,Sim9,007810,skip,gap,50d7d56e87af
14921448,2026-09-28 14:37:38,actions-trading,Sim9,020150,skip,gap,b91e675f81d7
14921448,2026-09-28 14:37:38,actions-trading,Sim9,036530,skip,gap,8573dba04109
14921448,2026-09-28 14:37:38,actions-trading,Sim9,006120,skip,gap,292a3587edb8
14921448,2026-09-28 14:37:38,actions-trading,Sim9,005070,skip,gap,7a9707595c9f
14921448,2026-09-28 14:37:38,actions-trading,Sim9,003030,skip,gap,f4dabdf4a956
14921448,2026-09-28 14:37:38,actions-trading,Sim9,306200,skip,gap,d918e29ddc1e
14921448,2026-09-28 14:37:38,actions-trading,Sim9,361610,skip,gap,7c703fc7361c
14921448,2026-09-28 14:37:38,actions-trading,Sim9,138040,skip,gap,f17d1426a145
14921448,2026-09-28 14:37:38,actions-trading,Sim9,077500,skip,gap,650f3d5386bd
14921448,2026-09-28 14:37:38,actions-trading,미너비니,192820,skip,below_pivot,2ffe15ea923a
14921448,2026-09-28 14:37:38,actions-trading,미너비니,443060,skip,below_pivot,c7fa379f0fb4
14921448,2026-09-28 14:37:38,actions-trading,Sim12,003580,skip,pb2_not_crashed,be426bc160f0
14921448,2026-09-28 14:37:38,actions-trading,Sim12,044380,skip,avoid_deadcat,eb33385b6946
14921448,2026-09-28 14:37:38,actions-trading,Sim12,009830,skip,pb2_not_crashed,31bd286eaaa1
14921448,2026-09-28 14:37:38,actions-trading,Sim12,003570,skip,avoid_frgn_sell_20d,74ca668efc48
14921448,2026-09-28 14:37:38,actions-trading,Sim12,002360,skip,pb2_not_crashed,eb73134b1489
14921448,2026-09-28 14:37:38,actions-trading,Sim12,014280,skip,pb2_not_crashed,784ba5d0d084
14921448,2026-09-28 14:37:38,actions-trading,Sim12,010060,skip,pb2_not_crashed,d6c7eb994d7c
14921448,2026-09-28 14:37:38,actions-trading,Sim12,051630,skip,pb2_not_crashed,da8869f95ed3
14921448,2026-09-28 14:37:38,actions-trading,Sim12,025560,skip,avoid_frgn_sell_20d,c323c8e063d0
14921448,2026-09-28 14:37:38,actions-trading,Sim12,001527,skip,avoid_deadcat,ae776f4cb8ee
14921448,2026-09-28 14:37:38,actions-trading,Sim12,009835,skip,avoid_frgn_sell_20d,a23924429c7e
14921448,2026-09-28 14:37:38,actions-trading,Sim12,011070,skip,avoid_orgn_sell_high_per,77d31f4c394a
14921448,2026-09-28 14:37:38,actions-trading,Sim12,004440,skip,avoid_frgn_sell_20d,97fb7edbb2d8
14921448,2026-09-28 14:37:38,actions-trading,Sim12,006110,skip,avoid_deadcat,79f1b3431669
14921448,2026-09-28 14:37:38,actions-trading,Sim12,004710,skip,avoid_frgn_sell_20d,e096e2614fbb
14921448,2026-09-28 14:37:38,actions-trading,Sim12,047040,skip,avoid_frgn_sell_20d,a3ebbb0a6694
14921448,2026-09-28 14:37:38,actions-trading,Sim12,499790,skip,avoid_frgn_sell_20d,1abbd1ac3269
14921448,2026-09-28 14:37:38,actions-trading,Sim12,064960,skip,avoid_frgn_sell_20d,a4df1b3c4b76
14921448,2026-09-28 14:37:38,actions-trading,Sim12,071950,skip,avoid_deadcat,4cdbb0c4c6bc
14921448,2026-09-28 14:37:38,actions-trading,Sim12,025620,skip,pb2_not_crashed,dce55a0a778e
14921448,2026-09-28 14:37:38,actions-trading,Sim12,007810,skip,avoid_orgn_sell_high_per,50d7d56e87af
14921448,2026-09-28 14:37:38,actions-trading,Sim12,020150,skip,avoid_frgn_sell_20d,b91e675f81d7
14921448,2026-09-28 14:37:38,actions-trading,Sim12,036530,skip,avoid_frgn_sell_20d,8573dba04109
14921448,2026-09-28 14:37:38,actions-trading,Sim12,006120,skip,avoid_frgn_sell_20d,292a3587edb8
14921448,2026-09-28 14:37:38,actions-trading,Sim12,005070,skip,avoid_frgn_sell_20d,7a9707595c9f
14921448,2026-09-28 14:37:38,actions-trading,Sim12,003030,skip,pb2_not_crashed,f4dabdf4a956
14921448,2026-09-28 14:37:38,actions-trading,Sim12,306200,skip,pb2_not_crashed,d918e29ddc1e
14921448,2026-09-28 14:37:38,actions-trading,Sim12,361610,skip,pb2_not_crashed,7c703fc7361c
14921448,2026-09-28 14:37:38,actions-trading,Sim12,138040,skip,avoid_frgn_sell_20d,f17d1426a145
14921448,2026-09-28 14:37:38,actions-trading,Sim12,077500,skip,pb2_not_crashed,650f3d5386bd
14921448,2026-09-28 14:37:38,actions-trading,Sim12,014990,skip,avoid_amount_dry,1cc8f3542631
14921448,2026-09-28 14:37:38,actions-trading,Sim12,402340,skip,pb2_not_crashed,24a27877c553
14921448,2026-09-28 14:37:38,actions-trading,Sim12,109070,skip,pb2_not_crashed,c21882e2b918
14921448,2026-09-28 14:37:38,actions-trading,Sim12,002820,skip,pb2_not_crashed,35185e568922
14921448,2026-09-28 14:37:38,actions-trading,Sim12,009420,skip,pb2_not_crashed,85708f4a2013
14921448,2026-09-28 14:37:38,actions-trading,Sim12,002787,skip,avoid_amount_dry,937caeb0a5fa
14921448,2026-09-28 14:37:38,actions-trading,Sim12,069960,skip,avoid_frgn_sell_20d,2cf5ddd114fe
14921448,2026-09-28 14:37:38,actions-trading,Sim12,004545,skip,pb2_not_crashed,fdcd55706703
14921448,2026-09-28 14:37:38,actions-trading,Sim12,009190,skip,pb2_no_inst_buying,6f429c09f52a
14921448,2026-09-28 14:37:38,actions-trading,Sim12,000150,skip,avoid_frgn_sell_20d,4e47282c516d
14921448,2026-09-28 14:37:38,actions-trading,Sim12,000500,skip,avoid_amount_dry,765184559b47
14921448,2026-09-28 14:37:38,actions-trading,Sim12,028260,skip,pb2_not_crashed,a9758d44c704
14921448,2026-09-28 14:37:38,actions-trading,Sim12,005935,skip,avoid_frgn_sell_20d,779176a1e949
14921448,2026-09-28 14:37:38,actions-trading,Sim12,02826K,skip,pb2_not_crashed,a2708301885e
14921448,2026-09-28 14:37:38,actions-trading,Sim12,034730,skip,pb2_not_crashed,7bebdda13b3a
14921448,2026-09-28 14:37:38,actions-trading,Sim12,007660,skip,pb2_not_crashed,026a59451840
14921448,2026-09-28 14:37:38,actions-trading,Sim12,011090,skip,avoid_amount_dry,2f7cbf3b940f
14921448,2026-09-28 14:37:38,actions-trading,Sim12,192650,skip,avoid_frgn_sell_20d,4db17ba1c313
14921448,2026-09-28 14:37:38,actions-trading,Sim12,005930,skip,pb2_not_crashed,4538fede813b
14921448,2026-09-28 14:37:38,actions-trading,Sim12,000660,skip,avoid_frgn_sell_20d,7b29e0e84490
14921448,2026-09-28 14:37:38,actions-trading,Sim12,002070,skip,avoid_amount_dry,7825883d4913
14921448,2026-09-28 14:37:38,actions-trading,Sim12,03473K,skip,avoid_frgn_sell_20d,fd9780113724
14921448,2026-09-28 14:37:38,actions-trading,Sim12,002030,skip,avoid_frgn_sell_20d,c911e1aa5350
14921448,2026-09-28 14:37:38,actions-trading,Sim12,101140,skip,avoid_amount_dry,9351bb9da570
14921448,2026-09-28 14:37:38,actions-trading,Sim12,298040,skip,pb2_not_crashed,efb1abf391e0
14921448,2026-09-28 14:37:38,actions-trading,Sim12,128940,skip,avoid_amount_dry,9ca226f6d98d
14921448,2026-09-28 14:37:38,actions-trading,Sim12,011390,skip,avoid_amount_dry,ceb59a62e563
14921448,2026-09-28 14:37:38,actions-trading,Sim12,010580,skip,avoid_amount_dry,bb5c3a4ba831
14921448,2026-09-28 14:37:38,actions-trading,Sim12,004800,skip,pb2_not_crashed,003b234cc748
14921448,2026-09-28 14:37:38,actions-trading,Sim12,465770,skip,avoid_amount_dry,3a1de3661fe9
14921448,2026-09-28 14:37:39,actions-trading,Sim13,003580,skip,theme_momentum_weak,be426bc160f0
14921448,2026-09-28 14:37:39,actions-trading,Sim13,044380,skip,theme_momentum_weak,eb33385b6946
14921448,2026-09-28 14:37:39,actions-trading,Sim13,009830,skip,theme_momentum_weak,31bd286eaaa1
14921448,2026-09-28 14:37:39,actions-trading,Sim13,003570,skip,theme_momentum_weak,74ca668efc48
14921448,2026-09-28 14:37:39,actions-trading,Sim13,002360,skip,held_or_cooldown,eb73134b1489
14921448,2026-09-28 14:37:39,actions-trading,Sim13,014280,skip,theme_momentum_weak,784ba5d0d084
14921448,2026-09-28 14:37:39,actions-trading,Sim13,010060,skip,theme_momentum_weak,d6c7eb994d7c
14921448,2026-09-28 14:37:39,actions-trading,Sim13,051630,skip,adx_weak,da8869f95ed3
14921448,2026-09-28 14:37:39,actions-trading,Sim13,025560,skip,theme_momentum_weak,c323c8e063d0
14921448,2026-09-28 14:37:39,actions-trading,Sim13,001527,skip,theme_momentum_weak,ae776f4cb8ee
14921448,2026-09-28 14:37:39,actions-trading,Sim13,009835,skip,theme_momentum_weak,a23924429c7e
14921448,2026-09-28 14:37:39,actions-trading,Sim13,011070,skip,theme_momentum_weak,77d31f4c394a
14921448,2026-09-28 14:37:39,actions-trading,Sim13,004440,skip,theme_momentum_weak,97fb7edbb2d8
14921448,2026-09-28 14:37:39,actions-trading,Sim13,006110,skip,theme_momentum_weak,79f1b3431669
14921448,2026-09-28 14:37:39,actions-trading,Sim13,004710,skip,no_frgn_support,e096e2614fbb
14921448,2026-09-28 14:37:39,actions-trading,Sim13,047040,skip,theme_momentum_weak,a3ebbb0a6694
14921448,2026-09-28 14:37:39,actions-trading,Sim13,499790,skip,theme_momentum_weak,1abbd1ac3269
14921448,2026-09-28 14:37:39,actions-trading,Sim13,064960,skip,theme_momentum_weak,a4df1b3c4b76
14921448,2026-09-28 14:37:39,actions-trading,Sim13,071950,skip,theme_momentum_weak,4cdbb0c4c6bc
14921448,2026-09-28 14:37:39,actions-trading,Sim13,025620,skip,theme_momentum_weak,dce55a0a778e
14921448,2026-09-28 14:37:39,actions-trading,Sim13,007810,skip,theme_momentum_weak,50d7d56e87af
14921448,2026-09-28 14:37:39,actions-trading,Sim13,020150,skip,theme_momentum_weak,b91e675f81d7
14921448,2026-09-28 14:37:39,actions-trading,Sim13,036530,skip,theme_momentum_weak,8573dba04109
14921448,2026-09-28 14:37:39,actions-trading,Sim13,006120,skip,no_frgn_support,292a3587edb8
14921448,2026-09-28 14:37:39,actions-trading,Sim13,005070,skip,theme_momentum_weak,7a9707595c9f
14921448,2026-09-28 14:37:39,actions-trading,Sim13,003030,skip,theme_momentum_weak,f4dabdf4a956
14921448,2026-09-28 14:37:39,actions-trading,Sim13,306200,skip,theme_momentum_weak,d918e29ddc1e
14921448,2026-09-28 14:37:39,actions-trading,Sim13,361610,skip,theme_momentum_weak,7c703fc7361c
14921448,2026-09-28 14:37:39,actions-trading,Sim13,138040,skip,theme_momentum_weak,f17d1426a145
14921448,2026-09-28 14:37:39,actions-trading,Sim13,077500,skip,held_or_cooldown,650f3d5386bd
14921449,2026-09-28 14:39:00,actions-trading,Sim3,402340,skip,qty_zero,03cc8f98e3e5
14921449,2026-09-28 14:39:00,actions-trading,Sim3,383800,skip,amount,2ded1e397c12
14921449,2026-09-28 14:39:00,actions-trading,Sim3,462870,skip,amount,e08029c900cb
14921449,2026-09-28 14:39:00,actions-trading,Sim3,000660,skip,qty_zero,a350aa551a1b
14921449,2026-09-28 14:39:00,actions-trading,Sim3,071970,skip,amount,d55e9bbb280c
14921449,2026-09-28 14:39:00,actions-trading,Sim3,042700,skip,not_cheap,7e2b0d406c99
14921449,2026-09-28 14:39:00,actions-trading,Sim3,326030,skip,amount,f35394236237
14921449,2026-09-28 14:39:00,actions-trading,Sim3,207940,skip,not_cheap,c80ffc57e887
14921449,2026-09-28 14:39:00,actions-trading,Sim3,033920,skip,amount,1f340a664559
14921449,2026-09-28 14:39:00,actions-trading,Sim3,004770,skip,amount,02b412874efe
14921449,2026-09-28 14:39:00,actions-trading,Sim3,0126Z0,skip,not_cheap,153f38d430e8
14921449,2026-09-28 14:39:00,actions-trading,Sim3,062040,skip,not_cheap,385d09074619
14921449,2026-09-28 14:39:00,actions-trading,Sim3,317450,skip,amount,9878f83ad14e
14921449,2026-09-28 14:39:00,actions-trading,Sim3,026960,skip,amount,9e03809aed7f
14921449,2026-09-28 14:39:00,actions-trading,Sim3,021820,skip,amount,0c8b20b1410c
14921449,2026-09-28 14:39:00,actions-trading,Sim3,192080,skip,amount,fc76d3be9440
14921449,2026-09-28 14:39:00,actions-trading,Sim3,068270,skip,cooldown,f2e9d101eeb0
14921449,2026-09-28 14:39:00,actions-trading,Sim3,123890,skip,amount,94cf4ceba947
14921449,2026-09-28 14:39:00,actions-trading,Sim3,000240,skip,amount,076cff86e480
14921449,2026-09-28 14:39:00,actions-trading,Sim3,002380,skip,cooldown,60d1f357d730
14921449,2026-09-28 14:39:00,actions-trading,Sim3,009770,skip,amount,4ae1f694d7a7
14921449,2026-09-28 14:39:00,actions-trading,Sim3,259960,skip,cooldown,4c1e1d7064fe
14921449,2026-09-28 14:39:00,actions-trading,Sim3,035250,skip,amount,a194f3f9e669
14921449,2026-09-28 14:39:00,actions-trading,Sim3,383220,skip,amount,8f9c00887e74
14921449,2026-09-28 14:39:00,actions-trading,Sim3,226320,skip,amount,fde96b0f3451
14921449,2026-09-28 14:39:00,actions-trading,Sim3,439260,skip,amount,3168e2e47e21
14921449,2026-09-28 14:39:00,actions-trading,Sim3,025560,skip,cooldown,83d182acc9c0
14921449,2026-09-28 14:39:00,actions-trading,Sim3,007700,skip,amount,e711320b8da6
14921449,2026-09-28 14:39:00,actions-trading,Sim3,278470,skip,not_cheap,01e8078c40cb
14921449,2026-09-28 14:39:00,actions-trading,Sim3,000990,skip,not_cheap,461977c40498
14921449,2026-09-28 14:39:36,actions-trading,MFHS2,047040,skip,max_holdings,d51b73a28f07
14921449,2026-09-28 14:39:36,actions-trading,MFHS2,005880,seen,,1d14d969fe23
14921449,2026-09-28 14:39:36,actions-trading,MFHS2,024110,seen,,e70b7aea7ed3
14921449,2026-09-28 14:39:36,actions-trading,MFHS2,009830,seen,,6488295fdc40
14921449,2026-09-28 14:39:36,actions-trading,MFHS2,018880,seen,,95af818089be
14921449,2026-09-28 14:39:36,actions-trading,MFHS2,316140,seen,,83d4980aa0ad
14921449,2026-09-28 14:39:36,actions-trading,MFHS2,088350,seen,,285a334ebde9
14921449,2026-09-28 14:39:36,actions-trading,MFHS2,003280,seen,,91a4ed5981d0
14921449,2026-09-28 14:39:36,actions-trading,MFHS2,006360,seen,,872932fa0fa8
14921449,2026-09-28 14:39:36,actions-trading,MFHS2,073240,seen,,023d4d7aa947
14921449,2026-09-28 14:39:36,actions-trading,MFHS2,011200,seen,,4ec5a4eac979
14921449,2026-09-28 14:39:36,actions-trading,MFHS2,004020,seen,,17741df8213c
14921449,2026-09-28 14:39:36,actions-trading,MFHS2,015760,seen,,db68912652f4
14921449,2026-09-28 14:39:36,actions-trading,MFHS2,032640,seen,,fbadcc2591a2
14921449,2026-09-28 14:39:36,actions-trading,MFHS2,003490,seen,,1e4f92b58fe4
14921449,2026-09-28 14:39:36,actions-trading,MFHS2,279570,seen,,c3d991692e77
14921449,2026-09-28 14:39:36,actions-trading,MFHS2,096770,seen,,d3afe92490d4
14921449,2026-09-28 14:39:36,actions-trading,MFHS2,047050,seen,,fa5622cbc2e7
14921449,2026-09-28 14:39:36,actions-trading,MFHS2,323410,seen,,1707fd758d82
14921449,2026-09-28 14:39:36,actions-trading,MFHS2,035420,seen,,f6febbf7a1c1
14921449,2026-09-28 14:39:36,actions-trading,MFHS2,004710,seen,,3a548a214fd0
14921449,2026-09-28 14:39:36,actions-trading,MFHS2,008970,seen,,f7a0f369054c
14921449,2026-09-28 14:39:36,actions-trading,MFHS2,139130,seen,,aa0d505234ba
14921449,2026-09-28 14:39:36,actions-trading,MFHS2,007810,seen,,1434dd1ef131
14921449,2026-09-28 14:39:36,actions-trading,MFHS2,035720,seen,,939f0d6a52e4
14921449,2026-09-28 14:39:36,actions-trading,MFHS2,003530,seen,,4b2009642132
14921449,2026-09-28 14:39:36,actions-trading,MFHS2,000720,seen,,aaec0186f315
14921449,2026-09-28 14:39:36,actions-trading,MFHS2,051630,seen,,5edb5a251691
14921449,2026-09-28 14:39:36,actions-trading,MFHS2,002360,seen,,19fd4218b566
14921449,2026-09-28 14:39:36,actions-trading,MFHS2,028670,seen,,f10decaa8f99
14921449,2026-09-28 14:39:39,actions-trading,상승모멘텀,003580,skip,max_holdings,7544d0a22c79
14921449,2026-09-28 14:39:39,actions-trading,상승모멘텀,044380,seen,,9eed124183cf
14921449,2026-09-28 14:39:39,actions-trading,상승모멘텀,009830,seen,,6488295fdc40
14921449,2026-09-28 14:39:39,actions-trading,상승모멘텀,003570,seen,,9cd81ddc1a3b
14921449,2026-09-28 14:39:39,actions-trading,상승모멘텀,014280,seen,,d2ea83e4cf28
14921449,2026-09-28 14:39:39,actions-trading,상승모멘텀,002360,seen,,19fd4218b566
14921449,2026-09-28 14:39:39,actions-trading,상승모멘텀,010060,seen,,1dbbc7705232
14921449,2026-09-28 14:39:39,actions-trading,상승모멘텀,051630,seen,,5edb5a251691
14921449,2026-09-28 14:39:39,actions-trading,상승모멘텀,025560,seen,,638802a668cc
14921449,2026-09-28 14:39:39,actions-trading,상승모멘텀,001527,seen,,ae776f4cb8ee
14921449,2026-09-28 14:39:39,actions-trading,상승모멘텀,009835,seen,,298cb6aebe7f
14921449,2026-09-28 14:39:39,actions-trading,상승모멘텀,006110,seen,,80375fc9e2ae
14921449,2026-09-28 14:39:39,actions-trading,상승모멘텀,011070,seen,,763189e36334
14921449,2026-09-28 14:39:39,actions-trading,상승모멘텀,004440,seen,,97fb7edbb2d8
14921449,2026-09-28 14:39:39,actions-trading,상승모멘텀,004710,seen,,3a548a214fd0
14921449,2026-09-28 14:39:39,actions-trading,상승모멘텀,499790,seen,,0ad4d42b5d6f
14921449,2026-09-28 14:39:39,actions-trading,상승모멘텀,047040,seen,,d51b73a28f07
14921449,2026-09-28 14:39:39,actions-trading,상승모멘텀,064960,seen,,cd04ee212a0d
14921449,2026-09-28 14:39:39,actions-trading,상승모멘텀,071950,seen,,4cdbb0c4c6bc
14921449,2026-09-28 14:39:39,actions-trading,상승모멘텀,020120,seen,,a42869f36aa7
14921449,2026-09-28 14:39:39,actions-trading,상승모멘텀,025620,seen,,dce55a0a778e
14921449,2026-09-28 14:39:39,actions-trading,상승모멘텀,006120,seen,,d19d04805cbe
14921449,2026-09-28 14:39:39,actions-trading,상승모멘텀,007810,seen,,1434dd1ef131
14921449,2026-09-28 14:39:39,actions-trading,상승모멘텀,036530,seen,,8a08f625a5eb
14921449,2026-09-28 14:39:39,actions-trading,상승모멘텀,020150,seen,,9931e30b03f7
14921449,2026-09-28 14:39:39,actions-trading,상승모멘텀,005070,seen,,826aaa2baaa3
14921449,2026-09-28 14:39:39,actions-trading,상승모멘텀,361610,seen,,08a42adc4bca
14921449,2026-09-28 14:39:39,actions-trading,상승모멘텀,306200,seen,,b9f25b0633e5
14921449,2026-09-28 14:39:39,actions-trading,상승모멘텀,003030,seen,,40c01f5a0a0d
14921449,2026-09-28 14:39:39,actions-trading,상승모멘텀,138040,seen,,45d29e8c3558
14921449,2026-09-28 14:39:39,actions-trading,Sim4-1,003580,skip,amount,7544d0a22c79
14921449,2026-09-28 14:39:39,actions-trading,Sim4-1,044380,skip,amount,9eed124183cf
14921449,2026-09-28 14:39:39,actions-trading,Sim4-1,009830,skip,period,6488295fdc40
14921449,2026-09-28 14:39:39,actions-trading,Sim4-1,003570,skip,adx_high,9cd81ddc1a3b
14921449,2026-09-28 14:39:39,actions-trading,Sim4-1,014280,skip,adx_low,d2ea83e4cf28
14921449,2026-09-28 14:39:39,actions-trading,Sim4-1,002360,skip,held_or_cooldown,19fd4218b566
14921449,2026-09-28 14:39:39,actions-trading,Sim4-1,010060,skip,adx_low,1dbbc7705232
14921449,2026-09-28 14:39:39,actions-trading,Sim4-1,051630,skip,amount,5edb5a251691
14921449,2026-09-28 14:39:39,actions-trading,Sim4-1,025560,skip,adx_high,638802a668cc
14921449,2026-09-28 14:39:39,actions-trading,Sim4-1,001527,skip,amount,ae776f4cb8ee
14921449,2026-09-28 14:39:39,actions-trading,Sim4-1,009835,skip,amount,298cb6aebe7f
14921449,2026-09-28 14:39:39,actions-trading,Sim4-1,006110,skip,adx_high,80375fc9e2ae
14921449,2026-09-28 14:39:39,actions-trading,Sim4-1,011070,skip,period,763189e36334
14921449,2026-09-28 14:39:39,actions-trading,Sim4-1,004440,skip,amount,97fb7edbb2d8
14921449,2026-09-28 14:39:39,actions-trading,Sim4-1,004710,skip,held_or_cooldown,3a548a214fd0
14921449,2026-09-28 14:39:39,actions-trading,Sim4-1,499790,skip,amount,0ad4d42b5d6f
14921449,2026-09-28 14:39:39,actions-trading,Sim4-1,047040,skip,period,d51b73a28f07
14921449,2026-09-28 14:39:39,actions-trading,Sim4-1,064960,skip,adx_high,cd04ee212a0d
14921449,2026-09-28 14:39:39,actions-trading,Sim4-1,071950,skip,amount,4cdbb0c4c6bc
14921449,2026-09-28 14:39:39,actions-trading,Sim4-1,020120,skip,amount,a42869f36aa7
14921449,2026-09-28 14:39:39,actions-trading,Sim4-1,025620,skip,amount,dce55a0a778e
14921449,2026-09-28 14:39:39,actions-trading,Sim4-1,006120,skip,adx_high,d19d04805cbe
14921449,2026-09-28 14:39:39,actions-trading,Sim4-1,007810,skip,adx_high,1434dd1ef131
14921449,2026-09-28 14:39:39,actions-trading,Sim4-1,036530,skip,amount,8a08f625a5eb
14921449,2026-09-28 14:39:39,actions-trading,Sim4-1,020150,skip,adx_low,9931e30b03f7
14921449,2026-09-28 14:39:39,actions-trading,Sim4-1,005070,skip,adx_low,826aaa2baaa3
14921449,2026-09-28 14:39:39,actions-trading,Sim4-1,361610,skip,adx_high,08a42adc4bca
14921449,2026-09-28 14:39:39,actions-trading,Sim4-1,306200,skip,amount,b9f25b0633e5
14921449,2026-09-28 14:39:39,actions-trading,Sim4-1,003030,skip,amount,40c01f5a0a0d
14921449,2026-09-28 14:39:39,actions-trading,Sim4-1,138040,skip,adx_low,45d29e8c3558
14921449,2026-09-28 14:39:40,actions-trading,선행매집,047040,skip,below_anchor,d51b73a28f07
14921449,2026-09-28 14:39:40,actions-trading,선행매집,009830,skip,below_anchor,6488295fdc40
14921449,2026-09-28 14:39:40,actions-trading,선행매집,005880,skip,below_anchor,1d14d969fe23
14921449,2026-09-28 14:39:40,actions-trading,선행매집,018880,skip,below_anchor,95af818089be
14921449,2026-09-28 14:39:40,actions-trading,선행매집,024110,skip,below_anchor,e70b7aea7ed3
14921449,2026-09-28 14:39:40,actions-trading,선행매집,088350,skip,below_anchor,285a334ebde9
14921449,2026-09-28 14:39:40,actions-trading,선행매집,073240,skip,below_anchor,023d4d7aa947
14921449,2026-09-28 14:39:40,actions-trading,선행매집,003280,skip,below_anchor,91a4ed5981d0
14921449,2026-09-28 14:39:40,actions-trading,선행매집,316140,skip,no_setup,83d4980aa0ad
14921449,2026-09-28 14:39:40,actions-trading,선행매집,015760,skip,below_anchor,db68912652f4
14921449,2026-09-28 14:39:40,actions-trading,선행매집,011200,skip,sold_or_cooldown,4ec5a4eac979
14921449,2026-09-28 14:39:40,actions-trading,선행매집,006360,skip,below_anchor,872932fa0fa8
14921449,2026-09-28 14:39:40,actions-trading,선행매집,004710,skip,below_anchor,3a548a214fd0
14921449,2026-09-28 14:39:40,actions-trading,선행매집,096770,skip,held_awaiting_breakout,d3afe92490d4
14921449,2026-09-28 14:39:40,actions-trading,선행매집,035420,skip,below_anchor,f6febbf7a1c1
14921449,2026-09-28 14:39:40,actions-trading,선행매집,032640,skip,below_anchor,fbadcc2591a2
14921449,2026-09-28 14:39:40,actions-trading,선행매집,003490,skip,sold_or_cooldown,1e4f92b58fe4
14921449,2026-09-28 14:39:40,actions-trading,선행매집,000720,skip,below_anchor,aaec0186f315
14921449,2026-09-28 14:39:40,actions-trading,선행매집,047050,skip,below_anchor,fa5622cbc2e7
14921449,2026-09-28 14:39:40,actions-trading,선행매집,004020,skip,below_anchor,17741df8213c
14921449,2026-09-28 14:39:40,actions-trading,선행매집,035720,skip,below_anchor,939f0d6a52e4
14921449,2026-09-28 14:39:40,actions-trading,선행매집,008970,skip,amount,f7a0f369054c
14921449,2026-09-28 14:39:40,actions-trading,선행매집,066570,skip,no_52w_anchor,4f1301d33c69
14921449,2026-09-28 14:39:40,actions-trading,선행매집,279570,skip,below_anchor,c3d991692e77
14921449,2026-09-28 14:39:40,actions-trading,선행매집,139130,skip,no_setup,aa0d505234ba
14921449,2026-09-28 14:39:40,actions-trading,선행매집,028670,skip,no_setup,f10decaa8f99
14921449,2026-09-28 14:39:40,actions-trading,선행매집,002360,skip,no_setup,19fd4218b566
14921449,2026-09-28 14:39:40,actions-trading,선행매집,007810,skip,below_anchor,1434dd1ef131
14921449,2026-09-28 14:39:40,actions-trading,선행매집,323410,skip,below_anchor,1707fd758d82
14921449,2026-09-28 14:39:40,actions-trading,선행매집,003530,skip,below_anchor,4b2009642132
14921449,2026-09-28 14:39:40,actions-trading,Sim9,003580,skip,amount,7544d0a22c79
14921449,2026-09-28 14:39:40,actions-trading,Sim9,044380,skip,amount,9eed124183cf
14921449,2026-09-28 14:39:40,actions-trading,Sim9,009830,skip,gap,6488295fdc40
14921449,2026-09-28 14:39:40,actions-trading,Sim9,003570,skip,gap,9cd81ddc1a3b
14921449,2026-09-28 14:39:40,actions-trading,Sim9,014280,skip,gap,d2ea83e4cf28
14921449,2026-09-28 14:39:40,actions-trading,Sim9,002360,skip,gap,19fd4218b566
14921449,2026-09-28 14:39:40,actions-trading,Sim9,010060,skip,gap,1dbbc7705232
14921449,2026-09-28 14:39:40,actions-trading,Sim9,051630,skip,gap,5edb5a251691
14921449,2026-09-28 14:39:40,actions-trading,Sim9,025560,skip,gap,638802a668cc
14921449,2026-09-28 14:39:40,actions-trading,Sim9,001527,skip,amount,ae776f4cb8ee
14921449,2026-09-28 14:39:40,actions-trading,Sim9,009835,skip,amount,298cb6aebe7f
14921449,2026-09-28 14:39:40,actions-trading,Sim9,006110,skip,gap,80375fc9e2ae
14921449,2026-09-28 14:39:40,actions-trading,Sim9,011070,skip,gap,763189e36334
14921449,2026-09-28 14:39:40,actions-trading,Sim9,004440,skip,amount,97fb7edbb2d8
14921449,2026-09-28 14:39:40,actions-trading,Sim9,004710,skip,gap,3a548a214fd0
14921449,2026-09-28 14:39:40,actions-trading,Sim9,499790,skip,gap,0ad4d42b5d6f
14921449,2026-09-28 14:39:40,actions-trading,Sim9,047040,skip,gap,d51b73a28f07
14921449,2026-09-28 14:39:40,actions-trading,Sim9,064960,skip,gap,cd04ee212a0d
14921449,2026-09-28 14:39:40,actions-trading,Sim9,071950,skip,amount,4cdbb0c4c6bc
14921449,2026-09-28 14:39:40,actions-trading,Sim9,020120,skip,gap,a42869f36aa7
14921449,2026-09-28 14:39:40,actions-trading,Sim9,025620,skip,amount,dce55a0a778e
14921449,2026-09-28 14:39:40,actions-trading,Sim9,006120,skip,gap,d19d04805cbe
14921449,2026-09-28 14:39:40,actions-trading,Sim9,007810,skip,gap,1434dd1ef131
14921449,2026-09-28 14:39:40,actions-trading,Sim9,036530,skip,gap,8a08f625a5eb
14921449,2026-09-28 14:39:40,actions-trading,Sim9,020150,skip,gap,9931e30b03f7
14921449,2026-09-28 14:39:40,actions-trading,Sim9,005070,skip,gap,826aaa2baaa3
14921449,2026-09-28 14:39:40,actions-trading,Sim9,361610,skip,gap,08a42adc4bca
14921449,2026-09-28 14:39:40,actions-trading,Sim9,306200,skip,gap,b9f25b0633e5
14921449,2026-09-28 14:39:40,actions-trading,Sim9,003030,skip,gap,40c01f5a0a0d
14921449,2026-09-28 14:39:40,actions-trading,Sim9,138040,skip,gap,45d29e8c3558
14921449,2026-09-28 14:39:40,actions-trading,미너비니,192820,skip,below_pivot,dab6850fa035
14921449,2026-09-28 14:39:40,actions-trading,미너비니,443060,skip,below_pivot,fa660e078956
14921449,2026-09-28 14:39:40,actions-trading,Sim12,003580,skip,pb2_not_crashed,7544d0a22c79
14921449,2026-09-28 14:39:40,actions-trading,Sim12,044380,skip,avoid_deadcat,9eed124183cf
14921449,2026-09-28 14:39:40,actions-trading,Sim12,009830,skip,pb2_not_crashed,6488295fdc40
14921449,2026-09-28 14:39:40,actions-trading,Sim12,003570,skip,avoid_frgn_sell_20d,9cd81ddc1a3b
14921449,2026-09-28 14:39:40,actions-trading,Sim12,014280,skip,pb2_not_crashed,d2ea83e4cf28
14921449,2026-09-28 14:39:40,actions-trading,Sim12,002360,skip,pb2_not_crashed,19fd4218b566
14921449,2026-09-28 14:39:40,actions-trading,Sim12,010060,skip,pb2_not_crashed,1dbbc7705232
14921449,2026-09-28 14:39:40,actions-trading,Sim12,051630,skip,pb2_not_crashed,5edb5a251691
14921449,2026-09-28 14:39:40,actions-trading,Sim12,025560,skip,avoid_frgn_sell_20d,638802a668cc
14921449,2026-09-28 14:39:40,actions-trading,Sim12,001527,skip,avoid_deadcat,ae776f4cb8ee
14921449,2026-09-28 14:39:40,actions-trading,Sim12,009835,skip,avoid_frgn_sell_20d,298cb6aebe7f
14921449,2026-09-28 14:39:40,actions-trading,Sim12,006110,skip,avoid_deadcat,80375fc9e2ae
14921449,2026-09-28 14:39:40,actions-trading,Sim12,011070,skip,avoid_orgn_sell_high_per,763189e36334
14921449,2026-09-28 14:39:40,actions-trading,Sim12,004440,skip,avoid_frgn_sell_20d,97fb7edbb2d8
14921449,2026-09-28 14:39:40,actions-trading,Sim12,004710,skip,avoid_frgn_sell_20d,3a548a214fd0
14921449,2026-09-28 14:39:40,actions-trading,Sim12,499790,skip,avoid_frgn_sell_20d,0ad4d42b5d6f
14921449,2026-09-28 14:39:40,actions-trading,Sim12,047040,skip,avoid_frgn_sell_20d,d51b73a28f07
14921449,2026-09-28 14:39:40,actions-trading,Sim12,064960,skip,avoid_frgn_sell_20d,cd04ee212a0d
14921449,2026-09-28 14:39:40,actions-trading,Sim12,071950,skip,avoid_deadcat,4cdbb0c4c6bc
14921449,2026-09-28 14:39:40,actions-trading,Sim12,020120,skip,avoid_amount_dry,a42869f36aa7
14921449,2026-09-28 14:39:40,actions-trading,Sim12,025620,skip,pb2_not_crashed,dce55a0a778e
14921449,2026-09-28 14:39:40,actions-trading,Sim12,006120,skip,avoid_frgn_sell_20d,d19d04805cbe
14921449,2026-09-28 14:39:40,actions-trading,Sim12,007810,skip,avoid_orgn_sell_high_per,1434dd1ef131
14921449,2026-09-28 14:39:40,actions-trading,Sim12,036530,skip,avoid_frgn_sell_20d,8a08f625a5eb
14921449,2026-09-28 14:39:40,actions-trading,Sim12,020150,skip,avoid_frgn_sell_20d,9931e30b03f7
14921449,2026-09-28 14:39:40,actions-trading,Sim12,005070,skip,avoid_frgn_sell_20d,826aaa2baaa3
14921449,2026-09-28 14:39:40,actions-trading,Sim12,361610,skip,pb2_not_crashed,08a42adc4bca
14921449,2026-09-28 14:39:40,actions-trading,Sim12,306200,skip,pb2_not_crashed,b9f25b0633e5
14921449,2026-09-28 14:39:40,actions-trading,Sim12,003030,skip,pb2_not_crashed,40c01f5a0a0d
14921449,2026-09-28 14:39:40,actions-trading,Sim12,138040,skip,avoid_frgn_sell_20d,45d29e8c3558
14921449,2026-09-28 14:39:40,actions-trading,Sim12,014990,skip,avoid_amount_dry,6831a5b46eaf
14921449,2026-09-28 14:39:40,actions-trading,Sim12,402340,skip,pb2_not_crashed,463760f24609
14921449,2026-09-28 14:39:40,actions-trading,Sim12,109070,skip,pb2_not_crashed,24bcdad0a21a
14921449,2026-09-28 14:39:40,actions-trading,Sim12,002820,skip,pb2_not_crashed,308f12f9d885
14921449,2026-09-28 14:39:40,actions-trading,Sim12,009420,skip,pb2_not_crashed,2b340df94210
14921449,2026-09-28 14:39:40,actions-trading,Sim12,002787,skip,avoid_amount_dry,6f69788248af
14921449,2026-09-28 14:39:40,actions-trading,Sim12,069960,skip,avoid_frgn_sell_20d,8443a63fd4e9
14921449,2026-09-28 14:39:40,actions-trading,Sim12,004545,skip,pb2_not_crashed,fdcd55706703
14921449,2026-09-28 14:39:40,actions-trading,Sim12,009190,skip,pb2_no_inst_buying,647fcd3526a4
14921449,2026-09-28 14:39:40,actions-trading,Sim12,000150,skip,avoid_frgn_sell_20d,514692016141
14921449,2026-09-28 14:39:40,actions-trading,Sim12,000500,skip,avoid_amount_dry,649b5ec3846c
14921449,2026-09-28 14:39:40,actions-trading,Sim12,028260,skip,pb2_not_crashed,ada953189d98
14921449,2026-09-28 14:39:40,actions-trading,Sim12,005935,skip,avoid_frgn_sell_20d,ae3c92e6284f
14921449,2026-09-28 14:39:40,actions-trading,Sim12,034730,skip,pb2_not_crashed,5330f5055816
14921449,2026-09-28 14:39:40,actions-trading,Sim12,02826K,skip,pb2_not_crashed,3b48a11ed763
14921449,2026-09-28 14:39:40,actions-trading,Sim12,192650,skip,avoid_frgn_sell_20d,f1121a030112
14921449,2026-09-28 14:39:40,actions-trading,Sim12,011090,skip,avoid_amount_dry,da859baef6f6
14921449,2026-09-28 14:39:40,actions-trading,Sim12,007660,skip,pb2_not_crashed,223312d06f76
14921449,2026-09-28 14:39:40,actions-trading,Sim12,000660,skip,avoid_frgn_sell_20d,c2edd91584e8
14921449,2026-09-28 14:39:40,actions-trading,Sim12,005930,skip,pb2_not_crashed,9a2f49bdec91
14921449,2026-09-28 14:39:40,actions-trading,Sim12,002070,skip,avoid_amount_dry,ec5c20ccafb7
14921449,2026-09-28 14:39:40,actions-trading,Sim12,03473K,skip,avoid_frgn_sell_20d,4aeb174ac858
14921449,2026-09-28 14:39:40,actions-trading,Sim12,002030,skip,avoid_frgn_sell_20d,ceea7ff9679e
14921449,2026-09-28 14:39:40,actions-trading,Sim12,298040,skip,pb2_not_crashed,2fc94c6fb472
14921449,2026-09-28 14:39:40,actions-trading,Sim12,101140,skip,avoid_amount_dry,9351bb9da570
14921449,2026-09-28 14:39:40,actions-trading,Sim12,011390,skip,avoid_amount_dry,ceb59a62e563
14921449,2026-09-28 14:39:40,actions-trading,Sim12,004800,skip,pb2_not_crashed,5af1a8f5ba19
14921449,2026-09-28 14:39:40,actions-trading,Sim12,0220W0,skip,avoid_amount_dry,89c17c6ca141
14921449,2026-09-28 14:39:40,actions-trading,Sim12,128940,skip,avoid_amount_dry,4cdc16422280
14921449,2026-09-28 14:39:40,actions-trading,Sim12,044820,skip,avoid_amount_dry,6cae1d0f237f
14921449,2026-09-28 14:39:41,actions-trading,Sim13,003580,skip,theme_momentum_weak,7544d0a22c79
14921449,2026-09-28 14:39:41,actions-trading,Sim13,044380,skip,theme_momentum_weak,9eed124183cf
14921449,2026-09-28 14:39:41,actions-trading,Sim13,009830,skip,theme_momentum_weak,6488295fdc40
14921449,2026-09-28 14:39:41,actions-trading,Sim13,003570,skip,theme_momentum_weak,9cd81ddc1a3b
14921449,2026-09-28 14:39:41,actions-trading,Sim13,014280,skip,theme_momentum_weak,d2ea83e4cf28
14921449,2026-09-28 14:39:41,actions-trading,Sim13,002360,skip,held_or_cooldown,19fd4218b566
14921449,2026-09-28 14:39:41,actions-trading,Sim13,010060,skip,theme_momentum_weak,1dbbc7705232
14921449,2026-09-28 14:39:41,actions-trading,Sim13,051630,skip,adx_weak,5edb5a251691
14921449,2026-09-28 14:39:41,actions-trading,Sim13,025560,skip,theme_momentum_weak,638802a668cc
14921449,2026-09-28 14:39:41,actions-trading,Sim13,001527,skip,theme_momentum_weak,ae776f4cb8ee
14921449,2026-09-28 14:39:41,actions-trading,Sim13,009835,skip,theme_momentum_weak,298cb6aebe7f
14921449,2026-09-28 14:39:41,actions-trading,Sim13,006110,skip,theme_momentum_weak,80375fc9e2ae
14921449,2026-09-28 14:39:41,actions-trading,Sim13,011070,skip,theme_momentum_weak,763189e36334
14921449,2026-09-28 14:39:41,actions-trading,Sim13,004440,skip,theme_momentum_weak,97fb7edbb2d8
14921449,2026-09-28 14:39:41,actions-trading,Sim13,004710,skip,no_frgn_support,3a548a214fd0
14921449,2026-09-28 14:39:41,actions-trading,Sim13,499790,skip,theme_momentum_weak,0ad4d42b5d6f
14921449,2026-09-28 14:39:41,actions-trading,Sim13,047040,skip,theme_momentum_weak,d51b73a28f07
14921449,2026-09-28 14:39:41,actions-trading,Sim13,064960,skip,theme_momentum_weak,cd04ee212a0d
14921449,2026-09-28 14:39:41,actions-trading,Sim13,071950,skip,theme_momentum_weak,4cdbb0c4c6bc
14921449,2026-09-28 14:39:41,actions-trading,Sim13,020120,skip,adx_weak,a42869f36aa7
14921449,2026-09-28 14:39:41,actions-trading,Sim13,025620,skip,theme_momentum_weak,dce55a0a778e
14921449,2026-09-28 14:39:41,actions-trading,Sim13,006120,skip,no_frgn_support,d19d04805cbe
14921449,2026-09-28 14:39:41,actions-trading,Sim13,007810,skip,theme_momentum_weak,1434dd1ef131
14921449,2026-09-28 14:39:41,actions-trading,Sim13,036530,skip,theme_momentum_weak,8a08f625a5eb
14921449,2026-09-28 14:39:41,actions-trading,Sim13,020150,skip,theme_momentum_weak,9931e30b03f7
14921449,2026-09-28 14:39:41,actions-trading,Sim13,005070,skip,theme_momentum_weak,826aaa2baaa3
14921449,2026-09-28 14:39:41,actions-trading,Sim13,361610,skip,theme_momentum_weak,08a42adc4bca
14921449,2026-09-28 14:39:41,actions-trading,Sim13,306200,skip,theme_momentum_weak,b9f25b0633e5
14921449,2026-09-28 14:39:41,actions-trading,Sim13,003030,skip,theme_momentum_weak,40c01f5a0a0d
14921449,2026-09-28 14:39:41,actions-trading,Sim13,138040,skip,theme_momentum_weak,45d29e8c3558
14921450,2026-09-28 14:41:06,actions-trading,Sim3,402340,skip,qty_zero,81627ec1f203
14921450,2026-09-28 14:41:06,actions-trading,Sim3,383800,skip,amount,d921dba67d8e
14921450,2026-09-28 14:41:06,actions-trading,Sim3,462870,skip,amount,05d2bec28f7a
14921450,2026-09-28 14:41:06,actions-trading,Sim3,000660,skip,qty_zero,d946e36ad204
14921450,2026-09-28 14:41:06,actions-trading,Sim3,071970,skip,amount,319d5449dadb
14921450,2026-09-28 14:41:06,actions-trading,Sim3,042700,skip,not_cheap,ce0d23b3af89
14921450,2026-09-28 14:41:06,actions-trading,Sim3,326030,skip,amount,d1e98c98586a
14921450,2026-09-28 14:41:06,actions-trading,Sim3,207940,skip,not_cheap,c650a9dd5bff
14921450,2026-09-28 14:41:06,actions-trading,Sim3,033920,skip,amount,5c7271287ee0
14921450,2026-09-28 14:41:06,actions-trading,Sim3,004770,skip,amount,a47158b82b62
14921450,2026-09-28 14:41:06,actions-trading,Sim3,0126Z0,skip,not_cheap,b860fee89f6f
14921450,2026-09-28 14:41:06,actions-trading,Sim3,062040,skip,not_cheap,53ae715868f4
14921450,2026-09-28 14:41:06,actions-trading,Sim3,317450,skip,amount,21c56265fbac
14921450,2026-09-28 14:41:06,actions-trading,Sim3,026960,skip,amount,b49130071139
14921450,2026-09-28 14:41:06,actions-trading,Sim3,021820,skip,amount,0c8b20b1410c
14921450,2026-09-28 14:41:06,actions-trading,Sim3,192080,skip,amount,c723b8b88629
14921450,2026-09-28 14:41:06,actions-trading,Sim3,068270,skip,cooldown,0449a4631a7e
14921450,2026-09-28 14:41:06,actions-trading,Sim3,123890,skip,amount,aee8d302f80d
14921450,2026-09-28 14:41:06,actions-trading,Sim3,000240,skip,amount,85c020bda92e
14921450,2026-09-28 14:41:06,actions-trading,Sim3,002380,skip,cooldown,a2e94b9b589f
14921450,2026-09-28 14:41:06,actions-trading,Sim3,009770,skip,amount,4ae1f694d7a7
14921450,2026-09-28 14:41:06,actions-trading,Sim3,259960,skip,cooldown,d03637fce019
14921450,2026-09-28 14:41:06,actions-trading,Sim3,035250,skip,amount,3fb04dd08c33
14921450,2026-09-28 14:41:06,actions-trading,Sim3,383220,skip,amount,f00c2601925f
14921450,2026-09-28 14:41:06,actions-trading,Sim3,226320,skip,amount,36a9f25fd910
14921450,2026-09-28 14:41:06,actions-trading,Sim3,439260,skip,amount,4020c13973a2
14921450,2026-09-28 14:41:06,actions-trading,Sim3,025560,skip,cooldown,371499b0cf29
14921450,2026-09-28 14:41:06,actions-trading,Sim3,007700,skip,amount,e711320b8da6
14921450,2026-09-28 14:41:06,actions-trading,Sim3,278470,skip,not_cheap,64fe7a9a28a6
14921450,2026-09-28 14:41:06,actions-trading,Sim3,000990,skip,not_cheap,ba6d9d2eb37b
14921450,2026-09-28 14:41:40,actions-trading,MFHS2,047040,skip,max_holdings,0531c3b00174
14921450,2026-09-28 14:41:40,actions-trading,MFHS2,005880,seen,,dc767da22f23
14921450,2026-09-28 14:41:40,actions-trading,MFHS2,024110,seen,,6a705d5f8666
14921450,2026-09-28 14:41:40,actions-trading,MFHS2,009830,seen,,569ddb5e8918
14921450,2026-09-28 14:41:40,actions-trading,MFHS2,018880,seen,,44ef6afa2d0b
14921450,2026-09-28 14:41:40,actions-trading,MFHS2,316140,seen,,ce957be81a7c
14921450,2026-09-28 14:41:40,actions-trading,MFHS2,088350,seen,,a1b0f6eee17d
14921450,2026-09-28 14:41:40,actions-trading,MFHS2,003280,seen,,34d40a8cfb98
14921450,2026-09-28 14:41:40,actions-trading,MFHS2,006360,seen,,ece9875763b9
14921450,2026-09-28 14:41:40,actions-trading,MFHS2,073240,seen,,b59afeaf2aa7
14921450,2026-09-28 14:41:40,actions-trading,MFHS2,011200,seen,,b347b10048fa
14921450,2026-09-28 14:41:40,actions-trading,MFHS2,004020,seen,,80e4d262266d
14921450,2026-09-28 14:41:40,actions-trading,MFHS2,015760,seen,,b48345cec2d9
14921450,2026-09-28 14:41:40,actions-trading,MFHS2,032640,seen,,730a32e677c6
14921450,2026-09-28 14:41:40,actions-trading,MFHS2,003490,seen,,1996cec98e72
14921450,2026-09-28 14:41:40,actions-trading,MFHS2,279570,seen,,85e78616b846
14921450,2026-09-28 14:41:40,actions-trading,MFHS2,096770,seen,,c81d7f3ced4e
14921450,2026-09-28 14:41:40,actions-trading,MFHS2,047050,seen,,0205ab269826
14921450,2026-09-28 14:41:40,actions-trading,MFHS2,323410,seen,,8452c1f1663a
14921450,2026-09-28 14:41:40,actions-trading,MFHS2,035420,seen,,a83742ccc4d3
14921450,2026-09-28 14:41:40,actions-trading,MFHS2,004710,seen,,0e9cc9327bc4
14921450,2026-09-28 14:41:40,actions-trading,MFHS2,008970,seen,,e4e9b9014303
14921450,2026-09-28 14:41:40,actions-trading,MFHS2,139130,seen,,cae06b0df353
14921450,2026-09-28 14:41:40,actions-trading,MFHS2,007810,seen,,fef5a21eaf5e
14921450,2026-09-28 14:41:40,actions-trading,MFHS2,035720,seen,,ece921438db4
14921450,2026-09-28 14:41:40,actions-trading,MFHS2,003530,seen,,9f35147868bc
14921450,2026-09-28 14:41:40,actions-trading,MFHS2,000720,seen,,9644fc0a40ce
14921450,2026-09-28 14:41:40,actions-trading,MFHS2,051630,seen,,5edb5a251691
14921450,2026-09-28 14:41:40,actions-trading,MFHS2,002360,seen,,98fea274c83d
14921450,2026-09-28 14:41:40,actions-trading,MFHS2,028670,seen,,4e8a2048de00
14921450,2026-09-28 14:41:43,actions-trading,상승모멘텀,003580,skip,max_holdings,7544d0a22c79
14921450,2026-09-28 14:41:43,actions-trading,상승모멘텀,044380,seen,,c9ba961c173c
14921450,2026-09-28 14:41:43,actions-trading,상승모멘텀,014280,seen,,c3d718ca7dfc
14921450,2026-09-28 14:41:43,actions-trading,상승모멘텀,009830,seen,,569ddb5e8918
14921450,2026-09-28 14:41:43,actions-trading,상승모멘텀,003570,seen,,4f620d8ad314
14921450,2026-09-28 14:41:43,actions-trading,상승모멘텀,002360,seen,,98fea274c83d
14921450,2026-09-28 14:41:43,actions-trading,상승모멘텀,010060,seen,,866b430a7d3c
14921450,2026-09-28 14:41:43,actions-trading,상승모멘텀,051630,seen,,5edb5a251691
14921450,2026-09-28 14:41:43,actions-trading,상승모멘텀,025560,seen,,ccc76e35bf26
14921450,2026-09-28 14:41:43,actions-trading,상승모멘텀,001527,seen,,ae776f4cb8ee
14921450,2026-09-28 14:41:43,actions-trading,상승모멘텀,004440,seen,,d97a9fc765a9
14921450,2026-09-28 14:41:43,actions-trading,상승모멘텀,011070,seen,,cf01bd09432e
14921450,2026-09-28 14:41:43,actions-trading,상승모멘텀,009835,seen,,4bb1f380aa19
14921450,2026-09-28 14:41:43,actions-trading,상승모멘텀,006110,seen,,c9f991123b79
14921450,2026-09-28 14:41:43,actions-trading,상승모멘텀,004710,seen,,0e9cc9327bc4
14921450,2026-09-28 14:41:43,actions-trading,상승모멘텀,047040,seen,,0531c3b00174
14921450,2026-09-28 14:41:43,actions-trading,상승모멘텀,499790,seen,,f18673f49fbb
14921450,2026-09-28 14:41:43,actions-trading,상승모멘텀,064960,seen,,59d07e9106c3
14921450,2026-09-28 14:41:43,actions-trading,상승모멘텀,020120,seen,,8dc626235c85
14921450,2026-09-28 14:41:43,actions-trading,상승모멘텀,071950,seen,,4cdbb0c4c6bc
14921450,2026-09-28 14:41:43,actions-trading,상승모멘텀,025620,seen,,dce55a0a778e
14921450,2026-09-28 14:41:43,actions-trading,상승모멘텀,006120,seen,,ac25636a36eb
14921450,2026-09-28 14:41:43,actions-trading,상승모멘텀,036530,seen,,c777021cd866
14921450,2026-09-28 14:41:43,actions-trading,상승모멘텀,007810,seen,,fef5a21eaf5e
14921450,2026-09-28 14:41:43,actions-trading,상승모멘텀,138040,seen,,048d9ac8641e
14921450,2026-09-28 14:41:43,actions-trading,상승모멘텀,003030,seen,,d6d0b3bb1f8d
14921450,2026-09-28 14:41:43,actions-trading,상승모멘텀,005070,seen,,5ad2743003b8
14921450,2026-09-28 14:41:43,actions-trading,상승모멘텀,306200,seen,,87c5bde47575
14921450,2026-09-28 14:41:43,actions-trading,상승모멘텀,020150,seen,,cdc11389da07
14921450,2026-09-28 14:41:43,actions-trading,상승모멘텀,077500,seen,,ca0ba95fbf72
14921450,2026-09-28 14:41:43,actions-trading,Sim4-1,003580,skip,amount,7544d0a22c79
14921450,2026-09-28 14:41:43,actions-trading,Sim4-1,044380,skip,amount,c9ba961c173c
14921450,2026-09-28 14:41:43,actions-trading,Sim4-1,014280,skip,adx_low,c3d718ca7dfc
14921450,2026-09-28 14:41:43,actions-trading,Sim4-1,009830,skip,period,569ddb5e8918
14921450,2026-09-28 14:41:43,actions-trading,Sim4-1,003570,skip,adx_high,4f620d8ad314
14921450,2026-09-28 14:41:43,actions-trading,Sim4-1,002360,skip,held_or_cooldown,98fea274c83d
14921450,2026-09-28 14:41:43,actions-trading,Sim4-1,010060,skip,adx_low,866b430a7d3c
14921450,2026-09-28 14:41:43,actions-trading,Sim4-1,051630,skip,amount,5edb5a251691
14921450,2026-09-28 14:41:43,actions-trading,Sim4-1,025560,skip,adx_high,ccc76e35bf26
14921450,2026-09-28 14:41:43,actions-trading,Sim4-1,001527,skip,amount,ae776f4cb8ee
14921450,2026-09-28 14:41:43,actions-trading,Sim4-1,004440,skip,amount,d97a9fc765a9
14921450,2026-09-28 14:41:43,actions-trading,Sim4-1,011070,skip,period,cf01bd09432e
14921450,2026-09-28 14:41:43,actions-trading,Sim4-1,009835,skip,amount,4bb1f380aa19
14921450,2026-09-28 14:41:43,actions-trading,Sim4-1,006110,skip,adx_high,c9f991123b79
14921450,2026-09-28 14:41:43,actions-trading,Sim4-1,004710,skip,held_or_cooldown,0e9cc9327bc4
14921450,2026-09-28 14:41:43,actions-trading,Sim4-1,047040,skip,period,0531c3b00174
14921450,2026-09-28 14:41:43,actions-trading,Sim4-1,499790,skip,amount,f18673f49fbb
14921450,2026-09-28 14:41:43,actions-trading,Sim4-1,064960,skip,adx_high,59d07e9106c3
14921450,2026-09-28 14:41:43,actions-trading,Sim4-1,020120,skip,amount,8dc626235c85
14921450,2026-09-28 14:41:43,actions-trading,Sim4-1,071950,skip,amount,4cdbb0c4c6bc
14921450,2026-09-28 14:41:43,actions-trading,Sim4-1,025620,skip,amount,dce55a0a778e
14921450,2026-09-28 14:41:43,actions-trading,Sim4-1,006120,skip,adx_high,ac25636a36eb
14921450,2026-09-28 14:41:43,actions-trading,Sim4-1,036530,skip,amount,c777021cd866
14921450,2026-09-28 14:41:43,actions-trading,Sim4-1,007810,skip,adx_high,fef5a21eaf5e
14921450,2026-09-28 14:41:43,actions-trading,Sim4-1,138040,skip,adx_low,048d9ac8641e
14921450,2026-09-28 14:41:43,actions-trading,Sim4-1,003030,skip,amount,d6d0b3bb1f8d
14921450,2026-09-28 14:41:43,actions-trading,Sim4-1,005070,skip,adx_low,5ad2743003b8
14921450,2026-09-28 14:41:43,actions-trading,Sim4-1,306200,skip,amount,87c5bde47575
14921450,2026-09-28 14:41:43,actions-trading,Sim4-1,020150,skip,adx_low,cdc11389da07
14921450,2026-09-28 14:41:43,actions-trading,Sim4-1,077500,skip,adx_high,ca0ba95fbf72
14921450,2026-09-28 14:41:44,actions-trading,선행매집,047040,skip,below_anchor,0531c3b00174
14921450,2026-09-28 14:41:44,actions-trading,선행매집,009830,skip,below_anchor,569ddb5e8918
14921450,2026-09-28 14:41:44,actions-trading,선행매집,005880,skip,below_anchor,dc767da22f23
14921450,2026-09-28 14:41:44,actions-trading,선행매집,018880,skip,below_anchor,44ef6afa2d0b
14921450,2026-09-28 14:41:44,actions-trading,선행매집,024110,skip,below_anchor,6a705d5f8666
14921450,2026-09-28 14:41:44,actions-trading,선행매집,088350,skip,below_anchor,a1b0f6eee17d
14921450,2026-09-28 14:41:44,actions-trading,선행매집,073240,skip,below_anchor,b59afeaf2aa7
14921450,2026-09-28 14:41:44,actions-trading,선행매집,003280,skip,below_anchor,34d40a8cfb98
14921450,2026-09-28 14:41:44,actions-trading,선행매집,316140,skip,no_setup,ce957be81a7c
14921450,2026-09-28 14:41:44,actions-trading,선행매집,015760,skip,below_anchor,b48345cec2d9
14921450,2026-09-28 14:41:44,actions-trading,선행매집,011200,skip,sold_or_cooldown,b347b10048fa
14921450,2026-09-28 14:41:44,actions-trading,선행매집,006360,skip,below_anchor,ece9875763b9
14921450,2026-09-28 14:41:44,actions-trading,선행매집,004710,skip,below_anchor,0e9cc9327bc4
14921450,2026-09-28 14:41:44,actions-trading,선행매집,096770,skip,held_awaiting_breakout,c81d7f3ced4e
14921450,2026-09-28 14:41:44,actions-trading,선행매집,035420,skip,below_anchor,a83742ccc4d3
14921450,2026-09-28 14:41:44,actions-trading,선행매집,032640,skip,below_anchor,730a32e677c6
14921450,2026-09-28 14:41:44,actions-trading,선행매집,003490,skip,sold_or_cooldown,1996cec98e72
14921450,2026-09-28 14:41:44,actions-trading,선행매집,000720,skip,below_anchor,9644fc0a40ce
14921450,2026-09-28 14:41:44,actions-trading,선행매집,047050,skip,below_anchor,0205ab269826
14921450,2026-09-28 14:41:44,actions-trading,선행매집,004020,skip,below_anchor,80e4d262266d
14921450,2026-09-28 14:41:44,actions-trading,선행매집,035720,skip,below_anchor,ece921438db4
14921450,2026-09-28 14:41:44,actions-trading,선행매집,008970,skip,amount,e4e9b9014303
14921450,2026-09-28 14:41:44,actions-trading,선행매집,066570,skip,below_anchor,b63b5c2b37a6
14921450,2026-09-28 14:41:44,actions-trading,선행매집,279570,skip,below_anchor,85e78616b846
14921450,2026-09-28 14:41:44,actions-trading,선행매집,139130,skip,no_setup,cae06b0df353
14921450,2026-09-28 14:41:44,actions-trading,선행매집,028670,skip,no_setup,4e8a2048de00
14921450,2026-09-28 14:41:44,actions-trading,선행매집,002360,skip,no_setup,98fea274c83d
14921450,2026-09-28 14:41:44,actions-trading,선행매집,007810,skip,below_anchor,fef5a21eaf5e
14921450,2026-09-28 14:41:44,actions-trading,선행매집,323410,skip,below_anchor,8452c1f1663a
14921450,2026-09-28 14:41:44,actions-trading,선행매집,003530,skip,below_anchor,9f35147868bc
14921450,2026-09-28 14:41:44,actions-trading,Sim9,003580,skip,amount,7544d0a22c79
14921450,2026-09-28 14:41:44,actions-trading,Sim9,044380,skip,amount,c9ba961c173c
14921450,2026-09-28 14:41:44,actions-trading,Sim9,014280,skip,gap,c3d718ca7dfc
14921450,2026-09-28 14:41:44,actions-trading,Sim9,009830,skip,gap,569ddb5e8918
14921450,2026-09-28 14:41:44,actions-trading,Sim9,003570,skip,gap,4f620d8ad314
14921450,2026-09-28 14:41:44,actions-trading,Sim9,002360,skip,gap,98fea274c83d
14921450,2026-09-28 14:41:44,actions-trading,Sim9,010060,skip,gap,866b430a7d3c
14921450,2026-09-28 14:41:44,actions-trading,Sim9,051630,skip,gap,5edb5a251691
14921450,2026-09-28 14:41:44,actions-trading,Sim9,025560,skip,gap,ccc76e35bf26
14921450,2026-09-28 14:41:44,actions-trading,Sim9,001527,skip,amount,ae776f4cb8ee
14921450,2026-09-28 14:41:44,actions-trading,Sim9,004440,skip,amount,d97a9fc765a9
14921450,2026-09-28 14:41:44,actions-trading,Sim9,011070,skip,gap,cf01bd09432e
14921450,2026-09-28 14:41:44,actions-trading,Sim9,009835,skip,amount,4bb1f380aa19
14921450,2026-09-28 14:41:44,actions-trading,Sim9,006110,skip,gap,c9f991123b79
14921450,2026-09-28 14:41:44,actions-trading,Sim9,004710,skip,gap,0e9cc9327bc4
14921450,2026-09-28 14:41:44,actions-trading,Sim9,047040,skip,gap,0531c3b00174
14921450,2026-09-28 14:41:44,actions-trading,Sim9,499790,skip,gap,f18673f49fbb
14921450,2026-09-28 14:41:44,actions-trading,Sim9,064960,skip,gap,59d07e9106c3
14921450,2026-09-28 14:41:44,actions-trading,Sim9,020120,skip,gap,8dc626235c85
14921450,2026-09-28 14:41:44,actions-trading,Sim9,071950,skip,amount,4cdbb0c4c6bc
14921450,2026-09-28 14:41:44,actions-trading,Sim9,025620,skip,amount,dce55a0a778e
14921450,2026-09-28 14:41:44,actions-trading,Sim9,006120,skip,gap,ac25636a36eb
14921450,2026-09-28 14:41:44,actions-trading,Sim9,036530,skip,gap,c777021cd866
14921450,2026-09-28 14:41:44,actions-trading,Sim9,007810,skip,gap,fef5a21eaf5e
14921450,2026-09-28 14:41:44,actions-trading,Sim9,138040,skip,gap,048d9ac8641e
14921450,2026-09-28 14:41:44,actions-trading,Sim9,003030,skip,gap,d6d0b3bb1f8d
14921450,2026-09-28 14:41:44,actions-trading,Sim9,005070,skip,gap,5ad2743003b8
14921450,2026-09-28 14:41:44,actions-trading,Sim9,306200,skip,gap,87c5bde47575
14921450,2026-09-28 14:41:44,actions-trading,Sim9,020150,skip,gap,cdc11389da07
14921450,2026-09-28 14:41:44,actions-trading,Sim9,077500,skip,gap,ca0ba95fbf72
14921450,2026-09-28 14:41:44,actions-trading,미너비니,192820,skip,below_pivot,3c8344b63aff
14921450,2026-09-28 14:41:44,actions-trading,미너비니,443060,skip,below_pivot,af566832af98
14921450,2026-09-28 14:41:44,actions-trading,Sim12,003580,skip,pb2_not_crashed,7544d0a22c79
14921450,2026-09-28 14:41:44,actions-trading,Sim12,044380,skip,avoid_deadcat,c9ba961c173c
14921450,2026-09-28 14:41:44,actions-trading,Sim12,014280,skip,pb2_not_crashed,c3d718ca7dfc
14921450,2026-09-28 14:41:44,actions-trading,Sim12,009830,skip,pb2_not_crashed,569ddb5e8918
14921450,2026-09-28 14:41:44,actions-trading,Sim12,003570,skip,avoid_frgn_sell_20d,4f620d8ad314
14921450,2026-09-28 14:41:44,actions-trading,Sim12,002360,skip,pb2_not_crashed,98fea274c83d
14921450,2026-09-28 14:41:44,actions-trading,Sim12,010060,skip,pb2_not_crashed,866b430a7d3c
14921450,2026-09-28 14:41:44,actions-trading,Sim12,051630,skip,pb2_not_crashed,5edb5a251691
14921450,2026-09-28 14:41:44,actions-trading,Sim12,025560,skip,avoid_frgn_sell_20d,ccc76e35bf26
14921450,2026-09-28 14:41:44,actions-trading,Sim12,001527,skip,avoid_deadcat,ae776f4cb8ee
14921450,2026-09-28 14:41:44,actions-trading,Sim12,004440,skip,avoid_frgn_sell_20d,d97a9fc765a9
14921450,2026-09-28 14:41:44,actions-trading,Sim12,011070,skip,avoid_orgn_sell_high_per,cf01bd09432e
14921450,2026-09-28 14:41:44,actions-trading,Sim12,009835,skip,avoid_frgn_sell_20d,4bb1f380aa19
14921450,2026-09-28 14:41:44,actions-trading,Sim12,006110,skip,avoid_deadcat,c9f991123b79
14921450,2026-09-28 14:41:44,actions-trading,Sim12,004710,skip,avoid_frgn_sell_20d,0e9cc9327bc4
14921450,2026-09-28 14:41:44,actions-trading,Sim12,047040,skip,avoid_frgn_sell_20d,0531c3b00174
14921450,2026-09-28 14:41:44,actions-trading,Sim12,499790,skip,avoid_frgn_sell_20d,f18673f49fbb
14921450,2026-09-28 14:41:44,actions-trading,Sim12,064960,skip,avoid_frgn_sell_20d,59d07e9106c3
14921450,2026-09-28 14:41:44,actions-trading,Sim12,020120,skip,avoid_amount_dry,8dc626235c85
14921450,2026-09-28 14:41:44,actions-trading,Sim12,071950,skip,avoid_deadcat,4cdbb0c4c6bc
14921450,2026-09-28 14:41:44,actions-trading,Sim12,025620,skip,pb2_not_crashed,dce55a0a778e
14921450,2026-09-28 14:41:44,actions-trading,Sim12,006120,skip,avoid_frgn_sell_20d,ac25636a36eb
14921450,2026-09-28 14:41:44,actions-trading,Sim12,036530,skip,avoid_frgn_sell_20d,c777021cd866
14921450,2026-09-28 14:41:44,actions-trading,Sim12,007810,skip,pb2_not_crashed,fef5a21eaf5e
14921450,2026-09-28 14:41:44,actions-trading,Sim12,138040,skip,avoid_frgn_sell_20d,048d9ac8641e
14921450,2026-09-28 14:41:44,actions-trading,Sim12,003030,skip,pb2_not_crashed,d6d0b3bb1f8d
14921450,2026-09-28 14:41:44,actions-trading,Sim12,005070,skip,avoid_frgn_sell_20d,5ad2743003b8
14921450,2026-09-28 14:41:44,actions-trading,Sim12,306200,skip,pb2_not_crashed,87c5bde47575
14921450,2026-09-28 14:41:44,actions-trading,Sim12,020150,skip,avoid_frgn_sell_20d,cdc11389da07
14921450,2026-09-28 14:41:44,actions-trading,Sim12,077500,skip,pb2_not_crashed,ca0ba95fbf72
14921450,2026-09-28 14:41:44,actions-trading,Sim12,014990,skip,avoid_amount_dry,29a683f5da1a
14921450,2026-09-28 14:41:44,actions-trading,Sim12,109070,skip,pb2_not_crashed,228e9eb0671f
14921450,2026-09-28 14:41:44,actions-trading,Sim12,402340,skip,pb2_not_crashed,0cc534cf4bd0
14921450,2026-09-28 14:41:44,actions-trading,Sim12,009420,skip,pb2_not_crashed,81d125f132bd
14921450,2026-09-28 14:41:44,actions-trading,Sim12,002820,skip,pb2_not_crashed,93fb377870bb
14921450,2026-09-28 14:41:44,actions-trading,Sim12,002787,skip,avoid_amount_dry,937caeb0a5fa
14921450,2026-09-28 14:41:44,actions-trading,Sim12,069960,skip,avoid_frgn_sell_20d,b3a0dc1ca41e
14921450,2026-09-28 14:41:44,actions-trading,Sim12,009190,skip,pb2_no_inst_buying,8a56cf7e348a
14921450,2026-09-28 14:41:44,actions-trading,Sim12,004545,skip,pb2_not_crashed,fdcd55706703
14921450,2026-09-28 14:41:44,actions-trading,Sim12,000500,skip,avoid_amount_dry,24f8f754e940
14921450,2026-09-28 14:41:44,actions-trading,Sim12,000150,skip,avoid_frgn_sell_20d,8b20b91535b0
14921450,2026-09-28 14:41:44,actions-trading,Sim12,028260,skip,pb2_not_crashed,a74df6aabaf4
14921450,2026-09-28 14:41:44,actions-trading,Sim12,005935,skip,avoid_frgn_sell_20d,635da973ad19
14921450,2026-09-28 14:41:44,actions-trading,Sim12,02826K,skip,pb2_not_crashed,727e3e21b7c6
14921450,2026-09-28 14:41:44,actions-trading,Sim12,034730,skip,pb2_not_crashed,71a08a44dd95
14921450,2026-09-28 14:41:44,actions-trading,Sim12,007660,skip,pb2_not_crashed,3b16bbadb359
14921450,2026-09-28 14:41:44,actions-trading,Sim12,192650,skip,avoid_frgn_sell_20d,2b153f5f4ee8
14921450,2026-09-28 14:41:44,actions-trading,Sim12,011090,skip,avoid_amount_dry,4352908ac076
14921450,2026-09-28 14:41:44,actions-trading,Sim12,005930,skip,pb2_not_crashed,9cef1bc652e7
14921450,2026-09-28 14:41:44,actions-trading,Sim12,000660,skip,avoid_frgn_sell_20d,4ec581b8e940
14921450,2026-09-28 14:41:44,actions-trading,Sim12,03473K,skip,avoid_frgn_sell_20d,4aeb174ac858
14921450,2026-09-28 14:41:44,actions-trading,Sim12,002070,skip,avoid_amount_dry,b16a677c2678
14921450,2026-09-28 14:41:44,actions-trading,Sim12,101140,skip,avoid_amount_dry,9351bb9da570
14921450,2026-09-28 14:41:44,actions-trading,Sim12,298040,skip,pb2_not_crashed,9dea834a7085
14921450,2026-09-28 14:41:44,actions-trading,Sim12,002030,skip,avoid_frgn_sell_20d,fe7dcd4a6177
14921450,2026-09-28 14:41:44,actions-trading,Sim12,010580,skip,avoid_amount_dry,56daff446d99
14921450,2026-09-28 14:41:44,actions-trading,Sim12,011390,skip,avoid_amount_dry,c28217aa73f2
14921450,2026-09-28 14:41:44,actions-trading,Sim12,128940,skip,avoid_amount_dry,9e7e1a1d4f7a
14921450,2026-09-28 14:41:44,actions-trading,Sim12,004800,skip,pb2_not_crashed,4eb57037959c
14921450,2026-09-28 14:41:44,actions-trading,Sim12,044820,skip,avoid_amount_dry,fb5dbaa046f7
14921450,2026-09-28 14:41:45,actions-trading,Sim13,003580,skip,theme_momentum_weak,7544d0a22c79
14921450,2026-09-28 14:41:45,actions-trading,Sim13,044380,skip,theme_momentum_weak,c9ba961c173c
14921450,2026-09-28 14:41:45,actions-trading,Sim13,014280,skip,theme_momentum_weak,c3d718ca7dfc
14921450,2026-09-28 14:41:45,actions-trading,Sim13,009830,skip,theme_momentum_weak,569ddb5e8918
14921450,2026-09-28 14:41:45,actions-trading,Sim13,003570,skip,theme_momentum_weak,4f620d8ad314
14921450,2026-09-28 14:41:45,actions-trading,Sim13,002360,skip,held_or_cooldown,98fea274c83d
14921450,2026-09-28 14:41:45,actions-trading,Sim13,010060,skip,theme_momentum_weak,866b430a7d3c
14921450,2026-09-28 14:41:45,actions-trading,Sim13,051630,skip,adx_weak,5edb5a251691
14921450,2026-09-28 14:41:45,actions-trading,Sim13,025560,skip,theme_momentum_weak,ccc76e35bf26
14921450,2026-09-28 14:41:45,actions-trading,Sim13,001527,skip,theme_momentum_weak,ae776f4cb8ee
14921450,2026-09-28 14:41:45,actions-trading,Sim13,004440,skip,theme_momentum_weak,d97a9fc765a9
14921450,2026-09-28 14:41:45,actions-trading,Sim13,011070,skip,theme_momentum_weak,cf01bd09432e
14921450,2026-09-28 14:41:45,actions-trading,Sim13,009835,skip,theme_momentum_weak,4bb1f380aa19
14921450,2026-09-28 14:41:45,actions-trading,Sim13,006110,skip,theme_momentum_weak,c9f991123b79
14921450,2026-09-28 14:41:45,actions-trading,Sim13,004710,skip,no_frgn_support,0e9cc9327bc4
14921450,2026-09-28 14:41:45,actions-trading,Sim13,047040,skip,theme_momentum_weak,0531c3b00174
14921450,2026-09-28 14:41:45,actions-trading,Sim13,499790,skip,theme_momentum_weak,f18673f49fbb
14921450,2026-09-28 14:41:45,actions-trading,Sim13,064960,skip,theme_momentum_weak,59d07e9106c3
14921450,2026-09-28 14:41:45,actions-trading,Sim13,020120,skip,adx_weak,8dc626235c85
14921450,2026-09-28 14:41:45,actions-trading,Sim13,071950,skip,theme_momentum_weak,4cdbb0c4c6bc
14921450,2026-09-28 14:41:45,actions-trading,Sim13,025620,skip,theme_momentum_weak,dce55a0a778e
14921450,2026-09-28 14:41:45,actions-trading,Sim13,006120,skip,no_frgn_support,ac25636a36eb
14921450,2026-09-28 14:41:45,actions-trading,Sim13,036530,skip,theme_momentum_weak,c777021cd866
14921450,2026-09-28 14:41:45,actions-trading,Sim13,007810,skip,theme_momentum_weak,fef5a21eaf5e
14921450,2026-09-28 14:41:45,actions-trading,Sim13,138040,skip,theme_momentum_weak,048d9ac8641e
14921450,2026-09-28 14:41:45,actions-trading,Sim13,003030,skip,theme_momentum_weak,d6d0b3bb1f8d
14921450,2026-09-28 14:41:45,actions-trading,Sim13,005070,skip,theme_momentum_weak,5ad2743003b8
14921450,2026-09-28 14:41:45,actions-trading,Sim13,306200,skip,theme_momentum_weak,87c5bde47575
14921450,2026-09-28 14:41:45,actions-trading,Sim13,020150,skip,theme_momentum_weak,cdc11389da07
14921450,2026-09-28 14:41:45,actions-trading,Sim13,077500,skip,held_or_cooldown,ca0ba95fbf72
14921451,2026-09-28 14:42:56,actions-trading,Sim3,402340,skip,qty_zero,a3828e8fda9d
14921451,2026-09-28 14:42:56,actions-trading,Sim3,383800,skip,amount,d921dba67d8e
14921451,2026-09-28 14:42:56,actions-trading,Sim3,462870,skip,amount,a3012fa07a55
14921451,2026-09-28 14:42:56,actions-trading,Sim3,000660,skip,qty_zero,56491bf6ed73
14921451,2026-09-28 14:42:56,actions-trading,Sim3,071970,skip,amount,6dd426ef57bf
14921451,2026-09-28 14:42:56,actions-trading,Sim3,042700,skip,not_cheap,1900da02b32e
14921451,2026-09-28 14:42:56,actions-trading,Sim3,326030,skip,amount,619fa151cb58
14921451,2026-09-28 14:42:56,actions-trading,Sim3,207940,skip,not_cheap,b0834acb19ec
14921451,2026-09-28 14:42:56,actions-trading,Sim3,033920,skip,amount,ab975517b7d1
14921451,2026-09-28 14:42:56,actions-trading,Sim3,004770,skip,amount,e0ef807f584e
14921451,2026-09-28 14:42:56,actions-trading,Sim3,0126Z0,skip,not_cheap,5627d6fc01ac
14921451,2026-09-28 14:42:56,actions-trading,Sim3,062040,skip,not_cheap,809143035adf
14921451,2026-09-28 14:42:56,actions-trading,Sim3,317450,skip,amount,21c56265fbac
14921451,2026-09-28 14:42:56,actions-trading,Sim3,026960,skip,amount,14d2319f6f62
14921451,2026-09-28 14:42:56,actions-trading,Sim3,021820,skip,amount,0c8b20b1410c
14921451,2026-09-28 14:42:56,actions-trading,Sim3,192080,skip,amount,37a4dae7d4cd
14921451,2026-09-28 14:42:56,actions-trading,Sim3,068270,skip,cooldown,4f8f7e4857e7
14921451,2026-09-28 14:42:56,actions-trading,Sim3,123890,skip,amount,64acb5a43b54
14921451,2026-09-28 14:42:56,actions-trading,Sim3,000240,skip,amount,5b2ae8fa85fb
14921451,2026-09-28 14:42:56,actions-trading,Sim3,002380,skip,cooldown,88fee5f6876e
14921451,2026-09-28 14:42:56,actions-trading,Sim3,009770,skip,amount,71f81b52c7da
14921451,2026-09-28 14:42:56,actions-trading,Sim3,259960,skip,cooldown,e255e3809238
14921451,2026-09-28 14:42:56,actions-trading,Sim3,035250,skip,amount,b6ffe555bd40
14921451,2026-09-28 14:42:56,actions-trading,Sim3,383220,skip,amount,946968d91df7
14921451,2026-09-28 14:42:56,actions-trading,Sim3,226320,skip,amount,96c31e64fb81
14921451,2026-09-28 14:42:56,actions-trading,Sim3,439260,skip,amount,513248430692
14921451,2026-09-28 14:42:56,actions-trading,Sim3,025560,skip,cooldown,907913f456d1
14921451,2026-09-28 14:42:56,actions-trading,Sim3,007700,skip,amount,e711320b8da6
14921451,2026-09-28 14:42:56,actions-trading,Sim3,278470,skip,not_cheap,22ea31390203
14921451,2026-09-28 14:42:56,actions-trading,Sim3,000990,skip,not_cheap,b384a8fc0b75
14921451,2026-09-28 14:43:32,actions-trading,MFHS2,047040,skip,max_holdings,a0f386779867
14921451,2026-09-28 14:43:32,actions-trading,MFHS2,005880,seen,,f397c476b435
14921451,2026-09-28 14:43:32,actions-trading,MFHS2,024110,seen,,7f0e3a21b167
14921451,2026-09-28 14:43:32,actions-trading,MFHS2,009830,seen,,0044e5ad54ce
14921451,2026-09-28 14:43:32,actions-trading,MFHS2,018880,seen,,65ca09e6b521
14921451,2026-09-28 14:43:32,actions-trading,MFHS2,316140,seen,,f58f052341f2
14921451,2026-09-28 14:43:32,actions-trading,MFHS2,088350,seen,,f9f96ac47e68
14921451,2026-09-28 14:43:32,actions-trading,MFHS2,003280,seen,,585d9de6b94e
14921451,2026-09-28 14:43:32,actions-trading,MFHS2,006360,seen,,cc359f06d60b
14921451,2026-09-28 14:43:32,actions-trading,MFHS2,073240,seen,,063aba0409a8
14921451,2026-09-28 14:43:32,actions-trading,MFHS2,011200,seen,,1c0a19f0f4c2
14921451,2026-09-28 14:43:32,actions-trading,MFHS2,004020,seen,,7e5a98c3824b
14921451,2026-09-28 14:43:32,actions-trading,MFHS2,015760,seen,,67fd8dae9310
14921451,2026-09-28 14:43:32,actions-trading,MFHS2,032640,seen,,1b1d9016d19a
14921451,2026-09-28 14:43:32,actions-trading,MFHS2,003490,seen,,bd72365f3d1c
14921451,2026-09-28 14:43:32,actions-trading,MFHS2,279570,seen,,c05f4f65365d
14921451,2026-09-28 14:43:32,actions-trading,MFHS2,096770,seen,,813f57496832
14921451,2026-09-28 14:43:32,actions-trading,MFHS2,047050,seen,,aa6f9db01888
14921451,2026-09-28 14:43:32,actions-trading,MFHS2,323410,seen,,0ffa230e8f26
14921451,2026-09-28 14:43:32,actions-trading,MFHS2,035420,seen,,1ed277593024
14921451,2026-09-28 14:43:32,actions-trading,MFHS2,004710,seen,,d50bb451147a
14921451,2026-09-28 14:43:32,actions-trading,MFHS2,008970,seen,,e4e9b9014303
14921451,2026-09-28 14:43:32,actions-trading,MFHS2,139130,seen,,edb7b4535c9b
14921451,2026-09-28 14:43:32,actions-trading,MFHS2,007810,seen,,f6595f0dc984
14921451,2026-09-28 14:43:32,actions-trading,MFHS2,035720,seen,,aa139a49418a
14921451,2026-09-28 14:43:32,actions-trading,MFHS2,003530,seen,,91c1a2a5c9aa
14921451,2026-09-28 14:43:32,actions-trading,MFHS2,000720,seen,,003ac318ef9e
14921451,2026-09-28 14:43:32,actions-trading,MFHS2,051630,seen,,f080e62b6cd9
14921451,2026-09-28 14:43:32,actions-trading,MFHS2,002360,seen,,4950e1d7d911
14921451,2026-09-28 14:43:32,actions-trading,MFHS2,028670,seen,,687108c9dedc
14921451,2026-09-28 14:43:35,actions-trading,상승모멘텀,003580,skip,max_holdings,7544d0a22c79
14921451,2026-09-28 14:43:35,actions-trading,상승모멘텀,044380,seen,,0096c0f579d8
14921451,2026-09-28 14:43:35,actions-trading,상승모멘텀,002360,seen,,4950e1d7d911
14921451,2026-09-28 14:43:35,actions-trading,상승모멘텀,009830,seen,,0044e5ad54ce
14921451,2026-09-28 14:43:35,actions-trading,상승모멘텀,003570,seen,,d8e9b10e4ed7
14921451,2026-09-28 14:43:35,actions-trading,상승모멘텀,014280,seen,,66e68d9d48cc
14921451,2026-09-28 14:43:35,actions-trading,상승모멘텀,010060,seen,,c8ff0c048f08
14921451,2026-09-28 14:43:35,actions-trading,상승모멘텀,025560,seen,,ed0b3d7abcbe
14921451,2026-09-28 14:43:35,actions-trading,상승모멘텀,051630,seen,,f080e62b6cd9
14921451,2026-09-28 14:43:35,actions-trading,상승모멘텀,001527,seen,,ae776f4cb8ee
14921451,2026-09-28 14:43:35,actions-trading,상승모멘텀,004440,seen,,063dcc1de3d4
14921451,2026-09-28 14:43:35,actions-trading,상승모멘텀,020120,seen,,881403ab7b23
14921451,2026-09-28 14:43:35,actions-trading,상승모멘텀,009835,seen,,eb7a4f41b933
14921451,2026-09-28 14:43:35,actions-trading,상승모멘텀,011070,seen,,4a8df09e4784
14921451,2026-09-28 14:43:35,actions-trading,상승모멘텀,004710,seen,,d50bb451147a
14921451,2026-09-28 14:43:35,actions-trading,상승모멘텀,499790,seen,,20b2a972c546
14921451,2026-09-28 14:43:35,actions-trading,상승모멘텀,006110,seen,,17eb2793e431
14921451,2026-09-28 14:43:35,actions-trading,상승모멘텀,047040,seen,,a0f386779867
14921451,2026-09-28 14:43:35,actions-trading,상승모멘텀,064960,seen,,a1e814dd8b7b
14921451,2026-09-28 14:43:35,actions-trading,상승모멘텀,071950,seen,,f2f25e943cc1
14921451,2026-09-28 14:43:35,actions-trading,상승모멘텀,025620,seen,,dce55a0a778e
14921451,2026-09-28 14:43:35,actions-trading,상승모멘텀,006120,seen,,333861215615
14921451,2026-09-28 14:43:35,actions-trading,상승모멘텀,003030,seen,,fe2212f3fe25
14921451,2026-09-28 14:43:35,actions-trading,상승모멘텀,005070,seen,,6eeaf71693d9
14921451,2026-09-28 14:43:35,actions-trading,상승모멘텀,306200,seen,,9e054e79bbc4
14921451,2026-09-28 14:43:35,actions-trading,상승모멘텀,007810,seen,,f6595f0dc984
14921451,2026-09-28 14:43:35,actions-trading,상승모멘텀,036530,seen,,c8d252b72264
14921451,2026-09-28 14:43:35,actions-trading,상승모멘텀,138040,seen,,6891fc394150
14921451,2026-09-28 14:43:35,actions-trading,상승모멘텀,361610,seen,,a955f0eee3cd
14921451,2026-09-28 14:43:35,actions-trading,상승모멘텀,020150,seen,,d44cee06b080
14921451,2026-09-28 14:43:35,actions-trading,Sim4-1,003580,skip,amount,7544d0a22c79
14921451,2026-09-28 14:43:35,actions-trading,Sim4-1,044380,skip,amount,0096c0f579d8
14921451,2026-09-28 14:43:35,actions-trading,Sim4-1,002360,skip,held_or_cooldown,4950e1d7d911
14921451,2026-09-28 14:43:35,actions-trading,Sim4-1,009830,skip,period,0044e5ad54ce
14921451,2026-09-28 14:43:35,actions-trading,Sim4-1,003570,skip,adx_high,d8e9b10e4ed7
14921451,2026-09-28 14:43:35,actions-trading,Sim4-1,014280,skip,adx_low,66e68d9d48cc
14921451,2026-09-28 14:43:35,actions-trading,Sim4-1,010060,skip,adx_low,c8ff0c048f08
14921451,2026-09-28 14:43:35,actions-trading,Sim4-1,025560,skip,adx_high,ed0b3d7abcbe
14921451,2026-09-28 14:43:35,actions-trading,Sim4-1,051630,skip,amount,f080e62b6cd9
14921451,2026-09-28 14:43:35,actions-trading,Sim4-1,001527,skip,amount,ae776f4cb8ee
14921451,2026-09-28 14:43:35,actions-trading,Sim4-1,004440,skip,amount,063dcc1de3d4
14921451,2026-09-28 14:43:35,actions-trading,Sim4-1,020120,skip,amount,881403ab7b23
14921451,2026-09-28 14:43:35,actions-trading,Sim4-1,009835,skip,amount,eb7a4f41b933
14921451,2026-09-28 14:43:35,actions-trading,Sim4-1,011070,skip,period,4a8df09e4784
14921451,2026-09-28 14:43:35,actions-trading,Sim4-1,004710,skip,held_or_cooldown,d50bb451147a
14921451,2026-09-28 14:43:35,actions-trading,Sim4-1,499790,skip,amount,20b2a972c546
14921451,2026-09-28 14:43:35,actions-trading,Sim4-1,006110,skip,adx_high,17eb2793e431
14921451,2026-09-28 14:43:35,actions-trading,Sim4-1,047040,skip,period,a0f386779867
14921451,2026-09-28 14:43:35,actions-trading,Sim4-1,064960,skip,adx_high,a1e814dd8b7b
14921451,2026-09-28 14:43:35,actions-trading,Sim4-1,071950,skip,amount,f2f25e943cc1
14921451,2026-09-28 14:43:35,actions-trading,Sim4-1,025620,skip,amount,dce55a0a778e
14921451,2026-09-28 14:43:35,actions-trading,Sim4-1,006120,skip,adx_high,333861215615
14921451,2026-09-28 14:43:35,actions-trading,Sim4-1,003030,skip,amount,fe2212f3fe25
14921451,2026-09-28 14:43:35,actions-trading,Sim4-1,005070,skip,adx_low,6eeaf71693d9
14921451,2026-09-28 14:43:35,actions-trading,Sim4-1,306200,skip,amount,9e054e79bbc4
14921451,2026-09-28 14:43:35,actions-trading,Sim4-1,007810,skip,adx_high,f6595f0dc984
14921451,2026-09-28 14:43:35,actions-trading,Sim4-1,036530,skip,amount,c8d252b72264
14921451,2026-09-28 14:43:35,actions-trading,Sim4-1,138040,skip,adx_low,6891fc394150
14921451,2026-09-28 14:43:35,actions-trading,Sim4-1,361610,skip,adx_high,a955f0eee3cd
14921451,2026-09-28 14:43:35,actions-trading,Sim4-1,020150,skip,adx_low,d44cee06b080
14921451,2026-09-28 14:43:37,actions-trading,선행매집,047040,skip,no_52w_anchor,a0f386779867
14921451,2026-09-28 14:43:37,actions-trading,선행매집,009830,skip,below_anchor,0044e5ad54ce
14921451,2026-09-28 14:43:37,actions-trading,선행매집,005880,skip,below_anchor,f397c476b435
14921451,2026-09-28 14:43:37,actions-trading,선행매집,018880,skip,below_anchor,65ca09e6b521
14921451,2026-09-28 14:43:37,actions-trading,선행매집,024110,skip,below_anchor,7f0e3a21b167
14921451,2026-09-28 14:43:37,actions-trading,선행매집,088350,skip,below_anchor,f9f96ac47e68
14921451,2026-09-28 14:43:37,actions-trading,선행매집,073240,skip,below_anchor,063aba0409a8
14921451,2026-09-28 14:43:37,actions-trading,선행매집,003280,skip,below_anchor,585d9de6b94e
14921451,2026-09-28 14:43:37,actions-trading,선행매집,316140,skip,no_setup,f58f052341f2
14921451,2026-09-28 14:43:37,actions-trading,선행매집,015760,skip,below_anchor,67fd8dae9310
14921451,2026-09-28 14:43:37,actions-trading,선행매집,011200,skip,sold_or_cooldown,1c0a19f0f4c2
14921451,2026-09-28 14:43:37,actions-trading,선행매집,006360,skip,below_anchor,cc359f06d60b
14921451,2026-09-28 14:43:37,actions-trading,선행매집,004710,skip,below_anchor,d50bb451147a
14921451,2026-09-28 14:43:37,actions-trading,선행매집,096770,skip,held_awaiting_breakout,813f57496832
14921451,2026-09-28 14:43:37,actions-trading,선행매집,035420,skip,below_anchor,1ed277593024
14921451,2026-09-28 14:43:37,actions-trading,선행매집,032640,skip,below_anchor,1b1d9016d19a
14921451,2026-09-28 14:43:37,actions-trading,선행매집,003490,skip,sold_or_cooldown,bd72365f3d1c
14921451,2026-09-28 14:43:37,actions-trading,선행매집,000720,skip,below_anchor,003ac318ef9e
14921451,2026-09-28 14:43:37,actions-trading,선행매집,047050,skip,below_anchor,aa6f9db01888
14921451,2026-09-28 14:43:37,actions-trading,선행매집,004020,skip,below_anchor,7e5a98c3824b
14921451,2026-09-28 14:43:37,actions-trading,선행매집,035720,skip,below_anchor,aa139a49418a
14921451,2026-09-28 14:43:37,actions-trading,선행매집,008970,skip,amount,e4e9b9014303
14921451,2026-09-28 14:43:37,actions-trading,선행매집,066570,skip,below_anchor,3669bdedb9e1
14921451,2026-09-28 14:43:37,actions-trading,선행매집,279570,skip,below_anchor,c05f4f65365d
14921451,2026-09-28 14:43:37,actions-trading,선행매집,139130,skip,no_setup,edb7b4535c9b
14921451,2026-09-28 14:43:37,actions-trading,선행매집,028670,skip,no_setup,687108c9dedc
14921451,2026-09-28 14:43:37,actions-trading,선행매집,002360,skip,no_setup,4950e1d7d911
14921451,2026-09-28 14:43:37,actions-trading,선행매집,007810,skip,below_anchor,f6595f0dc984
14921451,2026-09-28 14:43:37,actions-trading,선행매집,323410,skip,below_anchor,0ffa230e8f26
14921451,2026-09-28 14:43:37,actions-trading,선행매집,003530,skip,below_anchor,91c1a2a5c9aa
14921451,2026-09-28 14:43:37,actions-trading,Sim9,003580,skip,amount,7544d0a22c79
14921451,2026-09-28 14:43:37,actions-trading,Sim9,044380,skip,amount,0096c0f579d8
14921451,2026-09-28 14:43:37,actions-trading,Sim9,002360,skip,gap,4950e1d7d911
14921451,2026-09-28 14:43:37,actions-trading,Sim9,009830,skip,gap,0044e5ad54ce
14921451,2026-09-28 14:43:37,actions-trading,Sim9,003570,skip,gap,d8e9b10e4ed7
14921451,2026-09-28 14:43:37,actions-trading,Sim9,014280,skip,gap,66e68d9d48cc
14921451,2026-09-28 14:43:37,actions-trading,Sim9,010060,skip,gap,c8ff0c048f08
14921451,2026-09-28 14:43:37,actions-trading,Sim9,025560,skip,gap,ed0b3d7abcbe
14921451,2026-09-28 14:43:37,actions-trading,Sim9,051630,skip,gap,f080e62b6cd9
14921451,2026-09-28 14:43:37,actions-trading,Sim9,001527,skip,amount,ae776f4cb8ee
14921451,2026-09-28 14:43:37,actions-trading,Sim9,004440,skip,amount,063dcc1de3d4
14921451,2026-09-28 14:43:37,actions-trading,Sim9,020120,skip,gap,881403ab7b23
14921451,2026-09-28 14:43:37,actions-trading,Sim9,009835,skip,amount,eb7a4f41b933
14921451,2026-09-28 14:43:37,actions-trading,Sim9,011070,skip,gap,4a8df09e4784
14921451,2026-09-28 14:43:37,actions-trading,Sim9,004710,skip,gap,d50bb451147a
14921451,2026-09-28 14:43:37,actions-trading,Sim9,499790,skip,gap,20b2a972c546
14921451,2026-09-28 14:43:37,actions-trading,Sim9,006110,skip,gap,17eb2793e431
14921451,2026-09-28 14:43:37,actions-trading,Sim9,047040,skip,no_ohlc,a0f386779867
14921451,2026-09-28 14:43:37,actions-trading,Sim9,064960,skip,gap,a1e814dd8b7b
14921451,2026-09-28 14:43:37,actions-trading,Sim9,071950,skip,amount,f2f25e943cc1
14921451,2026-09-28 14:43:37,actions-trading,Sim9,025620,skip,amount,dce55a0a778e
14921451,2026-09-28 14:43:37,actions-trading,Sim9,006120,skip,gap,333861215615
14921451,2026-09-28 14:43:37,actions-trading,Sim9,003030,skip,gap,fe2212f3fe25
14921451,2026-09-28 14:43:37,actions-trading,Sim9,005070,skip,gap,6eeaf71693d9
14921451,2026-09-28 14:43:37,actions-trading,Sim9,306200,skip,gap,9e054e79bbc4
14921451,2026-09-28 14:43:37,actions-trading,Sim9,007810,skip,gap,f6595f0dc984
14921451,2026-09-28 14:43:37,actions-trading,Sim9,036530,skip,gap,c8d252b72264
14921451,2026-09-28 14:43:37,actions-trading,Sim9,138040,skip,gap,6891fc394150
14921451,2026-09-28 14:43:37,actions-trading,Sim9,361610,skip,gap,a955f0eee3cd
14921451,2026-09-28 14:43:37,actions-trading,Sim9,020150,skip,gap,d44cee06b080
14921451,2026-09-28 14:43:37,actions-trading,미너비니,192820,skip,below_pivot,8eeadde60fce
14921451,2026-09-28 14:43:37,actions-trading,미너비니,443060,skip,below_pivot,43f280bed6f6
14921451,2026-09-28 14:43:37,actions-trading,Sim12,003580,skip,pb2_not_crashed,7544d0a22c79
14921451,2026-09-28 14:43:37,actions-trading,Sim12,044380,skip,avoid_deadcat,0096c0f579d8
14921451,2026-09-28 14:43:37,actions-trading,Sim12,002360,skip,pb2_not_crashed,4950e1d7d911
14921451,2026-09-28 14:43:37,actions-trading,Sim12,009830,skip,pb2_not_crashed,0044e5ad54ce
14921451,2026-09-28 14:43:37,actions-trading,Sim12,003570,skip,avoid_frgn_sell_20d,d8e9b10e4ed7
14921451,2026-09-28 14:43:37,actions-trading,Sim12,014280,skip,pb2_not_crashed,66e68d9d48cc
14921451,2026-09-28 14:43:37,actions-trading,Sim12,010060,skip,pb2_not_crashed,c8ff0c048f08
14921451,2026-09-28 14:43:37,actions-trading,Sim12,025560,skip,avoid_frgn_sell_20d,ed0b3d7abcbe
14921451,2026-09-28 14:43:37,actions-trading,Sim12,051630,skip,pb2_not_crashed,f080e62b6cd9
14921451,2026-09-28 14:43:37,actions-trading,Sim12,001527,skip,avoid_deadcat,ae776f4cb8ee
14921451,2026-09-28 14:43:37,actions-trading,Sim12,004440,skip,avoid_frgn_sell_20d,063dcc1de3d4
14921451,2026-09-28 14:43:37,actions-trading,Sim12,020120,skip,avoid_amount_dry,881403ab7b23
14921451,2026-09-28 14:43:37,actions-trading,Sim12,009835,skip,avoid_frgn_sell_20d,eb7a4f41b933
14921451,2026-09-28 14:43:37,actions-trading,Sim12,011070,skip,avoid_orgn_sell_high_per,4a8df09e4784
14921451,2026-09-28 14:43:37,actions-trading,Sim12,004710,skip,avoid_frgn_sell_20d,d50bb451147a
14921451,2026-09-28 14:43:37,actions-trading,Sim12,499790,skip,avoid_frgn_sell_20d,20b2a972c546
14921451,2026-09-28 14:43:37,actions-trading,Sim12,006110,skip,avoid_deadcat,17eb2793e431
14921451,2026-09-28 14:43:37,actions-trading,Sim12,047040,skip,avoid_frgn_sell_20d,a0f386779867
14921451,2026-09-28 14:43:37,actions-trading,Sim12,064960,skip,avoid_frgn_sell_20d,a1e814dd8b7b
14921451,2026-09-28 14:43:37,actions-trading,Sim12,071950,skip,avoid_deadcat,f2f25e943cc1
14921451,2026-09-28 14:43:37,actions-trading,Sim12,025620,skip,pb2_not_crashed,dce55a0a778e
14921451,2026-09-28 14:43:37,actions-trading,Sim12,006120,skip,avoid_frgn_sell_20d,333861215615
14921451,2026-09-28 14:43:37,actions-trading,Sim12,003030,skip,pb2_not_crashed,fe2212f3fe25
14921451,2026-09-28 14:43:37,actions-trading,Sim12,005070,skip,avoid_frgn_sell_20d,6eeaf71693d9
14921451,2026-09-28 14:43:37,actions-trading,Sim12,306200,skip,pb2_not_crashed,9e054e79bbc4
14921451,2026-09-28 14:43:37,actions-trading,Sim12,007810,skip,avoid_orgn_sell_high_per,f6595f0dc984
14921451,2026-09-28 14:43:37,actions-trading,Sim12,036530,skip,avoid_frgn_sell_20d,c8d252b72264
14921451,2026-09-28 14:43:37,actions-trading,Sim12,138040,skip,avoid_frgn_sell_20d,6891fc394150
14921451,2026-09-28 14:43:37,actions-trading,Sim12,361610,skip,pb2_not_crashed,a955f0eee3cd
14921451,2026-09-28 14:43:37,actions-trading,Sim12,020150,skip,avoid_frgn_sell_20d,d44cee06b080
14921451,2026-09-28 14:43:37,actions-trading,Sim12,014990,skip,avoid_amount_dry,73920244630d
14921451,2026-09-28 14:43:37,actions-trading,Sim12,402340,skip,pb2_not_crashed,ad7a6871a518
14921451,2026-09-28 14:43:37,actions-trading,Sim12,109070,skip,pb2_not_crashed,f1629691f324
14921451,2026-09-28 14:43:37,actions-trading,Sim12,009420,skip,pb2_not_crashed,de8fc66f88c1
14921451,2026-09-28 14:43:37,actions-trading,Sim12,002820,skip,pb2_not_crashed,93fb377870bb
14921451,2026-09-28 14:43:37,actions-trading,Sim12,002787,skip,avoid_amount_dry,937caeb0a5fa
14921451,2026-09-28 14:43:37,actions-trading,Sim12,069960,skip,avoid_frgn_sell_20d,e0dece913cc6
14921451,2026-09-28 14:43:37,actions-trading,Sim12,009190,skip,pb2_no_inst_buying,b712a4e03470
14921451,2026-09-28 14:43:37,actions-trading,Sim12,000150,skip,avoid_frgn_sell_20d,d08cc3de8856
14921451,2026-09-28 14:43:37,actions-trading,Sim12,004545,skip,pb2_not_crashed,fdcd55706703
14921451,2026-09-28 14:43:37,actions-trading,Sim12,000500,skip,avoid_amount_dry,569ea14c5fa6
14921451,2026-09-28 14:43:37,actions-trading,Sim12,028260,skip,pb2_not_crashed,5f65c5e47adb
14921451,2026-09-28 14:43:37,actions-trading,Sim12,005935,skip,avoid_frgn_sell_20d,d796af0c3bcf
14921451,2026-09-28 14:43:37,actions-trading,Sim12,034730,skip,pb2_not_crashed,cf750900ff00
14921451,2026-09-28 14:43:37,actions-trading,Sim12,192650,skip,avoid_frgn_sell_20d,e96c191db1a8
14921451,2026-09-28 14:43:37,actions-trading,Sim12,011090,skip,avoid_amount_dry,92bee7ca3e7b
14921451,2026-09-28 14:43:37,actions-trading,Sim12,02826K,skip,pb2_not_crashed,afde8e403d9d
14921451,2026-09-28 14:43:37,actions-trading,Sim12,007660,skip,pb2_not_crashed,1c0d1b12773c
14921451,2026-09-28 14:43:37,actions-trading,Sim12,005930,skip,pb2_not_crashed,5be759dfba96
14921451,2026-09-28 14:43:37,actions-trading,Sim12,000660,skip,avoid_frgn_sell_20d,71c835a58910
14921451,2026-09-28 14:43:37,actions-trading,Sim12,03473K,skip,avoid_frgn_sell_20d,4aeb174ac858
14921451,2026-09-28 14:43:37,actions-trading,Sim12,002070,skip,avoid_amount_dry,b16a677c2678
14921451,2026-09-28 14:43:37,actions-trading,Sim12,298040,skip,pb2_not_crashed,2d07dc2f41f0
14921451,2026-09-28 14:43:37,actions-trading,Sim12,101140,skip,avoid_amount_dry,dd1d3b455dc6
14921451,2026-09-28 14:43:37,actions-trading,Sim12,002030,skip,avoid_frgn_sell_20d,bad1626c0acd
14921451,2026-09-28 14:43:37,actions-trading,Sim12,010580,skip,avoid_amount_dry,7c6acbdf126c
14921451,2026-09-28 14:43:37,actions-trading,Sim12,128940,skip,avoid_amount_dry,0df0087cb357
14921451,2026-09-28 14:43:37,actions-trading,Sim12,004800,skip,pb2_not_crashed,e19821dc363a
14921451,2026-09-28 14:43:37,actions-trading,Sim12,044820,skip,avoid_amount_dry,0fa60ba78eac
14921451,2026-09-28 14:43:37,actions-trading,Sim12,011390,skip,avoid_amount_dry,32213f8b0105
14921451,2026-09-28 14:43:38,actions-trading,Sim13,003580,skip,theme_momentum_weak,7544d0a22c79
14921451,2026-09-28 14:43:38,actions-trading,Sim13,044380,skip,theme_momentum_weak,0096c0f579d8
14921451,2026-09-28 14:43:38,actions-trading,Sim13,002360,skip,held_or_cooldown,4950e1d7d911
14921451,2026-09-28 14:43:38,actions-trading,Sim13,009830,skip,theme_momentum_weak,0044e5ad54ce
14921451,2026-09-28 14:43:38,actions-trading,Sim13,003570,skip,theme_momentum_weak,d8e9b10e4ed7
14921451,2026-09-28 14:43:38,actions-trading,Sim13,014280,skip,theme_momentum_weak,66e68d9d48cc
14921451,2026-09-28 14:43:38,actions-trading,Sim13,010060,skip,theme_momentum_weak,c8ff0c048f08
14921451,2026-09-28 14:43:38,actions-trading,Sim13,025560,skip,theme_momentum_weak,ed0b3d7abcbe
14921451,2026-09-28 14:43:38,actions-trading,Sim13,051630,skip,adx_weak,f080e62b6cd9
14921451,2026-09-28 14:43:38,actions-trading,Sim13,001527,skip,theme_momentum_weak,ae776f4cb8ee
14921451,2026-09-28 14:43:38,actions-trading,Sim13,004440,skip,theme_momentum_weak,063dcc1de3d4
14921451,2026-09-28 14:43:38,actions-trading,Sim13,020120,skip,adx_weak,881403ab7b23
14921451,2026-09-28 14:43:38,actions-trading,Sim13,009835,skip,theme_momentum_weak,eb7a4f41b933
14921451,2026-09-28 14:43:38,actions-trading,Sim13,011070,skip,theme_momentum_weak,4a8df09e4784
14921451,2026-09-28 14:43:38,actions-trading,Sim13,004710,skip,no_frgn_support,d50bb451147a
14921451,2026-09-28 14:43:38,actions-trading,Sim13,499790,skip,theme_momentum_weak,20b2a972c546
14921451,2026-09-28 14:43:38,actions-trading,Sim13,006110,skip,theme_momentum_weak,17eb2793e431
14921451,2026-09-28 14:43:38,actions-trading,Sim13,047040,skip,theme_momentum_weak,a0f386779867
14921451,2026-09-28 14:43:38,actions-trading,Sim13,064960,skip,theme_momentum_weak,a1e814dd8b7b
14921451,2026-09-28 14:43:38,actions-trading,Sim13,071950,skip,theme_momentum_weak,f2f25e943cc1
14921451,2026-09-28 14:43:38,actions-trading,Sim13,025620,skip,theme_momentum_weak,dce55a0a778e
14921451,2026-09-28 14:43:38,actions-trading,Sim13,006120,skip,no_frgn_support,333861215615
14921451,2026-09-28 14:43:38,actions-trading,Sim13,003030,skip,theme_momentum_weak,fe2212f3fe25
14921451,2026-09-28 14:43:38,actions-trading,Sim13,005070,skip,theme_momentum_weak,6eeaf71693d9
14921451,2026-09-28 14:43:38,actions-trading,Sim13,306200,skip,theme_momentum_weak,9e054e79bbc4
14921451,2026-09-28 14:43:38,actions-trading,Sim13,007810,skip,theme_momentum_weak,f6595f0dc984
14921451,2026-09-28 14:43:38,actions-trading,Sim13,036530,skip,theme_momentum_weak,c8d252b72264
14921451,2026-09-28 14:43:38,actions-trading,Sim13,138040,skip,theme_momentum_weak,6891fc394150
14921451,2026-09-28 14:43:38,actions-trading,Sim13,361610,skip,theme_momentum_weak,a955f0eee3cd
14921451,2026-09-28 14:43:38,actions-trading,Sim13,020150,skip,theme_momentum_weak,d44cee06b080
14921452,2026-09-28 14:44:59,actions-trading,Sim3,402340,skip,qty_zero,84bedc6463fc
14921452,2026-09-28 14:44:59,actions-trading,Sim3,383800,skip,amount,e80098b25c08
14921452,2026-09-28 14:44:59,actions-trading,Sim3,462870,skip,amount,91876d86e7bf
14921452,2026-09-28 14:44:59,actions-trading,Sim3,000660,skip,qty_zero,058c0bea45b3
14921452,2026-09-28 14:44:59,actions-trading,Sim3,071970,skip,amount,db7971f08e0f
14921452,2026-09-28 14:44:59,actions-trading,Sim3,042700,skip,not_cheap,bdc8a822f433
14921452,2026-09-28 14:44:59,actions-trading,Sim3,326030,skip,amount,65705e9f4af5
14921452,2026-09-28 14:44:59,actions-trading,Sim3,207940,skip,not_cheap,79c6d46b3ddd
14921452,2026-09-28 14:44:59,actions-trading,Sim3,033920,skip,amount,fc6a219c935d
14921452,2026-09-28 14:44:59,actions-trading,Sim3,004770,skip,amount,3bd701ff1c1f
14921452,2026-09-28 14:44:59,actions-trading,Sim3,0126Z0,skip,not_cheap,fa5ead40a970
14921452,2026-09-28 14:44:59,actions-trading,Sim3,062040,skip,not_cheap,5ee431a84244
14921452,2026-09-28 14:44:59,actions-trading,Sim3,317450,skip,amount,45ed779384bf
14921452,2026-09-28 14:44:59,actions-trading,Sim3,026960,skip,amount,7483edbd5931
14921452,2026-09-28 14:44:59,actions-trading,Sim3,021820,skip,amount,31b7c782a81b
14921452,2026-09-28 14:44:59,actions-trading,Sim3,192080,skip,amount,5e34c14fe766
14921452,2026-09-28 14:44:59,actions-trading,Sim3,068270,skip,cooldown,3916fb75be65
14921452,2026-09-28 14:44:59,actions-trading,Sim3,123890,skip,amount,a49c1b7bb4be
14921452,2026-09-28 14:44:59,actions-trading,Sim3,000240,skip,amount,d541f384ddfa
14921452,2026-09-28 14:44:59,actions-trading,Sim3,002380,skip,cooldown,7b4a10c25938
14921452,2026-09-28 14:44:59,actions-trading,Sim3,009770,skip,amount,4ae1f694d7a7
14921452,2026-09-28 14:44:59,actions-trading,Sim3,259960,skip,cooldown,8678ed4fb52a
14921452,2026-09-28 14:44:59,actions-trading,Sim3,035250,skip,amount,25a167be1558
14921452,2026-09-28 14:44:59,actions-trading,Sim3,383220,skip,amount,edf064dc9e51
14921452,2026-09-28 14:44:59,actions-trading,Sim3,226320,skip,amount,1f6c535f8bbd
14921452,2026-09-28 14:44:59,actions-trading,Sim3,439260,skip,amount,5c2c168bc234
14921452,2026-09-28 14:44:59,actions-trading,Sim3,025560,skip,cooldown,c6473470abfb
14921452,2026-09-28 14:44:59,actions-trading,Sim3,007700,skip,amount,e711320b8da6
14921452,2026-09-28 14:44:59,actions-trading,Sim3,278470,skip,not_cheap,de3317ceb8e6
14921452,2026-09-28 14:44:59,actions-trading,Sim3,000990,skip,not_cheap,1154814bfb62
14921452,2026-09-28 14:45:34,actions-trading,MFHS2,047040,skip,max_holdings,07228f18cfdc
14921452,2026-09-28 14:45:34,actions-trading,MFHS2,005880,seen,,1dc810a080be
14921452,2026-09-28 14:45:34,actions-trading,MFHS2,024110,seen,,e3c8895191ea
14921452,2026-09-28 14:45:34,actions-trading,MFHS2,009830,seen,,b5f67bbf5703
14921452,2026-09-28 14:45:34,actions-trading,MFHS2,018880,seen,,ddd5af032399
14921452,2026-09-28 14:45:34,actions-trading,MFHS2,316140,seen,,df0f2c1d00b1
14921452,2026-09-28 14:45:34,actions-trading,MFHS2,088350,seen,,b8b5488630b0
14921452,2026-09-28 14:45:34,actions-trading,MFHS2,003280,seen,,3c823c41ffdb
14921452,2026-09-28 14:45:34,actions-trading,MFHS2,006360,seen,,32c5ad5b0d22
14921452,2026-09-28 14:45:34,actions-trading,MFHS2,073240,seen,,adb2c6178806
14921452,2026-09-28 14:45:34,actions-trading,MFHS2,011200,seen,,747d7a6fe5b4
14921452,2026-09-28 14:45:34,actions-trading,MFHS2,004020,seen,,65a32606fd47
14921452,2026-09-28 14:45:34,actions-trading,MFHS2,015760,seen,,3ff2bee9aa3b
14921452,2026-09-28 14:45:34,actions-trading,MFHS2,032640,seen,,cb589ee9a28e
14921452,2026-09-28 14:45:34,actions-trading,MFHS2,003490,seen,,f4e2d731720b
14921452,2026-09-28 14:45:34,actions-trading,MFHS2,279570,seen,,084e4a81843c
14921452,2026-09-28 14:45:34,actions-trading,MFHS2,096770,seen,,797b26c6f278
14921452,2026-09-28 14:45:34,actions-trading,MFHS2,047050,seen,,e39dbd2c9dd0
14921452,2026-09-28 14:45:34,actions-trading,MFHS2,323410,seen,,8786cbe3d62e
14921452,2026-09-28 14:45:34,actions-trading,MFHS2,035420,seen,,514f79d4158b
14921452,2026-09-28 14:45:34,actions-trading,MFHS2,004710,seen,,bca0e7cca441
14921452,2026-09-28 14:45:34,actions-trading,MFHS2,008970,seen,,e6d3167b8522
14921452,2026-09-28 14:45:34,actions-trading,MFHS2,139130,seen,,2aca697a714b
14921452,2026-09-28 14:45:34,actions-trading,MFHS2,007810,seen,,cb7dc298b2ac
14921452,2026-09-28 14:45:34,actions-trading,MFHS2,035720,seen,,0373838a6cc4
14921452,2026-09-28 14:45:34,actions-trading,MFHS2,003530,seen,,535d12c2a32e
14921452,2026-09-28 14:45:34,actions-trading,MFHS2,000720,seen,,91fff19f5910
14921452,2026-09-28 14:45:34,actions-trading,MFHS2,051630,seen,,a46a563b42e6
14921452,2026-09-28 14:45:34,actions-trading,MFHS2,002360,seen,,4bc24c731a7a
14921452,2026-09-28 14:45:34,actions-trading,MFHS2,028670,seen,,2e538ba3903a
14921452,2026-09-28 14:45:37,actions-trading,상승모멘텀,003580,skip,max_holdings,7544d0a22c79
14921452,2026-09-28 14:45:37,actions-trading,상승모멘텀,044380,seen,,907e9e6c37b4
14921452,2026-09-28 14:45:37,actions-trading,상승모멘텀,002360,seen,,4bc24c731a7a
14921452,2026-09-28 14:45:37,actions-trading,상승모멘텀,009830,seen,,b5f67bbf5703
14921452,2026-09-28 14:45:37,actions-trading,상승모멘텀,003570,seen,,74ca1be14703
14921452,2026-09-28 14:45:37,actions-trading,상승모멘텀,014280,seen,,9a8c65061c4d
14921452,2026-09-28 14:45:37,actions-trading,상승모멘텀,010060,seen,,5e352bb43bb1
14921452,2026-09-28 14:45:37,actions-trading,상승모멘텀,025560,seen,,ff62bd22d857
14921452,2026-09-28 14:45:37,actions-trading,상승모멘텀,051630,seen,,a46a563b42e6
14921452,2026-09-28 14:45:37,actions-trading,상승모멘텀,020120,seen,,67ad01c2f4af
14921452,2026-09-28 14:45:37,actions-trading,상승모멘텀,001527,seen,,ae776f4cb8ee
14921452,2026-09-28 14:45:37,actions-trading,상승모멘텀,009835,seen,,a62eb861df38
14921452,2026-09-28 14:45:37,actions-trading,상승모멘텀,004710,seen,,bca0e7cca441
14921452,2026-09-28 14:45:37,actions-trading,상승모멘텀,011070,seen,,a97ec072992b
14921452,2026-09-28 14:45:37,actions-trading,상승모멘텀,004440,seen,,89a86e1e381c
14921452,2026-09-28 14:45:37,actions-trading,상승모멘텀,006110,seen,,2c484490e10d
14921452,2026-09-28 14:45:37,actions-trading,상승모멘텀,499790,seen,,e2066095f112
14921452,2026-09-28 14:45:37,actions-trading,상승모멘텀,047040,seen,,07228f18cfdc
14921452,2026-09-28 14:45:37,actions-trading,상승모멘텀,071950,seen,,3a5a61056d6c
14921452,2026-09-28 14:45:37,actions-trading,상승모멘텀,064960,seen,,aa93b86c1f1c
14921452,2026-09-28 14:45:37,actions-trading,상승모멘텀,025620,seen,,d4f9ba3ee842
14921452,2026-09-28 14:45:37,actions-trading,상승모멘텀,005070,seen,,66308fa830d2
14921452,2026-09-28 14:45:37,actions-trading,상승모멘텀,020150,seen,,75238de3f55c
14921452,2026-09-28 14:45:37,actions-trading,상승모멘텀,361610,seen,,ccdba48de34f
14921452,2026-09-28 14:45:37,actions-trading,상승모멘텀,036530,seen,,e7a876731fc1
14921452,2026-09-28 14:45:37,actions-trading,상승모멘텀,006120,seen,,a1aa3f5dacce
14921452,2026-09-28 14:45:37,actions-trading,상승모멘텀,306200,seen,,131a125485e1
14921452,2026-09-28 14:45:37,actions-trading,상승모멘텀,003030,seen,,1c07b53a12a5
14921452,2026-09-28 14:45:37,actions-trading,상승모멘텀,010955,seen,,a159084a1337
14921452,2026-09-28 14:45:37,actions-trading,상승모멘텀,138040,seen,,354510aa963d
14921452,2026-09-28 14:45:37,actions-trading,Sim4-1,003580,skip,amount,7544d0a22c79
14921452,2026-09-28 14:45:37,actions-trading,Sim4-1,044380,skip,amount,907e9e6c37b4
14921452,2026-09-28 14:45:37,actions-trading,Sim4-1,002360,skip,held_or_cooldown,4bc24c731a7a
14921452,2026-09-28 14:45:37,actions-trading,Sim4-1,009830,skip,period,b5f67bbf5703
14921452,2026-09-28 14:45:37,actions-trading,Sim4-1,003570,skip,adx_high,74ca1be14703
14921452,2026-09-28 14:45:37,actions-trading,Sim4-1,014280,skip,adx_low,9a8c65061c4d
14921452,2026-09-28 14:45:37,actions-trading,Sim4-1,010060,skip,adx_low,5e352bb43bb1
14921452,2026-09-28 14:45:37,actions-trading,Sim4-1,025560,skip,adx_high,ff62bd22d857
14921452,2026-09-28 14:45:37,actions-trading,Sim4-1,051630,skip,amount,a46a563b42e6
14921452,2026-09-28 14:45:37,actions-trading,Sim4-1,020120,skip,amount,67ad01c2f4af
14921452,2026-09-28 14:45:37,actions-trading,Sim4-1,001527,skip,amount,ae776f4cb8ee
14921452,2026-09-28 14:45:37,actions-trading,Sim4-1,009835,skip,amount,a62eb861df38
14921452,2026-09-28 14:45:37,actions-trading,Sim4-1,004710,skip,held_or_cooldown,bca0e7cca441
14921452,2026-09-28 14:45:37,actions-trading,Sim4-1,011070,skip,period,a97ec072992b
14921452,2026-09-28 14:45:37,actions-trading,Sim4-1,004440,skip,amount,89a86e1e381c
14921452,2026-09-28 14:45:37,actions-trading,Sim4-1,006110,skip,adx_high,2c484490e10d
14921452,2026-09-28 14:45:37,actions-trading,Sim4-1,499790,skip,amount,e2066095f112
14921452,2026-09-28 14:45:37,actions-trading,Sim4-1,047040,skip,period,07228f18cfdc
14921452,2026-09-28 14:45:37,actions-trading,Sim4-1,071950,skip,amount,3a5a61056d6c
14921452,2026-09-28 14:45:37,actions-trading,Sim4-1,064960,skip,adx_high,aa93b86c1f1c
14921452,2026-09-28 14:45:37,actions-trading,Sim4-1,025620,skip,amount,d4f9ba3ee842
14921452,2026-09-28 14:45:37,actions-trading,Sim4-1,005070,skip,adx_low,66308fa830d2
14921452,2026-09-28 14:45:37,actions-trading,Sim4-1,020150,skip,adx_low,75238de3f55c
14921452,2026-09-28 14:45:37,actions-trading,Sim4-1,361610,skip,adx_high,ccdba48de34f
14921452,2026-09-28 14:45:37,actions-trading,Sim4-1,036530,skip,amount,e7a876731fc1
14921452,2026-09-28 14:45:37,actions-trading,Sim4-1,006120,skip,adx_high,a1aa3f5dacce
14921452,2026-09-28 14:45:37,actions-trading,Sim4-1,306200,skip,amount,131a125485e1
14921452,2026-09-28 14:45:37,actions-trading,Sim4-1,003030,skip,amount,1c07b53a12a5
14921452,2026-09-28 14:45:37,actions-trading,Sim4-1,010955,skip,adx_high,a159084a1337
14921452,2026-09-28 14:45:37,actions-trading,Sim4-1,138040,skip,adx_low,354510aa963d
14921452,2026-09-28 14:45:38,actions-trading,선행매집,047040,skip,below_anchor,07228f18cfdc
14921452,2026-09-28 14:45:38,actions-trading,선행매집,009830,skip,below_anchor,b5f67bbf5703
14921452,2026-09-28 14:45:38,actions-trading,선행매집,005880,skip,below_anchor,1dc810a080be
14921452,2026-09-28 14:45:38,actions-trading,선행매집,018880,skip,below_anchor,ddd5af032399
14921452,2026-09-28 14:45:38,actions-trading,선행매집,024110,skip,below_anchor,e3c8895191ea
14921452,2026-09-28 14:45:38,actions-trading,선행매집,088350,skip,below_anchor,b8b5488630b0
14921452,2026-09-28 14:45:38,actions-trading,선행매집,073240,skip,below_anchor,adb2c6178806
14921452,2026-09-28 14:45:38,actions-trading,선행매집,003280,skip,below_anchor,3c823c41ffdb
14921452,2026-09-28 14:45:38,actions-trading,선행매집,316140,skip,no_setup,df0f2c1d00b1
14921452,2026-09-28 14:45:38,actions-trading,선행매집,015760,skip,below_anchor,3ff2bee9aa3b
14921452,2026-09-28 14:45:38,actions-trading,선행매집,011200,skip,sold_or_cooldown,747d7a6fe5b4
14921452,2026-09-28 14:45:38,actions-trading,선행매집,006360,skip,below_anchor,32c5ad5b0d22
14921452,2026-09-28 14:45:38,actions-trading,선행매집,004710,skip,below_anchor,bca0e7cca441
14921452,2026-09-28 14:45:38,actions-trading,선행매집,096770,skip,held_awaiting_breakout,797b26c6f278
14921452,2026-09-28 14:45:38,actions-trading,선행매집,035420,skip,below_anchor,514f79d4158b
14921452,2026-09-28 14:45:38,actions-trading,선행매집,032640,skip,below_anchor,cb589ee9a28e
14921452,2026-09-28 14:45:38,actions-trading,선행매집,003490,skip,sold_or_cooldown,f4e2d731720b
14921452,2026-09-28 14:45:38,actions-trading,선행매집,000720,skip,below_anchor,91fff19f5910
14921452,2026-09-28 14:45:38,actions-trading,선행매집,047050,skip,below_anchor,e39dbd2c9dd0
14921452,2026-09-28 14:45:38,actions-trading,선행매집,004020,skip,below_anchor,65a32606fd47
14921452,2026-09-28 14:45:38,actions-trading,선행매집,035720,skip,below_anchor,0373838a6cc4
14921452,2026-09-28 14:45:38,actions-trading,선행매집,008970,skip,amount,e6d3167b8522
14921452,2026-09-28 14:45:38,actions-trading,선행매집,066570,skip,below_anchor,3145d7adc49a
14921452,2026-09-28 14:45:38,actions-trading,선행매집,279570,skip,below_anchor,084e4a81843c
14921452,2026-09-28 14:45:38,actions-trading,선행매집,139130,skip,no_setup,2aca697a714b
14921452,2026-09-28 14:45:38,actions-trading,선행매집,028670,skip,no_setup,2e538ba3903a
14921452,2026-09-28 14:45:38,actions-trading,선행매집,002360,skip,no_setup,4bc24c731a7a
14921452,2026-09-28 14:45:38,actions-trading,선행매집,007810,skip,below_anchor,cb7dc298b2ac
14921452,2026-09-28 14:45:38,actions-trading,선행매집,323410,skip,below_anchor,8786cbe3d62e
14921452,2026-09-28 14:45:38,actions-trading,선행매집,003530,skip,below_anchor,535d12c2a32e
14921452,2026-09-28 14:45:38,actions-trading,Sim9,003580,skip,amount,7544d0a22c79
14921452,2026-09-28 14:45:38,actions-trading,Sim9,044380,skip,amount,907e9e6c37b4
14921452,2026-09-28 14:45:38,actions-trading,Sim9,002360,skip,gap,4bc24c731a7a
14921452,2026-09-28 14:45:38,actions-trading,Sim9,009830,skip,gap,b5f67bbf5703
14921452,2026-09-28 14:45:38,actions-trading,Sim9,003570,skip,gap,74ca1be14703
14921452,2026-09-28 14:45:38,actions-trading,Sim9,014280,skip,gap,9a8c65061c4d
14921452,2026-09-28 14:45:38,actions-trading,Sim9,010060,skip,gap,5e352bb43bb1
14921452,2026-09-28 14:45:38,actions-trading,Sim9,025560,skip,gap,ff62bd22d857
14921452,2026-09-28 14:45:38,actions-trading,Sim9,051630,skip,gap,a46a563b42e6
14921452,2026-09-28 14:45:38,actions-trading,Sim9,020120,skip,gap,67ad01c2f4af
14921452,2026-09-28 14:45:38,actions-trading,Sim9,001527,skip,amount,ae776f4cb8ee
14921452,2026-09-28 14:45:38,actions-trading,Sim9,009835,skip,amount,a62eb861df38
14921452,2026-09-28 14:45:38,actions-trading,Sim9,004710,skip,gap,bca0e7cca441
14921452,2026-09-28 14:45:38,actions-trading,Sim9,011070,skip,gap,a97ec072992b
14921452,2026-09-28 14:45:38,actions-trading,Sim9,004440,skip,amount,89a86e1e381c
14921452,2026-09-28 14:45:38,actions-trading,Sim9,006110,skip,gap,2c484490e10d
14921452,2026-09-28 14:45:38,actions-trading,Sim9,499790,skip,gap,e2066095f112
14921452,2026-09-28 14:45:38,actions-trading,Sim9,047040,skip,gap,07228f18cfdc
14921452,2026-09-28 14:45:38,actions-trading,Sim9,071950,skip,amount,3a5a61056d6c
14921452,2026-09-28 14:45:38,actions-trading,Sim9,064960,skip,gap,aa93b86c1f1c
14921452,2026-09-28 14:45:38,actions-trading,Sim9,025620,skip,amount,d4f9ba3ee842
14921452,2026-09-28 14:45:38,actions-trading,Sim9,005070,skip,gap,66308fa830d2
14921452,2026-09-28 14:45:38,actions-trading,Sim9,020150,skip,gap,75238de3f55c
14921452,2026-09-28 14:45:38,actions-trading,Sim9,361610,skip,gap,ccdba48de34f
14921452,2026-09-28 14:45:38,actions-trading,Sim9,036530,skip,gap,e7a876731fc1
14921452,2026-09-28 14:45:38,actions-trading,Sim9,006120,skip,gap,a1aa3f5dacce
14921452,2026-09-28 14:45:38,actions-trading,Sim9,306200,skip,gap,131a125485e1
14921452,2026-09-28 14:45:38,actions-trading,Sim9,003030,skip,gap,1c07b53a12a5
14921452,2026-09-28 14:45:38,actions-trading,Sim9,010955,skip,gap,a159084a1337
14921452,2026-09-28 14:45:38,actions-trading,Sim9,138040,skip,gap,354510aa963d
14921452,2026-09-28 14:45:38,actions-trading,미너비니,192820,skip,below_pivot,bca79985dbf8
14921452,2026-09-28 14:45:38,actions-trading,미너비니,443060,skip,below_pivot,4f86559f2000
14921452,2026-09-28 14:45:38,actions-trading,Sim12,003580,skip,pb2_not_crashed,7544d0a22c79
14921452,2026-09-28 14:45:38,actions-trading,Sim12,044380,skip,avoid_deadcat,907e9e6c37b4
14921452,2026-09-28 14:45:38,actions-trading,Sim12,002360,skip,pb2_not_crashed,4bc24c731a7a
14921452,2026-09-28 14:45:38,actions-trading,Sim12,009830,skip,pb2_not_crashed,b5f67bbf5703
14921452,2026-09-28 14:45:38,actions-trading,Sim12,003570,skip,avoid_frgn_sell_20d,74ca1be14703
14921452,2026-09-28 14:45:38,actions-trading,Sim12,014280,skip,pb2_not_crashed,9a8c65061c4d
14921452,2026-09-28 14:45:38,actions-trading,Sim12,010060,skip,pb2_not_crashed,5e352bb43bb1
14921452,2026-09-28 14:45:38,actions-trading,Sim12,025560,skip,avoid_frgn_sell_20d,ff62bd22d857
14921452,2026-09-28 14:45:38,actions-trading,Sim12,051630,skip,pb2_not_crashed,a46a563b42e6
14921452,2026-09-28 14:45:38,actions-trading,Sim12,020120,skip,avoid_amount_dry,67ad01c2f4af
14921452,2026-09-28 14:45:38,actions-trading,Sim12,001527,skip,avoid_deadcat,ae776f4cb8ee
14921452,2026-09-28 14:45:38,actions-trading,Sim12,009835,skip,avoid_frgn_sell_20d,a62eb861df38
14921452,2026-09-28 14:45:38,actions-trading,Sim12,004710,skip,avoid_frgn_sell_20d,bca0e7cca441
14921452,2026-09-28 14:45:38,actions-trading,Sim12,011070,skip,avoid_orgn_sell_high_per,a97ec072992b
14921452,2026-09-28 14:45:38,actions-trading,Sim12,004440,skip,avoid_frgn_sell_20d,89a86e1e381c
14921452,2026-09-28 14:45:38,actions-trading,Sim12,006110,skip,avoid_deadcat,2c484490e10d
14921452,2026-09-28 14:45:38,actions-trading,Sim12,499790,skip,avoid_frgn_sell_20d,e2066095f112
14921452,2026-09-28 14:45:38,actions-trading,Sim12,047040,skip,avoid_frgn_sell_20d,07228f18cfdc
14921452,2026-09-28 14:45:38,actions-trading,Sim12,071950,skip,avoid_deadcat,3a5a61056d6c
14921452,2026-09-28 14:45:38,actions-trading,Sim12,064960,skip,avoid_frgn_sell_20d,aa93b86c1f1c
14921452,2026-09-28 14:45:38,actions-trading,Sim12,025620,skip,pb2_not_crashed,d4f9ba3ee842
14921452,2026-09-28 14:45:38,actions-trading,Sim12,005070,skip,avoid_frgn_sell_20d,66308fa830d2
14921452,2026-09-28 14:45:38,actions-trading,Sim12,020150,skip,avoid_frgn_sell_20d,75238de3f55c
14921452,2026-09-28 14:45:38,actions-trading,Sim12,361610,skip,pb2_not_crashed,ccdba48de34f
14921452,2026-09-28 14:45:38,actions-trading,Sim12,036530,skip,avoid_frgn_sell_20d,e7a876731fc1
14921452,2026-09-28 14:45:38,actions-trading,Sim12,006120,skip,avoid_frgn_sell_20d,a1aa3f5dacce
14921452,2026-09-28 14:45:38,actions-trading,Sim12,306200,skip,pb2_not_crashed,131a125485e1
14921452,2026-09-28 14:45:38,actions-trading,Sim12,003030,skip,pb2_not_crashed,1c07b53a12a5
14921452,2026-09-28 14:45:38,actions-trading,Sim12,010955,skip,avoid_frgn_sell_20d,a159084a1337
14921452,2026-09-28 14:45:38,actions-trading,Sim12,138040,skip,avoid_frgn_sell_20d,354510aa963d
14921452,2026-09-28 14:45:38,actions-trading,Sim12,014990,skip,avoid_amount_dry,27d692fea5f3
14921452,2026-09-28 14:45:38,actions-trading,Sim12,109070,skip,pb2_not_crashed,43105ce52880
14921452,2026-09-28 14:45:38,actions-trading,Sim12,402340,skip,pb2_not_crashed,e7745f512d4d
14921452,2026-09-28 14:45:38,actions-trading,Sim12,009420,skip,pb2_not_crashed,7abde9cc62c2
14921452,2026-09-28 14:45:38,actions-trading,Sim12,002820,skip,pb2_not_crashed,93fb377870bb
14921452,2026-09-28 14:45:38,actions-trading,Sim12,002787,skip,avoid_amount_dry,937caeb0a5fa
14921452,2026-09-28 14:45:38,actions-trading,Sim12,069960,skip,avoid_frgn_sell_20d,5b5a00f3fb58
14921452,2026-09-28 14:45:38,actions-trading,Sim12,000150,skip,avoid_frgn_sell_20d,225a10f194a0
14921452,2026-09-28 14:45:38,actions-trading,Sim12,009190,skip,pb2_no_inst_buying,9e25d650bf68
14921452,2026-09-28 14:45:38,actions-trading,Sim12,02826K,skip,pb2_not_crashed,5ddeaffed7be
14921452,2026-09-28 14:45:38,actions-trading,Sim12,004545,skip,pb2_not_crashed,fdcd55706703
14921452,2026-09-28 14:45:38,actions-trading,Sim12,028260,skip,pb2_not_crashed,5090457782c9
14921452,2026-09-28 14:45:38,actions-trading,Sim12,000500,skip,avoid_amount_dry,6b3b481151e5
14921452,2026-09-28 14:45:38,actions-trading,Sim12,005935,skip,avoid_frgn_sell_20d,10a3b63523f4
14921452,2026-09-28 14:45:38,actions-trading,Sim12,034730,skip,pb2_not_crashed,163318bd0aeb
14921452,2026-09-28 14:45:38,actions-trading,Sim12,011090,skip,avoid_amount_dry,3b45caf2091b
14921452,2026-09-28 14:45:38,actions-trading,Sim12,007660,skip,pb2_not_crashed,92e94a31eebd
14921452,2026-09-28 14:45:38,actions-trading,Sim12,192650,skip,avoid_frgn_sell_20d,70f6cdfbac72
14921452,2026-09-28 14:45:38,actions-trading,Sim12,005930,skip,pb2_not_crashed,979d1e70b5e4
14921452,2026-09-28 14:45:38,actions-trading,Sim12,03473K,skip,avoid_frgn_sell_20d,3b0f2d1b6b38
14921452,2026-09-28 14:45:38,actions-trading,Sim12,000660,skip,avoid_frgn_sell_20d,02654142580b
14921452,2026-09-28 14:45:38,actions-trading,Sim12,002070,skip,avoid_amount_dry,2f1fe3309bb9
14921452,2026-09-28 14:45:38,actions-trading,Sim12,298040,skip,pb2_not_crashed,fb6a27929cfe
14921452,2026-09-28 14:45:38,actions-trading,Sim12,101140,skip,avoid_amount_dry,0644766bbce3
14921452,2026-09-28 14:45:38,actions-trading,Sim12,128940,skip,avoid_amount_dry,be6abd0dc694
14921452,2026-09-28 14:45:38,actions-trading,Sim12,002030,skip,avoid_frgn_sell_20d,7d55941ec018
14921452,2026-09-28 14:45:38,actions-trading,Sim12,011390,skip,avoid_amount_dry,954a18fade90
14921452,2026-09-28 14:45:38,actions-trading,Sim12,004800,skip,pb2_not_crashed,1c99bd27616e
14921452,2026-09-28 14:45:38,actions-trading,Sim12,003060,skip,avoid_amount_dry,f6e6da7ec948
14921452,2026-09-28 14:45:38,actions-trading,Sim12,044820,skip,avoid_amount_dry,1d5798d97094
14921452,2026-09-28 14:45:39,actions-trading,Sim13,003580,skip,theme_momentum_weak,7544d0a22c79
14921452,2026-09-28 14:45:39,actions-trading,Sim13,044380,skip,theme_momentum_weak,907e9e6c37b4
14921452,2026-09-28 14:45:39,actions-trading,Sim13,002360,skip,held_or_cooldown,4bc24c731a7a
14921452,2026-09-28 14:45:39,actions-trading,Sim13,009830,skip,theme_momentum_weak,b5f67bbf5703
14921452,2026-09-28 14:45:39,actions-trading,Sim13,003570,skip,theme_momentum_weak,74ca1be14703
14921452,2026-09-28 14:45:39,actions-trading,Sim13,014280,skip,theme_momentum_weak,9a8c65061c4d
14921452,2026-09-28 14:45:39,actions-trading,Sim13,010060,skip,theme_momentum_weak,5e352bb43bb1
14921452,2026-09-28 14:45:39,actions-trading,Sim13,025560,skip,theme_momentum_weak,ff62bd22d857
14921452,2026-09-28 14:45:39,actions-trading,Sim13,051630,skip,adx_weak,a46a563b42e6
14921452,2026-09-28 14:45:39,actions-trading,Sim13,020120,skip,adx_weak,67ad01c2f4af
14921452,2026-09-28 14:45:39,actions-trading,Sim13,001527,skip,theme_momentum_weak,ae776f4cb8ee
14921452,2026-09-28 14:45:39,actions-trading,Sim13,009835,skip,theme_momentum_weak,a62eb861df38
14921452,2026-09-28 14:45:39,actions-trading,Sim13,004710,skip,no_frgn_support,bca0e7cca441
14921452,2026-09-28 14:45:39,actions-trading,Sim13,011070,skip,theme_momentum_weak,a97ec072992b
14921452,2026-09-28 14:45:39,actions-trading,Sim13,004440,skip,theme_momentum_weak,89a86e1e381c
14921452,2026-09-28 14:45:39,actions-trading,Sim13,006110,skip,theme_momentum_weak,2c484490e10d
14921452,2026-09-28 14:45:39,actions-trading,Sim13,499790,skip,theme_momentum_weak,e2066095f112
14921452,2026-09-28 14:45:39,actions-trading,Sim13,047040,skip,theme_momentum_weak,07228f18cfdc
14921452,2026-09-28 14:45:39,actions-trading,Sim13,071950,skip,theme_momentum_weak,3a5a61056d6c
14921452,2026-09-28 14:45:39,actions-trading,Sim13,064960,skip,theme_momentum_weak,aa93b86c1f1c
14921452,2026-09-28 14:45:39,actions-trading,Sim13,025620,skip,theme_momentum_weak,d4f9ba3ee842
14921452,2026-09-28 14:45:39,actions-trading,Sim13,005070,skip,theme_momentum_weak,66308fa830d2
14921452,2026-09-28 14:45:39,actions-trading,Sim13,020150,skip,theme_momentum_weak,75238de3f55c
14921452,2026-09-28 14:45:39,actions-trading,Sim13,361610,skip,theme_momentum_weak,ccdba48de34f
14921452,2026-09-28 14:45:39,actions-trading,Sim13,036530,skip,theme_momentum_weak,e7a876731fc1
14921452,2026-09-28 14:45:39,actions-trading,Sim13,006120,skip,no_frgn_support,a1aa3f5dacce
14921452,2026-09-28 14:45:39,actions-trading,Sim13,306200,skip,theme_momentum_weak,131a125485e1
14921452,2026-09-28 14:45:39,actions-trading,Sim13,003030,skip,theme_momentum_weak,1c07b53a12a5
14921452,2026-09-28 14:45:39,actions-trading,Sim13,010955,skip,no_frgn_support,a159084a1337
14921452,2026-09-28 14:45:39,actions-trading,Sim13,138040,skip,theme_momentum_weak,354510aa963d
14921453,2026-09-28 14:46:56,actions-trading,Sim3,402340,skip,qty_zero,657c5d0414a0
14921453,2026-09-28 14:46:56,actions-trading,Sim3,383800,skip,amount,7ba3ccbb5457
14921453,2026-09-28 14:46:56,actions-trading,Sim3,462870,skip,amount,91dfc4674eee
14921453,2026-09-28 14:46:56,actions-trading,Sim3,000660,skip,qty_zero,6256a1c6752f
14921453,2026-09-28 14:46:56,actions-trading,Sim3,071970,skip,amount,e7e42f2eb029
14921453,2026-09-28 14:46:56,actions-trading,Sim3,042700,skip,not_cheap,4a5d1e52de12
14921453,2026-09-28 14:46:56,actions-trading,Sim3,326030,skip,amount,65705e9f4af5
14921453,2026-09-28 14:46:56,actions-trading,Sim3,207940,skip,not_cheap,d00c3cf6838e
14921453,2026-09-28 14:46:56,actions-trading,Sim3,033920,skip,amount,f034cd9ad4b2
14921453,2026-09-28 14:46:56,actions-trading,Sim3,004770,skip,amount,d50865fa2bce
14921453,2026-09-28 14:46:56,actions-trading,Sim3,0126Z0,skip,not_cheap,b7e9f1358900
14921453,2026-09-28 14:46:56,actions-trading,Sim3,062040,skip,not_cheap,d3c03ae5c405
14921453,2026-09-28 14:46:56,actions-trading,Sim3,317450,skip,amount,a739bbc26fd1
14921453,2026-09-28 14:46:56,actions-trading,Sim3,026960,skip,amount,a80c4fc8f0e0
14921453,2026-09-28 14:46:56,actions-trading,Sim3,021820,skip,amount,84bda024d9cb
14921453,2026-09-28 14:46:56,actions-trading,Sim3,192080,skip,amount,e9593c067573
14921453,2026-09-28 14:46:56,actions-trading,Sim3,068270,skip,cooldown,743714491bae
14921453,2026-09-28 14:46:56,actions-trading,Sim3,123890,skip,amount,a4c399ad741f
14921453,2026-09-28 14:46:56,actions-trading,Sim3,000240,skip,amount,55bb37eab840
14921453,2026-09-28 14:46:56,actions-trading,Sim3,002380,skip,cooldown,c5dc53ceafb3
14921453,2026-09-28 14:46:56,actions-trading,Sim3,009770,skip,amount,4ae1f694d7a7
14921453,2026-09-28 14:46:56,actions-trading,Sim3,259960,skip,cooldown,870ece207d66
14921453,2026-09-28 14:46:56,actions-trading,Sim3,035250,skip,amount,a35ac6b4595f
14921453,2026-09-28 14:46:56,actions-trading,Sim3,383220,skip,amount,7cd51246a3bb
14921453,2026-09-28 14:46:56,actions-trading,Sim3,226320,skip,amount,164985dd607b
14921453,2026-09-28 14:46:56,actions-trading,Sim3,439260,skip,amount,155f311b456a
14921453,2026-09-28 14:46:56,actions-trading,Sim3,025560,skip,cooldown,d09bfabcf75f
14921453,2026-09-28 14:46:56,actions-trading,Sim3,007700,skip,amount,2dbb8c725fd8
14921453,2026-09-28 14:46:56,actions-trading,Sim3,278470,skip,not_cheap,632fc80bdf4d
14921453,2026-09-28 14:46:56,actions-trading,Sim3,000990,skip,not_cheap,f56502422381
14921453,2026-09-28 14:47:30,actions-trading,MFHS2,047040,skip,max_holdings,df317192df67
14921453,2026-09-28 14:47:30,actions-trading,MFHS2,005880,seen,,da0023f9e500
14921453,2026-09-28 14:47:30,actions-trading,MFHS2,024110,seen,,7fcf5be10c38
14921453,2026-09-28 14:47:30,actions-trading,MFHS2,009830,seen,,cd96b788c1bc
14921453,2026-09-28 14:47:30,actions-trading,MFHS2,018880,seen,,56cb0435a5ef
14921453,2026-09-28 14:47:30,actions-trading,MFHS2,316140,seen,,f51caa615d9a
14921453,2026-09-28 14:47:30,actions-trading,MFHS2,088350,seen,,ce6ec4ea524f
14921453,2026-09-28 14:47:30,actions-trading,MFHS2,003280,seen,,f079a90938f8
14921453,2026-09-28 14:47:30,actions-trading,MFHS2,006360,seen,,f36bae9bb145
14921453,2026-09-28 14:47:30,actions-trading,MFHS2,073240,seen,,39c10c1c3d63
14921453,2026-09-28 14:47:30,actions-trading,MFHS2,011200,seen,,bfbfcb0991e3
14921453,2026-09-28 14:47:30,actions-trading,MFHS2,004020,seen,,451d99f9f375
14921453,2026-09-28 14:47:30,actions-trading,MFHS2,015760,seen,,c12018c3fe69
14921453,2026-09-28 14:47:30,actions-trading,MFHS2,032640,seen,,16b8455af809
14921453,2026-09-28 14:47:30,actions-trading,MFHS2,003490,seen,,8b230b5055d3
14921453,2026-09-28 14:47:30,actions-trading,MFHS2,279570,seen,,7ee732074ed2
14921453,2026-09-28 14:47:30,actions-trading,MFHS2,096770,seen,,dc3a7f54a8b2
14921453,2026-09-28 14:47:30,actions-trading,MFHS2,047050,seen,,b84607b2248f
14921453,2026-09-28 14:47:30,actions-trading,MFHS2,323410,seen,,da06c4aa894c
14921453,2026-09-28 14:47:30,actions-trading,MFHS2,035420,seen,,2b58fc170397
14921453,2026-09-28 14:47:30,actions-trading,MFHS2,004710,seen,,be33b7278a47
14921453,2026-09-28 14:47:30,actions-trading,MFHS2,008970,seen,,7932ed6b04ea
14921453,2026-09-28 14:47:30,actions-trading,MFHS2,139130,seen,,ab9b151d0e80
14921453,2026-09-28 14:47:30,actions-trading,MFHS2,007810,seen,,f9a923764f08
14921453,2026-09-28 14:47:30,actions-trading,MFHS2,035720,seen,,c9073d783ba5
14921453,2026-09-28 14:47:30,actions-trading,MFHS2,003530,seen,,1deca43288c6
14921453,2026-09-28 14:47:30,actions-trading,MFHS2,000720,seen,,3af3d7188267
14921453,2026-09-28 14:47:30,actions-trading,MFHS2,051630,seen,,f74f62159beb
14921453,2026-09-28 14:47:30,actions-trading,MFHS2,002360,seen,,162abd7db670
14921453,2026-09-28 14:47:30,actions-trading,MFHS2,028670,seen,,6ef0c75abf85
14921453,2026-09-28 14:47:33,actions-trading,상승모멘텀,003580,skip,max_holdings,7544d0a22c79
14921453,2026-09-28 14:47:33,actions-trading,상승모멘텀,044380,seen,,ceb6fe8da35d
14921453,2026-09-28 14:47:33,actions-trading,상승모멘텀,003570,seen,,b84ad6c38923
14921453,2026-09-28 14:47:33,actions-trading,상승모멘텀,009830,seen,,cd96b788c1bc
14921453,2026-09-28 14:47:33,actions-trading,상승모멘텀,014280,seen,,11a26cae69f6
14921453,2026-09-28 14:47:33,actions-trading,상승모멘텀,002360,seen,,162abd7db670
14921453,2026-09-28 14:47:33,actions-trading,상승모멘텀,010060,seen,,451a3e3f5300
14921453,2026-09-28 14:47:33,actions-trading,상승모멘텀,025560,seen,,8a4b0748c35b
14921453,2026-09-28 14:47:33,actions-trading,상승모멘텀,051630,seen,,f74f62159beb
14921453,2026-09-28 14:47:33,actions-trading,상승모멘텀,020120,seen,,67908edbe77d
14921453,2026-09-28 14:47:33,actions-trading,상승모멘텀,001527,seen,,ae776f4cb8ee
14921453,2026-09-28 14:47:33,actions-trading,상승모멘텀,004440,seen,,787b786b22be
14921453,2026-09-28 14:47:33,actions-trading,상승모멘텀,006110,seen,,67bb10ab576b
14921453,2026-09-28 14:47:33,actions-trading,상승모멘텀,009835,seen,,eacdd978a8b1
14921453,2026-09-28 14:47:33,actions-trading,상승모멘텀,011070,seen,,58505e87c3c6
14921453,2026-09-28 14:47:33,actions-trading,상승모멘텀,499790,seen,,18e736e2cffd
14921453,2026-09-28 14:47:33,actions-trading,상승모멘텀,004710,seen,,be33b7278a47
14921453,2026-09-28 14:47:33,actions-trading,상승모멘텀,071950,seen,,a2d7f7279441
14921453,2026-09-28 14:47:33,actions-trading,상승모멘텀,047040,seen,,df317192df67
14921453,2026-09-28 14:47:33,actions-trading,상승모멘텀,064960,seen,,83834a8ec664
14921453,2026-09-28 14:47:33,actions-trading,상승모멘텀,025620,seen,,d4f9ba3ee842
14921453,2026-09-28 14:47:33,actions-trading,상승모멘텀,005070,seen,,85920486e95c
14921453,2026-09-28 14:47:33,actions-trading,상승모멘텀,361610,seen,,630cb6b006e5
14921453,2026-09-28 14:47:33,actions-trading,상승모멘텀,020150,seen,,6f541e530bd8
14921453,2026-09-28 14:47:33,actions-trading,상승모멘텀,077500,seen,,ff676e738613
14921453,2026-09-28 14:47:33,actions-trading,상승모멘텀,003030,seen,,ba4255aa78d0
14921453,2026-09-28 14:47:33,actions-trading,상승모멘텀,036530,seen,,aeb5899ce38f
14921453,2026-09-28 14:47:33,actions-trading,상승모멘텀,096770,seen,,dc3a7f54a8b2
14921453,2026-09-28 14:47:33,actions-trading,상승모멘텀,138040,seen,,de15ddb3a954
14921453,2026-09-28 14:47:33,actions-trading,상승모멘텀,306200,seen,,7a71b5d822a4
14921453,2026-09-28 14:47:33,actions-trading,Sim4-1,003580,skip,amount,7544d0a22c79
14921453,2026-09-28 14:47:33,actions-trading,Sim4-1,044380,skip,amount,ceb6fe8da35d
14921453,2026-09-28 14:47:33,actions-trading,Sim4-1,003570,skip,adx_high,b84ad6c38923
14921453,2026-09-28 14:47:33,actions-trading,Sim4-1,009830,skip,period,cd96b788c1bc
14921453,2026-09-28 14:47:33,actions-trading,Sim4-1,014280,skip,adx_low,11a26cae69f6
14921453,2026-09-28 14:47:33,actions-trading,Sim4-1,002360,skip,held_or_cooldown,162abd7db670
14921453,2026-09-28 14:47:33,actions-trading,Sim4-1,010060,skip,adx_low,451a3e3f5300
14921453,2026-09-28 14:47:33,actions-trading,Sim4-1,025560,skip,adx_high,8a4b0748c35b
14921453,2026-09-28 14:47:33,actions-trading,Sim4-1,051630,skip,amount,f74f62159beb
14921453,2026-09-28 14:47:33,actions-trading,Sim4-1,020120,skip,amount,67908edbe77d
14921453,2026-09-28 14:47:33,actions-trading,Sim4-1,001527,skip,amount,ae776f4cb8ee
14921453,2026-09-28 14:47:33,actions-trading,Sim4-1,004440,skip,amount,787b786b22be
14921453,2026-09-28 14:47:33,actions-trading,Sim4-1,006110,skip,adx_high,67bb10ab576b
14921453,2026-09-28 14:47:33,actions-trading,Sim4-1,009835,skip,amount,eacdd978a8b1
14921453,2026-09-28 14:47:33,actions-trading,Sim4-1,011070,skip,period,58505e87c3c6
14921453,2026-09-28 14:47:33,actions-trading,Sim4-1,499790,skip,amount,18e736e2cffd
14921453,2026-09-28 14:47:33,actions-trading,Sim4-1,004710,skip,held_or_cooldown,be33b7278a47
14921453,2026-09-28 14:47:33,actions-trading,Sim4-1,071950,skip,amount,a2d7f7279441
14921453,2026-09-28 14:47:33,actions-trading,Sim4-1,047040,skip,period,df317192df67
14921453,2026-09-28 14:47:33,actions-trading,Sim4-1,064960,skip,adx_high,83834a8ec664
14921453,2026-09-28 14:47:33,actions-trading,Sim4-1,025620,skip,amount,d4f9ba3ee842
14921453,2026-09-28 14:47:33,actions-trading,Sim4-1,005070,skip,adx_low,85920486e95c
14921453,2026-09-28 14:47:33,actions-trading,Sim4-1,361610,skip,adx_high,630cb6b006e5
14921453,2026-09-28 14:47:33,actions-trading,Sim4-1,020150,skip,adx_low,6f541e530bd8
14921453,2026-09-28 14:47:33,actions-trading,Sim4-1,077500,skip,adx_high,ff676e738613
14921453,2026-09-28 14:47:33,actions-trading,Sim4-1,003030,skip,amount,ba4255aa78d0
14921453,2026-09-28 14:47:33,actions-trading,Sim4-1,036530,skip,amount,aeb5899ce38f
14921453,2026-09-28 14:47:33,actions-trading,Sim4-1,096770,skip,adx_high,dc3a7f54a8b2
14921453,2026-09-28 14:47:33,actions-trading,Sim4-1,138040,skip,adx_low,de15ddb3a954
14921453,2026-09-28 14:47:33,actions-trading,Sim4-1,306200,skip,amount,7a71b5d822a4
14921453,2026-09-28 14:47:34,actions-trading,선행매집,047040,skip,below_anchor,df317192df67
14921453,2026-09-28 14:47:34,actions-trading,선행매집,009830,skip,below_anchor,cd96b788c1bc
14921453,2026-09-28 14:47:34,actions-trading,선행매집,005880,skip,below_anchor,da0023f9e500
14921453,2026-09-28 14:47:34,actions-trading,선행매집,018880,skip,below_anchor,56cb0435a5ef
14921453,2026-09-28 14:47:34,actions-trading,선행매집,024110,skip,below_anchor,7fcf5be10c38
14921453,2026-09-28 14:47:34,actions-trading,선행매집,088350,skip,below_anchor,ce6ec4ea524f
14921453,2026-09-28 14:47:34,actions-trading,선행매집,073240,skip,below_anchor,39c10c1c3d63
14921453,2026-09-28 14:47:34,actions-trading,선행매집,003280,skip,below_anchor,f079a90938f8
14921453,2026-09-28 14:47:34,actions-trading,선행매집,316140,skip,no_setup,f51caa615d9a
14921453,2026-09-28 14:47:34,actions-trading,선행매집,015760,skip,below_anchor,c12018c3fe69
14921453,2026-09-28 14:47:34,actions-trading,선행매집,011200,skip,sold_or_cooldown,bfbfcb0991e3
14921453,2026-09-28 14:47:34,actions-trading,선행매집,006360,skip,below_anchor,f36bae9bb145
14921453,2026-09-28 14:47:34,actions-trading,선행매집,004710,skip,below_anchor,be33b7278a47
14921453,2026-09-28 14:47:34,actions-trading,선행매집,096770,skip,held_awaiting_breakout,dc3a7f54a8b2
14921453,2026-09-28 14:47:34,actions-trading,선행매집,035420,skip,below_anchor,2b58fc170397
14921453,2026-09-28 14:47:34,actions-trading,선행매집,032640,skip,below_anchor,16b8455af809
14921453,2026-09-28 14:47:34,actions-trading,선행매집,003490,skip,sold_or_cooldown,8b230b5055d3
14921453,2026-09-28 14:47:34,actions-trading,선행매집,000720,skip,below_anchor,3af3d7188267
14921453,2026-09-28 14:47:34,actions-trading,선행매집,047050,skip,below_anchor,b84607b2248f
14921453,2026-09-28 14:47:34,actions-trading,선행매집,004020,skip,below_anchor,451d99f9f375
14921453,2026-09-28 14:47:34,actions-trading,선행매집,035720,skip,below_anchor,c9073d783ba5
14921453,2026-09-28 14:47:34,actions-trading,선행매집,008970,skip,amount,7932ed6b04ea
14921453,2026-09-28 14:47:34,actions-trading,선행매집,066570,skip,below_anchor,2957a61aa5c6
14921453,2026-09-28 14:47:34,actions-trading,선행매집,279570,skip,below_anchor,7ee732074ed2
14921453,2026-09-28 14:47:34,actions-trading,선행매집,139130,skip,no_setup,ab9b151d0e80
14921453,2026-09-28 14:47:34,actions-trading,선행매집,028670,skip,no_setup,6ef0c75abf85
14921453,2026-09-28 14:47:34,actions-trading,선행매집,002360,skip,no_setup,162abd7db670
14921453,2026-09-28 14:47:34,actions-trading,선행매집,007810,skip,below_anchor,f9a923764f08
14921453,2026-09-28 14:47:34,actions-trading,선행매집,323410,skip,below_anchor,da06c4aa894c
14921453,2026-09-28 14:47:34,actions-trading,선행매집,003530,skip,below_anchor,1deca43288c6
14921453,2026-09-28 14:47:34,actions-trading,Sim9,003580,skip,amount,7544d0a22c79
14921453,2026-09-28 14:47:34,actions-trading,Sim9,044380,skip,amount,ceb6fe8da35d
14921453,2026-09-28 14:47:34,actions-trading,Sim9,003570,skip,gap,b84ad6c38923
14921453,2026-09-28 14:47:34,actions-trading,Sim9,009830,skip,gap,cd96b788c1bc
14921453,2026-09-28 14:47:34,actions-trading,Sim9,014280,skip,gap,11a26cae69f6
14921453,2026-09-28 14:47:34,actions-trading,Sim9,002360,skip,gap,162abd7db670
14921453,2026-09-28 14:47:34,actions-trading,Sim9,010060,skip,gap,451a3e3f5300
14921453,2026-09-28 14:47:34,actions-trading,Sim9,025560,skip,gap,8a4b0748c35b
14921453,2026-09-28 14:47:34,actions-trading,Sim9,051630,skip,gap,f74f62159beb
14921453,2026-09-28 14:47:34,actions-trading,Sim9,020120,skip,gap,67908edbe77d
14921453,2026-09-28 14:47:34,actions-trading,Sim9,001527,skip,amount,ae776f4cb8ee
14921453,2026-09-28 14:47:34,actions-trading,Sim9,004440,skip,amount,787b786b22be
14921453,2026-09-28 14:47:34,actions-trading,Sim9,006110,skip,gap,67bb10ab576b
14921453,2026-09-28 14:47:34,actions-trading,Sim9,009835,skip,amount,eacdd978a8b1
14921453,2026-09-28 14:47:34,actions-trading,Sim9,011070,skip,gap,58505e87c3c6
14921453,2026-09-28 14:47:34,actions-trading,Sim9,499790,skip,gap,18e736e2cffd
14921453,2026-09-28 14:47:34,actions-trading,Sim9,004710,skip,gap,be33b7278a47
14921453,2026-09-28 14:47:34,actions-trading,Sim9,071950,skip,amount,a2d7f7279441
14921453,2026-09-28 14:47:34,actions-trading,Sim9,047040,skip,gap,df317192df67
14921453,2026-09-28 14:47:34,actions-trading,Sim9,064960,skip,gap,83834a8ec664
14921453,2026-09-28 14:47:34,actions-trading,Sim9,025620,skip,amount,d4f9ba3ee842
14921453,2026-09-28 14:47:34,actions-trading,Sim9,005070,skip,gap,85920486e95c
14921453,2026-09-28 14:47:34,actions-trading,Sim9,361610,skip,gap,630cb6b006e5
14921453,2026-09-28 14:47:34,actions-trading,Sim9,020150,skip,gap,6f541e530bd8
14921453,2026-09-28 14:47:34,actions-trading,Sim9,077500,skip,gap,ff676e738613
14921453,2026-09-28 14:47:34,actions-trading,Sim9,003030,skip,gap,ba4255aa78d0
14921453,2026-09-28 14:47:34,actions-trading,Sim9,036530,skip,gap,aeb5899ce38f
14921453,2026-09-28 14:47:34,actions-trading,Sim9,096770,skip,gap,dc3a7f54a8b2
14921453,2026-09-28 14:47:34,actions-trading,Sim9,138040,skip,gap,de15ddb3a954
14921453,2026-09-28 14:47:34,actions-trading,Sim9,306200,skip,gap,7a71b5d822a4
14921453,2026-09-28 14:47:34,actions-trading,미너비니,192820,skip,below_pivot,aa04529ff6f6
14921453,2026-09-28 14:47:34,actions-trading,미너비니,443060,skip,below_pivot,b7e476ae33de
14921453,2026-09-28 14:47:34,actions-trading,Sim12,003580,skip,pb2_not_crashed,7544d0a22c79
14921453,2026-09-28 14:47:34,actions-trading,Sim12,044380,skip,avoid_deadcat,ceb6fe8da35d
14921453,2026-09-28 14:47:34,actions-trading,Sim12,003570,skip,avoid_frgn_sell_20d,b84ad6c38923
14921453,2026-09-28 14:47:34,actions-trading,Sim12,009830,skip,pb2_not_crashed,cd96b788c1bc
14921453,2026-09-28 14:47:34,actions-trading,Sim12,014280,skip,pb2_not_crashed,11a26cae69f6
14921453,2026-09-28 14:47:34,actions-trading,Sim12,002360,skip,pb2_not_crashed,162abd7db670
14921453,2026-09-28 14:47:34,actions-trading,Sim12,010060,skip,pb2_not_crashed,451a3e3f5300
14921453,2026-09-28 14:47:34,actions-trading,Sim12,025560,skip,avoid_frgn_sell_20d,8a4b0748c35b
14921453,2026-09-28 14:47:34,actions-trading,Sim12,051630,skip,pb2_not_crashed,f74f62159beb
14921453,2026-09-28 14:47:34,actions-trading,Sim12,020120,skip,avoid_amount_dry,67908edbe77d
14921453,2026-09-28 14:47:34,actions-trading,Sim12,001527,skip,avoid_deadcat,ae776f4cb8ee
14921453,2026-09-28 14:47:34,actions-trading,Sim12,004440,skip,avoid_frgn_sell_20d,787b786b22be
14921453,2026-09-28 14:47:34,actions-trading,Sim12,006110,skip,avoid_deadcat,67bb10ab576b
14921453,2026-09-28 14:47:34,actions-trading,Sim12,009835,skip,avoid_frgn_sell_20d,eacdd978a8b1
14921453,2026-09-28 14:47:34,actions-trading,Sim12,011070,skip,avoid_orgn_sell_high_per,58505e87c3c6
14921453,2026-09-28 14:47:34,actions-trading,Sim12,499790,skip,avoid_frgn_sell_20d,18e736e2cffd
14921453,2026-09-28 14:47:34,actions-trading,Sim12,004710,skip,avoid_frgn_sell_20d,be33b7278a47
14921453,2026-09-28 14:47:34,actions-trading,Sim12,071950,skip,avoid_deadcat,a2d7f7279441
14921453,2026-09-28 14:47:34,actions-trading,Sim12,047040,skip,avoid_frgn_sell_20d,df317192df67
14921453,2026-09-28 14:47:34,actions-trading,Sim12,064960,skip,avoid_frgn_sell_20d,83834a8ec664
14921453,2026-09-28 14:47:34,actions-trading,Sim12,025620,skip,pb2_not_crashed,d4f9ba3ee842
14921453,2026-09-28 14:47:34,actions-trading,Sim12,005070,skip,avoid_frgn_sell_20d,85920486e95c
14921453,2026-09-28 14:47:34,actions-trading,Sim12,361610,skip,pb2_not_crashed,630cb6b006e5
14921453,2026-09-28 14:47:34,actions-trading,Sim12,020150,skip,avoid_frgn_sell_20d,6f541e530bd8
14921453,2026-09-28 14:47:34,actions-trading,Sim12,077500,skip,pb2_not_crashed,ff676e738613
14921453,2026-09-28 14:47:34,actions-trading,Sim12,003030,skip,pb2_not_crashed,ba4255aa78d0
14921453,2026-09-28 14:47:34,actions-trading,Sim12,036530,skip,avoid_frgn_sell_20d,aeb5899ce38f
14921453,2026-09-28 14:47:34,actions-trading,Sim12,096770,skip,pb2_not_crashed,dc3a7f54a8b2
14921453,2026-09-28 14:47:34,actions-trading,Sim12,138040,skip,avoid_frgn_sell_20d,de15ddb3a954
14921453,2026-09-28 14:47:34,actions-trading,Sim12,306200,skip,pb2_not_crashed,7a71b5d822a4
14921453,2026-09-28 14:47:34,actions-trading,Sim12,014990,skip,avoid_amount_dry,e1ebd7b1d989
14921453,2026-09-28 14:47:34,actions-trading,Sim12,402340,skip,pb2_not_crashed,b4fd4ee07775
14921453,2026-09-28 14:47:34,actions-trading,Sim12,109070,skip,pb2_not_crashed,fcb826f2af56
14921453,2026-09-28 14:47:34,actions-trading,Sim12,002820,skip,pb2_not_crashed,d2167b39ec45
14921453,2026-09-28 14:47:34,actions-trading,Sim12,009420,skip,pb2_not_crashed,58ad18c8e7b4
14921453,2026-09-28 14:47:34,actions-trading,Sim12,002787,skip,avoid_amount_dry,937caeb0a5fa
14921453,2026-09-28 14:47:34,actions-trading,Sim12,069960,skip,avoid_frgn_sell_20d,0bca26f44a51
14921453,2026-09-28 14:47:34,actions-trading,Sim12,009190,skip,pb2_no_inst_buying,84e25f170ada
14921453,2026-09-28 14:47:34,actions-trading,Sim12,02826K,skip,pb2_not_crashed,9ae3a4ded259
14921453,2026-09-28 14:47:34,actions-trading,Sim12,000150,skip,avoid_frgn_sell_20d,70102db9cee0
14921453,2026-09-28 14:47:34,actions-trading,Sim12,004545,skip,pb2_not_crashed,fdcd55706703
14921453,2026-09-28 14:47:34,actions-trading,Sim12,028260,skip,pb2_not_crashed,ee7cd7cc4bf2
14921453,2026-09-28 14:47:34,actions-trading,Sim12,000500,skip,avoid_amount_dry,96d620601a3b
14921453,2026-09-28 14:47:34,actions-trading,Sim12,005935,skip,avoid_frgn_sell_20d,a26d196cb16d
14921453,2026-09-28 14:47:34,actions-trading,Sim12,034730,skip,pb2_not_crashed,7c1f84ddfa6f
14921453,2026-09-28 14:47:34,actions-trading,Sim12,192650,skip,avoid_frgn_sell_20d,6a129073dafd
14921453,2026-09-28 14:47:34,actions-trading,Sim12,007660,skip,pb2_not_crashed,39f387e70e0d
14921453,2026-09-28 14:47:34,actions-trading,Sim12,003060,skip,avoid_amount_dry,348af98c480a
14921453,2026-09-28 14:47:34,actions-trading,Sim12,005930,skip,pb2_not_crashed,bdfb1ca4854c
14921453,2026-09-28 14:47:34,actions-trading,Sim12,03473K,skip,avoid_frgn_sell_20d,3b0f2d1b6b38
14921453,2026-09-28 14:47:34,actions-trading,Sim12,011090,skip,avoid_amount_dry,5ee0b29144d3
14921453,2026-09-28 14:47:34,actions-trading,Sim12,002030,skip,avoid_frgn_sell_20d,bc5aabce143e
14921453,2026-09-28 14:47:34,actions-trading,Sim12,000660,skip,avoid_frgn_sell_20d,d91e37df632e
14921453,2026-09-28 14:47:34,actions-trading,Sim12,002070,skip,avoid_amount_dry,2f1fe3309bb9
14921453,2026-09-28 14:47:34,actions-trading,Sim12,298040,skip,pb2_not_crashed,7e847b7216c2
14921453,2026-09-28 14:47:34,actions-trading,Sim12,101140,skip,avoid_amount_dry,0644766bbce3
14921453,2026-09-28 14:47:34,actions-trading,Sim12,128940,skip,avoid_amount_dry,776ab2758107
14921453,2026-09-28 14:47:34,actions-trading,Sim12,011390,skip,avoid_amount_dry,954a18fade90
14921453,2026-09-28 14:47:34,actions-trading,Sim12,044820,skip,avoid_amount_dry,a5d77630c714
14921453,2026-09-28 14:47:34,actions-trading,Sim12,000157,skip,avoid_frgn_hold_drop,cb62b7bde6b4
14921453,2026-09-28 14:47:34,actions-trading,Sim13,003580,skip,theme_momentum_weak,7544d0a22c79
14921453,2026-09-28 14:47:34,actions-trading,Sim13,044380,skip,theme_momentum_weak,ceb6fe8da35d
14921453,2026-09-28 14:47:34,actions-trading,Sim13,003570,skip,theme_momentum_weak,b84ad6c38923
14921453,2026-09-28 14:47:34,actions-trading,Sim13,009830,skip,theme_momentum_weak,cd96b788c1bc
14921453,2026-09-28 14:47:34,actions-trading,Sim13,014280,skip,theme_momentum_weak,11a26cae69f6
14921453,2026-09-28 14:47:34,actions-trading,Sim13,002360,skip,held_or_cooldown,162abd7db670
14921453,2026-09-28 14:47:34,actions-trading,Sim13,010060,skip,theme_momentum_weak,451a3e3f5300
14921453,2026-09-28 14:47:34,actions-trading,Sim13,025560,skip,theme_momentum_weak,8a4b0748c35b
14921453,2026-09-28 14:47:34,actions-trading,Sim13,051630,skip,adx_weak,f74f62159beb
14921453,2026-09-28 14:47:34,actions-trading,Sim13,020120,skip,adx_weak,67908edbe77d
14921453,2026-09-28 14:47:34,actions-trading,Sim13,001527,skip,theme_momentum_weak,ae776f4cb8ee
14921453,2026-09-28 14:47:34,actions-trading,Sim13,004440,skip,theme_momentum_weak,787b786b22be
14921453,2026-09-28 14:47:34,actions-trading,Sim13,006110,skip,theme_momentum_weak,67bb10ab576b
14921453,2026-09-28 14:47:34,actions-trading,Sim13,009835,skip,theme_momentum_weak,eacdd978a8b1
14921453,2026-09-28 14:47:34,actions-trading,Sim13,011070,skip,theme_momentum_weak,58505e87c3c6
14921453,2026-09-28 14:47:34,actions-trading,Sim13,499790,skip,theme_momentum_weak,18e736e2cffd
14921453,2026-09-28 14:47:34,actions-trading,Sim13,004710,skip,no_frgn_support,be33b7278a47
14921453,2026-09-28 14:47:34,actions-trading,Sim13,071950,skip,theme_momentum_weak,a2d7f7279441
14921453,2026-09-28 14:47:34,actions-trading,Sim13,047040,skip,theme_momentum_weak,df317192df67
14921453,2026-09-28 14:47:34,actions-trading,Sim13,064960,skip,theme_momentum_weak,83834a8ec664
14921453,2026-09-28 14:47:34,actions-trading,Sim13,025620,skip,theme_momentum_weak,d4f9ba3ee842
14921453,2026-09-28 14:47:34,actions-trading,Sim13,005070,skip,theme_momentum_weak,85920486e95c
14921453,2026-09-28 14:47:34,actions-trading,Sim13,361610,skip,theme_momentum_weak,630cb6b006e5
14921453,2026-09-28 14:47:34,actions-trading,Sim13,020150,skip,theme_momentum_weak,6f541e530bd8
14921453,2026-09-28 14:47:34,actions-trading,Sim13,077500,skip,held_or_cooldown,ff676e738613
14921453,2026-09-28 14:47:34,actions-trading,Sim13,003030,skip,theme_momentum_weak,ba4255aa78d0
14921453,2026-09-28 14:47:34,actions-trading,Sim13,036530,skip,theme_momentum_weak,aeb5899ce38f
14921453,2026-09-28 14:47:34,actions-trading,Sim13,096770,skip,adx_weak,dc3a7f54a8b2
14921453,2026-09-28 14:47:34,actions-trading,Sim13,138040,skip,theme_momentum_weak,de15ddb3a954
14921453,2026-09-28 14:47:34,actions-trading,Sim13,306200,skip,theme_momentum_weak,7a71b5d822a4
14921454,2026-09-28 14:48:57,actions-trading,Sim3,402340,skip,qty_zero,56121beafba2
14921454,2026-09-28 14:48:57,actions-trading,Sim3,383800,skip,amount,59a6ded79a13
14921454,2026-09-28 14:48:57,actions-trading,Sim3,462870,skip,amount,bebd946073a1
14921454,2026-09-28 14:48:57,actions-trading,Sim3,000660,skip,qty_zero,b2e44e427ef6
14921454,2026-09-28 14:48:57,actions-trading,Sim3,071970,skip,amount,676e11f0ed61
14921454,2026-09-28 14:48:57,actions-trading,Sim3,042700,skip,not_cheap,61ca59a4ec7e
14921454,2026-09-28 14:48:57,actions-trading,Sim3,326030,skip,amount,e6a1ae7179c6
14921454,2026-09-28 14:48:57,actions-trading,Sim3,207940,skip,not_cheap,63e4baad0a17
14921454,2026-09-28 14:48:57,actions-trading,Sim3,033920,skip,amount,4de354c31570
14921454,2026-09-28 14:48:57,actions-trading,Sim3,004770,skip,amount,8a1e846563bd
14921454,2026-09-28 14:48:57,actions-trading,Sim3,0126Z0,skip,not_cheap,40f016078f14
14921454,2026-09-28 14:48:57,actions-trading,Sim3,062040,skip,not_cheap,68ec933d48c6
14921454,2026-09-28 14:48:57,actions-trading,Sim3,317450,skip,amount,5495021280b3
14921454,2026-09-28 14:48:57,actions-trading,Sim3,026960,skip,amount,75591886d4ad
14921454,2026-09-28 14:48:57,actions-trading,Sim3,021820,skip,amount,84bda024d9cb
14921454,2026-09-28 14:48:57,actions-trading,Sim3,192080,skip,amount,3fdea7d01a74
14921454,2026-09-28 14:48:57,actions-trading,Sim3,068270,skip,cooldown,5a8b345cc9d7
14921454,2026-09-28 14:48:57,actions-trading,Sim3,123890,skip,amount,e6e79af7b92e
14921454,2026-09-28 14:48:57,actions-trading,Sim3,000240,skip,amount,00cc7bfcf9ba
14921454,2026-09-28 14:48:57,actions-trading,Sim3,002380,skip,cooldown,00156023b818
14921454,2026-09-28 14:48:57,actions-trading,Sim3,009770,skip,amount,290b5f189c0c
14921454,2026-09-28 14:48:57,actions-trading,Sim3,259960,skip,cooldown,a284d1276c18
14921454,2026-09-28 14:48:57,actions-trading,Sim3,035250,skip,amount,87568b164562
14921454,2026-09-28 14:48:57,actions-trading,Sim3,383220,skip,amount,9d18d6d6c061
14921454,2026-09-28 14:48:57,actions-trading,Sim3,226320,skip,amount,96da683fe700
14921454,2026-09-28 14:48:57,actions-trading,Sim3,439260,skip,amount,8b598625b842
14921454,2026-09-28 14:48:57,actions-trading,Sim3,025560,skip,cooldown,582aaaeb1294
14921454,2026-09-28 14:48:57,actions-trading,Sim3,007700,skip,amount,61cffc45e1de
14921454,2026-09-28 14:48:57,actions-trading,Sim3,278470,skip,not_cheap,6605ca8b6fec
14921454,2026-09-28 14:48:57,actions-trading,Sim3,000990,skip,not_cheap,d51dd4ebfe8f
14921454,2026-09-28 14:49:31,actions-trading,MFHS2,047040,skip,max_holdings,d32e4645e47b
14921454,2026-09-28 14:49:31,actions-trading,MFHS2,005880,seen,,3fae96bc74bb
14921454,2026-09-28 14:49:31,actions-trading,MFHS2,024110,seen,,2fa30a48205f
14921454,2026-09-28 14:49:31,actions-trading,MFHS2,009830,seen,,3ce4859b110a
14921454,2026-09-28 14:49:31,actions-trading,MFHS2,018880,seen,,499e69d064c9
14921454,2026-09-28 14:49:31,actions-trading,MFHS2,316140,seen,,dde28d19fc5f
14921454,2026-09-28 14:49:31,actions-trading,MFHS2,088350,seen,,6105153de3d7
14921454,2026-09-28 14:49:31,actions-trading,MFHS2,003280,seen,,9db260b72518
14921454,2026-09-28 14:49:31,actions-trading,MFHS2,006360,seen,,77286334c5ba
14921454,2026-09-28 14:49:31,actions-trading,MFHS2,073240,seen,,558a43087f24
14921454,2026-09-28 14:49:31,actions-trading,MFHS2,011200,seen,,d844f3aa5951
14921454,2026-09-28 14:49:31,actions-trading,MFHS2,004020,seen,,b360eaf51923
14921454,2026-09-28 14:49:31,actions-trading,MFHS2,015760,seen,,da50a0afc538
14921454,2026-09-28 14:49:31,actions-trading,MFHS2,032640,seen,,741349c8dfb9
14921454,2026-09-28 14:49:31,actions-trading,MFHS2,003490,seen,,e561ee90928c
14921454,2026-09-28 14:49:31,actions-trading,MFHS2,279570,seen,,ca000d982d5c
14921454,2026-09-28 14:49:31,actions-trading,MFHS2,096770,seen,,09ce90be634f
14921454,2026-09-28 14:49:31,actions-trading,MFHS2,047050,seen,,6ee1891a06c9
14921454,2026-09-28 14:49:31,actions-trading,MFHS2,323410,seen,,ecf173f3883d
14921454,2026-09-28 14:49:31,actions-trading,MFHS2,035420,seen,,c0d8d0ae0399
14921454,2026-09-28 14:49:31,actions-trading,MFHS2,004710,seen,,94f1ddf95e4d
14921454,2026-09-28 14:49:31,actions-trading,MFHS2,008970,seen,,a93f2b1df888
14921454,2026-09-28 14:49:31,actions-trading,MFHS2,139130,seen,,5c038d342334
14921454,2026-09-28 14:49:31,actions-trading,MFHS2,007810,seen,,83c3d2eeaaa3
14921454,2026-09-28 14:49:31,actions-trading,MFHS2,035720,seen,,10d2845e347c
14921454,2026-09-28 14:49:31,actions-trading,MFHS2,003530,seen,,bd4cf6c54c90
14921454,2026-09-28 14:49:31,actions-trading,MFHS2,000720,seen,,c9fc97a1a1ec
14921454,2026-09-28 14:49:31,actions-trading,MFHS2,051630,seen,,34c75ad09316
14921454,2026-09-28 14:49:31,actions-trading,MFHS2,002360,seen,,70d0d3c40ceb
14921454,2026-09-28 14:49:31,actions-trading,MFHS2,028670,seen,,982e37658c81
14921454,2026-09-28 14:49:34,actions-trading,상승모멘텀,003580,skip,max_holdings,4557653ea08c
14921454,2026-09-28 14:49:34,actions-trading,상승모멘텀,044380,seen,,c29e2cae2127
14921454,2026-09-28 14:49:34,actions-trading,상승모멘텀,003570,seen,,187cc6ca2d82
14921454,2026-09-28 14:49:34,actions-trading,상승모멘텀,014280,seen,,2f7def640d12
14921454,2026-09-28 14:49:34,actions-trading,상승모멘텀,009830,seen,,3ce4859b110a
14921454,2026-09-28 14:49:34,actions-trading,상승모멘텀,002360,seen,,70d0d3c40ceb
14921454,2026-09-28 14:49:34,actions-trading,상승모멘텀,010060,seen,,a01fde8a2681
14921454,2026-09-28 14:49:34,actions-trading,상승모멘텀,025560,seen,,eccc6ecedaa7
14921454,2026-09-28 14:49:34,actions-trading,상승모멘텀,020120,seen,,a64327e1c615
14921454,2026-09-28 14:49:34,actions-trading,상승모멘텀,051630,seen,,34c75ad09316
14921454,2026-09-28 14:49:34,actions-trading,상승모멘텀,001527,seen,,ae776f4cb8ee
14921454,2026-09-28 14:49:34,actions-trading,상승모멘텀,009835,seen,,66611e079bd5
14921454,2026-09-28 14:49:34,actions-trading,상승모멘텀,004440,seen,,e6355d767ab4
14921454,2026-09-28 14:49:34,actions-trading,상승모멘텀,006110,seen,,d906a8e48e79
14921454,2026-09-28 14:49:34,actions-trading,상승모멘텀,011070,seen,,f8bc61a0813b
14921454,2026-09-28 14:49:34,actions-trading,상승모멘텀,004710,seen,,94f1ddf95e4d
14921454,2026-09-28 14:49:34,actions-trading,상승모멘텀,499790,seen,,053e13eb1d2c
14921454,2026-09-28 14:49:34,actions-trading,상승모멘텀,071950,seen,,23da871cafdf
14921454,2026-09-28 14:49:34,actions-trading,상승모멘텀,064960,seen,,42f81aad5ff6
14921454,2026-09-28 14:49:34,actions-trading,상승모멘텀,047040,seen,,d32e4645e47b
14921454,2026-09-28 14:49:34,actions-trading,상승모멘텀,025620,seen,,d4f9ba3ee842
14921454,2026-09-28 14:49:34,actions-trading,상승모멘텀,361610,seen,,c7cc5f7db581
14921454,2026-09-28 14:49:34,actions-trading,상승모멘텀,005070,seen,,0d85937e6d51
14921454,2026-09-28 14:49:34,actions-trading,상승모멘텀,020150,seen,,c87a9734033f
14921454,2026-09-28 14:49:34,actions-trading,상승모멘텀,077500,seen,,6dce735bd15e
14921454,2026-09-28 14:49:34,actions-trading,상승모멘텀,036530,seen,,cee08624f21c
14921454,2026-09-28 14:49:34,actions-trading,상승모멘텀,007810,seen,,83c3d2eeaaa3
14921454,2026-09-28 14:49:34,actions-trading,상승모멘텀,006120,seen,,4eb5298ac2ea
14921454,2026-09-28 14:49:34,actions-trading,상승모멘텀,306200,seen,,74225c6a8d00
14921454,2026-09-28 14:49:34,actions-trading,상승모멘텀,096770,seen,,09ce90be634f
14921454,2026-09-28 14:49:34,actions-trading,Sim4-1,003580,skip,amount,4557653ea08c
14921454,2026-09-28 14:49:34,actions-trading,Sim4-1,044380,skip,amount,c29e2cae2127
14921454,2026-09-28 14:49:34,actions-trading,Sim4-1,003570,skip,adx_high,187cc6ca2d82
14921454,2026-09-28 14:49:34,actions-trading,Sim4-1,014280,skip,adx_low,2f7def640d12
14921454,2026-09-28 14:49:34,actions-trading,Sim4-1,009830,skip,period,3ce4859b110a
14921454,2026-09-28 14:49:34,actions-trading,Sim4-1,002360,skip,held_or_cooldown,70d0d3c40ceb
14921454,2026-09-28 14:49:34,actions-trading,Sim4-1,010060,skip,adx_low,a01fde8a2681
14921454,2026-09-28 14:49:34,actions-trading,Sim4-1,025560,skip,adx_high,eccc6ecedaa7
14921454,2026-09-28 14:49:34,actions-trading,Sim4-1,020120,skip,amount,a64327e1c615
14921454,2026-09-28 14:49:34,actions-trading,Sim4-1,051630,skip,amount,34c75ad09316
14921454,2026-09-28 14:49:34,actions-trading,Sim4-1,001527,skip,amount,ae776f4cb8ee
14921454,2026-09-28 14:49:34,actions-trading,Sim4-1,009835,skip,amount,66611e079bd5
14921454,2026-09-28 14:49:34,actions-trading,Sim4-1,004440,skip,amount,e6355d767ab4
14921454,2026-09-28 14:49:34,actions-trading,Sim4-1,006110,skip,adx_high,d906a8e48e79
14921454,2026-09-28 14:49:34,actions-trading,Sim4-1,011070,skip,period,f8bc61a0813b
14921454,2026-09-28 14:49:34,actions-trading,Sim4-1,004710,skip,held_or_cooldown,94f1ddf95e4d
14921454,2026-09-28 14:49:34,actions-trading,Sim4-1,499790,skip,amount,053e13eb1d2c
14921454,2026-09-28 14:49:34,actions-trading,Sim4-1,071950,skip,amount,23da871cafdf
14921454,2026-09-28 14:49:34,actions-trading,Sim4-1,064960,skip,adx_high,42f81aad5ff6
14921454,2026-09-28 14:49:34,actions-trading,Sim4-1,047040,skip,period,d32e4645e47b
14921454,2026-09-28 14:49:34,actions-trading,Sim4-1,025620,skip,amount,d4f9ba3ee842
14921454,2026-09-28 14:49:34,actions-trading,Sim4-1,361610,skip,adx_high,c7cc5f7db581
14921454,2026-09-28 14:49:34,actions-trading,Sim4-1,005070,skip,adx_low,0d85937e6d51
14921454,2026-09-28 14:49:34,actions-trading,Sim4-1,020150,skip,adx_low,c87a9734033f
14921454,2026-09-28 14:49:34,actions-trading,Sim4-1,077500,skip,adx_high,6dce735bd15e
14921454,2026-09-28 14:49:34,actions-trading,Sim4-1,036530,skip,amount,cee08624f21c
14921454,2026-09-28 14:49:34,actions-trading,Sim4-1,007810,skip,adx_high,83c3d2eeaaa3
14921454,2026-09-28 14:49:34,actions-trading,Sim4-1,006120,skip,adx_high,4eb5298ac2ea
14921454,2026-09-28 14:49:34,actions-trading,Sim4-1,306200,skip,amount,74225c6a8d00
14921454,2026-09-28 14:49:34,actions-trading,Sim4-1,096770,skip,adx_high,09ce90be634f
14921454,2026-09-28 14:49:35,actions-trading,선행매집,047040,skip,below_anchor,d32e4645e47b
14921454,2026-09-28 14:49:35,actions-trading,선행매집,009830,skip,below_anchor,3ce4859b110a
14921454,2026-09-28 14:49:35,actions-trading,선행매집,005880,skip,below_anchor,3fae96bc74bb
14921454,2026-09-28 14:49:35,actions-trading,선행매집,018880,skip,below_anchor,499e69d064c9
14921454,2026-09-28 14:49:35,actions-trading,선행매집,024110,skip,below_anchor,2fa30a48205f
14921454,2026-09-28 14:49:35,actions-trading,선행매집,088350,skip,below_anchor,6105153de3d7
14921454,2026-09-28 14:49:35,actions-trading,선행매집,073240,skip,below_anchor,558a43087f24
14921454,2026-09-28 14:49:35,actions-trading,선행매집,003280,skip,below_anchor,9db260b72518
14921454,2026-09-28 14:49:35,actions-trading,선행매집,316140,skip,no_setup,dde28d19fc5f
14921454,2026-09-28 14:49:35,actions-trading,선행매집,015760,skip,below_anchor,da50a0afc538
14921454,2026-09-28 14:49:35,actions-trading,선행매집,011200,skip,sold_or_cooldown,d844f3aa5951
14921454,2026-09-28 14:49:35,actions-trading,선행매집,006360,skip,below_anchor,77286334c5ba
14921454,2026-09-28 14:49:35,actions-trading,선행매집,004710,skip,below_anchor,94f1ddf95e4d
14921454,2026-09-28 14:49:35,actions-trading,선행매집,096770,skip,held_awaiting_breakout,09ce90be634f
14921454,2026-09-28 14:49:35,actions-trading,선행매집,035420,skip,below_anchor,c0d8d0ae0399
14921454,2026-09-28 14:49:35,actions-trading,선행매집,032640,skip,below_anchor,741349c8dfb9
14921454,2026-09-28 14:49:35,actions-trading,선행매집,003490,skip,sold_or_cooldown,e561ee90928c
14921454,2026-09-28 14:49:35,actions-trading,선행매집,000720,skip,below_anchor,c9fc97a1a1ec
14921454,2026-09-28 14:49:35,actions-trading,선행매집,047050,skip,below_anchor,6ee1891a06c9
14921454,2026-09-28 14:49:35,actions-trading,선행매집,004020,skip,below_anchor,b360eaf51923
14921454,2026-09-28 14:49:35,actions-trading,선행매집,035720,skip,below_anchor,10d2845e347c
14921454,2026-09-28 14:49:35,actions-trading,선행매집,008970,skip,amount,a93f2b1df888
14921454,2026-09-28 14:49:35,actions-trading,선행매집,066570,skip,below_anchor,06274acd2c5d
14921454,2026-09-28 14:49:35,actions-trading,선행매집,279570,skip,below_anchor,ca000d982d5c
14921454,2026-09-28 14:49:35,actions-trading,선행매집,139130,skip,no_setup,5c038d342334
14921454,2026-09-28 14:49:35,actions-trading,선행매집,028670,skip,no_setup,982e37658c81
14921454,2026-09-28 14:49:35,actions-trading,선행매집,002360,skip,no_setup,70d0d3c40ceb
14921454,2026-09-28 14:49:35,actions-trading,선행매집,007810,skip,below_anchor,83c3d2eeaaa3
14921454,2026-09-28 14:49:35,actions-trading,선행매집,323410,skip,below_anchor,ecf173f3883d
14921454,2026-09-28 14:49:35,actions-trading,선행매집,003530,skip,below_anchor,bd4cf6c54c90
14921454,2026-09-28 14:49:35,actions-trading,Sim9,003580,skip,amount,4557653ea08c
14921454,2026-09-28 14:49:35,actions-trading,Sim9,044380,skip,amount,c29e2cae2127
14921454,2026-09-28 14:49:35,actions-trading,Sim9,003570,skip,gap,187cc6ca2d82
14921454,2026-09-28 14:49:35,actions-trading,Sim9,014280,skip,gap,2f7def640d12
14921454,2026-09-28 14:49:35,actions-trading,Sim9,009830,skip,gap,3ce4859b110a
14921454,2026-09-28 14:49:35,actions-trading,Sim9,002360,skip,gap,70d0d3c40ceb
14921454,2026-09-28 14:49:35,actions-trading,Sim9,010060,skip,gap,a01fde8a2681
14921454,2026-09-28 14:49:35,actions-trading,Sim9,025560,skip,gap,eccc6ecedaa7
14921454,2026-09-28 14:49:35,actions-trading,Sim9,020120,skip,gap,a64327e1c615
14921454,2026-09-28 14:49:35,actions-trading,Sim9,051630,skip,gap,34c75ad09316
14921454,2026-09-28 14:49:35,actions-trading,Sim9,001527,skip,amount,ae776f4cb8ee
14921454,2026-09-28 14:49:35,actions-trading,Sim9,009835,skip,amount,66611e079bd5
14921454,2026-09-28 14:49:35,actions-trading,Sim9,004440,skip,amount,e6355d767ab4
14921454,2026-09-28 14:49:35,actions-trading,Sim9,006110,skip,gap,d906a8e48e79
14921454,2026-09-28 14:49:35,actions-trading,Sim9,011070,skip,gap,f8bc61a0813b
14921454,2026-09-28 14:49:35,actions-trading,Sim9,004710,skip,gap,94f1ddf95e4d
14921454,2026-09-28 14:49:35,actions-trading,Sim9,499790,skip,gap,053e13eb1d2c
14921454,2026-09-28 14:49:35,actions-trading,Sim9,071950,skip,amount,23da871cafdf
14921454,2026-09-28 14:49:35,actions-trading,Sim9,064960,skip,gap,42f81aad5ff6
14921454,2026-09-28 14:49:35,actions-trading,Sim9,047040,skip,gap,d32e4645e47b
14921454,2026-09-28 14:49:35,actions-trading,Sim9,025620,skip,amount,d4f9ba3ee842
14921454,2026-09-28 14:49:35,actions-trading,Sim9,361610,skip,gap,c7cc5f7db581
14921454,2026-09-28 14:49:35,actions-trading,Sim9,005070,skip,gap,0d85937e6d51
14921454,2026-09-28 14:49:35,actions-trading,Sim9,020150,skip,gap,c87a9734033f
14921454,2026-09-28 14:49:35,actions-trading,Sim9,077500,skip,gap,6dce735bd15e
14921454,2026-09-28 14:49:35,actions-trading,Sim9,036530,skip,gap,cee08624f21c
14921454,2026-09-28 14:49:35,actions-trading,Sim9,007810,skip,gap,83c3d2eeaaa3
14921454,2026-09-28 14:49:35,actions-trading,Sim9,006120,skip,gap,4eb5298ac2ea
14921454,2026-09-28 14:49:35,actions-trading,Sim9,306200,skip,gap,74225c6a8d00
14921454,2026-09-28 14:49:35,actions-trading,Sim9,096770,skip,gap,09ce90be634f
14921454,2026-09-28 14:49:35,actions-trading,미너비니,192820,skip,below_pivot,9628ba0336a9
14921454,2026-09-28 14:49:35,actions-trading,미너비니,443060,skip,below_pivot,03c197d1aa74
14921454,2026-09-28 14:49:35,actions-trading,Sim12,003580,skip,pb2_not_crashed,4557653ea08c
14921454,2026-09-28 14:49:35,actions-trading,Sim12,044380,skip,avoid_deadcat,c29e2cae2127
14921454,2026-09-28 14:49:35,actions-trading,Sim12,003570,skip,avoid_frgn_sell_20d,187cc6ca2d82
14921454,2026-09-28 14:49:35,actions-trading,Sim12,014280,skip,pb2_not_crashed,2f7def640d12
14921454,2026-09-28 14:49:35,actions-trading,Sim12,009830,skip,pb2_not_crashed,3ce4859b110a
14921454,2026-09-28 14:49:35,actions-trading,Sim12,002360,skip,pb2_not_crashed,70d0d3c40ceb
14921454,2026-09-28 14:49:35,actions-trading,Sim12,010060,skip,pb2_not_crashed,a01fde8a2681
14921454,2026-09-28 14:49:35,actions-trading,Sim12,025560,skip,avoid_frgn_sell_20d,eccc6ecedaa7
14921454,2026-09-28 14:49:35,actions-trading,Sim12,020120,skip,avoid_amount_dry,a64327e1c615
14921454,2026-09-28 14:49:35,actions-trading,Sim12,051630,skip,pb2_not_crashed,34c75ad09316
14921454,2026-09-28 14:49:35,actions-trading,Sim12,001527,skip,avoid_deadcat,ae776f4cb8ee
14921454,2026-09-28 14:49:35,actions-trading,Sim12,009835,skip,avoid_frgn_sell_20d,66611e079bd5
14921454,2026-09-28 14:49:35,actions-trading,Sim12,004440,skip,avoid_frgn_sell_20d,e6355d767ab4
14921454,2026-09-28 14:49:35,actions-trading,Sim12,006110,skip,avoid_deadcat,d906a8e48e79
14921454,2026-09-28 14:49:35,actions-trading,Sim12,011070,skip,avoid_orgn_sell_high_per,f8bc61a0813b
14921454,2026-09-28 14:49:35,actions-trading,Sim12,004710,skip,avoid_frgn_sell_20d,94f1ddf95e4d
14921454,2026-09-28 14:49:35,actions-trading,Sim12,499790,skip,avoid_frgn_sell_20d,053e13eb1d2c
14921454,2026-09-28 14:49:35,actions-trading,Sim12,071950,skip,avoid_deadcat,23da871cafdf
14921454,2026-09-28 14:49:35,actions-trading,Sim12,064960,skip,avoid_frgn_sell_20d,42f81aad5ff6
14921454,2026-09-28 14:49:35,actions-trading,Sim12,047040,skip,avoid_frgn_sell_20d,d32e4645e47b
14921454,2026-09-28 14:49:35,actions-trading,Sim12,025620,skip,pb2_not_crashed,d4f9ba3ee842
14921454,2026-09-28 14:49:35,actions-trading,Sim12,361610,skip,pb2_not_crashed,c7cc5f7db581
14921454,2026-09-28 14:49:35,actions-trading,Sim12,005070,skip,avoid_frgn_sell_20d,0d85937e6d51
14921454,2026-09-28 14:49:35,actions-trading,Sim12,020150,skip,avoid_frgn_sell_20d,c87a9734033f
14921454,2026-09-28 14:49:35,actions-trading,Sim12,077500,skip,pb2_not_crashed,6dce735bd15e
14921454,2026-09-28 14:49:35,actions-trading,Sim12,036530,skip,avoid_frgn_sell_20d,cee08624f21c
14921454,2026-09-28 14:49:35,actions-trading,Sim12,007810,skip,pb2_not_crashed,83c3d2eeaaa3
14921454,2026-09-28 14:49:35,actions-trading,Sim12,006120,skip,avoid_frgn_sell_20d,4eb5298ac2ea
14921454,2026-09-28 14:49:35,actions-trading,Sim12,306200,skip,pb2_not_crashed,74225c6a8d00
14921454,2026-09-28 14:49:35,actions-trading,Sim12,096770,skip,pb2_not_crashed,09ce90be634f
14921454,2026-09-28 14:49:35,actions-trading,Sim12,014990,skip,avoid_amount_dry,f419c885abdf
14921454,2026-09-28 14:49:35,actions-trading,Sim12,402340,skip,pb2_not_crashed,5916d3efeb39
14921454,2026-09-28 14:49:35,actions-trading,Sim12,109070,skip,pb2_not_crashed,6edf0b432ec9
14921454,2026-09-28 14:49:35,actions-trading,Sim12,002820,skip,pb2_not_crashed,d2167b39ec45
14921454,2026-09-28 14:49:35,actions-trading,Sim12,009420,skip,pb2_not_crashed,44c13b3bb4a9
14921454,2026-09-28 14:49:35,actions-trading,Sim12,002787,skip,avoid_amount_dry,937caeb0a5fa
14921454,2026-09-28 14:49:35,actions-trading,Sim12,000150,skip,avoid_frgn_sell_20d,6628fcbc8173
14921454,2026-09-28 14:49:35,actions-trading,Sim12,069960,skip,avoid_frgn_sell_20d,5854ef386888
14921454,2026-09-28 14:49:35,actions-trading,Sim12,009190,skip,pb2_no_inst_buying,84e25f170ada
14921454,2026-09-28 14:49:35,actions-trading,Sim12,028260,skip,pb2_not_crashed,528d5dea0535
14921454,2026-09-28 14:49:35,actions-trading,Sim12,02826K,skip,pb2_not_crashed,672b449fc18f
14921454,2026-09-28 14:49:35,actions-trading,Sim12,004545,skip,pb2_not_crashed,fdcd55706703
14921454,2026-09-28 14:49:35,actions-trading,Sim12,005935,skip,avoid_frgn_sell_20d,75f879b1cd2e
14921454,2026-09-28 14:49:35,actions-trading,Sim12,034730,skip,pb2_not_crashed,00fbd236c18f
14921454,2026-09-28 14:49:35,actions-trading,Sim12,000500,skip,avoid_amount_dry,816cc196d2d4
14921454,2026-09-28 14:49:35,actions-trading,Sim12,011090,skip,avoid_amount_dry,b967310ea1df
14921454,2026-09-28 14:49:35,actions-trading,Sim12,007660,skip,pb2_not_crashed,1a5104648e6b
14921454,2026-09-28 14:49:35,actions-trading,Sim12,192650,skip,avoid_frgn_sell_20d,748222523451
14921454,2026-09-28 14:49:35,actions-trading,Sim12,005930,skip,pb2_not_crashed,97335f29234c
14921454,2026-09-28 14:49:35,actions-trading,Sim12,003060,skip,avoid_amount_dry,3d9c1c36c89f
14921454,2026-09-28 14:49:35,actions-trading,Sim12,03473K,skip,avoid_frgn_sell_20d,e1cad79b3a04
14921454,2026-09-28 14:49:35,actions-trading,Sim12,000660,skip,avoid_frgn_sell_20d,eb5b847abca1
14921454,2026-09-28 14:49:35,actions-trading,Sim12,002030,skip,avoid_frgn_sell_20d,ce517704d106
14921454,2026-09-28 14:49:35,actions-trading,Sim12,002070,skip,avoid_amount_dry,08ade165b9f3
14921454,2026-09-28 14:49:35,actions-trading,Sim12,298040,skip,pb2_not_crashed,42dfd2e0d538
14921454,2026-09-28 14:49:35,actions-trading,Sim12,101140,skip,avoid_amount_dry,0644766bbce3
14921454,2026-09-28 14:49:35,actions-trading,Sim12,011390,skip,avoid_amount_dry,954a18fade90
14921454,2026-09-28 14:49:35,actions-trading,Sim12,128940,skip,avoid_amount_dry,7fd0cc90478f
14921454,2026-09-28 14:49:35,actions-trading,Sim12,044820,skip,avoid_amount_dry,ae35c82158d6
14921454,2026-09-28 14:49:35,actions-trading,Sim12,010580,skip,avoid_amount_dry,5d7662ce99e9
14921454,2026-09-28 14:49:36,actions-trading,Sim13,003580,skip,theme_momentum_weak,4557653ea08c
14921454,2026-09-28 14:49:36,actions-trading,Sim13,044380,skip,theme_momentum_weak,c29e2cae2127
14921454,2026-09-28 14:49:36,actions-trading,Sim13,003570,skip,theme_momentum_weak,187cc6ca2d82
14921454,2026-09-28 14:49:36,actions-trading,Sim13,014280,skip,theme_momentum_weak,2f7def640d12
14921454,2026-09-28 14:49:36,actions-trading,Sim13,009830,skip,theme_momentum_weak,3ce4859b110a
14921454,2026-09-28 14:49:36,actions-trading,Sim13,002360,skip,held_or_cooldown,70d0d3c40ceb
14921454,2026-09-28 14:49:36,actions-trading,Sim13,010060,skip,theme_momentum_weak,a01fde8a2681
14921454,2026-09-28 14:49:36,actions-trading,Sim13,025560,skip,theme_momentum_weak,eccc6ecedaa7
14921454,2026-09-28 14:49:36,actions-trading,Sim13,020120,skip,adx_weak,a64327e1c615
14921454,2026-09-28 14:49:36,actions-trading,Sim13,051630,skip,adx_weak,34c75ad09316
14921454,2026-09-28 14:49:36,actions-trading,Sim13,001527,skip,theme_momentum_weak,ae776f4cb8ee
14921454,2026-09-28 14:49:36,actions-trading,Sim13,009835,skip,theme_momentum_weak,66611e079bd5
14921454,2026-09-28 14:49:36,actions-trading,Sim13,004440,skip,theme_momentum_weak,e6355d767ab4
14921454,2026-09-28 14:49:36,actions-trading,Sim13,006110,skip,theme_momentum_weak,d906a8e48e79
14921454,2026-09-28 14:49:36,actions-trading,Sim13,011070,skip,theme_momentum_weak,f8bc61a0813b
14921454,2026-09-28 14:49:36,actions-trading,Sim13,004710,skip,no_frgn_support,94f1ddf95e4d
14921454,2026-09-28 14:49:36,actions-trading,Sim13,499790,skip,theme_momentum_weak,053e13eb1d2c
14921454,2026-09-28 14:49:36,actions-trading,Sim13,071950,skip,theme_momentum_weak,23da871cafdf
14921454,2026-09-28 14:49:36,actions-trading,Sim13,064960,skip,theme_momentum_weak,42f81aad5ff6
14921454,2026-09-28 14:49:36,actions-trading,Sim13,047040,skip,theme_momentum_weak,d32e4645e47b
14921454,2026-09-28 14:49:36,actions-trading,Sim13,025620,skip,theme_momentum_weak,d4f9ba3ee842
14921454,2026-09-28 14:49:36,actions-trading,Sim13,361610,skip,theme_momentum_weak,c7cc5f7db581
14921454,2026-09-28 14:49:36,actions-trading,Sim13,005070,skip,theme_momentum_weak,0d85937e6d51
14921454,2026-09-28 14:49:36,actions-trading,Sim13,020150,skip,theme_momentum_weak,c87a9734033f
14921454,2026-09-28 14:49:36,actions-trading,Sim13,077500,skip,held_or_cooldown,6dce735bd15e
14921454,2026-09-28 14:49:36,actions-trading,Sim13,036530,skip,theme_momentum_weak,cee08624f21c
14921454,2026-09-28 14:49:36,actions-trading,Sim13,007810,skip,theme_momentum_weak,83c3d2eeaaa3
14921454,2026-09-28 14:49:36,actions-trading,Sim13,006120,skip,no_frgn_support,4eb5298ac2ea
14921454,2026-09-28 14:49:36,actions-trading,Sim13,306200,skip,theme_momentum_weak,74225c6a8d00
14921454,2026-09-28 14:49:36,actions-trading,Sim13,096770,skip,adx_weak,09ce90be634f
14921455,2026-09-28 14:51:05,actions-trading,Sim3,402340,skip,qty_zero,179ac8ebfa31
14921455,2026-09-28 14:51:05,actions-trading,Sim3,383800,skip,amount,2f6bf0845a63
14921455,2026-09-28 14:51:05,actions-trading,Sim3,462870,skip,amount,5e4679c30b8f
14921455,2026-09-28 14:51:05,actions-trading,Sim3,000660,skip,qty_zero,b06376981f81
14921455,2026-09-28 14:51:05,actions-trading,Sim3,071970,skip,amount,7c6383f42cf9
14921455,2026-09-28 14:51:05,actions-trading,Sim3,042700,skip,not_cheap,0c55c99bac87
14921455,2026-09-28 14:51:05,actions-trading,Sim3,326030,skip,amount,83d76deeca3b
14921455,2026-09-28 14:51:05,actions-trading,Sim3,207940,skip,not_cheap,ddd81b9ec6ce
14921455,2026-09-28 14:51:05,actions-trading,Sim3,033920,skip,amount,c824a870837f
14921455,2026-09-28 14:51:05,actions-trading,Sim3,004770,skip,amount,494b2616e6a3
14921455,2026-09-28 14:51:05,actions-trading,Sim3,0126Z0,skip,not_cheap,20393a266d34
14921455,2026-09-28 14:51:05,actions-trading,Sim3,062040,skip,not_cheap,2589cb660edd
14921455,2026-09-28 14:51:05,actions-trading,Sim3,317450,skip,amount,8b8e0e60b8b0
14921455,2026-09-28 14:51:05,actions-trading,Sim3,026960,skip,amount,21493435c7ca
14921455,2026-09-28 14:51:05,actions-trading,Sim3,021820,skip,amount,84bda024d9cb
14921455,2026-09-28 14:51:05,actions-trading,Sim3,192080,skip,amount,f14227573d83
14921455,2026-09-28 14:51:05,actions-trading,Sim3,068270,skip,cooldown,9031c4dc2ff9
14921455,2026-09-28 14:51:05,actions-trading,Sim3,123890,skip,amount,da72fe432e7a
14921455,2026-09-28 14:51:05,actions-trading,Sim3,000240,skip,amount,e2b6751548f2
14921455,2026-09-28 14:51:05,actions-trading,Sim3,002380,skip,cooldown,0fe876a7d58f
14921455,2026-09-28 14:51:05,actions-trading,Sim3,009770,skip,amount,290b5f189c0c
14921455,2026-09-28 14:51:05,actions-trading,Sim3,259960,skip,cooldown,6e301cb621ab
14921455,2026-09-28 14:51:05,actions-trading,Sim3,035250,skip,amount,a76a9a3441f8
14921455,2026-09-28 14:51:05,actions-trading,Sim3,383220,skip,amount,a11e8bdc9ed8
14921455,2026-09-28 14:51:05,actions-trading,Sim3,226320,skip,amount,f544c9e32059
14921455,2026-09-28 14:51:05,actions-trading,Sim3,439260,skip,amount,1a822f053134
14921455,2026-09-28 14:51:05,actions-trading,Sim3,025560,skip,cooldown,cb326a1eeb8a
14921455,2026-09-28 14:51:05,actions-trading,Sim3,007700,skip,amount,cae8fa4cac15
14921455,2026-09-28 14:51:05,actions-trading,Sim3,278470,skip,not_cheap,3ccb90d79fab
14921455,2026-09-28 14:51:05,actions-trading,Sim3,000990,skip,not_cheap,919d18842714
14921455,2026-09-28 14:51:40,actions-trading,MFHS2,047040,skip,max_holdings,5d36f2288ed9
14921455,2026-09-28 14:51:40,actions-trading,MFHS2,005880,seen,,8560f0ed93bd
14921455,2026-09-28 14:51:40,actions-trading,MFHS2,024110,seen,,171394aefcc4
14921455,2026-09-28 14:51:40,actions-trading,MFHS2,009830,seen,,26273599298a
14921455,2026-09-28 14:51:40,actions-trading,MFHS2,018880,seen,,75183c372383
14921455,2026-09-28 14:51:40,actions-trading,MFHS2,316140,seen,,01eaddb480d9
14921455,2026-09-28 14:51:40,actions-trading,MFHS2,088350,seen,,e6ee6bb71598
14921455,2026-09-28 14:51:40,actions-trading,MFHS2,003280,seen,,ffb84b517539
14921455,2026-09-28 14:51:40,actions-trading,MFHS2,006360,seen,,8e1b4314f1ac
14921455,2026-09-28 14:51:40,actions-trading,MFHS2,073240,seen,,d96780bb956a
14921455,2026-09-28 14:51:40,actions-trading,MFHS2,011200,seen,,1b782f57e6aa
14921455,2026-09-28 14:51:40,actions-trading,MFHS2,004020,seen,,66eb3ad790f7
14921455,2026-09-28 14:51:40,actions-trading,MFHS2,015760,seen,,cc322ce56207
14921455,2026-09-28 14:51:40,actions-trading,MFHS2,032640,seen,,c4e5d6807ac5
14921455,2026-09-28 14:51:40,actions-trading,MFHS2,003490,seen,,0d9e3847a3e3
14921455,2026-09-28 14:51:40,actions-trading,MFHS2,279570,seen,,208b774bd0ca
14921455,2026-09-28 14:51:40,actions-trading,MFHS2,096770,seen,,63223fe71027
14921455,2026-09-28 14:51:40,actions-trading,MFHS2,047050,seen,,99ac04599503
14921455,2026-09-28 14:51:40,actions-trading,MFHS2,323410,seen,,2c3432387e49
14921455,2026-09-28 14:51:40,actions-trading,MFHS2,035420,seen,,3da341e68424
14921455,2026-09-28 14:51:40,actions-trading,MFHS2,004710,seen,,5136d6e726ef
14921455,2026-09-28 14:51:40,actions-trading,MFHS2,008970,seen,,a988f6a475f9
14921455,2026-09-28 14:51:40,actions-trading,MFHS2,139130,seen,,81b494abf532
14921455,2026-09-28 14:51:40,actions-trading,MFHS2,007810,seen,,9c0a06fc7db1
14921455,2026-09-28 14:51:40,actions-trading,MFHS2,035720,seen,,a75474bd8951
14921455,2026-09-28 14:51:40,actions-trading,MFHS2,003530,seen,,377f27b52389
14921455,2026-09-28 14:51:40,actions-trading,MFHS2,000720,seen,,57f3ab6e2680
14921455,2026-09-28 14:51:40,actions-trading,MFHS2,051630,seen,,34c75ad09316
14921455,2026-09-28 14:51:40,actions-trading,MFHS2,002360,seen,,bee1ab5afacd
14921455,2026-09-28 14:51:40,actions-trading,MFHS2,028670,seen,,117ae51c6253
14921455,2026-09-28 14:51:43,actions-trading,상승모멘텀,003580,skip,max_holdings,4557653ea08c
14921455,2026-09-28 14:51:43,actions-trading,상승모멘텀,044380,seen,,36e1c21c2a17
14921455,2026-09-28 14:51:43,actions-trading,상승모멘텀,003570,seen,,518ba7d1f370
14921455,2026-09-28 14:51:43,actions-trading,상승모멘텀,002360,seen,,bee1ab5afacd
14921455,2026-09-28 14:51:43,actions-trading,상승모멘텀,009830,seen,,26273599298a
14921455,2026-09-28 14:51:43,actions-trading,상승모멘텀,014280,seen,,1b80b4937115
14921455,2026-09-28 14:51:43,actions-trading,상승모멘텀,010060,seen,,656ed60d6dfd
14921455,2026-09-28 14:51:43,actions-trading,상승모멘텀,025560,seen,,eb9c16bcdb97
14921455,2026-09-28 14:51:43,actions-trading,상승모멘텀,020120,seen,,c0932672e496
14921455,2026-09-28 14:51:43,actions-trading,상승모멘텀,051630,seen,,34c75ad09316
14921455,2026-09-28 14:51:43,actions-trading,상승모멘텀,001527,seen,,ae776f4cb8ee
14921455,2026-09-28 14:51:43,actions-trading,상승모멘텀,009835,seen,,8bd4c483e7f7
14921455,2026-09-28 14:51:43,actions-trading,상승모멘텀,004440,seen,,23661462dec4
14921455,2026-09-28 14:51:43,actions-trading,상승모멘텀,004710,seen,,5136d6e726ef
14921455,2026-09-28 14:51:43,actions-trading,상승모멘텀,006110,seen,,708c7b32c2b4
14921455,2026-09-28 14:51:43,actions-trading,상승모멘텀,011070,seen,,30735d3c8533
14921455,2026-09-28 14:51:43,actions-trading,상승모멘텀,499790,seen,,57aea77fe257
14921455,2026-09-28 14:51:43,actions-trading,상승모멘텀,071950,seen,,23da871cafdf
14921455,2026-09-28 14:51:43,actions-trading,상승모멘텀,064960,seen,,effdedff7976
14921455,2026-09-28 14:51:43,actions-trading,상승모멘텀,047040,seen,,5d36f2288ed9
14921455,2026-09-28 14:51:43,actions-trading,상승모멘텀,025620,seen,,23b95420c540
14921455,2026-09-28 14:51:43,actions-trading,상승모멘텀,306200,seen,,359c9e115828
14921455,2026-09-28 14:51:43,actions-trading,상승모멘텀,361610,seen,,01283fe7fe4d
14921455,2026-09-28 14:51:43,actions-trading,상승모멘텀,077500,seen,,e7938ab59abf
14921455,2026-09-28 14:51:43,actions-trading,상승모멘텀,036530,seen,,465fa56e29b7
14921455,2026-09-28 14:51:43,actions-trading,상승모멘텀,138040,seen,,21742a45bf3a
14921455,2026-09-28 14:51:43,actions-trading,상승모멘텀,006120,seen,,98dd6b1d4d3a
14921455,2026-09-28 14:51:43,actions-trading,상승모멘텀,020150,seen,,77167b5c4598
14921455,2026-09-28 14:51:43,actions-trading,상승모멘텀,005070,seen,,873c80f3dd8b
14921455,2026-09-28 14:51:43,actions-trading,상승모멘텀,010955,seen,,beedd2b635e8
14921455,2026-09-28 14:51:43,actions-trading,Sim4-1,003580,skip,amount,4557653ea08c
14921455,2026-09-28 14:51:43,actions-trading,Sim4-1,044380,skip,amount,36e1c21c2a17
14921455,2026-09-28 14:51:43,actions-trading,Sim4-1,003570,skip,adx_high,518ba7d1f370
14921455,2026-09-28 14:51:43,actions-trading,Sim4-1,002360,skip,held_or_cooldown,bee1ab5afacd
14921455,2026-09-28 14:51:43,actions-trading,Sim4-1,009830,skip,period,26273599298a
14921455,2026-09-28 14:51:43,actions-trading,Sim4-1,014280,skip,adx_low,1b80b4937115
14921455,2026-09-28 14:51:43,actions-trading,Sim4-1,010060,skip,adx_low,656ed60d6dfd
14921455,2026-09-28 14:51:43,actions-trading,Sim4-1,025560,skip,adx_high,eb9c16bcdb97
14921455,2026-09-28 14:51:43,actions-trading,Sim4-1,020120,skip,amount,c0932672e496
14921455,2026-09-28 14:51:43,actions-trading,Sim4-1,051630,skip,amount,34c75ad09316
14921455,2026-09-28 14:51:43,actions-trading,Sim4-1,001527,skip,amount,ae776f4cb8ee
14921455,2026-09-28 14:51:43,actions-trading,Sim4-1,009835,skip,amount,8bd4c483e7f7
14921455,2026-09-28 14:51:43,actions-trading,Sim4-1,004440,skip,amount,23661462dec4
14921455,2026-09-28 14:51:43,actions-trading,Sim4-1,004710,skip,held_or_cooldown,5136d6e726ef
14921455,2026-09-28 14:51:43,actions-trading,Sim4-1,006110,skip,adx_high,708c7b32c2b4
14921455,2026-09-28 14:51:43,actions-trading,Sim4-1,011070,skip,period,30735d3c8533
14921455,2026-09-28 14:51:43,actions-trading,Sim4-1,499790,skip,amount,57aea77fe257
14921455,2026-09-28 14:51:43,actions-trading,Sim4-1,071950,skip,amount,23da871cafdf
14921455,2026-09-28 14:51:43,actions-trading,Sim4-1,064960,skip,adx_high,effdedff7976
14921455,2026-09-28 14:51:43,actions-trading,Sim4-1,047040,skip,period,5d36f2288ed9
14921455,2026-09-28 14:51:43,actions-trading,Sim4-1,025620,skip,amount,23b95420c540
14921455,2026-09-28 14:51:43,actions-trading,Sim4-1,306200,skip,amount,359c9e115828
14921455,2026-09-28 14:51:43,actions-trading,Sim4-1,361610,skip,adx_high,01283fe7fe4d
14921455,2026-09-28 14:51:43,actions-trading,Sim4-1,077500,skip,adx_high,e7938ab59abf
14921455,2026-09-28 14:51:43,actions-trading,Sim4-1,036530,skip,amount,465fa56e29b7
14921455,2026-09-28 14:51:43,actions-trading,Sim4-1,138040,skip,adx_low,21742a45bf3a
14921455,2026-09-28 14:51:43,actions-trading,Sim4-1,006120,skip,adx_high,98dd6b1d4d3a
14921455,2026-09-28 14:51:43,actions-trading,Sim4-1,020150,skip,adx_low,77167b5c4598
14921455,2026-09-28 14:51:43,actions-trading,Sim4-1,005070,skip,adx_low,873c80f3dd8b
14921455,2026-09-28 14:51:43,actions-trading,Sim4-1,010955,skip,adx_high,beedd2b635e8
14921455,2026-09-28 14:51:44,actions-trading,선행매집,047040,skip,below_anchor,5d36f2288ed9
14921455,2026-09-28 14:51:44,actions-trading,선행매집,009830,skip,below_anchor,26273599298a
14921455,2026-09-28 14:51:44,actions-trading,선행매집,005880,skip,below_anchor,8560f0ed93bd
14921455,2026-09-28 14:51:44,actions-trading,선행매집,018880,skip,below_anchor,75183c372383
14921455,2026-09-28 14:51:44,actions-trading,선행매집,024110,skip,below_anchor,171394aefcc4
14921455,2026-09-28 14:51:44,actions-trading,선행매집,088350,skip,below_anchor,e6ee6bb71598
14921455,2026-09-28 14:51:44,actions-trading,선행매집,073240,skip,below_anchor,d96780bb956a
14921455,2026-09-28 14:51:44,actions-trading,선행매집,003280,skip,below_anchor,ffb84b517539
14921455,2026-09-28 14:51:44,actions-trading,선행매집,316140,skip,no_setup,01eaddb480d9
14921455,2026-09-28 14:51:44,actions-trading,선행매집,015760,skip,below_anchor,cc322ce56207
14921455,2026-09-28 14:51:44,actions-trading,선행매집,011200,skip,sold_or_cooldown,1b782f57e6aa
14921455,2026-09-28 14:51:44,actions-trading,선행매집,006360,skip,below_anchor,8e1b4314f1ac
14921455,2026-09-28 14:51:44,actions-trading,선행매집,004710,skip,below_anchor,5136d6e726ef
14921455,2026-09-28 14:51:44,actions-trading,선행매집,096770,skip,held_awaiting_breakout,63223fe71027
14921455,2026-09-28 14:51:44,actions-trading,선행매집,035420,skip,below_anchor,3da341e68424
14921455,2026-09-28 14:51:44,actions-trading,선행매집,032640,skip,below_anchor,c4e5d6807ac5
14921455,2026-09-28 14:51:44,actions-trading,선행매집,003490,skip,sold_or_cooldown,0d9e3847a3e3
14921455,2026-09-28 14:51:44,actions-trading,선행매집,000720,skip,below_anchor,57f3ab6e2680
14921455,2026-09-28 14:51:44,actions-trading,선행매집,047050,skip,below_anchor,99ac04599503
14921455,2026-09-28 14:51:44,actions-trading,선행매집,004020,skip,below_anchor,66eb3ad790f7
14921455,2026-09-28 14:51:44,actions-trading,선행매집,035720,skip,below_anchor,a75474bd8951
14921455,2026-09-28 14:51:44,actions-trading,선행매집,008970,skip,amount,a988f6a475f9
14921455,2026-09-28 14:51:44,actions-trading,선행매집,066570,skip,below_anchor,b13373e76beb
14921455,2026-09-28 14:51:44,actions-trading,선행매집,279570,skip,below_anchor,208b774bd0ca
14921455,2026-09-28 14:51:44,actions-trading,선행매집,139130,skip,no_setup,81b494abf532
14921455,2026-09-28 14:51:44,actions-trading,선행매집,028670,skip,no_setup,117ae51c6253
14921455,2026-09-28 14:51:44,actions-trading,선행매집,002360,skip,no_setup,bee1ab5afacd
14921455,2026-09-28 14:51:44,actions-trading,선행매집,007810,skip,below_anchor,9c0a06fc7db1
14921455,2026-09-28 14:51:44,actions-trading,선행매집,323410,skip,below_anchor,2c3432387e49
14921455,2026-09-28 14:51:44,actions-trading,선행매집,003530,skip,below_anchor,377f27b52389
14921455,2026-09-28 14:51:44,actions-trading,Sim9,003580,skip,amount,4557653ea08c
14921455,2026-09-28 14:51:44,actions-trading,Sim9,044380,skip,amount,36e1c21c2a17
14921455,2026-09-28 14:51:44,actions-trading,Sim9,003570,skip,gap,518ba7d1f370
14921455,2026-09-28 14:51:44,actions-trading,Sim9,002360,skip,gap,bee1ab5afacd
14921455,2026-09-28 14:51:44,actions-trading,Sim9,009830,skip,gap,26273599298a
14921455,2026-09-28 14:51:44,actions-trading,Sim9,014280,skip,gap,1b80b4937115
14921455,2026-09-28 14:51:44,actions-trading,Sim9,010060,skip,gap,656ed60d6dfd
14921455,2026-09-28 14:51:44,actions-trading,Sim9,025560,skip,gap,eb9c16bcdb97
14921455,2026-09-28 14:51:44,actions-trading,Sim9,020120,skip,gap,c0932672e496
14921455,2026-09-28 14:51:44,actions-trading,Sim9,051630,skip,gap,34c75ad09316
14921455,2026-09-28 14:51:44,actions-trading,Sim9,001527,skip,amount,ae776f4cb8ee
14921455,2026-09-28 14:51:44,actions-trading,Sim9,009835,skip,amount,8bd4c483e7f7
14921455,2026-09-28 14:51:44,actions-trading,Sim9,004440,skip,amount,23661462dec4
14921455,2026-09-28 14:51:44,actions-trading,Sim9,004710,skip,gap,5136d6e726ef
14921455,2026-09-28 14:51:44,actions-trading,Sim9,006110,skip,gap,708c7b32c2b4
14921455,2026-09-28 14:51:44,actions-trading,Sim9,011070,skip,gap,30735d3c8533
14921455,2026-09-28 14:51:44,actions-trading,Sim9,499790,skip,gap,57aea77fe257
14921455,2026-09-28 14:51:44,actions-trading,Sim9,071950,skip,amount,23da871cafdf
14921455,2026-09-28 14:51:44,actions-trading,Sim9,064960,skip,gap,effdedff7976
14921455,2026-09-28 14:51:44,actions-trading,Sim9,047040,skip,gap,5d36f2288ed9
14921455,2026-09-28 14:51:44,actions-trading,Sim9,025620,skip,amount,23b95420c540
14921455,2026-09-28 14:51:44,actions-trading,Sim9,306200,skip,gap,359c9e115828
14921455,2026-09-28 14:51:44,actions-trading,Sim9,361610,skip,gap,01283fe7fe4d
14921455,2026-09-28 14:51:44,actions-trading,Sim9,077500,skip,gap,e7938ab59abf
14921455,2026-09-28 14:51:44,actions-trading,Sim9,036530,skip,gap,465fa56e29b7
14921455,2026-09-28 14:51:44,actions-trading,Sim9,138040,skip,gap,21742a45bf3a
14921455,2026-09-28 14:51:44,actions-trading,Sim9,006120,skip,no_ohlc,98dd6b1d4d3a
14921455,2026-09-28 14:51:44,actions-trading,Sim9,020150,skip,gap,77167b5c4598
14921455,2026-09-28 14:51:44,actions-trading,Sim9,005070,skip,no_ohlc,873c80f3dd8b
14921455,2026-09-28 14:51:44,actions-trading,Sim9,010955,skip,gap,beedd2b635e8
14921455,2026-09-28 14:51:44,actions-trading,미너비니,192820,skip,below_pivot,245a075a37d0
14921455,2026-09-28 14:51:44,actions-trading,미너비니,443060,skip,below_pivot,7c9770cb84b3
14921455,2026-09-28 14:51:44,actions-trading,Sim12,003580,skip,pb2_not_crashed,4557653ea08c
14921455,2026-09-28 14:51:44,actions-trading,Sim12,044380,skip,avoid_deadcat,36e1c21c2a17
14921455,2026-09-28 14:51:44,actions-trading,Sim12,003570,skip,avoid_frgn_sell_20d,518ba7d1f370
14921455,2026-09-28 14:51:44,actions-trading,Sim12,002360,skip,pb2_not_crashed,bee1ab5afacd
14921455,2026-09-28 14:51:44,actions-trading,Sim12,009830,skip,pb2_not_crashed,26273599298a
14921455,2026-09-28 14:51:44,actions-trading,Sim12,014280,skip,pb2_not_crashed,1b80b4937115
14921455,2026-09-28 14:51:44,actions-trading,Sim12,010060,skip,pb2_not_crashed,656ed60d6dfd
14921455,2026-09-28 14:51:44,actions-trading,Sim12,025560,skip,avoid_frgn_sell_20d,eb9c16bcdb97
14921455,2026-09-28 14:51:44,actions-trading,Sim12,020120,skip,avoid_amount_dry,c0932672e496
14921455,2026-09-28 14:51:44,actions-trading,Sim12,051630,skip,pb2_not_crashed,34c75ad09316
14921455,2026-09-28 14:51:44,actions-trading,Sim12,001527,skip,avoid_deadcat,ae776f4cb8ee
14921455,2026-09-28 14:51:44,actions-trading,Sim12,009835,skip,avoid_frgn_sell_20d,8bd4c483e7f7
14921455,2026-09-28 14:51:44,actions-trading,Sim12,004440,skip,avoid_frgn_sell_20d,23661462dec4
14921455,2026-09-28 14:51:44,actions-trading,Sim12,004710,skip,avoid_frgn_sell_20d,5136d6e726ef
14921455,2026-09-28 14:51:44,actions-trading,Sim12,006110,skip,avoid_deadcat,708c7b32c2b4
14921455,2026-09-28 14:51:44,actions-trading,Sim12,011070,skip,avoid_orgn_sell_high_per,30735d3c8533
14921455,2026-09-28 14:51:44,actions-trading,Sim12,499790,skip,avoid_frgn_sell_20d,57aea77fe257
14921455,2026-09-28 14:51:44,actions-trading,Sim12,071950,skip,avoid_deadcat,23da871cafdf
14921455,2026-09-28 14:51:44,actions-trading,Sim12,064960,skip,avoid_frgn_sell_20d,effdedff7976
14921455,2026-09-28 14:51:44,actions-trading,Sim12,047040,skip,avoid_frgn_sell_20d,5d36f2288ed9
14921455,2026-09-28 14:51:44,actions-trading,Sim12,025620,skip,pb2_not_crashed,23b95420c540
14921455,2026-09-28 14:51:44,actions-trading,Sim12,306200,skip,pb2_not_crashed,359c9e115828
14921455,2026-09-28 14:51:44,actions-trading,Sim12,361610,skip,pb2_not_crashed,01283fe7fe4d
14921455,2026-09-28 14:51:44,actions-trading,Sim12,077500,skip,pb2_not_crashed,e7938ab59abf
14921455,2026-09-28 14:51:44,actions-trading,Sim12,036530,skip,avoid_frgn_sell_20d,465fa56e29b7
14921455,2026-09-28 14:51:44,actions-trading,Sim12,138040,skip,avoid_frgn_sell_20d,21742a45bf3a
14921455,2026-09-28 14:51:44,actions-trading,Sim12,006120,skip,avoid_frgn_sell_20d,98dd6b1d4d3a
14921455,2026-09-28 14:51:44,actions-trading,Sim12,020150,skip,avoid_frgn_sell_20d,77167b5c4598
14921455,2026-09-28 14:51:44,actions-trading,Sim12,005070,skip,avoid_frgn_sell_20d,873c80f3dd8b
14921455,2026-09-28 14:51:44,actions-trading,Sim12,010955,skip,avoid_frgn_sell_20d,beedd2b635e8
14921455,2026-09-28 14:51:44,actions-trading,Sim12,014990,skip,avoid_amount_dry,afeebf3146d1
14921455,2026-09-28 14:51:44,actions-trading,Sim12,402340,skip,pb2_not_crashed,4c625c76b0b1
14921455,2026-09-28 14:51:44,actions-trading,Sim12,109070,skip,pb2_not_crashed,102281b947a8
14921455,2026-09-28 14:51:44,actions-trading,Sim12,002820,skip,pb2_not_crashed,d2167b39ec45
14921455,2026-09-28 14:51:44,actions-trading,Sim12,009420,skip,pb2_not_crashed,05c7b2dc1851
14921455,2026-09-28 14:51:44,actions-trading,Sim12,002787,skip,avoid_amount_dry,6f69788248af
14921455,2026-09-28 14:51:44,actions-trading,Sim12,000150,skip,avoid_frgn_sell_20d,936799104d7c
14921455,2026-09-28 14:51:44,actions-trading,Sim12,009190,skip,pb2_no_inst_buying,e762045bfa14
14921455,2026-09-28 14:51:44,actions-trading,Sim12,028260,skip,pb2_not_crashed,ea5913e77d35
14921455,2026-09-28 14:51:44,actions-trading,Sim12,069960,skip,avoid_frgn_sell_20d,fc35b4469026
14921455,2026-09-28 14:51:44,actions-trading,Sim12,004545,skip,pb2_not_crashed,fdcd55706703
14921455,2026-09-28 14:51:44,actions-trading,Sim12,003060,skip,avoid_amount_dry,38cf66960ec3
14921455,2026-09-28 14:51:44,actions-trading,Sim12,000500,skip,avoid_amount_dry,44c8f2644fd3
14921455,2026-09-28 14:51:44,actions-trading,Sim12,02826K,skip,pb2_not_crashed,25e605919d20
14921455,2026-09-28 14:51:44,actions-trading,Sim12,005935,skip,avoid_frgn_sell_20d,8a5bf3068654
14921455,2026-09-28 14:51:44,actions-trading,Sim12,011090,skip,avoid_amount_dry,a6d4391d0917
14921455,2026-09-28 14:51:44,actions-trading,Sim12,034730,skip,pb2_not_crashed,62662f3e03ec
14921455,2026-09-28 14:51:44,actions-trading,Sim12,192650,skip,avoid_frgn_sell_20d,b890462efd85
14921455,2026-09-28 14:51:44,actions-trading,Sim12,007660,skip,pb2_not_crashed,1e4d7f9c79a2
14921455,2026-09-28 14:51:44,actions-trading,Sim12,03473K,skip,avoid_frgn_sell_20d,3d0622c7ce1e
14921455,2026-09-28 14:51:44,actions-trading,Sim12,005930,skip,pb2_not_crashed,c4ea2b0d80b2
14921455,2026-09-28 14:51:44,actions-trading,Sim12,002030,skip,avoid_frgn_sell_20d,0ebbd9a3524d
14921455,2026-09-28 14:51:44,actions-trading,Sim12,000660,skip,avoid_frgn_sell_20d,dee97b4ee921
14921455,2026-09-28 14:51:44,actions-trading,Sim12,002070,skip,avoid_amount_dry,5a9f48f26a3a
14921455,2026-09-28 14:51:44,actions-trading,Sim12,298040,skip,pb2_not_crashed,183e500f5e70
14921455,2026-09-28 14:51:44,actions-trading,Sim12,101140,skip,avoid_amount_dry,bf59f39b54bb
14921455,2026-09-28 14:51:44,actions-trading,Sim12,000157,skip,avoid_frgn_hold_drop,574be0b4c023
14921455,2026-09-28 14:51:44,actions-trading,Sim12,128940,skip,avoid_amount_dry,d9b45ce13846
14921455,2026-09-28 14:51:44,actions-trading,Sim12,011390,skip,avoid_amount_dry,762f029aecbe
14921455,2026-09-28 14:51:44,actions-trading,Sim12,044820,skip,avoid_amount_dry,558d5efe5db2
14921455,2026-09-28 14:51:44,actions-trading,Sim13,003580,skip,theme_momentum_weak,4557653ea08c
14921455,2026-09-28 14:51:44,actions-trading,Sim13,044380,skip,theme_momentum_weak,36e1c21c2a17
14921455,2026-09-28 14:51:44,actions-trading,Sim13,003570,skip,theme_momentum_weak,518ba7d1f370
14921455,2026-09-28 14:51:44,actions-trading,Sim13,002360,skip,held_or_cooldown,bee1ab5afacd
14921455,2026-09-28 14:51:44,actions-trading,Sim13,009830,skip,theme_momentum_weak,26273599298a
14921455,2026-09-28 14:51:44,actions-trading,Sim13,014280,skip,theme_momentum_weak,1b80b4937115
14921455,2026-09-28 14:51:44,actions-trading,Sim13,010060,skip,theme_momentum_weak,656ed60d6dfd
14921455,2026-09-28 14:51:44,actions-trading,Sim13,025560,skip,theme_momentum_weak,eb9c16bcdb97
14921455,2026-09-28 14:51:44,actions-trading,Sim13,020120,skip,adx_weak,c0932672e496
14921455,2026-09-28 14:51:44,actions-trading,Sim13,051630,skip,adx_weak,34c75ad09316
14921455,2026-09-28 14:51:44,actions-trading,Sim13,001527,skip,theme_momentum_weak,ae776f4cb8ee
14921455,2026-09-28 14:51:44,actions-trading,Sim13,009835,skip,theme_momentum_weak,8bd4c483e7f7
14921455,2026-09-28 14:51:44,actions-trading,Sim13,004440,skip,theme_momentum_weak,23661462dec4
14921455,2026-09-28 14:51:44,actions-trading,Sim13,004710,skip,no_frgn_support,5136d6e726ef
14921455,2026-09-28 14:51:44,actions-trading,Sim13,006110,skip,theme_momentum_weak,708c7b32c2b4
14921455,2026-09-28 14:51:44,actions-trading,Sim13,011070,skip,theme_momentum_weak,30735d3c8533
14921455,2026-09-28 14:51:44,actions-trading,Sim13,499790,skip,theme_momentum_weak,57aea77fe257
14921455,2026-09-28 14:51:44,actions-trading,Sim13,071950,skip,theme_momentum_weak,23da871cafdf
14921455,2026-09-28 14:51:44,actions-trading,Sim13,064960,skip,theme_momentum_weak,effdedff7976
14921455,2026-09-28 14:51:44,actions-trading,Sim13,047040,skip,theme_momentum_weak,5d36f2288ed9
14921455,2026-09-28 14:51:44,actions-trading,Sim13,025620,skip,theme_momentum_weak,23b95420c540
14921455,2026-09-28 14:51:44,actions-trading,Sim13,306200,skip,theme_momentum_weak,359c9e115828
14921455,2026-09-28 14:51:44,actions-trading,Sim13,361610,skip,theme_momentum_weak,01283fe7fe4d
14921455,2026-09-28 14:51:44,actions-trading,Sim13,077500,skip,held_or_cooldown,e7938ab59abf
14921455,2026-09-28 14:51:44,actions-trading,Sim13,036530,skip,theme_momentum_weak,465fa56e29b7
14921455,2026-09-28 14:51:44,actions-trading,Sim13,138040,skip,theme_momentum_weak,21742a45bf3a
14921455,2026-09-28 14:51:44,actions-trading,Sim13,006120,skip,no_frgn_support,98dd6b1d4d3a
14921455,2026-09-28 14:51:44,actions-trading,Sim13,020150,skip,theme_momentum_weak,77167b5c4598
14921455,2026-09-28 14:51:44,actions-trading,Sim13,005070,skip,theme_momentum_weak,873c80f3dd8b
14921455,2026-09-28 14:51:44,actions-trading,Sim13,010955,skip,no_frgn_support,beedd2b635e8
14921456,2026-09-28 14:52:56,actions-trading,Sim3,402340,skip,qty_zero,213b44baf92d
14921456,2026-09-28 14:52:56,actions-trading,Sim3,383800,skip,amount,ed3db1f003cd
14921456,2026-09-28 14:52:56,actions-trading,Sim3,462870,skip,amount,d28e1c5b12be
14921456,2026-09-28 14:52:56,actions-trading,Sim3,000660,skip,qty_zero,fdcc3b26280c
14921456,2026-09-28 14:52:56,actions-trading,Sim3,071970,skip,amount,dabe4734eb97
14921456,2026-09-28 14:52:56,actions-trading,Sim3,042700,skip,not_cheap,797f713459cb
14921456,2026-09-28 14:52:56,actions-trading,Sim3,326030,skip,amount,d9560d46e036
14921456,2026-09-28 14:52:56,actions-trading,Sim3,207940,skip,not_cheap,03cca0c6be7a
14921456,2026-09-28 14:52:56,actions-trading,Sim3,033920,skip,amount,e8b62b9c67d7
14921456,2026-09-28 14:52:56,actions-trading,Sim3,004770,skip,amount,691b2a8ae575
14921456,2026-09-28 14:52:56,actions-trading,Sim3,0126Z0,skip,not_cheap,950e8875ba30
14921456,2026-09-28 14:52:56,actions-trading,Sim3,062040,skip,not_cheap,fe8ca60d7fe2
14921456,2026-09-28 14:52:56,actions-trading,Sim3,317450,skip,amount,166bec5ce9cd
14921456,2026-09-28 14:52:56,actions-trading,Sim3,026960,skip,amount,3c5fa188f20d
14921456,2026-09-28 14:52:56,actions-trading,Sim3,021820,skip,amount,84bda024d9cb
14921456,2026-09-28 14:52:56,actions-trading,Sim3,192080,skip,amount,f9d06db95c77
14921456,2026-09-28 14:52:56,actions-trading,Sim3,068270,skip,cooldown,ac66d410b843
14921456,2026-09-28 14:52:56,actions-trading,Sim3,123890,skip,amount,cc6c8371a2a7
14921456,2026-09-28 14:52:56,actions-trading,Sim3,000240,skip,amount,7936f446cbfc
14921456,2026-09-28 14:52:56,actions-trading,Sim3,002380,skip,cooldown,4ec016f0d820
14921456,2026-09-28 14:52:56,actions-trading,Sim3,009770,skip,amount,290b5f189c0c
14921456,2026-09-28 14:52:56,actions-trading,Sim3,259960,skip,cooldown,0aff206ca11f
14921456,2026-09-28 14:52:56,actions-trading,Sim3,035250,skip,amount,f28ebb176b2c
14921456,2026-09-28 14:52:56,actions-trading,Sim3,383220,skip,amount,745e407015aa
14921456,2026-09-28 14:52:56,actions-trading,Sim3,226320,skip,amount,a4135b379722
14921456,2026-09-28 14:52:56,actions-trading,Sim3,439260,skip,amount,5ada3775ca99
14921456,2026-09-28 14:52:56,actions-trading,Sim3,025560,skip,cooldown,786dd9a174e2
14921456,2026-09-28 14:52:56,actions-trading,Sim3,007700,skip,amount,6270fe721faf
14921456,2026-09-28 14:52:56,actions-trading,Sim3,278470,skip,not_cheap,94785f33849e
14921456,2026-09-28 14:52:56,actions-trading,Sim3,000990,skip,not_cheap,06d72f60c16a
14921456,2026-09-28 14:53:22,actions-trading,MFHS2,047040,skip,max_holdings,d34d5bc7f523
14921456,2026-09-28 14:53:22,actions-trading,MFHS2,005880,seen,,35655ca40102
14921456,2026-09-28 14:53:22,actions-trading,MFHS2,024110,seen,,28ad2500b1b8
14921456,2026-09-28 14:53:22,actions-trading,MFHS2,009830,seen,,c43bab0c5cb6
14921456,2026-09-28 14:53:22,actions-trading,MFHS2,018880,seen,,069242566ee7
14921456,2026-09-28 14:53:22,actions-trading,MFHS2,316140,seen,,a40c0e48c05b
14921456,2026-09-28 14:53:22,actions-trading,MFHS2,088350,seen,,76a89a47ee0e
14921456,2026-09-28 14:53:22,actions-trading,MFHS2,003280,seen,,dd99973fe479
14921456,2026-09-28 14:53:22,actions-trading,MFHS2,006360,seen,,dcf36d4b535f
14921456,2026-09-28 14:53:22,actions-trading,MFHS2,073240,seen,,a0f9cf3b8801
14921456,2026-09-28 14:53:22,actions-trading,MFHS2,011200,seen,,662d01560c3b
14921456,2026-09-28 14:53:22,actions-trading,MFHS2,004020,seen,,4bd754ff7d40
14921456,2026-09-28 14:53:22,actions-trading,MFHS2,015760,seen,,6ecd7428879c
14921456,2026-09-28 14:53:22,actions-trading,MFHS2,032640,seen,,4a88be9c75a5
14921456,2026-09-28 14:53:22,actions-trading,MFHS2,003490,seen,,642f145e571d
14921456,2026-09-28 14:53:22,actions-trading,MFHS2,279570,seen,,20fa9ce3573f
14921456,2026-09-28 14:53:22,actions-trading,MFHS2,096770,seen,,182708a5e5bb
14921456,2026-09-28 14:53:22,actions-trading,MFHS2,047050,seen,,12c2dc8d1c47
14921456,2026-09-28 14:53:22,actions-trading,MFHS2,323410,seen,,0d0b08febcb9
14921456,2026-09-28 14:53:22,actions-trading,MFHS2,035420,seen,,4f05ccb01b2b
14921456,2026-09-28 14:53:22,actions-trading,MFHS2,004710,seen,,e0837730eb9f
14921456,2026-09-28 14:53:22,actions-trading,MFHS2,008970,seen,,32ac8a4448d0
14921456,2026-09-28 14:53:22,actions-trading,MFHS2,139130,seen,,17991a0fbca0
14921456,2026-09-28 14:53:22,actions-trading,MFHS2,007810,seen,,12834918b3cc
14921456,2026-09-28 14:53:22,actions-trading,MFHS2,035720,seen,,30a59c87729d
14921456,2026-09-28 14:53:22,actions-trading,MFHS2,003530,seen,,a8f2a9d71a2a
14921456,2026-09-28 14:53:22,actions-trading,MFHS2,000720,seen,,35562fe39eda
14921456,2026-09-28 14:53:22,actions-trading,MFHS2,051630,seen,,1e543c3d9a0b
14921456,2026-09-28 14:53:22,actions-trading,MFHS2,002360,seen,,9d9d9b9d6da1
14921456,2026-09-28 14:53:22,actions-trading,MFHS2,028670,seen,,b26f6d3fdb03
14921456,2026-09-28 14:53:26,actions-trading,상승모멘텀,003580,skip,max_holdings,4557653ea08c
14921456,2026-09-28 14:53:26,actions-trading,상승모멘텀,044380,seen,,95dd9cd2d96b
14921456,2026-09-28 14:53:26,actions-trading,상승모멘텀,002360,seen,,9d9d9b9d6da1
14921456,2026-09-28 14:53:26,actions-trading,상승모멘텀,003570,seen,,2562f80123b9
14921456,2026-09-28 14:53:26,actions-trading,상승모멘텀,009830,seen,,c43bab0c5cb6
14921456,2026-09-28 14:53:26,actions-trading,상승모멘텀,014280,seen,,72551233a49e
14921456,2026-09-28 14:53:26,actions-trading,상승모멘텀,010060,seen,,601635d44391
14921456,2026-09-28 14:53:26,actions-trading,상승모멘텀,025560,seen,,0066333b0b44
14921456,2026-09-28 14:53:26,actions-trading,상승모멘텀,020120,seen,,4b61fa0f3c28
14921456,2026-09-28 14:53:26,actions-trading,상승모멘텀,051630,seen,,1e543c3d9a0b
14921456,2026-09-28 14:53:26,actions-trading,상승모멘텀,001527,seen,,ae776f4cb8ee
14921456,2026-09-28 14:53:26,actions-trading,상승모멘텀,009835,seen,,8f4b3a1cc1d4
14921456,2026-09-28 14:53:26,actions-trading,상승모멘텀,004440,seen,,c9336a4c7ef0
14921456,2026-09-28 14:53:26,actions-trading,상승모멘텀,006110,seen,,3feb8ece80de
14921456,2026-09-28 14:53:26,actions-trading,상승모멘텀,011070,seen,,88f4feb51e0c
14921456,2026-09-28 14:53:26,actions-trading,상승모멘텀,004710,seen,,e0837730eb9f
14921456,2026-09-28 14:53:26,actions-trading,상승모멘텀,499790,seen,,a058cadc71f3
14921456,2026-09-28 14:53:26,actions-trading,상승모멘텀,071950,seen,,d44a60f6d4f7
14921456,2026-09-28 14:53:26,actions-trading,상승모멘텀,047040,seen,,d34d5bc7f523
14921456,2026-09-28 14:53:26,actions-trading,상승모멘텀,064960,seen,,2f579ffea33e
14921456,2026-09-28 14:53:26,actions-trading,상승모멘텀,025620,seen,,23b95420c540
14921456,2026-09-28 14:53:26,actions-trading,상승모멘텀,077500,seen,,5942720a73f0
14921456,2026-09-28 14:53:26,actions-trading,상승모멘텀,361610,seen,,e3ceca909af0
14921456,2026-09-28 14:53:26,actions-trading,상승모멘텀,306200,seen,,f40b502bce75
14921456,2026-09-28 14:53:26,actions-trading,상승모멘텀,036530,seen,,7b4480f709cf
14921456,2026-09-28 14:53:26,actions-trading,상승모멘텀,006120,seen,,d3ca4637c1ef
14921456,2026-09-28 14:53:26,actions-trading,상승모멘텀,005070,seen,,8fd92deaa7fe
14921456,2026-09-28 14:53:26,actions-trading,상승모멘텀,020150,seen,,c73612d67ea9
14921456,2026-09-28 14:53:26,actions-trading,상승모멘텀,138040,seen,,69e77128c889
14921456,2026-09-28 14:53:26,actions-trading,상승모멘텀,010955,seen,,e187d6572be0
14921456,2026-09-28 14:53:26,actions-trading,Sim4-1,003580,skip,amount,4557653ea08c
14921456,2026-09-28 14:53:26,actions-trading,Sim4-1,044380,skip,amount,95dd9cd2d96b
14921456,2026-09-28 14:53:26,actions-trading,Sim4-1,002360,skip,held_or_cooldown,9d9d9b9d6da1
14921456,2026-09-28 14:53:26,actions-trading,Sim4-1,003570,skip,adx_high,2562f80123b9
14921456,2026-09-28 14:53:26,actions-trading,Sim4-1,009830,skip,period,c43bab0c5cb6
14921456,2026-09-28 14:53:26,actions-trading,Sim4-1,014280,skip,adx_low,72551233a49e
14921456,2026-09-28 14:53:26,actions-trading,Sim4-1,010060,skip,adx_low,601635d44391
14921456,2026-09-28 14:53:26,actions-trading,Sim4-1,025560,skip,adx_high,0066333b0b44
14921456,2026-09-28 14:53:26,actions-trading,Sim4-1,020120,skip,amount,4b61fa0f3c28
14921456,2026-09-28 14:53:26,actions-trading,Sim4-1,051630,skip,amount,1e543c3d9a0b
14921456,2026-09-28 14:53:26,actions-trading,Sim4-1,001527,skip,amount,ae776f4cb8ee
14921456,2026-09-28 14:53:26,actions-trading,Sim4-1,009835,skip,amount,8f4b3a1cc1d4
14921456,2026-09-28 14:53:26,actions-trading,Sim4-1,004440,skip,amount,c9336a4c7ef0
14921456,2026-09-28 14:53:26,actions-trading,Sim4-1,006110,skip,adx_high,3feb8ece80de
14921456,2026-09-28 14:53:26,actions-trading,Sim4-1,011070,skip,period,88f4feb51e0c
14921456,2026-09-28 14:53:26,actions-trading,Sim4-1,004710,skip,held_or_cooldown,e0837730eb9f
14921456,2026-09-28 14:53:26,actions-trading,Sim4-1,499790,skip,amount,a058cadc71f3
14921456,2026-09-28 14:53:26,actions-trading,Sim4-1,071950,skip,amount,d44a60f6d4f7
14921456,2026-09-28 14:53:26,actions-trading,Sim4-1,047040,skip,period,d34d5bc7f523
14921456,2026-09-28 14:53:26,actions-trading,Sim4-1,064960,skip,adx_high,2f579ffea33e
14921456,2026-09-28 14:53:26,actions-trading,Sim4-1,025620,skip,amount,23b95420c540
14921456,2026-09-28 14:53:26,actions-trading,Sim4-1,077500,skip,adx_high,5942720a73f0
14921456,2026-09-28 14:53:26,actions-trading,Sim4-1,361610,skip,adx_high,e3ceca909af0
14921456,2026-09-28 14:53:26,actions-trading,Sim4-1,306200,skip,amount,f40b502bce75
14921456,2026-09-28 14:53:26,actions-trading,Sim4-1,036530,skip,amount,7b4480f709cf
14921456,2026-09-28 14:53:26,actions-trading,Sim4-1,006120,skip,adx_high,d3ca4637c1ef
14921456,2026-09-28 14:53:26,actions-trading,Sim4-1,005070,skip,adx_low,8fd92deaa7fe
14921456,2026-09-28 14:53:26,actions-trading,Sim4-1,020150,skip,adx_low,c73612d67ea9
14921456,2026-09-28 14:53:26,actions-trading,Sim4-1,138040,skip,adx_low,69e77128c889
14921456,2026-09-28 14:53:26,actions-trading,Sim4-1,010955,skip,adx_high,e187d6572be0
14921456,2026-09-28 14:53:27,actions-trading,선행매집,047040,skip,below_anchor,d34d5bc7f523
14921456,2026-09-28 14:53:27,actions-trading,선행매집,009830,skip,below_anchor,c43bab0c5cb6
14921456,2026-09-28 14:53:27,actions-trading,선행매집,005880,skip,below_anchor,35655ca40102
14921456,2026-09-28 14:53:27,actions-trading,선행매집,018880,skip,below_anchor,069242566ee7
14921456,2026-09-28 14:53:27,actions-trading,선행매집,024110,skip,below_anchor,28ad2500b1b8
14921456,2026-09-28 14:53:27,actions-trading,선행매집,088350,skip,below_anchor,76a89a47ee0e
14921456,2026-09-28 14:53:27,actions-trading,선행매집,073240,skip,below_anchor,a0f9cf3b8801
14921456,2026-09-28 14:53:27,actions-trading,선행매집,003280,skip,below_anchor,dd99973fe479
14921456,2026-09-28 14:53:27,actions-trading,선행매집,316140,skip,no_setup,a40c0e48c05b
14921456,2026-09-28 14:53:27,actions-trading,선행매집,015760,skip,below_anchor,6ecd7428879c
14921456,2026-09-28 14:53:27,actions-trading,선행매집,011200,skip,sold_or_cooldown,662d01560c3b
14921456,2026-09-28 14:53:27,actions-trading,선행매집,006360,skip,below_anchor,dcf36d4b535f
14921456,2026-09-28 14:53:27,actions-trading,선행매집,004710,skip,below_anchor,e0837730eb9f
14921456,2026-09-28 14:53:27,actions-trading,선행매집,096770,skip,held_awaiting_breakout,182708a5e5bb
14921456,2026-09-28 14:53:27,actions-trading,선행매집,035420,skip,below_anchor,4f05ccb01b2b
14921456,2026-09-28 14:53:27,actions-trading,선행매집,032640,skip,below_anchor,4a88be9c75a5
14921456,2026-09-28 14:53:27,actions-trading,선행매집,003490,skip,sold_or_cooldown,642f145e571d
14921456,2026-09-28 14:53:27,actions-trading,선행매집,000720,skip,below_anchor,35562fe39eda
14921456,2026-09-28 14:53:27,actions-trading,선행매집,047050,skip,no_52w_anchor,12c2dc8d1c47
14921456,2026-09-28 14:53:27,actions-trading,선행매집,004020,skip,below_anchor,4bd754ff7d40
14921456,2026-09-28 14:53:27,actions-trading,선행매집,035720,skip,below_anchor,30a59c87729d
14921456,2026-09-28 14:53:27,actions-trading,선행매집,008970,skip,amount,32ac8a4448d0
14921456,2026-09-28 14:53:27,actions-trading,선행매집,066570,skip,below_anchor,8fac751623a0
14921456,2026-09-28 14:53:27,actions-trading,선행매집,279570,skip,below_anchor,20fa9ce3573f
14921456,2026-09-28 14:53:27,actions-trading,선행매집,139130,skip,no_setup,17991a0fbca0
14921456,2026-09-28 14:53:27,actions-trading,선행매집,028670,skip,no_setup,b26f6d3fdb03
14921456,2026-09-28 14:53:27,actions-trading,선행매집,002360,skip,no_setup,9d9d9b9d6da1
14921456,2026-09-28 14:53:27,actions-trading,선행매집,007810,skip,below_anchor,12834918b3cc
14921456,2026-09-28 14:53:27,actions-trading,선행매집,323410,skip,below_anchor,0d0b08febcb9
14921456,2026-09-28 14:53:27,actions-trading,선행매집,003530,skip,below_anchor,a8f2a9d71a2a
14921456,2026-09-28 14:53:27,actions-trading,Sim9,003580,skip,amount,4557653ea08c
14921456,2026-09-28 14:53:27,actions-trading,Sim9,044380,skip,amount,95dd9cd2d96b
14921456,2026-09-28 14:53:27,actions-trading,Sim9,002360,skip,gap,9d9d9b9d6da1
14921456,2026-09-28 14:53:27,actions-trading,Sim9,003570,skip,gap,2562f80123b9
14921456,2026-09-28 14:53:27,actions-trading,Sim9,009830,skip,gap,c43bab0c5cb6
14921456,2026-09-28 14:53:27,actions-trading,Sim9,014280,skip,gap,72551233a49e
14921456,2026-09-28 14:53:27,actions-trading,Sim9,010060,skip,gap,601635d44391
14921456,2026-09-28 14:53:27,actions-trading,Sim9,025560,skip,gap,0066333b0b44
14921456,2026-09-28 14:53:27,actions-trading,Sim9,020120,skip,gap,4b61fa0f3c28
14921456,2026-09-28 14:53:27,actions-trading,Sim9,051630,skip,gap,1e543c3d9a0b
14921456,2026-09-28 14:53:27,actions-trading,Sim9,001527,skip,amount,ae776f4cb8ee
14921456,2026-09-28 14:53:27,actions-trading,Sim9,009835,skip,amount,8f4b3a1cc1d4
14921456,2026-09-28 14:53:27,actions-trading,Sim9,004440,skip,amount,c9336a4c7ef0
14921456,2026-09-28 14:53:27,actions-trading,Sim9,006110,skip,gap,3feb8ece80de
14921456,2026-09-28 14:53:27,actions-trading,Sim9,011070,skip,gap,88f4feb51e0c
14921456,2026-09-28 14:53:27,actions-trading,Sim9,004710,skip,gap,e0837730eb9f
14921456,2026-09-28 14:53:27,actions-trading,Sim9,499790,skip,gap,a058cadc71f3
14921456,2026-09-28 14:53:27,actions-trading,Sim9,071950,skip,amount,d44a60f6d4f7
14921456,2026-09-28 14:53:27,actions-trading,Sim9,047040,skip,gap,d34d5bc7f523
14921456,2026-09-28 14:53:27,actions-trading,Sim9,064960,skip,gap,2f579ffea33e
14921456,2026-09-28 14:53:27,actions-trading,Sim9,025620,skip,amount,23b95420c540
14921456,2026-09-28 14:53:27,actions-trading,Sim9,077500,skip,gap,5942720a73f0
14921456,2026-09-28 14:53:27,actions-trading,Sim9,361610,skip,gap,e3ceca909af0
14921456,2026-09-28 14:53:27,actions-trading,Sim9,306200,skip,gap,f40b502bce75
14921456,2026-09-28 14:53:27,actions-trading,Sim9,036530,skip,gap,7b4480f709cf
14921456,2026-09-28 14:53:27,actions-trading,Sim9,006120,skip,gap,d3ca4637c1ef
14921456,2026-09-28 14:53:27,actions-trading,Sim9,005070,skip,gap,8fd92deaa7fe
14921456,2026-09-28 14:53:27,actions-trading,Sim9,020150,skip,gap,c73612d67ea9
14921456,2026-09-28 14:53:27,actions-trading,Sim9,138040,skip,gap,69e77128c889
14921456,2026-09-28 14:53:27,actions-trading,Sim9,010955,skip,gap,e187d6572be0
14921456,2026-09-28 14:53:27,actions-trading,미너비니,192820,skip,below_pivot,d83f972ae8b9
14921456,2026-09-28 14:53:27,actions-trading,미너비니,443060,skip,below_pivot,4507d299a56a
14921456,2026-09-28 14:53:27,actions-trading,Sim12,003580,skip,pb2_not_crashed,4557653ea08c
14921456,2026-09-28 14:53:27,actions-trading,Sim12,044380,skip,avoid_deadcat,95dd9cd2d96b
14921456,2026-09-28 14:53:27,actions-trading,Sim12,002360,skip,pb2_not_crashed,9d9d9b9d6da1
14921456,2026-09-28 14:53:27,actions-trading,Sim12,003570,skip,avoid_frgn_sell_20d,2562f80123b9
14921456,2026-09-28 14:53:27,actions-trading,Sim12,009830,skip,pb2_not_crashed,c43bab0c5cb6
14921456,2026-09-28 14:53:27,actions-trading,Sim12,014280,skip,pb2_not_crashed,72551233a49e
14921456,2026-09-28 14:53:27,actions-trading,Sim12,010060,skip,pb2_not_crashed,601635d44391
14921456,2026-09-28 14:53:27,actions-trading,Sim12,025560,skip,avoid_frgn_sell_20d,0066333b0b44
14921456,2026-09-28 14:53:27,actions-trading,Sim12,020120,skip,avoid_amount_dry,4b61fa0f3c28
14921456,2026-09-28 14:53:27,actions-trading,Sim12,051630,skip,pb2_not_crashed,1e543c3d9a0b
14921456,2026-09-28 14:53:27,actions-trading,Sim12,001527,skip,avoid_deadcat,ae776f4cb8ee
14921456,2026-09-28 14:53:27,actions-trading,Sim12,009835,skip,avoid_frgn_sell_20d,8f4b3a1cc1d4
14921456,2026-09-28 14:53:27,actions-trading,Sim12,004440,skip,avoid_frgn_sell_20d,c9336a4c7ef0
14921456,2026-09-28 14:53:27,actions-trading,Sim12,006110,skip,avoid_deadcat,3feb8ece80de
14921456,2026-09-28 14:53:27,actions-trading,Sim12,011070,skip,avoid_orgn_sell_high_per,88f4feb51e0c
14921456,2026-09-28 14:53:27,actions-trading,Sim12,004710,skip,avoid_frgn_sell_20d,e0837730eb9f
14921456,2026-09-28 14:53:27,actions-trading,Sim12,499790,skip,avoid_frgn_sell_20d,a058cadc71f3
14921456,2026-09-28 14:53:27,actions-trading,Sim12,071950,skip,avoid_deadcat,d44a60f6d4f7
14921456,2026-09-28 14:53:27,actions-trading,Sim12,047040,skip,avoid_frgn_sell_20d,d34d5bc7f523
14921456,2026-09-28 14:53:27,actions-trading,Sim12,064960,skip,avoid_frgn_sell_20d,2f579ffea33e
14921456,2026-09-28 14:53:27,actions-trading,Sim12,025620,skip,pb2_not_crashed,23b95420c540
14921456,2026-09-28 14:53:27,actions-trading,Sim12,077500,skip,pb2_not_crashed,5942720a73f0
14921456,2026-09-28 14:53:27,actions-trading,Sim12,361610,skip,pb2_not_crashed,e3ceca909af0
14921456,2026-09-28 14:53:27,actions-trading,Sim12,306200,skip,pb2_not_crashed,f40b502bce75
14921456,2026-09-28 14:53:27,actions-trading,Sim12,036530,skip,avoid_frgn_sell_20d,7b4480f709cf
14921456,2026-09-28 14:53:27,actions-trading,Sim12,006120,skip,avoid_frgn_sell_20d,d3ca4637c1ef
14921456,2026-09-28 14:53:27,actions-trading,Sim12,005070,skip,avoid_frgn_sell_20d,8fd92deaa7fe
14921456,2026-09-28 14:53:27,actions-trading,Sim12,020150,skip,avoid_frgn_sell_20d,c73612d67ea9
14921456,2026-09-28 14:53:27,actions-trading,Sim12,138040,skip,avoid_frgn_sell_20d,69e77128c889
14921456,2026-09-28 14:53:27,actions-trading,Sim12,010955,skip,avoid_frgn_sell_20d,e187d6572be0
14921456,2026-09-28 14:53:28,actions-trading,Sim13,003580,skip,theme_momentum_weak,4557653ea08c
14921456,2026-09-28 14:53:28,actions-trading,Sim13,044380,skip,theme_momentum_weak,95dd9cd2d96b
14921456,2026-09-28 14:53:28,actions-trading,Sim13,002360,skip,held_or_cooldown,9d9d9b9d6da1
14921456,2026-09-28 14:53:28,actions-trading,Sim13,003570,skip,theme_momentum_weak,2562f80123b9
14921456,2026-09-28 14:53:28,actions-trading,Sim13,009830,skip,theme_momentum_weak,c43bab0c5cb6
14921456,2026-09-28 14:53:28,actions-trading,Sim13,014280,skip,theme_momentum_weak,72551233a49e
14921456,2026-09-28 14:53:28,actions-trading,Sim13,010060,skip,theme_momentum_weak,601635d44391
14921456,2026-09-28 14:53:28,actions-trading,Sim13,025560,skip,theme_momentum_weak,0066333b0b44
14921456,2026-09-28 14:53:28,actions-trading,Sim13,020120,skip,adx_weak,4b61fa0f3c28
14921456,2026-09-28 14:53:28,actions-trading,Sim13,051630,skip,adx_weak,1e543c3d9a0b
14921456,2026-09-28 14:53:28,actions-trading,Sim13,001527,skip,theme_momentum_weak,ae776f4cb8ee
14921456,2026-09-28 14:53:28,actions-trading,Sim13,009835,skip,theme_momentum_weak,8f4b3a1cc1d4
14921456,2026-09-28 14:53:28,actions-trading,Sim13,004440,skip,theme_momentum_weak,c9336a4c7ef0
14921456,2026-09-28 14:53:28,actions-trading,Sim13,006110,skip,theme_momentum_weak,3feb8ece80de
14921456,2026-09-28 14:53:28,actions-trading,Sim13,011070,skip,theme_momentum_weak,88f4feb51e0c
14921456,2026-09-28 14:53:28,actions-trading,Sim13,004710,skip,no_frgn_support,e0837730eb9f
14921456,2026-09-28 14:53:28,actions-trading,Sim13,499790,skip,theme_momentum_weak,a058cadc71f3
14921456,2026-09-28 14:53:28,actions-trading,Sim13,071950,skip,theme_momentum_weak,d44a60f6d4f7
14921456,2026-09-28 14:53:28,actions-trading,Sim13,047040,skip,theme_momentum_weak,d34d5bc7f523
14921456,2026-09-28 14:53:28,actions-trading,Sim13,064960,skip,theme_momentum_weak,2f579ffea33e
14921456,2026-09-28 14:53:28,actions-trading,Sim13,025620,skip,theme_momentum_weak,23b95420c540
14921456,2026-09-28 14:53:28,actions-trading,Sim13,077500,skip,held_or_cooldown,5942720a73f0
14921456,2026-09-28 14:53:28,actions-trading,Sim13,361610,skip,theme_momentum_weak,e3ceca909af0
14921456,2026-09-28 14:53:28,actions-trading,Sim13,306200,skip,theme_momentum_weak,f40b502bce75
14921456,2026-09-28 14:53:28,actions-trading,Sim13,036530,skip,theme_momentum_weak,7b4480f709cf
14921456,2026-09-28 14:53:28,actions-trading,Sim13,006120,skip,no_frgn_support,d3ca4637c1ef
14921456,2026-09-28 14:53:28,actions-trading,Sim13,005070,skip,theme_momentum_weak,8fd92deaa7fe
14921456,2026-09-28 14:53:28,actions-trading,Sim13,020150,skip,theme_momentum_weak,c73612d67ea9
14921456,2026-09-28 14:53:28,actions-trading,Sim13,138040,skip,theme_momentum_weak,69e77128c889
14921456,2026-09-28 14:53:28,actions-trading,Sim13,010955,skip,no_frgn_support,e187d6572be0
14921457,2026-09-28 14:54:57,actions-trading,Sim3,402340,skip,qty_zero,b8e9016eb16a
14921457,2026-09-28 14:54:57,actions-trading,Sim3,383800,skip,amount,ed3db1f003cd
14921457,2026-09-28 14:54:57,actions-trading,Sim3,462870,skip,amount,d68c8f48d567
14921457,2026-09-28 14:54:57,actions-trading,Sim3,000660,skip,qty_zero,58e6b48d0de3
14921457,2026-09-28 14:54:57,actions-trading,Sim3,071970,skip,amount,2aba4a76c0fe
14921457,2026-09-28 14:54:57,actions-trading,Sim3,042700,skip,not_cheap,4fb6f7b0415c
14921457,2026-09-28 14:54:57,actions-trading,Sim3,326030,skip,amount,39ccbdc6f5a2
14921457,2026-09-28 14:54:57,actions-trading,Sim3,207940,skip,not_cheap,554a23d3012d
14921457,2026-09-28 14:54:57,actions-trading,Sim3,033920,skip,amount,e2d6ad9bf5b2
14921457,2026-09-28 14:54:57,actions-trading,Sim3,004770,skip,amount,64a9c6f67f5a
14921457,2026-09-28 14:54:57,actions-trading,Sim3,0126Z0,skip,not_cheap,2b7f719ff945
14921457,2026-09-28 14:54:57,actions-trading,Sim3,062040,skip,not_cheap,b3be31a8f1ae
14921457,2026-09-28 14:54:57,actions-trading,Sim3,317450,skip,amount,166bec5ce9cd
14921457,2026-09-28 14:54:57,actions-trading,Sim3,026960,skip,amount,0a325cfc4480
14921457,2026-09-28 14:54:57,actions-trading,Sim3,021820,skip,amount,84bda024d9cb
14921457,2026-09-28 14:54:57,actions-trading,Sim3,192080,skip,amount,0f07ab02fc5c
14921457,2026-09-28 14:54:57,actions-trading,Sim3,068270,skip,cooldown,e201f64caeca
14921457,2026-09-28 14:54:57,actions-trading,Sim3,123890,skip,amount,ed453bd084ac
14921457,2026-09-28 14:54:57,actions-trading,Sim3,000240,skip,amount,5c9907670f4a
14921457,2026-09-28 14:54:57,actions-trading,Sim3,002380,skip,cooldown,9c40719d44e9
14921457,2026-09-28 14:54:57,actions-trading,Sim3,009770,skip,amount,290b5f189c0c
14921457,2026-09-28 14:54:57,actions-trading,Sim3,259960,skip,cooldown,be367fc7f79f
14921457,2026-09-28 14:54:57,actions-trading,Sim3,035250,skip,amount,195021e372f8
14921457,2026-09-28 14:54:57,actions-trading,Sim3,383220,skip,amount,15de4d14c9ac
14921457,2026-09-28 14:54:57,actions-trading,Sim3,226320,skip,amount,34dcff46dad1
14921457,2026-09-28 14:54:57,actions-trading,Sim3,439260,skip,amount,20768c7e780a
14921457,2026-09-28 14:54:57,actions-trading,Sim3,025560,skip,cooldown,877d4e512cef
14921457,2026-09-28 14:54:57,actions-trading,Sim3,007700,skip,amount,6270fe721faf
14921457,2026-09-28 14:54:57,actions-trading,Sim3,278470,skip,not_cheap,5fc79fa324a3
14921457,2026-09-28 14:54:57,actions-trading,Sim3,000990,skip,no_ttm_val,468b40dc4c94
14921457,2026-09-28 14:55:31,actions-trading,MFHS2,047040,skip,max_holdings,aa85b0056e1b
14921457,2026-09-28 14:55:31,actions-trading,MFHS2,005880,seen,,f777226ae84c
14921457,2026-09-28 14:55:31,actions-trading,MFHS2,024110,seen,,8cdcbcfab0da
14921457,2026-09-28 14:55:31,actions-trading,MFHS2,009830,seen,,bbfd4688326e
14921457,2026-09-28 14:55:31,actions-trading,MFHS2,018880,seen,,6b15f20d7b7e
14921457,2026-09-28 14:55:31,actions-trading,MFHS2,316140,seen,,fd40caea13e7
14921457,2026-09-28 14:55:31,actions-trading,MFHS2,088350,seen,,fdc690df9675
14921457,2026-09-28 14:55:31,actions-trading,MFHS2,003280,seen,,4617c87e290c
14921457,2026-09-28 14:55:31,actions-trading,MFHS2,006360,seen,,ab7e2c34fd73
14921457,2026-09-28 14:55:31,actions-trading,MFHS2,073240,seen,,b135c73b4ed9
14921457,2026-09-28 14:55:31,actions-trading,MFHS2,011200,seen,,06b26ed8685c
14921457,2026-09-28 14:55:31,actions-trading,MFHS2,004020,seen,,aadef0ef45f5
14921457,2026-09-28 14:55:31,actions-trading,MFHS2,015760,seen,,c0426874b977
14921457,2026-09-28 14:55:31,actions-trading,MFHS2,032640,seen,,533a900e001d
14921457,2026-09-28 14:55:31,actions-trading,MFHS2,003490,seen,,d9da1788814f
14921457,2026-09-28 14:55:31,actions-trading,MFHS2,279570,seen,,45815c7daa1a
14921457,2026-09-28 14:55:31,actions-trading,MFHS2,096770,seen,,3f00b71508e4
14921457,2026-09-28 14:55:31,actions-trading,MFHS2,047050,seen,,22bb4a2f46bf
14921457,2026-09-28 14:55:31,actions-trading,MFHS2,323410,seen,,c3c84f79d139
14921457,2026-09-28 14:55:31,actions-trading,MFHS2,035420,seen,,0a271c4b55db
14921457,2026-09-28 14:55:31,actions-trading,MFHS2,004710,seen,,d488451285c8
14921457,2026-09-28 14:55:31,actions-trading,MFHS2,008970,seen,,498456d610c5
14921457,2026-09-28 14:55:31,actions-trading,MFHS2,139130,seen,,40fe60c7d6cf
14921457,2026-09-28 14:55:31,actions-trading,MFHS2,007810,seen,,0fe1ddff66a0
14921457,2026-09-28 14:55:31,actions-trading,MFHS2,035720,seen,,a8a708c7283b
14921457,2026-09-28 14:55:31,actions-trading,MFHS2,003530,seen,,be4b8fb2d0ff
14921457,2026-09-28 14:55:31,actions-trading,MFHS2,000720,seen,,0811f5614d95
14921457,2026-09-28 14:55:31,actions-trading,MFHS2,051630,seen,,17790ae3cd9e
14921457,2026-09-28 14:55:31,actions-trading,MFHS2,002360,seen,,dc9b92e65668
14921457,2026-09-28 14:55:31,actions-trading,MFHS2,028670,seen,,b7efa72b6388
14921457,2026-09-28 14:55:34,actions-trading,상승모멘텀,003580,skip,max_holdings,4557653ea08c
14921457,2026-09-28 14:55:34,actions-trading,상승모멘텀,044380,seen,,719377dcf1ac
14921457,2026-09-28 14:55:34,actions-trading,상승모멘텀,003570,seen,,f65339e5fb87
14921457,2026-09-28 14:55:34,actions-trading,상승모멘텀,009830,seen,,bbfd4688326e
14921457,2026-09-28 14:55:34,actions-trading,상승모멘텀,002360,seen,,dc9b92e65668
14921457,2026-09-28 14:55:34,actions-trading,상승모멘텀,014280,seen,,0b898c1e7dda
14921457,2026-09-28 14:55:34,actions-trading,상승모멘텀,010060,seen,,3cdc8b895e8f
14921457,2026-09-28 14:55:34,actions-trading,상승모멘텀,025560,seen,,77fadb5bc8bc
14921457,2026-09-28 14:55:34,actions-trading,상승모멘텀,051630,seen,,17790ae3cd9e
14921457,2026-09-28 14:55:34,actions-trading,상승모멘텀,001527,seen,,ae776f4cb8ee
14921457,2026-09-28 14:55:34,actions-trading,상승모멘텀,020120,seen,,69c72ba68aeb
14921457,2026-09-28 14:55:34,actions-trading,상승모멘텀,009835,seen,,8f4b3a1cc1d4
14921457,2026-09-28 14:55:34,actions-trading,상승모멘텀,004440,seen,,6141043f62cc
14921457,2026-09-28 14:55:34,actions-trading,상승모멘텀,499790,seen,,f0ee12812a81
14921457,2026-09-28 14:55:34,actions-trading,상승모멘텀,011070,seen,,d383d3a2c460
14921457,2026-09-28 14:55:34,actions-trading,상승모멘텀,004710,seen,,d488451285c8
14921457,2026-09-28 14:55:34,actions-trading,상승모멘텀,006110,seen,,075fc00dbee0
14921457,2026-09-28 14:55:34,actions-trading,상승모멘텀,071950,seen,,d391d3caf09d
14921457,2026-09-28 14:55:34,actions-trading,상승모멘텀,047040,seen,,aa85b0056e1b
14921457,2026-09-28 14:55:34,actions-trading,상승모멘텀,064960,seen,,516f2654be17
14921457,2026-09-28 14:55:34,actions-trading,상승모멘텀,025620,seen,,23b95420c540
14921457,2026-09-28 14:55:34,actions-trading,상승모멘텀,077500,seen,,9d768e2a88e9
14921457,2026-09-28 14:55:34,actions-trading,상승모멘텀,361610,seen,,bd30778757ce
14921457,2026-09-28 14:55:34,actions-trading,상승모멘텀,306200,seen,,ace5dcc4662d
14921457,2026-09-28 14:55:34,actions-trading,상승모멘텀,036530,seen,,c8131aee5e8d
14921457,2026-09-28 14:55:34,actions-trading,상승모멘텀,006120,seen,,371879077737
14921457,2026-09-28 14:55:34,actions-trading,상승모멘텀,005070,seen,,7f6c4046d33c
14921457,2026-09-28 14:55:34,actions-trading,상승모멘텀,020150,seen,,b8780af95675
14921457,2026-09-28 14:55:34,actions-trading,상승모멘텀,138040,seen,,0c37001ae9ca
14921457,2026-09-28 14:55:34,actions-trading,상승모멘텀,139130,seen,,40fe60c7d6cf
14921457,2026-09-28 14:55:34,actions-trading,Sim4-1,003580,skip,amount,4557653ea08c
14921457,2026-09-28 14:55:34,actions-trading,Sim4-1,044380,skip,amount,719377dcf1ac
14921457,2026-09-28 14:55:34,actions-trading,Sim4-1,003570,skip,adx_high,f65339e5fb87
14921457,2026-09-28 14:55:34,actions-trading,Sim4-1,009830,skip,period,bbfd4688326e
14921457,2026-09-28 14:55:34,actions-trading,Sim4-1,002360,skip,held_or_cooldown,dc9b92e65668
14921457,2026-09-28 14:55:34,actions-trading,Sim4-1,014280,skip,adx_low,0b898c1e7dda
14921457,2026-09-28 14:55:34,actions-trading,Sim4-1,010060,skip,adx_low,3cdc8b895e8f
14921457,2026-09-28 14:55:34,actions-trading,Sim4-1,025560,skip,adx_high,77fadb5bc8bc
14921457,2026-09-28 14:55:34,actions-trading,Sim4-1,051630,skip,amount,17790ae3cd9e
14921457,2026-09-28 14:55:34,actions-trading,Sim4-1,001527,skip,amount,ae776f4cb8ee
14921457,2026-09-28 14:55:34,actions-trading,Sim4-1,020120,skip,amount,69c72ba68aeb
14921457,2026-09-28 14:55:34,actions-trading,Sim4-1,009835,skip,amount,8f4b3a1cc1d4
14921457,2026-09-28 14:55:34,actions-trading,Sim4-1,004440,skip,amount,6141043f62cc
14921457,2026-09-28 14:55:34,actions-trading,Sim4-1,499790,skip,amount,f0ee12812a81
14921457,2026-09-28 14:55:34,actions-trading,Sim4-1,011070,skip,period,d383d3a2c460
14921457,2026-09-28 14:55:34,actions-trading,Sim4-1,004710,skip,held_or_cooldown,d488451285c8
14921457,2026-09-28 14:55:34,actions-trading,Sim4-1,006110,skip,adx_high,075fc00dbee0
14921457,2026-09-28 14:55:34,actions-trading,Sim4-1,071950,skip,amount,d391d3caf09d
14921457,2026-09-28 14:55:34,actions-trading,Sim4-1,047040,skip,period,aa85b0056e1b
14921457,2026-09-28 14:55:34,actions-trading,Sim4-1,064960,skip,adx_high,516f2654be17
14921457,2026-09-28 14:55:34,actions-trading,Sim4-1,025620,skip,amount,23b95420c540
14921457,2026-09-28 14:55:34,actions-trading,Sim4-1,077500,skip,adx_high,9d768e2a88e9
14921457,2026-09-28 14:55:34,actions-trading,Sim4-1,361610,skip,adx_high,bd30778757ce
14921457,2026-09-28 14:55:34,actions-trading,Sim4-1,306200,skip,amount,ace5dcc4662d
14921457,2026-09-28 14:55:34,actions-trading,Sim4-1,036530,skip,amount,c8131aee5e8d
14921457,2026-09-28 14:55:34,actions-trading,Sim4-1,006120,skip,adx_high,371879077737
14921457,2026-09-28 14:55:34,actions-trading,Sim4-1,005070,skip,adx_low,7f6c4046d33c
14921457,2026-09-28 14:55:34,actions-trading,Sim4-1,020150,skip,adx_low,b8780af95675
14921457,2026-09-28 14:55:34,actions-trading,Sim4-1,138040,skip,adx_low,0c37001ae9ca
14921457,2026-09-28 14:55:34,actions-trading,Sim4-1,139130,skip,adx_high,40fe60c7d6cf
14921457,2026-09-28 14:55:35,actions-trading,선행매집,047040,skip,below_anchor,aa85b0056e1b
14921457,2026-09-28 14:55:35,actions-trading,선행매집,009830,skip,below_anchor,bbfd4688326e
14921457,2026-09-28 14:55:35,actions-trading,선행매집,005880,skip,below_anchor,f777226ae84c
14921457,2026-09-28 14:55:35,actions-trading,선행매집,018880,skip,below_anchor,6b15f20d7b7e
14921457,2026-09-28 14:55:35,actions-trading,선행매집,024110,skip,below_anchor,8cdcbcfab0da
14921457,2026-09-28 14:55:35,actions-trading,선행매집,088350,skip,below_anchor,fdc690df9675
14921457,2026-09-28 14:55:35,actions-trading,선행매집,073240,skip,below_anchor,b135c73b4ed9
14921457,2026-09-28 14:55:35,actions-trading,선행매집,003280,skip,below_anchor,4617c87e290c
14921457,2026-09-28 14:55:35,actions-trading,선행매집,316140,skip,no_setup,fd40caea13e7
14921457,2026-09-28 14:55:35,actions-trading,선행매집,015760,skip,no_52w_anchor,c0426874b977
14921457,2026-09-28 14:55:35,actions-trading,선행매집,011200,skip,sold_or_cooldown,06b26ed8685c
14921457,2026-09-28 14:55:35,actions-trading,선행매집,006360,skip,below_anchor,ab7e2c34fd73
14921457,2026-09-28 14:55:35,actions-trading,선행매집,004710,skip,below_anchor,d488451285c8
14921457,2026-09-28 14:55:35,actions-trading,선행매집,096770,skip,held_awaiting_breakout,3f00b71508e4
14921457,2026-09-28 14:55:35,actions-trading,선행매집,035420,skip,below_anchor,0a271c4b55db
14921457,2026-09-28 14:55:35,actions-trading,선행매집,032640,skip,below_anchor,533a900e001d
14921457,2026-09-28 14:55:35,actions-trading,선행매집,003490,skip,sold_or_cooldown,d9da1788814f
14921457,2026-09-28 14:55:35,actions-trading,선행매집,000720,skip,below_anchor,0811f5614d95
14921457,2026-09-28 14:55:35,actions-trading,선행매집,047050,skip,below_anchor,22bb4a2f46bf
14921457,2026-09-28 14:55:35,actions-trading,선행매집,004020,skip,below_anchor,aadef0ef45f5
14921457,2026-09-28 14:55:35,actions-trading,선행매집,035720,skip,below_anchor,a8a708c7283b
14921457,2026-09-28 14:55:35,actions-trading,선행매집,008970,skip,amount,498456d610c5
14921457,2026-09-28 14:55:35,actions-trading,선행매집,066570,skip,below_anchor,efc8c3a95e7d
14921457,2026-09-28 14:55:35,actions-trading,선행매집,279570,skip,below_anchor,45815c7daa1a
14921457,2026-09-28 14:55:35,actions-trading,선행매집,139130,skip,no_setup,40fe60c7d6cf
14921457,2026-09-28 14:55:35,actions-trading,선행매집,028670,skip,no_setup,b7efa72b6388
14921457,2026-09-28 14:55:35,actions-trading,선행매집,002360,skip,no_setup,dc9b92e65668
14921457,2026-09-28 14:55:35,actions-trading,선행매집,007810,skip,below_anchor,0fe1ddff66a0
14921457,2026-09-28 14:55:35,actions-trading,선행매집,323410,skip,below_anchor,c3c84f79d139
14921457,2026-09-28 14:55:35,actions-trading,선행매집,003530,skip,below_anchor,be4b8fb2d0ff
14921457,2026-09-28 14:55:35,actions-trading,Sim9,003580,skip,amount,4557653ea08c
14921457,2026-09-28 14:55:35,actions-trading,Sim9,044380,skip,amount,719377dcf1ac
14921457,2026-09-28 14:55:35,actions-trading,Sim9,003570,skip,gap,f65339e5fb87
14921457,2026-09-28 14:55:35,actions-trading,Sim9,009830,skip,gap,bbfd4688326e
14921457,2026-09-28 14:55:35,actions-trading,Sim9,002360,skip,gap,dc9b92e65668
14921457,2026-09-28 14:55:35,actions-trading,Sim9,014280,skip,gap,0b898c1e7dda
14921457,2026-09-28 14:55:35,actions-trading,Sim9,010060,skip,gap,3cdc8b895e8f
14921457,2026-09-28 14:55:35,actions-trading,Sim9,025560,skip,gap,77fadb5bc8bc
14921457,2026-09-28 14:55:35,actions-trading,Sim9,051630,skip,gap,17790ae3cd9e
14921457,2026-09-28 14:55:35,actions-trading,Sim9,001527,skip,amount,ae776f4cb8ee
14921457,2026-09-28 14:55:35,actions-trading,Sim9,020120,skip,gap,69c72ba68aeb
14921457,2026-09-28 14:55:35,actions-trading,Sim9,009835,skip,amount,8f4b3a1cc1d4
14921457,2026-09-28 14:55:35,actions-trading,Sim9,004440,skip,amount,6141043f62cc
14921457,2026-09-28 14:55:35,actions-trading,Sim9,499790,skip,gap,f0ee12812a81
14921457,2026-09-28 14:55:35,actions-trading,Sim9,011070,skip,gap,d383d3a2c460
14921457,2026-09-28 14:55:35,actions-trading,Sim9,004710,skip,gap,d488451285c8
14921457,2026-09-28 14:55:35,actions-trading,Sim9,006110,skip,gap,075fc00dbee0
14921457,2026-09-28 14:55:35,actions-trading,Sim9,071950,skip,amount,d391d3caf09d
14921457,2026-09-28 14:55:35,actions-trading,Sim9,047040,skip,gap,aa85b0056e1b
14921457,2026-09-28 14:55:35,actions-trading,Sim9,064960,skip,gap,516f2654be17
14921457,2026-09-28 14:55:35,actions-trading,Sim9,025620,skip,amount,23b95420c540
14921457,2026-09-28 14:55:35,actions-trading,Sim9,077500,skip,gap,9d768e2a88e9
14921457,2026-09-28 14:55:35,actions-trading,Sim9,361610,skip,gap,bd30778757ce
14921457,2026-09-28 14:55:35,actions-trading,Sim9,306200,skip,gap,ace5dcc4662d
14921457,2026-09-28 14:55:35,actions-trading,Sim9,036530,skip,gap,c8131aee5e8d
14921457,2026-09-28 14:55:35,actions-trading,Sim9,006120,skip,gap,371879077737
14921457,2026-09-28 14:55:35,actions-trading,Sim9,005070,skip,gap,7f6c4046d33c
14921457,2026-09-28 14:55:35,actions-trading,Sim9,020150,skip,gap,b8780af95675
14921457,2026-09-28 14:55:35,actions-trading,Sim9,138040,skip,gap,0c37001ae9ca
14921457,2026-09-28 14:55:35,actions-trading,Sim9,139130,skip,gap,40fe60c7d6cf
14921457,2026-09-28 14:55:35,actions-trading,미너비니,192820,skip,below_pivot,8d4eb0cebb58
14921457,2026-09-28 14:55:35,actions-trading,미너비니,443060,skip,below_pivot,5cfd29f19db0
14921457,2026-09-28 14:55:35,actions-trading,Sim12,003580,skip,pb2_not_crashed,4557653ea08c
14921457,2026-09-28 14:55:35,actions-trading,Sim12,044380,skip,avoid_deadcat,719377dcf1ac
14921457,2026-09-28 14:55:35,actions-trading,Sim12,003570,skip,avoid_frgn_sell_20d,f65339e5fb87
14921457,2026-09-28 14:55:35,actions-trading,Sim12,009830,skip,pb2_not_crashed,bbfd4688326e
14921457,2026-09-28 14:55:35,actions-trading,Sim12,002360,skip,pb2_not_crashed,dc9b92e65668
14921457,2026-09-28 14:55:35,actions-trading,Sim12,014280,skip,pb2_not_crashed,0b898c1e7dda
14921457,2026-09-28 14:55:35,actions-trading,Sim12,010060,skip,pb2_not_crashed,3cdc8b895e8f
14921457,2026-09-28 14:55:35,actions-trading,Sim12,025560,skip,avoid_frgn_sell_20d,77fadb5bc8bc
14921457,2026-09-28 14:55:35,actions-trading,Sim12,051630,skip,pb2_not_crashed,17790ae3cd9e
14921457,2026-09-28 14:55:35,actions-trading,Sim12,001527,skip,avoid_deadcat,ae776f4cb8ee
14921457,2026-09-28 14:55:35,actions-trading,Sim12,020120,skip,avoid_amount_dry,69c72ba68aeb
14921457,2026-09-28 14:55:35,actions-trading,Sim12,009835,skip,avoid_frgn_sell_20d,8f4b3a1cc1d4
14921457,2026-09-28 14:55:35,actions-trading,Sim12,004440,skip,avoid_frgn_sell_20d,6141043f62cc
14921457,2026-09-28 14:55:35,actions-trading,Sim12,499790,skip,avoid_frgn_sell_20d,f0ee12812a81
14921457,2026-09-28 14:55:35,actions-trading,Sim12,011070,skip,avoid_orgn_sell_high_per,d383d3a2c460
14921457,2026-09-28 14:55:35,actions-trading,Sim12,004710,skip,avoid_frgn_sell_20d,d488451285c8
14921457,2026-09-28 14:55:35,actions-trading,Sim12,006110,skip,avoid_deadcat,075fc00dbee0
14921457,2026-09-28 14:55:35,actions-trading,Sim12,071950,skip,avoid_deadcat,d391d3caf09d
14921457,2026-09-28 14:55:35,actions-trading,Sim12,047040,skip,avoid_frgn_sell_20d,aa85b0056e1b
14921457,2026-09-28 14:55:35,actions-trading,Sim12,064960,skip,avoid_frgn_sell_20d,516f2654be17
14921457,2026-09-28 14:55:35,actions-trading,Sim12,025620,skip,pb2_not_crashed,23b95420c540
14921457,2026-09-28 14:55:35,actions-trading,Sim12,077500,skip,pb2_not_crashed,9d768e2a88e9
14921457,2026-09-28 14:55:35,actions-trading,Sim12,361610,skip,pb2_not_crashed,bd30778757ce
14921457,2026-09-28 14:55:35,actions-trading,Sim12,306200,skip,pb2_not_crashed,ace5dcc4662d
14921457,2026-09-28 14:55:35,actions-trading,Sim12,036530,skip,avoid_frgn_sell_20d,c8131aee5e8d
14921457,2026-09-28 14:55:35,actions-trading,Sim12,006120,skip,avoid_frgn_sell_20d,371879077737
14921457,2026-09-28 14:55:35,actions-trading,Sim12,005070,skip,avoid_frgn_sell_20d,7f6c4046d33c
14921457,2026-09-28 14:55:35,actions-trading,Sim12,020150,skip,avoid_frgn_sell_20d,b8780af95675
14921457,2026-09-28 14:55:35,actions-trading,Sim12,138040,skip,avoid_frgn_sell_20d,0c37001ae9ca
14921457,2026-09-28 14:55:35,actions-trading,Sim12,139130,skip,avoid_frgn_sell_20d,40fe60c7d6cf
14921457,2026-09-28 14:55:35,actions-trading,Sim12,014990,skip,avoid_amount_dry,0f683b2bbd4c
14921457,2026-09-28 14:55:35,actions-trading,Sim12,402340,skip,pb2_not_crashed,a259e067f67b
14921457,2026-09-28 14:55:35,actions-trading,Sim12,109070,skip,pb2_not_crashed,1f4f9b5afa97
14921457,2026-09-28 14:55:35,actions-trading,Sim12,002820,skip,pb2_not_crashed,d2167b39ec45
14921457,2026-09-28 14:55:35,actions-trading,Sim12,009420,skip,pb2_not_crashed,26b71131de66
14921457,2026-09-28 14:55:35,actions-trading,Sim12,009190,skip,pb2_no_inst_buying,7ad1120907a8
14921457,2026-09-28 14:55:35,actions-trading,Sim12,002787,skip,avoid_amount_dry,937caeb0a5fa
14921457,2026-09-28 14:55:35,actions-trading,Sim12,069960,skip,avoid_frgn_sell_20d,e44bd7682947
14921457,2026-09-28 14:55:35,actions-trading,Sim12,000150,skip,avoid_frgn_sell_20d,838d614b3974
14921457,2026-09-28 14:55:35,actions-trading,Sim12,028260,skip,pb2_not_crashed,de9305f79968
14921457,2026-09-28 14:55:35,actions-trading,Sim12,004545,skip,pb2_not_crashed,fdcd55706703
14921457,2026-09-28 14:55:35,actions-trading,Sim12,005935,skip,avoid_frgn_sell_20d,90247db00bcf
14921457,2026-09-28 14:55:35,actions-trading,Sim12,02826K,skip,pb2_not_crashed,2e2d7fdebb15
14921457,2026-09-28 14:55:35,actions-trading,Sim12,000500,skip,avoid_amount_dry,8503aaf74a12
14921457,2026-09-28 14:55:35,actions-trading,Sim12,034730,skip,pb2_not_crashed,66abef230a82
14921457,2026-09-28 14:55:35,actions-trading,Sim12,007660,skip,pb2_not_crashed,f7e24eaa3f5b
14921457,2026-09-28 14:55:35,actions-trading,Sim12,192650,skip,avoid_frgn_sell_20d,6a3d1dd1e3df
14921457,2026-09-28 14:55:35,actions-trading,Sim12,011090,skip,avoid_amount_dry,26f379fdbc24
14921457,2026-09-28 14:55:35,actions-trading,Sim12,005930,skip,pb2_not_crashed,79fa989fed65
14921457,2026-09-28 14:55:35,actions-trading,Sim12,03473K,skip,avoid_frgn_sell_20d,1d7e1fa33f64
14921457,2026-09-28 14:55:35,actions-trading,Sim12,002030,skip,avoid_frgn_sell_20d,54acbad27db0
14921457,2026-09-28 14:55:35,actions-trading,Sim12,000660,skip,avoid_frgn_sell_20d,8eac99cff8af
14921457,2026-09-28 14:55:35,actions-trading,Sim12,003060,skip,avoid_amount_dry,eb570c8a33c0
14921457,2026-09-28 14:55:35,actions-trading,Sim12,002070,skip,avoid_amount_dry,c14d1c5d8a78
14921457,2026-09-28 14:55:35,actions-trading,Sim12,010580,skip,avoid_amount_dry,f1e1fec05a83
14921457,2026-09-28 14:55:35,actions-trading,Sim12,298040,skip,pb2_not_crashed,a13a22327caa
14921457,2026-09-28 14:55:35,actions-trading,Sim12,101140,skip,avoid_amount_dry,c2ba5993645f
14921457,2026-09-28 14:55:35,actions-trading,Sim12,000157,skip,avoid_frgn_hold_drop,574be0b4c023
14921457,2026-09-28 14:55:35,actions-trading,Sim12,128940,skip,avoid_amount_dry,270cead395aa
14921457,2026-09-28 14:55:35,actions-trading,Sim12,011390,skip,avoid_amount_dry,762f029aecbe
14921457,2026-09-28 14:55:36,actions-trading,Sim13,003580,skip,theme_momentum_weak,4557653ea08c
14921457,2026-09-28 14:55:36,actions-trading,Sim13,044380,skip,theme_momentum_weak,719377dcf1ac
14921457,2026-09-28 14:55:36,actions-trading,Sim13,003570,skip,theme_momentum_weak,f65339e5fb87
14921457,2026-09-28 14:55:36,actions-trading,Sim13,009830,skip,theme_momentum_weak,bbfd4688326e
14921457,2026-09-28 14:55:36,actions-trading,Sim13,002360,skip,held_or_cooldown,dc9b92e65668
14921457,2026-09-28 14:55:36,actions-trading,Sim13,014280,skip,theme_momentum_weak,0b898c1e7dda
14921457,2026-09-28 14:55:36,actions-trading,Sim13,010060,skip,theme_momentum_weak,3cdc8b895e8f
14921457,2026-09-28 14:55:36,actions-trading,Sim13,025560,skip,theme_momentum_weak,77fadb5bc8bc
14921457,2026-09-28 14:55:36,actions-trading,Sim13,051630,skip,adx_weak,17790ae3cd9e
14921457,2026-09-28 14:55:36,actions-trading,Sim13,001527,skip,theme_momentum_weak,ae776f4cb8ee
14921457,2026-09-28 14:55:36,actions-trading,Sim13,020120,skip,adx_weak,69c72ba68aeb
14921457,2026-09-28 14:55:36,actions-trading,Sim13,009835,skip,theme_momentum_weak,8f4b3a1cc1d4
14921457,2026-09-28 14:55:36,actions-trading,Sim13,004440,skip,theme_momentum_weak,6141043f62cc
14921457,2026-09-28 14:55:36,actions-trading,Sim13,499790,skip,theme_momentum_weak,f0ee12812a81
14921457,2026-09-28 14:55:36,actions-trading,Sim13,011070,skip,theme_momentum_weak,d383d3a2c460
14921457,2026-09-28 14:55:36,actions-trading,Sim13,004710,skip,no_frgn_support,d488451285c8
14921457,2026-09-28 14:55:36,actions-trading,Sim13,006110,skip,theme_momentum_weak,075fc00dbee0
14921457,2026-09-28 14:55:36,actions-trading,Sim13,071950,skip,theme_momentum_weak,d391d3caf09d
14921457,2026-09-28 14:55:36,actions-trading,Sim13,047040,skip,theme_momentum_weak,aa85b0056e1b
14921457,2026-09-28 14:55:36,actions-trading,Sim13,064960,skip,theme_momentum_weak,516f2654be17
14921457,2026-09-28 14:55:36,actions-trading,Sim13,025620,skip,theme_momentum_weak,23b95420c540
14921457,2026-09-28 14:55:36,actions-trading,Sim13,077500,skip,held_or_cooldown,9d768e2a88e9
14921457,2026-09-28 14:55:36,actions-trading,Sim13,361610,skip,theme_momentum_weak,bd30778757ce
14921457,2026-09-28 14:55:36,actions-trading,Sim13,306200,skip,theme_momentum_weak,ace5dcc4662d
14921457,2026-09-28 14:55:36,actions-trading,Sim13,036530,skip,theme_momentum_weak,c8131aee5e8d
14921457,2026-09-28 14:55:36,actions-trading,Sim13,006120,skip,no_frgn_support,371879077737
14921457,2026-09-28 14:55:36,actions-trading,Sim13,005070,skip,theme_momentum_weak,7f6c4046d33c
14921457,2026-09-28 14:55:36,actions-trading,Sim13,020150,skip,theme_momentum_weak,b8780af95675
14921457,2026-09-28 14:55:36,actions-trading,Sim13,138040,skip,theme_momentum_weak,0c37001ae9ca
14921457,2026-09-28 14:55:36,actions-trading,Sim13,139130,skip,theme_momentum_weak,40fe60c7d6cf
14921458,2026-09-28 14:56:59,actions-trading,Sim3,402340,skip,qty_zero,5c612332dc53
14921458,2026-09-28 14:56:59,actions-trading,Sim3,383800,skip,amount,ed3db1f003cd
14921458,2026-09-28 14:56:59,actions-trading,Sim3,462870,skip,amount,febf92530104
14921458,2026-09-28 14:56:59,actions-trading,Sim3,000660,skip,qty_zero,a1d019ff7ffb
14921458,2026-09-28 14:56:59,actions-trading,Sim3,071970,skip,amount,41d19ddfec0b
14921458,2026-09-28 14:56:59,actions-trading,Sim3,042700,skip,not_cheap,a292e9409cb8
14921458,2026-09-28 14:56:59,actions-trading,Sim3,326030,skip,amount,fbbb8a176699
14921458,2026-09-28 14:56:59,actions-trading,Sim3,207940,skip,not_cheap,c1a1269ef0ce
14921458,2026-09-28 14:56:59,actions-trading,Sim3,033920,skip,amount,c1206dca6dc9
14921458,2026-09-28 14:56:59,actions-trading,Sim3,004770,skip,amount,2786728ec19f
14921458,2026-09-28 14:56:59,actions-trading,Sim3,0126Z0,skip,not_cheap,1f6e6f785c7d
14921458,2026-09-28 14:56:59,actions-trading,Sim3,062040,skip,not_cheap,0b399585ff2a
14921458,2026-09-28 14:56:59,actions-trading,Sim3,317450,skip,amount,b4a288b516e2
14921458,2026-09-28 14:56:59,actions-trading,Sim3,026960,skip,amount,6092d517b635
14921458,2026-09-28 14:56:59,actions-trading,Sim3,021820,skip,amount,ade57bbd4eb0
14921458,2026-09-28 14:56:59,actions-trading,Sim3,192080,skip,amount,f8775633d887
14921458,2026-09-28 14:56:59,actions-trading,Sim3,068270,skip,cooldown,c8f602e18469
14921458,2026-09-28 14:56:59,actions-trading,Sim3,123890,skip,amount,7a9e63e4697b
14921458,2026-09-28 14:56:59,actions-trading,Sim3,000240,skip,amount,bd9698a30338
14921458,2026-09-28 14:56:59,actions-trading,Sim3,002380,skip,cooldown,21dc715366fc
14921458,2026-09-28 14:56:59,actions-trading,Sim3,009770,skip,amount,290b5f189c0c
14921458,2026-09-28 14:56:59,actions-trading,Sim3,259960,skip,cooldown,df11e20b6f7d
14921458,2026-09-28 14:56:59,actions-trading,Sim3,035250,skip,amount,319a5489a716
14921458,2026-09-28 14:56:59,actions-trading,Sim3,383220,skip,amount,0fcc7ccd979e
14921458,2026-09-28 14:56:59,actions-trading,Sim3,226320,skip,amount,34dcff46dad1
14921458,2026-09-28 14:56:59,actions-trading,Sim3,439260,skip,amount,076b78d22327
14921458,2026-09-28 14:56:59,actions-trading,Sim3,025560,skip,cooldown,5516e5957551
14921458,2026-09-28 14:56:59,actions-trading,Sim3,007700,skip,amount,6270fe721faf
14921458,2026-09-28 14:56:59,actions-trading,Sim3,278470,skip,not_cheap,0f7ae885a16a
14921458,2026-09-28 14:56:59,actions-trading,Sim3,000990,skip,not_cheap,b89807efd26e
14921458,2026-09-28 14:57:35,actions-trading,MFHS2,047040,skip,max_holdings,dbd2b05a7f4e
14921458,2026-09-28 14:57:35,actions-trading,MFHS2,005880,seen,,83bfadf3e16c
14921458,2026-09-28 14:57:35,actions-trading,MFHS2,024110,seen,,86ae926b7c7b
14921458,2026-09-28 14:57:35,actions-trading,MFHS2,009830,seen,,8e2fe707031c
14921458,2026-09-28 14:57:35,actions-trading,MFHS2,018880,seen,,8bc443827527
14921458,2026-09-28 14:57:35,actions-trading,MFHS2,316140,seen,,bb90e7e7f5bf
14921458,2026-09-28 14:57:35,actions-trading,MFHS2,088350,seen,,24a98725fa67
14921458,2026-09-28 14:57:35,actions-trading,MFHS2,003280,seen,,9c7380798201
14921458,2026-09-28 14:57:35,actions-trading,MFHS2,006360,seen,,523d9e102ca3
14921458,2026-09-28 14:57:35,actions-trading,MFHS2,073240,seen,,1321ca823907
14921458,2026-09-28 14:57:35,actions-trading,MFHS2,011200,seen,,66cb39c00e95
14921458,2026-09-28 14:57:35,actions-trading,MFHS2,004020,seen,,02ec65ae2bd1
14921458,2026-09-28 14:57:35,actions-trading,MFHS2,015760,seen,,7b200552d6f5
14921458,2026-09-28 14:57:35,actions-trading,MFHS2,032640,seen,,6b3e0785c2e8
14921458,2026-09-28 14:57:35,actions-trading,MFHS2,003490,seen,,3bb1cb952e28
14921458,2026-09-28 14:57:35,actions-trading,MFHS2,279570,seen,,f629db660e11
14921458,2026-09-28 14:57:35,actions-trading,MFHS2,096770,seen,,e3eaca5bc392
14921458,2026-09-28 14:57:35,actions-trading,MFHS2,047050,seen,,15b22659e761
14921458,2026-09-28 14:57:35,actions-trading,MFHS2,323410,seen,,c951dfcad460
14921458,2026-09-28 14:57:35,actions-trading,MFHS2,035420,seen,,80a654e19430
14921458,2026-09-28 14:57:35,actions-trading,MFHS2,004710,seen,,7b680f76838c
14921458,2026-09-28 14:57:35,actions-trading,MFHS2,008970,seen,,ec3aebd8a59d
14921458,2026-09-28 14:57:35,actions-trading,MFHS2,139130,seen,,c2f8cc22b0a4
14921458,2026-09-28 14:57:35,actions-trading,MFHS2,007810,seen,,3b67b83cc056
14921458,2026-09-28 14:57:35,actions-trading,MFHS2,035720,seen,,55efb2cdd63f
14921458,2026-09-28 14:57:35,actions-trading,MFHS2,003530,seen,,b043b67be08a
14921458,2026-09-28 14:57:35,actions-trading,MFHS2,000720,seen,,865dae8074fa
14921458,2026-09-28 14:57:35,actions-trading,MFHS2,051630,seen,,2fddde568fea
14921458,2026-09-28 14:57:35,actions-trading,MFHS2,002360,seen,,150214cc7ab0
14921458,2026-09-28 14:57:35,actions-trading,MFHS2,028670,seen,,3a05cce9620f
14921458,2026-09-28 14:57:39,actions-trading,상승모멘텀,003580,skip,max_holdings,4557653ea08c
14921458,2026-09-28 14:57:39,actions-trading,상승모멘텀,044380,seen,,9d40f4cb0650
14921458,2026-09-28 14:57:39,actions-trading,상승모멘텀,003570,seen,,f560314d9146
14921458,2026-09-28 14:57:39,actions-trading,상승모멘텀,009830,seen,,8e2fe707031c
14921458,2026-09-28 14:57:39,actions-trading,상승모멘텀,002360,seen,,150214cc7ab0
14921458,2026-09-28 14:57:39,actions-trading,상승모멘텀,014280,seen,,90f21d16465e
14921458,2026-09-28 14:57:39,actions-trading,상승모멘텀,025560,seen,,ed67a264eb62
14921458,2026-09-28 14:57:39,actions-trading,상승모멘텀,010060,seen,,b300a5e22452
14921458,2026-09-28 14:57:39,actions-trading,상승모멘텀,020120,seen,,9c672ab689ba
14921458,2026-09-28 14:57:39,actions-trading,상승모멘텀,001527,seen,,ae776f4cb8ee
14921458,2026-09-28 14:57:39,actions-trading,상승모멘텀,051630,seen,,2fddde568fea
14921458,2026-09-28 14:57:39,actions-trading,상승모멘텀,009835,seen,,0ded3f53c64c
14921458,2026-09-28 14:57:39,actions-trading,상승모멘텀,004440,seen,,023348704d7e
14921458,2026-09-28 14:57:39,actions-trading,상승모멘텀,011070,seen,,e7976688d575
14921458,2026-09-28 14:57:39,actions-trading,상승모멘텀,004710,seen,,7b680f76838c
14921458,2026-09-28 14:57:39,actions-trading,상승모멘텀,006110,seen,,4721bc7cbbe8
14921458,2026-09-28 14:57:39,actions-trading,상승모멘텀,499790,seen,,83afbfbcd5c5
14921458,2026-09-28 14:57:39,actions-trading,상승모멘텀,071950,seen,,de664f7878ca
14921458,2026-09-28 14:57:39,actions-trading,상승모멘텀,047040,seen,,dbd2b05a7f4e
14921458,2026-09-28 14:57:39,actions-trading,상승모멘텀,064960,seen,,f074a83c5b99
14921458,2026-09-28 14:57:39,actions-trading,상승모멘텀,025620,seen,,bdb973ae9558
14921458,2026-09-28 14:57:39,actions-trading,상승모멘텀,077500,seen,,bc97f91dfc19
14921458,2026-09-28 14:57:39,actions-trading,상승모멘텀,005070,seen,,dd40a9a09e75
14921458,2026-09-28 14:57:39,actions-trading,상승모멘텀,138040,seen,,5899180c2a13
14921458,2026-09-28 14:57:39,actions-trading,상승모멘텀,361610,seen,,3b6cd77bc6b0
14921458,2026-09-28 14:57:39,actions-trading,상승모멘텀,036530,seen,,4a120ad8d067
14921458,2026-09-28 14:57:39,actions-trading,상승모멘텀,306200,seen,,d1297f8230e9
14921458,2026-09-28 14:57:39,actions-trading,상승모멘텀,006120,seen,,232140ff9a65
14921458,2026-09-28 14:57:39,actions-trading,상승모멘텀,020150,seen,,4975d4945ba8
14921458,2026-09-28 14:57:39,actions-trading,상승모멘텀,007810,seen,,3b67b83cc056
14921458,2026-09-28 14:57:39,actions-trading,Sim4-1,003580,skip,amount,4557653ea08c
14921458,2026-09-28 14:57:39,actions-trading,Sim4-1,044380,skip,amount,9d40f4cb0650
14921458,2026-09-28 14:57:39,actions-trading,Sim4-1,003570,skip,adx_high,f560314d9146
14921458,2026-09-28 14:57:39,actions-trading,Sim4-1,009830,skip,period,8e2fe707031c
14921458,2026-09-28 14:57:39,actions-trading,Sim4-1,002360,skip,held_or_cooldown,150214cc7ab0
14921458,2026-09-28 14:57:39,actions-trading,Sim4-1,014280,skip,adx_low,90f21d16465e
14921458,2026-09-28 14:57:39,actions-trading,Sim4-1,025560,skip,adx_high,ed67a264eb62
14921458,2026-09-28 14:57:39,actions-trading,Sim4-1,010060,skip,adx_low,b300a5e22452
14921458,2026-09-28 14:57:39,actions-trading,Sim4-1,020120,skip,amount,9c672ab689ba
14921458,2026-09-28 14:57:39,actions-trading,Sim4-1,001527,skip,amount,ae776f4cb8ee
14921458,2026-09-28 14:57:39,actions-trading,Sim4-1,051630,skip,amount,2fddde568fea
14921458,2026-09-28 14:57:39,actions-trading,Sim4-1,009835,skip,amount,0ded3f53c64c
14921458,2026-09-28 14:57:39,actions-trading,Sim4-1,004440,skip,amount,023348704d7e
14921458,2026-09-28 14:57:39,actions-trading,Sim4-1,011070,skip,period,e7976688d575
14921458,2026-09-28 14:57:39,actions-trading,Sim4-1,004710,skip,held_or_cooldown,7b680f76838c
14921458,2026-09-28 14:57:39,actions-trading,Sim4-1,006110,skip,adx_high,4721bc7cbbe8
14921458,2026-09-28 14:57:39,actions-trading,Sim4-1,499790,skip,amount,83afbfbcd5c5
14921458,2026-09-28 14:57:39,actions-trading,Sim4-1,071950,skip,amount,de664f7878ca
14921458,2026-09-28 14:57:39,actions-trading,Sim4-1,047040,skip,period,dbd2b05a7f4e
14921458,2026-09-28 14:57:39,actions-trading,Sim4-1,064960,skip,adx_high,f074a83c5b99
14921458,2026-09-28 14:57:39,actions-trading,Sim4-1,025620,skip,amount,bdb973ae9558
14921458,2026-09-28 14:57:39,actions-trading,Sim4-1,077500,skip,adx_high,bc97f91dfc19
14921458,2026-09-28 14:57:39,actions-trading,Sim4-1,005070,skip,adx_low,dd40a9a09e75
14921458,2026-09-28 14:57:39,actions-trading,Sim4-1,138040,skip,adx_low,5899180c2a13
14921458,2026-09-28 14:57:39,actions-trading,Sim4-1,361610,skip,adx_high,3b6cd77bc6b0
14921458,2026-09-28 14:57:39,actions-trading,Sim4-1,036530,skip,amount,4a120ad8d067
14921458,2026-09-28 14:57:39,actions-trading,Sim4-1,306200,skip,amount,d1297f8230e9
14921458,2026-09-28 14:57:39,actions-trading,Sim4-1,006120,skip,adx_high,232140ff9a65
14921458,2026-09-28 14:57:39,actions-trading,Sim4-1,020150,skip,adx_low,4975d4945ba8
14921458,2026-09-28 14:57:39,actions-trading,Sim4-1,007810,skip,adx_high,3b67b83cc056
14921458,2026-09-28 14:57:40,actions-trading,선행매집,047040,skip,below_anchor,dbd2b05a7f4e
14921458,2026-09-28 14:57:40,actions-trading,선행매집,009830,skip,below_anchor,8e2fe707031c
14921458,2026-09-28 14:57:40,actions-trading,선행매집,005880,skip,below_anchor,83bfadf3e16c
14921458,2026-09-28 14:57:40,actions-trading,선행매집,018880,skip,below_anchor,8bc443827527
14921458,2026-09-28 14:57:40,actions-trading,선행매집,024110,skip,below_anchor,86ae926b7c7b
14921458,2026-09-28 14:57:40,actions-trading,선행매집,088350,skip,below_anchor,24a98725fa67
14921458,2026-09-28 14:57:40,actions-trading,선행매집,073240,skip,below_anchor,1321ca823907
14921458,2026-09-28 14:57:40,actions-trading,선행매집,003280,skip,below_anchor,9c7380798201
14921458,2026-09-28 14:57:40,actions-trading,선행매집,316140,skip,no_setup,bb90e7e7f5bf
14921458,2026-09-28 14:57:40,actions-trading,선행매집,015760,skip,below_anchor,7b200552d6f5
14921458,2026-09-28 14:57:40,actions-trading,선행매집,011200,skip,sold_or_cooldown,66cb39c00e95
14921458,2026-09-28 14:57:40,actions-trading,선행매집,006360,skip,below_anchor,523d9e102ca3
14921458,2026-09-28 14:57:40,actions-trading,선행매집,004710,skip,below_anchor,7b680f76838c
14921458,2026-09-28 14:57:40,actions-trading,선행매집,096770,skip,held_awaiting_breakout,e3eaca5bc392
14921458,2026-09-28 14:57:40,actions-trading,선행매집,035420,skip,below_anchor,80a654e19430
14921458,2026-09-28 14:57:40,actions-trading,선행매집,032640,skip,below_anchor,6b3e0785c2e8
14921458,2026-09-28 14:57:40,actions-trading,선행매집,003490,skip,sold_or_cooldown,3bb1cb952e28
14921458,2026-09-28 14:57:40,actions-trading,선행매집,000720,skip,below_anchor,865dae8074fa
14921458,2026-09-28 14:57:40,actions-trading,선행매집,047050,skip,below_anchor,15b22659e761
14921458,2026-09-28 14:57:40,actions-trading,선행매집,004020,skip,below_anchor,02ec65ae2bd1
14921458,2026-09-28 14:57:40,actions-trading,선행매집,035720,skip,below_anchor,55efb2cdd63f
14921458,2026-09-28 14:57:40,actions-trading,선행매집,008970,skip,amount,ec3aebd8a59d
14921458,2026-09-28 14:57:40,actions-trading,선행매집,066570,skip,below_anchor,254d42766845
14921458,2026-09-28 14:57:40,actions-trading,선행매집,279570,skip,below_anchor,f629db660e11
14921458,2026-09-28 14:57:40,actions-trading,선행매집,139130,skip,no_setup,c2f8cc22b0a4
14921458,2026-09-28 14:57:40,actions-trading,선행매집,028670,skip,no_setup,3a05cce9620f
14921458,2026-09-28 14:57:40,actions-trading,선행매집,002360,skip,no_setup,150214cc7ab0
14921458,2026-09-28 14:57:40,actions-trading,선행매집,007810,skip,below_anchor,3b67b83cc056
14921458,2026-09-28 14:57:40,actions-trading,선행매집,323410,skip,below_anchor,c951dfcad460
14921458,2026-09-28 14:57:40,actions-trading,선행매집,003530,skip,below_anchor,b043b67be08a
14921458,2026-09-28 14:57:40,actions-trading,Sim9,003580,skip,amount,4557653ea08c
14921458,2026-09-28 14:57:40,actions-trading,Sim9,044380,skip,amount,9d40f4cb0650
14921458,2026-09-28 14:57:40,actions-trading,Sim9,003570,skip,gap,f560314d9146
14921458,2026-09-28 14:57:40,actions-trading,Sim9,009830,skip,gap,8e2fe707031c
14921458,2026-09-28 14:57:40,actions-trading,Sim9,002360,skip,gap,150214cc7ab0
14921458,2026-09-28 14:57:40,actions-trading,Sim9,014280,skip,gap,90f21d16465e
14921458,2026-09-28 14:57:40,actions-trading,Sim9,025560,skip,gap,ed67a264eb62
14921458,2026-09-28 14:57:40,actions-trading,Sim9,010060,skip,gap,b300a5e22452
14921458,2026-09-28 14:57:40,actions-trading,Sim9,020120,skip,gap,9c672ab689ba
14921458,2026-09-28 14:57:40,actions-trading,Sim9,001527,skip,amount,ae776f4cb8ee
14921458,2026-09-28 14:57:40,actions-trading,Sim9,051630,skip,gap,2fddde568fea
14921458,2026-09-28 14:57:40,actions-trading,Sim9,009835,skip,amount,0ded3f53c64c
14921458,2026-09-28 14:57:40,actions-trading,Sim9,004440,skip,amount,023348704d7e
14921458,2026-09-28 14:57:40,actions-trading,Sim9,011070,skip,gap,e7976688d575
14921458,2026-09-28 14:57:40,actions-trading,Sim9,004710,skip,gap,7b680f76838c
14921458,2026-09-28 14:57:40,actions-trading,Sim9,006110,skip,gap,4721bc7cbbe8
14921458,2026-09-28 14:57:40,actions-trading,Sim9,499790,skip,gap,83afbfbcd5c5
14921458,2026-09-28 14:57:40,actions-trading,Sim9,071950,skip,amount,de664f7878ca
14921458,2026-09-28 14:57:40,actions-trading,Sim9,047040,skip,gap,dbd2b05a7f4e
14921458,2026-09-28 14:57:40,actions-trading,Sim9,064960,skip,gap,f074a83c5b99
14921458,2026-09-28 14:57:40,actions-trading,Sim9,025620,skip,amount,bdb973ae9558
14921458,2026-09-28 14:57:40,actions-trading,Sim9,077500,skip,gap,bc97f91dfc19
14921458,2026-09-28 14:57:40,actions-trading,Sim9,005070,skip,gap,dd40a9a09e75
14921458,2026-09-28 14:57:40,actions-trading,Sim9,138040,skip,gap,5899180c2a13
14921458,2026-09-28 14:57:40,actions-trading,Sim9,361610,skip,gap,3b6cd77bc6b0
14921458,2026-09-28 14:57:40,actions-trading,Sim9,036530,skip,gap,4a120ad8d067
14921458,2026-09-28 14:57:40,actions-trading,Sim9,306200,skip,gap,d1297f8230e9
14921458,2026-09-28 14:57:40,actions-trading,Sim9,006120,skip,gap,232140ff9a65
14921458,2026-09-28 14:57:40,actions-trading,Sim9,020150,skip,gap,4975d4945ba8
14921458,2026-09-28 14:57:40,actions-trading,Sim9,007810,skip,gap,3b67b83cc056
14921458,2026-09-28 14:57:40,actions-trading,미너비니,192820,skip,below_pivot,de98071bb24e
14921458,2026-09-28 14:57:40,actions-trading,미너비니,443060,skip,below_pivot,28db14ca9c8f
14921458,2026-09-28 14:57:40,actions-trading,Sim12,003580,skip,pb2_not_crashed,4557653ea08c
14921458,2026-09-28 14:57:40,actions-trading,Sim12,044380,skip,avoid_deadcat,9d40f4cb0650
14921458,2026-09-28 14:57:40,actions-trading,Sim12,003570,skip,avoid_frgn_sell_20d,f560314d9146
14921458,2026-09-28 14:57:40,actions-trading,Sim12,009830,skip,pb2_not_crashed,8e2fe707031c
14921458,2026-09-28 14:57:40,actions-trading,Sim12,002360,skip,pb2_not_crashed,150214cc7ab0
14921458,2026-09-28 14:57:40,actions-trading,Sim12,014280,skip,pb2_not_crashed,90f21d16465e
14921458,2026-09-28 14:57:40,actions-trading,Sim12,025560,skip,avoid_frgn_sell_20d,ed67a264eb62
14921458,2026-09-28 14:57:40,actions-trading,Sim12,010060,skip,pb2_not_crashed,b300a5e22452
14921458,2026-09-28 14:57:40,actions-trading,Sim12,020120,skip,avoid_amount_dry,9c672ab689ba
14921458,2026-09-28 14:57:40,actions-trading,Sim12,001527,skip,avoid_deadcat,ae776f4cb8ee
14921458,2026-09-28 14:57:40,actions-trading,Sim12,051630,skip,pb2_not_crashed,2fddde568fea
14921458,2026-09-28 14:57:40,actions-trading,Sim12,009835,skip,avoid_frgn_sell_20d,0ded3f53c64c
14921458,2026-09-28 14:57:40,actions-trading,Sim12,004440,skip,avoid_frgn_sell_20d,023348704d7e
14921458,2026-09-28 14:57:40,actions-trading,Sim12,011070,skip,avoid_orgn_sell_high_per,e7976688d575
14921458,2026-09-28 14:57:40,actions-trading,Sim12,004710,skip,avoid_frgn_sell_20d,7b680f76838c
14921458,2026-09-28 14:57:40,actions-trading,Sim12,006110,skip,avoid_deadcat,4721bc7cbbe8
14921458,2026-09-28 14:57:40,actions-trading,Sim12,499790,skip,avoid_frgn_sell_20d,83afbfbcd5c5
14921458,2026-09-28 14:57:40,actions-trading,Sim12,071950,skip,avoid_deadcat,de664f7878ca
14921458,2026-09-28 14:57:40,actions-trading,Sim12,047040,skip,avoid_frgn_sell_20d,dbd2b05a7f4e
14921458,2026-09-28 14:57:40,actions-trading,Sim12,064960,skip,avoid_frgn_sell_20d,f074a83c5b99
14921458,2026-09-28 14:57:40,actions-trading,Sim12,025620,skip,pb2_not_crashed,bdb973ae9558
14921458,2026-09-28 14:57:40,actions-trading,Sim12,077500,skip,pb2_not_crashed,bc97f91dfc19
14921458,2026-09-28 14:57:40,actions-trading,Sim12,005070,skip,avoid_frgn_sell_20d,dd40a9a09e75
14921458,2026-09-28 14:57:40,actions-trading,Sim12,138040,skip,avoid_frgn_sell_20d,5899180c2a13
14921458,2026-09-28 14:57:40,actions-trading,Sim12,361610,skip,pb2_not_crashed,3b6cd77bc6b0
14921458,2026-09-28 14:57:40,actions-trading,Sim12,036530,skip,avoid_frgn_sell_20d,4a120ad8d067
14921458,2026-09-28 14:57:40,actions-trading,Sim12,306200,skip,pb2_not_crashed,d1297f8230e9
14921458,2026-09-28 14:57:40,actions-trading,Sim12,006120,skip,avoid_frgn_sell_20d,232140ff9a65
14921458,2026-09-28 14:57:40,actions-trading,Sim12,020150,skip,avoid_frgn_sell_20d,4975d4945ba8
14921458,2026-09-28 14:57:40,actions-trading,Sim12,007810,skip,pb2_not_crashed,3b67b83cc056
14921458,2026-09-28 14:57:40,actions-trading,Sim12,014990,skip,avoid_amount_dry,4d529c7795ed
14921458,2026-09-28 14:57:40,actions-trading,Sim12,402340,skip,pb2_not_crashed,30c478307089
14921458,2026-09-28 14:57:40,actions-trading,Sim12,109070,skip,pb2_not_crashed,c25c194ca80c
14921458,2026-09-28 14:57:40,actions-trading,Sim12,002820,skip,pb2_not_crashed,76f2d1317798
14921458,2026-09-28 14:57:40,actions-trading,Sim12,009420,skip,pb2_not_crashed,a1f20d72678f
14921458,2026-09-28 14:57:40,actions-trading,Sim12,009190,skip,pb2_no_inst_buying,ab79a57d5925
14921458,2026-09-28 14:57:40,actions-trading,Sim12,002787,skip,avoid_amount_dry,937caeb0a5fa
14921458,2026-09-28 14:57:40,actions-trading,Sim12,069960,skip,avoid_frgn_sell_20d,ec8e56d2e75c
14921458,2026-09-28 14:57:40,actions-trading,Sim12,000150,skip,avoid_frgn_sell_20d,c8258f74f75a
14921458,2026-09-28 14:57:40,actions-trading,Sim12,004545,skip,pb2_not_crashed,fdcd55706703
14921458,2026-09-28 14:57:40,actions-trading,Sim12,028260,skip,pb2_not_crashed,4ebca9974955
14921458,2026-09-28 14:57:40,actions-trading,Sim12,000500,skip,avoid_amount_dry,d798c3745623
14921458,2026-09-28 14:57:40,actions-trading,Sim12,02826K,skip,pb2_not_crashed,6b19719eb6c2
14921458,2026-09-28 14:57:40,actions-trading,Sim12,005935,skip,avoid_frgn_sell_20d,7582f214b01d
14921458,2026-09-28 14:57:40,actions-trading,Sim12,007660,skip,pb2_not_crashed,34f1039aa7fb
14921458,2026-09-28 14:57:40,actions-trading,Sim12,192650,skip,avoid_frgn_sell_20d,d344c6a42321
14921458,2026-09-28 14:57:40,actions-trading,Sim12,034730,skip,pb2_not_crashed,b0d1b96b39d3
14921458,2026-09-28 14:57:40,actions-trading,Sim12,011090,skip,avoid_amount_dry,e408d5f83d00
14921458,2026-09-28 14:57:40,actions-trading,Sim12,003060,skip,avoid_amount_dry,6bb10381c69b
14921458,2026-09-28 14:57:40,actions-trading,Sim12,03473K,skip,avoid_frgn_sell_20d,1d7e1fa33f64
14921458,2026-09-28 14:57:40,actions-trading,Sim12,005930,skip,pb2_not_crashed,2f89d36e0194
14921458,2026-09-28 14:57:40,actions-trading,Sim12,002030,skip,avoid_frgn_sell_20d,54acbad27db0
14921458,2026-09-28 14:57:40,actions-trading,Sim12,000660,skip,avoid_frgn_sell_20d,cb22724399fb
14921458,2026-09-28 14:57:40,actions-trading,Sim12,002070,skip,avoid_amount_dry,6d440fdab5d4
14921458,2026-09-28 14:57:40,actions-trading,Sim12,011390,skip,avoid_amount_dry,d28b85c2f43a
14921458,2026-09-28 14:57:40,actions-trading,Sim12,101140,skip,avoid_amount_dry,b378148d6b37
14921458,2026-09-28 14:57:40,actions-trading,Sim12,044820,skip,avoid_amount_dry,6707fc02c353
14921458,2026-09-28 14:57:40,actions-trading,Sim12,000157,skip,avoid_frgn_hold_drop,ed79c7d00db0
14921458,2026-09-28 14:57:40,actions-trading,Sim12,298040,skip,pb2_not_crashed,fa317e292e17
14921458,2026-09-28 14:57:40,actions-trading,Sim12,004800,skip,pb2_not_crashed,44018ceb66de
14921458,2026-09-28 14:57:40,actions-trading,Sim13,003580,skip,theme_momentum_weak,4557653ea08c
14921458,2026-09-28 14:57:40,actions-trading,Sim13,044380,skip,theme_momentum_weak,9d40f4cb0650
14921458,2026-09-28 14:57:40,actions-trading,Sim13,003570,skip,theme_momentum_weak,f560314d9146
14921458,2026-09-28 14:57:40,actions-trading,Sim13,009830,skip,theme_momentum_weak,8e2fe707031c
14921458,2026-09-28 14:57:40,actions-trading,Sim13,002360,skip,held_or_cooldown,150214cc7ab0
14921458,2026-09-28 14:57:40,actions-trading,Sim13,014280,skip,theme_momentum_weak,90f21d16465e
14921458,2026-09-28 14:57:40,actions-trading,Sim13,025560,skip,theme_momentum_weak,ed67a264eb62
14921458,2026-09-28 14:57:40,actions-trading,Sim13,010060,skip,theme_momentum_weak,b300a5e22452
14921458,2026-09-28 14:57:40,actions-trading,Sim13,020120,skip,adx_weak,9c672ab689ba
14921458,2026-09-28 14:57:40,actions-trading,Sim13,001527,skip,theme_momentum_weak,ae776f4cb8ee
14921458,2026-09-28 14:57:40,actions-trading,Sim13,051630,skip,adx_weak,2fddde568fea
14921458,2026-09-28 14:57:40,actions-trading,Sim13,009835,skip,theme_momentum_weak,0ded3f53c64c
14921458,2026-09-28 14:57:40,actions-trading,Sim13,004440,skip,theme_momentum_weak,023348704d7e
14921458,2026-09-28 14:57:40,actions-trading,Sim13,011070,skip,theme_momentum_weak,e7976688d575
14921458,2026-09-28 14:57:40,actions-trading,Sim13,004710,skip,no_frgn_support,7b680f76838c
14921458,2026-09-28 14:57:40,actions-trading,Sim13,006110,skip,theme_momentum_weak,4721bc7cbbe8
14921458,2026-09-28 14:57:40,actions-trading,Sim13,499790,skip,theme_momentum_weak,83afbfbcd5c5
14921458,2026-09-28 14:57:40,actions-trading,Sim13,071950,skip,theme_momentum_weak,de664f7878ca
14921458,2026-09-28 14:57:40,actions-trading,Sim13,047040,skip,theme_momentum_weak,dbd2b05a7f4e
14921458,2026-09-28 14:57:40,actions-trading,Sim13,064960,skip,theme_momentum_weak,f074a83c5b99
14921458,2026-09-28 14:57:40,actions-trading,Sim13,025620,skip,theme_momentum_weak,bdb973ae9558
14921458,2026-09-28 14:57:40,actions-trading,Sim13,077500,skip,held_or_cooldown,bc97f91dfc19
14921458,2026-09-28 14:57:40,actions-trading,Sim13,005070,skip,theme_momentum_weak,dd40a9a09e75
14921458,2026-09-28 14:57:40,actions-trading,Sim13,138040,skip,theme_momentum_weak,5899180c2a13
14921458,2026-09-28 14:57:40,actions-trading,Sim13,361610,skip,theme_momentum_weak,3b6cd77bc6b0
14921458,2026-09-28 14:57:40,actions-trading,Sim13,036530,skip,theme_momentum_weak,4a120ad8d067
14921458,2026-09-28 14:57:40,actions-trading,Sim13,306200,skip,theme_momentum_weak,d1297f8230e9
14921458,2026-09-28 14:57:40,actions-trading,Sim13,006120,skip,no_frgn_support,232140ff9a65
14921458,2026-09-28 14:57:40,actions-trading,Sim13,020150,skip,theme_momentum_weak,4975d4945ba8
14921458,2026-09-28 14:57:40,actions-trading,Sim13,007810,skip,theme_momentum_weak,3b67b83cc056
14921459,2026-09-28 14:58:58,actions-trading,Sim3,402340,skip,qty_zero,a45bb339d73f
14921459,2026-09-28 14:58:58,actions-trading,Sim3,383800,skip,amount,0517b5a32cfc
14921459,2026-09-28 14:58:58,actions-trading,Sim3,462870,skip,amount,8bc35fccaf97
14921459,2026-09-28 14:58:58,actions-trading,Sim3,000660,skip,qty_zero,25ee9d33ca99
14921459,2026-09-28 14:58:58,actions-trading,Sim3,071970,skip,amount,cfcac7ca7dde
14921459,2026-09-28 14:58:58,actions-trading,Sim3,042700,skip,not_cheap,fecfb7c548cd
14921459,2026-09-28 14:58:58,actions-trading,Sim3,326030,skip,amount,b1194d2d725e
14921459,2026-09-28 14:58:58,actions-trading,Sim3,207940,skip,not_cheap,d8722f509f37
14921459,2026-09-28 14:58:58,actions-trading,Sim3,033920,skip,amount,835a78cac44b
14921459,2026-09-28 14:58:58,actions-trading,Sim3,004770,skip,amount,328d1e16243c
14921459,2026-09-28 14:58:58,actions-trading,Sim3,0126Z0,skip,not_cheap,d4ba3b4619f8
14921459,2026-09-28 14:58:58,actions-trading,Sim3,062040,skip,not_cheap,e6f30b41eda5
14921459,2026-09-28 14:58:58,actions-trading,Sim3,317450,skip,amount,49a719ec54ff
14921459,2026-09-28 14:58:58,actions-trading,Sim3,026960,skip,amount,e29bd7f5d7b9
14921459,2026-09-28 14:58:58,actions-trading,Sim3,021820,skip,amount,ade57bbd4eb0
14921459,2026-09-28 14:58:58,actions-trading,Sim3,192080,skip,amount,2e2661f3ada5
14921459,2026-09-28 14:58:58,actions-trading,Sim3,068270,skip,cooldown,f5d250b198b4
14921459,2026-09-28 14:58:58,actions-trading,Sim3,123890,skip,amount,93ef7f4f67dc
14921459,2026-09-28 14:58:58,actions-trading,Sim3,000240,skip,amount,33c03d36b6ae
14921459,2026-09-28 14:58:58,actions-trading,Sim3,002380,skip,cooldown,69352ac5f9d1
14921459,2026-09-28 14:58:58,actions-trading,Sim3,009770,skip,amount,290b5f189c0c
14921459,2026-09-28 14:58:58,actions-trading,Sim3,259960,skip,cooldown,fa5d9651493f
14921459,2026-09-28 14:58:58,actions-trading,Sim3,035250,skip,amount,3116b70b7c3e
14921459,2026-09-28 14:58:58,actions-trading,Sim3,383220,skip,amount,e64c0e123378
14921459,2026-09-28 14:58:58,actions-trading,Sim3,226320,skip,amount,4769854f2101
14921459,2026-09-28 14:58:58,actions-trading,Sim3,439260,skip,amount,c07e26885e60
14921459,2026-09-28 14:58:58,actions-trading,Sim3,025560,skip,cooldown,9ffa345841be
14921459,2026-09-28 14:58:58,actions-trading,Sim3,007700,skip,amount,6270fe721faf
14921459,2026-09-28 14:58:58,actions-trading,Sim3,278470,skip,not_cheap,330383873986
14921459,2026-09-28 14:58:58,actions-trading,Sim3,000990,skip,not_cheap,7596fdea771c
14921459,2026-09-28 14:59:33,actions-trading,MFHS2,047040,skip,max_holdings,c7ba3a9984fe
14921459,2026-09-28 14:59:33,actions-trading,MFHS2,005880,seen,,791936cb932a
14921459,2026-09-28 14:59:33,actions-trading,MFHS2,024110,seen,,d0388fd210ad
14921459,2026-09-28 14:59:33,actions-trading,MFHS2,009830,seen,,cc52308c2cb7
14921459,2026-09-28 14:59:33,actions-trading,MFHS2,018880,seen,,cc4c47d00430
14921459,2026-09-28 14:59:33,actions-trading,MFHS2,316140,seen,,4bbf0e71f4b4
14921459,2026-09-28 14:59:33,actions-trading,MFHS2,088350,seen,,ec9138227ea3
14921459,2026-09-28 14:59:33,actions-trading,MFHS2,003280,seen,,d9ca4bb03170
14921459,2026-09-28 14:59:33,actions-trading,MFHS2,006360,seen,,13e809221461
14921459,2026-09-28 14:59:33,actions-trading,MFHS2,073240,seen,,0d781c37ede1
14921459,2026-09-28 14:59:33,actions-trading,MFHS2,011200,seen,,346c2cf6250f
14921459,2026-09-28 14:59:33,actions-trading,MFHS2,004020,seen,,478a60a829a2
14921459,2026-09-28 14:59:33,actions-trading,MFHS2,015760,seen,,d1e4a3889d73
14921459,2026-09-28 14:59:33,actions-trading,MFHS2,032640,seen,,4e8e165c1cde
14921459,2026-09-28 14:59:33,actions-trading,MFHS2,003490,seen,,66d8d7e8edb6
14921459,2026-09-28 14:59:33,actions-trading,MFHS2,279570,seen,,51641d508693
14921459,2026-09-28 14:59:33,actions-trading,MFHS2,096770,seen,,5b954271bda9
14921459,2026-09-28 14:59:33,actions-trading,MFHS2,047050,seen,,a261a965e362
14921459,2026-09-28 14:59:33,actions-trading,MFHS2,323410,seen,,32d41b446738
14921459,2026-09-28 14:59:33,actions-trading,MFHS2,035420,seen,,48720d477bf4
14921459,2026-09-28 14:59:33,actions-trading,MFHS2,004710,seen,,1145192f63d2
14921459,2026-09-28 14:59:33,actions-trading,MFHS2,008970,seen,,db28c3b632e4
14921459,2026-09-28 14:59:33,actions-trading,MFHS2,139130,seen,,36d442257277
14921459,2026-09-28 14:59:33,actions-trading,MFHS2,007810,seen,,4716a8941683
14921459,2026-09-28 14:59:33,actions-trading,MFHS2,035720,seen,,5eb71b4d0438
14921459,2026-09-28 14:59:33,actions-trading,MFHS2,003530,seen,,45fa2e0c1f4b
14921459,2026-09-28 14:59:33,actions-trading,MFHS2,000720,seen,,dc3b958d863d
14921459,2026-09-28 14:59:33,actions-trading,MFHS2,051630,seen,,e82792513df6
14921459,2026-09-28 14:59:33,actions-trading,MFHS2,002360,seen,,7757318ad958
14921459,2026-09-28 14:59:33,actions-trading,MFHS2,028670,seen,,7a16c7ade4c8
14921459,2026-09-28 14:59:36,actions-trading,상승모멘텀,003580,skip,max_holdings,9dba1aee3b55
14921459,2026-09-28 14:59:36,actions-trading,상승모멘텀,003570,seen,,981338bcecb6
14921459,2026-09-28 14:59:36,actions-trading,상승모멘텀,009830,seen,,cc52308c2cb7
14921459,2026-09-28 14:59:36,actions-trading,상승모멘텀,014280,seen,,9b7df90d7b82
14921459,2026-09-28 14:59:36,actions-trading,상승모멘텀,002360,seen,,7757318ad958
14921459,2026-09-28 14:59:36,actions-trading,상승모멘텀,044380,seen,,9be119df89d4
14921459,2026-09-28 14:59:36,actions-trading,상승모멘텀,010060,seen,,1e4365ef09a3
14921459,2026-09-28 14:59:36,actions-trading,상승모멘텀,025560,seen,,a1399b6c6095
14921459,2026-09-28 14:59:36,actions-trading,상승모멘텀,051630,seen,,e82792513df6
14921459,2026-09-28 14:59:36,actions-trading,상승모멘텀,020120,seen,,b7250aaa91af
14921459,2026-09-28 14:59:36,actions-trading,상승모멘텀,001527,seen,,ae776f4cb8ee
14921459,2026-09-28 14:59:36,actions-trading,상승모멘텀,009835,seen,,c189f181789e
14921459,2026-09-28 14:59:36,actions-trading,상승모멘텀,004440,seen,,120c6e61e69a
14921459,2026-09-28 14:59:36,actions-trading,상승모멘텀,499790,seen,,eeb5391f7b64
14921459,2026-09-28 14:59:36,actions-trading,상승모멘텀,011070,seen,,3950a62c9506
14921459,2026-09-28 14:59:36,actions-trading,상승모멘텀,006110,seen,,5f6b0746063c
14921459,2026-09-28 14:59:36,actions-trading,상승모멘텀,004710,seen,,1145192f63d2
14921459,2026-09-28 14:59:36,actions-trading,상승모멘텀,071950,seen,,aa7197cd9ee9
14921459,2026-09-28 14:59:36,actions-trading,상승모멘텀,047040,seen,,c7ba3a9984fe
14921459,2026-09-28 14:59:36,actions-trading,상승모멘텀,025620,seen,,bdb973ae9558
14921459,2026-09-28 14:59:36,actions-trading,상승모멘텀,064960,seen,,409138259e11
14921459,2026-09-28 14:59:36,actions-trading,상승모멘텀,077500,seen,,462b3d28182f
14921459,2026-09-28 14:59:36,actions-trading,상승모멘텀,361610,seen,,9588c622b23b
14921459,2026-09-28 14:59:36,actions-trading,상승모멘텀,005070,seen,,4e1e736fb4dc
14921459,2026-09-28 14:59:36,actions-trading,상승모멘텀,306200,seen,,3ad113cc89ca
14921459,2026-09-28 14:59:36,actions-trading,상승모멘텀,036530,seen,,2a13c4a21af8
14921459,2026-09-28 14:59:36,actions-trading,상승모멘텀,007810,seen,,4716a8941683
14921459,2026-09-28 14:59:36,actions-trading,상승모멘텀,020150,seen,,4723bdc0e7df
14921459,2026-09-28 14:59:36,actions-trading,상승모멘텀,138040,seen,,81d698ea88e1
14921459,2026-09-28 14:59:36,actions-trading,상승모멘텀,010955,seen,,6c3dfcf32c82
14921459,2026-09-28 14:59:36,actions-trading,Sim4-1,003580,skip,amount,9dba1aee3b55
14921459,2026-09-28 14:59:36,actions-trading,Sim4-1,003570,skip,adx_high,981338bcecb6
14921459,2026-09-28 14:59:36,actions-trading,Sim4-1,009830,skip,period,cc52308c2cb7
14921459,2026-09-28 14:59:36,actions-trading,Sim4-1,014280,skip,adx_low,9b7df90d7b82
14921459,2026-09-28 14:59:36,actions-trading,Sim4-1,002360,skip,held_or_cooldown,7757318ad958
14921459,2026-09-28 14:59:36,actions-trading,Sim4-1,044380,skip,amount,9be119df89d4
14921459,2026-09-28 14:59:36,actions-trading,Sim4-1,010060,skip,adx_low,1e4365ef09a3
14921459,2026-09-28 14:59:36,actions-trading,Sim4-1,025560,skip,adx_high,a1399b6c6095
14921459,2026-09-28 14:59:36,actions-trading,Sim4-1,051630,skip,amount,e82792513df6
14921459,2026-09-28 14:59:36,actions-trading,Sim4-1,020120,skip,amount,b7250aaa91af
14921459,2026-09-28 14:59:36,actions-trading,Sim4-1,001527,skip,amount,ae776f4cb8ee
14921459,2026-09-28 14:59:36,actions-trading,Sim4-1,009835,skip,amount,c189f181789e
14921459,2026-09-28 14:59:36,actions-trading,Sim4-1,004440,skip,amount,120c6e61e69a
14921459,2026-09-28 14:59:36,actions-trading,Sim4-1,499790,skip,amount,eeb5391f7b64
14921459,2026-09-28 14:59:36,actions-trading,Sim4-1,011070,skip,period,3950a62c9506
14921459,2026-09-28 14:59:36,actions-trading,Sim4-1,006110,skip,adx_high,5f6b0746063c
14921459,2026-09-28 14:59:36,actions-trading,Sim4-1,004710,skip,held_or_cooldown,1145192f63d2
14921459,2026-09-28 14:59:36,actions-trading,Sim4-1,071950,skip,amount,aa7197cd9ee9
14921459,2026-09-28 14:59:36,actions-trading,Sim4-1,047040,skip,period,c7ba3a9984fe
14921459,2026-09-28 14:59:36,actions-trading,Sim4-1,025620,skip,amount,bdb973ae9558
14921459,2026-09-28 14:59:36,actions-trading,Sim4-1,064960,skip,adx_high,409138259e11
14921459,2026-09-28 14:59:36,actions-trading,Sim4-1,077500,skip,adx_high,462b3d28182f
14921459,2026-09-28 14:59:36,actions-trading,Sim4-1,361610,skip,adx_high,9588c622b23b
14921459,2026-09-28 14:59:36,actions-trading,Sim4-1,005070,skip,adx_low,4e1e736fb4dc
14921459,2026-09-28 14:59:36,actions-trading,Sim4-1,306200,skip,amount,3ad113cc89ca
14921459,2026-09-28 14:59:36,actions-trading,Sim4-1,036530,skip,amount,2a13c4a21af8
14921459,2026-09-28 14:59:36,actions-trading,Sim4-1,007810,skip,adx_high,4716a8941683
14921459,2026-09-28 14:59:36,actions-trading,Sim4-1,020150,skip,adx_low,4723bdc0e7df
14921459,2026-09-28 14:59:36,actions-trading,Sim4-1,138040,skip,adx_low,81d698ea88e1
14921459,2026-09-28 14:59:36,actions-trading,Sim4-1,010955,skip,adx_high,6c3dfcf32c82
14921459,2026-09-28 14:59:37,actions-trading,선행매집,047040,skip,below_anchor,c7ba3a9984fe
14921459,2026-09-28 14:59:37,actions-trading,선행매집,009830,skip,below_anchor,cc52308c2cb7
14921459,2026-09-28 14:59:37,actions-trading,선행매집,005880,skip,below_anchor,791936cb932a
14921459,2026-09-28 14:59:37,actions-trading,선행매집,018880,skip,below_anchor,cc4c47d00430
14921459,2026-09-28 14:59:37,actions-trading,선행매집,024110,skip,below_anchor,d0388fd210ad
14921459,2026-09-28 14:59:37,actions-trading,선행매집,088350,skip,below_anchor,ec9138227ea3
14921459,2026-09-28 14:59:37,actions-trading,선행매집,073240,skip,below_anchor,0d781c37ede1
14921459,2026-09-28 14:59:37,actions-trading,선행매집,003280,skip,below_anchor,d9ca4bb03170
14921459,2026-09-28 14:59:37,actions-trading,선행매집,316140,skip,no_setup,4bbf0e71f4b4
14921459,2026-09-28 14:59:37,actions-trading,선행매집,015760,skip,below_anchor,d1e4a3889d73
14921459,2026-09-28 14:59:37,actions-trading,선행매집,011200,skip,sold_or_cooldown,346c2cf6250f
14921459,2026-09-28 14:59:37,actions-trading,선행매집,006360,skip,below_anchor,13e809221461
14921459,2026-09-28 14:59:37,actions-trading,선행매집,004710,skip,below_anchor,1145192f63d2
14921459,2026-09-28 14:59:37,actions-trading,선행매집,096770,skip,held_awaiting_breakout,5b954271bda9
14921459,2026-09-28 14:59:37,actions-trading,선행매집,035420,skip,below_anchor,48720d477bf4
14921459,2026-09-28 14:59:37,actions-trading,선행매집,032640,skip,below_anchor,4e8e165c1cde
14921459,2026-09-28 14:59:37,actions-trading,선행매집,003490,skip,sold_or_cooldown,66d8d7e8edb6
14921459,2026-09-28 14:59:37,actions-trading,선행매집,000720,skip,below_anchor,dc3b958d863d
14921459,2026-09-28 14:59:37,actions-trading,선행매집,047050,skip,below_anchor,a261a965e362
14921459,2026-09-28 14:59:37,actions-trading,선행매집,004020,skip,below_anchor,478a60a829a2
14921459,2026-09-28 14:59:37,actions-trading,선행매집,035720,skip,below_anchor,5eb71b4d0438
14921459,2026-09-28 14:59:37,actions-trading,선행매집,008970,skip,amount,db28c3b632e4
14921459,2026-09-28 14:59:37,actions-trading,선행매집,066570,skip,below_anchor,52124f559995
14921459,2026-09-28 14:59:37,actions-trading,선행매집,279570,skip,below_anchor,51641d508693
14921459,2026-09-28 14:59:37,actions-trading,선행매집,139130,skip,no_setup,36d442257277
14921459,2026-09-28 14:59:37,actions-trading,선행매집,028670,skip,no_setup,7a16c7ade4c8
14921459,2026-09-28 14:59:37,actions-trading,선행매집,002360,skip,no_setup,7757318ad958
14921459,2026-09-28 14:59:37,actions-trading,선행매집,007810,skip,below_anchor,4716a8941683
14921459,2026-09-28 14:59:37,actions-trading,선행매집,323410,skip,below_anchor,32d41b446738
14921459,2026-09-28 14:59:37,actions-trading,선행매집,003530,skip,below_anchor,45fa2e0c1f4b
14921459,2026-09-28 14:59:37,actions-trading,Sim9,003580,skip,amount,9dba1aee3b55
14921459,2026-09-28 14:59:37,actions-trading,Sim9,003570,skip,gap,981338bcecb6
14921459,2026-09-28 14:59:37,actions-trading,Sim9,009830,skip,gap,cc52308c2cb7
14921459,2026-09-28 14:59:37,actions-trading,Sim9,014280,skip,gap,9b7df90d7b82
14921459,2026-09-28 14:59:37,actions-trading,Sim9,002360,skip,gap,7757318ad958
14921459,2026-09-28 14:59:37,actions-trading,Sim9,044380,skip,amount,9be119df89d4
14921459,2026-09-28 14:59:37,actions-trading,Sim9,010060,skip,gap,1e4365ef09a3
14921459,2026-09-28 14:59:37,actions-trading,Sim9,025560,skip,gap,a1399b6c6095
14921459,2026-09-28 14:59:37,actions-trading,Sim9,051630,skip,gap,e82792513df6
14921459,2026-09-28 14:59:37,actions-trading,Sim9,020120,skip,gap,b7250aaa91af
14921459,2026-09-28 14:59:37,actions-trading,Sim9,001527,skip,amount,ae776f4cb8ee
14921459,2026-09-28 14:59:37,actions-trading,Sim9,009835,skip,amount,c189f181789e
14921459,2026-09-28 14:59:37,actions-trading,Sim9,004440,skip,amount,120c6e61e69a
14921459,2026-09-28 14:59:37,actions-trading,Sim9,499790,skip,gap,eeb5391f7b64
14921459,2026-09-28 14:59:37,actions-trading,Sim9,011070,skip,gap,3950a62c9506
14921459,2026-09-28 14:59:37,actions-trading,Sim9,006110,skip,gap,5f6b0746063c
14921459,2026-09-28 14:59:37,actions-trading,Sim9,004710,skip,gap,1145192f63d2
14921459,2026-09-28 14:59:37,actions-trading,Sim9,071950,skip,amount,aa7197cd9ee9
14921459,2026-09-28 14:59:37,actions-trading,Sim9,047040,skip,gap,c7ba3a9984fe
14921459,2026-09-28 14:59:37,actions-trading,Sim9,025620,skip,amount,bdb973ae9558
14921459,2026-09-28 14:59:37,actions-trading,Sim9,064960,skip,gap,409138259e11
14921459,2026-09-28 14:59:37,actions-trading,Sim9,077500,skip,gap,462b3d28182f
14921459,2026-09-28 14:59:37,actions-trading,Sim9,361610,skip,gap,9588c622b23b
14921459,2026-09-28 14:59:37,actions-trading,Sim9,005070,skip,gap,4e1e736fb4dc
14921459,2026-09-28 14:59:37,actions-trading,Sim9,306200,skip,gap,3ad113cc89ca
14921459,2026-09-28 14:59:37,actions-trading,Sim9,036530,skip,gap,2a13c4a21af8
14921459,2026-09-28 14:59:37,actions-trading,Sim9,007810,skip,gap,4716a8941683
14921459,2026-09-28 14:59:37,actions-trading,Sim9,020150,skip,gap,4723bdc0e7df
14921459,2026-09-28 14:59:37,actions-trading,Sim9,138040,skip,gap,81d698ea88e1
14921459,2026-09-28 14:59:37,actions-trading,Sim9,010955,skip,gap,6c3dfcf32c82
14921459,2026-09-28 14:59:37,actions-trading,미너비니,192820,skip,below_pivot,9abb803b94e9
14921459,2026-09-28 14:59:37,actions-trading,미너비니,443060,skip,below_pivot,ede7368f4d7d
14921459,2026-09-28 14:59:37,actions-trading,Sim12,003580,skip,pb2_not_crashed,9dba1aee3b55
14921459,2026-09-28 14:59:37,actions-trading,Sim12,003570,skip,avoid_frgn_sell_20d,981338bcecb6
14921459,2026-09-28 14:59:37,actions-trading,Sim12,009830,skip,pb2_not_crashed,cc52308c2cb7
14921459,2026-09-28 14:59:37,actions-trading,Sim12,014280,skip,pb2_not_crashed,9b7df90d7b82
14921459,2026-09-28 14:59:37,actions-trading,Sim12,002360,skip,pb2_not_crashed,7757318ad958
14921459,2026-09-28 14:59:37,actions-trading,Sim12,044380,skip,avoid_deadcat,9be119df89d4
14921459,2026-09-28 14:59:37,actions-trading,Sim12,010060,skip,pb2_not_crashed,1e4365ef09a3
14921459,2026-09-28 14:59:37,actions-trading,Sim12,025560,skip,avoid_frgn_sell_20d,a1399b6c6095
14921459,2026-09-28 14:59:37,actions-trading,Sim12,051630,skip,pb2_not_crashed,e82792513df6
14921459,2026-09-28 14:59:37,actions-trading,Sim12,020120,skip,avoid_amount_dry,b7250aaa91af
14921459,2026-09-28 14:59:37,actions-trading,Sim12,001527,skip,avoid_deadcat,ae776f4cb8ee
14921459,2026-09-28 14:59:37,actions-trading,Sim12,009835,skip,avoid_frgn_sell_20d,c189f181789e
14921459,2026-09-28 14:59:37,actions-trading,Sim12,004440,skip,avoid_frgn_sell_20d,120c6e61e69a
14921459,2026-09-28 14:59:37,actions-trading,Sim12,499790,skip,avoid_frgn_sell_20d,eeb5391f7b64
14921459,2026-09-28 14:59:37,actions-trading,Sim12,011070,skip,avoid_orgn_sell_high_per,3950a62c9506
14921459,2026-09-28 14:59:37,actions-trading,Sim12,006110,skip,avoid_deadcat,5f6b0746063c
14921459,2026-09-28 14:59:37,actions-trading,Sim12,004710,skip,avoid_frgn_sell_20d,1145192f63d2
14921459,2026-09-28 14:59:37,actions-trading,Sim12,071950,skip,avoid_deadcat,aa7197cd9ee9
14921459,2026-09-28 14:59:37,actions-trading,Sim12,047040,skip,avoid_frgn_sell_20d,c7ba3a9984fe
14921459,2026-09-28 14:59:37,actions-trading,Sim12,025620,skip,pb2_not_crashed,bdb973ae9558
14921459,2026-09-28 14:59:37,actions-trading,Sim12,064960,skip,avoid_frgn_sell_20d,409138259e11
14921459,2026-09-28 14:59:37,actions-trading,Sim12,077500,skip,pb2_not_crashed,462b3d28182f
14921459,2026-09-28 14:59:37,actions-trading,Sim12,361610,skip,pb2_not_crashed,9588c622b23b
14921459,2026-09-28 14:59:37,actions-trading,Sim12,005070,skip,avoid_frgn_sell_20d,4e1e736fb4dc
14921459,2026-09-28 14:59:37,actions-trading,Sim12,306200,skip,pb2_not_crashed,3ad113cc89ca
14921459,2026-09-28 14:59:37,actions-trading,Sim12,036530,skip,avoid_frgn_sell_20d,2a13c4a21af8
14921459,2026-09-28 14:59:37,actions-trading,Sim12,007810,skip,avoid_orgn_sell_high_per,4716a8941683
14921459,2026-09-28 14:59:37,actions-trading,Sim12,020150,skip,avoid_frgn_sell_20d,4723bdc0e7df
14921459,2026-09-28 14:59:37,actions-trading,Sim12,138040,skip,avoid_frgn_sell_20d,81d698ea88e1
14921459,2026-09-28 14:59:37,actions-trading,Sim12,010955,skip,avoid_frgn_sell_20d,6c3dfcf32c82
14921459,2026-09-28 14:59:37,actions-trading,Sim12,014990,skip,avoid_amount_dry,146b98005906
14921459,2026-09-28 14:59:37,actions-trading,Sim12,402340,skip,pb2_not_crashed,f151b5a43d05
14921459,2026-09-28 14:59:37,actions-trading,Sim12,109070,skip,pb2_not_crashed,c25c194ca80c
14921459,2026-09-28 14:59:37,actions-trading,Sim12,002820,skip,pb2_not_crashed,abdd26c059c3
14921459,2026-09-28 14:59:37,actions-trading,Sim12,009190,skip,pb2_no_inst_buying,e72fc76ce658
14921459,2026-09-28 14:59:37,actions-trading,Sim12,009420,skip,pb2_not_crashed,d6d08f69db01
14921459,2026-09-28 14:59:37,actions-trading,Sim12,002787,skip,avoid_amount_dry,937caeb0a5fa
14921459,2026-09-28 14:59:37,actions-trading,Sim12,069960,skip,avoid_frgn_sell_20d,d07e4235db59
14921459,2026-09-28 14:59:37,actions-trading,Sim12,02826K,skip,pb2_not_crashed,1df226c7d418
14921459,2026-09-28 14:59:37,actions-trading,Sim12,004545,skip,pb2_not_crashed,fdcd55706703
14921459,2026-09-28 14:59:37,actions-trading,Sim12,000150,skip,avoid_frgn_sell_20d,d35ea75a3b4f
14921459,2026-09-28 14:59:37,actions-trading,Sim12,011090,skip,avoid_amount_dry,f61013a25947
14921459,2026-09-28 14:59:37,actions-trading,Sim12,028260,skip,pb2_not_crashed,5d62ad39c95b
14921459,2026-09-28 14:59:37,actions-trading,Sim12,005935,skip,avoid_frgn_sell_20d,ff104b3bcea9
14921459,2026-09-28 14:59:37,actions-trading,Sim12,000500,skip,avoid_amount_dry,4e94c2b11105
14921459,2026-09-28 14:59:37,actions-trading,Sim12,007660,skip,pb2_not_crashed,78fbc8d09e0b
14921459,2026-09-28 14:59:37,actions-trading,Sim12,034730,skip,pb2_not_crashed,5d3ab8df52a8
14921459,2026-09-28 14:59:37,actions-trading,Sim12,192650,skip,avoid_frgn_sell_20d,fd411064f382
14921459,2026-09-28 14:59:37,actions-trading,Sim12,005930,skip,pb2_not_crashed,2ab0d0e02ee1
14921459,2026-09-28 14:59:37,actions-trading,Sim12,003060,skip,avoid_amount_dry,adb06544db1e
14921459,2026-09-28 14:59:37,actions-trading,Sim12,03473K,skip,avoid_frgn_sell_20d,8da8e142cc2c
14921459,2026-09-28 14:59:37,actions-trading,Sim12,002030,skip,avoid_frgn_sell_20d,bc07a2c24594
14921459,2026-09-28 14:59:37,actions-trading,Sim12,000660,skip,avoid_frgn_sell_20d,08e77ebefa10
14921459,2026-09-28 14:59:37,actions-trading,Sim12,002070,skip,avoid_amount_dry,6d440fdab5d4
14921459,2026-09-28 14:59:37,actions-trading,Sim12,101140,skip,avoid_amount_dry,b378148d6b37
14921459,2026-09-28 14:59:37,actions-trading,Sim12,044820,skip,avoid_amount_dry,d828b12323b4
14921459,2026-09-28 14:59:37,actions-trading,Sim12,000157,skip,avoid_frgn_hold_drop,b1c224235559
14921459,2026-09-28 14:59:37,actions-trading,Sim12,024900,skip,avoid_frgn_sell_20d,23144015fc43
14921459,2026-09-28 14:59:37,actions-trading,Sim12,298040,skip,pb2_not_crashed,32dd3991c664
14921459,2026-09-28 14:59:37,actions-trading,Sim12,004800,skip,pb2_not_crashed,4dffbffbf7a0
14921459,2026-09-28 14:59:37,actions-trading,Sim13,003580,skip,theme_momentum_weak,9dba1aee3b55
14921459,2026-09-28 14:59:37,actions-trading,Sim13,003570,skip,theme_momentum_weak,981338bcecb6
14921459,2026-09-28 14:59:37,actions-trading,Sim13,009830,skip,theme_momentum_weak,cc52308c2cb7
14921459,2026-09-28 14:59:37,actions-trading,Sim13,014280,skip,theme_momentum_weak,9b7df90d7b82
14921459,2026-09-28 14:59:37,actions-trading,Sim13,002360,skip,held_or_cooldown,7757318ad958
14921459,2026-09-28 14:59:37,actions-trading,Sim13,044380,skip,theme_momentum_weak,9be119df89d4
14921459,2026-09-28 14:59:37,actions-trading,Sim13,010060,skip,theme_momentum_weak,1e4365ef09a3
14921459,2026-09-28 14:59:37,actions-trading,Sim13,025560,skip,theme_momentum_weak,a1399b6c6095
14921459,2026-09-28 14:59:37,actions-trading,Sim13,051630,skip,adx_weak,e82792513df6
14921459,2026-09-28 14:59:37,actions-trading,Sim13,020120,skip,adx_weak,b7250aaa91af
14921459,2026-09-28 14:59:37,actions-trading,Sim13,001527,skip,theme_momentum_weak,ae776f4cb8ee
14921459,2026-09-28 14:59:37,actions-trading,Sim13,009835,skip,theme_momentum_weak,c189f181789e
14921459,2026-09-28 14:59:37,actions-trading,Sim13,004440,skip,theme_momentum_weak,120c6e61e69a
14921459,2026-09-28 14:59:37,actions-trading,Sim13,499790,skip,theme_momentum_weak,eeb5391f7b64
14921459,2026-09-28 14:59:37,actions-trading,Sim13,011070,skip,theme_momentum_weak,3950a62c9506
14921459,2026-09-28 14:59:37,actions-trading,Sim13,006110,skip,theme_momentum_weak,5f6b0746063c
14921459,2026-09-28 14:59:37,actions-trading,Sim13,004710,skip,no_frgn_support,1145192f63d2
14921459,2026-09-28 14:59:37,actions-trading,Sim13,071950,skip,theme_momentum_weak,aa7197cd9ee9
14921459,2026-09-28 14:59:37,actions-trading,Sim13,047040,skip,theme_momentum_weak,c7ba3a9984fe
14921459,2026-09-28 14:59:37,actions-trading,Sim13,025620,skip,theme_momentum_weak,bdb973ae9558
14921459,2026-09-28 14:59:37,actions-trading,Sim13,064960,skip,theme_momentum_weak,409138259e11
14921459,2026-09-28 14:59:37,actions-trading,Sim13,077500,skip,held_or_cooldown,462b3d28182f
14921459,2026-09-28 14:59:37,actions-trading,Sim13,361610,skip,theme_momentum_weak,9588c622b23b
14921459,2026-09-28 14:59:37,actions-trading,Sim13,005070,skip,theme_momentum_weak,4e1e736fb4dc
14921459,2026-09-28 14:59:37,actions-trading,Sim13,306200,skip,theme_momentum_weak,3ad113cc89ca
14921459,2026-09-28 14:59:37,actions-trading,Sim13,036530,skip,theme_momentum_weak,2a13c4a21af8
14921459,2026-09-28 14:59:37,actions-trading,Sim13,007810,skip,theme_momentum_weak,4716a8941683
14921459,2026-09-28 14:59:37,actions-trading,Sim13,020150,skip,theme_momentum_weak,4723bdc0e7df
14921459,2026-09-28 14:59:37,actions-trading,Sim13,138040,skip,theme_momentum_weak,81d698ea88e1
14921459,2026-09-28 14:59:37,actions-trading,Sim13,010955,skip,no_frgn_support,6c3dfcf32c82
