cycle_id,ts,runner,sim,code,decision,reason,input_hash
14927790,2026-10-07 10:00:31,actions-trading,Sim3,402340,skip,qty_zero,041a8ce580f6
14927790,2026-10-07 10:00:31,actions-trading,Sim3,383800,skip,amount,8d773d478634
14927790,2026-10-07 10:00:31,actions-trading,Sim3,462870,skip,amount,797cba3073a7
14927790,2026-10-07 10:00:31,actions-trading,Sim3,000660,skip,adx,15f0dc14feda
14927790,2026-10-07 10:00:31,actions-trading,Sim3,071970,skip,amount,e86e71700da4
14927790,2026-10-07 10:00:31,actions-trading,Sim3,042700,skip,not_cheap,70db7b30a6fc
14927790,2026-10-07 10:00:31,actions-trading,Sim3,326030,skip,amount,8f5c77527aa1
14927790,2026-10-07 10:00:31,actions-trading,Sim3,207940,skip,not_cheap,0f39397969e7
14927790,2026-10-07 10:00:31,actions-trading,Sim3,033920,skip,amount,ed1f2513b81d
14927790,2026-10-07 10:00:31,actions-trading,Sim3,004770,skip,amount,8bcf65aaed7b
14927790,2026-10-07 10:00:31,actions-trading,Sim3,0126Z0,skip,amount,6cfb874e88bc
14927790,2026-10-07 10:00:31,actions-trading,Sim3,062040,skip,not_cheap,bc97d9644c99
14927790,2026-10-07 10:00:31,actions-trading,Sim3,317450,skip,amount,991174194c04
14927790,2026-10-07 10:00:31,actions-trading,Sim3,026960,skip,amount,10907744eae4
14927790,2026-10-07 10:00:31,actions-trading,Sim3,021820,skip,amount,c474b2efbb60
14927790,2026-10-07 10:00:31,actions-trading,Sim3,192080,skip,amount,ee0e47dab807
14927790,2026-10-07 10:00:31,actions-trading,Sim3,068270,skip,held_or_sold_today,479951a2cd4c
14927790,2026-10-07 10:00:31,actions-trading,Sim3,123890,skip,amount,2ad5bb3357ad
14927790,2026-10-07 10:00:31,actions-trading,Sim3,000240,skip,amount,714da2ba3c0c
14927790,2026-10-07 10:00:31,actions-trading,Sim3,002380,skip,held_or_sold_today,ea00df7c2a4c
14927790,2026-10-07 10:00:31,actions-trading,Sim3,009770,skip,amount,b1aa0171e866
14927790,2026-10-07 10:00:31,actions-trading,Sim3,259960,skip,amount,6b5d53ac64b4
14927790,2026-10-07 10:00:31,actions-trading,Sim3,035250,skip,amount,53a990e981cd
14927790,2026-10-07 10:00:31,actions-trading,Sim3,383220,skip,amount,5c4e795fbb67
14927790,2026-10-07 10:00:31,actions-trading,Sim3,226320,skip,amount,9a9d30228d12
14927790,2026-10-07 10:00:31,actions-trading,Sim3,439260,skip,amount,2ad8d07808cb
14927790,2026-10-07 10:00:31,actions-trading,Sim3,025560,skip,cooldown,cd43e4f8591c
14927790,2026-10-07 10:00:31,actions-trading,Sim3,007700,skip,amount,cc8a4e84ccaa
14927790,2026-10-07 10:00:31,actions-trading,Sim3,278470,skip,not_cheap,a51bc9b030d6
14927790,2026-10-07 10:00:31,actions-trading,Sim3,000990,skip,not_cheap,e1fd214fe9c1
14927790,2026-10-07 10:00:32,actions-trading,Sim3,402340,skip,qty_zero,041a8ce580f6
14927790,2026-10-07 10:00:32,actions-trading,Sim3,383800,skip,amount,8d773d478634
14927790,2026-10-07 10:00:32,actions-trading,Sim3,462870,skip,amount,797cba3073a7
14927790,2026-10-07 10:00:32,actions-trading,Sim3,000660,skip,adx,15f0dc14feda
14927790,2026-10-07 10:00:32,actions-trading,Sim3,071970,skip,cooldown,e86e71700da4
14927790,2026-10-07 10:00:32,actions-trading,Sim3,042700,skip,not_cheap,70db7b30a6fc
14927790,2026-10-07 10:00:32,actions-trading,Sim3,326030,skip,held_or_sold_today,8f5c77527aa1
14927790,2026-10-07 10:00:32,actions-trading,Sim3,207940,skip,not_cheap,0f39397969e7
14927790,2026-10-07 10:00:32,actions-trading,Sim3,033920,skip,amount,ed1f2513b81d
14927790,2026-10-07 10:00:32,actions-trading,Sim3,004770,skip,amount,8bcf65aaed7b
14927790,2026-10-07 10:00:32,actions-trading,Sim3,0126Z0,skip,amount,6cfb874e88bc
14927790,2026-10-07 10:00:32,actions-trading,Sim3,062040,skip,not_cheap,bc97d9644c99
14927790,2026-10-07 10:00:32,actions-trading,Sim3,317450,skip,amount,991174194c04
14927790,2026-10-07 10:00:32,actions-trading,Sim3,026960,skip,amount,10907744eae4
14927790,2026-10-07 10:00:32,actions-trading,Sim3,021820,skip,amount,c474b2efbb60
14927790,2026-10-07 10:00:32,actions-trading,Sim3,192080,skip,amount,ee0e47dab807
14927790,2026-10-07 10:00:32,actions-trading,Sim3,068270,skip,cooldown,479951a2cd4c
14927790,2026-10-07 10:00:32,actions-trading,Sim3,123890,skip,amount,2ad5bb3357ad
14927790,2026-10-07 10:00:32,actions-trading,Sim3,000240,skip,amount,714da2ba3c0c
14927790,2026-10-07 10:00:32,actions-trading,Sim3,002380,skip,cooldown,ea00df7c2a4c
14927790,2026-10-07 10:00:32,actions-trading,Sim3,009770,skip,amount,b1aa0171e866
14927790,2026-10-07 10:00:32,actions-trading,Sim3,259960,skip,cooldown,6b5d53ac64b4
14927790,2026-10-07 10:00:32,actions-trading,Sim3,035250,skip,amount,53a990e981cd
14927790,2026-10-07 10:00:32,actions-trading,Sim3,383220,skip,amount,5c4e795fbb67
14927790,2026-10-07 10:00:32,actions-trading,Sim3,226320,skip,amount,9a9d30228d12
14927790,2026-10-07 10:00:32,actions-trading,Sim3,439260,skip,amount,2ad8d07808cb
14927790,2026-10-07 10:00:32,actions-trading,Sim3,025560,skip,amount,cd43e4f8591c
14927790,2026-10-07 10:00:32,actions-trading,Sim3,007700,skip,amount,cc8a4e84ccaa
14927790,2026-10-07 10:00:32,actions-trading,Sim3,278470,skip,not_cheap,a51bc9b030d6
14927790,2026-10-07 10:00:32,actions-trading,Sim3,000990,skip,not_cheap,e1fd214fe9c1
14927790,2026-10-07 10:01:11,actions-trading,MFHS2,005930,skip,max_holdings,6e245b3af3e9
14927790,2026-10-07 10:01:11,actions-trading,MFHS2,028670,seen,,76cc4344865f
14927790,2026-10-07 10:01:11,actions-trading,MFHS2,002720,seen,,9c2e4cc7ff1e
14927790,2026-10-07 10:01:11,actions-trading,MFHS2,003280,seen,,d71286372383
14927790,2026-10-07 10:01:11,actions-trading,MFHS2,009190,seen,,d468ade7f4cb
14927790,2026-10-07 10:01:11,actions-trading,MFHS2,005880,seen,,f41c72461332
14927790,2026-10-07 10:01:11,actions-trading,MFHS2,004770,seen,,8bcf65aaed7b
14927790,2026-10-07 10:01:11,actions-trading,MFHS2,002990,seen,,9564b20add53
14927790,2026-10-07 10:01:11,actions-trading,MFHS2,034020,seen,,756b608ef047
14927790,2026-10-07 10:01:11,actions-trading,MFHS2,281820,seen,,f8815a837a3a
14927790,2026-10-07 10:01:11,actions-trading,MFHS2,003520,seen,,1951cacc8248
14927790,2026-10-07 10:01:11,actions-trading,MFHS2,003580,seen,,9901e5118769
14927790,2026-10-07 10:01:11,actions-trading,MFHS2,002700,seen,,43fd83abdd7b
14927790,2026-10-07 10:01:11,actions-trading,MFHS2,096770,seen,,51f9fd4b83e4
14927790,2026-10-07 10:01:11,actions-trading,MFHS2,073240,seen,,b96443da9520
14927790,2026-10-07 10:01:11,actions-trading,MFHS2,192650,seen,,b3467f9b465f
14927790,2026-10-07 10:01:11,actions-trading,MFHS2,090430,seen,,c32622dec453
14927790,2026-10-07 10:01:11,actions-trading,MFHS2,001210,seen,,5141df8d11c4
14927790,2026-10-07 10:01:11,actions-trading,MFHS2,003350,seen,,8bf90ae1f234
14927790,2026-10-07 10:01:11,actions-trading,MFHS2,004710,seen,,ecca871129aa
14927790,2026-10-07 10:01:11,actions-trading,MFHS2,030000,seen,,52e86b620057
14927790,2026-10-07 10:01:11,actions-trading,MFHS2,000020,seen,,05fbded90aba
14927790,2026-10-07 10:01:11,actions-trading,MFHS2,003490,seen,,485cbf968243
14927790,2026-10-07 10:01:11,actions-trading,MFHS2,465770,seen,,6a6c96964c34
14927790,2026-10-07 10:01:11,actions-trading,MFHS2,035720,seen,,ca63761c2bd8
14927790,2026-10-07 10:01:11,actions-trading,MFHS2,036570,seen,,45bf9b9cc775
14927790,2026-10-07 10:01:11,actions-trading,MFHS2,352820,seen,,201fef6acc93
14927790,2026-10-07 10:01:11,actions-trading,MFHS2,480370,seen,,263a9727ba70
14927790,2026-10-07 10:01:11,actions-trading,MFHS2,020120,seen,,2c0e89621cba
14927790,2026-10-07 10:01:11,actions-trading,MFHS2,248070,seen,,b41e92169f22
14927790,2026-10-07 10:01:13,actions-trading,상승모멘텀,084670,skip,amount,0c6fd1e41b7d
14927790,2026-10-07 10:01:13,actions-trading,상승모멘텀,000650,skip,adx_high,00c039f58b3a
14927790,2026-10-07 10:01:13,actions-trading,상승모멘텀,002720,skip,adx_high,9c2e4cc7ff1e
14927790,2026-10-07 10:01:13,actions-trading,상승모멘텀,009190,skip,amount,d468ade7f4cb
14927790,2026-10-07 10:01:13,actions-trading,상승모멘텀,015260,skip,amount,44e811220a15
14927790,2026-10-07 10:01:13,actions-trading,상승모멘텀,128820,skip,adx_high,d9c73f7c01f4
14927790,2026-10-07 10:01:13,actions-trading,상승모멘텀,005110,skip,amount,ee33a8c10699
14927790,2026-10-07 10:01:13,actions-trading,상승모멘텀,281820,skip,adx_high,f8815a837a3a
14927790,2026-10-07 10:01:13,actions-trading,상승모멘텀,003350,skip,adx_low,8bf90ae1f234
14927790,2026-10-07 10:01:13,actions-trading,상승모멘텀,011090,skip,amount,f262d5361895
14927790,2026-10-07 10:01:13,actions-trading,상승모멘텀,465770,skip,amount,6a6c96964c34
14927790,2026-10-07 10:01:13,actions-trading,상승모멘텀,019175,skip,amount,6b76bf18f6eb
14927790,2026-10-07 10:01:13,actions-trading,상승모멘텀,012320,skip,amount,7201833fa513
14927790,2026-10-07 10:01:13,actions-trading,상승모멘텀,063160,skip,adx_high,8ebd5fa84659
14927790,2026-10-07 10:01:13,actions-trading,상승모멘텀,085620,skip,amount,8290d913a86a
14927790,2026-10-07 10:01:13,actions-trading,상승모멘텀,019170,skip,adx_high,3dc54b875691
14927790,2026-10-07 10:01:13,actions-trading,상승모멘텀,005030,skip,amount,03561bd13870
14927790,2026-10-07 10:01:13,actions-trading,상승모멘텀,004835,skip,amount,a03cb16eed33
14927790,2026-10-07 10:01:13,actions-trading,상승모멘텀,036570,skip,held_or_sold_today,45bf9b9cc775
14927790,2026-10-07 10:01:13,actions-trading,상승모멘텀,012170,skip,amount,cc01747184e8
14927790,2026-10-07 10:01:13,actions-trading,상승모멘텀,000400,skip,amount,55cd3be34ed0
14927790,2026-10-07 10:01:13,actions-trading,상승모멘텀,004060,skip,amount,d4b06698d4c3
14927790,2026-10-07 10:01:13,actions-trading,상승모멘텀,248070,skip,adx_high,b41e92169f22
14927790,2026-10-07 10:01:13,actions-trading,상승모멘텀,352820,skip,period,201fef6acc93
14927790,2026-10-07 10:01:13,actions-trading,상승모멘텀,008040,skip,amount,25e78243662b
14927790,2026-10-07 10:01:13,actions-trading,상승모멘텀,044820,skip,amount,bffd9b5bd7aa
14927790,2026-10-07 10:01:13,actions-trading,상승모멘텀,026890,skip,amount,6f3f423f179c
14927790,2026-10-07 10:01:13,actions-trading,상승모멘텀,003220,skip,amount,e40f2dd44615
14927790,2026-10-07 10:01:13,actions-trading,상승모멘텀,137310,skip,amount,83f2b6f94f2a
14927790,2026-10-07 10:01:13,actions-trading,상승모멘텀,217590,skip,adx_high,191a45395c02
14927790,2026-10-07 10:01:13,actions-trading,Sim6,_gate,skip,already_rebalanced,e3b0c44298fc
14927790,2026-10-07 10:01:13,actions-trading,Sim6,069500,seen,,682ad151d94b
14927790,2026-10-07 10:01:13,actions-trading,Sim6,360750,seen,,bad57411cdcc
14927790,2026-10-07 10:01:13,actions-trading,Sim6,148070,seen,,593cd9ead390
14927790,2026-10-07 10:01:13,actions-trading,Sim6,411060,seen,,c123dfa61c15
14927790,2026-10-07 10:01:13,actions-trading,Sim6,305080,seen,,d5e7df70ebbe
14927790,2026-10-07 10:01:13,actions-trading,Sim6,357870,seen,,e401302f54c6
14927790,2026-10-07 10:01:13,actions-trading,Sim4-1,084670,skip,amount,0c6fd1e41b7d
14927790,2026-10-07 10:01:13,actions-trading,Sim4-1,000650,skip,adx_high,00c039f58b3a
14927790,2026-10-07 10:01:13,actions-trading,Sim4-1,002720,skip,adx_high,9c2e4cc7ff1e
14927790,2026-10-07 10:01:13,actions-trading,Sim4-1,009190,skip,amount,d468ade7f4cb
14927790,2026-10-07 10:01:13,actions-trading,Sim4-1,015260,skip,amount,44e811220a15
14927790,2026-10-07 10:01:13,actions-trading,Sim4-1,128820,skip,adx_high,d9c73f7c01f4
14927790,2026-10-07 10:01:13,actions-trading,Sim4-1,005110,skip,amount,ee33a8c10699
14927790,2026-10-07 10:01:13,actions-trading,Sim4-1,281820,skip,adx_high,f8815a837a3a
14927790,2026-10-07 10:01:13,actions-trading,Sim4-1,003350,skip,adx_low,8bf90ae1f234
14927790,2026-10-07 10:01:13,actions-trading,Sim4-1,011090,skip,amount,f262d5361895
14927790,2026-10-07 10:01:13,actions-trading,Sim4-1,465770,skip,amount,6a6c96964c34
14927790,2026-10-07 10:01:13,actions-trading,Sim4-1,019175,skip,amount,6b76bf18f6eb
14927790,2026-10-07 10:01:13,actions-trading,Sim4-1,012320,skip,amount,7201833fa513
14927790,2026-10-07 10:01:13,actions-trading,Sim4-1,063160,skip,adx_high,8ebd5fa84659
14927790,2026-10-07 10:01:13,actions-trading,Sim4-1,085620,skip,amount,8290d913a86a
14927790,2026-10-07 10:01:13,actions-trading,Sim4-1,019170,skip,adx_high,3dc54b875691
14927790,2026-10-07 10:01:13,actions-trading,Sim4-1,005030,skip,amount,03561bd13870
14927790,2026-10-07 10:01:13,actions-trading,Sim4-1,004835,skip,amount,a03cb16eed33
14927790,2026-10-07 10:01:13,actions-trading,Sim4-1,036570,skip,held_or_cooldown,45bf9b9cc775
14927790,2026-10-07 10:01:13,actions-trading,Sim4-1,012170,skip,amount,cc01747184e8
14927790,2026-10-07 10:01:13,actions-trading,Sim4-1,000400,skip,amount,55cd3be34ed0
14927790,2026-10-07 10:01:13,actions-trading,Sim4-1,004060,skip,amount,d4b06698d4c3
14927790,2026-10-07 10:01:13,actions-trading,Sim4-1,248070,skip,adx_high,b41e92169f22
14927790,2026-10-07 10:01:13,actions-trading,Sim4-1,352820,skip,period,201fef6acc93
14927790,2026-10-07 10:01:13,actions-trading,Sim4-1,008040,skip,amount,25e78243662b
14927790,2026-10-07 10:01:13,actions-trading,Sim4-1,044820,skip,amount,bffd9b5bd7aa
14927790,2026-10-07 10:01:13,actions-trading,Sim4-1,026890,skip,amount,6f3f423f179c
14927790,2026-10-07 10:01:13,actions-trading,Sim4-1,003220,skip,amount,e40f2dd44615
14927790,2026-10-07 10:01:13,actions-trading,Sim4-1,137310,skip,amount,83f2b6f94f2a
14927790,2026-10-07 10:01:13,actions-trading,Sim4-1,217590,skip,adx_high,191a45395c02
14927790,2026-10-07 10:01:15,actions-trading,선행매집,005930,skip,below_anchor,6e245b3af3e9
14927790,2026-10-07 10:01:15,actions-trading,선행매집,002720,skip,below_anchor,9c2e4cc7ff1e
14927790,2026-10-07 10:01:15,actions-trading,선행매집,028670,skip,no_setup,76cc4344865f
14927790,2026-10-07 10:01:15,actions-trading,선행매집,003280,skip,below_anchor,d71286372383
14927790,2026-10-07 10:01:15,actions-trading,선행매집,009190,skip,below_anchor,d468ade7f4cb
14927790,2026-10-07 10:01:15,actions-trading,선행매집,005880,skip,amount,f41c72461332
14927790,2026-10-07 10:01:15,actions-trading,선행매집,281820,skip,no_setup,f8815a837a3a
14927790,2026-10-07 10:01:15,actions-trading,선행매집,003350,skip,below_anchor,8bf90ae1f234
14927790,2026-10-07 10:01:15,actions-trading,선행매집,002990,skip,below_anchor,9564b20add53
14927790,2026-10-07 10:01:15,actions-trading,선행매집,004770,skip,amount,8bcf65aaed7b
14927790,2026-10-07 10:01:15,actions-trading,선행매집,248070,skip,below_anchor,b41e92169f22
14927790,2026-10-07 10:01:15,actions-trading,선행매집,090430,skip,below_anchor,c32622dec453
14927790,2026-10-07 10:01:15,actions-trading,선행매집,003580,skip,below_anchor,9901e5118769
14927790,2026-10-07 10:01:15,actions-trading,선행매집,003520,skip,amount,1951cacc8248
14927790,2026-10-07 10:01:15,actions-trading,선행매집,073240,skip,below_anchor,b96443da9520
14927790,2026-10-07 10:01:15,actions-trading,선행매집,001210,skip,below_anchor,5141df8d11c4
14927790,2026-10-07 10:01:15,actions-trading,선행매집,030000,skip,below_anchor,52e86b620057
14927790,2026-10-07 10:01:15,actions-trading,선행매집,004710,skip,below_anchor,ecca871129aa
14927790,2026-10-07 10:01:15,actions-trading,선행매집,192650,skip,no_setup,b3467f9b465f
14927790,2026-10-07 10:01:15,actions-trading,선행매집,002700,skip,amount,43fd83abdd7b
14927790,2026-10-07 10:01:15,actions-trading,선행매집,036570,skip,below_anchor,45bf9b9cc775
14927790,2026-10-07 10:01:15,actions-trading,선행매집,000020,skip,below_anchor,05fbded90aba
14927790,2026-10-07 10:01:15,actions-trading,선행매집,465770,skip,amount,6a6c96964c34
14927790,2026-10-07 10:01:15,actions-trading,선행매집,316140,skip,below_anchor,45fd14572868
14927790,2026-10-07 10:01:15,actions-trading,선행매집,096770,skip,no_setup,51f9fd4b83e4
14927790,2026-10-07 10:01:15,actions-trading,선행매집,003490,skip,no_setup,485cbf968243
14927790,2026-10-07 10:01:15,actions-trading,선행매집,161890,skip,below_anchor,8573ba85eedc
14927790,2026-10-07 10:01:15,actions-trading,선행매집,0220W0,skip,below_anchor,4425f02eb55c
14927790,2026-10-07 10:01:15,actions-trading,선행매집,020120,skip,below_anchor,2c0e89621cba
14927790,2026-10-07 10:01:15,actions-trading,선행매집,480370,skip,amount,263a9727ba70
14927790,2026-10-07 10:01:15,actions-trading,Sim9,_gate,skip,outside_entry_window,e3b0c44298fc
14927790,2026-10-07 10:01:15,actions-trading,Sim9,084670,seen,,0c6fd1e41b7d
14927790,2026-10-07 10:01:15,actions-trading,Sim9,000650,seen,,00c039f58b3a
14927790,2026-10-07 10:01:15,actions-trading,Sim9,002720,seen,,9c2e4cc7ff1e
14927790,2026-10-07 10:01:15,actions-trading,Sim9,009190,seen,,d468ade7f4cb
14927790,2026-10-07 10:01:15,actions-trading,Sim9,015260,seen,,44e811220a15
14927790,2026-10-07 10:01:15,actions-trading,Sim9,128820,seen,,d9c73f7c01f4
14927790,2026-10-07 10:01:15,actions-trading,Sim9,005110,seen,,ee33a8c10699
14927790,2026-10-07 10:01:15,actions-trading,Sim9,281820,seen,,f8815a837a3a
14927790,2026-10-07 10:01:15,actions-trading,Sim9,003350,seen,,8bf90ae1f234
14927790,2026-10-07 10:01:15,actions-trading,Sim9,011090,seen,,f262d5361895
14927790,2026-10-07 10:01:15,actions-trading,Sim9,465770,seen,,6a6c96964c34
14927790,2026-10-07 10:01:15,actions-trading,Sim9,019175,seen,,6b76bf18f6eb
14927790,2026-10-07 10:01:15,actions-trading,Sim9,012320,seen,,7201833fa513
14927790,2026-10-07 10:01:15,actions-trading,Sim9,063160,seen,,8ebd5fa84659
14927790,2026-10-07 10:01:15,actions-trading,Sim9,085620,seen,,8290d913a86a
14927790,2026-10-07 10:01:15,actions-trading,Sim9,019170,seen,,3dc54b875691
14927790,2026-10-07 10:01:15,actions-trading,Sim9,005030,seen,,03561bd13870
14927790,2026-10-07 10:01:15,actions-trading,Sim9,004835,seen,,a03cb16eed33
14927790,2026-10-07 10:01:15,actions-trading,Sim9,036570,seen,,45bf9b9cc775
14927790,2026-10-07 10:01:15,actions-trading,Sim9,012170,seen,,cc01747184e8
14927790,2026-10-07 10:01:15,actions-trading,Sim9,000400,seen,,55cd3be34ed0
14927790,2026-10-07 10:01:15,actions-trading,Sim9,004060,seen,,d4b06698d4c3
14927790,2026-10-07 10:01:15,actions-trading,Sim9,248070,seen,,b41e92169f22
14927790,2026-10-07 10:01:15,actions-trading,Sim9,352820,seen,,201fef6acc93
14927790,2026-10-07 10:01:15,actions-trading,Sim9,008040,seen,,25e78243662b
14927790,2026-10-07 10:01:15,actions-trading,Sim9,044820,seen,,bffd9b5bd7aa
14927790,2026-10-07 10:01:15,actions-trading,Sim9,026890,seen,,6f3f423f179c
14927790,2026-10-07 10:01:15,actions-trading,Sim9,003220,seen,,e40f2dd44615
14927790,2026-10-07 10:01:15,actions-trading,Sim9,137310,seen,,83f2b6f94f2a
14927790,2026-10-07 10:01:15,actions-trading,Sim9,217590,seen,,191a45395c02
14927790,2026-10-07 10:01:15,actions-trading,미너비니,192820,skip,held_or_cooldown,8789c00b1744
14927790,2026-10-07 10:01:15,actions-trading,미너비니,443060,skip,below_pivot,e3b1cf058966
14927790,2026-10-07 10:01:17,actions-trading,Sim12,084670,skip,pb2_not_crashed,0c6fd1e41b7d
14927790,2026-10-07 10:01:17,actions-trading,Sim12,000650,skip,pb2_not_crashed,00c039f58b3a
14927790,2026-10-07 10:01:17,actions-trading,Sim12,002720,skip,avoid_frgn_sell_20d,9c2e4cc7ff1e
14927790,2026-10-07 10:01:17,actions-trading,Sim12,009190,skip,avoid_deadcat,d468ade7f4cb
14927790,2026-10-07 10:01:17,actions-trading,Sim12,015260,skip,avoid_deadcat,44e811220a15
14927790,2026-10-07 10:01:17,actions-trading,Sim12,128820,skip,pb2_not_crashed,d9c73f7c01f4
14927790,2026-10-07 10:01:17,actions-trading,Sim12,005110,skip,avoid_amount_dry,ee33a8c10699
14927790,2026-10-07 10:01:17,actions-trading,Sim12,281820,skip,pb2_not_crashed,f8815a837a3a
14927790,2026-10-07 10:01:17,actions-trading,Sim12,003350,skip,pb2_not_crashed,8bf90ae1f234
14927790,2026-10-07 10:01:17,actions-trading,Sim12,011090,skip,avoid_amount_dry,f262d5361895
14927790,2026-10-07 10:01:17,actions-trading,Sim12,465770,skip,avoid_amount_dry,6a6c96964c34
14927790,2026-10-07 10:01:17,actions-trading,Sim12,019175,skip,pb2_not_crashed,6b76bf18f6eb
14927790,2026-10-07 10:01:17,actions-trading,Sim12,012320,skip,pb2_not_crashed,7201833fa513
14927790,2026-10-07 10:01:17,actions-trading,Sim12,063160,skip,avoid_frgn_sell_20d,8ebd5fa84659
14927790,2026-10-07 10:01:17,actions-trading,Sim12,085620,skip,pb2_not_crashed,8290d913a86a
14927790,2026-10-07 10:01:17,actions-trading,Sim12,019170,skip,pb2_not_crashed,3dc54b875691
14927790,2026-10-07 10:01:17,actions-trading,Sim12,005030,skip,avoid_amount_dry,03561bd13870
14927790,2026-10-07 10:01:17,actions-trading,Sim12,004835,skip,pb2_not_crashed,a03cb16eed33
14927790,2026-10-07 10:01:17,actions-trading,Sim12,036570,skip,avoid_frgn_hold_drop,45bf9b9cc775
14927790,2026-10-07 10:01:17,actions-trading,Sim12,012170,skip,pb2_not_crashed,cc01747184e8
14927790,2026-10-07 10:01:17,actions-trading,Sim12,000400,skip,pb2_not_crashed,55cd3be34ed0
14927790,2026-10-07 10:01:17,actions-trading,Sim12,004060,skip,avoid_frgn_sell_20d,d4b06698d4c3
14927790,2026-10-07 10:01:17,actions-trading,Sim12,248070,skip,avoid_frgn_sell_20d,b41e92169f22
14927790,2026-10-07 10:01:17,actions-trading,Sim12,352820,skip,avoid_frgn_sell_20d,201fef6acc93
14927790,2026-10-07 10:01:17,actions-trading,Sim12,008040,skip,avoid_amount_dry,25e78243662b
14927790,2026-10-07 10:01:17,actions-trading,Sim12,044820,skip,avoid_amount_dry,bffd9b5bd7aa
14927790,2026-10-07 10:01:17,actions-trading,Sim12,026890,skip,avoid_frgn_sell_20d,6f3f423f179c
14927790,2026-10-07 10:01:17,actions-trading,Sim12,003220,skip,pb2_not_crashed,e40f2dd44615
14927790,2026-10-07 10:01:17,actions-trading,Sim12,137310,skip,pb2_not_crashed,83f2b6f94f2a
14927790,2026-10-07 10:01:17,actions-trading,Sim12,217590,skip,pb2_not_crashed,191a45395c02
14927790,2026-10-07 10:01:17,actions-trading,Sim12,103140,skip,avoid_frgn_sell_20d,c6971a90255f
14927790,2026-10-07 10:01:17,actions-trading,Sim12,003670,skip,avoid_frgn_sell_20d,283708d34cd2
14927790,2026-10-07 10:01:17,actions-trading,Sim12,210980,skip,avoid_amount_dry,63acdfa29c9e
14927790,2026-10-07 10:01:17,actions-trading,Sim12,020120,skip,avoid_amount_dry,2c0e89621cba
14927790,2026-10-07 10:01:17,actions-trading,Sim12,298040,skip,avoid_orgn_sell_high_per,d703436fb56a
14927790,2026-10-07 10:01:17,actions-trading,Sim12,480370,skip,avoid_amount_dry,263a9727ba70
14927790,2026-10-07 10:01:17,actions-trading,Sim12,066575,skip,avoid_amount_dry,08fe00a8f669
14927790,2026-10-07 10:01:17,actions-trading,Sim12,006110,skip,avoid_amount_dry,f2e8d20e75d8
14927790,2026-10-07 10:01:17,actions-trading,Sim12,267270,skip,avoid_amount_dry,904ba6bca788
14927790,2026-10-07 10:01:17,actions-trading,Sim12,001430,skip,avoid_amount_dry,39ff4a211188
14927790,2026-10-07 10:01:17,actions-trading,Sim12,093370,skip,avoid_amount_dry,850cefc36e88
14927790,2026-10-07 10:01:17,actions-trading,Sim12,009420,skip,avoid_amount_dry,09408f1cd644
14927790,2026-10-07 10:01:17,actions-trading,Sim12,000880,skip,avoid_amount_dry,d394fb9ad338
14927790,2026-10-07 10:01:17,actions-trading,Sim12,001440,skip,avoid_frgn_sell_20d,05434605e72e
14927790,2026-10-07 10:01:17,actions-trading,Sim12,025560,skip,avoid_amount_dry,511719c1794a
14927790,2026-10-07 10:01:17,actions-trading,Sim12,35320K,skip,avoid_amount_dry,3af33ea4e6ed
14927790,2026-10-07 10:01:17,actions-trading,Sim12,353200,skip,avoid_amount_dry,640ca4e5a9a0
14927790,2026-10-07 10:01:17,actions-trading,Sim12,009540,skip,avoid_amount_dry,fbad5cea386a
14927790,2026-10-07 10:01:17,actions-trading,Sim12,011155,skip,avoid_amount_dry,7f24231b837f
14927790,2026-10-07 10:01:17,actions-trading,Sim12,139130,skip,avoid_amount_dry,5e5eb727cd92
14927790,2026-10-07 10:01:17,actions-trading,Sim12,066570,skip,avoid_amount_dry,b5a1c493fadf
14927790,2026-10-07 10:01:17,actions-trading,Sim12,002420,skip,avoid_amount_dry,33b08711257e
14927790,2026-10-07 10:01:17,actions-trading,Sim12,002710,skip,avoid_amount_dry,662d6f50643e
14927790,2026-10-07 10:01:17,actions-trading,Sim12,079550,skip,avoid_amount_dry,adc92516d4ef
14927790,2026-10-07 10:01:17,actions-trading,Sim12,161000,skip,avoid_amount_dry,9298609746d5
14927790,2026-10-07 10:01:17,actions-trading,Sim12,329180,skip,avoid_amount_dry,80ea5f30d509
14927790,2026-10-07 10:01:17,actions-trading,Sim12,267260,skip,pb2_not_crashed,96d30abcda5a
14927790,2026-10-07 10:01:17,actions-trading,Sim12,000950,skip,avoid_amount_dry,c7434d4e6184
14927790,2026-10-07 10:01:17,actions-trading,Sim12,336260,skip,avoid_amount_dry,b257c65e36c3
14927790,2026-10-07 10:01:17,actions-trading,Sim12,011780,skip,avoid_amount_dry,ca03daa398aa
14927790,2026-10-07 10:01:18,actions-trading,Sim13,084670,skip,theme_momentum_weak,0c6fd1e41b7d
14927790,2026-10-07 10:01:18,actions-trading,Sim13,000650,skip,theme_momentum_weak,00c039f58b3a
14927790,2026-10-07 10:01:18,actions-trading,Sim13,002720,skip,theme_momentum_weak,9c2e4cc7ff1e
14927790,2026-10-07 10:01:18,actions-trading,Sim13,009190,skip,theme_momentum_weak,d468ade7f4cb
14927790,2026-10-07 10:01:18,actions-trading,Sim13,015260,skip,theme_momentum_weak,44e811220a15
14927790,2026-10-07 10:01:18,actions-trading,Sim13,128820,skip,theme_momentum_weak,d9c73f7c01f4
14927790,2026-10-07 10:01:18,actions-trading,Sim13,005110,skip,theme_momentum_weak,ee33a8c10699
14927790,2026-10-07 10:01:18,actions-trading,Sim13,281820,skip,no_frgn_support,f8815a837a3a
14927790,2026-10-07 10:01:18,actions-trading,Sim13,003350,skip,adx_weak,8bf90ae1f234
14927790,2026-10-07 10:01:18,actions-trading,Sim13,011090,skip,theme_momentum_weak,f262d5361895
14927790,2026-10-07 10:01:18,actions-trading,Sim13,465770,skip,theme_momentum_weak,6a6c96964c34
14927790,2026-10-07 10:01:18,actions-trading,Sim13,019175,skip,theme_momentum_weak,6b76bf18f6eb
14927790,2026-10-07 10:01:18,actions-trading,Sim13,012320,skip,theme_momentum_weak,7201833fa513
14927790,2026-10-07 10:01:18,actions-trading,Sim13,063160,skip,theme_momentum_weak,8ebd5fa84659
14927790,2026-10-07 10:01:18,actions-trading,Sim13,085620,skip,theme_momentum_weak,8290d913a86a
14927790,2026-10-07 10:01:18,actions-trading,Sim13,019170,skip,theme_momentum_weak,3dc54b875691
14927790,2026-10-07 10:01:18,actions-trading,Sim13,005030,skip,theme_momentum_weak,03561bd13870
14927790,2026-10-07 10:01:18,actions-trading,Sim13,004835,skip,theme_momentum_weak,a03cb16eed33
14927790,2026-10-07 10:01:18,actions-trading,Sim13,036570,skip,theme_momentum_weak,45bf9b9cc775
14927790,2026-10-07 10:01:18,actions-trading,Sim13,012170,skip,theme_momentum_weak,cc01747184e8
14927790,2026-10-07 10:01:18,actions-trading,Sim13,000400,skip,theme_momentum_weak,55cd3be34ed0
14927790,2026-10-07 10:01:18,actions-trading,Sim13,004060,skip,theme_momentum_weak,d4b06698d4c3
14927790,2026-10-07 10:01:18,actions-trading,Sim13,248070,skip,no_frgn_support,b41e92169f22
14927790,2026-10-07 10:01:18,actions-trading,Sim13,352820,skip,theme_momentum_weak,201fef6acc93
14927790,2026-10-07 10:01:18,actions-trading,Sim13,008040,skip,theme_momentum_weak,25e78243662b
14927790,2026-10-07 10:01:18,actions-trading,Sim13,044820,skip,theme_momentum_weak,bffd9b5bd7aa
14927790,2026-10-07 10:01:18,actions-trading,Sim13,026890,skip,theme_momentum_weak,6f3f423f179c
14927790,2026-10-07 10:01:18,actions-trading,Sim13,003220,skip,theme_momentum_weak,e40f2dd44615
14927790,2026-10-07 10:01:18,actions-trading,Sim13,137310,skip,theme_momentum_weak,83f2b6f94f2a
14927790,2026-10-07 10:01:18,actions-trading,Sim13,217590,skip,no_frgn_support,191a45395c02
14927790,2026-10-07 10:01:18,actions-trading,Sim14,_gate,skip,regime_blocked,e3b0c44298fc
14927790,2026-10-07 10:01:18,actions-trading,Sim15,_gate,skip,already_rebalanced,e3b0c44298fc
14927790,2026-10-07 10:01:18,actions-trading,Sim15,069500,seen,,682ad151d94b
14927790,2026-10-07 10:01:18,actions-trading,Sim15,133690,seen,,771337e53ca9
14927790,2026-10-07 10:01:18,actions-trading,Sim15,148070,seen,,593cd9ead390
14927790,2026-10-07 10:01:18,actions-trading,Sim16,_gate,skip,already_rebalanced,e3b0c44298fc
14927790,2026-10-07 10:01:18,actions-trading,Sim16,122630,seen,,bb4e1c0726c2
14927790,2026-10-07 10:01:18,actions-trading,Sim16,418660,seen,,cd38154e5998
14927790,2026-10-07 10:01:18,actions-trading,Sim16,148070,seen,,593cd9ead390
14927791,2026-10-07 10:02:45,actions-trading,Sim3,402340,skip,qty_zero,0e28cb5ac5c1
14927791,2026-10-07 10:02:45,actions-trading,Sim3,383800,skip,amount,28732df62542
14927791,2026-10-07 10:02:45,actions-trading,Sim3,462870,skip,amount,8af07b89c64d
14927791,2026-10-07 10:02:45,actions-trading,Sim3,000660,skip,adx,bdce4313722c
14927791,2026-10-07 10:02:45,actions-trading,Sim3,071970,skip,amount,9f6017c4b436
14927791,2026-10-07 10:02:45,actions-trading,Sim3,042700,skip,not_cheap,f1424f0bac0b
14927791,2026-10-07 10:02:45,actions-trading,Sim3,326030,skip,amount,d84cfa2fedee
14927791,2026-10-07 10:02:45,actions-trading,Sim3,207940,skip,not_cheap,8833f29e6283
14927791,2026-10-07 10:02:45,actions-trading,Sim3,033920,skip,amount,ed1f2513b81d
14927791,2026-10-07 10:02:45,actions-trading,Sim3,004770,skip,amount,b9cbd7b154bd
14927791,2026-10-07 10:02:45,actions-trading,Sim3,0126Z0,skip,amount,d77a9eaedd98
14927791,2026-10-07 10:02:45,actions-trading,Sim3,062040,skip,not_cheap,11a8fe6ee2be
14927791,2026-10-07 10:02:45,actions-trading,Sim3,317450,skip,amount,991174194c04
14927791,2026-10-07 10:02:45,actions-trading,Sim3,026960,skip,amount,4cb6dd989420
14927791,2026-10-07 10:02:45,actions-trading,Sim3,021820,skip,amount,3ea26b8be2cb
14927791,2026-10-07 10:02:45,actions-trading,Sim3,192080,skip,amount,f9349f8a87f6
14927791,2026-10-07 10:02:45,actions-trading,Sim3,068270,skip,held_or_sold_today,bd5d28de80c1
14927791,2026-10-07 10:02:45,actions-trading,Sim3,123890,skip,amount,e269b8c300c9
14927791,2026-10-07 10:02:45,actions-trading,Sim3,000240,skip,amount,a2cefeb1e799
14927791,2026-10-07 10:02:45,actions-trading,Sim3,002380,skip,held_or_sold_today,a7ea2c9f0bb3
14927791,2026-10-07 10:02:45,actions-trading,Sim3,009770,skip,amount,b1aa0171e866
14927791,2026-10-07 10:02:45,actions-trading,Sim3,259960,skip,amount,4a3067f8e4e9
14927791,2026-10-07 10:02:45,actions-trading,Sim3,035250,skip,amount,2cad2ef277cb
14927791,2026-10-07 10:02:45,actions-trading,Sim3,383220,skip,amount,94edd8dc17a9
14927791,2026-10-07 10:02:45,actions-trading,Sim3,226320,skip,amount,de5e7446530e
14927791,2026-10-07 10:02:45,actions-trading,Sim3,439260,skip,amount,e9b967bd3f58
14927791,2026-10-07 10:02:45,actions-trading,Sim3,025560,skip,cooldown,dd561aa08ada
14927791,2026-10-07 10:02:45,actions-trading,Sim3,007700,skip,amount,cc8a4e84ccaa
14927791,2026-10-07 10:02:45,actions-trading,Sim3,278470,skip,not_cheap,a3a25cae1efd
14927791,2026-10-07 10:02:45,actions-trading,Sim3,000990,skip,not_cheap,48f718970388
14927791,2026-10-07 10:02:46,actions-trading,Sim3,402340,skip,qty_zero,0e28cb5ac5c1
14927791,2026-10-07 10:02:46,actions-trading,Sim3,383800,skip,amount,28732df62542
14927791,2026-10-07 10:02:46,actions-trading,Sim3,462870,skip,amount,8af07b89c64d
14927791,2026-10-07 10:02:46,actions-trading,Sim3,000660,skip,adx,bdce4313722c
14927791,2026-10-07 10:02:46,actions-trading,Sim3,071970,skip,cooldown,9f6017c4b436
14927791,2026-10-07 10:02:46,actions-trading,Sim3,042700,skip,not_cheap,f1424f0bac0b
14927791,2026-10-07 10:02:46,actions-trading,Sim3,326030,skip,held_or_sold_today,d84cfa2fedee
14927791,2026-10-07 10:02:46,actions-trading,Sim3,207940,skip,not_cheap,8833f29e6283
14927791,2026-10-07 10:02:46,actions-trading,Sim3,033920,skip,amount,ed1f2513b81d
14927791,2026-10-07 10:02:46,actions-trading,Sim3,004770,skip,amount,b9cbd7b154bd
14927791,2026-10-07 10:02:46,actions-trading,Sim3,0126Z0,skip,amount,d77a9eaedd98
14927791,2026-10-07 10:02:46,actions-trading,Sim3,062040,skip,not_cheap,11a8fe6ee2be
14927791,2026-10-07 10:02:46,actions-trading,Sim3,317450,skip,amount,991174194c04
14927791,2026-10-07 10:02:46,actions-trading,Sim3,026960,skip,amount,4cb6dd989420
14927791,2026-10-07 10:02:46,actions-trading,Sim3,021820,skip,amount,3ea26b8be2cb
14927791,2026-10-07 10:02:46,actions-trading,Sim3,192080,skip,amount,f9349f8a87f6
14927791,2026-10-07 10:02:46,actions-trading,Sim3,068270,skip,cooldown,bd5d28de80c1
14927791,2026-10-07 10:02:46,actions-trading,Sim3,123890,skip,amount,e269b8c300c9
14927791,2026-10-07 10:02:46,actions-trading,Sim3,000240,skip,amount,a2cefeb1e799
14927791,2026-10-07 10:02:46,actions-trading,Sim3,002380,skip,cooldown,a7ea2c9f0bb3
14927791,2026-10-07 10:02:46,actions-trading,Sim3,009770,skip,amount,b1aa0171e866
14927791,2026-10-07 10:02:46,actions-trading,Sim3,259960,skip,cooldown,4a3067f8e4e9
14927791,2026-10-07 10:02:46,actions-trading,Sim3,035250,skip,amount,2cad2ef277cb
14927791,2026-10-07 10:02:46,actions-trading,Sim3,383220,skip,amount,94edd8dc17a9
14927791,2026-10-07 10:02:46,actions-trading,Sim3,226320,skip,amount,de5e7446530e
14927791,2026-10-07 10:02:46,actions-trading,Sim3,439260,skip,amount,e9b967bd3f58
14927791,2026-10-07 10:02:46,actions-trading,Sim3,025560,skip,amount,dd561aa08ada
14927791,2026-10-07 10:02:46,actions-trading,Sim3,007700,skip,amount,cc8a4e84ccaa
14927791,2026-10-07 10:02:46,actions-trading,Sim3,278470,skip,not_cheap,a3a25cae1efd
14927791,2026-10-07 10:02:46,actions-trading,Sim3,000990,skip,not_cheap,48f718970388
14927791,2026-10-07 10:03:21,actions-trading,MFHS2,005930,skip,max_holdings,c0192d467297
14927791,2026-10-07 10:03:21,actions-trading,MFHS2,028670,seen,,5caeb65dde7a
14927791,2026-10-07 10:03:21,actions-trading,MFHS2,002720,seen,,d4338e6ca826
14927791,2026-10-07 10:03:21,actions-trading,MFHS2,003280,seen,,2b5bf8007040
14927791,2026-10-07 10:03:21,actions-trading,MFHS2,009190,seen,,31886cb45097
14927791,2026-10-07 10:03:21,actions-trading,MFHS2,005880,seen,,8994b2500f28
14927791,2026-10-07 10:03:21,actions-trading,MFHS2,004770,seen,,0671dbfb7318
14927791,2026-10-07 10:03:21,actions-trading,MFHS2,002990,seen,,4eb20d6752df
14927791,2026-10-07 10:03:21,actions-trading,MFHS2,034020,seen,,86bb10fc57ac
14927791,2026-10-07 10:03:21,actions-trading,MFHS2,281820,seen,,7244fd758ef2
14927791,2026-10-07 10:03:21,actions-trading,MFHS2,003520,seen,,d27e2bf2ad12
14927791,2026-10-07 10:03:21,actions-trading,MFHS2,003580,seen,,0cebc46b272a
14927791,2026-10-07 10:03:21,actions-trading,MFHS2,002700,seen,,b81cea7e165f
14927791,2026-10-07 10:03:21,actions-trading,MFHS2,096770,seen,,ab02c4746b05
14927791,2026-10-07 10:03:21,actions-trading,MFHS2,073240,seen,,3a948cb4fdec
14927791,2026-10-07 10:03:21,actions-trading,MFHS2,192650,seen,,de8f6fa8a642
14927791,2026-10-07 10:03:21,actions-trading,MFHS2,090430,seen,,7ef63b8fc8be
14927791,2026-10-07 10:03:21,actions-trading,MFHS2,001210,seen,,0d323fabdf2b
14927791,2026-10-07 10:03:21,actions-trading,MFHS2,003350,seen,,4029e159877e
14927791,2026-10-07 10:03:21,actions-trading,MFHS2,004710,seen,,5bb0eaaf141d
14927791,2026-10-07 10:03:21,actions-trading,MFHS2,030000,seen,,7c33c95b823b
14927791,2026-10-07 10:03:21,actions-trading,MFHS2,000020,seen,,22a96e9ffe5e
14927791,2026-10-07 10:03:21,actions-trading,MFHS2,003490,seen,,8b815e202c17
14927791,2026-10-07 10:03:21,actions-trading,MFHS2,465770,seen,,15acf71af5a9
14927791,2026-10-07 10:03:21,actions-trading,MFHS2,035720,seen,,6edddcb063da
14927791,2026-10-07 10:03:21,actions-trading,MFHS2,036570,seen,,d77ca31f7f35
14927791,2026-10-07 10:03:21,actions-trading,MFHS2,352820,seen,,4ebf533797f5
14927791,2026-10-07 10:03:21,actions-trading,MFHS2,480370,seen,,c6df3c8ae330
14927791,2026-10-07 10:03:21,actions-trading,MFHS2,020120,seen,,45343ffe4df0
14927791,2026-10-07 10:03:21,actions-trading,MFHS2,248070,seen,,2ca2371fe65b
14927791,2026-10-07 10:03:23,actions-trading,상승모멘텀,084670,skip,amount,cd6f41ba6da4
14927791,2026-10-07 10:03:23,actions-trading,상승모멘텀,000650,skip,adx_high,51a7075e7b26
14927791,2026-10-07 10:03:23,actions-trading,상승모멘텀,002720,skip,adx_high,d4338e6ca826
14927791,2026-10-07 10:03:23,actions-trading,상승모멘텀,009190,skip,amount,31886cb45097
14927791,2026-10-07 10:03:23,actions-trading,상승모멘텀,015260,skip,amount,96d94526feb7
14927791,2026-10-07 10:03:23,actions-trading,상승모멘텀,128820,skip,adx_high,095d58c07cd1
14927791,2026-10-07 10:03:23,actions-trading,상승모멘텀,005110,skip,amount,ee33a8c10699
14927791,2026-10-07 10:03:23,actions-trading,상승모멘텀,281820,skip,adx_high,7244fd758ef2
14927791,2026-10-07 10:03:23,actions-trading,상승모멘텀,003350,skip,adx_low,4029e159877e
14927791,2026-10-07 10:03:23,actions-trading,상승모멘텀,011090,skip,amount,89ce4ea2b107
14927791,2026-10-07 10:03:23,actions-trading,상승모멘텀,465770,skip,amount,15acf71af5a9
14927791,2026-10-07 10:03:23,actions-trading,상승모멘텀,085620,skip,amount,a07871678fe7
14927791,2026-10-07 10:03:23,actions-trading,상승모멘텀,019175,skip,amount,6b76bf18f6eb
14927791,2026-10-07 10:03:23,actions-trading,상승모멘텀,004835,skip,amount,2a14ea2544b8
14927791,2026-10-07 10:03:23,actions-trading,상승모멘텀,019170,skip,adx_high,0c9d6960f447
14927791,2026-10-07 10:03:23,actions-trading,상승모멘텀,063160,skip,adx_high,cc0a75cfb075
14927791,2026-10-07 10:03:23,actions-trading,상승모멘텀,005030,skip,amount,03561bd13870
14927791,2026-10-07 10:03:23,actions-trading,상승모멘텀,036570,skip,held_or_sold_today,d77ca31f7f35
14927791,2026-10-07 10:03:23,actions-trading,상승모멘텀,012320,skip,amount,6204a04c21d4
14927791,2026-10-07 10:03:23,actions-trading,상승모멘텀,012170,skip,amount,963dcec04c7e
14927791,2026-10-07 10:03:23,actions-trading,상승모멘텀,217590,skip,adx_high,d6cf76f411e6
14927791,2026-10-07 10:03:23,actions-trading,상승모멘텀,000400,skip,amount,92d1cc1a3be5
14927791,2026-10-07 10:03:23,actions-trading,상승모멘텀,004060,skip,amount,8bbd816b963a
14927791,2026-10-07 10:03:23,actions-trading,상승모멘텀,352820,skip,period,4ebf533797f5
14927791,2026-10-07 10:03:23,actions-trading,상승모멘텀,044820,skip,amount,928a632acd94
14927791,2026-10-07 10:03:23,actions-trading,상승모멘텀,008040,skip,amount,25e78243662b
14927791,2026-10-07 10:03:23,actions-trading,상승모멘텀,003220,skip,amount,c72328486735
14927791,2026-10-07 10:03:23,actions-trading,상승모멘텀,248070,skip,adx_high,2ca2371fe65b
14927791,2026-10-07 10:03:23,actions-trading,상승모멘텀,026890,skip,amount,a18f4cc2fd42
14927791,2026-10-07 10:03:23,actions-trading,상승모멘텀,137310,skip,amount,da56ad25349a
14927791,2026-10-07 10:03:23,actions-trading,Sim6,_gate,skip,already_rebalanced,e3b0c44298fc
14927791,2026-10-07 10:03:23,actions-trading,Sim6,069500,seen,,d489580a326c
14927791,2026-10-07 10:03:23,actions-trading,Sim6,360750,seen,,da588172c5ba
14927791,2026-10-07 10:03:23,actions-trading,Sim6,148070,seen,,df1c86616384
14927791,2026-10-07 10:03:23,actions-trading,Sim6,411060,seen,,a7ef36140973
14927791,2026-10-07 10:03:23,actions-trading,Sim6,305080,seen,,7b775bc9ad66
14927791,2026-10-07 10:03:23,actions-trading,Sim6,357870,seen,,5dd6c4075692
14927791,2026-10-07 10:03:23,actions-trading,Sim4-1,084670,skip,amount,cd6f41ba6da4
14927791,2026-10-07 10:03:23,actions-trading,Sim4-1,000650,skip,adx_high,51a7075e7b26
14927791,2026-10-07 10:03:23,actions-trading,Sim4-1,002720,skip,adx_high,d4338e6ca826
14927791,2026-10-07 10:03:23,actions-trading,Sim4-1,009190,skip,amount,31886cb45097
14927791,2026-10-07 10:03:23,actions-trading,Sim4-1,015260,skip,amount,96d94526feb7
14927791,2026-10-07 10:03:23,actions-trading,Sim4-1,128820,skip,adx_high,095d58c07cd1
14927791,2026-10-07 10:03:23,actions-trading,Sim4-1,005110,skip,amount,ee33a8c10699
14927791,2026-10-07 10:03:23,actions-trading,Sim4-1,281820,skip,adx_high,7244fd758ef2
14927791,2026-10-07 10:03:23,actions-trading,Sim4-1,003350,skip,adx_low,4029e159877e
14927791,2026-10-07 10:03:23,actions-trading,Sim4-1,011090,skip,amount,89ce4ea2b107
14927791,2026-10-07 10:03:23,actions-trading,Sim4-1,465770,skip,amount,15acf71af5a9
14927791,2026-10-07 10:03:23,actions-trading,Sim4-1,085620,skip,amount,a07871678fe7
14927791,2026-10-07 10:03:23,actions-trading,Sim4-1,019175,skip,amount,6b76bf18f6eb
14927791,2026-10-07 10:03:23,actions-trading,Sim4-1,004835,skip,amount,2a14ea2544b8
14927791,2026-10-07 10:03:23,actions-trading,Sim4-1,019170,skip,adx_high,0c9d6960f447
14927791,2026-10-07 10:03:23,actions-trading,Sim4-1,063160,skip,adx_high,cc0a75cfb075
14927791,2026-10-07 10:03:23,actions-trading,Sim4-1,005030,skip,amount,03561bd13870
14927791,2026-10-07 10:03:23,actions-trading,Sim4-1,036570,skip,held_or_cooldown,d77ca31f7f35
14927791,2026-10-07 10:03:23,actions-trading,Sim4-1,012320,skip,amount,6204a04c21d4
14927791,2026-10-07 10:03:23,actions-trading,Sim4-1,012170,skip,amount,963dcec04c7e
14927791,2026-10-07 10:03:23,actions-trading,Sim4-1,217590,skip,adx_high,d6cf76f411e6
14927791,2026-10-07 10:03:23,actions-trading,Sim4-1,000400,skip,amount,92d1cc1a3be5
14927791,2026-10-07 10:03:23,actions-trading,Sim4-1,004060,skip,amount,8bbd816b963a
14927791,2026-10-07 10:03:23,actions-trading,Sim4-1,352820,skip,period,4ebf533797f5
14927791,2026-10-07 10:03:23,actions-trading,Sim4-1,044820,skip,amount,928a632acd94
14927791,2026-10-07 10:03:23,actions-trading,Sim4-1,008040,skip,amount,25e78243662b
14927791,2026-10-07 10:03:23,actions-trading,Sim4-1,003220,skip,amount,c72328486735
14927791,2026-10-07 10:03:23,actions-trading,Sim4-1,248070,skip,adx_high,2ca2371fe65b
14927791,2026-10-07 10:03:23,actions-trading,Sim4-1,026890,skip,amount,a18f4cc2fd42
14927791,2026-10-07 10:03:23,actions-trading,Sim4-1,137310,skip,amount,da56ad25349a
14927791,2026-10-07 10:03:25,actions-trading,선행매집,281820,entry,entry,7244fd758ef2
14927791,2026-10-07 10:03:25,actions-trading,선행매집,005930,skip,below_anchor,c0192d467297
14927791,2026-10-07 10:03:25,actions-trading,선행매집,002720,skip,below_anchor,d4338e6ca826
14927791,2026-10-07 10:03:25,actions-trading,선행매집,028670,skip,no_setup,5caeb65dde7a
14927791,2026-10-07 10:03:25,actions-trading,선행매집,003280,skip,below_anchor,2b5bf8007040
14927791,2026-10-07 10:03:25,actions-trading,선행매집,009190,skip,below_anchor,31886cb45097
14927791,2026-10-07 10:03:25,actions-trading,선행매집,005880,skip,amount,8994b2500f28
14927791,2026-10-07 10:03:25,actions-trading,선행매집,003350,skip,below_anchor,4029e159877e
14927791,2026-10-07 10:03:25,actions-trading,선행매집,002990,skip,below_anchor,4eb20d6752df
14927791,2026-10-07 10:03:25,actions-trading,선행매집,004770,skip,amount,0671dbfb7318
14927791,2026-10-07 10:03:25,actions-trading,선행매집,248070,skip,below_anchor,2ca2371fe65b
14927791,2026-10-07 10:03:25,actions-trading,선행매집,090430,skip,below_anchor,7ef63b8fc8be
14927791,2026-10-07 10:03:25,actions-trading,선행매집,003580,skip,below_anchor,0cebc46b272a
14927791,2026-10-07 10:03:25,actions-trading,선행매집,003520,skip,amount,d27e2bf2ad12
14927791,2026-10-07 10:03:25,actions-trading,선행매집,073240,skip,below_anchor,3a948cb4fdec
14927791,2026-10-07 10:03:25,actions-trading,선행매집,001210,skip,below_anchor,0d323fabdf2b
14927791,2026-10-07 10:03:25,actions-trading,선행매집,030000,skip,below_anchor,7c33c95b823b
14927791,2026-10-07 10:03:25,actions-trading,선행매집,004710,skip,below_anchor,5bb0eaaf141d
14927791,2026-10-07 10:03:25,actions-trading,선행매집,192650,skip,no_setup,de8f6fa8a642
14927791,2026-10-07 10:03:25,actions-trading,선행매집,002700,skip,amount,b81cea7e165f
14927791,2026-10-07 10:03:25,actions-trading,선행매집,036570,skip,below_anchor,d77ca31f7f35
14927791,2026-10-07 10:03:25,actions-trading,선행매집,000020,skip,below_anchor,22a96e9ffe5e
14927791,2026-10-07 10:03:25,actions-trading,선행매집,465770,skip,amount,15acf71af5a9
14927791,2026-10-07 10:03:25,actions-trading,선행매집,316140,skip,below_anchor,ec064e14f6e1
14927791,2026-10-07 10:03:25,actions-trading,선행매집,096770,skip,no_setup,ab02c4746b05
14927791,2026-10-07 10:03:25,actions-trading,선행매집,003490,skip,no_setup,8b815e202c17
14927791,2026-10-07 10:03:25,actions-trading,선행매집,161890,skip,below_anchor,05029499b97b
14927791,2026-10-07 10:03:25,actions-trading,선행매집,0220W0,skip,below_anchor,1d008cadaee7
14927791,2026-10-07 10:03:25,actions-trading,선행매집,020120,skip,below_anchor,45343ffe4df0
14927791,2026-10-07 10:03:25,actions-trading,선행매집,480370,skip,amount,c6df3c8ae330
14927791,2026-10-07 10:03:25,actions-trading,Sim9,_gate,skip,outside_entry_window,e3b0c44298fc
14927791,2026-10-07 10:03:25,actions-trading,Sim9,084670,seen,,cd6f41ba6da4
14927791,2026-10-07 10:03:25,actions-trading,Sim9,000650,seen,,51a7075e7b26
14927791,2026-10-07 10:03:25,actions-trading,Sim9,002720,seen,,d4338e6ca826
14927791,2026-10-07 10:03:25,actions-trading,Sim9,009190,seen,,31886cb45097
14927791,2026-10-07 10:03:25,actions-trading,Sim9,015260,seen,,96d94526feb7
14927791,2026-10-07 10:03:25,actions-trading,Sim9,128820,seen,,095d58c07cd1
14927791,2026-10-07 10:03:25,actions-trading,Sim9,005110,seen,,ee33a8c10699
14927791,2026-10-07 10:03:25,actions-trading,Sim9,281820,seen,,7244fd758ef2
14927791,2026-10-07 10:03:25,actions-trading,Sim9,003350,seen,,4029e159877e
14927791,2026-10-07 10:03:25,actions-trading,Sim9,011090,seen,,89ce4ea2b107
14927791,2026-10-07 10:03:25,actions-trading,Sim9,465770,seen,,15acf71af5a9
14927791,2026-10-07 10:03:25,actions-trading,Sim9,085620,seen,,a07871678fe7
14927791,2026-10-07 10:03:25,actions-trading,Sim9,019175,seen,,6b76bf18f6eb
14927791,2026-10-07 10:03:25,actions-trading,Sim9,004835,seen,,2a14ea2544b8
14927791,2026-10-07 10:03:25,actions-trading,Sim9,019170,seen,,0c9d6960f447
14927791,2026-10-07 10:03:25,actions-trading,Sim9,063160,seen,,cc0a75cfb075
14927791,2026-10-07 10:03:25,actions-trading,Sim9,005030,seen,,03561bd13870
14927791,2026-10-07 10:03:25,actions-trading,Sim9,036570,seen,,d77ca31f7f35
14927791,2026-10-07 10:03:25,actions-trading,Sim9,012320,seen,,6204a04c21d4
14927791,2026-10-07 10:03:25,actions-trading,Sim9,012170,seen,,963dcec04c7e
14927791,2026-10-07 10:03:25,actions-trading,Sim9,217590,seen,,d6cf76f411e6
14927791,2026-10-07 10:03:25,actions-trading,Sim9,000400,seen,,92d1cc1a3be5
14927791,2026-10-07 10:03:25,actions-trading,Sim9,004060,seen,,8bbd816b963a
14927791,2026-10-07 10:03:25,actions-trading,Sim9,352820,seen,,4ebf533797f5
14927791,2026-10-07 10:03:25,actions-trading,Sim9,044820,seen,,928a632acd94
14927791,2026-10-07 10:03:25,actions-trading,Sim9,008040,seen,,25e78243662b
14927791,2026-10-07 10:03:25,actions-trading,Sim9,003220,seen,,c72328486735
14927791,2026-10-07 10:03:25,actions-trading,Sim9,248070,seen,,2ca2371fe65b
14927791,2026-10-07 10:03:25,actions-trading,Sim9,026890,seen,,a18f4cc2fd42
14927791,2026-10-07 10:03:25,actions-trading,Sim9,137310,seen,,da56ad25349a
14927791,2026-10-07 10:03:25,actions-trading,미너비니,192820,skip,held_or_cooldown,50a3111afc4f
14927791,2026-10-07 10:03:25,actions-trading,미너비니,443060,skip,below_pivot,d3775ad68471
14927791,2026-10-07 10:03:26,actions-trading,Sim12,084670,skip,pb2_not_crashed,cd6f41ba6da4
14927791,2026-10-07 10:03:26,actions-trading,Sim12,000650,skip,pb2_not_crashed,51a7075e7b26
14927791,2026-10-07 10:03:26,actions-trading,Sim12,002720,skip,avoid_frgn_sell_20d,d4338e6ca826
14927791,2026-10-07 10:03:26,actions-trading,Sim12,009190,skip,avoid_deadcat,31886cb45097
14927791,2026-10-07 10:03:26,actions-trading,Sim12,015260,skip,avoid_deadcat,96d94526feb7
14927791,2026-10-07 10:03:26,actions-trading,Sim12,128820,skip,pb2_not_crashed,095d58c07cd1
14927791,2026-10-07 10:03:26,actions-trading,Sim12,005110,skip,avoid_amount_dry,ee33a8c10699
14927791,2026-10-07 10:03:26,actions-trading,Sim12,281820,skip,pb2_not_crashed,7244fd758ef2
14927791,2026-10-07 10:03:26,actions-trading,Sim12,003350,skip,pb2_not_crashed,4029e159877e
14927791,2026-10-07 10:03:26,actions-trading,Sim12,011090,skip,avoid_amount_dry,89ce4ea2b107
14927791,2026-10-07 10:03:26,actions-trading,Sim12,465770,skip,avoid_amount_dry,15acf71af5a9
14927791,2026-10-07 10:03:26,actions-trading,Sim12,085620,skip,pb2_not_crashed,a07871678fe7
14927791,2026-10-07 10:03:26,actions-trading,Sim12,019175,skip,pb2_not_crashed,6b76bf18f6eb
14927791,2026-10-07 10:03:26,actions-trading,Sim12,004835,skip,pb2_not_crashed,2a14ea2544b8
14927791,2026-10-07 10:03:26,actions-trading,Sim12,019170,skip,pb2_not_crashed,0c9d6960f447
14927791,2026-10-07 10:03:26,actions-trading,Sim12,063160,skip,avoid_frgn_sell_20d,cc0a75cfb075
14927791,2026-10-07 10:03:26,actions-trading,Sim12,005030,skip,avoid_amount_dry,03561bd13870
14927791,2026-10-07 10:03:26,actions-trading,Sim12,036570,skip,avoid_frgn_hold_drop,d77ca31f7f35
14927791,2026-10-07 10:03:26,actions-trading,Sim12,012320,skip,pb2_not_crashed,6204a04c21d4
14927791,2026-10-07 10:03:26,actions-trading,Sim12,012170,skip,pb2_not_crashed,963dcec04c7e
14927791,2026-10-07 10:03:26,actions-trading,Sim12,217590,skip,pb2_not_crashed,d6cf76f411e6
14927791,2026-10-07 10:03:26,actions-trading,Sim12,000400,skip,pb2_not_crashed,92d1cc1a3be5
14927791,2026-10-07 10:03:26,actions-trading,Sim12,004060,skip,avoid_frgn_sell_20d,8bbd816b963a
14927791,2026-10-07 10:03:26,actions-trading,Sim12,352820,skip,avoid_frgn_sell_20d,4ebf533797f5
14927791,2026-10-07 10:03:26,actions-trading,Sim12,044820,skip,avoid_amount_dry,928a632acd94
14927791,2026-10-07 10:03:26,actions-trading,Sim12,008040,skip,avoid_amount_dry,25e78243662b
14927791,2026-10-07 10:03:26,actions-trading,Sim12,003220,skip,pb2_not_crashed,c72328486735
14927791,2026-10-07 10:03:26,actions-trading,Sim12,248070,skip,avoid_frgn_sell_20d,2ca2371fe65b
14927791,2026-10-07 10:03:26,actions-trading,Sim12,026890,skip,avoid_frgn_sell_20d,a18f4cc2fd42
14927791,2026-10-07 10:03:26,actions-trading,Sim12,137310,skip,pb2_not_crashed,da56ad25349a
14927791,2026-10-07 10:03:26,actions-trading,Sim12,103140,skip,avoid_frgn_sell_20d,2c612bbb2029
14927791,2026-10-07 10:03:26,actions-trading,Sim12,003670,skip,avoid_frgn_sell_20d,eead4038b4d5
14927791,2026-10-07 10:03:26,actions-trading,Sim12,020120,skip,avoid_amount_dry,45343ffe4df0
14927791,2026-10-07 10:03:26,actions-trading,Sim12,210980,skip,avoid_amount_dry,5e80818e1429
14927791,2026-10-07 10:03:26,actions-trading,Sim12,066575,skip,avoid_amount_dry,725547c0a4c2
14927791,2026-10-07 10:03:26,actions-trading,Sim12,480370,skip,avoid_amount_dry,c6df3c8ae330
14927791,2026-10-07 10:03:26,actions-trading,Sim12,298040,skip,avoid_orgn_sell_high_per,c194a233ae2c
14927791,2026-10-07 10:03:26,actions-trading,Sim12,006110,skip,avoid_amount_dry,0f951f9d85c3
14927791,2026-10-07 10:03:26,actions-trading,Sim12,093370,skip,avoid_amount_dry,c46691282753
14927791,2026-10-07 10:03:26,actions-trading,Sim12,267270,skip,avoid_amount_dry,2a9e761e2e73
14927791,2026-10-07 10:03:26,actions-trading,Sim12,001430,skip,avoid_amount_dry,736458197c5b
14927791,2026-10-07 10:03:26,actions-trading,Sim12,025560,skip,avoid_amount_dry,a316062071f2
14927791,2026-10-07 10:03:26,actions-trading,Sim12,000880,skip,avoid_amount_dry,871dd412ff6c
14927791,2026-10-07 10:03:26,actions-trading,Sim12,009420,skip,avoid_amount_dry,4acdbac5140a
14927791,2026-10-07 10:03:26,actions-trading,Sim12,353200,skip,avoid_amount_dry,eec94c2a7d24
14927791,2026-10-07 10:03:26,actions-trading,Sim12,35320K,skip,avoid_amount_dry,f917c36c8b0e
14927791,2026-10-07 10:03:26,actions-trading,Sim12,001440,skip,avoid_frgn_sell_20d,623121df2753
14927791,2026-10-07 10:03:26,actions-trading,Sim12,011155,skip,avoid_amount_dry,7f24231b837f
14927791,2026-10-07 10:03:26,actions-trading,Sim12,009540,skip,avoid_amount_dry,f0263b9a486c
14927791,2026-10-07 10:03:26,actions-trading,Sim12,002710,skip,avoid_amount_dry,4edaddc8f940
14927791,2026-10-07 10:03:26,actions-trading,Sim12,079550,skip,avoid_amount_dry,e2b5e7ae1228
14927791,2026-10-07 10:03:26,actions-trading,Sim12,139130,skip,avoid_amount_dry,237f71ab848c
14927791,2026-10-07 10:03:26,actions-trading,Sim12,066570,skip,avoid_amount_dry,4e0bde493ac1
14927791,2026-10-07 10:03:26,actions-trading,Sim12,092220,skip,avoid_amount_dry,5c2c95334240
14927791,2026-10-07 10:03:26,actions-trading,Sim12,002420,skip,avoid_amount_dry,33b08711257e
14927791,2026-10-07 10:03:26,actions-trading,Sim12,329180,skip,avoid_amount_dry,dc37aedc1249
14927791,2026-10-07 10:03:26,actions-trading,Sim12,004020,skip,avoid_amount_dry,161943f042a5
14927791,2026-10-07 10:03:26,actions-trading,Sim12,003580,skip,pb2_not_crashed,0cebc46b272a
14927791,2026-10-07 10:03:26,actions-trading,Sim12,267260,skip,pb2_not_crashed,6af3972e88b1
14927791,2026-10-07 10:03:26,actions-trading,Sim12,000950,skip,avoid_amount_dry,c7434d4e6184
14927791,2026-10-07 10:03:27,actions-trading,Sim13,084670,skip,theme_momentum_weak,cd6f41ba6da4
14927791,2026-10-07 10:03:27,actions-trading,Sim13,000650,skip,theme_momentum_weak,51a7075e7b26
14927791,2026-10-07 10:03:27,actions-trading,Sim13,002720,skip,theme_momentum_weak,d4338e6ca826
14927791,2026-10-07 10:03:27,actions-trading,Sim13,009190,skip,theme_momentum_weak,31886cb45097
14927791,2026-10-07 10:03:27,actions-trading,Sim13,015260,skip,theme_momentum_weak,96d94526feb7
14927791,2026-10-07 10:03:27,actions-trading,Sim13,128820,skip,theme_momentum_weak,095d58c07cd1
14927791,2026-10-07 10:03:27,actions-trading,Sim13,005110,skip,theme_momentum_weak,ee33a8c10699
14927791,2026-10-07 10:03:27,actions-trading,Sim13,281820,skip,no_frgn_support,7244fd758ef2
14927791,2026-10-07 10:03:27,actions-trading,Sim13,003350,skip,adx_weak,4029e159877e
14927791,2026-10-07 10:03:27,actions-trading,Sim13,011090,skip,theme_momentum_weak,89ce4ea2b107
14927791,2026-10-07 10:03:27,actions-trading,Sim13,465770,skip,theme_momentum_weak,15acf71af5a9
14927791,2026-10-07 10:03:27,actions-trading,Sim13,085620,skip,theme_momentum_weak,a07871678fe7
14927791,2026-10-07 10:03:27,actions-trading,Sim13,019175,skip,theme_momentum_weak,6b76bf18f6eb
14927791,2026-10-07 10:03:27,actions-trading,Sim13,004835,skip,theme_momentum_weak,2a14ea2544b8
14927791,2026-10-07 10:03:27,actions-trading,Sim13,019170,skip,theme_momentum_weak,0c9d6960f447
14927791,2026-10-07 10:03:27,actions-trading,Sim13,063160,skip,theme_momentum_weak,cc0a75cfb075
14927791,2026-10-07 10:03:27,actions-trading,Sim13,005030,skip,theme_momentum_weak,03561bd13870
14927791,2026-10-07 10:03:27,actions-trading,Sim13,036570,skip,theme_momentum_weak,d77ca31f7f35
14927791,2026-10-07 10:03:27,actions-trading,Sim13,012320,skip,theme_momentum_weak,6204a04c21d4
14927791,2026-10-07 10:03:27,actions-trading,Sim13,012170,skip,theme_momentum_weak,963dcec04c7e
14927791,2026-10-07 10:03:27,actions-trading,Sim13,217590,skip,no_frgn_support,d6cf76f411e6
14927791,2026-10-07 10:03:27,actions-trading,Sim13,000400,skip,theme_momentum_weak,92d1cc1a3be5
14927791,2026-10-07 10:03:27,actions-trading,Sim13,004060,skip,theme_momentum_weak,8bbd816b963a
14927791,2026-10-07 10:03:27,actions-trading,Sim13,352820,skip,theme_momentum_weak,4ebf533797f5
14927791,2026-10-07 10:03:27,actions-trading,Sim13,044820,skip,theme_momentum_weak,928a632acd94
14927791,2026-10-07 10:03:27,actions-trading,Sim13,008040,skip,theme_momentum_weak,25e78243662b
14927791,2026-10-07 10:03:27,actions-trading,Sim13,003220,skip,theme_momentum_weak,c72328486735
14927791,2026-10-07 10:03:27,actions-trading,Sim13,248070,skip,no_frgn_support,2ca2371fe65b
14927791,2026-10-07 10:03:27,actions-trading,Sim13,026890,skip,theme_momentum_weak,a18f4cc2fd42
14927791,2026-10-07 10:03:27,actions-trading,Sim13,137310,skip,theme_momentum_weak,da56ad25349a
14927791,2026-10-07 10:03:27,actions-trading,Sim14,_gate,skip,regime_blocked,e3b0c44298fc
14927791,2026-10-07 10:03:27,actions-trading,Sim15,_gate,skip,already_rebalanced,e3b0c44298fc
14927791,2026-10-07 10:03:27,actions-trading,Sim15,069500,seen,,d489580a326c
14927791,2026-10-07 10:03:27,actions-trading,Sim15,133690,seen,,550dfb1d5a9d
14927791,2026-10-07 10:03:27,actions-trading,Sim15,148070,seen,,df1c86616384
14927791,2026-10-07 10:03:27,actions-trading,Sim16,_gate,skip,already_rebalanced,e3b0c44298fc
14927791,2026-10-07 10:03:27,actions-trading,Sim16,122630,seen,,f247b72e6247
14927791,2026-10-07 10:03:27,actions-trading,Sim16,418660,seen,,29463179a29f
14927791,2026-10-07 10:03:27,actions-trading,Sim16,148070,seen,,df1c86616384
14927792,2026-10-07 10:04:41,actions-trading,Sim3,402340,skip,qty_zero,5569fae1f4ae
14927792,2026-10-07 10:04:41,actions-trading,Sim3,383800,skip,amount,12b545539ec0
14927792,2026-10-07 10:04:41,actions-trading,Sim3,462870,skip,amount,b9e900623041
14927792,2026-10-07 10:04:41,actions-trading,Sim3,000660,skip,adx,41aca199d2c0
14927792,2026-10-07 10:04:41,actions-trading,Sim3,071970,skip,amount,eeef2b3d3afe
14927792,2026-10-07 10:04:41,actions-trading,Sim3,042700,skip,not_cheap,1cd58aa76ace
14927792,2026-10-07 10:04:41,actions-trading,Sim3,326030,skip,amount,b0eaee42221f
14927792,2026-10-07 10:04:41,actions-trading,Sim3,207940,skip,not_cheap,87fe9bd90399
14927792,2026-10-07 10:04:41,actions-trading,Sim3,033920,skip,amount,2bcddbe3d283
14927792,2026-10-07 10:04:41,actions-trading,Sim3,004770,skip,amount,dd7a626921a7
14927792,2026-10-07 10:04:41,actions-trading,Sim3,0126Z0,skip,amount,1856d0a70740
14927792,2026-10-07 10:04:41,actions-trading,Sim3,062040,skip,not_cheap,bd68fac72ab9
14927792,2026-10-07 10:04:41,actions-trading,Sim3,317450,skip,amount,1e6adb46ed41
14927792,2026-10-07 10:04:41,actions-trading,Sim3,026960,skip,amount,210e47ccbc79
14927792,2026-10-07 10:04:41,actions-trading,Sim3,021820,skip,amount,da62ef998014
14927792,2026-10-07 10:04:41,actions-trading,Sim3,192080,skip,amount,ed78bb29ba0f
14927792,2026-10-07 10:04:41,actions-trading,Sim3,068270,skip,held_or_sold_today,ea939cf83c3b
14927792,2026-10-07 10:04:41,actions-trading,Sim3,123890,skip,amount,fa7c4becc124
14927792,2026-10-07 10:04:41,actions-trading,Sim3,000240,skip,amount,07e86ed66804
14927792,2026-10-07 10:04:41,actions-trading,Sim3,002380,skip,held_or_sold_today,93db9e12bbfb
14927792,2026-10-07 10:04:41,actions-trading,Sim3,009770,skip,amount,b1aa0171e866
14927792,2026-10-07 10:04:41,actions-trading,Sim3,259960,skip,amount,7fe01ccde5ba
14927792,2026-10-07 10:04:41,actions-trading,Sim3,035250,skip,amount,7255ba01d43c
14927792,2026-10-07 10:04:41,actions-trading,Sim3,383220,skip,amount,9a56fd211e18
14927792,2026-10-07 10:04:41,actions-trading,Sim3,226320,skip,amount,5eaf7219b2ad
14927792,2026-10-07 10:04:41,actions-trading,Sim3,439260,skip,amount,aaebeab8fb10
14927792,2026-10-07 10:04:41,actions-trading,Sim3,025560,skip,cooldown,90fd6a4c262f
14927792,2026-10-07 10:04:41,actions-trading,Sim3,007700,skip,amount,cc8a4e84ccaa
14927792,2026-10-07 10:04:41,actions-trading,Sim3,278470,skip,not_cheap,607f1f4e6c94
14927792,2026-10-07 10:04:41,actions-trading,Sim3,000990,skip,not_cheap,8f15cc8a0cab
14927792,2026-10-07 10:04:43,actions-trading,Sim3,402340,skip,qty_zero,5569fae1f4ae
14927792,2026-10-07 10:04:43,actions-trading,Sim3,383800,skip,amount,12b545539ec0
14927792,2026-10-07 10:04:43,actions-trading,Sim3,462870,skip,amount,b9e900623041
14927792,2026-10-07 10:04:43,actions-trading,Sim3,000660,skip,adx,41aca199d2c0
14927792,2026-10-07 10:04:43,actions-trading,Sim3,071970,skip,cooldown,eeef2b3d3afe
14927792,2026-10-07 10:04:43,actions-trading,Sim3,042700,skip,not_cheap,1cd58aa76ace
14927792,2026-10-07 10:04:43,actions-trading,Sim3,326030,skip,held_or_sold_today,b0eaee42221f
14927792,2026-10-07 10:04:43,actions-trading,Sim3,207940,skip,not_cheap,87fe9bd90399
14927792,2026-10-07 10:04:43,actions-trading,Sim3,033920,skip,amount,2bcddbe3d283
14927792,2026-10-07 10:04:43,actions-trading,Sim3,004770,skip,amount,dd7a626921a7
14927792,2026-10-07 10:04:43,actions-trading,Sim3,0126Z0,skip,amount,1856d0a70740
14927792,2026-10-07 10:04:43,actions-trading,Sim3,062040,skip,not_cheap,bd68fac72ab9
14927792,2026-10-07 10:04:43,actions-trading,Sim3,317450,skip,amount,1e6adb46ed41
14927792,2026-10-07 10:04:43,actions-trading,Sim3,026960,skip,amount,210e47ccbc79
14927792,2026-10-07 10:04:43,actions-trading,Sim3,021820,skip,amount,da62ef998014
14927792,2026-10-07 10:04:43,actions-trading,Sim3,192080,skip,amount,ed78bb29ba0f
14927792,2026-10-07 10:04:43,actions-trading,Sim3,068270,skip,cooldown,ea939cf83c3b
14927792,2026-10-07 10:04:43,actions-trading,Sim3,123890,skip,amount,fa7c4becc124
14927792,2026-10-07 10:04:43,actions-trading,Sim3,000240,skip,amount,07e86ed66804
14927792,2026-10-07 10:04:43,actions-trading,Sim3,002380,skip,cooldown,93db9e12bbfb
14927792,2026-10-07 10:04:43,actions-trading,Sim3,009770,skip,amount,b1aa0171e866
14927792,2026-10-07 10:04:43,actions-trading,Sim3,259960,skip,cooldown,7fe01ccde5ba
14927792,2026-10-07 10:04:43,actions-trading,Sim3,035250,skip,amount,7255ba01d43c
14927792,2026-10-07 10:04:43,actions-trading,Sim3,383220,skip,amount,9a56fd211e18
14927792,2026-10-07 10:04:43,actions-trading,Sim3,226320,skip,amount,5eaf7219b2ad
14927792,2026-10-07 10:04:43,actions-trading,Sim3,439260,skip,amount,aaebeab8fb10
14927792,2026-10-07 10:04:43,actions-trading,Sim3,025560,skip,amount,90fd6a4c262f
14927792,2026-10-07 10:04:43,actions-trading,Sim3,007700,skip,amount,cc8a4e84ccaa
14927792,2026-10-07 10:04:43,actions-trading,Sim3,278470,skip,not_cheap,607f1f4e6c94
14927792,2026-10-07 10:04:43,actions-trading,Sim3,000990,skip,not_cheap,8f15cc8a0cab
14927792,2026-10-07 10:05:19,actions-trading,MFHS2,005930,skip,max_holdings,13a4bf7bf071
14927792,2026-10-07 10:05:19,actions-trading,MFHS2,028670,seen,,be2e73253e51
14927792,2026-10-07 10:05:19,actions-trading,MFHS2,002720,seen,,1e80a8430a77
14927792,2026-10-07 10:05:19,actions-trading,MFHS2,003280,seen,,1734f1f75edd
14927792,2026-10-07 10:05:19,actions-trading,MFHS2,009190,seen,,7a85504567b6
14927792,2026-10-07 10:05:19,actions-trading,MFHS2,005880,seen,,a6cf88db3feb
14927792,2026-10-07 10:05:19,actions-trading,MFHS2,004770,seen,,dd7a626921a7
14927792,2026-10-07 10:05:19,actions-trading,MFHS2,002990,seen,,cb2e2dcf0af5
14927792,2026-10-07 10:05:19,actions-trading,MFHS2,034020,seen,,2b87424bf2c3
14927792,2026-10-07 10:05:19,actions-trading,MFHS2,281820,seen,,210fb4598023
14927792,2026-10-07 10:05:19,actions-trading,MFHS2,003520,seen,,6b946722d305
14927792,2026-10-07 10:05:19,actions-trading,MFHS2,003580,seen,,c94ebe1e0ff4
14927792,2026-10-07 10:05:19,actions-trading,MFHS2,002700,seen,,c5c6a7849aab
14927792,2026-10-07 10:05:19,actions-trading,MFHS2,096770,seen,,71d1b3d21443
14927792,2026-10-07 10:05:19,actions-trading,MFHS2,073240,seen,,33b0f5f5b1e0
14927792,2026-10-07 10:05:19,actions-trading,MFHS2,192650,seen,,f4a4f1c2fbe6
14927792,2026-10-07 10:05:19,actions-trading,MFHS2,090430,seen,,0bc77c8a7961
14927792,2026-10-07 10:05:19,actions-trading,MFHS2,001210,seen,,d95e3b091acb
14927792,2026-10-07 10:05:19,actions-trading,MFHS2,003350,seen,,26bd316307b8
14927792,2026-10-07 10:05:19,actions-trading,MFHS2,004710,seen,,c8805bcf7d75
14927792,2026-10-07 10:05:19,actions-trading,MFHS2,030000,seen,,fdb7ceb94a7a
14927792,2026-10-07 10:05:19,actions-trading,MFHS2,000020,seen,,e6e36e00e30e
14927792,2026-10-07 10:05:19,actions-trading,MFHS2,003490,seen,,37b86ea620b1
14927792,2026-10-07 10:05:19,actions-trading,MFHS2,465770,seen,,ae0531bd8ca4
14927792,2026-10-07 10:05:19,actions-trading,MFHS2,035720,seen,,9f35d992d492
14927792,2026-10-07 10:05:19,actions-trading,MFHS2,036570,seen,,3b13dd833d49
14927792,2026-10-07 10:05:19,actions-trading,MFHS2,352820,seen,,fe92314643bb
14927792,2026-10-07 10:05:19,actions-trading,MFHS2,480370,seen,,c6980ad95a2d
14927792,2026-10-07 10:05:19,actions-trading,MFHS2,020120,seen,,cf0f7f0a925b
14927792,2026-10-07 10:05:19,actions-trading,MFHS2,248070,seen,,cd90ffd3c421
14927792,2026-10-07 10:05:21,actions-trading,상승모멘텀,084670,skip,amount,62e5bbbf902a
14927792,2026-10-07 10:05:21,actions-trading,상승모멘텀,000650,skip,adx_high,570e1d364a0f
14927792,2026-10-07 10:05:21,actions-trading,상승모멘텀,002720,skip,adx_high,1e80a8430a77
14927792,2026-10-07 10:05:21,actions-trading,상승모멘텀,009190,skip,amount,7a85504567b6
14927792,2026-10-07 10:05:21,actions-trading,상승모멘텀,015260,skip,amount,696652916412
14927792,2026-10-07 10:05:21,actions-trading,상승모멘텀,128820,skip,adx_high,5f1a38456199
14927792,2026-10-07 10:05:21,actions-trading,상승모멘텀,005110,skip,amount,ee33a8c10699
14927792,2026-10-07 10:05:21,actions-trading,상승모멘텀,281820,skip,adx_high,210fb4598023
14927792,2026-10-07 10:05:21,actions-trading,상승모멘텀,003350,skip,adx_low,26bd316307b8
14927792,2026-10-07 10:05:21,actions-trading,상승모멘텀,011090,skip,amount,50788bc6ca78
14927792,2026-10-07 10:05:21,actions-trading,상승모멘텀,085620,skip,amount,c5bd0673cf13
14927792,2026-10-07 10:05:21,actions-trading,상승모멘텀,019170,skip,adx_high,b9b59d2ea416
14927792,2026-10-07 10:05:21,actions-trading,상승모멘텀,465770,skip,amount,ae0531bd8ca4
14927792,2026-10-07 10:05:21,actions-trading,상승모멘텀,019175,skip,amount,6b76bf18f6eb
14927792,2026-10-07 10:05:21,actions-trading,상승모멘텀,004835,skip,amount,cab98deed667
14927792,2026-10-07 10:05:21,actions-trading,상승모멘텀,005030,skip,amount,03561bd13870
14927792,2026-10-07 10:05:21,actions-trading,상승모멘텀,036570,skip,held_or_sold_today,3b13dd833d49
14927792,2026-10-07 10:05:21,actions-trading,상승모멘텀,012320,skip,amount,d0889f122e59
14927792,2026-10-07 10:05:21,actions-trading,상승모멘텀,063160,skip,adx_high,ec139b6fcf10
14927792,2026-10-07 10:05:21,actions-trading,상승모멘텀,000400,skip,amount,1de1972c7320
14927792,2026-10-07 10:05:21,actions-trading,상승모멘텀,004060,skip,amount,90b52e84ff2c
14927792,2026-10-07 10:05:21,actions-trading,상승모멘텀,012170,skip,amount,606fe0e738e0
14927792,2026-10-07 10:05:21,actions-trading,상승모멘텀,217590,skip,adx_high,8baf8a0ac674
14927792,2026-10-07 10:05:21,actions-trading,상승모멘텀,044820,skip,amount,490569f890c1
14927792,2026-10-07 10:05:21,actions-trading,상승모멘텀,352820,skip,period,fe92314643bb
14927792,2026-10-07 10:05:21,actions-trading,상승모멘텀,026890,skip,amount,3633e123ad9e
14927792,2026-10-07 10:05:21,actions-trading,상승모멘텀,248070,skip,adx_high,cd90ffd3c421
14927792,2026-10-07 10:05:21,actions-trading,상승모멘텀,003220,skip,amount,e120c4a6d0ea
14927792,2026-10-07 10:05:21,actions-trading,상승모멘텀,008040,skip,amount,85efee7c959d
14927792,2026-10-07 10:05:21,actions-trading,상승모멘텀,137310,skip,amount,e46b3936f821
14927792,2026-10-07 10:05:21,actions-trading,Sim6,_gate,skip,already_rebalanced,e3b0c44298fc
14927792,2026-10-07 10:05:21,actions-trading,Sim6,069500,seen,,c45a0e59029f
14927792,2026-10-07 10:05:21,actions-trading,Sim6,360750,seen,,cf96f8b03493
14927792,2026-10-07 10:05:21,actions-trading,Sim6,148070,seen,,6b8087085fde
14927792,2026-10-07 10:05:21,actions-trading,Sim6,411060,seen,,80646f62faf1
14927792,2026-10-07 10:05:21,actions-trading,Sim6,305080,seen,,e6644137faf4
14927792,2026-10-07 10:05:21,actions-trading,Sim6,357870,seen,,bed51ba24a15
14927792,2026-10-07 10:05:21,actions-trading,Sim4-1,084670,skip,amount,62e5bbbf902a
14927792,2026-10-07 10:05:21,actions-trading,Sim4-1,000650,skip,adx_high,570e1d364a0f
14927792,2026-10-07 10:05:21,actions-trading,Sim4-1,002720,skip,adx_high,1e80a8430a77
14927792,2026-10-07 10:05:21,actions-trading,Sim4-1,009190,skip,amount,7a85504567b6
14927792,2026-10-07 10:05:21,actions-trading,Sim4-1,015260,skip,amount,696652916412
14927792,2026-10-07 10:05:21,actions-trading,Sim4-1,128820,skip,adx_high,5f1a38456199
14927792,2026-10-07 10:05:21,actions-trading,Sim4-1,005110,skip,amount,ee33a8c10699
14927792,2026-10-07 10:05:21,actions-trading,Sim4-1,281820,skip,adx_high,210fb4598023
14927792,2026-10-07 10:05:21,actions-trading,Sim4-1,003350,skip,adx_low,26bd316307b8
14927792,2026-10-07 10:05:21,actions-trading,Sim4-1,011090,skip,amount,50788bc6ca78
14927792,2026-10-07 10:05:21,actions-trading,Sim4-1,085620,skip,amount,c5bd0673cf13
14927792,2026-10-07 10:05:21,actions-trading,Sim4-1,019170,skip,adx_high,b9b59d2ea416
14927792,2026-10-07 10:05:21,actions-trading,Sim4-1,465770,skip,amount,ae0531bd8ca4
14927792,2026-10-07 10:05:21,actions-trading,Sim4-1,019175,skip,amount,6b76bf18f6eb
14927792,2026-10-07 10:05:21,actions-trading,Sim4-1,004835,skip,amount,cab98deed667
14927792,2026-10-07 10:05:21,actions-trading,Sim4-1,005030,skip,amount,03561bd13870
14927792,2026-10-07 10:05:21,actions-trading,Sim4-1,036570,skip,held_or_cooldown,3b13dd833d49
14927792,2026-10-07 10:05:21,actions-trading,Sim4-1,012320,skip,amount,d0889f122e59
14927792,2026-10-07 10:05:21,actions-trading,Sim4-1,063160,skip,adx_high,ec139b6fcf10
14927792,2026-10-07 10:05:21,actions-trading,Sim4-1,000400,skip,amount,1de1972c7320
14927792,2026-10-07 10:05:21,actions-trading,Sim4-1,004060,skip,amount,90b52e84ff2c
14927792,2026-10-07 10:05:21,actions-trading,Sim4-1,012170,skip,amount,606fe0e738e0
14927792,2026-10-07 10:05:21,actions-trading,Sim4-1,217590,skip,adx_high,8baf8a0ac674
14927792,2026-10-07 10:05:21,actions-trading,Sim4-1,044820,skip,amount,490569f890c1
14927792,2026-10-07 10:05:21,actions-trading,Sim4-1,352820,skip,period,fe92314643bb
14927792,2026-10-07 10:05:21,actions-trading,Sim4-1,026890,skip,amount,3633e123ad9e
14927792,2026-10-07 10:05:21,actions-trading,Sim4-1,248070,skip,adx_high,cd90ffd3c421
14927792,2026-10-07 10:05:21,actions-trading,Sim4-1,003220,skip,amount,e120c4a6d0ea
14927792,2026-10-07 10:05:21,actions-trading,Sim4-1,008040,skip,amount,85efee7c959d
14927792,2026-10-07 10:05:21,actions-trading,Sim4-1,137310,skip,amount,e46b3936f821
14927792,2026-10-07 10:05:23,actions-trading,선행매집,005930,skip,below_anchor,13a4bf7bf071
14927792,2026-10-07 10:05:23,actions-trading,선행매집,002720,skip,below_anchor,1e80a8430a77
14927792,2026-10-07 10:05:23,actions-trading,선행매집,028670,skip,no_setup,be2e73253e51
14927792,2026-10-07 10:05:23,actions-trading,선행매집,003280,skip,below_anchor,1734f1f75edd
14927792,2026-10-07 10:05:23,actions-trading,선행매집,009190,skip,below_anchor,7a85504567b6
14927792,2026-10-07 10:05:23,actions-trading,선행매집,005880,skip,amount,a6cf88db3feb
14927792,2026-10-07 10:05:23,actions-trading,선행매집,281820,skip,no_setup,210fb4598023
14927792,2026-10-07 10:05:23,actions-trading,선행매집,003350,skip,below_anchor,26bd316307b8
14927792,2026-10-07 10:05:23,actions-trading,선행매집,002990,skip,below_anchor,cb2e2dcf0af5
14927792,2026-10-07 10:05:23,actions-trading,선행매집,004770,skip,amount,dd7a626921a7
14927792,2026-10-07 10:05:23,actions-trading,선행매집,248070,skip,below_anchor,cd90ffd3c421
14927792,2026-10-07 10:05:23,actions-trading,선행매집,090430,skip,below_anchor,0bc77c8a7961
14927792,2026-10-07 10:05:23,actions-trading,선행매집,003580,skip,below_anchor,c94ebe1e0ff4
14927792,2026-10-07 10:05:23,actions-trading,선행매집,003520,skip,amount,6b946722d305
14927792,2026-10-07 10:05:23,actions-trading,선행매집,073240,skip,below_anchor,33b0f5f5b1e0
14927792,2026-10-07 10:05:23,actions-trading,선행매집,001210,skip,below_anchor,d95e3b091acb
14927792,2026-10-07 10:05:23,actions-trading,선행매집,030000,skip,below_anchor,fdb7ceb94a7a
14927792,2026-10-07 10:05:23,actions-trading,선행매집,004710,skip,below_anchor,c8805bcf7d75
14927792,2026-10-07 10:05:23,actions-trading,선행매집,192650,skip,no_setup,f4a4f1c2fbe6
14927792,2026-10-07 10:05:23,actions-trading,선행매집,002700,skip,amount,c5c6a7849aab
14927792,2026-10-07 10:05:23,actions-trading,선행매집,036570,skip,below_anchor,3b13dd833d49
14927792,2026-10-07 10:05:23,actions-trading,선행매집,000020,skip,below_anchor,e6e36e00e30e
14927792,2026-10-07 10:05:23,actions-trading,선행매집,465770,skip,amount,ae0531bd8ca4
14927792,2026-10-07 10:05:23,actions-trading,선행매집,316140,skip,below_anchor,949ab448cb86
14927792,2026-10-07 10:05:23,actions-trading,선행매집,096770,skip,no_setup,71d1b3d21443
14927792,2026-10-07 10:05:23,actions-trading,선행매집,003490,skip,no_setup,37b86ea620b1
14927792,2026-10-07 10:05:23,actions-trading,선행매집,161890,skip,below_anchor,4227b88be3a7
14927792,2026-10-07 10:05:23,actions-trading,선행매집,0220W0,skip,below_anchor,794ce1b5a742
14927792,2026-10-07 10:05:23,actions-trading,선행매집,020120,skip,below_anchor,cf0f7f0a925b
14927792,2026-10-07 10:05:23,actions-trading,선행매집,480370,skip,amount,c6980ad95a2d
14927792,2026-10-07 10:05:23,actions-trading,Sim9,_gate,skip,outside_entry_window,e3b0c44298fc
14927792,2026-10-07 10:05:23,actions-trading,Sim9,084670,seen,,62e5bbbf902a
14927792,2026-10-07 10:05:23,actions-trading,Sim9,000650,seen,,570e1d364a0f
14927792,2026-10-07 10:05:23,actions-trading,Sim9,002720,seen,,1e80a8430a77
14927792,2026-10-07 10:05:23,actions-trading,Sim9,009190,seen,,7a85504567b6
14927792,2026-10-07 10:05:23,actions-trading,Sim9,015260,seen,,696652916412
14927792,2026-10-07 10:05:23,actions-trading,Sim9,128820,seen,,5f1a38456199
14927792,2026-10-07 10:05:23,actions-trading,Sim9,005110,seen,,ee33a8c10699
14927792,2026-10-07 10:05:23,actions-trading,Sim9,281820,seen,,210fb4598023
14927792,2026-10-07 10:05:23,actions-trading,Sim9,003350,seen,,26bd316307b8
14927792,2026-10-07 10:05:23,actions-trading,Sim9,011090,seen,,50788bc6ca78
14927792,2026-10-07 10:05:23,actions-trading,Sim9,085620,seen,,c5bd0673cf13
14927792,2026-10-07 10:05:23,actions-trading,Sim9,019170,seen,,b9b59d2ea416
14927792,2026-10-07 10:05:23,actions-trading,Sim9,465770,seen,,ae0531bd8ca4
14927792,2026-10-07 10:05:23,actions-trading,Sim9,019175,seen,,6b76bf18f6eb
14927792,2026-10-07 10:05:23,actions-trading,Sim9,004835,seen,,cab98deed667
14927792,2026-10-07 10:05:23,actions-trading,Sim9,005030,seen,,03561bd13870
14927792,2026-10-07 10:05:23,actions-trading,Sim9,036570,seen,,3b13dd833d49
14927792,2026-10-07 10:05:23,actions-trading,Sim9,012320,seen,,d0889f122e59
14927792,2026-10-07 10:05:23,actions-trading,Sim9,063160,seen,,ec139b6fcf10
14927792,2026-10-07 10:05:23,actions-trading,Sim9,000400,seen,,1de1972c7320
14927792,2026-10-07 10:05:23,actions-trading,Sim9,004060,seen,,90b52e84ff2c
14927792,2026-10-07 10:05:23,actions-trading,Sim9,012170,seen,,606fe0e738e0
14927792,2026-10-07 10:05:23,actions-trading,Sim9,217590,seen,,8baf8a0ac674
14927792,2026-10-07 10:05:23,actions-trading,Sim9,044820,seen,,490569f890c1
14927792,2026-10-07 10:05:23,actions-trading,Sim9,352820,seen,,fe92314643bb
14927792,2026-10-07 10:05:23,actions-trading,Sim9,026890,seen,,3633e123ad9e
14927792,2026-10-07 10:05:23,actions-trading,Sim9,248070,seen,,cd90ffd3c421
14927792,2026-10-07 10:05:23,actions-trading,Sim9,003220,seen,,e120c4a6d0ea
14927792,2026-10-07 10:05:23,actions-trading,Sim9,008040,seen,,85efee7c959d
14927792,2026-10-07 10:05:23,actions-trading,Sim9,137310,seen,,e46b3936f821
14927792,2026-10-07 10:05:23,actions-trading,미너비니,192820,skip,held_or_cooldown,5d0e78df9d4d
14927792,2026-10-07 10:05:23,actions-trading,미너비니,443060,skip,below_pivot,e252d62b438d
14927792,2026-10-07 10:05:25,actions-trading,Sim12,084670,skip,pb2_not_crashed,62e5bbbf902a
14927792,2026-10-07 10:05:25,actions-trading,Sim12,000650,skip,pb2_not_crashed,570e1d364a0f
14927792,2026-10-07 10:05:25,actions-trading,Sim12,002720,skip,avoid_frgn_sell_20d,1e80a8430a77
14927792,2026-10-07 10:05:25,actions-trading,Sim12,009190,skip,avoid_deadcat,7a85504567b6
14927792,2026-10-07 10:05:25,actions-trading,Sim12,015260,skip,avoid_deadcat,696652916412
14927792,2026-10-07 10:05:25,actions-trading,Sim12,128820,skip,pb2_not_crashed,5f1a38456199
14927792,2026-10-07 10:05:25,actions-trading,Sim12,005110,skip,avoid_amount_dry,ee33a8c10699
14927792,2026-10-07 10:05:25,actions-trading,Sim12,281820,skip,pb2_not_crashed,210fb4598023
14927792,2026-10-07 10:05:25,actions-trading,Sim12,003350,skip,pb2_not_crashed,26bd316307b8
14927792,2026-10-07 10:05:25,actions-trading,Sim12,011090,skip,avoid_amount_dry,50788bc6ca78
14927792,2026-10-07 10:05:25,actions-trading,Sim12,085620,skip,pb2_not_crashed,c5bd0673cf13
14927792,2026-10-07 10:05:25,actions-trading,Sim12,019170,skip,pb2_not_crashed,b9b59d2ea416
14927792,2026-10-07 10:05:25,actions-trading,Sim12,465770,skip,avoid_amount_dry,ae0531bd8ca4
14927792,2026-10-07 10:05:25,actions-trading,Sim12,019175,skip,pb2_not_crashed,6b76bf18f6eb
14927792,2026-10-07 10:05:25,actions-trading,Sim12,004835,skip,pb2_not_crashed,cab98deed667
14927792,2026-10-07 10:05:25,actions-trading,Sim12,005030,skip,avoid_amount_dry,03561bd13870
14927792,2026-10-07 10:05:25,actions-trading,Sim12,036570,skip,avoid_frgn_hold_drop,3b13dd833d49
14927792,2026-10-07 10:05:25,actions-trading,Sim12,012320,skip,pb2_not_crashed,d0889f122e59
14927792,2026-10-07 10:05:25,actions-trading,Sim12,063160,skip,avoid_frgn_sell_20d,ec139b6fcf10
14927792,2026-10-07 10:05:25,actions-trading,Sim12,000400,skip,pb2_not_crashed,1de1972c7320
14927792,2026-10-07 10:05:25,actions-trading,Sim12,004060,skip,avoid_frgn_sell_20d,90b52e84ff2c
14927792,2026-10-07 10:05:25,actions-trading,Sim12,012170,skip,pb2_not_crashed,606fe0e738e0
14927792,2026-10-07 10:05:25,actions-trading,Sim12,217590,skip,pb2_not_crashed,8baf8a0ac674
14927792,2026-10-07 10:05:25,actions-trading,Sim12,044820,skip,avoid_amount_dry,490569f890c1
14927792,2026-10-07 10:05:25,actions-trading,Sim12,352820,skip,avoid_frgn_sell_20d,fe92314643bb
14927792,2026-10-07 10:05:25,actions-trading,Sim12,026890,skip,avoid_frgn_sell_20d,3633e123ad9e
14927792,2026-10-07 10:05:25,actions-trading,Sim12,248070,skip,avoid_frgn_sell_20d,cd90ffd3c421
14927792,2026-10-07 10:05:25,actions-trading,Sim12,003220,skip,pb2_not_crashed,e120c4a6d0ea
14927792,2026-10-07 10:05:25,actions-trading,Sim12,008040,skip,avoid_amount_dry,85efee7c959d
14927792,2026-10-07 10:05:25,actions-trading,Sim12,137310,skip,pb2_not_crashed,e46b3936f821
14927792,2026-10-07 10:05:25,actions-trading,Sim12,103140,skip,avoid_frgn_sell_20d,b493f54a304b
14927792,2026-10-07 10:05:25,actions-trading,Sim12,020120,skip,avoid_amount_dry,cf0f7f0a925b
14927792,2026-10-07 10:05:25,actions-trading,Sim12,003670,skip,avoid_frgn_sell_20d,103ff79a5bac
14927792,2026-10-07 10:05:25,actions-trading,Sim12,210980,skip,avoid_amount_dry,7c5ccacd4a1b
14927792,2026-10-07 10:05:25,actions-trading,Sim12,480370,skip,avoid_amount_dry,c6980ad95a2d
14927792,2026-10-07 10:05:25,actions-trading,Sim12,066575,skip,avoid_amount_dry,50b9705abd34
14927792,2026-10-07 10:05:25,actions-trading,Sim12,298040,skip,avoid_orgn_sell_high_per,146b701dc899
14927792,2026-10-07 10:05:25,actions-trading,Sim12,000880,skip,avoid_amount_dry,bdbf74542fa0
14927792,2026-10-07 10:05:25,actions-trading,Sim12,093370,skip,avoid_amount_dry,aecf5cd24720
14927792,2026-10-07 10:05:25,actions-trading,Sim12,001430,skip,avoid_amount_dry,64cb8863505b
14927792,2026-10-07 10:05:25,actions-trading,Sim12,267270,skip,avoid_amount_dry,6d613a25b192
14927792,2026-10-07 10:05:25,actions-trading,Sim12,009420,skip,avoid_amount_dry,f2fdb3199788
14927792,2026-10-07 10:05:25,actions-trading,Sim12,001440,skip,avoid_frgn_sell_20d,971092b6f41f
14927792,2026-10-07 10:05:25,actions-trading,Sim12,009540,skip,avoid_amount_dry,1012c90d5335
14927792,2026-10-07 10:05:25,actions-trading,Sim12,025560,skip,avoid_amount_dry,a628fbeceb84
14927792,2026-10-07 10:05:25,actions-trading,Sim12,35320K,skip,avoid_amount_dry,f917c36c8b0e
14927792,2026-10-07 10:05:25,actions-trading,Sim12,079550,skip,avoid_amount_dry,96affc8a0c6f
14927792,2026-10-07 10:05:25,actions-trading,Sim12,004020,skip,avoid_amount_dry,041cdb05bcea
14927792,2026-10-07 10:05:25,actions-trading,Sim12,006110,skip,avoid_amount_dry,431dad1ceb93
14927792,2026-10-07 10:05:25,actions-trading,Sim12,011155,skip,avoid_amount_dry,7f24231b837f
14927792,2026-10-07 10:05:25,actions-trading,Sim12,002710,skip,avoid_amount_dry,5747ec396358
14927792,2026-10-07 10:05:25,actions-trading,Sim12,139130,skip,avoid_amount_dry,846c624ca346
14927792,2026-10-07 10:05:25,actions-trading,Sim12,066570,skip,avoid_amount_dry,92ee1a0407f4
14927792,2026-10-07 10:05:25,actions-trading,Sim12,353200,skip,avoid_amount_dry,4207396a99a3
14927792,2026-10-07 10:05:25,actions-trading,Sim12,267260,skip,pb2_not_crashed,98cc551582f0
14927792,2026-10-07 10:05:25,actions-trading,Sim12,329180,skip,avoid_amount_dry,aeea6f0560b8
14927792,2026-10-07 10:05:25,actions-trading,Sim12,000950,skip,avoid_amount_dry,c7434d4e6184
14927792,2026-10-07 10:05:25,actions-trading,Sim12,002420,skip,avoid_amount_dry,5b0ad042d5e8
14927792,2026-10-07 10:05:25,actions-trading,Sim12,047810,skip,avoid_amount_dry,4e4094627a5f
14927792,2026-10-07 10:05:25,actions-trading,Sim12,161000,skip,avoid_amount_dry,67dc2c17882e
14927792,2026-10-07 10:05:26,actions-trading,Sim13,084670,skip,theme_momentum_weak,62e5bbbf902a
14927792,2026-10-07 10:05:26,actions-trading,Sim13,000650,skip,theme_momentum_weak,570e1d364a0f
14927792,2026-10-07 10:05:26,actions-trading,Sim13,002720,skip,theme_momentum_weak,1e80a8430a77
14927792,2026-10-07 10:05:26,actions-trading,Sim13,009190,skip,theme_momentum_weak,7a85504567b6
14927792,2026-10-07 10:05:26,actions-trading,Sim13,015260,skip,theme_momentum_weak,696652916412
14927792,2026-10-07 10:05:26,actions-trading,Sim13,128820,skip,theme_momentum_weak,5f1a38456199
14927792,2026-10-07 10:05:26,actions-trading,Sim13,005110,skip,theme_momentum_weak,ee33a8c10699
14927792,2026-10-07 10:05:26,actions-trading,Sim13,281820,skip,no_frgn_support,210fb4598023
14927792,2026-10-07 10:05:26,actions-trading,Sim13,003350,skip,adx_weak,26bd316307b8
14927792,2026-10-07 10:05:26,actions-trading,Sim13,011090,skip,theme_momentum_weak,50788bc6ca78
14927792,2026-10-07 10:05:26,actions-trading,Sim13,085620,skip,theme_momentum_weak,c5bd0673cf13
14927792,2026-10-07 10:05:26,actions-trading,Sim13,019170,skip,theme_momentum_weak,b9b59d2ea416
14927792,2026-10-07 10:05:26,actions-trading,Sim13,465770,skip,theme_momentum_weak,ae0531bd8ca4
14927792,2026-10-07 10:05:26,actions-trading,Sim13,019175,skip,theme_momentum_weak,6b76bf18f6eb
14927792,2026-10-07 10:05:26,actions-trading,Sim13,004835,skip,theme_momentum_weak,cab98deed667
14927792,2026-10-07 10:05:26,actions-trading,Sim13,005030,skip,theme_momentum_weak,03561bd13870
14927792,2026-10-07 10:05:26,actions-trading,Sim13,036570,skip,theme_momentum_weak,3b13dd833d49
14927792,2026-10-07 10:05:26,actions-trading,Sim13,012320,skip,theme_momentum_weak,d0889f122e59
14927792,2026-10-07 10:05:26,actions-trading,Sim13,063160,skip,theme_momentum_weak,ec139b6fcf10
14927792,2026-10-07 10:05:26,actions-trading,Sim13,000400,skip,theme_momentum_weak,1de1972c7320
14927792,2026-10-07 10:05:26,actions-trading,Sim13,004060,skip,theme_momentum_weak,90b52e84ff2c
14927792,2026-10-07 10:05:26,actions-trading,Sim13,012170,skip,theme_momentum_weak,606fe0e738e0
14927792,2026-10-07 10:05:26,actions-trading,Sim13,217590,skip,no_frgn_support,8baf8a0ac674
14927792,2026-10-07 10:05:26,actions-trading,Sim13,044820,skip,theme_momentum_weak,490569f890c1
14927792,2026-10-07 10:05:26,actions-trading,Sim13,352820,skip,theme_momentum_weak,fe92314643bb
14927792,2026-10-07 10:05:26,actions-trading,Sim13,026890,skip,theme_momentum_weak,3633e123ad9e
14927792,2026-10-07 10:05:26,actions-trading,Sim13,248070,skip,no_frgn_support,cd90ffd3c421
14927792,2026-10-07 10:05:26,actions-trading,Sim13,003220,skip,theme_momentum_weak,e120c4a6d0ea
14927792,2026-10-07 10:05:26,actions-trading,Sim13,008040,skip,theme_momentum_weak,85efee7c959d
14927792,2026-10-07 10:05:26,actions-trading,Sim13,137310,skip,theme_momentum_weak,e46b3936f821
14927792,2026-10-07 10:05:26,actions-trading,Sim14,_gate,skip,regime_blocked,e3b0c44298fc
14927792,2026-10-07 10:05:26,actions-trading,Sim15,_gate,skip,already_rebalanced,e3b0c44298fc
14927792,2026-10-07 10:05:26,actions-trading,Sim15,069500,seen,,c45a0e59029f
14927792,2026-10-07 10:05:26,actions-trading,Sim15,133690,seen,,3d5c2daadf8a
14927792,2026-10-07 10:05:26,actions-trading,Sim15,148070,seen,,6b8087085fde
14927792,2026-10-07 10:05:26,actions-trading,Sim16,_gate,skip,already_rebalanced,e3b0c44298fc
14927792,2026-10-07 10:05:26,actions-trading,Sim16,122630,seen,,64733ce0adf9
14927792,2026-10-07 10:05:26,actions-trading,Sim16,418660,seen,,0b54418ea1cc
14927792,2026-10-07 10:05:26,actions-trading,Sim16,148070,seen,,6b8087085fde
14927793,2026-10-07 10:06:25,actions-trading,Sim3,402340,skip,qty_zero,657b9f7f910e
14927793,2026-10-07 10:06:25,actions-trading,Sim3,383800,skip,amount,62318278bb62
14927793,2026-10-07 10:06:25,actions-trading,Sim3,462870,skip,amount,623cd23e2353
14927793,2026-10-07 10:06:25,actions-trading,Sim3,000660,skip,adx,f42da88ca350
14927793,2026-10-07 10:06:25,actions-trading,Sim3,071970,skip,amount,a8e14b03d2de
14927793,2026-10-07 10:06:25,actions-trading,Sim3,042700,skip,not_cheap,dc8113bdf86c
14927793,2026-10-07 10:06:25,actions-trading,Sim3,326030,skip,amount,ab60c1fb80e0
14927793,2026-10-07 10:06:25,actions-trading,Sim3,207940,skip,not_cheap,b11142bf665b
14927793,2026-10-07 10:06:25,actions-trading,Sim3,033920,skip,amount,6f8542df8b1e
14927793,2026-10-07 10:06:25,actions-trading,Sim3,004770,skip,amount,4ab34d96d438
14927793,2026-10-07 10:06:25,actions-trading,Sim3,0126Z0,skip,amount,25da5c199357
14927793,2026-10-07 10:06:25,actions-trading,Sim3,062040,skip,not_cheap,74cd1a0b3095
14927793,2026-10-07 10:06:25,actions-trading,Sim3,317450,skip,amount,1e6adb46ed41
14927793,2026-10-07 10:06:25,actions-trading,Sim3,026960,skip,amount,1832e909eb81
14927793,2026-10-07 10:06:25,actions-trading,Sim3,021820,skip,amount,da62ef998014
14927793,2026-10-07 10:06:25,actions-trading,Sim3,192080,skip,amount,872ce207f476
14927793,2026-10-07 10:06:25,actions-trading,Sim3,068270,skip,held_or_sold_today,5ae065dd7f6f
14927793,2026-10-07 10:06:25,actions-trading,Sim3,123890,skip,amount,be0dcff19214
14927793,2026-10-07 10:06:25,actions-trading,Sim3,000240,skip,amount,96c3b217bfab
14927793,2026-10-07 10:06:25,actions-trading,Sim3,002380,skip,held_or_sold_today,3a98f163adef
14927793,2026-10-07 10:06:25,actions-trading,Sim3,009770,skip,amount,b1aa0171e866
14927793,2026-10-07 10:06:25,actions-trading,Sim3,259960,skip,amount,041af78b5b4b
14927793,2026-10-07 10:06:25,actions-trading,Sim3,035250,skip,amount,9e26df0e428a
14927793,2026-10-07 10:06:25,actions-trading,Sim3,383220,skip,amount,56e2be9a634b
14927793,2026-10-07 10:06:25,actions-trading,Sim3,226320,skip,amount,b29502a378ed
14927793,2026-10-07 10:06:25,actions-trading,Sim3,439260,skip,amount,2fc445820fa5
14927793,2026-10-07 10:06:25,actions-trading,Sim3,025560,skip,cooldown,8eacd8e77c1b
14927793,2026-10-07 10:06:25,actions-trading,Sim3,007700,skip,amount,cc8a4e84ccaa
14927793,2026-10-07 10:06:25,actions-trading,Sim3,278470,skip,not_cheap,195234822ee2
14927793,2026-10-07 10:06:25,actions-trading,Sim3,000990,skip,not_cheap,173dddc789f5
14927793,2026-10-07 10:06:26,actions-trading,Sim3,402340,skip,qty_zero,657b9f7f910e
14927793,2026-10-07 10:06:26,actions-trading,Sim3,383800,skip,amount,62318278bb62
14927793,2026-10-07 10:06:26,actions-trading,Sim3,462870,skip,amount,623cd23e2353
14927793,2026-10-07 10:06:26,actions-trading,Sim3,000660,skip,adx,f42da88ca350
14927793,2026-10-07 10:06:26,actions-trading,Sim3,071970,skip,cooldown,a8e14b03d2de
14927793,2026-10-07 10:06:26,actions-trading,Sim3,042700,skip,not_cheap,dc8113bdf86c
14927793,2026-10-07 10:06:26,actions-trading,Sim3,326030,skip,held_or_sold_today,ab60c1fb80e0
14927793,2026-10-07 10:06:26,actions-trading,Sim3,207940,skip,not_cheap,b11142bf665b
14927793,2026-10-07 10:06:26,actions-trading,Sim3,033920,skip,amount,6f8542df8b1e
14927793,2026-10-07 10:06:26,actions-trading,Sim3,004770,skip,amount,4ab34d96d438
14927793,2026-10-07 10:06:26,actions-trading,Sim3,0126Z0,skip,amount,25da5c199357
14927793,2026-10-07 10:06:26,actions-trading,Sim3,062040,skip,not_cheap,74cd1a0b3095
14927793,2026-10-07 10:06:26,actions-trading,Sim3,317450,skip,amount,1e6adb46ed41
14927793,2026-10-07 10:06:26,actions-trading,Sim3,026960,skip,amount,1832e909eb81
14927793,2026-10-07 10:06:26,actions-trading,Sim3,021820,skip,amount,da62ef998014
14927793,2026-10-07 10:06:26,actions-trading,Sim3,192080,skip,amount,872ce207f476
14927793,2026-10-07 10:06:26,actions-trading,Sim3,068270,skip,cooldown,5ae065dd7f6f
14927793,2026-10-07 10:06:26,actions-trading,Sim3,123890,skip,amount,be0dcff19214
14927793,2026-10-07 10:06:26,actions-trading,Sim3,000240,skip,amount,96c3b217bfab
14927793,2026-10-07 10:06:26,actions-trading,Sim3,002380,skip,cooldown,3a98f163adef
14927793,2026-10-07 10:06:26,actions-trading,Sim3,009770,skip,amount,b1aa0171e866
14927793,2026-10-07 10:06:26,actions-trading,Sim3,259960,skip,cooldown,041af78b5b4b
14927793,2026-10-07 10:06:26,actions-trading,Sim3,035250,skip,amount,9e26df0e428a
14927793,2026-10-07 10:06:26,actions-trading,Sim3,383220,skip,amount,56e2be9a634b
14927793,2026-10-07 10:06:26,actions-trading,Sim3,226320,skip,amount,b29502a378ed
14927793,2026-10-07 10:06:26,actions-trading,Sim3,439260,skip,amount,2fc445820fa5
14927793,2026-10-07 10:06:26,actions-trading,Sim3,025560,skip,amount,8eacd8e77c1b
14927793,2026-10-07 10:06:26,actions-trading,Sim3,007700,skip,amount,cc8a4e84ccaa
14927793,2026-10-07 10:06:26,actions-trading,Sim3,278470,skip,not_cheap,195234822ee2
14927793,2026-10-07 10:06:26,actions-trading,Sim3,000990,skip,not_cheap,173dddc789f5
14927793,2026-10-07 10:07:02,actions-trading,MFHS2,005930,skip,max_holdings,a16286761cf2
14927793,2026-10-07 10:07:02,actions-trading,MFHS2,028670,seen,,3f8ab0efcd6c
14927793,2026-10-07 10:07:02,actions-trading,MFHS2,002720,seen,,6b06fe2034ea
14927793,2026-10-07 10:07:02,actions-trading,MFHS2,003280,seen,,aa903f4934a0
14927793,2026-10-07 10:07:02,actions-trading,MFHS2,009190,seen,,24f5b26dd42e
14927793,2026-10-07 10:07:02,actions-trading,MFHS2,005880,seen,,9817ba015a6e
14927793,2026-10-07 10:07:02,actions-trading,MFHS2,004770,seen,,c51a551de63c
14927793,2026-10-07 10:07:02,actions-trading,MFHS2,002990,seen,,9f3614b1bc40
14927793,2026-10-07 10:07:02,actions-trading,MFHS2,034020,seen,,747e9abb1973
14927793,2026-10-07 10:07:02,actions-trading,MFHS2,281820,seen,,0e21f8e8f3a3
14927793,2026-10-07 10:07:02,actions-trading,MFHS2,003520,seen,,fa5ab32137f9
14927793,2026-10-07 10:07:02,actions-trading,MFHS2,003580,seen,,5f77a85b8e5c
14927793,2026-10-07 10:07:02,actions-trading,MFHS2,002700,seen,,6d24e0712063
14927793,2026-10-07 10:07:02,actions-trading,MFHS2,096770,seen,,dd7821c6563c
14927793,2026-10-07 10:07:02,actions-trading,MFHS2,073240,seen,,d6cce680cf90
14927793,2026-10-07 10:07:02,actions-trading,MFHS2,192650,seen,,2e8f896aa50e
14927793,2026-10-07 10:07:02,actions-trading,MFHS2,090430,seen,,2f8cef9941e8
14927793,2026-10-07 10:07:02,actions-trading,MFHS2,001210,seen,,0ab27ddedc02
14927793,2026-10-07 10:07:02,actions-trading,MFHS2,003350,seen,,cf72de0878ba
14927793,2026-10-07 10:07:02,actions-trading,MFHS2,004710,seen,,40920ebccf4f
14927793,2026-10-07 10:07:02,actions-trading,MFHS2,030000,seen,,83ff4084c48d
14927793,2026-10-07 10:07:02,actions-trading,MFHS2,000020,seen,,1c28d534e4f0
14927793,2026-10-07 10:07:02,actions-trading,MFHS2,003490,seen,,689c8dccdfe8
14927793,2026-10-07 10:07:02,actions-trading,MFHS2,465770,seen,,63cbb00e091a
14927793,2026-10-07 10:07:02,actions-trading,MFHS2,035720,seen,,ee1dc3defc54
14927793,2026-10-07 10:07:02,actions-trading,MFHS2,036570,seen,,f19be59c4bc6
14927793,2026-10-07 10:07:02,actions-trading,MFHS2,352820,seen,,71f11b49deac
14927793,2026-10-07 10:07:02,actions-trading,MFHS2,480370,seen,,bf6d289b505a
14927793,2026-10-07 10:07:02,actions-trading,MFHS2,020120,seen,,d601310493cb
14927793,2026-10-07 10:07:02,actions-trading,MFHS2,248070,seen,,97fee4c9901b
14927793,2026-10-07 10:07:04,actions-trading,상승모멘텀,084670,skip,amount,5d0f11c31cde
14927793,2026-10-07 10:07:04,actions-trading,상승모멘텀,000650,skip,adx_high,b1d472aa3d22
14927793,2026-10-07 10:07:04,actions-trading,상승모멘텀,002720,skip,adx_high,6b06fe2034ea
14927793,2026-10-07 10:07:04,actions-trading,상승모멘텀,009190,skip,amount,24f5b26dd42e
14927793,2026-10-07 10:07:04,actions-trading,상승모멘텀,015260,skip,amount,3b6295d49f6b
14927793,2026-10-07 10:07:04,actions-trading,상승모멘텀,128820,skip,adx_high,fcd8ccf84180
14927793,2026-10-07 10:07:04,actions-trading,상승모멘텀,003350,skip,adx_low,cf72de0878ba
14927793,2026-10-07 10:07:04,actions-trading,상승모멘텀,005110,skip,amount,ee33a8c10699
14927793,2026-10-07 10:07:04,actions-trading,상승모멘텀,281820,skip,adx_high,0e21f8e8f3a3
14927793,2026-10-07 10:07:04,actions-trading,상승모멘텀,011090,skip,amount,ce8b7797b1d6
14927793,2026-10-07 10:07:04,actions-trading,상승모멘텀,465770,skip,amount,63cbb00e091a
14927793,2026-10-07 10:07:04,actions-trading,상승모멘텀,085620,skip,amount,d33dc4d54487
14927793,2026-10-07 10:07:04,actions-trading,상승모멘텀,019175,skip,amount,6b76bf18f6eb
14927793,2026-10-07 10:07:04,actions-trading,상승모멘텀,019170,skip,adx_high,aaa6e9ab8a3b
14927793,2026-10-07 10:07:04,actions-trading,상승모멘텀,012320,skip,amount,6f015eb42a98
14927793,2026-10-07 10:07:04,actions-trading,상승모멘텀,004835,skip,amount,5255bbd7d332
14927793,2026-10-07 10:07:04,actions-trading,상승모멘텀,063160,skip,adx_high,fe225c40a220
14927793,2026-10-07 10:07:04,actions-trading,상승모멘텀,036570,skip,held_or_sold_today,f19be59c4bc6
14927793,2026-10-07 10:07:04,actions-trading,상승모멘텀,005030,skip,amount,03561bd13870
14927793,2026-10-07 10:07:04,actions-trading,상승모멘텀,012170,skip,amount,cc16f3bce3c7
14927793,2026-10-07 10:07:04,actions-trading,상승모멘텀,000400,skip,amount,f0b43ac9bda3
14927793,2026-10-07 10:07:04,actions-trading,상승모멘텀,004060,skip,amount,80c9b6553eda
14927793,2026-10-07 10:07:04,actions-trading,상승모멘텀,217590,skip,adx_high,925bf12ed257
14927793,2026-10-07 10:07:04,actions-trading,상승모멘텀,352820,skip,period,71f11b49deac
14927793,2026-10-07 10:07:04,actions-trading,상승모멘텀,248070,skip,adx_high,97fee4c9901b
14927793,2026-10-07 10:07:04,actions-trading,상승모멘텀,044820,skip,amount,eb2f772cde81
14927793,2026-10-07 10:07:04,actions-trading,상승모멘텀,137310,skip,amount,836fa959efd6
14927793,2026-10-07 10:07:04,actions-trading,상승모멘텀,026890,skip,amount,76595685b215
14927793,2026-10-07 10:07:04,actions-trading,상승모멘텀,123690,skip,amount,195cc1b2f066
14927793,2026-10-07 10:07:04,actions-trading,상승모멘텀,005180,skip,amount,e44e101862f5
14927793,2026-10-07 10:07:04,actions-trading,Sim6,_gate,skip,already_rebalanced,e3b0c44298fc
14927793,2026-10-07 10:07:04,actions-trading,Sim6,069500,seen,,ff5c25198826
14927793,2026-10-07 10:07:04,actions-trading,Sim6,360750,seen,,f840eae9b086
14927793,2026-10-07 10:07:04,actions-trading,Sim6,148070,seen,,89fa6ccc472a
14927793,2026-10-07 10:07:04,actions-trading,Sim6,411060,seen,,dfa746cc1e06
14927793,2026-10-07 10:07:04,actions-trading,Sim6,305080,seen,,3610d7b7de18
14927793,2026-10-07 10:07:04,actions-trading,Sim6,357870,seen,,f623e95fe479
14927793,2026-10-07 10:07:04,actions-trading,Sim4-1,084670,skip,amount,5d0f11c31cde
14927793,2026-10-07 10:07:04,actions-trading,Sim4-1,000650,skip,adx_high,b1d472aa3d22
14927793,2026-10-07 10:07:04,actions-trading,Sim4-1,002720,skip,adx_high,6b06fe2034ea
14927793,2026-10-07 10:07:04,actions-trading,Sim4-1,009190,skip,amount,24f5b26dd42e
14927793,2026-10-07 10:07:04,actions-trading,Sim4-1,015260,skip,amount,3b6295d49f6b
14927793,2026-10-07 10:07:04,actions-trading,Sim4-1,128820,skip,adx_high,fcd8ccf84180
14927793,2026-10-07 10:07:04,actions-trading,Sim4-1,003350,skip,adx_low,cf72de0878ba
14927793,2026-10-07 10:07:04,actions-trading,Sim4-1,005110,skip,amount,ee33a8c10699
14927793,2026-10-07 10:07:04,actions-trading,Sim4-1,281820,skip,adx_high,0e21f8e8f3a3
14927793,2026-10-07 10:07:04,actions-trading,Sim4-1,011090,skip,amount,ce8b7797b1d6
14927793,2026-10-07 10:07:04,actions-trading,Sim4-1,465770,skip,amount,63cbb00e091a
14927793,2026-10-07 10:07:04,actions-trading,Sim4-1,085620,skip,amount,d33dc4d54487
14927793,2026-10-07 10:07:04,actions-trading,Sim4-1,019175,skip,amount,6b76bf18f6eb
14927793,2026-10-07 10:07:04,actions-trading,Sim4-1,019170,skip,adx_high,aaa6e9ab8a3b
14927793,2026-10-07 10:07:04,actions-trading,Sim4-1,012320,skip,amount,6f015eb42a98
14927793,2026-10-07 10:07:04,actions-trading,Sim4-1,004835,skip,amount,5255bbd7d332
14927793,2026-10-07 10:07:04,actions-trading,Sim4-1,063160,skip,adx_high,fe225c40a220
14927793,2026-10-07 10:07:04,actions-trading,Sim4-1,036570,skip,held_or_cooldown,f19be59c4bc6
14927793,2026-10-07 10:07:04,actions-trading,Sim4-1,005030,skip,amount,03561bd13870
14927793,2026-10-07 10:07:04,actions-trading,Sim4-1,012170,skip,amount,cc16f3bce3c7
14927793,2026-10-07 10:07:04,actions-trading,Sim4-1,000400,skip,amount,f0b43ac9bda3
14927793,2026-10-07 10:07:04,actions-trading,Sim4-1,004060,skip,amount,80c9b6553eda
14927793,2026-10-07 10:07:04,actions-trading,Sim4-1,217590,skip,adx_high,925bf12ed257
14927793,2026-10-07 10:07:04,actions-trading,Sim4-1,352820,skip,period,71f11b49deac
14927793,2026-10-07 10:07:04,actions-trading,Sim4-1,248070,skip,adx_high,97fee4c9901b
14927793,2026-10-07 10:07:04,actions-trading,Sim4-1,044820,skip,amount,eb2f772cde81
14927793,2026-10-07 10:07:04,actions-trading,Sim4-1,137310,skip,amount,836fa959efd6
14927793,2026-10-07 10:07:04,actions-trading,Sim4-1,026890,skip,amount,76595685b215
14927793,2026-10-07 10:07:04,actions-trading,Sim4-1,123690,skip,amount,195cc1b2f066
14927793,2026-10-07 10:07:04,actions-trading,Sim4-1,005180,skip,amount,e44e101862f5
14927793,2026-10-07 10:07:06,actions-trading,선행매집,005930,skip,below_anchor,a16286761cf2
14927793,2026-10-07 10:07:06,actions-trading,선행매집,002720,skip,below_anchor,6b06fe2034ea
14927793,2026-10-07 10:07:06,actions-trading,선행매집,028670,skip,no_setup,3f8ab0efcd6c
14927793,2026-10-07 10:07:06,actions-trading,선행매집,003280,skip,below_anchor,aa903f4934a0
14927793,2026-10-07 10:07:06,actions-trading,선행매집,009190,skip,below_anchor,24f5b26dd42e
14927793,2026-10-07 10:07:06,actions-trading,선행매집,005880,skip,amount,9817ba015a6e
14927793,2026-10-07 10:07:06,actions-trading,선행매집,281820,skip,held_awaiting_breakout,0e21f8e8f3a3
14927793,2026-10-07 10:07:06,actions-trading,선행매집,003350,skip,below_anchor,cf72de0878ba
14927793,2026-10-07 10:07:06,actions-trading,선행매집,002990,skip,below_anchor,9f3614b1bc40
14927793,2026-10-07 10:07:06,actions-trading,선행매집,004770,skip,amount,c51a551de63c
14927793,2026-10-07 10:07:06,actions-trading,선행매집,248070,skip,below_anchor,97fee4c9901b
14927793,2026-10-07 10:07:06,actions-trading,선행매집,090430,skip,below_anchor,2f8cef9941e8
14927793,2026-10-07 10:07:06,actions-trading,선행매집,003580,skip,below_anchor,5f77a85b8e5c
14927793,2026-10-07 10:07:06,actions-trading,선행매집,003520,skip,amount,fa5ab32137f9
14927793,2026-10-07 10:07:06,actions-trading,선행매집,073240,skip,below_anchor,d6cce680cf90
14927793,2026-10-07 10:07:06,actions-trading,선행매집,001210,skip,below_anchor,0ab27ddedc02
14927793,2026-10-07 10:07:06,actions-trading,선행매집,030000,skip,below_anchor,83ff4084c48d
14927793,2026-10-07 10:07:06,actions-trading,선행매집,004710,skip,below_anchor,40920ebccf4f
14927793,2026-10-07 10:07:06,actions-trading,선행매집,192650,skip,no_setup,2e8f896aa50e
14927793,2026-10-07 10:07:06,actions-trading,선행매집,002700,skip,amount,6d24e0712063
14927793,2026-10-07 10:07:06,actions-trading,선행매집,036570,skip,below_anchor,f19be59c4bc6
14927793,2026-10-07 10:07:06,actions-trading,선행매집,000020,skip,below_anchor,1c28d534e4f0
14927793,2026-10-07 10:07:06,actions-trading,선행매집,465770,skip,amount,63cbb00e091a
14927793,2026-10-07 10:07:06,actions-trading,선행매집,316140,skip,below_anchor,2a02a3b30ab5
14927793,2026-10-07 10:07:06,actions-trading,선행매집,096770,skip,no_setup,dd7821c6563c
14927793,2026-10-07 10:07:06,actions-trading,선행매집,003490,skip,no_setup,689c8dccdfe8
14927793,2026-10-07 10:07:06,actions-trading,선행매집,161890,skip,below_anchor,e25a6877a3e8
14927793,2026-10-07 10:07:06,actions-trading,선행매집,0220W0,skip,below_anchor,0fb7550389b8
14927793,2026-10-07 10:07:06,actions-trading,선행매집,020120,skip,below_anchor,d601310493cb
14927793,2026-10-07 10:07:06,actions-trading,선행매집,480370,skip,amount,bf6d289b505a
14927793,2026-10-07 10:07:06,actions-trading,Sim9,_gate,skip,outside_entry_window,e3b0c44298fc
14927793,2026-10-07 10:07:06,actions-trading,Sim9,084670,seen,,5d0f11c31cde
14927793,2026-10-07 10:07:06,actions-trading,Sim9,000650,seen,,b1d472aa3d22
14927793,2026-10-07 10:07:06,actions-trading,Sim9,002720,seen,,6b06fe2034ea
14927793,2026-10-07 10:07:06,actions-trading,Sim9,009190,seen,,24f5b26dd42e
14927793,2026-10-07 10:07:06,actions-trading,Sim9,015260,seen,,3b6295d49f6b
14927793,2026-10-07 10:07:06,actions-trading,Sim9,128820,seen,,fcd8ccf84180
14927793,2026-10-07 10:07:06,actions-trading,Sim9,003350,seen,,cf72de0878ba
14927793,2026-10-07 10:07:06,actions-trading,Sim9,005110,seen,,ee33a8c10699
14927793,2026-10-07 10:07:06,actions-trading,Sim9,281820,seen,,0e21f8e8f3a3
14927793,2026-10-07 10:07:06,actions-trading,Sim9,011090,seen,,ce8b7797b1d6
14927793,2026-10-07 10:07:06,actions-trading,Sim9,465770,seen,,63cbb00e091a
14927793,2026-10-07 10:07:06,actions-trading,Sim9,085620,seen,,d33dc4d54487
14927793,2026-10-07 10:07:06,actions-trading,Sim9,019175,seen,,6b76bf18f6eb
14927793,2026-10-07 10:07:06,actions-trading,Sim9,019170,seen,,aaa6e9ab8a3b
14927793,2026-10-07 10:07:06,actions-trading,Sim9,012320,seen,,6f015eb42a98
14927793,2026-10-07 10:07:06,actions-trading,Sim9,004835,seen,,5255bbd7d332
14927793,2026-10-07 10:07:06,actions-trading,Sim9,063160,seen,,fe225c40a220
14927793,2026-10-07 10:07:06,actions-trading,Sim9,036570,seen,,f19be59c4bc6
14927793,2026-10-07 10:07:06,actions-trading,Sim9,005030,seen,,03561bd13870
14927793,2026-10-07 10:07:06,actions-trading,Sim9,012170,seen,,cc16f3bce3c7
14927793,2026-10-07 10:07:06,actions-trading,Sim9,000400,seen,,f0b43ac9bda3
14927793,2026-10-07 10:07:06,actions-trading,Sim9,004060,seen,,80c9b6553eda
14927793,2026-10-07 10:07:06,actions-trading,Sim9,217590,seen,,925bf12ed257
14927793,2026-10-07 10:07:06,actions-trading,Sim9,352820,seen,,71f11b49deac
14927793,2026-10-07 10:07:06,actions-trading,Sim9,248070,seen,,97fee4c9901b
14927793,2026-10-07 10:07:06,actions-trading,Sim9,044820,seen,,eb2f772cde81
14927793,2026-10-07 10:07:06,actions-trading,Sim9,137310,seen,,836fa959efd6
14927793,2026-10-07 10:07:06,actions-trading,Sim9,026890,seen,,76595685b215
14927793,2026-10-07 10:07:06,actions-trading,Sim9,123690,seen,,195cc1b2f066
14927793,2026-10-07 10:07:06,actions-trading,Sim9,005180,seen,,e44e101862f5
14927793,2026-10-07 10:07:06,actions-trading,미너비니,192820,skip,held_or_cooldown,362dde908a62
14927793,2026-10-07 10:07:06,actions-trading,미너비니,443060,skip,below_pivot,b7e03de48933
14927793,2026-10-07 10:07:07,actions-trading,Sim12,084670,skip,pb2_not_crashed,5d0f11c31cde
14927793,2026-10-07 10:07:07,actions-trading,Sim12,000650,skip,pb2_not_crashed,b1d472aa3d22
14927793,2026-10-07 10:07:07,actions-trading,Sim12,002720,skip,avoid_frgn_sell_20d,6b06fe2034ea
14927793,2026-10-07 10:07:07,actions-trading,Sim12,009190,skip,avoid_deadcat,24f5b26dd42e
14927793,2026-10-07 10:07:07,actions-trading,Sim12,015260,skip,avoid_deadcat,3b6295d49f6b
14927793,2026-10-07 10:07:07,actions-trading,Sim12,128820,skip,pb2_not_crashed,fcd8ccf84180
14927793,2026-10-07 10:07:07,actions-trading,Sim12,003350,skip,pb2_not_crashed,cf72de0878ba
14927793,2026-10-07 10:07:07,actions-trading,Sim12,005110,skip,avoid_amount_dry,ee33a8c10699
14927793,2026-10-07 10:07:07,actions-trading,Sim12,281820,skip,pb2_not_crashed,0e21f8e8f3a3
14927793,2026-10-07 10:07:07,actions-trading,Sim12,011090,skip,avoid_amount_dry,ce8b7797b1d6
14927793,2026-10-07 10:07:07,actions-trading,Sim12,465770,skip,avoid_amount_dry,63cbb00e091a
14927793,2026-10-07 10:07:07,actions-trading,Sim12,085620,skip,pb2_not_crashed,d33dc4d54487
14927793,2026-10-07 10:07:07,actions-trading,Sim12,019175,skip,pb2_not_crashed,6b76bf18f6eb
14927793,2026-10-07 10:07:07,actions-trading,Sim12,019170,skip,pb2_not_crashed,aaa6e9ab8a3b
14927793,2026-10-07 10:07:07,actions-trading,Sim12,012320,skip,pb2_not_crashed,6f015eb42a98
14927793,2026-10-07 10:07:07,actions-trading,Sim12,004835,skip,pb2_not_crashed,5255bbd7d332
14927793,2026-10-07 10:07:07,actions-trading,Sim12,063160,skip,avoid_frgn_sell_20d,fe225c40a220
14927793,2026-10-07 10:07:07,actions-trading,Sim12,036570,skip,avoid_frgn_hold_drop,f19be59c4bc6
14927793,2026-10-07 10:07:07,actions-trading,Sim12,005030,skip,avoid_amount_dry,03561bd13870
14927793,2026-10-07 10:07:07,actions-trading,Sim12,012170,skip,pb2_not_crashed,cc16f3bce3c7
14927793,2026-10-07 10:07:07,actions-trading,Sim12,000400,skip,pb2_not_crashed,f0b43ac9bda3
14927793,2026-10-07 10:07:07,actions-trading,Sim12,004060,skip,avoid_frgn_sell_20d,80c9b6553eda
14927793,2026-10-07 10:07:07,actions-trading,Sim12,217590,skip,pb2_not_crashed,925bf12ed257
14927793,2026-10-07 10:07:07,actions-trading,Sim12,352820,skip,avoid_frgn_sell_20d,71f11b49deac
14927793,2026-10-07 10:07:07,actions-trading,Sim12,248070,skip,avoid_frgn_sell_20d,97fee4c9901b
14927793,2026-10-07 10:07:07,actions-trading,Sim12,044820,skip,avoid_amount_dry,eb2f772cde81
14927793,2026-10-07 10:07:07,actions-trading,Sim12,137310,skip,pb2_not_crashed,836fa959efd6
14927793,2026-10-07 10:07:07,actions-trading,Sim12,026890,skip,avoid_frgn_sell_20d,76595685b215
14927793,2026-10-07 10:07:07,actions-trading,Sim12,123690,skip,avoid_amount_dry,195cc1b2f066
14927793,2026-10-07 10:07:07,actions-trading,Sim12,005180,skip,avoid_amount_dry,e44e101862f5
14927793,2026-10-07 10:07:07,actions-trading,Sim12,103140,skip,avoid_frgn_sell_20d,7a661c4f4550
14927793,2026-10-07 10:07:07,actions-trading,Sim12,020120,skip,avoid_amount_dry,d601310493cb
14927793,2026-10-07 10:07:07,actions-trading,Sim12,003670,skip,avoid_frgn_sell_20d,c32ac4c2672d
14927793,2026-10-07 10:07:07,actions-trading,Sim12,210980,skip,avoid_amount_dry,71057027007e
14927793,2026-10-07 10:07:07,actions-trading,Sim12,480370,skip,avoid_amount_dry,bf6d289b505a
14927793,2026-10-07 10:07:07,actions-trading,Sim12,066575,skip,avoid_amount_dry,951f98edb2e2
14927793,2026-10-07 10:07:07,actions-trading,Sim12,298040,skip,avoid_orgn_sell_high_per,6bcd98bdd5bc
14927793,2026-10-07 10:07:07,actions-trading,Sim12,000880,skip,avoid_amount_dry,5a050a716afa
14927793,2026-10-07 10:07:07,actions-trading,Sim12,267270,skip,avoid_amount_dry,fb899e47d97e
14927793,2026-10-07 10:07:07,actions-trading,Sim12,001430,skip,avoid_amount_dry,647446bb2029
14927793,2026-10-07 10:07:07,actions-trading,Sim12,093370,skip,avoid_amount_dry,98c699203cd6
14927793,2026-10-07 10:07:07,actions-trading,Sim12,009420,skip,avoid_amount_dry,c703b430f1ff
14927793,2026-10-07 10:07:07,actions-trading,Sim12,003580,skip,pb2_not_crashed,5f77a85b8e5c
14927793,2026-10-07 10:07:07,actions-trading,Sim12,009540,skip,avoid_amount_dry,d00f0d0aef41
14927793,2026-10-07 10:07:07,actions-trading,Sim12,025560,skip,avoid_amount_dry,e861b8c94e55
14927793,2026-10-07 10:07:07,actions-trading,Sim12,35320K,skip,avoid_amount_dry,2921d71d84df
14927793,2026-10-07 10:07:07,actions-trading,Sim12,001440,skip,avoid_frgn_sell_20d,7d255bf72336
14927793,2026-10-07 10:07:07,actions-trading,Sim12,006110,skip,avoid_amount_dry,2d2f84bd461f
14927793,2026-10-07 10:07:07,actions-trading,Sim12,079550,skip,avoid_amount_dry,9eccf3015800
14927793,2026-10-07 10:07:07,actions-trading,Sim12,004020,skip,avoid_amount_dry,ff7b6fbbc5e8
14927793,2026-10-07 10:07:07,actions-trading,Sim12,329180,skip,avoid_amount_dry,163ed004365e
14927793,2026-10-07 10:07:07,actions-trading,Sim12,011155,skip,avoid_amount_dry,7f24231b837f
14927793,2026-10-07 10:07:07,actions-trading,Sim12,353200,skip,avoid_amount_dry,e828a0dbef33
14927793,2026-10-07 10:07:07,actions-trading,Sim12,002710,skip,avoid_amount_dry,75f49b34d8b7
14927793,2026-10-07 10:07:07,actions-trading,Sim12,267260,skip,pb2_not_crashed,d678f0527885
14927793,2026-10-07 10:07:07,actions-trading,Sim12,002420,skip,avoid_amount_dry,f1715385cd64
14927793,2026-10-07 10:07:07,actions-trading,Sim12,139130,skip,avoid_amount_dry,9c5cf370d795
14927793,2026-10-07 10:07:07,actions-trading,Sim12,000950,skip,avoid_amount_dry,c7434d4e6184
14927793,2026-10-07 10:07:07,actions-trading,Sim12,011300,skip,avoid_amount_dry,e7c5a1a51e36
14927793,2026-10-07 10:07:07,actions-trading,Sim12,047810,skip,avoid_amount_dry,1d4bae3347d6
14927793,2026-10-07 10:07:08,actions-trading,Sim13,084670,skip,theme_momentum_weak,5d0f11c31cde
14927793,2026-10-07 10:07:08,actions-trading,Sim13,000650,skip,theme_momentum_weak,b1d472aa3d22
14927793,2026-10-07 10:07:08,actions-trading,Sim13,002720,skip,theme_momentum_weak,6b06fe2034ea
14927793,2026-10-07 10:07:08,actions-trading,Sim13,009190,skip,theme_momentum_weak,24f5b26dd42e
14927793,2026-10-07 10:07:08,actions-trading,Sim13,015260,skip,theme_momentum_weak,3b6295d49f6b
14927793,2026-10-07 10:07:08,actions-trading,Sim13,128820,skip,theme_momentum_weak,fcd8ccf84180
14927793,2026-10-07 10:07:08,actions-trading,Sim13,003350,skip,adx_weak,cf72de0878ba
14927793,2026-10-07 10:07:08,actions-trading,Sim13,005110,skip,theme_momentum_weak,ee33a8c10699
14927793,2026-10-07 10:07:08,actions-trading,Sim13,281820,skip,no_frgn_support,0e21f8e8f3a3
14927793,2026-10-07 10:07:08,actions-trading,Sim13,011090,skip,theme_momentum_weak,ce8b7797b1d6
14927793,2026-10-07 10:07:08,actions-trading,Sim13,465770,skip,theme_momentum_weak,63cbb00e091a
14927793,2026-10-07 10:07:08,actions-trading,Sim13,085620,skip,theme_momentum_weak,d33dc4d54487
14927793,2026-10-07 10:07:08,actions-trading,Sim13,019175,skip,theme_momentum_weak,6b76bf18f6eb
14927793,2026-10-07 10:07:08,actions-trading,Sim13,019170,skip,theme_momentum_weak,aaa6e9ab8a3b
14927793,2026-10-07 10:07:08,actions-trading,Sim13,012320,skip,theme_momentum_weak,6f015eb42a98
14927793,2026-10-07 10:07:08,actions-trading,Sim13,004835,skip,theme_momentum_weak,5255bbd7d332
14927793,2026-10-07 10:07:08,actions-trading,Sim13,063160,skip,theme_momentum_weak,fe225c40a220
14927793,2026-10-07 10:07:08,actions-trading,Sim13,036570,skip,theme_momentum_weak,f19be59c4bc6
14927793,2026-10-07 10:07:08,actions-trading,Sim13,005030,skip,theme_momentum_weak,03561bd13870
14927793,2026-10-07 10:07:08,actions-trading,Sim13,012170,skip,theme_momentum_weak,cc16f3bce3c7
14927793,2026-10-07 10:07:08,actions-trading,Sim13,000400,skip,theme_momentum_weak,f0b43ac9bda3
14927793,2026-10-07 10:07:08,actions-trading,Sim13,004060,skip,theme_momentum_weak,80c9b6553eda
14927793,2026-10-07 10:07:08,actions-trading,Sim13,217590,skip,no_frgn_support,925bf12ed257
14927793,2026-10-07 10:07:08,actions-trading,Sim13,352820,skip,theme_momentum_weak,71f11b49deac
14927793,2026-10-07 10:07:08,actions-trading,Sim13,248070,skip,no_frgn_support,97fee4c9901b
14927793,2026-10-07 10:07:08,actions-trading,Sim13,044820,skip,theme_momentum_weak,eb2f772cde81
14927793,2026-10-07 10:07:08,actions-trading,Sim13,137310,skip,theme_momentum_weak,836fa959efd6
14927793,2026-10-07 10:07:08,actions-trading,Sim13,026890,skip,theme_momentum_weak,76595685b215
14927793,2026-10-07 10:07:08,actions-trading,Sim13,123690,skip,theme_momentum_weak,195cc1b2f066
14927793,2026-10-07 10:07:08,actions-trading,Sim13,005180,skip,theme_momentum_weak,e44e101862f5
14927793,2026-10-07 10:07:08,actions-trading,Sim14,_gate,skip,regime_blocked,e3b0c44298fc
14927793,2026-10-07 10:07:08,actions-trading,Sim15,_gate,skip,already_rebalanced,e3b0c44298fc
14927793,2026-10-07 10:07:08,actions-trading,Sim15,069500,seen,,ff5c25198826
14927793,2026-10-07 10:07:08,actions-trading,Sim15,133690,seen,,6849939c0d8f
14927793,2026-10-07 10:07:08,actions-trading,Sim15,148070,seen,,89fa6ccc472a
14927793,2026-10-07 10:07:08,actions-trading,Sim16,_gate,skip,already_rebalanced,e3b0c44298fc
14927793,2026-10-07 10:07:08,actions-trading,Sim16,122630,seen,,6d68d0b0b9c9
14927793,2026-10-07 10:07:08,actions-trading,Sim16,418660,seen,,768812016ed9
14927793,2026-10-07 10:07:08,actions-trading,Sim16,148070,seen,,89fa6ccc472a
