cycle_id,ts,runner,sim,code,decision,reason,input_hash
14923619,2026-10-01 15:00:38,actions-trading,MFHS2,005935,skip,max_holdings,b80f362244ba
14923619,2026-10-01 15:00:38,actions-trading,MFHS2,003280,seen,,c99a73985829
14923619,2026-10-01 15:00:38,actions-trading,MFHS2,003160,seen,,35b9ed15b43a
14923619,2026-10-01 15:00:38,actions-trading,MFHS2,248070,seen,,f74aea2b5a61
14923619,2026-10-01 15:00:38,actions-trading,MFHS2,001360,seen,,517078055056
14923619,2026-10-01 15:00:38,actions-trading,MFHS2,001820,seen,,c78f6c21d69f
14923619,2026-10-01 15:00:38,actions-trading,MFHS2,034220,seen,,bbb048a7752e
14923619,2026-10-01 15:00:38,actions-trading,MFHS2,007660,seen,,b1e3d6d11aaf
14923619,2026-10-01 15:00:38,actions-trading,MFHS2,002990,seen,,6e5c43dea5c5
14923619,2026-10-01 15:00:38,actions-trading,MFHS2,001740,seen,,e3207bf41392
14923619,2026-10-01 15:00:38,actions-trading,MFHS2,073240,seen,,435428bd6322
14923619,2026-10-01 15:00:38,actions-trading,MFHS2,068270,seen,,7e34a60ffd93
14923619,2026-10-01 15:00:38,actions-trading,MFHS2,005360,seen,,d883ecde5e0a
14923619,2026-10-01 15:00:38,actions-trading,MFHS2,003350,seen,,c2c2537f82e9
14923619,2026-10-01 15:00:38,actions-trading,MFHS2,090460,seen,,22b8d94fd0c8
14923619,2026-10-01 15:00:38,actions-trading,MFHS2,006800,seen,,4916cea16b46
14923619,2026-10-01 15:00:38,actions-trading,MFHS2,005880,seen,,1f2aee2307e5
14923619,2026-10-01 15:00:38,actions-trading,MFHS2,001510,seen,,dca4671ae5e0
14923619,2026-10-01 15:00:38,actions-trading,MFHS2,001210,seen,,47523bd2f6a3
14923619,2026-10-01 15:00:38,actions-trading,MFHS2,001200,seen,,dc5c2e098c17
14923619,2026-10-01 15:00:38,actions-trading,MFHS2,064400,seen,,ec332fe260ce
14923619,2026-10-01 15:00:38,actions-trading,MFHS2,005690,seen,,9b36ab3d2ecb
14923619,2026-10-01 15:00:38,actions-trading,MFHS2,272210,seen,,857040727382
14923619,2026-10-01 15:00:38,actions-trading,MFHS2,019170,seen,,6828db9f21e6
14923619,2026-10-01 15:00:38,actions-trading,MFHS2,002700,seen,,8fc5e5987dee
14923619,2026-10-01 15:00:38,actions-trading,MFHS2,003520,seen,,77448ec08afc
14923619,2026-10-01 15:00:38,actions-trading,MFHS2,000400,seen,,751e0c508b61
14923619,2026-10-01 15:00:38,actions-trading,MFHS2,137310,seen,,48f7c409dc14
14923619,2026-10-01 15:00:38,actions-trading,MFHS2,032350,seen,,ab9186ef67aa
14923619,2026-10-01 15:00:38,actions-trading,MFHS2,249420,seen,,6d9912c58883
14923619,2026-10-01 15:00:40,actions-trading,상승모멘텀,084010,skip,max_holdings,7d7907746089
14923619,2026-10-01 15:00:40,actions-trading,상승모멘텀,192650,seen,,83e567c7e1ce
14923619,2026-10-01 15:00:40,actions-trading,상승모멘텀,248070,seen,,f74aea2b5a61
14923619,2026-10-01 15:00:40,actions-trading,상승모멘텀,353200,seen,,5add0f0a2a9f
14923619,2026-10-01 15:00:40,actions-trading,상승모멘텀,001360,seen,,517078055056
14923619,2026-10-01 15:00:40,actions-trading,상승모멘텀,005430,seen,,aa1051425144
14923619,2026-10-01 15:00:40,actions-trading,상승모멘텀,003350,seen,,c2c2537f82e9
14923619,2026-10-01 15:00:40,actions-trading,상승모멘텀,003160,seen,,35b9ed15b43a
14923619,2026-10-01 15:00:40,actions-trading,상승모멘텀,009420,seen,,76d3e53a46f1
14923619,2026-10-01 15:00:40,actions-trading,상승모멘텀,036570,seen,,81cf1801b4cd
14923619,2026-10-01 15:00:40,actions-trading,상승모멘텀,023150,seen,,7967d255c0ba
14923619,2026-10-01 15:00:40,actions-trading,상승모멘텀,004105,seen,,ab8956b3cdb5
14923619,2026-10-01 15:00:40,actions-trading,상승모멘텀,069640,seen,,710374f4b7f5
14923619,2026-10-01 15:00:40,actions-trading,상승모멘텀,012030,seen,,372d3adb9e00
14923619,2026-10-01 15:00:40,actions-trading,상승모멘텀,014680,seen,,a0992df685a7
14923619,2026-10-01 15:00:40,actions-trading,상승모멘텀,004710,seen,,99964b99cb9b
14923619,2026-10-01 15:00:40,actions-trading,상승모멘텀,055490,seen,,efd9572f7f71
14923619,2026-10-01 15:00:40,actions-trading,상승모멘텀,480370,seen,,a5634edd3192
14923619,2026-10-01 15:00:40,actions-trading,상승모멘텀,0126Z0,seen,,62135c2fe29a
14923619,2026-10-01 15:00:40,actions-trading,상승모멘텀,011690,seen,,737b28e415a5
14923619,2026-10-01 15:00:40,actions-trading,상승모멘텀,112610,seen,,c3b94e39cad2
14923619,2026-10-01 15:00:40,actions-trading,상승모멘텀,195870,seen,,1572b1c01b05
14923619,2026-10-01 15:00:40,actions-trading,상승모멘텀,35320K,seen,,b3fb0e531a24
14923619,2026-10-01 15:00:40,actions-trading,상승모멘텀,001820,seen,,c78f6c21d69f
14923619,2026-10-01 15:00:40,actions-trading,상승모멘텀,109070,seen,,11bc8634157c
14923619,2026-10-01 15:00:40,actions-trading,상승모멘텀,007660,seen,,b1e3d6d11aaf
14923619,2026-10-01 15:00:40,actions-trading,상승모멘텀,007810,seen,,3a369cd4034c
14923619,2026-10-01 15:00:40,actions-trading,상승모멘텀,317450,seen,,d4165a038032
14923619,2026-10-01 15:00:40,actions-trading,상승모멘텀,008060,seen,,e9131d644428
14923619,2026-10-01 15:00:40,actions-trading,상승모멘텀,093050,seen,,f21ea7d167c2
14923619,2026-10-01 15:00:40,actions-trading,Sim4-1,084010,skip,period,7d7907746089
14923619,2026-10-01 15:00:40,actions-trading,Sim4-1,192650,skip,period,83e567c7e1ce
14923619,2026-10-01 15:00:40,actions-trading,Sim4-1,248070,skip,period,f74aea2b5a61
14923619,2026-10-01 15:00:40,actions-trading,Sim4-1,353200,skip,adx_high,5add0f0a2a9f
14923619,2026-10-01 15:00:40,actions-trading,Sim4-1,001360,skip,adx_low,517078055056
14923619,2026-10-01 15:00:40,actions-trading,Sim4-1,005430,skip,amount,aa1051425144
14923619,2026-10-01 15:00:40,actions-trading,Sim4-1,003350,skip,adx_low,c2c2537f82e9
14923619,2026-10-01 15:00:40,actions-trading,Sim4-1,003160,skip,held_or_cooldown,35b9ed15b43a
14923619,2026-10-01 15:00:40,actions-trading,Sim4-1,009420,skip,period,76d3e53a46f1
14923619,2026-10-01 15:00:40,actions-trading,Sim4-1,036570,skip,period,81cf1801b4cd
14923619,2026-10-01 15:00:40,actions-trading,Sim4-1,023150,skip,amount,7967d255c0ba
14923619,2026-10-01 15:00:40,actions-trading,Sim4-1,004105,skip,amount,ab8956b3cdb5
14923619,2026-10-01 15:00:40,actions-trading,Sim4-1,069640,skip,amount,710374f4b7f5
14923619,2026-10-01 15:00:40,actions-trading,Sim4-1,012030,skip,adx_high,372d3adb9e00
14923619,2026-10-01 15:00:40,actions-trading,Sim4-1,014680,skip,adx_high,a0992df685a7
14923619,2026-10-01 15:00:40,actions-trading,Sim4-1,004710,skip,adx_high,99964b99cb9b
14923619,2026-10-01 15:00:40,actions-trading,Sim4-1,055490,skip,amount,efd9572f7f71
14923619,2026-10-01 15:00:40,actions-trading,Sim4-1,480370,skip,amount,a5634edd3192
14923619,2026-10-01 15:00:40,actions-trading,Sim4-1,0126Z0,skip,adx_high,62135c2fe29a
14923619,2026-10-01 15:00:40,actions-trading,Sim4-1,011690,skip,period,737b28e415a5
14923619,2026-10-01 15:00:40,actions-trading,Sim4-1,112610,skip,period,c3b94e39cad2
14923619,2026-10-01 15:00:40,actions-trading,Sim4-1,195870,skip,held_or_cooldown,1572b1c01b05
14923619,2026-10-01 15:00:40,actions-trading,Sim4-1,35320K,skip,amount,b3fb0e531a24
14923619,2026-10-01 15:00:40,actions-trading,Sim4-1,001820,skip,adx_low,c78f6c21d69f
14923619,2026-10-01 15:00:40,actions-trading,Sim4-1,109070,skip,amount,11bc8634157c
14923619,2026-10-01 15:00:40,actions-trading,Sim4-1,007660,skip,held_or_cooldown,b1e3d6d11aaf
14923619,2026-10-01 15:00:40,actions-trading,Sim4-1,007810,skip,adx_high,3a369cd4034c
14923619,2026-10-01 15:00:40,actions-trading,Sim4-1,317450,skip,amount,d4165a038032
14923619,2026-10-01 15:00:40,actions-trading,Sim4-1,008060,skip,amount,e9131d644428
14923619,2026-10-01 15:00:40,actions-trading,Sim4-1,093050,skip,amount,f21ea7d167c2
14923619,2026-10-01 15:00:42,actions-trading,선행매집,005930,skip,below_anchor,4917818c4e4b
14923619,2026-10-01 15:00:42,actions-trading,선행매집,005935,skip,below_anchor,b80f362244ba
14923619,2026-10-01 15:00:42,actions-trading,선행매집,000660,skip,below_anchor,8634aa4b6935
14923619,2026-10-01 15:00:42,actions-trading,선행매집,192650,skip,no_setup,83e567c7e1ce
14923619,2026-10-01 15:00:42,actions-trading,선행매집,028670,skip,held_awaiting_breakout,3d9e47c54fed
14923619,2026-10-01 15:00:42,actions-trading,선행매집,248070,skip,below_anchor,f74aea2b5a61
14923619,2026-10-01 15:00:42,actions-trading,선행매집,003280,skip,below_anchor,c99a73985829
14923619,2026-10-01 15:00:42,actions-trading,선행매집,073240,skip,below_anchor,435428bd6322
14923619,2026-10-01 15:00:42,actions-trading,선행매집,034220,skip,below_anchor,bbb048a7752e
14923619,2026-10-01 15:00:42,actions-trading,선행매집,011200,skip,below_anchor,497b3e81beed
14923619,2026-10-01 15:00:42,actions-trading,선행매집,007660,skip,below_anchor,b1e3d6d11aaf
14923619,2026-10-01 15:00:42,actions-trading,선행매집,001820,skip,below_anchor,c78f6c21d69f
14923619,2026-10-01 15:00:42,actions-trading,선행매집,001360,skip,below_anchor,517078055056
14923619,2026-10-01 15:00:42,actions-trading,선행매집,093370,skip,below_anchor,4d51768838c6
14923619,2026-10-01 15:00:42,actions-trading,선행매집,002990,skip,below_anchor,6e5c43dea5c5
14923619,2026-10-01 15:00:42,actions-trading,선행매집,005880,skip,below_anchor,1f2aee2307e5
14923619,2026-10-01 15:00:42,actions-trading,선행매집,003160,skip,no_setup,35b9ed15b43a
14923619,2026-10-01 15:00:42,actions-trading,선행매집,068270,skip,below_anchor,7e34a60ffd93
14923619,2026-10-01 15:00:42,actions-trading,선행매집,272210,skip,below_anchor,857040727382
14923619,2026-10-01 15:00:42,actions-trading,선행매집,006800,skip,below_anchor,4916cea16b46
14923619,2026-10-01 15:00:42,actions-trading,선행매집,005360,skip,amount,d883ecde5e0a
14923619,2026-10-01 15:00:42,actions-trading,선행매집,003350,skip,below_anchor,c2c2537f82e9
14923619,2026-10-01 15:00:42,actions-trading,선행매집,001740,skip,below_anchor,e3207bf41392
14923619,2026-10-01 15:00:42,actions-trading,선행매집,001210,skip,below_anchor,47523bd2f6a3
14923619,2026-10-01 15:00:42,actions-trading,선행매집,001510,skip,below_anchor,dca4671ae5e0
14923619,2026-10-01 15:00:42,actions-trading,선행매집,017670,skip,below_anchor,4a2fa8156fa7
14923619,2026-10-01 15:00:42,actions-trading,선행매집,002700,skip,amount,8fc5e5987dee
14923619,2026-10-01 15:00:42,actions-trading,선행매집,064400,skip,below_anchor,ec332fe260ce
14923619,2026-10-01 15:00:42,actions-trading,선행매집,001200,skip,below_anchor,dc5c2e098c17
14923619,2026-10-01 15:00:42,actions-trading,선행매집,019170,skip,below_anchor,6828db9f21e6
14923619,2026-10-01 15:00:42,actions-trading,Sim9,084010,skip,intra,7d7907746089
14923619,2026-10-01 15:00:42,actions-trading,Sim9,192650,skip,gap,83e567c7e1ce
14923619,2026-10-01 15:00:42,actions-trading,Sim9,248070,skip,gap,f74aea2b5a61
14923619,2026-10-01 15:00:42,actions-trading,Sim9,353200,skip,gap,5add0f0a2a9f
14923619,2026-10-01 15:00:42,actions-trading,Sim9,001360,skip,gap,517078055056
14923619,2026-10-01 15:00:42,actions-trading,Sim9,005430,skip,gap,aa1051425144
14923619,2026-10-01 15:00:42,actions-trading,Sim9,003350,skip,gap,c2c2537f82e9
14923619,2026-10-01 15:00:42,actions-trading,Sim9,003160,skip,gap,35b9ed15b43a
14923619,2026-10-01 15:00:42,actions-trading,Sim9,009420,skip,gap,76d3e53a46f1
14923619,2026-10-01 15:00:42,actions-trading,Sim9,036570,skip,intra,81cf1801b4cd
14923619,2026-10-01 15:00:42,actions-trading,Sim9,023150,skip,amount,7967d255c0ba
14923619,2026-10-01 15:00:42,actions-trading,Sim9,004105,skip,amount,ab8956b3cdb5
14923619,2026-10-01 15:00:42,actions-trading,Sim9,069640,skip,amount,710374f4b7f5
14923619,2026-10-01 15:00:42,actions-trading,Sim9,012030,skip,gap,372d3adb9e00
14923619,2026-10-01 15:00:42,actions-trading,Sim9,014680,skip,gap,a0992df685a7
14923619,2026-10-01 15:00:42,actions-trading,Sim9,004710,skip,gap,99964b99cb9b
14923619,2026-10-01 15:00:42,actions-trading,Sim9,055490,skip,amount,efd9572f7f71
14923619,2026-10-01 15:00:42,actions-trading,Sim9,480370,skip,amount,a5634edd3192
14923619,2026-10-01 15:00:42,actions-trading,Sim9,0126Z0,skip,gap,62135c2fe29a
14923619,2026-10-01 15:00:42,actions-trading,Sim9,011690,skip,gap,737b28e415a5
14923619,2026-10-01 15:00:42,actions-trading,Sim9,112610,skip,gap,c3b94e39cad2
14923619,2026-10-01 15:00:42,actions-trading,Sim9,195870,skip,gap,1572b1c01b05
14923619,2026-10-01 15:00:42,actions-trading,Sim9,35320K,skip,amount,b3fb0e531a24
14923619,2026-10-01 15:00:42,actions-trading,Sim9,001820,skip,gap,c78f6c21d69f
14923619,2026-10-01 15:00:42,actions-trading,Sim9,109070,skip,amount,11bc8634157c
14923619,2026-10-01 15:00:42,actions-trading,Sim9,007660,skip,gap,b1e3d6d11aaf
14923619,2026-10-01 15:00:42,actions-trading,Sim9,007810,skip,gap,3a369cd4034c
14923619,2026-10-01 15:00:42,actions-trading,Sim9,317450,skip,gap,d4165a038032
14923619,2026-10-01 15:00:42,actions-trading,Sim9,008060,skip,gap,e9131d644428
14923619,2026-10-01 15:00:42,actions-trading,Sim9,093050,skip,gap,f21ea7d167c2
14923619,2026-10-01 15:00:42,actions-trading,미너비니,192820,skip,below_pivot,22b7c2106099
14923619,2026-10-01 15:00:42,actions-trading,미너비니,443060,skip,below_pivot,8b663a298095
14923619,2026-10-01 15:00:42,actions-trading,미너비니,020120,skip,below_pivot,73be69046daf
14923619,2026-10-01 15:00:43,actions-trading,Sim12,084010,skip,avoid_frgn_sell_20d,7d7907746089
14923619,2026-10-01 15:00:43,actions-trading,Sim12,192650,skip,pb2_not_crashed,83e567c7e1ce
14923619,2026-10-01 15:00:43,actions-trading,Sim12,248070,skip,avoid_frgn_sell_20d,f74aea2b5a61
14923619,2026-10-01 15:00:43,actions-trading,Sim12,353200,skip,avoid_orgn_sell_high_per,5add0f0a2a9f
14923619,2026-10-01 15:00:43,actions-trading,Sim12,001360,skip,pb2_not_crashed,517078055056
14923619,2026-10-01 15:00:43,actions-trading,Sim12,005430,skip,pb2_not_crashed,aa1051425144
14923619,2026-10-01 15:00:43,actions-trading,Sim12,003350,skip,pb2_not_crashed,c2c2537f82e9
14923619,2026-10-01 15:00:43,actions-trading,Sim12,003160,skip,pb2_not_crashed,35b9ed15b43a
14923619,2026-10-01 15:00:43,actions-trading,Sim12,009420,skip,pb2_no_inst_buying,76d3e53a46f1
14923619,2026-10-01 15:00:43,actions-trading,Sim12,036570,skip,pb2_not_crashed,81cf1801b4cd
14923619,2026-10-01 15:00:43,actions-trading,Sim12,023150,skip,avoid_frgn_sell_20d,7967d255c0ba
14923619,2026-10-01 15:00:43,actions-trading,Sim12,004105,skip,pb2_not_crashed,ab8956b3cdb5
14923619,2026-10-01 15:00:43,actions-trading,Sim12,069640,skip,avoid_frgn_sell_20d,710374f4b7f5
14923619,2026-10-01 15:00:43,actions-trading,Sim12,012030,skip,avoid_frgn_sell_20d,372d3adb9e00
14923619,2026-10-01 15:00:43,actions-trading,Sim12,014680,skip,pb2_not_crashed,a0992df685a7
14923619,2026-10-01 15:00:43,actions-trading,Sim12,004710,skip,avoid_frgn_sell_20d,99964b99cb9b
14923619,2026-10-01 15:00:43,actions-trading,Sim12,055490,skip,avoid_frgn_sell_20d,efd9572f7f71
14923619,2026-10-01 15:00:43,actions-trading,Sim12,480370,skip,pb2_not_crashed,a5634edd3192
14923619,2026-10-01 15:00:43,actions-trading,Sim12,0126Z0,skip,avoid_frgn_sell_20d,62135c2fe29a
14923619,2026-10-01 15:00:43,actions-trading,Sim12,011690,skip,pb2_not_crashed,737b28e415a5
14923619,2026-10-01 15:00:43,actions-trading,Sim12,112610,skip,avoid_frgn_sell_20d,c3b94e39cad2
14923619,2026-10-01 15:00:43,actions-trading,Sim12,195870,skip,pb2_not_crashed,1572b1c01b05
14923619,2026-10-01 15:00:43,actions-trading,Sim12,35320K,skip,pb2_not_crashed,b3fb0e531a24
14923619,2026-10-01 15:00:43,actions-trading,Sim12,001820,skip,pb2_not_crashed,c78f6c21d69f
14923619,2026-10-01 15:00:43,actions-trading,Sim12,109070,skip,pb2_not_crashed,11bc8634157c
14923619,2026-10-01 15:00:43,actions-trading,Sim12,007660,skip,pb2_not_crashed,b1e3d6d11aaf
14923619,2026-10-01 15:00:43,actions-trading,Sim12,007810,skip,avoid_orgn_sell_high_per,3a369cd4034c
14923619,2026-10-01 15:00:43,actions-trading,Sim12,317450,skip,avoid_frgn_sell_20d,d4165a038032
14923619,2026-10-01 15:00:43,actions-trading,Sim12,008060,skip,avoid_orgn_sell_high_per,e9131d644428
14923619,2026-10-01 15:00:43,actions-trading,Sim12,093050,skip,avoid_frgn_sell_20d,f21ea7d167c2
14923619,2026-10-01 15:00:43,actions-trading,Sim12,009190,skip,pb2_no_inst_buying,a5349dcc06a4
14923619,2026-10-01 15:00:43,actions-trading,Sim12,051630,skip,pb2_not_crashed,57a87bec41bc
14923619,2026-10-01 15:00:43,actions-trading,Sim12,452260,skip,pb2_not_crashed,cbf8face7d31
14923619,2026-10-01 15:00:43,actions-trading,Sim12,002787,skip,avoid_amount_dry,2384cbc8eb2b
14923619,2026-10-01 15:00:43,actions-trading,Sim12,002820,skip,pb2_no_inst_buying,714feef51104
14923619,2026-10-01 15:00:43,actions-trading,Sim12,071090,skip,pb2_not_crashed,4aa3a3a3a8e9
14923619,2026-10-01 15:00:43,actions-trading,Sim12,024890,skip,avoid_frgn_sell_20d,0e133d170e69
14923619,2026-10-01 15:00:43,actions-trading,Sim12,010950,skip,pb2_not_crashed,0264592e6cd9
14923619,2026-10-01 15:00:43,actions-trading,Sim12,002070,skip,avoid_amount_dry,19ab79b5f48b
14923619,2026-10-01 15:00:43,actions-trading,Sim12,010955,skip,pb2_not_crashed,49ae188346ae
14923619,2026-10-01 15:00:43,actions-trading,Sim12,096770,skip,pb2_not_crashed,269bbd4a01b4
14923619,2026-10-01 15:00:43,actions-trading,Sim12,010640,skip,avoid_frgn_sell_20d,91cfceb45e64
14923619,2026-10-01 15:00:43,actions-trading,Sim12,361610,skip,pb2_not_crashed,c0c35ed85832
14923619,2026-10-01 15:00:43,actions-trading,Sim12,001770,skip,pb2_thin_liquidity,3988909adb9a
14923619,2026-10-01 15:00:43,actions-trading,Sim12,007110,skip,avoid_amount_dry,ed09977e2b3f
14923619,2026-10-01 15:00:43,actions-trading,Sim12,007120,skip,pb2_not_crashed,7d2557948ee9
14923619,2026-10-01 15:00:43,actions-trading,Sim12,003780,skip,avoid_frgn_sell_20d,3ea33c9e8128
14923619,2026-10-01 15:00:43,actions-trading,Sim12,487570,skip,pb2_not_crashed,9bafbebc45a8
14923619,2026-10-01 15:00:43,actions-trading,Sim12,078930,skip,pb2_thin_liquidity,8433f840ec3e
14923619,2026-10-01 15:00:43,actions-trading,Sim12,003580,skip,pb2_not_crashed,75b80189fb9b
14923619,2026-10-01 15:00:43,actions-trading,Sim12,006200,skip,pb2_no_inst_buying,b3860eeec461
14923619,2026-10-01 15:00:43,actions-trading,Sim12,003030,skip,pb2_not_crashed,9a65dda612a3
14923619,2026-10-01 15:00:43,actions-trading,Sim12,009810,skip,pb2_not_crashed,7c61ada59226
14923619,2026-10-01 15:00:43,actions-trading,Sim12,002690,skip,avoid_frgn_sell_20d,68ff6f1b51fc
14923619,2026-10-01 15:00:43,actions-trading,Sim12,011090,skip,avoid_amount_dry,e1af607f22aa
14923619,2026-10-01 15:00:43,actions-trading,Sim12,316140,skip,pb2_not_crashed,5140f75e94aa
14923619,2026-10-01 15:00:43,actions-trading,Sim12,017940,skip,pb2_not_crashed,b207e8f2c2ac
14923619,2026-10-01 15:00:43,actions-trading,Sim12,005030,skip,avoid_amount_dry,43a2cfae514d
14923619,2026-10-01 15:00:43,actions-trading,Sim12,003075,skip,pb2_not_crashed,18d3e9153f8d
14923619,2026-10-01 15:00:43,actions-trading,Sim12,267270,skip,avoid_frgn_sell_20d,ab05be1b1266
14923619,2026-10-01 15:00:43,actions-trading,Sim13,084010,skip,theme_momentum_weak,7d7907746089
14923619,2026-10-01 15:00:43,actions-trading,Sim13,192650,skip,no_frgn_support,83e567c7e1ce
14923619,2026-10-01 15:00:43,actions-trading,Sim13,248070,skip,theme_momentum_weak,f74aea2b5a61
14923619,2026-10-01 15:00:43,actions-trading,Sim13,353200,skip,adx_weak,5add0f0a2a9f
14923619,2026-10-01 15:00:43,actions-trading,Sim13,001360,skip,theme_momentum_weak,517078055056
14923619,2026-10-01 15:00:43,actions-trading,Sim13,005430,skip,theme_momentum_weak,aa1051425144
14923619,2026-10-01 15:00:43,actions-trading,Sim13,003350,skip,theme_momentum_weak,c2c2537f82e9
14923619,2026-10-01 15:00:43,actions-trading,Sim13,003160,skip,no_frgn_support,35b9ed15b43a
14923619,2026-10-01 15:00:43,actions-trading,Sim13,009420,skip,theme_momentum_weak,76d3e53a46f1
14923619,2026-10-01 15:00:43,actions-trading,Sim13,036570,skip,theme_momentum_weak,81cf1801b4cd
14923619,2026-10-01 15:00:43,actions-trading,Sim13,023150,skip,theme_momentum_weak,7967d255c0ba
14923619,2026-10-01 15:00:43,actions-trading,Sim13,004105,skip,no_frgn_support,ab8956b3cdb5
14923619,2026-10-01 15:00:43,actions-trading,Sim13,069640,skip,theme_momentum_weak,710374f4b7f5
14923619,2026-10-01 15:00:43,actions-trading,Sim13,012030,skip,adx_weak,372d3adb9e00
14923619,2026-10-01 15:00:43,actions-trading,Sim13,014680,skip,no_frgn_support,a0992df685a7
14923619,2026-10-01 15:00:43,actions-trading,Sim13,004710,skip,no_frgn_support,99964b99cb9b
14923619,2026-10-01 15:00:43,actions-trading,Sim13,055490,skip,theme_momentum_weak,efd9572f7f71
14923619,2026-10-01 15:00:43,actions-trading,Sim13,480370,skip,adx_weak,a5634edd3192
14923619,2026-10-01 15:00:43,actions-trading,Sim13,0126Z0,skip,theme_momentum_weak,62135c2fe29a
14923619,2026-10-01 15:00:43,actions-trading,Sim13,011690,skip,theme_momentum_weak,737b28e415a5
14923619,2026-10-01 15:00:43,actions-trading,Sim13,112610,skip,theme_momentum_weak,c3b94e39cad2
14923619,2026-10-01 15:00:43,actions-trading,Sim13,195870,skip,adx_weak,1572b1c01b05
14923619,2026-10-01 15:00:43,actions-trading,Sim13,35320K,skip,theme_momentum_weak,b3fb0e531a24
14923619,2026-10-01 15:00:43,actions-trading,Sim13,001820,skip,adx_weak,c78f6c21d69f
14923619,2026-10-01 15:00:43,actions-trading,Sim13,109070,skip,amount_not_surprised,11bc8634157c
14923619,2026-10-01 15:00:43,actions-trading,Sim13,007660,skip,theme_momentum_weak,b1e3d6d11aaf
14923619,2026-10-01 15:00:43,actions-trading,Sim13,007810,skip,adx_weak,3a369cd4034c
14923619,2026-10-01 15:00:43,actions-trading,Sim13,317450,skip,theme_momentum_weak,d4165a038032
14923619,2026-10-01 15:00:43,actions-trading,Sim13,008060,skip,theme_momentum_weak,e9131d644428
14923619,2026-10-01 15:00:43,actions-trading,Sim13,093050,skip,theme_momentum_weak,f21ea7d167c2
14923620,2026-10-01 15:02:38,actions-trading,MFHS2,005935,skip,max_holdings,69de203499a6
14923620,2026-10-01 15:02:38,actions-trading,MFHS2,003280,seen,,d3f01b5bd91b
14923620,2026-10-01 15:02:38,actions-trading,MFHS2,003160,seen,,9aadd83ed9f4
14923620,2026-10-01 15:02:38,actions-trading,MFHS2,248070,seen,,36932c8b6067
14923620,2026-10-01 15:02:38,actions-trading,MFHS2,001360,seen,,5a83fd277239
14923620,2026-10-01 15:02:38,actions-trading,MFHS2,001820,seen,,380af07b94a9
14923620,2026-10-01 15:02:38,actions-trading,MFHS2,034220,seen,,013e216ae8c5
14923620,2026-10-01 15:02:38,actions-trading,MFHS2,007660,seen,,f06a5e2c3031
14923620,2026-10-01 15:02:38,actions-trading,MFHS2,002990,seen,,8c9b81b152dd
14923620,2026-10-01 15:02:38,actions-trading,MFHS2,001740,seen,,b123eb8103fb
14923620,2026-10-01 15:02:38,actions-trading,MFHS2,073240,seen,,f45eb5805650
14923620,2026-10-01 15:02:38,actions-trading,MFHS2,068270,seen,,d48aed90df20
14923620,2026-10-01 15:02:38,actions-trading,MFHS2,005360,seen,,80862b96e49a
14923620,2026-10-01 15:02:38,actions-trading,MFHS2,003350,seen,,cdd5fb9170d5
14923620,2026-10-01 15:02:38,actions-trading,MFHS2,090460,seen,,9b36d643a956
14923620,2026-10-01 15:02:38,actions-trading,MFHS2,006800,seen,,76c802ce301a
14923620,2026-10-01 15:02:38,actions-trading,MFHS2,005880,seen,,e32ee97e424c
14923620,2026-10-01 15:02:38,actions-trading,MFHS2,001510,seen,,b3b276df0705
14923620,2026-10-01 15:02:38,actions-trading,MFHS2,001210,seen,,a8a81607831c
14923620,2026-10-01 15:02:38,actions-trading,MFHS2,001200,seen,,ed259108ef72
14923620,2026-10-01 15:02:38,actions-trading,MFHS2,064400,seen,,7906c797a79e
14923620,2026-10-01 15:02:38,actions-trading,MFHS2,005690,seen,,b42ef00936f0
14923620,2026-10-01 15:02:38,actions-trading,MFHS2,272210,seen,,2657a2cb964c
14923620,2026-10-01 15:02:38,actions-trading,MFHS2,019170,seen,,dc79bf2ff470
14923620,2026-10-01 15:02:38,actions-trading,MFHS2,002700,seen,,863cc6f4fd8d
14923620,2026-10-01 15:02:38,actions-trading,MFHS2,003520,seen,,c25438e07cdf
14923620,2026-10-01 15:02:38,actions-trading,MFHS2,000400,seen,,05ea8e14669d
14923620,2026-10-01 15:02:38,actions-trading,MFHS2,137310,seen,,46001ac8c4c1
14923620,2026-10-01 15:02:38,actions-trading,MFHS2,032350,seen,,e1dce578c5e2
14923620,2026-10-01 15:02:38,actions-trading,MFHS2,249420,seen,,34a54380c8ef
14923620,2026-10-01 15:02:39,actions-trading,상승모멘텀,084010,skip,max_holdings,6501d1e024a3
14923620,2026-10-01 15:02:39,actions-trading,상승모멘텀,248070,seen,,36932c8b6067
14923620,2026-10-01 15:02:39,actions-trading,상승모멘텀,192650,seen,,03a97db4b947
14923620,2026-10-01 15:02:39,actions-trading,상승모멘텀,353200,seen,,8fd9cfe988af
14923620,2026-10-01 15:02:39,actions-trading,상승모멘텀,001360,seen,,5a83fd277239
14923620,2026-10-01 15:02:39,actions-trading,상승모멘텀,003350,seen,,cdd5fb9170d5
14923620,2026-10-01 15:02:39,actions-trading,상승모멘텀,003160,seen,,9aadd83ed9f4
14923620,2026-10-01 15:02:39,actions-trading,상승모멘텀,005430,seen,,51d65ecc8315
14923620,2026-10-01 15:02:39,actions-trading,상승모멘텀,036570,seen,,b1c06302d62c
14923620,2026-10-01 15:02:39,actions-trading,상승모멘텀,009420,seen,,fb152c36ecd6
14923620,2026-10-01 15:02:39,actions-trading,상승모멘텀,023150,seen,,3802cfeb612f
14923620,2026-10-01 15:02:39,actions-trading,상승모멘텀,004105,seen,,e007d8701ebb
14923620,2026-10-01 15:02:39,actions-trading,상승모멘텀,004710,seen,,b07295d82766
14923620,2026-10-01 15:02:39,actions-trading,상승모멘텀,069640,seen,,6237e3cbaa94
14923620,2026-10-01 15:02:39,actions-trading,상승모멘텀,014680,seen,,ad132e416580
14923620,2026-10-01 15:02:39,actions-trading,상승모멘텀,012030,seen,,4f3cb28bf2ab
14923620,2026-10-01 15:02:39,actions-trading,상승모멘텀,011690,seen,,a181ba56a16c
14923620,2026-10-01 15:02:39,actions-trading,상승모멘텀,055490,seen,,458ff2772fcd
14923620,2026-10-01 15:02:39,actions-trading,상승모멘텀,35320K,seen,,fb01c01a5d29
14923620,2026-10-01 15:02:39,actions-trading,상승모멘텀,480370,seen,,6fc024c24207
14923620,2026-10-01 15:02:39,actions-trading,상승모멘텀,0126Z0,seen,,7866dddecf3a
14923620,2026-10-01 15:02:39,actions-trading,상승모멘텀,195870,seen,,4612fb127d05
14923620,2026-10-01 15:02:39,actions-trading,상승모멘텀,112610,seen,,edc83119c797
14923620,2026-10-01 15:02:39,actions-trading,상승모멘텀,109070,seen,,ff0ae2a16956
14923620,2026-10-01 15:02:39,actions-trading,상승모멘텀,001820,seen,,380af07b94a9
14923620,2026-10-01 15:02:39,actions-trading,상승모멘텀,007810,seen,,c01776cac395
14923620,2026-10-01 15:02:39,actions-trading,상승모멘텀,007660,seen,,f06a5e2c3031
14923620,2026-10-01 15:02:39,actions-trading,상승모멘텀,093050,seen,,67ea33d52f07
14923620,2026-10-01 15:02:39,actions-trading,상승모멘텀,317450,seen,,e2593f8194a9
14923620,2026-10-01 15:02:39,actions-trading,상승모멘텀,005850,seen,,a4ef07099d17
14923620,2026-10-01 15:02:39,actions-trading,Sim4-1,084010,skip,period,6501d1e024a3
14923620,2026-10-01 15:02:39,actions-trading,Sim4-1,248070,skip,period,36932c8b6067
14923620,2026-10-01 15:02:39,actions-trading,Sim4-1,192650,skip,period,03a97db4b947
14923620,2026-10-01 15:02:39,actions-trading,Sim4-1,353200,skip,adx_high,8fd9cfe988af
14923620,2026-10-01 15:02:39,actions-trading,Sim4-1,001360,skip,adx_low,5a83fd277239
14923620,2026-10-01 15:02:39,actions-trading,Sim4-1,003350,skip,adx_low,cdd5fb9170d5
14923620,2026-10-01 15:02:39,actions-trading,Sim4-1,003160,skip,held_or_cooldown,9aadd83ed9f4
14923620,2026-10-01 15:02:39,actions-trading,Sim4-1,005430,skip,amount,51d65ecc8315
14923620,2026-10-01 15:02:39,actions-trading,Sim4-1,036570,skip,period,b1c06302d62c
14923620,2026-10-01 15:02:39,actions-trading,Sim4-1,009420,skip,period,fb152c36ecd6
14923620,2026-10-01 15:02:39,actions-trading,Sim4-1,023150,skip,amount,3802cfeb612f
14923620,2026-10-01 15:02:39,actions-trading,Sim4-1,004105,skip,amount,e007d8701ebb
14923620,2026-10-01 15:02:39,actions-trading,Sim4-1,004710,skip,adx_high,b07295d82766
14923620,2026-10-01 15:02:39,actions-trading,Sim4-1,069640,skip,amount,6237e3cbaa94
14923620,2026-10-01 15:02:39,actions-trading,Sim4-1,014680,skip,adx_high,ad132e416580
14923620,2026-10-01 15:02:39,actions-trading,Sim4-1,012030,skip,adx_high,4f3cb28bf2ab
14923620,2026-10-01 15:02:39,actions-trading,Sim4-1,011690,skip,period,a181ba56a16c
14923620,2026-10-01 15:02:39,actions-trading,Sim4-1,055490,skip,amount,458ff2772fcd
14923620,2026-10-01 15:02:39,actions-trading,Sim4-1,35320K,skip,amount,fb01c01a5d29
14923620,2026-10-01 15:02:39,actions-trading,Sim4-1,480370,skip,amount,6fc024c24207
14923620,2026-10-01 15:02:39,actions-trading,Sim4-1,0126Z0,skip,adx_high,7866dddecf3a
14923620,2026-10-01 15:02:39,actions-trading,Sim4-1,195870,skip,held_or_cooldown,4612fb127d05
14923620,2026-10-01 15:02:39,actions-trading,Sim4-1,112610,skip,period,edc83119c797
14923620,2026-10-01 15:02:39,actions-trading,Sim4-1,109070,skip,amount,ff0ae2a16956
14923620,2026-10-01 15:02:39,actions-trading,Sim4-1,001820,skip,adx_low,380af07b94a9
14923620,2026-10-01 15:02:39,actions-trading,Sim4-1,007810,skip,adx_high,c01776cac395
14923620,2026-10-01 15:02:39,actions-trading,Sim4-1,007660,skip,held_or_cooldown,f06a5e2c3031
14923620,2026-10-01 15:02:39,actions-trading,Sim4-1,093050,skip,amount,67ea33d52f07
14923620,2026-10-01 15:02:39,actions-trading,Sim4-1,317450,skip,amount,e2593f8194a9
14923620,2026-10-01 15:02:39,actions-trading,Sim4-1,005850,skip,adx_low,a4ef07099d17
14923620,2026-10-01 15:02:40,actions-trading,선행매집,005930,skip,below_anchor,d6fd944d5da1
14923620,2026-10-01 15:02:40,actions-trading,선행매집,005935,skip,below_anchor,69de203499a6
14923620,2026-10-01 15:02:40,actions-trading,선행매집,000660,skip,below_anchor,f04998015db4
14923620,2026-10-01 15:02:40,actions-trading,선행매집,192650,skip,no_setup,03a97db4b947
14923620,2026-10-01 15:02:40,actions-trading,선행매집,028670,skip,held_awaiting_breakout,fb0be3881182
14923620,2026-10-01 15:02:40,actions-trading,선행매집,248070,skip,below_anchor,36932c8b6067
14923620,2026-10-01 15:02:40,actions-trading,선행매집,003280,skip,below_anchor,d3f01b5bd91b
14923620,2026-10-01 15:02:40,actions-trading,선행매집,073240,skip,below_anchor,f45eb5805650
14923620,2026-10-01 15:02:40,actions-trading,선행매집,034220,skip,below_anchor,013e216ae8c5
14923620,2026-10-01 15:02:40,actions-trading,선행매집,011200,skip,below_anchor,680bd56a69e4
14923620,2026-10-01 15:02:40,actions-trading,선행매집,007660,skip,below_anchor,f06a5e2c3031
14923620,2026-10-01 15:02:40,actions-trading,선행매집,001820,skip,below_anchor,380af07b94a9
14923620,2026-10-01 15:02:40,actions-trading,선행매집,001360,skip,below_anchor,5a83fd277239
14923620,2026-10-01 15:02:40,actions-trading,선행매집,093370,skip,below_anchor,d170184950ec
14923620,2026-10-01 15:02:40,actions-trading,선행매집,002990,skip,below_anchor,8c9b81b152dd
14923620,2026-10-01 15:02:40,actions-trading,선행매집,005880,skip,below_anchor,e32ee97e424c
14923620,2026-10-01 15:02:40,actions-trading,선행매집,003160,skip,no_setup,9aadd83ed9f4
14923620,2026-10-01 15:02:40,actions-trading,선행매집,068270,skip,below_anchor,d48aed90df20
14923620,2026-10-01 15:02:40,actions-trading,선행매집,272210,skip,below_anchor,2657a2cb964c
14923620,2026-10-01 15:02:40,actions-trading,선행매집,006800,skip,below_anchor,76c802ce301a
14923620,2026-10-01 15:02:40,actions-trading,선행매집,005360,skip,amount,80862b96e49a
14923620,2026-10-01 15:02:40,actions-trading,선행매집,003350,skip,below_anchor,cdd5fb9170d5
14923620,2026-10-01 15:02:40,actions-trading,선행매집,001740,skip,below_anchor,b123eb8103fb
14923620,2026-10-01 15:02:40,actions-trading,선행매집,001210,skip,below_anchor,a8a81607831c
14923620,2026-10-01 15:02:40,actions-trading,선행매집,001510,skip,below_anchor,b3b276df0705
14923620,2026-10-01 15:02:40,actions-trading,선행매집,017670,skip,below_anchor,ca976fb782d3
14923620,2026-10-01 15:02:40,actions-trading,선행매집,002700,skip,amount,863cc6f4fd8d
14923620,2026-10-01 15:02:40,actions-trading,선행매집,064400,skip,below_anchor,7906c797a79e
14923620,2026-10-01 15:02:40,actions-trading,선행매집,001200,skip,below_anchor,ed259108ef72
14923620,2026-10-01 15:02:40,actions-trading,선행매집,019170,skip,below_anchor,dc79bf2ff470
14923620,2026-10-01 15:02:41,actions-trading,Sim9,084010,skip,intra,6501d1e024a3
14923620,2026-10-01 15:02:41,actions-trading,Sim9,248070,skip,gap,36932c8b6067
14923620,2026-10-01 15:02:41,actions-trading,Sim9,192650,skip,gap,03a97db4b947
14923620,2026-10-01 15:02:41,actions-trading,Sim9,353200,skip,gap,8fd9cfe988af
14923620,2026-10-01 15:02:41,actions-trading,Sim9,001360,skip,gap,5a83fd277239
14923620,2026-10-01 15:02:41,actions-trading,Sim9,003350,skip,gap,cdd5fb9170d5
14923620,2026-10-01 15:02:41,actions-trading,Sim9,003160,skip,gap,9aadd83ed9f4
14923620,2026-10-01 15:02:41,actions-trading,Sim9,005430,skip,gap,51d65ecc8315
14923620,2026-10-01 15:02:41,actions-trading,Sim9,036570,skip,intra,b1c06302d62c
14923620,2026-10-01 15:02:41,actions-trading,Sim9,009420,skip,gap,fb152c36ecd6
14923620,2026-10-01 15:02:41,actions-trading,Sim9,023150,skip,amount,3802cfeb612f
14923620,2026-10-01 15:02:41,actions-trading,Sim9,004105,skip,amount,e007d8701ebb
14923620,2026-10-01 15:02:41,actions-trading,Sim9,004710,skip,gap,b07295d82766
14923620,2026-10-01 15:02:41,actions-trading,Sim9,069640,skip,amount,6237e3cbaa94
14923620,2026-10-01 15:02:41,actions-trading,Sim9,014680,skip,gap,ad132e416580
14923620,2026-10-01 15:02:41,actions-trading,Sim9,012030,skip,gap,4f3cb28bf2ab
14923620,2026-10-01 15:02:41,actions-trading,Sim9,011690,skip,gap,a181ba56a16c
14923620,2026-10-01 15:02:41,actions-trading,Sim9,055490,skip,amount,458ff2772fcd
14923620,2026-10-01 15:02:41,actions-trading,Sim9,35320K,skip,amount,fb01c01a5d29
14923620,2026-10-01 15:02:41,actions-trading,Sim9,480370,skip,amount,6fc024c24207
14923620,2026-10-01 15:02:41,actions-trading,Sim9,0126Z0,skip,gap,7866dddecf3a
14923620,2026-10-01 15:02:41,actions-trading,Sim9,195870,skip,gap,4612fb127d05
14923620,2026-10-01 15:02:41,actions-trading,Sim9,112610,skip,gap,edc83119c797
14923620,2026-10-01 15:02:41,actions-trading,Sim9,109070,skip,amount,ff0ae2a16956
14923620,2026-10-01 15:02:41,actions-trading,Sim9,001820,skip,gap,380af07b94a9
14923620,2026-10-01 15:02:41,actions-trading,Sim9,007810,skip,gap,c01776cac395
14923620,2026-10-01 15:02:41,actions-trading,Sim9,007660,skip,gap,f06a5e2c3031
14923620,2026-10-01 15:02:41,actions-trading,Sim9,093050,skip,gap,67ea33d52f07
14923620,2026-10-01 15:02:41,actions-trading,Sim9,317450,skip,gap,e2593f8194a9
14923620,2026-10-01 15:02:41,actions-trading,Sim9,005850,skip,gap,a4ef07099d17
14923620,2026-10-01 15:02:41,actions-trading,미너비니,192820,skip,below_pivot,5794251cd919
14923620,2026-10-01 15:02:41,actions-trading,미너비니,443060,skip,below_pivot,08032612e41a
14923620,2026-10-01 15:02:41,actions-trading,미너비니,020120,skip,below_pivot,d8faa98ce0cf
14923620,2026-10-01 15:02:41,actions-trading,Sim12,084010,skip,avoid_frgn_sell_20d,6501d1e024a3
14923620,2026-10-01 15:02:41,actions-trading,Sim12,248070,skip,avoid_frgn_sell_20d,36932c8b6067
14923620,2026-10-01 15:02:41,actions-trading,Sim12,192650,skip,pb2_not_crashed,03a97db4b947
14923620,2026-10-01 15:02:41,actions-trading,Sim12,353200,skip,avoid_orgn_sell_high_per,8fd9cfe988af
14923620,2026-10-01 15:02:41,actions-trading,Sim12,001360,skip,pb2_not_crashed,5a83fd277239
14923620,2026-10-01 15:02:41,actions-trading,Sim12,003350,skip,pb2_not_crashed,cdd5fb9170d5
14923620,2026-10-01 15:02:41,actions-trading,Sim12,003160,skip,pb2_not_crashed,9aadd83ed9f4
14923620,2026-10-01 15:02:41,actions-trading,Sim12,005430,skip,pb2_not_crashed,51d65ecc8315
14923620,2026-10-01 15:02:41,actions-trading,Sim12,036570,skip,pb2_not_crashed,b1c06302d62c
14923620,2026-10-01 15:02:41,actions-trading,Sim12,009420,skip,pb2_no_inst_buying,fb152c36ecd6
14923620,2026-10-01 15:02:41,actions-trading,Sim12,023150,skip,avoid_frgn_sell_20d,3802cfeb612f
14923620,2026-10-01 15:02:41,actions-trading,Sim12,004105,skip,pb2_not_crashed,e007d8701ebb
14923620,2026-10-01 15:02:41,actions-trading,Sim12,004710,skip,avoid_frgn_sell_20d,b07295d82766
14923620,2026-10-01 15:02:41,actions-trading,Sim12,069640,skip,avoid_frgn_sell_20d,6237e3cbaa94
14923620,2026-10-01 15:02:41,actions-trading,Sim12,014680,skip,pb2_not_crashed,ad132e416580
14923620,2026-10-01 15:02:41,actions-trading,Sim12,012030,skip,avoid_frgn_sell_20d,4f3cb28bf2ab
14923620,2026-10-01 15:02:41,actions-trading,Sim12,011690,skip,pb2_not_crashed,a181ba56a16c
14923620,2026-10-01 15:02:41,actions-trading,Sim12,055490,skip,avoid_frgn_sell_20d,458ff2772fcd
14923620,2026-10-01 15:02:41,actions-trading,Sim12,35320K,skip,pb2_not_crashed,fb01c01a5d29
14923620,2026-10-01 15:02:41,actions-trading,Sim12,480370,skip,pb2_not_crashed,6fc024c24207
14923620,2026-10-01 15:02:41,actions-trading,Sim12,0126Z0,skip,avoid_frgn_sell_20d,7866dddecf3a
14923620,2026-10-01 15:02:41,actions-trading,Sim12,195870,skip,pb2_not_crashed,4612fb127d05
14923620,2026-10-01 15:02:41,actions-trading,Sim12,112610,skip,avoid_frgn_sell_20d,edc83119c797
14923620,2026-10-01 15:02:41,actions-trading,Sim12,109070,skip,pb2_not_crashed,ff0ae2a16956
14923620,2026-10-01 15:02:41,actions-trading,Sim12,001820,skip,pb2_not_crashed,380af07b94a9
14923620,2026-10-01 15:02:41,actions-trading,Sim12,007810,skip,avoid_orgn_sell_high_per,c01776cac395
14923620,2026-10-01 15:02:41,actions-trading,Sim12,007660,skip,pb2_not_crashed,f06a5e2c3031
14923620,2026-10-01 15:02:41,actions-trading,Sim12,093050,skip,avoid_frgn_sell_20d,67ea33d52f07
14923620,2026-10-01 15:02:41,actions-trading,Sim12,317450,skip,avoid_frgn_sell_20d,e2593f8194a9
14923620,2026-10-01 15:02:41,actions-trading,Sim12,005850,skip,pb2_not_crashed,a4ef07099d17
14923620,2026-10-01 15:02:41,actions-trading,Sim12,009190,skip,pb2_no_inst_buying,da11f1defc67
14923620,2026-10-01 15:02:41,actions-trading,Sim12,051630,skip,pb2_not_crashed,762f0501cac9
14923620,2026-10-01 15:02:41,actions-trading,Sim12,452260,skip,pb2_not_crashed,3861672d9693
14923620,2026-10-01 15:02:41,actions-trading,Sim12,002787,skip,avoid_amount_dry,2384cbc8eb2b
14923620,2026-10-01 15:02:41,actions-trading,Sim12,002820,skip,pb2_no_inst_buying,2a4c344dcc83
14923620,2026-10-01 15:02:41,actions-trading,Sim12,071090,skip,pb2_not_crashed,2bec87bcdd78
14923620,2026-10-01 15:02:41,actions-trading,Sim12,010950,skip,pb2_not_crashed,dacc7f54fbd0
14923620,2026-10-01 15:02:41,actions-trading,Sim12,024890,skip,avoid_frgn_sell_20d,db96e444e64a
14923620,2026-10-01 15:02:41,actions-trading,Sim12,002070,skip,avoid_amount_dry,d1e4bc05a07e
14923620,2026-10-01 15:02:41,actions-trading,Sim12,010955,skip,pb2_not_crashed,d3e7e6a47c35
14923620,2026-10-01 15:02:41,actions-trading,Sim12,361610,skip,pb2_not_crashed,923e3ccc7ab5
14923620,2026-10-01 15:02:41,actions-trading,Sim12,096770,skip,pb2_not_crashed,acbeba48c0d6
14923620,2026-10-01 15:02:41,actions-trading,Sim12,007110,skip,avoid_amount_dry,52c77ef12b3b
14923620,2026-10-01 15:02:41,actions-trading,Sim12,010640,skip,avoid_frgn_sell_20d,cd57358d0ff1
14923620,2026-10-01 15:02:41,actions-trading,Sim12,001770,skip,pb2_thin_liquidity,3988909adb9a
14923620,2026-10-01 15:02:41,actions-trading,Sim12,487570,skip,pb2_not_crashed,5259e2774d42
14923620,2026-10-01 15:02:41,actions-trading,Sim12,003780,skip,avoid_frgn_sell_20d,821f8a6e08ff
14923620,2026-10-01 15:02:41,actions-trading,Sim12,078930,skip,pb2_thin_liquidity,7422d35727ad
14923620,2026-10-01 15:02:41,actions-trading,Sim12,003580,skip,pb2_not_crashed,bba0b05f3193
14923620,2026-10-01 15:02:41,actions-trading,Sim12,006200,skip,pb2_no_inst_buying,80b80a16ef6c
14923620,2026-10-01 15:02:41,actions-trading,Sim12,003030,skip,pb2_not_crashed,34f7b2b88d33
14923620,2026-10-01 15:02:41,actions-trading,Sim12,007120,skip,pb2_not_crashed,7fd5c523d5b0
14923620,2026-10-01 15:02:41,actions-trading,Sim12,316140,skip,pb2_not_crashed,8071980121d4
14923620,2026-10-01 15:02:41,actions-trading,Sim12,002690,skip,avoid_frgn_sell_20d,17f8306e5054
14923620,2026-10-01 15:02:41,actions-trading,Sim12,009810,skip,pb2_not_crashed,7c61ada59226
14923620,2026-10-01 15:02:41,actions-trading,Sim12,011090,skip,avoid_amount_dry,b9888b66e77d
14923620,2026-10-01 15:02:41,actions-trading,Sim12,096775,skip,pb2_not_crashed,96dbf9e326fc
14923620,2026-10-01 15:02:41,actions-trading,Sim12,005030,skip,avoid_amount_dry,43a2cfae514d
14923620,2026-10-01 15:02:41,actions-trading,Sim12,017940,skip,pb2_not_crashed,b93863624c33
14923620,2026-10-01 15:02:41,actions-trading,Sim12,003075,skip,pb2_not_crashed,18d3e9153f8d
14923620,2026-10-01 15:02:41,actions-trading,Sim13,084010,skip,theme_momentum_weak,6501d1e024a3
14923620,2026-10-01 15:02:41,actions-trading,Sim13,248070,skip,theme_momentum_weak,36932c8b6067
14923620,2026-10-01 15:02:41,actions-trading,Sim13,192650,skip,no_frgn_support,03a97db4b947
14923620,2026-10-01 15:02:41,actions-trading,Sim13,353200,skip,adx_weak,8fd9cfe988af
14923620,2026-10-01 15:02:41,actions-trading,Sim13,001360,skip,theme_momentum_weak,5a83fd277239
14923620,2026-10-01 15:02:41,actions-trading,Sim13,003350,skip,theme_momentum_weak,cdd5fb9170d5
14923620,2026-10-01 15:02:41,actions-trading,Sim13,003160,skip,no_frgn_support,9aadd83ed9f4
14923620,2026-10-01 15:02:41,actions-trading,Sim13,005430,skip,theme_momentum_weak,51d65ecc8315
14923620,2026-10-01 15:02:41,actions-trading,Sim13,036570,skip,theme_momentum_weak,b1c06302d62c
14923620,2026-10-01 15:02:41,actions-trading,Sim13,009420,skip,theme_momentum_weak,fb152c36ecd6
14923620,2026-10-01 15:02:41,actions-trading,Sim13,023150,skip,theme_momentum_weak,3802cfeb612f
14923620,2026-10-01 15:02:41,actions-trading,Sim13,004105,skip,no_frgn_support,e007d8701ebb
14923620,2026-10-01 15:02:41,actions-trading,Sim13,004710,skip,no_frgn_support,b07295d82766
14923620,2026-10-01 15:02:41,actions-trading,Sim13,069640,skip,theme_momentum_weak,6237e3cbaa94
14923620,2026-10-01 15:02:41,actions-trading,Sim13,014680,skip,no_frgn_support,ad132e416580
14923620,2026-10-01 15:02:41,actions-trading,Sim13,012030,skip,adx_weak,4f3cb28bf2ab
14923620,2026-10-01 15:02:41,actions-trading,Sim13,011690,skip,theme_momentum_weak,a181ba56a16c
14923620,2026-10-01 15:02:41,actions-trading,Sim13,055490,skip,theme_momentum_weak,458ff2772fcd
14923620,2026-10-01 15:02:41,actions-trading,Sim13,35320K,skip,theme_momentum_weak,fb01c01a5d29
14923620,2026-10-01 15:02:41,actions-trading,Sim13,480370,skip,adx_weak,6fc024c24207
14923620,2026-10-01 15:02:41,actions-trading,Sim13,0126Z0,skip,theme_momentum_weak,7866dddecf3a
14923620,2026-10-01 15:02:41,actions-trading,Sim13,195870,skip,adx_weak,4612fb127d05
14923620,2026-10-01 15:02:41,actions-trading,Sim13,112610,skip,theme_momentum_weak,edc83119c797
14923620,2026-10-01 15:02:41,actions-trading,Sim13,109070,skip,amount_not_surprised,ff0ae2a16956
14923620,2026-10-01 15:02:41,actions-trading,Sim13,001820,skip,adx_weak,380af07b94a9
14923620,2026-10-01 15:02:41,actions-trading,Sim13,007810,skip,adx_weak,c01776cac395
14923620,2026-10-01 15:02:41,actions-trading,Sim13,007660,skip,theme_momentum_weak,f06a5e2c3031
14923620,2026-10-01 15:02:41,actions-trading,Sim13,093050,skip,theme_momentum_weak,67ea33d52f07
14923620,2026-10-01 15:02:41,actions-trading,Sim13,317450,skip,theme_momentum_weak,e2593f8194a9
14923620,2026-10-01 15:02:41,actions-trading,Sim13,005850,skip,theme_momentum_weak,a4ef07099d17
14923621,2026-10-01 15:04:40,actions-trading,MFHS2,005935,skip,max_holdings,9110b809fe53
14923621,2026-10-01 15:04:40,actions-trading,MFHS2,003280,seen,,9b5c16e0c5f9
14923621,2026-10-01 15:04:40,actions-trading,MFHS2,003160,seen,,4c6f947ae33f
14923621,2026-10-01 15:04:40,actions-trading,MFHS2,248070,seen,,a319425c8d8a
14923621,2026-10-01 15:04:40,actions-trading,MFHS2,001360,seen,,5401a48d2fa3
14923621,2026-10-01 15:04:40,actions-trading,MFHS2,001820,seen,,1a9278b575b2
14923621,2026-10-01 15:04:40,actions-trading,MFHS2,034220,seen,,80ebdcd6c433
14923621,2026-10-01 15:04:40,actions-trading,MFHS2,007660,seen,,9f5967bf10d6
14923621,2026-10-01 15:04:40,actions-trading,MFHS2,002990,seen,,78b72291a787
14923621,2026-10-01 15:04:40,actions-trading,MFHS2,001740,seen,,51e8bd4a4b4f
14923621,2026-10-01 15:04:40,actions-trading,MFHS2,073240,seen,,4ba65c1c4a8e
14923621,2026-10-01 15:04:40,actions-trading,MFHS2,068270,seen,,68c2586aefd0
14923621,2026-10-01 15:04:40,actions-trading,MFHS2,005360,seen,,47f77419cb73
14923621,2026-10-01 15:04:40,actions-trading,MFHS2,003350,seen,,09f1476f2f00
14923621,2026-10-01 15:04:40,actions-trading,MFHS2,090460,seen,,a5e90fb6b243
14923621,2026-10-01 15:04:40,actions-trading,MFHS2,006800,seen,,86749c60c65f
14923621,2026-10-01 15:04:40,actions-trading,MFHS2,005880,seen,,e00ace63260c
14923621,2026-10-01 15:04:40,actions-trading,MFHS2,001510,seen,,b15217e75119
14923621,2026-10-01 15:04:40,actions-trading,MFHS2,001210,seen,,74f36aea7f69
14923621,2026-10-01 15:04:40,actions-trading,MFHS2,001200,seen,,93fd9777b5ad
14923621,2026-10-01 15:04:40,actions-trading,MFHS2,064400,seen,,ba247a9398b5
14923621,2026-10-01 15:04:40,actions-trading,MFHS2,005690,seen,,ea598f99ebbc
14923621,2026-10-01 15:04:40,actions-trading,MFHS2,272210,seen,,b5024e019b05
14923621,2026-10-01 15:04:40,actions-trading,MFHS2,019170,seen,,5797036987d0
14923621,2026-10-01 15:04:40,actions-trading,MFHS2,002700,seen,,48938b23a700
14923621,2026-10-01 15:04:40,actions-trading,MFHS2,003520,seen,,3aeebc13b943
14923621,2026-10-01 15:04:40,actions-trading,MFHS2,000400,seen,,f445e4c010bb
14923621,2026-10-01 15:04:40,actions-trading,MFHS2,137310,seen,,8144f3b4b924
14923621,2026-10-01 15:04:40,actions-trading,MFHS2,032350,seen,,733a6d260b76
14923621,2026-10-01 15:04:40,actions-trading,MFHS2,249420,seen,,b5af06afb141
14923621,2026-10-01 15:04:41,actions-trading,상승모멘텀,084010,skip,max_holdings,3767e0b3a8e2
14923621,2026-10-01 15:04:41,actions-trading,상승모멘텀,248070,seen,,a319425c8d8a
14923621,2026-10-01 15:04:41,actions-trading,상승모멘텀,192650,seen,,50e8113aaf76
14923621,2026-10-01 15:04:41,actions-trading,상승모멘텀,353200,seen,,58d8151d46dd
14923621,2026-10-01 15:04:41,actions-trading,상승모멘텀,001360,seen,,5401a48d2fa3
14923621,2026-10-01 15:04:41,actions-trading,상승모멘텀,003350,seen,,09f1476f2f00
14923621,2026-10-01 15:04:41,actions-trading,상승모멘텀,003160,seen,,4c6f947ae33f
14923621,2026-10-01 15:04:41,actions-trading,상승모멘텀,005430,seen,,567f64bdcd1f
14923621,2026-10-01 15:04:41,actions-trading,상승모멘텀,036570,seen,,e2f886bc833c
14923621,2026-10-01 15:04:41,actions-trading,상승모멘텀,009420,seen,,790dd3ab36c4
14923621,2026-10-01 15:04:41,actions-trading,상승모멘텀,023150,seen,,2c6a7b6a89f5
14923621,2026-10-01 15:04:41,actions-trading,상승모멘텀,004105,seen,,5e0b9fc0c3a2
14923621,2026-10-01 15:04:41,actions-trading,상승모멘텀,004710,seen,,06196c18a7fd
14923621,2026-10-01 15:04:41,actions-trading,상승모멘텀,014680,seen,,48f7e5ae1561
14923621,2026-10-01 15:04:41,actions-trading,상승모멘텀,069640,seen,,548bae463def
14923621,2026-10-01 15:04:41,actions-trading,상승모멘텀,055490,seen,,458ff2772fcd
14923621,2026-10-01 15:04:41,actions-trading,상승모멘텀,012030,seen,,0980937bd8ac
14923621,2026-10-01 15:04:41,actions-trading,상승모멘텀,0126Z0,seen,,0bdc8f5d3723
14923621,2026-10-01 15:04:41,actions-trading,상승모멘텀,195870,seen,,7001dc3927bf
14923621,2026-10-01 15:04:41,actions-trading,상승모멘텀,011690,seen,,acc68293e39d
14923621,2026-10-01 15:04:41,actions-trading,상승모멘텀,112610,seen,,dff1790c2fee
14923621,2026-10-01 15:04:41,actions-trading,상승모멘텀,35320K,seen,,d89b2bb1e64c
14923621,2026-10-01 15:04:41,actions-trading,상승모멘텀,480370,seen,,7025099369cf
14923621,2026-10-01 15:04:41,actions-trading,상승모멘텀,109070,seen,,ff0ae2a16956
14923621,2026-10-01 15:04:41,actions-trading,상승모멘텀,001820,seen,,1a9278b575b2
14923621,2026-10-01 15:04:41,actions-trading,상승모멘텀,093050,seen,,c69bb14acf2e
14923621,2026-10-01 15:04:41,actions-trading,상승모멘텀,007660,seen,,9f5967bf10d6
14923621,2026-10-01 15:04:41,actions-trading,상승모멘텀,007810,seen,,de2d70461e4a
14923621,2026-10-01 15:04:41,actions-trading,상승모멘텀,317450,seen,,cfeb20dc806f
14923621,2026-10-01 15:04:41,actions-trading,상승모멘텀,079550,seen,,862e1d192a61
14923621,2026-10-01 15:04:41,actions-trading,Sim4-1,084010,skip,period,3767e0b3a8e2
14923621,2026-10-01 15:04:41,actions-trading,Sim4-1,248070,skip,period,a319425c8d8a
14923621,2026-10-01 15:04:41,actions-trading,Sim4-1,192650,skip,period,50e8113aaf76
14923621,2026-10-01 15:04:41,actions-trading,Sim4-1,353200,skip,adx_high,58d8151d46dd
14923621,2026-10-01 15:04:41,actions-trading,Sim4-1,001360,skip,adx_low,5401a48d2fa3
14923621,2026-10-01 15:04:41,actions-trading,Sim4-1,003350,skip,adx_low,09f1476f2f00
14923621,2026-10-01 15:04:41,actions-trading,Sim4-1,003160,skip,held_or_cooldown,4c6f947ae33f
14923621,2026-10-01 15:04:41,actions-trading,Sim4-1,005430,skip,amount,567f64bdcd1f
14923621,2026-10-01 15:04:41,actions-trading,Sim4-1,036570,skip,period,e2f886bc833c
14923621,2026-10-01 15:04:41,actions-trading,Sim4-1,009420,skip,period,790dd3ab36c4
14923621,2026-10-01 15:04:41,actions-trading,Sim4-1,023150,skip,amount,2c6a7b6a89f5
14923621,2026-10-01 15:04:41,actions-trading,Sim4-1,004105,skip,amount,5e0b9fc0c3a2
14923621,2026-10-01 15:04:41,actions-trading,Sim4-1,004710,skip,adx_high,06196c18a7fd
14923621,2026-10-01 15:04:41,actions-trading,Sim4-1,014680,skip,adx_high,48f7e5ae1561
14923621,2026-10-01 15:04:41,actions-trading,Sim4-1,069640,skip,amount,548bae463def
14923621,2026-10-01 15:04:41,actions-trading,Sim4-1,055490,skip,amount,458ff2772fcd
14923621,2026-10-01 15:04:41,actions-trading,Sim4-1,012030,skip,adx_high,0980937bd8ac
14923621,2026-10-01 15:04:41,actions-trading,Sim4-1,0126Z0,skip,adx_high,0bdc8f5d3723
14923621,2026-10-01 15:04:41,actions-trading,Sim4-1,195870,skip,held_or_cooldown,7001dc3927bf
14923621,2026-10-01 15:04:41,actions-trading,Sim4-1,011690,skip,period,acc68293e39d
14923621,2026-10-01 15:04:41,actions-trading,Sim4-1,112610,skip,period,dff1790c2fee
14923621,2026-10-01 15:04:41,actions-trading,Sim4-1,35320K,skip,amount,d89b2bb1e64c
14923621,2026-10-01 15:04:41,actions-trading,Sim4-1,480370,skip,amount,7025099369cf
14923621,2026-10-01 15:04:41,actions-trading,Sim4-1,109070,skip,amount,ff0ae2a16956
14923621,2026-10-01 15:04:41,actions-trading,Sim4-1,001820,skip,adx_low,1a9278b575b2
14923621,2026-10-01 15:04:41,actions-trading,Sim4-1,093050,skip,amount,c69bb14acf2e
14923621,2026-10-01 15:04:41,actions-trading,Sim4-1,007660,skip,held_or_cooldown,9f5967bf10d6
14923621,2026-10-01 15:04:41,actions-trading,Sim4-1,007810,skip,adx_high,de2d70461e4a
14923621,2026-10-01 15:04:41,actions-trading,Sim4-1,317450,skip,amount,cfeb20dc806f
14923621,2026-10-01 15:04:41,actions-trading,Sim4-1,079550,skip,adx_high,862e1d192a61
14923621,2026-10-01 15:04:43,actions-trading,선행매집,005930,skip,below_anchor,9c291dfa0131
14923621,2026-10-01 15:04:43,actions-trading,선행매집,005935,skip,no_52w_anchor,9110b809fe53
14923621,2026-10-01 15:04:43,actions-trading,선행매집,000660,skip,below_anchor,e171dd6b487f
14923621,2026-10-01 15:04:43,actions-trading,선행매집,192650,skip,no_setup,50e8113aaf76
14923621,2026-10-01 15:04:43,actions-trading,선행매집,028670,skip,held_awaiting_breakout,016059077d41
14923621,2026-10-01 15:04:43,actions-trading,선행매집,248070,skip,below_anchor,a319425c8d8a
14923621,2026-10-01 15:04:43,actions-trading,선행매집,003280,skip,no_52w_anchor,9b5c16e0c5f9
14923621,2026-10-01 15:04:43,actions-trading,선행매집,073240,skip,below_anchor,4ba65c1c4a8e
14923621,2026-10-01 15:04:43,actions-trading,선행매집,034220,skip,below_anchor,80ebdcd6c433
14923621,2026-10-01 15:04:43,actions-trading,선행매집,011200,skip,below_anchor,2b48b130ca0c
14923621,2026-10-01 15:04:43,actions-trading,선행매집,007660,skip,below_anchor,9f5967bf10d6
14923621,2026-10-01 15:04:43,actions-trading,선행매집,001820,skip,below_anchor,1a9278b575b2
14923621,2026-10-01 15:04:43,actions-trading,선행매집,001360,skip,below_anchor,5401a48d2fa3
14923621,2026-10-01 15:04:43,actions-trading,선행매집,093370,skip,no_52w_anchor,771dc8f1cca0
14923621,2026-10-01 15:04:43,actions-trading,선행매집,002990,skip,below_anchor,78b72291a787
14923621,2026-10-01 15:04:43,actions-trading,선행매집,005880,skip,below_anchor,e00ace63260c
14923621,2026-10-01 15:04:43,actions-trading,선행매집,003160,skip,no_setup,4c6f947ae33f
14923621,2026-10-01 15:04:43,actions-trading,선행매집,068270,skip,below_anchor,68c2586aefd0
14923621,2026-10-01 15:04:43,actions-trading,선행매집,272210,skip,below_anchor,b5024e019b05
14923621,2026-10-01 15:04:43,actions-trading,선행매집,006800,skip,below_anchor,86749c60c65f
14923621,2026-10-01 15:04:43,actions-trading,선행매집,005360,skip,amount,47f77419cb73
14923621,2026-10-01 15:04:43,actions-trading,선행매집,003350,skip,below_anchor,09f1476f2f00
14923621,2026-10-01 15:04:43,actions-trading,선행매집,001740,skip,below_anchor,51e8bd4a4b4f
14923621,2026-10-01 15:04:43,actions-trading,선행매집,001210,skip,below_anchor,74f36aea7f69
14923621,2026-10-01 15:04:43,actions-trading,선행매집,001510,skip,below_anchor,b15217e75119
14923621,2026-10-01 15:04:43,actions-trading,선행매집,017670,skip,below_anchor,4612ded2052e
14923621,2026-10-01 15:04:43,actions-trading,선행매집,002700,skip,amount,48938b23a700
14923621,2026-10-01 15:04:43,actions-trading,선행매집,064400,skip,below_anchor,ba247a9398b5
14923621,2026-10-01 15:04:43,actions-trading,선행매집,001200,skip,below_anchor,93fd9777b5ad
14923621,2026-10-01 15:04:43,actions-trading,선행매집,019170,skip,below_anchor,5797036987d0
14923621,2026-10-01 15:04:43,actions-trading,Sim9,084010,skip,intra,3767e0b3a8e2
14923621,2026-10-01 15:04:43,actions-trading,Sim9,248070,skip,gap,a319425c8d8a
14923621,2026-10-01 15:04:43,actions-trading,Sim9,192650,skip,gap,50e8113aaf76
14923621,2026-10-01 15:04:43,actions-trading,Sim9,353200,skip,gap,58d8151d46dd
14923621,2026-10-01 15:04:43,actions-trading,Sim9,001360,skip,gap,5401a48d2fa3
14923621,2026-10-01 15:04:43,actions-trading,Sim9,003350,skip,gap,09f1476f2f00
14923621,2026-10-01 15:04:43,actions-trading,Sim9,003160,skip,gap,4c6f947ae33f
14923621,2026-10-01 15:04:43,actions-trading,Sim9,005430,skip,gap,567f64bdcd1f
14923621,2026-10-01 15:04:43,actions-trading,Sim9,036570,skip,intra,e2f886bc833c
14923621,2026-10-01 15:04:43,actions-trading,Sim9,009420,skip,gap,790dd3ab36c4
14923621,2026-10-01 15:04:43,actions-trading,Sim9,023150,skip,amount,2c6a7b6a89f5
14923621,2026-10-01 15:04:43,actions-trading,Sim9,004105,skip,amount,5e0b9fc0c3a2
14923621,2026-10-01 15:04:43,actions-trading,Sim9,004710,skip,gap,06196c18a7fd
14923621,2026-10-01 15:04:43,actions-trading,Sim9,014680,skip,gap,48f7e5ae1561
14923621,2026-10-01 15:04:43,actions-trading,Sim9,069640,skip,amount,548bae463def
14923621,2026-10-01 15:04:43,actions-trading,Sim9,055490,skip,amount,458ff2772fcd
14923621,2026-10-01 15:04:43,actions-trading,Sim9,012030,skip,gap,0980937bd8ac
14923621,2026-10-01 15:04:43,actions-trading,Sim9,0126Z0,skip,gap,0bdc8f5d3723
14923621,2026-10-01 15:04:43,actions-trading,Sim9,195870,skip,gap,7001dc3927bf
14923621,2026-10-01 15:04:43,actions-trading,Sim9,011690,skip,gap,acc68293e39d
14923621,2026-10-01 15:04:43,actions-trading,Sim9,112610,skip,gap,dff1790c2fee
14923621,2026-10-01 15:04:43,actions-trading,Sim9,35320K,skip,amount,d89b2bb1e64c
14923621,2026-10-01 15:04:43,actions-trading,Sim9,480370,skip,amount,7025099369cf
14923621,2026-10-01 15:04:43,actions-trading,Sim9,109070,skip,amount,ff0ae2a16956
14923621,2026-10-01 15:04:43,actions-trading,Sim9,001820,skip,gap,1a9278b575b2
14923621,2026-10-01 15:04:43,actions-trading,Sim9,093050,skip,gap,c69bb14acf2e
14923621,2026-10-01 15:04:43,actions-trading,Sim9,007660,skip,gap,9f5967bf10d6
14923621,2026-10-01 15:04:43,actions-trading,Sim9,007810,skip,gap,de2d70461e4a
14923621,2026-10-01 15:04:43,actions-trading,Sim9,317450,skip,gap,cfeb20dc806f
14923621,2026-10-01 15:04:43,actions-trading,Sim9,079550,skip,gap,862e1d192a61
14923621,2026-10-01 15:04:43,actions-trading,미너비니,192820,skip,below_pivot,0722adcbfae3
14923621,2026-10-01 15:04:43,actions-trading,미너비니,443060,skip,below_pivot,9fda45376a50
14923621,2026-10-01 15:04:43,actions-trading,미너비니,020120,skip,below_pivot,ed41675c0453
14923621,2026-10-01 15:04:44,actions-trading,Sim12,084010,skip,avoid_frgn_sell_20d,3767e0b3a8e2
14923621,2026-10-01 15:04:44,actions-trading,Sim12,248070,skip,avoid_frgn_sell_20d,a319425c8d8a
14923621,2026-10-01 15:04:44,actions-trading,Sim12,192650,skip,pb2_not_crashed,50e8113aaf76
14923621,2026-10-01 15:04:44,actions-trading,Sim12,353200,skip,avoid_orgn_sell_high_per,58d8151d46dd
14923621,2026-10-01 15:04:44,actions-trading,Sim12,001360,skip,pb2_not_crashed,5401a48d2fa3
14923621,2026-10-01 15:04:44,actions-trading,Sim12,003350,skip,pb2_not_crashed,09f1476f2f00
14923621,2026-10-01 15:04:44,actions-trading,Sim12,003160,skip,pb2_not_crashed,4c6f947ae33f
14923621,2026-10-01 15:04:44,actions-trading,Sim12,005430,skip,pb2_not_crashed,567f64bdcd1f
14923621,2026-10-01 15:04:44,actions-trading,Sim12,036570,skip,pb2_not_crashed,e2f886bc833c
14923621,2026-10-01 15:04:44,actions-trading,Sim12,009420,skip,pb2_no_inst_buying,790dd3ab36c4
14923621,2026-10-01 15:04:44,actions-trading,Sim12,023150,skip,avoid_frgn_sell_20d,2c6a7b6a89f5
14923621,2026-10-01 15:04:44,actions-trading,Sim12,004105,skip,pb2_not_crashed,5e0b9fc0c3a2
14923621,2026-10-01 15:04:44,actions-trading,Sim12,004710,skip,avoid_frgn_sell_20d,06196c18a7fd
14923621,2026-10-01 15:04:44,actions-trading,Sim12,014680,skip,pb2_not_crashed,48f7e5ae1561
14923621,2026-10-01 15:04:44,actions-trading,Sim12,069640,skip,avoid_frgn_sell_20d,548bae463def
14923621,2026-10-01 15:04:44,actions-trading,Sim12,055490,skip,avoid_frgn_sell_20d,458ff2772fcd
14923621,2026-10-01 15:04:44,actions-trading,Sim12,012030,skip,avoid_frgn_sell_20d,0980937bd8ac
14923621,2026-10-01 15:04:44,actions-trading,Sim12,0126Z0,skip,avoid_frgn_sell_20d,0bdc8f5d3723
14923621,2026-10-01 15:04:44,actions-trading,Sim12,195870,skip,pb2_not_crashed,7001dc3927bf
14923621,2026-10-01 15:04:44,actions-trading,Sim12,011690,skip,pb2_not_crashed,acc68293e39d
14923621,2026-10-01 15:04:44,actions-trading,Sim12,112610,skip,avoid_frgn_sell_20d,dff1790c2fee
14923621,2026-10-01 15:04:44,actions-trading,Sim12,35320K,skip,pb2_not_crashed,d89b2bb1e64c
14923621,2026-10-01 15:04:44,actions-trading,Sim12,480370,skip,pb2_not_crashed,7025099369cf
14923621,2026-10-01 15:04:44,actions-trading,Sim12,109070,skip,pb2_not_crashed,ff0ae2a16956
14923621,2026-10-01 15:04:44,actions-trading,Sim12,001820,skip,pb2_not_crashed,1a9278b575b2
14923621,2026-10-01 15:04:44,actions-trading,Sim12,093050,skip,avoid_frgn_sell_20d,c69bb14acf2e
14923621,2026-10-01 15:04:44,actions-trading,Sim12,007660,skip,pb2_not_crashed,9f5967bf10d6
14923621,2026-10-01 15:04:44,actions-trading,Sim12,007810,skip,avoid_orgn_sell_high_per,de2d70461e4a
14923621,2026-10-01 15:04:44,actions-trading,Sim12,317450,skip,avoid_frgn_sell_20d,cfeb20dc806f
14923621,2026-10-01 15:04:44,actions-trading,Sim12,079550,skip,pb2_no_inst_buying,862e1d192a61
14923621,2026-10-01 15:04:44,actions-trading,Sim12,009190,skip,pb2_no_inst_buying,d975484b6237
14923621,2026-10-01 15:04:44,actions-trading,Sim12,051630,skip,pb2_not_crashed,66e84298e942
14923621,2026-10-01 15:04:44,actions-trading,Sim12,452260,skip,pb2_not_crashed,a85fec8c4ac3
14923621,2026-10-01 15:04:44,actions-trading,Sim12,002820,skip,pb2_no_inst_buying,efba5a74fe6a
14923621,2026-10-01 15:04:44,actions-trading,Sim12,002787,skip,avoid_amount_dry,2384cbc8eb2b
14923621,2026-10-01 15:04:44,actions-trading,Sim12,024890,skip,avoid_frgn_sell_20d,3d1e664b78e9
14923621,2026-10-01 15:04:44,actions-trading,Sim12,071090,skip,pb2_not_crashed,0c86ed1f6e1d
14923621,2026-10-01 15:04:44,actions-trading,Sim12,010950,skip,pb2_not_crashed,de8fcc3ab525
14923621,2026-10-01 15:04:44,actions-trading,Sim12,002070,skip,avoid_amount_dry,18011c1196e2
14923621,2026-10-01 15:04:44,actions-trading,Sim12,007110,skip,avoid_amount_dry,050de23869c3
14923621,2026-10-01 15:04:44,actions-trading,Sim12,010955,skip,pb2_not_crashed,0e98b52c5211
14923621,2026-10-01 15:04:44,actions-trading,Sim12,010640,skip,avoid_frgn_sell_20d,cd57358d0ff1
14923621,2026-10-01 15:04:44,actions-trading,Sim12,096770,skip,pb2_not_crashed,a729614fe7b9
14923621,2026-10-01 15:04:44,actions-trading,Sim12,001770,skip,pb2_thin_liquidity,3988909adb9a
14923621,2026-10-01 15:04:44,actions-trading,Sim12,361610,skip,pb2_not_crashed,cd04bd44f763
14923621,2026-10-01 15:04:44,actions-trading,Sim12,487570,skip,pb2_not_crashed,69b4fce3bb03
14923621,2026-10-01 15:04:44,actions-trading,Sim12,003780,skip,avoid_frgn_sell_20d,3dd6c02a0d98
14923621,2026-10-01 15:04:44,actions-trading,Sim12,078930,skip,pb2_thin_liquidity,8f6fc89da29c
14923621,2026-10-01 15:04:44,actions-trading,Sim12,003580,skip,pb2_not_crashed,a548e0d5578a
14923621,2026-10-01 15:04:44,actions-trading,Sim12,006200,skip,pb2_no_inst_buying,86f42e367513
14923621,2026-10-01 15:04:44,actions-trading,Sim12,007120,skip,pb2_not_crashed,7fd5c523d5b0
14923621,2026-10-01 15:04:44,actions-trading,Sim12,003030,skip,pb2_not_crashed,af5a2544249e
14923621,2026-10-01 15:04:44,actions-trading,Sim12,009810,skip,pb2_not_crashed,67155edd8b0d
14923621,2026-10-01 15:04:44,actions-trading,Sim12,096775,skip,pb2_not_crashed,96dbf9e326fc
14923621,2026-10-01 15:04:44,actions-trading,Sim12,002690,skip,avoid_frgn_sell_20d,133148ab9f75
14923621,2026-10-01 15:04:44,actions-trading,Sim12,316140,skip,pb2_not_crashed,e8686c392e6d
14923621,2026-10-01 15:04:44,actions-trading,Sim12,011090,skip,avoid_amount_dry,5b66bdeac5b7
14923621,2026-10-01 15:04:44,actions-trading,Sim12,005030,skip,avoid_amount_dry,43a2cfae514d
14923621,2026-10-01 15:04:44,actions-trading,Sim12,003075,skip,pb2_not_crashed,18d3e9153f8d
14923621,2026-10-01 15:04:44,actions-trading,Sim12,017940,skip,pb2_not_crashed,f9e1c69205db
14923621,2026-10-01 15:04:44,actions-trading,Sim13,084010,skip,theme_momentum_weak,3767e0b3a8e2
14923621,2026-10-01 15:04:44,actions-trading,Sim13,248070,skip,theme_momentum_weak,a319425c8d8a
14923621,2026-10-01 15:04:44,actions-trading,Sim13,192650,skip,no_frgn_support,50e8113aaf76
14923621,2026-10-01 15:04:44,actions-trading,Sim13,353200,skip,adx_weak,58d8151d46dd
14923621,2026-10-01 15:04:44,actions-trading,Sim13,001360,skip,theme_momentum_weak,5401a48d2fa3
14923621,2026-10-01 15:04:44,actions-trading,Sim13,003350,skip,theme_momentum_weak,09f1476f2f00
14923621,2026-10-01 15:04:44,actions-trading,Sim13,003160,skip,no_frgn_support,4c6f947ae33f
14923621,2026-10-01 15:04:44,actions-trading,Sim13,005430,skip,theme_momentum_weak,567f64bdcd1f
14923621,2026-10-01 15:04:44,actions-trading,Sim13,036570,skip,theme_momentum_weak,e2f886bc833c
14923621,2026-10-01 15:04:44,actions-trading,Sim13,009420,skip,theme_momentum_weak,790dd3ab36c4
14923621,2026-10-01 15:04:44,actions-trading,Sim13,023150,skip,theme_momentum_weak,2c6a7b6a89f5
14923621,2026-10-01 15:04:44,actions-trading,Sim13,004105,skip,no_frgn_support,5e0b9fc0c3a2
14923621,2026-10-01 15:04:44,actions-trading,Sim13,004710,skip,no_frgn_support,06196c18a7fd
14923621,2026-10-01 15:04:44,actions-trading,Sim13,014680,skip,no_frgn_support,48f7e5ae1561
14923621,2026-10-01 15:04:44,actions-trading,Sim13,069640,skip,theme_momentum_weak,548bae463def
14923621,2026-10-01 15:04:44,actions-trading,Sim13,055490,skip,theme_momentum_weak,458ff2772fcd
14923621,2026-10-01 15:04:44,actions-trading,Sim13,012030,skip,adx_weak,0980937bd8ac
14923621,2026-10-01 15:04:44,actions-trading,Sim13,0126Z0,skip,theme_momentum_weak,0bdc8f5d3723
14923621,2026-10-01 15:04:44,actions-trading,Sim13,195870,skip,adx_weak,7001dc3927bf
14923621,2026-10-01 15:04:44,actions-trading,Sim13,011690,skip,theme_momentum_weak,acc68293e39d
14923621,2026-10-01 15:04:44,actions-trading,Sim13,112610,skip,theme_momentum_weak,dff1790c2fee
14923621,2026-10-01 15:04:44,actions-trading,Sim13,35320K,skip,theme_momentum_weak,d89b2bb1e64c
14923621,2026-10-01 15:04:44,actions-trading,Sim13,480370,skip,adx_weak,7025099369cf
14923621,2026-10-01 15:04:44,actions-trading,Sim13,109070,skip,amount_not_surprised,ff0ae2a16956
14923621,2026-10-01 15:04:44,actions-trading,Sim13,001820,skip,adx_weak,1a9278b575b2
14923621,2026-10-01 15:04:44,actions-trading,Sim13,093050,skip,theme_momentum_weak,c69bb14acf2e
14923621,2026-10-01 15:04:44,actions-trading,Sim13,007660,skip,theme_momentum_weak,9f5967bf10d6
14923621,2026-10-01 15:04:44,actions-trading,Sim13,007810,skip,adx_weak,de2d70461e4a
14923621,2026-10-01 15:04:44,actions-trading,Sim13,317450,skip,theme_momentum_weak,cfeb20dc806f
14923621,2026-10-01 15:04:44,actions-trading,Sim13,079550,skip,theme_momentum_weak,862e1d192a61
14923623,2026-10-01 15:07:00,actions-trading,MFHS2,005935,skip,max_holdings,118e75519a60
14923623,2026-10-01 15:07:00,actions-trading,MFHS2,003280,seen,,9953f0882f40
14923623,2026-10-01 15:07:00,actions-trading,MFHS2,003160,seen,,416a8d023394
14923623,2026-10-01 15:07:00,actions-trading,MFHS2,248070,seen,,fa076c5e8b55
14923623,2026-10-01 15:07:00,actions-trading,MFHS2,001360,seen,,7f0e6ba76d1f
14923623,2026-10-01 15:07:00,actions-trading,MFHS2,001820,seen,,b43b656f2fa4
14923623,2026-10-01 15:07:00,actions-trading,MFHS2,034220,seen,,c632e8a215c5
14923623,2026-10-01 15:07:00,actions-trading,MFHS2,007660,seen,,c3935ec2894b
14923623,2026-10-01 15:07:00,actions-trading,MFHS2,002990,seen,,35b6c4531461
14923623,2026-10-01 15:07:00,actions-trading,MFHS2,001740,seen,,8d2bd46bf3c1
14923623,2026-10-01 15:07:00,actions-trading,MFHS2,073240,seen,,532b47351906
14923623,2026-10-01 15:07:00,actions-trading,MFHS2,068270,seen,,0e7ae45fd35a
14923623,2026-10-01 15:07:00,actions-trading,MFHS2,005360,seen,,a87855acf3e4
14923623,2026-10-01 15:07:00,actions-trading,MFHS2,003350,seen,,79ce8e8ceb3f
14923623,2026-10-01 15:07:00,actions-trading,MFHS2,090460,seen,,d583149c540d
14923623,2026-10-01 15:07:00,actions-trading,MFHS2,006800,seen,,6a27dd61f73a
14923623,2026-10-01 15:07:00,actions-trading,MFHS2,005880,seen,,e674f2e34dfa
14923623,2026-10-01 15:07:00,actions-trading,MFHS2,001510,seen,,6b99a21e608e
14923623,2026-10-01 15:07:00,actions-trading,MFHS2,001210,seen,,3a6084c3db3a
14923623,2026-10-01 15:07:00,actions-trading,MFHS2,001200,seen,,7cb368c5833e
14923623,2026-10-01 15:07:00,actions-trading,MFHS2,064400,seen,,ad01b4906fed
14923623,2026-10-01 15:07:00,actions-trading,MFHS2,005690,seen,,4053ab5b8af7
14923623,2026-10-01 15:07:00,actions-trading,MFHS2,272210,seen,,3073e0423540
14923623,2026-10-01 15:07:00,actions-trading,MFHS2,019170,seen,,04cb6cb9def6
14923623,2026-10-01 15:07:00,actions-trading,MFHS2,002700,seen,,bca58ddce2ef
14923623,2026-10-01 15:07:00,actions-trading,MFHS2,003520,seen,,ca930b4d3041
14923623,2026-10-01 15:07:00,actions-trading,MFHS2,000400,seen,,14c11f105ce8
14923623,2026-10-01 15:07:00,actions-trading,MFHS2,137310,seen,,baf17349a169
14923623,2026-10-01 15:07:00,actions-trading,MFHS2,032350,seen,,cc2837602abc
14923623,2026-10-01 15:07:00,actions-trading,MFHS2,249420,seen,,3f980f489b0a
14923623,2026-10-01 15:07:01,actions-trading,상승모멘텀,084010,skip,max_holdings,696387316655
14923623,2026-10-01 15:07:01,actions-trading,상승모멘텀,248070,seen,,fa076c5e8b55
14923623,2026-10-01 15:07:01,actions-trading,상승모멘텀,192650,seen,,decbb305a6e0
14923623,2026-10-01 15:07:01,actions-trading,상승모멘텀,353200,seen,,73066b9dd636
14923623,2026-10-01 15:07:01,actions-trading,상승모멘텀,001360,seen,,7f0e6ba76d1f
14923623,2026-10-01 15:07:01,actions-trading,상승모멘텀,003350,seen,,79ce8e8ceb3f
14923623,2026-10-01 15:07:01,actions-trading,상승모멘텀,003160,seen,,416a8d023394
14923623,2026-10-01 15:07:01,actions-trading,상승모멘텀,005430,seen,,2035460fb0cc
14923623,2026-10-01 15:07:01,actions-trading,상승모멘텀,036570,seen,,63dc2c2d6754
14923623,2026-10-01 15:07:01,actions-trading,상승모멘텀,023150,seen,,4fc35e5e1d5b
14923623,2026-10-01 15:07:01,actions-trading,상승모멘텀,009420,seen,,26aaa6994008
14923623,2026-10-01 15:07:01,actions-trading,상승모멘텀,004105,seen,,87c0fb3755c6
14923623,2026-10-01 15:07:01,actions-trading,상승모멘텀,004710,seen,,e970fcdf2947
14923623,2026-10-01 15:07:01,actions-trading,상승모멘텀,069640,seen,,23281426ef64
14923623,2026-10-01 15:07:01,actions-trading,상승모멘텀,012030,seen,,4d2d7cdfe741
14923623,2026-10-01 15:07:01,actions-trading,상승모멘텀,014680,seen,,56d06bd6f617
14923623,2026-10-01 15:07:01,actions-trading,상승모멘텀,055490,seen,,688d31c49931
14923623,2026-10-01 15:07:01,actions-trading,상승모멘텀,0126Z0,seen,,d6ee1b1e0bbf
14923623,2026-10-01 15:07:01,actions-trading,상승모멘텀,011690,seen,,7b6fc56671d9
14923623,2026-10-01 15:07:01,actions-trading,상승모멘텀,480370,seen,,0f85e635b1c6
14923623,2026-10-01 15:07:01,actions-trading,상승모멘텀,195870,seen,,5edf3d55b153
14923623,2026-10-01 15:07:01,actions-trading,상승모멘텀,112610,seen,,1f934edba59f
14923623,2026-10-01 15:07:01,actions-trading,상승모멘텀,35320K,seen,,dc856bdcd14e
14923623,2026-10-01 15:07:01,actions-trading,상승모멘텀,109070,seen,,10f43ede9b80
14923623,2026-10-01 15:07:01,actions-trading,상승모멘텀,001820,seen,,b43b656f2fa4
14923623,2026-10-01 15:07:01,actions-trading,상승모멘텀,007660,seen,,c3935ec2894b
14923623,2026-10-01 15:07:01,actions-trading,상승모멘텀,093050,seen,,f8a8e3744ac5
14923623,2026-10-01 15:07:01,actions-trading,상승모멘텀,317450,seen,,b00bab191354
14923623,2026-10-01 15:07:01,actions-trading,상승모멘텀,007810,seen,,54844c8ff243
14923623,2026-10-01 15:07:01,actions-trading,상승모멘텀,079550,seen,,9e893debda54
14923623,2026-10-01 15:07:01,actions-trading,Sim4-1,084010,skip,period,696387316655
14923623,2026-10-01 15:07:01,actions-trading,Sim4-1,248070,skip,period,fa076c5e8b55
14923623,2026-10-01 15:07:01,actions-trading,Sim4-1,192650,skip,period,decbb305a6e0
14923623,2026-10-01 15:07:01,actions-trading,Sim4-1,353200,skip,adx_high,73066b9dd636
14923623,2026-10-01 15:07:01,actions-trading,Sim4-1,001360,skip,adx_low,7f0e6ba76d1f
14923623,2026-10-01 15:07:01,actions-trading,Sim4-1,003350,skip,adx_low,79ce8e8ceb3f
14923623,2026-10-01 15:07:01,actions-trading,Sim4-1,003160,skip,held_or_cooldown,416a8d023394
14923623,2026-10-01 15:07:01,actions-trading,Sim4-1,005430,skip,amount,2035460fb0cc
14923623,2026-10-01 15:07:01,actions-trading,Sim4-1,036570,skip,period,63dc2c2d6754
14923623,2026-10-01 15:07:01,actions-trading,Sim4-1,023150,skip,amount,4fc35e5e1d5b
14923623,2026-10-01 15:07:01,actions-trading,Sim4-1,009420,skip,period,26aaa6994008
14923623,2026-10-01 15:07:01,actions-trading,Sim4-1,004105,skip,amount,87c0fb3755c6
14923623,2026-10-01 15:07:01,actions-trading,Sim4-1,004710,skip,adx_high,e970fcdf2947
14923623,2026-10-01 15:07:01,actions-trading,Sim4-1,069640,skip,amount,23281426ef64
14923623,2026-10-01 15:07:01,actions-trading,Sim4-1,012030,skip,adx_high,4d2d7cdfe741
14923623,2026-10-01 15:07:01,actions-trading,Sim4-1,014680,skip,adx_high,56d06bd6f617
14923623,2026-10-01 15:07:01,actions-trading,Sim4-1,055490,skip,amount,688d31c49931
14923623,2026-10-01 15:07:01,actions-trading,Sim4-1,0126Z0,skip,adx_high,d6ee1b1e0bbf
14923623,2026-10-01 15:07:01,actions-trading,Sim4-1,011690,skip,period,7b6fc56671d9
14923623,2026-10-01 15:07:01,actions-trading,Sim4-1,480370,skip,amount,0f85e635b1c6
14923623,2026-10-01 15:07:01,actions-trading,Sim4-1,195870,skip,held_or_cooldown,5edf3d55b153
14923623,2026-10-01 15:07:01,actions-trading,Sim4-1,112610,skip,period,1f934edba59f
14923623,2026-10-01 15:07:01,actions-trading,Sim4-1,35320K,skip,amount,dc856bdcd14e
14923623,2026-10-01 15:07:01,actions-trading,Sim4-1,109070,skip,amount,10f43ede9b80
14923623,2026-10-01 15:07:01,actions-trading,Sim4-1,001820,skip,adx_low,b43b656f2fa4
14923623,2026-10-01 15:07:01,actions-trading,Sim4-1,007660,skip,held_or_cooldown,c3935ec2894b
14923623,2026-10-01 15:07:01,actions-trading,Sim4-1,093050,skip,amount,f8a8e3744ac5
14923623,2026-10-01 15:07:01,actions-trading,Sim4-1,317450,skip,amount,b00bab191354
14923623,2026-10-01 15:07:01,actions-trading,Sim4-1,007810,skip,adx_high,54844c8ff243
14923623,2026-10-01 15:07:01,actions-trading,Sim4-1,079550,skip,adx_high,9e893debda54
14923623,2026-10-01 15:07:02,actions-trading,선행매집,005930,skip,below_anchor,8363159ab91c
14923623,2026-10-01 15:07:02,actions-trading,선행매집,005935,skip,below_anchor,118e75519a60
14923623,2026-10-01 15:07:02,actions-trading,선행매집,000660,skip,below_anchor,77cab9f51ebb
14923623,2026-10-01 15:07:02,actions-trading,선행매집,192650,skip,no_setup,decbb305a6e0
14923623,2026-10-01 15:07:02,actions-trading,선행매집,028670,skip,held_awaiting_breakout,7a271cb86091
14923623,2026-10-01 15:07:02,actions-trading,선행매집,248070,skip,below_anchor,fa076c5e8b55
14923623,2026-10-01 15:07:02,actions-trading,선행매집,003280,skip,below_anchor,9953f0882f40
14923623,2026-10-01 15:07:02,actions-trading,선행매집,073240,skip,below_anchor,532b47351906
14923623,2026-10-01 15:07:02,actions-trading,선행매집,034220,skip,below_anchor,c632e8a215c5
14923623,2026-10-01 15:07:02,actions-trading,선행매집,011200,skip,below_anchor,2a5a8eba858c
14923623,2026-10-01 15:07:02,actions-trading,선행매집,007660,skip,below_anchor,c3935ec2894b
14923623,2026-10-01 15:07:02,actions-trading,선행매집,001820,skip,below_anchor,b43b656f2fa4
14923623,2026-10-01 15:07:02,actions-trading,선행매집,001360,skip,below_anchor,7f0e6ba76d1f
14923623,2026-10-01 15:07:02,actions-trading,선행매집,093370,skip,below_anchor,9b44d3f1f11e
14923623,2026-10-01 15:07:02,actions-trading,선행매집,002990,skip,below_anchor,35b6c4531461
14923623,2026-10-01 15:07:02,actions-trading,선행매집,005880,skip,below_anchor,e674f2e34dfa
14923623,2026-10-01 15:07:02,actions-trading,선행매집,003160,skip,no_setup,416a8d023394
14923623,2026-10-01 15:07:02,actions-trading,선행매집,068270,skip,below_anchor,0e7ae45fd35a
14923623,2026-10-01 15:07:02,actions-trading,선행매집,272210,skip,below_anchor,3073e0423540
14923623,2026-10-01 15:07:02,actions-trading,선행매집,006800,skip,below_anchor,6a27dd61f73a
14923623,2026-10-01 15:07:02,actions-trading,선행매집,005360,skip,amount,a87855acf3e4
14923623,2026-10-01 15:07:02,actions-trading,선행매집,003350,skip,below_anchor,79ce8e8ceb3f
14923623,2026-10-01 15:07:02,actions-trading,선행매집,001740,skip,below_anchor,8d2bd46bf3c1
14923623,2026-10-01 15:07:02,actions-trading,선행매집,001210,skip,below_anchor,3a6084c3db3a
14923623,2026-10-01 15:07:02,actions-trading,선행매집,001510,skip,below_anchor,6b99a21e608e
14923623,2026-10-01 15:07:02,actions-trading,선행매집,017670,skip,below_anchor,bcfd8eea6a67
14923623,2026-10-01 15:07:02,actions-trading,선행매집,002700,skip,amount,bca58ddce2ef
14923623,2026-10-01 15:07:02,actions-trading,선행매집,064400,skip,below_anchor,ad01b4906fed
14923623,2026-10-01 15:07:02,actions-trading,선행매집,001200,skip,below_anchor,7cb368c5833e
14923623,2026-10-01 15:07:02,actions-trading,선행매집,019170,skip,below_anchor,04cb6cb9def6
14923623,2026-10-01 15:07:03,actions-trading,Sim9,084010,skip,intra,696387316655
14923623,2026-10-01 15:07:03,actions-trading,Sim9,248070,skip,gap,fa076c5e8b55
14923623,2026-10-01 15:07:03,actions-trading,Sim9,192650,skip,gap,decbb305a6e0
14923623,2026-10-01 15:07:03,actions-trading,Sim9,353200,skip,gap,73066b9dd636
14923623,2026-10-01 15:07:03,actions-trading,Sim9,001360,skip,gap,7f0e6ba76d1f
14923623,2026-10-01 15:07:03,actions-trading,Sim9,003350,skip,gap,79ce8e8ceb3f
14923623,2026-10-01 15:07:03,actions-trading,Sim9,003160,skip,gap,416a8d023394
14923623,2026-10-01 15:07:03,actions-trading,Sim9,005430,skip,gap,2035460fb0cc
14923623,2026-10-01 15:07:03,actions-trading,Sim9,036570,skip,intra,63dc2c2d6754
14923623,2026-10-01 15:07:03,actions-trading,Sim9,023150,skip,amount,4fc35e5e1d5b
14923623,2026-10-01 15:07:03,actions-trading,Sim9,009420,skip,gap,26aaa6994008
14923623,2026-10-01 15:07:03,actions-trading,Sim9,004105,skip,amount,87c0fb3755c6
14923623,2026-10-01 15:07:03,actions-trading,Sim9,004710,skip,gap,e970fcdf2947
14923623,2026-10-01 15:07:03,actions-trading,Sim9,069640,skip,amount,23281426ef64
14923623,2026-10-01 15:07:03,actions-trading,Sim9,012030,skip,gap,4d2d7cdfe741
14923623,2026-10-01 15:07:03,actions-trading,Sim9,014680,skip,gap,56d06bd6f617
14923623,2026-10-01 15:07:03,actions-trading,Sim9,055490,skip,amount,688d31c49931
14923623,2026-10-01 15:07:03,actions-trading,Sim9,0126Z0,skip,gap,d6ee1b1e0bbf
14923623,2026-10-01 15:07:03,actions-trading,Sim9,011690,skip,gap,7b6fc56671d9
14923623,2026-10-01 15:07:03,actions-trading,Sim9,480370,skip,amount,0f85e635b1c6
14923623,2026-10-01 15:07:03,actions-trading,Sim9,195870,skip,gap,5edf3d55b153
14923623,2026-10-01 15:07:03,actions-trading,Sim9,112610,skip,gap,1f934edba59f
14923623,2026-10-01 15:07:03,actions-trading,Sim9,35320K,skip,amount,dc856bdcd14e
14923623,2026-10-01 15:07:03,actions-trading,Sim9,109070,skip,amount,10f43ede9b80
14923623,2026-10-01 15:07:03,actions-trading,Sim9,001820,skip,gap,b43b656f2fa4
14923623,2026-10-01 15:07:03,actions-trading,Sim9,007660,skip,gap,c3935ec2894b
14923623,2026-10-01 15:07:03,actions-trading,Sim9,093050,skip,gap,f8a8e3744ac5
14923623,2026-10-01 15:07:03,actions-trading,Sim9,317450,skip,gap,b00bab191354
14923623,2026-10-01 15:07:03,actions-trading,Sim9,007810,skip,gap,54844c8ff243
14923623,2026-10-01 15:07:03,actions-trading,Sim9,079550,skip,gap,9e893debda54
14923623,2026-10-01 15:07:03,actions-trading,미너비니,192820,skip,below_pivot,be99a8da6818
14923623,2026-10-01 15:07:03,actions-trading,미너비니,443060,skip,below_pivot,02203c110060
14923623,2026-10-01 15:07:03,actions-trading,미너비니,020120,skip,below_pivot,bb24e817b042
14923623,2026-10-01 15:07:03,actions-trading,Sim12,084010,skip,avoid_frgn_sell_20d,696387316655
14923623,2026-10-01 15:07:03,actions-trading,Sim12,248070,skip,avoid_frgn_sell_20d,fa076c5e8b55
14923623,2026-10-01 15:07:03,actions-trading,Sim12,192650,skip,pb2_not_crashed,decbb305a6e0
14923623,2026-10-01 15:07:03,actions-trading,Sim12,353200,skip,avoid_orgn_sell_high_per,73066b9dd636
14923623,2026-10-01 15:07:03,actions-trading,Sim12,001360,skip,pb2_not_crashed,7f0e6ba76d1f
14923623,2026-10-01 15:07:03,actions-trading,Sim12,003350,skip,pb2_not_crashed,79ce8e8ceb3f
14923623,2026-10-01 15:07:03,actions-trading,Sim12,003160,skip,pb2_not_crashed,416a8d023394
14923623,2026-10-01 15:07:03,actions-trading,Sim12,005430,skip,pb2_not_crashed,2035460fb0cc
14923623,2026-10-01 15:07:03,actions-trading,Sim12,036570,skip,pb2_not_crashed,63dc2c2d6754
14923623,2026-10-01 15:07:03,actions-trading,Sim12,023150,skip,avoid_frgn_sell_20d,4fc35e5e1d5b
14923623,2026-10-01 15:07:03,actions-trading,Sim12,009420,skip,pb2_no_inst_buying,26aaa6994008
14923623,2026-10-01 15:07:03,actions-trading,Sim12,004105,skip,pb2_not_crashed,87c0fb3755c6
14923623,2026-10-01 15:07:03,actions-trading,Sim12,004710,skip,avoid_frgn_sell_20d,e970fcdf2947
14923623,2026-10-01 15:07:03,actions-trading,Sim12,069640,skip,avoid_frgn_sell_20d,23281426ef64
14923623,2026-10-01 15:07:03,actions-trading,Sim12,012030,skip,avoid_frgn_sell_20d,4d2d7cdfe741
14923623,2026-10-01 15:07:03,actions-trading,Sim12,014680,skip,pb2_not_crashed,56d06bd6f617
14923623,2026-10-01 15:07:03,actions-trading,Sim12,055490,skip,avoid_frgn_sell_20d,688d31c49931
14923623,2026-10-01 15:07:03,actions-trading,Sim12,0126Z0,skip,avoid_frgn_sell_20d,d6ee1b1e0bbf
14923623,2026-10-01 15:07:03,actions-trading,Sim12,011690,skip,pb2_not_crashed,7b6fc56671d9
14923623,2026-10-01 15:07:03,actions-trading,Sim12,480370,skip,pb2_not_crashed,0f85e635b1c6
14923623,2026-10-01 15:07:03,actions-trading,Sim12,195870,skip,pb2_not_crashed,5edf3d55b153
14923623,2026-10-01 15:07:03,actions-trading,Sim12,112610,skip,avoid_frgn_sell_20d,1f934edba59f
14923623,2026-10-01 15:07:03,actions-trading,Sim12,35320K,skip,pb2_not_crashed,dc856bdcd14e
14923623,2026-10-01 15:07:03,actions-trading,Sim12,109070,skip,pb2_not_crashed,10f43ede9b80
14923623,2026-10-01 15:07:03,actions-trading,Sim12,001820,skip,pb2_not_crashed,b43b656f2fa4
14923623,2026-10-01 15:07:03,actions-trading,Sim12,007660,skip,pb2_not_crashed,c3935ec2894b
14923623,2026-10-01 15:07:03,actions-trading,Sim12,093050,skip,avoid_frgn_sell_20d,f8a8e3744ac5
14923623,2026-10-01 15:07:03,actions-trading,Sim12,317450,skip,avoid_frgn_sell_20d,b00bab191354
14923623,2026-10-01 15:07:03,actions-trading,Sim12,007810,skip,avoid_orgn_sell_high_per,54844c8ff243
14923623,2026-10-01 15:07:03,actions-trading,Sim12,079550,skip,pb2_no_inst_buying,9e893debda54
14923623,2026-10-01 15:07:03,actions-trading,Sim12,009190,skip,pb2_no_inst_buying,e4dfb5789b65
14923623,2026-10-01 15:07:03,actions-trading,Sim12,051630,skip,pb2_not_crashed,66e84298e942
14923623,2026-10-01 15:07:03,actions-trading,Sim12,452260,skip,pb2_not_crashed,878e83962f5c
14923623,2026-10-01 15:07:03,actions-trading,Sim12,002787,skip,avoid_amount_dry,2384cbc8eb2b
14923623,2026-10-01 15:07:03,actions-trading,Sim12,002820,skip,pb2_no_inst_buying,8c9163d8ea41
14923623,2026-10-01 15:07:03,actions-trading,Sim12,024890,skip,avoid_frgn_sell_20d,3d1e664b78e9
14923623,2026-10-01 15:07:03,actions-trading,Sim12,071090,skip,pb2_not_crashed,5974d26174a3
14923623,2026-10-01 15:07:03,actions-trading,Sim12,010950,skip,pb2_not_crashed,e2d01ef67002
14923623,2026-10-01 15:07:03,actions-trading,Sim12,010640,skip,avoid_frgn_sell_20d,bd3059078b12
14923623,2026-10-01 15:07:03,actions-trading,Sim12,007110,skip,avoid_amount_dry,3938dabdec1a
14923623,2026-10-01 15:07:03,actions-trading,Sim12,096770,skip,pb2_not_crashed,5ed3d0b36bf2
14923623,2026-10-01 15:07:03,actions-trading,Sim12,361610,skip,pb2_not_crashed,1b66632014a4
14923623,2026-10-01 15:07:03,actions-trading,Sim12,001770,skip,pb2_thin_liquidity,3988909adb9a
14923623,2026-10-01 15:07:03,actions-trading,Sim12,010955,skip,pb2_not_crashed,95ef6e72b571
14923623,2026-10-01 15:07:03,actions-trading,Sim12,487570,skip,pb2_not_crashed,685ed20a6461
14923623,2026-10-01 15:07:03,actions-trading,Sim12,003780,skip,avoid_frgn_sell_20d,50190f736e5d
14923623,2026-10-01 15:07:03,actions-trading,Sim12,002070,skip,avoid_amount_dry,ca11ad1a9059
14923623,2026-10-01 15:07:03,actions-trading,Sim12,011090,skip,avoid_amount_dry,705aa5e9fdd7
14923623,2026-10-01 15:07:03,actions-trading,Sim12,078930,skip,pb2_thin_liquidity,a4b076939c2d
14923623,2026-10-01 15:07:03,actions-trading,Sim12,003580,skip,pb2_not_crashed,8188d7eabfc6
14923623,2026-10-01 15:07:03,actions-trading,Sim12,003030,skip,pb2_not_crashed,166296e2a3e5
14923623,2026-10-01 15:07:03,actions-trading,Sim12,006200,skip,pb2_no_inst_buying,8b8adc30fc4a
14923623,2026-10-01 15:07:03,actions-trading,Sim12,007120,skip,pb2_not_crashed,7fd5c523d5b0
14923623,2026-10-01 15:07:03,actions-trading,Sim12,316140,skip,pb2_not_crashed,16585825320b
14923623,2026-10-01 15:07:03,actions-trading,Sim12,002690,skip,avoid_frgn_sell_20d,99865725c26d
14923623,2026-10-01 15:07:03,actions-trading,Sim12,009810,skip,pb2_not_crashed,67155edd8b0d
14923623,2026-10-01 15:07:03,actions-trading,Sim12,096775,skip,pb2_not_crashed,b41de53d4368
14923623,2026-10-01 15:07:03,actions-trading,Sim12,005030,skip,avoid_amount_dry,43a2cfae514d
14923623,2026-10-01 15:07:03,actions-trading,Sim12,044450,skip,pb2_not_crashed,d82dcf73c7d9
14923623,2026-10-01 15:07:03,actions-trading,Sim12,003075,skip,pb2_not_crashed,18d3e9153f8d
14923623,2026-10-01 15:07:03,actions-trading,Sim13,084010,skip,theme_momentum_weak,696387316655
14923623,2026-10-01 15:07:03,actions-trading,Sim13,248070,skip,theme_momentum_weak,fa076c5e8b55
14923623,2026-10-01 15:07:03,actions-trading,Sim13,192650,skip,no_frgn_support,decbb305a6e0
14923623,2026-10-01 15:07:03,actions-trading,Sim13,353200,skip,adx_weak,73066b9dd636
14923623,2026-10-01 15:07:03,actions-trading,Sim13,001360,skip,theme_momentum_weak,7f0e6ba76d1f
14923623,2026-10-01 15:07:03,actions-trading,Sim13,003350,skip,theme_momentum_weak,79ce8e8ceb3f
14923623,2026-10-01 15:07:03,actions-trading,Sim13,003160,skip,no_frgn_support,416a8d023394
14923623,2026-10-01 15:07:03,actions-trading,Sim13,005430,skip,theme_momentum_weak,2035460fb0cc
14923623,2026-10-01 15:07:03,actions-trading,Sim13,036570,skip,theme_momentum_weak,63dc2c2d6754
14923623,2026-10-01 15:07:03,actions-trading,Sim13,023150,skip,theme_momentum_weak,4fc35e5e1d5b
14923623,2026-10-01 15:07:03,actions-trading,Sim13,009420,skip,theme_momentum_weak,26aaa6994008
14923623,2026-10-01 15:07:03,actions-trading,Sim13,004105,skip,no_frgn_support,87c0fb3755c6
14923623,2026-10-01 15:07:03,actions-trading,Sim13,004710,skip,no_frgn_support,e970fcdf2947
14923623,2026-10-01 15:07:03,actions-trading,Sim13,069640,skip,theme_momentum_weak,23281426ef64
14923623,2026-10-01 15:07:03,actions-trading,Sim13,012030,skip,adx_weak,4d2d7cdfe741
14923623,2026-10-01 15:07:03,actions-trading,Sim13,014680,skip,no_frgn_support,56d06bd6f617
14923623,2026-10-01 15:07:03,actions-trading,Sim13,055490,skip,theme_momentum_weak,688d31c49931
14923623,2026-10-01 15:07:03,actions-trading,Sim13,0126Z0,skip,theme_momentum_weak,d6ee1b1e0bbf
14923623,2026-10-01 15:07:03,actions-trading,Sim13,011690,skip,theme_momentum_weak,7b6fc56671d9
14923623,2026-10-01 15:07:03,actions-trading,Sim13,480370,skip,adx_weak,0f85e635b1c6
14923623,2026-10-01 15:07:03,actions-trading,Sim13,195870,skip,adx_weak,5edf3d55b153
14923623,2026-10-01 15:07:03,actions-trading,Sim13,112610,skip,theme_momentum_weak,1f934edba59f
14923623,2026-10-01 15:07:03,actions-trading,Sim13,35320K,skip,theme_momentum_weak,dc856bdcd14e
14923623,2026-10-01 15:07:03,actions-trading,Sim13,109070,skip,amount_not_surprised,10f43ede9b80
14923623,2026-10-01 15:07:03,actions-trading,Sim13,001820,skip,adx_weak,b43b656f2fa4
14923623,2026-10-01 15:07:03,actions-trading,Sim13,007660,skip,theme_momentum_weak,c3935ec2894b
14923623,2026-10-01 15:07:03,actions-trading,Sim13,093050,skip,theme_momentum_weak,f8a8e3744ac5
14923623,2026-10-01 15:07:03,actions-trading,Sim13,317450,skip,theme_momentum_weak,b00bab191354
14923623,2026-10-01 15:07:03,actions-trading,Sim13,007810,skip,adx_weak,54844c8ff243
14923623,2026-10-01 15:07:03,actions-trading,Sim13,079550,skip,theme_momentum_weak,9e893debda54
14923624,2026-10-01 15:08:58,actions-trading,MFHS2,005935,skip,max_holdings,2bcc5954887a
14923624,2026-10-01 15:08:58,actions-trading,MFHS2,003280,seen,,c5b16985771e
14923624,2026-10-01 15:08:58,actions-trading,MFHS2,003160,seen,,0d7fba15b671
14923624,2026-10-01 15:08:58,actions-trading,MFHS2,248070,seen,,163de4b41b2b
14923624,2026-10-01 15:08:58,actions-trading,MFHS2,001360,seen,,c96ed2a176ca
14923624,2026-10-01 15:08:58,actions-trading,MFHS2,001820,seen,,06b59d9e53b6
14923624,2026-10-01 15:08:58,actions-trading,MFHS2,034220,seen,,e3f1c56bc294
14923624,2026-10-01 15:08:58,actions-trading,MFHS2,007660,seen,,c20c7b9d1fb1
14923624,2026-10-01 15:08:58,actions-trading,MFHS2,002990,seen,,6a98944a49f0
14923624,2026-10-01 15:08:58,actions-trading,MFHS2,001740,seen,,69ec9635a047
14923624,2026-10-01 15:08:58,actions-trading,MFHS2,073240,seen,,7df4304d83c8
14923624,2026-10-01 15:08:58,actions-trading,MFHS2,068270,seen,,86ef1a934507
14923624,2026-10-01 15:08:58,actions-trading,MFHS2,005360,seen,,aceea75fd937
14923624,2026-10-01 15:08:58,actions-trading,MFHS2,003350,seen,,40363976649b
14923624,2026-10-01 15:08:58,actions-trading,MFHS2,090460,seen,,495b57e47138
14923624,2026-10-01 15:08:58,actions-trading,MFHS2,006800,seen,,1d2fe3e6c94b
14923624,2026-10-01 15:08:58,actions-trading,MFHS2,005880,seen,,964348da1262
14923624,2026-10-01 15:08:58,actions-trading,MFHS2,001510,seen,,56383ea0a9aa
14923624,2026-10-01 15:08:58,actions-trading,MFHS2,001210,seen,,b2ff2338181d
14923624,2026-10-01 15:08:58,actions-trading,MFHS2,001200,seen,,5feef1b92362
14923624,2026-10-01 15:08:58,actions-trading,MFHS2,064400,seen,,6ad93eeeacb1
14923624,2026-10-01 15:08:58,actions-trading,MFHS2,005690,seen,,6bbf9deb6483
14923624,2026-10-01 15:08:58,actions-trading,MFHS2,272210,seen,,e81404b82d8f
14923624,2026-10-01 15:08:58,actions-trading,MFHS2,019170,seen,,a989e92a5a80
14923624,2026-10-01 15:08:58,actions-trading,MFHS2,002700,seen,,2e25dc2e6f6a
14923624,2026-10-01 15:08:58,actions-trading,MFHS2,003520,seen,,99cbadf73d95
14923624,2026-10-01 15:08:58,actions-trading,MFHS2,000400,seen,,4d1e79f509be
14923624,2026-10-01 15:08:58,actions-trading,MFHS2,137310,seen,,2202feacb739
14923624,2026-10-01 15:08:58,actions-trading,MFHS2,032350,seen,,4cd358d1883e
14923624,2026-10-01 15:08:58,actions-trading,MFHS2,249420,seen,,aee070b1e16b
14923624,2026-10-01 15:08:59,actions-trading,상승모멘텀,084010,skip,max_holdings,bbd91408f001
14923624,2026-10-01 15:08:59,actions-trading,상승모멘텀,248070,seen,,163de4b41b2b
14923624,2026-10-01 15:08:59,actions-trading,상승모멘텀,192650,seen,,61de128c922a
14923624,2026-10-01 15:08:59,actions-trading,상승모멘텀,003160,seen,,0d7fba15b671
14923624,2026-10-01 15:08:59,actions-trading,상승모멘텀,353200,seen,,43b34e25ab7a
14923624,2026-10-01 15:08:59,actions-trading,상승모멘텀,001360,seen,,c96ed2a176ca
14923624,2026-10-01 15:08:59,actions-trading,상승모멘텀,003350,seen,,40363976649b
14923624,2026-10-01 15:08:59,actions-trading,상승모멘텀,005430,seen,,bdb4ec749751
14923624,2026-10-01 15:08:59,actions-trading,상승모멘텀,036570,seen,,9b2cb182b376
14923624,2026-10-01 15:08:59,actions-trading,상승모멘텀,023150,seen,,e6a0abea1834
14923624,2026-10-01 15:08:59,actions-trading,상승모멘텀,009420,seen,,8983f3f56336
14923624,2026-10-01 15:08:59,actions-trading,상승모멘텀,004105,seen,,cfc7929065b1
14923624,2026-10-01 15:08:59,actions-trading,상승모멘텀,004710,seen,,db9102b9b66b
14923624,2026-10-01 15:08:59,actions-trading,상승모멘텀,012030,seen,,0410cc481399
14923624,2026-10-01 15:08:59,actions-trading,상승모멘텀,069640,seen,,c32690da877f
14923624,2026-10-01 15:08:59,actions-trading,상승모멘텀,014680,seen,,5aec7db6e128
14923624,2026-10-01 15:08:59,actions-trading,상승모멘텀,055490,seen,,3d4b36cd4bab
14923624,2026-10-01 15:08:59,actions-trading,상승모멘텀,0126Z0,seen,,1b8d7e7d727d
14923624,2026-10-01 15:08:59,actions-trading,상승모멘텀,480370,seen,,257cb2b19093
14923624,2026-10-01 15:08:59,actions-trading,상승모멘텀,112610,seen,,8a8aeb6c88ef
14923624,2026-10-01 15:08:59,actions-trading,상승모멘텀,195870,seen,,16e59c0586e8
14923624,2026-10-01 15:08:59,actions-trading,상승모멘텀,35320K,seen,,02ccd149540c
14923624,2026-10-01 15:08:59,actions-trading,상승모멘텀,001820,seen,,06b59d9e53b6
14923624,2026-10-01 15:08:59,actions-trading,상승모멘텀,109070,seen,,10f43ede9b80
14923624,2026-10-01 15:08:59,actions-trading,상승모멘텀,011690,seen,,9a953a597f2b
14923624,2026-10-01 15:08:59,actions-trading,상승모멘텀,093050,seen,,854647c230d0
14923624,2026-10-01 15:08:59,actions-trading,상승모멘텀,007660,seen,,c20c7b9d1fb1
14923624,2026-10-01 15:08:59,actions-trading,상승모멘텀,317450,seen,,a14ad4533f08
14923624,2026-10-01 15:08:59,actions-trading,상승모멘텀,011790,seen,,dda440f79079
14923624,2026-10-01 15:08:59,actions-trading,상승모멘텀,007810,seen,,2987b4b4bb99
14923624,2026-10-01 15:08:59,actions-trading,Sim4-1,084010,skip,period,bbd91408f001
14923624,2026-10-01 15:08:59,actions-trading,Sim4-1,248070,skip,period,163de4b41b2b
14923624,2026-10-01 15:08:59,actions-trading,Sim4-1,192650,skip,period,61de128c922a
14923624,2026-10-01 15:08:59,actions-trading,Sim4-1,003160,skip,held_or_cooldown,0d7fba15b671
14923624,2026-10-01 15:08:59,actions-trading,Sim4-1,353200,skip,adx_high,43b34e25ab7a
14923624,2026-10-01 15:08:59,actions-trading,Sim4-1,001360,skip,adx_low,c96ed2a176ca
14923624,2026-10-01 15:08:59,actions-trading,Sim4-1,003350,skip,adx_low,40363976649b
14923624,2026-10-01 15:08:59,actions-trading,Sim4-1,005430,skip,amount,bdb4ec749751
14923624,2026-10-01 15:08:59,actions-trading,Sim4-1,036570,skip,period,9b2cb182b376
14923624,2026-10-01 15:08:59,actions-trading,Sim4-1,023150,skip,amount,e6a0abea1834
14923624,2026-10-01 15:08:59,actions-trading,Sim4-1,009420,skip,period,8983f3f56336
14923624,2026-10-01 15:08:59,actions-trading,Sim4-1,004105,skip,amount,cfc7929065b1
14923624,2026-10-01 15:08:59,actions-trading,Sim4-1,004710,skip,adx_high,db9102b9b66b
14923624,2026-10-01 15:08:59,actions-trading,Sim4-1,012030,skip,adx_high,0410cc481399
14923624,2026-10-01 15:08:59,actions-trading,Sim4-1,069640,skip,amount,c32690da877f
14923624,2026-10-01 15:08:59,actions-trading,Sim4-1,014680,skip,adx_high,5aec7db6e128
14923624,2026-10-01 15:08:59,actions-trading,Sim4-1,055490,skip,amount,3d4b36cd4bab
14923624,2026-10-01 15:08:59,actions-trading,Sim4-1,0126Z0,skip,adx_high,1b8d7e7d727d
14923624,2026-10-01 15:08:59,actions-trading,Sim4-1,480370,skip,amount,257cb2b19093
14923624,2026-10-01 15:08:59,actions-trading,Sim4-1,112610,skip,period,8a8aeb6c88ef
14923624,2026-10-01 15:08:59,actions-trading,Sim4-1,195870,skip,held_or_cooldown,16e59c0586e8
14923624,2026-10-01 15:08:59,actions-trading,Sim4-1,35320K,skip,amount,02ccd149540c
14923624,2026-10-01 15:08:59,actions-trading,Sim4-1,001820,skip,adx_low,06b59d9e53b6
14923624,2026-10-01 15:08:59,actions-trading,Sim4-1,109070,skip,amount,10f43ede9b80
14923624,2026-10-01 15:08:59,actions-trading,Sim4-1,011690,skip,period,9a953a597f2b
14923624,2026-10-01 15:08:59,actions-trading,Sim4-1,093050,skip,amount,854647c230d0
14923624,2026-10-01 15:08:59,actions-trading,Sim4-1,007660,skip,held_or_cooldown,c20c7b9d1fb1
14923624,2026-10-01 15:08:59,actions-trading,Sim4-1,317450,skip,amount,a14ad4533f08
14923624,2026-10-01 15:08:59,actions-trading,Sim4-1,011790,skip,adx_high,dda440f79079
14923624,2026-10-01 15:08:59,actions-trading,Sim4-1,007810,skip,adx_high,2987b4b4bb99
14923624,2026-10-01 15:09:00,actions-trading,선행매집,005930,skip,below_anchor,d7ca38c68ae2
14923624,2026-10-01 15:09:00,actions-trading,선행매집,005935,skip,below_anchor,2bcc5954887a
14923624,2026-10-01 15:09:00,actions-trading,선행매집,000660,skip,below_anchor,d0566bf90263
14923624,2026-10-01 15:09:00,actions-trading,선행매집,192650,skip,no_setup,61de128c922a
14923624,2026-10-01 15:09:00,actions-trading,선행매집,028670,skip,held_awaiting_breakout,a230d23d363c
14923624,2026-10-01 15:09:00,actions-trading,선행매집,248070,skip,below_anchor,163de4b41b2b
14923624,2026-10-01 15:09:00,actions-trading,선행매집,003280,skip,below_anchor,c5b16985771e
14923624,2026-10-01 15:09:00,actions-trading,선행매집,073240,skip,below_anchor,7df4304d83c8
14923624,2026-10-01 15:09:00,actions-trading,선행매집,034220,skip,below_anchor,e3f1c56bc294
14923624,2026-10-01 15:09:00,actions-trading,선행매집,011200,skip,below_anchor,a78f0788751b
14923624,2026-10-01 15:09:00,actions-trading,선행매집,007660,skip,below_anchor,c20c7b9d1fb1
14923624,2026-10-01 15:09:00,actions-trading,선행매집,001820,skip,below_anchor,06b59d9e53b6
14923624,2026-10-01 15:09:00,actions-trading,선행매집,001360,skip,below_anchor,c96ed2a176ca
14923624,2026-10-01 15:09:00,actions-trading,선행매집,093370,skip,below_anchor,17aa0c09e6b5
14923624,2026-10-01 15:09:00,actions-trading,선행매집,002990,skip,below_anchor,6a98944a49f0
14923624,2026-10-01 15:09:00,actions-trading,선행매집,005880,skip,below_anchor,964348da1262
14923624,2026-10-01 15:09:00,actions-trading,선행매집,003160,skip,no_setup,0d7fba15b671
14923624,2026-10-01 15:09:00,actions-trading,선행매집,068270,skip,below_anchor,86ef1a934507
14923624,2026-10-01 15:09:00,actions-trading,선행매집,272210,skip,below_anchor,e81404b82d8f
14923624,2026-10-01 15:09:00,actions-trading,선행매집,006800,skip,below_anchor,1d2fe3e6c94b
14923624,2026-10-01 15:09:00,actions-trading,선행매집,005360,skip,amount,aceea75fd937
14923624,2026-10-01 15:09:00,actions-trading,선행매집,003350,skip,below_anchor,40363976649b
14923624,2026-10-01 15:09:00,actions-trading,선행매집,001740,skip,below_anchor,69ec9635a047
14923624,2026-10-01 15:09:00,actions-trading,선행매집,001210,skip,below_anchor,b2ff2338181d
14923624,2026-10-01 15:09:00,actions-trading,선행매집,001510,skip,below_anchor,56383ea0a9aa
14923624,2026-10-01 15:09:00,actions-trading,선행매집,017670,skip,below_anchor,68fcb98a843c
14923624,2026-10-01 15:09:00,actions-trading,선행매집,002700,skip,amount,2e25dc2e6f6a
14923624,2026-10-01 15:09:00,actions-trading,선행매집,064400,skip,below_anchor,6ad93eeeacb1
14923624,2026-10-01 15:09:00,actions-trading,선행매집,001200,skip,below_anchor,5feef1b92362
14923624,2026-10-01 15:09:00,actions-trading,선행매집,019170,skip,below_anchor,a989e92a5a80
14923624,2026-10-01 15:09:01,actions-trading,Sim9,084010,skip,intra,bbd91408f001
14923624,2026-10-01 15:09:01,actions-trading,Sim9,248070,skip,gap,163de4b41b2b
14923624,2026-10-01 15:09:01,actions-trading,Sim9,192650,skip,gap,61de128c922a
14923624,2026-10-01 15:09:01,actions-trading,Sim9,003160,skip,gap,0d7fba15b671
14923624,2026-10-01 15:09:01,actions-trading,Sim9,353200,skip,gap,43b34e25ab7a
14923624,2026-10-01 15:09:01,actions-trading,Sim9,001360,skip,gap,c96ed2a176ca
14923624,2026-10-01 15:09:01,actions-trading,Sim9,003350,skip,gap,40363976649b
14923624,2026-10-01 15:09:01,actions-trading,Sim9,005430,skip,gap,bdb4ec749751
14923624,2026-10-01 15:09:01,actions-trading,Sim9,036570,skip,intra,9b2cb182b376
14923624,2026-10-01 15:09:01,actions-trading,Sim9,023150,skip,amount,e6a0abea1834
14923624,2026-10-01 15:09:01,actions-trading,Sim9,009420,skip,gap,8983f3f56336
14923624,2026-10-01 15:09:01,actions-trading,Sim9,004105,skip,amount,cfc7929065b1
14923624,2026-10-01 15:09:01,actions-trading,Sim9,004710,skip,gap,db9102b9b66b
14923624,2026-10-01 15:09:01,actions-trading,Sim9,012030,skip,gap,0410cc481399
14923624,2026-10-01 15:09:01,actions-trading,Sim9,069640,skip,amount,c32690da877f
14923624,2026-10-01 15:09:01,actions-trading,Sim9,014680,skip,gap,5aec7db6e128
14923624,2026-10-01 15:09:01,actions-trading,Sim9,055490,skip,amount,3d4b36cd4bab
14923624,2026-10-01 15:09:01,actions-trading,Sim9,0126Z0,skip,gap,1b8d7e7d727d
14923624,2026-10-01 15:09:01,actions-trading,Sim9,480370,skip,amount,257cb2b19093
14923624,2026-10-01 15:09:01,actions-trading,Sim9,112610,skip,gap,8a8aeb6c88ef
14923624,2026-10-01 15:09:01,actions-trading,Sim9,195870,skip,gap,16e59c0586e8
14923624,2026-10-01 15:09:01,actions-trading,Sim9,35320K,skip,amount,02ccd149540c
14923624,2026-10-01 15:09:01,actions-trading,Sim9,001820,skip,gap,06b59d9e53b6
14923624,2026-10-01 15:09:01,actions-trading,Sim9,109070,skip,amount,10f43ede9b80
14923624,2026-10-01 15:09:01,actions-trading,Sim9,011690,skip,gap,9a953a597f2b
14923624,2026-10-01 15:09:01,actions-trading,Sim9,093050,skip,gap,854647c230d0
14923624,2026-10-01 15:09:01,actions-trading,Sim9,007660,skip,gap,c20c7b9d1fb1
14923624,2026-10-01 15:09:01,actions-trading,Sim9,317450,skip,gap,a14ad4533f08
14923624,2026-10-01 15:09:01,actions-trading,Sim9,011790,skip,gap,dda440f79079
14923624,2026-10-01 15:09:01,actions-trading,Sim9,007810,skip,gap,2987b4b4bb99
14923624,2026-10-01 15:09:01,actions-trading,미너비니,192820,skip,below_pivot,0b3b919813e8
14923624,2026-10-01 15:09:01,actions-trading,미너비니,443060,skip,below_pivot,e35f91090518
14923624,2026-10-01 15:09:01,actions-trading,미너비니,020120,skip,below_pivot,44726594a501
14923624,2026-10-01 15:09:01,actions-trading,Sim12,084010,skip,avoid_frgn_sell_20d,bbd91408f001
14923624,2026-10-01 15:09:01,actions-trading,Sim12,248070,skip,avoid_frgn_sell_20d,163de4b41b2b
14923624,2026-10-01 15:09:01,actions-trading,Sim12,192650,skip,pb2_not_crashed,61de128c922a
14923624,2026-10-01 15:09:01,actions-trading,Sim12,003160,skip,pb2_not_crashed,0d7fba15b671
14923624,2026-10-01 15:09:01,actions-trading,Sim12,353200,skip,avoid_orgn_sell_high_per,43b34e25ab7a
14923624,2026-10-01 15:09:01,actions-trading,Sim12,001360,skip,pb2_not_crashed,c96ed2a176ca
14923624,2026-10-01 15:09:01,actions-trading,Sim12,003350,skip,pb2_not_crashed,40363976649b
14923624,2026-10-01 15:09:01,actions-trading,Sim12,005430,skip,pb2_not_crashed,bdb4ec749751
14923624,2026-10-01 15:09:01,actions-trading,Sim12,036570,skip,pb2_not_crashed,9b2cb182b376
14923624,2026-10-01 15:09:01,actions-trading,Sim12,023150,skip,avoid_frgn_sell_20d,e6a0abea1834
14923624,2026-10-01 15:09:01,actions-trading,Sim12,009420,skip,pb2_no_inst_buying,8983f3f56336
14923624,2026-10-01 15:09:01,actions-trading,Sim12,004105,skip,pb2_not_crashed,cfc7929065b1
14923624,2026-10-01 15:09:01,actions-trading,Sim12,004710,skip,avoid_frgn_sell_20d,db9102b9b66b
14923624,2026-10-01 15:09:01,actions-trading,Sim12,012030,skip,avoid_frgn_sell_20d,0410cc481399
14923624,2026-10-01 15:09:01,actions-trading,Sim12,069640,skip,avoid_frgn_sell_20d,c32690da877f
14923624,2026-10-01 15:09:01,actions-trading,Sim12,014680,skip,pb2_not_crashed,5aec7db6e128
14923624,2026-10-01 15:09:01,actions-trading,Sim12,055490,skip,avoid_frgn_sell_20d,3d4b36cd4bab
14923624,2026-10-01 15:09:01,actions-trading,Sim12,0126Z0,skip,avoid_frgn_sell_20d,1b8d7e7d727d
14923624,2026-10-01 15:09:01,actions-trading,Sim12,480370,skip,pb2_not_crashed,257cb2b19093
14923624,2026-10-01 15:09:01,actions-trading,Sim12,112610,skip,avoid_frgn_sell_20d,8a8aeb6c88ef
14923624,2026-10-01 15:09:01,actions-trading,Sim12,195870,skip,pb2_not_crashed,16e59c0586e8
14923624,2026-10-01 15:09:01,actions-trading,Sim12,35320K,skip,pb2_not_crashed,02ccd149540c
14923624,2026-10-01 15:09:01,actions-trading,Sim12,001820,skip,pb2_not_crashed,06b59d9e53b6
14923624,2026-10-01 15:09:01,actions-trading,Sim12,109070,skip,pb2_not_crashed,10f43ede9b80
14923624,2026-10-01 15:09:01,actions-trading,Sim12,011690,skip,pb2_not_crashed,9a953a597f2b
14923624,2026-10-01 15:09:01,actions-trading,Sim12,093050,skip,avoid_frgn_sell_20d,854647c230d0
14923624,2026-10-01 15:09:01,actions-trading,Sim12,007660,skip,pb2_not_crashed,c20c7b9d1fb1
14923624,2026-10-01 15:09:01,actions-trading,Sim12,317450,skip,avoid_frgn_sell_20d,a14ad4533f08
14923624,2026-10-01 15:09:01,actions-trading,Sim12,011790,skip,avoid_frgn_sell_20d,dda440f79079
14923624,2026-10-01 15:09:01,actions-trading,Sim12,007810,skip,avoid_orgn_sell_high_per,2987b4b4bb99
14923624,2026-10-01 15:09:01,actions-trading,Sim12,009190,skip,pb2_no_inst_buying,763dfd55dd8c
14923624,2026-10-01 15:09:01,actions-trading,Sim12,051630,skip,pb2_not_crashed,d916621d7b94
14923624,2026-10-01 15:09:01,actions-trading,Sim12,452260,skip,pb2_not_crashed,3c3a6a3fc54e
14923624,2026-10-01 15:09:01,actions-trading,Sim12,002820,skip,pb2_no_inst_buying,a47b9a402c6a
14923624,2026-10-01 15:09:01,actions-trading,Sim12,002787,skip,avoid_amount_dry,2384cbc8eb2b
14923624,2026-10-01 15:09:01,actions-trading,Sim12,024890,skip,avoid_frgn_sell_20d,173f4e5c8799
14923624,2026-10-01 15:09:01,actions-trading,Sim12,071090,skip,pb2_not_crashed,6cb53690aafc
14923624,2026-10-01 15:09:01,actions-trading,Sim12,010950,skip,pb2_not_crashed,68610f89a2fe
14923624,2026-10-01 15:09:01,actions-trading,Sim12,010640,skip,avoid_frgn_sell_20d,bd3059078b12
14923624,2026-10-01 15:09:01,actions-trading,Sim12,096770,skip,pb2_not_crashed,a75b520c12b8
14923624,2026-10-01 15:09:01,actions-trading,Sim12,361610,skip,pb2_not_crashed,e5b46d1289bf
14923624,2026-10-01 15:09:01,actions-trading,Sim12,010955,skip,pb2_not_crashed,1aa2aa1176a7
14923624,2026-10-01 15:09:01,actions-trading,Sim12,007110,skip,avoid_amount_dry,a34c07db9288
14923624,2026-10-01 15:09:01,actions-trading,Sim12,001770,skip,pb2_thin_liquidity,3988909adb9a
14923624,2026-10-01 15:09:01,actions-trading,Sim12,002070,skip,avoid_amount_dry,6949a5e10d91
14923624,2026-10-01 15:09:01,actions-trading,Sim12,003780,skip,avoid_frgn_sell_20d,e4dbe29e2961
14923624,2026-10-01 15:09:01,actions-trading,Sim12,487570,skip,pb2_not_crashed,4361af9450cf
14923624,2026-10-01 15:09:01,actions-trading,Sim12,003580,skip,pb2_not_crashed,25724b7cf0b4
14923624,2026-10-01 15:09:01,actions-trading,Sim12,078930,skip,pb2_thin_liquidity,16d2450e13fa
14923624,2026-10-01 15:09:01,actions-trading,Sim12,011090,skip,avoid_amount_dry,d551e7ede15b
14923624,2026-10-01 15:09:01,actions-trading,Sim12,006200,skip,pb2_no_inst_buying,abea640ed048
14923624,2026-10-01 15:09:01,actions-trading,Sim12,316140,skip,pb2_not_crashed,11ab918654ba
14923624,2026-10-01 15:09:01,actions-trading,Sim12,044450,skip,pb2_not_crashed,5bd2b946c1c0
14923624,2026-10-01 15:09:01,actions-trading,Sim12,003030,skip,pb2_not_crashed,f50bf1095a19
14923624,2026-10-01 15:09:01,actions-trading,Sim12,002690,skip,avoid_frgn_sell_20d,99865725c26d
14923624,2026-10-01 15:09:01,actions-trading,Sim12,007120,skip,pb2_not_crashed,b6a34159c3b7
14923624,2026-10-01 15:09:01,actions-trading,Sim12,009810,skip,pb2_not_crashed,f6480f47bb0f
14923624,2026-10-01 15:09:01,actions-trading,Sim12,096775,skip,pb2_not_crashed,8a3f13b3bc82
14923624,2026-10-01 15:09:01,actions-trading,Sim12,005030,skip,avoid_amount_dry,43a2cfae514d
14923624,2026-10-01 15:09:01,actions-trading,Sim12,003075,skip,pb2_not_crashed,18d3e9153f8d
14923624,2026-10-01 15:09:02,actions-trading,Sim13,084010,skip,theme_momentum_weak,bbd91408f001
14923624,2026-10-01 15:09:02,actions-trading,Sim13,248070,skip,theme_momentum_weak,163de4b41b2b
14923624,2026-10-01 15:09:02,actions-trading,Sim13,192650,skip,no_frgn_support,61de128c922a
14923624,2026-10-01 15:09:02,actions-trading,Sim13,003160,skip,no_frgn_support,0d7fba15b671
14923624,2026-10-01 15:09:02,actions-trading,Sim13,353200,skip,adx_weak,43b34e25ab7a
14923624,2026-10-01 15:09:02,actions-trading,Sim13,001360,skip,theme_momentum_weak,c96ed2a176ca
14923624,2026-10-01 15:09:02,actions-trading,Sim13,003350,skip,theme_momentum_weak,40363976649b
14923624,2026-10-01 15:09:02,actions-trading,Sim13,005430,skip,theme_momentum_weak,bdb4ec749751
14923624,2026-10-01 15:09:02,actions-trading,Sim13,036570,skip,theme_momentum_weak,9b2cb182b376
14923624,2026-10-01 15:09:02,actions-trading,Sim13,023150,skip,theme_momentum_weak,e6a0abea1834
14923624,2026-10-01 15:09:02,actions-trading,Sim13,009420,skip,theme_momentum_weak,8983f3f56336
14923624,2026-10-01 15:09:02,actions-trading,Sim13,004105,skip,no_frgn_support,cfc7929065b1
14923624,2026-10-01 15:09:02,actions-trading,Sim13,004710,skip,no_frgn_support,db9102b9b66b
14923624,2026-10-01 15:09:02,actions-trading,Sim13,012030,skip,adx_weak,0410cc481399
14923624,2026-10-01 15:09:02,actions-trading,Sim13,069640,skip,theme_momentum_weak,c32690da877f
14923624,2026-10-01 15:09:02,actions-trading,Sim13,014680,skip,no_frgn_support,5aec7db6e128
14923624,2026-10-01 15:09:02,actions-trading,Sim13,055490,skip,theme_momentum_weak,3d4b36cd4bab
14923624,2026-10-01 15:09:02,actions-trading,Sim13,0126Z0,skip,theme_momentum_weak,1b8d7e7d727d
14923624,2026-10-01 15:09:02,actions-trading,Sim13,480370,skip,adx_weak,257cb2b19093
14923624,2026-10-01 15:09:02,actions-trading,Sim13,112610,skip,theme_momentum_weak,8a8aeb6c88ef
14923624,2026-10-01 15:09:02,actions-trading,Sim13,195870,skip,adx_weak,16e59c0586e8
14923624,2026-10-01 15:09:02,actions-trading,Sim13,35320K,skip,theme_momentum_weak,02ccd149540c
14923624,2026-10-01 15:09:02,actions-trading,Sim13,001820,skip,adx_weak,06b59d9e53b6
14923624,2026-10-01 15:09:02,actions-trading,Sim13,109070,skip,amount_not_surprised,10f43ede9b80
14923624,2026-10-01 15:09:02,actions-trading,Sim13,011690,skip,theme_momentum_weak,9a953a597f2b
14923624,2026-10-01 15:09:02,actions-trading,Sim13,093050,skip,theme_momentum_weak,854647c230d0
14923624,2026-10-01 15:09:02,actions-trading,Sim13,007660,skip,theme_momentum_weak,c20c7b9d1fb1
14923624,2026-10-01 15:09:02,actions-trading,Sim13,317450,skip,theme_momentum_weak,a14ad4533f08
14923624,2026-10-01 15:09:02,actions-trading,Sim13,011790,skip,theme_momentum_weak,dda440f79079
14923624,2026-10-01 15:09:02,actions-trading,Sim13,007810,skip,adx_weak,2987b4b4bb99
14923624,2026-10-01 15:10:52,actions-trading,MFHS2,005935,skip,max_holdings,f30e660f19fe
14923624,2026-10-01 15:10:52,actions-trading,MFHS2,003280,seen,,25491f61cc53
14923624,2026-10-01 15:10:52,actions-trading,MFHS2,003160,seen,,d5b673db5dde
14923624,2026-10-01 15:10:52,actions-trading,MFHS2,248070,seen,,2dfff2f152cb
14923624,2026-10-01 15:10:52,actions-trading,MFHS2,001360,seen,,8a8ee7ae4b07
14923624,2026-10-01 15:10:52,actions-trading,MFHS2,001820,seen,,a4149b5cc636
14923624,2026-10-01 15:10:52,actions-trading,MFHS2,034220,seen,,91c55a3141d4
14923624,2026-10-01 15:10:52,actions-trading,MFHS2,007660,seen,,3739c05b19dd
14923624,2026-10-01 15:10:52,actions-trading,MFHS2,002990,seen,,28cc1219192c
14923624,2026-10-01 15:10:52,actions-trading,MFHS2,001740,seen,,9ba5e2ad50bb
14923624,2026-10-01 15:10:52,actions-trading,MFHS2,073240,seen,,a2a615cb8098
14923624,2026-10-01 15:10:52,actions-trading,MFHS2,068270,seen,,d1f835f5871a
14923624,2026-10-01 15:10:52,actions-trading,MFHS2,005360,seen,,23641307eb80
14923624,2026-10-01 15:10:52,actions-trading,MFHS2,003350,seen,,bb56051ddea9
14923624,2026-10-01 15:10:52,actions-trading,MFHS2,090460,seen,,cf0151165be6
14923624,2026-10-01 15:10:52,actions-trading,MFHS2,006800,seen,,754eb2cde1ff
14923624,2026-10-01 15:10:52,actions-trading,MFHS2,005880,seen,,039c6d45ee57
14923624,2026-10-01 15:10:52,actions-trading,MFHS2,001510,seen,,08410ef0d792
14923624,2026-10-01 15:10:52,actions-trading,MFHS2,001210,seen,,77963d8d4d99
14923624,2026-10-01 15:10:52,actions-trading,MFHS2,001200,seen,,da13e7bc544b
14923624,2026-10-01 15:10:52,actions-trading,MFHS2,064400,seen,,a14e6a396c27
14923624,2026-10-01 15:10:52,actions-trading,MFHS2,005690,seen,,374e843cfb9b
14923624,2026-10-01 15:10:52,actions-trading,MFHS2,272210,seen,,7496b30b80b0
14923624,2026-10-01 15:10:52,actions-trading,MFHS2,019170,seen,,4717f8e8531d
14923624,2026-10-01 15:10:52,actions-trading,MFHS2,002700,seen,,00dc3ae8a85a
14923624,2026-10-01 15:10:52,actions-trading,MFHS2,003520,seen,,275d5cc04209
14923624,2026-10-01 15:10:52,actions-trading,MFHS2,000400,seen,,d81cde726358
14923624,2026-10-01 15:10:52,actions-trading,MFHS2,137310,seen,,db804d917f1d
14923624,2026-10-01 15:10:52,actions-trading,MFHS2,032350,seen,,65fa90b80885
14923624,2026-10-01 15:10:52,actions-trading,MFHS2,249420,seen,,3eb66f5399f2
14923624,2026-10-01 15:10:53,actions-trading,Sim4-1,084010,skip,period,2fbdefb6f1f6
14923624,2026-10-01 15:10:53,actions-trading,Sim4-1,248070,skip,period,2dfff2f152cb
14923624,2026-10-01 15:10:53,actions-trading,Sim4-1,192650,skip,period,19489b8b7b83
14923624,2026-10-01 15:10:53,actions-trading,Sim4-1,353200,skip,adx_high,aae75e6511c1
14923624,2026-10-01 15:10:53,actions-trading,Sim4-1,003350,skip,adx_low,bb56051ddea9
14923624,2026-10-01 15:10:53,actions-trading,Sim4-1,003160,skip,held_or_cooldown,d5b673db5dde
14923624,2026-10-01 15:10:53,actions-trading,Sim4-1,001360,skip,adx_low,8a8ee7ae4b07
14923624,2026-10-01 15:10:53,actions-trading,Sim4-1,005430,skip,amount,a0a52cb4a64d
14923624,2026-10-01 15:10:53,actions-trading,Sim4-1,036570,skip,period,71f82da53101
14923624,2026-10-01 15:10:53,actions-trading,Sim4-1,023150,skip,amount,2e9450eaf3cf
14923624,2026-10-01 15:10:53,actions-trading,Sim4-1,009420,skip,period,50c1c1092ad9
14923624,2026-10-01 15:10:53,actions-trading,Sim4-1,004105,skip,amount,af588221c5af
14923624,2026-10-01 15:10:53,actions-trading,Sim4-1,069640,skip,amount,70636473dd63
14923624,2026-10-01 15:10:53,actions-trading,Sim4-1,004710,skip,adx_high,5874293aab84
14923624,2026-10-01 15:10:53,actions-trading,Sim4-1,012030,skip,adx_high,ce4b0f22ef45
14923624,2026-10-01 15:10:53,actions-trading,Sim4-1,055490,skip,amount,edc61ddd7678
14923624,2026-10-01 15:10:53,actions-trading,Sim4-1,014680,skip,adx_high,924ea06eb44f
14923624,2026-10-01 15:10:53,actions-trading,Sim4-1,0126Z0,skip,adx_high,74102747f558
14923624,2026-10-01 15:10:53,actions-trading,Sim4-1,112610,skip,period,bff776774f50
14923624,2026-10-01 15:10:53,actions-trading,Sim4-1,195870,skip,held_or_cooldown,01472b74f466
14923624,2026-10-01 15:10:53,actions-trading,Sim4-1,480370,skip,amount,0e107642132f
14923624,2026-10-01 15:10:53,actions-trading,Sim4-1,109070,skip,amount,10f43ede9b80
14923624,2026-10-01 15:10:53,actions-trading,Sim4-1,001820,skip,adx_low,a4149b5cc636
14923624,2026-10-01 15:10:53,actions-trading,Sim4-1,011690,skip,period,84ebb972dc3a
14923624,2026-10-01 15:10:53,actions-trading,Sim4-1,35320K,skip,amount,011286edabe0
14923624,2026-10-01 15:10:53,actions-trading,Sim4-1,093050,skip,amount,026d9d852c12
14923624,2026-10-01 15:10:53,actions-trading,Sim4-1,317450,skip,amount,0719e3214462
14923624,2026-10-01 15:10:53,actions-trading,Sim4-1,007660,skip,held_or_cooldown,3739c05b19dd
14923624,2026-10-01 15:10:53,actions-trading,Sim4-1,007810,skip,adx_high,5b27e2b1de77
14923624,2026-10-01 15:10:53,actions-trading,Sim4-1,079550,skip,adx_high,220f827eedd9
14923624,2026-10-01 15:10:55,actions-trading,선행매집,005930,skip,below_anchor,b9842f636431
14923624,2026-10-01 15:10:55,actions-trading,선행매집,005935,skip,below_anchor,f30e660f19fe
14923624,2026-10-01 15:10:55,actions-trading,선행매집,000660,skip,below_anchor,2b74503f5fab
14923624,2026-10-01 15:10:55,actions-trading,선행매집,192650,skip,no_setup,19489b8b7b83
14923624,2026-10-01 15:10:55,actions-trading,선행매집,028670,skip,held_awaiting_breakout,2772cd4f2c8e
14923624,2026-10-01 15:10:55,actions-trading,선행매집,248070,skip,below_anchor,2dfff2f152cb
14923624,2026-10-01 15:10:55,actions-trading,선행매집,003280,skip,below_anchor,25491f61cc53
14923624,2026-10-01 15:10:55,actions-trading,선행매집,073240,skip,below_anchor,a2a615cb8098
14923624,2026-10-01 15:10:55,actions-trading,선행매집,034220,skip,below_anchor,91c55a3141d4
14923624,2026-10-01 15:10:55,actions-trading,선행매집,011200,skip,below_anchor,995a19ac776b
14923624,2026-10-01 15:10:55,actions-trading,선행매집,007660,skip,below_anchor,3739c05b19dd
14923624,2026-10-01 15:10:55,actions-trading,선행매집,001820,skip,below_anchor,a4149b5cc636
14923624,2026-10-01 15:10:55,actions-trading,선행매집,001360,skip,below_anchor,8a8ee7ae4b07
14923624,2026-10-01 15:10:55,actions-trading,선행매집,093370,skip,below_anchor,3cf4ee5beaf2
14923624,2026-10-01 15:10:55,actions-trading,선행매집,002990,skip,below_anchor,28cc1219192c
14923624,2026-10-01 15:10:55,actions-trading,선행매집,005880,skip,below_anchor,039c6d45ee57
14923624,2026-10-01 15:10:55,actions-trading,선행매집,003160,skip,no_setup,d5b673db5dde
14923624,2026-10-01 15:10:55,actions-trading,선행매집,068270,skip,below_anchor,d1f835f5871a
14923624,2026-10-01 15:10:55,actions-trading,선행매집,272210,skip,below_anchor,7496b30b80b0
14923624,2026-10-01 15:10:55,actions-trading,선행매집,006800,skip,below_anchor,754eb2cde1ff
14923624,2026-10-01 15:10:55,actions-trading,선행매집,005360,skip,amount,23641307eb80
14923624,2026-10-01 15:10:55,actions-trading,선행매집,003350,skip,below_anchor,bb56051ddea9
14923624,2026-10-01 15:10:55,actions-trading,선행매집,001740,skip,below_anchor,9ba5e2ad50bb
14923624,2026-10-01 15:10:55,actions-trading,선행매집,001210,skip,below_anchor,77963d8d4d99
14923624,2026-10-01 15:10:55,actions-trading,선행매집,001510,skip,below_anchor,08410ef0d792
14923624,2026-10-01 15:10:55,actions-trading,선행매집,017670,skip,below_anchor,d915ae4a75ba
14923624,2026-10-01 15:10:55,actions-trading,선행매집,002700,skip,amount,00dc3ae8a85a
14923624,2026-10-01 15:10:55,actions-trading,선행매집,064400,skip,below_anchor,a14e6a396c27
14923624,2026-10-01 15:10:55,actions-trading,선행매집,001200,skip,below_anchor,da13e7bc544b
14923624,2026-10-01 15:10:55,actions-trading,선행매집,019170,skip,below_anchor,4717f8e8531d
14923624,2026-10-01 15:10:55,actions-trading,Sim9,084010,skip,intra,2fbdefb6f1f6
14923624,2026-10-01 15:10:55,actions-trading,Sim9,248070,skip,gap,2dfff2f152cb
14923624,2026-10-01 15:10:55,actions-trading,Sim9,192650,skip,gap,19489b8b7b83
14923624,2026-10-01 15:10:55,actions-trading,Sim9,353200,skip,gap,aae75e6511c1
14923624,2026-10-01 15:10:55,actions-trading,Sim9,003350,skip,gap,bb56051ddea9
14923624,2026-10-01 15:10:55,actions-trading,Sim9,003160,skip,gap,d5b673db5dde
14923624,2026-10-01 15:10:55,actions-trading,Sim9,001360,skip,gap,8a8ee7ae4b07
14923624,2026-10-01 15:10:55,actions-trading,Sim9,005430,skip,gap,a0a52cb4a64d
14923624,2026-10-01 15:10:55,actions-trading,Sim9,036570,skip,intra,71f82da53101
14923624,2026-10-01 15:10:55,actions-trading,Sim9,023150,skip,amount,2e9450eaf3cf
14923624,2026-10-01 15:10:55,actions-trading,Sim9,009420,skip,gap,50c1c1092ad9
14923624,2026-10-01 15:10:55,actions-trading,Sim9,004105,skip,amount,af588221c5af
14923624,2026-10-01 15:10:55,actions-trading,Sim9,069640,skip,amount,70636473dd63
14923624,2026-10-01 15:10:55,actions-trading,Sim9,004710,skip,gap,5874293aab84
14923624,2026-10-01 15:10:55,actions-trading,Sim9,012030,skip,gap,ce4b0f22ef45
14923624,2026-10-01 15:10:55,actions-trading,Sim9,055490,skip,amount,edc61ddd7678
14923624,2026-10-01 15:10:55,actions-trading,Sim9,014680,skip,gap,924ea06eb44f
14923624,2026-10-01 15:10:55,actions-trading,Sim9,0126Z0,skip,gap,74102747f558
14923624,2026-10-01 15:10:55,actions-trading,Sim9,112610,skip,gap,bff776774f50
14923624,2026-10-01 15:10:55,actions-trading,Sim9,195870,skip,gap,01472b74f466
14923624,2026-10-01 15:10:55,actions-trading,Sim9,480370,skip,amount,0e107642132f
14923624,2026-10-01 15:10:55,actions-trading,Sim9,109070,skip,amount,10f43ede9b80
14923624,2026-10-01 15:10:55,actions-trading,Sim9,001820,skip,gap,a4149b5cc636
14923624,2026-10-01 15:10:55,actions-trading,Sim9,011690,skip,gap,84ebb972dc3a
14923624,2026-10-01 15:10:55,actions-trading,Sim9,35320K,skip,amount,011286edabe0
14923624,2026-10-01 15:10:55,actions-trading,Sim9,093050,skip,gap,026d9d852c12
14923624,2026-10-01 15:10:55,actions-trading,Sim9,317450,skip,gap,0719e3214462
14923624,2026-10-01 15:10:55,actions-trading,Sim9,007660,skip,gap,3739c05b19dd
14923624,2026-10-01 15:10:55,actions-trading,Sim9,007810,skip,gap,5b27e2b1de77
14923624,2026-10-01 15:10:55,actions-trading,Sim9,079550,skip,gap,220f827eedd9
14923624,2026-10-01 15:10:55,actions-trading,미너비니,192820,skip,below_pivot,a488918dce1d
14923624,2026-10-01 15:10:55,actions-trading,미너비니,443060,skip,below_pivot,b6d46af2193e
14923624,2026-10-01 15:10:55,actions-trading,미너비니,020120,skip,below_pivot,7bc35f761b42
14923624,2026-10-01 15:10:56,actions-trading,Sim12,084010,skip,avoid_frgn_sell_20d,2fbdefb6f1f6
14923624,2026-10-01 15:10:56,actions-trading,Sim12,248070,skip,avoid_frgn_sell_20d,2dfff2f152cb
14923624,2026-10-01 15:10:56,actions-trading,Sim12,192650,skip,pb2_not_crashed,19489b8b7b83
14923624,2026-10-01 15:10:56,actions-trading,Sim12,353200,skip,avoid_orgn_sell_high_per,aae75e6511c1
14923624,2026-10-01 15:10:56,actions-trading,Sim12,003350,skip,pb2_not_crashed,bb56051ddea9
14923624,2026-10-01 15:10:56,actions-trading,Sim12,003160,skip,pb2_not_crashed,d5b673db5dde
14923624,2026-10-01 15:10:56,actions-trading,Sim12,001360,skip,pb2_not_crashed,8a8ee7ae4b07
14923624,2026-10-01 15:10:56,actions-trading,Sim12,005430,skip,pb2_not_crashed,a0a52cb4a64d
14923624,2026-10-01 15:10:56,actions-trading,Sim12,036570,skip,pb2_not_crashed,71f82da53101
14923624,2026-10-01 15:10:56,actions-trading,Sim12,023150,skip,avoid_frgn_sell_20d,2e9450eaf3cf
14923624,2026-10-01 15:10:56,actions-trading,Sim12,009420,skip,pb2_no_inst_buying,50c1c1092ad9
14923624,2026-10-01 15:10:56,actions-trading,Sim12,004105,skip,pb2_not_crashed,af588221c5af
14923624,2026-10-01 15:10:56,actions-trading,Sim12,069640,skip,avoid_frgn_sell_20d,70636473dd63
14923624,2026-10-01 15:10:56,actions-trading,Sim12,004710,skip,avoid_frgn_sell_20d,5874293aab84
14923624,2026-10-01 15:10:56,actions-trading,Sim12,012030,skip,avoid_frgn_sell_20d,ce4b0f22ef45
14923624,2026-10-01 15:10:56,actions-trading,Sim12,055490,skip,avoid_frgn_sell_20d,edc61ddd7678
14923624,2026-10-01 15:10:56,actions-trading,Sim12,014680,skip,pb2_not_crashed,924ea06eb44f
14923624,2026-10-01 15:10:56,actions-trading,Sim12,0126Z0,skip,avoid_frgn_sell_20d,74102747f558
14923624,2026-10-01 15:10:56,actions-trading,Sim12,112610,skip,avoid_frgn_sell_20d,bff776774f50
14923624,2026-10-01 15:10:56,actions-trading,Sim12,195870,skip,pb2_not_crashed,01472b74f466
14923624,2026-10-01 15:10:56,actions-trading,Sim12,480370,skip,pb2_not_crashed,0e107642132f
14923624,2026-10-01 15:10:56,actions-trading,Sim12,109070,skip,pb2_not_crashed,10f43ede9b80
14923624,2026-10-01 15:10:56,actions-trading,Sim12,001820,skip,pb2_not_crashed,a4149b5cc636
14923624,2026-10-01 15:10:56,actions-trading,Sim12,011690,skip,pb2_not_crashed,84ebb972dc3a
14923624,2026-10-01 15:10:56,actions-trading,Sim12,35320K,skip,pb2_not_crashed,011286edabe0
14923624,2026-10-01 15:10:56,actions-trading,Sim12,093050,skip,avoid_frgn_sell_20d,026d9d852c12
14923624,2026-10-01 15:10:56,actions-trading,Sim12,317450,skip,avoid_frgn_sell_20d,0719e3214462
14923624,2026-10-01 15:10:56,actions-trading,Sim12,007660,skip,pb2_not_crashed,3739c05b19dd
14923624,2026-10-01 15:10:56,actions-trading,Sim12,007810,skip,avoid_orgn_sell_high_per,5b27e2b1de77
14923624,2026-10-01 15:10:56,actions-trading,Sim12,079550,skip,pb2_no_inst_buying,220f827eedd9
14923624,2026-10-01 15:10:56,actions-trading,Sim12,009190,skip,pb2_no_inst_buying,ada4fa878e4b
14923624,2026-10-01 15:10:56,actions-trading,Sim12,051630,skip,pb2_not_crashed,5003712f01ee
14923624,2026-10-01 15:10:56,actions-trading,Sim12,452260,skip,pb2_not_crashed,49e60c64f8c3
14923624,2026-10-01 15:10:56,actions-trading,Sim12,002820,skip,pb2_no_inst_buying,2f8dd0be43eb
14923624,2026-10-01 15:10:56,actions-trading,Sim12,002787,skip,avoid_amount_dry,2384cbc8eb2b
14923624,2026-10-01 15:10:56,actions-trading,Sim12,010950,skip,pb2_not_crashed,f759d9349d81
14923624,2026-10-01 15:10:56,actions-trading,Sim12,071090,skip,pb2_not_crashed,56e1ffb287ae
14923624,2026-10-01 15:10:56,actions-trading,Sim12,010640,skip,avoid_frgn_sell_20d,4abe54427d62
14923624,2026-10-01 15:10:56,actions-trading,Sim12,010955,skip,pb2_not_crashed,1fbbd958bba9
14923624,2026-10-01 15:10:56,actions-trading,Sim12,007110,skip,avoid_amount_dry,28ea59f0c211
14923624,2026-10-01 15:10:56,actions-trading,Sim12,096770,skip,pb2_not_crashed,393431412140
14923624,2026-10-01 15:10:56,actions-trading,Sim12,361610,skip,pb2_not_crashed,9dfcf8696126
14923624,2026-10-01 15:10:56,actions-trading,Sim12,001770,skip,pb2_thin_liquidity,3988909adb9a
14923624,2026-10-01 15:10:56,actions-trading,Sim12,002070,skip,avoid_amount_dry,045828967405
14923624,2026-10-01 15:10:56,actions-trading,Sim12,487570,skip,pb2_not_crashed,0fc333ae9285
14923624,2026-10-01 15:10:56,actions-trading,Sim12,003780,skip,avoid_frgn_sell_20d,a14e2a317891
14923624,2026-10-01 15:10:56,actions-trading,Sim12,003580,skip,pb2_not_crashed,7895415123dd
14923624,2026-10-01 15:10:56,actions-trading,Sim12,078930,skip,pb2_thin_liquidity,ee58367b3817
14923624,2026-10-01 15:10:56,actions-trading,Sim12,006200,skip,pb2_no_inst_buying,abea640ed048
14923624,2026-10-01 15:10:56,actions-trading,Sim12,316140,skip,pb2_not_crashed,698c4e8aee59
14923624,2026-10-01 15:10:56,actions-trading,Sim12,003030,skip,pb2_not_crashed,6d9c87342754
14923624,2026-10-01 15:10:56,actions-trading,Sim12,044450,skip,pb2_not_crashed,e448a962be1f
14923624,2026-10-01 15:10:56,actions-trading,Sim12,007120,skip,pb2_not_crashed,30ee86eb2cf1
14923624,2026-10-01 15:10:56,actions-trading,Sim12,002690,skip,avoid_frgn_sell_20d,99865725c26d
14923624,2026-10-01 15:10:56,actions-trading,Sim12,009810,skip,pb2_not_crashed,437013b511e0
14923624,2026-10-01 15:10:56,actions-trading,Sim12,011090,skip,avoid_amount_dry,4844da0af11b
14923624,2026-10-01 15:10:56,actions-trading,Sim12,096775,skip,pb2_not_crashed,8a3f13b3bc82
14923624,2026-10-01 15:10:56,actions-trading,Sim12,005030,skip,avoid_amount_dry,43a2cfae514d
14923624,2026-10-01 15:10:56,actions-trading,Sim12,003075,skip,pb2_not_crashed,18d3e9153f8d
14923624,2026-10-01 15:10:56,actions-trading,Sim12,024890,skip,avoid_frgn_sell_20d,cdca47d4ca62
14923624,2026-10-01 15:10:56,actions-trading,Sim13,084010,skip,theme_momentum_weak,2fbdefb6f1f6
14923624,2026-10-01 15:10:56,actions-trading,Sim13,248070,skip,theme_momentum_weak,2dfff2f152cb
14923624,2026-10-01 15:10:56,actions-trading,Sim13,192650,skip,no_frgn_support,19489b8b7b83
14923624,2026-10-01 15:10:56,actions-trading,Sim13,353200,skip,adx_weak,aae75e6511c1
14923624,2026-10-01 15:10:56,actions-trading,Sim13,003350,skip,theme_momentum_weak,bb56051ddea9
14923624,2026-10-01 15:10:56,actions-trading,Sim13,003160,skip,no_frgn_support,d5b673db5dde
14923624,2026-10-01 15:10:56,actions-trading,Sim13,001360,skip,theme_momentum_weak,8a8ee7ae4b07
14923624,2026-10-01 15:10:56,actions-trading,Sim13,005430,skip,theme_momentum_weak,a0a52cb4a64d
14923624,2026-10-01 15:10:56,actions-trading,Sim13,036570,skip,theme_momentum_weak,71f82da53101
14923624,2026-10-01 15:10:56,actions-trading,Sim13,023150,skip,theme_momentum_weak,2e9450eaf3cf
14923624,2026-10-01 15:10:56,actions-trading,Sim13,009420,skip,theme_momentum_weak,50c1c1092ad9
14923624,2026-10-01 15:10:56,actions-trading,Sim13,004105,skip,no_frgn_support,af588221c5af
14923624,2026-10-01 15:10:56,actions-trading,Sim13,069640,skip,theme_momentum_weak,70636473dd63
14923624,2026-10-01 15:10:56,actions-trading,Sim13,004710,skip,no_frgn_support,5874293aab84
14923624,2026-10-01 15:10:56,actions-trading,Sim13,012030,skip,adx_weak,ce4b0f22ef45
14923624,2026-10-01 15:10:56,actions-trading,Sim13,055490,skip,theme_momentum_weak,edc61ddd7678
14923624,2026-10-01 15:10:56,actions-trading,Sim13,014680,skip,no_frgn_support,924ea06eb44f
14923624,2026-10-01 15:10:56,actions-trading,Sim13,0126Z0,skip,theme_momentum_weak,74102747f558
14923624,2026-10-01 15:10:56,actions-trading,Sim13,112610,skip,theme_momentum_weak,bff776774f50
14923624,2026-10-01 15:10:56,actions-trading,Sim13,195870,skip,adx_weak,01472b74f466
14923624,2026-10-01 15:10:56,actions-trading,Sim13,480370,skip,adx_weak,0e107642132f
14923624,2026-10-01 15:10:56,actions-trading,Sim13,109070,skip,amount_not_surprised,10f43ede9b80
14923624,2026-10-01 15:10:56,actions-trading,Sim13,001820,skip,adx_weak,a4149b5cc636
14923624,2026-10-01 15:10:56,actions-trading,Sim13,011690,skip,theme_momentum_weak,84ebb972dc3a
14923624,2026-10-01 15:10:56,actions-trading,Sim13,35320K,skip,theme_momentum_weak,011286edabe0
14923624,2026-10-01 15:10:56,actions-trading,Sim13,093050,skip,theme_momentum_weak,026d9d852c12
14923624,2026-10-01 15:10:56,actions-trading,Sim13,317450,skip,theme_momentum_weak,0719e3214462
14923624,2026-10-01 15:10:56,actions-trading,Sim13,007660,skip,theme_momentum_weak,3739c05b19dd
14923624,2026-10-01 15:10:56,actions-trading,Sim13,007810,skip,adx_weak,5b27e2b1de77
14923624,2026-10-01 15:10:56,actions-trading,Sim13,079550,skip,theme_momentum_weak,220f827eedd9
14923626,2026-10-01 15:13:03,actions-trading,MFHS2,005935,skip,max_holdings,65203d6f34e3
14923626,2026-10-01 15:13:03,actions-trading,MFHS2,003280,seen,,2a25631633b3
14923626,2026-10-01 15:13:03,actions-trading,MFHS2,003160,seen,,f299eb93d60d
14923626,2026-10-01 15:13:03,actions-trading,MFHS2,248070,seen,,e9fe6fbf1496
14923626,2026-10-01 15:13:03,actions-trading,MFHS2,001360,seen,,44512b0cfb90
14923626,2026-10-01 15:13:03,actions-trading,MFHS2,001820,seen,,e6ba05ed646d
14923626,2026-10-01 15:13:03,actions-trading,MFHS2,034220,seen,,991a22c9b062
14923626,2026-10-01 15:13:03,actions-trading,MFHS2,007660,seen,,dec18f9a16d9
14923626,2026-10-01 15:13:03,actions-trading,MFHS2,002990,seen,,2833c34af127
14923626,2026-10-01 15:13:03,actions-trading,MFHS2,001740,seen,,b0c57c881e38
14923626,2026-10-01 15:13:03,actions-trading,MFHS2,073240,seen,,d98a1313828f
14923626,2026-10-01 15:13:03,actions-trading,MFHS2,068270,seen,,520bec1463b5
14923626,2026-10-01 15:13:03,actions-trading,MFHS2,005360,seen,,6a3836104f86
14923626,2026-10-01 15:13:03,actions-trading,MFHS2,003350,seen,,d7f2db9c6ca4
14923626,2026-10-01 15:13:03,actions-trading,MFHS2,090460,seen,,20f21414d62a
14923626,2026-10-01 15:13:03,actions-trading,MFHS2,006800,seen,,cc5cdb9849cf
14923626,2026-10-01 15:13:03,actions-trading,MFHS2,005880,seen,,6243b20e31c9
14923626,2026-10-01 15:13:03,actions-trading,MFHS2,001510,seen,,b6161a0811e9
14923626,2026-10-01 15:13:03,actions-trading,MFHS2,001210,seen,,68b5cf69956e
14923626,2026-10-01 15:13:03,actions-trading,MFHS2,001200,seen,,9d91431de84b
14923626,2026-10-01 15:13:03,actions-trading,MFHS2,064400,seen,,058bbca1d275
14923626,2026-10-01 15:13:03,actions-trading,MFHS2,005690,seen,,38fa862510bf
14923626,2026-10-01 15:13:03,actions-trading,MFHS2,272210,seen,,fa52617c265c
14923626,2026-10-01 15:13:03,actions-trading,MFHS2,019170,seen,,0deef7882a95
14923626,2026-10-01 15:13:03,actions-trading,MFHS2,002700,seen,,bc5d4edb2d4c
14923626,2026-10-01 15:13:03,actions-trading,MFHS2,003520,seen,,be9ec614ed65
14923626,2026-10-01 15:13:03,actions-trading,MFHS2,000400,seen,,118bafcab4b2
14923626,2026-10-01 15:13:03,actions-trading,MFHS2,137310,seen,,79f7f0259bf5
14923626,2026-10-01 15:13:03,actions-trading,MFHS2,032350,seen,,c171bbda6286
14923626,2026-10-01 15:13:03,actions-trading,MFHS2,249420,seen,,319a7aaf8d01
14923626,2026-10-01 15:13:05,actions-trading,상승모멘텀,084010,skip,max_holdings,cd2207918211
14923626,2026-10-01 15:13:05,actions-trading,상승모멘텀,248070,seen,,e9fe6fbf1496
14923626,2026-10-01 15:13:05,actions-trading,상승모멘텀,192650,seen,,744d0cff9571
14923626,2026-10-01 15:13:05,actions-trading,상승모멘텀,353200,seen,,2ecc5e28c2ca
14923626,2026-10-01 15:13:05,actions-trading,상승모멘텀,003160,seen,,f299eb93d60d
14923626,2026-10-01 15:13:05,actions-trading,상승모멘텀,003350,seen,,d7f2db9c6ca4
14923626,2026-10-01 15:13:05,actions-trading,상승모멘텀,001360,seen,,44512b0cfb90
14923626,2026-10-01 15:13:05,actions-trading,상승모멘텀,005430,seen,,afc5fd9aec4b
14923626,2026-10-01 15:13:05,actions-trading,상승모멘텀,009420,seen,,787b579fc52f
14923626,2026-10-01 15:13:05,actions-trading,상승모멘텀,036570,seen,,92003e8ceb71
14923626,2026-10-01 15:13:05,actions-trading,상승모멘텀,023150,seen,,6036ff564299
14923626,2026-10-01 15:13:05,actions-trading,상승모멘텀,069640,seen,,9080eac424f7
14923626,2026-10-01 15:13:05,actions-trading,상승모멘텀,004710,seen,,b1d814f08911
14923626,2026-10-01 15:13:05,actions-trading,상승모멘텀,012030,seen,,b0c4826c688a
14923626,2026-10-01 15:13:05,actions-trading,상승모멘텀,055490,seen,,b2b63e5bc133
14923626,2026-10-01 15:13:05,actions-trading,상승모멘텀,109070,seen,,76370a0ce837
14923626,2026-10-01 15:13:05,actions-trading,상승모멘텀,014680,seen,,0b047a49e532
14923626,2026-10-01 15:13:05,actions-trading,상승모멘텀,0126Z0,seen,,7397bbac662e
14923626,2026-10-01 15:13:05,actions-trading,상승모멘텀,004105,seen,,bcc187902109
14923626,2026-10-01 15:13:05,actions-trading,상승모멘텀,112610,seen,,9a06bf8d4b71
14923626,2026-10-01 15:13:05,actions-trading,상승모멘텀,002360,seen,,0b55eea663ac
14923626,2026-10-01 15:13:05,actions-trading,상승모멘텀,011690,seen,,cb8cfc35faf9
14923626,2026-10-01 15:13:05,actions-trading,상승모멘텀,480370,seen,,60ca9087fe66
14923626,2026-10-01 15:13:05,actions-trading,상승모멘텀,195870,seen,,7d081085a7a0
14923626,2026-10-01 15:13:05,actions-trading,상승모멘텀,001820,seen,,e6ba05ed646d
14923626,2026-10-01 15:13:05,actions-trading,상승모멘텀,35320K,seen,,2884e804e10c
14923626,2026-10-01 15:13:05,actions-trading,상승모멘텀,093050,seen,,98b123f4d18c
14923626,2026-10-01 15:13:05,actions-trading,상승모멘텀,007660,seen,,dec18f9a16d9
14923626,2026-10-01 15:13:05,actions-trading,상승모멘텀,317450,seen,,72260e8688a9
14923626,2026-10-01 15:13:05,actions-trading,상승모멘텀,007810,seen,,dbc36e8bdf21
14923626,2026-10-01 15:13:05,actions-trading,Sim4-1,084010,skip,period,cd2207918211
14923626,2026-10-01 15:13:05,actions-trading,Sim4-1,248070,skip,period,e9fe6fbf1496
14923626,2026-10-01 15:13:05,actions-trading,Sim4-1,192650,skip,period,744d0cff9571
14923626,2026-10-01 15:13:05,actions-trading,Sim4-1,353200,skip,adx_high,2ecc5e28c2ca
14923626,2026-10-01 15:13:05,actions-trading,Sim4-1,003160,skip,held_or_cooldown,f299eb93d60d
14923626,2026-10-01 15:13:05,actions-trading,Sim4-1,003350,skip,adx_low,d7f2db9c6ca4
14923626,2026-10-01 15:13:05,actions-trading,Sim4-1,001360,skip,adx_low,44512b0cfb90
14923626,2026-10-01 15:13:05,actions-trading,Sim4-1,005430,skip,amount,afc5fd9aec4b
14923626,2026-10-01 15:13:05,actions-trading,Sim4-1,009420,skip,period,787b579fc52f
14923626,2026-10-01 15:13:05,actions-trading,Sim4-1,036570,skip,period,92003e8ceb71
14923626,2026-10-01 15:13:05,actions-trading,Sim4-1,023150,skip,amount,6036ff564299
14923626,2026-10-01 15:13:05,actions-trading,Sim4-1,069640,skip,amount,9080eac424f7
14923626,2026-10-01 15:13:05,actions-trading,Sim4-1,004710,skip,adx_high,b1d814f08911
14923626,2026-10-01 15:13:05,actions-trading,Sim4-1,012030,skip,adx_high,b0c4826c688a
14923626,2026-10-01 15:13:05,actions-trading,Sim4-1,055490,skip,amount,b2b63e5bc133
14923626,2026-10-01 15:13:05,actions-trading,Sim4-1,109070,skip,amount,76370a0ce837
14923626,2026-10-01 15:13:05,actions-trading,Sim4-1,014680,skip,adx_high,0b047a49e532
14923626,2026-10-01 15:13:05,actions-trading,Sim4-1,0126Z0,skip,adx_high,7397bbac662e
14923626,2026-10-01 15:13:05,actions-trading,Sim4-1,004105,skip,amount,bcc187902109
14923626,2026-10-01 15:13:05,actions-trading,Sim4-1,112610,skip,period,9a06bf8d4b71
14923626,2026-10-01 15:13:05,actions-trading,Sim4-1,002360,skip,amount,0b55eea663ac
14923626,2026-10-01 15:13:05,actions-trading,Sim4-1,011690,skip,period,cb8cfc35faf9
14923626,2026-10-01 15:13:05,actions-trading,Sim4-1,480370,skip,amount,60ca9087fe66
14923626,2026-10-01 15:13:05,actions-trading,Sim4-1,195870,skip,held_or_cooldown,7d081085a7a0
14923626,2026-10-01 15:13:05,actions-trading,Sim4-1,001820,skip,adx_low,e6ba05ed646d
14923626,2026-10-01 15:13:05,actions-trading,Sim4-1,35320K,skip,amount,2884e804e10c
14923626,2026-10-01 15:13:05,actions-trading,Sim4-1,093050,skip,amount,98b123f4d18c
14923626,2026-10-01 15:13:05,actions-trading,Sim4-1,007660,skip,held_or_cooldown,dec18f9a16d9
14923626,2026-10-01 15:13:05,actions-trading,Sim4-1,317450,skip,amount,72260e8688a9
14923626,2026-10-01 15:13:05,actions-trading,Sim4-1,007810,skip,adx_high,dbc36e8bdf21
14923626,2026-10-01 15:13:06,actions-trading,선행매집,005930,skip,below_anchor,a2b3d941c7cf
14923626,2026-10-01 15:13:06,actions-trading,선행매집,005935,skip,below_anchor,65203d6f34e3
14923626,2026-10-01 15:13:06,actions-trading,선행매집,000660,skip,below_anchor,fbe060ee12bc
14923626,2026-10-01 15:13:06,actions-trading,선행매집,192650,skip,no_setup,744d0cff9571
14923626,2026-10-01 15:13:06,actions-trading,선행매집,028670,skip,held_awaiting_breakout,55603b1642ed
14923626,2026-10-01 15:13:06,actions-trading,선행매집,248070,skip,no_52w_anchor,e9fe6fbf1496
14923626,2026-10-01 15:13:06,actions-trading,선행매집,003280,skip,below_anchor,2a25631633b3
14923626,2026-10-01 15:13:06,actions-trading,선행매집,073240,skip,below_anchor,d98a1313828f
14923626,2026-10-01 15:13:06,actions-trading,선행매집,034220,skip,below_anchor,991a22c9b062
14923626,2026-10-01 15:13:06,actions-trading,선행매집,011200,skip,below_anchor,0980662527b0
14923626,2026-10-01 15:13:06,actions-trading,선행매집,007660,skip,below_anchor,dec18f9a16d9
14923626,2026-10-01 15:13:06,actions-trading,선행매집,001820,skip,below_anchor,e6ba05ed646d
14923626,2026-10-01 15:13:06,actions-trading,선행매집,001360,skip,no_52w_anchor,44512b0cfb90
14923626,2026-10-01 15:13:06,actions-trading,선행매집,093370,skip,below_anchor,e351bdf6dc64
14923626,2026-10-01 15:13:06,actions-trading,선행매집,002990,skip,below_anchor,2833c34af127
14923626,2026-10-01 15:13:06,actions-trading,선행매집,005880,skip,below_anchor,6243b20e31c9
14923626,2026-10-01 15:13:06,actions-trading,선행매집,003160,skip,no_setup,f299eb93d60d
14923626,2026-10-01 15:13:06,actions-trading,선행매집,068270,skip,below_anchor,520bec1463b5
14923626,2026-10-01 15:13:06,actions-trading,선행매집,272210,skip,below_anchor,fa52617c265c
14923626,2026-10-01 15:13:06,actions-trading,선행매집,006800,skip,below_anchor,cc5cdb9849cf
14923626,2026-10-01 15:13:06,actions-trading,선행매집,005360,skip,amount,6a3836104f86
14923626,2026-10-01 15:13:06,actions-trading,선행매집,003350,skip,below_anchor,d7f2db9c6ca4
14923626,2026-10-01 15:13:06,actions-trading,선행매집,001740,skip,below_anchor,b0c57c881e38
14923626,2026-10-01 15:13:06,actions-trading,선행매집,001210,skip,below_anchor,68b5cf69956e
14923626,2026-10-01 15:13:06,actions-trading,선행매집,001510,skip,below_anchor,b6161a0811e9
14923626,2026-10-01 15:13:06,actions-trading,선행매집,017670,skip,below_anchor,e0f5849e5133
14923626,2026-10-01 15:13:06,actions-trading,선행매집,002700,skip,amount,bc5d4edb2d4c
14923626,2026-10-01 15:13:06,actions-trading,선행매집,064400,skip,below_anchor,058bbca1d275
14923626,2026-10-01 15:13:06,actions-trading,선행매집,001200,skip,below_anchor,9d91431de84b
14923626,2026-10-01 15:13:06,actions-trading,선행매집,019170,skip,below_anchor,0deef7882a95
14923626,2026-10-01 15:13:06,actions-trading,Sim9,084010,skip,intra,cd2207918211
14923626,2026-10-01 15:13:06,actions-trading,Sim9,248070,skip,no_ohlc,e9fe6fbf1496
14923626,2026-10-01 15:13:06,actions-trading,Sim9,192650,skip,gap,744d0cff9571
14923626,2026-10-01 15:13:06,actions-trading,Sim9,353200,skip,gap,2ecc5e28c2ca
14923626,2026-10-01 15:13:06,actions-trading,Sim9,003160,skip,gap,f299eb93d60d
14923626,2026-10-01 15:13:06,actions-trading,Sim9,003350,skip,gap,d7f2db9c6ca4
14923626,2026-10-01 15:13:06,actions-trading,Sim9,001360,skip,no_ohlc,44512b0cfb90
14923626,2026-10-01 15:13:06,actions-trading,Sim9,005430,skip,gap,afc5fd9aec4b
14923626,2026-10-01 15:13:06,actions-trading,Sim9,009420,skip,gap,787b579fc52f
14923626,2026-10-01 15:13:06,actions-trading,Sim9,036570,skip,intra,92003e8ceb71
14923626,2026-10-01 15:13:06,actions-trading,Sim9,023150,skip,amount,6036ff564299
14923626,2026-10-01 15:13:06,actions-trading,Sim9,069640,skip,amount,9080eac424f7
14923626,2026-10-01 15:13:06,actions-trading,Sim9,004710,skip,gap,b1d814f08911
14923626,2026-10-01 15:13:06,actions-trading,Sim9,012030,skip,gap,b0c4826c688a
14923626,2026-10-01 15:13:06,actions-trading,Sim9,055490,skip,amount,b2b63e5bc133
14923626,2026-10-01 15:13:06,actions-trading,Sim9,109070,skip,amount,76370a0ce837
14923626,2026-10-01 15:13:06,actions-trading,Sim9,014680,skip,gap,0b047a49e532
14923626,2026-10-01 15:13:06,actions-trading,Sim9,0126Z0,skip,gap,7397bbac662e
14923626,2026-10-01 15:13:06,actions-trading,Sim9,004105,skip,no_ohlc,bcc187902109
14923626,2026-10-01 15:13:06,actions-trading,Sim9,112610,skip,gap,9a06bf8d4b71
14923626,2026-10-01 15:13:06,actions-trading,Sim9,002360,skip,amount,0b55eea663ac
14923626,2026-10-01 15:13:06,actions-trading,Sim9,011690,skip,gap,cb8cfc35faf9
14923626,2026-10-01 15:13:06,actions-trading,Sim9,480370,skip,amount,60ca9087fe66
14923626,2026-10-01 15:13:06,actions-trading,Sim9,195870,skip,gap,7d081085a7a0
14923626,2026-10-01 15:13:06,actions-trading,Sim9,001820,skip,gap,e6ba05ed646d
14923626,2026-10-01 15:13:06,actions-trading,Sim9,35320K,skip,amount,2884e804e10c
14923626,2026-10-01 15:13:06,actions-trading,Sim9,093050,skip,gap,98b123f4d18c
14923626,2026-10-01 15:13:06,actions-trading,Sim9,007660,skip,gap,dec18f9a16d9
14923626,2026-10-01 15:13:06,actions-trading,Sim9,317450,skip,gap,72260e8688a9
14923626,2026-10-01 15:13:06,actions-trading,Sim9,007810,skip,gap,dbc36e8bdf21
14923626,2026-10-01 15:13:06,actions-trading,미너비니,192820,skip,no_amount_field,89a159d219cc
14923626,2026-10-01 15:13:06,actions-trading,미너비니,443060,skip,below_pivot,8a819a9f7f7e
14923626,2026-10-01 15:13:06,actions-trading,미너비니,020120,skip,below_pivot,873b273799fa
14923626,2026-10-01 15:13:07,actions-trading,Sim12,084010,skip,avoid_frgn_sell_20d,cd2207918211
14923626,2026-10-01 15:13:07,actions-trading,Sim12,248070,skip,avoid_frgn_sell_20d,e9fe6fbf1496
14923626,2026-10-01 15:13:07,actions-trading,Sim12,192650,skip,pb2_not_crashed,744d0cff9571
14923626,2026-10-01 15:13:07,actions-trading,Sim12,353200,skip,avoid_orgn_sell_high_per,2ecc5e28c2ca
14923626,2026-10-01 15:13:07,actions-trading,Sim12,003160,skip,pb2_not_crashed,f299eb93d60d
14923626,2026-10-01 15:13:07,actions-trading,Sim12,003350,skip,pb2_not_crashed,d7f2db9c6ca4
14923626,2026-10-01 15:13:07,actions-trading,Sim12,001360,skip,pb2_not_crashed,44512b0cfb90
14923626,2026-10-01 15:13:07,actions-trading,Sim12,005430,skip,pb2_not_crashed,afc5fd9aec4b
14923626,2026-10-01 15:13:07,actions-trading,Sim12,009420,skip,pb2_no_inst_buying,787b579fc52f
14923626,2026-10-01 15:13:07,actions-trading,Sim12,036570,skip,pb2_not_crashed,92003e8ceb71
14923626,2026-10-01 15:13:07,actions-trading,Sim12,023150,skip,avoid_frgn_sell_20d,6036ff564299
14923626,2026-10-01 15:13:07,actions-trading,Sim12,069640,skip,avoid_frgn_sell_20d,9080eac424f7
14923626,2026-10-01 15:13:07,actions-trading,Sim12,004710,skip,avoid_frgn_sell_20d,b1d814f08911
14923626,2026-10-01 15:13:07,actions-trading,Sim12,012030,skip,avoid_frgn_sell_20d,b0c4826c688a
14923626,2026-10-01 15:13:07,actions-trading,Sim12,055490,skip,avoid_frgn_sell_20d,b2b63e5bc133
14923626,2026-10-01 15:13:07,actions-trading,Sim12,109070,skip,pb2_not_crashed,76370a0ce837
14923626,2026-10-01 15:13:07,actions-trading,Sim12,014680,skip,pb2_not_crashed,0b047a49e532
14923626,2026-10-01 15:13:07,actions-trading,Sim12,0126Z0,skip,avoid_frgn_sell_20d,7397bbac662e
14923626,2026-10-01 15:13:07,actions-trading,Sim12,004105,skip,pb2_not_crashed,bcc187902109
14923626,2026-10-01 15:13:07,actions-trading,Sim12,112610,skip,avoid_frgn_sell_20d,9a06bf8d4b71
14923626,2026-10-01 15:13:07,actions-trading,Sim12,002360,skip,pb2_not_crashed,0b55eea663ac
14923626,2026-10-01 15:13:07,actions-trading,Sim12,011690,skip,pb2_not_crashed,cb8cfc35faf9
14923626,2026-10-01 15:13:07,actions-trading,Sim12,480370,skip,pb2_not_crashed,60ca9087fe66
14923626,2026-10-01 15:13:07,actions-trading,Sim12,195870,skip,pb2_not_crashed,7d081085a7a0
14923626,2026-10-01 15:13:07,actions-trading,Sim12,001820,skip,pb2_not_crashed,e6ba05ed646d
14923626,2026-10-01 15:13:07,actions-trading,Sim12,35320K,skip,pb2_not_crashed,2884e804e10c
14923626,2026-10-01 15:13:07,actions-trading,Sim12,093050,skip,avoid_frgn_sell_20d,98b123f4d18c
14923626,2026-10-01 15:13:07,actions-trading,Sim12,007660,skip,pb2_not_crashed,dec18f9a16d9
14923626,2026-10-01 15:13:07,actions-trading,Sim12,317450,skip,avoid_frgn_sell_20d,72260e8688a9
14923626,2026-10-01 15:13:07,actions-trading,Sim12,007810,skip,avoid_orgn_sell_high_per,dbc36e8bdf21
14923626,2026-10-01 15:13:07,actions-trading,Sim12,009190,skip,pb2_no_inst_buying,9acda2dbba8d
14923626,2026-10-01 15:13:07,actions-trading,Sim12,051630,skip,pb2_not_crashed,85ca9e6b40c0
14923626,2026-10-01 15:13:07,actions-trading,Sim12,002820,skip,pb2_no_inst_buying,92a8e9b6934e
14923626,2026-10-01 15:13:07,actions-trading,Sim12,452260,skip,pb2_not_crashed,d258d4e9ebf3
14923626,2026-10-01 15:13:07,actions-trading,Sim12,002787,skip,avoid_amount_dry,2384cbc8eb2b
14923626,2026-10-01 15:13:07,actions-trading,Sim12,010950,skip,pb2_not_crashed,477f1a068b77
14923626,2026-10-01 15:13:07,actions-trading,Sim12,071090,skip,pb2_not_crashed,05ca8c79c0fe
14923626,2026-10-01 15:13:07,actions-trading,Sim12,010640,skip,avoid_frgn_sell_20d,a669f75fe86a
14923626,2026-10-01 15:13:07,actions-trading,Sim12,010955,skip,pb2_not_crashed,0a5e3d476453
14923626,2026-10-01 15:13:07,actions-trading,Sim12,361610,skip,pb2_not_crashed,1073c6034362
14923626,2026-10-01 15:13:07,actions-trading,Sim12,007110,skip,avoid_amount_dry,f72359af6c06
14923626,2026-10-01 15:13:07,actions-trading,Sim12,096770,skip,pb2_not_crashed,ad632db3576c
14923626,2026-10-01 15:13:07,actions-trading,Sim12,001770,skip,pb2_thin_liquidity,3988909adb9a
14923626,2026-10-01 15:13:07,actions-trading,Sim12,002070,skip,avoid_amount_dry,5e48ab8e3b7d
14923626,2026-10-01 15:13:07,actions-trading,Sim12,487570,skip,pb2_not_crashed,e4315b3f6345
14923626,2026-10-01 15:13:07,actions-trading,Sim12,003580,skip,pb2_not_crashed,ebbf1c6a77ec
14923626,2026-10-01 15:13:07,actions-trading,Sim12,003780,skip,avoid_frgn_sell_20d,4e415ea43f73
14923626,2026-10-01 15:13:07,actions-trading,Sim12,003075,skip,pb2_not_crashed,4bd8aa55f812
14923626,2026-10-01 15:13:07,actions-trading,Sim12,078930,skip,pb2_thin_liquidity,0bf003062aa4
14923626,2026-10-01 15:13:07,actions-trading,Sim12,011090,skip,avoid_amount_dry,56d5097add28
14923626,2026-10-01 15:13:07,actions-trading,Sim12,006200,skip,pb2_no_inst_buying,b241f7eaa815
14923626,2026-10-01 15:13:07,actions-trading,Sim12,002690,skip,avoid_frgn_sell_20d,da24897fa3b2
14923626,2026-10-01 15:13:07,actions-trading,Sim12,003030,skip,pb2_not_crashed,6033b23de84c
14923626,2026-10-01 15:13:07,actions-trading,Sim12,316140,skip,pb2_not_crashed,eb31f72798eb
14923626,2026-10-01 15:13:07,actions-trading,Sim12,007120,skip,pb2_not_crashed,30ee86eb2cf1
14923626,2026-10-01 15:13:07,actions-trading,Sim12,009810,skip,pb2_not_crashed,fee4c6444a45
14923626,2026-10-01 15:13:07,actions-trading,Sim12,044450,skip,pb2_not_crashed,a3eb048ccfba
14923626,2026-10-01 15:13:07,actions-trading,Sim12,005030,skip,avoid_amount_dry,43a2cfae514d
14923626,2026-10-01 15:13:07,actions-trading,Sim12,096775,skip,pb2_not_crashed,c966d4b3e6a2
14923626,2026-10-01 15:13:07,actions-trading,Sim12,017940,skip,pb2_not_crashed,195e2a14a7f2
14923626,2026-10-01 15:13:07,actions-trading,Sim13,084010,skip,theme_momentum_weak,cd2207918211
14923626,2026-10-01 15:13:07,actions-trading,Sim13,248070,skip,theme_momentum_weak,e9fe6fbf1496
14923626,2026-10-01 15:13:07,actions-trading,Sim13,192650,skip,no_frgn_support,744d0cff9571
14923626,2026-10-01 15:13:07,actions-trading,Sim13,353200,skip,adx_weak,2ecc5e28c2ca
14923626,2026-10-01 15:13:07,actions-trading,Sim13,003160,skip,no_frgn_support,f299eb93d60d
14923626,2026-10-01 15:13:07,actions-trading,Sim13,003350,skip,theme_momentum_weak,d7f2db9c6ca4
14923626,2026-10-01 15:13:07,actions-trading,Sim13,001360,skip,theme_momentum_weak,44512b0cfb90
14923626,2026-10-01 15:13:07,actions-trading,Sim13,005430,skip,theme_momentum_weak,afc5fd9aec4b
14923626,2026-10-01 15:13:07,actions-trading,Sim13,009420,skip,theme_momentum_weak,787b579fc52f
14923626,2026-10-01 15:13:07,actions-trading,Sim13,036570,skip,theme_momentum_weak,92003e8ceb71
14923626,2026-10-01 15:13:07,actions-trading,Sim13,023150,skip,theme_momentum_weak,6036ff564299
14923626,2026-10-01 15:13:07,actions-trading,Sim13,069640,skip,theme_momentum_weak,9080eac424f7
14923626,2026-10-01 15:13:07,actions-trading,Sim13,004710,skip,no_frgn_support,b1d814f08911
14923626,2026-10-01 15:13:07,actions-trading,Sim13,012030,skip,adx_weak,b0c4826c688a
14923626,2026-10-01 15:13:07,actions-trading,Sim13,055490,skip,theme_momentum_weak,b2b63e5bc133
14923626,2026-10-01 15:13:07,actions-trading,Sim13,109070,skip,amount_not_surprised,76370a0ce837
14923626,2026-10-01 15:13:07,actions-trading,Sim13,014680,skip,no_frgn_support,0b047a49e532
14923626,2026-10-01 15:13:07,actions-trading,Sim13,0126Z0,skip,theme_momentum_weak,7397bbac662e
14923626,2026-10-01 15:13:07,actions-trading,Sim13,004105,skip,no_frgn_support,bcc187902109
14923626,2026-10-01 15:13:07,actions-trading,Sim13,112610,skip,theme_momentum_weak,9a06bf8d4b71
14923626,2026-10-01 15:13:07,actions-trading,Sim13,002360,skip,amount_not_surprised,0b55eea663ac
14923626,2026-10-01 15:13:07,actions-trading,Sim13,011690,skip,theme_momentum_weak,cb8cfc35faf9
14923626,2026-10-01 15:13:07,actions-trading,Sim13,480370,skip,adx_weak,60ca9087fe66
14923626,2026-10-01 15:13:07,actions-trading,Sim13,195870,skip,adx_weak,7d081085a7a0
14923626,2026-10-01 15:13:07,actions-trading,Sim13,001820,skip,adx_weak,e6ba05ed646d
14923626,2026-10-01 15:13:07,actions-trading,Sim13,35320K,skip,theme_momentum_weak,2884e804e10c
14923626,2026-10-01 15:13:07,actions-trading,Sim13,093050,skip,theme_momentum_weak,98b123f4d18c
14923626,2026-10-01 15:13:07,actions-trading,Sim13,007660,skip,theme_momentum_weak,dec18f9a16d9
14923626,2026-10-01 15:13:07,actions-trading,Sim13,317450,skip,theme_momentum_weak,72260e8688a9
14923626,2026-10-01 15:13:07,actions-trading,Sim13,007810,skip,adx_weak,dbc36e8bdf21
14923627,2026-10-01 15:15:09,actions-trading,MFHS2,005935,skip,max_holdings,fafcaff020d1
14923627,2026-10-01 15:15:09,actions-trading,MFHS2,003280,seen,,41935f3a1d85
14923627,2026-10-01 15:15:09,actions-trading,MFHS2,003160,seen,,b062621a4eb7
14923627,2026-10-01 15:15:09,actions-trading,MFHS2,248070,seen,,5e8c99cfc44b
14923627,2026-10-01 15:15:09,actions-trading,MFHS2,001360,seen,,01c8b08c7a98
14923627,2026-10-01 15:15:09,actions-trading,MFHS2,001820,seen,,5cbb28b98c31
14923627,2026-10-01 15:15:09,actions-trading,MFHS2,034220,seen,,2d366fd2e8f8
14923627,2026-10-01 15:15:09,actions-trading,MFHS2,007660,seen,,390b081e0995
14923627,2026-10-01 15:15:09,actions-trading,MFHS2,002990,seen,,0a64f39932a3
14923627,2026-10-01 15:15:09,actions-trading,MFHS2,001740,seen,,e3a40b6e4b5a
14923627,2026-10-01 15:15:09,actions-trading,MFHS2,073240,seen,,9be605bf0866
14923627,2026-10-01 15:15:09,actions-trading,MFHS2,068270,seen,,fb44a83a2f02
14923627,2026-10-01 15:15:09,actions-trading,MFHS2,005360,seen,,4541ee976a9d
14923627,2026-10-01 15:15:09,actions-trading,MFHS2,003350,seen,,b370fb7784ca
14923627,2026-10-01 15:15:09,actions-trading,MFHS2,090460,seen,,b8fb92192646
14923627,2026-10-01 15:15:09,actions-trading,MFHS2,006800,seen,,75495620acb4
14923627,2026-10-01 15:15:09,actions-trading,MFHS2,005880,seen,,902304d55a0e
14923627,2026-10-01 15:15:09,actions-trading,MFHS2,001510,seen,,a3dc9a9cb917
14923627,2026-10-01 15:15:09,actions-trading,MFHS2,001210,seen,,31bbf0a36bdb
14923627,2026-10-01 15:15:09,actions-trading,MFHS2,001200,seen,,38ca7359eafc
14923627,2026-10-01 15:15:09,actions-trading,MFHS2,064400,seen,,6b2bf893044c
14923627,2026-10-01 15:15:09,actions-trading,MFHS2,005690,seen,,8ec6a5664cfd
14923627,2026-10-01 15:15:09,actions-trading,MFHS2,272210,seen,,8b03d83be14d
14923627,2026-10-01 15:15:09,actions-trading,MFHS2,019170,seen,,61c6eabcc743
14923627,2026-10-01 15:15:09,actions-trading,MFHS2,002700,seen,,f844fd8dce71
14923627,2026-10-01 15:15:09,actions-trading,MFHS2,003520,seen,,b01ee817258e
14923627,2026-10-01 15:15:09,actions-trading,MFHS2,000400,seen,,13b13f87f67c
14923627,2026-10-01 15:15:09,actions-trading,MFHS2,137310,seen,,873c217af48c
14923627,2026-10-01 15:15:09,actions-trading,MFHS2,032350,seen,,60fd81849e1f
14923627,2026-10-01 15:15:09,actions-trading,MFHS2,249420,seen,,479f7810c258
14923627,2026-10-01 15:15:11,actions-trading,상승모멘텀,084010,skip,max_holdings,4f8d7ee6c0d0
14923627,2026-10-01 15:15:11,actions-trading,상승모멘텀,248070,seen,,5e8c99cfc44b
14923627,2026-10-01 15:15:11,actions-trading,상승모멘텀,192650,seen,,36123c92bb04
14923627,2026-10-01 15:15:11,actions-trading,상승모멘텀,353200,seen,,6d9dfdd34943
14923627,2026-10-01 15:15:11,actions-trading,상승모멘텀,003160,seen,,b062621a4eb7
14923627,2026-10-01 15:15:11,actions-trading,상승모멘텀,003350,seen,,b370fb7784ca
14923627,2026-10-01 15:15:11,actions-trading,상승모멘텀,001360,seen,,01c8b08c7a98
14923627,2026-10-01 15:15:11,actions-trading,상승모멘텀,005430,seen,,a24098da6f3d
14923627,2026-10-01 15:15:11,actions-trading,상승모멘텀,009420,seen,,df43a0821061
14923627,2026-10-01 15:15:11,actions-trading,상승모멘텀,036570,seen,,4801615d2e54
14923627,2026-10-01 15:15:11,actions-trading,상승모멘텀,069640,seen,,5fe944997305
14923627,2026-10-01 15:15:11,actions-trading,상승모멘텀,004105,seen,,f800d667cb71
14923627,2026-10-01 15:15:11,actions-trading,상승모멘텀,004710,seen,,5b60ddb0bd0b
14923627,2026-10-01 15:15:11,actions-trading,상승모멘텀,023150,seen,,dc85e317d09d
14923627,2026-10-01 15:15:11,actions-trading,상승모멘텀,014680,seen,,d46e6e51202a
14923627,2026-10-01 15:15:11,actions-trading,상승모멘텀,055490,seen,,046446563dad
14923627,2026-10-01 15:15:11,actions-trading,상승모멘텀,012030,seen,,54712972d08f
14923627,2026-10-01 15:15:11,actions-trading,상승모멘텀,0126Z0,seen,,b02cace4f09a
14923627,2026-10-01 15:15:11,actions-trading,상승모멘텀,109070,seen,,2500090c6da8
14923627,2026-10-01 15:15:11,actions-trading,상승모멘텀,480370,seen,,57c3702105db
14923627,2026-10-01 15:15:11,actions-trading,상승모멘텀,002360,seen,,c79a8427a11d
14923627,2026-10-01 15:15:11,actions-trading,상승모멘텀,112610,seen,,6d60bab34ca1
14923627,2026-10-01 15:15:11,actions-trading,상승모멘텀,195870,seen,,5d4be31a2171
14923627,2026-10-01 15:15:11,actions-trading,상승모멘텀,35320K,seen,,e4c1e517c89b
14923627,2026-10-01 15:15:11,actions-trading,상승모멘텀,001820,seen,,5cbb28b98c31
14923627,2026-10-01 15:15:11,actions-trading,상승모멘텀,011690,seen,,087dbd3fd55e
14923627,2026-10-01 15:15:11,actions-trading,상승모멘텀,007660,seen,,390b081e0995
14923627,2026-10-01 15:15:11,actions-trading,상승모멘텀,317450,seen,,d46e8c5fb9b0
14923627,2026-10-01 15:15:11,actions-trading,상승모멘텀,093050,seen,,377c42113bc9
14923627,2026-10-01 15:15:11,actions-trading,상승모멘텀,011790,seen,,1548d9be8cf0
14923627,2026-10-01 15:15:11,actions-trading,Sim4-1,084010,skip,period,4f8d7ee6c0d0
14923627,2026-10-01 15:15:11,actions-trading,Sim4-1,248070,skip,period,5e8c99cfc44b
14923627,2026-10-01 15:15:11,actions-trading,Sim4-1,192650,skip,period,36123c92bb04
14923627,2026-10-01 15:15:11,actions-trading,Sim4-1,353200,skip,adx_high,6d9dfdd34943
14923627,2026-10-01 15:15:11,actions-trading,Sim4-1,003160,skip,held_or_cooldown,b062621a4eb7
14923627,2026-10-01 15:15:11,actions-trading,Sim4-1,003350,skip,adx_low,b370fb7784ca
14923627,2026-10-01 15:15:11,actions-trading,Sim4-1,001360,skip,adx_low,01c8b08c7a98
14923627,2026-10-01 15:15:11,actions-trading,Sim4-1,005430,skip,amount,a24098da6f3d
14923627,2026-10-01 15:15:11,actions-trading,Sim4-1,009420,skip,period,df43a0821061
14923627,2026-10-01 15:15:11,actions-trading,Sim4-1,036570,skip,period,4801615d2e54
14923627,2026-10-01 15:15:11,actions-trading,Sim4-1,069640,skip,amount,5fe944997305
14923627,2026-10-01 15:15:11,actions-trading,Sim4-1,004105,skip,amount,f800d667cb71
14923627,2026-10-01 15:15:11,actions-trading,Sim4-1,004710,skip,adx_high,5b60ddb0bd0b
14923627,2026-10-01 15:15:11,actions-trading,Sim4-1,023150,skip,amount,dc85e317d09d
14923627,2026-10-01 15:15:11,actions-trading,Sim4-1,014680,skip,adx_high,d46e6e51202a
14923627,2026-10-01 15:15:11,actions-trading,Sim4-1,055490,skip,amount,046446563dad
14923627,2026-10-01 15:15:11,actions-trading,Sim4-1,012030,skip,adx_high,54712972d08f
14923627,2026-10-01 15:15:11,actions-trading,Sim4-1,0126Z0,skip,adx_high,b02cace4f09a
14923627,2026-10-01 15:15:11,actions-trading,Sim4-1,109070,skip,amount,2500090c6da8
14923627,2026-10-01 15:15:11,actions-trading,Sim4-1,480370,skip,amount,57c3702105db
14923627,2026-10-01 15:15:11,actions-trading,Sim4-1,002360,skip,amount,c79a8427a11d
14923627,2026-10-01 15:15:11,actions-trading,Sim4-1,112610,skip,period,6d60bab34ca1
14923627,2026-10-01 15:15:11,actions-trading,Sim4-1,195870,skip,held_or_cooldown,5d4be31a2171
14923627,2026-10-01 15:15:11,actions-trading,Sim4-1,35320K,skip,amount,e4c1e517c89b
14923627,2026-10-01 15:15:11,actions-trading,Sim4-1,001820,skip,adx_low,5cbb28b98c31
14923627,2026-10-01 15:15:11,actions-trading,Sim4-1,011690,skip,period,087dbd3fd55e
14923627,2026-10-01 15:15:11,actions-trading,Sim4-1,007660,skip,held_or_cooldown,390b081e0995
14923627,2026-10-01 15:15:11,actions-trading,Sim4-1,317450,skip,amount,d46e8c5fb9b0
14923627,2026-10-01 15:15:11,actions-trading,Sim4-1,093050,skip,amount,377c42113bc9
14923627,2026-10-01 15:15:11,actions-trading,Sim4-1,011790,skip,adx_high,1548d9be8cf0
14923627,2026-10-01 15:15:12,actions-trading,선행매집,005930,skip,below_anchor,2ee007ca9173
14923627,2026-10-01 15:15:12,actions-trading,선행매집,005935,skip,below_anchor,fafcaff020d1
14923627,2026-10-01 15:15:12,actions-trading,선행매집,000660,skip,below_anchor,2968d1f97d91
14923627,2026-10-01 15:15:12,actions-trading,선행매집,192650,skip,no_setup,36123c92bb04
14923627,2026-10-01 15:15:12,actions-trading,선행매집,028670,skip,held_awaiting_breakout,05b868336025
14923627,2026-10-01 15:15:12,actions-trading,선행매집,248070,skip,below_anchor,5e8c99cfc44b
14923627,2026-10-01 15:15:12,actions-trading,선행매집,003280,skip,below_anchor,41935f3a1d85
14923627,2026-10-01 15:15:12,actions-trading,선행매집,073240,skip,below_anchor,9be605bf0866
14923627,2026-10-01 15:15:12,actions-trading,선행매집,034220,skip,below_anchor,2d366fd2e8f8
14923627,2026-10-01 15:15:12,actions-trading,선행매집,011200,skip,below_anchor,358f33f30899
14923627,2026-10-01 15:15:12,actions-trading,선행매집,007660,skip,below_anchor,390b081e0995
14923627,2026-10-01 15:15:12,actions-trading,선행매집,001820,skip,below_anchor,5cbb28b98c31
14923627,2026-10-01 15:15:12,actions-trading,선행매집,001360,skip,below_anchor,01c8b08c7a98
14923627,2026-10-01 15:15:12,actions-trading,선행매집,093370,skip,below_anchor,ed74e4992a46
14923627,2026-10-01 15:15:12,actions-trading,선행매집,002990,skip,below_anchor,0a64f39932a3
14923627,2026-10-01 15:15:12,actions-trading,선행매집,005880,skip,below_anchor,902304d55a0e
14923627,2026-10-01 15:15:12,actions-trading,선행매집,003160,skip,no_setup,b062621a4eb7
14923627,2026-10-01 15:15:12,actions-trading,선행매집,068270,skip,below_anchor,fb44a83a2f02
14923627,2026-10-01 15:15:12,actions-trading,선행매집,272210,skip,below_anchor,8b03d83be14d
14923627,2026-10-01 15:15:12,actions-trading,선행매집,006800,skip,below_anchor,75495620acb4
14923627,2026-10-01 15:15:12,actions-trading,선행매집,005360,skip,amount,4541ee976a9d
14923627,2026-10-01 15:15:12,actions-trading,선행매집,003350,skip,below_anchor,b370fb7784ca
14923627,2026-10-01 15:15:12,actions-trading,선행매집,001740,skip,below_anchor,e3a40b6e4b5a
14923627,2026-10-01 15:15:12,actions-trading,선행매집,001210,skip,below_anchor,31bbf0a36bdb
14923627,2026-10-01 15:15:12,actions-trading,선행매집,001510,skip,below_anchor,a3dc9a9cb917
14923627,2026-10-01 15:15:12,actions-trading,선행매집,017670,skip,below_anchor,3eb39897adcd
14923627,2026-10-01 15:15:12,actions-trading,선행매집,002700,skip,amount,f844fd8dce71
14923627,2026-10-01 15:15:12,actions-trading,선행매집,064400,skip,below_anchor,6b2bf893044c
14923627,2026-10-01 15:15:12,actions-trading,선행매집,001200,skip,below_anchor,38ca7359eafc
14923627,2026-10-01 15:15:12,actions-trading,선행매집,019170,skip,below_anchor,61c6eabcc743
14923627,2026-10-01 15:15:13,actions-trading,Sim9,084010,skip,intra,4f8d7ee6c0d0
14923627,2026-10-01 15:15:13,actions-trading,Sim9,248070,skip,gap,5e8c99cfc44b
14923627,2026-10-01 15:15:13,actions-trading,Sim9,192650,skip,gap,36123c92bb04
14923627,2026-10-01 15:15:13,actions-trading,Sim9,353200,skip,gap,6d9dfdd34943
14923627,2026-10-01 15:15:13,actions-trading,Sim9,003160,skip,gap,b062621a4eb7
14923627,2026-10-01 15:15:13,actions-trading,Sim9,003350,skip,gap,b370fb7784ca
14923627,2026-10-01 15:15:13,actions-trading,Sim9,001360,skip,gap,01c8b08c7a98
14923627,2026-10-01 15:15:13,actions-trading,Sim9,005430,skip,gap,a24098da6f3d
14923627,2026-10-01 15:15:13,actions-trading,Sim9,009420,skip,gap,df43a0821061
14923627,2026-10-01 15:15:13,actions-trading,Sim9,036570,skip,intra,4801615d2e54
14923627,2026-10-01 15:15:13,actions-trading,Sim9,069640,skip,amount,5fe944997305
14923627,2026-10-01 15:15:13,actions-trading,Sim9,004105,skip,amount,f800d667cb71
14923627,2026-10-01 15:15:13,actions-trading,Sim9,004710,skip,gap,5b60ddb0bd0b
14923627,2026-10-01 15:15:13,actions-trading,Sim9,023150,skip,amount,dc85e317d09d
14923627,2026-10-01 15:15:13,actions-trading,Sim9,014680,skip,gap,d46e6e51202a
14923627,2026-10-01 15:15:13,actions-trading,Sim9,055490,skip,amount,046446563dad
14923627,2026-10-01 15:15:13,actions-trading,Sim9,012030,skip,gap,54712972d08f
14923627,2026-10-01 15:15:13,actions-trading,Sim9,0126Z0,skip,gap,b02cace4f09a
14923627,2026-10-01 15:15:13,actions-trading,Sim9,109070,skip,amount,2500090c6da8
14923627,2026-10-01 15:15:13,actions-trading,Sim9,480370,skip,amount,57c3702105db
14923627,2026-10-01 15:15:13,actions-trading,Sim9,002360,skip,amount,c79a8427a11d
14923627,2026-10-01 15:15:13,actions-trading,Sim9,112610,skip,gap,6d60bab34ca1
14923627,2026-10-01 15:15:13,actions-trading,Sim9,195870,skip,gap,5d4be31a2171
14923627,2026-10-01 15:15:13,actions-trading,Sim9,35320K,skip,amount,e4c1e517c89b
14923627,2026-10-01 15:15:13,actions-trading,Sim9,001820,skip,gap,5cbb28b98c31
14923627,2026-10-01 15:15:13,actions-trading,Sim9,011690,skip,gap,087dbd3fd55e
14923627,2026-10-01 15:15:13,actions-trading,Sim9,007660,skip,gap,390b081e0995
14923627,2026-10-01 15:15:13,actions-trading,Sim9,317450,skip,gap,d46e8c5fb9b0
14923627,2026-10-01 15:15:13,actions-trading,Sim9,093050,skip,gap,377c42113bc9
14923627,2026-10-01 15:15:13,actions-trading,Sim9,011790,skip,gap,1548d9be8cf0
14923627,2026-10-01 15:15:13,actions-trading,미너비니,192820,skip,below_pivot,c76dcd4592df
14923627,2026-10-01 15:15:13,actions-trading,미너비니,443060,skip,below_pivot,9be6cb0909f8
14923627,2026-10-01 15:15:13,actions-trading,미너비니,020120,skip,below_pivot,726d7a9a1909
14923627,2026-10-01 15:15:13,actions-trading,Sim12,084010,skip,avoid_frgn_sell_20d,4f8d7ee6c0d0
14923627,2026-10-01 15:15:13,actions-trading,Sim12,248070,skip,avoid_frgn_sell_20d,5e8c99cfc44b
14923627,2026-10-01 15:15:13,actions-trading,Sim12,192650,skip,pb2_not_crashed,36123c92bb04
14923627,2026-10-01 15:15:13,actions-trading,Sim12,353200,skip,avoid_orgn_sell_high_per,6d9dfdd34943
14923627,2026-10-01 15:15:13,actions-trading,Sim12,003160,skip,pb2_not_crashed,b062621a4eb7
14923627,2026-10-01 15:15:13,actions-trading,Sim12,003350,skip,pb2_not_crashed,b370fb7784ca
14923627,2026-10-01 15:15:13,actions-trading,Sim12,001360,skip,pb2_not_crashed,01c8b08c7a98
14923627,2026-10-01 15:15:13,actions-trading,Sim12,005430,skip,pb2_not_crashed,a24098da6f3d
14923627,2026-10-01 15:15:13,actions-trading,Sim12,009420,skip,pb2_no_inst_buying,df43a0821061
14923627,2026-10-01 15:15:13,actions-trading,Sim12,036570,skip,pb2_not_crashed,4801615d2e54
14923627,2026-10-01 15:15:13,actions-trading,Sim12,069640,skip,avoid_frgn_sell_20d,5fe944997305
14923627,2026-10-01 15:15:13,actions-trading,Sim12,004105,skip,pb2_not_crashed,f800d667cb71
14923627,2026-10-01 15:15:13,actions-trading,Sim12,004710,skip,avoid_frgn_sell_20d,5b60ddb0bd0b
14923627,2026-10-01 15:15:13,actions-trading,Sim12,023150,skip,avoid_frgn_sell_20d,dc85e317d09d
14923627,2026-10-01 15:15:13,actions-trading,Sim12,014680,skip,pb2_not_crashed,d46e6e51202a
14923627,2026-10-01 15:15:13,actions-trading,Sim12,055490,skip,avoid_frgn_sell_20d,046446563dad
14923627,2026-10-01 15:15:13,actions-trading,Sim12,012030,skip,avoid_frgn_sell_20d,54712972d08f
14923627,2026-10-01 15:15:13,actions-trading,Sim12,0126Z0,skip,avoid_frgn_sell_20d,b02cace4f09a
14923627,2026-10-01 15:15:13,actions-trading,Sim12,109070,skip,pb2_not_crashed,2500090c6da8
14923627,2026-10-01 15:15:13,actions-trading,Sim12,480370,skip,pb2_not_crashed,57c3702105db
14923627,2026-10-01 15:15:13,actions-trading,Sim12,002360,skip,pb2_not_crashed,c79a8427a11d
14923627,2026-10-01 15:15:13,actions-trading,Sim12,112610,skip,avoid_frgn_sell_20d,6d60bab34ca1
14923627,2026-10-01 15:15:13,actions-trading,Sim12,195870,skip,pb2_not_crashed,5d4be31a2171
14923627,2026-10-01 15:15:13,actions-trading,Sim12,35320K,skip,pb2_not_crashed,e4c1e517c89b
14923627,2026-10-01 15:15:13,actions-trading,Sim12,001820,skip,pb2_not_crashed,5cbb28b98c31
14923627,2026-10-01 15:15:13,actions-trading,Sim12,011690,skip,pb2_not_crashed,087dbd3fd55e
14923627,2026-10-01 15:15:13,actions-trading,Sim12,007660,skip,pb2_not_crashed,390b081e0995
14923627,2026-10-01 15:15:13,actions-trading,Sim12,317450,skip,avoid_frgn_sell_20d,d46e8c5fb9b0
14923627,2026-10-01 15:15:13,actions-trading,Sim12,093050,skip,avoid_frgn_sell_20d,377c42113bc9
14923627,2026-10-01 15:15:13,actions-trading,Sim12,011790,skip,avoid_frgn_sell_20d,1548d9be8cf0
14923627,2026-10-01 15:15:13,actions-trading,Sim12,051630,skip,pb2_not_crashed,595183cb2002
14923627,2026-10-01 15:15:13,actions-trading,Sim12,009190,skip,pb2_no_inst_buying,5cc70ef01947
14923627,2026-10-01 15:15:13,actions-trading,Sim12,002820,skip,pb2_no_inst_buying,af0c4e3b74ed
14923627,2026-10-01 15:15:13,actions-trading,Sim12,452260,skip,pb2_not_crashed,d6fb1faa94de
14923627,2026-10-01 15:15:13,actions-trading,Sim12,002787,skip,avoid_amount_dry,2384cbc8eb2b
14923627,2026-10-01 15:15:13,actions-trading,Sim12,010950,skip,pb2_not_crashed,827724bdb6e8
14923627,2026-10-01 15:15:13,actions-trading,Sim12,071090,skip,pb2_not_crashed,6c022d56be41
14923627,2026-10-01 15:15:13,actions-trading,Sim12,010640,skip,avoid_frgn_sell_20d,a2af0333d00e
14923627,2026-10-01 15:15:13,actions-trading,Sim12,010955,skip,pb2_not_crashed,2b2a3ad98912
14923627,2026-10-01 15:15:13,actions-trading,Sim12,007110,skip,avoid_amount_dry,6e6ce7795753
14923627,2026-10-01 15:15:13,actions-trading,Sim12,361610,skip,pb2_not_crashed,b2fe4a428934
14923627,2026-10-01 15:15:13,actions-trading,Sim12,001770,skip,pb2_thin_liquidity,3988909adb9a
14923627,2026-10-01 15:15:13,actions-trading,Sim12,096770,skip,pb2_not_crashed,7af3d455806e
14923627,2026-10-01 15:15:13,actions-trading,Sim12,487570,skip,pb2_not_crashed,7fea95faae0f
14923627,2026-10-01 15:15:13,actions-trading,Sim12,002070,skip,avoid_amount_dry,267bd58c41f0
14923627,2026-10-01 15:15:13,actions-trading,Sim12,003780,skip,avoid_frgn_sell_20d,27d012998fe7
14923627,2026-10-01 15:15:13,actions-trading,Sim12,003075,skip,pb2_not_crashed,8157f19022f6
14923627,2026-10-01 15:15:13,actions-trading,Sim12,011090,skip,avoid_amount_dry,7cf5f4e4d372
14923627,2026-10-01 15:15:13,actions-trading,Sim12,078930,skip,pb2_thin_liquidity,bec36fd319ea
14923627,2026-10-01 15:15:13,actions-trading,Sim12,002690,skip,avoid_frgn_sell_20d,522839d3e24e
14923627,2026-10-01 15:15:13,actions-trading,Sim12,006200,skip,pb2_no_inst_buying,d05bd1965c9d
14923627,2026-10-01 15:15:13,actions-trading,Sim12,044450,skip,pb2_not_crashed,b60213c1752c
14923627,2026-10-01 15:15:13,actions-trading,Sim12,007120,skip,pb2_not_crashed,596cc5f45f2f
14923627,2026-10-01 15:15:13,actions-trading,Sim12,009810,skip,pb2_not_crashed,331e33d4e121
14923627,2026-10-01 15:15:13,actions-trading,Sim12,003030,skip,pb2_not_crashed,c30c6fe81f4e
14923627,2026-10-01 15:15:13,actions-trading,Sim12,316140,skip,pb2_not_crashed,757d68f2be9c
14923627,2026-10-01 15:15:13,actions-trading,Sim12,005030,skip,avoid_amount_dry,43a2cfae514d
14923627,2026-10-01 15:15:13,actions-trading,Sim12,096775,skip,pb2_not_crashed,8fce93b75c90
14923627,2026-10-01 15:15:13,actions-trading,Sim12,003580,skip,pb2_not_crashed,f9b577a1fea6
14923627,2026-10-01 15:15:13,actions-trading,Sim12,017940,skip,pb2_not_crashed,89bcbff2e019
14923627,2026-10-01 15:15:13,actions-trading,Sim13,084010,skip,theme_momentum_weak,4f8d7ee6c0d0
14923627,2026-10-01 15:15:13,actions-trading,Sim13,248070,skip,theme_momentum_weak,5e8c99cfc44b
14923627,2026-10-01 15:15:13,actions-trading,Sim13,192650,skip,no_frgn_support,36123c92bb04
14923627,2026-10-01 15:15:13,actions-trading,Sim13,353200,skip,adx_weak,6d9dfdd34943
14923627,2026-10-01 15:15:13,actions-trading,Sim13,003160,skip,no_frgn_support,b062621a4eb7
14923627,2026-10-01 15:15:13,actions-trading,Sim13,003350,skip,theme_momentum_weak,b370fb7784ca
14923627,2026-10-01 15:15:13,actions-trading,Sim13,001360,skip,theme_momentum_weak,01c8b08c7a98
14923627,2026-10-01 15:15:13,actions-trading,Sim13,005430,skip,theme_momentum_weak,a24098da6f3d
14923627,2026-10-01 15:15:13,actions-trading,Sim13,009420,skip,theme_momentum_weak,df43a0821061
14923627,2026-10-01 15:15:13,actions-trading,Sim13,036570,skip,theme_momentum_weak,4801615d2e54
14923627,2026-10-01 15:15:13,actions-trading,Sim13,069640,skip,theme_momentum_weak,5fe944997305
14923627,2026-10-01 15:15:13,actions-trading,Sim13,004105,skip,no_frgn_support,f800d667cb71
14923627,2026-10-01 15:15:13,actions-trading,Sim13,004710,skip,no_frgn_support,5b60ddb0bd0b
14923627,2026-10-01 15:15:13,actions-trading,Sim13,023150,skip,theme_momentum_weak,dc85e317d09d
14923627,2026-10-01 15:15:13,actions-trading,Sim13,014680,skip,no_frgn_support,d46e6e51202a
14923627,2026-10-01 15:15:13,actions-trading,Sim13,055490,skip,theme_momentum_weak,046446563dad
14923627,2026-10-01 15:15:13,actions-trading,Sim13,012030,skip,adx_weak,54712972d08f
14923627,2026-10-01 15:15:13,actions-trading,Sim13,0126Z0,skip,theme_momentum_weak,b02cace4f09a
14923627,2026-10-01 15:15:13,actions-trading,Sim13,109070,skip,amount_not_surprised,2500090c6da8
14923627,2026-10-01 15:15:13,actions-trading,Sim13,480370,skip,adx_weak,57c3702105db
14923627,2026-10-01 15:15:13,actions-trading,Sim13,002360,skip,amount_not_surprised,c79a8427a11d
14923627,2026-10-01 15:15:13,actions-trading,Sim13,112610,skip,theme_momentum_weak,6d60bab34ca1
14923627,2026-10-01 15:15:13,actions-trading,Sim13,195870,skip,adx_weak,5d4be31a2171
14923627,2026-10-01 15:15:13,actions-trading,Sim13,35320K,skip,theme_momentum_weak,e4c1e517c89b
14923627,2026-10-01 15:15:13,actions-trading,Sim13,001820,skip,adx_weak,5cbb28b98c31
14923627,2026-10-01 15:15:13,actions-trading,Sim13,011690,skip,theme_momentum_weak,087dbd3fd55e
14923627,2026-10-01 15:15:13,actions-trading,Sim13,007660,skip,theme_momentum_weak,390b081e0995
14923627,2026-10-01 15:15:13,actions-trading,Sim13,317450,skip,theme_momentum_weak,d46e8c5fb9b0
14923627,2026-10-01 15:15:13,actions-trading,Sim13,093050,skip,theme_momentum_weak,377c42113bc9
14923627,2026-10-01 15:15:13,actions-trading,Sim13,011790,skip,theme_momentum_weak,1548d9be8cf0
14923628,2026-10-01 15:17:08,actions-trading,MFHS2,005935,skip,max_holdings,9e502d6678e5
14923628,2026-10-01 15:17:08,actions-trading,MFHS2,003280,seen,,c9a1b2bbf052
14923628,2026-10-01 15:17:08,actions-trading,MFHS2,003160,seen,,94577f50d974
14923628,2026-10-01 15:17:08,actions-trading,MFHS2,248070,seen,,e317ca79fd12
14923628,2026-10-01 15:17:08,actions-trading,MFHS2,001360,seen,,4c68d4cf18ab
14923628,2026-10-01 15:17:08,actions-trading,MFHS2,001820,seen,,fdd3d9ef7a3f
14923628,2026-10-01 15:17:08,actions-trading,MFHS2,034220,seen,,9b3e0f32b66c
14923628,2026-10-01 15:17:08,actions-trading,MFHS2,007660,seen,,21759144bafa
14923628,2026-10-01 15:17:08,actions-trading,MFHS2,002990,seen,,e0372a032b5b
14923628,2026-10-01 15:17:08,actions-trading,MFHS2,001740,seen,,8b01fb865e3b
14923628,2026-10-01 15:17:08,actions-trading,MFHS2,073240,seen,,bf5eaf2ee64a
14923628,2026-10-01 15:17:08,actions-trading,MFHS2,068270,seen,,26bce9d0aaa3
14923628,2026-10-01 15:17:08,actions-trading,MFHS2,005360,seen,,d3c4d1aefd26
14923628,2026-10-01 15:17:08,actions-trading,MFHS2,003350,seen,,e555dab9bfe8
14923628,2026-10-01 15:17:08,actions-trading,MFHS2,090460,seen,,7576240bb970
14923628,2026-10-01 15:17:08,actions-trading,MFHS2,006800,seen,,fe318f0d50e6
14923628,2026-10-01 15:17:08,actions-trading,MFHS2,005880,seen,,60231f543055
14923628,2026-10-01 15:17:08,actions-trading,MFHS2,001510,seen,,cc909afe7073
14923628,2026-10-01 15:17:08,actions-trading,MFHS2,001210,seen,,e809d1003dcc
14923628,2026-10-01 15:17:08,actions-trading,MFHS2,001200,seen,,4c374c96469f
14923628,2026-10-01 15:17:08,actions-trading,MFHS2,064400,seen,,fcc6d8e73299
14923628,2026-10-01 15:17:08,actions-trading,MFHS2,005690,seen,,15bf822f595a
14923628,2026-10-01 15:17:08,actions-trading,MFHS2,272210,seen,,03a6e0a7b29d
14923628,2026-10-01 15:17:08,actions-trading,MFHS2,019170,seen,,6260d128bb91
14923628,2026-10-01 15:17:08,actions-trading,MFHS2,002700,seen,,f01faf596406
14923628,2026-10-01 15:17:08,actions-trading,MFHS2,003520,seen,,310b34faaa82
14923628,2026-10-01 15:17:08,actions-trading,MFHS2,000400,seen,,0f658487d2f6
14923628,2026-10-01 15:17:08,actions-trading,MFHS2,137310,seen,,6f4c05d630c6
14923628,2026-10-01 15:17:08,actions-trading,MFHS2,032350,seen,,8560afd8d69f
14923628,2026-10-01 15:17:08,actions-trading,MFHS2,249420,seen,,f9de9b75455e
14923628,2026-10-01 15:17:09,actions-trading,상승모멘텀,084010,skip,max_holdings,462d8ccb4108
14923628,2026-10-01 15:17:09,actions-trading,상승모멘텀,248070,seen,,e317ca79fd12
14923628,2026-10-01 15:17:09,actions-trading,상승모멘텀,192650,seen,,548aa795eaed
14923628,2026-10-01 15:17:09,actions-trading,상승모멘텀,353200,seen,,abffe8cb6b9e
14923628,2026-10-01 15:17:09,actions-trading,상승모멘텀,003160,seen,,94577f50d974
14923628,2026-10-01 15:17:09,actions-trading,상승모멘텀,003350,seen,,e555dab9bfe8
14923628,2026-10-01 15:17:09,actions-trading,상승모멘텀,001360,seen,,4c68d4cf18ab
14923628,2026-10-01 15:17:09,actions-trading,상승모멘텀,005430,seen,,b5144ddc3098
14923628,2026-10-01 15:17:09,actions-trading,상승모멘텀,036570,seen,,d91c0bcc11c4
14923628,2026-10-01 15:17:09,actions-trading,상승모멘텀,009420,seen,,8320fbb20074
14923628,2026-10-01 15:17:09,actions-trading,상승모멘텀,023150,seen,,d099b31f5680
14923628,2026-10-01 15:17:09,actions-trading,상승모멘텀,069640,seen,,8dc27c728669
14923628,2026-10-01 15:17:09,actions-trading,상승모멘텀,004710,seen,,a2abcc14f238
14923628,2026-10-01 15:17:09,actions-trading,상승모멘텀,014680,seen,,2fc89ed9dc5e
14923628,2026-10-01 15:17:09,actions-trading,상승모멘텀,012030,seen,,dde02b9c0410
14923628,2026-10-01 15:17:09,actions-trading,상승모멘텀,109070,seen,,a4ac8968c2db
14923628,2026-10-01 15:17:09,actions-trading,상승모멘텀,480370,seen,,bb5904f8480e
14923628,2026-10-01 15:17:09,actions-trading,상승모멘텀,112610,seen,,bf890026f809
14923628,2026-10-01 15:17:09,actions-trading,상승모멘텀,002360,seen,,01cb1ddd2387
14923628,2026-10-01 15:17:09,actions-trading,상승모멘텀,0126Z0,seen,,d386678db9ad
14923628,2026-10-01 15:17:09,actions-trading,상승모멘텀,055490,seen,,914de4afeb14
14923628,2026-10-01 15:17:09,actions-trading,상승모멘텀,004105,seen,,506f952381b1
14923628,2026-10-01 15:17:09,actions-trading,상승모멘텀,195870,seen,,5af00351b42a
14923628,2026-10-01 15:17:09,actions-trading,상승모멘텀,35320K,seen,,1e5906aa0149
14923628,2026-10-01 15:17:09,actions-trading,상승모멘텀,007660,seen,,21759144bafa
14923628,2026-10-01 15:17:09,actions-trading,상승모멘텀,011690,seen,,fcc321d1dc41
14923628,2026-10-01 15:17:09,actions-trading,상승모멘텀,317450,seen,,e8ff7bf842e1
14923628,2026-10-01 15:17:09,actions-trading,상승모멘텀,093050,seen,,645acf6e3be3
14923628,2026-10-01 15:17:09,actions-trading,상승모멘텀,005850,seen,,d1ea3bd375b7
14923628,2026-10-01 15:17:09,actions-trading,상승모멘텀,077500,seen,,25c8b6825255
14923628,2026-10-01 15:17:09,actions-trading,Sim4-1,084010,skip,period,462d8ccb4108
14923628,2026-10-01 15:17:09,actions-trading,Sim4-1,248070,skip,period,e317ca79fd12
14923628,2026-10-01 15:17:09,actions-trading,Sim4-1,192650,skip,period,548aa795eaed
14923628,2026-10-01 15:17:09,actions-trading,Sim4-1,353200,skip,adx_high,abffe8cb6b9e
14923628,2026-10-01 15:17:09,actions-trading,Sim4-1,003160,skip,held_or_cooldown,94577f50d974
14923628,2026-10-01 15:17:09,actions-trading,Sim4-1,003350,skip,adx_low,e555dab9bfe8
14923628,2026-10-01 15:17:09,actions-trading,Sim4-1,001360,skip,adx_low,4c68d4cf18ab
14923628,2026-10-01 15:17:09,actions-trading,Sim4-1,005430,skip,amount,b5144ddc3098
14923628,2026-10-01 15:17:09,actions-trading,Sim4-1,036570,skip,period,d91c0bcc11c4
14923628,2026-10-01 15:17:09,actions-trading,Sim4-1,009420,skip,period,8320fbb20074
14923628,2026-10-01 15:17:09,actions-trading,Sim4-1,023150,skip,amount,d099b31f5680
14923628,2026-10-01 15:17:09,actions-trading,Sim4-1,069640,skip,amount,8dc27c728669
14923628,2026-10-01 15:17:09,actions-trading,Sim4-1,004710,skip,adx_high,a2abcc14f238
14923628,2026-10-01 15:17:09,actions-trading,Sim4-1,014680,skip,adx_high,2fc89ed9dc5e
14923628,2026-10-01 15:17:09,actions-trading,Sim4-1,012030,skip,adx_high,dde02b9c0410
14923628,2026-10-01 15:17:09,actions-trading,Sim4-1,109070,skip,amount,a4ac8968c2db
14923628,2026-10-01 15:17:09,actions-trading,Sim4-1,480370,skip,amount,bb5904f8480e
14923628,2026-10-01 15:17:09,actions-trading,Sim4-1,112610,skip,period,bf890026f809
14923628,2026-10-01 15:17:09,actions-trading,Sim4-1,002360,skip,amount,01cb1ddd2387
14923628,2026-10-01 15:17:09,actions-trading,Sim4-1,0126Z0,skip,adx_high,d386678db9ad
14923628,2026-10-01 15:17:09,actions-trading,Sim4-1,055490,skip,amount,914de4afeb14
14923628,2026-10-01 15:17:09,actions-trading,Sim4-1,004105,skip,amount,506f952381b1
14923628,2026-10-01 15:17:09,actions-trading,Sim4-1,195870,skip,held_or_cooldown,5af00351b42a
14923628,2026-10-01 15:17:09,actions-trading,Sim4-1,35320K,skip,amount,1e5906aa0149
14923628,2026-10-01 15:17:09,actions-trading,Sim4-1,007660,skip,held_or_cooldown,21759144bafa
14923628,2026-10-01 15:17:09,actions-trading,Sim4-1,011690,skip,period,fcc321d1dc41
14923628,2026-10-01 15:17:09,actions-trading,Sim4-1,317450,skip,amount,e8ff7bf842e1
14923628,2026-10-01 15:17:09,actions-trading,Sim4-1,093050,skip,amount,645acf6e3be3
14923628,2026-10-01 15:17:09,actions-trading,Sim4-1,005850,skip,adx_low,d1ea3bd375b7
14923628,2026-10-01 15:17:09,actions-trading,Sim4-1,077500,skip,adx_high,25c8b6825255
14923628,2026-10-01 15:17:10,actions-trading,선행매집,005930,skip,below_anchor,30e2d07f8e1d
14923628,2026-10-01 15:17:10,actions-trading,선행매집,005935,skip,below_anchor,9e502d6678e5
14923628,2026-10-01 15:17:10,actions-trading,선행매집,000660,skip,below_anchor,c7f27c997178
14923628,2026-10-01 15:17:10,actions-trading,선행매집,192650,skip,no_setup,548aa795eaed
14923628,2026-10-01 15:17:10,actions-trading,선행매집,028670,skip,held_awaiting_breakout,7c817377985d
14923628,2026-10-01 15:17:10,actions-trading,선행매집,248070,skip,below_anchor,e317ca79fd12
14923628,2026-10-01 15:17:10,actions-trading,선행매집,003280,skip,below_anchor,c9a1b2bbf052
14923628,2026-10-01 15:17:10,actions-trading,선행매집,073240,skip,below_anchor,bf5eaf2ee64a
14923628,2026-10-01 15:17:10,actions-trading,선행매집,034220,skip,below_anchor,9b3e0f32b66c
14923628,2026-10-01 15:17:10,actions-trading,선행매집,011200,skip,below_anchor,11a399ac3d9d
14923628,2026-10-01 15:17:10,actions-trading,선행매집,007660,skip,below_anchor,21759144bafa
14923628,2026-10-01 15:17:10,actions-trading,선행매집,001820,skip,below_anchor,fdd3d9ef7a3f
14923628,2026-10-01 15:17:10,actions-trading,선행매집,001360,skip,below_anchor,4c68d4cf18ab
14923628,2026-10-01 15:17:10,actions-trading,선행매집,093370,skip,below_anchor,5f64e7b51074
14923628,2026-10-01 15:17:10,actions-trading,선행매집,002990,skip,below_anchor,e0372a032b5b
14923628,2026-10-01 15:17:10,actions-trading,선행매집,005880,skip,below_anchor,60231f543055
14923628,2026-10-01 15:17:10,actions-trading,선행매집,003160,skip,no_setup,94577f50d974
14923628,2026-10-01 15:17:10,actions-trading,선행매집,068270,skip,below_anchor,26bce9d0aaa3
14923628,2026-10-01 15:17:10,actions-trading,선행매집,272210,skip,below_anchor,03a6e0a7b29d
14923628,2026-10-01 15:17:10,actions-trading,선행매집,006800,skip,below_anchor,fe318f0d50e6
14923628,2026-10-01 15:17:10,actions-trading,선행매집,005360,skip,amount,d3c4d1aefd26
14923628,2026-10-01 15:17:10,actions-trading,선행매집,003350,skip,below_anchor,e555dab9bfe8
14923628,2026-10-01 15:17:10,actions-trading,선행매집,001740,skip,below_anchor,8b01fb865e3b
14923628,2026-10-01 15:17:10,actions-trading,선행매집,001210,skip,below_anchor,e809d1003dcc
14923628,2026-10-01 15:17:10,actions-trading,선행매집,001510,skip,below_anchor,cc909afe7073
14923628,2026-10-01 15:17:10,actions-trading,선행매집,017670,skip,below_anchor,977c81e03995
14923628,2026-10-01 15:17:10,actions-trading,선행매집,002700,skip,amount,f01faf596406
14923628,2026-10-01 15:17:10,actions-trading,선행매집,064400,skip,below_anchor,fcc6d8e73299
14923628,2026-10-01 15:17:10,actions-trading,선행매집,001200,skip,below_anchor,4c374c96469f
14923628,2026-10-01 15:17:10,actions-trading,선행매집,019170,skip,below_anchor,6260d128bb91
14923628,2026-10-01 15:17:11,actions-trading,Sim9,084010,skip,range_pos,462d8ccb4108
14923628,2026-10-01 15:17:11,actions-trading,Sim9,248070,skip,gap,e317ca79fd12
14923628,2026-10-01 15:17:11,actions-trading,Sim9,192650,skip,gap,548aa795eaed
14923628,2026-10-01 15:17:11,actions-trading,Sim9,353200,skip,gap,abffe8cb6b9e
14923628,2026-10-01 15:17:11,actions-trading,Sim9,003160,skip,gap,94577f50d974
14923628,2026-10-01 15:17:11,actions-trading,Sim9,003350,skip,gap,e555dab9bfe8
14923628,2026-10-01 15:17:11,actions-trading,Sim9,001360,skip,gap,4c68d4cf18ab
14923628,2026-10-01 15:17:11,actions-trading,Sim9,005430,skip,gap,b5144ddc3098
14923628,2026-10-01 15:17:11,actions-trading,Sim9,036570,skip,intra,d91c0bcc11c4
14923628,2026-10-01 15:17:11,actions-trading,Sim9,009420,skip,gap,8320fbb20074
14923628,2026-10-01 15:17:11,actions-trading,Sim9,023150,skip,amount,d099b31f5680
14923628,2026-10-01 15:17:11,actions-trading,Sim9,069640,skip,amount,8dc27c728669
14923628,2026-10-01 15:17:11,actions-trading,Sim9,004710,skip,gap,a2abcc14f238
14923628,2026-10-01 15:17:11,actions-trading,Sim9,014680,skip,gap,2fc89ed9dc5e
14923628,2026-10-01 15:17:11,actions-trading,Sim9,012030,skip,gap,dde02b9c0410
14923628,2026-10-01 15:17:11,actions-trading,Sim9,109070,skip,amount,a4ac8968c2db
14923628,2026-10-01 15:17:11,actions-trading,Sim9,480370,skip,amount,bb5904f8480e
14923628,2026-10-01 15:17:11,actions-trading,Sim9,112610,skip,gap,bf890026f809
14923628,2026-10-01 15:17:11,actions-trading,Sim9,002360,skip,amount,01cb1ddd2387
14923628,2026-10-01 15:17:11,actions-trading,Sim9,0126Z0,skip,gap,d386678db9ad
14923628,2026-10-01 15:17:11,actions-trading,Sim9,055490,skip,amount,914de4afeb14
14923628,2026-10-01 15:17:11,actions-trading,Sim9,004105,skip,amount,506f952381b1
14923628,2026-10-01 15:17:11,actions-trading,Sim9,195870,skip,gap,5af00351b42a
14923628,2026-10-01 15:17:11,actions-trading,Sim9,35320K,skip,amount,1e5906aa0149
14923628,2026-10-01 15:17:11,actions-trading,Sim9,007660,skip,gap,21759144bafa
14923628,2026-10-01 15:17:11,actions-trading,Sim9,011690,skip,gap,fcc321d1dc41
14923628,2026-10-01 15:17:11,actions-trading,Sim9,317450,skip,gap,e8ff7bf842e1
14923628,2026-10-01 15:17:11,actions-trading,Sim9,093050,skip,gap,645acf6e3be3
14923628,2026-10-01 15:17:11,actions-trading,Sim9,005850,skip,gap,d1ea3bd375b7
14923628,2026-10-01 15:17:11,actions-trading,Sim9,077500,skip,gap,25c8b6825255
14923628,2026-10-01 15:17:11,actions-trading,미너비니,192820,skip,below_pivot,9fd6a4aaf057
14923628,2026-10-01 15:17:11,actions-trading,미너비니,443060,skip,below_pivot,28032ff17978
14923628,2026-10-01 15:17:11,actions-trading,미너비니,020120,skip,below_pivot,315be3a89636
14923628,2026-10-01 15:17:11,actions-trading,Sim12,084010,skip,avoid_frgn_sell_20d,462d8ccb4108
14923628,2026-10-01 15:17:11,actions-trading,Sim12,248070,skip,avoid_frgn_sell_20d,e317ca79fd12
14923628,2026-10-01 15:17:11,actions-trading,Sim12,192650,skip,pb2_not_crashed,548aa795eaed
14923628,2026-10-01 15:17:11,actions-trading,Sim12,353200,skip,avoid_orgn_sell_high_per,abffe8cb6b9e
14923628,2026-10-01 15:17:11,actions-trading,Sim12,003160,skip,pb2_not_crashed,94577f50d974
14923628,2026-10-01 15:17:11,actions-trading,Sim12,003350,skip,pb2_not_crashed,e555dab9bfe8
14923628,2026-10-01 15:17:11,actions-trading,Sim12,001360,skip,pb2_not_crashed,4c68d4cf18ab
14923628,2026-10-01 15:17:11,actions-trading,Sim12,005430,skip,pb2_not_crashed,b5144ddc3098
14923628,2026-10-01 15:17:11,actions-trading,Sim12,036570,skip,pb2_not_crashed,d91c0bcc11c4
14923628,2026-10-01 15:17:11,actions-trading,Sim12,009420,skip,pb2_no_inst_buying,8320fbb20074
14923628,2026-10-01 15:17:11,actions-trading,Sim12,023150,skip,avoid_frgn_sell_20d,d099b31f5680
14923628,2026-10-01 15:17:11,actions-trading,Sim12,069640,skip,avoid_frgn_sell_20d,8dc27c728669
14923628,2026-10-01 15:17:11,actions-trading,Sim12,004710,skip,avoid_frgn_sell_20d,a2abcc14f238
14923628,2026-10-01 15:17:11,actions-trading,Sim12,014680,skip,pb2_not_crashed,2fc89ed9dc5e
14923628,2026-10-01 15:17:11,actions-trading,Sim12,012030,skip,avoid_frgn_sell_20d,dde02b9c0410
14923628,2026-10-01 15:17:11,actions-trading,Sim12,109070,skip,pb2_not_crashed,a4ac8968c2db
14923628,2026-10-01 15:17:11,actions-trading,Sim12,480370,skip,pb2_not_crashed,bb5904f8480e
14923628,2026-10-01 15:17:11,actions-trading,Sim12,112610,skip,avoid_frgn_sell_20d,bf890026f809
14923628,2026-10-01 15:17:11,actions-trading,Sim12,002360,skip,pb2_not_crashed,01cb1ddd2387
14923628,2026-10-01 15:17:11,actions-trading,Sim12,0126Z0,skip,avoid_frgn_sell_20d,d386678db9ad
14923628,2026-10-01 15:17:11,actions-trading,Sim12,055490,skip,avoid_frgn_sell_20d,914de4afeb14
14923628,2026-10-01 15:17:11,actions-trading,Sim12,004105,skip,pb2_not_crashed,506f952381b1
14923628,2026-10-01 15:17:11,actions-trading,Sim12,195870,skip,pb2_not_crashed,5af00351b42a
14923628,2026-10-01 15:17:11,actions-trading,Sim12,35320K,skip,pb2_not_crashed,1e5906aa0149
14923628,2026-10-01 15:17:11,actions-trading,Sim12,007660,skip,pb2_not_crashed,21759144bafa
14923628,2026-10-01 15:17:11,actions-trading,Sim12,011690,skip,pb2_not_crashed,fcc321d1dc41
14923628,2026-10-01 15:17:11,actions-trading,Sim12,317450,skip,avoid_frgn_sell_20d,e8ff7bf842e1
14923628,2026-10-01 15:17:11,actions-trading,Sim12,093050,skip,avoid_frgn_sell_20d,645acf6e3be3
14923628,2026-10-01 15:17:11,actions-trading,Sim12,005850,skip,pb2_not_crashed,d1ea3bd375b7
14923628,2026-10-01 15:17:11,actions-trading,Sim12,077500,skip,pb2_not_crashed,25c8b6825255
14923628,2026-10-01 15:17:11,actions-trading,Sim12,009190,skip,pb2_no_inst_buying,b029a7fe7053
14923628,2026-10-01 15:17:11,actions-trading,Sim12,051630,skip,pb2_not_crashed,c5387ceb7b1f
14923628,2026-10-01 15:17:11,actions-trading,Sim12,002820,skip,pb2_no_inst_buying,af0c4e3b74ed
14923628,2026-10-01 15:17:11,actions-trading,Sim12,452260,skip,pb2_not_crashed,a9c5c268fc9c
14923628,2026-10-01 15:17:11,actions-trading,Sim12,002787,skip,avoid_amount_dry,2384cbc8eb2b
14923628,2026-10-01 15:17:11,actions-trading,Sim12,010950,skip,pb2_not_crashed,07e7457b64d0
14923628,2026-10-01 15:17:11,actions-trading,Sim12,071090,skip,pb2_not_crashed,1ccbe12b0c1d
14923628,2026-10-01 15:17:11,actions-trading,Sim12,010640,skip,avoid_frgn_sell_20d,9b60c5eec7ed
14923628,2026-10-01 15:17:11,actions-trading,Sim12,010955,skip,pb2_not_crashed,a16c980bb0ae
14923628,2026-10-01 15:17:11,actions-trading,Sim12,007110,skip,avoid_amount_dry,b63ec0ee1d46
14923628,2026-10-01 15:17:11,actions-trading,Sim12,001770,skip,pb2_thin_liquidity,3988909adb9a
14923628,2026-10-01 15:17:11,actions-trading,Sim12,096770,skip,pb2_not_crashed,e0624912f79e
14923628,2026-10-01 15:17:11,actions-trading,Sim12,361610,skip,pb2_not_crashed,5bd252ada22a
14923628,2026-10-01 15:17:11,actions-trading,Sim12,487570,skip,pb2_not_crashed,8539805f919c
14923628,2026-10-01 15:17:11,actions-trading,Sim12,002070,skip,avoid_amount_dry,c7ca271f3cc2
14923628,2026-10-01 15:17:11,actions-trading,Sim12,003780,skip,avoid_frgn_sell_20d,1c6c39425a4d
14923628,2026-10-01 15:17:11,actions-trading,Sim12,003580,skip,pb2_not_crashed,206406c04f10
14923628,2026-10-01 15:17:11,actions-trading,Sim12,078930,skip,pb2_thin_liquidity,ca210b234113
14923628,2026-10-01 15:17:11,actions-trading,Sim12,011090,skip,avoid_amount_dry,954d7aee1839
14923628,2026-10-01 15:17:11,actions-trading,Sim12,002690,skip,avoid_frgn_sell_20d,c0c13b8eb8a4
14923628,2026-10-01 15:17:11,actions-trading,Sim12,006200,skip,pb2_no_inst_buying,27a2a801e981
14923628,2026-10-01 15:17:11,actions-trading,Sim12,044450,skip,pb2_not_crashed,345ad9136b43
14923628,2026-10-01 15:17:11,actions-trading,Sim12,003030,skip,pb2_not_crashed,b01e8b65fcb7
14923628,2026-10-01 15:17:11,actions-trading,Sim12,009810,skip,pb2_not_crashed,665e490ec17a
14923628,2026-10-01 15:17:11,actions-trading,Sim12,003075,skip,pb2_not_crashed,d588c7b10c6d
14923628,2026-10-01 15:17:11,actions-trading,Sim12,007120,skip,pb2_not_crashed,09690216d536
14923628,2026-10-01 15:17:11,actions-trading,Sim12,005030,skip,avoid_amount_dry,43a2cfae514d
14923628,2026-10-01 15:17:11,actions-trading,Sim12,316140,skip,pb2_not_crashed,57eeb50567e7
14923628,2026-10-01 15:17:11,actions-trading,Sim12,096775,skip,pb2_not_crashed,55a8fe665999
14923628,2026-10-01 15:17:11,actions-trading,Sim12,017940,skip,pb2_not_crashed,cee72bb5e785
14923628,2026-10-01 15:17:11,actions-trading,Sim13,084010,skip,theme_momentum_weak,462d8ccb4108
14923628,2026-10-01 15:17:11,actions-trading,Sim13,248070,skip,theme_momentum_weak,e317ca79fd12
14923628,2026-10-01 15:17:11,actions-trading,Sim13,192650,skip,no_frgn_support,548aa795eaed
14923628,2026-10-01 15:17:11,actions-trading,Sim13,353200,skip,adx_weak,abffe8cb6b9e
14923628,2026-10-01 15:17:11,actions-trading,Sim13,003160,skip,no_frgn_support,94577f50d974
14923628,2026-10-01 15:17:11,actions-trading,Sim13,003350,skip,theme_momentum_weak,e555dab9bfe8
14923628,2026-10-01 15:17:11,actions-trading,Sim13,001360,skip,theme_momentum_weak,4c68d4cf18ab
14923628,2026-10-01 15:17:11,actions-trading,Sim13,005430,skip,theme_momentum_weak,b5144ddc3098
14923628,2026-10-01 15:17:11,actions-trading,Sim13,036570,skip,theme_momentum_weak,d91c0bcc11c4
14923628,2026-10-01 15:17:11,actions-trading,Sim13,009420,skip,theme_momentum_weak,8320fbb20074
14923628,2026-10-01 15:17:11,actions-trading,Sim13,023150,skip,theme_momentum_weak,d099b31f5680
14923628,2026-10-01 15:17:11,actions-trading,Sim13,069640,skip,theme_momentum_weak,8dc27c728669
14923628,2026-10-01 15:17:11,actions-trading,Sim13,004710,skip,no_frgn_support,a2abcc14f238
14923628,2026-10-01 15:17:11,actions-trading,Sim13,014680,skip,no_frgn_support,2fc89ed9dc5e
14923628,2026-10-01 15:17:11,actions-trading,Sim13,012030,skip,adx_weak,dde02b9c0410
14923628,2026-10-01 15:17:11,actions-trading,Sim13,109070,skip,amount_not_surprised,a4ac8968c2db
14923628,2026-10-01 15:17:11,actions-trading,Sim13,480370,skip,adx_weak,bb5904f8480e
14923628,2026-10-01 15:17:11,actions-trading,Sim13,112610,skip,theme_momentum_weak,bf890026f809
14923628,2026-10-01 15:17:11,actions-trading,Sim13,002360,skip,amount_not_surprised,01cb1ddd2387
14923628,2026-10-01 15:17:11,actions-trading,Sim13,0126Z0,skip,theme_momentum_weak,d386678db9ad
14923628,2026-10-01 15:17:11,actions-trading,Sim13,055490,skip,theme_momentum_weak,914de4afeb14
14923628,2026-10-01 15:17:11,actions-trading,Sim13,004105,skip,no_frgn_support,506f952381b1
14923628,2026-10-01 15:17:11,actions-trading,Sim13,195870,skip,adx_weak,5af00351b42a
14923628,2026-10-01 15:17:11,actions-trading,Sim13,35320K,skip,theme_momentum_weak,1e5906aa0149
14923628,2026-10-01 15:17:11,actions-trading,Sim13,007660,skip,theme_momentum_weak,21759144bafa
14923628,2026-10-01 15:17:11,actions-trading,Sim13,011690,skip,theme_momentum_weak,fcc321d1dc41
14923628,2026-10-01 15:17:11,actions-trading,Sim13,317450,skip,theme_momentum_weak,e8ff7bf842e1
14923628,2026-10-01 15:17:11,actions-trading,Sim13,093050,skip,theme_momentum_weak,645acf6e3be3
14923628,2026-10-01 15:17:11,actions-trading,Sim13,005850,skip,theme_momentum_weak,d1ea3bd375b7
14923628,2026-10-01 15:17:11,actions-trading,Sim13,077500,skip,held_or_cooldown,25c8b6825255
14923629,2026-10-01 15:19:07,actions-trading,MFHS2,005935,skip,max_holdings,5778002fa5dd
14923629,2026-10-01 15:19:07,actions-trading,MFHS2,003280,seen,,9392aaba5504
14923629,2026-10-01 15:19:07,actions-trading,MFHS2,003160,seen,,653fe46444ab
14923629,2026-10-01 15:19:07,actions-trading,MFHS2,248070,seen,,ce31c8512500
14923629,2026-10-01 15:19:07,actions-trading,MFHS2,001360,seen,,cc177498a4e8
14923629,2026-10-01 15:19:07,actions-trading,MFHS2,001820,seen,,88ce72e53b97
14923629,2026-10-01 15:19:07,actions-trading,MFHS2,034220,seen,,19fbb1758cbd
14923629,2026-10-01 15:19:07,actions-trading,MFHS2,007660,seen,,244992aaf4a7
14923629,2026-10-01 15:19:07,actions-trading,MFHS2,002990,seen,,60c65c7a9b73
14923629,2026-10-01 15:19:07,actions-trading,MFHS2,001740,seen,,57e4ac2a8138
14923629,2026-10-01 15:19:07,actions-trading,MFHS2,073240,seen,,cd6b78b3256e
14923629,2026-10-01 15:19:07,actions-trading,MFHS2,068270,seen,,102610d9b81b
14923629,2026-10-01 15:19:07,actions-trading,MFHS2,005360,seen,,b20856a5a330
14923629,2026-10-01 15:19:07,actions-trading,MFHS2,003350,seen,,91a57d87fe27
14923629,2026-10-01 15:19:07,actions-trading,MFHS2,090460,seen,,2574d105b17a
14923629,2026-10-01 15:19:07,actions-trading,MFHS2,006800,seen,,c20a299059c6
14923629,2026-10-01 15:19:07,actions-trading,MFHS2,005880,seen,,83085b3e3520
14923629,2026-10-01 15:19:07,actions-trading,MFHS2,001510,seen,,fc4a4801ff50
14923629,2026-10-01 15:19:07,actions-trading,MFHS2,001210,seen,,22f364089fb2
14923629,2026-10-01 15:19:07,actions-trading,MFHS2,001200,seen,,fb6d6ace8eed
14923629,2026-10-01 15:19:07,actions-trading,MFHS2,064400,seen,,519aa3f3bfff
14923629,2026-10-01 15:19:07,actions-trading,MFHS2,005690,seen,,0af2a5b6f1fd
14923629,2026-10-01 15:19:07,actions-trading,MFHS2,272210,seen,,98eaafd6264f
14923629,2026-10-01 15:19:07,actions-trading,MFHS2,019170,seen,,2a1d6a058b23
14923629,2026-10-01 15:19:07,actions-trading,MFHS2,002700,seen,,203108c9573c
14923629,2026-10-01 15:19:07,actions-trading,MFHS2,003520,seen,,3e7c96d8745a
14923629,2026-10-01 15:19:07,actions-trading,MFHS2,000400,seen,,2ed401abec8b
14923629,2026-10-01 15:19:07,actions-trading,MFHS2,137310,seen,,bf1fe64b6e5e
14923629,2026-10-01 15:19:07,actions-trading,MFHS2,032350,seen,,acd21e46e484
14923629,2026-10-01 15:19:07,actions-trading,MFHS2,249420,seen,,716bc9d82780
14923629,2026-10-01 15:19:09,actions-trading,상승모멘텀,084010,skip,max_holdings,1301b9fd5f4c
14923629,2026-10-01 15:19:09,actions-trading,상승모멘텀,248070,seen,,ce31c8512500
14923629,2026-10-01 15:19:09,actions-trading,상승모멘텀,192650,seen,,b98ac4771867
14923629,2026-10-01 15:19:09,actions-trading,상승모멘텀,003160,seen,,653fe46444ab
14923629,2026-10-01 15:19:09,actions-trading,상승모멘텀,353200,seen,,88fcc8b58c62
14923629,2026-10-01 15:19:09,actions-trading,상승모멘텀,003350,seen,,91a57d87fe27
14923629,2026-10-01 15:19:09,actions-trading,상승모멘텀,001360,seen,,cc177498a4e8
14923629,2026-10-01 15:19:09,actions-trading,상승모멘텀,005430,seen,,20dbbb74339b
14923629,2026-10-01 15:19:09,actions-trading,상승모멘텀,009420,seen,,968b791d41a1
14923629,2026-10-01 15:19:09,actions-trading,상승모멘텀,023150,seen,,f40f351c5c48
14923629,2026-10-01 15:19:09,actions-trading,상승모멘텀,036570,seen,,813202027817
14923629,2026-10-01 15:19:09,actions-trading,상승모멘텀,069640,seen,,bc38b6286620
14923629,2026-10-01 15:19:09,actions-trading,상승모멘텀,004710,seen,,04821d519b6b
14923629,2026-10-01 15:19:09,actions-trading,상승모멘텀,014680,seen,,ef05e9492fa9
14923629,2026-10-01 15:19:09,actions-trading,상승모멘텀,055490,seen,,56caef935b36
14923629,2026-10-01 15:19:09,actions-trading,상승모멘텀,012030,seen,,e40c812fb6f7
14923629,2026-10-01 15:19:09,actions-trading,상승모멘텀,0126Z0,seen,,27a9b84824c5
14923629,2026-10-01 15:19:09,actions-trading,상승모멘텀,112610,seen,,ae58dbe12880
14923629,2026-10-01 15:19:09,actions-trading,상승모멘텀,109070,seen,,c3eaed9f58fd
14923629,2026-10-01 15:19:09,actions-trading,상승모멘텀,480370,seen,,83980bdd6f97
14923629,2026-10-01 15:19:09,actions-trading,상승모멘텀,195870,seen,,5b5137f878f3
14923629,2026-10-01 15:19:09,actions-trading,상승모멘텀,007660,seen,,244992aaf4a7
14923629,2026-10-01 15:19:09,actions-trading,상승모멘텀,004105,seen,,c0120317ad99
14923629,2026-10-01 15:19:09,actions-trading,상승모멘텀,002360,seen,,e03af507fd61
14923629,2026-10-01 15:19:09,actions-trading,상승모멘텀,093050,seen,,c8b4fa4e40f4
14923629,2026-10-01 15:19:09,actions-trading,상승모멘텀,35320K,seen,,244ffdffeaca
14923629,2026-10-01 15:19:09,actions-trading,상승모멘텀,317450,seen,,2f5dce73c4d9
14923629,2026-10-01 15:19:09,actions-trading,상승모멘텀,011690,seen,,fa7e4e0f6d06
14923629,2026-10-01 15:19:09,actions-trading,상승모멘텀,001820,seen,,88ce72e53b97
14923629,2026-10-01 15:19:09,actions-trading,상승모멘텀,007810,seen,,609d1df3339e
14923629,2026-10-01 15:19:09,actions-trading,Sim4-1,084010,skip,period,1301b9fd5f4c
14923629,2026-10-01 15:19:09,actions-trading,Sim4-1,248070,skip,period,ce31c8512500
14923629,2026-10-01 15:19:09,actions-trading,Sim4-1,192650,skip,period,b98ac4771867
14923629,2026-10-01 15:19:09,actions-trading,Sim4-1,003160,skip,held_or_cooldown,653fe46444ab
14923629,2026-10-01 15:19:09,actions-trading,Sim4-1,353200,skip,adx_high,88fcc8b58c62
14923629,2026-10-01 15:19:09,actions-trading,Sim4-1,003350,skip,adx_low,91a57d87fe27
14923629,2026-10-01 15:19:09,actions-trading,Sim4-1,001360,skip,adx_low,cc177498a4e8
14923629,2026-10-01 15:19:09,actions-trading,Sim4-1,005430,skip,amount,20dbbb74339b
14923629,2026-10-01 15:19:09,actions-trading,Sim4-1,009420,skip,period,968b791d41a1
14923629,2026-10-01 15:19:09,actions-trading,Sim4-1,023150,skip,amount,f40f351c5c48
14923629,2026-10-01 15:19:09,actions-trading,Sim4-1,036570,skip,period,813202027817
14923629,2026-10-01 15:19:09,actions-trading,Sim4-1,069640,skip,amount,bc38b6286620
14923629,2026-10-01 15:19:09,actions-trading,Sim4-1,004710,skip,adx_high,04821d519b6b
14923629,2026-10-01 15:19:09,actions-trading,Sim4-1,014680,skip,adx_high,ef05e9492fa9
14923629,2026-10-01 15:19:09,actions-trading,Sim4-1,055490,skip,amount,56caef935b36
14923629,2026-10-01 15:19:09,actions-trading,Sim4-1,012030,skip,adx_high,e40c812fb6f7
14923629,2026-10-01 15:19:09,actions-trading,Sim4-1,0126Z0,skip,adx_high,27a9b84824c5
14923629,2026-10-01 15:19:09,actions-trading,Sim4-1,112610,skip,period,ae58dbe12880
14923629,2026-10-01 15:19:09,actions-trading,Sim4-1,109070,skip,amount,c3eaed9f58fd
14923629,2026-10-01 15:19:09,actions-trading,Sim4-1,480370,skip,amount,83980bdd6f97
14923629,2026-10-01 15:19:09,actions-trading,Sim4-1,195870,skip,held_or_cooldown,5b5137f878f3
14923629,2026-10-01 15:19:09,actions-trading,Sim4-1,007660,skip,held_or_cooldown,244992aaf4a7
14923629,2026-10-01 15:19:09,actions-trading,Sim4-1,004105,skip,amount,c0120317ad99
14923629,2026-10-01 15:19:09,actions-trading,Sim4-1,002360,skip,amount,e03af507fd61
14923629,2026-10-01 15:19:09,actions-trading,Sim4-1,093050,skip,amount,c8b4fa4e40f4
14923629,2026-10-01 15:19:09,actions-trading,Sim4-1,35320K,skip,amount,244ffdffeaca
14923629,2026-10-01 15:19:09,actions-trading,Sim4-1,317450,skip,amount,2f5dce73c4d9
14923629,2026-10-01 15:19:09,actions-trading,Sim4-1,011690,skip,period,fa7e4e0f6d06
14923629,2026-10-01 15:19:09,actions-trading,Sim4-1,001820,skip,adx_low,88ce72e53b97
14923629,2026-10-01 15:19:09,actions-trading,Sim4-1,007810,skip,adx_high,609d1df3339e
14923629,2026-10-01 15:19:10,actions-trading,선행매집,005930,skip,below_anchor,19709dfa1a29
14923629,2026-10-01 15:19:10,actions-trading,선행매집,005935,skip,below_anchor,5778002fa5dd
14923629,2026-10-01 15:19:10,actions-trading,선행매집,000660,skip,below_anchor,5cd07911d1cc
14923629,2026-10-01 15:19:10,actions-trading,선행매집,192650,skip,no_setup,b98ac4771867
14923629,2026-10-01 15:19:10,actions-trading,선행매집,028670,skip,held_awaiting_breakout,dbcd459f2e50
14923629,2026-10-01 15:19:10,actions-trading,선행매집,248070,skip,below_anchor,ce31c8512500
14923629,2026-10-01 15:19:10,actions-trading,선행매집,003280,skip,below_anchor,9392aaba5504
14923629,2026-10-01 15:19:10,actions-trading,선행매집,073240,skip,below_anchor,cd6b78b3256e
14923629,2026-10-01 15:19:10,actions-trading,선행매집,034220,skip,below_anchor,19fbb1758cbd
14923629,2026-10-01 15:19:10,actions-trading,선행매집,011200,skip,below_anchor,cf93e233fb8a
14923629,2026-10-01 15:19:10,actions-trading,선행매집,007660,skip,below_anchor,244992aaf4a7
14923629,2026-10-01 15:19:10,actions-trading,선행매집,001820,skip,below_anchor,88ce72e53b97
14923629,2026-10-01 15:19:10,actions-trading,선행매집,001360,skip,below_anchor,cc177498a4e8
14923629,2026-10-01 15:19:10,actions-trading,선행매집,093370,skip,below_anchor,663dc5edd552
14923629,2026-10-01 15:19:10,actions-trading,선행매집,002990,skip,below_anchor,60c65c7a9b73
14923629,2026-10-01 15:19:10,actions-trading,선행매집,005880,skip,below_anchor,83085b3e3520
14923629,2026-10-01 15:19:10,actions-trading,선행매집,003160,skip,no_setup,653fe46444ab
14923629,2026-10-01 15:19:10,actions-trading,선행매집,068270,skip,below_anchor,102610d9b81b
14923629,2026-10-01 15:19:10,actions-trading,선행매집,272210,skip,below_anchor,98eaafd6264f
14923629,2026-10-01 15:19:10,actions-trading,선행매집,006800,skip,below_anchor,c20a299059c6
14923629,2026-10-01 15:19:10,actions-trading,선행매집,005360,skip,amount,b20856a5a330
14923629,2026-10-01 15:19:10,actions-trading,선행매집,003350,skip,below_anchor,91a57d87fe27
14923629,2026-10-01 15:19:10,actions-trading,선행매집,001740,skip,below_anchor,57e4ac2a8138
14923629,2026-10-01 15:19:10,actions-trading,선행매집,001210,skip,below_anchor,22f364089fb2
14923629,2026-10-01 15:19:10,actions-trading,선행매집,001510,skip,below_anchor,fc4a4801ff50
14923629,2026-10-01 15:19:10,actions-trading,선행매집,017670,skip,below_anchor,a9370206d38d
14923629,2026-10-01 15:19:10,actions-trading,선행매집,002700,skip,amount,203108c9573c
14923629,2026-10-01 15:19:10,actions-trading,선행매집,064400,skip,below_anchor,519aa3f3bfff
14923629,2026-10-01 15:19:10,actions-trading,선행매집,001200,skip,below_anchor,fb6d6ace8eed
14923629,2026-10-01 15:19:10,actions-trading,선행매집,019170,skip,below_anchor,2a1d6a058b23
14923629,2026-10-01 15:19:11,actions-trading,Sim9,084010,skip,range_pos,1301b9fd5f4c
14923629,2026-10-01 15:19:11,actions-trading,Sim9,248070,skip,gap,ce31c8512500
14923629,2026-10-01 15:19:11,actions-trading,Sim9,192650,skip,gap,b98ac4771867
14923629,2026-10-01 15:19:11,actions-trading,Sim9,003160,skip,gap,653fe46444ab
14923629,2026-10-01 15:19:11,actions-trading,Sim9,353200,skip,gap,88fcc8b58c62
14923629,2026-10-01 15:19:11,actions-trading,Sim9,003350,skip,gap,91a57d87fe27
14923629,2026-10-01 15:19:11,actions-trading,Sim9,001360,skip,gap,cc177498a4e8
14923629,2026-10-01 15:19:11,actions-trading,Sim9,005430,skip,gap,20dbbb74339b
14923629,2026-10-01 15:19:11,actions-trading,Sim9,009420,skip,gap,968b791d41a1
14923629,2026-10-01 15:19:11,actions-trading,Sim9,023150,skip,amount,f40f351c5c48
14923629,2026-10-01 15:19:11,actions-trading,Sim9,036570,skip,intra,813202027817
14923629,2026-10-01 15:19:11,actions-trading,Sim9,069640,skip,amount,bc38b6286620
14923629,2026-10-01 15:19:11,actions-trading,Sim9,004710,skip,gap,04821d519b6b
14923629,2026-10-01 15:19:11,actions-trading,Sim9,014680,skip,gap,ef05e9492fa9
14923629,2026-10-01 15:19:11,actions-trading,Sim9,055490,skip,amount,56caef935b36
14923629,2026-10-01 15:19:11,actions-trading,Sim9,012030,skip,gap,e40c812fb6f7
14923629,2026-10-01 15:19:11,actions-trading,Sim9,0126Z0,skip,gap,27a9b84824c5
14923629,2026-10-01 15:19:11,actions-trading,Sim9,112610,skip,gap,ae58dbe12880
14923629,2026-10-01 15:19:11,actions-trading,Sim9,109070,skip,amount,c3eaed9f58fd
14923629,2026-10-01 15:19:11,actions-trading,Sim9,480370,skip,amount,83980bdd6f97
14923629,2026-10-01 15:19:11,actions-trading,Sim9,195870,skip,gap,5b5137f878f3
14923629,2026-10-01 15:19:11,actions-trading,Sim9,007660,skip,gap,244992aaf4a7
14923629,2026-10-01 15:19:11,actions-trading,Sim9,004105,skip,amount,c0120317ad99
14923629,2026-10-01 15:19:11,actions-trading,Sim9,002360,skip,amount,e03af507fd61
14923629,2026-10-01 15:19:11,actions-trading,Sim9,093050,skip,gap,c8b4fa4e40f4
14923629,2026-10-01 15:19:11,actions-trading,Sim9,35320K,skip,amount,244ffdffeaca
14923629,2026-10-01 15:19:11,actions-trading,Sim9,317450,skip,gap,2f5dce73c4d9
14923629,2026-10-01 15:19:11,actions-trading,Sim9,011690,skip,gap,fa7e4e0f6d06
14923629,2026-10-01 15:19:11,actions-trading,Sim9,001820,skip,gap,88ce72e53b97
14923629,2026-10-01 15:19:11,actions-trading,Sim9,007810,skip,gap,609d1df3339e
14923629,2026-10-01 15:19:11,actions-trading,미너비니,192820,skip,below_pivot,c0a1f194283c
14923629,2026-10-01 15:19:11,actions-trading,미너비니,443060,skip,below_pivot,ac20bf522041
14923629,2026-10-01 15:19:11,actions-trading,미너비니,020120,skip,below_pivot,8f5fe22e074f
14923629,2026-10-01 15:19:11,actions-trading,Sim12,084010,skip,avoid_frgn_sell_20d,1301b9fd5f4c
14923629,2026-10-01 15:19:11,actions-trading,Sim12,248070,skip,avoid_frgn_sell_20d,ce31c8512500
14923629,2026-10-01 15:19:11,actions-trading,Sim12,192650,skip,pb2_not_crashed,b98ac4771867
14923629,2026-10-01 15:19:11,actions-trading,Sim12,003160,skip,pb2_not_crashed,653fe46444ab
14923629,2026-10-01 15:19:11,actions-trading,Sim12,353200,skip,avoid_orgn_sell_high_per,88fcc8b58c62
14923629,2026-10-01 15:19:11,actions-trading,Sim12,003350,skip,pb2_not_crashed,91a57d87fe27
14923629,2026-10-01 15:19:11,actions-trading,Sim12,001360,skip,pb2_not_crashed,cc177498a4e8
14923629,2026-10-01 15:19:11,actions-trading,Sim12,005430,skip,pb2_not_crashed,20dbbb74339b
14923629,2026-10-01 15:19:11,actions-trading,Sim12,009420,skip,pb2_no_inst_buying,968b791d41a1
14923629,2026-10-01 15:19:11,actions-trading,Sim12,023150,skip,avoid_frgn_sell_20d,f40f351c5c48
14923629,2026-10-01 15:19:11,actions-trading,Sim12,036570,skip,pb2_not_crashed,813202027817
14923629,2026-10-01 15:19:11,actions-trading,Sim12,069640,skip,avoid_frgn_sell_20d,bc38b6286620
14923629,2026-10-01 15:19:11,actions-trading,Sim12,004710,skip,avoid_frgn_sell_20d,04821d519b6b
14923629,2026-10-01 15:19:11,actions-trading,Sim12,014680,skip,pb2_not_crashed,ef05e9492fa9
14923629,2026-10-01 15:19:11,actions-trading,Sim12,055490,skip,avoid_frgn_sell_20d,56caef935b36
14923629,2026-10-01 15:19:11,actions-trading,Sim12,012030,skip,avoid_frgn_sell_20d,e40c812fb6f7
14923629,2026-10-01 15:19:11,actions-trading,Sim12,0126Z0,skip,avoid_frgn_sell_20d,27a9b84824c5
14923629,2026-10-01 15:19:11,actions-trading,Sim12,112610,skip,avoid_frgn_sell_20d,ae58dbe12880
14923629,2026-10-01 15:19:11,actions-trading,Sim12,109070,skip,pb2_not_crashed,c3eaed9f58fd
14923629,2026-10-01 15:19:11,actions-trading,Sim12,480370,skip,pb2_not_crashed,83980bdd6f97
14923629,2026-10-01 15:19:11,actions-trading,Sim12,195870,skip,pb2_not_crashed,5b5137f878f3
14923629,2026-10-01 15:19:11,actions-trading,Sim12,007660,skip,pb2_not_crashed,244992aaf4a7
14923629,2026-10-01 15:19:11,actions-trading,Sim12,004105,skip,pb2_not_crashed,c0120317ad99
14923629,2026-10-01 15:19:11,actions-trading,Sim12,002360,skip,pb2_not_crashed,e03af507fd61
14923629,2026-10-01 15:19:11,actions-trading,Sim12,093050,skip,avoid_frgn_sell_20d,c8b4fa4e40f4
14923629,2026-10-01 15:19:11,actions-trading,Sim12,35320K,skip,pb2_not_crashed,244ffdffeaca
14923629,2026-10-01 15:19:11,actions-trading,Sim12,317450,skip,avoid_frgn_sell_20d,2f5dce73c4d9
14923629,2026-10-01 15:19:11,actions-trading,Sim12,011690,skip,pb2_not_crashed,fa7e4e0f6d06
14923629,2026-10-01 15:19:11,actions-trading,Sim12,001820,skip,pb2_not_crashed,88ce72e53b97
14923629,2026-10-01 15:19:11,actions-trading,Sim12,007810,skip,avoid_orgn_sell_high_per,609d1df3339e
14923629,2026-10-01 15:19:11,actions-trading,Sim12,009190,skip,pb2_no_inst_buying,c0bbc8f7ba62
14923629,2026-10-01 15:19:11,actions-trading,Sim12,051630,skip,pb2_not_crashed,145edbcdabd4
14923629,2026-10-01 15:19:11,actions-trading,Sim12,002820,skip,pb2_no_inst_buying,65764ad34de0
14923629,2026-10-01 15:19:11,actions-trading,Sim12,452260,skip,pb2_not_crashed,90cc2f3120d2
14923629,2026-10-01 15:19:11,actions-trading,Sim12,002787,skip,avoid_amount_dry,2384cbc8eb2b
14923629,2026-10-01 15:19:11,actions-trading,Sim12,010950,skip,pb2_not_crashed,068cef4c5bb9
14923629,2026-10-01 15:19:11,actions-trading,Sim12,010955,skip,pb2_not_crashed,bf07c43445ed
14923629,2026-10-01 15:19:11,actions-trading,Sim12,071090,skip,pb2_not_crashed,c14780ac2c18
14923629,2026-10-01 15:19:11,actions-trading,Sim12,007110,skip,avoid_amount_dry,cbc335a2c23c
14923629,2026-10-01 15:19:11,actions-trading,Sim12,010640,skip,avoid_frgn_sell_20d,c94024c641ff
14923629,2026-10-01 15:19:11,actions-trading,Sim12,001770,skip,pb2_thin_liquidity,3988909adb9a
14923629,2026-10-01 15:19:11,actions-trading,Sim12,361610,skip,pb2_not_crashed,f84ad7e13647
14923629,2026-10-01 15:19:11,actions-trading,Sim12,096770,skip,pb2_not_crashed,25f178b7fcc4
14923629,2026-10-01 15:19:11,actions-trading,Sim12,002690,skip,avoid_frgn_sell_20d,19d93651cfb5
14923629,2026-10-01 15:19:11,actions-trading,Sim12,487570,skip,pb2_not_crashed,f3e32665af50
14923629,2026-10-01 15:19:11,actions-trading,Sim12,002070,skip,avoid_amount_dry,873347fd490d
14923629,2026-10-01 15:19:11,actions-trading,Sim12,011090,skip,avoid_amount_dry,23f08bc3edbc
14923629,2026-10-01 15:19:11,actions-trading,Sim12,003030,skip,pb2_not_crashed,476d15056458
14923629,2026-10-01 15:19:11,actions-trading,Sim12,003780,skip,avoid_frgn_sell_20d,ecd0f2a0a935
14923629,2026-10-01 15:19:11,actions-trading,Sim12,078930,skip,pb2_thin_liquidity,896b28026ba0
14923629,2026-10-01 15:19:11,actions-trading,Sim12,003580,skip,pb2_not_crashed,97536314f990
14923629,2026-10-01 15:19:11,actions-trading,Sim12,006200,skip,pb2_no_inst_buying,45624e65ae0e
14923629,2026-10-01 15:19:11,actions-trading,Sim12,009810,skip,pb2_not_crashed,92a754225a40
14923629,2026-10-01 15:19:11,actions-trading,Sim12,003075,skip,pb2_not_crashed,9decf0c0d9f0
14923629,2026-10-01 15:19:11,actions-trading,Sim12,044450,skip,pb2_not_crashed,a9b6d65453c6
14923629,2026-10-01 15:19:11,actions-trading,Sim12,316140,skip,pb2_not_crashed,da17743f35d1
14923629,2026-10-01 15:19:11,actions-trading,Sim12,005030,skip,avoid_amount_dry,43a2cfae514d
14923629,2026-10-01 15:19:11,actions-trading,Sim12,096775,skip,pb2_not_crashed,e83c443b25a3
14923629,2026-10-01 15:19:11,actions-trading,Sim12,017940,skip,pb2_not_crashed,d3314a9edf4f
14923629,2026-10-01 15:19:11,actions-trading,Sim12,015260,skip,avoid_amount_dry,f29e17eb410a
14923629,2026-10-01 15:19:11,actions-trading,Sim13,084010,skip,theme_momentum_weak,1301b9fd5f4c
14923629,2026-10-01 15:19:11,actions-trading,Sim13,248070,skip,theme_momentum_weak,ce31c8512500
14923629,2026-10-01 15:19:11,actions-trading,Sim13,192650,skip,no_frgn_support,b98ac4771867
14923629,2026-10-01 15:19:11,actions-trading,Sim13,003160,skip,no_frgn_support,653fe46444ab
14923629,2026-10-01 15:19:11,actions-trading,Sim13,353200,skip,adx_weak,88fcc8b58c62
14923629,2026-10-01 15:19:11,actions-trading,Sim13,003350,skip,theme_momentum_weak,91a57d87fe27
14923629,2026-10-01 15:19:11,actions-trading,Sim13,001360,skip,theme_momentum_weak,cc177498a4e8
14923629,2026-10-01 15:19:11,actions-trading,Sim13,005430,skip,theme_momentum_weak,20dbbb74339b
14923629,2026-10-01 15:19:11,actions-trading,Sim13,009420,skip,theme_momentum_weak,968b791d41a1
14923629,2026-10-01 15:19:11,actions-trading,Sim13,023150,skip,theme_momentum_weak,f40f351c5c48
14923629,2026-10-01 15:19:11,actions-trading,Sim13,036570,skip,theme_momentum_weak,813202027817
14923629,2026-10-01 15:19:11,actions-trading,Sim13,069640,skip,theme_momentum_weak,bc38b6286620
14923629,2026-10-01 15:19:11,actions-trading,Sim13,004710,skip,no_frgn_support,04821d519b6b
14923629,2026-10-01 15:19:11,actions-trading,Sim13,014680,skip,no_frgn_support,ef05e9492fa9
14923629,2026-10-01 15:19:11,actions-trading,Sim13,055490,skip,theme_momentum_weak,56caef935b36
14923629,2026-10-01 15:19:11,actions-trading,Sim13,012030,skip,adx_weak,e40c812fb6f7
14923629,2026-10-01 15:19:11,actions-trading,Sim13,0126Z0,skip,theme_momentum_weak,27a9b84824c5
14923629,2026-10-01 15:19:11,actions-trading,Sim13,112610,skip,theme_momentum_weak,ae58dbe12880
14923629,2026-10-01 15:19:11,actions-trading,Sim13,109070,skip,amount_not_surprised,c3eaed9f58fd
14923629,2026-10-01 15:19:11,actions-trading,Sim13,480370,skip,adx_weak,83980bdd6f97
14923629,2026-10-01 15:19:11,actions-trading,Sim13,195870,skip,adx_weak,5b5137f878f3
14923629,2026-10-01 15:19:11,actions-trading,Sim13,007660,skip,theme_momentum_weak,244992aaf4a7
14923629,2026-10-01 15:19:11,actions-trading,Sim13,004105,skip,no_frgn_support,c0120317ad99
14923629,2026-10-01 15:19:11,actions-trading,Sim13,002360,skip,amount_not_surprised,e03af507fd61
14923629,2026-10-01 15:19:11,actions-trading,Sim13,093050,skip,theme_momentum_weak,c8b4fa4e40f4
14923629,2026-10-01 15:19:11,actions-trading,Sim13,35320K,skip,theme_momentum_weak,244ffdffeaca
14923629,2026-10-01 15:19:11,actions-trading,Sim13,317450,skip,theme_momentum_weak,2f5dce73c4d9
14923629,2026-10-01 15:19:11,actions-trading,Sim13,011690,skip,theme_momentum_weak,fa7e4e0f6d06
14923629,2026-10-01 15:19:11,actions-trading,Sim13,001820,skip,adx_weak,88ce72e53b97
14923629,2026-10-01 15:19:11,actions-trading,Sim13,007810,skip,adx_weak,609d1df3339e
14923630,2026-10-01 15:21:05,actions-trading,MFHS2,005935,skip,max_holdings,16c1f787a730
14923630,2026-10-01 15:21:05,actions-trading,MFHS2,003280,seen,,f62a7de7f6b4
14923630,2026-10-01 15:21:05,actions-trading,MFHS2,003160,seen,,fa00731fe156
14923630,2026-10-01 15:21:05,actions-trading,MFHS2,248070,seen,,b61a8d73ce87
14923630,2026-10-01 15:21:05,actions-trading,MFHS2,001360,seen,,ef38d2a33754
14923630,2026-10-01 15:21:05,actions-trading,MFHS2,001820,seen,,f5b6c8ef5707
14923630,2026-10-01 15:21:05,actions-trading,MFHS2,034220,seen,,824a533adbc3
14923630,2026-10-01 15:21:05,actions-trading,MFHS2,007660,seen,,abf69aa6deef
14923630,2026-10-01 15:21:05,actions-trading,MFHS2,002990,seen,,b0e44823e8c9
14923630,2026-10-01 15:21:05,actions-trading,MFHS2,001740,seen,,ed080d561e2c
14923630,2026-10-01 15:21:05,actions-trading,MFHS2,073240,seen,,5414bae65f6e
14923630,2026-10-01 15:21:05,actions-trading,MFHS2,068270,seen,,13b6c5f1a472
14923630,2026-10-01 15:21:05,actions-trading,MFHS2,005360,seen,,19da1fbf9f9f
14923630,2026-10-01 15:21:05,actions-trading,MFHS2,003350,seen,,5c4fd427514c
14923630,2026-10-01 15:21:05,actions-trading,MFHS2,090460,seen,,9fc4da3ec076
14923630,2026-10-01 15:21:05,actions-trading,MFHS2,006800,seen,,c175925cee95
14923630,2026-10-01 15:21:05,actions-trading,MFHS2,005880,seen,,93404dc87a89
14923630,2026-10-01 15:21:05,actions-trading,MFHS2,001510,seen,,a04bc10ff5f2
14923630,2026-10-01 15:21:05,actions-trading,MFHS2,001210,seen,,80b905870675
14923630,2026-10-01 15:21:05,actions-trading,MFHS2,001200,seen,,404bac53017a
14923630,2026-10-01 15:21:05,actions-trading,MFHS2,064400,seen,,c86dca9ed98d
14923630,2026-10-01 15:21:05,actions-trading,MFHS2,005690,seen,,8f01d0e3ae2a
14923630,2026-10-01 15:21:05,actions-trading,MFHS2,272210,seen,,8041df1f06ab
14923630,2026-10-01 15:21:05,actions-trading,MFHS2,019170,seen,,d299f1471531
14923630,2026-10-01 15:21:05,actions-trading,MFHS2,002700,seen,,1cead5aa297e
14923630,2026-10-01 15:21:05,actions-trading,MFHS2,003520,seen,,95e687eb06e1
14923630,2026-10-01 15:21:05,actions-trading,MFHS2,000400,seen,,0614021f78e6
14923630,2026-10-01 15:21:05,actions-trading,MFHS2,137310,seen,,87ec48a7d708
14923630,2026-10-01 15:21:05,actions-trading,MFHS2,032350,seen,,a118c3e5e6de
14923630,2026-10-01 15:21:05,actions-trading,MFHS2,249420,seen,,a69ced0b395c
14923630,2026-10-01 15:21:06,actions-trading,상승모멘텀,084010,skip,max_holdings,7eaf367f0e59
14923630,2026-10-01 15:21:06,actions-trading,상승모멘텀,248070,seen,,b61a8d73ce87
14923630,2026-10-01 15:21:06,actions-trading,상승모멘텀,192650,seen,,b0ec454e01ac
14923630,2026-10-01 15:21:06,actions-trading,상승모멘텀,353200,seen,,af1545e0ca27
14923630,2026-10-01 15:21:06,actions-trading,상승모멘텀,003160,seen,,fa00731fe156
14923630,2026-10-01 15:21:06,actions-trading,상승모멘텀,001360,seen,,ef38d2a33754
14923630,2026-10-01 15:21:06,actions-trading,상승모멘텀,003350,seen,,5c4fd427514c
14923630,2026-10-01 15:21:06,actions-trading,상승모멘텀,005430,seen,,90faa2a6f269
14923630,2026-10-01 15:21:06,actions-trading,상승모멘텀,009420,seen,,e3810b553313
14923630,2026-10-01 15:21:06,actions-trading,상승모멘텀,036570,seen,,8e5dc6763a8f
14923630,2026-10-01 15:21:06,actions-trading,상승모멘텀,023150,seen,,bfff7a3c59ab
14923630,2026-10-01 15:21:06,actions-trading,상승모멘텀,069640,seen,,c93f5cebe5d1
14923630,2026-10-01 15:21:06,actions-trading,상승모멘텀,014680,seen,,539fd2013b6b
14923630,2026-10-01 15:21:06,actions-trading,상승모멘텀,012030,seen,,7a45380aa9d6
14923630,2026-10-01 15:21:06,actions-trading,상승모멘텀,055490,seen,,57aef228eb7a
14923630,2026-10-01 15:21:06,actions-trading,상승모멘텀,480370,seen,,260c8f103ceb
14923630,2026-10-01 15:21:06,actions-trading,상승모멘텀,109070,seen,,0e7658bd070e
14923630,2026-10-01 15:21:06,actions-trading,상승모멘텀,0126Z0,seen,,f165e6aa2389
14923630,2026-10-01 15:21:06,actions-trading,상승모멘텀,004710,seen,,ceed56a2b36f
14923630,2026-10-01 15:21:06,actions-trading,상승모멘텀,195870,seen,,754c4565d0e6
14923630,2026-10-01 15:21:06,actions-trading,상승모멘텀,004105,seen,,ece74d46f02f
14923630,2026-10-01 15:21:06,actions-trading,상승모멘텀,093050,seen,,15b189b2d5f7
14923630,2026-10-01 15:21:06,actions-trading,상승모멘텀,007660,seen,,abf69aa6deef
14923630,2026-10-01 15:21:06,actions-trading,상승모멘텀,112610,seen,,acdd2bc0837f
14923630,2026-10-01 15:21:06,actions-trading,상승모멘텀,011690,seen,,9c1257b6b8c3
14923630,2026-10-01 15:21:06,actions-trading,상승모멘텀,35320K,seen,,527ebb697cdc
14923630,2026-10-01 15:21:06,actions-trading,상승모멘텀,002360,seen,,1080c93a8d0a
14923630,2026-10-01 15:21:06,actions-trading,상승모멘텀,317450,seen,,aa0653372a1e
14923630,2026-10-01 15:21:06,actions-trading,상승모멘텀,001820,seen,,f5b6c8ef5707
14923630,2026-10-01 15:21:06,actions-trading,상승모멘텀,077500,seen,,f5f961be23e0
14923630,2026-10-01 15:21:06,actions-trading,Sim4-1,084010,skip,period,7eaf367f0e59
14923630,2026-10-01 15:21:06,actions-trading,Sim4-1,248070,skip,period,b61a8d73ce87
14923630,2026-10-01 15:21:06,actions-trading,Sim4-1,192650,skip,period,b0ec454e01ac
14923630,2026-10-01 15:21:06,actions-trading,Sim4-1,353200,skip,adx_high,af1545e0ca27
14923630,2026-10-01 15:21:06,actions-trading,Sim4-1,003160,skip,held_or_cooldown,fa00731fe156
14923630,2026-10-01 15:21:06,actions-trading,Sim4-1,001360,skip,adx_low,ef38d2a33754
14923630,2026-10-01 15:21:06,actions-trading,Sim4-1,003350,skip,adx_low,5c4fd427514c
14923630,2026-10-01 15:21:06,actions-trading,Sim4-1,005430,skip,amount,90faa2a6f269
14923630,2026-10-01 15:21:06,actions-trading,Sim4-1,009420,skip,period,e3810b553313
14923630,2026-10-01 15:21:06,actions-trading,Sim4-1,036570,skip,period,8e5dc6763a8f
14923630,2026-10-01 15:21:06,actions-trading,Sim4-1,023150,skip,amount,bfff7a3c59ab
14923630,2026-10-01 15:21:06,actions-trading,Sim4-1,069640,skip,amount,c93f5cebe5d1
14923630,2026-10-01 15:21:06,actions-trading,Sim4-1,014680,skip,adx_high,539fd2013b6b
14923630,2026-10-01 15:21:06,actions-trading,Sim4-1,012030,skip,adx_high,7a45380aa9d6
14923630,2026-10-01 15:21:06,actions-trading,Sim4-1,055490,skip,amount,57aef228eb7a
14923630,2026-10-01 15:21:06,actions-trading,Sim4-1,480370,skip,amount,260c8f103ceb
14923630,2026-10-01 15:21:06,actions-trading,Sim4-1,109070,skip,amount,0e7658bd070e
14923630,2026-10-01 15:21:06,actions-trading,Sim4-1,0126Z0,skip,adx_high,f165e6aa2389
14923630,2026-10-01 15:21:06,actions-trading,Sim4-1,004710,skip,adx_high,ceed56a2b36f
14923630,2026-10-01 15:21:06,actions-trading,Sim4-1,195870,skip,held_or_cooldown,754c4565d0e6
14923630,2026-10-01 15:21:06,actions-trading,Sim4-1,004105,skip,amount,ece74d46f02f
14923630,2026-10-01 15:21:06,actions-trading,Sim4-1,093050,skip,amount,15b189b2d5f7
14923630,2026-10-01 15:21:06,actions-trading,Sim4-1,007660,skip,held_or_cooldown,abf69aa6deef
14923630,2026-10-01 15:21:06,actions-trading,Sim4-1,112610,skip,period,acdd2bc0837f
14923630,2026-10-01 15:21:06,actions-trading,Sim4-1,011690,skip,period,9c1257b6b8c3
14923630,2026-10-01 15:21:06,actions-trading,Sim4-1,35320K,skip,amount,527ebb697cdc
14923630,2026-10-01 15:21:06,actions-trading,Sim4-1,002360,skip,amount,1080c93a8d0a
14923630,2026-10-01 15:21:06,actions-trading,Sim4-1,317450,skip,amount,aa0653372a1e
14923630,2026-10-01 15:21:06,actions-trading,Sim4-1,001820,skip,adx_low,f5b6c8ef5707
14923630,2026-10-01 15:21:06,actions-trading,Sim4-1,077500,skip,adx_high,f5f961be23e0
14923630,2026-10-01 15:21:07,actions-trading,선행매집,005930,skip,below_anchor,20d23661b524
14923630,2026-10-01 15:21:07,actions-trading,선행매집,005935,skip,below_anchor,16c1f787a730
14923630,2026-10-01 15:21:07,actions-trading,선행매집,000660,skip,below_anchor,63b5cfdbb246
14923630,2026-10-01 15:21:07,actions-trading,선행매집,192650,skip,no_setup,b0ec454e01ac
14923630,2026-10-01 15:21:07,actions-trading,선행매집,028670,skip,held_awaiting_breakout,c50f7252db30
14923630,2026-10-01 15:21:07,actions-trading,선행매집,248070,skip,below_anchor,b61a8d73ce87
14923630,2026-10-01 15:21:07,actions-trading,선행매집,003280,skip,below_anchor,f62a7de7f6b4
14923630,2026-10-01 15:21:07,actions-trading,선행매집,073240,skip,below_anchor,5414bae65f6e
14923630,2026-10-01 15:21:07,actions-trading,선행매집,034220,skip,below_anchor,824a533adbc3
14923630,2026-10-01 15:21:07,actions-trading,선행매집,011200,skip,below_anchor,59a406460fe3
14923630,2026-10-01 15:21:07,actions-trading,선행매집,007660,skip,below_anchor,abf69aa6deef
14923630,2026-10-01 15:21:07,actions-trading,선행매집,001820,skip,below_anchor,f5b6c8ef5707
14923630,2026-10-01 15:21:07,actions-trading,선행매집,001360,skip,below_anchor,ef38d2a33754
14923630,2026-10-01 15:21:07,actions-trading,선행매집,093370,skip,below_anchor,5bddb4c8b17c
14923630,2026-10-01 15:21:07,actions-trading,선행매집,002990,skip,below_anchor,b0e44823e8c9
14923630,2026-10-01 15:21:07,actions-trading,선행매집,005880,skip,below_anchor,93404dc87a89
14923630,2026-10-01 15:21:07,actions-trading,선행매집,003160,skip,no_setup,fa00731fe156
14923630,2026-10-01 15:21:07,actions-trading,선행매집,068270,skip,below_anchor,13b6c5f1a472
14923630,2026-10-01 15:21:07,actions-trading,선행매집,272210,skip,below_anchor,8041df1f06ab
14923630,2026-10-01 15:21:07,actions-trading,선행매집,006800,skip,below_anchor,c175925cee95
14923630,2026-10-01 15:21:07,actions-trading,선행매집,005360,skip,amount,19da1fbf9f9f
14923630,2026-10-01 15:21:07,actions-trading,선행매집,003350,skip,below_anchor,5c4fd427514c
14923630,2026-10-01 15:21:07,actions-trading,선행매집,001740,skip,below_anchor,ed080d561e2c
14923630,2026-10-01 15:21:07,actions-trading,선행매집,001210,skip,below_anchor,80b905870675
14923630,2026-10-01 15:21:07,actions-trading,선행매집,001510,skip,below_anchor,a04bc10ff5f2
14923630,2026-10-01 15:21:07,actions-trading,선행매집,017670,skip,below_anchor,12437f149d10
14923630,2026-10-01 15:21:07,actions-trading,선행매집,002700,skip,amount,1cead5aa297e
14923630,2026-10-01 15:21:07,actions-trading,선행매집,064400,skip,below_anchor,c86dca9ed98d
14923630,2026-10-01 15:21:07,actions-trading,선행매집,001200,skip,below_anchor,404bac53017a
14923630,2026-10-01 15:21:07,actions-trading,선행매집,019170,skip,below_anchor,d299f1471531
14923630,2026-10-01 15:21:08,actions-trading,Sim9,_gate,skip,outside_entry_window,e3b0c44298fc
14923630,2026-10-01 15:21:08,actions-trading,Sim9,084010,seen,,7eaf367f0e59
14923630,2026-10-01 15:21:08,actions-trading,Sim9,248070,seen,,b61a8d73ce87
14923630,2026-10-01 15:21:08,actions-trading,Sim9,192650,seen,,b0ec454e01ac
14923630,2026-10-01 15:21:08,actions-trading,Sim9,353200,seen,,af1545e0ca27
14923630,2026-10-01 15:21:08,actions-trading,Sim9,003160,seen,,fa00731fe156
14923630,2026-10-01 15:21:08,actions-trading,Sim9,001360,seen,,ef38d2a33754
14923630,2026-10-01 15:21:08,actions-trading,Sim9,003350,seen,,5c4fd427514c
14923630,2026-10-01 15:21:08,actions-trading,Sim9,005430,seen,,90faa2a6f269
14923630,2026-10-01 15:21:08,actions-trading,Sim9,009420,seen,,e3810b553313
14923630,2026-10-01 15:21:08,actions-trading,Sim9,036570,seen,,8e5dc6763a8f
14923630,2026-10-01 15:21:08,actions-trading,Sim9,023150,seen,,bfff7a3c59ab
14923630,2026-10-01 15:21:08,actions-trading,Sim9,069640,seen,,c93f5cebe5d1
14923630,2026-10-01 15:21:08,actions-trading,Sim9,014680,seen,,539fd2013b6b
14923630,2026-10-01 15:21:08,actions-trading,Sim9,012030,seen,,7a45380aa9d6
14923630,2026-10-01 15:21:08,actions-trading,Sim9,055490,seen,,57aef228eb7a
14923630,2026-10-01 15:21:08,actions-trading,Sim9,480370,seen,,260c8f103ceb
14923630,2026-10-01 15:21:08,actions-trading,Sim9,109070,seen,,0e7658bd070e
14923630,2026-10-01 15:21:08,actions-trading,Sim9,0126Z0,seen,,f165e6aa2389
14923630,2026-10-01 15:21:08,actions-trading,Sim9,004710,seen,,ceed56a2b36f
14923630,2026-10-01 15:21:08,actions-trading,Sim9,195870,seen,,754c4565d0e6
14923630,2026-10-01 15:21:08,actions-trading,Sim9,004105,seen,,ece74d46f02f
14923630,2026-10-01 15:21:08,actions-trading,Sim9,093050,seen,,15b189b2d5f7
14923630,2026-10-01 15:21:08,actions-trading,Sim9,007660,seen,,abf69aa6deef
14923630,2026-10-01 15:21:08,actions-trading,Sim9,112610,seen,,acdd2bc0837f
14923630,2026-10-01 15:21:08,actions-trading,Sim9,011690,seen,,9c1257b6b8c3
14923630,2026-10-01 15:21:08,actions-trading,Sim9,35320K,seen,,527ebb697cdc
14923630,2026-10-01 15:21:08,actions-trading,Sim9,002360,seen,,1080c93a8d0a
14923630,2026-10-01 15:21:08,actions-trading,Sim9,317450,seen,,aa0653372a1e
14923630,2026-10-01 15:21:08,actions-trading,Sim9,001820,seen,,f5b6c8ef5707
14923630,2026-10-01 15:21:08,actions-trading,Sim9,077500,seen,,f5f961be23e0
14923630,2026-10-01 15:21:08,actions-trading,미너비니,192820,skip,below_pivot,7cab846c1672
14923630,2026-10-01 15:21:08,actions-trading,미너비니,443060,skip,below_pivot,63522fc7063c
14923630,2026-10-01 15:21:08,actions-trading,미너비니,020120,skip,below_pivot,b812aa3843e2
14923630,2026-10-01 15:21:09,actions-trading,Sim12,084010,skip,avoid_frgn_sell_20d,7eaf367f0e59
14923630,2026-10-01 15:21:09,actions-trading,Sim12,248070,skip,avoid_frgn_sell_20d,b61a8d73ce87
14923630,2026-10-01 15:21:09,actions-trading,Sim12,192650,skip,pb2_not_crashed,b0ec454e01ac
14923630,2026-10-01 15:21:09,actions-trading,Sim12,353200,skip,avoid_orgn_sell_high_per,af1545e0ca27
14923630,2026-10-01 15:21:09,actions-trading,Sim12,003160,skip,pb2_not_crashed,fa00731fe156
14923630,2026-10-01 15:21:09,actions-trading,Sim12,001360,skip,pb2_not_crashed,ef38d2a33754
14923630,2026-10-01 15:21:09,actions-trading,Sim12,003350,skip,pb2_not_crashed,5c4fd427514c
14923630,2026-10-01 15:21:09,actions-trading,Sim12,005430,skip,pb2_not_crashed,90faa2a6f269
14923630,2026-10-01 15:21:09,actions-trading,Sim12,009420,skip,pb2_no_inst_buying,e3810b553313
14923630,2026-10-01 15:21:09,actions-trading,Sim12,036570,skip,pb2_not_crashed,8e5dc6763a8f
14923630,2026-10-01 15:21:09,actions-trading,Sim12,023150,skip,avoid_frgn_sell_20d,bfff7a3c59ab
14923630,2026-10-01 15:21:09,actions-trading,Sim12,069640,skip,avoid_frgn_sell_20d,c93f5cebe5d1
14923630,2026-10-01 15:21:09,actions-trading,Sim12,014680,skip,pb2_not_crashed,539fd2013b6b
14923630,2026-10-01 15:21:09,actions-trading,Sim12,012030,skip,avoid_frgn_sell_20d,7a45380aa9d6
14923630,2026-10-01 15:21:09,actions-trading,Sim12,055490,skip,avoid_frgn_sell_20d,57aef228eb7a
14923630,2026-10-01 15:21:09,actions-trading,Sim12,480370,skip,pb2_not_crashed,260c8f103ceb
14923630,2026-10-01 15:21:09,actions-trading,Sim12,109070,skip,pb2_not_crashed,0e7658bd070e
14923630,2026-10-01 15:21:09,actions-trading,Sim12,0126Z0,skip,avoid_frgn_sell_20d,f165e6aa2389
14923630,2026-10-01 15:21:09,actions-trading,Sim12,004710,skip,avoid_frgn_sell_20d,ceed56a2b36f
14923630,2026-10-01 15:21:09,actions-trading,Sim12,195870,skip,pb2_not_crashed,754c4565d0e6
14923630,2026-10-01 15:21:09,actions-trading,Sim12,004105,skip,pb2_not_crashed,ece74d46f02f
14923630,2026-10-01 15:21:09,actions-trading,Sim12,093050,skip,avoid_frgn_sell_20d,15b189b2d5f7
14923630,2026-10-01 15:21:09,actions-trading,Sim12,007660,skip,pb2_not_crashed,abf69aa6deef
14923630,2026-10-01 15:21:09,actions-trading,Sim12,112610,skip,avoid_frgn_sell_20d,acdd2bc0837f
14923630,2026-10-01 15:21:09,actions-trading,Sim12,011690,skip,pb2_not_crashed,9c1257b6b8c3
14923630,2026-10-01 15:21:09,actions-trading,Sim12,35320K,skip,pb2_not_crashed,527ebb697cdc
14923630,2026-10-01 15:21:09,actions-trading,Sim12,002360,skip,pb2_not_crashed,1080c93a8d0a
14923630,2026-10-01 15:21:09,actions-trading,Sim12,317450,skip,avoid_frgn_sell_20d,aa0653372a1e
14923630,2026-10-01 15:21:09,actions-trading,Sim12,001820,skip,pb2_not_crashed,f5b6c8ef5707
14923630,2026-10-01 15:21:09,actions-trading,Sim12,077500,skip,pb2_not_crashed,f5f961be23e0
14923630,2026-10-01 15:21:09,actions-trading,Sim12,009190,skip,pb2_no_inst_buying,9888861b0712
14923630,2026-10-01 15:21:09,actions-trading,Sim12,051630,skip,pb2_not_crashed,65c3a0d99f4d
14923630,2026-10-01 15:21:09,actions-trading,Sim12,452260,skip,pb2_not_crashed,f35a55333a45
14923630,2026-10-01 15:21:09,actions-trading,Sim12,002787,skip,avoid_amount_dry,2384cbc8eb2b
14923630,2026-10-01 15:21:09,actions-trading,Sim12,002820,skip,pb2_no_inst_buying,45e680d35fbf
14923630,2026-10-01 15:21:09,actions-trading,Sim12,010950,skip,pb2_not_crashed,9f974daa9eb9
14923630,2026-10-01 15:21:09,actions-trading,Sim12,071090,skip,pb2_not_crashed,910743c4c008
14923630,2026-10-01 15:21:09,actions-trading,Sim12,010955,skip,pb2_not_crashed,f2fe1439853e
14923630,2026-10-01 15:21:09,actions-trading,Sim12,007110,skip,avoid_amount_dry,49692a94a7c4
14923630,2026-10-01 15:21:09,actions-trading,Sim12,002690,skip,avoid_frgn_sell_20d,569399f5d05a
14923630,2026-10-01 15:21:09,actions-trading,Sim12,001770,skip,pb2_thin_liquidity,3988909adb9a
14923630,2026-10-01 15:21:09,actions-trading,Sim12,361610,skip,pb2_not_crashed,115b55657ec9
14923630,2026-10-01 15:21:09,actions-trading,Sim12,487570,skip,pb2_not_crashed,0156c26b6d51
14923630,2026-10-01 15:21:09,actions-trading,Sim12,096770,skip,pb2_not_crashed,3595f308fff3
14923630,2026-10-01 15:21:09,actions-trading,Sim12,011090,skip,avoid_amount_dry,ddec29f9bffe
14923630,2026-10-01 15:21:09,actions-trading,Sim12,002070,skip,avoid_amount_dry,846a5c85930e
14923630,2026-10-01 15:21:09,actions-trading,Sim12,010640,skip,avoid_frgn_sell_20d,d3c719cfc697
14923630,2026-10-01 15:21:09,actions-trading,Sim12,003780,skip,avoid_frgn_sell_20d,6eac82c4870b
14923630,2026-10-01 15:21:09,actions-trading,Sim12,006200,skip,pb2_no_inst_buying,cba62de18778
14923630,2026-10-01 15:21:09,actions-trading,Sim12,003030,skip,pb2_not_crashed,8dad372b2df7
14923630,2026-10-01 15:21:09,actions-trading,Sim12,078930,skip,pb2_thin_liquidity,dfac9093da99
14923630,2026-10-01 15:21:09,actions-trading,Sim12,003580,skip,pb2_not_crashed,aa418c1670c0
14923630,2026-10-01 15:21:09,actions-trading,Sim12,044450,skip,pb2_not_crashed,e31c0be41ca1
14923630,2026-10-01 15:21:09,actions-trading,Sim12,003075,skip,pb2_not_crashed,20752b7cd37d
14923630,2026-10-01 15:21:09,actions-trading,Sim12,316140,skip,pb2_not_crashed,573949f4f842
14923630,2026-10-01 15:21:09,actions-trading,Sim12,005030,skip,avoid_amount_dry,43a2cfae514d
14923630,2026-10-01 15:21:09,actions-trading,Sim12,096775,skip,pb2_not_crashed,c36ec91fec71
14923630,2026-10-01 15:21:09,actions-trading,Sim12,017940,skip,pb2_not_crashed,acbec025010f
14923630,2026-10-01 15:21:09,actions-trading,Sim12,015260,skip,avoid_amount_dry,4d6749c7864e
14923630,2026-10-01 15:21:09,actions-trading,Sim12,009810,skip,pb2_not_crashed,f97e02704359
14923630,2026-10-01 15:21:09,actions-trading,Sim13,084010,skip,theme_momentum_weak,7eaf367f0e59
14923630,2026-10-01 15:21:09,actions-trading,Sim13,248070,skip,theme_momentum_weak,b61a8d73ce87
14923630,2026-10-01 15:21:09,actions-trading,Sim13,192650,skip,no_frgn_support,b0ec454e01ac
14923630,2026-10-01 15:21:09,actions-trading,Sim13,353200,skip,adx_weak,af1545e0ca27
14923630,2026-10-01 15:21:09,actions-trading,Sim13,003160,skip,no_frgn_support,fa00731fe156
14923630,2026-10-01 15:21:09,actions-trading,Sim13,001360,skip,theme_momentum_weak,ef38d2a33754
14923630,2026-10-01 15:21:09,actions-trading,Sim13,003350,skip,theme_momentum_weak,5c4fd427514c
14923630,2026-10-01 15:21:09,actions-trading,Sim13,005430,skip,theme_momentum_weak,90faa2a6f269
14923630,2026-10-01 15:21:09,actions-trading,Sim13,009420,skip,theme_momentum_weak,e3810b553313
14923630,2026-10-01 15:21:09,actions-trading,Sim13,036570,skip,theme_momentum_weak,8e5dc6763a8f
14923630,2026-10-01 15:21:09,actions-trading,Sim13,023150,skip,theme_momentum_weak,bfff7a3c59ab
14923630,2026-10-01 15:21:09,actions-trading,Sim13,069640,skip,theme_momentum_weak,c93f5cebe5d1
14923630,2026-10-01 15:21:09,actions-trading,Sim13,014680,skip,no_frgn_support,539fd2013b6b
14923630,2026-10-01 15:21:09,actions-trading,Sim13,012030,skip,adx_weak,7a45380aa9d6
14923630,2026-10-01 15:21:09,actions-trading,Sim13,055490,skip,theme_momentum_weak,57aef228eb7a
14923630,2026-10-01 15:21:09,actions-trading,Sim13,480370,skip,adx_weak,260c8f103ceb
14923630,2026-10-01 15:21:09,actions-trading,Sim13,109070,skip,amount_not_surprised,0e7658bd070e
14923630,2026-10-01 15:21:09,actions-trading,Sim13,0126Z0,skip,theme_momentum_weak,f165e6aa2389
14923630,2026-10-01 15:21:09,actions-trading,Sim13,004710,skip,no_frgn_support,ceed56a2b36f
14923630,2026-10-01 15:21:09,actions-trading,Sim13,195870,skip,adx_weak,754c4565d0e6
14923630,2026-10-01 15:21:09,actions-trading,Sim13,004105,skip,no_frgn_support,ece74d46f02f
14923630,2026-10-01 15:21:09,actions-trading,Sim13,093050,skip,theme_momentum_weak,15b189b2d5f7
14923630,2026-10-01 15:21:09,actions-trading,Sim13,007660,skip,theme_momentum_weak,abf69aa6deef
14923630,2026-10-01 15:21:09,actions-trading,Sim13,112610,skip,theme_momentum_weak,acdd2bc0837f
14923630,2026-10-01 15:21:09,actions-trading,Sim13,011690,skip,theme_momentum_weak,9c1257b6b8c3
14923630,2026-10-01 15:21:09,actions-trading,Sim13,35320K,skip,theme_momentum_weak,527ebb697cdc
14923630,2026-10-01 15:21:09,actions-trading,Sim13,002360,skip,amount_not_surprised,1080c93a8d0a
14923630,2026-10-01 15:21:09,actions-trading,Sim13,317450,skip,theme_momentum_weak,aa0653372a1e
14923630,2026-10-01 15:21:09,actions-trading,Sim13,001820,skip,adx_weak,f5b6c8ef5707
14923630,2026-10-01 15:21:09,actions-trading,Sim13,077500,skip,held_or_cooldown,f5f961be23e0
14923631,2026-10-01 15:23:01,actions-trading,MFHS2,005935,skip,max_holdings,16c1f787a730
14923631,2026-10-01 15:23:01,actions-trading,MFHS2,003280,seen,,f62a7de7f6b4
14923631,2026-10-01 15:23:01,actions-trading,MFHS2,003160,seen,,fa00731fe156
14923631,2026-10-01 15:23:01,actions-trading,MFHS2,248070,seen,,b61a8d73ce87
14923631,2026-10-01 15:23:01,actions-trading,MFHS2,001360,seen,,ef38d2a33754
14923631,2026-10-01 15:23:01,actions-trading,MFHS2,001820,seen,,636c96ac1d42
14923631,2026-10-01 15:23:01,actions-trading,MFHS2,034220,seen,,932353036543
14923631,2026-10-01 15:23:01,actions-trading,MFHS2,007660,seen,,f9f224fb70e1
14923631,2026-10-01 15:23:01,actions-trading,MFHS2,002990,seen,,b0e44823e8c9
14923631,2026-10-01 15:23:01,actions-trading,MFHS2,001740,seen,,ed080d561e2c
14923631,2026-10-01 15:23:01,actions-trading,MFHS2,073240,seen,,b6c23e054add
14923631,2026-10-01 15:23:01,actions-trading,MFHS2,068270,seen,,13b6c5f1a472
14923631,2026-10-01 15:23:01,actions-trading,MFHS2,005360,seen,,19da1fbf9f9f
14923631,2026-10-01 15:23:01,actions-trading,MFHS2,003350,seen,,5c4fd427514c
14923631,2026-10-01 15:23:01,actions-trading,MFHS2,090460,seen,,9fc4da3ec076
14923631,2026-10-01 15:23:01,actions-trading,MFHS2,006800,seen,,c175925cee95
14923631,2026-10-01 15:23:01,actions-trading,MFHS2,005880,seen,,93404dc87a89
14923631,2026-10-01 15:23:01,actions-trading,MFHS2,001510,seen,,a04bc10ff5f2
14923631,2026-10-01 15:23:01,actions-trading,MFHS2,001210,seen,,7bc272a4d053
14923631,2026-10-01 15:23:01,actions-trading,MFHS2,001200,seen,,404bac53017a
14923631,2026-10-01 15:23:01,actions-trading,MFHS2,064400,seen,,c86dca9ed98d
14923631,2026-10-01 15:23:01,actions-trading,MFHS2,005690,seen,,8f01d0e3ae2a
14923631,2026-10-01 15:23:01,actions-trading,MFHS2,272210,seen,,25ad3efb53ef
14923631,2026-10-01 15:23:01,actions-trading,MFHS2,019170,seen,,d299f1471531
14923631,2026-10-01 15:23:01,actions-trading,MFHS2,002700,seen,,1cead5aa297e
14923631,2026-10-01 15:23:01,actions-trading,MFHS2,003520,seen,,95e687eb06e1
14923631,2026-10-01 15:23:01,actions-trading,MFHS2,000400,seen,,0614021f78e6
14923631,2026-10-01 15:23:01,actions-trading,MFHS2,137310,seen,,87ec48a7d708
14923631,2026-10-01 15:23:01,actions-trading,MFHS2,032350,seen,,a118c3e5e6de
14923631,2026-10-01 15:23:01,actions-trading,MFHS2,249420,seen,,a69ced0b395c
14923631,2026-10-01 15:23:02,actions-trading,상승모멘텀,084010,skip,max_holdings,7eaf367f0e59
14923631,2026-10-01 15:23:02,actions-trading,상승모멘텀,248070,seen,,b61a8d73ce87
14923631,2026-10-01 15:23:02,actions-trading,상승모멘텀,192650,seen,,b0ec454e01ac
14923631,2026-10-01 15:23:02,actions-trading,상승모멘텀,353200,seen,,7578d82e596a
14923631,2026-10-01 15:23:02,actions-trading,상승모멘텀,003160,seen,,fa00731fe156
14923631,2026-10-01 15:23:02,actions-trading,상승모멘텀,001360,seen,,ef38d2a33754
14923631,2026-10-01 15:23:02,actions-trading,상승모멘텀,003350,seen,,5c4fd427514c
14923631,2026-10-01 15:23:02,actions-trading,상승모멘텀,005430,seen,,90faa2a6f269
14923631,2026-10-01 15:23:02,actions-trading,상승모멘텀,009420,seen,,63e07c6ba4c2
14923631,2026-10-01 15:23:02,actions-trading,상승모멘텀,036570,seen,,8e5dc6763a8f
14923631,2026-10-01 15:23:02,actions-trading,상승모멘텀,023150,seen,,bfff7a3c59ab
14923631,2026-10-01 15:23:02,actions-trading,상승모멘텀,069640,seen,,c93f5cebe5d1
14923631,2026-10-01 15:23:02,actions-trading,상승모멘텀,014680,seen,,beb60788b0dc
14923631,2026-10-01 15:23:02,actions-trading,상승모멘텀,012030,seen,,7a45380aa9d6
14923631,2026-10-01 15:23:02,actions-trading,상승모멘텀,055490,seen,,57aef228eb7a
14923631,2026-10-01 15:23:02,actions-trading,상승모멘텀,480370,seen,,3c6f3b59b5ab
14923631,2026-10-01 15:23:02,actions-trading,상승모멘텀,109070,seen,,0e7658bd070e
14923631,2026-10-01 15:23:02,actions-trading,상승모멘텀,0126Z0,seen,,f165e6aa2389
14923631,2026-10-01 15:23:02,actions-trading,상승모멘텀,004710,seen,,ceed56a2b36f
14923631,2026-10-01 15:23:02,actions-trading,상승모멘텀,195870,seen,,754c4565d0e6
14923631,2026-10-01 15:23:02,actions-trading,상승모멘텀,004105,seen,,ece74d46f02f
14923631,2026-10-01 15:23:02,actions-trading,상승모멘텀,093050,seen,,15b189b2d5f7
14923631,2026-10-01 15:23:02,actions-trading,상승모멘텀,007660,seen,,f9f224fb70e1
14923631,2026-10-01 15:23:02,actions-trading,상승모멘텀,112610,seen,,acdd2bc0837f
14923631,2026-10-01 15:23:02,actions-trading,상승모멘텀,011690,seen,,0ed5c713158a
14923631,2026-10-01 15:23:02,actions-trading,상승모멘텀,35320K,seen,,527ebb697cdc
14923631,2026-10-01 15:23:02,actions-trading,상승모멘텀,002360,seen,,12c06b1b2a4b
14923631,2026-10-01 15:23:02,actions-trading,상승모멘텀,317450,seen,,aa0653372a1e
14923631,2026-10-01 15:23:02,actions-trading,상승모멘텀,001820,seen,,636c96ac1d42
14923631,2026-10-01 15:23:02,actions-trading,상승모멘텀,077500,seen,,f5f961be23e0
14923631,2026-10-01 15:23:02,actions-trading,Sim4-1,084010,skip,period,7eaf367f0e59
14923631,2026-10-01 15:23:02,actions-trading,Sim4-1,248070,skip,period,b61a8d73ce87
14923631,2026-10-01 15:23:02,actions-trading,Sim4-1,192650,skip,period,b0ec454e01ac
14923631,2026-10-01 15:23:02,actions-trading,Sim4-1,353200,skip,adx_high,7578d82e596a
14923631,2026-10-01 15:23:02,actions-trading,Sim4-1,003160,skip,held_or_cooldown,fa00731fe156
14923631,2026-10-01 15:23:02,actions-trading,Sim4-1,001360,skip,adx_low,ef38d2a33754
14923631,2026-10-01 15:23:02,actions-trading,Sim4-1,003350,skip,adx_low,5c4fd427514c
14923631,2026-10-01 15:23:02,actions-trading,Sim4-1,005430,skip,amount,90faa2a6f269
14923631,2026-10-01 15:23:02,actions-trading,Sim4-1,009420,skip,period,63e07c6ba4c2
14923631,2026-10-01 15:23:02,actions-trading,Sim4-1,036570,skip,period,8e5dc6763a8f
14923631,2026-10-01 15:23:02,actions-trading,Sim4-1,023150,skip,amount,bfff7a3c59ab
14923631,2026-10-01 15:23:02,actions-trading,Sim4-1,069640,skip,amount,c93f5cebe5d1
14923631,2026-10-01 15:23:02,actions-trading,Sim4-1,014680,skip,adx_high,beb60788b0dc
14923631,2026-10-01 15:23:02,actions-trading,Sim4-1,012030,skip,adx_high,7a45380aa9d6
14923631,2026-10-01 15:23:02,actions-trading,Sim4-1,055490,skip,amount,57aef228eb7a
14923631,2026-10-01 15:23:02,actions-trading,Sim4-1,480370,skip,amount,3c6f3b59b5ab
14923631,2026-10-01 15:23:02,actions-trading,Sim4-1,109070,skip,amount,0e7658bd070e
14923631,2026-10-01 15:23:02,actions-trading,Sim4-1,0126Z0,skip,adx_high,f165e6aa2389
14923631,2026-10-01 15:23:02,actions-trading,Sim4-1,004710,skip,adx_high,ceed56a2b36f
14923631,2026-10-01 15:23:02,actions-trading,Sim4-1,195870,skip,held_or_cooldown,754c4565d0e6
14923631,2026-10-01 15:23:02,actions-trading,Sim4-1,004105,skip,amount,ece74d46f02f
14923631,2026-10-01 15:23:02,actions-trading,Sim4-1,093050,skip,amount,15b189b2d5f7
14923631,2026-10-01 15:23:02,actions-trading,Sim4-1,007660,skip,held_or_cooldown,f9f224fb70e1
14923631,2026-10-01 15:23:02,actions-trading,Sim4-1,112610,skip,period,acdd2bc0837f
14923631,2026-10-01 15:23:02,actions-trading,Sim4-1,011690,skip,period,0ed5c713158a
14923631,2026-10-01 15:23:02,actions-trading,Sim4-1,35320K,skip,amount,527ebb697cdc
14923631,2026-10-01 15:23:02,actions-trading,Sim4-1,002360,skip,amount,12c06b1b2a4b
14923631,2026-10-01 15:23:02,actions-trading,Sim4-1,317450,skip,amount,aa0653372a1e
14923631,2026-10-01 15:23:02,actions-trading,Sim4-1,001820,skip,adx_low,636c96ac1d42
14923631,2026-10-01 15:23:02,actions-trading,Sim4-1,077500,skip,adx_high,f5f961be23e0
14923631,2026-10-01 15:23:04,actions-trading,선행매집,005930,skip,below_anchor,6427e73d482b
14923631,2026-10-01 15:23:04,actions-trading,선행매집,005935,skip,below_anchor,16c1f787a730
14923631,2026-10-01 15:23:04,actions-trading,선행매집,000660,skip,below_anchor,63b5cfdbb246
14923631,2026-10-01 15:23:04,actions-trading,선행매집,192650,skip,no_setup,b0ec454e01ac
14923631,2026-10-01 15:23:04,actions-trading,선행매집,028670,skip,held_awaiting_breakout,82dadf921fa5
14923631,2026-10-01 15:23:04,actions-trading,선행매집,248070,skip,below_anchor,b61a8d73ce87
14923631,2026-10-01 15:23:04,actions-trading,선행매집,003280,skip,below_anchor,f62a7de7f6b4
14923631,2026-10-01 15:23:04,actions-trading,선행매집,073240,skip,no_52w_anchor,b6c23e054add
14923631,2026-10-01 15:23:04,actions-trading,선행매집,034220,skip,below_anchor,932353036543
14923631,2026-10-01 15:23:04,actions-trading,선행매집,011200,skip,below_anchor,98f9b4e5081b
14923631,2026-10-01 15:23:04,actions-trading,선행매집,007660,skip,below_anchor,f9f224fb70e1
14923631,2026-10-01 15:23:04,actions-trading,선행매집,001820,skip,below_anchor,636c96ac1d42
14923631,2026-10-01 15:23:04,actions-trading,선행매집,001360,skip,below_anchor,ef38d2a33754
14923631,2026-10-01 15:23:04,actions-trading,선행매집,093370,skip,below_anchor,5bddb4c8b17c
14923631,2026-10-01 15:23:04,actions-trading,선행매집,002990,skip,below_anchor,b0e44823e8c9
14923631,2026-10-01 15:23:04,actions-trading,선행매집,005880,skip,below_anchor,93404dc87a89
14923631,2026-10-01 15:23:04,actions-trading,선행매집,003160,skip,no_setup,fa00731fe156
14923631,2026-10-01 15:23:04,actions-trading,선행매집,068270,skip,below_anchor,13b6c5f1a472
14923631,2026-10-01 15:23:04,actions-trading,선행매집,272210,skip,below_anchor,25ad3efb53ef
14923631,2026-10-01 15:23:04,actions-trading,선행매집,006800,skip,below_anchor,c175925cee95
14923631,2026-10-01 15:23:04,actions-trading,선행매집,005360,skip,amount,19da1fbf9f9f
14923631,2026-10-01 15:23:04,actions-trading,선행매집,003350,skip,below_anchor,5c4fd427514c
14923631,2026-10-01 15:23:04,actions-trading,선행매집,001740,skip,below_anchor,ed080d561e2c
14923631,2026-10-01 15:23:04,actions-trading,선행매집,001210,skip,no_52w_anchor,7bc272a4d053
14923631,2026-10-01 15:23:04,actions-trading,선행매집,001510,skip,below_anchor,a04bc10ff5f2
14923631,2026-10-01 15:23:04,actions-trading,선행매집,017670,skip,below_anchor,12437f149d10
14923631,2026-10-01 15:23:04,actions-trading,선행매집,002700,skip,amount,1cead5aa297e
14923631,2026-10-01 15:23:04,actions-trading,선행매집,064400,skip,below_anchor,c86dca9ed98d
14923631,2026-10-01 15:23:04,actions-trading,선행매집,001200,skip,below_anchor,404bac53017a
14923631,2026-10-01 15:23:04,actions-trading,선행매집,019170,skip,below_anchor,d299f1471531
14923631,2026-10-01 15:23:04,actions-trading,Sim9,_gate,skip,outside_entry_window,e3b0c44298fc
14923631,2026-10-01 15:23:04,actions-trading,Sim9,084010,seen,,7eaf367f0e59
14923631,2026-10-01 15:23:04,actions-trading,Sim9,248070,seen,,b61a8d73ce87
14923631,2026-10-01 15:23:04,actions-trading,Sim9,192650,seen,,b0ec454e01ac
14923631,2026-10-01 15:23:04,actions-trading,Sim9,353200,seen,,7578d82e596a
14923631,2026-10-01 15:23:04,actions-trading,Sim9,003160,seen,,fa00731fe156
14923631,2026-10-01 15:23:04,actions-trading,Sim9,001360,seen,,ef38d2a33754
14923631,2026-10-01 15:23:04,actions-trading,Sim9,003350,seen,,5c4fd427514c
14923631,2026-10-01 15:23:04,actions-trading,Sim9,005430,seen,,90faa2a6f269
14923631,2026-10-01 15:23:04,actions-trading,Sim9,009420,seen,,63e07c6ba4c2
14923631,2026-10-01 15:23:04,actions-trading,Sim9,036570,seen,,8e5dc6763a8f
14923631,2026-10-01 15:23:04,actions-trading,Sim9,023150,seen,,bfff7a3c59ab
14923631,2026-10-01 15:23:04,actions-trading,Sim9,069640,seen,,c93f5cebe5d1
14923631,2026-10-01 15:23:04,actions-trading,Sim9,014680,seen,,beb60788b0dc
14923631,2026-10-01 15:23:04,actions-trading,Sim9,012030,seen,,7a45380aa9d6
14923631,2026-10-01 15:23:04,actions-trading,Sim9,055490,seen,,57aef228eb7a
14923631,2026-10-01 15:23:04,actions-trading,Sim9,480370,seen,,3c6f3b59b5ab
14923631,2026-10-01 15:23:04,actions-trading,Sim9,109070,seen,,0e7658bd070e
14923631,2026-10-01 15:23:04,actions-trading,Sim9,0126Z0,seen,,f165e6aa2389
14923631,2026-10-01 15:23:04,actions-trading,Sim9,004710,seen,,ceed56a2b36f
14923631,2026-10-01 15:23:04,actions-trading,Sim9,195870,seen,,754c4565d0e6
14923631,2026-10-01 15:23:04,actions-trading,Sim9,004105,seen,,ece74d46f02f
14923631,2026-10-01 15:23:04,actions-trading,Sim9,093050,seen,,15b189b2d5f7
14923631,2026-10-01 15:23:04,actions-trading,Sim9,007660,seen,,f9f224fb70e1
14923631,2026-10-01 15:23:04,actions-trading,Sim9,112610,seen,,acdd2bc0837f
14923631,2026-10-01 15:23:04,actions-trading,Sim9,011690,seen,,0ed5c713158a
14923631,2026-10-01 15:23:04,actions-trading,Sim9,35320K,seen,,527ebb697cdc
14923631,2026-10-01 15:23:04,actions-trading,Sim9,002360,seen,,12c06b1b2a4b
14923631,2026-10-01 15:23:04,actions-trading,Sim9,317450,seen,,aa0653372a1e
14923631,2026-10-01 15:23:04,actions-trading,Sim9,001820,seen,,636c96ac1d42
14923631,2026-10-01 15:23:04,actions-trading,Sim9,077500,seen,,f5f961be23e0
14923631,2026-10-01 15:23:04,actions-trading,미너비니,192820,skip,below_pivot,7cab846c1672
14923631,2026-10-01 15:23:04,actions-trading,미너비니,443060,skip,below_pivot,63522fc7063c
14923631,2026-10-01 15:23:04,actions-trading,미너비니,020120,skip,below_pivot,b812aa3843e2
14923631,2026-10-01 15:23:05,actions-trading,Sim12,084010,skip,avoid_frgn_sell_20d,7eaf367f0e59
14923631,2026-10-01 15:23:05,actions-trading,Sim12,248070,skip,avoid_frgn_sell_20d,b61a8d73ce87
14923631,2026-10-01 15:23:05,actions-trading,Sim12,192650,skip,pb2_not_crashed,b0ec454e01ac
14923631,2026-10-01 15:23:05,actions-trading,Sim12,353200,skip,avoid_orgn_sell_high_per,7578d82e596a
14923631,2026-10-01 15:23:05,actions-trading,Sim12,003160,skip,pb2_not_crashed,fa00731fe156
14923631,2026-10-01 15:23:05,actions-trading,Sim12,001360,skip,pb2_not_crashed,ef38d2a33754
14923631,2026-10-01 15:23:05,actions-trading,Sim12,003350,skip,pb2_not_crashed,5c4fd427514c
14923631,2026-10-01 15:23:05,actions-trading,Sim12,005430,skip,pb2_not_crashed,90faa2a6f269
14923631,2026-10-01 15:23:05,actions-trading,Sim12,009420,skip,pb2_no_inst_buying,63e07c6ba4c2
14923631,2026-10-01 15:23:05,actions-trading,Sim12,036570,skip,pb2_not_crashed,8e5dc6763a8f
14923631,2026-10-01 15:23:05,actions-trading,Sim12,023150,skip,avoid_frgn_sell_20d,bfff7a3c59ab
14923631,2026-10-01 15:23:05,actions-trading,Sim12,069640,skip,avoid_frgn_sell_20d,c93f5cebe5d1
14923631,2026-10-01 15:23:05,actions-trading,Sim12,014680,skip,pb2_not_crashed,beb60788b0dc
14923631,2026-10-01 15:23:05,actions-trading,Sim12,012030,skip,avoid_frgn_sell_20d,7a45380aa9d6
14923631,2026-10-01 15:23:05,actions-trading,Sim12,055490,skip,avoid_frgn_sell_20d,57aef228eb7a
14923631,2026-10-01 15:23:05,actions-trading,Sim12,480370,skip,pb2_not_crashed,3c6f3b59b5ab
14923631,2026-10-01 15:23:05,actions-trading,Sim12,109070,skip,pb2_not_crashed,0e7658bd070e
14923631,2026-10-01 15:23:05,actions-trading,Sim12,0126Z0,skip,avoid_frgn_sell_20d,f165e6aa2389
14923631,2026-10-01 15:23:05,actions-trading,Sim12,004710,skip,avoid_frgn_sell_20d,ceed56a2b36f
14923631,2026-10-01 15:23:05,actions-trading,Sim12,195870,skip,pb2_not_crashed,754c4565d0e6
14923631,2026-10-01 15:23:05,actions-trading,Sim12,004105,skip,pb2_not_crashed,ece74d46f02f
14923631,2026-10-01 15:23:05,actions-trading,Sim12,093050,skip,avoid_frgn_sell_20d,15b189b2d5f7
14923631,2026-10-01 15:23:05,actions-trading,Sim12,007660,skip,pb2_not_crashed,f9f224fb70e1
14923631,2026-10-01 15:23:05,actions-trading,Sim12,112610,skip,avoid_frgn_sell_20d,acdd2bc0837f
14923631,2026-10-01 15:23:05,actions-trading,Sim12,011690,skip,pb2_not_crashed,0ed5c713158a
14923631,2026-10-01 15:23:05,actions-trading,Sim12,35320K,skip,pb2_not_crashed,527ebb697cdc
14923631,2026-10-01 15:23:05,actions-trading,Sim12,002360,skip,pb2_not_crashed,12c06b1b2a4b
14923631,2026-10-01 15:23:05,actions-trading,Sim12,317450,skip,avoid_frgn_sell_20d,aa0653372a1e
14923631,2026-10-01 15:23:05,actions-trading,Sim12,001820,skip,pb2_not_crashed,636c96ac1d42
14923631,2026-10-01 15:23:05,actions-trading,Sim12,077500,skip,pb2_not_crashed,f5f961be23e0
14923631,2026-10-01 15:23:05,actions-trading,Sim12,009190,skip,pb2_no_inst_buying,9888861b0712
14923631,2026-10-01 15:23:05,actions-trading,Sim12,051630,skip,pb2_not_crashed,65c3a0d99f4d
14923631,2026-10-01 15:23:05,actions-trading,Sim12,452260,skip,pb2_not_crashed,f35a55333a45
14923631,2026-10-01 15:23:05,actions-trading,Sim12,002787,skip,avoid_amount_dry,2384cbc8eb2b
14923631,2026-10-01 15:23:05,actions-trading,Sim12,002820,skip,pb2_no_inst_buying,45e680d35fbf
14923631,2026-10-01 15:23:05,actions-trading,Sim12,010950,skip,pb2_not_crashed,9f974daa9eb9
14923631,2026-10-01 15:23:05,actions-trading,Sim12,071090,skip,pb2_not_crashed,910743c4c008
14923631,2026-10-01 15:23:05,actions-trading,Sim12,010955,skip,pb2_not_crashed,f2fe1439853e
14923631,2026-10-01 15:23:05,actions-trading,Sim12,007110,skip,avoid_amount_dry,49692a94a7c4
14923631,2026-10-01 15:23:05,actions-trading,Sim12,002690,skip,avoid_frgn_sell_20d,569399f5d05a
14923631,2026-10-01 15:23:05,actions-trading,Sim12,001770,skip,pb2_thin_liquidity,3988909adb9a
14923631,2026-10-01 15:23:05,actions-trading,Sim12,361610,skip,pb2_not_crashed,115b55657ec9
14923631,2026-10-01 15:23:05,actions-trading,Sim12,487570,skip,pb2_not_crashed,0156c26b6d51
14923631,2026-10-01 15:23:05,actions-trading,Sim12,096770,skip,pb2_not_crashed,3595f308fff3
14923631,2026-10-01 15:23:05,actions-trading,Sim12,011090,skip,avoid_amount_dry,ddec29f9bffe
14923631,2026-10-01 15:23:05,actions-trading,Sim12,002070,skip,avoid_amount_dry,846a5c85930e
14923631,2026-10-01 15:23:05,actions-trading,Sim12,010640,skip,avoid_frgn_sell_20d,d3c719cfc697
14923631,2026-10-01 15:23:05,actions-trading,Sim12,003780,skip,avoid_frgn_sell_20d,6eac82c4870b
14923631,2026-10-01 15:23:05,actions-trading,Sim12,006200,skip,pb2_no_inst_buying,cba62de18778
14923631,2026-10-01 15:23:05,actions-trading,Sim12,003030,skip,pb2_not_crashed,8dad372b2df7
14923631,2026-10-01 15:23:05,actions-trading,Sim12,078930,skip,pb2_thin_liquidity,dfac9093da99
14923631,2026-10-01 15:23:05,actions-trading,Sim12,003580,skip,pb2_not_crashed,aa418c1670c0
14923631,2026-10-01 15:23:05,actions-trading,Sim12,044450,skip,pb2_not_crashed,e31c0be41ca1
14923631,2026-10-01 15:23:05,actions-trading,Sim12,003075,skip,pb2_not_crashed,20752b7cd37d
14923631,2026-10-01 15:23:05,actions-trading,Sim12,316140,skip,pb2_not_crashed,573949f4f842
14923631,2026-10-01 15:23:05,actions-trading,Sim12,005030,skip,avoid_amount_dry,43a2cfae514d
14923631,2026-10-01 15:23:05,actions-trading,Sim12,096775,skip,pb2_not_crashed,c36ec91fec71
14923631,2026-10-01 15:23:05,actions-trading,Sim12,017940,skip,pb2_not_crashed,acbec025010f
14923631,2026-10-01 15:23:05,actions-trading,Sim12,015260,skip,avoid_amount_dry,4d6749c7864e
14923631,2026-10-01 15:23:05,actions-trading,Sim12,009810,skip,pb2_not_crashed,f97e02704359
14923631,2026-10-01 15:23:05,actions-trading,Sim13,084010,skip,theme_momentum_weak,7eaf367f0e59
14923631,2026-10-01 15:23:05,actions-trading,Sim13,248070,skip,theme_momentum_weak,b61a8d73ce87
14923631,2026-10-01 15:23:05,actions-trading,Sim13,192650,skip,no_frgn_support,b0ec454e01ac
14923631,2026-10-01 15:23:05,actions-trading,Sim13,353200,skip,adx_weak,7578d82e596a
14923631,2026-10-01 15:23:05,actions-trading,Sim13,003160,skip,no_frgn_support,fa00731fe156
14923631,2026-10-01 15:23:05,actions-trading,Sim13,001360,skip,theme_momentum_weak,ef38d2a33754
14923631,2026-10-01 15:23:05,actions-trading,Sim13,003350,skip,theme_momentum_weak,5c4fd427514c
14923631,2026-10-01 15:23:05,actions-trading,Sim13,005430,skip,theme_momentum_weak,90faa2a6f269
14923631,2026-10-01 15:23:05,actions-trading,Sim13,009420,skip,theme_momentum_weak,63e07c6ba4c2
14923631,2026-10-01 15:23:05,actions-trading,Sim13,036570,skip,theme_momentum_weak,8e5dc6763a8f
14923631,2026-10-01 15:23:05,actions-trading,Sim13,023150,skip,theme_momentum_weak,bfff7a3c59ab
14923631,2026-10-01 15:23:05,actions-trading,Sim13,069640,skip,theme_momentum_weak,c93f5cebe5d1
14923631,2026-10-01 15:23:05,actions-trading,Sim13,014680,skip,no_frgn_support,beb60788b0dc
14923631,2026-10-01 15:23:05,actions-trading,Sim13,012030,skip,adx_weak,7a45380aa9d6
14923631,2026-10-01 15:23:05,actions-trading,Sim13,055490,skip,theme_momentum_weak,57aef228eb7a
14923631,2026-10-01 15:23:05,actions-trading,Sim13,480370,skip,adx_weak,3c6f3b59b5ab
14923631,2026-10-01 15:23:05,actions-trading,Sim13,109070,skip,amount_not_surprised,0e7658bd070e
14923631,2026-10-01 15:23:05,actions-trading,Sim13,0126Z0,skip,theme_momentum_weak,f165e6aa2389
14923631,2026-10-01 15:23:05,actions-trading,Sim13,004710,skip,no_frgn_support,ceed56a2b36f
14923631,2026-10-01 15:23:05,actions-trading,Sim13,195870,skip,adx_weak,754c4565d0e6
14923631,2026-10-01 15:23:05,actions-trading,Sim13,004105,skip,no_frgn_support,ece74d46f02f
14923631,2026-10-01 15:23:05,actions-trading,Sim13,093050,skip,theme_momentum_weak,15b189b2d5f7
14923631,2026-10-01 15:23:05,actions-trading,Sim13,007660,skip,theme_momentum_weak,f9f224fb70e1
14923631,2026-10-01 15:23:05,actions-trading,Sim13,112610,skip,theme_momentum_weak,acdd2bc0837f
14923631,2026-10-01 15:23:05,actions-trading,Sim13,011690,skip,theme_momentum_weak,0ed5c713158a
14923631,2026-10-01 15:23:05,actions-trading,Sim13,35320K,skip,theme_momentum_weak,527ebb697cdc
14923631,2026-10-01 15:23:05,actions-trading,Sim13,002360,skip,amount_not_surprised,12c06b1b2a4b
14923631,2026-10-01 15:23:05,actions-trading,Sim13,317450,skip,theme_momentum_weak,aa0653372a1e
14923631,2026-10-01 15:23:05,actions-trading,Sim13,001820,skip,adx_weak,636c96ac1d42
14923631,2026-10-01 15:23:05,actions-trading,Sim13,077500,skip,held_or_cooldown,f5f961be23e0
14923632,2026-10-01 15:25:21,actions-trading,MFHS2,005935,skip,max_holdings,16c1f787a730
14923632,2026-10-01 15:25:21,actions-trading,MFHS2,003280,seen,,f62a7de7f6b4
14923632,2026-10-01 15:25:21,actions-trading,MFHS2,003160,seen,,1c08ead670b6
14923632,2026-10-01 15:25:21,actions-trading,MFHS2,248070,seen,,b61a8d73ce87
14923632,2026-10-01 15:25:21,actions-trading,MFHS2,001360,seen,,ef38d2a33754
14923632,2026-10-01 15:25:21,actions-trading,MFHS2,001820,seen,,c2239fa181eb
14923632,2026-10-01 15:25:21,actions-trading,MFHS2,034220,seen,,5fa2c0537c30
14923632,2026-10-01 15:25:21,actions-trading,MFHS2,007660,seen,,abf69aa6deef
14923632,2026-10-01 15:25:21,actions-trading,MFHS2,002990,seen,,b0e44823e8c9
14923632,2026-10-01 15:25:21,actions-trading,MFHS2,001740,seen,,ed080d561e2c
14923632,2026-10-01 15:25:21,actions-trading,MFHS2,073240,seen,,3bdc988c377b
14923632,2026-10-01 15:25:21,actions-trading,MFHS2,068270,seen,,13b6c5f1a472
14923632,2026-10-01 15:25:21,actions-trading,MFHS2,005360,seen,,fccc0f31fe82
14923632,2026-10-01 15:25:21,actions-trading,MFHS2,003350,seen,,5c4fd427514c
14923632,2026-10-01 15:25:21,actions-trading,MFHS2,090460,seen,,9fc4da3ec076
14923632,2026-10-01 15:25:21,actions-trading,MFHS2,006800,seen,,c175925cee95
14923632,2026-10-01 15:25:21,actions-trading,MFHS2,005880,seen,,93404dc87a89
14923632,2026-10-01 15:25:21,actions-trading,MFHS2,001510,seen,,a04bc10ff5f2
14923632,2026-10-01 15:25:21,actions-trading,MFHS2,001210,seen,,80b905870675
14923632,2026-10-01 15:25:21,actions-trading,MFHS2,001200,seen,,404bac53017a
14923632,2026-10-01 15:25:21,actions-trading,MFHS2,064400,seen,,c86dca9ed98d
14923632,2026-10-01 15:25:21,actions-trading,MFHS2,005690,seen,,8f01d0e3ae2a
14923632,2026-10-01 15:25:21,actions-trading,MFHS2,272210,seen,,8041df1f06ab
14923632,2026-10-01 15:25:21,actions-trading,MFHS2,019170,seen,,d299f1471531
14923632,2026-10-01 15:25:21,actions-trading,MFHS2,002700,seen,,1cead5aa297e
14923632,2026-10-01 15:25:21,actions-trading,MFHS2,003520,seen,,95e687eb06e1
14923632,2026-10-01 15:25:21,actions-trading,MFHS2,000400,seen,,0614021f78e6
14923632,2026-10-01 15:25:21,actions-trading,MFHS2,137310,seen,,87ec48a7d708
14923632,2026-10-01 15:25:21,actions-trading,MFHS2,032350,seen,,a118c3e5e6de
14923632,2026-10-01 15:25:21,actions-trading,MFHS2,249420,seen,,a69ced0b395c
14923632,2026-10-01 15:25:22,actions-trading,상승모멘텀,084010,skip,max_holdings,7eaf367f0e59
14923632,2026-10-01 15:25:22,actions-trading,상승모멘텀,248070,seen,,b61a8d73ce87
14923632,2026-10-01 15:25:22,actions-trading,상승모멘텀,192650,seen,,740ee4a6f003
14923632,2026-10-01 15:25:22,actions-trading,상승모멘텀,353200,seen,,af1545e0ca27
14923632,2026-10-01 15:25:22,actions-trading,상승모멘텀,003160,seen,,1c08ead670b6
14923632,2026-10-01 15:25:22,actions-trading,상승모멘텀,001360,seen,,ef38d2a33754
14923632,2026-10-01 15:25:22,actions-trading,상승모멘텀,003350,seen,,5c4fd427514c
14923632,2026-10-01 15:25:22,actions-trading,상승모멘텀,005430,seen,,90faa2a6f269
14923632,2026-10-01 15:25:22,actions-trading,상승모멘텀,009420,seen,,63e07c6ba4c2
14923632,2026-10-01 15:25:22,actions-trading,상승모멘텀,036570,seen,,8e5dc6763a8f
14923632,2026-10-01 15:25:22,actions-trading,상승모멘텀,023150,seen,,bfff7a3c59ab
14923632,2026-10-01 15:25:22,actions-trading,상승모멘텀,069640,seen,,c93f5cebe5d1
14923632,2026-10-01 15:25:22,actions-trading,상승모멘텀,014680,seen,,beb60788b0dc
14923632,2026-10-01 15:25:22,actions-trading,상승모멘텀,012030,seen,,7a45380aa9d6
14923632,2026-10-01 15:25:22,actions-trading,상승모멘텀,055490,seen,,57aef228eb7a
14923632,2026-10-01 15:25:22,actions-trading,상승모멘텀,480370,seen,,260c8f103ceb
14923632,2026-10-01 15:25:22,actions-trading,상승모멘텀,109070,seen,,2a0bd8227cc0
14923632,2026-10-01 15:25:22,actions-trading,상승모멘텀,0126Z0,seen,,f165e6aa2389
14923632,2026-10-01 15:25:22,actions-trading,상승모멘텀,004710,seen,,ceed56a2b36f
14923632,2026-10-01 15:25:22,actions-trading,상승모멘텀,195870,seen,,754c4565d0e6
14923632,2026-10-01 15:25:22,actions-trading,상승모멘텀,004105,seen,,ece74d46f02f
14923632,2026-10-01 15:25:22,actions-trading,상승모멘텀,093050,seen,,15b189b2d5f7
14923632,2026-10-01 15:25:22,actions-trading,상승모멘텀,007660,seen,,abf69aa6deef
14923632,2026-10-01 15:25:22,actions-trading,상승모멘텀,112610,seen,,acdd2bc0837f
14923632,2026-10-01 15:25:22,actions-trading,상승모멘텀,011690,seen,,9c1257b6b8c3
14923632,2026-10-01 15:25:22,actions-trading,상승모멘텀,35320K,seen,,527ebb697cdc
14923632,2026-10-01 15:25:22,actions-trading,상승모멘텀,002360,seen,,1080c93a8d0a
14923632,2026-10-01 15:25:22,actions-trading,상승모멘텀,317450,seen,,aa0653372a1e
14923632,2026-10-01 15:25:22,actions-trading,상승모멘텀,001820,seen,,c2239fa181eb
14923632,2026-10-01 15:25:22,actions-trading,상승모멘텀,077500,seen,,f5f961be23e0
14923632,2026-10-01 15:25:22,actions-trading,Sim4-1,084010,skip,period,7eaf367f0e59
14923632,2026-10-01 15:25:22,actions-trading,Sim4-1,248070,skip,period,b61a8d73ce87
14923632,2026-10-01 15:25:22,actions-trading,Sim4-1,192650,skip,period,740ee4a6f003
14923632,2026-10-01 15:25:22,actions-trading,Sim4-1,353200,skip,adx_high,af1545e0ca27
14923632,2026-10-01 15:25:22,actions-trading,Sim4-1,003160,skip,held_or_cooldown,1c08ead670b6
14923632,2026-10-01 15:25:22,actions-trading,Sim4-1,001360,skip,adx_low,ef38d2a33754
14923632,2026-10-01 15:25:22,actions-trading,Sim4-1,003350,skip,adx_low,5c4fd427514c
14923632,2026-10-01 15:25:22,actions-trading,Sim4-1,005430,skip,amount,90faa2a6f269
14923632,2026-10-01 15:25:22,actions-trading,Sim4-1,009420,skip,period,63e07c6ba4c2
14923632,2026-10-01 15:25:22,actions-trading,Sim4-1,036570,skip,period,8e5dc6763a8f
14923632,2026-10-01 15:25:22,actions-trading,Sim4-1,023150,skip,amount,bfff7a3c59ab
14923632,2026-10-01 15:25:22,actions-trading,Sim4-1,069640,skip,amount,c93f5cebe5d1
14923632,2026-10-01 15:25:22,actions-trading,Sim4-1,014680,skip,adx_high,beb60788b0dc
14923632,2026-10-01 15:25:22,actions-trading,Sim4-1,012030,skip,adx_high,7a45380aa9d6
14923632,2026-10-01 15:25:22,actions-trading,Sim4-1,055490,skip,amount,57aef228eb7a
14923632,2026-10-01 15:25:22,actions-trading,Sim4-1,480370,skip,amount,260c8f103ceb
14923632,2026-10-01 15:25:22,actions-trading,Sim4-1,109070,skip,amount,2a0bd8227cc0
14923632,2026-10-01 15:25:22,actions-trading,Sim4-1,0126Z0,skip,adx_high,f165e6aa2389
14923632,2026-10-01 15:25:22,actions-trading,Sim4-1,004710,skip,adx_high,ceed56a2b36f
14923632,2026-10-01 15:25:22,actions-trading,Sim4-1,195870,skip,held_or_cooldown,754c4565d0e6
14923632,2026-10-01 15:25:22,actions-trading,Sim4-1,004105,skip,amount,ece74d46f02f
14923632,2026-10-01 15:25:22,actions-trading,Sim4-1,093050,skip,amount,15b189b2d5f7
14923632,2026-10-01 15:25:22,actions-trading,Sim4-1,007660,skip,held_or_cooldown,abf69aa6deef
14923632,2026-10-01 15:25:22,actions-trading,Sim4-1,112610,skip,period,acdd2bc0837f
14923632,2026-10-01 15:25:22,actions-trading,Sim4-1,011690,skip,period,9c1257b6b8c3
14923632,2026-10-01 15:25:22,actions-trading,Sim4-1,35320K,skip,amount,527ebb697cdc
14923632,2026-10-01 15:25:22,actions-trading,Sim4-1,002360,skip,amount,1080c93a8d0a
14923632,2026-10-01 15:25:22,actions-trading,Sim4-1,317450,skip,amount,aa0653372a1e
14923632,2026-10-01 15:25:22,actions-trading,Sim4-1,001820,skip,adx_low,c2239fa181eb
14923632,2026-10-01 15:25:22,actions-trading,Sim4-1,077500,skip,adx_high,f5f961be23e0
14923632,2026-10-01 15:25:23,actions-trading,선행매집,005930,skip,below_anchor,20d23661b524
14923632,2026-10-01 15:25:23,actions-trading,선행매집,005935,skip,below_anchor,16c1f787a730
14923632,2026-10-01 15:25:23,actions-trading,선행매집,000660,skip,below_anchor,63b5cfdbb246
14923632,2026-10-01 15:25:23,actions-trading,선행매집,192650,skip,no_setup,740ee4a6f003
14923632,2026-10-01 15:25:23,actions-trading,선행매집,028670,skip,held_awaiting_breakout,82dadf921fa5
14923632,2026-10-01 15:25:23,actions-trading,선행매집,248070,skip,below_anchor,b61a8d73ce87
14923632,2026-10-01 15:25:23,actions-trading,선행매집,003280,skip,below_anchor,f62a7de7f6b4
14923632,2026-10-01 15:25:23,actions-trading,선행매집,073240,skip,below_anchor,3bdc988c377b
14923632,2026-10-01 15:25:23,actions-trading,선행매집,034220,skip,below_anchor,5fa2c0537c30
14923632,2026-10-01 15:25:23,actions-trading,선행매집,011200,skip,below_anchor,59a406460fe3
14923632,2026-10-01 15:25:23,actions-trading,선행매집,007660,skip,below_anchor,abf69aa6deef
14923632,2026-10-01 15:25:23,actions-trading,선행매집,001820,skip,below_anchor,c2239fa181eb
14923632,2026-10-01 15:25:23,actions-trading,선행매집,001360,skip,below_anchor,ef38d2a33754
14923632,2026-10-01 15:25:23,actions-trading,선행매집,093370,skip,below_anchor,5bddb4c8b17c
14923632,2026-10-01 15:25:23,actions-trading,선행매집,002990,skip,below_anchor,b0e44823e8c9
14923632,2026-10-01 15:25:23,actions-trading,선행매집,005880,skip,below_anchor,93404dc87a89
14923632,2026-10-01 15:25:23,actions-trading,선행매집,003160,skip,no_setup,1c08ead670b6
14923632,2026-10-01 15:25:23,actions-trading,선행매집,068270,skip,below_anchor,13b6c5f1a472
14923632,2026-10-01 15:25:23,actions-trading,선행매집,272210,skip,below_anchor,8041df1f06ab
14923632,2026-10-01 15:25:23,actions-trading,선행매집,006800,skip,below_anchor,c175925cee95
14923632,2026-10-01 15:25:23,actions-trading,선행매집,005360,skip,amount,fccc0f31fe82
14923632,2026-10-01 15:25:23,actions-trading,선행매집,003350,skip,below_anchor,5c4fd427514c
14923632,2026-10-01 15:25:23,actions-trading,선행매집,001740,skip,below_anchor,ed080d561e2c
14923632,2026-10-01 15:25:23,actions-trading,선행매집,001210,skip,below_anchor,80b905870675
14923632,2026-10-01 15:25:23,actions-trading,선행매집,001510,skip,below_anchor,a04bc10ff5f2
14923632,2026-10-01 15:25:23,actions-trading,선행매집,017670,skip,below_anchor,12437f149d10
14923632,2026-10-01 15:25:23,actions-trading,선행매집,002700,skip,amount,1cead5aa297e
14923632,2026-10-01 15:25:23,actions-trading,선행매집,064400,skip,below_anchor,c86dca9ed98d
14923632,2026-10-01 15:25:23,actions-trading,선행매집,001200,skip,below_anchor,404bac53017a
14923632,2026-10-01 15:25:23,actions-trading,선행매집,019170,skip,below_anchor,d299f1471531
14923632,2026-10-01 15:25:23,actions-trading,Sim9,_gate,skip,outside_entry_window,e3b0c44298fc
14923632,2026-10-01 15:25:23,actions-trading,Sim9,084010,seen,,7eaf367f0e59
14923632,2026-10-01 15:25:23,actions-trading,Sim9,248070,seen,,b61a8d73ce87
14923632,2026-10-01 15:25:23,actions-trading,Sim9,192650,seen,,740ee4a6f003
14923632,2026-10-01 15:25:23,actions-trading,Sim9,353200,seen,,af1545e0ca27
14923632,2026-10-01 15:25:23,actions-trading,Sim9,003160,seen,,1c08ead670b6
14923632,2026-10-01 15:25:23,actions-trading,Sim9,001360,seen,,ef38d2a33754
14923632,2026-10-01 15:25:23,actions-trading,Sim9,003350,seen,,5c4fd427514c
14923632,2026-10-01 15:25:23,actions-trading,Sim9,005430,seen,,90faa2a6f269
14923632,2026-10-01 15:25:23,actions-trading,Sim9,009420,seen,,63e07c6ba4c2
14923632,2026-10-01 15:25:23,actions-trading,Sim9,036570,seen,,8e5dc6763a8f
14923632,2026-10-01 15:25:23,actions-trading,Sim9,023150,seen,,bfff7a3c59ab
14923632,2026-10-01 15:25:23,actions-trading,Sim9,069640,seen,,c93f5cebe5d1
14923632,2026-10-01 15:25:23,actions-trading,Sim9,014680,seen,,beb60788b0dc
14923632,2026-10-01 15:25:23,actions-trading,Sim9,012030,seen,,7a45380aa9d6
14923632,2026-10-01 15:25:23,actions-trading,Sim9,055490,seen,,57aef228eb7a
14923632,2026-10-01 15:25:23,actions-trading,Sim9,480370,seen,,260c8f103ceb
14923632,2026-10-01 15:25:23,actions-trading,Sim9,109070,seen,,2a0bd8227cc0
14923632,2026-10-01 15:25:23,actions-trading,Sim9,0126Z0,seen,,f165e6aa2389
14923632,2026-10-01 15:25:23,actions-trading,Sim9,004710,seen,,ceed56a2b36f
14923632,2026-10-01 15:25:23,actions-trading,Sim9,195870,seen,,754c4565d0e6
14923632,2026-10-01 15:25:23,actions-trading,Sim9,004105,seen,,ece74d46f02f
14923632,2026-10-01 15:25:23,actions-trading,Sim9,093050,seen,,15b189b2d5f7
14923632,2026-10-01 15:25:23,actions-trading,Sim9,007660,seen,,abf69aa6deef
14923632,2026-10-01 15:25:23,actions-trading,Sim9,112610,seen,,acdd2bc0837f
14923632,2026-10-01 15:25:23,actions-trading,Sim9,011690,seen,,9c1257b6b8c3
14923632,2026-10-01 15:25:23,actions-trading,Sim9,35320K,seen,,527ebb697cdc
14923632,2026-10-01 15:25:23,actions-trading,Sim9,002360,seen,,1080c93a8d0a
14923632,2026-10-01 15:25:23,actions-trading,Sim9,317450,seen,,aa0653372a1e
14923632,2026-10-01 15:25:23,actions-trading,Sim9,001820,seen,,c2239fa181eb
14923632,2026-10-01 15:25:23,actions-trading,Sim9,077500,seen,,f5f961be23e0
14923632,2026-10-01 15:25:23,actions-trading,미너비니,192820,skip,below_pivot,7cab846c1672
14923632,2026-10-01 15:25:23,actions-trading,미너비니,443060,skip,below_pivot,63522fc7063c
14923632,2026-10-01 15:25:23,actions-trading,미너비니,020120,skip,below_pivot,b812aa3843e2
14923632,2026-10-01 15:25:24,actions-trading,Sim12,084010,skip,avoid_frgn_sell_20d,7eaf367f0e59
14923632,2026-10-01 15:25:24,actions-trading,Sim12,248070,skip,avoid_frgn_sell_20d,b61a8d73ce87
14923632,2026-10-01 15:25:24,actions-trading,Sim12,192650,skip,pb2_not_crashed,740ee4a6f003
14923632,2026-10-01 15:25:24,actions-trading,Sim12,353200,skip,avoid_orgn_sell_high_per,af1545e0ca27
14923632,2026-10-01 15:25:24,actions-trading,Sim12,003160,skip,pb2_not_crashed,1c08ead670b6
14923632,2026-10-01 15:25:24,actions-trading,Sim12,001360,skip,pb2_not_crashed,ef38d2a33754
14923632,2026-10-01 15:25:24,actions-trading,Sim12,003350,skip,pb2_not_crashed,5c4fd427514c
14923632,2026-10-01 15:25:24,actions-trading,Sim12,005430,skip,pb2_not_crashed,90faa2a6f269
14923632,2026-10-01 15:25:24,actions-trading,Sim12,009420,skip,pb2_no_inst_buying,63e07c6ba4c2
14923632,2026-10-01 15:25:24,actions-trading,Sim12,036570,skip,pb2_not_crashed,8e5dc6763a8f
14923632,2026-10-01 15:25:24,actions-trading,Sim12,023150,skip,avoid_frgn_sell_20d,bfff7a3c59ab
14923632,2026-10-01 15:25:24,actions-trading,Sim12,069640,skip,avoid_frgn_sell_20d,c93f5cebe5d1
14923632,2026-10-01 15:25:24,actions-trading,Sim12,014680,skip,pb2_not_crashed,beb60788b0dc
14923632,2026-10-01 15:25:24,actions-trading,Sim12,012030,skip,avoid_frgn_sell_20d,7a45380aa9d6
14923632,2026-10-01 15:25:24,actions-trading,Sim12,055490,skip,avoid_frgn_sell_20d,57aef228eb7a
14923632,2026-10-01 15:25:24,actions-trading,Sim12,480370,skip,pb2_not_crashed,260c8f103ceb
14923632,2026-10-01 15:25:24,actions-trading,Sim12,109070,skip,pb2_not_crashed,2a0bd8227cc0
14923632,2026-10-01 15:25:24,actions-trading,Sim12,0126Z0,skip,avoid_frgn_sell_20d,f165e6aa2389
14923632,2026-10-01 15:25:24,actions-trading,Sim12,004710,skip,avoid_frgn_sell_20d,ceed56a2b36f
14923632,2026-10-01 15:25:24,actions-trading,Sim12,195870,skip,pb2_not_crashed,754c4565d0e6
14923632,2026-10-01 15:25:24,actions-trading,Sim12,004105,skip,pb2_not_crashed,ece74d46f02f
14923632,2026-10-01 15:25:24,actions-trading,Sim12,093050,skip,avoid_frgn_sell_20d,15b189b2d5f7
14923632,2026-10-01 15:25:24,actions-trading,Sim12,007660,skip,pb2_not_crashed,abf69aa6deef
14923632,2026-10-01 15:25:24,actions-trading,Sim12,112610,skip,avoid_frgn_sell_20d,acdd2bc0837f
14923632,2026-10-01 15:25:24,actions-trading,Sim12,011690,skip,pb2_not_crashed,9c1257b6b8c3
14923632,2026-10-01 15:25:24,actions-trading,Sim12,35320K,skip,pb2_not_crashed,527ebb697cdc
14923632,2026-10-01 15:25:24,actions-trading,Sim12,002360,skip,pb2_not_crashed,1080c93a8d0a
14923632,2026-10-01 15:25:24,actions-trading,Sim12,317450,skip,avoid_frgn_sell_20d,aa0653372a1e
14923632,2026-10-01 15:25:24,actions-trading,Sim12,001820,skip,pb2_not_crashed,c2239fa181eb
14923632,2026-10-01 15:25:24,actions-trading,Sim12,077500,skip,pb2_not_crashed,f5f961be23e0
14923632,2026-10-01 15:25:24,actions-trading,Sim12,009190,skip,pb2_no_inst_buying,9888861b0712
14923632,2026-10-01 15:25:24,actions-trading,Sim12,051630,skip,pb2_not_crashed,65c3a0d99f4d
14923632,2026-10-01 15:25:24,actions-trading,Sim12,452260,skip,pb2_not_crashed,f35a55333a45
14923632,2026-10-01 15:25:24,actions-trading,Sim12,002787,skip,avoid_amount_dry,2384cbc8eb2b
14923632,2026-10-01 15:25:24,actions-trading,Sim12,002820,skip,pb2_no_inst_buying,45e680d35fbf
14923632,2026-10-01 15:25:24,actions-trading,Sim12,010950,skip,pb2_not_crashed,9f974daa9eb9
14923632,2026-10-01 15:25:24,actions-trading,Sim12,071090,skip,pb2_not_crashed,910743c4c008
14923632,2026-10-01 15:25:24,actions-trading,Sim12,010955,skip,pb2_not_crashed,f2fe1439853e
14923632,2026-10-01 15:25:24,actions-trading,Sim12,007110,skip,avoid_amount_dry,49692a94a7c4
14923632,2026-10-01 15:25:24,actions-trading,Sim12,002690,skip,avoid_frgn_sell_20d,569399f5d05a
14923632,2026-10-01 15:25:24,actions-trading,Sim12,001770,skip,pb2_thin_liquidity,3988909adb9a
14923632,2026-10-01 15:25:24,actions-trading,Sim12,361610,skip,pb2_not_crashed,115b55657ec9
14923632,2026-10-01 15:25:24,actions-trading,Sim12,487570,skip,pb2_not_crashed,0156c26b6d51
14923632,2026-10-01 15:25:24,actions-trading,Sim12,096770,skip,pb2_not_crashed,e354d6c9cae8
14923632,2026-10-01 15:25:24,actions-trading,Sim12,011090,skip,avoid_amount_dry,ddec29f9bffe
14923632,2026-10-01 15:25:24,actions-trading,Sim12,002070,skip,avoid_amount_dry,846a5c85930e
14923632,2026-10-01 15:25:24,actions-trading,Sim12,010640,skip,avoid_frgn_sell_20d,d3c719cfc697
14923632,2026-10-01 15:25:24,actions-trading,Sim12,003780,skip,avoid_frgn_sell_20d,6eac82c4870b
14923632,2026-10-01 15:25:24,actions-trading,Sim12,006200,skip,pb2_no_inst_buying,cba62de18778
14923632,2026-10-01 15:25:24,actions-trading,Sim12,003030,skip,pb2_not_crashed,8dad372b2df7
14923632,2026-10-01 15:25:24,actions-trading,Sim12,078930,skip,pb2_thin_liquidity,dfac9093da99
14923632,2026-10-01 15:25:24,actions-trading,Sim12,003580,skip,pb2_not_crashed,aa418c1670c0
14923632,2026-10-01 15:25:24,actions-trading,Sim12,044450,skip,pb2_not_crashed,e31c0be41ca1
14923632,2026-10-01 15:25:24,actions-trading,Sim12,003075,skip,pb2_not_crashed,20752b7cd37d
14923632,2026-10-01 15:25:24,actions-trading,Sim12,316140,skip,pb2_not_crashed,573949f4f842
14923632,2026-10-01 15:25:24,actions-trading,Sim12,005030,skip,avoid_amount_dry,43a2cfae514d
14923632,2026-10-01 15:25:24,actions-trading,Sim12,096775,skip,pb2_not_crashed,c36ec91fec71
14923632,2026-10-01 15:25:24,actions-trading,Sim12,017940,skip,pb2_not_crashed,acbec025010f
14923632,2026-10-01 15:25:24,actions-trading,Sim12,015260,skip,avoid_amount_dry,4d6749c7864e
14923632,2026-10-01 15:25:24,actions-trading,Sim12,009810,skip,pb2_not_crashed,f97e02704359
14923632,2026-10-01 15:25:24,actions-trading,Sim13,084010,skip,theme_momentum_weak,7eaf367f0e59
14923632,2026-10-01 15:25:24,actions-trading,Sim13,248070,skip,theme_momentum_weak,b61a8d73ce87
14923632,2026-10-01 15:25:24,actions-trading,Sim13,192650,skip,no_frgn_support,740ee4a6f003
14923632,2026-10-01 15:25:24,actions-trading,Sim13,353200,skip,adx_weak,af1545e0ca27
14923632,2026-10-01 15:25:24,actions-trading,Sim13,003160,skip,no_frgn_support,1c08ead670b6
14923632,2026-10-01 15:25:24,actions-trading,Sim13,001360,skip,theme_momentum_weak,ef38d2a33754
14923632,2026-10-01 15:25:24,actions-trading,Sim13,003350,skip,theme_momentum_weak,5c4fd427514c
14923632,2026-10-01 15:25:24,actions-trading,Sim13,005430,skip,theme_momentum_weak,90faa2a6f269
14923632,2026-10-01 15:25:24,actions-trading,Sim13,009420,skip,theme_momentum_weak,63e07c6ba4c2
14923632,2026-10-01 15:25:24,actions-trading,Sim13,036570,skip,theme_momentum_weak,8e5dc6763a8f
14923632,2026-10-01 15:25:24,actions-trading,Sim13,023150,skip,theme_momentum_weak,bfff7a3c59ab
14923632,2026-10-01 15:25:24,actions-trading,Sim13,069640,skip,theme_momentum_weak,c93f5cebe5d1
14923632,2026-10-01 15:25:24,actions-trading,Sim13,014680,skip,no_frgn_support,beb60788b0dc
14923632,2026-10-01 15:25:24,actions-trading,Sim13,012030,skip,adx_weak,7a45380aa9d6
14923632,2026-10-01 15:25:24,actions-trading,Sim13,055490,skip,theme_momentum_weak,57aef228eb7a
14923632,2026-10-01 15:25:24,actions-trading,Sim13,480370,skip,adx_weak,260c8f103ceb
14923632,2026-10-01 15:25:24,actions-trading,Sim13,109070,skip,amount_not_surprised,2a0bd8227cc0
14923632,2026-10-01 15:25:24,actions-trading,Sim13,0126Z0,skip,theme_momentum_weak,f165e6aa2389
14923632,2026-10-01 15:25:24,actions-trading,Sim13,004710,skip,no_frgn_support,ceed56a2b36f
14923632,2026-10-01 15:25:24,actions-trading,Sim13,195870,skip,adx_weak,754c4565d0e6
14923632,2026-10-01 15:25:24,actions-trading,Sim13,004105,skip,no_frgn_support,ece74d46f02f
14923632,2026-10-01 15:25:24,actions-trading,Sim13,093050,skip,theme_momentum_weak,15b189b2d5f7
14923632,2026-10-01 15:25:24,actions-trading,Sim13,007660,skip,theme_momentum_weak,abf69aa6deef
14923632,2026-10-01 15:25:24,actions-trading,Sim13,112610,skip,theme_momentum_weak,acdd2bc0837f
14923632,2026-10-01 15:25:24,actions-trading,Sim13,011690,skip,theme_momentum_weak,9c1257b6b8c3
14923632,2026-10-01 15:25:24,actions-trading,Sim13,35320K,skip,theme_momentum_weak,527ebb697cdc
14923632,2026-10-01 15:25:24,actions-trading,Sim13,002360,skip,amount_not_surprised,1080c93a8d0a
14923632,2026-10-01 15:25:24,actions-trading,Sim13,317450,skip,theme_momentum_weak,aa0653372a1e
14923632,2026-10-01 15:25:24,actions-trading,Sim13,001820,skip,adx_weak,c2239fa181eb
14923632,2026-10-01 15:25:24,actions-trading,Sim13,077500,skip,held_or_cooldown,f5f961be23e0
14923633,2026-10-01 15:27:19,actions-trading,MFHS2,005935,skip,max_holdings,16c1f787a730
14923633,2026-10-01 15:27:19,actions-trading,MFHS2,003280,seen,,f62a7de7f6b4
14923633,2026-10-01 15:27:19,actions-trading,MFHS2,003160,seen,,fa00731fe156
14923633,2026-10-01 15:27:19,actions-trading,MFHS2,248070,seen,,b61a8d73ce87
14923633,2026-10-01 15:27:19,actions-trading,MFHS2,001360,seen,,ef38d2a33754
14923633,2026-10-01 15:27:19,actions-trading,MFHS2,001820,seen,,c2239fa181eb
14923633,2026-10-01 15:27:19,actions-trading,MFHS2,034220,seen,,932353036543
14923633,2026-10-01 15:27:19,actions-trading,MFHS2,007660,seen,,abf69aa6deef
14923633,2026-10-01 15:27:19,actions-trading,MFHS2,002990,seen,,b0e44823e8c9
14923633,2026-10-01 15:27:19,actions-trading,MFHS2,001740,seen,,ed080d561e2c
14923633,2026-10-01 15:27:19,actions-trading,MFHS2,073240,seen,,ba1fa505d13c
14923633,2026-10-01 15:27:19,actions-trading,MFHS2,068270,seen,,87b61b557680
14923633,2026-10-01 15:27:19,actions-trading,MFHS2,005360,seen,,19da1fbf9f9f
14923633,2026-10-01 15:27:19,actions-trading,MFHS2,003350,seen,,5c4fd427514c
14923633,2026-10-01 15:27:19,actions-trading,MFHS2,090460,seen,,9fc4da3ec076
14923633,2026-10-01 15:27:19,actions-trading,MFHS2,006800,seen,,c175925cee95
14923633,2026-10-01 15:27:19,actions-trading,MFHS2,005880,seen,,93404dc87a89
14923633,2026-10-01 15:27:19,actions-trading,MFHS2,001510,seen,,a04bc10ff5f2
14923633,2026-10-01 15:27:19,actions-trading,MFHS2,001210,seen,,80b905870675
14923633,2026-10-01 15:27:19,actions-trading,MFHS2,001200,seen,,404bac53017a
14923633,2026-10-01 15:27:19,actions-trading,MFHS2,064400,seen,,c86dca9ed98d
14923633,2026-10-01 15:27:19,actions-trading,MFHS2,005690,seen,,4bbc9f218b97
14923633,2026-10-01 15:27:19,actions-trading,MFHS2,272210,seen,,a447944c409e
14923633,2026-10-01 15:27:19,actions-trading,MFHS2,019170,seen,,d299f1471531
14923633,2026-10-01 15:27:19,actions-trading,MFHS2,002700,seen,,1cead5aa297e
14923633,2026-10-01 15:27:19,actions-trading,MFHS2,003520,seen,,95e687eb06e1
14923633,2026-10-01 15:27:19,actions-trading,MFHS2,000400,seen,,0614021f78e6
14923633,2026-10-01 15:27:19,actions-trading,MFHS2,137310,seen,,87ec48a7d708
14923633,2026-10-01 15:27:19,actions-trading,MFHS2,032350,seen,,a118c3e5e6de
14923633,2026-10-01 15:27:19,actions-trading,MFHS2,249420,seen,,a69ced0b395c
14923633,2026-10-01 15:27:20,actions-trading,상승모멘텀,084010,skip,max_holdings,7eaf367f0e59
14923633,2026-10-01 15:27:20,actions-trading,상승모멘텀,248070,seen,,b61a8d73ce87
14923633,2026-10-01 15:27:20,actions-trading,상승모멘텀,192650,seen,,b0ec454e01ac
14923633,2026-10-01 15:27:20,actions-trading,상승모멘텀,353200,seen,,7578d82e596a
14923633,2026-10-01 15:27:20,actions-trading,상승모멘텀,003160,seen,,fa00731fe156
14923633,2026-10-01 15:27:20,actions-trading,상승모멘텀,001360,seen,,ef38d2a33754
14923633,2026-10-01 15:27:20,actions-trading,상승모멘텀,003350,seen,,5c4fd427514c
14923633,2026-10-01 15:27:20,actions-trading,상승모멘텀,005430,seen,,90faa2a6f269
14923633,2026-10-01 15:27:20,actions-trading,상승모멘텀,009420,seen,,63e07c6ba4c2
14923633,2026-10-01 15:27:20,actions-trading,상승모멘텀,036570,seen,,8e5dc6763a8f
14923633,2026-10-01 15:27:20,actions-trading,상승모멘텀,023150,seen,,bfff7a3c59ab
14923633,2026-10-01 15:27:20,actions-trading,상승모멘텀,069640,seen,,c93f5cebe5d1
14923633,2026-10-01 15:27:20,actions-trading,상승모멘텀,014680,seen,,5750be0f2b9c
14923633,2026-10-01 15:27:20,actions-trading,상승모멘텀,012030,seen,,7a45380aa9d6
14923633,2026-10-01 15:27:20,actions-trading,상승모멘텀,055490,seen,,57aef228eb7a
14923633,2026-10-01 15:27:20,actions-trading,상승모멘텀,480370,seen,,3c6f3b59b5ab
14923633,2026-10-01 15:27:20,actions-trading,상승모멘텀,109070,seen,,0e7658bd070e
14923633,2026-10-01 15:27:20,actions-trading,상승모멘텀,0126Z0,seen,,f165e6aa2389
14923633,2026-10-01 15:27:20,actions-trading,상승모멘텀,004710,seen,,ceed56a2b36f
14923633,2026-10-01 15:27:20,actions-trading,상승모멘텀,195870,seen,,754c4565d0e6
14923633,2026-10-01 15:27:20,actions-trading,상승모멘텀,004105,seen,,ece74d46f02f
14923633,2026-10-01 15:27:20,actions-trading,상승모멘텀,093050,seen,,15b189b2d5f7
14923633,2026-10-01 15:27:20,actions-trading,상승모멘텀,007660,seen,,abf69aa6deef
14923633,2026-10-01 15:27:20,actions-trading,상승모멘텀,112610,seen,,acdd2bc0837f
14923633,2026-10-01 15:27:20,actions-trading,상승모멘텀,011690,seen,,9c1257b6b8c3
14923633,2026-10-01 15:27:20,actions-trading,상승모멘텀,35320K,seen,,527ebb697cdc
14923633,2026-10-01 15:27:20,actions-trading,상승모멘텀,002360,seen,,1080c93a8d0a
14923633,2026-10-01 15:27:20,actions-trading,상승모멘텀,317450,seen,,aa0653372a1e
14923633,2026-10-01 15:27:20,actions-trading,상승모멘텀,001820,seen,,c2239fa181eb
14923633,2026-10-01 15:27:20,actions-trading,상승모멘텀,077500,seen,,f5f961be23e0
14923633,2026-10-01 15:27:20,actions-trading,Sim4-1,084010,skip,period,7eaf367f0e59
14923633,2026-10-01 15:27:20,actions-trading,Sim4-1,248070,skip,period,b61a8d73ce87
14923633,2026-10-01 15:27:20,actions-trading,Sim4-1,192650,skip,period,b0ec454e01ac
14923633,2026-10-01 15:27:20,actions-trading,Sim4-1,353200,skip,adx_high,7578d82e596a
14923633,2026-10-01 15:27:20,actions-trading,Sim4-1,003160,skip,held_or_cooldown,fa00731fe156
14923633,2026-10-01 15:27:20,actions-trading,Sim4-1,001360,skip,adx_low,ef38d2a33754
14923633,2026-10-01 15:27:20,actions-trading,Sim4-1,003350,skip,adx_low,5c4fd427514c
14923633,2026-10-01 15:27:20,actions-trading,Sim4-1,005430,skip,amount,90faa2a6f269
14923633,2026-10-01 15:27:20,actions-trading,Sim4-1,009420,skip,period,63e07c6ba4c2
14923633,2026-10-01 15:27:20,actions-trading,Sim4-1,036570,skip,period,8e5dc6763a8f
14923633,2026-10-01 15:27:20,actions-trading,Sim4-1,023150,skip,amount,bfff7a3c59ab
14923633,2026-10-01 15:27:20,actions-trading,Sim4-1,069640,skip,amount,c93f5cebe5d1
14923633,2026-10-01 15:27:20,actions-trading,Sim4-1,014680,skip,adx_high,5750be0f2b9c
14923633,2026-10-01 15:27:20,actions-trading,Sim4-1,012030,skip,adx_high,7a45380aa9d6
14923633,2026-10-01 15:27:20,actions-trading,Sim4-1,055490,skip,amount,57aef228eb7a
14923633,2026-10-01 15:27:20,actions-trading,Sim4-1,480370,skip,amount,3c6f3b59b5ab
14923633,2026-10-01 15:27:20,actions-trading,Sim4-1,109070,skip,amount,0e7658bd070e
14923633,2026-10-01 15:27:20,actions-trading,Sim4-1,0126Z0,skip,adx_high,f165e6aa2389
14923633,2026-10-01 15:27:20,actions-trading,Sim4-1,004710,skip,adx_high,ceed56a2b36f
14923633,2026-10-01 15:27:20,actions-trading,Sim4-1,195870,skip,held_or_cooldown,754c4565d0e6
14923633,2026-10-01 15:27:20,actions-trading,Sim4-1,004105,skip,amount,ece74d46f02f
14923633,2026-10-01 15:27:20,actions-trading,Sim4-1,093050,skip,amount,15b189b2d5f7
14923633,2026-10-01 15:27:20,actions-trading,Sim4-1,007660,skip,held_or_cooldown,abf69aa6deef
14923633,2026-10-01 15:27:20,actions-trading,Sim4-1,112610,skip,period,acdd2bc0837f
14923633,2026-10-01 15:27:20,actions-trading,Sim4-1,011690,skip,period,9c1257b6b8c3
14923633,2026-10-01 15:27:20,actions-trading,Sim4-1,35320K,skip,amount,527ebb697cdc
14923633,2026-10-01 15:27:20,actions-trading,Sim4-1,002360,skip,amount,1080c93a8d0a
14923633,2026-10-01 15:27:20,actions-trading,Sim4-1,317450,skip,amount,aa0653372a1e
14923633,2026-10-01 15:27:20,actions-trading,Sim4-1,001820,skip,adx_low,c2239fa181eb
14923633,2026-10-01 15:27:20,actions-trading,Sim4-1,077500,skip,adx_high,f5f961be23e0
14923633,2026-10-01 15:27:22,actions-trading,선행매집,005930,skip,below_anchor,20d23661b524
14923633,2026-10-01 15:27:22,actions-trading,선행매집,005935,skip,below_anchor,16c1f787a730
14923633,2026-10-01 15:27:22,actions-trading,선행매집,000660,skip,below_anchor,63b5cfdbb246
14923633,2026-10-01 15:27:22,actions-trading,선행매집,192650,skip,no_setup,b0ec454e01ac
14923633,2026-10-01 15:27:22,actions-trading,선행매집,028670,skip,held_awaiting_breakout,82dadf921fa5
14923633,2026-10-01 15:27:22,actions-trading,선행매집,248070,skip,below_anchor,b61a8d73ce87
14923633,2026-10-01 15:27:22,actions-trading,선행매집,003280,skip,below_anchor,f62a7de7f6b4
14923633,2026-10-01 15:27:22,actions-trading,선행매집,073240,skip,below_anchor,ba1fa505d13c
14923633,2026-10-01 15:27:22,actions-trading,선행매집,034220,skip,below_anchor,932353036543
14923633,2026-10-01 15:27:22,actions-trading,선행매집,011200,skip,below_anchor,59a406460fe3
14923633,2026-10-01 15:27:22,actions-trading,선행매집,007660,skip,below_anchor,abf69aa6deef
14923633,2026-10-01 15:27:22,actions-trading,선행매집,001820,skip,below_anchor,c2239fa181eb
14923633,2026-10-01 15:27:22,actions-trading,선행매집,001360,skip,below_anchor,ef38d2a33754
14923633,2026-10-01 15:27:22,actions-trading,선행매집,093370,skip,below_anchor,5bddb4c8b17c
14923633,2026-10-01 15:27:22,actions-trading,선행매집,002990,skip,below_anchor,b0e44823e8c9
14923633,2026-10-01 15:27:22,actions-trading,선행매집,005880,skip,below_anchor,93404dc87a89
14923633,2026-10-01 15:27:22,actions-trading,선행매집,003160,skip,no_setup,fa00731fe156
14923633,2026-10-01 15:27:22,actions-trading,선행매집,068270,skip,below_anchor,87b61b557680
14923633,2026-10-01 15:27:22,actions-trading,선행매집,272210,skip,below_anchor,a447944c409e
14923633,2026-10-01 15:27:22,actions-trading,선행매집,006800,skip,below_anchor,c175925cee95
14923633,2026-10-01 15:27:22,actions-trading,선행매집,005360,skip,amount,19da1fbf9f9f
14923633,2026-10-01 15:27:22,actions-trading,선행매집,003350,skip,below_anchor,5c4fd427514c
14923633,2026-10-01 15:27:22,actions-trading,선행매집,001740,skip,below_anchor,ed080d561e2c
14923633,2026-10-01 15:27:22,actions-trading,선행매집,001210,skip,below_anchor,80b905870675
14923633,2026-10-01 15:27:22,actions-trading,선행매집,001510,skip,below_anchor,a04bc10ff5f2
14923633,2026-10-01 15:27:22,actions-trading,선행매집,017670,skip,below_anchor,c1cd43031c3d
14923633,2026-10-01 15:27:22,actions-trading,선행매집,002700,skip,amount,1cead5aa297e
14923633,2026-10-01 15:27:22,actions-trading,선행매집,064400,skip,below_anchor,c86dca9ed98d
14923633,2026-10-01 15:27:22,actions-trading,선행매집,001200,skip,below_anchor,404bac53017a
14923633,2026-10-01 15:27:22,actions-trading,선행매집,019170,skip,below_anchor,d299f1471531
14923633,2026-10-01 15:27:22,actions-trading,Sim9,_gate,skip,outside_entry_window,e3b0c44298fc
14923633,2026-10-01 15:27:22,actions-trading,Sim9,084010,seen,,7eaf367f0e59
14923633,2026-10-01 15:27:22,actions-trading,Sim9,248070,seen,,b61a8d73ce87
14923633,2026-10-01 15:27:22,actions-trading,Sim9,192650,seen,,b0ec454e01ac
14923633,2026-10-01 15:27:22,actions-trading,Sim9,353200,seen,,7578d82e596a
14923633,2026-10-01 15:27:22,actions-trading,Sim9,003160,seen,,fa00731fe156
14923633,2026-10-01 15:27:22,actions-trading,Sim9,001360,seen,,ef38d2a33754
14923633,2026-10-01 15:27:22,actions-trading,Sim9,003350,seen,,5c4fd427514c
14923633,2026-10-01 15:27:22,actions-trading,Sim9,005430,seen,,90faa2a6f269
14923633,2026-10-01 15:27:22,actions-trading,Sim9,009420,seen,,63e07c6ba4c2
14923633,2026-10-01 15:27:22,actions-trading,Sim9,036570,seen,,8e5dc6763a8f
14923633,2026-10-01 15:27:22,actions-trading,Sim9,023150,seen,,bfff7a3c59ab
14923633,2026-10-01 15:27:22,actions-trading,Sim9,069640,seen,,c93f5cebe5d1
14923633,2026-10-01 15:27:22,actions-trading,Sim9,014680,seen,,5750be0f2b9c
14923633,2026-10-01 15:27:22,actions-trading,Sim9,012030,seen,,7a45380aa9d6
14923633,2026-10-01 15:27:22,actions-trading,Sim9,055490,seen,,57aef228eb7a
14923633,2026-10-01 15:27:22,actions-trading,Sim9,480370,seen,,3c6f3b59b5ab
14923633,2026-10-01 15:27:22,actions-trading,Sim9,109070,seen,,0e7658bd070e
14923633,2026-10-01 15:27:22,actions-trading,Sim9,0126Z0,seen,,f165e6aa2389
14923633,2026-10-01 15:27:22,actions-trading,Sim9,004710,seen,,ceed56a2b36f
14923633,2026-10-01 15:27:22,actions-trading,Sim9,195870,seen,,754c4565d0e6
14923633,2026-10-01 15:27:22,actions-trading,Sim9,004105,seen,,ece74d46f02f
14923633,2026-10-01 15:27:22,actions-trading,Sim9,093050,seen,,15b189b2d5f7
14923633,2026-10-01 15:27:22,actions-trading,Sim9,007660,seen,,abf69aa6deef
14923633,2026-10-01 15:27:22,actions-trading,Sim9,112610,seen,,acdd2bc0837f
14923633,2026-10-01 15:27:22,actions-trading,Sim9,011690,seen,,9c1257b6b8c3
14923633,2026-10-01 15:27:22,actions-trading,Sim9,35320K,seen,,527ebb697cdc
14923633,2026-10-01 15:27:22,actions-trading,Sim9,002360,seen,,1080c93a8d0a
14923633,2026-10-01 15:27:22,actions-trading,Sim9,317450,seen,,aa0653372a1e
14923633,2026-10-01 15:27:22,actions-trading,Sim9,001820,seen,,c2239fa181eb
14923633,2026-10-01 15:27:22,actions-trading,Sim9,077500,seen,,f5f961be23e0
14923633,2026-10-01 15:27:22,actions-trading,미너비니,192820,skip,below_pivot,7cab846c1672
14923633,2026-10-01 15:27:22,actions-trading,미너비니,443060,skip,below_pivot,63522fc7063c
14923633,2026-10-01 15:27:22,actions-trading,미너비니,020120,skip,below_pivot,b812aa3843e2
14923633,2026-10-01 15:27:23,actions-trading,Sim12,084010,skip,avoid_frgn_sell_20d,7eaf367f0e59
14923633,2026-10-01 15:27:23,actions-trading,Sim12,248070,skip,avoid_frgn_sell_20d,b61a8d73ce87
14923633,2026-10-01 15:27:23,actions-trading,Sim12,192650,skip,pb2_not_crashed,b0ec454e01ac
14923633,2026-10-01 15:27:23,actions-trading,Sim12,353200,skip,avoid_orgn_sell_high_per,7578d82e596a
14923633,2026-10-01 15:27:23,actions-trading,Sim12,003160,skip,pb2_not_crashed,fa00731fe156
14923633,2026-10-01 15:27:23,actions-trading,Sim12,001360,skip,pb2_not_crashed,ef38d2a33754
14923633,2026-10-01 15:27:23,actions-trading,Sim12,003350,skip,pb2_not_crashed,5c4fd427514c
14923633,2026-10-01 15:27:23,actions-trading,Sim12,005430,skip,pb2_not_crashed,90faa2a6f269
14923633,2026-10-01 15:27:23,actions-trading,Sim12,009420,skip,pb2_no_inst_buying,63e07c6ba4c2
14923633,2026-10-01 15:27:23,actions-trading,Sim12,036570,skip,pb2_not_crashed,8e5dc6763a8f
14923633,2026-10-01 15:27:23,actions-trading,Sim12,023150,skip,avoid_frgn_sell_20d,bfff7a3c59ab
14923633,2026-10-01 15:27:23,actions-trading,Sim12,069640,skip,avoid_frgn_sell_20d,c93f5cebe5d1
14923633,2026-10-01 15:27:23,actions-trading,Sim12,014680,skip,pb2_not_crashed,5750be0f2b9c
14923633,2026-10-01 15:27:23,actions-trading,Sim12,012030,skip,avoid_frgn_sell_20d,7a45380aa9d6
14923633,2026-10-01 15:27:23,actions-trading,Sim12,055490,skip,avoid_frgn_sell_20d,57aef228eb7a
14923633,2026-10-01 15:27:23,actions-trading,Sim12,480370,skip,pb2_not_crashed,3c6f3b59b5ab
14923633,2026-10-01 15:27:23,actions-trading,Sim12,109070,skip,pb2_not_crashed,0e7658bd070e
14923633,2026-10-01 15:27:23,actions-trading,Sim12,0126Z0,skip,avoid_frgn_sell_20d,f165e6aa2389
14923633,2026-10-01 15:27:23,actions-trading,Sim12,004710,skip,avoid_frgn_sell_20d,ceed56a2b36f
14923633,2026-10-01 15:27:23,actions-trading,Sim12,195870,skip,pb2_not_crashed,754c4565d0e6
14923633,2026-10-01 15:27:23,actions-trading,Sim12,004105,skip,pb2_not_crashed,ece74d46f02f
14923633,2026-10-01 15:27:23,actions-trading,Sim12,093050,skip,avoid_frgn_sell_20d,15b189b2d5f7
14923633,2026-10-01 15:27:23,actions-trading,Sim12,007660,skip,pb2_not_crashed,abf69aa6deef
14923633,2026-10-01 15:27:23,actions-trading,Sim12,112610,skip,avoid_frgn_sell_20d,acdd2bc0837f
14923633,2026-10-01 15:27:23,actions-trading,Sim12,011690,skip,pb2_not_crashed,9c1257b6b8c3
14923633,2026-10-01 15:27:23,actions-trading,Sim12,35320K,skip,pb2_not_crashed,527ebb697cdc
14923633,2026-10-01 15:27:23,actions-trading,Sim12,002360,skip,pb2_not_crashed,1080c93a8d0a
14923633,2026-10-01 15:27:23,actions-trading,Sim12,317450,skip,avoid_frgn_sell_20d,aa0653372a1e
14923633,2026-10-01 15:27:23,actions-trading,Sim12,001820,skip,pb2_not_crashed,c2239fa181eb
14923633,2026-10-01 15:27:23,actions-trading,Sim12,077500,skip,pb2_not_crashed,f5f961be23e0
14923633,2026-10-01 15:27:23,actions-trading,Sim12,009190,skip,pb2_no_inst_buying,4fd2ea7642dc
14923633,2026-10-01 15:27:23,actions-trading,Sim12,051630,skip,pb2_not_crashed,65c3a0d99f4d
14923633,2026-10-01 15:27:23,actions-trading,Sim12,452260,skip,pb2_not_crashed,f35a55333a45
14923633,2026-10-01 15:27:23,actions-trading,Sim12,002787,skip,avoid_amount_dry,2384cbc8eb2b
14923633,2026-10-01 15:27:23,actions-trading,Sim12,002820,skip,pb2_no_inst_buying,45e680d35fbf
14923633,2026-10-01 15:27:23,actions-trading,Sim12,010950,skip,pb2_not_crashed,9f974daa9eb9
14923633,2026-10-01 15:27:23,actions-trading,Sim12,071090,skip,pb2_not_crashed,910743c4c008
14923633,2026-10-01 15:27:23,actions-trading,Sim12,010955,skip,pb2_not_crashed,f2fe1439853e
14923633,2026-10-01 15:27:23,actions-trading,Sim12,007110,skip,avoid_amount_dry,49692a94a7c4
14923633,2026-10-01 15:27:23,actions-trading,Sim12,002690,skip,avoid_frgn_sell_20d,569399f5d05a
14923633,2026-10-01 15:27:23,actions-trading,Sim12,001770,skip,pb2_thin_liquidity,3988909adb9a
14923633,2026-10-01 15:27:23,actions-trading,Sim12,361610,skip,pb2_not_crashed,115b55657ec9
14923633,2026-10-01 15:27:23,actions-trading,Sim12,487570,skip,pb2_not_crashed,0156c26b6d51
14923633,2026-10-01 15:27:23,actions-trading,Sim12,096770,skip,pb2_not_crashed,e354d6c9cae8
14923633,2026-10-01 15:27:23,actions-trading,Sim12,011090,skip,avoid_amount_dry,ddec29f9bffe
14923633,2026-10-01 15:27:23,actions-trading,Sim12,002070,skip,avoid_amount_dry,846a5c85930e
14923633,2026-10-01 15:27:23,actions-trading,Sim12,010640,skip,avoid_frgn_sell_20d,d3c719cfc697
14923633,2026-10-01 15:27:23,actions-trading,Sim12,003780,skip,avoid_frgn_sell_20d,6eac82c4870b
14923633,2026-10-01 15:27:23,actions-trading,Sim12,006200,skip,pb2_no_inst_buying,cba62de18778
14923633,2026-10-01 15:27:23,actions-trading,Sim12,003030,skip,pb2_not_crashed,8dad372b2df7
14923633,2026-10-01 15:27:23,actions-trading,Sim12,078930,skip,pb2_thin_liquidity,dfac9093da99
14923633,2026-10-01 15:27:23,actions-trading,Sim12,003580,skip,pb2_not_crashed,aa418c1670c0
14923633,2026-10-01 15:27:23,actions-trading,Sim12,044450,skip,pb2_not_crashed,e31c0be41ca1
14923633,2026-10-01 15:27:23,actions-trading,Sim12,003075,skip,pb2_not_crashed,20752b7cd37d
14923633,2026-10-01 15:27:23,actions-trading,Sim12,316140,skip,pb2_not_crashed,ff5787013339
14923633,2026-10-01 15:27:23,actions-trading,Sim12,005030,skip,avoid_amount_dry,43a2cfae514d
14923633,2026-10-01 15:27:23,actions-trading,Sim12,096775,skip,pb2_not_crashed,c36ec91fec71
14923633,2026-10-01 15:27:23,actions-trading,Sim12,017940,skip,pb2_not_crashed,acbec025010f
14923633,2026-10-01 15:27:23,actions-trading,Sim12,015260,skip,avoid_amount_dry,4d6749c7864e
14923633,2026-10-01 15:27:23,actions-trading,Sim12,009810,skip,pb2_not_crashed,f97e02704359
14923633,2026-10-01 15:27:23,actions-trading,Sim13,084010,skip,theme_momentum_weak,7eaf367f0e59
14923633,2026-10-01 15:27:23,actions-trading,Sim13,248070,skip,theme_momentum_weak,b61a8d73ce87
14923633,2026-10-01 15:27:23,actions-trading,Sim13,192650,skip,no_frgn_support,b0ec454e01ac
14923633,2026-10-01 15:27:23,actions-trading,Sim13,353200,skip,adx_weak,7578d82e596a
14923633,2026-10-01 15:27:23,actions-trading,Sim13,003160,skip,no_frgn_support,fa00731fe156
14923633,2026-10-01 15:27:23,actions-trading,Sim13,001360,skip,theme_momentum_weak,ef38d2a33754
14923633,2026-10-01 15:27:23,actions-trading,Sim13,003350,skip,theme_momentum_weak,5c4fd427514c
14923633,2026-10-01 15:27:23,actions-trading,Sim13,005430,skip,theme_momentum_weak,90faa2a6f269
14923633,2026-10-01 15:27:23,actions-trading,Sim13,009420,skip,theme_momentum_weak,63e07c6ba4c2
14923633,2026-10-01 15:27:23,actions-trading,Sim13,036570,skip,theme_momentum_weak,8e5dc6763a8f
14923633,2026-10-01 15:27:23,actions-trading,Sim13,023150,skip,theme_momentum_weak,bfff7a3c59ab
14923633,2026-10-01 15:27:23,actions-trading,Sim13,069640,skip,theme_momentum_weak,c93f5cebe5d1
14923633,2026-10-01 15:27:23,actions-trading,Sim13,014680,skip,no_frgn_support,5750be0f2b9c
14923633,2026-10-01 15:27:23,actions-trading,Sim13,012030,skip,adx_weak,7a45380aa9d6
14923633,2026-10-01 15:27:23,actions-trading,Sim13,055490,skip,theme_momentum_weak,57aef228eb7a
14923633,2026-10-01 15:27:23,actions-trading,Sim13,480370,skip,adx_weak,3c6f3b59b5ab
14923633,2026-10-01 15:27:23,actions-trading,Sim13,109070,skip,amount_not_surprised,0e7658bd070e
14923633,2026-10-01 15:27:23,actions-trading,Sim13,0126Z0,skip,theme_momentum_weak,f165e6aa2389
14923633,2026-10-01 15:27:23,actions-trading,Sim13,004710,skip,no_frgn_support,ceed56a2b36f
14923633,2026-10-01 15:27:23,actions-trading,Sim13,195870,skip,adx_weak,754c4565d0e6
14923633,2026-10-01 15:27:23,actions-trading,Sim13,004105,skip,no_frgn_support,ece74d46f02f
14923633,2026-10-01 15:27:23,actions-trading,Sim13,093050,skip,theme_momentum_weak,15b189b2d5f7
14923633,2026-10-01 15:27:23,actions-trading,Sim13,007660,skip,theme_momentum_weak,abf69aa6deef
14923633,2026-10-01 15:27:23,actions-trading,Sim13,112610,skip,theme_momentum_weak,acdd2bc0837f
14923633,2026-10-01 15:27:23,actions-trading,Sim13,011690,skip,theme_momentum_weak,9c1257b6b8c3
14923633,2026-10-01 15:27:23,actions-trading,Sim13,35320K,skip,theme_momentum_weak,527ebb697cdc
14923633,2026-10-01 15:27:23,actions-trading,Sim13,002360,skip,amount_not_surprised,1080c93a8d0a
14923633,2026-10-01 15:27:23,actions-trading,Sim13,317450,skip,theme_momentum_weak,aa0653372a1e
14923633,2026-10-01 15:27:23,actions-trading,Sim13,001820,skip,adx_weak,c2239fa181eb
14923633,2026-10-01 15:27:23,actions-trading,Sim13,077500,skip,held_or_cooldown,f5f961be23e0
14923634,2026-10-01 15:29:14,actions-trading,MFHS2,005935,skip,max_holdings,16c1f787a730
14923634,2026-10-01 15:29:14,actions-trading,MFHS2,003280,seen,,f62a7de7f6b4
14923634,2026-10-01 15:29:14,actions-trading,MFHS2,003160,seen,,fa00731fe156
14923634,2026-10-01 15:29:14,actions-trading,MFHS2,248070,seen,,b61a8d73ce87
14923634,2026-10-01 15:29:14,actions-trading,MFHS2,001360,seen,,ef38d2a33754
14923634,2026-10-01 15:29:14,actions-trading,MFHS2,001820,seen,,636c96ac1d42
14923634,2026-10-01 15:29:14,actions-trading,MFHS2,034220,seen,,5fa2c0537c30
14923634,2026-10-01 15:29:14,actions-trading,MFHS2,007660,seen,,abf69aa6deef
14923634,2026-10-01 15:29:14,actions-trading,MFHS2,002990,seen,,b0e44823e8c9
14923634,2026-10-01 15:29:14,actions-trading,MFHS2,001740,seen,,ed080d561e2c
14923634,2026-10-01 15:29:14,actions-trading,MFHS2,073240,seen,,9c5a489a5099
14923634,2026-10-01 15:29:14,actions-trading,MFHS2,068270,seen,,24ef6b6e9fd3
14923634,2026-10-01 15:29:14,actions-trading,MFHS2,005360,seen,,19da1fbf9f9f
14923634,2026-10-01 15:29:14,actions-trading,MFHS2,003350,seen,,5c4fd427514c
14923634,2026-10-01 15:29:14,actions-trading,MFHS2,090460,seen,,9fc4da3ec076
14923634,2026-10-01 15:29:14,actions-trading,MFHS2,006800,seen,,c175925cee95
14923634,2026-10-01 15:29:14,actions-trading,MFHS2,005880,seen,,93404dc87a89
14923634,2026-10-01 15:29:14,actions-trading,MFHS2,001510,seen,,a04bc10ff5f2
14923634,2026-10-01 15:29:14,actions-trading,MFHS2,001210,seen,,80b905870675
14923634,2026-10-01 15:29:14,actions-trading,MFHS2,001200,seen,,404bac53017a
14923634,2026-10-01 15:29:14,actions-trading,MFHS2,064400,seen,,c86dca9ed98d
14923634,2026-10-01 15:29:14,actions-trading,MFHS2,005690,seen,,8f01d0e3ae2a
14923634,2026-10-01 15:29:14,actions-trading,MFHS2,272210,seen,,8041df1f06ab
14923634,2026-10-01 15:29:14,actions-trading,MFHS2,019170,seen,,d299f1471531
14923634,2026-10-01 15:29:14,actions-trading,MFHS2,002700,seen,,1cead5aa297e
14923634,2026-10-01 15:29:14,actions-trading,MFHS2,003520,seen,,95e687eb06e1
14923634,2026-10-01 15:29:14,actions-trading,MFHS2,000400,seen,,0614021f78e6
14923634,2026-10-01 15:29:14,actions-trading,MFHS2,137310,seen,,87ec48a7d708
14923634,2026-10-01 15:29:14,actions-trading,MFHS2,032350,seen,,a118c3e5e6de
14923634,2026-10-01 15:29:14,actions-trading,MFHS2,249420,seen,,a69ced0b395c
14923634,2026-10-01 15:29:15,actions-trading,상승모멘텀,084010,skip,max_holdings,7eaf367f0e59
14923634,2026-10-01 15:29:15,actions-trading,상승모멘텀,248070,seen,,b61a8d73ce87
14923634,2026-10-01 15:29:15,actions-trading,상승모멘텀,192650,seen,,b0ec454e01ac
14923634,2026-10-01 15:29:15,actions-trading,상승모멘텀,353200,seen,,7578d82e596a
14923634,2026-10-01 15:29:15,actions-trading,상승모멘텀,003160,seen,,fa00731fe156
14923634,2026-10-01 15:29:15,actions-trading,상승모멘텀,001360,seen,,ef38d2a33754
14923634,2026-10-01 15:29:15,actions-trading,상승모멘텀,003350,seen,,5c4fd427514c
14923634,2026-10-01 15:29:15,actions-trading,상승모멘텀,005430,seen,,90faa2a6f269
14923634,2026-10-01 15:29:15,actions-trading,상승모멘텀,009420,seen,,e3810b553313
14923634,2026-10-01 15:29:15,actions-trading,상승모멘텀,036570,seen,,8e5dc6763a8f
14923634,2026-10-01 15:29:15,actions-trading,상승모멘텀,023150,seen,,bfff7a3c59ab
14923634,2026-10-01 15:29:15,actions-trading,상승모멘텀,069640,seen,,c93f5cebe5d1
14923634,2026-10-01 15:29:15,actions-trading,상승모멘텀,014680,seen,,5750be0f2b9c
14923634,2026-10-01 15:29:15,actions-trading,상승모멘텀,012030,seen,,7a45380aa9d6
14923634,2026-10-01 15:29:15,actions-trading,상승모멘텀,055490,seen,,57aef228eb7a
14923634,2026-10-01 15:29:15,actions-trading,상승모멘텀,480370,seen,,3c6f3b59b5ab
14923634,2026-10-01 15:29:15,actions-trading,상승모멘텀,109070,seen,,0e7658bd070e
14923634,2026-10-01 15:29:15,actions-trading,상승모멘텀,0126Z0,seen,,f165e6aa2389
14923634,2026-10-01 15:29:15,actions-trading,상승모멘텀,004710,seen,,ceed56a2b36f
14923634,2026-10-01 15:29:15,actions-trading,상승모멘텀,195870,seen,,754c4565d0e6
14923634,2026-10-01 15:29:15,actions-trading,상승모멘텀,004105,seen,,ece74d46f02f
14923634,2026-10-01 15:29:15,actions-trading,상승모멘텀,093050,seen,,15b189b2d5f7
14923634,2026-10-01 15:29:15,actions-trading,상승모멘텀,007660,seen,,abf69aa6deef
14923634,2026-10-01 15:29:15,actions-trading,상승모멘텀,112610,seen,,acdd2bc0837f
14923634,2026-10-01 15:29:15,actions-trading,상승모멘텀,011690,seen,,9c1257b6b8c3
14923634,2026-10-01 15:29:15,actions-trading,상승모멘텀,35320K,seen,,527ebb697cdc
14923634,2026-10-01 15:29:15,actions-trading,상승모멘텀,002360,seen,,1080c93a8d0a
14923634,2026-10-01 15:29:15,actions-trading,상승모멘텀,317450,seen,,aa0653372a1e
14923634,2026-10-01 15:29:15,actions-trading,상승모멘텀,001820,seen,,636c96ac1d42
14923634,2026-10-01 15:29:15,actions-trading,상승모멘텀,077500,seen,,f5f961be23e0
14923634,2026-10-01 15:29:15,actions-trading,Sim4-1,084010,skip,period,7eaf367f0e59
14923634,2026-10-01 15:29:15,actions-trading,Sim4-1,248070,skip,period,b61a8d73ce87
14923634,2026-10-01 15:29:15,actions-trading,Sim4-1,192650,skip,period,b0ec454e01ac
14923634,2026-10-01 15:29:15,actions-trading,Sim4-1,353200,skip,adx_high,7578d82e596a
14923634,2026-10-01 15:29:15,actions-trading,Sim4-1,003160,skip,held_or_cooldown,fa00731fe156
14923634,2026-10-01 15:29:15,actions-trading,Sim4-1,001360,skip,adx_low,ef38d2a33754
14923634,2026-10-01 15:29:15,actions-trading,Sim4-1,003350,skip,adx_low,5c4fd427514c
14923634,2026-10-01 15:29:15,actions-trading,Sim4-1,005430,skip,amount,90faa2a6f269
14923634,2026-10-01 15:29:15,actions-trading,Sim4-1,009420,skip,period,e3810b553313
14923634,2026-10-01 15:29:15,actions-trading,Sim4-1,036570,skip,period,8e5dc6763a8f
14923634,2026-10-01 15:29:15,actions-trading,Sim4-1,023150,skip,amount,bfff7a3c59ab
14923634,2026-10-01 15:29:15,actions-trading,Sim4-1,069640,skip,amount,c93f5cebe5d1
14923634,2026-10-01 15:29:15,actions-trading,Sim4-1,014680,skip,adx_high,5750be0f2b9c
14923634,2026-10-01 15:29:15,actions-trading,Sim4-1,012030,skip,adx_high,7a45380aa9d6
14923634,2026-10-01 15:29:15,actions-trading,Sim4-1,055490,skip,amount,57aef228eb7a
14923634,2026-10-01 15:29:15,actions-trading,Sim4-1,480370,skip,amount,3c6f3b59b5ab
14923634,2026-10-01 15:29:15,actions-trading,Sim4-1,109070,skip,amount,0e7658bd070e
14923634,2026-10-01 15:29:15,actions-trading,Sim4-1,0126Z0,skip,adx_high,f165e6aa2389
14923634,2026-10-01 15:29:15,actions-trading,Sim4-1,004710,skip,adx_high,ceed56a2b36f
14923634,2026-10-01 15:29:15,actions-trading,Sim4-1,195870,skip,held_or_cooldown,754c4565d0e6
14923634,2026-10-01 15:29:15,actions-trading,Sim4-1,004105,skip,amount,ece74d46f02f
14923634,2026-10-01 15:29:15,actions-trading,Sim4-1,093050,skip,amount,15b189b2d5f7
14923634,2026-10-01 15:29:15,actions-trading,Sim4-1,007660,skip,held_or_cooldown,abf69aa6deef
14923634,2026-10-01 15:29:15,actions-trading,Sim4-1,112610,skip,period,acdd2bc0837f
14923634,2026-10-01 15:29:15,actions-trading,Sim4-1,011690,skip,period,9c1257b6b8c3
14923634,2026-10-01 15:29:15,actions-trading,Sim4-1,35320K,skip,amount,527ebb697cdc
14923634,2026-10-01 15:29:15,actions-trading,Sim4-1,002360,skip,amount,1080c93a8d0a
14923634,2026-10-01 15:29:15,actions-trading,Sim4-1,317450,skip,amount,aa0653372a1e
14923634,2026-10-01 15:29:15,actions-trading,Sim4-1,001820,skip,adx_low,636c96ac1d42
14923634,2026-10-01 15:29:15,actions-trading,Sim4-1,077500,skip,adx_high,f5f961be23e0
14923634,2026-10-01 15:29:17,actions-trading,선행매집,005930,skip,below_anchor,6427e73d482b
14923634,2026-10-01 15:29:17,actions-trading,선행매집,005935,skip,below_anchor,16c1f787a730
14923634,2026-10-01 15:29:17,actions-trading,선행매집,000660,skip,below_anchor,63b5cfdbb246
14923634,2026-10-01 15:29:17,actions-trading,선행매집,192650,skip,no_setup,b0ec454e01ac
14923634,2026-10-01 15:29:17,actions-trading,선행매집,028670,skip,held_awaiting_breakout,c50f7252db30
14923634,2026-10-01 15:29:17,actions-trading,선행매집,248070,skip,below_anchor,b61a8d73ce87
14923634,2026-10-01 15:29:17,actions-trading,선행매집,003280,skip,below_anchor,f62a7de7f6b4
14923634,2026-10-01 15:29:17,actions-trading,선행매집,073240,skip,below_anchor,9c5a489a5099
14923634,2026-10-01 15:29:17,actions-trading,선행매집,034220,skip,below_anchor,5fa2c0537c30
14923634,2026-10-01 15:29:17,actions-trading,선행매집,011200,skip,below_anchor,59a406460fe3
14923634,2026-10-01 15:29:17,actions-trading,선행매집,007660,skip,below_anchor,abf69aa6deef
14923634,2026-10-01 15:29:17,actions-trading,선행매집,001820,skip,below_anchor,636c96ac1d42
14923634,2026-10-01 15:29:17,actions-trading,선행매집,001360,skip,below_anchor,ef38d2a33754
14923634,2026-10-01 15:29:17,actions-trading,선행매집,093370,skip,below_anchor,8f270147b2c9
14923634,2026-10-01 15:29:17,actions-trading,선행매집,002990,skip,below_anchor,b0e44823e8c9
14923634,2026-10-01 15:29:17,actions-trading,선행매집,005880,skip,below_anchor,93404dc87a89
14923634,2026-10-01 15:29:17,actions-trading,선행매집,003160,skip,no_setup,fa00731fe156
14923634,2026-10-01 15:29:17,actions-trading,선행매집,068270,skip,below_anchor,24ef6b6e9fd3
14923634,2026-10-01 15:29:17,actions-trading,선행매집,272210,skip,below_anchor,8041df1f06ab
14923634,2026-10-01 15:29:17,actions-trading,선행매집,006800,skip,below_anchor,c175925cee95
14923634,2026-10-01 15:29:17,actions-trading,선행매집,005360,skip,amount,19da1fbf9f9f
14923634,2026-10-01 15:29:17,actions-trading,선행매집,003350,skip,below_anchor,5c4fd427514c
14923634,2026-10-01 15:29:17,actions-trading,선행매집,001740,skip,below_anchor,ed080d561e2c
14923634,2026-10-01 15:29:17,actions-trading,선행매집,001210,skip,below_anchor,80b905870675
14923634,2026-10-01 15:29:17,actions-trading,선행매집,001510,skip,below_anchor,a04bc10ff5f2
14923634,2026-10-01 15:29:17,actions-trading,선행매집,017670,skip,below_anchor,12437f149d10
14923634,2026-10-01 15:29:17,actions-trading,선행매집,002700,skip,amount,1cead5aa297e
14923634,2026-10-01 15:29:17,actions-trading,선행매집,064400,skip,below_anchor,c86dca9ed98d
14923634,2026-10-01 15:29:17,actions-trading,선행매집,001200,skip,below_anchor,404bac53017a
14923634,2026-10-01 15:29:17,actions-trading,선행매집,019170,skip,below_anchor,d299f1471531
14923634,2026-10-01 15:29:17,actions-trading,Sim9,_gate,skip,outside_entry_window,e3b0c44298fc
14923634,2026-10-01 15:29:17,actions-trading,Sim9,084010,seen,,7eaf367f0e59
14923634,2026-10-01 15:29:17,actions-trading,Sim9,248070,seen,,b61a8d73ce87
14923634,2026-10-01 15:29:17,actions-trading,Sim9,192650,seen,,b0ec454e01ac
14923634,2026-10-01 15:29:17,actions-trading,Sim9,353200,seen,,7578d82e596a
14923634,2026-10-01 15:29:17,actions-trading,Sim9,003160,seen,,fa00731fe156
14923634,2026-10-01 15:29:17,actions-trading,Sim9,001360,seen,,ef38d2a33754
14923634,2026-10-01 15:29:17,actions-trading,Sim9,003350,seen,,5c4fd427514c
14923634,2026-10-01 15:29:17,actions-trading,Sim9,005430,seen,,90faa2a6f269
14923634,2026-10-01 15:29:17,actions-trading,Sim9,009420,seen,,e3810b553313
14923634,2026-10-01 15:29:17,actions-trading,Sim9,036570,seen,,8e5dc6763a8f
14923634,2026-10-01 15:29:17,actions-trading,Sim9,023150,seen,,bfff7a3c59ab
14923634,2026-10-01 15:29:17,actions-trading,Sim9,069640,seen,,c93f5cebe5d1
14923634,2026-10-01 15:29:17,actions-trading,Sim9,014680,seen,,5750be0f2b9c
14923634,2026-10-01 15:29:17,actions-trading,Sim9,012030,seen,,7a45380aa9d6
14923634,2026-10-01 15:29:17,actions-trading,Sim9,055490,seen,,57aef228eb7a
14923634,2026-10-01 15:29:17,actions-trading,Sim9,480370,seen,,3c6f3b59b5ab
14923634,2026-10-01 15:29:17,actions-trading,Sim9,109070,seen,,0e7658bd070e
14923634,2026-10-01 15:29:17,actions-trading,Sim9,0126Z0,seen,,f165e6aa2389
14923634,2026-10-01 15:29:17,actions-trading,Sim9,004710,seen,,ceed56a2b36f
14923634,2026-10-01 15:29:17,actions-trading,Sim9,195870,seen,,754c4565d0e6
14923634,2026-10-01 15:29:17,actions-trading,Sim9,004105,seen,,ece74d46f02f
14923634,2026-10-01 15:29:17,actions-trading,Sim9,093050,seen,,15b189b2d5f7
14923634,2026-10-01 15:29:17,actions-trading,Sim9,007660,seen,,abf69aa6deef
14923634,2026-10-01 15:29:17,actions-trading,Sim9,112610,seen,,acdd2bc0837f
14923634,2026-10-01 15:29:17,actions-trading,Sim9,011690,seen,,9c1257b6b8c3
14923634,2026-10-01 15:29:17,actions-trading,Sim9,35320K,seen,,527ebb697cdc
14923634,2026-10-01 15:29:17,actions-trading,Sim9,002360,seen,,1080c93a8d0a
14923634,2026-10-01 15:29:17,actions-trading,Sim9,317450,seen,,aa0653372a1e
14923634,2026-10-01 15:29:17,actions-trading,Sim9,001820,seen,,636c96ac1d42
14923634,2026-10-01 15:29:17,actions-trading,Sim9,077500,seen,,f5f961be23e0
14923634,2026-10-01 15:29:17,actions-trading,미너비니,192820,skip,below_pivot,7cab846c1672
14923634,2026-10-01 15:29:17,actions-trading,미너비니,443060,skip,below_pivot,63522fc7063c
14923634,2026-10-01 15:29:17,actions-trading,미너비니,020120,skip,below_pivot,b812aa3843e2
14923634,2026-10-01 15:29:18,actions-trading,Sim12,084010,skip,avoid_frgn_sell_20d,7eaf367f0e59
14923634,2026-10-01 15:29:18,actions-trading,Sim12,248070,skip,avoid_frgn_sell_20d,b61a8d73ce87
14923634,2026-10-01 15:29:18,actions-trading,Sim12,192650,skip,pb2_not_crashed,b0ec454e01ac
14923634,2026-10-01 15:29:18,actions-trading,Sim12,353200,skip,avoid_orgn_sell_high_per,7578d82e596a
14923634,2026-10-01 15:29:18,actions-trading,Sim12,003160,skip,pb2_not_crashed,fa00731fe156
14923634,2026-10-01 15:29:18,actions-trading,Sim12,001360,skip,pb2_not_crashed,ef38d2a33754
14923634,2026-10-01 15:29:18,actions-trading,Sim12,003350,skip,pb2_not_crashed,5c4fd427514c
14923634,2026-10-01 15:29:18,actions-trading,Sim12,005430,skip,pb2_not_crashed,90faa2a6f269
14923634,2026-10-01 15:29:18,actions-trading,Sim12,009420,skip,pb2_no_inst_buying,e3810b553313
14923634,2026-10-01 15:29:18,actions-trading,Sim12,036570,skip,pb2_not_crashed,8e5dc6763a8f
14923634,2026-10-01 15:29:18,actions-trading,Sim12,023150,skip,avoid_frgn_sell_20d,bfff7a3c59ab
14923634,2026-10-01 15:29:18,actions-trading,Sim12,069640,skip,avoid_frgn_sell_20d,c93f5cebe5d1
14923634,2026-10-01 15:29:18,actions-trading,Sim12,014680,skip,pb2_not_crashed,5750be0f2b9c
14923634,2026-10-01 15:29:18,actions-trading,Sim12,012030,skip,avoid_frgn_sell_20d,7a45380aa9d6
14923634,2026-10-01 15:29:18,actions-trading,Sim12,055490,skip,avoid_frgn_sell_20d,57aef228eb7a
14923634,2026-10-01 15:29:18,actions-trading,Sim12,480370,skip,pb2_not_crashed,3c6f3b59b5ab
14923634,2026-10-01 15:29:18,actions-trading,Sim12,109070,skip,pb2_not_crashed,0e7658bd070e
14923634,2026-10-01 15:29:18,actions-trading,Sim12,0126Z0,skip,avoid_frgn_sell_20d,f165e6aa2389
14923634,2026-10-01 15:29:18,actions-trading,Sim12,004710,skip,avoid_frgn_sell_20d,ceed56a2b36f
14923634,2026-10-01 15:29:18,actions-trading,Sim12,195870,skip,pb2_not_crashed,754c4565d0e6
14923634,2026-10-01 15:29:18,actions-trading,Sim12,004105,skip,pb2_not_crashed,ece74d46f02f
14923634,2026-10-01 15:29:18,actions-trading,Sim12,093050,skip,avoid_frgn_sell_20d,15b189b2d5f7
14923634,2026-10-01 15:29:18,actions-trading,Sim12,007660,skip,pb2_not_crashed,abf69aa6deef
14923634,2026-10-01 15:29:18,actions-trading,Sim12,112610,skip,avoid_frgn_sell_20d,acdd2bc0837f
14923634,2026-10-01 15:29:18,actions-trading,Sim12,011690,skip,pb2_not_crashed,9c1257b6b8c3
14923634,2026-10-01 15:29:18,actions-trading,Sim12,35320K,skip,pb2_not_crashed,527ebb697cdc
14923634,2026-10-01 15:29:18,actions-trading,Sim12,002360,skip,pb2_not_crashed,1080c93a8d0a
14923634,2026-10-01 15:29:18,actions-trading,Sim12,317450,skip,avoid_frgn_sell_20d,aa0653372a1e
14923634,2026-10-01 15:29:18,actions-trading,Sim12,001820,skip,pb2_not_crashed,636c96ac1d42
14923634,2026-10-01 15:29:18,actions-trading,Sim12,077500,skip,pb2_not_crashed,f5f961be23e0
14923634,2026-10-01 15:29:18,actions-trading,Sim12,009190,skip,pb2_no_inst_buying,9888861b0712
14923634,2026-10-01 15:29:18,actions-trading,Sim12,051630,skip,pb2_not_crashed,65c3a0d99f4d
14923634,2026-10-01 15:29:18,actions-trading,Sim12,452260,skip,pb2_not_crashed,f35a55333a45
14923634,2026-10-01 15:29:18,actions-trading,Sim12,002787,skip,avoid_amount_dry,2384cbc8eb2b
14923634,2026-10-01 15:29:18,actions-trading,Sim12,002820,skip,pb2_no_inst_buying,45e680d35fbf
14923634,2026-10-01 15:29:18,actions-trading,Sim12,010950,skip,pb2_not_crashed,9f974daa9eb9
14923634,2026-10-01 15:29:18,actions-trading,Sim12,071090,skip,pb2_not_crashed,910743c4c008
14923634,2026-10-01 15:29:18,actions-trading,Sim12,010955,skip,pb2_not_crashed,f2fe1439853e
14923634,2026-10-01 15:29:18,actions-trading,Sim12,007110,skip,avoid_amount_dry,49692a94a7c4
14923634,2026-10-01 15:29:18,actions-trading,Sim12,002690,skip,avoid_frgn_sell_20d,569399f5d05a
14923634,2026-10-01 15:29:18,actions-trading,Sim12,001770,skip,pb2_thin_liquidity,3988909adb9a
14923634,2026-10-01 15:29:18,actions-trading,Sim12,361610,skip,pb2_not_crashed,115b55657ec9
14923634,2026-10-01 15:29:18,actions-trading,Sim12,487570,skip,pb2_not_crashed,0156c26b6d51
14923634,2026-10-01 15:29:18,actions-trading,Sim12,096770,skip,pb2_not_crashed,3595f308fff3
14923634,2026-10-01 15:29:18,actions-trading,Sim12,011090,skip,avoid_amount_dry,ddec29f9bffe
14923634,2026-10-01 15:29:18,actions-trading,Sim12,002070,skip,avoid_amount_dry,846a5c85930e
14923634,2026-10-01 15:29:18,actions-trading,Sim12,010640,skip,avoid_frgn_sell_20d,d3c719cfc697
14923634,2026-10-01 15:29:18,actions-trading,Sim12,003780,skip,avoid_frgn_sell_20d,6eac82c4870b
14923634,2026-10-01 15:29:18,actions-trading,Sim12,006200,skip,pb2_no_inst_buying,cba62de18778
14923634,2026-10-01 15:29:18,actions-trading,Sim12,003030,skip,pb2_not_crashed,8dad372b2df7
14923634,2026-10-01 15:29:18,actions-trading,Sim12,078930,skip,pb2_thin_liquidity,dfac9093da99
14923634,2026-10-01 15:29:18,actions-trading,Sim12,003580,skip,pb2_not_crashed,aa418c1670c0
14923634,2026-10-01 15:29:18,actions-trading,Sim12,044450,skip,pb2_not_crashed,e31c0be41ca1
14923634,2026-10-01 15:29:18,actions-trading,Sim12,003075,skip,pb2_not_crashed,20752b7cd37d
14923634,2026-10-01 15:29:18,actions-trading,Sim12,316140,skip,pb2_not_crashed,573949f4f842
14923634,2026-10-01 15:29:18,actions-trading,Sim12,005030,skip,avoid_amount_dry,43a2cfae514d
14923634,2026-10-01 15:29:18,actions-trading,Sim12,096775,skip,pb2_not_crashed,c36ec91fec71
14923634,2026-10-01 15:29:18,actions-trading,Sim12,017940,skip,pb2_not_crashed,acbec025010f
14923634,2026-10-01 15:29:18,actions-trading,Sim12,015260,skip,avoid_amount_dry,4d6749c7864e
14923634,2026-10-01 15:29:18,actions-trading,Sim12,009810,skip,pb2_not_crashed,f97e02704359
14923634,2026-10-01 15:29:18,actions-trading,Sim13,084010,skip,theme_momentum_weak,7eaf367f0e59
14923634,2026-10-01 15:29:18,actions-trading,Sim13,248070,skip,theme_momentum_weak,b61a8d73ce87
14923634,2026-10-01 15:29:18,actions-trading,Sim13,192650,skip,no_frgn_support,b0ec454e01ac
14923634,2026-10-01 15:29:18,actions-trading,Sim13,353200,skip,adx_weak,7578d82e596a
14923634,2026-10-01 15:29:18,actions-trading,Sim13,003160,skip,no_frgn_support,fa00731fe156
14923634,2026-10-01 15:29:18,actions-trading,Sim13,001360,skip,theme_momentum_weak,ef38d2a33754
14923634,2026-10-01 15:29:18,actions-trading,Sim13,003350,skip,theme_momentum_weak,5c4fd427514c
14923634,2026-10-01 15:29:18,actions-trading,Sim13,005430,skip,theme_momentum_weak,90faa2a6f269
14923634,2026-10-01 15:29:18,actions-trading,Sim13,009420,skip,theme_momentum_weak,e3810b553313
14923634,2026-10-01 15:29:18,actions-trading,Sim13,036570,skip,theme_momentum_weak,8e5dc6763a8f
14923634,2026-10-01 15:29:18,actions-trading,Sim13,023150,skip,theme_momentum_weak,bfff7a3c59ab
14923634,2026-10-01 15:29:18,actions-trading,Sim13,069640,skip,theme_momentum_weak,c93f5cebe5d1
14923634,2026-10-01 15:29:18,actions-trading,Sim13,014680,skip,no_frgn_support,5750be0f2b9c
14923634,2026-10-01 15:29:18,actions-trading,Sim13,012030,skip,adx_weak,7a45380aa9d6
14923634,2026-10-01 15:29:18,actions-trading,Sim13,055490,skip,theme_momentum_weak,57aef228eb7a
14923634,2026-10-01 15:29:18,actions-trading,Sim13,480370,skip,adx_weak,3c6f3b59b5ab
14923634,2026-10-01 15:29:18,actions-trading,Sim13,109070,skip,amount_not_surprised,0e7658bd070e
14923634,2026-10-01 15:29:18,actions-trading,Sim13,0126Z0,skip,theme_momentum_weak,f165e6aa2389
14923634,2026-10-01 15:29:18,actions-trading,Sim13,004710,skip,no_frgn_support,ceed56a2b36f
14923634,2026-10-01 15:29:18,actions-trading,Sim13,195870,skip,adx_weak,754c4565d0e6
14923634,2026-10-01 15:29:18,actions-trading,Sim13,004105,skip,no_frgn_support,ece74d46f02f
14923634,2026-10-01 15:29:18,actions-trading,Sim13,093050,skip,theme_momentum_weak,15b189b2d5f7
14923634,2026-10-01 15:29:18,actions-trading,Sim13,007660,skip,theme_momentum_weak,abf69aa6deef
14923634,2026-10-01 15:29:18,actions-trading,Sim13,112610,skip,theme_momentum_weak,acdd2bc0837f
14923634,2026-10-01 15:29:18,actions-trading,Sim13,011690,skip,theme_momentum_weak,9c1257b6b8c3
14923634,2026-10-01 15:29:18,actions-trading,Sim13,35320K,skip,theme_momentum_weak,527ebb697cdc
14923634,2026-10-01 15:29:18,actions-trading,Sim13,002360,skip,amount_not_surprised,1080c93a8d0a
14923634,2026-10-01 15:29:18,actions-trading,Sim13,317450,skip,theme_momentum_weak,aa0653372a1e
14923634,2026-10-01 15:29:18,actions-trading,Sim13,001820,skip,adx_weak,636c96ac1d42
14923634,2026-10-01 15:29:18,actions-trading,Sim13,077500,skip,held_or_cooldown,f5f961be23e0
14923635,2026-10-01 15:31:19,actions-trading,MFHS2,005935,skip,max_holdings,1d92adab7b5a
14923635,2026-10-01 15:31:19,actions-trading,MFHS2,003280,seen,,bbe2aeeef585
14923635,2026-10-01 15:31:19,actions-trading,MFHS2,003160,seen,,21e93478e932
14923635,2026-10-01 15:31:19,actions-trading,MFHS2,248070,seen,,9682f91924bc
14923635,2026-10-01 15:31:19,actions-trading,MFHS2,001360,seen,,1eddb46c9b80
14923635,2026-10-01 15:31:19,actions-trading,MFHS2,001820,seen,,195bfc493dcc
14923635,2026-10-01 15:31:19,actions-trading,MFHS2,034220,seen,,2e1d67242d0e
14923635,2026-10-01 15:31:19,actions-trading,MFHS2,007660,seen,,db71d9e31701
14923635,2026-10-01 15:31:19,actions-trading,MFHS2,002990,seen,,0175bd8078fa
14923635,2026-10-01 15:31:19,actions-trading,MFHS2,001740,seen,,2a7d2d6e3a99
14923635,2026-10-01 15:31:19,actions-trading,MFHS2,073240,seen,,93a32f6a2876
14923635,2026-10-01 15:31:19,actions-trading,MFHS2,068270,seen,,51937fd75b18
14923635,2026-10-01 15:31:19,actions-trading,MFHS2,005360,seen,,1abdceb69ccd
14923635,2026-10-01 15:31:19,actions-trading,MFHS2,003350,seen,,f03b0d68e22e
14923635,2026-10-01 15:31:19,actions-trading,MFHS2,090460,seen,,051cb8b41898
14923635,2026-10-01 15:31:19,actions-trading,MFHS2,006800,seen,,af6abb227e34
14923635,2026-10-01 15:31:19,actions-trading,MFHS2,005880,seen,,4a29f4235dd6
14923635,2026-10-01 15:31:19,actions-trading,MFHS2,001510,seen,,3a6cb5873ed1
14923635,2026-10-01 15:31:19,actions-trading,MFHS2,001210,seen,,6588581c259d
14923635,2026-10-01 15:31:19,actions-trading,MFHS2,001200,seen,,e1e0b642f659
14923635,2026-10-01 15:31:19,actions-trading,MFHS2,064400,seen,,1ea66d5bc608
14923635,2026-10-01 15:31:19,actions-trading,MFHS2,005690,seen,,b61108e2a4d4
14923635,2026-10-01 15:31:19,actions-trading,MFHS2,272210,seen,,f05b48a69a73
14923635,2026-10-01 15:31:19,actions-trading,MFHS2,019170,seen,,cb180ef18c8e
14923635,2026-10-01 15:31:19,actions-trading,MFHS2,002700,seen,,c594fff96c0b
14923635,2026-10-01 15:31:19,actions-trading,MFHS2,003520,seen,,2a7816258f35
14923635,2026-10-01 15:31:19,actions-trading,MFHS2,000400,seen,,db78da71a272
14923635,2026-10-01 15:31:19,actions-trading,MFHS2,137310,seen,,966d67ba1aa6
14923635,2026-10-01 15:31:19,actions-trading,MFHS2,032350,seen,,fa53294648ed
14923635,2026-10-01 15:31:19,actions-trading,MFHS2,249420,seen,,3b2e0e0a8397
14923635,2026-10-01 15:31:20,actions-trading,상승모멘텀,084010,skip,max_holdings,7eaf367f0e59
14923635,2026-10-01 15:31:20,actions-trading,상승모멘텀,248070,seen,,9682f91924bc
14923635,2026-10-01 15:31:20,actions-trading,상승모멘텀,192650,seen,,6bece1a7b3fd
14923635,2026-10-01 15:31:20,actions-trading,상승모멘텀,003160,seen,,21e93478e932
14923635,2026-10-01 15:31:20,actions-trading,상승모멘텀,001360,seen,,1eddb46c9b80
14923635,2026-10-01 15:31:20,actions-trading,상승모멘텀,353200,seen,,ddfcee17eb9e
14923635,2026-10-01 15:31:20,actions-trading,상승모멘텀,003350,seen,,f03b0d68e22e
14923635,2026-10-01 15:31:20,actions-trading,상승모멘텀,005430,seen,,20938381b7ec
14923635,2026-10-01 15:31:20,actions-trading,상승모멘텀,036570,seen,,1af5df51ebb5
14923635,2026-10-01 15:31:20,actions-trading,상승모멘텀,009420,seen,,379265ccddde
14923635,2026-10-01 15:31:20,actions-trading,상승모멘텀,023150,seen,,aeb01a9554e1
14923635,2026-10-01 15:31:20,actions-trading,상승모멘텀,069640,seen,,378db1d9ad69
14923635,2026-10-01 15:31:20,actions-trading,상승모멘텀,012030,seen,,cc563be1a65f
14923635,2026-10-01 15:31:20,actions-trading,상승모멘텀,055490,seen,,10d357bfbd88
14923635,2026-10-01 15:31:20,actions-trading,상승모멘텀,0126Z0,seen,,beeb0501d3df
14923635,2026-10-01 15:31:20,actions-trading,상승모멘텀,480370,seen,,0c116d300a9d
14923635,2026-10-01 15:31:20,actions-trading,상승모멘텀,014680,seen,,c6c8159d0e87
14923635,2026-10-01 15:31:20,actions-trading,상승모멘텀,109070,seen,,202185bf09a8
14923635,2026-10-01 15:31:20,actions-trading,상승모멘텀,004710,seen,,c23915d86998
14923635,2026-10-01 15:31:20,actions-trading,상승모멘텀,011690,seen,,d2877a850aec
14923635,2026-10-01 15:31:20,actions-trading,상승모멘텀,195870,seen,,47ebd9291a18
14923635,2026-10-01 15:31:20,actions-trading,상승모멘텀,093050,seen,,1fff6f4c0a23
14923635,2026-10-01 15:31:20,actions-trading,상승모멘텀,112610,seen,,457f5797b410
14923635,2026-10-01 15:31:20,actions-trading,상승모멘텀,35320K,seen,,bb2cdf1a5b08
14923635,2026-10-01 15:31:20,actions-trading,상승모멘텀,004105,seen,,83ef108c5042
14923635,2026-10-01 15:31:20,actions-trading,상승모멘텀,007660,seen,,db71d9e31701
14923635,2026-10-01 15:31:20,actions-trading,상승모멘텀,008060,seen,,952837f94107
14923635,2026-10-01 15:31:20,actions-trading,상승모멘텀,002360,seen,,800981cdbcfe
14923635,2026-10-01 15:31:20,actions-trading,상승모멘텀,001820,seen,,195bfc493dcc
14923635,2026-10-01 15:31:20,actions-trading,상승모멘텀,007810,seen,,03a2f6535731
14923635,2026-10-01 15:31:20,actions-trading,Sim4-1,084010,skip,period,7eaf367f0e59
14923635,2026-10-01 15:31:20,actions-trading,Sim4-1,248070,skip,period,9682f91924bc
14923635,2026-10-01 15:31:20,actions-trading,Sim4-1,192650,skip,period,6bece1a7b3fd
14923635,2026-10-01 15:31:20,actions-trading,Sim4-1,003160,skip,held_or_cooldown,21e93478e932
14923635,2026-10-01 15:31:20,actions-trading,Sim4-1,001360,skip,adx_low,1eddb46c9b80
14923635,2026-10-01 15:31:20,actions-trading,Sim4-1,353200,skip,adx_high,ddfcee17eb9e
14923635,2026-10-01 15:31:20,actions-trading,Sim4-1,003350,skip,adx_low,f03b0d68e22e
14923635,2026-10-01 15:31:20,actions-trading,Sim4-1,005430,skip,amount,20938381b7ec
14923635,2026-10-01 15:31:20,actions-trading,Sim4-1,036570,skip,period,1af5df51ebb5
14923635,2026-10-01 15:31:20,actions-trading,Sim4-1,009420,skip,period,379265ccddde
14923635,2026-10-01 15:31:20,actions-trading,Sim4-1,023150,skip,amount,aeb01a9554e1
14923635,2026-10-01 15:31:20,actions-trading,Sim4-1,069640,skip,amount,378db1d9ad69
14923635,2026-10-01 15:31:20,actions-trading,Sim4-1,012030,skip,adx_high,cc563be1a65f
14923635,2026-10-01 15:31:20,actions-trading,Sim4-1,055490,skip,amount,10d357bfbd88
14923635,2026-10-01 15:31:20,actions-trading,Sim4-1,0126Z0,skip,adx_high,beeb0501d3df
14923635,2026-10-01 15:31:20,actions-trading,Sim4-1,480370,skip,amount,0c116d300a9d
14923635,2026-10-01 15:31:20,actions-trading,Sim4-1,014680,skip,adx_high,c6c8159d0e87
14923635,2026-10-01 15:31:20,actions-trading,Sim4-1,109070,skip,amount,202185bf09a8
14923635,2026-10-01 15:31:20,actions-trading,Sim4-1,004710,skip,adx_high,c23915d86998
14923635,2026-10-01 15:31:20,actions-trading,Sim4-1,011690,skip,period,d2877a850aec
14923635,2026-10-01 15:31:20,actions-trading,Sim4-1,195870,skip,held_or_cooldown,47ebd9291a18
14923635,2026-10-01 15:31:20,actions-trading,Sim4-1,093050,skip,amount,1fff6f4c0a23
14923635,2026-10-01 15:31:20,actions-trading,Sim4-1,112610,skip,period,457f5797b410
14923635,2026-10-01 15:31:20,actions-trading,Sim4-1,35320K,skip,amount,bb2cdf1a5b08
14923635,2026-10-01 15:31:20,actions-trading,Sim4-1,004105,skip,amount,83ef108c5042
14923635,2026-10-01 15:31:20,actions-trading,Sim4-1,007660,skip,held_or_cooldown,db71d9e31701
14923635,2026-10-01 15:31:20,actions-trading,Sim4-1,008060,skip,amount,952837f94107
14923635,2026-10-01 15:31:20,actions-trading,Sim4-1,002360,skip,amount,800981cdbcfe
14923635,2026-10-01 15:31:20,actions-trading,Sim4-1,001820,skip,adx_low,195bfc493dcc
14923635,2026-10-01 15:31:20,actions-trading,Sim4-1,007810,skip,adx_high,03a2f6535731
14923635,2026-10-01 15:31:21,actions-trading,선행매집,005930,skip,below_anchor,2b9f2c800c45
14923635,2026-10-01 15:31:21,actions-trading,선행매집,005935,skip,below_anchor,1d92adab7b5a
14923635,2026-10-01 15:31:21,actions-trading,선행매집,000660,skip,below_anchor,20026eb9d778
14923635,2026-10-01 15:31:21,actions-trading,선행매집,192650,skip,no_setup,6bece1a7b3fd
14923635,2026-10-01 15:31:21,actions-trading,선행매집,028670,skip,held_awaiting_breakout,5a692f426eb1
14923635,2026-10-01 15:31:21,actions-trading,선행매집,248070,skip,below_anchor,9682f91924bc
14923635,2026-10-01 15:31:21,actions-trading,선행매집,003280,skip,below_anchor,bbe2aeeef585
14923635,2026-10-01 15:31:21,actions-trading,선행매집,073240,skip,below_anchor,93a32f6a2876
14923635,2026-10-01 15:31:21,actions-trading,선행매집,034220,skip,below_anchor,2e1d67242d0e
14923635,2026-10-01 15:31:21,actions-trading,선행매집,011200,skip,below_anchor,64baf242aee3
14923635,2026-10-01 15:31:21,actions-trading,선행매집,007660,skip,below_anchor,db71d9e31701
14923635,2026-10-01 15:31:21,actions-trading,선행매집,001820,skip,below_anchor,195bfc493dcc
14923635,2026-10-01 15:31:21,actions-trading,선행매집,001360,skip,below_anchor,1eddb46c9b80
14923635,2026-10-01 15:31:21,actions-trading,선행매집,093370,skip,below_anchor,7facd681f7a4
14923635,2026-10-01 15:31:21,actions-trading,선행매집,002990,skip,below_anchor,0175bd8078fa
14923635,2026-10-01 15:31:21,actions-trading,선행매집,005880,skip,below_anchor,4a29f4235dd6
14923635,2026-10-01 15:31:21,actions-trading,선행매집,003160,skip,no_setup,21e93478e932
14923635,2026-10-01 15:31:21,actions-trading,선행매집,068270,skip,below_anchor,51937fd75b18
14923635,2026-10-01 15:31:21,actions-trading,선행매집,272210,skip,below_anchor,f05b48a69a73
14923635,2026-10-01 15:31:21,actions-trading,선행매집,006800,skip,below_anchor,af6abb227e34
14923635,2026-10-01 15:31:21,actions-trading,선행매집,005360,skip,amount,1abdceb69ccd
14923635,2026-10-01 15:31:21,actions-trading,선행매집,003350,skip,below_anchor,f03b0d68e22e
14923635,2026-10-01 15:31:21,actions-trading,선행매집,001740,skip,below_anchor,2a7d2d6e3a99
14923635,2026-10-01 15:31:21,actions-trading,선행매집,001210,skip,below_anchor,6588581c259d
14923635,2026-10-01 15:31:21,actions-trading,선행매집,001510,skip,below_anchor,3a6cb5873ed1
14923635,2026-10-01 15:31:21,actions-trading,선행매집,017670,skip,below_anchor,597a5d4457b3
14923635,2026-10-01 15:31:21,actions-trading,선행매집,002700,skip,amount,c594fff96c0b
14923635,2026-10-01 15:31:21,actions-trading,선행매집,064400,skip,below_anchor,1ea66d5bc608
14923635,2026-10-01 15:31:21,actions-trading,선행매집,001200,skip,below_anchor,e1e0b642f659
14923635,2026-10-01 15:31:21,actions-trading,선행매집,019170,skip,below_anchor,cb180ef18c8e
14923635,2026-10-01 15:31:21,actions-trading,Sim9,_gate,skip,outside_entry_window,e3b0c44298fc
14923635,2026-10-01 15:31:21,actions-trading,Sim9,084010,seen,,7eaf367f0e59
14923635,2026-10-01 15:31:21,actions-trading,Sim9,248070,seen,,9682f91924bc
14923635,2026-10-01 15:31:21,actions-trading,Sim9,192650,seen,,6bece1a7b3fd
14923635,2026-10-01 15:31:21,actions-trading,Sim9,003160,seen,,21e93478e932
14923635,2026-10-01 15:31:21,actions-trading,Sim9,001360,seen,,1eddb46c9b80
14923635,2026-10-01 15:31:21,actions-trading,Sim9,353200,seen,,ddfcee17eb9e
14923635,2026-10-01 15:31:21,actions-trading,Sim9,003350,seen,,f03b0d68e22e
14923635,2026-10-01 15:31:21,actions-trading,Sim9,005430,seen,,20938381b7ec
14923635,2026-10-01 15:31:21,actions-trading,Sim9,036570,seen,,1af5df51ebb5
14923635,2026-10-01 15:31:21,actions-trading,Sim9,009420,seen,,379265ccddde
14923635,2026-10-01 15:31:21,actions-trading,Sim9,023150,seen,,aeb01a9554e1
14923635,2026-10-01 15:31:21,actions-trading,Sim9,069640,seen,,378db1d9ad69
14923635,2026-10-01 15:31:21,actions-trading,Sim9,012030,seen,,cc563be1a65f
14923635,2026-10-01 15:31:21,actions-trading,Sim9,055490,seen,,10d357bfbd88
14923635,2026-10-01 15:31:21,actions-trading,Sim9,0126Z0,seen,,beeb0501d3df
14923635,2026-10-01 15:31:21,actions-trading,Sim9,480370,seen,,0c116d300a9d
14923635,2026-10-01 15:31:21,actions-trading,Sim9,014680,seen,,c6c8159d0e87
14923635,2026-10-01 15:31:21,actions-trading,Sim9,109070,seen,,202185bf09a8
14923635,2026-10-01 15:31:21,actions-trading,Sim9,004710,seen,,c23915d86998
14923635,2026-10-01 15:31:21,actions-trading,Sim9,011690,seen,,d2877a850aec
14923635,2026-10-01 15:31:21,actions-trading,Sim9,195870,seen,,47ebd9291a18
14923635,2026-10-01 15:31:21,actions-trading,Sim9,093050,seen,,1fff6f4c0a23
14923635,2026-10-01 15:31:21,actions-trading,Sim9,112610,seen,,457f5797b410
14923635,2026-10-01 15:31:21,actions-trading,Sim9,35320K,seen,,bb2cdf1a5b08
14923635,2026-10-01 15:31:21,actions-trading,Sim9,004105,seen,,83ef108c5042
14923635,2026-10-01 15:31:21,actions-trading,Sim9,007660,seen,,db71d9e31701
14923635,2026-10-01 15:31:21,actions-trading,Sim9,008060,seen,,952837f94107
14923635,2026-10-01 15:31:21,actions-trading,Sim9,002360,seen,,800981cdbcfe
14923635,2026-10-01 15:31:21,actions-trading,Sim9,001820,seen,,195bfc493dcc
14923635,2026-10-01 15:31:21,actions-trading,Sim9,007810,seen,,03a2f6535731
14923635,2026-10-01 15:31:21,actions-trading,미너비니,192820,skip,below_pivot,730aba2b9b42
14923635,2026-10-01 15:31:21,actions-trading,미너비니,443060,skip,below_pivot,94d25f1e4a82
14923635,2026-10-01 15:31:21,actions-trading,미너비니,020120,skip,below_pivot,16d64ef0325e
14923635,2026-10-01 15:31:22,actions-trading,Sim12,084010,skip,avoid_frgn_sell_20d,7eaf367f0e59
14923635,2026-10-01 15:31:22,actions-trading,Sim12,248070,skip,avoid_frgn_sell_20d,9682f91924bc
14923635,2026-10-01 15:31:22,actions-trading,Sim12,192650,skip,pb2_not_crashed,6bece1a7b3fd
14923635,2026-10-01 15:31:22,actions-trading,Sim12,003160,skip,pb2_not_crashed,21e93478e932
14923635,2026-10-01 15:31:22,actions-trading,Sim12,001360,skip,pb2_not_crashed,1eddb46c9b80
14923635,2026-10-01 15:31:22,actions-trading,Sim12,353200,skip,avoid_orgn_sell_high_per,ddfcee17eb9e
14923635,2026-10-01 15:31:22,actions-trading,Sim12,003350,skip,pb2_not_crashed,f03b0d68e22e
14923635,2026-10-01 15:31:22,actions-trading,Sim12,005430,skip,pb2_not_crashed,20938381b7ec
14923635,2026-10-01 15:31:22,actions-trading,Sim12,036570,skip,pb2_not_crashed,1af5df51ebb5
14923635,2026-10-01 15:31:22,actions-trading,Sim12,009420,skip,pb2_no_inst_buying,379265ccddde
14923635,2026-10-01 15:31:22,actions-trading,Sim12,023150,skip,avoid_frgn_sell_20d,aeb01a9554e1
14923635,2026-10-01 15:31:22,actions-trading,Sim12,069640,skip,avoid_frgn_sell_20d,378db1d9ad69
14923635,2026-10-01 15:31:22,actions-trading,Sim12,012030,skip,avoid_frgn_sell_20d,cc563be1a65f
14923635,2026-10-01 15:31:22,actions-trading,Sim12,055490,skip,avoid_frgn_sell_20d,10d357bfbd88
14923635,2026-10-01 15:31:22,actions-trading,Sim12,0126Z0,skip,avoid_frgn_sell_20d,beeb0501d3df
14923635,2026-10-01 15:31:22,actions-trading,Sim12,480370,skip,pb2_not_crashed,0c116d300a9d
14923635,2026-10-01 15:31:22,actions-trading,Sim12,014680,skip,pb2_not_crashed,c6c8159d0e87
14923635,2026-10-01 15:31:22,actions-trading,Sim12,109070,skip,pb2_not_crashed,202185bf09a8
14923635,2026-10-01 15:31:22,actions-trading,Sim12,004710,skip,avoid_frgn_sell_20d,c23915d86998
14923635,2026-10-01 15:31:22,actions-trading,Sim12,011690,skip,pb2_not_crashed,d2877a850aec
14923635,2026-10-01 15:31:22,actions-trading,Sim12,195870,skip,pb2_not_crashed,47ebd9291a18
14923635,2026-10-01 15:31:22,actions-trading,Sim12,093050,skip,avoid_frgn_sell_20d,1fff6f4c0a23
14923635,2026-10-01 15:31:22,actions-trading,Sim12,112610,skip,avoid_frgn_sell_20d,457f5797b410
14923635,2026-10-01 15:31:22,actions-trading,Sim12,35320K,skip,pb2_not_crashed,bb2cdf1a5b08
14923635,2026-10-01 15:31:22,actions-trading,Sim12,004105,skip,pb2_not_crashed,83ef108c5042
14923635,2026-10-01 15:31:22,actions-trading,Sim12,007660,skip,pb2_not_crashed,db71d9e31701
14923635,2026-10-01 15:31:22,actions-trading,Sim12,008060,skip,avoid_orgn_sell_high_per,952837f94107
14923635,2026-10-01 15:31:22,actions-trading,Sim12,002360,skip,pb2_not_crashed,800981cdbcfe
14923635,2026-10-01 15:31:22,actions-trading,Sim12,001820,skip,pb2_not_crashed,195bfc493dcc
14923635,2026-10-01 15:31:22,actions-trading,Sim12,007810,skip,avoid_orgn_sell_high_per,03a2f6535731
14923635,2026-10-01 15:31:22,actions-trading,Sim12,009190,skip,pb2_no_inst_buying,4fceac9306af
14923635,2026-10-01 15:31:22,actions-trading,Sim12,051630,skip,pb2_not_crashed,ba44930f3f66
14923635,2026-10-01 15:31:22,actions-trading,Sim12,002820,skip,pb2_no_inst_buying,641d8d6539ba
14923635,2026-10-01 15:31:22,actions-trading,Sim12,452260,skip,pb2_not_crashed,8556efea77cc
14923635,2026-10-01 15:31:22,actions-trading,Sim12,005030,skip,avoid_amount_dry,08ed79ad2979
14923635,2026-10-01 15:31:22,actions-trading,Sim12,002787,skip,avoid_amount_dry,a295a89dd91f
14923635,2026-10-01 15:31:22,actions-trading,Sim12,010950,skip,pb2_not_crashed,6d492a7cf7da
14923635,2026-10-01 15:31:22,actions-trading,Sim12,010955,skip,pb2_not_crashed,a2b96b713811
14923635,2026-10-01 15:31:22,actions-trading,Sim12,071090,skip,pb2_not_crashed,8e7050ff2982
14923635,2026-10-01 15:31:22,actions-trading,Sim12,007110,skip,avoid_amount_dry,5793a833536b
14923635,2026-10-01 15:31:22,actions-trading,Sim12,361610,skip,pb2_not_crashed,ed29c658f48d
14923635,2026-10-01 15:31:22,actions-trading,Sim12,001770,skip,pb2_thin_liquidity,7335a6aa8cd1
14923635,2026-10-01 15:31:22,actions-trading,Sim12,096770,skip,pb2_not_crashed,8058960317f3
14923635,2026-10-01 15:31:22,actions-trading,Sim12,011090,skip,avoid_amount_dry,9cad8ae20256
14923635,2026-10-01 15:31:22,actions-trading,Sim12,002070,skip,avoid_amount_dry,7bc68f6689b8
14923635,2026-10-01 15:31:22,actions-trading,Sim12,002690,skip,avoid_frgn_sell_20d,bcdb3f75848e
14923635,2026-10-01 15:31:22,actions-trading,Sim12,487570,skip,pb2_not_crashed,8975d9c83578
14923635,2026-10-01 15:31:22,actions-trading,Sim12,003030,skip,pb2_not_crashed,555025eea692
14923635,2026-10-01 15:31:22,actions-trading,Sim12,006200,skip,pb2_no_inst_buying,9707bbb4ebcd
14923635,2026-10-01 15:31:22,actions-trading,Sim12,003780,skip,avoid_frgn_sell_20d,db477dbb99a8
14923635,2026-10-01 15:31:22,actions-trading,Sim12,003580,skip,pb2_not_crashed,f77aba28adf9
14923635,2026-10-01 15:31:22,actions-trading,Sim12,044450,skip,pb2_not_crashed,f65bdb3d7614
14923635,2026-10-01 15:31:22,actions-trading,Sim12,003075,skip,pb2_not_crashed,92bb1c05d957
14923635,2026-10-01 15:31:22,actions-trading,Sim12,316140,skip,pb2_not_crashed,2e1278888c15
14923635,2026-10-01 15:31:22,actions-trading,Sim12,078930,skip,pb2_thin_liquidity,f6f505cddefb
14923635,2026-10-01 15:31:22,actions-trading,Sim12,009810,skip,pb2_not_crashed,3502294e875d
14923635,2026-10-01 15:31:22,actions-trading,Sim12,005010,skip,pb2_not_crashed,2891b78fa1c8
14923635,2026-10-01 15:31:22,actions-trading,Sim12,024890,skip,avoid_frgn_sell_20d,c75e79ad598d
14923635,2026-10-01 15:31:22,actions-trading,Sim12,017940,skip,pb2_not_crashed,e69bf003063c
14923635,2026-10-01 15:31:22,actions-trading,Sim12,010640,skip,avoid_frgn_sell_20d,acce89d725fb
14923635,2026-10-01 15:31:22,actions-trading,Sim13,084010,skip,theme_momentum_weak,7eaf367f0e59
14923635,2026-10-01 15:31:22,actions-trading,Sim13,248070,skip,theme_momentum_weak,9682f91924bc
14923635,2026-10-01 15:31:22,actions-trading,Sim13,192650,skip,no_frgn_support,6bece1a7b3fd
14923635,2026-10-01 15:31:22,actions-trading,Sim13,003160,skip,no_frgn_support,21e93478e932
14923635,2026-10-01 15:31:22,actions-trading,Sim13,001360,skip,theme_momentum_weak,1eddb46c9b80
14923635,2026-10-01 15:31:22,actions-trading,Sim13,353200,skip,adx_weak,ddfcee17eb9e
14923635,2026-10-01 15:31:22,actions-trading,Sim13,003350,skip,theme_momentum_weak,f03b0d68e22e
14923635,2026-10-01 15:31:22,actions-trading,Sim13,005430,skip,theme_momentum_weak,20938381b7ec
14923635,2026-10-01 15:31:22,actions-trading,Sim13,036570,skip,theme_momentum_weak,1af5df51ebb5
14923635,2026-10-01 15:31:22,actions-trading,Sim13,009420,skip,theme_momentum_weak,379265ccddde
14923635,2026-10-01 15:31:22,actions-trading,Sim13,023150,skip,theme_momentum_weak,aeb01a9554e1
14923635,2026-10-01 15:31:22,actions-trading,Sim13,069640,skip,theme_momentum_weak,378db1d9ad69
14923635,2026-10-01 15:31:22,actions-trading,Sim13,012030,skip,adx_weak,cc563be1a65f
14923635,2026-10-01 15:31:22,actions-trading,Sim13,055490,skip,theme_momentum_weak,10d357bfbd88
14923635,2026-10-01 15:31:22,actions-trading,Sim13,0126Z0,skip,theme_momentum_weak,beeb0501d3df
14923635,2026-10-01 15:31:22,actions-trading,Sim13,480370,skip,adx_weak,0c116d300a9d
14923635,2026-10-01 15:31:22,actions-trading,Sim13,014680,skip,no_frgn_support,c6c8159d0e87
14923635,2026-10-01 15:31:22,actions-trading,Sim13,109070,skip,amount_not_surprised,202185bf09a8
14923635,2026-10-01 15:31:22,actions-trading,Sim13,004710,skip,no_frgn_support,c23915d86998
14923635,2026-10-01 15:31:22,actions-trading,Sim13,011690,skip,theme_momentum_weak,d2877a850aec
14923635,2026-10-01 15:31:22,actions-trading,Sim13,195870,skip,adx_weak,47ebd9291a18
14923635,2026-10-01 15:31:22,actions-trading,Sim13,093050,skip,theme_momentum_weak,1fff6f4c0a23
14923635,2026-10-01 15:31:22,actions-trading,Sim13,112610,skip,theme_momentum_weak,457f5797b410
14923635,2026-10-01 15:31:22,actions-trading,Sim13,35320K,skip,theme_momentum_weak,bb2cdf1a5b08
14923635,2026-10-01 15:31:22,actions-trading,Sim13,004105,skip,no_frgn_support,83ef108c5042
14923635,2026-10-01 15:31:22,actions-trading,Sim13,007660,skip,theme_momentum_weak,db71d9e31701
14923635,2026-10-01 15:31:22,actions-trading,Sim13,008060,skip,theme_momentum_weak,952837f94107
14923635,2026-10-01 15:31:22,actions-trading,Sim13,002360,skip,amount_not_surprised,800981cdbcfe
14923635,2026-10-01 15:31:22,actions-trading,Sim13,001820,skip,adx_weak,195bfc493dcc
14923635,2026-10-01 15:31:22,actions-trading,Sim13,007810,skip,adx_weak,03a2f6535731
14923636,2026-10-01 15:33:22,actions-trading,MFHS2,005935,skip,max_holdings,1d92adab7b5a
14923636,2026-10-01 15:33:22,actions-trading,MFHS2,003280,seen,,bbe2aeeef585
14923636,2026-10-01 15:33:22,actions-trading,MFHS2,003160,seen,,21e93478e932
14923636,2026-10-01 15:33:22,actions-trading,MFHS2,248070,seen,,9682f91924bc
14923636,2026-10-01 15:33:22,actions-trading,MFHS2,001360,seen,,1eddb46c9b80
14923636,2026-10-01 15:33:22,actions-trading,MFHS2,001820,seen,,bb51b6f90ddf
14923636,2026-10-01 15:33:22,actions-trading,MFHS2,034220,seen,,2e1d67242d0e
14923636,2026-10-01 15:33:22,actions-trading,MFHS2,007660,seen,,db71d9e31701
14923636,2026-10-01 15:33:22,actions-trading,MFHS2,002990,seen,,0175bd8078fa
14923636,2026-10-01 15:33:22,actions-trading,MFHS2,001740,seen,,2a7d2d6e3a99
14923636,2026-10-01 15:33:22,actions-trading,MFHS2,073240,seen,,93a32f6a2876
14923636,2026-10-01 15:33:22,actions-trading,MFHS2,068270,seen,,51937fd75b18
14923636,2026-10-01 15:33:22,actions-trading,MFHS2,005360,seen,,1abdceb69ccd
14923636,2026-10-01 15:33:22,actions-trading,MFHS2,003350,seen,,f03b0d68e22e
14923636,2026-10-01 15:33:22,actions-trading,MFHS2,090460,seen,,051cb8b41898
14923636,2026-10-01 15:33:22,actions-trading,MFHS2,006800,seen,,af6abb227e34
14923636,2026-10-01 15:33:22,actions-trading,MFHS2,005880,seen,,4a29f4235dd6
14923636,2026-10-01 15:33:22,actions-trading,MFHS2,001510,seen,,3a6cb5873ed1
14923636,2026-10-01 15:33:22,actions-trading,MFHS2,001210,seen,,6588581c259d
14923636,2026-10-01 15:33:22,actions-trading,MFHS2,001200,seen,,e1e0b642f659
14923636,2026-10-01 15:33:22,actions-trading,MFHS2,064400,seen,,1ea66d5bc608
14923636,2026-10-01 15:33:22,actions-trading,MFHS2,005690,seen,,b61108e2a4d4
14923636,2026-10-01 15:33:22,actions-trading,MFHS2,272210,seen,,f05b48a69a73
14923636,2026-10-01 15:33:22,actions-trading,MFHS2,019170,seen,,cb180ef18c8e
14923636,2026-10-01 15:33:22,actions-trading,MFHS2,002700,seen,,7bcfef7845b5
14923636,2026-10-01 15:33:22,actions-trading,MFHS2,003520,seen,,2a7816258f35
14923636,2026-10-01 15:33:22,actions-trading,MFHS2,000400,seen,,db78da71a272
14923636,2026-10-01 15:33:22,actions-trading,MFHS2,137310,seen,,966d67ba1aa6
14923636,2026-10-01 15:33:22,actions-trading,MFHS2,032350,seen,,fa53294648ed
14923636,2026-10-01 15:33:22,actions-trading,MFHS2,249420,seen,,3b2e0e0a8397
14923636,2026-10-01 15:33:23,actions-trading,상승모멘텀,084010,skip,max_holdings,610fa0d5eb07
14923636,2026-10-01 15:33:23,actions-trading,상승모멘텀,248070,seen,,9682f91924bc
14923636,2026-10-01 15:33:23,actions-trading,상승모멘텀,192650,seen,,6bece1a7b3fd
14923636,2026-10-01 15:33:23,actions-trading,상승모멘텀,003160,seen,,21e93478e932
14923636,2026-10-01 15:33:23,actions-trading,상승모멘텀,001360,seen,,1eddb46c9b80
14923636,2026-10-01 15:33:23,actions-trading,상승모멘텀,353200,seen,,77392463b881
14923636,2026-10-01 15:33:23,actions-trading,상승모멘텀,003350,seen,,f03b0d68e22e
14923636,2026-10-01 15:33:23,actions-trading,상승모멘텀,005430,seen,,20938381b7ec
14923636,2026-10-01 15:33:23,actions-trading,상승모멘텀,036570,seen,,1af5df51ebb5
14923636,2026-10-01 15:33:23,actions-trading,상승모멘텀,009420,seen,,7746de020e7e
14923636,2026-10-01 15:33:23,actions-trading,상승모멘텀,023150,seen,,aeb01a9554e1
14923636,2026-10-01 15:33:23,actions-trading,상승모멘텀,069640,seen,,378db1d9ad69
14923636,2026-10-01 15:33:23,actions-trading,상승모멘텀,012030,seen,,cc563be1a65f
14923636,2026-10-01 15:33:23,actions-trading,상승모멘텀,055490,seen,,10d357bfbd88
14923636,2026-10-01 15:33:23,actions-trading,상승모멘텀,0126Z0,seen,,beeb0501d3df
14923636,2026-10-01 15:33:23,actions-trading,상승모멘텀,480370,seen,,d6a173b86308
14923636,2026-10-01 15:33:23,actions-trading,상승모멘텀,014680,seen,,7bfca0e23d89
14923636,2026-10-01 15:33:23,actions-trading,상승모멘텀,109070,seen,,202185bf09a8
14923636,2026-10-01 15:33:23,actions-trading,상승모멘텀,004710,seen,,c23915d86998
14923636,2026-10-01 15:33:23,actions-trading,상승모멘텀,011690,seen,,d2877a850aec
14923636,2026-10-01 15:33:23,actions-trading,상승모멘텀,195870,seen,,47ebd9291a18
14923636,2026-10-01 15:33:23,actions-trading,상승모멘텀,093050,seen,,1fff6f4c0a23
14923636,2026-10-01 15:33:23,actions-trading,상승모멘텀,112610,seen,,457f5797b410
14923636,2026-10-01 15:33:23,actions-trading,상승모멘텀,35320K,seen,,bb2cdf1a5b08
14923636,2026-10-01 15:33:23,actions-trading,상승모멘텀,004105,seen,,83ef108c5042
14923636,2026-10-01 15:33:23,actions-trading,상승모멘텀,007660,seen,,db71d9e31701
14923636,2026-10-01 15:33:23,actions-trading,상승모멘텀,008060,seen,,952837f94107
14923636,2026-10-01 15:33:23,actions-trading,상승모멘텀,002360,seen,,800981cdbcfe
14923636,2026-10-01 15:33:23,actions-trading,상승모멘텀,001820,seen,,bb51b6f90ddf
14923636,2026-10-01 15:33:23,actions-trading,상승모멘텀,007810,seen,,03a2f6535731
14923636,2026-10-01 15:33:23,actions-trading,Sim4-1,084010,skip,period,610fa0d5eb07
14923636,2026-10-01 15:33:23,actions-trading,Sim4-1,248070,skip,period,9682f91924bc
14923636,2026-10-01 15:33:23,actions-trading,Sim4-1,192650,skip,period,6bece1a7b3fd
14923636,2026-10-01 15:33:23,actions-trading,Sim4-1,003160,skip,held_or_cooldown,21e93478e932
14923636,2026-10-01 15:33:23,actions-trading,Sim4-1,001360,skip,adx_low,1eddb46c9b80
14923636,2026-10-01 15:33:23,actions-trading,Sim4-1,353200,skip,adx_high,77392463b881
14923636,2026-10-01 15:33:23,actions-trading,Sim4-1,003350,skip,adx_low,f03b0d68e22e
14923636,2026-10-01 15:33:23,actions-trading,Sim4-1,005430,skip,amount,20938381b7ec
14923636,2026-10-01 15:33:23,actions-trading,Sim4-1,036570,skip,period,1af5df51ebb5
14923636,2026-10-01 15:33:23,actions-trading,Sim4-1,009420,skip,period,7746de020e7e
14923636,2026-10-01 15:33:23,actions-trading,Sim4-1,023150,skip,amount,aeb01a9554e1
14923636,2026-10-01 15:33:23,actions-trading,Sim4-1,069640,skip,amount,378db1d9ad69
14923636,2026-10-01 15:33:23,actions-trading,Sim4-1,012030,skip,adx_high,cc563be1a65f
14923636,2026-10-01 15:33:23,actions-trading,Sim4-1,055490,skip,amount,10d357bfbd88
14923636,2026-10-01 15:33:23,actions-trading,Sim4-1,0126Z0,skip,adx_high,beeb0501d3df
14923636,2026-10-01 15:33:23,actions-trading,Sim4-1,480370,skip,amount,d6a173b86308
14923636,2026-10-01 15:33:23,actions-trading,Sim4-1,014680,skip,adx_high,7bfca0e23d89
14923636,2026-10-01 15:33:23,actions-trading,Sim4-1,109070,skip,amount,202185bf09a8
14923636,2026-10-01 15:33:23,actions-trading,Sim4-1,004710,skip,adx_high,c23915d86998
14923636,2026-10-01 15:33:23,actions-trading,Sim4-1,011690,skip,period,d2877a850aec
14923636,2026-10-01 15:33:23,actions-trading,Sim4-1,195870,skip,held_or_cooldown,47ebd9291a18
14923636,2026-10-01 15:33:23,actions-trading,Sim4-1,093050,skip,amount,1fff6f4c0a23
14923636,2026-10-01 15:33:23,actions-trading,Sim4-1,112610,skip,period,457f5797b410
14923636,2026-10-01 15:33:23,actions-trading,Sim4-1,35320K,skip,amount,bb2cdf1a5b08
14923636,2026-10-01 15:33:23,actions-trading,Sim4-1,004105,skip,amount,83ef108c5042
14923636,2026-10-01 15:33:23,actions-trading,Sim4-1,007660,skip,held_or_cooldown,db71d9e31701
14923636,2026-10-01 15:33:23,actions-trading,Sim4-1,008060,skip,amount,952837f94107
14923636,2026-10-01 15:33:23,actions-trading,Sim4-1,002360,skip,amount,800981cdbcfe
14923636,2026-10-01 15:33:23,actions-trading,Sim4-1,001820,skip,adx_low,bb51b6f90ddf
14923636,2026-10-01 15:33:23,actions-trading,Sim4-1,007810,skip,adx_high,03a2f6535731
14923636,2026-10-01 15:33:25,actions-trading,선행매집,005930,skip,no_52w_anchor,6c5b3e1b1980
14923636,2026-10-01 15:33:25,actions-trading,선행매집,005935,skip,below_anchor,1d92adab7b5a
14923636,2026-10-01 15:33:25,actions-trading,선행매집,000660,skip,below_anchor,20026eb9d778
14923636,2026-10-01 15:33:25,actions-trading,선행매집,192650,skip,no_setup,6bece1a7b3fd
14923636,2026-10-01 15:33:25,actions-trading,선행매집,028670,skip,held_awaiting_breakout,5a692f426eb1
14923636,2026-10-01 15:33:25,actions-trading,선행매집,248070,skip,below_anchor,9682f91924bc
14923636,2026-10-01 15:33:25,actions-trading,선행매집,003280,skip,below_anchor,bbe2aeeef585
14923636,2026-10-01 15:33:25,actions-trading,선행매집,073240,skip,below_anchor,93a32f6a2876
14923636,2026-10-01 15:33:25,actions-trading,선행매집,034220,skip,below_anchor,2e1d67242d0e
14923636,2026-10-01 15:33:25,actions-trading,선행매집,011200,skip,below_anchor,64baf242aee3
14923636,2026-10-01 15:33:25,actions-trading,선행매집,007660,skip,below_anchor,db71d9e31701
14923636,2026-10-01 15:33:25,actions-trading,선행매집,001820,skip,below_anchor,bb51b6f90ddf
14923636,2026-10-01 15:33:25,actions-trading,선행매집,001360,skip,below_anchor,1eddb46c9b80
14923636,2026-10-01 15:33:25,actions-trading,선행매집,093370,skip,below_anchor,7facd681f7a4
14923636,2026-10-01 15:33:25,actions-trading,선행매집,002990,skip,below_anchor,0175bd8078fa
14923636,2026-10-01 15:33:25,actions-trading,선행매집,005880,skip,below_anchor,4a29f4235dd6
14923636,2026-10-01 15:33:25,actions-trading,선행매집,003160,skip,no_setup,21e93478e932
14923636,2026-10-01 15:33:25,actions-trading,선행매집,068270,skip,below_anchor,51937fd75b18
14923636,2026-10-01 15:33:25,actions-trading,선행매집,272210,skip,below_anchor,f05b48a69a73
14923636,2026-10-01 15:33:25,actions-trading,선행매집,006800,skip,below_anchor,af6abb227e34
14923636,2026-10-01 15:33:25,actions-trading,선행매집,005360,skip,amount,1abdceb69ccd
14923636,2026-10-01 15:33:25,actions-trading,선행매집,003350,skip,below_anchor,f03b0d68e22e
14923636,2026-10-01 15:33:25,actions-trading,선행매집,001740,skip,below_anchor,2a7d2d6e3a99
14923636,2026-10-01 15:33:25,actions-trading,선행매집,001210,skip,below_anchor,6588581c259d
14923636,2026-10-01 15:33:25,actions-trading,선행매집,001510,skip,below_anchor,3a6cb5873ed1
14923636,2026-10-01 15:33:25,actions-trading,선행매집,017670,skip,below_anchor,597a5d4457b3
14923636,2026-10-01 15:33:25,actions-trading,선행매집,002700,skip,amount,7bcfef7845b5
14923636,2026-10-01 15:33:25,actions-trading,선행매집,064400,skip,below_anchor,1ea66d5bc608
14923636,2026-10-01 15:33:25,actions-trading,선행매집,001200,skip,below_anchor,e1e0b642f659
14923636,2026-10-01 15:33:25,actions-trading,선행매집,019170,skip,below_anchor,cb180ef18c8e
14923636,2026-10-01 15:33:25,actions-trading,Sim9,_gate,skip,outside_entry_window,e3b0c44298fc
14923636,2026-10-01 15:33:25,actions-trading,Sim9,084010,seen,,610fa0d5eb07
14923636,2026-10-01 15:33:25,actions-trading,Sim9,248070,seen,,9682f91924bc
14923636,2026-10-01 15:33:25,actions-trading,Sim9,192650,seen,,6bece1a7b3fd
14923636,2026-10-01 15:33:25,actions-trading,Sim9,003160,seen,,21e93478e932
14923636,2026-10-01 15:33:25,actions-trading,Sim9,001360,seen,,1eddb46c9b80
14923636,2026-10-01 15:33:25,actions-trading,Sim9,353200,seen,,77392463b881
14923636,2026-10-01 15:33:25,actions-trading,Sim9,003350,seen,,f03b0d68e22e
14923636,2026-10-01 15:33:25,actions-trading,Sim9,005430,seen,,20938381b7ec
14923636,2026-10-01 15:33:25,actions-trading,Sim9,036570,seen,,1af5df51ebb5
14923636,2026-10-01 15:33:25,actions-trading,Sim9,009420,seen,,7746de020e7e
14923636,2026-10-01 15:33:25,actions-trading,Sim9,023150,seen,,aeb01a9554e1
14923636,2026-10-01 15:33:25,actions-trading,Sim9,069640,seen,,378db1d9ad69
14923636,2026-10-01 15:33:25,actions-trading,Sim9,012030,seen,,cc563be1a65f
14923636,2026-10-01 15:33:25,actions-trading,Sim9,055490,seen,,10d357bfbd88
14923636,2026-10-01 15:33:25,actions-trading,Sim9,0126Z0,seen,,beeb0501d3df
14923636,2026-10-01 15:33:25,actions-trading,Sim9,480370,seen,,d6a173b86308
14923636,2026-10-01 15:33:25,actions-trading,Sim9,014680,seen,,7bfca0e23d89
14923636,2026-10-01 15:33:25,actions-trading,Sim9,109070,seen,,202185bf09a8
14923636,2026-10-01 15:33:25,actions-trading,Sim9,004710,seen,,c23915d86998
14923636,2026-10-01 15:33:25,actions-trading,Sim9,011690,seen,,d2877a850aec
14923636,2026-10-01 15:33:25,actions-trading,Sim9,195870,seen,,47ebd9291a18
14923636,2026-10-01 15:33:25,actions-trading,Sim9,093050,seen,,1fff6f4c0a23
14923636,2026-10-01 15:33:25,actions-trading,Sim9,112610,seen,,457f5797b410
14923636,2026-10-01 15:33:25,actions-trading,Sim9,35320K,seen,,bb2cdf1a5b08
14923636,2026-10-01 15:33:25,actions-trading,Sim9,004105,seen,,83ef108c5042
14923636,2026-10-01 15:33:25,actions-trading,Sim9,007660,seen,,db71d9e31701
14923636,2026-10-01 15:33:25,actions-trading,Sim9,008060,seen,,952837f94107
14923636,2026-10-01 15:33:25,actions-trading,Sim9,002360,seen,,800981cdbcfe
14923636,2026-10-01 15:33:25,actions-trading,Sim9,001820,seen,,bb51b6f90ddf
14923636,2026-10-01 15:33:25,actions-trading,Sim9,007810,seen,,03a2f6535731
14923636,2026-10-01 15:33:25,actions-trading,미너비니,192820,skip,below_pivot,730aba2b9b42
14923636,2026-10-01 15:33:25,actions-trading,미너비니,443060,skip,below_pivot,94d25f1e4a82
14923636,2026-10-01 15:33:25,actions-trading,미너비니,020120,skip,below_pivot,16d64ef0325e
14923636,2026-10-01 15:33:26,actions-trading,Sim12,084010,skip,avoid_frgn_sell_20d,610fa0d5eb07
14923636,2026-10-01 15:33:26,actions-trading,Sim12,248070,skip,avoid_frgn_sell_20d,9682f91924bc
14923636,2026-10-01 15:33:26,actions-trading,Sim12,192650,skip,pb2_not_crashed,6bece1a7b3fd
14923636,2026-10-01 15:33:26,actions-trading,Sim12,003160,skip,pb2_not_crashed,21e93478e932
14923636,2026-10-01 15:33:26,actions-trading,Sim12,001360,skip,pb2_not_crashed,1eddb46c9b80
14923636,2026-10-01 15:33:26,actions-trading,Sim12,353200,skip,avoid_orgn_sell_high_per,77392463b881
14923636,2026-10-01 15:33:26,actions-trading,Sim12,003350,skip,pb2_not_crashed,f03b0d68e22e
14923636,2026-10-01 15:33:26,actions-trading,Sim12,005430,skip,pb2_not_crashed,20938381b7ec
14923636,2026-10-01 15:33:26,actions-trading,Sim12,036570,skip,pb2_not_crashed,1af5df51ebb5
14923636,2026-10-01 15:33:26,actions-trading,Sim12,009420,skip,pb2_no_inst_buying,7746de020e7e
14923636,2026-10-01 15:33:26,actions-trading,Sim12,023150,skip,avoid_frgn_sell_20d,aeb01a9554e1
14923636,2026-10-01 15:33:26,actions-trading,Sim12,069640,skip,avoid_frgn_sell_20d,378db1d9ad69
14923636,2026-10-01 15:33:26,actions-trading,Sim12,012030,skip,avoid_frgn_sell_20d,cc563be1a65f
14923636,2026-10-01 15:33:26,actions-trading,Sim12,055490,skip,avoid_frgn_sell_20d,10d357bfbd88
14923636,2026-10-01 15:33:26,actions-trading,Sim12,0126Z0,skip,avoid_frgn_sell_20d,beeb0501d3df
14923636,2026-10-01 15:33:26,actions-trading,Sim12,480370,skip,pb2_not_crashed,d6a173b86308
14923636,2026-10-01 15:33:26,actions-trading,Sim12,014680,skip,pb2_not_crashed,7bfca0e23d89
14923636,2026-10-01 15:33:26,actions-trading,Sim12,109070,skip,pb2_not_crashed,202185bf09a8
14923636,2026-10-01 15:33:26,actions-trading,Sim12,004710,skip,avoid_frgn_sell_20d,c23915d86998
14923636,2026-10-01 15:33:26,actions-trading,Sim12,011690,skip,pb2_not_crashed,d2877a850aec
14923636,2026-10-01 15:33:26,actions-trading,Sim12,195870,skip,pb2_not_crashed,47ebd9291a18
14923636,2026-10-01 15:33:26,actions-trading,Sim12,093050,skip,avoid_frgn_sell_20d,1fff6f4c0a23
14923636,2026-10-01 15:33:26,actions-trading,Sim12,112610,skip,avoid_frgn_sell_20d,457f5797b410
14923636,2026-10-01 15:33:26,actions-trading,Sim12,35320K,skip,pb2_not_crashed,bb2cdf1a5b08
14923636,2026-10-01 15:33:26,actions-trading,Sim12,004105,skip,pb2_not_crashed,83ef108c5042
14923636,2026-10-01 15:33:26,actions-trading,Sim12,007660,skip,pb2_not_crashed,db71d9e31701
14923636,2026-10-01 15:33:26,actions-trading,Sim12,008060,skip,avoid_orgn_sell_high_per,952837f94107
14923636,2026-10-01 15:33:26,actions-trading,Sim12,002360,skip,pb2_not_crashed,800981cdbcfe
14923636,2026-10-01 15:33:26,actions-trading,Sim12,001820,skip,pb2_not_crashed,bb51b6f90ddf
14923636,2026-10-01 15:33:26,actions-trading,Sim12,007810,skip,avoid_orgn_sell_high_per,03a2f6535731
14923636,2026-10-01 15:33:26,actions-trading,Sim12,009190,skip,pb2_no_inst_buying,4fceac9306af
14923636,2026-10-01 15:33:26,actions-trading,Sim12,051630,skip,pb2_not_crashed,ba44930f3f66
14923636,2026-10-01 15:33:26,actions-trading,Sim12,002820,skip,pb2_no_inst_buying,641d8d6539ba
14923636,2026-10-01 15:33:26,actions-trading,Sim12,452260,skip,pb2_not_crashed,8556efea77cc
14923636,2026-10-01 15:33:26,actions-trading,Sim12,005030,skip,avoid_amount_dry,08ed79ad2979
14923636,2026-10-01 15:33:26,actions-trading,Sim12,002787,skip,avoid_amount_dry,a295a89dd91f
14923636,2026-10-01 15:33:26,actions-trading,Sim12,010950,skip,pb2_not_crashed,6d492a7cf7da
14923636,2026-10-01 15:33:26,actions-trading,Sim12,010955,skip,pb2_not_crashed,a2b96b713811
14923636,2026-10-01 15:33:26,actions-trading,Sim12,071090,skip,pb2_not_crashed,8e7050ff2982
14923636,2026-10-01 15:33:26,actions-trading,Sim12,007110,skip,avoid_amount_dry,5793a833536b
14923636,2026-10-01 15:33:26,actions-trading,Sim12,361610,skip,pb2_not_crashed,ed29c658f48d
14923636,2026-10-01 15:33:26,actions-trading,Sim12,001770,skip,pb2_thin_liquidity,7335a6aa8cd1
14923636,2026-10-01 15:33:26,actions-trading,Sim12,096770,skip,pb2_not_crashed,8058960317f3
14923636,2026-10-01 15:33:26,actions-trading,Sim12,011090,skip,avoid_amount_dry,9cad8ae20256
14923636,2026-10-01 15:33:26,actions-trading,Sim12,002070,skip,avoid_amount_dry,7bc68f6689b8
14923636,2026-10-01 15:33:26,actions-trading,Sim12,002690,skip,avoid_frgn_sell_20d,bcdb3f75848e
14923636,2026-10-01 15:33:26,actions-trading,Sim12,487570,skip,pb2_not_crashed,8975d9c83578
14923636,2026-10-01 15:33:26,actions-trading,Sim12,003030,skip,pb2_not_crashed,555025eea692
14923636,2026-10-01 15:33:26,actions-trading,Sim12,006200,skip,pb2_no_inst_buying,9707bbb4ebcd
14923636,2026-10-01 15:33:26,actions-trading,Sim12,003780,skip,avoid_frgn_sell_20d,db477dbb99a8
14923636,2026-10-01 15:33:26,actions-trading,Sim12,003580,skip,pb2_not_crashed,f77aba28adf9
14923636,2026-10-01 15:33:26,actions-trading,Sim12,044450,skip,pb2_not_crashed,f65bdb3d7614
14923636,2026-10-01 15:33:26,actions-trading,Sim12,003075,skip,pb2_not_crashed,92bb1c05d957
14923636,2026-10-01 15:33:26,actions-trading,Sim12,316140,skip,pb2_not_crashed,6edab71c6abd
14923636,2026-10-01 15:33:26,actions-trading,Sim12,078930,skip,pb2_thin_liquidity,f6f505cddefb
14923636,2026-10-01 15:33:26,actions-trading,Sim12,009810,skip,pb2_not_crashed,3502294e875d
14923636,2026-10-01 15:33:26,actions-trading,Sim12,005010,skip,pb2_not_crashed,2891b78fa1c8
14923636,2026-10-01 15:33:26,actions-trading,Sim12,024890,skip,avoid_frgn_sell_20d,c75e79ad598d
14923636,2026-10-01 15:33:26,actions-trading,Sim12,017940,skip,pb2_not_crashed,e69bf003063c
14923636,2026-10-01 15:33:26,actions-trading,Sim12,010640,skip,avoid_frgn_sell_20d,acce89d725fb
14923636,2026-10-01 15:33:26,actions-trading,Sim13,084010,skip,theme_momentum_weak,610fa0d5eb07
14923636,2026-10-01 15:33:26,actions-trading,Sim13,248070,skip,theme_momentum_weak,9682f91924bc
14923636,2026-10-01 15:33:26,actions-trading,Sim13,192650,skip,no_frgn_support,6bece1a7b3fd
14923636,2026-10-01 15:33:26,actions-trading,Sim13,003160,skip,no_frgn_support,21e93478e932
14923636,2026-10-01 15:33:26,actions-trading,Sim13,001360,skip,theme_momentum_weak,1eddb46c9b80
14923636,2026-10-01 15:33:26,actions-trading,Sim13,353200,skip,adx_weak,77392463b881
14923636,2026-10-01 15:33:26,actions-trading,Sim13,003350,skip,theme_momentum_weak,f03b0d68e22e
14923636,2026-10-01 15:33:26,actions-trading,Sim13,005430,skip,theme_momentum_weak,20938381b7ec
14923636,2026-10-01 15:33:26,actions-trading,Sim13,036570,skip,theme_momentum_weak,1af5df51ebb5
14923636,2026-10-01 15:33:26,actions-trading,Sim13,009420,skip,theme_momentum_weak,7746de020e7e
14923636,2026-10-01 15:33:26,actions-trading,Sim13,023150,skip,theme_momentum_weak,aeb01a9554e1
14923636,2026-10-01 15:33:26,actions-trading,Sim13,069640,skip,theme_momentum_weak,378db1d9ad69
14923636,2026-10-01 15:33:26,actions-trading,Sim13,012030,skip,adx_weak,cc563be1a65f
14923636,2026-10-01 15:33:26,actions-trading,Sim13,055490,skip,theme_momentum_weak,10d357bfbd88
14923636,2026-10-01 15:33:26,actions-trading,Sim13,0126Z0,skip,theme_momentum_weak,beeb0501d3df
14923636,2026-10-01 15:33:26,actions-trading,Sim13,480370,skip,adx_weak,d6a173b86308
14923636,2026-10-01 15:33:26,actions-trading,Sim13,014680,skip,no_frgn_support,7bfca0e23d89
14923636,2026-10-01 15:33:26,actions-trading,Sim13,109070,skip,amount_not_surprised,202185bf09a8
14923636,2026-10-01 15:33:26,actions-trading,Sim13,004710,skip,no_frgn_support,c23915d86998
14923636,2026-10-01 15:33:26,actions-trading,Sim13,011690,skip,theme_momentum_weak,d2877a850aec
14923636,2026-10-01 15:33:26,actions-trading,Sim13,195870,skip,adx_weak,47ebd9291a18
14923636,2026-10-01 15:33:26,actions-trading,Sim13,093050,skip,theme_momentum_weak,1fff6f4c0a23
14923636,2026-10-01 15:33:26,actions-trading,Sim13,112610,skip,theme_momentum_weak,457f5797b410
14923636,2026-10-01 15:33:26,actions-trading,Sim13,35320K,skip,theme_momentum_weak,bb2cdf1a5b08
14923636,2026-10-01 15:33:26,actions-trading,Sim13,004105,skip,no_frgn_support,83ef108c5042
14923636,2026-10-01 15:33:26,actions-trading,Sim13,007660,skip,theme_momentum_weak,db71d9e31701
14923636,2026-10-01 15:33:26,actions-trading,Sim13,008060,skip,theme_momentum_weak,952837f94107
14923636,2026-10-01 15:33:26,actions-trading,Sim13,002360,skip,amount_not_surprised,800981cdbcfe
14923636,2026-10-01 15:33:26,actions-trading,Sim13,001820,skip,adx_weak,bb51b6f90ddf
14923636,2026-10-01 15:33:26,actions-trading,Sim13,007810,skip,adx_weak,03a2f6535731
14923637,2026-10-01 15:35:26,actions-trading,MFHS2,005935,skip,max_holdings,2399c2da21ca
14923637,2026-10-01 15:35:26,actions-trading,MFHS2,003280,seen,,bbe2aeeef585
14923637,2026-10-01 15:35:26,actions-trading,MFHS2,003160,seen,,e79899e1b019
14923637,2026-10-01 15:35:26,actions-trading,MFHS2,248070,seen,,9682f91924bc
14923637,2026-10-01 15:35:26,actions-trading,MFHS2,001360,seen,,1eddb46c9b80
14923637,2026-10-01 15:35:26,actions-trading,MFHS2,001820,seen,,61ac6950cbac
14923637,2026-10-01 15:35:26,actions-trading,MFHS2,034220,seen,,d1a601082f00
14923637,2026-10-01 15:35:26,actions-trading,MFHS2,007660,seen,,3beb26d37080
14923637,2026-10-01 15:35:26,actions-trading,MFHS2,002990,seen,,0175bd8078fa
14923637,2026-10-01 15:35:26,actions-trading,MFHS2,001740,seen,,2a7d2d6e3a99
14923637,2026-10-01 15:35:26,actions-trading,MFHS2,073240,seen,,93a32f6a2876
14923637,2026-10-01 15:35:26,actions-trading,MFHS2,068270,seen,,51937fd75b18
14923637,2026-10-01 15:35:26,actions-trading,MFHS2,005360,seen,,8e3c5feec02b
14923637,2026-10-01 15:35:26,actions-trading,MFHS2,003350,seen,,f03b0d68e22e
14923637,2026-10-01 15:35:26,actions-trading,MFHS2,090460,seen,,051cb8b41898
14923637,2026-10-01 15:35:26,actions-trading,MFHS2,006800,seen,,af6abb227e34
14923637,2026-10-01 15:35:26,actions-trading,MFHS2,005880,seen,,4a29f4235dd6
14923637,2026-10-01 15:35:26,actions-trading,MFHS2,001510,seen,,3a6cb5873ed1
14923637,2026-10-01 15:35:26,actions-trading,MFHS2,001210,seen,,6588581c259d
14923637,2026-10-01 15:35:26,actions-trading,MFHS2,001200,seen,,e1e0b642f659
14923637,2026-10-01 15:35:26,actions-trading,MFHS2,064400,seen,,1ea66d5bc608
14923637,2026-10-01 15:35:26,actions-trading,MFHS2,005690,seen,,b61108e2a4d4
14923637,2026-10-01 15:35:26,actions-trading,MFHS2,272210,seen,,9ca7b74c8bdc
14923637,2026-10-01 15:35:26,actions-trading,MFHS2,019170,seen,,cb180ef18c8e
14923637,2026-10-01 15:35:26,actions-trading,MFHS2,002700,seen,,c594fff96c0b
14923637,2026-10-01 15:35:26,actions-trading,MFHS2,003520,seen,,2a7816258f35
14923637,2026-10-01 15:35:26,actions-trading,MFHS2,000400,seen,,db78da71a272
14923637,2026-10-01 15:35:26,actions-trading,MFHS2,137310,seen,,966d67ba1aa6
14923637,2026-10-01 15:35:26,actions-trading,MFHS2,032350,seen,,fa53294648ed
14923637,2026-10-01 15:35:26,actions-trading,MFHS2,249420,seen,,3b2e0e0a8397
14923637,2026-10-01 15:35:27,actions-trading,상승모멘텀,084010,skip,max_holdings,610fa0d5eb07
14923637,2026-10-01 15:35:27,actions-trading,상승모멘텀,248070,seen,,9682f91924bc
14923637,2026-10-01 15:35:27,actions-trading,상승모멘텀,192650,seen,,12e13cf23b0c
14923637,2026-10-01 15:35:27,actions-trading,상승모멘텀,003160,seen,,e79899e1b019
14923637,2026-10-01 15:35:27,actions-trading,상승모멘텀,001360,seen,,1eddb46c9b80
14923637,2026-10-01 15:35:27,actions-trading,상승모멘텀,353200,seen,,ddfcee17eb9e
14923637,2026-10-01 15:35:27,actions-trading,상승모멘텀,003350,seen,,f03b0d68e22e
14923637,2026-10-01 15:35:27,actions-trading,상승모멘텀,005430,seen,,20938381b7ec
14923637,2026-10-01 15:35:27,actions-trading,상승모멘텀,036570,seen,,1af5df51ebb5
14923637,2026-10-01 15:35:27,actions-trading,상승모멘텀,009420,seen,,7746de020e7e
14923637,2026-10-01 15:35:27,actions-trading,상승모멘텀,023150,seen,,aeb01a9554e1
14923637,2026-10-01 15:35:27,actions-trading,상승모멘텀,069640,seen,,378db1d9ad69
14923637,2026-10-01 15:35:27,actions-trading,상승모멘텀,012030,seen,,cc563be1a65f
14923637,2026-10-01 15:35:27,actions-trading,상승모멘텀,055490,seen,,10d357bfbd88
14923637,2026-10-01 15:35:27,actions-trading,상승모멘텀,0126Z0,seen,,beeb0501d3df
14923637,2026-10-01 15:35:27,actions-trading,상승모멘텀,480370,seen,,0c116d300a9d
14923637,2026-10-01 15:35:27,actions-trading,상승모멘텀,014680,seen,,c6c8159d0e87
14923637,2026-10-01 15:35:27,actions-trading,상승모멘텀,109070,seen,,202185bf09a8
14923637,2026-10-01 15:35:27,actions-trading,상승모멘텀,004710,seen,,c23915d86998
14923637,2026-10-01 15:35:27,actions-trading,상승모멘텀,011690,seen,,d2877a850aec
14923637,2026-10-01 15:35:27,actions-trading,상승모멘텀,195870,seen,,47ebd9291a18
14923637,2026-10-01 15:35:27,actions-trading,상승모멘텀,093050,seen,,1fff6f4c0a23
14923637,2026-10-01 15:35:27,actions-trading,상승모멘텀,112610,seen,,457f5797b410
14923637,2026-10-01 15:35:27,actions-trading,상승모멘텀,35320K,seen,,bb2cdf1a5b08
14923637,2026-10-01 15:35:27,actions-trading,상승모멘텀,004105,seen,,83ef108c5042
14923637,2026-10-01 15:35:27,actions-trading,상승모멘텀,007660,seen,,3beb26d37080
14923637,2026-10-01 15:35:27,actions-trading,상승모멘텀,008060,seen,,9a9cfc92bf73
14923637,2026-10-01 15:35:27,actions-trading,상승모멘텀,002360,seen,,1a01a0ea4f74
14923637,2026-10-01 15:35:27,actions-trading,상승모멘텀,001820,seen,,61ac6950cbac
14923637,2026-10-01 15:35:27,actions-trading,상승모멘텀,007810,seen,,03a2f6535731
14923637,2026-10-01 15:35:27,actions-trading,Sim4-1,084010,skip,period,610fa0d5eb07
14923637,2026-10-01 15:35:27,actions-trading,Sim4-1,248070,skip,period,9682f91924bc
14923637,2026-10-01 15:35:27,actions-trading,Sim4-1,192650,skip,period,12e13cf23b0c
14923637,2026-10-01 15:35:27,actions-trading,Sim4-1,003160,skip,held_or_cooldown,e79899e1b019
14923637,2026-10-01 15:35:27,actions-trading,Sim4-1,001360,skip,adx_low,1eddb46c9b80
14923637,2026-10-01 15:35:27,actions-trading,Sim4-1,353200,skip,adx_high,ddfcee17eb9e
14923637,2026-10-01 15:35:27,actions-trading,Sim4-1,003350,skip,adx_low,f03b0d68e22e
14923637,2026-10-01 15:35:27,actions-trading,Sim4-1,005430,skip,amount,20938381b7ec
14923637,2026-10-01 15:35:27,actions-trading,Sim4-1,036570,skip,period,1af5df51ebb5
14923637,2026-10-01 15:35:27,actions-trading,Sim4-1,009420,skip,period,7746de020e7e
14923637,2026-10-01 15:35:27,actions-trading,Sim4-1,023150,skip,amount,aeb01a9554e1
14923637,2026-10-01 15:35:27,actions-trading,Sim4-1,069640,skip,amount,378db1d9ad69
14923637,2026-10-01 15:35:27,actions-trading,Sim4-1,012030,skip,adx_high,cc563be1a65f
14923637,2026-10-01 15:35:27,actions-trading,Sim4-1,055490,skip,amount,10d357bfbd88
14923637,2026-10-01 15:35:27,actions-trading,Sim4-1,0126Z0,skip,adx_high,beeb0501d3df
14923637,2026-10-01 15:35:27,actions-trading,Sim4-1,480370,skip,amount,0c116d300a9d
14923637,2026-10-01 15:35:27,actions-trading,Sim4-1,014680,skip,adx_high,c6c8159d0e87
14923637,2026-10-01 15:35:27,actions-trading,Sim4-1,109070,skip,amount,202185bf09a8
14923637,2026-10-01 15:35:27,actions-trading,Sim4-1,004710,skip,adx_high,c23915d86998
14923637,2026-10-01 15:35:27,actions-trading,Sim4-1,011690,skip,period,d2877a850aec
14923637,2026-10-01 15:35:27,actions-trading,Sim4-1,195870,skip,held_or_cooldown,47ebd9291a18
14923637,2026-10-01 15:35:27,actions-trading,Sim4-1,093050,skip,amount,1fff6f4c0a23
14923637,2026-10-01 15:35:27,actions-trading,Sim4-1,112610,skip,period,457f5797b410
14923637,2026-10-01 15:35:27,actions-trading,Sim4-1,35320K,skip,amount,bb2cdf1a5b08
14923637,2026-10-01 15:35:27,actions-trading,Sim4-1,004105,skip,amount,83ef108c5042
14923637,2026-10-01 15:35:27,actions-trading,Sim4-1,007660,skip,held_or_cooldown,3beb26d37080
14923637,2026-10-01 15:35:27,actions-trading,Sim4-1,008060,skip,amount,9a9cfc92bf73
14923637,2026-10-01 15:35:27,actions-trading,Sim4-1,002360,skip,amount,1a01a0ea4f74
14923637,2026-10-01 15:35:27,actions-trading,Sim4-1,001820,skip,adx_low,61ac6950cbac
14923637,2026-10-01 15:35:27,actions-trading,Sim4-1,007810,skip,adx_high,03a2f6535731
14923637,2026-10-01 15:35:29,actions-trading,선행매집,005930,skip,below_anchor,2b9f2c800c45
14923637,2026-10-01 15:35:29,actions-trading,선행매집,005935,skip,below_anchor,2399c2da21ca
14923637,2026-10-01 15:35:29,actions-trading,선행매집,000660,skip,below_anchor,20026eb9d778
14923637,2026-10-01 15:35:29,actions-trading,선행매집,192650,skip,no_52w_anchor,12e13cf23b0c
14923637,2026-10-01 15:35:29,actions-trading,선행매집,028670,skip,held_awaiting_breakout,ca8f81d62231
14923637,2026-10-01 15:35:29,actions-trading,선행매집,248070,skip,below_anchor,9682f91924bc
14923637,2026-10-01 15:35:29,actions-trading,선행매집,003280,skip,below_anchor,bbe2aeeef585
14923637,2026-10-01 15:35:29,actions-trading,선행매집,073240,skip,below_anchor,93a32f6a2876
14923637,2026-10-01 15:35:29,actions-trading,선행매집,034220,skip,below_anchor,d1a601082f00
14923637,2026-10-01 15:35:29,actions-trading,선행매집,011200,skip,below_anchor,3273b2616c51
14923637,2026-10-01 15:35:29,actions-trading,선행매집,007660,skip,below_anchor,3beb26d37080
14923637,2026-10-01 15:35:29,actions-trading,선행매집,001820,skip,below_anchor,61ac6950cbac
14923637,2026-10-01 15:35:29,actions-trading,선행매집,001360,skip,below_anchor,1eddb46c9b80
14923637,2026-10-01 15:35:29,actions-trading,선행매집,093370,skip,below_anchor,7facd681f7a4
14923637,2026-10-01 15:35:29,actions-trading,선행매집,002990,skip,below_anchor,0175bd8078fa
14923637,2026-10-01 15:35:29,actions-trading,선행매집,005880,skip,below_anchor,4a29f4235dd6
14923637,2026-10-01 15:35:29,actions-trading,선행매집,003160,skip,no_setup,e79899e1b019
14923637,2026-10-01 15:35:29,actions-trading,선행매집,068270,skip,below_anchor,51937fd75b18
14923637,2026-10-01 15:35:29,actions-trading,선행매집,272210,skip,no_52w_anchor,9ca7b74c8bdc
14923637,2026-10-01 15:35:29,actions-trading,선행매집,006800,skip,below_anchor,af6abb227e34
14923637,2026-10-01 15:35:29,actions-trading,선행매집,005360,skip,amount,8e3c5feec02b
14923637,2026-10-01 15:35:29,actions-trading,선행매집,003350,skip,below_anchor,f03b0d68e22e
14923637,2026-10-01 15:35:29,actions-trading,선행매집,001740,skip,below_anchor,2a7d2d6e3a99
14923637,2026-10-01 15:35:29,actions-trading,선행매집,001210,skip,below_anchor,6588581c259d
14923637,2026-10-01 15:35:29,actions-trading,선행매집,001510,skip,below_anchor,3a6cb5873ed1
14923637,2026-10-01 15:35:29,actions-trading,선행매집,017670,skip,below_anchor,597a5d4457b3
14923637,2026-10-01 15:35:29,actions-trading,선행매집,002700,skip,amount,c594fff96c0b
14923637,2026-10-01 15:35:29,actions-trading,선행매집,064400,skip,below_anchor,1ea66d5bc608
14923637,2026-10-01 15:35:29,actions-trading,선행매집,001200,skip,below_anchor,e1e0b642f659
14923637,2026-10-01 15:35:29,actions-trading,선행매집,019170,skip,below_anchor,cb180ef18c8e
14923637,2026-10-01 15:35:29,actions-trading,Sim9,_gate,skip,outside_entry_window,e3b0c44298fc
14923637,2026-10-01 15:35:29,actions-trading,Sim9,084010,seen,,610fa0d5eb07
14923637,2026-10-01 15:35:29,actions-trading,Sim9,248070,seen,,9682f91924bc
14923637,2026-10-01 15:35:29,actions-trading,Sim9,192650,seen,,12e13cf23b0c
14923637,2026-10-01 15:35:29,actions-trading,Sim9,003160,seen,,e79899e1b019
14923637,2026-10-01 15:35:29,actions-trading,Sim9,001360,seen,,1eddb46c9b80
14923637,2026-10-01 15:35:29,actions-trading,Sim9,353200,seen,,ddfcee17eb9e
14923637,2026-10-01 15:35:29,actions-trading,Sim9,003350,seen,,f03b0d68e22e
14923637,2026-10-01 15:35:29,actions-trading,Sim9,005430,seen,,20938381b7ec
14923637,2026-10-01 15:35:29,actions-trading,Sim9,036570,seen,,1af5df51ebb5
14923637,2026-10-01 15:35:29,actions-trading,Sim9,009420,seen,,7746de020e7e
14923637,2026-10-01 15:35:29,actions-trading,Sim9,023150,seen,,aeb01a9554e1
14923637,2026-10-01 15:35:29,actions-trading,Sim9,069640,seen,,378db1d9ad69
14923637,2026-10-01 15:35:29,actions-trading,Sim9,012030,seen,,cc563be1a65f
14923637,2026-10-01 15:35:29,actions-trading,Sim9,055490,seen,,10d357bfbd88
14923637,2026-10-01 15:35:29,actions-trading,Sim9,0126Z0,seen,,beeb0501d3df
14923637,2026-10-01 15:35:29,actions-trading,Sim9,480370,seen,,0c116d300a9d
14923637,2026-10-01 15:35:29,actions-trading,Sim9,014680,seen,,c6c8159d0e87
14923637,2026-10-01 15:35:29,actions-trading,Sim9,109070,seen,,202185bf09a8
14923637,2026-10-01 15:35:29,actions-trading,Sim9,004710,seen,,c23915d86998
14923637,2026-10-01 15:35:29,actions-trading,Sim9,011690,seen,,d2877a850aec
14923637,2026-10-01 15:35:29,actions-trading,Sim9,195870,seen,,47ebd9291a18
14923637,2026-10-01 15:35:29,actions-trading,Sim9,093050,seen,,1fff6f4c0a23
14923637,2026-10-01 15:35:29,actions-trading,Sim9,112610,seen,,457f5797b410
14923637,2026-10-01 15:35:29,actions-trading,Sim9,35320K,seen,,bb2cdf1a5b08
14923637,2026-10-01 15:35:29,actions-trading,Sim9,004105,seen,,83ef108c5042
14923637,2026-10-01 15:35:29,actions-trading,Sim9,007660,seen,,3beb26d37080
14923637,2026-10-01 15:35:29,actions-trading,Sim9,008060,seen,,9a9cfc92bf73
14923637,2026-10-01 15:35:29,actions-trading,Sim9,002360,seen,,1a01a0ea4f74
14923637,2026-10-01 15:35:29,actions-trading,Sim9,001820,seen,,61ac6950cbac
14923637,2026-10-01 15:35:29,actions-trading,Sim9,007810,seen,,03a2f6535731
14923637,2026-10-01 15:35:29,actions-trading,미너비니,192820,skip,below_pivot,730aba2b9b42
14923637,2026-10-01 15:35:29,actions-trading,미너비니,443060,skip,below_pivot,94d25f1e4a82
14923637,2026-10-01 15:35:29,actions-trading,미너비니,020120,skip,below_pivot,16d64ef0325e
14923637,2026-10-01 15:35:30,actions-trading,Sim12,084010,skip,avoid_frgn_sell_20d,610fa0d5eb07
14923637,2026-10-01 15:35:30,actions-trading,Sim12,248070,skip,avoid_frgn_sell_20d,9682f91924bc
14923637,2026-10-01 15:35:30,actions-trading,Sim12,192650,skip,pb2_not_crashed,12e13cf23b0c
14923637,2026-10-01 15:35:30,actions-trading,Sim12,003160,skip,pb2_not_crashed,e79899e1b019
14923637,2026-10-01 15:35:30,actions-trading,Sim12,001360,skip,pb2_not_crashed,1eddb46c9b80
14923637,2026-10-01 15:35:30,actions-trading,Sim12,353200,skip,avoid_orgn_sell_high_per,ddfcee17eb9e
14923637,2026-10-01 15:35:30,actions-trading,Sim12,003350,skip,pb2_not_crashed,f03b0d68e22e
14923637,2026-10-01 15:35:30,actions-trading,Sim12,005430,skip,pb2_not_crashed,20938381b7ec
14923637,2026-10-01 15:35:30,actions-trading,Sim12,036570,skip,pb2_not_crashed,1af5df51ebb5
14923637,2026-10-01 15:35:30,actions-trading,Sim12,009420,skip,pb2_no_inst_buying,7746de020e7e
14923637,2026-10-01 15:35:30,actions-trading,Sim12,023150,skip,avoid_frgn_sell_20d,aeb01a9554e1
14923637,2026-10-01 15:35:30,actions-trading,Sim12,069640,skip,avoid_frgn_sell_20d,378db1d9ad69
14923637,2026-10-01 15:35:30,actions-trading,Sim12,012030,skip,avoid_frgn_sell_20d,cc563be1a65f
14923637,2026-10-01 15:35:30,actions-trading,Sim12,055490,skip,avoid_frgn_sell_20d,10d357bfbd88
14923637,2026-10-01 15:35:30,actions-trading,Sim12,0126Z0,skip,avoid_frgn_sell_20d,beeb0501d3df
14923637,2026-10-01 15:35:30,actions-trading,Sim12,480370,skip,pb2_not_crashed,0c116d300a9d
14923637,2026-10-01 15:35:30,actions-trading,Sim12,014680,skip,pb2_not_crashed,c6c8159d0e87
14923637,2026-10-01 15:35:30,actions-trading,Sim12,109070,skip,pb2_not_crashed,202185bf09a8
14923637,2026-10-01 15:35:30,actions-trading,Sim12,004710,skip,avoid_frgn_sell_20d,c23915d86998
14923637,2026-10-01 15:35:30,actions-trading,Sim12,011690,skip,pb2_not_crashed,d2877a850aec
14923637,2026-10-01 15:35:30,actions-trading,Sim12,195870,skip,pb2_not_crashed,47ebd9291a18
14923637,2026-10-01 15:35:30,actions-trading,Sim12,093050,skip,avoid_frgn_sell_20d,1fff6f4c0a23
14923637,2026-10-01 15:35:30,actions-trading,Sim12,112610,skip,avoid_frgn_sell_20d,457f5797b410
14923637,2026-10-01 15:35:30,actions-trading,Sim12,35320K,skip,pb2_not_crashed,bb2cdf1a5b08
14923637,2026-10-01 15:35:30,actions-trading,Sim12,004105,skip,pb2_not_crashed,83ef108c5042
14923637,2026-10-01 15:35:30,actions-trading,Sim12,007660,skip,pb2_not_crashed,3beb26d37080
14923637,2026-10-01 15:35:30,actions-trading,Sim12,008060,skip,pb2_not_crashed,9a9cfc92bf73
14923637,2026-10-01 15:35:30,actions-trading,Sim12,002360,skip,pb2_not_crashed,1a01a0ea4f74
14923637,2026-10-01 15:35:30,actions-trading,Sim12,001820,skip,pb2_not_crashed,61ac6950cbac
14923637,2026-10-01 15:35:30,actions-trading,Sim12,007810,skip,avoid_orgn_sell_high_per,03a2f6535731
14923637,2026-10-01 15:35:30,actions-trading,Sim12,009190,skip,pb2_no_inst_buying,4fceac9306af
14923637,2026-10-01 15:35:30,actions-trading,Sim12,051630,skip,pb2_not_crashed,9d32a38bd00e
14923637,2026-10-01 15:35:30,actions-trading,Sim12,002820,skip,pb2_no_inst_buying,3c4b36cfd7d0
14923637,2026-10-01 15:35:30,actions-trading,Sim12,452260,skip,pb2_not_crashed,8556efea77cc
14923637,2026-10-01 15:35:30,actions-trading,Sim12,005030,skip,avoid_amount_dry,08ed79ad2979
14923637,2026-10-01 15:35:30,actions-trading,Sim12,002787,skip,avoid_amount_dry,a295a89dd91f
14923637,2026-10-01 15:35:30,actions-trading,Sim12,010950,skip,pb2_not_crashed,cc56cce922df
14923637,2026-10-01 15:35:30,actions-trading,Sim12,010955,skip,pb2_not_crashed,a2b96b713811
14923637,2026-10-01 15:35:30,actions-trading,Sim12,071090,skip,pb2_not_crashed,8e7050ff2982
14923637,2026-10-01 15:35:30,actions-trading,Sim12,007110,skip,avoid_amount_dry,5793a833536b
14923637,2026-10-01 15:35:30,actions-trading,Sim12,361610,skip,pb2_not_crashed,ed29c658f48d
14923637,2026-10-01 15:35:30,actions-trading,Sim12,001770,skip,pb2_thin_liquidity,7335a6aa8cd1
14923637,2026-10-01 15:35:30,actions-trading,Sim12,096770,skip,pb2_not_crashed,8058960317f3
14923637,2026-10-01 15:35:30,actions-trading,Sim12,011090,skip,avoid_amount_dry,8d8238dc56dc
14923637,2026-10-01 15:35:30,actions-trading,Sim12,002070,skip,avoid_amount_dry,7bc68f6689b8
14923637,2026-10-01 15:35:30,actions-trading,Sim12,002690,skip,avoid_frgn_sell_20d,bcdb3f75848e
14923637,2026-10-01 15:35:30,actions-trading,Sim12,487570,skip,pb2_not_crashed,1ac156655719
14923637,2026-10-01 15:35:30,actions-trading,Sim12,003030,skip,pb2_not_crashed,555025eea692
14923637,2026-10-01 15:35:30,actions-trading,Sim12,006200,skip,pb2_no_inst_buying,9707bbb4ebcd
14923637,2026-10-01 15:35:30,actions-trading,Sim12,003780,skip,avoid_frgn_sell_20d,db477dbb99a8
14923637,2026-10-01 15:35:30,actions-trading,Sim12,003580,skip,pb2_not_crashed,f77aba28adf9
14923637,2026-10-01 15:35:30,actions-trading,Sim12,044450,skip,pb2_not_crashed,f65bdb3d7614
14923637,2026-10-01 15:35:30,actions-trading,Sim12,003075,skip,pb2_not_crashed,92bb1c05d957
14923637,2026-10-01 15:35:30,actions-trading,Sim12,316140,skip,pb2_not_crashed,2e1278888c15
14923637,2026-10-01 15:35:30,actions-trading,Sim12,078930,skip,pb2_thin_liquidity,f6f505cddefb
14923637,2026-10-01 15:35:30,actions-trading,Sim12,009810,skip,pb2_not_crashed,3502294e875d
14923637,2026-10-01 15:35:30,actions-trading,Sim12,005010,skip,pb2_not_crashed,2891b78fa1c8
14923637,2026-10-01 15:35:30,actions-trading,Sim12,024890,skip,avoid_frgn_sell_20d,c75e79ad598d
14923637,2026-10-01 15:35:30,actions-trading,Sim12,017940,skip,pb2_not_crashed,e69bf003063c
14923637,2026-10-01 15:35:30,actions-trading,Sim12,010640,skip,avoid_frgn_sell_20d,acce89d725fb
14923637,2026-10-01 15:35:30,actions-trading,Sim13,084010,skip,theme_momentum_weak,610fa0d5eb07
14923637,2026-10-01 15:35:30,actions-trading,Sim13,248070,skip,theme_momentum_weak,9682f91924bc
14923637,2026-10-01 15:35:30,actions-trading,Sim13,192650,skip,no_frgn_support,12e13cf23b0c
14923637,2026-10-01 15:35:30,actions-trading,Sim13,003160,skip,no_frgn_support,e79899e1b019
14923637,2026-10-01 15:35:30,actions-trading,Sim13,001360,skip,theme_momentum_weak,1eddb46c9b80
14923637,2026-10-01 15:35:30,actions-trading,Sim13,353200,skip,adx_weak,ddfcee17eb9e
14923637,2026-10-01 15:35:30,actions-trading,Sim13,003350,skip,theme_momentum_weak,f03b0d68e22e
14923637,2026-10-01 15:35:30,actions-trading,Sim13,005430,skip,theme_momentum_weak,20938381b7ec
14923637,2026-10-01 15:35:30,actions-trading,Sim13,036570,skip,theme_momentum_weak,1af5df51ebb5
14923637,2026-10-01 15:35:30,actions-trading,Sim13,009420,skip,theme_momentum_weak,7746de020e7e
14923637,2026-10-01 15:35:30,actions-trading,Sim13,023150,skip,theme_momentum_weak,aeb01a9554e1
14923637,2026-10-01 15:35:30,actions-trading,Sim13,069640,skip,theme_momentum_weak,378db1d9ad69
14923637,2026-10-01 15:35:30,actions-trading,Sim13,012030,skip,adx_weak,cc563be1a65f
14923637,2026-10-01 15:35:30,actions-trading,Sim13,055490,skip,theme_momentum_weak,10d357bfbd88
14923637,2026-10-01 15:35:30,actions-trading,Sim13,0126Z0,skip,theme_momentum_weak,beeb0501d3df
14923637,2026-10-01 15:35:30,actions-trading,Sim13,480370,skip,adx_weak,0c116d300a9d
14923637,2026-10-01 15:35:30,actions-trading,Sim13,014680,skip,no_frgn_support,c6c8159d0e87
14923637,2026-10-01 15:35:30,actions-trading,Sim13,109070,skip,amount_not_surprised,202185bf09a8
14923637,2026-10-01 15:35:30,actions-trading,Sim13,004710,skip,no_frgn_support,c23915d86998
14923637,2026-10-01 15:35:30,actions-trading,Sim13,011690,skip,theme_momentum_weak,d2877a850aec
14923637,2026-10-01 15:35:30,actions-trading,Sim13,195870,skip,adx_weak,47ebd9291a18
14923637,2026-10-01 15:35:30,actions-trading,Sim13,093050,skip,theme_momentum_weak,1fff6f4c0a23
14923637,2026-10-01 15:35:30,actions-trading,Sim13,112610,skip,theme_momentum_weak,457f5797b410
14923637,2026-10-01 15:35:30,actions-trading,Sim13,35320K,skip,theme_momentum_weak,bb2cdf1a5b08
14923637,2026-10-01 15:35:30,actions-trading,Sim13,004105,skip,no_frgn_support,83ef108c5042
14923637,2026-10-01 15:35:30,actions-trading,Sim13,007660,skip,theme_momentum_weak,3beb26d37080
14923637,2026-10-01 15:35:30,actions-trading,Sim13,008060,skip,theme_momentum_weak,9a9cfc92bf73
14923637,2026-10-01 15:35:30,actions-trading,Sim13,002360,skip,amount_not_surprised,1a01a0ea4f74
14923637,2026-10-01 15:35:30,actions-trading,Sim13,001820,skip,adx_weak,61ac6950cbac
14923637,2026-10-01 15:35:30,actions-trading,Sim13,007810,skip,adx_weak,03a2f6535731
14923638,2026-10-01 15:37:21,actions-trading,MFHS2,005935,skip,max_holdings,1d92adab7b5a
14923638,2026-10-01 15:37:21,actions-trading,MFHS2,003280,seen,,bbe2aeeef585
14923638,2026-10-01 15:37:21,actions-trading,MFHS2,003160,seen,,21e93478e932
14923638,2026-10-01 15:37:21,actions-trading,MFHS2,248070,seen,,9682f91924bc
14923638,2026-10-01 15:37:21,actions-trading,MFHS2,001360,seen,,1eddb46c9b80
14923638,2026-10-01 15:37:21,actions-trading,MFHS2,001820,seen,,195bfc493dcc
14923638,2026-10-01 15:37:21,actions-trading,MFHS2,034220,seen,,5ede1630b4e5
14923638,2026-10-01 15:37:21,actions-trading,MFHS2,007660,seen,,db71d9e31701
14923638,2026-10-01 15:37:21,actions-trading,MFHS2,002990,seen,,0175bd8078fa
14923638,2026-10-01 15:37:21,actions-trading,MFHS2,001740,seen,,2a7d2d6e3a99
14923638,2026-10-01 15:37:21,actions-trading,MFHS2,073240,seen,,93a32f6a2876
14923638,2026-10-01 15:37:21,actions-trading,MFHS2,068270,seen,,214844da992b
14923638,2026-10-01 15:37:21,actions-trading,MFHS2,005360,seen,,1abdceb69ccd
14923638,2026-10-01 15:37:21,actions-trading,MFHS2,003350,seen,,f03b0d68e22e
14923638,2026-10-01 15:37:21,actions-trading,MFHS2,090460,seen,,051cb8b41898
14923638,2026-10-01 15:37:21,actions-trading,MFHS2,006800,seen,,af6abb227e34
14923638,2026-10-01 15:37:21,actions-trading,MFHS2,005880,seen,,4a29f4235dd6
14923638,2026-10-01 15:37:21,actions-trading,MFHS2,001510,seen,,3a6cb5873ed1
14923638,2026-10-01 15:37:21,actions-trading,MFHS2,001210,seen,,6588581c259d
14923638,2026-10-01 15:37:21,actions-trading,MFHS2,001200,seen,,e1e0b642f659
14923638,2026-10-01 15:37:21,actions-trading,MFHS2,064400,seen,,1ea66d5bc608
14923638,2026-10-01 15:37:21,actions-trading,MFHS2,005690,seen,,b61108e2a4d4
14923638,2026-10-01 15:37:21,actions-trading,MFHS2,272210,seen,,f05b48a69a73
14923638,2026-10-01 15:37:21,actions-trading,MFHS2,019170,seen,,cb180ef18c8e
14923638,2026-10-01 15:37:21,actions-trading,MFHS2,002700,seen,,c594fff96c0b
14923638,2026-10-01 15:37:21,actions-trading,MFHS2,003520,seen,,2a7816258f35
14923638,2026-10-01 15:37:21,actions-trading,MFHS2,000400,seen,,db78da71a272
14923638,2026-10-01 15:37:21,actions-trading,MFHS2,137310,seen,,966d67ba1aa6
14923638,2026-10-01 15:37:21,actions-trading,MFHS2,032350,seen,,fa53294648ed
14923638,2026-10-01 15:37:21,actions-trading,MFHS2,249420,seen,,3b2e0e0a8397
14923638,2026-10-01 15:37:23,actions-trading,상승모멘텀,084010,skip,max_holdings,610fa0d5eb07
14923638,2026-10-01 15:37:23,actions-trading,상승모멘텀,248070,seen,,9682f91924bc
14923638,2026-10-01 15:37:23,actions-trading,상승모멘텀,192650,seen,,6bece1a7b3fd
14923638,2026-10-01 15:37:23,actions-trading,상승모멘텀,003160,seen,,21e93478e932
14923638,2026-10-01 15:37:23,actions-trading,상승모멘텀,001360,seen,,1eddb46c9b80
14923638,2026-10-01 15:37:23,actions-trading,상승모멘텀,353200,seen,,ddfcee17eb9e
14923638,2026-10-01 15:37:23,actions-trading,상승모멘텀,003350,seen,,f03b0d68e22e
14923638,2026-10-01 15:37:23,actions-trading,상승모멘텀,005430,seen,,20938381b7ec
14923638,2026-10-01 15:37:23,actions-trading,상승모멘텀,036570,seen,,1af5df51ebb5
14923638,2026-10-01 15:37:23,actions-trading,상승모멘텀,009420,seen,,7746de020e7e
14923638,2026-10-01 15:37:23,actions-trading,상승모멘텀,023150,seen,,aeb01a9554e1
14923638,2026-10-01 15:37:23,actions-trading,상승모멘텀,069640,seen,,378db1d9ad69
14923638,2026-10-01 15:37:23,actions-trading,상승모멘텀,012030,seen,,cc563be1a65f
14923638,2026-10-01 15:37:23,actions-trading,상승모멘텀,055490,seen,,10d357bfbd88
14923638,2026-10-01 15:37:23,actions-trading,상승모멘텀,0126Z0,seen,,beeb0501d3df
14923638,2026-10-01 15:37:23,actions-trading,상승모멘텀,480370,seen,,0c116d300a9d
14923638,2026-10-01 15:37:23,actions-trading,상승모멘텀,014680,seen,,284c42ff94f6
14923638,2026-10-01 15:37:23,actions-trading,상승모멘텀,109070,seen,,202185bf09a8
14923638,2026-10-01 15:37:23,actions-trading,상승모멘텀,004710,seen,,c23915d86998
14923638,2026-10-01 15:37:23,actions-trading,상승모멘텀,011690,seen,,d2877a850aec
14923638,2026-10-01 15:37:23,actions-trading,상승모멘텀,195870,seen,,47ebd9291a18
14923638,2026-10-01 15:37:23,actions-trading,상승모멘텀,093050,seen,,1fff6f4c0a23
14923638,2026-10-01 15:37:23,actions-trading,상승모멘텀,112610,seen,,457f5797b410
14923638,2026-10-01 15:37:23,actions-trading,상승모멘텀,35320K,seen,,bb2cdf1a5b08
14923638,2026-10-01 15:37:23,actions-trading,상승모멘텀,004105,seen,,83ef108c5042
14923638,2026-10-01 15:37:23,actions-trading,상승모멘텀,007660,seen,,db71d9e31701
14923638,2026-10-01 15:37:23,actions-trading,상승모멘텀,008060,seen,,952837f94107
14923638,2026-10-01 15:37:23,actions-trading,상승모멘텀,002360,seen,,800981cdbcfe
14923638,2026-10-01 15:37:23,actions-trading,상승모멘텀,001820,seen,,195bfc493dcc
14923638,2026-10-01 15:37:23,actions-trading,상승모멘텀,007810,seen,,03a2f6535731
14923638,2026-10-01 15:37:23,actions-trading,Sim4-1,084010,skip,period,610fa0d5eb07
14923638,2026-10-01 15:37:23,actions-trading,Sim4-1,248070,skip,period,9682f91924bc
14923638,2026-10-01 15:37:23,actions-trading,Sim4-1,192650,skip,period,6bece1a7b3fd
14923638,2026-10-01 15:37:23,actions-trading,Sim4-1,003160,skip,held_or_cooldown,21e93478e932
14923638,2026-10-01 15:37:23,actions-trading,Sim4-1,001360,skip,adx_low,1eddb46c9b80
14923638,2026-10-01 15:37:23,actions-trading,Sim4-1,353200,skip,adx_high,ddfcee17eb9e
14923638,2026-10-01 15:37:23,actions-trading,Sim4-1,003350,skip,adx_low,f03b0d68e22e
14923638,2026-10-01 15:37:23,actions-trading,Sim4-1,005430,skip,amount,20938381b7ec
14923638,2026-10-01 15:37:23,actions-trading,Sim4-1,036570,skip,period,1af5df51ebb5
14923638,2026-10-01 15:37:23,actions-trading,Sim4-1,009420,skip,period,7746de020e7e
14923638,2026-10-01 15:37:23,actions-trading,Sim4-1,023150,skip,amount,aeb01a9554e1
14923638,2026-10-01 15:37:23,actions-trading,Sim4-1,069640,skip,amount,378db1d9ad69
14923638,2026-10-01 15:37:23,actions-trading,Sim4-1,012030,skip,adx_high,cc563be1a65f
14923638,2026-10-01 15:37:23,actions-trading,Sim4-1,055490,skip,amount,10d357bfbd88
14923638,2026-10-01 15:37:23,actions-trading,Sim4-1,0126Z0,skip,adx_high,beeb0501d3df
14923638,2026-10-01 15:37:23,actions-trading,Sim4-1,480370,skip,amount,0c116d300a9d
14923638,2026-10-01 15:37:23,actions-trading,Sim4-1,014680,skip,adx_high,284c42ff94f6
14923638,2026-10-01 15:37:23,actions-trading,Sim4-1,109070,skip,amount,202185bf09a8
14923638,2026-10-01 15:37:23,actions-trading,Sim4-1,004710,skip,adx_high,c23915d86998
14923638,2026-10-01 15:37:23,actions-trading,Sim4-1,011690,skip,period,d2877a850aec
14923638,2026-10-01 15:37:23,actions-trading,Sim4-1,195870,skip,held_or_cooldown,47ebd9291a18
14923638,2026-10-01 15:37:23,actions-trading,Sim4-1,093050,skip,amount,1fff6f4c0a23
14923638,2026-10-01 15:37:23,actions-trading,Sim4-1,112610,skip,period,457f5797b410
14923638,2026-10-01 15:37:23,actions-trading,Sim4-1,35320K,skip,amount,bb2cdf1a5b08
14923638,2026-10-01 15:37:23,actions-trading,Sim4-1,004105,skip,amount,83ef108c5042
14923638,2026-10-01 15:37:23,actions-trading,Sim4-1,007660,skip,held_or_cooldown,db71d9e31701
14923638,2026-10-01 15:37:23,actions-trading,Sim4-1,008060,skip,amount,952837f94107
14923638,2026-10-01 15:37:23,actions-trading,Sim4-1,002360,skip,amount,800981cdbcfe
14923638,2026-10-01 15:37:23,actions-trading,Sim4-1,001820,skip,adx_low,195bfc493dcc
14923638,2026-10-01 15:37:23,actions-trading,Sim4-1,007810,skip,adx_high,03a2f6535731
14923638,2026-10-01 15:37:24,actions-trading,선행매집,005930,skip,below_anchor,2b9f2c800c45
14923638,2026-10-01 15:37:24,actions-trading,선행매집,005935,skip,below_anchor,1d92adab7b5a
14923638,2026-10-01 15:37:24,actions-trading,선행매집,000660,skip,below_anchor,20026eb9d778
14923638,2026-10-01 15:37:24,actions-trading,선행매집,192650,skip,no_setup,6bece1a7b3fd
14923638,2026-10-01 15:37:24,actions-trading,선행매집,028670,skip,held_awaiting_breakout,ca8f81d62231
14923638,2026-10-01 15:37:24,actions-trading,선행매집,248070,skip,below_anchor,9682f91924bc
14923638,2026-10-01 15:37:24,actions-trading,선행매집,003280,skip,below_anchor,bbe2aeeef585
14923638,2026-10-01 15:37:24,actions-trading,선행매집,073240,skip,below_anchor,93a32f6a2876
14923638,2026-10-01 15:37:24,actions-trading,선행매집,034220,skip,below_anchor,5ede1630b4e5
14923638,2026-10-01 15:37:24,actions-trading,선행매집,011200,skip,below_anchor,64baf242aee3
14923638,2026-10-01 15:37:24,actions-trading,선행매집,007660,skip,below_anchor,db71d9e31701
14923638,2026-10-01 15:37:24,actions-trading,선행매집,001820,skip,below_anchor,195bfc493dcc
14923638,2026-10-01 15:37:24,actions-trading,선행매집,001360,skip,below_anchor,1eddb46c9b80
14923638,2026-10-01 15:37:24,actions-trading,선행매집,093370,skip,below_anchor,7facd681f7a4
14923638,2026-10-01 15:37:24,actions-trading,선행매집,002990,skip,below_anchor,0175bd8078fa
14923638,2026-10-01 15:37:24,actions-trading,선행매집,005880,skip,below_anchor,4a29f4235dd6
14923638,2026-10-01 15:37:24,actions-trading,선행매집,003160,skip,no_setup,21e93478e932
14923638,2026-10-01 15:37:24,actions-trading,선행매집,068270,skip,below_anchor,214844da992b
14923638,2026-10-01 15:37:24,actions-trading,선행매집,272210,skip,below_anchor,f05b48a69a73
14923638,2026-10-01 15:37:24,actions-trading,선행매집,006800,skip,below_anchor,af6abb227e34
14923638,2026-10-01 15:37:24,actions-trading,선행매집,005360,skip,amount,1abdceb69ccd
14923638,2026-10-01 15:37:24,actions-trading,선행매집,003350,skip,below_anchor,f03b0d68e22e
14923638,2026-10-01 15:37:24,actions-trading,선행매집,001740,skip,below_anchor,2a7d2d6e3a99
14923638,2026-10-01 15:37:24,actions-trading,선행매집,001210,skip,below_anchor,6588581c259d
14923638,2026-10-01 15:37:24,actions-trading,선행매집,001510,skip,below_anchor,3a6cb5873ed1
14923638,2026-10-01 15:37:24,actions-trading,선행매집,017670,skip,below_anchor,597a5d4457b3
14923638,2026-10-01 15:37:24,actions-trading,선행매집,002700,skip,amount,c594fff96c0b
14923638,2026-10-01 15:37:24,actions-trading,선행매집,064400,skip,below_anchor,1ea66d5bc608
14923638,2026-10-01 15:37:24,actions-trading,선행매집,001200,skip,below_anchor,e1e0b642f659
14923638,2026-10-01 15:37:24,actions-trading,선행매집,019170,skip,below_anchor,cb180ef18c8e
14923638,2026-10-01 15:37:25,actions-trading,Sim9,_gate,skip,outside_entry_window,e3b0c44298fc
14923638,2026-10-01 15:37:25,actions-trading,Sim9,084010,seen,,610fa0d5eb07
14923638,2026-10-01 15:37:25,actions-trading,Sim9,248070,seen,,9682f91924bc
14923638,2026-10-01 15:37:25,actions-trading,Sim9,192650,seen,,6bece1a7b3fd
14923638,2026-10-01 15:37:25,actions-trading,Sim9,003160,seen,,21e93478e932
14923638,2026-10-01 15:37:25,actions-trading,Sim9,001360,seen,,1eddb46c9b80
14923638,2026-10-01 15:37:25,actions-trading,Sim9,353200,seen,,ddfcee17eb9e
14923638,2026-10-01 15:37:25,actions-trading,Sim9,003350,seen,,f03b0d68e22e
14923638,2026-10-01 15:37:25,actions-trading,Sim9,005430,seen,,20938381b7ec
14923638,2026-10-01 15:37:25,actions-trading,Sim9,036570,seen,,1af5df51ebb5
14923638,2026-10-01 15:37:25,actions-trading,Sim9,009420,seen,,7746de020e7e
14923638,2026-10-01 15:37:25,actions-trading,Sim9,023150,seen,,aeb01a9554e1
14923638,2026-10-01 15:37:25,actions-trading,Sim9,069640,seen,,378db1d9ad69
14923638,2026-10-01 15:37:25,actions-trading,Sim9,012030,seen,,cc563be1a65f
14923638,2026-10-01 15:37:25,actions-trading,Sim9,055490,seen,,10d357bfbd88
14923638,2026-10-01 15:37:25,actions-trading,Sim9,0126Z0,seen,,beeb0501d3df
14923638,2026-10-01 15:37:25,actions-trading,Sim9,480370,seen,,0c116d300a9d
14923638,2026-10-01 15:37:25,actions-trading,Sim9,014680,seen,,284c42ff94f6
14923638,2026-10-01 15:37:25,actions-trading,Sim9,109070,seen,,202185bf09a8
14923638,2026-10-01 15:37:25,actions-trading,Sim9,004710,seen,,c23915d86998
14923638,2026-10-01 15:37:25,actions-trading,Sim9,011690,seen,,d2877a850aec
14923638,2026-10-01 15:37:25,actions-trading,Sim9,195870,seen,,47ebd9291a18
14923638,2026-10-01 15:37:25,actions-trading,Sim9,093050,seen,,1fff6f4c0a23
14923638,2026-10-01 15:37:25,actions-trading,Sim9,112610,seen,,457f5797b410
14923638,2026-10-01 15:37:25,actions-trading,Sim9,35320K,seen,,bb2cdf1a5b08
14923638,2026-10-01 15:37:25,actions-trading,Sim9,004105,seen,,83ef108c5042
14923638,2026-10-01 15:37:25,actions-trading,Sim9,007660,seen,,db71d9e31701
14923638,2026-10-01 15:37:25,actions-trading,Sim9,008060,seen,,952837f94107
14923638,2026-10-01 15:37:25,actions-trading,Sim9,002360,seen,,800981cdbcfe
14923638,2026-10-01 15:37:25,actions-trading,Sim9,001820,seen,,195bfc493dcc
14923638,2026-10-01 15:37:25,actions-trading,Sim9,007810,seen,,03a2f6535731
14923638,2026-10-01 15:37:25,actions-trading,미너비니,192820,skip,below_pivot,730aba2b9b42
14923638,2026-10-01 15:37:25,actions-trading,미너비니,443060,skip,below_pivot,94d25f1e4a82
14923638,2026-10-01 15:37:25,actions-trading,미너비니,020120,skip,below_pivot,16d64ef0325e
14923638,2026-10-01 15:37:25,actions-trading,Sim12,084010,skip,avoid_frgn_sell_20d,610fa0d5eb07
14923638,2026-10-01 15:37:25,actions-trading,Sim12,248070,skip,avoid_frgn_sell_20d,9682f91924bc
14923638,2026-10-01 15:37:25,actions-trading,Sim12,192650,skip,pb2_not_crashed,6bece1a7b3fd
14923638,2026-10-01 15:37:25,actions-trading,Sim12,003160,skip,pb2_not_crashed,21e93478e932
14923638,2026-10-01 15:37:25,actions-trading,Sim12,001360,skip,pb2_not_crashed,1eddb46c9b80
14923638,2026-10-01 15:37:25,actions-trading,Sim12,353200,skip,avoid_orgn_sell_high_per,ddfcee17eb9e
14923638,2026-10-01 15:37:25,actions-trading,Sim12,003350,skip,pb2_not_crashed,f03b0d68e22e
14923638,2026-10-01 15:37:25,actions-trading,Sim12,005430,skip,pb2_not_crashed,20938381b7ec
14923638,2026-10-01 15:37:25,actions-trading,Sim12,036570,skip,pb2_not_crashed,1af5df51ebb5
14923638,2026-10-01 15:37:25,actions-trading,Sim12,009420,skip,pb2_no_inst_buying,7746de020e7e
14923638,2026-10-01 15:37:25,actions-trading,Sim12,023150,skip,avoid_frgn_sell_20d,aeb01a9554e1
14923638,2026-10-01 15:37:25,actions-trading,Sim12,069640,skip,avoid_frgn_sell_20d,378db1d9ad69
14923638,2026-10-01 15:37:25,actions-trading,Sim12,012030,skip,avoid_frgn_sell_20d,cc563be1a65f
14923638,2026-10-01 15:37:25,actions-trading,Sim12,055490,skip,avoid_frgn_sell_20d,10d357bfbd88
14923638,2026-10-01 15:37:25,actions-trading,Sim12,0126Z0,skip,avoid_frgn_sell_20d,beeb0501d3df
14923638,2026-10-01 15:37:25,actions-trading,Sim12,480370,skip,pb2_not_crashed,0c116d300a9d
14923638,2026-10-01 15:37:25,actions-trading,Sim12,014680,skip,pb2_not_crashed,284c42ff94f6
14923638,2026-10-01 15:37:25,actions-trading,Sim12,109070,skip,pb2_not_crashed,202185bf09a8
14923638,2026-10-01 15:37:25,actions-trading,Sim12,004710,skip,avoid_frgn_sell_20d,c23915d86998
14923638,2026-10-01 15:37:25,actions-trading,Sim12,011690,skip,pb2_not_crashed,d2877a850aec
14923638,2026-10-01 15:37:25,actions-trading,Sim12,195870,skip,pb2_not_crashed,47ebd9291a18
14923638,2026-10-01 15:37:25,actions-trading,Sim12,093050,skip,avoid_frgn_sell_20d,1fff6f4c0a23
14923638,2026-10-01 15:37:25,actions-trading,Sim12,112610,skip,avoid_frgn_sell_20d,457f5797b410
14923638,2026-10-01 15:37:25,actions-trading,Sim12,35320K,skip,pb2_not_crashed,bb2cdf1a5b08
14923638,2026-10-01 15:37:25,actions-trading,Sim12,004105,skip,pb2_not_crashed,83ef108c5042
14923638,2026-10-01 15:37:25,actions-trading,Sim12,007660,skip,pb2_not_crashed,db71d9e31701
14923638,2026-10-01 15:37:25,actions-trading,Sim12,008060,skip,avoid_orgn_sell_high_per,952837f94107
14923638,2026-10-01 15:37:25,actions-trading,Sim12,002360,skip,pb2_not_crashed,800981cdbcfe
14923638,2026-10-01 15:37:25,actions-trading,Sim12,001820,skip,pb2_not_crashed,195bfc493dcc
14923638,2026-10-01 15:37:25,actions-trading,Sim12,007810,skip,avoid_orgn_sell_high_per,03a2f6535731
14923638,2026-10-01 15:37:25,actions-trading,Sim12,009190,skip,pb2_no_inst_buying,4fceac9306af
14923638,2026-10-01 15:37:25,actions-trading,Sim12,051630,skip,pb2_not_crashed,ba44930f3f66
14923638,2026-10-01 15:37:25,actions-trading,Sim12,002820,skip,pb2_no_inst_buying,641d8d6539ba
14923638,2026-10-01 15:37:25,actions-trading,Sim12,452260,skip,pb2_not_crashed,8556efea77cc
14923638,2026-10-01 15:37:25,actions-trading,Sim12,005030,skip,avoid_amount_dry,08ed79ad2979
14923638,2026-10-01 15:37:25,actions-trading,Sim12,002787,skip,avoid_amount_dry,a295a89dd91f
14923638,2026-10-01 15:37:25,actions-trading,Sim12,010950,skip,pb2_not_crashed,6d492a7cf7da
14923638,2026-10-01 15:37:25,actions-trading,Sim12,010955,skip,pb2_not_crashed,a2b96b713811
14923638,2026-10-01 15:37:25,actions-trading,Sim12,071090,skip,pb2_not_crashed,8e7050ff2982
14923638,2026-10-01 15:37:25,actions-trading,Sim12,007110,skip,avoid_amount_dry,5793a833536b
14923638,2026-10-01 15:37:25,actions-trading,Sim12,361610,skip,pb2_not_crashed,ed29c658f48d
14923638,2026-10-01 15:37:25,actions-trading,Sim12,001770,skip,pb2_thin_liquidity,7335a6aa8cd1
14923638,2026-10-01 15:37:25,actions-trading,Sim12,096770,skip,pb2_not_crashed,8058960317f3
14923638,2026-10-01 15:37:25,actions-trading,Sim12,011090,skip,avoid_amount_dry,9cad8ae20256
14923638,2026-10-01 15:37:25,actions-trading,Sim12,002070,skip,avoid_amount_dry,7bc68f6689b8
14923638,2026-10-01 15:37:25,actions-trading,Sim12,002690,skip,avoid_frgn_sell_20d,bcdb3f75848e
14923638,2026-10-01 15:37:25,actions-trading,Sim12,487570,skip,pb2_not_crashed,8975d9c83578
14923638,2026-10-01 15:37:25,actions-trading,Sim12,003030,skip,pb2_not_crashed,555025eea692
14923638,2026-10-01 15:37:25,actions-trading,Sim12,006200,skip,pb2_no_inst_buying,9707bbb4ebcd
14923638,2026-10-01 15:37:25,actions-trading,Sim12,003780,skip,avoid_frgn_sell_20d,db477dbb99a8
14923638,2026-10-01 15:37:25,actions-trading,Sim12,003580,skip,pb2_not_crashed,f77aba28adf9
14923638,2026-10-01 15:37:25,actions-trading,Sim12,044450,skip,pb2_not_crashed,f65bdb3d7614
14923638,2026-10-01 15:37:25,actions-trading,Sim12,003075,skip,pb2_not_crashed,92bb1c05d957
14923638,2026-10-01 15:37:25,actions-trading,Sim12,316140,skip,pb2_not_crashed,6edab71c6abd
14923638,2026-10-01 15:37:25,actions-trading,Sim12,078930,skip,pb2_thin_liquidity,f6f505cddefb
14923638,2026-10-01 15:37:25,actions-trading,Sim12,009810,skip,pb2_not_crashed,3502294e875d
14923638,2026-10-01 15:37:25,actions-trading,Sim12,005010,skip,pb2_not_crashed,2891b78fa1c8
14923638,2026-10-01 15:37:25,actions-trading,Sim12,024890,skip,avoid_frgn_sell_20d,c75e79ad598d
14923638,2026-10-01 15:37:25,actions-trading,Sim12,017940,skip,pb2_not_crashed,e69bf003063c
14923638,2026-10-01 15:37:25,actions-trading,Sim12,010640,skip,avoid_frgn_sell_20d,acce89d725fb
14923638,2026-10-01 15:37:25,actions-trading,Sim13,084010,skip,theme_momentum_weak,610fa0d5eb07
14923638,2026-10-01 15:37:25,actions-trading,Sim13,248070,skip,theme_momentum_weak,9682f91924bc
14923638,2026-10-01 15:37:25,actions-trading,Sim13,192650,skip,no_frgn_support,6bece1a7b3fd
14923638,2026-10-01 15:37:25,actions-trading,Sim13,003160,skip,no_frgn_support,21e93478e932
14923638,2026-10-01 15:37:25,actions-trading,Sim13,001360,skip,theme_momentum_weak,1eddb46c9b80
14923638,2026-10-01 15:37:25,actions-trading,Sim13,353200,skip,adx_weak,ddfcee17eb9e
14923638,2026-10-01 15:37:25,actions-trading,Sim13,003350,skip,theme_momentum_weak,f03b0d68e22e
14923638,2026-10-01 15:37:25,actions-trading,Sim13,005430,skip,theme_momentum_weak,20938381b7ec
14923638,2026-10-01 15:37:25,actions-trading,Sim13,036570,skip,theme_momentum_weak,1af5df51ebb5
14923638,2026-10-01 15:37:25,actions-trading,Sim13,009420,skip,theme_momentum_weak,7746de020e7e
14923638,2026-10-01 15:37:25,actions-trading,Sim13,023150,skip,theme_momentum_weak,aeb01a9554e1
14923638,2026-10-01 15:37:25,actions-trading,Sim13,069640,skip,theme_momentum_weak,378db1d9ad69
14923638,2026-10-01 15:37:25,actions-trading,Sim13,012030,skip,adx_weak,cc563be1a65f
14923638,2026-10-01 15:37:25,actions-trading,Sim13,055490,skip,theme_momentum_weak,10d357bfbd88
14923638,2026-10-01 15:37:25,actions-trading,Sim13,0126Z0,skip,theme_momentum_weak,beeb0501d3df
14923638,2026-10-01 15:37:25,actions-trading,Sim13,480370,skip,adx_weak,0c116d300a9d
14923638,2026-10-01 15:37:25,actions-trading,Sim13,014680,skip,no_frgn_support,284c42ff94f6
14923638,2026-10-01 15:37:25,actions-trading,Sim13,109070,skip,amount_not_surprised,202185bf09a8
14923638,2026-10-01 15:37:25,actions-trading,Sim13,004710,skip,no_frgn_support,c23915d86998
14923638,2026-10-01 15:37:25,actions-trading,Sim13,011690,skip,theme_momentum_weak,d2877a850aec
14923638,2026-10-01 15:37:25,actions-trading,Sim13,195870,skip,adx_weak,47ebd9291a18
14923638,2026-10-01 15:37:25,actions-trading,Sim13,093050,skip,theme_momentum_weak,1fff6f4c0a23
14923638,2026-10-01 15:37:25,actions-trading,Sim13,112610,skip,theme_momentum_weak,457f5797b410
14923638,2026-10-01 15:37:25,actions-trading,Sim13,35320K,skip,theme_momentum_weak,bb2cdf1a5b08
14923638,2026-10-01 15:37:25,actions-trading,Sim13,004105,skip,no_frgn_support,83ef108c5042
14923638,2026-10-01 15:37:25,actions-trading,Sim13,007660,skip,theme_momentum_weak,db71d9e31701
14923638,2026-10-01 15:37:25,actions-trading,Sim13,008060,skip,theme_momentum_weak,952837f94107
14923638,2026-10-01 15:37:25,actions-trading,Sim13,002360,skip,amount_not_surprised,800981cdbcfe
14923638,2026-10-01 15:37:25,actions-trading,Sim13,001820,skip,adx_weak,195bfc493dcc
14923638,2026-10-01 15:37:25,actions-trading,Sim13,007810,skip,adx_weak,03a2f6535731
14923639,2026-10-01 15:39:19,actions-trading,MFHS2,005935,skip,max_holdings,1d92adab7b5a
14923639,2026-10-01 15:39:19,actions-trading,MFHS2,003280,seen,,bbe2aeeef585
14923639,2026-10-01 15:39:19,actions-trading,MFHS2,003160,seen,,21e93478e932
14923639,2026-10-01 15:39:19,actions-trading,MFHS2,248070,seen,,9682f91924bc
14923639,2026-10-01 15:39:19,actions-trading,MFHS2,001360,seen,,1eddb46c9b80
14923639,2026-10-01 15:39:19,actions-trading,MFHS2,001820,seen,,61ac6950cbac
14923639,2026-10-01 15:39:19,actions-trading,MFHS2,034220,seen,,5ede1630b4e5
14923639,2026-10-01 15:39:19,actions-trading,MFHS2,007660,seen,,5f2a0cb751f3
14923639,2026-10-01 15:39:19,actions-trading,MFHS2,002990,seen,,0175bd8078fa
14923639,2026-10-01 15:39:19,actions-trading,MFHS2,001740,seen,,2a7d2d6e3a99
14923639,2026-10-01 15:39:19,actions-trading,MFHS2,073240,seen,,93a32f6a2876
14923639,2026-10-01 15:39:19,actions-trading,MFHS2,068270,seen,,51937fd75b18
14923639,2026-10-01 15:39:19,actions-trading,MFHS2,005360,seen,,1abdceb69ccd
14923639,2026-10-01 15:39:19,actions-trading,MFHS2,003350,seen,,f03b0d68e22e
14923639,2026-10-01 15:39:19,actions-trading,MFHS2,090460,seen,,051cb8b41898
14923639,2026-10-01 15:39:19,actions-trading,MFHS2,006800,seen,,af6abb227e34
14923639,2026-10-01 15:39:19,actions-trading,MFHS2,005880,seen,,4a29f4235dd6
14923639,2026-10-01 15:39:19,actions-trading,MFHS2,001510,seen,,3a6cb5873ed1
14923639,2026-10-01 15:39:19,actions-trading,MFHS2,001210,seen,,6588581c259d
14923639,2026-10-01 15:39:19,actions-trading,MFHS2,001200,seen,,e1e0b642f659
14923639,2026-10-01 15:39:19,actions-trading,MFHS2,064400,seen,,1ea66d5bc608
14923639,2026-10-01 15:39:19,actions-trading,MFHS2,005690,seen,,1e5903e117c7
14923639,2026-10-01 15:39:19,actions-trading,MFHS2,272210,seen,,c46b5e036b20
14923639,2026-10-01 15:39:19,actions-trading,MFHS2,019170,seen,,cb180ef18c8e
14923639,2026-10-01 15:39:19,actions-trading,MFHS2,002700,seen,,c594fff96c0b
14923639,2026-10-01 15:39:19,actions-trading,MFHS2,003520,seen,,2a7816258f35
14923639,2026-10-01 15:39:19,actions-trading,MFHS2,000400,seen,,db78da71a272
14923639,2026-10-01 15:39:19,actions-trading,MFHS2,137310,seen,,966d67ba1aa6
14923639,2026-10-01 15:39:19,actions-trading,MFHS2,032350,seen,,fa53294648ed
14923639,2026-10-01 15:39:19,actions-trading,MFHS2,249420,seen,,3b2e0e0a8397
14923639,2026-10-01 15:39:20,actions-trading,상승모멘텀,084010,skip,max_holdings,610fa0d5eb07
14923639,2026-10-01 15:39:20,actions-trading,상승모멘텀,248070,seen,,9682f91924bc
14923639,2026-10-01 15:39:20,actions-trading,상승모멘텀,192650,seen,,6bece1a7b3fd
14923639,2026-10-01 15:39:20,actions-trading,상승모멘텀,003160,seen,,21e93478e932
14923639,2026-10-01 15:39:20,actions-trading,상승모멘텀,001360,seen,,1eddb46c9b80
14923639,2026-10-01 15:39:20,actions-trading,상승모멘텀,353200,seen,,ddfcee17eb9e
14923639,2026-10-01 15:39:20,actions-trading,상승모멘텀,003350,seen,,f03b0d68e22e
14923639,2026-10-01 15:39:20,actions-trading,상승모멘텀,005430,seen,,20938381b7ec
14923639,2026-10-01 15:39:20,actions-trading,상승모멘텀,036570,seen,,1af5df51ebb5
14923639,2026-10-01 15:39:20,actions-trading,상승모멘텀,009420,seen,,7746de020e7e
14923639,2026-10-01 15:39:20,actions-trading,상승모멘텀,023150,seen,,aeb01a9554e1
14923639,2026-10-01 15:39:20,actions-trading,상승모멘텀,069640,seen,,378db1d9ad69
14923639,2026-10-01 15:39:20,actions-trading,상승모멘텀,012030,seen,,cc563be1a65f
14923639,2026-10-01 15:39:20,actions-trading,상승모멘텀,055490,seen,,10d357bfbd88
14923639,2026-10-01 15:39:20,actions-trading,상승모멘텀,0126Z0,seen,,beeb0501d3df
14923639,2026-10-01 15:39:20,actions-trading,상승모멘텀,480370,seen,,d6a173b86308
14923639,2026-10-01 15:39:20,actions-trading,상승모멘텀,014680,seen,,284c42ff94f6
14923639,2026-10-01 15:39:20,actions-trading,상승모멘텀,109070,seen,,202185bf09a8
14923639,2026-10-01 15:39:20,actions-trading,상승모멘텀,004710,seen,,c23915d86998
14923639,2026-10-01 15:39:20,actions-trading,상승모멘텀,011690,seen,,d2877a850aec
14923639,2026-10-01 15:39:20,actions-trading,상승모멘텀,195870,seen,,47ebd9291a18
14923639,2026-10-01 15:39:20,actions-trading,상승모멘텀,093050,seen,,1fff6f4c0a23
14923639,2026-10-01 15:39:20,actions-trading,상승모멘텀,112610,seen,,457f5797b410
14923639,2026-10-01 15:39:20,actions-trading,상승모멘텀,35320K,seen,,bb2cdf1a5b08
14923639,2026-10-01 15:39:20,actions-trading,상승모멘텀,004105,seen,,83ef108c5042
14923639,2026-10-01 15:39:20,actions-trading,상승모멘텀,007660,seen,,5f2a0cb751f3
14923639,2026-10-01 15:39:20,actions-trading,상승모멘텀,008060,seen,,952837f94107
14923639,2026-10-01 15:39:20,actions-trading,상승모멘텀,002360,seen,,800981cdbcfe
14923639,2026-10-01 15:39:20,actions-trading,상승모멘텀,001820,seen,,61ac6950cbac
14923639,2026-10-01 15:39:20,actions-trading,상승모멘텀,007810,seen,,03a2f6535731
14923639,2026-10-01 15:39:20,actions-trading,Sim4-1,084010,skip,period,610fa0d5eb07
14923639,2026-10-01 15:39:20,actions-trading,Sim4-1,248070,skip,period,9682f91924bc
14923639,2026-10-01 15:39:20,actions-trading,Sim4-1,192650,skip,period,6bece1a7b3fd
14923639,2026-10-01 15:39:20,actions-trading,Sim4-1,003160,skip,held_or_cooldown,21e93478e932
14923639,2026-10-01 15:39:20,actions-trading,Sim4-1,001360,skip,adx_low,1eddb46c9b80
14923639,2026-10-01 15:39:20,actions-trading,Sim4-1,353200,skip,adx_high,ddfcee17eb9e
14923639,2026-10-01 15:39:20,actions-trading,Sim4-1,003350,skip,adx_low,f03b0d68e22e
14923639,2026-10-01 15:39:20,actions-trading,Sim4-1,005430,skip,amount,20938381b7ec
14923639,2026-10-01 15:39:20,actions-trading,Sim4-1,036570,skip,period,1af5df51ebb5
14923639,2026-10-01 15:39:20,actions-trading,Sim4-1,009420,skip,period,7746de020e7e
14923639,2026-10-01 15:39:20,actions-trading,Sim4-1,023150,skip,amount,aeb01a9554e1
14923639,2026-10-01 15:39:20,actions-trading,Sim4-1,069640,skip,amount,378db1d9ad69
14923639,2026-10-01 15:39:20,actions-trading,Sim4-1,012030,skip,adx_high,cc563be1a65f
14923639,2026-10-01 15:39:20,actions-trading,Sim4-1,055490,skip,amount,10d357bfbd88
14923639,2026-10-01 15:39:20,actions-trading,Sim4-1,0126Z0,skip,adx_high,beeb0501d3df
14923639,2026-10-01 15:39:20,actions-trading,Sim4-1,480370,skip,amount,d6a173b86308
14923639,2026-10-01 15:39:20,actions-trading,Sim4-1,014680,skip,adx_high,284c42ff94f6
14923639,2026-10-01 15:39:20,actions-trading,Sim4-1,109070,skip,amount,202185bf09a8
14923639,2026-10-01 15:39:20,actions-trading,Sim4-1,004710,skip,adx_high,c23915d86998
14923639,2026-10-01 15:39:20,actions-trading,Sim4-1,011690,skip,period,d2877a850aec
14923639,2026-10-01 15:39:20,actions-trading,Sim4-1,195870,skip,held_or_cooldown,47ebd9291a18
14923639,2026-10-01 15:39:20,actions-trading,Sim4-1,093050,skip,amount,1fff6f4c0a23
14923639,2026-10-01 15:39:20,actions-trading,Sim4-1,112610,skip,period,457f5797b410
14923639,2026-10-01 15:39:20,actions-trading,Sim4-1,35320K,skip,amount,bb2cdf1a5b08
14923639,2026-10-01 15:39:20,actions-trading,Sim4-1,004105,skip,amount,83ef108c5042
14923639,2026-10-01 15:39:20,actions-trading,Sim4-1,007660,skip,held_or_cooldown,5f2a0cb751f3
14923639,2026-10-01 15:39:20,actions-trading,Sim4-1,008060,skip,amount,952837f94107
14923639,2026-10-01 15:39:20,actions-trading,Sim4-1,002360,skip,amount,800981cdbcfe
14923639,2026-10-01 15:39:20,actions-trading,Sim4-1,001820,skip,adx_low,61ac6950cbac
14923639,2026-10-01 15:39:20,actions-trading,Sim4-1,007810,skip,adx_high,03a2f6535731
14923639,2026-10-01 15:39:22,actions-trading,선행매집,005930,skip,below_anchor,2b9f2c800c45
14923639,2026-10-01 15:39:22,actions-trading,선행매집,005935,skip,below_anchor,1d92adab7b5a
14923639,2026-10-01 15:39:22,actions-trading,선행매집,000660,skip,below_anchor,20026eb9d778
14923639,2026-10-01 15:39:22,actions-trading,선행매집,192650,skip,no_setup,6bece1a7b3fd
14923639,2026-10-01 15:39:22,actions-trading,선행매집,028670,skip,held_awaiting_breakout,5a692f426eb1
14923639,2026-10-01 15:39:22,actions-trading,선행매집,248070,skip,below_anchor,9682f91924bc
14923639,2026-10-01 15:39:22,actions-trading,선행매집,003280,skip,below_anchor,bbe2aeeef585
14923639,2026-10-01 15:39:22,actions-trading,선행매집,073240,skip,below_anchor,93a32f6a2876
14923639,2026-10-01 15:39:22,actions-trading,선행매집,034220,skip,below_anchor,5ede1630b4e5
14923639,2026-10-01 15:39:22,actions-trading,선행매집,011200,skip,below_anchor,64baf242aee3
14923639,2026-10-01 15:39:22,actions-trading,선행매집,007660,skip,below_anchor,5f2a0cb751f3
14923639,2026-10-01 15:39:22,actions-trading,선행매집,001820,skip,below_anchor,61ac6950cbac
14923639,2026-10-01 15:39:22,actions-trading,선행매집,001360,skip,below_anchor,1eddb46c9b80
14923639,2026-10-01 15:39:22,actions-trading,선행매집,093370,skip,below_anchor,81bc397e254c
14923639,2026-10-01 15:39:22,actions-trading,선행매집,002990,skip,below_anchor,0175bd8078fa
14923639,2026-10-01 15:39:22,actions-trading,선행매집,005880,skip,below_anchor,4a29f4235dd6
14923639,2026-10-01 15:39:22,actions-trading,선행매집,003160,skip,no_setup,21e93478e932
14923639,2026-10-01 15:39:22,actions-trading,선행매집,068270,skip,below_anchor,51937fd75b18
14923639,2026-10-01 15:39:22,actions-trading,선행매집,272210,skip,below_anchor,c46b5e036b20
14923639,2026-10-01 15:39:22,actions-trading,선행매집,006800,skip,below_anchor,af6abb227e34
14923639,2026-10-01 15:39:22,actions-trading,선행매집,005360,skip,amount,1abdceb69ccd
14923639,2026-10-01 15:39:22,actions-trading,선행매집,003350,skip,below_anchor,f03b0d68e22e
14923639,2026-10-01 15:39:22,actions-trading,선행매집,001740,skip,below_anchor,2a7d2d6e3a99
14923639,2026-10-01 15:39:22,actions-trading,선행매집,001210,skip,below_anchor,6588581c259d
14923639,2026-10-01 15:39:22,actions-trading,선행매집,001510,skip,below_anchor,3a6cb5873ed1
14923639,2026-10-01 15:39:22,actions-trading,선행매집,017670,skip,below_anchor,597a5d4457b3
14923639,2026-10-01 15:39:22,actions-trading,선행매집,002700,skip,amount,c594fff96c0b
14923639,2026-10-01 15:39:22,actions-trading,선행매집,064400,skip,below_anchor,1ea66d5bc608
14923639,2026-10-01 15:39:22,actions-trading,선행매집,001200,skip,below_anchor,e1e0b642f659
14923639,2026-10-01 15:39:22,actions-trading,선행매집,019170,skip,below_anchor,cb180ef18c8e
14923639,2026-10-01 15:39:22,actions-trading,Sim9,_gate,skip,outside_entry_window,e3b0c44298fc
14923639,2026-10-01 15:39:22,actions-trading,Sim9,084010,seen,,610fa0d5eb07
14923639,2026-10-01 15:39:22,actions-trading,Sim9,248070,seen,,9682f91924bc
14923639,2026-10-01 15:39:22,actions-trading,Sim9,192650,seen,,6bece1a7b3fd
14923639,2026-10-01 15:39:22,actions-trading,Sim9,003160,seen,,21e93478e932
14923639,2026-10-01 15:39:22,actions-trading,Sim9,001360,seen,,1eddb46c9b80
14923639,2026-10-01 15:39:22,actions-trading,Sim9,353200,seen,,ddfcee17eb9e
14923639,2026-10-01 15:39:22,actions-trading,Sim9,003350,seen,,f03b0d68e22e
14923639,2026-10-01 15:39:22,actions-trading,Sim9,005430,seen,,20938381b7ec
14923639,2026-10-01 15:39:22,actions-trading,Sim9,036570,seen,,1af5df51ebb5
14923639,2026-10-01 15:39:22,actions-trading,Sim9,009420,seen,,7746de020e7e
14923639,2026-10-01 15:39:22,actions-trading,Sim9,023150,seen,,aeb01a9554e1
14923639,2026-10-01 15:39:22,actions-trading,Sim9,069640,seen,,378db1d9ad69
14923639,2026-10-01 15:39:22,actions-trading,Sim9,012030,seen,,cc563be1a65f
14923639,2026-10-01 15:39:22,actions-trading,Sim9,055490,seen,,10d357bfbd88
14923639,2026-10-01 15:39:22,actions-trading,Sim9,0126Z0,seen,,beeb0501d3df
14923639,2026-10-01 15:39:22,actions-trading,Sim9,480370,seen,,d6a173b86308
14923639,2026-10-01 15:39:22,actions-trading,Sim9,014680,seen,,284c42ff94f6
14923639,2026-10-01 15:39:22,actions-trading,Sim9,109070,seen,,202185bf09a8
14923639,2026-10-01 15:39:22,actions-trading,Sim9,004710,seen,,c23915d86998
14923639,2026-10-01 15:39:22,actions-trading,Sim9,011690,seen,,d2877a850aec
14923639,2026-10-01 15:39:22,actions-trading,Sim9,195870,seen,,47ebd9291a18
14923639,2026-10-01 15:39:22,actions-trading,Sim9,093050,seen,,1fff6f4c0a23
14923639,2026-10-01 15:39:22,actions-trading,Sim9,112610,seen,,457f5797b410
14923639,2026-10-01 15:39:22,actions-trading,Sim9,35320K,seen,,bb2cdf1a5b08
14923639,2026-10-01 15:39:22,actions-trading,Sim9,004105,seen,,83ef108c5042
14923639,2026-10-01 15:39:22,actions-trading,Sim9,007660,seen,,5f2a0cb751f3
14923639,2026-10-01 15:39:22,actions-trading,Sim9,008060,seen,,952837f94107
14923639,2026-10-01 15:39:22,actions-trading,Sim9,002360,seen,,800981cdbcfe
14923639,2026-10-01 15:39:22,actions-trading,Sim9,001820,seen,,61ac6950cbac
14923639,2026-10-01 15:39:22,actions-trading,Sim9,007810,seen,,03a2f6535731
14923639,2026-10-01 15:39:22,actions-trading,미너비니,192820,skip,below_pivot,730aba2b9b42
14923639,2026-10-01 15:39:22,actions-trading,미너비니,443060,skip,below_pivot,94d25f1e4a82
14923639,2026-10-01 15:39:22,actions-trading,미너비니,020120,skip,below_pivot,16d64ef0325e
14923639,2026-10-01 15:39:23,actions-trading,Sim12,084010,skip,avoid_frgn_sell_20d,610fa0d5eb07
14923639,2026-10-01 15:39:23,actions-trading,Sim12,248070,skip,avoid_frgn_sell_20d,9682f91924bc
14923639,2026-10-01 15:39:23,actions-trading,Sim12,192650,skip,pb2_not_crashed,6bece1a7b3fd
14923639,2026-10-01 15:39:23,actions-trading,Sim12,003160,skip,pb2_not_crashed,21e93478e932
14923639,2026-10-01 15:39:23,actions-trading,Sim12,001360,skip,pb2_not_crashed,1eddb46c9b80
14923639,2026-10-01 15:39:23,actions-trading,Sim12,353200,skip,avoid_orgn_sell_high_per,ddfcee17eb9e
14923639,2026-10-01 15:39:23,actions-trading,Sim12,003350,skip,pb2_not_crashed,f03b0d68e22e
14923639,2026-10-01 15:39:23,actions-trading,Sim12,005430,skip,pb2_not_crashed,20938381b7ec
14923639,2026-10-01 15:39:23,actions-trading,Sim12,036570,skip,pb2_not_crashed,1af5df51ebb5
14923639,2026-10-01 15:39:23,actions-trading,Sim12,009420,skip,pb2_no_inst_buying,7746de020e7e
14923639,2026-10-01 15:39:23,actions-trading,Sim12,023150,skip,avoid_frgn_sell_20d,aeb01a9554e1
14923639,2026-10-01 15:39:23,actions-trading,Sim12,069640,skip,avoid_frgn_sell_20d,378db1d9ad69
14923639,2026-10-01 15:39:23,actions-trading,Sim12,012030,skip,avoid_frgn_sell_20d,cc563be1a65f
14923639,2026-10-01 15:39:23,actions-trading,Sim12,055490,skip,avoid_frgn_sell_20d,10d357bfbd88
14923639,2026-10-01 15:39:23,actions-trading,Sim12,0126Z0,skip,avoid_frgn_sell_20d,beeb0501d3df
14923639,2026-10-01 15:39:23,actions-trading,Sim12,480370,skip,pb2_not_crashed,d6a173b86308
14923639,2026-10-01 15:39:23,actions-trading,Sim12,014680,skip,pb2_not_crashed,284c42ff94f6
14923639,2026-10-01 15:39:23,actions-trading,Sim12,109070,skip,pb2_not_crashed,202185bf09a8
14923639,2026-10-01 15:39:23,actions-trading,Sim12,004710,skip,avoid_frgn_sell_20d,c23915d86998
14923639,2026-10-01 15:39:23,actions-trading,Sim12,011690,skip,pb2_not_crashed,d2877a850aec
14923639,2026-10-01 15:39:23,actions-trading,Sim12,195870,skip,pb2_not_crashed,47ebd9291a18
14923639,2026-10-01 15:39:23,actions-trading,Sim12,093050,skip,avoid_frgn_sell_20d,1fff6f4c0a23
14923639,2026-10-01 15:39:23,actions-trading,Sim12,112610,skip,avoid_frgn_sell_20d,457f5797b410
14923639,2026-10-01 15:39:23,actions-trading,Sim12,35320K,skip,pb2_not_crashed,bb2cdf1a5b08
14923639,2026-10-01 15:39:23,actions-trading,Sim12,004105,skip,pb2_not_crashed,83ef108c5042
14923639,2026-10-01 15:39:23,actions-trading,Sim12,007660,skip,pb2_not_crashed,5f2a0cb751f3
14923639,2026-10-01 15:39:23,actions-trading,Sim12,008060,skip,avoid_orgn_sell_high_per,952837f94107
14923639,2026-10-01 15:39:23,actions-trading,Sim12,002360,skip,pb2_not_crashed,800981cdbcfe
14923639,2026-10-01 15:39:23,actions-trading,Sim12,001820,skip,pb2_not_crashed,61ac6950cbac
14923639,2026-10-01 15:39:23,actions-trading,Sim12,007810,skip,avoid_orgn_sell_high_per,03a2f6535731
14923639,2026-10-01 15:39:23,actions-trading,Sim12,009190,skip,pb2_no_inst_buying,4fceac9306af
14923639,2026-10-01 15:39:23,actions-trading,Sim12,051630,skip,pb2_not_crashed,ba44930f3f66
14923639,2026-10-01 15:39:23,actions-trading,Sim12,002820,skip,pb2_no_inst_buying,641d8d6539ba
14923639,2026-10-01 15:39:23,actions-trading,Sim12,452260,skip,pb2_not_crashed,8556efea77cc
14923639,2026-10-01 15:39:23,actions-trading,Sim12,005030,skip,avoid_amount_dry,08ed79ad2979
14923639,2026-10-01 15:39:23,actions-trading,Sim12,002787,skip,avoid_amount_dry,a295a89dd91f
14923639,2026-10-01 15:39:23,actions-trading,Sim12,010950,skip,pb2_not_crashed,6d492a7cf7da
14923639,2026-10-01 15:39:23,actions-trading,Sim12,010955,skip,pb2_not_crashed,a2b96b713811
14923639,2026-10-01 15:39:23,actions-trading,Sim12,071090,skip,pb2_not_crashed,8e7050ff2982
14923639,2026-10-01 15:39:23,actions-trading,Sim12,007110,skip,avoid_amount_dry,5793a833536b
14923639,2026-10-01 15:39:23,actions-trading,Sim12,361610,skip,pb2_not_crashed,ed29c658f48d
14923639,2026-10-01 15:39:23,actions-trading,Sim12,001770,skip,pb2_thin_liquidity,7335a6aa8cd1
14923639,2026-10-01 15:39:23,actions-trading,Sim12,096770,skip,pb2_not_crashed,59ba3031f600
14923639,2026-10-01 15:39:23,actions-trading,Sim12,011090,skip,avoid_amount_dry,9cad8ae20256
14923639,2026-10-01 15:39:23,actions-trading,Sim12,002070,skip,avoid_amount_dry,7bc68f6689b8
14923639,2026-10-01 15:39:23,actions-trading,Sim12,002690,skip,avoid_frgn_sell_20d,bcdb3f75848e
14923639,2026-10-01 15:39:23,actions-trading,Sim12,487570,skip,pb2_not_crashed,8975d9c83578
14923639,2026-10-01 15:39:23,actions-trading,Sim12,003030,skip,pb2_not_crashed,555025eea692
14923639,2026-10-01 15:39:23,actions-trading,Sim12,006200,skip,pb2_no_inst_buying,9707bbb4ebcd
14923639,2026-10-01 15:39:23,actions-trading,Sim12,003780,skip,avoid_frgn_sell_20d,db477dbb99a8
14923639,2026-10-01 15:39:23,actions-trading,Sim12,003580,skip,pb2_not_crashed,f77aba28adf9
14923639,2026-10-01 15:39:23,actions-trading,Sim12,044450,skip,pb2_not_crashed,f65bdb3d7614
14923639,2026-10-01 15:39:23,actions-trading,Sim12,003075,skip,pb2_not_crashed,92bb1c05d957
14923639,2026-10-01 15:39:23,actions-trading,Sim12,316140,skip,pb2_not_crashed,6edab71c6abd
14923639,2026-10-01 15:39:23,actions-trading,Sim12,078930,skip,pb2_thin_liquidity,f6f505cddefb
14923639,2026-10-01 15:39:23,actions-trading,Sim12,009810,skip,pb2_not_crashed,3502294e875d
14923639,2026-10-01 15:39:23,actions-trading,Sim12,005010,skip,pb2_not_crashed,2891b78fa1c8
14923639,2026-10-01 15:39:23,actions-trading,Sim12,024890,skip,avoid_frgn_sell_20d,c75e79ad598d
14923639,2026-10-01 15:39:23,actions-trading,Sim12,017940,skip,pb2_not_crashed,e69bf003063c
14923639,2026-10-01 15:39:23,actions-trading,Sim12,010640,skip,avoid_frgn_sell_20d,acce89d725fb
14923639,2026-10-01 15:39:23,actions-trading,Sim13,084010,skip,theme_momentum_weak,610fa0d5eb07
14923639,2026-10-01 15:39:23,actions-trading,Sim13,248070,skip,theme_momentum_weak,9682f91924bc
14923639,2026-10-01 15:39:23,actions-trading,Sim13,192650,skip,no_frgn_support,6bece1a7b3fd
14923639,2026-10-01 15:39:23,actions-trading,Sim13,003160,skip,no_frgn_support,21e93478e932
14923639,2026-10-01 15:39:23,actions-trading,Sim13,001360,skip,theme_momentum_weak,1eddb46c9b80
14923639,2026-10-01 15:39:23,actions-trading,Sim13,353200,skip,adx_weak,ddfcee17eb9e
14923639,2026-10-01 15:39:23,actions-trading,Sim13,003350,skip,theme_momentum_weak,f03b0d68e22e
14923639,2026-10-01 15:39:23,actions-trading,Sim13,005430,skip,theme_momentum_weak,20938381b7ec
14923639,2026-10-01 15:39:23,actions-trading,Sim13,036570,skip,theme_momentum_weak,1af5df51ebb5
14923639,2026-10-01 15:39:23,actions-trading,Sim13,009420,skip,theme_momentum_weak,7746de020e7e
14923639,2026-10-01 15:39:23,actions-trading,Sim13,023150,skip,theme_momentum_weak,aeb01a9554e1
14923639,2026-10-01 15:39:23,actions-trading,Sim13,069640,skip,theme_momentum_weak,378db1d9ad69
14923639,2026-10-01 15:39:23,actions-trading,Sim13,012030,skip,adx_weak,cc563be1a65f
14923639,2026-10-01 15:39:23,actions-trading,Sim13,055490,skip,theme_momentum_weak,10d357bfbd88
14923639,2026-10-01 15:39:23,actions-trading,Sim13,0126Z0,skip,theme_momentum_weak,beeb0501d3df
14923639,2026-10-01 15:39:23,actions-trading,Sim13,480370,skip,adx_weak,d6a173b86308
14923639,2026-10-01 15:39:23,actions-trading,Sim13,014680,skip,no_frgn_support,284c42ff94f6
14923639,2026-10-01 15:39:23,actions-trading,Sim13,109070,skip,amount_not_surprised,202185bf09a8
14923639,2026-10-01 15:39:23,actions-trading,Sim13,004710,skip,no_frgn_support,c23915d86998
14923639,2026-10-01 15:39:23,actions-trading,Sim13,011690,skip,theme_momentum_weak,d2877a850aec
14923639,2026-10-01 15:39:23,actions-trading,Sim13,195870,skip,adx_weak,47ebd9291a18
14923639,2026-10-01 15:39:23,actions-trading,Sim13,093050,skip,theme_momentum_weak,1fff6f4c0a23
14923639,2026-10-01 15:39:23,actions-trading,Sim13,112610,skip,theme_momentum_weak,457f5797b410
14923639,2026-10-01 15:39:23,actions-trading,Sim13,35320K,skip,theme_momentum_weak,bb2cdf1a5b08
14923639,2026-10-01 15:39:23,actions-trading,Sim13,004105,skip,no_frgn_support,83ef108c5042
14923639,2026-10-01 15:39:23,actions-trading,Sim13,007660,skip,theme_momentum_weak,5f2a0cb751f3
14923639,2026-10-01 15:39:23,actions-trading,Sim13,008060,skip,theme_momentum_weak,952837f94107
14923639,2026-10-01 15:39:23,actions-trading,Sim13,002360,skip,amount_not_surprised,800981cdbcfe
14923639,2026-10-01 15:39:23,actions-trading,Sim13,001820,skip,adx_weak,61ac6950cbac
14923639,2026-10-01 15:39:23,actions-trading,Sim13,007810,skip,adx_weak,03a2f6535731
14923640,2026-10-01 15:41:22,actions-trading,MFHS2,005935,skip,max_holdings,f39a31c3ff82
14923640,2026-10-01 15:41:22,actions-trading,MFHS2,003280,seen,,e93cce4922f8
14923640,2026-10-01 15:41:22,actions-trading,MFHS2,003160,seen,,69ec6ad10403
14923640,2026-10-01 15:41:22,actions-trading,MFHS2,248070,seen,,9682f91924bc
14923640,2026-10-01 15:41:22,actions-trading,MFHS2,001360,seen,,f248524b10f6
14923640,2026-10-01 15:41:22,actions-trading,MFHS2,001820,seen,,160d1e9987c1
14923640,2026-10-01 15:41:22,actions-trading,MFHS2,034220,seen,,cecdd2aa2890
14923640,2026-10-01 15:41:22,actions-trading,MFHS2,007660,seen,,810e11ffe449
14923640,2026-10-01 15:41:22,actions-trading,MFHS2,002990,seen,,d4e3693a9052
14923640,2026-10-01 15:41:22,actions-trading,MFHS2,001740,seen,,0325ace4afe0
14923640,2026-10-01 15:41:22,actions-trading,MFHS2,073240,seen,,93a32f6a2876
14923640,2026-10-01 15:41:22,actions-trading,MFHS2,068270,seen,,58b3a67820e3
14923640,2026-10-01 15:41:22,actions-trading,MFHS2,005360,seen,,b98fad09d245
14923640,2026-10-01 15:41:22,actions-trading,MFHS2,003350,seen,,547750a4bf01
14923640,2026-10-01 15:41:22,actions-trading,MFHS2,090460,seen,,051cb8b41898
14923640,2026-10-01 15:41:22,actions-trading,MFHS2,006800,seen,,4515e1b47dee
14923640,2026-10-01 15:41:22,actions-trading,MFHS2,005880,seen,,6d2d7b9c5d30
14923640,2026-10-01 15:41:22,actions-trading,MFHS2,001510,seen,,964b14c5b620
14923640,2026-10-01 15:41:22,actions-trading,MFHS2,001210,seen,,f05c582fd953
14923640,2026-10-01 15:41:22,actions-trading,MFHS2,001200,seen,,0556ca653eac
14923640,2026-10-01 15:41:22,actions-trading,MFHS2,064400,seen,,50a8afa9dcd8
14923640,2026-10-01 15:41:22,actions-trading,MFHS2,005690,seen,,5fb918577116
14923640,2026-10-01 15:41:22,actions-trading,MFHS2,272210,seen,,c3eff6e5cca4
14923640,2026-10-01 15:41:22,actions-trading,MFHS2,019170,seen,,cb180ef18c8e
14923640,2026-10-01 15:41:22,actions-trading,MFHS2,002700,seen,,2cf39e4e17bc
14923640,2026-10-01 15:41:22,actions-trading,MFHS2,003520,seen,,2a7816258f35
14923640,2026-10-01 15:41:22,actions-trading,MFHS2,000400,seen,,acb261d672bf
14923640,2026-10-01 15:41:22,actions-trading,MFHS2,137310,seen,,966d67ba1aa6
14923640,2026-10-01 15:41:22,actions-trading,MFHS2,032350,seen,,fa53294648ed
14923640,2026-10-01 15:41:22,actions-trading,MFHS2,249420,seen,,26171f4840c0
14923640,2026-10-01 15:41:24,actions-trading,상승모멘텀,084010,skip,max_holdings,3cf0f1bb5ed5
14923640,2026-10-01 15:41:24,actions-trading,상승모멘텀,248070,seen,,9682f91924bc
14923640,2026-10-01 15:41:24,actions-trading,상승모멘텀,192650,seen,,6bece1a7b3fd
14923640,2026-10-01 15:41:24,actions-trading,상승모멘텀,003160,seen,,69ec6ad10403
14923640,2026-10-01 15:41:24,actions-trading,상승모멘텀,001360,seen,,f248524b10f6
14923640,2026-10-01 15:41:24,actions-trading,상승모멘텀,353200,seen,,81db5744ec60
14923640,2026-10-01 15:41:24,actions-trading,상승모멘텀,003350,seen,,547750a4bf01
14923640,2026-10-01 15:41:24,actions-trading,상승모멘텀,005430,seen,,20938381b7ec
14923640,2026-10-01 15:41:24,actions-trading,상승모멘텀,036570,seen,,b48bcfca7d52
14923640,2026-10-01 15:41:24,actions-trading,상승모멘텀,009420,seen,,7746de020e7e
14923640,2026-10-01 15:41:24,actions-trading,상승모멘텀,023150,seen,,16bf6a508de1
14923640,2026-10-01 15:41:24,actions-trading,상승모멘텀,069640,seen,,378db1d9ad69
14923640,2026-10-01 15:41:24,actions-trading,상승모멘텀,012030,seen,,7f486f86d66d
14923640,2026-10-01 15:41:24,actions-trading,상승모멘텀,055490,seen,,26ecd1b3073b
14923640,2026-10-01 15:41:24,actions-trading,상승모멘텀,0126Z0,seen,,beeb0501d3df
14923640,2026-10-01 15:41:24,actions-trading,상승모멘텀,480370,seen,,0c116d300a9d
14923640,2026-10-01 15:41:24,actions-trading,상승모멘텀,014680,seen,,c6c8159d0e87
14923640,2026-10-01 15:41:24,actions-trading,상승모멘텀,109070,seen,,202185bf09a8
14923640,2026-10-01 15:41:24,actions-trading,상승모멘텀,004710,seen,,ff6a73951dcb
14923640,2026-10-01 15:41:24,actions-trading,상승모멘텀,011690,seen,,df7022e949da
14923640,2026-10-01 15:41:24,actions-trading,상승모멘텀,195870,seen,,47ebd9291a18
14923640,2026-10-01 15:41:24,actions-trading,상승모멘텀,093050,seen,,55ebc5388547
14923640,2026-10-01 15:41:24,actions-trading,상승모멘텀,112610,seen,,db1c861bf47a
14923640,2026-10-01 15:41:24,actions-trading,상승모멘텀,35320K,seen,,bb2cdf1a5b08
14923640,2026-10-01 15:41:24,actions-trading,상승모멘텀,004105,seen,,b56cd595048e
14923640,2026-10-01 15:41:24,actions-trading,상승모멘텀,007660,seen,,810e11ffe449
14923640,2026-10-01 15:41:24,actions-trading,상승모멘텀,008060,seen,,3859a3311009
14923640,2026-10-01 15:41:24,actions-trading,상승모멘텀,002360,seen,,57f6f413570c
14923640,2026-10-01 15:41:24,actions-trading,상승모멘텀,001820,seen,,160d1e9987c1
14923640,2026-10-01 15:41:24,actions-trading,상승모멘텀,007810,seen,,80e901ee9379
14923640,2026-10-01 15:41:24,actions-trading,Sim4-1,084010,skip,period,3cf0f1bb5ed5
14923640,2026-10-01 15:41:24,actions-trading,Sim4-1,248070,skip,period,9682f91924bc
14923640,2026-10-01 15:41:24,actions-trading,Sim4-1,192650,skip,period,6bece1a7b3fd
14923640,2026-10-01 15:41:24,actions-trading,Sim4-1,003160,skip,held_or_cooldown,69ec6ad10403
14923640,2026-10-01 15:41:24,actions-trading,Sim4-1,001360,skip,adx_low,f248524b10f6
14923640,2026-10-01 15:41:24,actions-trading,Sim4-1,353200,skip,adx_high,81db5744ec60
14923640,2026-10-01 15:41:24,actions-trading,Sim4-1,003350,skip,adx_low,547750a4bf01
14923640,2026-10-01 15:41:24,actions-trading,Sim4-1,005430,skip,amount,20938381b7ec
14923640,2026-10-01 15:41:24,actions-trading,Sim4-1,036570,skip,period,b48bcfca7d52
14923640,2026-10-01 15:41:24,actions-trading,Sim4-1,009420,skip,period,7746de020e7e
14923640,2026-10-01 15:41:24,actions-trading,Sim4-1,023150,skip,amount,16bf6a508de1
14923640,2026-10-01 15:41:24,actions-trading,Sim4-1,069640,skip,amount,378db1d9ad69
14923640,2026-10-01 15:41:24,actions-trading,Sim4-1,012030,skip,adx_high,7f486f86d66d
14923640,2026-10-01 15:41:24,actions-trading,Sim4-1,055490,skip,amount,26ecd1b3073b
14923640,2026-10-01 15:41:24,actions-trading,Sim4-1,0126Z0,skip,adx_high,beeb0501d3df
14923640,2026-10-01 15:41:24,actions-trading,Sim4-1,480370,skip,amount,0c116d300a9d
14923640,2026-10-01 15:41:24,actions-trading,Sim4-1,014680,skip,adx_high,c6c8159d0e87
14923640,2026-10-01 15:41:24,actions-trading,Sim4-1,109070,skip,amount,202185bf09a8
14923640,2026-10-01 15:41:24,actions-trading,Sim4-1,004710,skip,adx_high,ff6a73951dcb
14923640,2026-10-01 15:41:24,actions-trading,Sim4-1,011690,skip,period,df7022e949da
14923640,2026-10-01 15:41:24,actions-trading,Sim4-1,195870,skip,held_or_cooldown,47ebd9291a18
14923640,2026-10-01 15:41:24,actions-trading,Sim4-1,093050,skip,amount,55ebc5388547
14923640,2026-10-01 15:41:24,actions-trading,Sim4-1,112610,skip,period,db1c861bf47a
14923640,2026-10-01 15:41:24,actions-trading,Sim4-1,35320K,skip,amount,bb2cdf1a5b08
14923640,2026-10-01 15:41:24,actions-trading,Sim4-1,004105,skip,amount,b56cd595048e
14923640,2026-10-01 15:41:24,actions-trading,Sim4-1,007660,skip,held_or_cooldown,810e11ffe449
14923640,2026-10-01 15:41:24,actions-trading,Sim4-1,008060,skip,amount,3859a3311009
14923640,2026-10-01 15:41:24,actions-trading,Sim4-1,002360,skip,amount,57f6f413570c
14923640,2026-10-01 15:41:24,actions-trading,Sim4-1,001820,skip,adx_low,160d1e9987c1
14923640,2026-10-01 15:41:24,actions-trading,Sim4-1,007810,skip,adx_high,80e901ee9379
14923640,2026-10-01 15:41:25,actions-trading,선행매집,005930,skip,below_anchor,27c237078357
14923640,2026-10-01 15:41:25,actions-trading,선행매집,005935,skip,below_anchor,f39a31c3ff82
14923640,2026-10-01 15:41:25,actions-trading,선행매집,000660,skip,below_anchor,27c956515859
14923640,2026-10-01 15:41:25,actions-trading,선행매집,192650,skip,no_setup,6bece1a7b3fd
14923640,2026-10-01 15:41:25,actions-trading,선행매집,028670,skip,held_awaiting_breakout,5573cb8da36b
14923640,2026-10-01 15:41:25,actions-trading,선행매집,248070,skip,below_anchor,9682f91924bc
14923640,2026-10-01 15:41:25,actions-trading,선행매집,003280,skip,below_anchor,e93cce4922f8
14923640,2026-10-01 15:41:25,actions-trading,선행매집,073240,skip,below_anchor,93a32f6a2876
14923640,2026-10-01 15:41:25,actions-trading,선행매집,034220,skip,below_anchor,cecdd2aa2890
14923640,2026-10-01 15:41:25,actions-trading,선행매집,011200,skip,below_anchor,64baf242aee3
14923640,2026-10-01 15:41:25,actions-trading,선행매집,007660,skip,below_anchor,810e11ffe449
14923640,2026-10-01 15:41:25,actions-trading,선행매집,001820,skip,below_anchor,160d1e9987c1
14923640,2026-10-01 15:41:25,actions-trading,선행매집,001360,skip,below_anchor,f248524b10f6
14923640,2026-10-01 15:41:25,actions-trading,선행매집,093370,skip,below_anchor,62cb000dca32
14923640,2026-10-01 15:41:25,actions-trading,선행매집,002990,skip,below_anchor,d4e3693a9052
14923640,2026-10-01 15:41:25,actions-trading,선행매집,005880,skip,below_anchor,6d2d7b9c5d30
14923640,2026-10-01 15:41:25,actions-trading,선행매집,003160,skip,no_setup,69ec6ad10403
14923640,2026-10-01 15:41:25,actions-trading,선행매집,068270,skip,below_anchor,58b3a67820e3
14923640,2026-10-01 15:41:25,actions-trading,선행매집,272210,skip,below_anchor,c3eff6e5cca4
14923640,2026-10-01 15:41:25,actions-trading,선행매집,006800,skip,below_anchor,4515e1b47dee
14923640,2026-10-01 15:41:25,actions-trading,선행매집,005360,skip,amount,b98fad09d245
14923640,2026-10-01 15:41:25,actions-trading,선행매집,003350,skip,below_anchor,547750a4bf01
14923640,2026-10-01 15:41:25,actions-trading,선행매집,001740,skip,below_anchor,0325ace4afe0
14923640,2026-10-01 15:41:25,actions-trading,선행매집,001210,skip,below_anchor,f05c582fd953
14923640,2026-10-01 15:41:25,actions-trading,선행매집,001510,skip,below_anchor,964b14c5b620
14923640,2026-10-01 15:41:25,actions-trading,선행매집,017670,skip,below_anchor,be5fed2bfd07
14923640,2026-10-01 15:41:25,actions-trading,선행매집,002700,skip,amount,2cf39e4e17bc
14923640,2026-10-01 15:41:25,actions-trading,선행매집,064400,skip,below_anchor,50a8afa9dcd8
14923640,2026-10-01 15:41:25,actions-trading,선행매집,001200,skip,below_anchor,0556ca653eac
14923640,2026-10-01 15:41:25,actions-trading,선행매집,019170,skip,below_anchor,cb180ef18c8e
14923640,2026-10-01 15:41:26,actions-trading,Sim9,_gate,skip,outside_entry_window,e3b0c44298fc
14923640,2026-10-01 15:41:26,actions-trading,Sim9,084010,seen,,3cf0f1bb5ed5
14923640,2026-10-01 15:41:26,actions-trading,Sim9,248070,seen,,9682f91924bc
14923640,2026-10-01 15:41:26,actions-trading,Sim9,192650,seen,,6bece1a7b3fd
14923640,2026-10-01 15:41:26,actions-trading,Sim9,003160,seen,,69ec6ad10403
14923640,2026-10-01 15:41:26,actions-trading,Sim9,001360,seen,,f248524b10f6
14923640,2026-10-01 15:41:26,actions-trading,Sim9,353200,seen,,81db5744ec60
14923640,2026-10-01 15:41:26,actions-trading,Sim9,003350,seen,,547750a4bf01
14923640,2026-10-01 15:41:26,actions-trading,Sim9,005430,seen,,20938381b7ec
14923640,2026-10-01 15:41:26,actions-trading,Sim9,036570,seen,,b48bcfca7d52
14923640,2026-10-01 15:41:26,actions-trading,Sim9,009420,seen,,7746de020e7e
14923640,2026-10-01 15:41:26,actions-trading,Sim9,023150,seen,,16bf6a508de1
14923640,2026-10-01 15:41:26,actions-trading,Sim9,069640,seen,,378db1d9ad69
14923640,2026-10-01 15:41:26,actions-trading,Sim9,012030,seen,,7f486f86d66d
14923640,2026-10-01 15:41:26,actions-trading,Sim9,055490,seen,,26ecd1b3073b
14923640,2026-10-01 15:41:26,actions-trading,Sim9,0126Z0,seen,,beeb0501d3df
14923640,2026-10-01 15:41:26,actions-trading,Sim9,480370,seen,,0c116d300a9d
14923640,2026-10-01 15:41:26,actions-trading,Sim9,014680,seen,,c6c8159d0e87
14923640,2026-10-01 15:41:26,actions-trading,Sim9,109070,seen,,202185bf09a8
14923640,2026-10-01 15:41:26,actions-trading,Sim9,004710,seen,,ff6a73951dcb
14923640,2026-10-01 15:41:26,actions-trading,Sim9,011690,seen,,df7022e949da
14923640,2026-10-01 15:41:26,actions-trading,Sim9,195870,seen,,47ebd9291a18
14923640,2026-10-01 15:41:26,actions-trading,Sim9,093050,seen,,55ebc5388547
14923640,2026-10-01 15:41:26,actions-trading,Sim9,112610,seen,,db1c861bf47a
14923640,2026-10-01 15:41:26,actions-trading,Sim9,35320K,seen,,bb2cdf1a5b08
14923640,2026-10-01 15:41:26,actions-trading,Sim9,004105,seen,,b56cd595048e
14923640,2026-10-01 15:41:26,actions-trading,Sim9,007660,seen,,810e11ffe449
14923640,2026-10-01 15:41:26,actions-trading,Sim9,008060,seen,,3859a3311009
14923640,2026-10-01 15:41:26,actions-trading,Sim9,002360,seen,,57f6f413570c
14923640,2026-10-01 15:41:26,actions-trading,Sim9,001820,seen,,160d1e9987c1
14923640,2026-10-01 15:41:26,actions-trading,Sim9,007810,seen,,80e901ee9379
14923640,2026-10-01 15:41:26,actions-trading,미너비니,192820,skip,below_pivot,9f1bcdb9d14d
14923640,2026-10-01 15:41:26,actions-trading,미너비니,443060,skip,below_pivot,20246b25bbc9
14923640,2026-10-01 15:41:26,actions-trading,미너비니,020120,skip,below_pivot,16d64ef0325e
14923640,2026-10-01 15:41:26,actions-trading,Sim12,084010,skip,avoid_frgn_sell_20d,3cf0f1bb5ed5
14923640,2026-10-01 15:41:26,actions-trading,Sim12,248070,skip,avoid_frgn_sell_20d,9682f91924bc
14923640,2026-10-01 15:41:26,actions-trading,Sim12,192650,skip,pb2_not_crashed,6bece1a7b3fd
14923640,2026-10-01 15:41:26,actions-trading,Sim12,003160,skip,pb2_not_crashed,69ec6ad10403
14923640,2026-10-01 15:41:26,actions-trading,Sim12,001360,skip,pb2_not_crashed,f248524b10f6
14923640,2026-10-01 15:41:26,actions-trading,Sim12,353200,skip,avoid_orgn_sell_high_per,81db5744ec60
14923640,2026-10-01 15:41:26,actions-trading,Sim12,003350,skip,pb2_not_crashed,547750a4bf01
14923640,2026-10-01 15:41:26,actions-trading,Sim12,005430,skip,pb2_not_crashed,20938381b7ec
14923640,2026-10-01 15:41:26,actions-trading,Sim12,036570,skip,pb2_not_crashed,b48bcfca7d52
14923640,2026-10-01 15:41:26,actions-trading,Sim12,009420,skip,pb2_no_inst_buying,7746de020e7e
14923640,2026-10-01 15:41:26,actions-trading,Sim12,023150,skip,avoid_frgn_sell_20d,16bf6a508de1
14923640,2026-10-01 15:41:26,actions-trading,Sim12,069640,skip,avoid_frgn_sell_20d,378db1d9ad69
14923640,2026-10-01 15:41:26,actions-trading,Sim12,012030,skip,avoid_frgn_sell_20d,7f486f86d66d
14923640,2026-10-01 15:41:26,actions-trading,Sim12,055490,skip,avoid_frgn_sell_20d,26ecd1b3073b
14923640,2026-10-01 15:41:26,actions-trading,Sim12,0126Z0,skip,avoid_frgn_sell_20d,beeb0501d3df
14923640,2026-10-01 15:41:26,actions-trading,Sim12,480370,skip,pb2_not_crashed,0c116d300a9d
14923640,2026-10-01 15:41:26,actions-trading,Sim12,014680,skip,pb2_not_crashed,c6c8159d0e87
14923640,2026-10-01 15:41:26,actions-trading,Sim12,109070,skip,pb2_not_crashed,202185bf09a8
14923640,2026-10-01 15:41:26,actions-trading,Sim12,004710,skip,avoid_frgn_sell_20d,ff6a73951dcb
14923640,2026-10-01 15:41:26,actions-trading,Sim12,011690,skip,pb2_not_crashed,df7022e949da
14923640,2026-10-01 15:41:26,actions-trading,Sim12,195870,skip,pb2_not_crashed,47ebd9291a18
14923640,2026-10-01 15:41:26,actions-trading,Sim12,093050,skip,avoid_frgn_sell_20d,55ebc5388547
14923640,2026-10-01 15:41:26,actions-trading,Sim12,112610,skip,avoid_frgn_sell_20d,db1c861bf47a
14923640,2026-10-01 15:41:26,actions-trading,Sim12,35320K,skip,pb2_not_crashed,bb2cdf1a5b08
14923640,2026-10-01 15:41:26,actions-trading,Sim12,004105,skip,pb2_not_crashed,b56cd595048e
14923640,2026-10-01 15:41:26,actions-trading,Sim12,007660,skip,pb2_not_crashed,810e11ffe449
14923640,2026-10-01 15:41:26,actions-trading,Sim12,008060,skip,avoid_orgn_sell_high_per,3859a3311009
14923640,2026-10-01 15:41:26,actions-trading,Sim12,002360,skip,pb2_not_crashed,57f6f413570c
14923640,2026-10-01 15:41:26,actions-trading,Sim12,001820,skip,pb2_not_crashed,160d1e9987c1
14923640,2026-10-01 15:41:26,actions-trading,Sim12,007810,skip,avoid_orgn_sell_high_per,80e901ee9379
14923640,2026-10-01 15:41:26,actions-trading,Sim12,009190,skip,pb2_no_inst_buying,43b8f678e9db
14923640,2026-10-01 15:41:26,actions-trading,Sim12,051630,skip,pb2_not_crashed,ba44930f3f66
14923640,2026-10-01 15:41:26,actions-trading,Sim12,002820,skip,pb2_no_inst_buying,641d8d6539ba
14923640,2026-10-01 15:41:26,actions-trading,Sim12,452260,skip,pb2_not_crashed,176ff30b16ca
14923640,2026-10-01 15:41:26,actions-trading,Sim12,005030,skip,avoid_amount_dry,4f3af1fb2dc0
14923640,2026-10-01 15:41:26,actions-trading,Sim12,002787,skip,avoid_amount_dry,a295a89dd91f
14923640,2026-10-01 15:41:26,actions-trading,Sim12,010950,skip,pb2_not_crashed,6d492a7cf7da
14923640,2026-10-01 15:41:26,actions-trading,Sim12,010955,skip,pb2_not_crashed,a2b96b713811
14923640,2026-10-01 15:41:26,actions-trading,Sim12,071090,skip,pb2_not_crashed,a37da7c5dd77
14923640,2026-10-01 15:41:26,actions-trading,Sim12,007110,skip,avoid_amount_dry,5793a833536b
14923640,2026-10-01 15:41:26,actions-trading,Sim12,361610,skip,pb2_not_crashed,ed29c658f48d
14923640,2026-10-01 15:41:26,actions-trading,Sim12,001770,skip,pb2_thin_liquidity,ad1990b06b2f
14923640,2026-10-01 15:41:26,actions-trading,Sim12,096770,skip,pb2_not_crashed,fcf668b45a05
14923640,2026-10-01 15:41:26,actions-trading,Sim12,011090,skip,avoid_amount_dry,9cad8ae20256
14923640,2026-10-01 15:41:26,actions-trading,Sim12,002070,skip,avoid_amount_dry,7bc68f6689b8
14923640,2026-10-01 15:41:26,actions-trading,Sim12,002690,skip,avoid_frgn_sell_20d,bcdb3f75848e
14923640,2026-10-01 15:41:26,actions-trading,Sim12,487570,skip,pb2_not_crashed,55b9693f2b03
14923640,2026-10-01 15:41:26,actions-trading,Sim12,003030,skip,pb2_not_crashed,555025eea692
14923640,2026-10-01 15:41:26,actions-trading,Sim12,006200,skip,pb2_no_inst_buying,19ddf40fa4b1
14923640,2026-10-01 15:41:26,actions-trading,Sim12,003780,skip,avoid_frgn_sell_20d,db477dbb99a8
14923640,2026-10-01 15:41:26,actions-trading,Sim12,003580,skip,pb2_not_crashed,f77aba28adf9
14923640,2026-10-01 15:41:26,actions-trading,Sim12,044450,skip,pb2_not_crashed,d1a3679031b7
14923640,2026-10-01 15:41:26,actions-trading,Sim12,003075,skip,pb2_not_crashed,84cc71a27e53
14923640,2026-10-01 15:41:26,actions-trading,Sim12,316140,skip,pb2_not_crashed,6edab71c6abd
14923640,2026-10-01 15:41:26,actions-trading,Sim12,078930,skip,pb2_thin_liquidity,346399893312
14923640,2026-10-01 15:41:26,actions-trading,Sim12,009810,skip,pb2_not_crashed,3502294e875d
14923640,2026-10-01 15:41:26,actions-trading,Sim12,005010,skip,pb2_not_crashed,731934c11477
14923640,2026-10-01 15:41:26,actions-trading,Sim12,024890,skip,avoid_frgn_sell_20d,a9f3c7760f65
14923640,2026-10-01 15:41:26,actions-trading,Sim12,017940,skip,pb2_not_crashed,e69bf003063c
14923640,2026-10-01 15:41:26,actions-trading,Sim12,010640,skip,avoid_frgn_sell_20d,e40ac69c29df
14923640,2026-10-01 15:41:26,actions-trading,Sim13,084010,skip,theme_momentum_weak,3cf0f1bb5ed5
14923640,2026-10-01 15:41:26,actions-trading,Sim13,248070,skip,theme_momentum_weak,9682f91924bc
14923640,2026-10-01 15:41:26,actions-trading,Sim13,192650,skip,no_frgn_support,6bece1a7b3fd
14923640,2026-10-01 15:41:26,actions-trading,Sim13,003160,skip,no_frgn_support,69ec6ad10403
14923640,2026-10-01 15:41:26,actions-trading,Sim13,001360,skip,theme_momentum_weak,f248524b10f6
14923640,2026-10-01 15:41:26,actions-trading,Sim13,353200,skip,adx_weak,81db5744ec60
14923640,2026-10-01 15:41:26,actions-trading,Sim13,003350,skip,theme_momentum_weak,547750a4bf01
14923640,2026-10-01 15:41:26,actions-trading,Sim13,005430,skip,theme_momentum_weak,20938381b7ec
14923640,2026-10-01 15:41:26,actions-trading,Sim13,036570,skip,theme_momentum_weak,b48bcfca7d52
14923640,2026-10-01 15:41:26,actions-trading,Sim13,009420,skip,theme_momentum_weak,7746de020e7e
14923640,2026-10-01 15:41:26,actions-trading,Sim13,023150,skip,theme_momentum_weak,16bf6a508de1
14923640,2026-10-01 15:41:26,actions-trading,Sim13,069640,skip,theme_momentum_weak,378db1d9ad69
14923640,2026-10-01 15:41:26,actions-trading,Sim13,012030,skip,adx_weak,7f486f86d66d
14923640,2026-10-01 15:41:26,actions-trading,Sim13,055490,skip,theme_momentum_weak,26ecd1b3073b
14923640,2026-10-01 15:41:26,actions-trading,Sim13,0126Z0,skip,theme_momentum_weak,beeb0501d3df
14923640,2026-10-01 15:41:26,actions-trading,Sim13,480370,skip,adx_weak,0c116d300a9d
14923640,2026-10-01 15:41:26,actions-trading,Sim13,014680,skip,no_frgn_support,c6c8159d0e87
14923640,2026-10-01 15:41:26,actions-trading,Sim13,109070,skip,amount_not_surprised,202185bf09a8
14923640,2026-10-01 15:41:26,actions-trading,Sim13,004710,skip,no_frgn_support,ff6a73951dcb
14923640,2026-10-01 15:41:26,actions-trading,Sim13,011690,skip,theme_momentum_weak,df7022e949da
14923640,2026-10-01 15:41:26,actions-trading,Sim13,195870,skip,adx_weak,47ebd9291a18
14923640,2026-10-01 15:41:26,actions-trading,Sim13,093050,skip,theme_momentum_weak,55ebc5388547
14923640,2026-10-01 15:41:26,actions-trading,Sim13,112610,skip,theme_momentum_weak,db1c861bf47a
14923640,2026-10-01 15:41:26,actions-trading,Sim13,35320K,skip,theme_momentum_weak,bb2cdf1a5b08
14923640,2026-10-01 15:41:26,actions-trading,Sim13,004105,skip,no_frgn_support,b56cd595048e
14923640,2026-10-01 15:41:26,actions-trading,Sim13,007660,skip,theme_momentum_weak,810e11ffe449
14923640,2026-10-01 15:41:26,actions-trading,Sim13,008060,skip,theme_momentum_weak,3859a3311009
14923640,2026-10-01 15:41:26,actions-trading,Sim13,002360,skip,amount_not_surprised,57f6f413570c
14923640,2026-10-01 15:41:26,actions-trading,Sim13,001820,skip,adx_weak,160d1e9987c1
14923640,2026-10-01 15:41:26,actions-trading,Sim13,007810,skip,adx_weak,80e901ee9379
14923641,2026-10-01 15:43:26,actions-trading,MFHS2,005935,skip,max_holdings,20bdabda6f5b
14923641,2026-10-01 15:43:26,actions-trading,MFHS2,003280,seen,,e93cce4922f8
14923641,2026-10-01 15:43:26,actions-trading,MFHS2,003160,seen,,69ec6ad10403
14923641,2026-10-01 15:43:26,actions-trading,MFHS2,248070,seen,,a51434001a95
14923641,2026-10-01 15:43:26,actions-trading,MFHS2,001360,seen,,0f6c4aff03c5
14923641,2026-10-01 15:43:26,actions-trading,MFHS2,001820,seen,,020542b7fb47
14923641,2026-10-01 15:43:26,actions-trading,MFHS2,034220,seen,,d42403119135
14923641,2026-10-01 15:43:26,actions-trading,MFHS2,007660,seen,,1577802bd40b
14923641,2026-10-01 15:43:26,actions-trading,MFHS2,002990,seen,,9e8389a6bf0b
14923641,2026-10-01 15:43:26,actions-trading,MFHS2,001740,seen,,2f523259b161
14923641,2026-10-01 15:43:26,actions-trading,MFHS2,073240,seen,,93a32f6a2876
14923641,2026-10-01 15:43:26,actions-trading,MFHS2,068270,seen,,8a755934364b
14923641,2026-10-01 15:43:26,actions-trading,MFHS2,005360,seen,,b98fad09d245
14923641,2026-10-01 15:43:26,actions-trading,MFHS2,003350,seen,,f34c5436e279
14923641,2026-10-01 15:43:26,actions-trading,MFHS2,090460,seen,,8bce657766ca
14923641,2026-10-01 15:43:26,actions-trading,MFHS2,006800,seen,,1640ac980a3e
14923641,2026-10-01 15:43:26,actions-trading,MFHS2,005880,seen,,520614bfe62d
14923641,2026-10-01 15:43:26,actions-trading,MFHS2,001510,seen,,ecbe5e5ae7ae
14923641,2026-10-01 15:43:26,actions-trading,MFHS2,001210,seen,,b8d94554f32c
14923641,2026-10-01 15:43:26,actions-trading,MFHS2,001200,seen,,0556ca653eac
14923641,2026-10-01 15:43:26,actions-trading,MFHS2,064400,seen,,f765df762221
14923641,2026-10-01 15:43:26,actions-trading,MFHS2,005690,seen,,a984743eabbd
14923641,2026-10-01 15:43:26,actions-trading,MFHS2,272210,seen,,357c3d32b150
14923641,2026-10-01 15:43:26,actions-trading,MFHS2,019170,seen,,cb180ef18c8e
14923641,2026-10-01 15:43:26,actions-trading,MFHS2,002700,seen,,2cf39e4e17bc
14923641,2026-10-01 15:43:26,actions-trading,MFHS2,003520,seen,,2a7816258f35
14923641,2026-10-01 15:43:26,actions-trading,MFHS2,000400,seen,,acb261d672bf
14923641,2026-10-01 15:43:26,actions-trading,MFHS2,137310,seen,,627ea25fab33
14923641,2026-10-01 15:43:26,actions-trading,MFHS2,032350,seen,,fa53294648ed
14923641,2026-10-01 15:43:26,actions-trading,MFHS2,249420,seen,,82856a404f6d
14923641,2026-10-01 15:43:27,actions-trading,상승모멘텀,084010,skip,max_holdings,3cf0f1bb5ed5
14923641,2026-10-01 15:43:27,actions-trading,상승모멘텀,248070,seen,,a51434001a95
14923641,2026-10-01 15:43:27,actions-trading,상승모멘텀,192650,seen,,7027993e9d66
14923641,2026-10-01 15:43:27,actions-trading,상승모멘텀,003160,seen,,69ec6ad10403
14923641,2026-10-01 15:43:27,actions-trading,상승모멘텀,001360,seen,,0f6c4aff03c5
14923641,2026-10-01 15:43:27,actions-trading,상승모멘텀,353200,seen,,1aad079a360a
14923641,2026-10-01 15:43:27,actions-trading,상승모멘텀,003350,seen,,f34c5436e279
14923641,2026-10-01 15:43:27,actions-trading,상승모멘텀,005430,seen,,20938381b7ec
14923641,2026-10-01 15:43:27,actions-trading,상승모멘텀,036570,seen,,b48bcfca7d52
14923641,2026-10-01 15:43:27,actions-trading,상승모멘텀,009420,seen,,7746de020e7e
14923641,2026-10-01 15:43:27,actions-trading,상승모멘텀,023150,seen,,16bf6a508de1
14923641,2026-10-01 15:43:27,actions-trading,상승모멘텀,069640,seen,,378db1d9ad69
14923641,2026-10-01 15:43:27,actions-trading,상승모멘텀,012030,seen,,7f486f86d66d
14923641,2026-10-01 15:43:27,actions-trading,상승모멘텀,055490,seen,,26ecd1b3073b
14923641,2026-10-01 15:43:27,actions-trading,상승모멘텀,0126Z0,seen,,beeb0501d3df
14923641,2026-10-01 15:43:27,actions-trading,상승모멘텀,480370,seen,,0c116d300a9d
14923641,2026-10-01 15:43:27,actions-trading,상승모멘텀,014680,seen,,284c42ff94f6
14923641,2026-10-01 15:43:27,actions-trading,상승모멘텀,109070,seen,,202185bf09a8
14923641,2026-10-01 15:43:27,actions-trading,상승모멘텀,004710,seen,,4db0a48979c2
14923641,2026-10-01 15:43:27,actions-trading,상승모멘텀,011690,seen,,df7022e949da
14923641,2026-10-01 15:43:27,actions-trading,상승모멘텀,195870,seen,,47ebd9291a18
14923641,2026-10-01 15:43:27,actions-trading,상승모멘텀,093050,seen,,55ebc5388547
14923641,2026-10-01 15:43:27,actions-trading,상승모멘텀,112610,seen,,d50378e0d53e
14923641,2026-10-01 15:43:27,actions-trading,상승모멘텀,35320K,seen,,1f86af7eea5f
14923641,2026-10-01 15:43:27,actions-trading,상승모멘텀,004105,seen,,b30be4c3febf
14923641,2026-10-01 15:43:27,actions-trading,상승모멘텀,007660,seen,,1577802bd40b
14923641,2026-10-01 15:43:27,actions-trading,상승모멘텀,008060,seen,,3859a3311009
14923641,2026-10-01 15:43:27,actions-trading,상승모멘텀,002360,seen,,e087f7cbb78b
14923641,2026-10-01 15:43:27,actions-trading,상승모멘텀,001820,seen,,020542b7fb47
14923641,2026-10-01 15:43:27,actions-trading,상승모멘텀,007810,seen,,42976a52084d
14923641,2026-10-01 15:43:27,actions-trading,Sim4-1,084010,skip,period,3cf0f1bb5ed5
14923641,2026-10-01 15:43:27,actions-trading,Sim4-1,248070,skip,period,a51434001a95
14923641,2026-10-01 15:43:27,actions-trading,Sim4-1,192650,skip,period,7027993e9d66
14923641,2026-10-01 15:43:27,actions-trading,Sim4-1,003160,skip,held_or_cooldown,69ec6ad10403
14923641,2026-10-01 15:43:27,actions-trading,Sim4-1,001360,skip,adx_low,0f6c4aff03c5
14923641,2026-10-01 15:43:27,actions-trading,Sim4-1,353200,skip,adx_high,1aad079a360a
14923641,2026-10-01 15:43:27,actions-trading,Sim4-1,003350,skip,adx_low,f34c5436e279
14923641,2026-10-01 15:43:27,actions-trading,Sim4-1,005430,skip,amount,20938381b7ec
14923641,2026-10-01 15:43:27,actions-trading,Sim4-1,036570,skip,period,b48bcfca7d52
14923641,2026-10-01 15:43:27,actions-trading,Sim4-1,009420,skip,period,7746de020e7e
14923641,2026-10-01 15:43:27,actions-trading,Sim4-1,023150,skip,amount,16bf6a508de1
14923641,2026-10-01 15:43:27,actions-trading,Sim4-1,069640,skip,amount,378db1d9ad69
14923641,2026-10-01 15:43:27,actions-trading,Sim4-1,012030,skip,adx_high,7f486f86d66d
14923641,2026-10-01 15:43:27,actions-trading,Sim4-1,055490,skip,amount,26ecd1b3073b
14923641,2026-10-01 15:43:27,actions-trading,Sim4-1,0126Z0,skip,adx_high,beeb0501d3df
14923641,2026-10-01 15:43:27,actions-trading,Sim4-1,480370,skip,amount,0c116d300a9d
14923641,2026-10-01 15:43:27,actions-trading,Sim4-1,014680,skip,adx_high,284c42ff94f6
14923641,2026-10-01 15:43:27,actions-trading,Sim4-1,109070,skip,amount,202185bf09a8
14923641,2026-10-01 15:43:27,actions-trading,Sim4-1,004710,skip,adx_high,4db0a48979c2
14923641,2026-10-01 15:43:27,actions-trading,Sim4-1,011690,skip,period,df7022e949da
14923641,2026-10-01 15:43:27,actions-trading,Sim4-1,195870,skip,held_or_cooldown,47ebd9291a18
14923641,2026-10-01 15:43:27,actions-trading,Sim4-1,093050,skip,amount,55ebc5388547
14923641,2026-10-01 15:43:27,actions-trading,Sim4-1,112610,skip,period,d50378e0d53e
14923641,2026-10-01 15:43:27,actions-trading,Sim4-1,35320K,skip,amount,1f86af7eea5f
14923641,2026-10-01 15:43:27,actions-trading,Sim4-1,004105,skip,amount,b30be4c3febf
14923641,2026-10-01 15:43:27,actions-trading,Sim4-1,007660,skip,held_or_cooldown,1577802bd40b
14923641,2026-10-01 15:43:27,actions-trading,Sim4-1,008060,skip,amount,3859a3311009
14923641,2026-10-01 15:43:27,actions-trading,Sim4-1,002360,skip,amount,e087f7cbb78b
14923641,2026-10-01 15:43:27,actions-trading,Sim4-1,001820,skip,adx_low,020542b7fb47
14923641,2026-10-01 15:43:27,actions-trading,Sim4-1,007810,skip,adx_high,42976a52084d
14923641,2026-10-01 15:43:28,actions-trading,선행매집,005930,skip,below_anchor,fe9f509d6c3f
14923641,2026-10-01 15:43:28,actions-trading,선행매집,005935,skip,below_anchor,20bdabda6f5b
14923641,2026-10-01 15:43:28,actions-trading,선행매집,000660,skip,below_anchor,43f66e2dbf0f
14923641,2026-10-01 15:43:28,actions-trading,선행매집,192650,skip,no_setup,7027993e9d66
14923641,2026-10-01 15:43:28,actions-trading,선행매집,028670,skip,held_awaiting_breakout,6d3d25c3c6df
14923641,2026-10-01 15:43:28,actions-trading,선행매집,248070,skip,below_anchor,a51434001a95
14923641,2026-10-01 15:43:28,actions-trading,선행매집,003280,skip,below_anchor,e93cce4922f8
14923641,2026-10-01 15:43:28,actions-trading,선행매집,073240,skip,below_anchor,93a32f6a2876
14923641,2026-10-01 15:43:28,actions-trading,선행매집,034220,skip,below_anchor,d42403119135
14923641,2026-10-01 15:43:28,actions-trading,선행매집,011200,skip,below_anchor,64baf242aee3
14923641,2026-10-01 15:43:28,actions-trading,선행매집,007660,skip,below_anchor,1577802bd40b
14923641,2026-10-01 15:43:28,actions-trading,선행매집,001820,skip,below_anchor,020542b7fb47
14923641,2026-10-01 15:43:28,actions-trading,선행매집,001360,skip,below_anchor,0f6c4aff03c5
14923641,2026-10-01 15:43:28,actions-trading,선행매집,093370,skip,below_anchor,ef1cab05343b
14923641,2026-10-01 15:43:28,actions-trading,선행매집,002990,skip,below_anchor,9e8389a6bf0b
14923641,2026-10-01 15:43:28,actions-trading,선행매집,005880,skip,below_anchor,520614bfe62d
14923641,2026-10-01 15:43:28,actions-trading,선행매집,003160,skip,no_setup,69ec6ad10403
14923641,2026-10-01 15:43:28,actions-trading,선행매집,068270,skip,below_anchor,8a755934364b
14923641,2026-10-01 15:43:28,actions-trading,선행매집,272210,skip,below_anchor,357c3d32b150
14923641,2026-10-01 15:43:28,actions-trading,선행매집,006800,skip,below_anchor,1640ac980a3e
14923641,2026-10-01 15:43:28,actions-trading,선행매집,005360,skip,amount,b98fad09d245
14923641,2026-10-01 15:43:28,actions-trading,선행매집,003350,skip,below_anchor,f34c5436e279
14923641,2026-10-01 15:43:28,actions-trading,선행매집,001740,skip,below_anchor,2f523259b161
14923641,2026-10-01 15:43:28,actions-trading,선행매집,001210,skip,below_anchor,b8d94554f32c
14923641,2026-10-01 15:43:28,actions-trading,선행매집,001510,skip,below_anchor,ecbe5e5ae7ae
14923641,2026-10-01 15:43:28,actions-trading,선행매집,017670,skip,below_anchor,597a5d4457b3
14923641,2026-10-01 15:43:28,actions-trading,선행매집,002700,skip,amount,2cf39e4e17bc
14923641,2026-10-01 15:43:28,actions-trading,선행매집,064400,skip,below_anchor,f765df762221
14923641,2026-10-01 15:43:28,actions-trading,선행매집,001200,skip,below_anchor,0556ca653eac
14923641,2026-10-01 15:43:28,actions-trading,선행매집,019170,skip,below_anchor,cb180ef18c8e
14923641,2026-10-01 15:43:29,actions-trading,Sim9,_gate,skip,outside_entry_window,e3b0c44298fc
14923641,2026-10-01 15:43:29,actions-trading,Sim9,084010,seen,,3cf0f1bb5ed5
14923641,2026-10-01 15:43:29,actions-trading,Sim9,248070,seen,,a51434001a95
14923641,2026-10-01 15:43:29,actions-trading,Sim9,192650,seen,,7027993e9d66
14923641,2026-10-01 15:43:29,actions-trading,Sim9,003160,seen,,69ec6ad10403
14923641,2026-10-01 15:43:29,actions-trading,Sim9,001360,seen,,0f6c4aff03c5
14923641,2026-10-01 15:43:29,actions-trading,Sim9,353200,seen,,1aad079a360a
14923641,2026-10-01 15:43:29,actions-trading,Sim9,003350,seen,,f34c5436e279
14923641,2026-10-01 15:43:29,actions-trading,Sim9,005430,seen,,20938381b7ec
14923641,2026-10-01 15:43:29,actions-trading,Sim9,036570,seen,,b48bcfca7d52
14923641,2026-10-01 15:43:29,actions-trading,Sim9,009420,seen,,7746de020e7e
14923641,2026-10-01 15:43:29,actions-trading,Sim9,023150,seen,,16bf6a508de1
14923641,2026-10-01 15:43:29,actions-trading,Sim9,069640,seen,,378db1d9ad69
14923641,2026-10-01 15:43:29,actions-trading,Sim9,012030,seen,,7f486f86d66d
14923641,2026-10-01 15:43:29,actions-trading,Sim9,055490,seen,,26ecd1b3073b
14923641,2026-10-01 15:43:29,actions-trading,Sim9,0126Z0,seen,,beeb0501d3df
14923641,2026-10-01 15:43:29,actions-trading,Sim9,480370,seen,,0c116d300a9d
14923641,2026-10-01 15:43:29,actions-trading,Sim9,014680,seen,,284c42ff94f6
14923641,2026-10-01 15:43:29,actions-trading,Sim9,109070,seen,,202185bf09a8
14923641,2026-10-01 15:43:29,actions-trading,Sim9,004710,seen,,4db0a48979c2
14923641,2026-10-01 15:43:29,actions-trading,Sim9,011690,seen,,df7022e949da
14923641,2026-10-01 15:43:29,actions-trading,Sim9,195870,seen,,47ebd9291a18
14923641,2026-10-01 15:43:29,actions-trading,Sim9,093050,seen,,55ebc5388547
14923641,2026-10-01 15:43:29,actions-trading,Sim9,112610,seen,,d50378e0d53e
14923641,2026-10-01 15:43:29,actions-trading,Sim9,35320K,seen,,1f86af7eea5f
14923641,2026-10-01 15:43:29,actions-trading,Sim9,004105,seen,,b30be4c3febf
14923641,2026-10-01 15:43:29,actions-trading,Sim9,007660,seen,,1577802bd40b
14923641,2026-10-01 15:43:29,actions-trading,Sim9,008060,seen,,3859a3311009
14923641,2026-10-01 15:43:29,actions-trading,Sim9,002360,seen,,e087f7cbb78b
14923641,2026-10-01 15:43:29,actions-trading,Sim9,001820,seen,,020542b7fb47
14923641,2026-10-01 15:43:29,actions-trading,Sim9,007810,seen,,42976a52084d
14923641,2026-10-01 15:43:29,actions-trading,미너비니,192820,skip,below_pivot,9f1bcdb9d14d
14923641,2026-10-01 15:43:29,actions-trading,미너비니,443060,skip,below_pivot,3ad9fd69c5a0
14923641,2026-10-01 15:43:29,actions-trading,미너비니,020120,skip,below_pivot,16d64ef0325e
14923641,2026-10-01 15:43:29,actions-trading,Sim12,084010,skip,avoid_frgn_sell_20d,3cf0f1bb5ed5
14923641,2026-10-01 15:43:29,actions-trading,Sim12,248070,skip,avoid_frgn_sell_20d,a51434001a95
14923641,2026-10-01 15:43:29,actions-trading,Sim12,192650,skip,pb2_not_crashed,7027993e9d66
14923641,2026-10-01 15:43:29,actions-trading,Sim12,003160,skip,pb2_not_crashed,69ec6ad10403
14923641,2026-10-01 15:43:29,actions-trading,Sim12,001360,skip,pb2_not_crashed,0f6c4aff03c5
14923641,2026-10-01 15:43:29,actions-trading,Sim12,353200,skip,avoid_orgn_sell_high_per,1aad079a360a
14923641,2026-10-01 15:43:29,actions-trading,Sim12,003350,skip,pb2_not_crashed,f34c5436e279
14923641,2026-10-01 15:43:29,actions-trading,Sim12,005430,skip,pb2_not_crashed,20938381b7ec
14923641,2026-10-01 15:43:29,actions-trading,Sim12,036570,skip,pb2_not_crashed,b48bcfca7d52
14923641,2026-10-01 15:43:29,actions-trading,Sim12,009420,skip,pb2_no_inst_buying,7746de020e7e
14923641,2026-10-01 15:43:29,actions-trading,Sim12,023150,skip,avoid_frgn_sell_20d,16bf6a508de1
14923641,2026-10-01 15:43:29,actions-trading,Sim12,069640,skip,avoid_frgn_sell_20d,378db1d9ad69
14923641,2026-10-01 15:43:29,actions-trading,Sim12,012030,skip,avoid_frgn_sell_20d,7f486f86d66d
14923641,2026-10-01 15:43:29,actions-trading,Sim12,055490,skip,avoid_frgn_sell_20d,26ecd1b3073b
14923641,2026-10-01 15:43:29,actions-trading,Sim12,0126Z0,skip,avoid_frgn_sell_20d,beeb0501d3df
14923641,2026-10-01 15:43:29,actions-trading,Sim12,480370,skip,pb2_not_crashed,0c116d300a9d
14923641,2026-10-01 15:43:29,actions-trading,Sim12,014680,skip,pb2_not_crashed,284c42ff94f6
14923641,2026-10-01 15:43:29,actions-trading,Sim12,109070,skip,pb2_not_crashed,202185bf09a8
14923641,2026-10-01 15:43:29,actions-trading,Sim12,004710,skip,avoid_frgn_sell_20d,4db0a48979c2
14923641,2026-10-01 15:43:29,actions-trading,Sim12,011690,skip,pb2_not_crashed,df7022e949da
14923641,2026-10-01 15:43:29,actions-trading,Sim12,195870,skip,pb2_not_crashed,47ebd9291a18
14923641,2026-10-01 15:43:29,actions-trading,Sim12,093050,skip,avoid_frgn_sell_20d,55ebc5388547
14923641,2026-10-01 15:43:29,actions-trading,Sim12,112610,skip,avoid_frgn_sell_20d,d50378e0d53e
14923641,2026-10-01 15:43:29,actions-trading,Sim12,35320K,skip,pb2_not_crashed,1f86af7eea5f
14923641,2026-10-01 15:43:29,actions-trading,Sim12,004105,skip,pb2_not_crashed,b30be4c3febf
14923641,2026-10-01 15:43:29,actions-trading,Sim12,007660,skip,pb2_not_crashed,1577802bd40b
14923641,2026-10-01 15:43:29,actions-trading,Sim12,008060,skip,avoid_orgn_sell_high_per,3859a3311009
14923641,2026-10-01 15:43:29,actions-trading,Sim12,002360,skip,pb2_not_crashed,e087f7cbb78b
14923641,2026-10-01 15:43:29,actions-trading,Sim12,001820,skip,pb2_not_crashed,020542b7fb47
14923641,2026-10-01 15:43:29,actions-trading,Sim12,007810,skip,avoid_orgn_sell_high_per,42976a52084d
14923641,2026-10-01 15:43:29,actions-trading,Sim12,009190,skip,pb2_no_inst_buying,f8339020f2db
14923641,2026-10-01 15:43:29,actions-trading,Sim12,051630,skip,pb2_not_crashed,ba44930f3f66
14923641,2026-10-01 15:43:29,actions-trading,Sim12,002820,skip,pb2_no_inst_buying,641d8d6539ba
14923641,2026-10-01 15:43:29,actions-trading,Sim12,452260,skip,pb2_not_crashed,b5b8e27806ed
14923641,2026-10-01 15:43:29,actions-trading,Sim12,005030,skip,avoid_amount_dry,127cf507d8fb
14923641,2026-10-01 15:43:29,actions-trading,Sim12,002787,skip,avoid_amount_dry,a295a89dd91f
14923641,2026-10-01 15:43:29,actions-trading,Sim12,010950,skip,pb2_not_crashed,6d492a7cf7da
14923641,2026-10-01 15:43:29,actions-trading,Sim12,010955,skip,pb2_not_crashed,a2b96b713811
14923641,2026-10-01 15:43:29,actions-trading,Sim12,071090,skip,pb2_not_crashed,a37da7c5dd77
14923641,2026-10-01 15:43:29,actions-trading,Sim12,007110,skip,avoid_amount_dry,5793a833536b
14923641,2026-10-01 15:43:29,actions-trading,Sim12,361610,skip,pb2_not_crashed,ed29c658f48d
14923641,2026-10-01 15:43:29,actions-trading,Sim12,001770,skip,pb2_thin_liquidity,6636bd6c647b
14923641,2026-10-01 15:43:29,actions-trading,Sim12,096770,skip,pb2_not_crashed,e66d278b39d4
14923641,2026-10-01 15:43:29,actions-trading,Sim12,011090,skip,avoid_amount_dry,9cad8ae20256
14923641,2026-10-01 15:43:29,actions-trading,Sim12,002070,skip,avoid_amount_dry,7bc68f6689b8
14923641,2026-10-01 15:43:29,actions-trading,Sim12,002690,skip,avoid_frgn_sell_20d,03caf09a0763
14923641,2026-10-01 15:43:29,actions-trading,Sim12,487570,skip,pb2_not_crashed,44d9cf3b5e0d
14923641,2026-10-01 15:43:29,actions-trading,Sim12,003030,skip,pb2_not_crashed,555025eea692
14923641,2026-10-01 15:43:29,actions-trading,Sim12,006200,skip,pb2_no_inst_buying,2aaa42c24c01
14923641,2026-10-01 15:43:29,actions-trading,Sim12,003780,skip,avoid_frgn_sell_20d,db477dbb99a8
14923641,2026-10-01 15:43:29,actions-trading,Sim12,003580,skip,pb2_not_crashed,f77aba28adf9
14923641,2026-10-01 15:43:29,actions-trading,Sim12,044450,skip,pb2_not_crashed,d1a3679031b7
14923641,2026-10-01 15:43:29,actions-trading,Sim12,003075,skip,pb2_not_crashed,84cc71a27e53
14923641,2026-10-01 15:43:29,actions-trading,Sim12,316140,skip,pb2_not_crashed,2e1278888c15
14923641,2026-10-01 15:43:29,actions-trading,Sim12,078930,skip,pb2_thin_liquidity,346399893312
14923641,2026-10-01 15:43:29,actions-trading,Sim12,009810,skip,pb2_not_crashed,3502294e875d
14923641,2026-10-01 15:43:29,actions-trading,Sim12,005010,skip,pb2_not_crashed,731934c11477
14923641,2026-10-01 15:43:29,actions-trading,Sim12,024890,skip,avoid_frgn_sell_20d,a9f3c7760f65
14923641,2026-10-01 15:43:29,actions-trading,Sim12,017940,skip,pb2_not_crashed,e69bf003063c
14923641,2026-10-01 15:43:29,actions-trading,Sim12,010640,skip,avoid_frgn_sell_20d,e40ac69c29df
14923641,2026-10-01 15:43:29,actions-trading,Sim13,084010,skip,theme_momentum_weak,3cf0f1bb5ed5
14923641,2026-10-01 15:43:29,actions-trading,Sim13,248070,skip,theme_momentum_weak,a51434001a95
14923641,2026-10-01 15:43:29,actions-trading,Sim13,192650,skip,no_frgn_support,7027993e9d66
14923641,2026-10-01 15:43:29,actions-trading,Sim13,003160,skip,no_frgn_support,69ec6ad10403
14923641,2026-10-01 15:43:29,actions-trading,Sim13,001360,skip,theme_momentum_weak,0f6c4aff03c5
14923641,2026-10-01 15:43:29,actions-trading,Sim13,353200,skip,adx_weak,1aad079a360a
14923641,2026-10-01 15:43:29,actions-trading,Sim13,003350,skip,theme_momentum_weak,f34c5436e279
14923641,2026-10-01 15:43:29,actions-trading,Sim13,005430,skip,theme_momentum_weak,20938381b7ec
14923641,2026-10-01 15:43:29,actions-trading,Sim13,036570,skip,theme_momentum_weak,b48bcfca7d52
14923641,2026-10-01 15:43:29,actions-trading,Sim13,009420,skip,theme_momentum_weak,7746de020e7e
14923641,2026-10-01 15:43:29,actions-trading,Sim13,023150,skip,theme_momentum_weak,16bf6a508de1
14923641,2026-10-01 15:43:29,actions-trading,Sim13,069640,skip,theme_momentum_weak,378db1d9ad69
14923641,2026-10-01 15:43:29,actions-trading,Sim13,012030,skip,adx_weak,7f486f86d66d
14923641,2026-10-01 15:43:29,actions-trading,Sim13,055490,skip,theme_momentum_weak,26ecd1b3073b
14923641,2026-10-01 15:43:29,actions-trading,Sim13,0126Z0,skip,theme_momentum_weak,beeb0501d3df
14923641,2026-10-01 15:43:29,actions-trading,Sim13,480370,skip,adx_weak,0c116d300a9d
14923641,2026-10-01 15:43:29,actions-trading,Sim13,014680,skip,no_frgn_support,284c42ff94f6
14923641,2026-10-01 15:43:29,actions-trading,Sim13,109070,skip,amount_not_surprised,202185bf09a8
14923641,2026-10-01 15:43:29,actions-trading,Sim13,004710,skip,no_frgn_support,4db0a48979c2
14923641,2026-10-01 15:43:29,actions-trading,Sim13,011690,skip,theme_momentum_weak,df7022e949da
14923641,2026-10-01 15:43:29,actions-trading,Sim13,195870,skip,adx_weak,47ebd9291a18
14923641,2026-10-01 15:43:29,actions-trading,Sim13,093050,skip,theme_momentum_weak,55ebc5388547
14923641,2026-10-01 15:43:29,actions-trading,Sim13,112610,skip,theme_momentum_weak,d50378e0d53e
14923641,2026-10-01 15:43:29,actions-trading,Sim13,35320K,skip,theme_momentum_weak,1f86af7eea5f
14923641,2026-10-01 15:43:29,actions-trading,Sim13,004105,skip,no_frgn_support,b30be4c3febf
14923641,2026-10-01 15:43:29,actions-trading,Sim13,007660,skip,theme_momentum_weak,1577802bd40b
14923641,2026-10-01 15:43:29,actions-trading,Sim13,008060,skip,theme_momentum_weak,3859a3311009
14923641,2026-10-01 15:43:29,actions-trading,Sim13,002360,skip,amount_not_surprised,e087f7cbb78b
14923641,2026-10-01 15:43:29,actions-trading,Sim13,001820,skip,adx_weak,020542b7fb47
14923641,2026-10-01 15:43:29,actions-trading,Sim13,007810,skip,adx_weak,42976a52084d
14923642,2026-10-01 15:45:42,actions-trading,MFHS2,005935,skip,max_holdings,2aeb057032f7
14923642,2026-10-01 15:45:42,actions-trading,MFHS2,003280,seen,,61d80233170d
14923642,2026-10-01 15:45:42,actions-trading,MFHS2,003160,seen,,f2a26345089d
14923642,2026-10-01 15:45:42,actions-trading,MFHS2,248070,seen,,a51434001a95
14923642,2026-10-01 15:45:42,actions-trading,MFHS2,001360,seen,,28f089f2c094
14923642,2026-10-01 15:45:42,actions-trading,MFHS2,001820,seen,,b32da975a89d
14923642,2026-10-01 15:45:42,actions-trading,MFHS2,034220,seen,,825a1cdfa153
14923642,2026-10-01 15:45:42,actions-trading,MFHS2,007660,seen,,30ef2897ba70
14923642,2026-10-01 15:45:42,actions-trading,MFHS2,002990,seen,,94a102caed9e
14923642,2026-10-01 15:45:42,actions-trading,MFHS2,001740,seen,,2e9b927682c5
14923642,2026-10-01 15:45:42,actions-trading,MFHS2,073240,seen,,93a32f6a2876
14923642,2026-10-01 15:45:42,actions-trading,MFHS2,068270,seen,,aa3d74137c6a
14923642,2026-10-01 15:45:42,actions-trading,MFHS2,005360,seen,,b98fad09d245
14923642,2026-10-01 15:45:42,actions-trading,MFHS2,003350,seen,,aaf4279c4c40
14923642,2026-10-01 15:45:42,actions-trading,MFHS2,090460,seen,,f1d5c6c05d38
14923642,2026-10-01 15:45:42,actions-trading,MFHS2,006800,seen,,45eeb360d28b
14923642,2026-10-01 15:45:42,actions-trading,MFHS2,005880,seen,,520614bfe62d
14923642,2026-10-01 15:45:42,actions-trading,MFHS2,001510,seen,,ecbe5e5ae7ae
14923642,2026-10-01 15:45:42,actions-trading,MFHS2,001210,seen,,3685ae665ffc
14923642,2026-10-01 15:45:42,actions-trading,MFHS2,001200,seen,,0556ca653eac
14923642,2026-10-01 15:45:42,actions-trading,MFHS2,064400,seen,,f765df762221
14923642,2026-10-01 15:45:42,actions-trading,MFHS2,005690,seen,,a984743eabbd
14923642,2026-10-01 15:45:42,actions-trading,MFHS2,272210,seen,,6b3703f06de7
14923642,2026-10-01 15:45:42,actions-trading,MFHS2,019170,seen,,cb180ef18c8e
14923642,2026-10-01 15:45:42,actions-trading,MFHS2,002700,seen,,4477fcb5be92
14923642,2026-10-01 15:45:42,actions-trading,MFHS2,003520,seen,,43271e5ffdfe
14923642,2026-10-01 15:45:42,actions-trading,MFHS2,000400,seen,,acb261d672bf
14923642,2026-10-01 15:45:42,actions-trading,MFHS2,137310,seen,,627ea25fab33
14923642,2026-10-01 15:45:42,actions-trading,MFHS2,032350,seen,,fa53294648ed
14923642,2026-10-01 15:45:42,actions-trading,MFHS2,249420,seen,,82856a404f6d
14923642,2026-10-01 15:45:44,actions-trading,상승모멘텀,084010,skip,max_holdings,3cf0f1bb5ed5
14923642,2026-10-01 15:45:44,actions-trading,상승모멘텀,248070,seen,,a51434001a95
14923642,2026-10-01 15:45:44,actions-trading,상승모멘텀,192650,seen,,7027993e9d66
14923642,2026-10-01 15:45:44,actions-trading,상승모멘텀,003160,seen,,f2a26345089d
14923642,2026-10-01 15:45:44,actions-trading,상승모멘텀,001360,seen,,28f089f2c094
14923642,2026-10-01 15:45:44,actions-trading,상승모멘텀,353200,seen,,52bc403fba91
14923642,2026-10-01 15:45:44,actions-trading,상승모멘텀,003350,seen,,aaf4279c4c40
14923642,2026-10-01 15:45:44,actions-trading,상승모멘텀,005430,seen,,20938381b7ec
14923642,2026-10-01 15:45:44,actions-trading,상승모멘텀,036570,seen,,b48bcfca7d52
14923642,2026-10-01 15:45:44,actions-trading,상승모멘텀,009420,seen,,7746de020e7e
14923642,2026-10-01 15:45:44,actions-trading,상승모멘텀,023150,seen,,16bf6a508de1
14923642,2026-10-01 15:45:44,actions-trading,상승모멘텀,069640,seen,,378db1d9ad69
14923642,2026-10-01 15:45:44,actions-trading,상승모멘텀,012030,seen,,71de1fa28bb5
14923642,2026-10-01 15:45:44,actions-trading,상승모멘텀,055490,seen,,26ecd1b3073b
14923642,2026-10-01 15:45:44,actions-trading,상승모멘텀,0126Z0,seen,,beeb0501d3df
14923642,2026-10-01 15:45:44,actions-trading,상승모멘텀,480370,seen,,d6a173b86308
14923642,2026-10-01 15:45:44,actions-trading,상승모멘텀,014680,seen,,1b4884dcba78
14923642,2026-10-01 15:45:44,actions-trading,상승모멘텀,109070,seen,,202185bf09a8
14923642,2026-10-01 15:45:44,actions-trading,상승모멘텀,004710,seen,,cc428c86e277
14923642,2026-10-01 15:45:44,actions-trading,상승모멘텀,011690,seen,,e1f176befc9e
14923642,2026-10-01 15:45:44,actions-trading,상승모멘텀,195870,seen,,47ebd9291a18
14923642,2026-10-01 15:45:44,actions-trading,상승모멘텀,093050,seen,,55ebc5388547
14923642,2026-10-01 15:45:44,actions-trading,상승모멘텀,112610,seen,,3ba71b783982
14923642,2026-10-01 15:45:44,actions-trading,상승모멘텀,35320K,seen,,1f86af7eea5f
14923642,2026-10-01 15:45:44,actions-trading,상승모멘텀,004105,seen,,b30be4c3febf
14923642,2026-10-01 15:45:44,actions-trading,상승모멘텀,007660,seen,,30ef2897ba70
14923642,2026-10-01 15:45:44,actions-trading,상승모멘텀,008060,seen,,3859a3311009
14923642,2026-10-01 15:45:44,actions-trading,상승모멘텀,002360,seen,,944359b9d2b8
14923642,2026-10-01 15:45:44,actions-trading,상승모멘텀,001820,seen,,b32da975a89d
14923642,2026-10-01 15:45:44,actions-trading,상승모멘텀,007810,seen,,42976a52084d
14923642,2026-10-01 15:45:44,actions-trading,Sim4-1,084010,skip,period,3cf0f1bb5ed5
14923642,2026-10-01 15:45:44,actions-trading,Sim4-1,248070,skip,period,a51434001a95
14923642,2026-10-01 15:45:44,actions-trading,Sim4-1,192650,skip,period,7027993e9d66
14923642,2026-10-01 15:45:44,actions-trading,Sim4-1,003160,skip,held_or_cooldown,f2a26345089d
14923642,2026-10-01 15:45:44,actions-trading,Sim4-1,001360,skip,adx_low,28f089f2c094
14923642,2026-10-01 15:45:44,actions-trading,Sim4-1,353200,skip,adx_high,52bc403fba91
14923642,2026-10-01 15:45:44,actions-trading,Sim4-1,003350,skip,adx_low,aaf4279c4c40
14923642,2026-10-01 15:45:44,actions-trading,Sim4-1,005430,skip,amount,20938381b7ec
14923642,2026-10-01 15:45:44,actions-trading,Sim4-1,036570,skip,period,b48bcfca7d52
14923642,2026-10-01 15:45:44,actions-trading,Sim4-1,009420,skip,period,7746de020e7e
14923642,2026-10-01 15:45:44,actions-trading,Sim4-1,023150,skip,amount,16bf6a508de1
14923642,2026-10-01 15:45:44,actions-trading,Sim4-1,069640,skip,amount,378db1d9ad69
14923642,2026-10-01 15:45:44,actions-trading,Sim4-1,012030,skip,adx_high,71de1fa28bb5
14923642,2026-10-01 15:45:44,actions-trading,Sim4-1,055490,skip,amount,26ecd1b3073b
14923642,2026-10-01 15:45:44,actions-trading,Sim4-1,0126Z0,skip,adx_high,beeb0501d3df
14923642,2026-10-01 15:45:44,actions-trading,Sim4-1,480370,skip,amount,d6a173b86308
14923642,2026-10-01 15:45:44,actions-trading,Sim4-1,014680,skip,adx_high,1b4884dcba78
14923642,2026-10-01 15:45:44,actions-trading,Sim4-1,109070,skip,amount,202185bf09a8
14923642,2026-10-01 15:45:44,actions-trading,Sim4-1,004710,skip,adx_high,cc428c86e277
14923642,2026-10-01 15:45:44,actions-trading,Sim4-1,011690,skip,period,e1f176befc9e
14923642,2026-10-01 15:45:44,actions-trading,Sim4-1,195870,skip,held_or_cooldown,47ebd9291a18
14923642,2026-10-01 15:45:44,actions-trading,Sim4-1,093050,skip,amount,55ebc5388547
14923642,2026-10-01 15:45:44,actions-trading,Sim4-1,112610,skip,period,3ba71b783982
14923642,2026-10-01 15:45:44,actions-trading,Sim4-1,35320K,skip,amount,1f86af7eea5f
14923642,2026-10-01 15:45:44,actions-trading,Sim4-1,004105,skip,amount,b30be4c3febf
14923642,2026-10-01 15:45:44,actions-trading,Sim4-1,007660,skip,held_or_cooldown,30ef2897ba70
14923642,2026-10-01 15:45:44,actions-trading,Sim4-1,008060,skip,amount,3859a3311009
14923642,2026-10-01 15:45:44,actions-trading,Sim4-1,002360,skip,amount,944359b9d2b8
14923642,2026-10-01 15:45:44,actions-trading,Sim4-1,001820,skip,adx_low,b32da975a89d
14923642,2026-10-01 15:45:44,actions-trading,Sim4-1,007810,skip,adx_high,42976a52084d
14923642,2026-10-01 15:45:45,actions-trading,선행매집,005930,skip,below_anchor,0f19b8184b04
14923642,2026-10-01 15:45:45,actions-trading,선행매집,005935,skip,below_anchor,2aeb057032f7
14923642,2026-10-01 15:45:45,actions-trading,선행매집,000660,skip,below_anchor,3b32597f3964
14923642,2026-10-01 15:45:45,actions-trading,선행매집,192650,skip,no_setup,7027993e9d66
14923642,2026-10-01 15:45:45,actions-trading,선행매집,028670,skip,held_awaiting_breakout,5573cb8da36b
14923642,2026-10-01 15:45:45,actions-trading,선행매집,248070,skip,below_anchor,a51434001a95
14923642,2026-10-01 15:45:45,actions-trading,선행매집,003280,skip,below_anchor,61d80233170d
14923642,2026-10-01 15:45:45,actions-trading,선행매집,073240,skip,below_anchor,93a32f6a2876
14923642,2026-10-01 15:45:45,actions-trading,선행매집,034220,skip,below_anchor,825a1cdfa153
14923642,2026-10-01 15:45:45,actions-trading,선행매집,011200,skip,below_anchor,5e97d26c9ea2
14923642,2026-10-01 15:45:45,actions-trading,선행매집,007660,skip,below_anchor,30ef2897ba70
14923642,2026-10-01 15:45:45,actions-trading,선행매집,001820,skip,below_anchor,b32da975a89d
14923642,2026-10-01 15:45:45,actions-trading,선행매집,001360,skip,below_anchor,28f089f2c094
14923642,2026-10-01 15:45:45,actions-trading,선행매집,093370,skip,below_anchor,79c8bf8c77b8
14923642,2026-10-01 15:45:45,actions-trading,선행매집,002990,skip,below_anchor,94a102caed9e
14923642,2026-10-01 15:45:45,actions-trading,선행매집,005880,skip,below_anchor,520614bfe62d
14923642,2026-10-01 15:45:45,actions-trading,선행매집,003160,skip,no_setup,f2a26345089d
14923642,2026-10-01 15:45:45,actions-trading,선행매집,068270,skip,below_anchor,aa3d74137c6a
14923642,2026-10-01 15:45:45,actions-trading,선행매집,272210,skip,below_anchor,6b3703f06de7
14923642,2026-10-01 15:45:45,actions-trading,선행매집,006800,skip,no_52w_anchor,45eeb360d28b
14923642,2026-10-01 15:45:45,actions-trading,선행매집,005360,skip,amount,b98fad09d245
14923642,2026-10-01 15:45:45,actions-trading,선행매집,003350,skip,below_anchor,aaf4279c4c40
14923642,2026-10-01 15:45:45,actions-trading,선행매집,001740,skip,below_anchor,2e9b927682c5
14923642,2026-10-01 15:45:45,actions-trading,선행매집,001210,skip,below_anchor,3685ae665ffc
14923642,2026-10-01 15:45:45,actions-trading,선행매집,001510,skip,below_anchor,ecbe5e5ae7ae
14923642,2026-10-01 15:45:45,actions-trading,선행매집,017670,skip,below_anchor,24bfd8d7c226
14923642,2026-10-01 15:45:45,actions-trading,선행매집,002700,skip,amount,4477fcb5be92
14923642,2026-10-01 15:45:45,actions-trading,선행매집,064400,skip,below_anchor,f765df762221
14923642,2026-10-01 15:45:45,actions-trading,선행매집,001200,skip,below_anchor,0556ca653eac
14923642,2026-10-01 15:45:45,actions-trading,선행매집,019170,skip,below_anchor,cb180ef18c8e
14923642,2026-10-01 15:45:46,actions-trading,Sim9,_gate,skip,outside_entry_window,e3b0c44298fc
14923642,2026-10-01 15:45:46,actions-trading,Sim9,084010,seen,,3cf0f1bb5ed5
14923642,2026-10-01 15:45:46,actions-trading,Sim9,248070,seen,,a51434001a95
14923642,2026-10-01 15:45:46,actions-trading,Sim9,192650,seen,,7027993e9d66
14923642,2026-10-01 15:45:46,actions-trading,Sim9,003160,seen,,f2a26345089d
14923642,2026-10-01 15:45:46,actions-trading,Sim9,001360,seen,,28f089f2c094
14923642,2026-10-01 15:45:46,actions-trading,Sim9,353200,seen,,52bc403fba91
14923642,2026-10-01 15:45:46,actions-trading,Sim9,003350,seen,,aaf4279c4c40
14923642,2026-10-01 15:45:46,actions-trading,Sim9,005430,seen,,20938381b7ec
14923642,2026-10-01 15:45:46,actions-trading,Sim9,036570,seen,,b48bcfca7d52
14923642,2026-10-01 15:45:46,actions-trading,Sim9,009420,seen,,7746de020e7e
14923642,2026-10-01 15:45:46,actions-trading,Sim9,023150,seen,,16bf6a508de1
14923642,2026-10-01 15:45:46,actions-trading,Sim9,069640,seen,,378db1d9ad69
14923642,2026-10-01 15:45:46,actions-trading,Sim9,012030,seen,,71de1fa28bb5
14923642,2026-10-01 15:45:46,actions-trading,Sim9,055490,seen,,26ecd1b3073b
14923642,2026-10-01 15:45:46,actions-trading,Sim9,0126Z0,seen,,beeb0501d3df
14923642,2026-10-01 15:45:46,actions-trading,Sim9,480370,seen,,d6a173b86308
14923642,2026-10-01 15:45:46,actions-trading,Sim9,014680,seen,,1b4884dcba78
14923642,2026-10-01 15:45:46,actions-trading,Sim9,109070,seen,,202185bf09a8
14923642,2026-10-01 15:45:46,actions-trading,Sim9,004710,seen,,cc428c86e277
14923642,2026-10-01 15:45:46,actions-trading,Sim9,011690,seen,,e1f176befc9e
14923642,2026-10-01 15:45:46,actions-trading,Sim9,195870,seen,,47ebd9291a18
14923642,2026-10-01 15:45:46,actions-trading,Sim9,093050,seen,,55ebc5388547
14923642,2026-10-01 15:45:46,actions-trading,Sim9,112610,seen,,3ba71b783982
14923642,2026-10-01 15:45:46,actions-trading,Sim9,35320K,seen,,1f86af7eea5f
14923642,2026-10-01 15:45:46,actions-trading,Sim9,004105,seen,,b30be4c3febf
14923642,2026-10-01 15:45:46,actions-trading,Sim9,007660,seen,,30ef2897ba70
14923642,2026-10-01 15:45:46,actions-trading,Sim9,008060,seen,,3859a3311009
14923642,2026-10-01 15:45:46,actions-trading,Sim9,002360,seen,,944359b9d2b8
14923642,2026-10-01 15:45:46,actions-trading,Sim9,001820,seen,,b32da975a89d
14923642,2026-10-01 15:45:46,actions-trading,Sim9,007810,seen,,42976a52084d
14923642,2026-10-01 15:45:46,actions-trading,미너비니,192820,skip,below_pivot,9f1bcdb9d14d
14923642,2026-10-01 15:45:46,actions-trading,미너비니,443060,skip,below_pivot,20246b25bbc9
14923642,2026-10-01 15:45:46,actions-trading,미너비니,020120,skip,below_pivot,16d64ef0325e
14923642,2026-10-01 15:45:47,actions-trading,Sim12,084010,skip,avoid_frgn_sell_20d,3cf0f1bb5ed5
14923642,2026-10-01 15:45:47,actions-trading,Sim12,248070,skip,avoid_frgn_sell_20d,a51434001a95
14923642,2026-10-01 15:45:47,actions-trading,Sim12,192650,skip,pb2_not_crashed,7027993e9d66
14923642,2026-10-01 15:45:47,actions-trading,Sim12,003160,skip,pb2_not_crashed,f2a26345089d
14923642,2026-10-01 15:45:47,actions-trading,Sim12,001360,skip,pb2_not_crashed,28f089f2c094
14923642,2026-10-01 15:45:47,actions-trading,Sim12,353200,skip,avoid_orgn_sell_high_per,52bc403fba91
14923642,2026-10-01 15:45:47,actions-trading,Sim12,003350,skip,pb2_not_crashed,aaf4279c4c40
14923642,2026-10-01 15:45:47,actions-trading,Sim12,005430,skip,pb2_not_crashed,20938381b7ec
14923642,2026-10-01 15:45:47,actions-trading,Sim12,036570,skip,pb2_not_crashed,b48bcfca7d52
14923642,2026-10-01 15:45:47,actions-trading,Sim12,009420,skip,pb2_no_inst_buying,7746de020e7e
14923642,2026-10-01 15:45:47,actions-trading,Sim12,023150,skip,avoid_frgn_sell_20d,16bf6a508de1
14923642,2026-10-01 15:45:47,actions-trading,Sim12,069640,skip,avoid_frgn_sell_20d,378db1d9ad69
14923642,2026-10-01 15:45:47,actions-trading,Sim12,012030,skip,avoid_frgn_sell_20d,71de1fa28bb5
14923642,2026-10-01 15:45:47,actions-trading,Sim12,055490,skip,avoid_frgn_sell_20d,26ecd1b3073b
14923642,2026-10-01 15:45:47,actions-trading,Sim12,0126Z0,skip,avoid_frgn_sell_20d,beeb0501d3df
14923642,2026-10-01 15:45:47,actions-trading,Sim12,480370,skip,pb2_not_crashed,d6a173b86308
14923642,2026-10-01 15:45:47,actions-trading,Sim12,014680,skip,pb2_not_crashed,1b4884dcba78
14923642,2026-10-01 15:45:47,actions-trading,Sim12,109070,skip,pb2_not_crashed,202185bf09a8
14923642,2026-10-01 15:45:47,actions-trading,Sim12,004710,skip,avoid_frgn_sell_20d,cc428c86e277
14923642,2026-10-01 15:45:47,actions-trading,Sim12,011690,skip,pb2_not_crashed,e1f176befc9e
14923642,2026-10-01 15:45:47,actions-trading,Sim12,195870,skip,pb2_not_crashed,47ebd9291a18
14923642,2026-10-01 15:45:47,actions-trading,Sim12,093050,skip,avoid_frgn_sell_20d,55ebc5388547
14923642,2026-10-01 15:45:47,actions-trading,Sim12,112610,skip,avoid_frgn_sell_20d,3ba71b783982
14923642,2026-10-01 15:45:47,actions-trading,Sim12,35320K,skip,pb2_not_crashed,1f86af7eea5f
14923642,2026-10-01 15:45:47,actions-trading,Sim12,004105,skip,pb2_not_crashed,b30be4c3febf
14923642,2026-10-01 15:45:47,actions-trading,Sim12,007660,skip,pb2_not_crashed,30ef2897ba70
14923642,2026-10-01 15:45:47,actions-trading,Sim12,008060,skip,avoid_orgn_sell_high_per,3859a3311009
14923642,2026-10-01 15:45:47,actions-trading,Sim12,002360,skip,pb2_not_crashed,944359b9d2b8
14923642,2026-10-01 15:45:47,actions-trading,Sim12,001820,skip,pb2_not_crashed,b32da975a89d
14923642,2026-10-01 15:45:47,actions-trading,Sim12,007810,skip,avoid_orgn_sell_high_per,42976a52084d
14923642,2026-10-01 15:45:47,actions-trading,Sim12,009190,skip,pb2_no_inst_buying,f8339020f2db
14923642,2026-10-01 15:45:47,actions-trading,Sim12,051630,skip,pb2_not_crashed,ba44930f3f66
14923642,2026-10-01 15:45:47,actions-trading,Sim12,002820,skip,pb2_no_inst_buying,641d8d6539ba
14923642,2026-10-01 15:45:47,actions-trading,Sim12,452260,skip,pb2_not_crashed,aaa0374fe21e
14923642,2026-10-01 15:45:47,actions-trading,Sim12,005030,skip,avoid_amount_dry,52eb66693208
14923642,2026-10-01 15:45:47,actions-trading,Sim12,002787,skip,avoid_amount_dry,a295a89dd91f
14923642,2026-10-01 15:45:47,actions-trading,Sim12,010950,skip,pb2_not_crashed,6d492a7cf7da
14923642,2026-10-01 15:45:47,actions-trading,Sim12,010955,skip,pb2_not_crashed,a2b96b713811
14923642,2026-10-01 15:45:47,actions-trading,Sim12,071090,skip,pb2_not_crashed,425bf4ca7f51
14923642,2026-10-01 15:45:47,actions-trading,Sim12,007110,skip,avoid_amount_dry,5793a833536b
14923642,2026-10-01 15:45:47,actions-trading,Sim12,361610,skip,pb2_not_crashed,ed29c658f48d
14923642,2026-10-01 15:45:47,actions-trading,Sim12,001770,skip,pb2_thin_liquidity,8ecf9c83461b
14923642,2026-10-01 15:45:47,actions-trading,Sim12,096770,skip,pb2_not_crashed,877f1fa56e30
14923642,2026-10-01 15:45:47,actions-trading,Sim12,011090,skip,avoid_amount_dry,9cad8ae20256
14923642,2026-10-01 15:45:47,actions-trading,Sim12,002070,skip,avoid_amount_dry,7bc68f6689b8
14923642,2026-10-01 15:45:47,actions-trading,Sim12,002690,skip,avoid_frgn_sell_20d,03caf09a0763
14923642,2026-10-01 15:45:47,actions-trading,Sim12,487570,skip,pb2_not_crashed,44d9cf3b5e0d
14923642,2026-10-01 15:45:47,actions-trading,Sim12,003030,skip,pb2_not_crashed,555025eea692
14923642,2026-10-01 15:45:47,actions-trading,Sim12,006200,skip,pb2_no_inst_buying,9248e2a64726
14923642,2026-10-01 15:45:47,actions-trading,Sim12,003780,skip,avoid_frgn_sell_20d,f1c89e3816b1
14923642,2026-10-01 15:45:47,actions-trading,Sim12,003580,skip,pb2_not_crashed,f77aba28adf9
14923642,2026-10-01 15:45:47,actions-trading,Sim12,044450,skip,pb2_not_crashed,d1a3679031b7
14923642,2026-10-01 15:45:47,actions-trading,Sim12,003075,skip,pb2_not_crashed,84cc71a27e53
14923642,2026-10-01 15:45:47,actions-trading,Sim12,316140,skip,pb2_not_crashed,6edab71c6abd
14923642,2026-10-01 15:45:47,actions-trading,Sim12,078930,skip,pb2_thin_liquidity,346399893312
14923642,2026-10-01 15:45:47,actions-trading,Sim12,009810,skip,pb2_not_crashed,3502294e875d
14923642,2026-10-01 15:45:47,actions-trading,Sim12,005010,skip,pb2_not_crashed,bdefb4f11ba4
14923642,2026-10-01 15:45:47,actions-trading,Sim12,024890,skip,avoid_frgn_sell_20d,a9f3c7760f65
14923642,2026-10-01 15:45:47,actions-trading,Sim12,017940,skip,pb2_not_crashed,e69bf003063c
14923642,2026-10-01 15:45:47,actions-trading,Sim12,010640,skip,avoid_frgn_sell_20d,e40ac69c29df
14923642,2026-10-01 15:45:47,actions-trading,Sim13,084010,skip,theme_momentum_weak,3cf0f1bb5ed5
14923642,2026-10-01 15:45:47,actions-trading,Sim13,248070,skip,theme_momentum_weak,a51434001a95
14923642,2026-10-01 15:45:47,actions-trading,Sim13,192650,skip,no_frgn_support,7027993e9d66
14923642,2026-10-01 15:45:47,actions-trading,Sim13,003160,skip,no_frgn_support,f2a26345089d
14923642,2026-10-01 15:45:47,actions-trading,Sim13,001360,skip,theme_momentum_weak,28f089f2c094
14923642,2026-10-01 15:45:47,actions-trading,Sim13,353200,skip,adx_weak,52bc403fba91
14923642,2026-10-01 15:45:47,actions-trading,Sim13,003350,skip,theme_momentum_weak,aaf4279c4c40
14923642,2026-10-01 15:45:47,actions-trading,Sim13,005430,skip,theme_momentum_weak,20938381b7ec
14923642,2026-10-01 15:45:47,actions-trading,Sim13,036570,skip,theme_momentum_weak,b48bcfca7d52
14923642,2026-10-01 15:45:47,actions-trading,Sim13,009420,skip,theme_momentum_weak,7746de020e7e
14923642,2026-10-01 15:45:47,actions-trading,Sim13,023150,skip,theme_momentum_weak,16bf6a508de1
14923642,2026-10-01 15:45:47,actions-trading,Sim13,069640,skip,theme_momentum_weak,378db1d9ad69
14923642,2026-10-01 15:45:47,actions-trading,Sim13,012030,skip,adx_weak,71de1fa28bb5
14923642,2026-10-01 15:45:47,actions-trading,Sim13,055490,skip,theme_momentum_weak,26ecd1b3073b
14923642,2026-10-01 15:45:47,actions-trading,Sim13,0126Z0,skip,theme_momentum_weak,beeb0501d3df
14923642,2026-10-01 15:45:47,actions-trading,Sim13,480370,skip,adx_weak,d6a173b86308
14923642,2026-10-01 15:45:47,actions-trading,Sim13,014680,skip,no_frgn_support,1b4884dcba78
14923642,2026-10-01 15:45:47,actions-trading,Sim13,109070,skip,amount_not_surprised,202185bf09a8
14923642,2026-10-01 15:45:47,actions-trading,Sim13,004710,skip,no_frgn_support,cc428c86e277
14923642,2026-10-01 15:45:47,actions-trading,Sim13,011690,skip,theme_momentum_weak,e1f176befc9e
14923642,2026-10-01 15:45:47,actions-trading,Sim13,195870,skip,adx_weak,47ebd9291a18
14923642,2026-10-01 15:45:47,actions-trading,Sim13,093050,skip,theme_momentum_weak,55ebc5388547
14923642,2026-10-01 15:45:47,actions-trading,Sim13,112610,skip,theme_momentum_weak,3ba71b783982
14923642,2026-10-01 15:45:47,actions-trading,Sim13,35320K,skip,theme_momentum_weak,1f86af7eea5f
14923642,2026-10-01 15:45:47,actions-trading,Sim13,004105,skip,no_frgn_support,b30be4c3febf
14923642,2026-10-01 15:45:47,actions-trading,Sim13,007660,skip,theme_momentum_weak,30ef2897ba70
14923642,2026-10-01 15:45:47,actions-trading,Sim13,008060,skip,theme_momentum_weak,3859a3311009
14923642,2026-10-01 15:45:47,actions-trading,Sim13,002360,skip,amount_not_surprised,944359b9d2b8
14923642,2026-10-01 15:45:47,actions-trading,Sim13,001820,skip,adx_weak,b32da975a89d
14923642,2026-10-01 15:45:47,actions-trading,Sim13,007810,skip,adx_weak,42976a52084d
14923643,2026-10-01 15:47:41,actions-trading,MFHS2,005935,skip,max_holdings,20fc6d42d926
14923643,2026-10-01 15:47:41,actions-trading,MFHS2,003280,seen,,61d80233170d
14923643,2026-10-01 15:47:41,actions-trading,MFHS2,003160,seen,,75740479633e
14923643,2026-10-01 15:47:41,actions-trading,MFHS2,248070,seen,,a51434001a95
14923643,2026-10-01 15:47:41,actions-trading,MFHS2,001360,seen,,d47c740df5fb
14923643,2026-10-01 15:47:41,actions-trading,MFHS2,001820,seen,,e8223ccdc0b6
14923643,2026-10-01 15:47:41,actions-trading,MFHS2,034220,seen,,50d647fc2b22
14923643,2026-10-01 15:47:41,actions-trading,MFHS2,007660,seen,,be144c90d8c0
14923643,2026-10-01 15:47:41,actions-trading,MFHS2,002990,seen,,277037497899
14923643,2026-10-01 15:47:41,actions-trading,MFHS2,001740,seen,,c13f1cd24710
14923643,2026-10-01 15:47:41,actions-trading,MFHS2,073240,seen,,5da2de60c895
14923643,2026-10-01 15:47:41,actions-trading,MFHS2,068270,seen,,8a755934364b
14923643,2026-10-01 15:47:41,actions-trading,MFHS2,005360,seen,,b98fad09d245
14923643,2026-10-01 15:47:41,actions-trading,MFHS2,003350,seen,,5e5af235833f
14923643,2026-10-01 15:47:41,actions-trading,MFHS2,090460,seen,,f1d5c6c05d38
14923643,2026-10-01 15:47:41,actions-trading,MFHS2,006800,seen,,1640ac980a3e
14923643,2026-10-01 15:47:41,actions-trading,MFHS2,005880,seen,,520614bfe62d
14923643,2026-10-01 15:47:41,actions-trading,MFHS2,001510,seen,,ea630e73ccc7
14923643,2026-10-01 15:47:41,actions-trading,MFHS2,001210,seen,,10cb691e92b3
14923643,2026-10-01 15:47:41,actions-trading,MFHS2,001200,seen,,0556ca653eac
14923643,2026-10-01 15:47:41,actions-trading,MFHS2,064400,seen,,8c90b51a409d
14923643,2026-10-01 15:47:41,actions-trading,MFHS2,005690,seen,,a984743eabbd
14923643,2026-10-01 15:47:41,actions-trading,MFHS2,272210,seen,,ba3003fdda3c
14923643,2026-10-01 15:47:41,actions-trading,MFHS2,019170,seen,,cb180ef18c8e
14923643,2026-10-01 15:47:41,actions-trading,MFHS2,002700,seen,,aeb36aedb7ab
14923643,2026-10-01 15:47:41,actions-trading,MFHS2,003520,seen,,43271e5ffdfe
14923643,2026-10-01 15:47:41,actions-trading,MFHS2,000400,seen,,acb261d672bf
14923643,2026-10-01 15:47:41,actions-trading,MFHS2,137310,seen,,627ea25fab33
14923643,2026-10-01 15:47:41,actions-trading,MFHS2,032350,seen,,b1d791302387
14923643,2026-10-01 15:47:41,actions-trading,MFHS2,249420,seen,,7cd81613f245
14923643,2026-10-01 15:47:42,actions-trading,상승모멘텀,084010,skip,max_holdings,3cf0f1bb5ed5
14923643,2026-10-01 15:47:42,actions-trading,상승모멘텀,248070,seen,,a51434001a95
14923643,2026-10-01 15:47:42,actions-trading,상승모멘텀,192650,seen,,6e0cb7127178
14923643,2026-10-01 15:47:42,actions-trading,상승모멘텀,003160,seen,,75740479633e
14923643,2026-10-01 15:47:42,actions-trading,상승모멘텀,001360,seen,,d47c740df5fb
14923643,2026-10-01 15:47:42,actions-trading,상승모멘텀,353200,seen,,1de0a3784014
14923643,2026-10-01 15:47:42,actions-trading,상승모멘텀,003350,seen,,5e5af235833f
14923643,2026-10-01 15:47:42,actions-trading,상승모멘텀,005430,seen,,20938381b7ec
14923643,2026-10-01 15:47:42,actions-trading,상승모멘텀,036570,seen,,d4b4e8fbdf96
14923643,2026-10-01 15:47:42,actions-trading,상승모멘텀,009420,seen,,7746de020e7e
14923643,2026-10-01 15:47:42,actions-trading,상승모멘텀,023150,seen,,16bf6a508de1
14923643,2026-10-01 15:47:42,actions-trading,상승모멘텀,069640,seen,,378db1d9ad69
14923643,2026-10-01 15:47:42,actions-trading,상승모멘텀,012030,seen,,2e16cd64b7b3
14923643,2026-10-01 15:47:42,actions-trading,상승모멘텀,055490,seen,,26ecd1b3073b
14923643,2026-10-01 15:47:42,actions-trading,상승모멘텀,0126Z0,seen,,beeb0501d3df
14923643,2026-10-01 15:47:42,actions-trading,상승모멘텀,480370,seen,,0c116d300a9d
14923643,2026-10-01 15:47:42,actions-trading,상승모멘텀,014680,seen,,a45cf23bc9cb
14923643,2026-10-01 15:47:42,actions-trading,상승모멘텀,109070,seen,,202185bf09a8
14923643,2026-10-01 15:47:42,actions-trading,상승모멘텀,004710,seen,,1fbd59115d8f
14923643,2026-10-01 15:47:42,actions-trading,상승모멘텀,011690,seen,,0865ea5ff2f3
14923643,2026-10-01 15:47:42,actions-trading,상승모멘텀,195870,seen,,47ebd9291a18
14923643,2026-10-01 15:47:42,actions-trading,상승모멘텀,093050,seen,,55ebc5388547
14923643,2026-10-01 15:47:42,actions-trading,상승모멘텀,112610,seen,,4387dec5e4dc
14923643,2026-10-01 15:47:42,actions-trading,상승모멘텀,35320K,seen,,1f86af7eea5f
14923643,2026-10-01 15:47:42,actions-trading,상승모멘텀,004105,seen,,b30be4c3febf
14923643,2026-10-01 15:47:42,actions-trading,상승모멘텀,007660,seen,,be144c90d8c0
14923643,2026-10-01 15:47:42,actions-trading,상승모멘텀,008060,seen,,3859a3311009
14923643,2026-10-01 15:47:42,actions-trading,상승모멘텀,002360,seen,,944359b9d2b8
14923643,2026-10-01 15:47:42,actions-trading,상승모멘텀,001820,seen,,e8223ccdc0b6
14923643,2026-10-01 15:47:42,actions-trading,상승모멘텀,007810,seen,,42976a52084d
14923643,2026-10-01 15:47:42,actions-trading,Sim4-1,084010,skip,period,3cf0f1bb5ed5
14923643,2026-10-01 15:47:42,actions-trading,Sim4-1,248070,skip,period,a51434001a95
14923643,2026-10-01 15:47:42,actions-trading,Sim4-1,192650,skip,period,6e0cb7127178
14923643,2026-10-01 15:47:42,actions-trading,Sim4-1,003160,skip,held_or_cooldown,75740479633e
14923643,2026-10-01 15:47:42,actions-trading,Sim4-1,001360,skip,adx_low,d47c740df5fb
14923643,2026-10-01 15:47:42,actions-trading,Sim4-1,353200,skip,adx_high,1de0a3784014
14923643,2026-10-01 15:47:42,actions-trading,Sim4-1,003350,skip,adx_low,5e5af235833f
14923643,2026-10-01 15:47:42,actions-trading,Sim4-1,005430,skip,amount,20938381b7ec
14923643,2026-10-01 15:47:42,actions-trading,Sim4-1,036570,skip,period,d4b4e8fbdf96
14923643,2026-10-01 15:47:42,actions-trading,Sim4-1,009420,skip,period,7746de020e7e
14923643,2026-10-01 15:47:42,actions-trading,Sim4-1,023150,skip,amount,16bf6a508de1
14923643,2026-10-01 15:47:42,actions-trading,Sim4-1,069640,skip,amount,378db1d9ad69
14923643,2026-10-01 15:47:42,actions-trading,Sim4-1,012030,skip,adx_high,2e16cd64b7b3
14923643,2026-10-01 15:47:42,actions-trading,Sim4-1,055490,skip,amount,26ecd1b3073b
14923643,2026-10-01 15:47:42,actions-trading,Sim4-1,0126Z0,skip,adx_high,beeb0501d3df
14923643,2026-10-01 15:47:42,actions-trading,Sim4-1,480370,skip,amount,0c116d300a9d
14923643,2026-10-01 15:47:42,actions-trading,Sim4-1,014680,skip,adx_high,a45cf23bc9cb
14923643,2026-10-01 15:47:42,actions-trading,Sim4-1,109070,skip,amount,202185bf09a8
14923643,2026-10-01 15:47:42,actions-trading,Sim4-1,004710,skip,adx_high,1fbd59115d8f
14923643,2026-10-01 15:47:42,actions-trading,Sim4-1,011690,skip,period,0865ea5ff2f3
14923643,2026-10-01 15:47:42,actions-trading,Sim4-1,195870,skip,held_or_cooldown,47ebd9291a18
14923643,2026-10-01 15:47:42,actions-trading,Sim4-1,093050,skip,amount,55ebc5388547
14923643,2026-10-01 15:47:42,actions-trading,Sim4-1,112610,skip,period,4387dec5e4dc
14923643,2026-10-01 15:47:42,actions-trading,Sim4-1,35320K,skip,amount,1f86af7eea5f
14923643,2026-10-01 15:47:42,actions-trading,Sim4-1,004105,skip,amount,b30be4c3febf
14923643,2026-10-01 15:47:42,actions-trading,Sim4-1,007660,skip,held_or_cooldown,be144c90d8c0
14923643,2026-10-01 15:47:42,actions-trading,Sim4-1,008060,skip,amount,3859a3311009
14923643,2026-10-01 15:47:42,actions-trading,Sim4-1,002360,skip,amount,944359b9d2b8
14923643,2026-10-01 15:47:42,actions-trading,Sim4-1,001820,skip,adx_low,e8223ccdc0b6
14923643,2026-10-01 15:47:42,actions-trading,Sim4-1,007810,skip,adx_high,42976a52084d
14923643,2026-10-01 15:47:43,actions-trading,선행매집,005930,skip,below_anchor,848b8c41fa0a
14923643,2026-10-01 15:47:43,actions-trading,선행매집,005935,skip,below_anchor,20fc6d42d926
14923643,2026-10-01 15:47:43,actions-trading,선행매집,000660,skip,below_anchor,3b32597f3964
14923643,2026-10-01 15:47:43,actions-trading,선행매집,192650,skip,no_setup,6e0cb7127178
14923643,2026-10-01 15:47:43,actions-trading,선행매집,028670,skip,held_awaiting_breakout,5573cb8da36b
14923643,2026-10-01 15:47:43,actions-trading,선행매집,248070,skip,below_anchor,a51434001a95
14923643,2026-10-01 15:47:43,actions-trading,선행매집,003280,skip,below_anchor,61d80233170d
14923643,2026-10-01 15:47:43,actions-trading,선행매집,073240,skip,below_anchor,5da2de60c895
14923643,2026-10-01 15:47:43,actions-trading,선행매집,034220,skip,below_anchor,50d647fc2b22
14923643,2026-10-01 15:47:43,actions-trading,선행매집,011200,skip,below_anchor,5e97d26c9ea2
14923643,2026-10-01 15:47:43,actions-trading,선행매집,007660,skip,below_anchor,be144c90d8c0
14923643,2026-10-01 15:47:43,actions-trading,선행매집,001820,skip,below_anchor,e8223ccdc0b6
14923643,2026-10-01 15:47:43,actions-trading,선행매집,001360,skip,below_anchor,d47c740df5fb
14923643,2026-10-01 15:47:43,actions-trading,선행매집,093370,skip,below_anchor,cccd12ca8fad
14923643,2026-10-01 15:47:43,actions-trading,선행매집,002990,skip,below_anchor,277037497899
14923643,2026-10-01 15:47:43,actions-trading,선행매집,005880,skip,below_anchor,520614bfe62d
14923643,2026-10-01 15:47:43,actions-trading,선행매집,003160,skip,no_setup,75740479633e
14923643,2026-10-01 15:47:43,actions-trading,선행매집,068270,skip,below_anchor,8a755934364b
14923643,2026-10-01 15:47:43,actions-trading,선행매집,272210,skip,below_anchor,ba3003fdda3c
14923643,2026-10-01 15:47:43,actions-trading,선행매집,006800,skip,below_anchor,1640ac980a3e
14923643,2026-10-01 15:47:43,actions-trading,선행매집,005360,skip,amount,b98fad09d245
14923643,2026-10-01 15:47:43,actions-trading,선행매집,003350,skip,below_anchor,5e5af235833f
14923643,2026-10-01 15:47:43,actions-trading,선행매집,001740,skip,below_anchor,c13f1cd24710
14923643,2026-10-01 15:47:43,actions-trading,선행매집,001210,skip,below_anchor,10cb691e92b3
14923643,2026-10-01 15:47:43,actions-trading,선행매집,001510,skip,below_anchor,ea630e73ccc7
14923643,2026-10-01 15:47:43,actions-trading,선행매집,017670,skip,below_anchor,24bfd8d7c226
14923643,2026-10-01 15:47:43,actions-trading,선행매집,002700,skip,amount,aeb36aedb7ab
14923643,2026-10-01 15:47:43,actions-trading,선행매집,064400,skip,below_anchor,8c90b51a409d
14923643,2026-10-01 15:47:43,actions-trading,선행매집,001200,skip,below_anchor,0556ca653eac
14923643,2026-10-01 15:47:43,actions-trading,선행매집,019170,skip,below_anchor,cb180ef18c8e
14923643,2026-10-01 15:47:44,actions-trading,Sim9,_gate,skip,outside_entry_window,e3b0c44298fc
14923643,2026-10-01 15:47:44,actions-trading,Sim9,084010,seen,,3cf0f1bb5ed5
14923643,2026-10-01 15:47:44,actions-trading,Sim9,248070,seen,,a51434001a95
14923643,2026-10-01 15:47:44,actions-trading,Sim9,192650,seen,,6e0cb7127178
14923643,2026-10-01 15:47:44,actions-trading,Sim9,003160,seen,,75740479633e
14923643,2026-10-01 15:47:44,actions-trading,Sim9,001360,seen,,d47c740df5fb
14923643,2026-10-01 15:47:44,actions-trading,Sim9,353200,seen,,1de0a3784014
14923643,2026-10-01 15:47:44,actions-trading,Sim9,003350,seen,,5e5af235833f
14923643,2026-10-01 15:47:44,actions-trading,Sim9,005430,seen,,20938381b7ec
14923643,2026-10-01 15:47:44,actions-trading,Sim9,036570,seen,,d4b4e8fbdf96
14923643,2026-10-01 15:47:44,actions-trading,Sim9,009420,seen,,7746de020e7e
14923643,2026-10-01 15:47:44,actions-trading,Sim9,023150,seen,,16bf6a508de1
14923643,2026-10-01 15:47:44,actions-trading,Sim9,069640,seen,,378db1d9ad69
14923643,2026-10-01 15:47:44,actions-trading,Sim9,012030,seen,,2e16cd64b7b3
14923643,2026-10-01 15:47:44,actions-trading,Sim9,055490,seen,,26ecd1b3073b
14923643,2026-10-01 15:47:44,actions-trading,Sim9,0126Z0,seen,,beeb0501d3df
14923643,2026-10-01 15:47:44,actions-trading,Sim9,480370,seen,,0c116d300a9d
14923643,2026-10-01 15:47:44,actions-trading,Sim9,014680,seen,,a45cf23bc9cb
14923643,2026-10-01 15:47:44,actions-trading,Sim9,109070,seen,,202185bf09a8
14923643,2026-10-01 15:47:44,actions-trading,Sim9,004710,seen,,1fbd59115d8f
14923643,2026-10-01 15:47:44,actions-trading,Sim9,011690,seen,,0865ea5ff2f3
14923643,2026-10-01 15:47:44,actions-trading,Sim9,195870,seen,,47ebd9291a18
14923643,2026-10-01 15:47:44,actions-trading,Sim9,093050,seen,,55ebc5388547
14923643,2026-10-01 15:47:44,actions-trading,Sim9,112610,seen,,4387dec5e4dc
14923643,2026-10-01 15:47:44,actions-trading,Sim9,35320K,seen,,1f86af7eea5f
14923643,2026-10-01 15:47:44,actions-trading,Sim9,004105,seen,,b30be4c3febf
14923643,2026-10-01 15:47:44,actions-trading,Sim9,007660,seen,,be144c90d8c0
14923643,2026-10-01 15:47:44,actions-trading,Sim9,008060,seen,,3859a3311009
14923643,2026-10-01 15:47:44,actions-trading,Sim9,002360,seen,,944359b9d2b8
14923643,2026-10-01 15:47:44,actions-trading,Sim9,001820,seen,,e8223ccdc0b6
14923643,2026-10-01 15:47:44,actions-trading,Sim9,007810,seen,,42976a52084d
14923643,2026-10-01 15:47:44,actions-trading,미너비니,192820,skip,below_pivot,9f1bcdb9d14d
14923643,2026-10-01 15:47:44,actions-trading,미너비니,443060,skip,below_pivot,20246b25bbc9
14923643,2026-10-01 15:47:44,actions-trading,미너비니,020120,skip,below_pivot,16d64ef0325e
14923643,2026-10-01 15:47:45,actions-trading,Sim12,084010,skip,avoid_frgn_sell_20d,3cf0f1bb5ed5
14923643,2026-10-01 15:47:45,actions-trading,Sim12,248070,skip,avoid_frgn_sell_20d,a51434001a95
14923643,2026-10-01 15:47:45,actions-trading,Sim12,192650,skip,pb2_not_crashed,6e0cb7127178
14923643,2026-10-01 15:47:45,actions-trading,Sim12,003160,skip,pb2_not_crashed,75740479633e
14923643,2026-10-01 15:47:45,actions-trading,Sim12,001360,skip,pb2_not_crashed,d47c740df5fb
14923643,2026-10-01 15:47:45,actions-trading,Sim12,353200,skip,avoid_orgn_sell_high_per,1de0a3784014
14923643,2026-10-01 15:47:45,actions-trading,Sim12,003350,skip,pb2_not_crashed,5e5af235833f
14923643,2026-10-01 15:47:45,actions-trading,Sim12,005430,skip,pb2_not_crashed,20938381b7ec
14923643,2026-10-01 15:47:45,actions-trading,Sim12,036570,skip,pb2_not_crashed,d4b4e8fbdf96
14923643,2026-10-01 15:47:45,actions-trading,Sim12,009420,skip,pb2_no_inst_buying,7746de020e7e
14923643,2026-10-01 15:47:45,actions-trading,Sim12,023150,skip,avoid_frgn_sell_20d,16bf6a508de1
14923643,2026-10-01 15:47:45,actions-trading,Sim12,069640,skip,avoid_frgn_sell_20d,378db1d9ad69
14923643,2026-10-01 15:47:45,actions-trading,Sim12,012030,skip,avoid_frgn_sell_20d,2e16cd64b7b3
14923643,2026-10-01 15:47:45,actions-trading,Sim12,055490,skip,avoid_frgn_sell_20d,26ecd1b3073b
14923643,2026-10-01 15:47:45,actions-trading,Sim12,0126Z0,skip,avoid_frgn_sell_20d,beeb0501d3df
14923643,2026-10-01 15:47:45,actions-trading,Sim12,480370,skip,pb2_not_crashed,0c116d300a9d
14923643,2026-10-01 15:47:45,actions-trading,Sim12,014680,skip,pb2_not_crashed,a45cf23bc9cb
14923643,2026-10-01 15:47:45,actions-trading,Sim12,109070,skip,pb2_not_crashed,202185bf09a8
14923643,2026-10-01 15:47:45,actions-trading,Sim12,004710,skip,avoid_frgn_sell_20d,1fbd59115d8f
14923643,2026-10-01 15:47:45,actions-trading,Sim12,011690,skip,pb2_not_crashed,0865ea5ff2f3
14923643,2026-10-01 15:47:45,actions-trading,Sim12,195870,skip,pb2_not_crashed,47ebd9291a18
14923643,2026-10-01 15:47:45,actions-trading,Sim12,093050,skip,avoid_frgn_sell_20d,55ebc5388547
14923643,2026-10-01 15:47:45,actions-trading,Sim12,112610,skip,avoid_frgn_sell_20d,4387dec5e4dc
14923643,2026-10-01 15:47:45,actions-trading,Sim12,35320K,skip,pb2_not_crashed,1f86af7eea5f
14923643,2026-10-01 15:47:45,actions-trading,Sim12,004105,skip,pb2_not_crashed,b30be4c3febf
14923643,2026-10-01 15:47:45,actions-trading,Sim12,007660,skip,pb2_not_crashed,be144c90d8c0
14923643,2026-10-01 15:47:45,actions-trading,Sim12,008060,skip,avoid_orgn_sell_high_per,3859a3311009
14923643,2026-10-01 15:47:45,actions-trading,Sim12,002360,skip,pb2_not_crashed,944359b9d2b8
14923643,2026-10-01 15:47:45,actions-trading,Sim12,001820,skip,pb2_not_crashed,e8223ccdc0b6
14923643,2026-10-01 15:47:45,actions-trading,Sim12,007810,skip,avoid_orgn_sell_high_per,42976a52084d
14923643,2026-10-01 15:47:45,actions-trading,Sim12,009190,skip,pb2_no_inst_buying,f8339020f2db
14923643,2026-10-01 15:47:45,actions-trading,Sim12,051630,skip,pb2_not_crashed,ba44930f3f66
14923643,2026-10-01 15:47:45,actions-trading,Sim12,002820,skip,pb2_no_inst_buying,641d8d6539ba
14923643,2026-10-01 15:47:45,actions-trading,Sim12,452260,skip,pb2_not_crashed,ad1583ba44bc
14923643,2026-10-01 15:47:45,actions-trading,Sim12,005030,skip,avoid_amount_dry,adf0c8827be3
14923643,2026-10-01 15:47:45,actions-trading,Sim12,002787,skip,avoid_amount_dry,a295a89dd91f
14923643,2026-10-01 15:47:45,actions-trading,Sim12,010950,skip,pb2_not_crashed,6d492a7cf7da
14923643,2026-10-01 15:47:45,actions-trading,Sim12,010955,skip,pb2_not_crashed,a2b96b713811
14923643,2026-10-01 15:47:45,actions-trading,Sim12,071090,skip,pb2_not_crashed,9edc42aacd08
14923643,2026-10-01 15:47:45,actions-trading,Sim12,007110,skip,avoid_amount_dry,7c116eb4d5e9
14923643,2026-10-01 15:47:45,actions-trading,Sim12,361610,skip,pb2_not_crashed,ed29c658f48d
14923643,2026-10-01 15:47:45,actions-trading,Sim12,001770,skip,pb2_thin_liquidity,476ea32fc6bb
14923643,2026-10-01 15:47:45,actions-trading,Sim12,096770,skip,pb2_not_crashed,877f1fa56e30
14923643,2026-10-01 15:47:45,actions-trading,Sim12,011090,skip,avoid_amount_dry,9cad8ae20256
14923643,2026-10-01 15:47:45,actions-trading,Sim12,002070,skip,avoid_amount_dry,7bc68f6689b8
14923643,2026-10-01 15:47:45,actions-trading,Sim12,002690,skip,avoid_frgn_sell_20d,826e0491ab39
14923643,2026-10-01 15:47:45,actions-trading,Sim12,487570,skip,pb2_not_crashed,ed85f97f9405
14923643,2026-10-01 15:47:45,actions-trading,Sim12,003030,skip,pb2_not_crashed,555025eea692
14923643,2026-10-01 15:47:45,actions-trading,Sim12,006200,skip,pb2_no_inst_buying,9248e2a64726
14923643,2026-10-01 15:47:45,actions-trading,Sim12,003780,skip,avoid_frgn_sell_20d,f1c89e3816b1
14923643,2026-10-01 15:47:45,actions-trading,Sim12,003580,skip,pb2_not_crashed,f77aba28adf9
14923643,2026-10-01 15:47:45,actions-trading,Sim12,044450,skip,pb2_not_crashed,33bb180b2c2b
14923643,2026-10-01 15:47:45,actions-trading,Sim12,003075,skip,pb2_not_crashed,84cc71a27e53
14923643,2026-10-01 15:47:45,actions-trading,Sim12,316140,skip,pb2_not_crashed,6edab71c6abd
14923643,2026-10-01 15:47:45,actions-trading,Sim12,078930,skip,pb2_thin_liquidity,346399893312
14923643,2026-10-01 15:47:45,actions-trading,Sim12,009810,skip,pb2_not_crashed,3502294e875d
14923643,2026-10-01 15:47:45,actions-trading,Sim12,005010,skip,pb2_not_crashed,74cf161985f9
14923643,2026-10-01 15:47:45,actions-trading,Sim12,024890,skip,avoid_frgn_sell_20d,a9f3c7760f65
14923643,2026-10-01 15:47:45,actions-trading,Sim12,017940,skip,pb2_not_crashed,e69bf003063c
14923643,2026-10-01 15:47:45,actions-trading,Sim12,010640,skip,avoid_frgn_sell_20d,e40ac69c29df
14923643,2026-10-01 15:47:45,actions-trading,Sim13,084010,skip,theme_momentum_weak,3cf0f1bb5ed5
14923643,2026-10-01 15:47:45,actions-trading,Sim13,248070,skip,theme_momentum_weak,a51434001a95
14923643,2026-10-01 15:47:45,actions-trading,Sim13,192650,skip,no_frgn_support,6e0cb7127178
14923643,2026-10-01 15:47:45,actions-trading,Sim13,003160,skip,no_frgn_support,75740479633e
14923643,2026-10-01 15:47:45,actions-trading,Sim13,001360,skip,theme_momentum_weak,d47c740df5fb
14923643,2026-10-01 15:47:45,actions-trading,Sim13,353200,skip,adx_weak,1de0a3784014
14923643,2026-10-01 15:47:45,actions-trading,Sim13,003350,skip,theme_momentum_weak,5e5af235833f
14923643,2026-10-01 15:47:45,actions-trading,Sim13,005430,skip,theme_momentum_weak,20938381b7ec
14923643,2026-10-01 15:47:45,actions-trading,Sim13,036570,skip,theme_momentum_weak,d4b4e8fbdf96
14923643,2026-10-01 15:47:45,actions-trading,Sim13,009420,skip,theme_momentum_weak,7746de020e7e
14923643,2026-10-01 15:47:45,actions-trading,Sim13,023150,skip,theme_momentum_weak,16bf6a508de1
14923643,2026-10-01 15:47:45,actions-trading,Sim13,069640,skip,theme_momentum_weak,378db1d9ad69
14923643,2026-10-01 15:47:45,actions-trading,Sim13,012030,skip,adx_weak,2e16cd64b7b3
14923643,2026-10-01 15:47:45,actions-trading,Sim13,055490,skip,theme_momentum_weak,26ecd1b3073b
14923643,2026-10-01 15:47:45,actions-trading,Sim13,0126Z0,skip,theme_momentum_weak,beeb0501d3df
14923643,2026-10-01 15:47:45,actions-trading,Sim13,480370,skip,adx_weak,0c116d300a9d
14923643,2026-10-01 15:47:45,actions-trading,Sim13,014680,skip,no_frgn_support,a45cf23bc9cb
14923643,2026-10-01 15:47:45,actions-trading,Sim13,109070,skip,amount_not_surprised,202185bf09a8
14923643,2026-10-01 15:47:45,actions-trading,Sim13,004710,skip,no_frgn_support,1fbd59115d8f
14923643,2026-10-01 15:47:45,actions-trading,Sim13,011690,skip,theme_momentum_weak,0865ea5ff2f3
14923643,2026-10-01 15:47:45,actions-trading,Sim13,195870,skip,adx_weak,47ebd9291a18
14923643,2026-10-01 15:47:45,actions-trading,Sim13,093050,skip,theme_momentum_weak,55ebc5388547
14923643,2026-10-01 15:47:45,actions-trading,Sim13,112610,skip,theme_momentum_weak,4387dec5e4dc
14923643,2026-10-01 15:47:45,actions-trading,Sim13,35320K,skip,theme_momentum_weak,1f86af7eea5f
14923643,2026-10-01 15:47:45,actions-trading,Sim13,004105,skip,no_frgn_support,b30be4c3febf
14923643,2026-10-01 15:47:45,actions-trading,Sim13,007660,skip,theme_momentum_weak,be144c90d8c0
14923643,2026-10-01 15:47:45,actions-trading,Sim13,008060,skip,theme_momentum_weak,3859a3311009
14923643,2026-10-01 15:47:45,actions-trading,Sim13,002360,skip,amount_not_surprised,944359b9d2b8
14923643,2026-10-01 15:47:45,actions-trading,Sim13,001820,skip,adx_weak,e8223ccdc0b6
14923643,2026-10-01 15:47:45,actions-trading,Sim13,007810,skip,adx_weak,42976a52084d
14923644,2026-10-01 15:49:45,actions-trading,MFHS2,005935,skip,max_holdings,75e9fba92f23
14923644,2026-10-01 15:49:45,actions-trading,MFHS2,003280,seen,,61d80233170d
14923644,2026-10-01 15:49:45,actions-trading,MFHS2,003160,seen,,75740479633e
14923644,2026-10-01 15:49:45,actions-trading,MFHS2,248070,seen,,a51434001a95
14923644,2026-10-01 15:49:45,actions-trading,MFHS2,001360,seen,,d47c740df5fb
14923644,2026-10-01 15:49:45,actions-trading,MFHS2,001820,seen,,0f5e0ad20fab
14923644,2026-10-01 15:49:45,actions-trading,MFHS2,034220,seen,,05612b000aa8
14923644,2026-10-01 15:49:45,actions-trading,MFHS2,007660,seen,,20d707a9c21f
14923644,2026-10-01 15:49:45,actions-trading,MFHS2,002990,seen,,5d942789953c
14923644,2026-10-01 15:49:45,actions-trading,MFHS2,001740,seen,,0eb7ef993337
14923644,2026-10-01 15:49:45,actions-trading,MFHS2,073240,seen,,93a32f6a2876
14923644,2026-10-01 15:49:45,actions-trading,MFHS2,068270,seen,,8a755934364b
14923644,2026-10-01 15:49:45,actions-trading,MFHS2,005360,seen,,03d5ab71d877
14923644,2026-10-01 15:49:45,actions-trading,MFHS2,003350,seen,,ebc566620d51
14923644,2026-10-01 15:49:45,actions-trading,MFHS2,090460,seen,,f1d5c6c05d38
14923644,2026-10-01 15:49:45,actions-trading,MFHS2,006800,seen,,1640ac980a3e
14923644,2026-10-01 15:49:45,actions-trading,MFHS2,005880,seen,,044082631060
14923644,2026-10-01 15:49:45,actions-trading,MFHS2,001510,seen,,ea630e73ccc7
14923644,2026-10-01 15:49:45,actions-trading,MFHS2,001210,seen,,1c1846546548
14923644,2026-10-01 15:49:45,actions-trading,MFHS2,001200,seen,,0556ca653eac
14923644,2026-10-01 15:49:45,actions-trading,MFHS2,064400,seen,,8c90b51a409d
14923644,2026-10-01 15:49:45,actions-trading,MFHS2,005690,seen,,a984743eabbd
14923644,2026-10-01 15:49:45,actions-trading,MFHS2,272210,seen,,ba3003fdda3c
14923644,2026-10-01 15:49:45,actions-trading,MFHS2,019170,seen,,cb180ef18c8e
14923644,2026-10-01 15:49:45,actions-trading,MFHS2,002700,seen,,aeb36aedb7ab
14923644,2026-10-01 15:49:45,actions-trading,MFHS2,003520,seen,,43271e5ffdfe
14923644,2026-10-01 15:49:45,actions-trading,MFHS2,000400,seen,,17c27a71ebb4
14923644,2026-10-01 15:49:45,actions-trading,MFHS2,137310,seen,,627ea25fab33
14923644,2026-10-01 15:49:45,actions-trading,MFHS2,032350,seen,,fa53294648ed
14923644,2026-10-01 15:49:45,actions-trading,MFHS2,249420,seen,,82856a404f6d
14923644,2026-10-01 15:49:46,actions-trading,상승모멘텀,084010,skip,max_holdings,3cf0f1bb5ed5
14923644,2026-10-01 15:49:46,actions-trading,상승모멘텀,248070,seen,,a51434001a95
14923644,2026-10-01 15:49:46,actions-trading,상승모멘텀,192650,seen,,185471e89242
14923644,2026-10-01 15:49:46,actions-trading,상승모멘텀,003160,seen,,75740479633e
14923644,2026-10-01 15:49:46,actions-trading,상승모멘텀,001360,seen,,d47c740df5fb
14923644,2026-10-01 15:49:46,actions-trading,상승모멘텀,353200,seen,,eab81de3d5c7
14923644,2026-10-01 15:49:46,actions-trading,상승모멘텀,003350,seen,,ebc566620d51
14923644,2026-10-01 15:49:46,actions-trading,상승모멘텀,005430,seen,,20938381b7ec
14923644,2026-10-01 15:49:46,actions-trading,상승모멘텀,036570,seen,,d4b4e8fbdf96
14923644,2026-10-01 15:49:46,actions-trading,상승모멘텀,009420,seen,,379265ccddde
14923644,2026-10-01 15:49:46,actions-trading,상승모멘텀,023150,seen,,16bf6a508de1
14923644,2026-10-01 15:49:46,actions-trading,상승모멘텀,069640,seen,,378db1d9ad69
14923644,2026-10-01 15:49:46,actions-trading,상승모멘텀,012030,seen,,54fb6ab72ba5
14923644,2026-10-01 15:49:46,actions-trading,상승모멘텀,055490,seen,,26ecd1b3073b
14923644,2026-10-01 15:49:46,actions-trading,상승모멘텀,0126Z0,seen,,beeb0501d3df
14923644,2026-10-01 15:49:46,actions-trading,상승모멘텀,480370,seen,,0c116d300a9d
14923644,2026-10-01 15:49:46,actions-trading,상승모멘텀,014680,seen,,3ca71548db95
14923644,2026-10-01 15:49:46,actions-trading,상승모멘텀,109070,seen,,202185bf09a8
14923644,2026-10-01 15:49:46,actions-trading,상승모멘텀,004710,seen,,a9d7aebd95fa
14923644,2026-10-01 15:49:46,actions-trading,상승모멘텀,011690,seen,,1b32e5902e15
14923644,2026-10-01 15:49:46,actions-trading,상승모멘텀,195870,seen,,27725b042799
14923644,2026-10-01 15:49:46,actions-trading,상승모멘텀,093050,seen,,55ebc5388547
14923644,2026-10-01 15:49:46,actions-trading,상승모멘텀,112610,seen,,6215ab061a63
14923644,2026-10-01 15:49:46,actions-trading,상승모멘텀,35320K,seen,,1f86af7eea5f
14923644,2026-10-01 15:49:46,actions-trading,상승모멘텀,004105,seen,,b30be4c3febf
14923644,2026-10-01 15:49:46,actions-trading,상승모멘텀,007660,seen,,20d707a9c21f
14923644,2026-10-01 15:49:46,actions-trading,상승모멘텀,008060,seen,,3859a3311009
14923644,2026-10-01 15:49:46,actions-trading,상승모멘텀,002360,seen,,944359b9d2b8
14923644,2026-10-01 15:49:46,actions-trading,상승모멘텀,001820,seen,,0f5e0ad20fab
14923644,2026-10-01 15:49:46,actions-trading,상승모멘텀,007810,seen,,074ab326a3a1
14923644,2026-10-01 15:49:46,actions-trading,Sim4-1,084010,skip,period,3cf0f1bb5ed5
14923644,2026-10-01 15:49:46,actions-trading,Sim4-1,248070,skip,period,a51434001a95
14923644,2026-10-01 15:49:46,actions-trading,Sim4-1,192650,skip,period,185471e89242
14923644,2026-10-01 15:49:46,actions-trading,Sim4-1,003160,skip,held_or_cooldown,75740479633e
14923644,2026-10-01 15:49:46,actions-trading,Sim4-1,001360,skip,adx_low,d47c740df5fb
14923644,2026-10-01 15:49:46,actions-trading,Sim4-1,353200,skip,adx_high,eab81de3d5c7
14923644,2026-10-01 15:49:46,actions-trading,Sim4-1,003350,skip,adx_low,ebc566620d51
14923644,2026-10-01 15:49:46,actions-trading,Sim4-1,005430,skip,amount,20938381b7ec
14923644,2026-10-01 15:49:46,actions-trading,Sim4-1,036570,skip,period,d4b4e8fbdf96
14923644,2026-10-01 15:49:46,actions-trading,Sim4-1,009420,skip,period,379265ccddde
14923644,2026-10-01 15:49:46,actions-trading,Sim4-1,023150,skip,amount,16bf6a508de1
14923644,2026-10-01 15:49:46,actions-trading,Sim4-1,069640,skip,amount,378db1d9ad69
14923644,2026-10-01 15:49:46,actions-trading,Sim4-1,012030,skip,adx_high,54fb6ab72ba5
14923644,2026-10-01 15:49:46,actions-trading,Sim4-1,055490,skip,amount,26ecd1b3073b
14923644,2026-10-01 15:49:46,actions-trading,Sim4-1,0126Z0,skip,adx_high,beeb0501d3df
14923644,2026-10-01 15:49:46,actions-trading,Sim4-1,480370,skip,amount,0c116d300a9d
14923644,2026-10-01 15:49:46,actions-trading,Sim4-1,014680,skip,adx_high,3ca71548db95
14923644,2026-10-01 15:49:46,actions-trading,Sim4-1,109070,skip,amount,202185bf09a8
14923644,2026-10-01 15:49:46,actions-trading,Sim4-1,004710,skip,adx_high,a9d7aebd95fa
14923644,2026-10-01 15:49:46,actions-trading,Sim4-1,011690,skip,period,1b32e5902e15
14923644,2026-10-01 15:49:46,actions-trading,Sim4-1,195870,skip,held_or_cooldown,27725b042799
14923644,2026-10-01 15:49:46,actions-trading,Sim4-1,093050,skip,amount,55ebc5388547
14923644,2026-10-01 15:49:46,actions-trading,Sim4-1,112610,skip,period,6215ab061a63
14923644,2026-10-01 15:49:46,actions-trading,Sim4-1,35320K,skip,amount,1f86af7eea5f
14923644,2026-10-01 15:49:46,actions-trading,Sim4-1,004105,skip,amount,b30be4c3febf
14923644,2026-10-01 15:49:46,actions-trading,Sim4-1,007660,skip,held_or_cooldown,20d707a9c21f
14923644,2026-10-01 15:49:46,actions-trading,Sim4-1,008060,skip,amount,3859a3311009
14923644,2026-10-01 15:49:46,actions-trading,Sim4-1,002360,skip,amount,944359b9d2b8
14923644,2026-10-01 15:49:46,actions-trading,Sim4-1,001820,skip,adx_low,0f5e0ad20fab
14923644,2026-10-01 15:49:46,actions-trading,Sim4-1,007810,skip,adx_high,074ab326a3a1
14923644,2026-10-01 15:49:47,actions-trading,선행매집,005930,skip,below_anchor,6ae56de25132
14923644,2026-10-01 15:49:47,actions-trading,선행매집,005935,skip,below_anchor,75e9fba92f23
14923644,2026-10-01 15:49:47,actions-trading,선행매집,000660,skip,below_anchor,3b32597f3964
14923644,2026-10-01 15:49:47,actions-trading,선행매집,192650,skip,no_setup,185471e89242
14923644,2026-10-01 15:49:47,actions-trading,선행매집,028670,skip,held_awaiting_breakout,6d3d25c3c6df
14923644,2026-10-01 15:49:47,actions-trading,선행매집,248070,skip,below_anchor,a51434001a95
14923644,2026-10-01 15:49:47,actions-trading,선행매집,003280,skip,below_anchor,61d80233170d
14923644,2026-10-01 15:49:47,actions-trading,선행매집,073240,skip,below_anchor,93a32f6a2876
14923644,2026-10-01 15:49:47,actions-trading,선행매집,034220,skip,below_anchor,05612b000aa8
14923644,2026-10-01 15:49:47,actions-trading,선행매집,011200,skip,below_anchor,5d4844a96080
14923644,2026-10-01 15:49:47,actions-trading,선행매집,007660,skip,below_anchor,20d707a9c21f
14923644,2026-10-01 15:49:47,actions-trading,선행매집,001820,skip,below_anchor,0f5e0ad20fab
14923644,2026-10-01 15:49:47,actions-trading,선행매집,001360,skip,below_anchor,d47c740df5fb
14923644,2026-10-01 15:49:47,actions-trading,선행매집,093370,skip,below_anchor,45438abfc250
14923644,2026-10-01 15:49:47,actions-trading,선행매집,002990,skip,below_anchor,5d942789953c
14923644,2026-10-01 15:49:47,actions-trading,선행매집,005880,skip,below_anchor,044082631060
14923644,2026-10-01 15:49:47,actions-trading,선행매집,003160,skip,no_setup,75740479633e
14923644,2026-10-01 15:49:47,actions-trading,선행매집,068270,skip,below_anchor,8a755934364b
14923644,2026-10-01 15:49:47,actions-trading,선행매집,272210,skip,below_anchor,ba3003fdda3c
14923644,2026-10-01 15:49:47,actions-trading,선행매집,006800,skip,below_anchor,1640ac980a3e
14923644,2026-10-01 15:49:47,actions-trading,선행매집,005360,skip,amount,03d5ab71d877
14923644,2026-10-01 15:49:47,actions-trading,선행매집,003350,skip,below_anchor,ebc566620d51
14923644,2026-10-01 15:49:47,actions-trading,선행매집,001740,skip,below_anchor,0eb7ef993337
14923644,2026-10-01 15:49:47,actions-trading,선행매집,001210,skip,below_anchor,1c1846546548
14923644,2026-10-01 15:49:47,actions-trading,선행매집,001510,skip,below_anchor,ea630e73ccc7
14923644,2026-10-01 15:49:47,actions-trading,선행매집,017670,skip,below_anchor,3ffe143036c2
14923644,2026-10-01 15:49:47,actions-trading,선행매집,002700,skip,amount,aeb36aedb7ab
14923644,2026-10-01 15:49:47,actions-trading,선행매집,064400,skip,below_anchor,8c90b51a409d
14923644,2026-10-01 15:49:47,actions-trading,선행매집,001200,skip,below_anchor,0556ca653eac
14923644,2026-10-01 15:49:47,actions-trading,선행매집,019170,skip,below_anchor,cb180ef18c8e
14923644,2026-10-01 15:49:48,actions-trading,Sim9,_gate,skip,outside_entry_window,e3b0c44298fc
14923644,2026-10-01 15:49:48,actions-trading,Sim9,084010,seen,,3cf0f1bb5ed5
14923644,2026-10-01 15:49:48,actions-trading,Sim9,248070,seen,,a51434001a95
14923644,2026-10-01 15:49:48,actions-trading,Sim9,192650,seen,,185471e89242
14923644,2026-10-01 15:49:48,actions-trading,Sim9,003160,seen,,75740479633e
14923644,2026-10-01 15:49:48,actions-trading,Sim9,001360,seen,,d47c740df5fb
14923644,2026-10-01 15:49:48,actions-trading,Sim9,353200,seen,,eab81de3d5c7
14923644,2026-10-01 15:49:48,actions-trading,Sim9,003350,seen,,ebc566620d51
14923644,2026-10-01 15:49:48,actions-trading,Sim9,005430,seen,,20938381b7ec
14923644,2026-10-01 15:49:48,actions-trading,Sim9,036570,seen,,d4b4e8fbdf96
14923644,2026-10-01 15:49:48,actions-trading,Sim9,009420,seen,,379265ccddde
14923644,2026-10-01 15:49:48,actions-trading,Sim9,023150,seen,,16bf6a508de1
14923644,2026-10-01 15:49:48,actions-trading,Sim9,069640,seen,,378db1d9ad69
14923644,2026-10-01 15:49:48,actions-trading,Sim9,012030,seen,,54fb6ab72ba5
14923644,2026-10-01 15:49:48,actions-trading,Sim9,055490,seen,,26ecd1b3073b
14923644,2026-10-01 15:49:48,actions-trading,Sim9,0126Z0,seen,,beeb0501d3df
14923644,2026-10-01 15:49:48,actions-trading,Sim9,480370,seen,,0c116d300a9d
14923644,2026-10-01 15:49:48,actions-trading,Sim9,014680,seen,,3ca71548db95
14923644,2026-10-01 15:49:48,actions-trading,Sim9,109070,seen,,202185bf09a8
14923644,2026-10-01 15:49:48,actions-trading,Sim9,004710,seen,,a9d7aebd95fa
14923644,2026-10-01 15:49:48,actions-trading,Sim9,011690,seen,,1b32e5902e15
14923644,2026-10-01 15:49:48,actions-trading,Sim9,195870,seen,,27725b042799
14923644,2026-10-01 15:49:48,actions-trading,Sim9,093050,seen,,55ebc5388547
14923644,2026-10-01 15:49:48,actions-trading,Sim9,112610,seen,,6215ab061a63
14923644,2026-10-01 15:49:48,actions-trading,Sim9,35320K,seen,,1f86af7eea5f
14923644,2026-10-01 15:49:48,actions-trading,Sim9,004105,seen,,b30be4c3febf
14923644,2026-10-01 15:49:48,actions-trading,Sim9,007660,seen,,20d707a9c21f
14923644,2026-10-01 15:49:48,actions-trading,Sim9,008060,seen,,3859a3311009
14923644,2026-10-01 15:49:48,actions-trading,Sim9,002360,seen,,944359b9d2b8
14923644,2026-10-01 15:49:48,actions-trading,Sim9,001820,seen,,0f5e0ad20fab
14923644,2026-10-01 15:49:48,actions-trading,Sim9,007810,seen,,074ab326a3a1
14923644,2026-10-01 15:49:48,actions-trading,미너비니,192820,skip,below_pivot,9f1bcdb9d14d
14923644,2026-10-01 15:49:48,actions-trading,미너비니,443060,skip,below_pivot,20246b25bbc9
14923644,2026-10-01 15:49:48,actions-trading,미너비니,020120,skip,below_pivot,16d64ef0325e
14923644,2026-10-01 15:49:49,actions-trading,Sim12,084010,skip,avoid_frgn_sell_20d,3cf0f1bb5ed5
14923644,2026-10-01 15:49:49,actions-trading,Sim12,248070,skip,avoid_frgn_sell_20d,a51434001a95
14923644,2026-10-01 15:49:49,actions-trading,Sim12,192650,skip,pb2_not_crashed,185471e89242
14923644,2026-10-01 15:49:49,actions-trading,Sim12,003160,skip,pb2_not_crashed,75740479633e
14923644,2026-10-01 15:49:49,actions-trading,Sim12,001360,skip,pb2_not_crashed,d47c740df5fb
14923644,2026-10-01 15:49:49,actions-trading,Sim12,353200,skip,avoid_orgn_sell_high_per,eab81de3d5c7
14923644,2026-10-01 15:49:49,actions-trading,Sim12,003350,skip,pb2_not_crashed,ebc566620d51
14923644,2026-10-01 15:49:49,actions-trading,Sim12,005430,skip,pb2_not_crashed,20938381b7ec
14923644,2026-10-01 15:49:49,actions-trading,Sim12,036570,skip,pb2_not_crashed,d4b4e8fbdf96
14923644,2026-10-01 15:49:49,actions-trading,Sim12,009420,skip,pb2_no_inst_buying,379265ccddde
14923644,2026-10-01 15:49:49,actions-trading,Sim12,023150,skip,avoid_frgn_sell_20d,16bf6a508de1
14923644,2026-10-01 15:49:49,actions-trading,Sim12,069640,skip,avoid_frgn_sell_20d,378db1d9ad69
14923644,2026-10-01 15:49:49,actions-trading,Sim12,012030,skip,avoid_frgn_sell_20d,54fb6ab72ba5
14923644,2026-10-01 15:49:49,actions-trading,Sim12,055490,skip,avoid_frgn_sell_20d,26ecd1b3073b
14923644,2026-10-01 15:49:49,actions-trading,Sim12,0126Z0,skip,avoid_frgn_sell_20d,beeb0501d3df
14923644,2026-10-01 15:49:49,actions-trading,Sim12,480370,skip,pb2_not_crashed,0c116d300a9d
14923644,2026-10-01 15:49:49,actions-trading,Sim12,014680,skip,pb2_not_crashed,3ca71548db95
14923644,2026-10-01 15:49:49,actions-trading,Sim12,109070,skip,pb2_not_crashed,202185bf09a8
14923644,2026-10-01 15:49:49,actions-trading,Sim12,004710,skip,avoid_frgn_sell_20d,a9d7aebd95fa
14923644,2026-10-01 15:49:49,actions-trading,Sim12,011690,skip,pb2_not_crashed,1b32e5902e15
14923644,2026-10-01 15:49:49,actions-trading,Sim12,195870,skip,pb2_not_crashed,27725b042799
14923644,2026-10-01 15:49:49,actions-trading,Sim12,093050,skip,avoid_frgn_sell_20d,55ebc5388547
14923644,2026-10-01 15:49:49,actions-trading,Sim12,112610,skip,avoid_frgn_sell_20d,6215ab061a63
14923644,2026-10-01 15:49:49,actions-trading,Sim12,35320K,skip,pb2_not_crashed,1f86af7eea5f
14923644,2026-10-01 15:49:49,actions-trading,Sim12,004105,skip,pb2_not_crashed,b30be4c3febf
14923644,2026-10-01 15:49:49,actions-trading,Sim12,007660,skip,pb2_not_crashed,20d707a9c21f
14923644,2026-10-01 15:49:49,actions-trading,Sim12,008060,skip,avoid_orgn_sell_high_per,3859a3311009
14923644,2026-10-01 15:49:49,actions-trading,Sim12,002360,skip,pb2_not_crashed,944359b9d2b8
14923644,2026-10-01 15:49:49,actions-trading,Sim12,001820,skip,pb2_not_crashed,0f5e0ad20fab
14923644,2026-10-01 15:49:49,actions-trading,Sim12,007810,skip,avoid_orgn_sell_high_per,074ab326a3a1
14923644,2026-10-01 15:49:49,actions-trading,Sim12,009190,skip,pb2_no_inst_buying,0310aeab3c84
14923644,2026-10-01 15:49:49,actions-trading,Sim12,051630,skip,pb2_not_crashed,ba44930f3f66
14923644,2026-10-01 15:49:49,actions-trading,Sim12,002820,skip,pb2_no_inst_buying,c0b1421a0a5a
14923644,2026-10-01 15:49:49,actions-trading,Sim12,452260,skip,pb2_not_crashed,110e2f53f4a0
14923644,2026-10-01 15:49:49,actions-trading,Sim12,005030,skip,avoid_amount_dry,332c9d6af528
14923644,2026-10-01 15:49:49,actions-trading,Sim12,002787,skip,avoid_amount_dry,a295a89dd91f
14923644,2026-10-01 15:49:49,actions-trading,Sim12,010950,skip,pb2_not_crashed,6d492a7cf7da
14923644,2026-10-01 15:49:49,actions-trading,Sim12,010955,skip,pb2_not_crashed,a2b96b713811
14923644,2026-10-01 15:49:49,actions-trading,Sim12,071090,skip,pb2_not_crashed,d82603cc7d0c
14923644,2026-10-01 15:49:49,actions-trading,Sim12,007110,skip,avoid_amount_dry,7c116eb4d5e9
14923644,2026-10-01 15:49:49,actions-trading,Sim12,361610,skip,pb2_not_crashed,3e5b8775725e
14923644,2026-10-01 15:49:49,actions-trading,Sim12,001770,skip,pb2_thin_liquidity,4af41cce7778
14923644,2026-10-01 15:49:49,actions-trading,Sim12,096770,skip,pb2_not_crashed,877f1fa56e30
14923644,2026-10-01 15:49:49,actions-trading,Sim12,011090,skip,avoid_amount_dry,9cad8ae20256
14923644,2026-10-01 15:49:49,actions-trading,Sim12,002070,skip,avoid_amount_dry,633998d9e730
14923644,2026-10-01 15:49:49,actions-trading,Sim12,002690,skip,avoid_frgn_sell_20d,826e0491ab39
14923644,2026-10-01 15:49:49,actions-trading,Sim12,487570,skip,pb2_not_crashed,ed85f97f9405
14923644,2026-10-01 15:49:49,actions-trading,Sim12,003030,skip,pb2_not_crashed,555025eea692
14923644,2026-10-01 15:49:49,actions-trading,Sim12,006200,skip,pb2_no_inst_buying,9248e2a64726
14923644,2026-10-01 15:49:49,actions-trading,Sim12,003780,skip,avoid_frgn_sell_20d,f1c89e3816b1
14923644,2026-10-01 15:49:49,actions-trading,Sim12,003580,skip,pb2_not_crashed,f77aba28adf9
14923644,2026-10-01 15:49:49,actions-trading,Sim12,044450,skip,pb2_not_crashed,4071f40624c0
14923644,2026-10-01 15:49:49,actions-trading,Sim12,003075,skip,pb2_not_crashed,84cc71a27e53
14923644,2026-10-01 15:49:49,actions-trading,Sim12,316140,skip,pb2_not_crashed,6edab71c6abd
14923644,2026-10-01 15:49:49,actions-trading,Sim12,078930,skip,pb2_thin_liquidity,346399893312
14923644,2026-10-01 15:49:49,actions-trading,Sim12,009810,skip,pb2_not_crashed,3502294e875d
14923644,2026-10-01 15:49:49,actions-trading,Sim12,005010,skip,pb2_not_crashed,74cf161985f9
14923644,2026-10-01 15:49:49,actions-trading,Sim12,024890,skip,avoid_frgn_sell_20d,a9f3c7760f65
14923644,2026-10-01 15:49:49,actions-trading,Sim12,017940,skip,pb2_not_crashed,e69bf003063c
14923644,2026-10-01 15:49:49,actions-trading,Sim12,010640,skip,avoid_frgn_sell_20d,e40ac69c29df
14923644,2026-10-01 15:49:49,actions-trading,Sim13,084010,skip,theme_momentum_weak,3cf0f1bb5ed5
14923644,2026-10-01 15:49:49,actions-trading,Sim13,248070,skip,theme_momentum_weak,a51434001a95
14923644,2026-10-01 15:49:49,actions-trading,Sim13,192650,skip,no_frgn_support,185471e89242
14923644,2026-10-01 15:49:49,actions-trading,Sim13,003160,skip,no_frgn_support,75740479633e
14923644,2026-10-01 15:49:49,actions-trading,Sim13,001360,skip,theme_momentum_weak,d47c740df5fb
14923644,2026-10-01 15:49:49,actions-trading,Sim13,353200,skip,adx_weak,eab81de3d5c7
14923644,2026-10-01 15:49:49,actions-trading,Sim13,003350,skip,theme_momentum_weak,ebc566620d51
14923644,2026-10-01 15:49:49,actions-trading,Sim13,005430,skip,theme_momentum_weak,20938381b7ec
14923644,2026-10-01 15:49:49,actions-trading,Sim13,036570,skip,theme_momentum_weak,d4b4e8fbdf96
14923644,2026-10-01 15:49:49,actions-trading,Sim13,009420,skip,theme_momentum_weak,379265ccddde
14923644,2026-10-01 15:49:49,actions-trading,Sim13,023150,skip,theme_momentum_weak,16bf6a508de1
14923644,2026-10-01 15:49:49,actions-trading,Sim13,069640,skip,theme_momentum_weak,378db1d9ad69
14923644,2026-10-01 15:49:49,actions-trading,Sim13,012030,skip,adx_weak,54fb6ab72ba5
14923644,2026-10-01 15:49:49,actions-trading,Sim13,055490,skip,theme_momentum_weak,26ecd1b3073b
14923644,2026-10-01 15:49:49,actions-trading,Sim13,0126Z0,skip,theme_momentum_weak,beeb0501d3df
14923644,2026-10-01 15:49:49,actions-trading,Sim13,480370,skip,adx_weak,0c116d300a9d
14923644,2026-10-01 15:49:49,actions-trading,Sim13,014680,skip,no_frgn_support,3ca71548db95
14923644,2026-10-01 15:49:49,actions-trading,Sim13,109070,skip,amount_not_surprised,202185bf09a8
14923644,2026-10-01 15:49:49,actions-trading,Sim13,004710,skip,no_frgn_support,a9d7aebd95fa
14923644,2026-10-01 15:49:49,actions-trading,Sim13,011690,skip,theme_momentum_weak,1b32e5902e15
14923644,2026-10-01 15:49:49,actions-trading,Sim13,195870,skip,adx_weak,27725b042799
14923644,2026-10-01 15:49:49,actions-trading,Sim13,093050,skip,theme_momentum_weak,55ebc5388547
14923644,2026-10-01 15:49:49,actions-trading,Sim13,112610,skip,theme_momentum_weak,6215ab061a63
14923644,2026-10-01 15:49:49,actions-trading,Sim13,35320K,skip,theme_momentum_weak,1f86af7eea5f
14923644,2026-10-01 15:49:49,actions-trading,Sim13,004105,skip,no_frgn_support,b30be4c3febf
14923644,2026-10-01 15:49:49,actions-trading,Sim13,007660,skip,theme_momentum_weak,20d707a9c21f
14923644,2026-10-01 15:49:49,actions-trading,Sim13,008060,skip,theme_momentum_weak,3859a3311009
14923644,2026-10-01 15:49:49,actions-trading,Sim13,002360,skip,amount_not_surprised,944359b9d2b8
14923644,2026-10-01 15:49:49,actions-trading,Sim13,001820,skip,adx_weak,0f5e0ad20fab
14923644,2026-10-01 15:49:49,actions-trading,Sim13,007810,skip,adx_weak,074ab326a3a1
