cycle_id,ts,runner,sim,code,decision,reason,input_hash
14908350,2026-09-10 10:00:50,actions-trading,Sim4-1,006380,skip,amount,c203be843be2
14908350,2026-09-10 10:00:50,actions-trading,Sim4-1,007540,skip,amount,7ad5aea1914a
14908350,2026-09-10 10:00:50,actions-trading,Sim4-1,006490,skip,amount,b22f0a166714
14908350,2026-09-10 10:00:50,actions-trading,Sim4-1,248170,skip,period,c538aa383f4b
14908350,2026-09-10 10:00:50,actions-trading,Sim4-1,004090,skip,adx_high,ecae40517583
14908350,2026-09-10 10:00:50,actions-trading,Sim4-1,465770,skip,adx_high,d433ca53c94c
14908350,2026-09-10 10:00:50,actions-trading,Sim4-1,003280,skip,adx_high,3b376aefb589
14908350,2026-09-10 10:00:50,actions-trading,Sim4-1,006880,skip,adx_low,f1577734c6d0
14908350,2026-09-10 10:00:50,actions-trading,Sim4-1,012630,skip,amount,48e85cd099a1
14908350,2026-09-10 10:00:50,actions-trading,Sim4-1,020120,skip,amount,b4dea941dd96
14908350,2026-09-10 10:00:50,actions-trading,Sim4-1,007610,skip,adx_high,783bd3a5d09b
14908350,2026-09-10 10:00:50,actions-trading,Sim4-1,117580,skip,adx_high,7b7ddb70233c
14908350,2026-09-10 10:00:50,actions-trading,Sim4-1,005180,skip,amount,eb5cbb8151a3
14908350,2026-09-10 10:00:50,actions-trading,Sim4-1,014530,skip,amount,b7f525db645f
14908350,2026-09-10 10:00:50,actions-trading,Sim4-1,092790,skip,period,8b985c923335
14908350,2026-09-10 10:00:50,actions-trading,Sim4-1,018670,skip,amount,2c101af72956
14908350,2026-09-10 10:00:50,actions-trading,Sim4-1,001525,skip,amount,390201f2275c
14908350,2026-09-10 10:00:50,actions-trading,Sim4-1,029460,skip,amount,d7d6efcd357d
14908350,2026-09-10 10:00:50,actions-trading,Sim4-1,002140,skip,amount,05221c47a08e
14908350,2026-09-10 10:00:50,actions-trading,Sim4-1,015590,skip,amount,ee089ebca803
14908350,2026-09-10 10:00:50,actions-trading,Sim4-1,000370,skip,adx_high,f9232eaa6544
14908350,2026-09-10 10:00:50,actions-trading,Sim4-1,004720,skip,amount,92fd26a45098
14908350,2026-09-10 10:00:50,actions-trading,Sim4-1,210980,skip,amount,0b61d433d083
14908350,2026-09-10 10:00:50,actions-trading,Sim4-1,053690,skip,amount,3fb556bbe253
14908350,2026-09-10 10:00:50,actions-trading,Sim4-1,004430,skip,amount,66094c5b98b5
14908350,2026-09-10 10:00:50,actions-trading,Sim4-1,017860,skip,amount,562efdd78a76
14908350,2026-09-10 10:00:50,actions-trading,Sim4-1,093240,skip,amount,4fab7bfacbbf
14908350,2026-09-10 10:00:50,actions-trading,Sim4-1,133820,skip,amount,cf03ac062945
14908350,2026-09-10 10:00:50,actions-trading,Sim4-1,011330,skip,amount,a968059f115a
14908350,2026-09-10 10:00:50,actions-trading,Sim4-1,26490K,skip,amount,c2e3453666b9
14908350,2026-09-10 10:00:51,actions-trading,Sim4-1,006380,skip,amount,c203be843be2
14908350,2026-09-10 10:00:51,actions-trading,Sim4-1,007540,skip,amount,7ad5aea1914a
14908350,2026-09-10 10:00:51,actions-trading,Sim4-1,006490,skip,amount,b22f0a166714
14908350,2026-09-10 10:00:51,actions-trading,Sim4-1,248170,skip,period,c538aa383f4b
14908350,2026-09-10 10:00:51,actions-trading,Sim4-1,004090,skip,adx_high,ecae40517583
14908350,2026-09-10 10:00:51,actions-trading,Sim4-1,465770,skip,adx_high,d433ca53c94c
14908350,2026-09-10 10:00:51,actions-trading,Sim4-1,003280,skip,adx_high,3b376aefb589
14908350,2026-09-10 10:00:51,actions-trading,Sim4-1,006880,skip,adx_low,f1577734c6d0
14908350,2026-09-10 10:00:51,actions-trading,Sim4-1,012630,skip,amount,48e85cd099a1
14908350,2026-09-10 10:00:51,actions-trading,Sim4-1,020120,skip,amount,b4dea941dd96
14908350,2026-09-10 10:00:51,actions-trading,Sim4-1,007610,skip,adx_high,783bd3a5d09b
14908350,2026-09-10 10:00:51,actions-trading,Sim4-1,117580,skip,adx_high,7b7ddb70233c
14908350,2026-09-10 10:00:51,actions-trading,Sim4-1,005180,skip,amount,eb5cbb8151a3
14908350,2026-09-10 10:00:51,actions-trading,Sim4-1,014530,skip,amount,b7f525db645f
14908350,2026-09-10 10:00:51,actions-trading,Sim4-1,092790,skip,period,8b985c923335
14908350,2026-09-10 10:00:51,actions-trading,Sim4-1,018670,skip,amount,2c101af72956
14908350,2026-09-10 10:00:51,actions-trading,Sim4-1,001525,skip,amount,390201f2275c
14908350,2026-09-10 10:00:51,actions-trading,Sim4-1,029460,skip,amount,d7d6efcd357d
14908350,2026-09-10 10:00:51,actions-trading,Sim4-1,002140,skip,amount,05221c47a08e
14908350,2026-09-10 10:00:51,actions-trading,Sim4-1,015590,skip,amount,ee089ebca803
14908350,2026-09-10 10:00:51,actions-trading,Sim4-1,000370,skip,adx_high,f9232eaa6544
14908350,2026-09-10 10:00:51,actions-trading,Sim4-1,004720,skip,amount,92fd26a45098
14908350,2026-09-10 10:00:51,actions-trading,Sim4-1,210980,skip,amount,0b61d433d083
14908350,2026-09-10 10:00:51,actions-trading,Sim4-1,053690,skip,amount,3fb556bbe253
14908350,2026-09-10 10:00:51,actions-trading,Sim4-1,004430,skip,amount,66094c5b98b5
14908350,2026-09-10 10:00:51,actions-trading,Sim4-1,017860,skip,amount,562efdd78a76
14908350,2026-09-10 10:00:51,actions-trading,Sim4-1,093240,skip,amount,4fab7bfacbbf
14908350,2026-09-10 10:00:51,actions-trading,Sim4-1,133820,skip,amount,cf03ac062945
14908350,2026-09-10 10:00:51,actions-trading,Sim4-1,011330,skip,amount,a968059f115a
14908350,2026-09-10 10:00:51,actions-trading,Sim4-1,26490K,skip,amount,c2e3453666b9
14908350,2026-09-10 10:01:49,actions-trading,MFHS2,003280,skip,max_holdings,61fc2e139756
14908350,2026-09-10 10:01:49,actions-trading,MFHS2,005935,seen,,5750314cb052
14908350,2026-09-10 10:01:49,actions-trading,MFHS2,005930,seen,,f36531165d12
14908350,2026-09-10 10:01:49,actions-trading,MFHS2,003490,seen,,14e2a2579f96
14908350,2026-09-10 10:01:49,actions-trading,MFHS2,317400,seen,,ba9c0cb2933e
14908350,2026-09-10 10:01:49,actions-trading,MFHS2,316140,seen,,6cc773a3cd5f
14908350,2026-09-10 10:01:49,actions-trading,MFHS2,361610,seen,,1ae0b98aaf8d
14908350,2026-09-10 10:01:49,actions-trading,MFHS2,018880,seen,,69354d85c9a0
14908350,2026-09-10 10:01:49,actions-trading,MFHS2,096770,seen,,59754525514b
14908350,2026-09-10 10:01:49,actions-trading,MFHS2,465770,seen,,cd455cfe2ba1
14908350,2026-09-10 10:01:49,actions-trading,MFHS2,017900,seen,,c3789ccc6fe1
14908350,2026-09-10 10:01:49,actions-trading,MFHS2,010140,seen,,bcd567f721ff
14908350,2026-09-10 10:01:49,actions-trading,MFHS2,009420,seen,,fb3e85cace88
14908350,2026-09-10 10:01:49,actions-trading,MFHS2,047040,seen,,6b22504a6d95
14908350,2026-09-10 10:01:49,actions-trading,MFHS2,002140,seen,,0c66254260ef
14908350,2026-09-10 10:01:49,actions-trading,MFHS2,006340,seen,,7401241c8850
14908350,2026-09-10 10:01:49,actions-trading,MFHS2,019170,seen,,70fea4c65b44
14908350,2026-09-10 10:01:49,actions-trading,MFHS2,006360,seen,,0db9b5c1dc78
14908350,2026-09-10 10:01:49,actions-trading,MFHS2,078930,seen,,bdbce8f88474
14908350,2026-09-10 10:01:49,actions-trading,MFHS2,000400,seen,,9c38d837206d
14908350,2026-09-10 10:01:49,actions-trading,MFHS2,011200,seen,,e335b2757e68
14908350,2026-09-10 10:01:49,actions-trading,MFHS2,014280,seen,,08a414a0758b
14908350,2026-09-10 10:01:49,actions-trading,MFHS2,003610,seen,,879754461284
14908350,2026-09-10 10:01:49,actions-trading,MFHS2,105560,seen,,2ad9472101ca
14908350,2026-09-10 10:01:49,actions-trading,MFHS2,035720,seen,,2f13b60d23fb
14908350,2026-09-10 10:01:49,actions-trading,MFHS2,004020,seen,,186afd65108c
14908350,2026-09-10 10:01:49,actions-trading,MFHS2,032640,seen,,c3631e824443
14908350,2026-09-10 10:01:49,actions-trading,MFHS2,053690,seen,,3f05f8e8e33b
14908350,2026-09-10 10:01:49,actions-trading,MFHS2,012630,seen,,4eebd6e20eae
14908350,2026-09-10 10:01:49,actions-trading,MFHS2,079160,seen,,d898e918064a
14908350,2026-09-10 10:01:53,actions-trading,Sim3,402340,skip,qty_zero,165ee5a9d7e7
14908350,2026-09-10 10:01:53,actions-trading,Sim3,383800,skip,amount,18c90f3bef26
14908350,2026-09-10 10:01:53,actions-trading,Sim3,462870,skip,amount,7d0337c8c6c3
14908350,2026-09-10 10:01:53,actions-trading,Sim3,000660,skip,qty_zero,a936ea3b8ca3
14908350,2026-09-10 10:01:53,actions-trading,Sim3,071970,skip,cooldown,a56bd75dccb6
14908350,2026-09-10 10:01:53,actions-trading,Sim3,042700,skip,not_cheap,148881c6d658
14908350,2026-09-10 10:01:53,actions-trading,Sim3,326030,skip,amount,5fd6046eb2d5
14908350,2026-09-10 10:01:53,actions-trading,Sim3,207940,skip,not_cheap,11216ada35d1
14908350,2026-09-10 10:01:53,actions-trading,Sim3,033920,skip,amount,4613b4934359
14908350,2026-09-10 10:01:53,actions-trading,Sim3,004770,skip,cooldown,3aaf04d85938
14908350,2026-09-10 10:01:53,actions-trading,Sim3,0126Z0,skip,amount,604351fa8d09
14908350,2026-09-10 10:01:53,actions-trading,Sim3,062040,skip,not_cheap,b21e238434f5
14908350,2026-09-10 10:01:53,actions-trading,Sim3,317450,skip,amount,d9d9ce2ed0c6
14908350,2026-09-10 10:01:53,actions-trading,Sim3,026960,skip,amount,0785b6af061c
14908350,2026-09-10 10:01:53,actions-trading,Sim3,021820,skip,amount,439318ea13de
14908350,2026-09-10 10:01:53,actions-trading,Sim3,192080,skip,amount,88a5b92c4218
14908350,2026-09-10 10:01:53,actions-trading,Sim3,068270,skip,held_or_sold_today,34114180b5a3
14908350,2026-09-10 10:01:53,actions-trading,Sim3,123890,skip,amount,13cf7858b023
14908350,2026-09-10 10:01:53,actions-trading,Sim3,000240,skip,amount,3b575b329de0
14908350,2026-09-10 10:01:53,actions-trading,Sim3,002380,skip,amount,2a3787cb2040
14908350,2026-09-10 10:01:53,actions-trading,Sim3,009770,skip,amount,ee39a1cd20cf
14908350,2026-09-10 10:01:53,actions-trading,Sim3,259960,skip,held_or_sold_today,3e03b50c673c
14908350,2026-09-10 10:01:53,actions-trading,Sim3,035250,skip,amount,ae0cf83db7b0
14908350,2026-09-10 10:01:53,actions-trading,Sim3,383220,skip,amount,27746ed1ef9f
14908350,2026-09-10 10:01:53,actions-trading,Sim3,226320,skip,amount,f46b84574de0
14908350,2026-09-10 10:01:53,actions-trading,Sim3,439260,skip,amount,62df717faa16
14908350,2026-09-10 10:01:53,actions-trading,Sim3,025560,skip,amount,6ff94c85a8bf
14908350,2026-09-10 10:01:53,actions-trading,Sim3,007700,skip,amount,ce39bbe6e9bb
14908350,2026-09-10 10:01:53,actions-trading,Sim3,278470,skip,not_cheap,c5161cc77238
14908350,2026-09-10 10:01:53,actions-trading,Sim3,000990,skip,held_or_sold_today,53394c79554b
14908350,2026-09-10 10:01:56,actions-trading,상승모멘텀,006380,skip,max_holdings,c203be843be2
14908350,2026-09-10 10:01:56,actions-trading,상승모멘텀,007540,seen,,7ad5aea1914a
14908350,2026-09-10 10:01:56,actions-trading,상승모멘텀,006490,seen,,039c19bae0e8
14908350,2026-09-10 10:01:56,actions-trading,상승모멘텀,248170,seen,,48dbf957f2f9
14908350,2026-09-10 10:01:56,actions-trading,상승모멘텀,004090,seen,,70ec63bd7215
14908350,2026-09-10 10:01:56,actions-trading,상승모멘텀,465770,seen,,cd455cfe2ba1
14908350,2026-09-10 10:01:56,actions-trading,상승모멘텀,003280,seen,,61fc2e139756
14908350,2026-09-10 10:01:56,actions-trading,상승모멘텀,006880,seen,,7af25bba670d
14908350,2026-09-10 10:01:56,actions-trading,상승모멘텀,012630,seen,,4eebd6e20eae
14908350,2026-09-10 10:01:56,actions-trading,상승모멘텀,020120,seen,,fba4f73fd0c1
14908350,2026-09-10 10:01:56,actions-trading,상승모멘텀,007610,seen,,eb384d81aeaa
14908350,2026-09-10 10:01:56,actions-trading,상승모멘텀,117580,seen,,be611d3ba2cd
14908350,2026-09-10 10:01:56,actions-trading,상승모멘텀,005180,seen,,580d735dd9da
14908350,2026-09-10 10:01:56,actions-trading,상승모멘텀,014530,seen,,49610d411cbc
14908350,2026-09-10 10:01:56,actions-trading,상승모멘텀,092790,seen,,3ccab39eaf6e
14908350,2026-09-10 10:01:56,actions-trading,상승모멘텀,018670,seen,,fc4861c188f2
14908350,2026-09-10 10:01:56,actions-trading,상승모멘텀,001525,seen,,390201f2275c
14908350,2026-09-10 10:01:56,actions-trading,상승모멘텀,029460,seen,,d7d6efcd357d
14908350,2026-09-10 10:01:56,actions-trading,상승모멘텀,002140,seen,,0c66254260ef
14908350,2026-09-10 10:01:56,actions-trading,상승모멘텀,015590,seen,,2565534dd0fe
14908350,2026-09-10 10:01:56,actions-trading,상승모멘텀,000370,seen,,f7add78e2cd9
14908350,2026-09-10 10:01:56,actions-trading,상승모멘텀,004720,seen,,f1fe2c0fc7d7
14908350,2026-09-10 10:01:56,actions-trading,상승모멘텀,210980,seen,,0f684483239b
14908350,2026-09-10 10:01:56,actions-trading,상승모멘텀,053690,seen,,3f05f8e8e33b
14908350,2026-09-10 10:01:56,actions-trading,상승모멘텀,004430,seen,,e8bec74ab344
14908350,2026-09-10 10:01:56,actions-trading,상승모멘텀,017860,seen,,0cf6f91929c5
14908350,2026-09-10 10:01:56,actions-trading,상승모멘텀,093240,seen,,29dcc2cb796c
14908350,2026-09-10 10:01:56,actions-trading,상승모멘텀,133820,seen,,cf03ac062945
14908350,2026-09-10 10:01:56,actions-trading,상승모멘텀,011330,seen,,3cfbc4e1623f
14908350,2026-09-10 10:01:56,actions-trading,상승모멘텀,26490K,seen,,c2e3453666b9
14908350,2026-09-10 10:01:59,actions-trading,선행매집,003280,skip,below_anchor,61fc2e139756
14908350,2026-09-10 10:01:59,actions-trading,선행매집,005935,skip,below_anchor,5750314cb052
14908350,2026-09-10 10:01:59,actions-trading,선행매집,316140,skip,below_anchor,6cc773a3cd5f
14908350,2026-09-10 10:01:59,actions-trading,선행매집,003490,skip,sold_or_cooldown,14e2a2579f96
14908350,2026-09-10 10:01:59,actions-trading,선행매집,317400,skip,below_anchor,ba9c0cb2933e
14908350,2026-09-10 10:01:59,actions-trading,선행매집,018880,skip,below_anchor,69354d85c9a0
14908350,2026-09-10 10:01:59,actions-trading,선행매집,361610,skip,below_anchor,1ae0b98aaf8d
14908350,2026-09-10 10:01:59,actions-trading,선행매집,096770,skip,no_setup,59754525514b
14908350,2026-09-10 10:01:59,actions-trading,선행매집,465770,skip,below_anchor,cd455cfe2ba1
14908350,2026-09-10 10:01:59,actions-trading,선행매집,006340,skip,below_anchor,7401241c8850
14908350,2026-09-10 10:01:59,actions-trading,선행매집,005930,skip,below_anchor,f36531165d12
14908350,2026-09-10 10:01:59,actions-trading,선행매집,017900,skip,below_anchor,c3789ccc6fe1
14908350,2026-09-10 10:01:59,actions-trading,선행매집,002140,skip,below_anchor,0c66254260ef
14908350,2026-09-10 10:01:59,actions-trading,선행매집,006360,skip,below_anchor,0db9b5c1dc78
14908350,2026-09-10 10:01:59,actions-trading,선행매집,078930,skip,held_awaiting_breakout,bdbce8f88474
14908350,2026-09-10 10:01:59,actions-trading,선행매집,019170,skip,below_anchor,70fea4c65b44
14908350,2026-09-10 10:01:59,actions-trading,선행매집,009420,skip,below_anchor,fb3e85cace88
14908350,2026-09-10 10:01:59,actions-trading,선행매집,000400,skip,amount,9c38d837206d
14908350,2026-09-10 10:01:59,actions-trading,선행매집,032640,skip,below_anchor,c3631e824443
14908350,2026-09-10 10:01:59,actions-trading,선행매집,027740,skip,amount,c3e284c7a03d
14908350,2026-09-10 10:01:59,actions-trading,선행매집,011200,skip,below_anchor,e335b2757e68
14908350,2026-09-10 10:01:59,actions-trading,선행매집,105560,skip,no_setup,2ad9472101ca
14908350,2026-09-10 10:01:59,actions-trading,선행매집,010140,skip,below_anchor,bcd567f721ff
14908350,2026-09-10 10:01:59,actions-trading,선행매집,003610,skip,amount,879754461284
14908350,2026-09-10 10:01:59,actions-trading,선행매집,014280,skip,amount,08a414a0758b
14908350,2026-09-10 10:01:59,actions-trading,선행매집,004020,skip,below_anchor,186afd65108c
14908350,2026-09-10 10:01:59,actions-trading,선행매집,005490,skip,below_anchor,4ce253691260
14908350,2026-09-10 10:01:59,actions-trading,선행매집,402340,skip,below_anchor,165ee5a9d7e7
14908350,2026-09-10 10:01:59,actions-trading,선행매집,053690,skip,below_anchor,3f05f8e8e33b
14908350,2026-09-10 10:01:59,actions-trading,선행매집,012630,skip,no_setup,4eebd6e20eae
14908350,2026-09-10 10:01:59,actions-trading,Sim9,_gate,skip,outside_entry_window,e3b0c44298fc
14908350,2026-09-10 10:01:59,actions-trading,Sim9,006380,seen,,c203be843be2
14908350,2026-09-10 10:01:59,actions-trading,Sim9,007540,seen,,7ad5aea1914a
14908350,2026-09-10 10:01:59,actions-trading,Sim9,006490,seen,,039c19bae0e8
14908350,2026-09-10 10:01:59,actions-trading,Sim9,248170,seen,,48dbf957f2f9
14908350,2026-09-10 10:01:59,actions-trading,Sim9,004090,seen,,70ec63bd7215
14908350,2026-09-10 10:01:59,actions-trading,Sim9,465770,seen,,cd455cfe2ba1
14908350,2026-09-10 10:01:59,actions-trading,Sim9,003280,seen,,61fc2e139756
14908350,2026-09-10 10:01:59,actions-trading,Sim9,006880,seen,,7af25bba670d
14908350,2026-09-10 10:01:59,actions-trading,Sim9,012630,seen,,4eebd6e20eae
14908350,2026-09-10 10:01:59,actions-trading,Sim9,020120,seen,,fba4f73fd0c1
14908350,2026-09-10 10:01:59,actions-trading,Sim9,007610,seen,,eb384d81aeaa
14908350,2026-09-10 10:01:59,actions-trading,Sim9,117580,seen,,be611d3ba2cd
14908350,2026-09-10 10:01:59,actions-trading,Sim9,005180,seen,,580d735dd9da
14908350,2026-09-10 10:01:59,actions-trading,Sim9,014530,seen,,49610d411cbc
14908350,2026-09-10 10:01:59,actions-trading,Sim9,092790,seen,,3ccab39eaf6e
14908350,2026-09-10 10:01:59,actions-trading,Sim9,018670,seen,,fc4861c188f2
14908350,2026-09-10 10:01:59,actions-trading,Sim9,001525,seen,,390201f2275c
14908350,2026-09-10 10:01:59,actions-trading,Sim9,029460,seen,,d7d6efcd357d
14908350,2026-09-10 10:01:59,actions-trading,Sim9,002140,seen,,0c66254260ef
14908350,2026-09-10 10:01:59,actions-trading,Sim9,015590,seen,,2565534dd0fe
14908350,2026-09-10 10:01:59,actions-trading,Sim9,000370,seen,,f7add78e2cd9
14908350,2026-09-10 10:01:59,actions-trading,Sim9,004720,seen,,f1fe2c0fc7d7
14908350,2026-09-10 10:01:59,actions-trading,Sim9,210980,seen,,0f684483239b
14908350,2026-09-10 10:01:59,actions-trading,Sim9,053690,seen,,3f05f8e8e33b
14908350,2026-09-10 10:01:59,actions-trading,Sim9,004430,seen,,e8bec74ab344
14908350,2026-09-10 10:01:59,actions-trading,Sim9,017860,seen,,0cf6f91929c5
14908350,2026-09-10 10:01:59,actions-trading,Sim9,093240,seen,,29dcc2cb796c
14908350,2026-09-10 10:01:59,actions-trading,Sim9,133820,seen,,cf03ac062945
14908350,2026-09-10 10:01:59,actions-trading,Sim9,011330,seen,,3cfbc4e1623f
14908350,2026-09-10 10:01:59,actions-trading,Sim9,26490K,seen,,c2e3453666b9
14908350,2026-09-10 10:01:59,actions-trading,미너비니,078930,skip,held_or_cooldown,bdbce8f88474
14908350,2026-09-10 10:01:59,actions-trading,Sim12,006380,skip,avoid_deadcat,c203be843be2
14908350,2026-09-10 10:01:59,actions-trading,Sim12,007540,skip,avoid_frgn_sell_20d,7ad5aea1914a
14908350,2026-09-10 10:01:59,actions-trading,Sim12,006490,skip,pb2_not_crashed,039c19bae0e8
14908350,2026-09-10 10:01:59,actions-trading,Sim12,248170,skip,pb2_not_crashed,48dbf957f2f9
14908350,2026-09-10 10:01:59,actions-trading,Sim12,004090,skip,pb2_not_crashed,70ec63bd7215
14908350,2026-09-10 10:01:59,actions-trading,Sim12,465770,skip,held_or_cooldown,cd455cfe2ba1
14908350,2026-09-10 10:01:59,actions-trading,Sim12,003280,skip,pb2_not_crashed,61fc2e139756
14908350,2026-09-10 10:01:59,actions-trading,Sim12,006880,skip,avoid_frgn_sell_20d,7af25bba670d
14908350,2026-09-10 10:01:59,actions-trading,Sim12,012630,skip,pb2_not_crashed,4eebd6e20eae
14908350,2026-09-10 10:01:59,actions-trading,Sim12,020120,skip,held_or_cooldown,fba4f73fd0c1
14908350,2026-09-10 10:01:59,actions-trading,Sim12,007610,skip,pb2_not_crashed,eb384d81aeaa
14908350,2026-09-10 10:01:59,actions-trading,Sim12,117580,skip,avoid_frgn_sell_20d,be611d3ba2cd
14908350,2026-09-10 10:01:59,actions-trading,Sim12,005180,skip,avoid_amount_dry,580d735dd9da
14908350,2026-09-10 10:01:59,actions-trading,Sim12,014530,skip,avoid_frgn_sell_20d,49610d411cbc
14908350,2026-09-10 10:01:59,actions-trading,Sim12,092790,skip,avoid_frgn_hold_drop,3ccab39eaf6e
14908350,2026-09-10 10:01:59,actions-trading,Sim12,018670,skip,avoid_frgn_sell_20d,fc4861c188f2
14908350,2026-09-10 10:01:59,actions-trading,Sim12,001525,skip,avoid_amount_dry,390201f2275c
14908350,2026-09-10 10:01:59,actions-trading,Sim12,029460,skip,pb2_not_crashed,d7d6efcd357d
14908350,2026-09-10 10:01:59,actions-trading,Sim12,002140,skip,pb2_not_crashed,0c66254260ef
14908350,2026-09-10 10:01:59,actions-trading,Sim12,015590,skip,avoid_amount_dry,2565534dd0fe
14908350,2026-09-10 10:01:59,actions-trading,Sim12,000370,skip,avoid_amount_dry,f7add78e2cd9
14908350,2026-09-10 10:01:59,actions-trading,Sim12,004720,skip,avoid_amount_dry,f1fe2c0fc7d7
14908350,2026-09-10 10:01:59,actions-trading,Sim12,210980,skip,avoid_amount_dry,0f684483239b
14908350,2026-09-10 10:01:59,actions-trading,Sim12,053690,skip,avoid_amount_dry,3f05f8e8e33b
14908350,2026-09-10 10:01:59,actions-trading,Sim12,004430,skip,avoid_amount_dry,e8bec74ab344
14908350,2026-09-10 10:01:59,actions-trading,Sim12,017860,skip,pb2_not_crashed,0cf6f91929c5
14908350,2026-09-10 10:01:59,actions-trading,Sim12,093240,skip,avoid_amount_dry,29dcc2cb796c
14908350,2026-09-10 10:01:59,actions-trading,Sim12,133820,skip,avoid_amount_dry,cf03ac062945
14908350,2026-09-10 10:01:59,actions-trading,Sim12,011330,skip,avoid_amount_dry,3cfbc4e1623f
14908350,2026-09-10 10:01:59,actions-trading,Sim12,26490K,skip,avoid_amount_dry,c2e3453666b9
14908350,2026-09-10 10:01:59,actions-trading,Sim12,019680,skip,avoid_frgn_sell_20d,b411a48517e9
14908350,2026-09-10 10:01:59,actions-trading,Sim12,000500,skip,pb2_not_crashed,e887f599dc85
14908350,2026-09-10 10:01:59,actions-trading,Sim12,006110,skip,avoid_amount_dry,8288f36c11c4
14908350,2026-09-10 10:01:59,actions-trading,Sim12,044380,skip,held_or_cooldown,fae91320489b
14908350,2026-09-10 10:01:59,actions-trading,Sim12,019685,skip,avoid_frgn_hold_drop,1b7eac38ca58
14908350,2026-09-10 10:01:59,actions-trading,Sim12,004770,skip,avoid_amount_dry,3aaf04d85938
14908350,2026-09-10 10:01:59,actions-trading,Sim12,001290,skip,avoid_amount_dry,7b9c8c8229a4
14908350,2026-09-10 10:01:59,actions-trading,Sim12,062040,skip,avoid_amount_dry,b21e238434f5
14908350,2026-09-10 10:01:59,actions-trading,Sim12,336260,skip,avoid_amount_dry,49fb5c5e410d
14908350,2026-09-10 10:01:59,actions-trading,Sim12,002070,skip,avoid_amount_dry,e8c761340fdc
14908350,2026-09-10 10:01:59,actions-trading,Sim12,001440,skip,pb2_not_crashed,e5d88204ded4
14908350,2026-09-10 10:01:59,actions-trading,Sim12,015260,skip,avoid_amount_dry,5814325712d4
14908350,2026-09-10 10:01:59,actions-trading,Sim12,004415,skip,avoid_amount_dry,f7865c5426b8
14908350,2026-09-10 10:01:59,actions-trading,Sim12,009420,skip,avoid_amount_dry,fb3e85cace88
14908350,2026-09-10 10:01:59,actions-trading,Sim12,0220W0,skip,avoid_amount_dry,1ae0a4cd9f1d
14908350,2026-09-10 10:01:59,actions-trading,Sim12,010950,skip,pb2_not_crashed,04f9a0bc5919
14908350,2026-09-10 10:01:59,actions-trading,Sim12,001820,skip,avoid_amount_dry,e77f25b217b4
14908350,2026-09-10 10:01:59,actions-trading,Sim12,002990,skip,avoid_amount_dry,e9665191b164
14908350,2026-09-10 10:01:59,actions-trading,Sim12,33626K,skip,avoid_frgn_sell_20d,0302c218c3f4
14908350,2026-09-10 10:01:59,actions-trading,Sim12,353200,skip,avoid_amount_dry,7892984f931d
14908350,2026-09-10 10:01:59,actions-trading,Sim12,017960,skip,avoid_amount_dry,49801abd973e
14908350,2026-09-10 10:01:59,actions-trading,Sim12,004310,skip,avoid_amount_dry,b7e8502eeab3
14908350,2026-09-10 10:01:59,actions-trading,Sim12,066970,skip,avoid_amount_dry,0ca3eb95e799
14908350,2026-09-10 10:01:59,actions-trading,Sim12,008930,skip,avoid_amount_dry,9c037dbed5a8
14908350,2026-09-10 10:01:59,actions-trading,Sim12,052690,skip,avoid_amount_dry,12c57f7d2000
14908350,2026-09-10 10:01:59,actions-trading,Sim12,017180,skip,avoid_amount_dry,b7fdb37c4473
14908350,2026-09-10 10:01:59,actions-trading,Sim12,090460,skip,avoid_amount_dry,70e1c439e5da
14908350,2026-09-10 10:01:59,actions-trading,Sim12,180640,skip,avoid_amount_dry,1add513afb07
14908350,2026-09-10 10:01:59,actions-trading,Sim12,001770,skip,avoid_amount_dry,ddb15f391004
14908350,2026-09-10 10:01:59,actions-trading,Sim12,004800,skip,avoid_amount_dry,928823ef8701
14908350,2026-09-10 10:02:01,actions-trading,Sim13,006380,skip,theme_momentum_weak,c203be843be2
14908350,2026-09-10 10:02:01,actions-trading,Sim13,007540,skip,theme_momentum_weak,7ad5aea1914a
14908350,2026-09-10 10:02:01,actions-trading,Sim13,006490,skip,theme_momentum_weak,039c19bae0e8
14908350,2026-09-10 10:02:01,actions-trading,Sim13,248170,skip,theme_momentum_weak,48dbf957f2f9
14908350,2026-09-10 10:02:01,actions-trading,Sim13,004090,skip,theme_momentum_weak,70ec63bd7215
14908350,2026-09-10 10:02:01,actions-trading,Sim13,465770,skip,adx_weak,cd455cfe2ba1
14908350,2026-09-10 10:02:01,actions-trading,Sim13,003280,skip,theme_momentum_weak,61fc2e139756
14908350,2026-09-10 10:02:01,actions-trading,Sim13,006880,skip,theme_momentum_weak,7af25bba670d
14908350,2026-09-10 10:02:01,actions-trading,Sim13,012630,skip,theme_momentum_weak,4eebd6e20eae
14908350,2026-09-10 10:02:01,actions-trading,Sim13,020120,skip,amount_not_surprised,fba4f73fd0c1
14908350,2026-09-10 10:02:01,actions-trading,Sim13,007610,skip,theme_momentum_weak,eb384d81aeaa
14908350,2026-09-10 10:02:01,actions-trading,Sim13,117580,skip,theme_momentum_weak,be611d3ba2cd
14908350,2026-09-10 10:02:01,actions-trading,Sim13,005180,skip,adx_weak,580d735dd9da
14908350,2026-09-10 10:02:01,actions-trading,Sim13,014530,skip,theme_momentum_weak,49610d411cbc
14908350,2026-09-10 10:02:01,actions-trading,Sim13,092790,skip,theme_momentum_weak,3ccab39eaf6e
14908350,2026-09-10 10:02:01,actions-trading,Sim13,018670,skip,theme_momentum_weak,fc4861c188f2
14908350,2026-09-10 10:02:01,actions-trading,Sim13,001525,skip,theme_momentum_weak,390201f2275c
14908350,2026-09-10 10:02:01,actions-trading,Sim13,029460,skip,theme_momentum_weak,d7d6efcd357d
14908350,2026-09-10 10:02:01,actions-trading,Sim13,002140,skip,theme_momentum_weak,0c66254260ef
14908350,2026-09-10 10:02:01,actions-trading,Sim13,015590,skip,theme_momentum_weak,2565534dd0fe
14908350,2026-09-10 10:02:01,actions-trading,Sim13,000370,skip,adx_weak,f7add78e2cd9
14908350,2026-09-10 10:02:01,actions-trading,Sim13,004720,skip,theme_momentum_weak,f1fe2c0fc7d7
14908350,2026-09-10 10:02:01,actions-trading,Sim13,210980,skip,theme_momentum_weak,0f684483239b
14908350,2026-09-10 10:02:01,actions-trading,Sim13,053690,skip,adx_weak,3f05f8e8e33b
14908350,2026-09-10 10:02:01,actions-trading,Sim13,004430,skip,theme_momentum_weak,e8bec74ab344
14908350,2026-09-10 10:02:01,actions-trading,Sim13,017860,skip,theme_momentum_weak,0cf6f91929c5
14908350,2026-09-10 10:02:01,actions-trading,Sim13,093240,skip,theme_momentum_weak,29dcc2cb796c
14908350,2026-09-10 10:02:01,actions-trading,Sim13,133820,skip,theme_momentum_weak,cf03ac062945
14908350,2026-09-10 10:02:01,actions-trading,Sim13,011330,skip,theme_momentum_weak,3cfbc4e1623f
14908350,2026-09-10 10:02:01,actions-trading,Sim13,26490K,skip,theme_momentum_weak,c2e3453666b9
14908351,2026-09-10 10:02:49,actions-trading,Sim4-1,006380,skip,amount,c203be843be2
14908351,2026-09-10 10:02:49,actions-trading,Sim4-1,007540,skip,amount,6eb83c72df40
14908351,2026-09-10 10:02:49,actions-trading,Sim4-1,006490,skip,amount,9e03cf92b670
14908351,2026-09-10 10:02:49,actions-trading,Sim4-1,248170,skip,period,54012eebd533
14908351,2026-09-10 10:02:49,actions-trading,Sim4-1,004090,skip,adx_high,4a8660144b30
14908351,2026-09-10 10:02:49,actions-trading,Sim4-1,006880,skip,adx_low,5f262a6ac078
14908351,2026-09-10 10:02:49,actions-trading,Sim4-1,465770,skip,adx_high,7fc2b009ace8
14908351,2026-09-10 10:02:49,actions-trading,Sim4-1,003280,skip,adx_high,aa31689a7bbc
14908351,2026-09-10 10:02:49,actions-trading,Sim4-1,012630,skip,amount,8e159f4ac21c
14908351,2026-09-10 10:02:49,actions-trading,Sim4-1,020120,skip,amount,a781c857f340
14908351,2026-09-10 10:02:49,actions-trading,Sim4-1,005180,skip,amount,c0358c6841fc
14908351,2026-09-10 10:02:49,actions-trading,Sim4-1,092790,skip,period,c8e8ee8e97c9
14908351,2026-09-10 10:02:49,actions-trading,Sim4-1,018670,skip,amount,a121bfca2aaa
14908351,2026-09-10 10:02:49,actions-trading,Sim4-1,001525,skip,amount,390201f2275c
14908351,2026-09-10 10:02:49,actions-trading,Sim4-1,007610,skip,adx_high,258ccf660426
14908351,2026-09-10 10:02:49,actions-trading,Sim4-1,029460,skip,amount,09f03a7653b9
14908351,2026-09-10 10:02:49,actions-trading,Sim4-1,117580,skip,adx_high,f7adcead1e11
14908351,2026-09-10 10:02:49,actions-trading,Sim4-1,002140,skip,amount,60158954be84
14908351,2026-09-10 10:02:49,actions-trading,Sim4-1,015590,skip,amount,6a4345928d69
14908351,2026-09-10 10:02:49,actions-trading,Sim4-1,014530,skip,amount,c6ba5269bcd1
14908351,2026-09-10 10:02:49,actions-trading,Sim4-1,053690,skip,amount,58ec6ed1b804
14908351,2026-09-10 10:02:49,actions-trading,Sim4-1,000370,skip,adx_high,17b00adc161c
14908351,2026-09-10 10:02:49,actions-trading,Sim4-1,010400,skip,amount,cc51feacf207
14908351,2026-09-10 10:02:49,actions-trading,Sim4-1,004430,skip,amount,8eacecd85d78
14908351,2026-09-10 10:02:49,actions-trading,Sim4-1,26490K,skip,amount,c2e3453666b9
14908351,2026-09-10 10:02:49,actions-trading,Sim4-1,017860,skip,amount,1ceac09ffd0b
14908351,2026-09-10 10:02:49,actions-trading,Sim4-1,005745,skip,amount,40e481758cde
14908351,2026-09-10 10:02:49,actions-trading,Sim4-1,210980,skip,amount,35154611713c
14908351,2026-09-10 10:02:49,actions-trading,Sim4-1,002170,skip,amount,71448766e8cc
14908351,2026-09-10 10:02:49,actions-trading,Sim4-1,003120,skip,amount,1add8e224eb1
14908351,2026-09-10 10:02:50,actions-trading,Sim4-1,006380,skip,amount,c203be843be2
14908351,2026-09-10 10:02:50,actions-trading,Sim4-1,007540,skip,amount,6eb83c72df40
14908351,2026-09-10 10:02:50,actions-trading,Sim4-1,006490,skip,amount,9e03cf92b670
14908351,2026-09-10 10:02:50,actions-trading,Sim4-1,248170,skip,period,54012eebd533
14908351,2026-09-10 10:02:50,actions-trading,Sim4-1,004090,skip,adx_high,4a8660144b30
14908351,2026-09-10 10:02:50,actions-trading,Sim4-1,006880,skip,adx_low,5f262a6ac078
14908351,2026-09-10 10:02:50,actions-trading,Sim4-1,465770,skip,adx_high,7fc2b009ace8
14908351,2026-09-10 10:02:50,actions-trading,Sim4-1,003280,skip,adx_high,aa31689a7bbc
14908351,2026-09-10 10:02:50,actions-trading,Sim4-1,012630,skip,amount,8e159f4ac21c
14908351,2026-09-10 10:02:50,actions-trading,Sim4-1,020120,skip,amount,a781c857f340
14908351,2026-09-10 10:02:50,actions-trading,Sim4-1,005180,skip,amount,c0358c6841fc
14908351,2026-09-10 10:02:50,actions-trading,Sim4-1,092790,skip,period,c8e8ee8e97c9
14908351,2026-09-10 10:02:50,actions-trading,Sim4-1,018670,skip,amount,a121bfca2aaa
14908351,2026-09-10 10:02:50,actions-trading,Sim4-1,001525,skip,amount,390201f2275c
14908351,2026-09-10 10:02:50,actions-trading,Sim4-1,007610,skip,adx_high,258ccf660426
14908351,2026-09-10 10:02:50,actions-trading,Sim4-1,029460,skip,amount,09f03a7653b9
14908351,2026-09-10 10:02:50,actions-trading,Sim4-1,117580,skip,adx_high,f7adcead1e11
14908351,2026-09-10 10:02:50,actions-trading,Sim4-1,002140,skip,amount,60158954be84
14908351,2026-09-10 10:02:50,actions-trading,Sim4-1,015590,skip,amount,6a4345928d69
14908351,2026-09-10 10:02:50,actions-trading,Sim4-1,014530,skip,amount,c6ba5269bcd1
14908351,2026-09-10 10:02:50,actions-trading,Sim4-1,053690,skip,amount,58ec6ed1b804
14908351,2026-09-10 10:02:50,actions-trading,Sim4-1,000370,skip,adx_high,17b00adc161c
14908351,2026-09-10 10:02:50,actions-trading,Sim4-1,010400,skip,amount,cc51feacf207
14908351,2026-09-10 10:02:50,actions-trading,Sim4-1,004430,skip,amount,8eacecd85d78
14908351,2026-09-10 10:02:50,actions-trading,Sim4-1,26490K,skip,amount,c2e3453666b9
14908351,2026-09-10 10:02:50,actions-trading,Sim4-1,017860,skip,amount,1ceac09ffd0b
14908351,2026-09-10 10:02:50,actions-trading,Sim4-1,005745,skip,amount,40e481758cde
14908351,2026-09-10 10:02:50,actions-trading,Sim4-1,210980,skip,amount,35154611713c
14908351,2026-09-10 10:02:50,actions-trading,Sim4-1,002170,skip,amount,71448766e8cc
14908351,2026-09-10 10:02:50,actions-trading,Sim4-1,003120,skip,amount,1add8e224eb1
14908351,2026-09-10 10:03:44,actions-trading,MFHS2,003280,skip,max_holdings,a9db67fc5990
14908351,2026-09-10 10:03:44,actions-trading,MFHS2,005935,seen,,11a74162fbf3
14908351,2026-09-10 10:03:44,actions-trading,MFHS2,005930,seen,,c02d7ae3b163
14908351,2026-09-10 10:03:44,actions-trading,MFHS2,003490,seen,,2568c2debeea
14908351,2026-09-10 10:03:44,actions-trading,MFHS2,317400,seen,,9d471d1de57e
14908351,2026-09-10 10:03:44,actions-trading,MFHS2,316140,seen,,6d5072d31a88
14908351,2026-09-10 10:03:44,actions-trading,MFHS2,361610,seen,,a4eb6e865f0b
14908351,2026-09-10 10:03:44,actions-trading,MFHS2,018880,seen,,c6957b009f2f
14908351,2026-09-10 10:03:44,actions-trading,MFHS2,096770,seen,,c6e8ef1b5eb5
14908351,2026-09-10 10:03:44,actions-trading,MFHS2,465770,seen,,2ac8bbfd9f2e
14908351,2026-09-10 10:03:44,actions-trading,MFHS2,017900,seen,,2a512d664f43
14908351,2026-09-10 10:03:44,actions-trading,MFHS2,010140,seen,,41582100540a
14908351,2026-09-10 10:03:44,actions-trading,MFHS2,009420,seen,,2356039e90bf
14908351,2026-09-10 10:03:44,actions-trading,MFHS2,047040,seen,,9cee22aae38c
14908351,2026-09-10 10:03:44,actions-trading,MFHS2,002140,seen,,bef1f3ae9e0d
14908351,2026-09-10 10:03:44,actions-trading,MFHS2,006340,seen,,8fb39f927d90
14908351,2026-09-10 10:03:44,actions-trading,MFHS2,019170,seen,,2c410d27852c
14908351,2026-09-10 10:03:44,actions-trading,MFHS2,006360,seen,,45555387c8a4
14908351,2026-09-10 10:03:44,actions-trading,MFHS2,078930,seen,,ef73e21625b7
14908351,2026-09-10 10:03:44,actions-trading,MFHS2,000400,seen,,df9c888a8409
14908351,2026-09-10 10:03:44,actions-trading,MFHS2,011200,seen,,fd6a5917717d
14908351,2026-09-10 10:03:44,actions-trading,MFHS2,014280,seen,,32c6c821f8fe
14908351,2026-09-10 10:03:44,actions-trading,MFHS2,003610,seen,,47b0791951ba
14908351,2026-09-10 10:03:44,actions-trading,MFHS2,105560,seen,,5bb606ca7287
14908351,2026-09-10 10:03:44,actions-trading,MFHS2,035720,seen,,a9c76e52f685
14908351,2026-09-10 10:03:44,actions-trading,MFHS2,004020,seen,,07f24ba4dee4
14908351,2026-09-10 10:03:44,actions-trading,MFHS2,032640,seen,,26237e494557
14908351,2026-09-10 10:03:44,actions-trading,MFHS2,053690,seen,,5fd5e6a0a91f
14908351,2026-09-10 10:03:44,actions-trading,MFHS2,012630,seen,,56e018757eea
14908351,2026-09-10 10:03:44,actions-trading,MFHS2,079160,seen,,9002c0eb45a3
14908351,2026-09-10 10:03:47,actions-trading,Sim3,402340,skip,qty_zero,1f3d15d95a9f
14908351,2026-09-10 10:03:47,actions-trading,Sim3,383800,skip,amount,7f04aa2945a9
14908351,2026-09-10 10:03:47,actions-trading,Sim3,462870,skip,amount,8d511ef2f680
14908351,2026-09-10 10:03:47,actions-trading,Sim3,000660,skip,qty_zero,7f57084e2720
14908351,2026-09-10 10:03:47,actions-trading,Sim3,071970,skip,cooldown,f8edf4aa8ba3
14908351,2026-09-10 10:03:47,actions-trading,Sim3,042700,skip,not_cheap,d060a4ecee39
14908351,2026-09-10 10:03:47,actions-trading,Sim3,326030,skip,amount,6881123b13c7
14908351,2026-09-10 10:03:47,actions-trading,Sim3,207940,skip,not_cheap,26128315f17c
14908351,2026-09-10 10:03:47,actions-trading,Sim3,033920,skip,amount,5b686ff4253d
14908351,2026-09-10 10:03:47,actions-trading,Sim3,004770,skip,cooldown,11d3bb50f0b1
14908351,2026-09-10 10:03:47,actions-trading,Sim3,0126Z0,skip,amount,f931d0e0162f
14908351,2026-09-10 10:03:47,actions-trading,Sim3,062040,skip,not_cheap,3a2eaa23db80
14908351,2026-09-10 10:03:47,actions-trading,Sim3,317450,skip,amount,1c01459dd7bb
14908351,2026-09-10 10:03:47,actions-trading,Sim3,026960,skip,amount,3eff50345b76
14908351,2026-09-10 10:03:47,actions-trading,Sim3,021820,skip,amount,439318ea13de
14908351,2026-09-10 10:03:47,actions-trading,Sim3,192080,skip,amount,a4577183cf01
14908351,2026-09-10 10:03:47,actions-trading,Sim3,068270,skip,held_or_sold_today,2373c76d6265
14908351,2026-09-10 10:03:47,actions-trading,Sim3,123890,skip,amount,ebefc075d8f4
14908351,2026-09-10 10:03:47,actions-trading,Sim3,000240,skip,amount,8cbfde5ff9fb
14908351,2026-09-10 10:03:47,actions-trading,Sim3,002380,skip,amount,5e8d52f01616
14908351,2026-09-10 10:03:47,actions-trading,Sim3,009770,skip,amount,ee39a1cd20cf
14908351,2026-09-10 10:03:47,actions-trading,Sim3,259960,skip,held_or_sold_today,c16ad6675200
14908351,2026-09-10 10:03:47,actions-trading,Sim3,035250,skip,amount,d63ebfc80ef5
14908351,2026-09-10 10:03:47,actions-trading,Sim3,383220,skip,amount,abd8f74426c6
14908351,2026-09-10 10:03:47,actions-trading,Sim3,226320,skip,amount,5be30191a03d
14908351,2026-09-10 10:03:47,actions-trading,Sim3,439260,skip,amount,9dd269c9fbd2
14908351,2026-09-10 10:03:47,actions-trading,Sim3,025560,skip,amount,1228407fbb8a
14908351,2026-09-10 10:03:47,actions-trading,Sim3,007700,skip,amount,dbc0a73360a5
14908351,2026-09-10 10:03:47,actions-trading,Sim3,278470,skip,not_cheap,e802d2f8d8f0
14908351,2026-09-10 10:03:47,actions-trading,Sim3,000990,skip,held_or_sold_today,70edf2745fa1
14908351,2026-09-10 10:03:50,actions-trading,상승모멘텀,006380,skip,max_holdings,c203be843be2
14908351,2026-09-10 10:03:50,actions-trading,상승모멘텀,007540,seen,,6eb83c72df40
14908351,2026-09-10 10:03:50,actions-trading,상승모멘텀,006490,seen,,9e03cf92b670
14908351,2026-09-10 10:03:50,actions-trading,상승모멘텀,248170,seen,,6cd895c7696c
14908351,2026-09-10 10:03:50,actions-trading,상승모멘텀,004090,seen,,8a2e6b2baff2
14908351,2026-09-10 10:03:50,actions-trading,상승모멘텀,006880,seen,,72eba7810d02
14908351,2026-09-10 10:03:50,actions-trading,상승모멘텀,465770,seen,,2ac8bbfd9f2e
14908351,2026-09-10 10:03:50,actions-trading,상승모멘텀,003280,seen,,a9db67fc5990
14908351,2026-09-10 10:03:50,actions-trading,상승모멘텀,012630,seen,,56e018757eea
14908351,2026-09-10 10:03:50,actions-trading,상승모멘텀,020120,seen,,3f7d33ece6f8
14908351,2026-09-10 10:03:50,actions-trading,상승모멘텀,005180,seen,,c47c7c8cb947
14908351,2026-09-10 10:03:50,actions-trading,상승모멘텀,092790,seen,,a0aed48d3111
14908351,2026-09-10 10:03:50,actions-trading,상승모멘텀,018670,seen,,bb0caeb2af8a
14908351,2026-09-10 10:03:50,actions-trading,상승모멘텀,001525,seen,,390201f2275c
14908351,2026-09-10 10:03:50,actions-trading,상승모멘텀,007610,seen,,edb9053f3d69
14908351,2026-09-10 10:03:50,actions-trading,상승모멘텀,029460,seen,,13f7012d5dee
14908351,2026-09-10 10:03:50,actions-trading,상승모멘텀,117580,seen,,b832436d77cb
14908351,2026-09-10 10:03:50,actions-trading,상승모멘텀,002140,seen,,bef1f3ae9e0d
14908351,2026-09-10 10:03:50,actions-trading,상승모멘텀,015590,seen,,db48ff2b1657
14908351,2026-09-10 10:03:50,actions-trading,상승모멘텀,014530,seen,,a0c5e0b4d732
14908351,2026-09-10 10:03:50,actions-trading,상승모멘텀,053690,seen,,5fd5e6a0a91f
14908351,2026-09-10 10:03:50,actions-trading,상승모멘텀,000370,seen,,755009e33cb7
14908351,2026-09-10 10:03:50,actions-trading,상승모멘텀,010400,seen,,cc51feacf207
14908351,2026-09-10 10:03:50,actions-trading,상승모멘텀,004430,seen,,ed28fec29787
14908351,2026-09-10 10:03:50,actions-trading,상승모멘텀,26490K,seen,,c2e3453666b9
14908351,2026-09-10 10:03:50,actions-trading,상승모멘텀,017860,seen,,0842addaee7d
14908351,2026-09-10 10:03:50,actions-trading,상승모멘텀,005745,seen,,40e481758cde
14908351,2026-09-10 10:03:50,actions-trading,상승모멘텀,210980,seen,,2580117c4c87
14908351,2026-09-10 10:03:50,actions-trading,상승모멘텀,002170,seen,,71448766e8cc
14908351,2026-09-10 10:03:50,actions-trading,상승모멘텀,003120,seen,,1add8e224eb1
14908351,2026-09-10 10:03:51,actions-trading,선행매집,003280,skip,below_anchor,a9db67fc5990
14908351,2026-09-10 10:03:51,actions-trading,선행매집,005935,skip,below_anchor,11a74162fbf3
14908351,2026-09-10 10:03:51,actions-trading,선행매집,316140,skip,below_anchor,6d5072d31a88
14908351,2026-09-10 10:03:51,actions-trading,선행매집,003490,skip,sold_or_cooldown,2568c2debeea
14908351,2026-09-10 10:03:51,actions-trading,선행매집,317400,skip,below_anchor,9d471d1de57e
14908351,2026-09-10 10:03:51,actions-trading,선행매집,018880,skip,below_anchor,c6957b009f2f
14908351,2026-09-10 10:03:51,actions-trading,선행매집,361610,skip,below_anchor,a4eb6e865f0b
14908351,2026-09-10 10:03:51,actions-trading,선행매집,096770,skip,no_setup,c6e8ef1b5eb5
14908351,2026-09-10 10:03:51,actions-trading,선행매집,465770,skip,below_anchor,2ac8bbfd9f2e
14908351,2026-09-10 10:03:51,actions-trading,선행매집,006340,skip,below_anchor,8fb39f927d90
14908351,2026-09-10 10:03:51,actions-trading,선행매집,005930,skip,below_anchor,c02d7ae3b163
14908351,2026-09-10 10:03:51,actions-trading,선행매집,017900,skip,below_anchor,2a512d664f43
14908351,2026-09-10 10:03:51,actions-trading,선행매집,002140,skip,below_anchor,bef1f3ae9e0d
14908351,2026-09-10 10:03:51,actions-trading,선행매집,006360,skip,below_anchor,45555387c8a4
14908351,2026-09-10 10:03:51,actions-trading,선행매집,078930,skip,held_awaiting_breakout,ef73e21625b7
14908351,2026-09-10 10:03:51,actions-trading,선행매집,019170,skip,below_anchor,2c410d27852c
14908351,2026-09-10 10:03:51,actions-trading,선행매집,009420,skip,below_anchor,2356039e90bf
14908351,2026-09-10 10:03:51,actions-trading,선행매집,000400,skip,amount,df9c888a8409
14908351,2026-09-10 10:03:51,actions-trading,선행매집,032640,skip,below_anchor,26237e494557
14908351,2026-09-10 10:03:51,actions-trading,선행매집,027740,skip,amount,5b5d8bb60e31
14908351,2026-09-10 10:03:51,actions-trading,선행매집,011200,skip,below_anchor,fd6a5917717d
14908351,2026-09-10 10:03:51,actions-trading,선행매집,105560,skip,no_setup,5bb606ca7287
14908351,2026-09-10 10:03:51,actions-trading,선행매집,010140,skip,below_anchor,41582100540a
14908351,2026-09-10 10:03:51,actions-trading,선행매집,003610,skip,amount,47b0791951ba
14908351,2026-09-10 10:03:51,actions-trading,선행매집,014280,skip,amount,32c6c821f8fe
14908351,2026-09-10 10:03:51,actions-trading,선행매집,004020,skip,below_anchor,07f24ba4dee4
14908351,2026-09-10 10:03:51,actions-trading,선행매집,005490,skip,below_anchor,304ee15b9b4d
14908351,2026-09-10 10:03:51,actions-trading,선행매집,402340,skip,below_anchor,1f3d15d95a9f
14908351,2026-09-10 10:03:51,actions-trading,선행매집,053690,skip,below_anchor,5fd5e6a0a91f
14908351,2026-09-10 10:03:51,actions-trading,선행매집,012630,skip,no_setup,56e018757eea
14908351,2026-09-10 10:03:51,actions-trading,Sim9,_gate,skip,outside_entry_window,e3b0c44298fc
14908351,2026-09-10 10:03:51,actions-trading,Sim9,006380,seen,,c203be843be2
14908351,2026-09-10 10:03:51,actions-trading,Sim9,007540,seen,,6eb83c72df40
14908351,2026-09-10 10:03:51,actions-trading,Sim9,006490,seen,,9e03cf92b670
14908351,2026-09-10 10:03:51,actions-trading,Sim9,248170,seen,,6cd895c7696c
14908351,2026-09-10 10:03:51,actions-trading,Sim9,004090,seen,,8a2e6b2baff2
14908351,2026-09-10 10:03:51,actions-trading,Sim9,006880,seen,,72eba7810d02
14908351,2026-09-10 10:03:51,actions-trading,Sim9,465770,seen,,2ac8bbfd9f2e
14908351,2026-09-10 10:03:51,actions-trading,Sim9,003280,seen,,a9db67fc5990
14908351,2026-09-10 10:03:51,actions-trading,Sim9,012630,seen,,56e018757eea
14908351,2026-09-10 10:03:51,actions-trading,Sim9,020120,seen,,3f7d33ece6f8
14908351,2026-09-10 10:03:51,actions-trading,Sim9,005180,seen,,c47c7c8cb947
14908351,2026-09-10 10:03:51,actions-trading,Sim9,092790,seen,,a0aed48d3111
14908351,2026-09-10 10:03:51,actions-trading,Sim9,018670,seen,,bb0caeb2af8a
14908351,2026-09-10 10:03:51,actions-trading,Sim9,001525,seen,,390201f2275c
14908351,2026-09-10 10:03:51,actions-trading,Sim9,007610,seen,,edb9053f3d69
14908351,2026-09-10 10:03:51,actions-trading,Sim9,029460,seen,,13f7012d5dee
14908351,2026-09-10 10:03:51,actions-trading,Sim9,117580,seen,,b832436d77cb
14908351,2026-09-10 10:03:51,actions-trading,Sim9,002140,seen,,bef1f3ae9e0d
14908351,2026-09-10 10:03:51,actions-trading,Sim9,015590,seen,,db48ff2b1657
14908351,2026-09-10 10:03:51,actions-trading,Sim9,014530,seen,,a0c5e0b4d732
14908351,2026-09-10 10:03:51,actions-trading,Sim9,053690,seen,,5fd5e6a0a91f
14908351,2026-09-10 10:03:51,actions-trading,Sim9,000370,seen,,755009e33cb7
14908351,2026-09-10 10:03:51,actions-trading,Sim9,010400,seen,,cc51feacf207
14908351,2026-09-10 10:03:51,actions-trading,Sim9,004430,seen,,ed28fec29787
14908351,2026-09-10 10:03:51,actions-trading,Sim9,26490K,seen,,c2e3453666b9
14908351,2026-09-10 10:03:51,actions-trading,Sim9,017860,seen,,0842addaee7d
14908351,2026-09-10 10:03:51,actions-trading,Sim9,005745,seen,,40e481758cde
14908351,2026-09-10 10:03:51,actions-trading,Sim9,210980,seen,,2580117c4c87
14908351,2026-09-10 10:03:51,actions-trading,Sim9,002170,seen,,71448766e8cc
14908351,2026-09-10 10:03:51,actions-trading,Sim9,003120,seen,,1add8e224eb1
14908351,2026-09-10 10:03:51,actions-trading,미너비니,078930,skip,held_or_cooldown,ef73e21625b7
14908351,2026-09-10 10:03:52,actions-trading,Sim12,006380,skip,avoid_deadcat,c203be843be2
14908351,2026-09-10 10:03:52,actions-trading,Sim12,007540,skip,avoid_frgn_sell_20d,6eb83c72df40
14908351,2026-09-10 10:03:52,actions-trading,Sim12,006490,skip,pb2_not_crashed,9e03cf92b670
14908351,2026-09-10 10:03:52,actions-trading,Sim12,248170,skip,pb2_not_crashed,6cd895c7696c
14908351,2026-09-10 10:03:52,actions-trading,Sim12,004090,skip,pb2_not_crashed,8a2e6b2baff2
14908351,2026-09-10 10:03:52,actions-trading,Sim12,006880,skip,avoid_frgn_sell_20d,72eba7810d02
14908351,2026-09-10 10:03:52,actions-trading,Sim12,465770,skip,held_or_cooldown,2ac8bbfd9f2e
14908351,2026-09-10 10:03:52,actions-trading,Sim12,003280,skip,pb2_not_crashed,a9db67fc5990
14908351,2026-09-10 10:03:52,actions-trading,Sim12,012630,skip,pb2_not_crashed,56e018757eea
14908351,2026-09-10 10:03:52,actions-trading,Sim12,020120,skip,held_or_cooldown,3f7d33ece6f8
14908351,2026-09-10 10:03:52,actions-trading,Sim12,005180,skip,avoid_amount_dry,c47c7c8cb947
14908351,2026-09-10 10:03:52,actions-trading,Sim12,092790,skip,avoid_frgn_hold_drop,a0aed48d3111
14908351,2026-09-10 10:03:52,actions-trading,Sim12,018670,skip,avoid_frgn_sell_20d,bb0caeb2af8a
14908351,2026-09-10 10:03:52,actions-trading,Sim12,001525,skip,avoid_amount_dry,390201f2275c
14908351,2026-09-10 10:03:52,actions-trading,Sim12,007610,skip,pb2_not_crashed,edb9053f3d69
14908351,2026-09-10 10:03:52,actions-trading,Sim12,029460,skip,pb2_not_crashed,13f7012d5dee
14908351,2026-09-10 10:03:52,actions-trading,Sim12,117580,skip,avoid_frgn_sell_20d,b832436d77cb
14908351,2026-09-10 10:03:52,actions-trading,Sim12,002140,skip,pb2_not_crashed,bef1f3ae9e0d
14908351,2026-09-10 10:03:52,actions-trading,Sim12,015590,skip,avoid_amount_dry,db48ff2b1657
14908351,2026-09-10 10:03:52,actions-trading,Sim12,014530,skip,avoid_frgn_sell_20d,a0c5e0b4d732
14908351,2026-09-10 10:03:52,actions-trading,Sim12,053690,skip,avoid_amount_dry,5fd5e6a0a91f
14908351,2026-09-10 10:03:52,actions-trading,Sim12,000370,skip,avoid_amount_dry,755009e33cb7
14908351,2026-09-10 10:03:52,actions-trading,Sim12,010400,skip,avoid_amount_dry,cc51feacf207
14908351,2026-09-10 10:03:52,actions-trading,Sim12,004430,skip,avoid_amount_dry,ed28fec29787
14908351,2026-09-10 10:03:52,actions-trading,Sim12,26490K,skip,avoid_amount_dry,c2e3453666b9
14908351,2026-09-10 10:03:52,actions-trading,Sim12,017860,skip,pb2_not_crashed,0842addaee7d
14908351,2026-09-10 10:03:52,actions-trading,Sim12,005745,skip,avoid_amount_dry,40e481758cde
14908351,2026-09-10 10:03:52,actions-trading,Sim12,210980,skip,avoid_amount_dry,2580117c4c87
14908351,2026-09-10 10:03:52,actions-trading,Sim12,002170,skip,avoid_amount_dry,71448766e8cc
14908351,2026-09-10 10:03:52,actions-trading,Sim12,003120,skip,avoid_amount_dry,1add8e224eb1
14908351,2026-09-10 10:03:52,actions-trading,Sim12,019680,skip,avoid_frgn_sell_20d,b45f3b94ef25
14908351,2026-09-10 10:03:52,actions-trading,Sim12,019685,skip,avoid_frgn_hold_drop,c742e4b3c21e
14908351,2026-09-10 10:03:52,actions-trading,Sim12,006110,skip,avoid_amount_dry,4bc35987ff21
14908351,2026-09-10 10:03:52,actions-trading,Sim12,000500,skip,pb2_not_crashed,b05f5476f99b
14908351,2026-09-10 10:03:52,actions-trading,Sim12,044380,skip,held_or_cooldown,ae1f11b27eb9
14908351,2026-09-10 10:03:52,actions-trading,Sim12,001290,skip,avoid_amount_dry,1ec611a30c9f
14908351,2026-09-10 10:03:52,actions-trading,Sim12,004770,skip,avoid_amount_dry,11d3bb50f0b1
14908351,2026-09-10 10:03:52,actions-trading,Sim12,062040,skip,avoid_amount_dry,3a2eaa23db80
14908351,2026-09-10 10:03:52,actions-trading,Sim12,010950,skip,pb2_not_crashed,08d0af80d792
14908351,2026-09-10 10:03:52,actions-trading,Sim12,336260,skip,avoid_amount_dry,2feacfa66144
14908351,2026-09-10 10:03:52,actions-trading,Sim12,001440,skip,pb2_not_crashed,d3d4e35b07bc
14908351,2026-09-10 10:03:52,actions-trading,Sim12,009420,skip,avoid_amount_dry,2356039e90bf
14908351,2026-09-10 10:03:52,actions-trading,Sim12,004415,skip,avoid_amount_dry,f7865c5426b8
14908351,2026-09-10 10:03:52,actions-trading,Sim12,002070,skip,avoid_amount_dry,f05dbd23292a
14908351,2026-09-10 10:03:52,actions-trading,Sim12,0220W0,skip,avoid_amount_dry,385fc1cf37e1
14908351,2026-09-10 10:03:52,actions-trading,Sim12,015260,skip,avoid_amount_dry,1b35b87ccd46
14908351,2026-09-10 10:03:52,actions-trading,Sim12,066970,skip,avoid_amount_dry,1564ab6d5ac0
14908351,2026-09-10 10:03:52,actions-trading,Sim12,002990,skip,avoid_amount_dry,caf852b2c95a
14908351,2026-09-10 10:03:52,actions-trading,Sim12,33626K,skip,avoid_frgn_sell_20d,5afaf3a85451
14908351,2026-09-10 10:03:52,actions-trading,Sim12,353200,skip,avoid_amount_dry,12aca1d6d316
14908351,2026-09-10 10:03:52,actions-trading,Sim12,001820,skip,avoid_amount_dry,9bd6451b5bb1
14908351,2026-09-10 10:03:52,actions-trading,Sim12,004310,skip,avoid_amount_dry,bf7dfba47bf6
14908351,2026-09-10 10:03:52,actions-trading,Sim12,006260,skip,avoid_amount_dry,609f8c902ef8
14908351,2026-09-10 10:03:52,actions-trading,Sim12,006650,skip,avoid_frgn_sell_20d,a641217467e7
14908351,2026-09-10 10:03:52,actions-trading,Sim12,001770,skip,avoid_amount_dry,627eb17937cf
14908351,2026-09-10 10:03:52,actions-trading,Sim12,180640,skip,avoid_amount_dry,6b46967e6f8a
14908351,2026-09-10 10:03:52,actions-trading,Sim12,052690,skip,avoid_amount_dry,f55316778a56
14908351,2026-09-10 10:03:52,actions-trading,Sim12,017180,skip,avoid_amount_dry,53d873eb00c7
14908351,2026-09-10 10:03:52,actions-trading,Sim12,090460,skip,avoid_amount_dry,190ae54c3786
14908351,2026-09-10 10:03:52,actions-trading,Sim12,017960,skip,avoid_amount_dry,d9009ff84e2d
14908351,2026-09-10 10:03:53,actions-trading,Sim13,006380,skip,theme_momentum_weak,c203be843be2
14908351,2026-09-10 10:03:53,actions-trading,Sim13,007540,skip,theme_momentum_weak,6eb83c72df40
14908351,2026-09-10 10:03:53,actions-trading,Sim13,006490,skip,theme_momentum_weak,9e03cf92b670
14908351,2026-09-10 10:03:53,actions-trading,Sim13,248170,skip,theme_momentum_weak,6cd895c7696c
14908351,2026-09-10 10:03:53,actions-trading,Sim13,004090,skip,theme_momentum_weak,8a2e6b2baff2
14908351,2026-09-10 10:03:53,actions-trading,Sim13,006880,skip,theme_momentum_weak,72eba7810d02
14908351,2026-09-10 10:03:53,actions-trading,Sim13,465770,skip,adx_weak,2ac8bbfd9f2e
14908351,2026-09-10 10:03:53,actions-trading,Sim13,003280,skip,theme_momentum_weak,a9db67fc5990
14908351,2026-09-10 10:03:53,actions-trading,Sim13,012630,skip,theme_momentum_weak,56e018757eea
14908351,2026-09-10 10:03:53,actions-trading,Sim13,020120,skip,amount_not_surprised,3f7d33ece6f8
14908351,2026-09-10 10:03:53,actions-trading,Sim13,005180,skip,adx_weak,c47c7c8cb947
14908351,2026-09-10 10:03:53,actions-trading,Sim13,092790,skip,theme_momentum_weak,a0aed48d3111
14908351,2026-09-10 10:03:53,actions-trading,Sim13,018670,skip,theme_momentum_weak,bb0caeb2af8a
14908351,2026-09-10 10:03:53,actions-trading,Sim13,001525,skip,theme_momentum_weak,390201f2275c
14908351,2026-09-10 10:03:53,actions-trading,Sim13,007610,skip,theme_momentum_weak,edb9053f3d69
14908351,2026-09-10 10:03:53,actions-trading,Sim13,029460,skip,theme_momentum_weak,13f7012d5dee
14908351,2026-09-10 10:03:53,actions-trading,Sim13,117580,skip,theme_momentum_weak,b832436d77cb
14908351,2026-09-10 10:03:53,actions-trading,Sim13,002140,skip,theme_momentum_weak,bef1f3ae9e0d
14908351,2026-09-10 10:03:53,actions-trading,Sim13,015590,skip,theme_momentum_weak,db48ff2b1657
14908351,2026-09-10 10:03:53,actions-trading,Sim13,014530,skip,theme_momentum_weak,a0c5e0b4d732
14908351,2026-09-10 10:03:53,actions-trading,Sim13,053690,skip,adx_weak,5fd5e6a0a91f
14908351,2026-09-10 10:03:53,actions-trading,Sim13,000370,skip,adx_weak,755009e33cb7
14908351,2026-09-10 10:03:53,actions-trading,Sim13,010400,skip,theme_momentum_weak,cc51feacf207
14908351,2026-09-10 10:03:53,actions-trading,Sim13,004430,skip,theme_momentum_weak,ed28fec29787
14908351,2026-09-10 10:03:53,actions-trading,Sim13,26490K,skip,theme_momentum_weak,c2e3453666b9
14908351,2026-09-10 10:03:53,actions-trading,Sim13,017860,skip,theme_momentum_weak,0842addaee7d
14908351,2026-09-10 10:03:53,actions-trading,Sim13,005745,skip,theme_momentum_weak,40e481758cde
14908351,2026-09-10 10:03:53,actions-trading,Sim13,210980,skip,theme_momentum_weak,2580117c4c87
14908351,2026-09-10 10:03:53,actions-trading,Sim13,002170,skip,theme_momentum_weak,71448766e8cc
14908351,2026-09-10 10:03:53,actions-trading,Sim13,003120,skip,theme_momentum_weak,1add8e224eb1
14908352,2026-09-10 10:04:41,actions-trading,Sim4-1,006380,skip,amount,c203be843be2
14908352,2026-09-10 10:04:41,actions-trading,Sim4-1,007540,skip,amount,6e99ab9026c4
14908352,2026-09-10 10:04:41,actions-trading,Sim4-1,006490,skip,amount,248a012f5b03
14908352,2026-09-10 10:04:41,actions-trading,Sim4-1,248170,skip,period,661e4342fe5a
14908352,2026-09-10 10:04:41,actions-trading,Sim4-1,004090,skip,adx_high,bba7819fb2af
14908352,2026-09-10 10:04:41,actions-trading,Sim4-1,006880,skip,adx_low,66d4882dea73
14908352,2026-09-10 10:04:41,actions-trading,Sim4-1,465770,skip,adx_high,9d2eba57d22b
14908352,2026-09-10 10:04:41,actions-trading,Sim4-1,003280,skip,adx_high,c39255993a69
14908352,2026-09-10 10:04:41,actions-trading,Sim4-1,012630,skip,amount,b9818a2b4b6f
14908352,2026-09-10 10:04:41,actions-trading,Sim4-1,020120,skip,no_inst,68b4bb308707
14908352,2026-09-10 10:04:41,actions-trading,Sim4-1,029460,skip,amount,21ffa1087d5f
14908352,2026-09-10 10:04:41,actions-trading,Sim4-1,005180,skip,amount,1fff42f59dc8
14908352,2026-09-10 10:04:41,actions-trading,Sim4-1,092790,skip,period,b6e1ead08f78
14908352,2026-09-10 10:04:41,actions-trading,Sim4-1,018670,skip,amount,fc14d9e974a1
14908352,2026-09-10 10:04:41,actions-trading,Sim4-1,001525,skip,amount,390201f2275c
14908352,2026-09-10 10:04:41,actions-trading,Sim4-1,117580,skip,adx_high,0157ec97d1c3
14908352,2026-09-10 10:04:41,actions-trading,Sim4-1,002140,skip,amount,a3aa708f6816
14908352,2026-09-10 10:04:41,actions-trading,Sim4-1,010400,skip,amount,7a33e4143a6e
14908352,2026-09-10 10:04:41,actions-trading,Sim4-1,015590,skip,amount,b24e435bebde
14908352,2026-09-10 10:04:41,actions-trading,Sim4-1,053690,skip,amount,46d502e1f1ba
14908352,2026-09-10 10:04:41,actions-trading,Sim4-1,007610,skip,adx_high,e4d68cdf952e
14908352,2026-09-10 10:04:41,actions-trading,Sim4-1,014530,skip,amount,8ddfdb064052
14908352,2026-09-10 10:04:41,actions-trading,Sim4-1,017810,skip,amount,211b3c33543c
14908352,2026-09-10 10:04:41,actions-trading,Sim4-1,004430,skip,amount,34e10e76fd1b
14908352,2026-09-10 10:04:41,actions-trading,Sim4-1,26490K,skip,amount,c2e3453666b9
14908352,2026-09-10 10:04:41,actions-trading,Sim4-1,005745,skip,amount,40e481758cde
14908352,2026-09-10 10:04:41,actions-trading,Sim4-1,000370,skip,adx_high,b35ff57aab91
14908352,2026-09-10 10:04:41,actions-trading,Sim4-1,002170,skip,amount,b956fff4ef34
14908352,2026-09-10 10:04:41,actions-trading,Sim4-1,017860,skip,amount,90e50db646e7
14908352,2026-09-10 10:04:41,actions-trading,Sim4-1,093240,skip,amount,3d15a9ec24bf
14908352,2026-09-10 10:04:42,actions-trading,Sim4-1,006380,skip,amount,c203be843be2
14908352,2026-09-10 10:04:42,actions-trading,Sim4-1,007540,skip,amount,6e99ab9026c4
14908352,2026-09-10 10:04:42,actions-trading,Sim4-1,006490,skip,amount,248a012f5b03
14908352,2026-09-10 10:04:42,actions-trading,Sim4-1,248170,skip,period,661e4342fe5a
14908352,2026-09-10 10:04:42,actions-trading,Sim4-1,004090,skip,adx_high,bba7819fb2af
14908352,2026-09-10 10:04:42,actions-trading,Sim4-1,006880,skip,adx_low,66d4882dea73
14908352,2026-09-10 10:04:42,actions-trading,Sim4-1,465770,skip,adx_high,9d2eba57d22b
14908352,2026-09-10 10:04:42,actions-trading,Sim4-1,003280,skip,adx_high,c39255993a69
14908352,2026-09-10 10:04:42,actions-trading,Sim4-1,012630,skip,amount,b9818a2b4b6f
14908352,2026-09-10 10:04:42,actions-trading,Sim4-1,020120,skip,no_inst,68b4bb308707
14908352,2026-09-10 10:04:42,actions-trading,Sim4-1,029460,skip,amount,21ffa1087d5f
14908352,2026-09-10 10:04:42,actions-trading,Sim4-1,005180,skip,amount,1fff42f59dc8
14908352,2026-09-10 10:04:42,actions-trading,Sim4-1,092790,skip,period,b6e1ead08f78
14908352,2026-09-10 10:04:42,actions-trading,Sim4-1,018670,skip,amount,fc14d9e974a1
14908352,2026-09-10 10:04:42,actions-trading,Sim4-1,001525,skip,amount,390201f2275c
14908352,2026-09-10 10:04:42,actions-trading,Sim4-1,117580,skip,adx_high,0157ec97d1c3
14908352,2026-09-10 10:04:42,actions-trading,Sim4-1,002140,skip,amount,a3aa708f6816
14908352,2026-09-10 10:04:42,actions-trading,Sim4-1,010400,skip,amount,7a33e4143a6e
14908352,2026-09-10 10:04:42,actions-trading,Sim4-1,015590,skip,amount,b24e435bebde
14908352,2026-09-10 10:04:42,actions-trading,Sim4-1,053690,skip,amount,46d502e1f1ba
14908352,2026-09-10 10:04:42,actions-trading,Sim4-1,007610,skip,adx_high,e4d68cdf952e
14908352,2026-09-10 10:04:42,actions-trading,Sim4-1,014530,skip,amount,8ddfdb064052
14908352,2026-09-10 10:04:42,actions-trading,Sim4-1,017810,skip,amount,211b3c33543c
14908352,2026-09-10 10:04:42,actions-trading,Sim4-1,004430,skip,amount,34e10e76fd1b
14908352,2026-09-10 10:04:42,actions-trading,Sim4-1,26490K,skip,amount,c2e3453666b9
14908352,2026-09-10 10:04:42,actions-trading,Sim4-1,005745,skip,amount,40e481758cde
14908352,2026-09-10 10:04:42,actions-trading,Sim4-1,000370,skip,adx_high,b35ff57aab91
14908352,2026-09-10 10:04:42,actions-trading,Sim4-1,002170,skip,amount,b956fff4ef34
14908352,2026-09-10 10:04:42,actions-trading,Sim4-1,017860,skip,amount,90e50db646e7
14908352,2026-09-10 10:04:42,actions-trading,Sim4-1,093240,skip,amount,3d15a9ec24bf
14908352,2026-09-10 10:05:40,actions-trading,MFHS2,003280,skip,max_holdings,1cd1a8be8859
14908352,2026-09-10 10:05:40,actions-trading,MFHS2,005935,seen,,792d7dd111dc
14908352,2026-09-10 10:05:40,actions-trading,MFHS2,005930,seen,,42bd8aa31662
14908352,2026-09-10 10:05:40,actions-trading,MFHS2,003490,seen,,40fac49befc5
14908352,2026-09-10 10:05:40,actions-trading,MFHS2,317400,seen,,601abfa939e0
14908352,2026-09-10 10:05:40,actions-trading,MFHS2,316140,seen,,e5c8bda220f6
14908352,2026-09-10 10:05:40,actions-trading,MFHS2,361610,seen,,bd9ba92c06db
14908352,2026-09-10 10:05:40,actions-trading,MFHS2,018880,seen,,0577f315b23b
14908352,2026-09-10 10:05:40,actions-trading,MFHS2,096770,seen,,144750beff1e
14908352,2026-09-10 10:05:40,actions-trading,MFHS2,465770,seen,,35fb0c66e209
14908352,2026-09-10 10:05:40,actions-trading,MFHS2,017900,seen,,0638cf1b0d96
14908352,2026-09-10 10:05:40,actions-trading,MFHS2,010140,seen,,68525ee287b7
14908352,2026-09-10 10:05:40,actions-trading,MFHS2,009420,seen,,813dd23ed732
14908352,2026-09-10 10:05:40,actions-trading,MFHS2,047040,seen,,18e5034cf4b6
14908352,2026-09-10 10:05:40,actions-trading,MFHS2,002140,seen,,ca48dbd9bedb
14908352,2026-09-10 10:05:40,actions-trading,MFHS2,006340,seen,,1577fdb3c9a7
14908352,2026-09-10 10:05:40,actions-trading,MFHS2,019170,seen,,71fdf844202d
14908352,2026-09-10 10:05:40,actions-trading,MFHS2,006360,seen,,47052d691e82
14908352,2026-09-10 10:05:40,actions-trading,MFHS2,078930,seen,,3a27d9178ba8
14908352,2026-09-10 10:05:40,actions-trading,MFHS2,000400,seen,,4a91beaa3a6b
14908352,2026-09-10 10:05:40,actions-trading,MFHS2,011200,seen,,361778323014
14908352,2026-09-10 10:05:40,actions-trading,MFHS2,014280,seen,,7b5d0ae2e47f
14908352,2026-09-10 10:05:40,actions-trading,MFHS2,003610,seen,,e62e7583802a
14908352,2026-09-10 10:05:40,actions-trading,MFHS2,105560,seen,,9155faf75282
14908352,2026-09-10 10:05:40,actions-trading,MFHS2,035720,seen,,591ddd24769b
14908352,2026-09-10 10:05:40,actions-trading,MFHS2,004020,seen,,b722702d95ab
14908352,2026-09-10 10:05:40,actions-trading,MFHS2,032640,seen,,cf5aaad4fec7
14908352,2026-09-10 10:05:40,actions-trading,MFHS2,053690,seen,,5f1064af8a11
14908352,2026-09-10 10:05:40,actions-trading,MFHS2,012630,seen,,31888ff841a1
14908352,2026-09-10 10:05:40,actions-trading,MFHS2,079160,seen,,16d9ef4a95c0
14908352,2026-09-10 10:05:43,actions-trading,Sim3,402340,skip,qty_zero,499adea962fb
14908352,2026-09-10 10:05:43,actions-trading,Sim3,383800,skip,amount,cb4f335ac02e
14908352,2026-09-10 10:05:43,actions-trading,Sim3,462870,skip,amount,033ffe17fefa
14908352,2026-09-10 10:05:43,actions-trading,Sim3,000660,skip,qty_zero,7f2030524fef
14908352,2026-09-10 10:05:43,actions-trading,Sim3,071970,skip,cooldown,a017e37e4a41
14908352,2026-09-10 10:05:43,actions-trading,Sim3,042700,skip,not_cheap,6644748c17bf
14908352,2026-09-10 10:05:43,actions-trading,Sim3,326030,skip,amount,7c5850ac5d49
14908352,2026-09-10 10:05:43,actions-trading,Sim3,207940,skip,not_cheap,ea008f9891c0
14908352,2026-09-10 10:05:43,actions-trading,Sim3,033920,skip,amount,8d502d809ba8
14908352,2026-09-10 10:05:43,actions-trading,Sim3,004770,skip,cooldown,bdca2bcba864
14908352,2026-09-10 10:05:43,actions-trading,Sim3,0126Z0,skip,amount,8ea417fd4cd2
14908352,2026-09-10 10:05:43,actions-trading,Sim3,062040,skip,not_cheap,a1d1d86e3863
14908352,2026-09-10 10:05:43,actions-trading,Sim3,317450,skip,amount,9025a87b16ff
14908352,2026-09-10 10:05:43,actions-trading,Sim3,026960,skip,amount,4fc7c2c94ef4
14908352,2026-09-10 10:05:43,actions-trading,Sim3,021820,skip,amount,439318ea13de
14908352,2026-09-10 10:05:43,actions-trading,Sim3,192080,skip,amount,b27fbbd0651f
14908352,2026-09-10 10:05:43,actions-trading,Sim3,068270,skip,held_or_sold_today,1a96af7bdb94
14908352,2026-09-10 10:05:43,actions-trading,Sim3,123890,skip,amount,36d6ed4a7dfd
14908352,2026-09-10 10:05:43,actions-trading,Sim3,000240,skip,amount,8d330f8a1edb
14908352,2026-09-10 10:05:43,actions-trading,Sim3,002380,skip,amount,42f494e70a09
14908352,2026-09-10 10:05:43,actions-trading,Sim3,009770,skip,amount,ee39a1cd20cf
14908352,2026-09-10 10:05:43,actions-trading,Sim3,259960,skip,held_or_sold_today,853af9841659
14908352,2026-09-10 10:05:43,actions-trading,Sim3,035250,skip,amount,5891cc3ae876
14908352,2026-09-10 10:05:43,actions-trading,Sim3,383220,skip,amount,d787c3975dfc
14908352,2026-09-10 10:05:43,actions-trading,Sim3,226320,skip,amount,2101743bc908
14908352,2026-09-10 10:05:43,actions-trading,Sim3,439260,skip,amount,000b67a9f188
14908352,2026-09-10 10:05:43,actions-trading,Sim3,025560,skip,amount,864c9655b946
14908352,2026-09-10 10:05:43,actions-trading,Sim3,007700,skip,amount,93e8104ffd90
14908352,2026-09-10 10:05:43,actions-trading,Sim3,278470,skip,not_cheap,fb9db1f36dcb
14908352,2026-09-10 10:05:43,actions-trading,Sim3,000990,skip,held_or_sold_today,fe0f279c1c50
14908352,2026-09-10 10:05:47,actions-trading,상승모멘텀,006380,skip,max_holdings,c203be843be2
14908352,2026-09-10 10:05:47,actions-trading,상승모멘텀,007540,seen,,6e99ab9026c4
14908352,2026-09-10 10:05:47,actions-trading,상승모멘텀,006490,seen,,248a012f5b03
14908352,2026-09-10 10:05:47,actions-trading,상승모멘텀,248170,seen,,9e5706c44d14
14908352,2026-09-10 10:05:47,actions-trading,상승모멘텀,004090,seen,,5dd93456a9b2
14908352,2026-09-10 10:05:47,actions-trading,상승모멘텀,006880,seen,,67ded1bc757e
14908352,2026-09-10 10:05:47,actions-trading,상승모멘텀,465770,seen,,35fb0c66e209
14908352,2026-09-10 10:05:47,actions-trading,상승모멘텀,003280,seen,,1cd1a8be8859
14908352,2026-09-10 10:05:47,actions-trading,상승모멘텀,012630,seen,,31888ff841a1
14908352,2026-09-10 10:05:47,actions-trading,상승모멘텀,020120,seen,,4b68dc5df558
14908352,2026-09-10 10:05:47,actions-trading,상승모멘텀,029460,seen,,7e0b4b98009a
14908352,2026-09-10 10:05:47,actions-trading,상승모멘텀,005180,seen,,e244d5217950
14908352,2026-09-10 10:05:47,actions-trading,상승모멘텀,092790,seen,,347d76fdc271
14908352,2026-09-10 10:05:47,actions-trading,상승모멘텀,018670,seen,,439d2389d8a3
14908352,2026-09-10 10:05:47,actions-trading,상승모멘텀,001525,seen,,390201f2275c
14908352,2026-09-10 10:05:47,actions-trading,상승모멘텀,117580,seen,,df31020db3b9
14908352,2026-09-10 10:05:47,actions-trading,상승모멘텀,002140,seen,,ca48dbd9bedb
14908352,2026-09-10 10:05:47,actions-trading,상승모멘텀,010400,seen,,7a33e4143a6e
14908352,2026-09-10 10:05:47,actions-trading,상승모멘텀,015590,seen,,3b4fa226d3dc
14908352,2026-09-10 10:05:47,actions-trading,상승모멘텀,053690,seen,,5f1064af8a11
14908352,2026-09-10 10:05:47,actions-trading,상승모멘텀,007610,seen,,5e34d033556c
14908352,2026-09-10 10:05:47,actions-trading,상승모멘텀,014530,seen,,514053e1b1c6
14908352,2026-09-10 10:05:47,actions-trading,상승모멘텀,017810,seen,,a9d83b6903e1
14908352,2026-09-10 10:05:47,actions-trading,상승모멘텀,004430,seen,,f9e55ffed781
14908352,2026-09-10 10:05:47,actions-trading,상승모멘텀,26490K,seen,,c2e3453666b9
14908352,2026-09-10 10:05:47,actions-trading,상승모멘텀,005745,seen,,40e481758cde
14908352,2026-09-10 10:05:47,actions-trading,상승모멘텀,000370,seen,,e28b88ddb022
14908352,2026-09-10 10:05:47,actions-trading,상승모멘텀,002170,seen,,b956fff4ef34
14908352,2026-09-10 10:05:47,actions-trading,상승모멘텀,017860,seen,,5954a119bcd8
14908352,2026-09-10 10:05:47,actions-trading,상승모멘텀,093240,seen,,c997ba793dd5
14908352,2026-09-10 10:05:48,actions-trading,선행매집,003280,skip,below_anchor,1cd1a8be8859
14908352,2026-09-10 10:05:48,actions-trading,선행매집,005935,skip,below_anchor,792d7dd111dc
14908352,2026-09-10 10:05:48,actions-trading,선행매집,316140,skip,below_anchor,e5c8bda220f6
14908352,2026-09-10 10:05:48,actions-trading,선행매집,003490,skip,sold_or_cooldown,40fac49befc5
14908352,2026-09-10 10:05:48,actions-trading,선행매집,317400,skip,below_anchor,601abfa939e0
14908352,2026-09-10 10:05:48,actions-trading,선행매집,018880,skip,below_anchor,0577f315b23b
14908352,2026-09-10 10:05:48,actions-trading,선행매집,361610,skip,below_anchor,bd9ba92c06db
14908352,2026-09-10 10:05:48,actions-trading,선행매집,096770,skip,no_setup,144750beff1e
14908352,2026-09-10 10:05:48,actions-trading,선행매집,465770,skip,below_anchor,35fb0c66e209
14908352,2026-09-10 10:05:48,actions-trading,선행매집,006340,skip,below_anchor,1577fdb3c9a7
14908352,2026-09-10 10:05:48,actions-trading,선행매집,005930,skip,below_anchor,42bd8aa31662
14908352,2026-09-10 10:05:48,actions-trading,선행매집,017900,skip,below_anchor,0638cf1b0d96
14908352,2026-09-10 10:05:48,actions-trading,선행매집,002140,skip,below_anchor,ca48dbd9bedb
14908352,2026-09-10 10:05:48,actions-trading,선행매집,006360,skip,below_anchor,47052d691e82
14908352,2026-09-10 10:05:48,actions-trading,선행매집,078930,skip,held_awaiting_breakout,3a27d9178ba8
14908352,2026-09-10 10:05:48,actions-trading,선행매집,019170,skip,below_anchor,71fdf844202d
14908352,2026-09-10 10:05:48,actions-trading,선행매집,009420,skip,below_anchor,813dd23ed732
14908352,2026-09-10 10:05:48,actions-trading,선행매집,000400,skip,amount,4a91beaa3a6b
14908352,2026-09-10 10:05:48,actions-trading,선행매집,032640,skip,below_anchor,cf5aaad4fec7
14908352,2026-09-10 10:05:48,actions-trading,선행매집,027740,skip,amount,22bb371cab72
14908352,2026-09-10 10:05:48,actions-trading,선행매집,011200,skip,below_anchor,361778323014
14908352,2026-09-10 10:05:48,actions-trading,선행매집,105560,skip,no_setup,9155faf75282
14908352,2026-09-10 10:05:48,actions-trading,선행매집,010140,skip,below_anchor,68525ee287b7
14908352,2026-09-10 10:05:48,actions-trading,선행매집,003610,skip,amount,e62e7583802a
14908352,2026-09-10 10:05:48,actions-trading,선행매집,014280,skip,amount,7b5d0ae2e47f
14908352,2026-09-10 10:05:48,actions-trading,선행매집,004020,skip,below_anchor,b722702d95ab
14908352,2026-09-10 10:05:48,actions-trading,선행매집,005490,skip,below_anchor,2dc351ea1e57
14908352,2026-09-10 10:05:48,actions-trading,선행매집,402340,skip,below_anchor,499adea962fb
14908352,2026-09-10 10:05:48,actions-trading,선행매집,053690,skip,below_anchor,5f1064af8a11
14908352,2026-09-10 10:05:48,actions-trading,선행매집,012630,skip,no_setup,31888ff841a1
14908352,2026-09-10 10:05:48,actions-trading,Sim9,_gate,skip,outside_entry_window,e3b0c44298fc
14908352,2026-09-10 10:05:48,actions-trading,Sim9,006380,seen,,c203be843be2
14908352,2026-09-10 10:05:48,actions-trading,Sim9,007540,seen,,6e99ab9026c4
14908352,2026-09-10 10:05:48,actions-trading,Sim9,006490,seen,,248a012f5b03
14908352,2026-09-10 10:05:48,actions-trading,Sim9,248170,seen,,9e5706c44d14
14908352,2026-09-10 10:05:48,actions-trading,Sim9,004090,seen,,5dd93456a9b2
14908352,2026-09-10 10:05:48,actions-trading,Sim9,006880,seen,,67ded1bc757e
14908352,2026-09-10 10:05:48,actions-trading,Sim9,465770,seen,,35fb0c66e209
14908352,2026-09-10 10:05:48,actions-trading,Sim9,003280,seen,,1cd1a8be8859
14908352,2026-09-10 10:05:48,actions-trading,Sim9,012630,seen,,31888ff841a1
14908352,2026-09-10 10:05:48,actions-trading,Sim9,020120,seen,,4b68dc5df558
14908352,2026-09-10 10:05:48,actions-trading,Sim9,029460,seen,,7e0b4b98009a
14908352,2026-09-10 10:05:48,actions-trading,Sim9,005180,seen,,e244d5217950
14908352,2026-09-10 10:05:48,actions-trading,Sim9,092790,seen,,347d76fdc271
14908352,2026-09-10 10:05:48,actions-trading,Sim9,018670,seen,,439d2389d8a3
14908352,2026-09-10 10:05:48,actions-trading,Sim9,001525,seen,,390201f2275c
14908352,2026-09-10 10:05:48,actions-trading,Sim9,117580,seen,,df31020db3b9
14908352,2026-09-10 10:05:48,actions-trading,Sim9,002140,seen,,ca48dbd9bedb
14908352,2026-09-10 10:05:48,actions-trading,Sim9,010400,seen,,7a33e4143a6e
14908352,2026-09-10 10:05:48,actions-trading,Sim9,015590,seen,,3b4fa226d3dc
14908352,2026-09-10 10:05:48,actions-trading,Sim9,053690,seen,,5f1064af8a11
14908352,2026-09-10 10:05:48,actions-trading,Sim9,007610,seen,,5e34d033556c
14908352,2026-09-10 10:05:48,actions-trading,Sim9,014530,seen,,514053e1b1c6
14908352,2026-09-10 10:05:48,actions-trading,Sim9,017810,seen,,a9d83b6903e1
14908352,2026-09-10 10:05:48,actions-trading,Sim9,004430,seen,,f9e55ffed781
14908352,2026-09-10 10:05:48,actions-trading,Sim9,26490K,seen,,c2e3453666b9
14908352,2026-09-10 10:05:48,actions-trading,Sim9,005745,seen,,40e481758cde
14908352,2026-09-10 10:05:48,actions-trading,Sim9,000370,seen,,e28b88ddb022
14908352,2026-09-10 10:05:48,actions-trading,Sim9,002170,seen,,b956fff4ef34
14908352,2026-09-10 10:05:48,actions-trading,Sim9,017860,seen,,5954a119bcd8
14908352,2026-09-10 10:05:48,actions-trading,Sim9,093240,seen,,c997ba793dd5
14908352,2026-09-10 10:05:48,actions-trading,미너비니,078930,skip,held_or_cooldown,3a27d9178ba8
14908352,2026-09-10 10:05:49,actions-trading,Sim12,006380,skip,avoid_deadcat,c203be843be2
14908352,2026-09-10 10:05:49,actions-trading,Sim12,007540,skip,avoid_frgn_sell_20d,6e99ab9026c4
14908352,2026-09-10 10:05:49,actions-trading,Sim12,006490,skip,pb2_not_crashed,248a012f5b03
14908352,2026-09-10 10:05:49,actions-trading,Sim12,248170,skip,pb2_not_crashed,9e5706c44d14
14908352,2026-09-10 10:05:49,actions-trading,Sim12,004090,skip,pb2_not_crashed,5dd93456a9b2
14908352,2026-09-10 10:05:49,actions-trading,Sim12,006880,skip,avoid_frgn_sell_20d,67ded1bc757e
14908352,2026-09-10 10:05:49,actions-trading,Sim12,465770,skip,held_or_cooldown,35fb0c66e209
14908352,2026-09-10 10:05:49,actions-trading,Sim12,003280,skip,pb2_not_crashed,1cd1a8be8859
14908352,2026-09-10 10:05:49,actions-trading,Sim12,012630,skip,pb2_not_crashed,31888ff841a1
14908352,2026-09-10 10:05:49,actions-trading,Sim12,020120,skip,held_or_cooldown,4b68dc5df558
14908352,2026-09-10 10:05:49,actions-trading,Sim12,029460,skip,pb2_not_crashed,7e0b4b98009a
14908352,2026-09-10 10:05:49,actions-trading,Sim12,005180,skip,avoid_amount_dry,e244d5217950
14908352,2026-09-10 10:05:49,actions-trading,Sim12,092790,skip,avoid_frgn_hold_drop,347d76fdc271
14908352,2026-09-10 10:05:49,actions-trading,Sim12,018670,skip,avoid_frgn_sell_20d,439d2389d8a3
14908352,2026-09-10 10:05:49,actions-trading,Sim12,001525,skip,avoid_amount_dry,390201f2275c
14908352,2026-09-10 10:05:49,actions-trading,Sim12,117580,skip,avoid_frgn_sell_20d,df31020db3b9
14908352,2026-09-10 10:05:49,actions-trading,Sim12,002140,skip,pb2_not_crashed,ca48dbd9bedb
14908352,2026-09-10 10:05:49,actions-trading,Sim12,010400,skip,avoid_amount_dry,7a33e4143a6e
14908352,2026-09-10 10:05:49,actions-trading,Sim12,015590,skip,avoid_amount_dry,3b4fa226d3dc
14908352,2026-09-10 10:05:49,actions-trading,Sim12,053690,skip,avoid_amount_dry,5f1064af8a11
14908352,2026-09-10 10:05:49,actions-trading,Sim12,007610,skip,pb2_not_crashed,5e34d033556c
14908352,2026-09-10 10:05:49,actions-trading,Sim12,014530,skip,avoid_frgn_sell_20d,514053e1b1c6
14908352,2026-09-10 10:05:49,actions-trading,Sim12,017810,skip,avoid_frgn_sell_20d,a9d83b6903e1
14908352,2026-09-10 10:05:49,actions-trading,Sim12,004430,skip,avoid_amount_dry,f9e55ffed781
14908352,2026-09-10 10:05:49,actions-trading,Sim12,26490K,skip,avoid_amount_dry,c2e3453666b9
14908352,2026-09-10 10:05:49,actions-trading,Sim12,005745,skip,avoid_amount_dry,40e481758cde
14908352,2026-09-10 10:05:49,actions-trading,Sim12,000370,skip,avoid_amount_dry,e28b88ddb022
14908352,2026-09-10 10:05:49,actions-trading,Sim12,002170,skip,avoid_amount_dry,b956fff4ef34
14908352,2026-09-10 10:05:49,actions-trading,Sim12,017860,skip,pb2_not_crashed,5954a119bcd8
14908352,2026-09-10 10:05:49,actions-trading,Sim12,093240,skip,avoid_amount_dry,c997ba793dd5
14908352,2026-09-10 10:05:49,actions-trading,Sim12,019685,skip,avoid_frgn_hold_drop,865d8105e1be
14908352,2026-09-10 10:05:49,actions-trading,Sim12,019680,skip,avoid_frgn_sell_20d,33274cc7a799
14908352,2026-09-10 10:05:49,actions-trading,Sim12,006110,skip,avoid_amount_dry,ac659d666556
14908352,2026-09-10 10:05:49,actions-trading,Sim12,000500,skip,pb2_not_crashed,0908bbeb7c7e
14908352,2026-09-10 10:05:49,actions-trading,Sim12,010950,skip,pb2_not_crashed,138e4e275471
14908352,2026-09-10 10:05:49,actions-trading,Sim12,044380,skip,held_or_cooldown,d40b188f23d2
14908352,2026-09-10 10:05:49,actions-trading,Sim12,001290,skip,avoid_amount_dry,2f1d00dc9949
14908352,2026-09-10 10:05:49,actions-trading,Sim12,004770,skip,avoid_amount_dry,bdca2bcba864
14908352,2026-09-10 10:05:49,actions-trading,Sim12,062040,skip,avoid_amount_dry,a1d1d86e3863
14908352,2026-09-10 10:05:49,actions-trading,Sim12,336260,skip,avoid_amount_dry,be7b73663c65
14908352,2026-09-10 10:05:49,actions-trading,Sim12,002070,skip,avoid_amount_dry,a2940d774091
14908352,2026-09-10 10:05:49,actions-trading,Sim12,004415,skip,avoid_amount_dry,f7865c5426b8
14908352,2026-09-10 10:05:49,actions-trading,Sim12,001440,skip,pb2_not_crashed,6f4c578b62a8
14908352,2026-09-10 10:05:49,actions-trading,Sim12,009420,skip,avoid_amount_dry,813dd23ed732
14908352,2026-09-10 10:05:49,actions-trading,Sim12,015260,skip,avoid_amount_dry,2e05ed24bbc6
14908352,2026-09-10 10:05:49,actions-trading,Sim12,0220W0,skip,avoid_amount_dry,1a4e2bde67b6
14908352,2026-09-10 10:05:49,actions-trading,Sim12,066970,skip,avoid_amount_dry,bc07251801ee
14908352,2026-09-10 10:05:49,actions-trading,Sim12,004310,skip,avoid_amount_dry,1d7578e4cc9b
14908352,2026-09-10 10:05:49,actions-trading,Sim12,017180,skip,avoid_amount_dry,2a130f8f7b50
14908352,2026-09-10 10:05:49,actions-trading,Sim12,017960,skip,avoid_amount_dry,2edbf85ef917
14908352,2026-09-10 10:05:49,actions-trading,Sim12,33626K,skip,avoid_frgn_sell_20d,ab956e453533
14908352,2026-09-10 10:05:49,actions-trading,Sim12,001770,skip,avoid_amount_dry,9c1bb7805875
14908352,2026-09-10 10:05:49,actions-trading,Sim12,002990,skip,avoid_amount_dry,0ef3017c7867
14908352,2026-09-10 10:05:49,actions-trading,Sim12,006650,skip,avoid_frgn_sell_20d,249d4da34c85
14908352,2026-09-10 10:05:49,actions-trading,Sim12,052690,skip,avoid_amount_dry,9c8865b5013d
14908352,2026-09-10 10:05:49,actions-trading,Sim12,180640,skip,avoid_amount_dry,829a211db947
14908352,2026-09-10 10:05:49,actions-trading,Sim12,001820,skip,avoid_amount_dry,749c7e1daa61
14908352,2026-09-10 10:05:49,actions-trading,Sim12,090460,skip,avoid_amount_dry,f78350884f9a
14908352,2026-09-10 10:05:49,actions-trading,Sim12,010955,skip,avoid_frgn_sell_20d,ef061c63c9e5
14908352,2026-09-10 10:05:49,actions-trading,Sim12,006260,skip,avoid_amount_dry,f44b4b1da4be
14908352,2026-09-10 10:05:50,actions-trading,Sim13,006380,skip,theme_momentum_weak,c203be843be2
14908352,2026-09-10 10:05:50,actions-trading,Sim13,007540,skip,theme_momentum_weak,6e99ab9026c4
14908352,2026-09-10 10:05:50,actions-trading,Sim13,006490,skip,theme_momentum_weak,248a012f5b03
14908352,2026-09-10 10:05:50,actions-trading,Sim13,248170,skip,theme_momentum_weak,9e5706c44d14
14908352,2026-09-10 10:05:50,actions-trading,Sim13,004090,skip,theme_momentum_weak,5dd93456a9b2
14908352,2026-09-10 10:05:50,actions-trading,Sim13,006880,skip,theme_momentum_weak,67ded1bc757e
14908352,2026-09-10 10:05:50,actions-trading,Sim13,465770,skip,adx_weak,35fb0c66e209
14908352,2026-09-10 10:05:50,actions-trading,Sim13,003280,skip,theme_momentum_weak,1cd1a8be8859
14908352,2026-09-10 10:05:50,actions-trading,Sim13,012630,skip,theme_momentum_weak,31888ff841a1
14908352,2026-09-10 10:05:50,actions-trading,Sim13,020120,skip,amount_not_surprised,4b68dc5df558
14908352,2026-09-10 10:05:50,actions-trading,Sim13,029460,skip,theme_momentum_weak,7e0b4b98009a
14908352,2026-09-10 10:05:50,actions-trading,Sim13,005180,skip,adx_weak,e244d5217950
14908352,2026-09-10 10:05:50,actions-trading,Sim13,092790,skip,theme_momentum_weak,347d76fdc271
14908352,2026-09-10 10:05:50,actions-trading,Sim13,018670,skip,theme_momentum_weak,439d2389d8a3
14908352,2026-09-10 10:05:50,actions-trading,Sim13,001525,skip,theme_momentum_weak,390201f2275c
14908352,2026-09-10 10:05:50,actions-trading,Sim13,117580,skip,theme_momentum_weak,df31020db3b9
14908352,2026-09-10 10:05:50,actions-trading,Sim13,002140,skip,theme_momentum_weak,ca48dbd9bedb
14908352,2026-09-10 10:05:50,actions-trading,Sim13,010400,skip,theme_momentum_weak,7a33e4143a6e
14908352,2026-09-10 10:05:50,actions-trading,Sim13,015590,skip,theme_momentum_weak,3b4fa226d3dc
14908352,2026-09-10 10:05:50,actions-trading,Sim13,053690,skip,adx_weak,5f1064af8a11
14908352,2026-09-10 10:05:50,actions-trading,Sim13,007610,skip,theme_momentum_weak,5e34d033556c
14908352,2026-09-10 10:05:50,actions-trading,Sim13,014530,skip,theme_momentum_weak,514053e1b1c6
14908352,2026-09-10 10:05:50,actions-trading,Sim13,017810,skip,theme_momentum_weak,a9d83b6903e1
14908352,2026-09-10 10:05:50,actions-trading,Sim13,004430,skip,theme_momentum_weak,f9e55ffed781
14908352,2026-09-10 10:05:50,actions-trading,Sim13,26490K,skip,theme_momentum_weak,c2e3453666b9
14908352,2026-09-10 10:05:50,actions-trading,Sim13,005745,skip,theme_momentum_weak,40e481758cde
14908352,2026-09-10 10:05:50,actions-trading,Sim13,000370,skip,adx_weak,e28b88ddb022
14908352,2026-09-10 10:05:50,actions-trading,Sim13,002170,skip,theme_momentum_weak,b956fff4ef34
14908352,2026-09-10 10:05:50,actions-trading,Sim13,017860,skip,theme_momentum_weak,5954a119bcd8
14908352,2026-09-10 10:05:50,actions-trading,Sim13,093240,skip,theme_momentum_weak,c997ba793dd5
14908353,2026-09-10 10:06:44,actions-trading,Sim4-1,006380,skip,amount,c203be843be2
14908353,2026-09-10 10:06:44,actions-trading,Sim4-1,007540,skip,amount,3a3ba5086ef5
14908353,2026-09-10 10:06:44,actions-trading,Sim4-1,006490,skip,amount,7d19cc752dd9
14908353,2026-09-10 10:06:44,actions-trading,Sim4-1,248170,skip,period,f763f7126e71
14908353,2026-09-10 10:06:44,actions-trading,Sim4-1,004090,skip,adx_high,69c13459d253
14908353,2026-09-10 10:06:44,actions-trading,Sim4-1,006880,skip,adx_low,8826f36a6fc0
14908353,2026-09-10 10:06:44,actions-trading,Sim4-1,465770,skip,adx_high,f02f56ad1187
14908353,2026-09-10 10:06:44,actions-trading,Sim4-1,003280,skip,adx_high,a7c71d07f063
14908353,2026-09-10 10:06:44,actions-trading,Sim4-1,012630,skip,amount,de02008b4628
14908353,2026-09-10 10:06:44,actions-trading,Sim4-1,020120,skip,no_inst,e9b92f44633f
14908353,2026-09-10 10:06:44,actions-trading,Sim4-1,029460,skip,amount,1406cbffd5f7
14908353,2026-09-10 10:06:44,actions-trading,Sim4-1,005180,skip,amount,46873d1434aa
14908353,2026-09-10 10:06:44,actions-trading,Sim4-1,007610,skip,adx_high,6fc4f3fe2941
14908353,2026-09-10 10:06:44,actions-trading,Sim4-1,001525,skip,amount,390201f2275c
14908353,2026-09-10 10:06:44,actions-trading,Sim4-1,092790,skip,period,c4061636a555
14908353,2026-09-10 10:06:44,actions-trading,Sim4-1,015590,skip,amount,f8e8cd8586b7
14908353,2026-09-10 10:06:44,actions-trading,Sim4-1,010400,skip,amount,7a33e4143a6e
14908353,2026-09-10 10:06:44,actions-trading,Sim4-1,018670,skip,amount,5d0bba486f66
14908353,2026-09-10 10:06:44,actions-trading,Sim4-1,014530,skip,amount,74cd8ee7350b
14908353,2026-09-10 10:06:44,actions-trading,Sim4-1,117580,skip,adx_high,ba1a02c13c79
14908353,2026-09-10 10:06:44,actions-trading,Sim4-1,017810,skip,amount,d07f0d2eb6c6
14908353,2026-09-10 10:06:44,actions-trading,Sim4-1,014990,skip,amount,16729fdf1301
14908353,2026-09-10 10:06:44,actions-trading,Sim4-1,017860,skip,amount,27607d70ed6d
14908353,2026-09-10 10:06:44,actions-trading,Sim4-1,002140,skip,amount,32e9b0ba6267
14908353,2026-09-10 10:06:44,actions-trading,Sim4-1,26490K,skip,amount,c2e3453666b9
14908353,2026-09-10 10:06:44,actions-trading,Sim4-1,000370,skip,adx_high,b4bd0994da71
14908353,2026-09-10 10:06:44,actions-trading,Sim4-1,005745,skip,amount,40e481758cde
14908353,2026-09-10 10:06:44,actions-trading,Sim4-1,002170,skip,amount,dbc43eb84776
14908353,2026-09-10 10:06:44,actions-trading,Sim4-1,004430,skip,amount,b8ae0216b209
14908353,2026-09-10 10:06:44,actions-trading,Sim4-1,003120,skip,amount,b897aa072138
14908353,2026-09-10 10:06:45,actions-trading,Sim4-1,006380,skip,amount,c203be843be2
14908353,2026-09-10 10:06:45,actions-trading,Sim4-1,007540,skip,amount,3a3ba5086ef5
14908353,2026-09-10 10:06:45,actions-trading,Sim4-1,006490,skip,amount,7d19cc752dd9
14908353,2026-09-10 10:06:45,actions-trading,Sim4-1,248170,skip,period,f763f7126e71
14908353,2026-09-10 10:06:45,actions-trading,Sim4-1,004090,skip,adx_high,69c13459d253
14908353,2026-09-10 10:06:45,actions-trading,Sim4-1,006880,skip,adx_low,8826f36a6fc0
14908353,2026-09-10 10:06:45,actions-trading,Sim4-1,465770,skip,adx_high,f02f56ad1187
14908353,2026-09-10 10:06:45,actions-trading,Sim4-1,003280,skip,adx_high,a7c71d07f063
14908353,2026-09-10 10:06:45,actions-trading,Sim4-1,012630,skip,amount,de02008b4628
14908353,2026-09-10 10:06:45,actions-trading,Sim4-1,020120,skip,no_inst,e9b92f44633f
14908353,2026-09-10 10:06:45,actions-trading,Sim4-1,029460,skip,amount,1406cbffd5f7
14908353,2026-09-10 10:06:45,actions-trading,Sim4-1,005180,skip,amount,46873d1434aa
14908353,2026-09-10 10:06:45,actions-trading,Sim4-1,007610,skip,adx_high,6fc4f3fe2941
14908353,2026-09-10 10:06:45,actions-trading,Sim4-1,001525,skip,amount,390201f2275c
14908353,2026-09-10 10:06:45,actions-trading,Sim4-1,092790,skip,period,c4061636a555
14908353,2026-09-10 10:06:45,actions-trading,Sim4-1,015590,skip,amount,f8e8cd8586b7
14908353,2026-09-10 10:06:45,actions-trading,Sim4-1,010400,skip,amount,7a33e4143a6e
14908353,2026-09-10 10:06:45,actions-trading,Sim4-1,018670,skip,amount,5d0bba486f66
14908353,2026-09-10 10:06:45,actions-trading,Sim4-1,014530,skip,amount,74cd8ee7350b
14908353,2026-09-10 10:06:45,actions-trading,Sim4-1,117580,skip,adx_high,ba1a02c13c79
14908353,2026-09-10 10:06:45,actions-trading,Sim4-1,017810,skip,amount,d07f0d2eb6c6
14908353,2026-09-10 10:06:45,actions-trading,Sim4-1,014990,skip,amount,16729fdf1301
14908353,2026-09-10 10:06:45,actions-trading,Sim4-1,017860,skip,amount,27607d70ed6d
14908353,2026-09-10 10:06:45,actions-trading,Sim4-1,002140,skip,amount,32e9b0ba6267
14908353,2026-09-10 10:06:45,actions-trading,Sim4-1,26490K,skip,amount,c2e3453666b9
14908353,2026-09-10 10:06:45,actions-trading,Sim4-1,000370,skip,adx_high,b4bd0994da71
14908353,2026-09-10 10:06:45,actions-trading,Sim4-1,005745,skip,amount,40e481758cde
14908353,2026-09-10 10:06:45,actions-trading,Sim4-1,002170,skip,amount,dbc43eb84776
14908353,2026-09-10 10:06:45,actions-trading,Sim4-1,004430,skip,amount,b8ae0216b209
14908353,2026-09-10 10:06:45,actions-trading,Sim4-1,003120,skip,amount,b897aa072138
14908353,2026-09-10 10:07:38,actions-trading,MFHS2,003280,skip,max_holdings,9bce12185c3b
14908353,2026-09-10 10:07:38,actions-trading,MFHS2,005935,seen,,bf88b48bf0df
14908353,2026-09-10 10:07:38,actions-trading,MFHS2,005930,seen,,4d041ecdb0dc
14908353,2026-09-10 10:07:38,actions-trading,MFHS2,003490,seen,,6a2a7ac242db
14908353,2026-09-10 10:07:38,actions-trading,MFHS2,317400,seen,,af40a96cc977
14908353,2026-09-10 10:07:38,actions-trading,MFHS2,316140,seen,,ec0e89bb6066
14908353,2026-09-10 10:07:38,actions-trading,MFHS2,361610,seen,,a6b7b30f0440
14908353,2026-09-10 10:07:38,actions-trading,MFHS2,018880,seen,,5e0bf2c36fef
14908353,2026-09-10 10:07:38,actions-trading,MFHS2,096770,seen,,46ee063521b7
14908353,2026-09-10 10:07:38,actions-trading,MFHS2,465770,seen,,cbb9b22105b9
14908353,2026-09-10 10:07:38,actions-trading,MFHS2,017900,seen,,613d4b4e2971
14908353,2026-09-10 10:07:38,actions-trading,MFHS2,010140,seen,,ac99a55c5cbd
14908353,2026-09-10 10:07:38,actions-trading,MFHS2,009420,seen,,3ac1e26a3677
14908353,2026-09-10 10:07:38,actions-trading,MFHS2,047040,seen,,3249ad767d19
14908353,2026-09-10 10:07:38,actions-trading,MFHS2,002140,seen,,131a9856d2bb
14908353,2026-09-10 10:07:38,actions-trading,MFHS2,006340,seen,,9b1101e1e66c
14908353,2026-09-10 10:07:38,actions-trading,MFHS2,019170,seen,,f8856efec7ba
14908353,2026-09-10 10:07:38,actions-trading,MFHS2,006360,seen,,40088b8fc192
14908353,2026-09-10 10:07:38,actions-trading,MFHS2,078930,seen,,3a70faaf41fe
14908353,2026-09-10 10:07:38,actions-trading,MFHS2,000400,seen,,fa6b7ccdd999
14908353,2026-09-10 10:07:38,actions-trading,MFHS2,011200,seen,,43ba2056c591
14908353,2026-09-10 10:07:38,actions-trading,MFHS2,014280,seen,,ca75b5250d95
14908353,2026-09-10 10:07:38,actions-trading,MFHS2,003610,seen,,65d9953978cb
14908353,2026-09-10 10:07:38,actions-trading,MFHS2,105560,seen,,37d51c05bf1b
14908353,2026-09-10 10:07:38,actions-trading,MFHS2,035720,seen,,a73f11f12aad
14908353,2026-09-10 10:07:38,actions-trading,MFHS2,004020,seen,,42556b80e122
14908353,2026-09-10 10:07:38,actions-trading,MFHS2,032640,seen,,c3aa7861a04e
14908353,2026-09-10 10:07:38,actions-trading,MFHS2,053690,seen,,13b67b594b94
14908353,2026-09-10 10:07:38,actions-trading,MFHS2,012630,seen,,fc1906a04383
14908353,2026-09-10 10:07:38,actions-trading,MFHS2,079160,seen,,bb23337dddfc
14908353,2026-09-10 10:07:40,actions-trading,Sim3,402340,skip,qty_zero,aaa5a276f4f4
14908353,2026-09-10 10:07:40,actions-trading,Sim3,383800,skip,amount,4acea964ffbb
14908353,2026-09-10 10:07:40,actions-trading,Sim3,462870,skip,amount,9b72a161b8eb
14908353,2026-09-10 10:07:40,actions-trading,Sim3,000660,skip,qty_zero,7080b37c4311
14908353,2026-09-10 10:07:40,actions-trading,Sim3,071970,skip,cooldown,b7f415b0814f
14908353,2026-09-10 10:07:40,actions-trading,Sim3,042700,skip,not_cheap,3d07f1541826
14908353,2026-09-10 10:07:40,actions-trading,Sim3,326030,skip,amount,3d54068060ff
14908353,2026-09-10 10:07:40,actions-trading,Sim3,207940,skip,not_cheap,ff8053b6b95a
14908353,2026-09-10 10:07:40,actions-trading,Sim3,033920,skip,amount,05f6956240d2
14908353,2026-09-10 10:07:40,actions-trading,Sim3,004770,skip,cooldown,f0d8d27a3d50
14908353,2026-09-10 10:07:40,actions-trading,Sim3,0126Z0,skip,amount,b148f460494b
14908353,2026-09-10 10:07:40,actions-trading,Sim3,062040,skip,not_cheap,add55374b219
14908353,2026-09-10 10:07:40,actions-trading,Sim3,317450,skip,amount,070d828224f3
14908353,2026-09-10 10:07:40,actions-trading,Sim3,026960,skip,amount,5fce21ad2a81
14908353,2026-09-10 10:07:40,actions-trading,Sim3,021820,skip,amount,439318ea13de
14908353,2026-09-10 10:07:40,actions-trading,Sim3,192080,skip,amount,c673b3ff418e
14908353,2026-09-10 10:07:40,actions-trading,Sim3,068270,skip,held_or_sold_today,9c84e3cae5b9
14908353,2026-09-10 10:07:40,actions-trading,Sim3,123890,skip,amount,4eeeb80a6722
14908353,2026-09-10 10:07:40,actions-trading,Sim3,000240,skip,amount,37a032afe9ad
14908353,2026-09-10 10:07:40,actions-trading,Sim3,002380,skip,amount,c03ae422815b
14908353,2026-09-10 10:07:40,actions-trading,Sim3,009770,skip,amount,ee39a1cd20cf
14908353,2026-09-10 10:07:40,actions-trading,Sim3,259960,skip,held_or_sold_today,33b512943578
14908353,2026-09-10 10:07:40,actions-trading,Sim3,035250,skip,amount,39ea58a16608
14908353,2026-09-10 10:07:40,actions-trading,Sim3,383220,skip,amount,90021b8e7e3a
14908353,2026-09-10 10:07:40,actions-trading,Sim3,226320,skip,amount,1ff2ee893e30
14908353,2026-09-10 10:07:40,actions-trading,Sim3,439260,skip,amount,dee46adaa446
14908353,2026-09-10 10:07:40,actions-trading,Sim3,025560,skip,amount,8e89926408e7
14908353,2026-09-10 10:07:40,actions-trading,Sim3,007700,skip,amount,61310683f0b9
14908353,2026-09-10 10:07:40,actions-trading,Sim3,278470,skip,not_cheap,6669de8282ba
14908353,2026-09-10 10:07:40,actions-trading,Sim3,000990,skip,held_or_sold_today,bd73efda63e6
14908353,2026-09-10 10:07:43,actions-trading,상승모멘텀,006380,skip,max_holdings,c203be843be2
14908353,2026-09-10 10:07:43,actions-trading,상승모멘텀,007540,seen,,3a3ba5086ef5
14908353,2026-09-10 10:07:43,actions-trading,상승모멘텀,006490,seen,,7d19cc752dd9
14908353,2026-09-10 10:07:43,actions-trading,상승모멘텀,248170,seen,,2fca01dbe14f
14908353,2026-09-10 10:07:43,actions-trading,상승모멘텀,004090,seen,,351be221a29d
14908353,2026-09-10 10:07:43,actions-trading,상승모멘텀,006880,seen,,a8d5ae87c0bc
14908353,2026-09-10 10:07:43,actions-trading,상승모멘텀,465770,seen,,cbb9b22105b9
14908353,2026-09-10 10:07:43,actions-trading,상승모멘텀,003280,seen,,9bce12185c3b
14908353,2026-09-10 10:07:43,actions-trading,상승모멘텀,012630,seen,,fc1906a04383
14908353,2026-09-10 10:07:43,actions-trading,상승모멘텀,020120,seen,,25da9a49f95c
14908353,2026-09-10 10:07:43,actions-trading,상승모멘텀,029460,seen,,18ee769f6c64
14908353,2026-09-10 10:07:43,actions-trading,상승모멘텀,005180,seen,,0a6f29547e1f
14908353,2026-09-10 10:07:43,actions-trading,상승모멘텀,007610,seen,,6af5a9ccc21f
14908353,2026-09-10 10:07:43,actions-trading,상승모멘텀,001525,seen,,390201f2275c
14908353,2026-09-10 10:07:43,actions-trading,상승모멘텀,092790,seen,,c0446abd911c
14908353,2026-09-10 10:07:43,actions-trading,상승모멘텀,015590,seen,,f8e8cd8586b7
14908353,2026-09-10 10:07:43,actions-trading,상승모멘텀,010400,seen,,3b76d15aa411
14908353,2026-09-10 10:07:43,actions-trading,상승모멘텀,018670,seen,,ecf7adcdc6e4
14908353,2026-09-10 10:07:43,actions-trading,상승모멘텀,014530,seen,,77b9a18c4a6c
14908353,2026-09-10 10:07:43,actions-trading,상승모멘텀,117580,seen,,5ad015468598
14908353,2026-09-10 10:07:43,actions-trading,상승모멘텀,017810,seen,,a164bd46ed24
14908353,2026-09-10 10:07:43,actions-trading,상승모멘텀,014990,seen,,d1134a220d1d
14908353,2026-09-10 10:07:43,actions-trading,상승모멘텀,017860,seen,,ac351a49d9d9
14908353,2026-09-10 10:07:43,actions-trading,상승모멘텀,002140,seen,,131a9856d2bb
14908353,2026-09-10 10:07:43,actions-trading,상승모멘텀,26490K,seen,,c2e3453666b9
14908353,2026-09-10 10:07:43,actions-trading,상승모멘텀,000370,seen,,2694baf65a57
14908353,2026-09-10 10:07:43,actions-trading,상승모멘텀,005745,seen,,40e481758cde
14908353,2026-09-10 10:07:43,actions-trading,상승모멘텀,002170,seen,,dbc43eb84776
14908353,2026-09-10 10:07:43,actions-trading,상승모멘텀,004430,seen,,81e5a374d12a
14908353,2026-09-10 10:07:43,actions-trading,상승모멘텀,003120,seen,,b897aa072138
14908353,2026-09-10 10:07:44,actions-trading,선행매집,003280,skip,below_anchor,9bce12185c3b
14908353,2026-09-10 10:07:44,actions-trading,선행매집,005935,skip,below_anchor,bf88b48bf0df
14908353,2026-09-10 10:07:44,actions-trading,선행매집,316140,skip,below_anchor,ec0e89bb6066
14908353,2026-09-10 10:07:44,actions-trading,선행매집,003490,skip,sold_or_cooldown,6a2a7ac242db
14908353,2026-09-10 10:07:44,actions-trading,선행매집,317400,skip,below_anchor,af40a96cc977
14908353,2026-09-10 10:07:44,actions-trading,선행매집,018880,skip,below_anchor,5e0bf2c36fef
14908353,2026-09-10 10:07:44,actions-trading,선행매집,361610,skip,below_anchor,a6b7b30f0440
14908353,2026-09-10 10:07:44,actions-trading,선행매집,096770,skip,no_setup,46ee063521b7
14908353,2026-09-10 10:07:44,actions-trading,선행매집,465770,skip,below_anchor,cbb9b22105b9
14908353,2026-09-10 10:07:44,actions-trading,선행매집,006340,skip,below_anchor,9b1101e1e66c
14908353,2026-09-10 10:07:44,actions-trading,선행매집,005930,skip,below_anchor,4d041ecdb0dc
14908353,2026-09-10 10:07:44,actions-trading,선행매집,017900,skip,below_anchor,613d4b4e2971
14908353,2026-09-10 10:07:44,actions-trading,선행매집,002140,skip,below_anchor,131a9856d2bb
14908353,2026-09-10 10:07:44,actions-trading,선행매집,006360,skip,below_anchor,40088b8fc192
14908353,2026-09-10 10:07:44,actions-trading,선행매집,078930,skip,held_awaiting_breakout,3a70faaf41fe
14908353,2026-09-10 10:07:44,actions-trading,선행매집,019170,skip,below_anchor,f8856efec7ba
14908353,2026-09-10 10:07:44,actions-trading,선행매집,009420,skip,below_anchor,3ac1e26a3677
14908353,2026-09-10 10:07:44,actions-trading,선행매집,000400,skip,amount,fa6b7ccdd999
14908353,2026-09-10 10:07:44,actions-trading,선행매집,032640,skip,below_anchor,c3aa7861a04e
14908353,2026-09-10 10:07:44,actions-trading,선행매집,027740,skip,amount,2ae733fefcca
14908353,2026-09-10 10:07:44,actions-trading,선행매집,011200,skip,below_anchor,43ba2056c591
14908353,2026-09-10 10:07:44,actions-trading,선행매집,105560,skip,no_setup,37d51c05bf1b
14908353,2026-09-10 10:07:44,actions-trading,선행매집,010140,skip,below_anchor,ac99a55c5cbd
14908353,2026-09-10 10:07:44,actions-trading,선행매집,003610,skip,amount,65d9953978cb
14908353,2026-09-10 10:07:44,actions-trading,선행매집,014280,skip,amount,ca75b5250d95
14908353,2026-09-10 10:07:44,actions-trading,선행매집,004020,skip,below_anchor,42556b80e122
14908353,2026-09-10 10:07:44,actions-trading,선행매집,005490,skip,below_anchor,0dc6e7f678de
14908353,2026-09-10 10:07:44,actions-trading,선행매집,402340,skip,below_anchor,aaa5a276f4f4
14908353,2026-09-10 10:07:44,actions-trading,선행매집,053690,skip,below_anchor,13b67b594b94
14908353,2026-09-10 10:07:44,actions-trading,선행매집,012630,skip,below_anchor,fc1906a04383
14908353,2026-09-10 10:07:44,actions-trading,Sim9,_gate,skip,outside_entry_window,e3b0c44298fc
14908353,2026-09-10 10:07:44,actions-trading,Sim9,006380,seen,,c203be843be2
14908353,2026-09-10 10:07:44,actions-trading,Sim9,007540,seen,,3a3ba5086ef5
14908353,2026-09-10 10:07:44,actions-trading,Sim9,006490,seen,,7d19cc752dd9
14908353,2026-09-10 10:07:44,actions-trading,Sim9,248170,seen,,2fca01dbe14f
14908353,2026-09-10 10:07:44,actions-trading,Sim9,004090,seen,,351be221a29d
14908353,2026-09-10 10:07:44,actions-trading,Sim9,006880,seen,,a8d5ae87c0bc
14908353,2026-09-10 10:07:44,actions-trading,Sim9,465770,seen,,cbb9b22105b9
14908353,2026-09-10 10:07:44,actions-trading,Sim9,003280,seen,,9bce12185c3b
14908353,2026-09-10 10:07:44,actions-trading,Sim9,012630,seen,,fc1906a04383
14908353,2026-09-10 10:07:44,actions-trading,Sim9,020120,seen,,25da9a49f95c
14908353,2026-09-10 10:07:44,actions-trading,Sim9,029460,seen,,18ee769f6c64
14908353,2026-09-10 10:07:44,actions-trading,Sim9,005180,seen,,0a6f29547e1f
14908353,2026-09-10 10:07:44,actions-trading,Sim9,007610,seen,,6af5a9ccc21f
14908353,2026-09-10 10:07:44,actions-trading,Sim9,001525,seen,,390201f2275c
14908353,2026-09-10 10:07:44,actions-trading,Sim9,092790,seen,,c0446abd911c
14908353,2026-09-10 10:07:44,actions-trading,Sim9,015590,seen,,f8e8cd8586b7
14908353,2026-09-10 10:07:44,actions-trading,Sim9,010400,seen,,3b76d15aa411
14908353,2026-09-10 10:07:44,actions-trading,Sim9,018670,seen,,ecf7adcdc6e4
14908353,2026-09-10 10:07:44,actions-trading,Sim9,014530,seen,,77b9a18c4a6c
14908353,2026-09-10 10:07:44,actions-trading,Sim9,117580,seen,,5ad015468598
14908353,2026-09-10 10:07:44,actions-trading,Sim9,017810,seen,,a164bd46ed24
14908353,2026-09-10 10:07:44,actions-trading,Sim9,014990,seen,,d1134a220d1d
14908353,2026-09-10 10:07:44,actions-trading,Sim9,017860,seen,,ac351a49d9d9
14908353,2026-09-10 10:07:44,actions-trading,Sim9,002140,seen,,131a9856d2bb
14908353,2026-09-10 10:07:44,actions-trading,Sim9,26490K,seen,,c2e3453666b9
14908353,2026-09-10 10:07:44,actions-trading,Sim9,000370,seen,,2694baf65a57
14908353,2026-09-10 10:07:44,actions-trading,Sim9,005745,seen,,40e481758cde
14908353,2026-09-10 10:07:44,actions-trading,Sim9,002170,seen,,dbc43eb84776
14908353,2026-09-10 10:07:44,actions-trading,Sim9,004430,seen,,81e5a374d12a
14908353,2026-09-10 10:07:44,actions-trading,Sim9,003120,seen,,b897aa072138
14908353,2026-09-10 10:07:44,actions-trading,미너비니,078930,skip,held_or_cooldown,3a70faaf41fe
14908353,2026-09-10 10:07:44,actions-trading,Sim12,006380,skip,avoid_deadcat,c203be843be2
14908353,2026-09-10 10:07:44,actions-trading,Sim12,007540,skip,avoid_frgn_sell_20d,3a3ba5086ef5
14908353,2026-09-10 10:07:44,actions-trading,Sim12,006490,skip,pb2_not_crashed,7d19cc752dd9
14908353,2026-09-10 10:07:44,actions-trading,Sim12,248170,skip,pb2_not_crashed,2fca01dbe14f
14908353,2026-09-10 10:07:44,actions-trading,Sim12,004090,skip,pb2_not_crashed,351be221a29d
14908353,2026-09-10 10:07:44,actions-trading,Sim12,006880,skip,avoid_frgn_sell_20d,a8d5ae87c0bc
14908353,2026-09-10 10:07:44,actions-trading,Sim12,465770,skip,held_or_cooldown,cbb9b22105b9
14908353,2026-09-10 10:07:44,actions-trading,Sim12,003280,skip,pb2_not_crashed,9bce12185c3b
14908353,2026-09-10 10:07:44,actions-trading,Sim12,012630,skip,pb2_not_crashed,fc1906a04383
14908353,2026-09-10 10:07:44,actions-trading,Sim12,020120,skip,held_or_cooldown,25da9a49f95c
14908353,2026-09-10 10:07:44,actions-trading,Sim12,029460,skip,pb2_not_crashed,18ee769f6c64
14908353,2026-09-10 10:07:44,actions-trading,Sim12,005180,skip,avoid_amount_dry,0a6f29547e1f
14908353,2026-09-10 10:07:44,actions-trading,Sim12,007610,skip,pb2_not_crashed,6af5a9ccc21f
14908353,2026-09-10 10:07:44,actions-trading,Sim12,001525,skip,avoid_amount_dry,390201f2275c
14908353,2026-09-10 10:07:44,actions-trading,Sim12,092790,skip,avoid_frgn_hold_drop,c0446abd911c
14908353,2026-09-10 10:07:44,actions-trading,Sim12,015590,skip,avoid_amount_dry,f8e8cd8586b7
14908353,2026-09-10 10:07:44,actions-trading,Sim12,010400,skip,avoid_amount_dry,3b76d15aa411
14908353,2026-09-10 10:07:44,actions-trading,Sim12,018670,skip,avoid_frgn_sell_20d,ecf7adcdc6e4
14908353,2026-09-10 10:07:44,actions-trading,Sim12,014530,skip,avoid_frgn_sell_20d,77b9a18c4a6c
14908353,2026-09-10 10:07:44,actions-trading,Sim12,117580,skip,avoid_frgn_sell_20d,5ad015468598
14908353,2026-09-10 10:07:44,actions-trading,Sim12,017810,skip,avoid_frgn_sell_20d,a164bd46ed24
14908353,2026-09-10 10:07:44,actions-trading,Sim12,014990,skip,avoid_amount_dry,d1134a220d1d
14908353,2026-09-10 10:07:44,actions-trading,Sim12,017860,skip,pb2_not_crashed,ac351a49d9d9
14908353,2026-09-10 10:07:44,actions-trading,Sim12,002140,skip,pb2_not_crashed,131a9856d2bb
14908353,2026-09-10 10:07:44,actions-trading,Sim12,26490K,skip,avoid_amount_dry,c2e3453666b9
14908353,2026-09-10 10:07:44,actions-trading,Sim12,000370,skip,avoid_amount_dry,2694baf65a57
14908353,2026-09-10 10:07:44,actions-trading,Sim12,005745,skip,avoid_amount_dry,40e481758cde
14908353,2026-09-10 10:07:44,actions-trading,Sim12,002170,skip,avoid_amount_dry,dbc43eb84776
14908353,2026-09-10 10:07:44,actions-trading,Sim12,004430,skip,avoid_amount_dry,81e5a374d12a
14908353,2026-09-10 10:07:44,actions-trading,Sim12,003120,skip,avoid_amount_dry,b897aa072138
14908353,2026-09-10 10:07:44,actions-trading,Sim12,019685,skip,avoid_frgn_hold_drop,766e150adadd
14908353,2026-09-10 10:07:44,actions-trading,Sim12,044380,skip,held_or_cooldown,1e6b9d5015b0
14908353,2026-09-10 10:07:44,actions-trading,Sim12,019680,skip,avoid_frgn_sell_20d,33274cc7a799
14908353,2026-09-10 10:07:44,actions-trading,Sim12,000500,skip,pb2_not_crashed,11067bc93d9a
14908353,2026-09-10 10:07:44,actions-trading,Sim12,006110,skip,avoid_amount_dry,5e7afe87efad
14908353,2026-09-10 10:07:44,actions-trading,Sim12,004770,skip,avoid_amount_dry,f0d8d27a3d50
14908353,2026-09-10 10:07:44,actions-trading,Sim12,001290,skip,avoid_amount_dry,8fc38067fe3c
14908353,2026-09-10 10:07:44,actions-trading,Sim12,010950,skip,pb2_not_crashed,1a69b6759da0
14908353,2026-09-10 10:07:44,actions-trading,Sim12,062040,skip,avoid_amount_dry,add55374b219
14908353,2026-09-10 10:07:44,actions-trading,Sim12,336260,skip,avoid_amount_dry,a84a376d4335
14908353,2026-09-10 10:07:44,actions-trading,Sim12,001440,skip,pb2_not_crashed,e19c8344b284
14908353,2026-09-10 10:07:44,actions-trading,Sim12,002070,skip,avoid_amount_dry,56fdc660a582
14908353,2026-09-10 10:07:44,actions-trading,Sim12,004415,skip,avoid_amount_dry,f7865c5426b8
14908353,2026-09-10 10:07:44,actions-trading,Sim12,009420,skip,avoid_amount_dry,3ac1e26a3677
14908353,2026-09-10 10:07:44,actions-trading,Sim12,066970,skip,avoid_amount_dry,6f156c26838d
14908353,2026-09-10 10:07:44,actions-trading,Sim12,015260,skip,avoid_amount_dry,1dadad7df983
14908353,2026-09-10 10:07:44,actions-trading,Sim12,0220W0,skip,avoid_amount_dry,b98acdc1b32c
14908353,2026-09-10 10:07:44,actions-trading,Sim12,002990,skip,avoid_amount_dry,61734cccd3c1
14908353,2026-09-10 10:07:44,actions-trading,Sim12,017960,skip,avoid_amount_dry,424d7331e594
14908353,2026-09-10 10:07:44,actions-trading,Sim12,33626K,skip,avoid_frgn_sell_20d,d857e76a9f78
14908353,2026-09-10 10:07:44,actions-trading,Sim12,017180,skip,avoid_amount_dry,28ab273974ae
14908353,2026-09-10 10:07:44,actions-trading,Sim12,052690,skip,avoid_amount_dry,97e9e80fe07d
14908353,2026-09-10 10:07:44,actions-trading,Sim12,001770,skip,avoid_amount_dry,bcb094b47d81
14908353,2026-09-10 10:07:44,actions-trading,Sim12,001820,skip,avoid_amount_dry,dc123bf75a8b
14908353,2026-09-10 10:07:44,actions-trading,Sim12,180640,skip,avoid_amount_dry,c877bfecc0bf
14908353,2026-09-10 10:07:44,actions-trading,Sim12,006650,skip,avoid_frgn_sell_20d,884b8535c1bb
14908353,2026-09-10 10:07:44,actions-trading,Sim12,004800,skip,avoid_amount_dry,b8c55106f62a
14908353,2026-09-10 10:07:44,actions-trading,Sim12,090460,skip,avoid_amount_dry,940fe2da3587
14908353,2026-09-10 10:07:44,actions-trading,Sim12,120110,skip,avoid_amount_dry,e547d1666dc3
14908353,2026-09-10 10:07:44,actions-trading,Sim12,006260,skip,avoid_amount_dry,fc495f68c836
14908353,2026-09-10 10:07:45,actions-trading,Sim13,006380,skip,theme_momentum_weak,c203be843be2
14908353,2026-09-10 10:07:45,actions-trading,Sim13,007540,skip,theme_momentum_weak,3a3ba5086ef5
14908353,2026-09-10 10:07:45,actions-trading,Sim13,006490,skip,theme_momentum_weak,7d19cc752dd9
14908353,2026-09-10 10:07:45,actions-trading,Sim13,248170,skip,theme_momentum_weak,2fca01dbe14f
14908353,2026-09-10 10:07:45,actions-trading,Sim13,004090,skip,theme_momentum_weak,351be221a29d
14908353,2026-09-10 10:07:45,actions-trading,Sim13,006880,skip,theme_momentum_weak,a8d5ae87c0bc
14908353,2026-09-10 10:07:45,actions-trading,Sim13,465770,skip,adx_weak,cbb9b22105b9
14908353,2026-09-10 10:07:45,actions-trading,Sim13,003280,skip,theme_momentum_weak,9bce12185c3b
14908353,2026-09-10 10:07:45,actions-trading,Sim13,012630,skip,theme_momentum_weak,fc1906a04383
14908353,2026-09-10 10:07:45,actions-trading,Sim13,020120,skip,amount_not_surprised,25da9a49f95c
14908353,2026-09-10 10:07:45,actions-trading,Sim13,029460,skip,theme_momentum_weak,18ee769f6c64
14908353,2026-09-10 10:07:45,actions-trading,Sim13,005180,skip,adx_weak,0a6f29547e1f
14908353,2026-09-10 10:07:45,actions-trading,Sim13,007610,skip,theme_momentum_weak,6af5a9ccc21f
14908353,2026-09-10 10:07:45,actions-trading,Sim13,001525,skip,theme_momentum_weak,390201f2275c
14908353,2026-09-10 10:07:45,actions-trading,Sim13,092790,skip,theme_momentum_weak,c0446abd911c
14908353,2026-09-10 10:07:45,actions-trading,Sim13,015590,skip,theme_momentum_weak,f8e8cd8586b7
14908353,2026-09-10 10:07:45,actions-trading,Sim13,010400,skip,theme_momentum_weak,3b76d15aa411
14908353,2026-09-10 10:07:45,actions-trading,Sim13,018670,skip,theme_momentum_weak,ecf7adcdc6e4
14908353,2026-09-10 10:07:45,actions-trading,Sim13,014530,skip,theme_momentum_weak,77b9a18c4a6c
14908353,2026-09-10 10:07:45,actions-trading,Sim13,117580,skip,theme_momentum_weak,5ad015468598
14908353,2026-09-10 10:07:45,actions-trading,Sim13,017810,skip,theme_momentum_weak,a164bd46ed24
14908353,2026-09-10 10:07:45,actions-trading,Sim13,014990,skip,held_or_cooldown,d1134a220d1d
14908353,2026-09-10 10:07:45,actions-trading,Sim13,017860,skip,theme_momentum_weak,ac351a49d9d9
14908353,2026-09-10 10:07:45,actions-trading,Sim13,002140,skip,theme_momentum_weak,131a9856d2bb
14908353,2026-09-10 10:07:45,actions-trading,Sim13,26490K,skip,theme_momentum_weak,c2e3453666b9
14908353,2026-09-10 10:07:45,actions-trading,Sim13,000370,skip,adx_weak,2694baf65a57
14908353,2026-09-10 10:07:45,actions-trading,Sim13,005745,skip,theme_momentum_weak,40e481758cde
14908353,2026-09-10 10:07:45,actions-trading,Sim13,002170,skip,theme_momentum_weak,dbc43eb84776
14908353,2026-09-10 10:07:45,actions-trading,Sim13,004430,skip,theme_momentum_weak,81e5a374d12a
14908353,2026-09-10 10:07:45,actions-trading,Sim13,003120,skip,theme_momentum_weak,b897aa072138
14908354,2026-09-10 10:08:45,actions-trading,Sim4-1,006380,skip,amount,c203be843be2
14908354,2026-09-10 10:08:45,actions-trading,Sim4-1,007540,skip,amount,b01b81b286b7
14908354,2026-09-10 10:08:45,actions-trading,Sim4-1,006490,skip,amount,9a1e81b30e63
14908354,2026-09-10 10:08:45,actions-trading,Sim4-1,248170,skip,period,16d74c20e9ee
14908354,2026-09-10 10:08:45,actions-trading,Sim4-1,004090,skip,adx_high,af331ca41eda
14908354,2026-09-10 10:08:45,actions-trading,Sim4-1,003280,skip,adx_high,a37ba786caef
14908354,2026-09-10 10:08:45,actions-trading,Sim4-1,006880,skip,adx_low,fecd094e3664
14908354,2026-09-10 10:08:45,actions-trading,Sim4-1,465770,skip,adx_high,c598e20ded4b
14908354,2026-09-10 10:08:45,actions-trading,Sim4-1,012630,skip,amount,3dae130d8615
14908354,2026-09-10 10:08:45,actions-trading,Sim4-1,020120,skip,no_inst,ea181b36fa94
14908354,2026-09-10 10:08:45,actions-trading,Sim4-1,029460,skip,amount,b41b684d8888
14908354,2026-09-10 10:08:45,actions-trading,Sim4-1,092790,skip,period,36fdaa6379e8
14908354,2026-09-10 10:08:45,actions-trading,Sim4-1,001525,skip,amount,390201f2275c
14908354,2026-09-10 10:08:45,actions-trading,Sim4-1,007610,skip,adx_high,6072d67a0633
14908354,2026-09-10 10:08:45,actions-trading,Sim4-1,005180,skip,adx_high,58281b4555a4
14908354,2026-09-10 10:08:45,actions-trading,Sim4-1,117580,skip,adx_high,ca25f13c1243
14908354,2026-09-10 10:08:45,actions-trading,Sim4-1,018670,skip,amount,98e4f44bac46
14908354,2026-09-10 10:08:45,actions-trading,Sim4-1,015590,skip,amount,9a258782aac5
14908354,2026-09-10 10:08:45,actions-trading,Sim4-1,014530,skip,amount,5c1fc9d1bd00
14908354,2026-09-10 10:08:45,actions-trading,Sim4-1,014990,skip,amount,22e6e32c3535
14908354,2026-09-10 10:08:45,actions-trading,Sim4-1,010400,skip,amount,7300a76b483b
14908354,2026-09-10 10:08:45,actions-trading,Sim4-1,000370,skip,adx_high,77f6858f156e
14908354,2026-09-10 10:08:45,actions-trading,Sim4-1,26490K,skip,amount,c2e3453666b9
14908354,2026-09-10 10:08:45,actions-trading,Sim4-1,003120,skip,amount,ec54b78a84c8
14908354,2026-09-10 10:08:45,actions-trading,Sim4-1,017810,skip,amount,0ff5bdc11bcc
14908354,2026-09-10 10:08:45,actions-trading,Sim4-1,005745,skip,amount,40e481758cde
14908354,2026-09-10 10:08:45,actions-trading,Sim4-1,001080,skip,amount,13131d6b772e
14908354,2026-09-10 10:08:45,actions-trading,Sim4-1,002170,skip,amount,199d8a8c1ed7
14908354,2026-09-10 10:08:45,actions-trading,Sim4-1,004430,skip,amount,4fcecf6975ef
14908354,2026-09-10 10:08:45,actions-trading,Sim4-1,002140,skip,amount,47fe16829886
14908354,2026-09-10 10:08:45,actions-trading,Sim4-1,006380,skip,amount,c203be843be2
14908354,2026-09-10 10:08:45,actions-trading,Sim4-1,007540,skip,amount,b01b81b286b7
14908354,2026-09-10 10:08:45,actions-trading,Sim4-1,006490,skip,amount,9a1e81b30e63
14908354,2026-09-10 10:08:45,actions-trading,Sim4-1,248170,skip,period,16d74c20e9ee
14908354,2026-09-10 10:08:45,actions-trading,Sim4-1,004090,skip,adx_high,af331ca41eda
14908354,2026-09-10 10:08:45,actions-trading,Sim4-1,003280,skip,adx_high,a37ba786caef
14908354,2026-09-10 10:08:45,actions-trading,Sim4-1,006880,skip,adx_low,fecd094e3664
14908354,2026-09-10 10:08:45,actions-trading,Sim4-1,465770,skip,adx_high,c598e20ded4b
14908354,2026-09-10 10:08:45,actions-trading,Sim4-1,012630,skip,amount,3dae130d8615
14908354,2026-09-10 10:08:45,actions-trading,Sim4-1,020120,skip,no_inst,ea181b36fa94
14908354,2026-09-10 10:08:45,actions-trading,Sim4-1,029460,skip,amount,b41b684d8888
14908354,2026-09-10 10:08:45,actions-trading,Sim4-1,092790,skip,period,36fdaa6379e8
14908354,2026-09-10 10:08:45,actions-trading,Sim4-1,001525,skip,amount,390201f2275c
14908354,2026-09-10 10:08:45,actions-trading,Sim4-1,007610,skip,adx_high,6072d67a0633
14908354,2026-09-10 10:08:45,actions-trading,Sim4-1,005180,skip,adx_high,58281b4555a4
14908354,2026-09-10 10:08:45,actions-trading,Sim4-1,117580,skip,adx_high,ca25f13c1243
14908354,2026-09-10 10:08:45,actions-trading,Sim4-1,018670,skip,amount,98e4f44bac46
14908354,2026-09-10 10:08:45,actions-trading,Sim4-1,015590,skip,amount,9a258782aac5
14908354,2026-09-10 10:08:45,actions-trading,Sim4-1,014530,skip,amount,5c1fc9d1bd00
14908354,2026-09-10 10:08:45,actions-trading,Sim4-1,014990,skip,amount,22e6e32c3535
14908354,2026-09-10 10:08:45,actions-trading,Sim4-1,010400,skip,amount,7300a76b483b
14908354,2026-09-10 10:08:45,actions-trading,Sim4-1,000370,skip,adx_high,77f6858f156e
14908354,2026-09-10 10:08:45,actions-trading,Sim4-1,26490K,skip,amount,c2e3453666b9
14908354,2026-09-10 10:08:45,actions-trading,Sim4-1,003120,skip,amount,ec54b78a84c8
14908354,2026-09-10 10:08:45,actions-trading,Sim4-1,017810,skip,amount,0ff5bdc11bcc
14908354,2026-09-10 10:08:45,actions-trading,Sim4-1,005745,skip,amount,40e481758cde
14908354,2026-09-10 10:08:45,actions-trading,Sim4-1,001080,skip,amount,13131d6b772e
14908354,2026-09-10 10:08:45,actions-trading,Sim4-1,002170,skip,amount,199d8a8c1ed7
14908354,2026-09-10 10:08:45,actions-trading,Sim4-1,004430,skip,amount,4fcecf6975ef
14908354,2026-09-10 10:08:45,actions-trading,Sim4-1,002140,skip,amount,47fe16829886
14908354,2026-09-10 10:09:38,actions-trading,MFHS2,003280,skip,max_holdings,0de83f53ed0b
14908354,2026-09-10 10:09:38,actions-trading,MFHS2,005935,seen,,38df991edf42
14908354,2026-09-10 10:09:38,actions-trading,MFHS2,005930,seen,,ad55ba18b22f
14908354,2026-09-10 10:09:38,actions-trading,MFHS2,003490,seen,,9d44c4f09db2
14908354,2026-09-10 10:09:38,actions-trading,MFHS2,317400,seen,,56a4f7121308
14908354,2026-09-10 10:09:38,actions-trading,MFHS2,316140,seen,,462914e732bb
14908354,2026-09-10 10:09:38,actions-trading,MFHS2,361610,seen,,ffa3128bfe2d
14908354,2026-09-10 10:09:38,actions-trading,MFHS2,018880,seen,,6ce53f313e32
14908354,2026-09-10 10:09:38,actions-trading,MFHS2,096770,seen,,17d9b3a9ef5b
14908354,2026-09-10 10:09:38,actions-trading,MFHS2,465770,seen,,8dabe3ae05e3
14908354,2026-09-10 10:09:38,actions-trading,MFHS2,017900,seen,,f15053aff08f
14908354,2026-09-10 10:09:38,actions-trading,MFHS2,010140,seen,,8bea85ee6dfa
14908354,2026-09-10 10:09:38,actions-trading,MFHS2,009420,seen,,0f9bb9bdce49
14908354,2026-09-10 10:09:38,actions-trading,MFHS2,047040,seen,,d429ee6972ca
14908354,2026-09-10 10:09:38,actions-trading,MFHS2,002140,seen,,7cf0e05a9852
14908354,2026-09-10 10:09:38,actions-trading,MFHS2,006340,seen,,4ad273f02d32
14908354,2026-09-10 10:09:38,actions-trading,MFHS2,019170,seen,,14c247c781bf
14908354,2026-09-10 10:09:38,actions-trading,MFHS2,006360,seen,,0101860ac9aa
14908354,2026-09-10 10:09:38,actions-trading,MFHS2,078930,seen,,e5470dcc78f8
14908354,2026-09-10 10:09:38,actions-trading,MFHS2,000400,seen,,c3101c43bdab
14908354,2026-09-10 10:09:38,actions-trading,MFHS2,011200,seen,,21007a4aafcc
14908354,2026-09-10 10:09:38,actions-trading,MFHS2,014280,seen,,41eb6c1b6ee8
14908354,2026-09-10 10:09:38,actions-trading,MFHS2,003610,seen,,75cdbd9185dd
14908354,2026-09-10 10:09:38,actions-trading,MFHS2,105560,seen,,fbbf5fc42c47
14908354,2026-09-10 10:09:38,actions-trading,MFHS2,035720,seen,,b0138618d349
14908354,2026-09-10 10:09:38,actions-trading,MFHS2,004020,seen,,bf6dc9fd65ed
14908354,2026-09-10 10:09:38,actions-trading,MFHS2,032640,seen,,1efa6ecd5856
14908354,2026-09-10 10:09:38,actions-trading,MFHS2,053690,seen,,9683da34d218
14908354,2026-09-10 10:09:38,actions-trading,MFHS2,012630,seen,,760a183b6957
14908354,2026-09-10 10:09:38,actions-trading,MFHS2,079160,seen,,077dc49ce29a
14908354,2026-09-10 10:09:41,actions-trading,Sim3,402340,skip,qty_zero,71ce0b85d37f
14908354,2026-09-10 10:09:41,actions-trading,Sim3,383800,skip,amount,a924ebb53079
14908354,2026-09-10 10:09:41,actions-trading,Sim3,462870,skip,amount,4d8eef39d271
14908354,2026-09-10 10:09:41,actions-trading,Sim3,000660,skip,qty_zero,0847742323da
14908354,2026-09-10 10:09:41,actions-trading,Sim3,071970,skip,cooldown,2bfc5ac7b7f3
14908354,2026-09-10 10:09:41,actions-trading,Sim3,042700,skip,not_cheap,a6d335e8bf61
14908354,2026-09-10 10:09:41,actions-trading,Sim3,326030,skip,amount,916645ba5d17
14908354,2026-09-10 10:09:41,actions-trading,Sim3,207940,skip,not_cheap,7ecea58c99a5
14908354,2026-09-10 10:09:41,actions-trading,Sim3,033920,skip,amount,cdccbeab78f1
14908354,2026-09-10 10:09:41,actions-trading,Sim3,004770,skip,cooldown,09622c7c3443
14908354,2026-09-10 10:09:41,actions-trading,Sim3,0126Z0,skip,amount,9034ff51efb8
14908354,2026-09-10 10:09:41,actions-trading,Sim3,062040,skip,not_cheap,64017448813a
14908354,2026-09-10 10:09:41,actions-trading,Sim3,317450,skip,amount,65ece69b91c8
14908354,2026-09-10 10:09:41,actions-trading,Sim3,026960,skip,amount,5e72992ac34c
14908354,2026-09-10 10:09:41,actions-trading,Sim3,021820,skip,amount,439318ea13de
14908354,2026-09-10 10:09:41,actions-trading,Sim3,192080,skip,amount,ce802643ed4c
14908354,2026-09-10 10:09:41,actions-trading,Sim3,068270,skip,held_or_sold_today,13a845c50a0a
14908354,2026-09-10 10:09:41,actions-trading,Sim3,123890,skip,amount,a507e81f6dd9
14908354,2026-09-10 10:09:41,actions-trading,Sim3,000240,skip,amount,676ce2b9e957
14908354,2026-09-10 10:09:41,actions-trading,Sim3,002380,skip,amount,9a0b9c2916bc
14908354,2026-09-10 10:09:41,actions-trading,Sim3,009770,skip,amount,ee39a1cd20cf
14908354,2026-09-10 10:09:41,actions-trading,Sim3,259960,skip,held_or_sold_today,59112e8a75a3
14908354,2026-09-10 10:09:41,actions-trading,Sim3,035250,skip,amount,097a97150eb7
14908354,2026-09-10 10:09:41,actions-trading,Sim3,383220,skip,amount,7cbf991b0f9d
14908354,2026-09-10 10:09:41,actions-trading,Sim3,226320,skip,amount,e89ea51bd8e8
14908354,2026-09-10 10:09:41,actions-trading,Sim3,439260,skip,amount,2bcfb133f01e
14908354,2026-09-10 10:09:41,actions-trading,Sim3,025560,skip,amount,80b8fa335beb
14908354,2026-09-10 10:09:41,actions-trading,Sim3,007700,skip,amount,1928181a1769
14908354,2026-09-10 10:09:41,actions-trading,Sim3,278470,skip,not_cheap,ceda37a08ce4
14908354,2026-09-10 10:09:41,actions-trading,Sim3,000990,skip,held_or_sold_today,b243a9adbfe4
14908354,2026-09-10 10:09:44,actions-trading,상승모멘텀,006380,skip,max_holdings,c203be843be2
14908354,2026-09-10 10:09:44,actions-trading,상승모멘텀,007540,seen,,b01b81b286b7
14908354,2026-09-10 10:09:44,actions-trading,상승모멘텀,006490,seen,,a2c144cce7df
14908354,2026-09-10 10:09:44,actions-trading,상승모멘텀,248170,seen,,c3fd4e76d279
14908354,2026-09-10 10:09:44,actions-trading,상승모멘텀,004090,seen,,535c4909719d
14908354,2026-09-10 10:09:44,actions-trading,상승모멘텀,003280,seen,,0de83f53ed0b
14908354,2026-09-10 10:09:44,actions-trading,상승모멘텀,006880,seen,,3986e32e7e64
14908354,2026-09-10 10:09:44,actions-trading,상승모멘텀,465770,seen,,8dabe3ae05e3
14908354,2026-09-10 10:09:44,actions-trading,상승모멘텀,012630,seen,,760a183b6957
14908354,2026-09-10 10:09:44,actions-trading,상승모멘텀,020120,seen,,466e98626236
14908354,2026-09-10 10:09:44,actions-trading,상승모멘텀,029460,seen,,6b8d8ed440cb
14908354,2026-09-10 10:09:44,actions-trading,상승모멘텀,092790,seen,,e5eca61d5693
14908354,2026-09-10 10:09:44,actions-trading,상승모멘텀,001525,seen,,390201f2275c
14908354,2026-09-10 10:09:44,actions-trading,상승모멘텀,007610,seen,,541996d7d5de
14908354,2026-09-10 10:09:44,actions-trading,상승모멘텀,005180,seen,,7e56c5e1412d
14908354,2026-09-10 10:09:44,actions-trading,상승모멘텀,117580,seen,,7aa37c0ab16f
14908354,2026-09-10 10:09:44,actions-trading,상승모멘텀,018670,seen,,875566df3569
14908354,2026-09-10 10:09:44,actions-trading,상승모멘텀,015590,seen,,d86b19a6bd67
14908354,2026-09-10 10:09:44,actions-trading,상승모멘텀,014530,seen,,4ac98c4f69d1
14908354,2026-09-10 10:09:44,actions-trading,상승모멘텀,014990,seen,,d10056f52bf4
14908354,2026-09-10 10:09:44,actions-trading,상승모멘텀,010400,seen,,7300a76b483b
14908354,2026-09-10 10:09:44,actions-trading,상승모멘텀,000370,seen,,2a198a4ac889
14908354,2026-09-10 10:09:44,actions-trading,상승모멘텀,26490K,seen,,c2e3453666b9
14908354,2026-09-10 10:09:44,actions-trading,상승모멘텀,003120,seen,,6d91d355143c
14908354,2026-09-10 10:09:44,actions-trading,상승모멘텀,017810,seen,,6af2069d91c8
14908354,2026-09-10 10:09:44,actions-trading,상승모멘텀,005745,seen,,40e481758cde
14908354,2026-09-10 10:09:44,actions-trading,상승모멘텀,001080,seen,,13131d6b772e
14908354,2026-09-10 10:09:44,actions-trading,상승모멘텀,002170,seen,,199d8a8c1ed7
14908354,2026-09-10 10:09:44,actions-trading,상승모멘텀,004430,seen,,65b8eb2c0b0d
14908354,2026-09-10 10:09:44,actions-trading,상승모멘텀,002140,seen,,7cf0e05a9852
14908354,2026-09-10 10:09:46,actions-trading,선행매집,003280,skip,below_anchor,0de83f53ed0b
14908354,2026-09-10 10:09:46,actions-trading,선행매집,005935,skip,below_anchor,38df991edf42
14908354,2026-09-10 10:09:46,actions-trading,선행매집,316140,skip,below_anchor,462914e732bb
14908354,2026-09-10 10:09:46,actions-trading,선행매집,003490,skip,sold_or_cooldown,9d44c4f09db2
14908354,2026-09-10 10:09:46,actions-trading,선행매집,317400,skip,below_anchor,56a4f7121308
14908354,2026-09-10 10:09:46,actions-trading,선행매집,018880,skip,below_anchor,6ce53f313e32
14908354,2026-09-10 10:09:46,actions-trading,선행매집,361610,skip,below_anchor,ffa3128bfe2d
14908354,2026-09-10 10:09:46,actions-trading,선행매집,096770,skip,no_setup,17d9b3a9ef5b
14908354,2026-09-10 10:09:46,actions-trading,선행매집,465770,skip,below_anchor,8dabe3ae05e3
14908354,2026-09-10 10:09:46,actions-trading,선행매집,006340,skip,below_anchor,4ad273f02d32
14908354,2026-09-10 10:09:46,actions-trading,선행매집,005930,skip,below_anchor,ad55ba18b22f
14908354,2026-09-10 10:09:46,actions-trading,선행매집,017900,skip,below_anchor,f15053aff08f
14908354,2026-09-10 10:09:46,actions-trading,선행매집,002140,skip,below_anchor,7cf0e05a9852
14908354,2026-09-10 10:09:46,actions-trading,선행매집,006360,skip,below_anchor,0101860ac9aa
14908354,2026-09-10 10:09:46,actions-trading,선행매집,078930,skip,held_awaiting_breakout,e5470dcc78f8
14908354,2026-09-10 10:09:46,actions-trading,선행매집,019170,skip,below_anchor,14c247c781bf
14908354,2026-09-10 10:09:46,actions-trading,선행매집,009420,skip,below_anchor,0f9bb9bdce49
14908354,2026-09-10 10:09:46,actions-trading,선행매집,000400,skip,amount,c3101c43bdab
14908354,2026-09-10 10:09:46,actions-trading,선행매집,032640,skip,below_anchor,1efa6ecd5856
14908354,2026-09-10 10:09:46,actions-trading,선행매집,027740,skip,amount,83fa16f719ff
14908354,2026-09-10 10:09:46,actions-trading,선행매집,011200,skip,below_anchor,21007a4aafcc
14908354,2026-09-10 10:09:46,actions-trading,선행매집,105560,skip,no_setup,fbbf5fc42c47
14908354,2026-09-10 10:09:46,actions-trading,선행매집,010140,skip,below_anchor,8bea85ee6dfa
14908354,2026-09-10 10:09:46,actions-trading,선행매집,003610,skip,amount,75cdbd9185dd
14908354,2026-09-10 10:09:46,actions-trading,선행매집,014280,skip,amount,41eb6c1b6ee8
14908354,2026-09-10 10:09:46,actions-trading,선행매집,004020,skip,below_anchor,bf6dc9fd65ed
14908354,2026-09-10 10:09:46,actions-trading,선행매집,005490,skip,below_anchor,92f525dc687a
14908354,2026-09-10 10:09:46,actions-trading,선행매집,402340,skip,below_anchor,71ce0b85d37f
14908354,2026-09-10 10:09:46,actions-trading,선행매집,053690,skip,below_anchor,9683da34d218
14908354,2026-09-10 10:09:46,actions-trading,선행매집,012630,skip,no_setup,760a183b6957
14908354,2026-09-10 10:09:46,actions-trading,Sim9,_gate,skip,outside_entry_window,e3b0c44298fc
14908354,2026-09-10 10:09:46,actions-trading,Sim9,006380,seen,,c203be843be2
14908354,2026-09-10 10:09:46,actions-trading,Sim9,007540,seen,,b01b81b286b7
14908354,2026-09-10 10:09:46,actions-trading,Sim9,006490,seen,,a2c144cce7df
14908354,2026-09-10 10:09:46,actions-trading,Sim9,248170,seen,,c3fd4e76d279
14908354,2026-09-10 10:09:46,actions-trading,Sim9,004090,seen,,535c4909719d
14908354,2026-09-10 10:09:46,actions-trading,Sim9,003280,seen,,0de83f53ed0b
14908354,2026-09-10 10:09:46,actions-trading,Sim9,006880,seen,,3986e32e7e64
14908354,2026-09-10 10:09:46,actions-trading,Sim9,465770,seen,,8dabe3ae05e3
14908354,2026-09-10 10:09:46,actions-trading,Sim9,012630,seen,,760a183b6957
14908354,2026-09-10 10:09:46,actions-trading,Sim9,020120,seen,,466e98626236
14908354,2026-09-10 10:09:46,actions-trading,Sim9,029460,seen,,6b8d8ed440cb
14908354,2026-09-10 10:09:46,actions-trading,Sim9,092790,seen,,e5eca61d5693
14908354,2026-09-10 10:09:46,actions-trading,Sim9,001525,seen,,390201f2275c
14908354,2026-09-10 10:09:46,actions-trading,Sim9,007610,seen,,541996d7d5de
14908354,2026-09-10 10:09:46,actions-trading,Sim9,005180,seen,,7e56c5e1412d
14908354,2026-09-10 10:09:46,actions-trading,Sim9,117580,seen,,7aa37c0ab16f
14908354,2026-09-10 10:09:46,actions-trading,Sim9,018670,seen,,875566df3569
14908354,2026-09-10 10:09:46,actions-trading,Sim9,015590,seen,,d86b19a6bd67
14908354,2026-09-10 10:09:46,actions-trading,Sim9,014530,seen,,4ac98c4f69d1
14908354,2026-09-10 10:09:46,actions-trading,Sim9,014990,seen,,d10056f52bf4
14908354,2026-09-10 10:09:46,actions-trading,Sim9,010400,seen,,7300a76b483b
14908354,2026-09-10 10:09:46,actions-trading,Sim9,000370,seen,,2a198a4ac889
14908354,2026-09-10 10:09:46,actions-trading,Sim9,26490K,seen,,c2e3453666b9
14908354,2026-09-10 10:09:46,actions-trading,Sim9,003120,seen,,6d91d355143c
14908354,2026-09-10 10:09:46,actions-trading,Sim9,017810,seen,,6af2069d91c8
14908354,2026-09-10 10:09:46,actions-trading,Sim9,005745,seen,,40e481758cde
14908354,2026-09-10 10:09:46,actions-trading,Sim9,001080,seen,,13131d6b772e
14908354,2026-09-10 10:09:46,actions-trading,Sim9,002170,seen,,199d8a8c1ed7
14908354,2026-09-10 10:09:46,actions-trading,Sim9,004430,seen,,65b8eb2c0b0d
14908354,2026-09-10 10:09:46,actions-trading,Sim9,002140,seen,,7cf0e05a9852
14908354,2026-09-10 10:09:46,actions-trading,미너비니,078930,skip,held_or_cooldown,e5470dcc78f8
14908354,2026-09-10 10:09:46,actions-trading,Sim12,006380,skip,avoid_deadcat,c203be843be2
14908354,2026-09-10 10:09:46,actions-trading,Sim12,007540,skip,avoid_frgn_sell_20d,b01b81b286b7
14908354,2026-09-10 10:09:46,actions-trading,Sim12,006490,skip,pb2_not_crashed,a2c144cce7df
14908354,2026-09-10 10:09:46,actions-trading,Sim12,248170,skip,pb2_not_crashed,c3fd4e76d279
14908354,2026-09-10 10:09:46,actions-trading,Sim12,004090,skip,pb2_not_crashed,535c4909719d
14908354,2026-09-10 10:09:46,actions-trading,Sim12,003280,skip,pb2_not_crashed,0de83f53ed0b
14908354,2026-09-10 10:09:46,actions-trading,Sim12,006880,skip,avoid_frgn_sell_20d,3986e32e7e64
14908354,2026-09-10 10:09:46,actions-trading,Sim12,465770,skip,held_or_cooldown,8dabe3ae05e3
14908354,2026-09-10 10:09:46,actions-trading,Sim12,012630,skip,pb2_not_crashed,760a183b6957
14908354,2026-09-10 10:09:46,actions-trading,Sim12,020120,skip,held_or_cooldown,466e98626236
14908354,2026-09-10 10:09:46,actions-trading,Sim12,029460,skip,pb2_not_crashed,6b8d8ed440cb
14908354,2026-09-10 10:09:46,actions-trading,Sim12,092790,skip,avoid_frgn_hold_drop,e5eca61d5693
14908354,2026-09-10 10:09:46,actions-trading,Sim12,001525,skip,avoid_amount_dry,390201f2275c
14908354,2026-09-10 10:09:46,actions-trading,Sim12,007610,skip,pb2_not_crashed,541996d7d5de
14908354,2026-09-10 10:09:46,actions-trading,Sim12,005180,skip,avoid_amount_dry,7e56c5e1412d
14908354,2026-09-10 10:09:46,actions-trading,Sim12,117580,skip,avoid_frgn_sell_20d,7aa37c0ab16f
14908354,2026-09-10 10:09:46,actions-trading,Sim12,018670,skip,avoid_frgn_sell_20d,875566df3569
14908354,2026-09-10 10:09:46,actions-trading,Sim12,015590,skip,avoid_amount_dry,d86b19a6bd67
14908354,2026-09-10 10:09:46,actions-trading,Sim12,014530,skip,avoid_frgn_sell_20d,4ac98c4f69d1
14908354,2026-09-10 10:09:46,actions-trading,Sim12,014990,skip,avoid_amount_dry,d10056f52bf4
14908354,2026-09-10 10:09:46,actions-trading,Sim12,010400,skip,avoid_amount_dry,7300a76b483b
14908354,2026-09-10 10:09:46,actions-trading,Sim12,000370,skip,avoid_amount_dry,2a198a4ac889
14908354,2026-09-10 10:09:46,actions-trading,Sim12,26490K,skip,avoid_amount_dry,c2e3453666b9
14908354,2026-09-10 10:09:46,actions-trading,Sim12,003120,skip,avoid_amount_dry,6d91d355143c
14908354,2026-09-10 10:09:46,actions-trading,Sim12,017810,skip,avoid_frgn_sell_20d,6af2069d91c8
14908354,2026-09-10 10:09:46,actions-trading,Sim12,005745,skip,avoid_amount_dry,40e481758cde
14908354,2026-09-10 10:09:46,actions-trading,Sim12,001080,skip,avoid_amount_dry,13131d6b772e
14908354,2026-09-10 10:09:46,actions-trading,Sim12,002170,skip,avoid_amount_dry,199d8a8c1ed7
14908354,2026-09-10 10:09:46,actions-trading,Sim12,004430,skip,avoid_amount_dry,65b8eb2c0b0d
14908354,2026-09-10 10:09:46,actions-trading,Sim12,002140,skip,pb2_not_crashed,7cf0e05a9852
14908354,2026-09-10 10:09:46,actions-trading,Sim12,019685,skip,avoid_frgn_hold_drop,3b33b0a569da
14908354,2026-09-10 10:09:46,actions-trading,Sim12,044380,skip,held_or_cooldown,0ac3abc6c12a
14908354,2026-09-10 10:09:46,actions-trading,Sim12,000500,skip,pb2_not_crashed,95e90f7e065e
14908354,2026-09-10 10:09:46,actions-trading,Sim12,019680,skip,avoid_frgn_sell_20d,ae3cdb2e99ae
14908354,2026-09-10 10:09:46,actions-trading,Sim12,006110,skip,avoid_amount_dry,1b2a7e72d902
14908354,2026-09-10 10:09:46,actions-trading,Sim12,010950,skip,pb2_not_crashed,c9cf39f064fe
14908354,2026-09-10 10:09:46,actions-trading,Sim12,001290,skip,avoid_amount_dry,3c08583bfbfa
14908354,2026-09-10 10:09:46,actions-trading,Sim12,062040,skip,avoid_amount_dry,64017448813a
14908354,2026-09-10 10:09:46,actions-trading,Sim12,336260,skip,avoid_amount_dry,c7c09303d076
14908354,2026-09-10 10:09:46,actions-trading,Sim12,004770,skip,avoid_amount_dry,09622c7c3443
14908354,2026-09-10 10:09:46,actions-trading,Sim12,009420,skip,avoid_amount_dry,0f9bb9bdce49
14908354,2026-09-10 10:09:46,actions-trading,Sim12,001440,skip,pb2_not_crashed,63a9691d583f
14908354,2026-09-10 10:09:46,actions-trading,Sim12,004415,skip,avoid_amount_dry,f7865c5426b8
14908354,2026-09-10 10:09:46,actions-trading,Sim12,002070,skip,avoid_amount_dry,7ced79445dc1
14908354,2026-09-10 10:09:46,actions-trading,Sim12,066970,skip,avoid_amount_dry,09581972b43a
14908354,2026-09-10 10:09:46,actions-trading,Sim12,002990,skip,avoid_amount_dry,53f39b3c26ea
14908354,2026-09-10 10:09:46,actions-trading,Sim12,015260,skip,avoid_amount_dry,5301300d7a3b
14908354,2026-09-10 10:09:46,actions-trading,Sim12,0220W0,skip,avoid_amount_dry,afa13fc6c1a6
14908354,2026-09-10 10:09:46,actions-trading,Sim12,001770,skip,avoid_amount_dry,b8cd692d754d
14908354,2026-09-10 10:09:46,actions-trading,Sim12,017960,skip,avoid_amount_dry,ac0ff5f60ec2
14908354,2026-09-10 10:09:46,actions-trading,Sim12,180640,skip,avoid_amount_dry,8a6fc57e3b64
14908354,2026-09-10 10:09:46,actions-trading,Sim12,33626K,skip,avoid_frgn_sell_20d,d857e76a9f78
14908354,2026-09-10 10:09:46,actions-trading,Sim12,052690,skip,avoid_amount_dry,132670515cc3
14908354,2026-09-10 10:09:46,actions-trading,Sim12,001820,skip,avoid_amount_dry,c9d06178d984
14908354,2026-09-10 10:09:46,actions-trading,Sim12,004800,skip,avoid_amount_dry,cdc32d694e34
14908354,2026-09-10 10:09:46,actions-trading,Sim12,483650,skip,avoid_amount_dry,3089bf6668cd
14908354,2026-09-10 10:09:46,actions-trading,Sim12,017180,skip,avoid_amount_dry,82917a9f2396
14908354,2026-09-10 10:09:46,actions-trading,Sim12,120110,skip,avoid_amount_dry,f4a65f998f54
14908354,2026-09-10 10:09:46,actions-trading,Sim12,000880,skip,avoid_amount_dry,1183e6190f64
14908354,2026-09-10 10:09:46,actions-trading,Sim12,000155,skip,avoid_amount_dry,ad59e11213b2
14908354,2026-09-10 10:09:47,actions-trading,Sim13,006380,skip,theme_momentum_weak,c203be843be2
14908354,2026-09-10 10:09:47,actions-trading,Sim13,007540,skip,theme_momentum_weak,b01b81b286b7
14908354,2026-09-10 10:09:47,actions-trading,Sim13,006490,skip,theme_momentum_weak,a2c144cce7df
14908354,2026-09-10 10:09:47,actions-trading,Sim13,248170,skip,theme_momentum_weak,c3fd4e76d279
14908354,2026-09-10 10:09:47,actions-trading,Sim13,004090,skip,theme_momentum_weak,535c4909719d
14908354,2026-09-10 10:09:47,actions-trading,Sim13,003280,skip,theme_momentum_weak,0de83f53ed0b
14908354,2026-09-10 10:09:47,actions-trading,Sim13,006880,skip,theme_momentum_weak,3986e32e7e64
14908354,2026-09-10 10:09:47,actions-trading,Sim13,465770,skip,adx_weak,8dabe3ae05e3
14908354,2026-09-10 10:09:47,actions-trading,Sim13,012630,skip,theme_momentum_weak,760a183b6957
14908354,2026-09-10 10:09:47,actions-trading,Sim13,020120,skip,amount_not_surprised,466e98626236
14908354,2026-09-10 10:09:47,actions-trading,Sim13,029460,skip,theme_momentum_weak,6b8d8ed440cb
14908354,2026-09-10 10:09:47,actions-trading,Sim13,092790,skip,theme_momentum_weak,e5eca61d5693
14908354,2026-09-10 10:09:47,actions-trading,Sim13,001525,skip,theme_momentum_weak,390201f2275c
14908354,2026-09-10 10:09:47,actions-trading,Sim13,007610,skip,theme_momentum_weak,541996d7d5de
14908354,2026-09-10 10:09:47,actions-trading,Sim13,005180,skip,adx_weak,7e56c5e1412d
14908354,2026-09-10 10:09:47,actions-trading,Sim13,117580,skip,theme_momentum_weak,7aa37c0ab16f
14908354,2026-09-10 10:09:47,actions-trading,Sim13,018670,skip,theme_momentum_weak,875566df3569
14908354,2026-09-10 10:09:47,actions-trading,Sim13,015590,skip,theme_momentum_weak,d86b19a6bd67
14908354,2026-09-10 10:09:47,actions-trading,Sim13,014530,skip,theme_momentum_weak,4ac98c4f69d1
14908354,2026-09-10 10:09:47,actions-trading,Sim13,014990,skip,held_or_cooldown,d10056f52bf4
14908354,2026-09-10 10:09:47,actions-trading,Sim13,010400,skip,theme_momentum_weak,7300a76b483b
14908354,2026-09-10 10:09:47,actions-trading,Sim13,000370,skip,adx_weak,2a198a4ac889
14908354,2026-09-10 10:09:47,actions-trading,Sim13,26490K,skip,theme_momentum_weak,c2e3453666b9
14908354,2026-09-10 10:09:47,actions-trading,Sim13,003120,skip,theme_momentum_weak,6d91d355143c
14908354,2026-09-10 10:09:47,actions-trading,Sim13,017810,skip,theme_momentum_weak,6af2069d91c8
14908354,2026-09-10 10:09:47,actions-trading,Sim13,005745,skip,theme_momentum_weak,40e481758cde
14908354,2026-09-10 10:09:47,actions-trading,Sim13,001080,skip,theme_momentum_weak,13131d6b772e
14908354,2026-09-10 10:09:47,actions-trading,Sim13,002170,skip,theme_momentum_weak,199d8a8c1ed7
14908354,2026-09-10 10:09:47,actions-trading,Sim13,004430,skip,theme_momentum_weak,65b8eb2c0b0d
14908354,2026-09-10 10:09:47,actions-trading,Sim13,002140,skip,theme_momentum_weak,7cf0e05a9852
14908355,2026-09-10 10:10:51,actions-trading,Sim4-1,006380,skip,amount,c203be843be2
14908355,2026-09-10 10:10:51,actions-trading,Sim4-1,007540,skip,amount,4b04f22288fa
14908355,2026-09-10 10:10:51,actions-trading,Sim4-1,006490,skip,amount,8dc3c9b9a038
14908355,2026-09-10 10:10:51,actions-trading,Sim4-1,248170,skip,period,e408ad8192b0
14908355,2026-09-10 10:10:51,actions-trading,Sim4-1,004090,skip,adx_high,0e594e1d1660
14908355,2026-09-10 10:10:51,actions-trading,Sim4-1,465770,skip,adx_high,a04b503367e2
14908355,2026-09-10 10:10:51,actions-trading,Sim4-1,003280,skip,adx_high,f5200edefce3
14908355,2026-09-10 10:10:51,actions-trading,Sim4-1,006880,skip,adx_low,e80601ca97f4
14908355,2026-09-10 10:10:51,actions-trading,Sim4-1,012630,skip,amount,c6fe6a7e973d
14908355,2026-09-10 10:10:51,actions-trading,Sim4-1,014530,skip,amount,54039c1bf958
14908355,2026-09-10 10:10:51,actions-trading,Sim4-1,117580,skip,adx_high,8f94d402dc17
14908355,2026-09-10 10:10:51,actions-trading,Sim4-1,007610,skip,adx_high,ee3196e45fda
14908355,2026-09-10 10:10:51,actions-trading,Sim4-1,020120,skip,no_inst,4c6b6ada2f3a
14908355,2026-09-10 10:10:51,actions-trading,Sim4-1,002140,skip,amount,7f0053993796
14908355,2026-09-10 10:10:51,actions-trading,Sim4-1,001525,skip,amount,390201f2275c
14908355,2026-09-10 10:10:51,actions-trading,Sim4-1,005180,skip,adx_high,522c1030efcf
14908355,2026-09-10 10:10:51,actions-trading,Sim4-1,029460,skip,amount,605c1bc198a1
14908355,2026-09-10 10:10:51,actions-trading,Sim4-1,092790,skip,period,d9bb98b666fd
14908355,2026-09-10 10:10:51,actions-trading,Sim4-1,014990,skip,amount,e21ca99756c8
14908355,2026-09-10 10:10:51,actions-trading,Sim4-1,015590,skip,amount,cb91605643cc
14908355,2026-09-10 10:10:51,actions-trading,Sim4-1,210980,skip,amount,17a1ffdd6e05
14908355,2026-09-10 10:10:51,actions-trading,Sim4-1,005745,skip,amount,40e481758cde
14908355,2026-09-10 10:10:51,actions-trading,Sim4-1,018670,skip,amount,fed1ca89b973
14908355,2026-09-10 10:10:51,actions-trading,Sim4-1,002170,skip,amount,199d8a8c1ed7
14908355,2026-09-10 10:10:51,actions-trading,Sim4-1,003120,skip,amount,cb3bf0df005d
14908355,2026-09-10 10:10:51,actions-trading,Sim4-1,001080,skip,amount,c93043bc1e27
14908355,2026-09-10 10:10:51,actions-trading,Sim4-1,017860,skip,amount,f07933fb5fdb
14908355,2026-09-10 10:10:51,actions-trading,Sim4-1,010400,skip,amount,a32d1ebd6b99
14908355,2026-09-10 10:10:51,actions-trading,Sim4-1,004430,skip,amount,4c07e577b88b
14908355,2026-09-10 10:10:51,actions-trading,Sim4-1,008355,skip,amount,75d228eba787
14908355,2026-09-10 10:10:52,actions-trading,Sim4-1,006380,skip,amount,c203be843be2
14908355,2026-09-10 10:10:52,actions-trading,Sim4-1,007540,skip,amount,4b04f22288fa
14908355,2026-09-10 10:10:52,actions-trading,Sim4-1,006490,skip,amount,8dc3c9b9a038
14908355,2026-09-10 10:10:52,actions-trading,Sim4-1,248170,skip,period,e408ad8192b0
14908355,2026-09-10 10:10:52,actions-trading,Sim4-1,004090,skip,adx_high,0e594e1d1660
14908355,2026-09-10 10:10:52,actions-trading,Sim4-1,465770,skip,adx_high,a04b503367e2
14908355,2026-09-10 10:10:52,actions-trading,Sim4-1,003280,skip,adx_high,f5200edefce3
14908355,2026-09-10 10:10:52,actions-trading,Sim4-1,006880,skip,adx_low,e80601ca97f4
14908355,2026-09-10 10:10:52,actions-trading,Sim4-1,012630,skip,amount,c6fe6a7e973d
14908355,2026-09-10 10:10:52,actions-trading,Sim4-1,014530,skip,amount,54039c1bf958
14908355,2026-09-10 10:10:52,actions-trading,Sim4-1,117580,skip,adx_high,8f94d402dc17
14908355,2026-09-10 10:10:52,actions-trading,Sim4-1,007610,skip,adx_high,ee3196e45fda
14908355,2026-09-10 10:10:52,actions-trading,Sim4-1,020120,skip,no_inst,4c6b6ada2f3a
14908355,2026-09-10 10:10:52,actions-trading,Sim4-1,002140,skip,amount,7f0053993796
14908355,2026-09-10 10:10:52,actions-trading,Sim4-1,001525,skip,amount,390201f2275c
14908355,2026-09-10 10:10:52,actions-trading,Sim4-1,005180,skip,adx_high,522c1030efcf
14908355,2026-09-10 10:10:52,actions-trading,Sim4-1,029460,skip,amount,605c1bc198a1
14908355,2026-09-10 10:10:52,actions-trading,Sim4-1,092790,skip,period,d9bb98b666fd
14908355,2026-09-10 10:10:52,actions-trading,Sim4-1,014990,skip,amount,e21ca99756c8
14908355,2026-09-10 10:10:52,actions-trading,Sim4-1,015590,skip,amount,cb91605643cc
14908355,2026-09-10 10:10:52,actions-trading,Sim4-1,210980,skip,amount,17a1ffdd6e05
14908355,2026-09-10 10:10:52,actions-trading,Sim4-1,005745,skip,amount,40e481758cde
14908355,2026-09-10 10:10:52,actions-trading,Sim4-1,018670,skip,amount,fed1ca89b973
14908355,2026-09-10 10:10:52,actions-trading,Sim4-1,002170,skip,amount,199d8a8c1ed7
14908355,2026-09-10 10:10:52,actions-trading,Sim4-1,003120,skip,amount,cb3bf0df005d
14908355,2026-09-10 10:10:52,actions-trading,Sim4-1,001080,skip,amount,c93043bc1e27
14908355,2026-09-10 10:10:52,actions-trading,Sim4-1,017860,skip,amount,f07933fb5fdb
14908355,2026-09-10 10:10:52,actions-trading,Sim4-1,010400,skip,amount,a32d1ebd6b99
14908355,2026-09-10 10:10:52,actions-trading,Sim4-1,004430,skip,amount,4c07e577b88b
14908355,2026-09-10 10:10:52,actions-trading,Sim4-1,008355,skip,amount,75d228eba787
14908355,2026-09-10 10:11:43,actions-trading,MFHS2,003280,skip,max_holdings,f0fafe7181b2
14908355,2026-09-10 10:11:43,actions-trading,MFHS2,005935,seen,,6efda8b7e194
14908355,2026-09-10 10:11:43,actions-trading,MFHS2,005930,seen,,08f130f8c6c0
14908355,2026-09-10 10:11:43,actions-trading,MFHS2,003490,seen,,863b9e789809
14908355,2026-09-10 10:11:43,actions-trading,MFHS2,317400,seen,,b695211d1f4f
14908355,2026-09-10 10:11:43,actions-trading,MFHS2,316140,seen,,8b36319ba8d5
14908355,2026-09-10 10:11:43,actions-trading,MFHS2,361610,seen,,ea11d611ac98
14908355,2026-09-10 10:11:43,actions-trading,MFHS2,018880,seen,,9690a24aadf5
14908355,2026-09-10 10:11:43,actions-trading,MFHS2,096770,seen,,24a52a9bdbf5
14908355,2026-09-10 10:11:43,actions-trading,MFHS2,465770,seen,,786b7cac991a
14908355,2026-09-10 10:11:43,actions-trading,MFHS2,017900,seen,,a4541e9c82ac
14908355,2026-09-10 10:11:43,actions-trading,MFHS2,010140,seen,,6c8a1c2d3d8d
14908355,2026-09-10 10:11:43,actions-trading,MFHS2,009420,seen,,14d503caae67
14908355,2026-09-10 10:11:43,actions-trading,MFHS2,047040,seen,,c533c8dad9c7
14908355,2026-09-10 10:11:43,actions-trading,MFHS2,002140,seen,,6501b30fc169
14908355,2026-09-10 10:11:43,actions-trading,MFHS2,006340,seen,,73252f44e7dc
14908355,2026-09-10 10:11:43,actions-trading,MFHS2,019170,seen,,b5d9eff29152
14908355,2026-09-10 10:11:43,actions-trading,MFHS2,006360,seen,,fc2decc040e3
14908355,2026-09-10 10:11:43,actions-trading,MFHS2,078930,seen,,40e14e2422be
14908355,2026-09-10 10:11:43,actions-trading,MFHS2,000400,seen,,09c9d43729fc
14908355,2026-09-10 10:11:43,actions-trading,MFHS2,011200,seen,,50bf5e67ba2b
14908355,2026-09-10 10:11:43,actions-trading,MFHS2,014280,seen,,ca4e7c6263cc
14908355,2026-09-10 10:11:43,actions-trading,MFHS2,003610,seen,,af0fb55a6c63
14908355,2026-09-10 10:11:43,actions-trading,MFHS2,105560,seen,,4f3bc3c090b9
14908355,2026-09-10 10:11:43,actions-trading,MFHS2,035720,seen,,b3975e1532a7
14908355,2026-09-10 10:11:43,actions-trading,MFHS2,004020,seen,,89c2e437e314
14908355,2026-09-10 10:11:43,actions-trading,MFHS2,032640,seen,,61aae180b9d9
14908355,2026-09-10 10:11:43,actions-trading,MFHS2,053690,seen,,613d888b4a1b
14908355,2026-09-10 10:11:43,actions-trading,MFHS2,012630,seen,,c1bf53041408
14908355,2026-09-10 10:11:43,actions-trading,MFHS2,079160,seen,,60c89721b7ab
14908355,2026-09-10 10:11:46,actions-trading,Sim3,402340,skip,qty_zero,d28f1df807f6
14908355,2026-09-10 10:11:46,actions-trading,Sim3,383800,skip,amount,8f133e610977
14908355,2026-09-10 10:11:46,actions-trading,Sim3,462870,skip,amount,551393ae3143
14908355,2026-09-10 10:11:46,actions-trading,Sim3,000660,skip,qty_zero,d8117c1ea72a
14908355,2026-09-10 10:11:46,actions-trading,Sim3,071970,skip,cooldown,b7cc5ace6703
14908355,2026-09-10 10:11:46,actions-trading,Sim3,042700,skip,not_cheap,e946a3654d9f
14908355,2026-09-10 10:11:46,actions-trading,Sim3,326030,skip,amount,3fbfadb21059
14908355,2026-09-10 10:11:46,actions-trading,Sim3,207940,skip,not_cheap,bdf048099b58
14908355,2026-09-10 10:11:46,actions-trading,Sim3,033920,skip,amount,847a29f948c8
14908355,2026-09-10 10:11:46,actions-trading,Sim3,004770,skip,cooldown,70dc8d839547
14908355,2026-09-10 10:11:46,actions-trading,Sim3,0126Z0,skip,amount,a7bf75451ef6
14908355,2026-09-10 10:11:46,actions-trading,Sim3,062040,skip,not_cheap,dd17a6bbeca9
14908355,2026-09-10 10:11:46,actions-trading,Sim3,317450,skip,amount,40d62bd38de9
14908355,2026-09-10 10:11:46,actions-trading,Sim3,026960,skip,amount,827211cdd259
14908355,2026-09-10 10:11:46,actions-trading,Sim3,021820,skip,amount,439318ea13de
14908355,2026-09-10 10:11:46,actions-trading,Sim3,192080,skip,amount,9764d9be660b
14908355,2026-09-10 10:11:46,actions-trading,Sim3,068270,skip,held_or_sold_today,8bdbd2c60e0b
14908355,2026-09-10 10:11:46,actions-trading,Sim3,123890,skip,amount,4f32e85bfc63
14908355,2026-09-10 10:11:46,actions-trading,Sim3,000240,skip,amount,6cf1b0745201
14908355,2026-09-10 10:11:46,actions-trading,Sim3,002380,skip,amount,51a228ed4af0
14908355,2026-09-10 10:11:46,actions-trading,Sim3,009770,skip,amount,ee39a1cd20cf
14908355,2026-09-10 10:11:46,actions-trading,Sim3,259960,skip,held_or_sold_today,0e4768f7dbc1
14908355,2026-09-10 10:11:46,actions-trading,Sim3,035250,skip,amount,a757c74a5e29
14908355,2026-09-10 10:11:46,actions-trading,Sim3,383220,skip,amount,800d80eba4a2
14908355,2026-09-10 10:11:46,actions-trading,Sim3,226320,skip,amount,9be0d5a49166
14908355,2026-09-10 10:11:46,actions-trading,Sim3,439260,skip,amount,ca9ff81e04ae
14908355,2026-09-10 10:11:46,actions-trading,Sim3,025560,skip,amount,998f5c560b7c
14908355,2026-09-10 10:11:46,actions-trading,Sim3,007700,skip,amount,1e1470dde616
14908355,2026-09-10 10:11:46,actions-trading,Sim3,278470,skip,not_cheap,739775e1c507
14908355,2026-09-10 10:11:46,actions-trading,Sim3,000990,skip,held_or_sold_today,ce608acae218
14908355,2026-09-10 10:11:49,actions-trading,상승모멘텀,006380,skip,max_holdings,c203be843be2
14908355,2026-09-10 10:11:49,actions-trading,상승모멘텀,007540,seen,,4b04f22288fa
14908355,2026-09-10 10:11:49,actions-trading,상승모멘텀,006490,seen,,8dc3c9b9a038
14908355,2026-09-10 10:11:49,actions-trading,상승모멘텀,248170,seen,,8f3dfac34160
14908355,2026-09-10 10:11:49,actions-trading,상승모멘텀,004090,seen,,4324f77a3f74
14908355,2026-09-10 10:11:49,actions-trading,상승모멘텀,465770,seen,,786b7cac991a
14908355,2026-09-10 10:11:49,actions-trading,상승모멘텀,003280,seen,,f0fafe7181b2
14908355,2026-09-10 10:11:49,actions-trading,상승모멘텀,006880,seen,,8362f05f226d
14908355,2026-09-10 10:11:49,actions-trading,상승모멘텀,012630,seen,,c1bf53041408
14908355,2026-09-10 10:11:49,actions-trading,상승모멘텀,014530,seen,,facbe52c7772
14908355,2026-09-10 10:11:49,actions-trading,상승모멘텀,117580,seen,,e53971caa89c
14908355,2026-09-10 10:11:49,actions-trading,상승모멘텀,007610,seen,,3fe3c02d1468
14908355,2026-09-10 10:11:49,actions-trading,상승모멘텀,020120,seen,,d26e0f3535a7
14908355,2026-09-10 10:11:49,actions-trading,상승모멘텀,002140,seen,,6501b30fc169
14908355,2026-09-10 10:11:49,actions-trading,상승모멘텀,001525,seen,,390201f2275c
14908355,2026-09-10 10:11:49,actions-trading,상승모멘텀,005180,seen,,91becab568cc
14908355,2026-09-10 10:11:49,actions-trading,상승모멘텀,029460,seen,,99bd1dcbe64e
14908355,2026-09-10 10:11:49,actions-trading,상승모멘텀,092790,seen,,8d29bca6c4db
14908355,2026-09-10 10:11:49,actions-trading,상승모멘텀,014990,seen,,788aa60168a8
14908355,2026-09-10 10:11:49,actions-trading,상승모멘텀,015590,seen,,96f8d8715d62
14908355,2026-09-10 10:11:49,actions-trading,상승모멘텀,210980,seen,,a72c62485983
14908355,2026-09-10 10:11:49,actions-trading,상승모멘텀,005745,seen,,40e481758cde
14908355,2026-09-10 10:11:49,actions-trading,상승모멘텀,018670,seen,,05f249d57226
14908355,2026-09-10 10:11:49,actions-trading,상승모멘텀,002170,seen,,4d88a0845d18
14908355,2026-09-10 10:11:49,actions-trading,상승모멘텀,003120,seen,,cb3bf0df005d
14908355,2026-09-10 10:11:49,actions-trading,상승모멘텀,001080,seen,,c93043bc1e27
14908355,2026-09-10 10:11:49,actions-trading,상승모멘텀,017860,seen,,3f8f3e8beded
14908355,2026-09-10 10:11:49,actions-trading,상승모멘텀,010400,seen,,a32d1ebd6b99
14908355,2026-09-10 10:11:49,actions-trading,상승모멘텀,004430,seen,,d14bc6e65e2c
14908355,2026-09-10 10:11:49,actions-trading,상승모멘텀,008355,seen,,75d228eba787
14908355,2026-09-10 10:11:50,actions-trading,선행매집,003280,skip,below_anchor,f0fafe7181b2
14908355,2026-09-10 10:11:50,actions-trading,선행매집,005935,skip,below_anchor,6efda8b7e194
14908355,2026-09-10 10:11:50,actions-trading,선행매집,316140,skip,below_anchor,8b36319ba8d5
14908355,2026-09-10 10:11:50,actions-trading,선행매집,003490,skip,sold_or_cooldown,863b9e789809
14908355,2026-09-10 10:11:50,actions-trading,선행매집,317400,skip,below_anchor,b695211d1f4f
14908355,2026-09-10 10:11:50,actions-trading,선행매집,018880,skip,below_anchor,9690a24aadf5
14908355,2026-09-10 10:11:50,actions-trading,선행매집,361610,skip,below_anchor,ea11d611ac98
14908355,2026-09-10 10:11:50,actions-trading,선행매집,096770,skip,no_setup,24a52a9bdbf5
14908355,2026-09-10 10:11:50,actions-trading,선행매집,465770,skip,below_anchor,786b7cac991a
14908355,2026-09-10 10:11:50,actions-trading,선행매집,006340,skip,below_anchor,73252f44e7dc
14908355,2026-09-10 10:11:50,actions-trading,선행매집,005930,skip,below_anchor,08f130f8c6c0
14908355,2026-09-10 10:11:50,actions-trading,선행매집,017900,skip,below_anchor,a4541e9c82ac
14908355,2026-09-10 10:11:50,actions-trading,선행매집,002140,skip,below_anchor,6501b30fc169
14908355,2026-09-10 10:11:50,actions-trading,선행매집,006360,skip,below_anchor,fc2decc040e3
14908355,2026-09-10 10:11:50,actions-trading,선행매집,078930,skip,held_awaiting_breakout,40e14e2422be
14908355,2026-09-10 10:11:50,actions-trading,선행매집,019170,skip,below_anchor,b5d9eff29152
14908355,2026-09-10 10:11:50,actions-trading,선행매집,009420,skip,below_anchor,14d503caae67
14908355,2026-09-10 10:11:50,actions-trading,선행매집,000400,skip,amount,09c9d43729fc
14908355,2026-09-10 10:11:50,actions-trading,선행매집,032640,skip,below_anchor,61aae180b9d9
14908355,2026-09-10 10:11:50,actions-trading,선행매집,027740,skip,amount,409a9d3d8bfc
14908355,2026-09-10 10:11:50,actions-trading,선행매집,011200,skip,below_anchor,50bf5e67ba2b
14908355,2026-09-10 10:11:50,actions-trading,선행매집,105560,skip,no_setup,4f3bc3c090b9
14908355,2026-09-10 10:11:50,actions-trading,선행매집,010140,skip,below_anchor,6c8a1c2d3d8d
14908355,2026-09-10 10:11:50,actions-trading,선행매집,003610,skip,amount,af0fb55a6c63
14908355,2026-09-10 10:11:50,actions-trading,선행매집,014280,skip,amount,ca4e7c6263cc
14908355,2026-09-10 10:11:50,actions-trading,선행매집,004020,skip,below_anchor,89c2e437e314
14908355,2026-09-10 10:11:50,actions-trading,선행매집,005490,skip,below_anchor,17bacadc33b0
14908355,2026-09-10 10:11:50,actions-trading,선행매집,402340,skip,below_anchor,d28f1df807f6
14908355,2026-09-10 10:11:50,actions-trading,선행매집,053690,skip,below_anchor,613d888b4a1b
14908355,2026-09-10 10:11:50,actions-trading,선행매집,012630,skip,no_setup,c1bf53041408
14908355,2026-09-10 10:11:50,actions-trading,Sim9,_gate,skip,outside_entry_window,e3b0c44298fc
14908355,2026-09-10 10:11:50,actions-trading,Sim9,006380,seen,,c203be843be2
14908355,2026-09-10 10:11:50,actions-trading,Sim9,007540,seen,,4b04f22288fa
14908355,2026-09-10 10:11:50,actions-trading,Sim9,006490,seen,,8dc3c9b9a038
14908355,2026-09-10 10:11:50,actions-trading,Sim9,248170,seen,,8f3dfac34160
14908355,2026-09-10 10:11:50,actions-trading,Sim9,004090,seen,,4324f77a3f74
14908355,2026-09-10 10:11:50,actions-trading,Sim9,465770,seen,,786b7cac991a
14908355,2026-09-10 10:11:50,actions-trading,Sim9,003280,seen,,f0fafe7181b2
14908355,2026-09-10 10:11:50,actions-trading,Sim9,006880,seen,,8362f05f226d
14908355,2026-09-10 10:11:50,actions-trading,Sim9,012630,seen,,c1bf53041408
14908355,2026-09-10 10:11:50,actions-trading,Sim9,014530,seen,,facbe52c7772
14908355,2026-09-10 10:11:50,actions-trading,Sim9,117580,seen,,e53971caa89c
14908355,2026-09-10 10:11:50,actions-trading,Sim9,007610,seen,,3fe3c02d1468
14908355,2026-09-10 10:11:50,actions-trading,Sim9,020120,seen,,d26e0f3535a7
14908355,2026-09-10 10:11:50,actions-trading,Sim9,002140,seen,,6501b30fc169
14908355,2026-09-10 10:11:50,actions-trading,Sim9,001525,seen,,390201f2275c
14908355,2026-09-10 10:11:50,actions-trading,Sim9,005180,seen,,91becab568cc
14908355,2026-09-10 10:11:50,actions-trading,Sim9,029460,seen,,99bd1dcbe64e
14908355,2026-09-10 10:11:50,actions-trading,Sim9,092790,seen,,8d29bca6c4db
14908355,2026-09-10 10:11:50,actions-trading,Sim9,014990,seen,,788aa60168a8
14908355,2026-09-10 10:11:50,actions-trading,Sim9,015590,seen,,96f8d8715d62
14908355,2026-09-10 10:11:50,actions-trading,Sim9,210980,seen,,a72c62485983
14908355,2026-09-10 10:11:50,actions-trading,Sim9,005745,seen,,40e481758cde
14908355,2026-09-10 10:11:50,actions-trading,Sim9,018670,seen,,05f249d57226
14908355,2026-09-10 10:11:50,actions-trading,Sim9,002170,seen,,4d88a0845d18
14908355,2026-09-10 10:11:50,actions-trading,Sim9,003120,seen,,cb3bf0df005d
14908355,2026-09-10 10:11:50,actions-trading,Sim9,001080,seen,,c93043bc1e27
14908355,2026-09-10 10:11:50,actions-trading,Sim9,017860,seen,,3f8f3e8beded
14908355,2026-09-10 10:11:50,actions-trading,Sim9,010400,seen,,a32d1ebd6b99
14908355,2026-09-10 10:11:50,actions-trading,Sim9,004430,seen,,d14bc6e65e2c
14908355,2026-09-10 10:11:50,actions-trading,Sim9,008355,seen,,75d228eba787
14908355,2026-09-10 10:11:50,actions-trading,미너비니,078930,skip,held_or_cooldown,40e14e2422be
14908355,2026-09-10 10:11:50,actions-trading,Sim12,006380,skip,avoid_deadcat,c203be843be2
14908355,2026-09-10 10:11:50,actions-trading,Sim12,007540,skip,avoid_frgn_sell_20d,4b04f22288fa
14908355,2026-09-10 10:11:50,actions-trading,Sim12,006490,skip,pb2_not_crashed,8dc3c9b9a038
14908355,2026-09-10 10:11:50,actions-trading,Sim12,248170,skip,pb2_not_crashed,8f3dfac34160
14908355,2026-09-10 10:11:50,actions-trading,Sim12,004090,skip,pb2_not_crashed,4324f77a3f74
14908355,2026-09-10 10:11:50,actions-trading,Sim12,465770,skip,held_or_cooldown,786b7cac991a
14908355,2026-09-10 10:11:50,actions-trading,Sim12,003280,skip,pb2_not_crashed,f0fafe7181b2
14908355,2026-09-10 10:11:50,actions-trading,Sim12,006880,skip,avoid_frgn_sell_20d,8362f05f226d
14908355,2026-09-10 10:11:50,actions-trading,Sim12,012630,skip,pb2_not_crashed,c1bf53041408
14908355,2026-09-10 10:11:50,actions-trading,Sim12,014530,skip,avoid_frgn_sell_20d,facbe52c7772
14908355,2026-09-10 10:11:50,actions-trading,Sim12,117580,skip,avoid_frgn_sell_20d,e53971caa89c
14908355,2026-09-10 10:11:50,actions-trading,Sim12,007610,skip,pb2_not_crashed,3fe3c02d1468
14908355,2026-09-10 10:11:50,actions-trading,Sim12,020120,skip,held_or_cooldown,d26e0f3535a7
14908355,2026-09-10 10:11:50,actions-trading,Sim12,002140,skip,pb2_not_crashed,6501b30fc169
14908355,2026-09-10 10:11:50,actions-trading,Sim12,001525,skip,avoid_amount_dry,390201f2275c
14908355,2026-09-10 10:11:50,actions-trading,Sim12,005180,skip,avoid_amount_dry,91becab568cc
14908355,2026-09-10 10:11:50,actions-trading,Sim12,029460,skip,pb2_not_crashed,99bd1dcbe64e
14908355,2026-09-10 10:11:50,actions-trading,Sim12,092790,skip,avoid_frgn_hold_drop,8d29bca6c4db
14908355,2026-09-10 10:11:50,actions-trading,Sim12,014990,skip,avoid_amount_dry,788aa60168a8
14908355,2026-09-10 10:11:50,actions-trading,Sim12,015590,skip,avoid_amount_dry,96f8d8715d62
14908355,2026-09-10 10:11:50,actions-trading,Sim12,210980,skip,avoid_amount_dry,a72c62485983
14908355,2026-09-10 10:11:50,actions-trading,Sim12,005745,skip,avoid_amount_dry,40e481758cde
14908355,2026-09-10 10:11:50,actions-trading,Sim12,018670,skip,avoid_frgn_sell_20d,05f249d57226
14908355,2026-09-10 10:11:50,actions-trading,Sim12,002170,skip,avoid_amount_dry,4d88a0845d18
14908355,2026-09-10 10:11:50,actions-trading,Sim12,003120,skip,avoid_amount_dry,cb3bf0df005d
14908355,2026-09-10 10:11:50,actions-trading,Sim12,001080,skip,avoid_amount_dry,c93043bc1e27
14908355,2026-09-10 10:11:50,actions-trading,Sim12,017860,skip,pb2_not_crashed,3f8f3e8beded
14908355,2026-09-10 10:11:50,actions-trading,Sim12,010400,skip,avoid_amount_dry,a32d1ebd6b99
14908355,2026-09-10 10:11:50,actions-trading,Sim12,004430,skip,pb2_not_crashed,d14bc6e65e2c
14908355,2026-09-10 10:11:50,actions-trading,Sim12,008355,skip,pb2_not_crashed,75d228eba787
14908355,2026-09-10 10:11:50,actions-trading,Sim12,019685,skip,avoid_frgn_hold_drop,9effd684d5e5
14908355,2026-09-10 10:11:50,actions-trading,Sim12,000500,skip,pb2_not_crashed,44f3088ae3a1
14908355,2026-09-10 10:11:50,actions-trading,Sim12,044380,skip,held_or_cooldown,112452dcb2e8
14908355,2026-09-10 10:11:50,actions-trading,Sim12,019680,skip,avoid_frgn_sell_20d,5fc2d8967da5
14908355,2026-09-10 10:11:50,actions-trading,Sim12,006110,skip,avoid_amount_dry,703df93b82a0
14908355,2026-09-10 10:11:50,actions-trading,Sim12,010950,skip,pb2_not_crashed,4c14cccbcdf2
14908355,2026-09-10 10:11:50,actions-trading,Sim12,062040,skip,avoid_amount_dry,dd17a6bbeca9
14908355,2026-09-10 10:11:50,actions-trading,Sim12,001440,skip,pb2_not_crashed,fdee6b9a5b5b
14908355,2026-09-10 10:11:50,actions-trading,Sim12,336260,skip,avoid_amount_dry,ae184c447136
14908355,2026-09-10 10:11:50,actions-trading,Sim12,009420,skip,avoid_amount_dry,14d503caae67
14908355,2026-09-10 10:11:50,actions-trading,Sim12,001290,skip,avoid_amount_dry,f4ad43326120
14908355,2026-09-10 10:11:50,actions-trading,Sim12,004770,skip,avoid_amount_dry,70dc8d839547
14908355,2026-09-10 10:11:50,actions-trading,Sim12,001770,skip,avoid_amount_dry,27dd90e5958f
14908355,2026-09-10 10:11:50,actions-trading,Sim12,004415,skip,avoid_amount_dry,f7865c5426b8
14908355,2026-09-10 10:11:50,actions-trading,Sim12,002070,skip,avoid_amount_dry,1def60e309d2
14908355,2026-09-10 10:11:50,actions-trading,Sim12,066970,skip,avoid_amount_dry,e1c5f1c4c366
14908355,2026-09-10 10:11:50,actions-trading,Sim12,008930,skip,avoid_amount_dry,c13f543cc769
14908355,2026-09-10 10:11:50,actions-trading,Sim12,002990,skip,avoid_amount_dry,d6025d88c7ab
14908355,2026-09-10 10:11:50,actions-trading,Sim12,0220W0,skip,avoid_amount_dry,e7666c017f6b
14908355,2026-09-10 10:11:50,actions-trading,Sim12,052690,skip,avoid_amount_dry,719ae0b55c3e
14908355,2026-09-10 10:11:50,actions-trading,Sim12,017960,skip,avoid_amount_dry,305c756bde8d
14908355,2026-09-10 10:11:50,actions-trading,Sim12,015260,skip,avoid_amount_dry,6ac528040468
14908355,2026-09-10 10:11:50,actions-trading,Sim12,001820,skip,avoid_amount_dry,3d3c946bf18b
14908355,2026-09-10 10:11:50,actions-trading,Sim12,004800,skip,avoid_amount_dry,ab5420e1df90
14908355,2026-09-10 10:11:50,actions-trading,Sim12,33626K,skip,avoid_frgn_sell_20d,21fdafff140c
14908355,2026-09-10 10:11:50,actions-trading,Sim12,006260,skip,avoid_amount_dry,c8d3790ba1a6
14908355,2026-09-10 10:11:50,actions-trading,Sim12,120110,skip,avoid_amount_dry,a58899d3a502
14908355,2026-09-10 10:11:50,actions-trading,Sim12,483650,skip,avoid_amount_dry,867098ce89f6
14908355,2026-09-10 10:11:50,actions-trading,Sim12,090460,skip,avoid_amount_dry,177b85b85ab5
14908355,2026-09-10 10:11:50,actions-trading,Sim12,353200,skip,avoid_amount_dry,c96aa1073696
14908355,2026-09-10 10:11:51,actions-trading,Sim13,006380,skip,theme_momentum_weak,c203be843be2
14908355,2026-09-10 10:11:51,actions-trading,Sim13,007540,skip,theme_momentum_weak,4b04f22288fa
14908355,2026-09-10 10:11:51,actions-trading,Sim13,006490,skip,theme_momentum_weak,8dc3c9b9a038
14908355,2026-09-10 10:11:51,actions-trading,Sim13,248170,skip,theme_momentum_weak,8f3dfac34160
14908355,2026-09-10 10:11:51,actions-trading,Sim13,004090,skip,theme_momentum_weak,4324f77a3f74
14908355,2026-09-10 10:11:51,actions-trading,Sim13,465770,skip,adx_weak,786b7cac991a
14908355,2026-09-10 10:11:51,actions-trading,Sim13,003280,skip,theme_momentum_weak,f0fafe7181b2
14908355,2026-09-10 10:11:51,actions-trading,Sim13,006880,skip,theme_momentum_weak,8362f05f226d
14908355,2026-09-10 10:11:51,actions-trading,Sim13,012630,skip,theme_momentum_weak,c1bf53041408
14908355,2026-09-10 10:11:51,actions-trading,Sim13,014530,skip,theme_momentum_weak,facbe52c7772
14908355,2026-09-10 10:11:51,actions-trading,Sim13,117580,skip,theme_momentum_weak,e53971caa89c
14908355,2026-09-10 10:11:51,actions-trading,Sim13,007610,skip,theme_momentum_weak,3fe3c02d1468
14908355,2026-09-10 10:11:51,actions-trading,Sim13,020120,skip,amount_not_surprised,d26e0f3535a7
14908355,2026-09-10 10:11:51,actions-trading,Sim13,002140,skip,theme_momentum_weak,6501b30fc169
14908355,2026-09-10 10:11:51,actions-trading,Sim13,001525,skip,theme_momentum_weak,390201f2275c
14908355,2026-09-10 10:11:51,actions-trading,Sim13,005180,skip,adx_weak,91becab568cc
14908355,2026-09-10 10:11:51,actions-trading,Sim13,029460,skip,theme_momentum_weak,99bd1dcbe64e
14908355,2026-09-10 10:11:51,actions-trading,Sim13,092790,skip,theme_momentum_weak,8d29bca6c4db
14908355,2026-09-10 10:11:51,actions-trading,Sim13,014990,skip,held_or_cooldown,788aa60168a8
14908355,2026-09-10 10:11:51,actions-trading,Sim13,015590,skip,theme_momentum_weak,96f8d8715d62
14908355,2026-09-10 10:11:51,actions-trading,Sim13,210980,skip,theme_momentum_weak,a72c62485983
14908355,2026-09-10 10:11:51,actions-trading,Sim13,005745,skip,theme_momentum_weak,40e481758cde
14908355,2026-09-10 10:11:51,actions-trading,Sim13,018670,skip,theme_momentum_weak,05f249d57226
14908355,2026-09-10 10:11:51,actions-trading,Sim13,002170,skip,theme_momentum_weak,4d88a0845d18
14908355,2026-09-10 10:11:51,actions-trading,Sim13,003120,skip,theme_momentum_weak,cb3bf0df005d
14908355,2026-09-10 10:11:51,actions-trading,Sim13,001080,skip,theme_momentum_weak,c93043bc1e27
14908355,2026-09-10 10:11:51,actions-trading,Sim13,017860,skip,theme_momentum_weak,3f8f3e8beded
14908355,2026-09-10 10:11:51,actions-trading,Sim13,010400,skip,theme_momentum_weak,a32d1ebd6b99
14908355,2026-09-10 10:11:51,actions-trading,Sim13,004430,skip,theme_momentum_weak,d14bc6e65e2c
14908355,2026-09-10 10:11:51,actions-trading,Sim13,008355,skip,theme_momentum_weak,75d228eba787
14908356,2026-09-10 10:13:25,actions-trading,Sim4-1,006380,skip,amount,c203be843be2
14908356,2026-09-10 10:13:25,actions-trading,Sim4-1,007540,skip,amount,d452832993be
14908356,2026-09-10 10:13:25,actions-trading,Sim4-1,006490,skip,amount,7378bc214ef5
14908356,2026-09-10 10:13:25,actions-trading,Sim4-1,248170,skip,period,9c5637c008fe
14908356,2026-09-10 10:13:25,actions-trading,Sim4-1,004090,skip,adx_high,68bac6bbfda9
14908356,2026-09-10 10:13:25,actions-trading,Sim4-1,465770,skip,adx_high,3414609b9879
14908356,2026-09-10 10:13:25,actions-trading,Sim4-1,003280,skip,adx_high,e0e41851a5fe
14908356,2026-09-10 10:13:25,actions-trading,Sim4-1,006880,skip,adx_low,7348cbaa8a9e
14908356,2026-09-10 10:13:25,actions-trading,Sim4-1,012630,skip,amount,283cc95c0cf0
14908356,2026-09-10 10:13:25,actions-trading,Sim4-1,117580,skip,adx_high,7f852544eb15
14908356,2026-09-10 10:13:25,actions-trading,Sim4-1,020120,skip,no_inst,a3d8aaa32bee
14908356,2026-09-10 10:13:25,actions-trading,Sim4-1,014990,skip,amount,4ea4554bbcf9
14908356,2026-09-10 10:13:25,actions-trading,Sim4-1,014530,skip,amount,89e9717b6d81
14908356,2026-09-10 10:13:25,actions-trading,Sim4-1,002140,skip,amount,80f84f6eab26
14908356,2026-09-10 10:13:25,actions-trading,Sim4-1,029460,skip,amount,1b963fa6f09a
14908356,2026-09-10 10:13:25,actions-trading,Sim4-1,007610,skip,adx_high,b58a9c558cd0
14908356,2026-09-10 10:13:25,actions-trading,Sim4-1,001525,skip,amount,390201f2275c
14908356,2026-09-10 10:13:25,actions-trading,Sim4-1,005180,skip,adx_high,92a46fcb7459
14908356,2026-09-10 10:13:25,actions-trading,Sim4-1,015590,skip,amount,f58bf41ed95f
14908356,2026-09-10 10:13:25,actions-trading,Sim4-1,010040,skip,amount,7d1bc488b659
14908356,2026-09-10 10:13:25,actions-trading,Sim4-1,092790,skip,period,bd6abca5e8f4
14908356,2026-09-10 10:13:25,actions-trading,Sim4-1,018670,skip,amount,ad3d526b1988
14908356,2026-09-10 10:13:25,actions-trading,Sim4-1,003120,skip,amount,5a8954811b1b
14908356,2026-09-10 10:13:25,actions-trading,Sim4-1,005745,skip,amount,40e481758cde
14908356,2026-09-10 10:13:25,actions-trading,Sim4-1,017860,skip,amount,6c160aa60244
14908356,2026-09-10 10:13:25,actions-trading,Sim4-1,010400,skip,amount,0c0c2fb9c3c7
14908356,2026-09-10 10:13:25,actions-trading,Sim4-1,004430,skip,amount,cf898f1971ca
14908356,2026-09-10 10:13:25,actions-trading,Sim4-1,007280,skip,amount,ddd4bb3b308c
14908356,2026-09-10 10:13:25,actions-trading,Sim4-1,008355,skip,amount,75d228eba787
14908356,2026-09-10 10:13:25,actions-trading,Sim4-1,002170,skip,amount,dbcd1ecb2935
14908356,2026-09-10 10:13:26,actions-trading,Sim4-1,006380,skip,amount,c203be843be2
14908356,2026-09-10 10:13:26,actions-trading,Sim4-1,007540,skip,amount,d452832993be
14908356,2026-09-10 10:13:26,actions-trading,Sim4-1,006490,skip,amount,7378bc214ef5
14908356,2026-09-10 10:13:26,actions-trading,Sim4-1,248170,skip,period,9c5637c008fe
14908356,2026-09-10 10:13:26,actions-trading,Sim4-1,004090,skip,adx_high,68bac6bbfda9
14908356,2026-09-10 10:13:26,actions-trading,Sim4-1,465770,skip,adx_high,3414609b9879
14908356,2026-09-10 10:13:26,actions-trading,Sim4-1,003280,skip,adx_high,e0e41851a5fe
14908356,2026-09-10 10:13:26,actions-trading,Sim4-1,006880,skip,adx_low,7348cbaa8a9e
14908356,2026-09-10 10:13:26,actions-trading,Sim4-1,012630,skip,amount,283cc95c0cf0
14908356,2026-09-10 10:13:26,actions-trading,Sim4-1,117580,skip,adx_high,7f852544eb15
14908356,2026-09-10 10:13:26,actions-trading,Sim4-1,020120,skip,no_inst,a3d8aaa32bee
14908356,2026-09-10 10:13:26,actions-trading,Sim4-1,014990,skip,amount,4ea4554bbcf9
14908356,2026-09-10 10:13:26,actions-trading,Sim4-1,014530,skip,amount,89e9717b6d81
14908356,2026-09-10 10:13:26,actions-trading,Sim4-1,002140,skip,amount,80f84f6eab26
14908356,2026-09-10 10:13:26,actions-trading,Sim4-1,029460,skip,amount,1b963fa6f09a
14908356,2026-09-10 10:13:26,actions-trading,Sim4-1,007610,skip,adx_high,b58a9c558cd0
14908356,2026-09-10 10:13:26,actions-trading,Sim4-1,001525,skip,amount,390201f2275c
14908356,2026-09-10 10:13:26,actions-trading,Sim4-1,005180,skip,adx_high,92a46fcb7459
14908356,2026-09-10 10:13:26,actions-trading,Sim4-1,015590,skip,amount,f58bf41ed95f
14908356,2026-09-10 10:13:26,actions-trading,Sim4-1,010040,skip,amount,7d1bc488b659
14908356,2026-09-10 10:13:26,actions-trading,Sim4-1,092790,skip,period,bd6abca5e8f4
14908356,2026-09-10 10:13:26,actions-trading,Sim4-1,018670,skip,amount,ad3d526b1988
14908356,2026-09-10 10:13:26,actions-trading,Sim4-1,003120,skip,amount,5a8954811b1b
14908356,2026-09-10 10:13:26,actions-trading,Sim4-1,005745,skip,amount,40e481758cde
14908356,2026-09-10 10:13:26,actions-trading,Sim4-1,017860,skip,amount,6c160aa60244
14908356,2026-09-10 10:13:26,actions-trading,Sim4-1,010400,skip,amount,0c0c2fb9c3c7
14908356,2026-09-10 10:13:26,actions-trading,Sim4-1,004430,skip,amount,cf898f1971ca
14908356,2026-09-10 10:13:26,actions-trading,Sim4-1,007280,skip,amount,ddd4bb3b308c
14908356,2026-09-10 10:13:26,actions-trading,Sim4-1,008355,skip,amount,75d228eba787
14908356,2026-09-10 10:13:26,actions-trading,Sim4-1,002170,skip,amount,dbcd1ecb2935
14908356,2026-09-10 10:14:19,actions-trading,MFHS2,003280,skip,max_holdings,96cd5a653e6e
14908356,2026-09-10 10:14:19,actions-trading,MFHS2,005935,seen,,1cf86eb117ce
14908356,2026-09-10 10:14:19,actions-trading,MFHS2,005930,seen,,3cc9dbfd663e
14908356,2026-09-10 10:14:19,actions-trading,MFHS2,003490,seen,,afba0c0f9445
14908356,2026-09-10 10:14:19,actions-trading,MFHS2,317400,seen,,9cd1676a6e59
14908356,2026-09-10 10:14:19,actions-trading,MFHS2,316140,seen,,fc4a41a07a8e
14908356,2026-09-10 10:14:19,actions-trading,MFHS2,361610,seen,,605e15ac7c11
14908356,2026-09-10 10:14:19,actions-trading,MFHS2,018880,seen,,a6c5f984ee86
14908356,2026-09-10 10:14:19,actions-trading,MFHS2,096770,seen,,8804829750eb
14908356,2026-09-10 10:14:19,actions-trading,MFHS2,465770,seen,,b7d3962576f0
14908356,2026-09-10 10:14:19,actions-trading,MFHS2,017900,seen,,69551dcd8fd4
14908356,2026-09-10 10:14:19,actions-trading,MFHS2,010140,seen,,e9c0969115de
14908356,2026-09-10 10:14:19,actions-trading,MFHS2,009420,seen,,1f9584e933ee
14908356,2026-09-10 10:14:19,actions-trading,MFHS2,047040,seen,,cb500e8ea3ad
14908356,2026-09-10 10:14:19,actions-trading,MFHS2,002140,seen,,9e0541e3d4cb
14908356,2026-09-10 10:14:19,actions-trading,MFHS2,006340,seen,,b5c5ef9cfb34
14908356,2026-09-10 10:14:19,actions-trading,MFHS2,019170,seen,,5362f4ce5920
14908356,2026-09-10 10:14:19,actions-trading,MFHS2,006360,seen,,400677b63c0d
14908356,2026-09-10 10:14:19,actions-trading,MFHS2,078930,seen,,06400fb3b4bf
14908356,2026-09-10 10:14:19,actions-trading,MFHS2,000400,seen,,c71c7e7f1f21
14908356,2026-09-10 10:14:19,actions-trading,MFHS2,011200,seen,,c10b92e2f801
14908356,2026-09-10 10:14:19,actions-trading,MFHS2,014280,seen,,5f013a849d2a
14908356,2026-09-10 10:14:19,actions-trading,MFHS2,003610,seen,,e6f94345422d
14908356,2026-09-10 10:14:19,actions-trading,MFHS2,105560,seen,,9363fec9a08b
14908356,2026-09-10 10:14:19,actions-trading,MFHS2,035720,seen,,855d6936c3af
14908356,2026-09-10 10:14:19,actions-trading,MFHS2,004020,seen,,5f8f7c0f1635
14908356,2026-09-10 10:14:19,actions-trading,MFHS2,032640,seen,,e410fb147974
14908356,2026-09-10 10:14:19,actions-trading,MFHS2,053690,seen,,2ee4b8361807
14908356,2026-09-10 10:14:19,actions-trading,MFHS2,012630,seen,,bccf240c4838
14908356,2026-09-10 10:14:19,actions-trading,MFHS2,079160,seen,,66ed9e67059e
14908356,2026-09-10 10:14:22,actions-trading,Sim3,402340,skip,qty_zero,f959000b54db
14908356,2026-09-10 10:14:22,actions-trading,Sim3,383800,skip,amount,37c8f615eb64
14908356,2026-09-10 10:14:22,actions-trading,Sim3,462870,skip,amount,ab351dd7f9d2
14908356,2026-09-10 10:14:22,actions-trading,Sim3,000660,skip,qty_zero,0e8172b11a30
14908356,2026-09-10 10:14:22,actions-trading,Sim3,071970,skip,cooldown,438547ac7988
14908356,2026-09-10 10:14:22,actions-trading,Sim3,042700,skip,not_cheap,36379bcf2d67
14908356,2026-09-10 10:14:22,actions-trading,Sim3,326030,skip,amount,b285bfc8aebe
14908356,2026-09-10 10:14:22,actions-trading,Sim3,207940,skip,not_cheap,eee50580fff3
14908356,2026-09-10 10:14:22,actions-trading,Sim3,033920,skip,amount,847a29f948c8
14908356,2026-09-10 10:14:22,actions-trading,Sim3,004770,skip,cooldown,52d7c83ac6f5
14908356,2026-09-10 10:14:22,actions-trading,Sim3,0126Z0,skip,amount,5ecf533e95dd
14908356,2026-09-10 10:14:22,actions-trading,Sim3,062040,skip,not_cheap,d8b54d8827e3
14908356,2026-09-10 10:14:22,actions-trading,Sim3,317450,skip,amount,dd39febf24e0
14908356,2026-09-10 10:14:22,actions-trading,Sim3,026960,skip,amount,ae72c37bb557
14908356,2026-09-10 10:14:22,actions-trading,Sim3,021820,skip,amount,439318ea13de
14908356,2026-09-10 10:14:22,actions-trading,Sim3,192080,skip,amount,ddcdba0434a9
14908356,2026-09-10 10:14:22,actions-trading,Sim3,068270,skip,held_or_sold_today,f4224bc2b11c
14908356,2026-09-10 10:14:22,actions-trading,Sim3,123890,skip,amount,d8350fb5fefd
14908356,2026-09-10 10:14:22,actions-trading,Sim3,000240,skip,amount,7229bb611a1c
14908356,2026-09-10 10:14:22,actions-trading,Sim3,002380,skip,amount,093b38651d21
14908356,2026-09-10 10:14:22,actions-trading,Sim3,009770,skip,amount,215d96822de1
14908356,2026-09-10 10:14:22,actions-trading,Sim3,259960,skip,held_or_sold_today,104d54ac8913
14908356,2026-09-10 10:14:22,actions-trading,Sim3,035250,skip,amount,d1e5dfd1618a
14908356,2026-09-10 10:14:22,actions-trading,Sim3,383220,skip,amount,4b050e1305ce
14908356,2026-09-10 10:14:22,actions-trading,Sim3,226320,skip,amount,8c9bee2edcf7
14908356,2026-09-10 10:14:22,actions-trading,Sim3,439260,skip,amount,7907b3ed5df9
14908356,2026-09-10 10:14:22,actions-trading,Sim3,025560,skip,amount,fc270274c909
14908356,2026-09-10 10:14:22,actions-trading,Sim3,007700,skip,amount,33f96471e34d
14908356,2026-09-10 10:14:22,actions-trading,Sim3,278470,skip,not_cheap,acd58b08f741
14908356,2026-09-10 10:14:22,actions-trading,Sim3,000990,skip,held_or_sold_today,540bb8628f43
14908356,2026-09-10 10:14:25,actions-trading,상승모멘텀,006380,skip,max_holdings,c203be843be2
14908356,2026-09-10 10:14:25,actions-trading,상승모멘텀,007540,seen,,d452832993be
14908356,2026-09-10 10:14:25,actions-trading,상승모멘텀,006490,seen,,7378bc214ef5
14908356,2026-09-10 10:14:25,actions-trading,상승모멘텀,248170,seen,,81c410f171b9
14908356,2026-09-10 10:14:25,actions-trading,상승모멘텀,004090,seen,,4bba5e316c0c
14908356,2026-09-10 10:14:25,actions-trading,상승모멘텀,465770,seen,,b7d3962576f0
14908356,2026-09-10 10:14:25,actions-trading,상승모멘텀,003280,seen,,96cd5a653e6e
14908356,2026-09-10 10:14:25,actions-trading,상승모멘텀,006880,seen,,1e753f1f255f
14908356,2026-09-10 10:14:25,actions-trading,상승모멘텀,012630,seen,,bccf240c4838
14908356,2026-09-10 10:14:25,actions-trading,상승모멘텀,117580,seen,,ca5d6fed0364
14908356,2026-09-10 10:14:25,actions-trading,상승모멘텀,020120,seen,,3c62593a6847
14908356,2026-09-10 10:14:25,actions-trading,상승모멘텀,014990,seen,,27b15df5f0f8
14908356,2026-09-10 10:14:25,actions-trading,상승모멘텀,014530,seen,,165e6c4e4da0
14908356,2026-09-10 10:14:25,actions-trading,상승모멘텀,002140,seen,,9e0541e3d4cb
14908356,2026-09-10 10:14:25,actions-trading,상승모멘텀,029460,seen,,40506a8b63e0
14908356,2026-09-10 10:14:25,actions-trading,상승모멘텀,007610,seen,,a9bcc29c29ab
14908356,2026-09-10 10:14:25,actions-trading,상승모멘텀,001525,seen,,390201f2275c
14908356,2026-09-10 10:14:25,actions-trading,상승모멘텀,005180,seen,,cdb3c50ccb0a
14908356,2026-09-10 10:14:25,actions-trading,상승모멘텀,015590,seen,,f58bf41ed95f
14908356,2026-09-10 10:14:25,actions-trading,상승모멘텀,010040,seen,,6d7203d948d8
14908356,2026-09-10 10:14:25,actions-trading,상승모멘텀,092790,seen,,87b6a088d79e
14908356,2026-09-10 10:14:25,actions-trading,상승모멘텀,018670,seen,,29cec9ffd7f1
14908356,2026-09-10 10:14:25,actions-trading,상승모멘텀,003120,seen,,0ef16b83177d
14908356,2026-09-10 10:14:25,actions-trading,상승모멘텀,005745,seen,,40e481758cde
14908356,2026-09-10 10:14:25,actions-trading,상승모멘텀,017860,seen,,1fb2e71c8d8e
14908356,2026-09-10 10:14:25,actions-trading,상승모멘텀,010400,seen,,0c0c2fb9c3c7
14908356,2026-09-10 10:14:25,actions-trading,상승모멘텀,004430,seen,,4655db1d1af7
14908356,2026-09-10 10:14:25,actions-trading,상승모멘텀,007280,seen,,3afbe5782312
14908356,2026-09-10 10:14:25,actions-trading,상승모멘텀,008355,seen,,75d228eba787
14908356,2026-09-10 10:14:25,actions-trading,상승모멘텀,002170,seen,,dbcd1ecb2935
14908356,2026-09-10 10:14:26,actions-trading,선행매집,003280,skip,below_anchor,96cd5a653e6e
14908356,2026-09-10 10:14:26,actions-trading,선행매집,005935,skip,below_anchor,1cf86eb117ce
14908356,2026-09-10 10:14:26,actions-trading,선행매집,316140,skip,below_anchor,fc4a41a07a8e
14908356,2026-09-10 10:14:26,actions-trading,선행매집,003490,skip,sold_or_cooldown,afba0c0f9445
14908356,2026-09-10 10:14:26,actions-trading,선행매집,317400,skip,below_anchor,9cd1676a6e59
14908356,2026-09-10 10:14:26,actions-trading,선행매집,018880,skip,below_anchor,a6c5f984ee86
14908356,2026-09-10 10:14:26,actions-trading,선행매집,361610,skip,below_anchor,605e15ac7c11
14908356,2026-09-10 10:14:26,actions-trading,선행매집,096770,skip,no_setup,8804829750eb
14908356,2026-09-10 10:14:26,actions-trading,선행매집,465770,skip,below_anchor,b7d3962576f0
14908356,2026-09-10 10:14:26,actions-trading,선행매집,006340,skip,below_anchor,b5c5ef9cfb34
14908356,2026-09-10 10:14:26,actions-trading,선행매집,005930,skip,below_anchor,3cc9dbfd663e
14908356,2026-09-10 10:14:26,actions-trading,선행매집,017900,skip,below_anchor,69551dcd8fd4
14908356,2026-09-10 10:14:26,actions-trading,선행매집,002140,skip,below_anchor,9e0541e3d4cb
14908356,2026-09-10 10:14:26,actions-trading,선행매집,006360,skip,below_anchor,400677b63c0d
14908356,2026-09-10 10:14:26,actions-trading,선행매집,078930,skip,held_awaiting_breakout,06400fb3b4bf
14908356,2026-09-10 10:14:26,actions-trading,선행매집,019170,skip,below_anchor,5362f4ce5920
14908356,2026-09-10 10:14:26,actions-trading,선행매집,009420,skip,below_anchor,1f9584e933ee
14908356,2026-09-10 10:14:26,actions-trading,선행매집,000400,skip,amount,c71c7e7f1f21
14908356,2026-09-10 10:14:26,actions-trading,선행매집,032640,skip,below_anchor,e410fb147974
14908356,2026-09-10 10:14:26,actions-trading,선행매집,027740,skip,amount,e1ae5d56fe2b
14908356,2026-09-10 10:14:26,actions-trading,선행매집,011200,skip,below_anchor,c10b92e2f801
14908356,2026-09-10 10:14:26,actions-trading,선행매집,105560,skip,no_setup,9363fec9a08b
14908356,2026-09-10 10:14:26,actions-trading,선행매집,010140,skip,below_anchor,e9c0969115de
14908356,2026-09-10 10:14:26,actions-trading,선행매집,003610,skip,amount,e6f94345422d
14908356,2026-09-10 10:14:26,actions-trading,선행매집,014280,skip,amount,5f013a849d2a
14908356,2026-09-10 10:14:26,actions-trading,선행매집,004020,skip,below_anchor,5f8f7c0f1635
14908356,2026-09-10 10:14:26,actions-trading,선행매집,005490,skip,below_anchor,3cdbcad1b06a
14908356,2026-09-10 10:14:26,actions-trading,선행매집,402340,skip,below_anchor,f959000b54db
14908356,2026-09-10 10:14:26,actions-trading,선행매집,053690,skip,below_anchor,2ee4b8361807
14908356,2026-09-10 10:14:26,actions-trading,선행매집,012630,skip,below_anchor,bccf240c4838
14908356,2026-09-10 10:14:26,actions-trading,Sim9,_gate,skip,outside_entry_window,e3b0c44298fc
14908356,2026-09-10 10:14:26,actions-trading,Sim9,006380,seen,,c203be843be2
14908356,2026-09-10 10:14:26,actions-trading,Sim9,007540,seen,,d452832993be
14908356,2026-09-10 10:14:26,actions-trading,Sim9,006490,seen,,7378bc214ef5
14908356,2026-09-10 10:14:26,actions-trading,Sim9,248170,seen,,81c410f171b9
14908356,2026-09-10 10:14:26,actions-trading,Sim9,004090,seen,,4bba5e316c0c
14908356,2026-09-10 10:14:26,actions-trading,Sim9,465770,seen,,b7d3962576f0
14908356,2026-09-10 10:14:26,actions-trading,Sim9,003280,seen,,96cd5a653e6e
14908356,2026-09-10 10:14:26,actions-trading,Sim9,006880,seen,,1e753f1f255f
14908356,2026-09-10 10:14:26,actions-trading,Sim9,012630,seen,,bccf240c4838
14908356,2026-09-10 10:14:26,actions-trading,Sim9,117580,seen,,ca5d6fed0364
14908356,2026-09-10 10:14:26,actions-trading,Sim9,020120,seen,,3c62593a6847
14908356,2026-09-10 10:14:26,actions-trading,Sim9,014990,seen,,27b15df5f0f8
14908356,2026-09-10 10:14:26,actions-trading,Sim9,014530,seen,,165e6c4e4da0
14908356,2026-09-10 10:14:26,actions-trading,Sim9,002140,seen,,9e0541e3d4cb
14908356,2026-09-10 10:14:26,actions-trading,Sim9,029460,seen,,40506a8b63e0
14908356,2026-09-10 10:14:26,actions-trading,Sim9,007610,seen,,a9bcc29c29ab
14908356,2026-09-10 10:14:26,actions-trading,Sim9,001525,seen,,390201f2275c
14908356,2026-09-10 10:14:26,actions-trading,Sim9,005180,seen,,cdb3c50ccb0a
14908356,2026-09-10 10:14:26,actions-trading,Sim9,015590,seen,,f58bf41ed95f
14908356,2026-09-10 10:14:26,actions-trading,Sim9,010040,seen,,6d7203d948d8
14908356,2026-09-10 10:14:26,actions-trading,Sim9,092790,seen,,87b6a088d79e
14908356,2026-09-10 10:14:26,actions-trading,Sim9,018670,seen,,29cec9ffd7f1
14908356,2026-09-10 10:14:26,actions-trading,Sim9,003120,seen,,0ef16b83177d
14908356,2026-09-10 10:14:26,actions-trading,Sim9,005745,seen,,40e481758cde
14908356,2026-09-10 10:14:26,actions-trading,Sim9,017860,seen,,1fb2e71c8d8e
14908356,2026-09-10 10:14:26,actions-trading,Sim9,010400,seen,,0c0c2fb9c3c7
14908356,2026-09-10 10:14:26,actions-trading,Sim9,004430,seen,,4655db1d1af7
14908356,2026-09-10 10:14:26,actions-trading,Sim9,007280,seen,,3afbe5782312
14908356,2026-09-10 10:14:26,actions-trading,Sim9,008355,seen,,75d228eba787
14908356,2026-09-10 10:14:26,actions-trading,Sim9,002170,seen,,dbcd1ecb2935
14908356,2026-09-10 10:14:26,actions-trading,미너비니,078930,skip,held_or_cooldown,06400fb3b4bf
14908356,2026-09-10 10:14:26,actions-trading,Sim12,006380,skip,avoid_deadcat,c203be843be2
14908356,2026-09-10 10:14:26,actions-trading,Sim12,007540,skip,avoid_frgn_sell_20d,d452832993be
14908356,2026-09-10 10:14:26,actions-trading,Sim12,006490,skip,pb2_not_crashed,7378bc214ef5
14908356,2026-09-10 10:14:26,actions-trading,Sim12,248170,skip,pb2_not_crashed,81c410f171b9
14908356,2026-09-10 10:14:26,actions-trading,Sim12,004090,skip,pb2_not_crashed,4bba5e316c0c
14908356,2026-09-10 10:14:26,actions-trading,Sim12,465770,skip,held_or_cooldown,b7d3962576f0
14908356,2026-09-10 10:14:26,actions-trading,Sim12,003280,skip,pb2_not_crashed,96cd5a653e6e
14908356,2026-09-10 10:14:26,actions-trading,Sim12,006880,skip,avoid_frgn_sell_20d,1e753f1f255f
14908356,2026-09-10 10:14:26,actions-trading,Sim12,012630,skip,pb2_not_crashed,bccf240c4838
14908356,2026-09-10 10:14:26,actions-trading,Sim12,117580,skip,avoid_frgn_sell_20d,ca5d6fed0364
14908356,2026-09-10 10:14:26,actions-trading,Sim12,020120,skip,held_or_cooldown,3c62593a6847
14908356,2026-09-10 10:14:26,actions-trading,Sim12,014990,skip,avoid_amount_dry,27b15df5f0f8
14908356,2026-09-10 10:14:26,actions-trading,Sim12,014530,skip,avoid_frgn_sell_20d,165e6c4e4da0
14908356,2026-09-10 10:14:26,actions-trading,Sim12,002140,skip,pb2_not_crashed,9e0541e3d4cb
14908356,2026-09-10 10:14:26,actions-trading,Sim12,029460,skip,pb2_not_crashed,40506a8b63e0
14908356,2026-09-10 10:14:26,actions-trading,Sim12,007610,skip,pb2_not_crashed,a9bcc29c29ab
14908356,2026-09-10 10:14:26,actions-trading,Sim12,001525,skip,avoid_amount_dry,390201f2275c
14908356,2026-09-10 10:14:26,actions-trading,Sim12,005180,skip,avoid_amount_dry,cdb3c50ccb0a
14908356,2026-09-10 10:14:26,actions-trading,Sim12,015590,skip,avoid_amount_dry,f58bf41ed95f
14908356,2026-09-10 10:14:26,actions-trading,Sim12,010040,skip,avoid_amount_dry,6d7203d948d8
14908356,2026-09-10 10:14:26,actions-trading,Sim12,092790,skip,avoid_frgn_hold_drop,87b6a088d79e
14908356,2026-09-10 10:14:26,actions-trading,Sim12,018670,skip,avoid_frgn_sell_20d,29cec9ffd7f1
14908356,2026-09-10 10:14:26,actions-trading,Sim12,003120,skip,avoid_amount_dry,0ef16b83177d
14908356,2026-09-10 10:14:26,actions-trading,Sim12,005745,skip,avoid_amount_dry,40e481758cde
14908356,2026-09-10 10:14:26,actions-trading,Sim12,017860,skip,pb2_not_crashed,1fb2e71c8d8e
14908356,2026-09-10 10:14:26,actions-trading,Sim12,010400,skip,avoid_amount_dry,0c0c2fb9c3c7
14908356,2026-09-10 10:14:26,actions-trading,Sim12,004430,skip,pb2_not_crashed,4655db1d1af7
14908356,2026-09-10 10:14:26,actions-trading,Sim12,007280,skip,pb2_not_crashed,3afbe5782312
14908356,2026-09-10 10:14:26,actions-trading,Sim12,008355,skip,pb2_not_crashed,75d228eba787
14908356,2026-09-10 10:14:26,actions-trading,Sim12,002170,skip,avoid_amount_dry,dbcd1ecb2935
14908356,2026-09-10 10:14:26,actions-trading,Sim12,000500,skip,pb2_not_crashed,201b8ee4c2b9
14908356,2026-09-10 10:14:26,actions-trading,Sim12,044380,skip,held_or_cooldown,10f2dbec0ca4
14908356,2026-09-10 10:14:26,actions-trading,Sim12,019685,skip,avoid_frgn_hold_drop,ef7016863cd2
14908356,2026-09-10 10:14:26,actions-trading,Sim12,006110,skip,avoid_amount_dry,4e7a2d3a510b
14908356,2026-09-10 10:14:26,actions-trading,Sim12,019680,skip,avoid_frgn_sell_20d,b545fa1b29a1
14908356,2026-09-10 10:14:26,actions-trading,Sim12,010950,skip,pb2_not_crashed,4e6c4117f39a
14908356,2026-09-10 10:14:26,actions-trading,Sim12,004770,skip,avoid_amount_dry,52d7c83ac6f5
14908356,2026-09-10 10:14:26,actions-trading,Sim12,062040,skip,avoid_amount_dry,d8b54d8827e3
14908356,2026-09-10 10:14:26,actions-trading,Sim12,336260,skip,avoid_amount_dry,191d8ff49303
14908356,2026-09-10 10:14:26,actions-trading,Sim12,001440,skip,pb2_not_crashed,9eb4169b7a31
14908356,2026-09-10 10:14:26,actions-trading,Sim12,009420,skip,avoid_amount_dry,1f9584e933ee
14908356,2026-09-10 10:14:26,actions-trading,Sim12,001290,skip,avoid_amount_dry,264f1da9b3cb
14908356,2026-09-10 10:14:26,actions-trading,Sim12,002070,skip,avoid_amount_dry,70a0a3a2b13e
14908356,2026-09-10 10:14:26,actions-trading,Sim12,066970,skip,avoid_amount_dry,d2ebb1f097b1
14908356,2026-09-10 10:14:26,actions-trading,Sim12,001770,skip,avoid_amount_dry,16dc0aaa2765
14908356,2026-09-10 10:14:26,actions-trading,Sim12,004415,skip,avoid_amount_dry,f7865c5426b8
14908356,2026-09-10 10:14:26,actions-trading,Sim12,0220W0,skip,avoid_amount_dry,f5af12c50488
14908356,2026-09-10 10:14:26,actions-trading,Sim12,008930,skip,avoid_amount_dry,2e8f86a4e0df
14908356,2026-09-10 10:14:26,actions-trading,Sim12,33626K,skip,avoid_frgn_sell_20d,b37fcf564854
14908356,2026-09-10 10:14:26,actions-trading,Sim12,002990,skip,avoid_amount_dry,20a5af39951c
14908356,2026-09-10 10:14:26,actions-trading,Sim12,004800,skip,avoid_amount_dry,e4d098118559
14908356,2026-09-10 10:14:26,actions-trading,Sim12,017960,skip,avoid_amount_dry,627ca1d7d84a
14908356,2026-09-10 10:14:26,actions-trading,Sim12,001820,skip,avoid_amount_dry,4fd82c689b26
14908356,2026-09-10 10:14:26,actions-trading,Sim12,052690,skip,avoid_amount_dry,9583a3a0b9f3
14908356,2026-09-10 10:14:26,actions-trading,Sim12,180640,skip,avoid_amount_dry,c54612071d16
14908356,2026-09-10 10:14:26,actions-trading,Sim12,006260,skip,avoid_amount_dry,083d0f9ff69a
14908356,2026-09-10 10:14:26,actions-trading,Sim12,229640,skip,avoid_amount_dry,d3e26edb0ed5
14908356,2026-09-10 10:14:26,actions-trading,Sim12,120110,skip,avoid_amount_dry,2a3a4bb9b5f5
14908356,2026-09-10 10:14:26,actions-trading,Sim12,090460,skip,avoid_amount_dry,ffe8111d639a
14908356,2026-09-10 10:14:26,actions-trading,Sim12,000155,skip,avoid_amount_dry,32857cf4160e
14908356,2026-09-10 10:14:27,actions-trading,Sim13,006380,skip,theme_momentum_weak,c203be843be2
14908356,2026-09-10 10:14:27,actions-trading,Sim13,007540,skip,theme_momentum_weak,d452832993be
14908356,2026-09-10 10:14:27,actions-trading,Sim13,006490,skip,theme_momentum_weak,7378bc214ef5
14908356,2026-09-10 10:14:27,actions-trading,Sim13,248170,skip,theme_momentum_weak,81c410f171b9
14908356,2026-09-10 10:14:27,actions-trading,Sim13,004090,skip,theme_momentum_weak,4bba5e316c0c
14908356,2026-09-10 10:14:27,actions-trading,Sim13,465770,skip,adx_weak,b7d3962576f0
14908356,2026-09-10 10:14:27,actions-trading,Sim13,003280,skip,theme_momentum_weak,96cd5a653e6e
14908356,2026-09-10 10:14:27,actions-trading,Sim13,006880,skip,theme_momentum_weak,1e753f1f255f
14908356,2026-09-10 10:14:27,actions-trading,Sim13,012630,skip,theme_momentum_weak,bccf240c4838
14908356,2026-09-10 10:14:27,actions-trading,Sim13,117580,skip,theme_momentum_weak,ca5d6fed0364
14908356,2026-09-10 10:14:27,actions-trading,Sim13,020120,skip,amount_not_surprised,3c62593a6847
14908356,2026-09-10 10:14:27,actions-trading,Sim13,014990,skip,held_or_cooldown,27b15df5f0f8
14908356,2026-09-10 10:14:27,actions-trading,Sim13,014530,skip,theme_momentum_weak,165e6c4e4da0
14908356,2026-09-10 10:14:27,actions-trading,Sim13,002140,skip,theme_momentum_weak,9e0541e3d4cb
14908356,2026-09-10 10:14:27,actions-trading,Sim13,029460,skip,theme_momentum_weak,40506a8b63e0
14908356,2026-09-10 10:14:27,actions-trading,Sim13,007610,skip,theme_momentum_weak,a9bcc29c29ab
14908356,2026-09-10 10:14:27,actions-trading,Sim13,001525,skip,theme_momentum_weak,390201f2275c
14908356,2026-09-10 10:14:27,actions-trading,Sim13,005180,skip,adx_weak,cdb3c50ccb0a
14908356,2026-09-10 10:14:27,actions-trading,Sim13,015590,skip,theme_momentum_weak,f58bf41ed95f
14908356,2026-09-10 10:14:27,actions-trading,Sim13,010040,skip,theme_momentum_weak,6d7203d948d8
14908356,2026-09-10 10:14:27,actions-trading,Sim13,092790,skip,theme_momentum_weak,87b6a088d79e
14908356,2026-09-10 10:14:27,actions-trading,Sim13,018670,skip,theme_momentum_weak,29cec9ffd7f1
14908356,2026-09-10 10:14:27,actions-trading,Sim13,003120,skip,theme_momentum_weak,0ef16b83177d
14908356,2026-09-10 10:14:27,actions-trading,Sim13,005745,skip,theme_momentum_weak,40e481758cde
14908356,2026-09-10 10:14:27,actions-trading,Sim13,017860,skip,theme_momentum_weak,1fb2e71c8d8e
14908356,2026-09-10 10:14:27,actions-trading,Sim13,010400,skip,theme_momentum_weak,0c0c2fb9c3c7
14908356,2026-09-10 10:14:27,actions-trading,Sim13,004430,skip,theme_momentum_weak,4655db1d1af7
14908356,2026-09-10 10:14:27,actions-trading,Sim13,007280,skip,theme_momentum_weak,3afbe5782312
14908356,2026-09-10 10:14:27,actions-trading,Sim13,008355,skip,theme_momentum_weak,75d228eba787
14908356,2026-09-10 10:14:27,actions-trading,Sim13,002170,skip,theme_momentum_weak,dbcd1ecb2935
14908357,2026-09-10 10:15:17,actions-trading,Sim4-1,006380,skip,amount,c203be843be2
14908357,2026-09-10 10:15:17,actions-trading,Sim4-1,007540,skip,amount,ae2cc2d8492b
14908357,2026-09-10 10:15:17,actions-trading,Sim4-1,006490,skip,amount,d9ef1af722db
14908357,2026-09-10 10:15:17,actions-trading,Sim4-1,004090,skip,adx_high,18f45a75cf1a
14908357,2026-09-10 10:15:17,actions-trading,Sim4-1,248170,skip,period,a78cb6055c09
14908357,2026-09-10 10:15:17,actions-trading,Sim4-1,003280,skip,adx_high,4e237d1725b8
14908357,2026-09-10 10:15:17,actions-trading,Sim4-1,465770,skip,adx_high,6eb39d709a24
14908357,2026-09-10 10:15:17,actions-trading,Sim4-1,006880,skip,adx_low,6c1afe21a11b
14908357,2026-09-10 10:15:17,actions-trading,Sim4-1,117580,skip,adx_high,413d0648a2d5
14908357,2026-09-10 10:15:17,actions-trading,Sim4-1,012630,skip,amount,0548fbc98fc5
14908357,2026-09-10 10:15:17,actions-trading,Sim4-1,014530,skip,amount,a5104059cc71
14908357,2026-09-10 10:15:17,actions-trading,Sim4-1,020120,skip,no_inst,1ccb3a50232c
14908357,2026-09-10 10:15:17,actions-trading,Sim4-1,002140,skip,amount,2ed4a2d692ba
14908357,2026-09-10 10:15:17,actions-trading,Sim4-1,029460,skip,amount,7cded21a3755
14908357,2026-09-10 10:15:17,actions-trading,Sim4-1,007610,skip,adx_high,84afa3b368c6
14908357,2026-09-10 10:15:17,actions-trading,Sim4-1,018670,skip,adx_high,fc8938dd66da
14908357,2026-09-10 10:15:17,actions-trading,Sim4-1,001525,skip,amount,390201f2275c
14908357,2026-09-10 10:15:17,actions-trading,Sim4-1,014990,skip,amount,def53abace4c
14908357,2026-09-10 10:15:17,actions-trading,Sim4-1,015590,skip,amount,0e9462df4ee0
14908357,2026-09-10 10:15:17,actions-trading,Sim4-1,092790,skip,period,7a69d9628900
14908357,2026-09-10 10:15:17,actions-trading,Sim4-1,005180,skip,adx_high,0704c2bc8e04
14908357,2026-09-10 10:15:17,actions-trading,Sim4-1,017860,skip,amount,aeea1462ef38
14908357,2026-09-10 10:15:17,actions-trading,Sim4-1,010040,skip,amount,99ff34a2af23
14908357,2026-09-10 10:15:17,actions-trading,Sim4-1,210980,skip,amount,0a40755c69ed
14908357,2026-09-10 10:15:17,actions-trading,Sim4-1,005745,skip,amount,40e481758cde
14908357,2026-09-10 10:15:17,actions-trading,Sim4-1,001080,skip,amount,38a5739a425f
14908357,2026-09-10 10:15:17,actions-trading,Sim4-1,010400,skip,amount,0c0c2fb9c3c7
14908357,2026-09-10 10:15:17,actions-trading,Sim4-1,093240,skip,amount,f30a0f4942e9
14908357,2026-09-10 10:15:17,actions-trading,Sim4-1,003120,skip,amount,f2fc63298f30
14908357,2026-09-10 10:15:17,actions-trading,Sim4-1,005880,skip,amount,13f2ce3a6aeb
14908357,2026-09-10 10:15:18,actions-trading,Sim4-1,006380,skip,amount,c203be843be2
14908357,2026-09-10 10:15:18,actions-trading,Sim4-1,007540,skip,amount,ae2cc2d8492b
14908357,2026-09-10 10:15:18,actions-trading,Sim4-1,006490,skip,amount,d9ef1af722db
14908357,2026-09-10 10:15:18,actions-trading,Sim4-1,004090,skip,adx_high,18f45a75cf1a
14908357,2026-09-10 10:15:18,actions-trading,Sim4-1,248170,skip,period,a78cb6055c09
14908357,2026-09-10 10:15:18,actions-trading,Sim4-1,003280,skip,adx_high,4e237d1725b8
14908357,2026-09-10 10:15:18,actions-trading,Sim4-1,465770,skip,adx_high,6eb39d709a24
14908357,2026-09-10 10:15:18,actions-trading,Sim4-1,006880,skip,adx_low,6c1afe21a11b
14908357,2026-09-10 10:15:18,actions-trading,Sim4-1,117580,skip,adx_high,413d0648a2d5
14908357,2026-09-10 10:15:18,actions-trading,Sim4-1,012630,skip,amount,0548fbc98fc5
14908357,2026-09-10 10:15:18,actions-trading,Sim4-1,014530,skip,amount,a5104059cc71
14908357,2026-09-10 10:15:18,actions-trading,Sim4-1,020120,skip,no_inst,1ccb3a50232c
14908357,2026-09-10 10:15:18,actions-trading,Sim4-1,002140,skip,amount,2ed4a2d692ba
14908357,2026-09-10 10:15:18,actions-trading,Sim4-1,029460,skip,amount,7cded21a3755
14908357,2026-09-10 10:15:18,actions-trading,Sim4-1,007610,skip,adx_high,84afa3b368c6
14908357,2026-09-10 10:15:18,actions-trading,Sim4-1,018670,skip,adx_high,fc8938dd66da
14908357,2026-09-10 10:15:18,actions-trading,Sim4-1,001525,skip,amount,390201f2275c
14908357,2026-09-10 10:15:18,actions-trading,Sim4-1,014990,skip,amount,def53abace4c
14908357,2026-09-10 10:15:18,actions-trading,Sim4-1,015590,skip,amount,0e9462df4ee0
14908357,2026-09-10 10:15:18,actions-trading,Sim4-1,092790,skip,period,7a69d9628900
14908357,2026-09-10 10:15:18,actions-trading,Sim4-1,005180,skip,adx_high,0704c2bc8e04
14908357,2026-09-10 10:15:18,actions-trading,Sim4-1,017860,skip,amount,aeea1462ef38
14908357,2026-09-10 10:15:18,actions-trading,Sim4-1,010040,skip,amount,99ff34a2af23
14908357,2026-09-10 10:15:18,actions-trading,Sim4-1,210980,skip,amount,0a40755c69ed
14908357,2026-09-10 10:15:18,actions-trading,Sim4-1,005745,skip,amount,40e481758cde
14908357,2026-09-10 10:15:18,actions-trading,Sim4-1,001080,skip,amount,38a5739a425f
14908357,2026-09-10 10:15:18,actions-trading,Sim4-1,010400,skip,amount,0c0c2fb9c3c7
14908357,2026-09-10 10:15:18,actions-trading,Sim4-1,093240,skip,amount,f30a0f4942e9
14908357,2026-09-10 10:15:18,actions-trading,Sim4-1,003120,skip,amount,f2fc63298f30
14908357,2026-09-10 10:15:18,actions-trading,Sim4-1,005880,skip,amount,13f2ce3a6aeb
14908357,2026-09-10 10:16:12,actions-trading,MFHS2,003280,skip,max_holdings,d67ad30c56c6
14908357,2026-09-10 10:16:12,actions-trading,MFHS2,005935,seen,,fc6961b9b7d0
14908357,2026-09-10 10:16:12,actions-trading,MFHS2,005930,seen,,b9c23d44a1c4
14908357,2026-09-10 10:16:12,actions-trading,MFHS2,003490,seen,,d778f6cdbf33
14908357,2026-09-10 10:16:12,actions-trading,MFHS2,317400,seen,,b24ac9d5fb6d
14908357,2026-09-10 10:16:12,actions-trading,MFHS2,316140,seen,,06927b30bc72
14908357,2026-09-10 10:16:12,actions-trading,MFHS2,361610,seen,,5b250eb1e5fc
14908357,2026-09-10 10:16:12,actions-trading,MFHS2,018880,seen,,68670184bee1
14908357,2026-09-10 10:16:12,actions-trading,MFHS2,096770,seen,,c69d72200974
14908357,2026-09-10 10:16:12,actions-trading,MFHS2,465770,seen,,dde242eba94f
14908357,2026-09-10 10:16:12,actions-trading,MFHS2,017900,seen,,e42dada1086e
14908357,2026-09-10 10:16:12,actions-trading,MFHS2,010140,seen,,155ff499076c
14908357,2026-09-10 10:16:12,actions-trading,MFHS2,009420,seen,,788e74dafb94
14908357,2026-09-10 10:16:12,actions-trading,MFHS2,047040,seen,,7dc95d5fd23b
14908357,2026-09-10 10:16:12,actions-trading,MFHS2,002140,seen,,ee6bd8f03513
14908357,2026-09-10 10:16:12,actions-trading,MFHS2,006340,seen,,df0fa6fe73ea
14908357,2026-09-10 10:16:12,actions-trading,MFHS2,019170,seen,,88e775258a63
14908357,2026-09-10 10:16:12,actions-trading,MFHS2,006360,seen,,13c1a677a16c
14908357,2026-09-10 10:16:12,actions-trading,MFHS2,078930,seen,,d0de04c09e46
14908357,2026-09-10 10:16:12,actions-trading,MFHS2,000400,seen,,4181f437e4ab
14908357,2026-09-10 10:16:12,actions-trading,MFHS2,011200,seen,,a316fee75421
14908357,2026-09-10 10:16:12,actions-trading,MFHS2,014280,seen,,ea5f50e5ac54
14908357,2026-09-10 10:16:12,actions-trading,MFHS2,003610,seen,,7cc6b44dcf96
14908357,2026-09-10 10:16:12,actions-trading,MFHS2,105560,seen,,1f0a2c3d6f13
14908357,2026-09-10 10:16:12,actions-trading,MFHS2,035720,seen,,6bbb738c9f40
14908357,2026-09-10 10:16:12,actions-trading,MFHS2,004020,seen,,c8981552ccf6
14908357,2026-09-10 10:16:12,actions-trading,MFHS2,032640,seen,,1739e15807ad
14908357,2026-09-10 10:16:12,actions-trading,MFHS2,053690,seen,,bd3a11d5c136
14908357,2026-09-10 10:16:12,actions-trading,MFHS2,012630,seen,,2601da0277c2
14908357,2026-09-10 10:16:12,actions-trading,MFHS2,079160,seen,,f016a3c15c0f
14908357,2026-09-10 10:16:15,actions-trading,Sim3,402340,skip,qty_zero,d4e1ecdc0a44
14908357,2026-09-10 10:16:15,actions-trading,Sim3,383800,skip,amount,110690577c32
14908357,2026-09-10 10:16:15,actions-trading,Sim3,462870,skip,amount,aec4e9144c58
14908357,2026-09-10 10:16:15,actions-trading,Sim3,000660,skip,qty_zero,5ed802870381
14908357,2026-09-10 10:16:15,actions-trading,Sim3,071970,skip,cooldown,73ada9f0e165
14908357,2026-09-10 10:16:15,actions-trading,Sim3,042700,skip,not_cheap,3a74fdb08c94
14908357,2026-09-10 10:16:15,actions-trading,Sim3,326030,skip,amount,35524489c5f2
14908357,2026-09-10 10:16:15,actions-trading,Sim3,207940,skip,not_cheap,58507ad1b8ea
14908357,2026-09-10 10:16:15,actions-trading,Sim3,033920,skip,amount,847a29f948c8
14908357,2026-09-10 10:16:15,actions-trading,Sim3,004770,skip,cooldown,b23a8a72341b
14908357,2026-09-10 10:16:15,actions-trading,Sim3,0126Z0,skip,amount,32ffe9cbb073
14908357,2026-09-10 10:16:15,actions-trading,Sim3,062040,skip,not_cheap,d7b284cf3cc8
14908357,2026-09-10 10:16:15,actions-trading,Sim3,317450,skip,amount,11605e2b8c29
14908357,2026-09-10 10:16:15,actions-trading,Sim3,026960,skip,amount,10d20cadbd15
14908357,2026-09-10 10:16:15,actions-trading,Sim3,021820,skip,amount,439318ea13de
14908357,2026-09-10 10:16:15,actions-trading,Sim3,192080,skip,amount,3dc045d63f29
14908357,2026-09-10 10:16:15,actions-trading,Sim3,068270,skip,held_or_sold_today,222b467a9b6a
14908357,2026-09-10 10:16:15,actions-trading,Sim3,123890,skip,amount,e7aa3798a5d1
14908357,2026-09-10 10:16:15,actions-trading,Sim3,000240,skip,amount,897082741842
14908357,2026-09-10 10:16:15,actions-trading,Sim3,002380,skip,amount,76ee34079aad
14908357,2026-09-10 10:16:15,actions-trading,Sim3,009770,skip,amount,215d96822de1
14908357,2026-09-10 10:16:15,actions-trading,Sim3,259960,skip,held_or_sold_today,889d78852dda
14908357,2026-09-10 10:16:15,actions-trading,Sim3,035250,skip,amount,b86b3f6a138f
14908357,2026-09-10 10:16:15,actions-trading,Sim3,383220,skip,amount,575273b9a969
14908357,2026-09-10 10:16:15,actions-trading,Sim3,226320,skip,amount,5621a0aa7685
14908357,2026-09-10 10:16:15,actions-trading,Sim3,439260,skip,amount,b44241a89086
14908357,2026-09-10 10:16:15,actions-trading,Sim3,025560,skip,amount,727c4be5e373
14908357,2026-09-10 10:16:15,actions-trading,Sim3,007700,skip,amount,33f96471e34d
14908357,2026-09-10 10:16:15,actions-trading,Sim3,278470,skip,not_cheap,8b325900b1e8
14908357,2026-09-10 10:16:15,actions-trading,Sim3,000990,skip,held_or_sold_today,7e7456cfa38e
14908357,2026-09-10 10:16:18,actions-trading,상승모멘텀,006380,skip,max_holdings,c203be843be2
14908357,2026-09-10 10:16:18,actions-trading,상승모멘텀,007540,seen,,ae2cc2d8492b
14908357,2026-09-10 10:16:18,actions-trading,상승모멘텀,006490,seen,,249b5b5de605
14908357,2026-09-10 10:16:18,actions-trading,상승모멘텀,004090,seen,,5178605f655d
14908357,2026-09-10 10:16:18,actions-trading,상승모멘텀,248170,seen,,cb7598a6f65d
14908357,2026-09-10 10:16:18,actions-trading,상승모멘텀,003280,seen,,d67ad30c56c6
14908357,2026-09-10 10:16:18,actions-trading,상승모멘텀,465770,seen,,dde242eba94f
14908357,2026-09-10 10:16:18,actions-trading,상승모멘텀,006880,seen,,9cf9495139f8
14908357,2026-09-10 10:16:18,actions-trading,상승모멘텀,117580,seen,,b209afd67d5d
14908357,2026-09-10 10:16:18,actions-trading,상승모멘텀,012630,seen,,2601da0277c2
14908357,2026-09-10 10:16:18,actions-trading,상승모멘텀,014530,seen,,ba0d003f9b5b
14908357,2026-09-10 10:16:18,actions-trading,상승모멘텀,020120,seen,,de569cd78e9e
14908357,2026-09-10 10:16:18,actions-trading,상승모멘텀,002140,seen,,ee6bd8f03513
14908357,2026-09-10 10:16:18,actions-trading,상승모멘텀,029460,seen,,277312fe87c0
14908357,2026-09-10 10:16:18,actions-trading,상승모멘텀,007610,seen,,449d5817c981
14908357,2026-09-10 10:16:18,actions-trading,상승모멘텀,018670,seen,,19552ba03040
14908357,2026-09-10 10:16:18,actions-trading,상승모멘텀,001525,seen,,390201f2275c
14908357,2026-09-10 10:16:18,actions-trading,상승모멘텀,014990,seen,,30aac9cc64b7
14908357,2026-09-10 10:16:18,actions-trading,상승모멘텀,015590,seen,,0e9462df4ee0
14908357,2026-09-10 10:16:18,actions-trading,상승모멘텀,092790,seen,,5128cce4b339
14908357,2026-09-10 10:16:18,actions-trading,상승모멘텀,005180,seen,,5b06e26ade77
14908357,2026-09-10 10:16:18,actions-trading,상승모멘텀,017860,seen,,45af08630df3
14908357,2026-09-10 10:16:18,actions-trading,상승모멘텀,010040,seen,,99ff34a2af23
14908357,2026-09-10 10:16:18,actions-trading,상승모멘텀,210980,seen,,0a40755c69ed
14908357,2026-09-10 10:16:18,actions-trading,상승모멘텀,005745,seen,,40e481758cde
14908357,2026-09-10 10:16:18,actions-trading,상승모멘텀,001080,seen,,38a5739a425f
14908357,2026-09-10 10:16:18,actions-trading,상승모멘텀,010400,seen,,fe52b3c0208a
14908357,2026-09-10 10:16:18,actions-trading,상승모멘텀,093240,seen,,f30a0f4942e9
14908357,2026-09-10 10:16:18,actions-trading,상승모멘텀,003120,seen,,86213a26031e
14908357,2026-09-10 10:16:18,actions-trading,상승모멘텀,005880,seen,,203397cffafe
14908357,2026-09-10 10:16:19,actions-trading,선행매집,003280,skip,below_anchor,d67ad30c56c6
14908357,2026-09-10 10:16:19,actions-trading,선행매집,005935,skip,below_anchor,fc6961b9b7d0
14908357,2026-09-10 10:16:19,actions-trading,선행매집,316140,skip,below_anchor,06927b30bc72
14908357,2026-09-10 10:16:19,actions-trading,선행매집,003490,skip,sold_or_cooldown,d778f6cdbf33
14908357,2026-09-10 10:16:19,actions-trading,선행매집,317400,skip,below_anchor,b24ac9d5fb6d
14908357,2026-09-10 10:16:19,actions-trading,선행매집,018880,skip,below_anchor,68670184bee1
14908357,2026-09-10 10:16:19,actions-trading,선행매집,361610,skip,below_anchor,5b250eb1e5fc
14908357,2026-09-10 10:16:19,actions-trading,선행매집,096770,skip,no_setup,c69d72200974
14908357,2026-09-10 10:16:19,actions-trading,선행매집,465770,skip,below_anchor,dde242eba94f
14908357,2026-09-10 10:16:19,actions-trading,선행매집,006340,skip,below_anchor,df0fa6fe73ea
14908357,2026-09-10 10:16:19,actions-trading,선행매집,005930,skip,below_anchor,b9c23d44a1c4
14908357,2026-09-10 10:16:19,actions-trading,선행매집,017900,skip,below_anchor,e42dada1086e
14908357,2026-09-10 10:16:19,actions-trading,선행매집,002140,skip,below_anchor,ee6bd8f03513
14908357,2026-09-10 10:16:19,actions-trading,선행매집,006360,skip,below_anchor,13c1a677a16c
14908357,2026-09-10 10:16:19,actions-trading,선행매집,078930,skip,held_awaiting_breakout,d0de04c09e46
14908357,2026-09-10 10:16:19,actions-trading,선행매집,019170,skip,below_anchor,88e775258a63
14908357,2026-09-10 10:16:19,actions-trading,선행매집,009420,skip,below_anchor,788e74dafb94
14908357,2026-09-10 10:16:19,actions-trading,선행매집,000400,skip,amount,4181f437e4ab
14908357,2026-09-10 10:16:19,actions-trading,선행매집,032640,skip,below_anchor,1739e15807ad
14908357,2026-09-10 10:16:19,actions-trading,선행매집,027740,skip,amount,3e4efde2fa53
14908357,2026-09-10 10:16:19,actions-trading,선행매집,011200,skip,below_anchor,a316fee75421
14908357,2026-09-10 10:16:19,actions-trading,선행매집,105560,skip,no_setup,1f0a2c3d6f13
14908357,2026-09-10 10:16:19,actions-trading,선행매집,010140,skip,below_anchor,155ff499076c
14908357,2026-09-10 10:16:19,actions-trading,선행매집,003610,skip,amount,7cc6b44dcf96
14908357,2026-09-10 10:16:19,actions-trading,선행매집,014280,skip,amount,ea5f50e5ac54
14908357,2026-09-10 10:16:19,actions-trading,선행매집,004020,skip,below_anchor,c8981552ccf6
14908357,2026-09-10 10:16:19,actions-trading,선행매집,005490,skip,below_anchor,28592c77b7f9
14908357,2026-09-10 10:16:19,actions-trading,선행매집,402340,skip,below_anchor,d4e1ecdc0a44
14908357,2026-09-10 10:16:19,actions-trading,선행매집,053690,skip,below_anchor,bd3a11d5c136
14908357,2026-09-10 10:16:19,actions-trading,선행매집,012630,skip,no_setup,2601da0277c2
14908357,2026-09-10 10:16:19,actions-trading,Sim9,_gate,skip,outside_entry_window,e3b0c44298fc
14908357,2026-09-10 10:16:19,actions-trading,Sim9,006380,seen,,c203be843be2
14908357,2026-09-10 10:16:19,actions-trading,Sim9,007540,seen,,ae2cc2d8492b
14908357,2026-09-10 10:16:19,actions-trading,Sim9,006490,seen,,249b5b5de605
14908357,2026-09-10 10:16:19,actions-trading,Sim9,004090,seen,,5178605f655d
14908357,2026-09-10 10:16:19,actions-trading,Sim9,248170,seen,,cb7598a6f65d
14908357,2026-09-10 10:16:19,actions-trading,Sim9,003280,seen,,d67ad30c56c6
14908357,2026-09-10 10:16:19,actions-trading,Sim9,465770,seen,,dde242eba94f
14908357,2026-09-10 10:16:19,actions-trading,Sim9,006880,seen,,9cf9495139f8
14908357,2026-09-10 10:16:19,actions-trading,Sim9,117580,seen,,b209afd67d5d
14908357,2026-09-10 10:16:19,actions-trading,Sim9,012630,seen,,2601da0277c2
14908357,2026-09-10 10:16:19,actions-trading,Sim9,014530,seen,,ba0d003f9b5b
14908357,2026-09-10 10:16:19,actions-trading,Sim9,020120,seen,,de569cd78e9e
14908357,2026-09-10 10:16:19,actions-trading,Sim9,002140,seen,,ee6bd8f03513
14908357,2026-09-10 10:16:19,actions-trading,Sim9,029460,seen,,277312fe87c0
14908357,2026-09-10 10:16:19,actions-trading,Sim9,007610,seen,,449d5817c981
14908357,2026-09-10 10:16:19,actions-trading,Sim9,018670,seen,,19552ba03040
14908357,2026-09-10 10:16:19,actions-trading,Sim9,001525,seen,,390201f2275c
14908357,2026-09-10 10:16:19,actions-trading,Sim9,014990,seen,,30aac9cc64b7
14908357,2026-09-10 10:16:19,actions-trading,Sim9,015590,seen,,0e9462df4ee0
14908357,2026-09-10 10:16:19,actions-trading,Sim9,092790,seen,,5128cce4b339
14908357,2026-09-10 10:16:19,actions-trading,Sim9,005180,seen,,5b06e26ade77
14908357,2026-09-10 10:16:19,actions-trading,Sim9,017860,seen,,45af08630df3
14908357,2026-09-10 10:16:19,actions-trading,Sim9,010040,seen,,99ff34a2af23
14908357,2026-09-10 10:16:19,actions-trading,Sim9,210980,seen,,0a40755c69ed
14908357,2026-09-10 10:16:19,actions-trading,Sim9,005745,seen,,40e481758cde
14908357,2026-09-10 10:16:19,actions-trading,Sim9,001080,seen,,38a5739a425f
14908357,2026-09-10 10:16:19,actions-trading,Sim9,010400,seen,,fe52b3c0208a
14908357,2026-09-10 10:16:19,actions-trading,Sim9,093240,seen,,f30a0f4942e9
14908357,2026-09-10 10:16:19,actions-trading,Sim9,003120,seen,,86213a26031e
14908357,2026-09-10 10:16:19,actions-trading,Sim9,005880,seen,,203397cffafe
14908357,2026-09-10 10:16:19,actions-trading,미너비니,078930,skip,held_or_cooldown,d0de04c09e46
14908357,2026-09-10 10:16:20,actions-trading,Sim12,006380,skip,avoid_deadcat,c203be843be2
14908357,2026-09-10 10:16:20,actions-trading,Sim12,007540,skip,avoid_frgn_sell_20d,ae2cc2d8492b
14908357,2026-09-10 10:16:20,actions-trading,Sim12,006490,skip,pb2_not_crashed,249b5b5de605
14908357,2026-09-10 10:16:20,actions-trading,Sim12,004090,skip,pb2_not_crashed,5178605f655d
14908357,2026-09-10 10:16:20,actions-trading,Sim12,248170,skip,pb2_not_crashed,cb7598a6f65d
14908357,2026-09-10 10:16:20,actions-trading,Sim12,003280,skip,pb2_not_crashed,d67ad30c56c6
14908357,2026-09-10 10:16:20,actions-trading,Sim12,465770,skip,held_or_cooldown,dde242eba94f
14908357,2026-09-10 10:16:20,actions-trading,Sim12,006880,skip,avoid_frgn_sell_20d,9cf9495139f8
14908357,2026-09-10 10:16:20,actions-trading,Sim12,117580,skip,avoid_frgn_sell_20d,b209afd67d5d
14908357,2026-09-10 10:16:20,actions-trading,Sim12,012630,skip,pb2_not_crashed,2601da0277c2
14908357,2026-09-10 10:16:20,actions-trading,Sim12,014530,skip,avoid_frgn_sell_20d,ba0d003f9b5b
14908357,2026-09-10 10:16:20,actions-trading,Sim12,020120,skip,held_or_cooldown,de569cd78e9e
14908357,2026-09-10 10:16:20,actions-trading,Sim12,002140,skip,pb2_not_crashed,ee6bd8f03513
14908357,2026-09-10 10:16:20,actions-trading,Sim12,029460,skip,pb2_not_crashed,277312fe87c0
14908357,2026-09-10 10:16:20,actions-trading,Sim12,007610,skip,pb2_not_crashed,449d5817c981
14908357,2026-09-10 10:16:20,actions-trading,Sim12,018670,skip,avoid_frgn_sell_20d,19552ba03040
14908357,2026-09-10 10:16:20,actions-trading,Sim12,001525,skip,avoid_amount_dry,390201f2275c
14908357,2026-09-10 10:16:20,actions-trading,Sim12,014990,skip,avoid_amount_dry,30aac9cc64b7
14908357,2026-09-10 10:16:20,actions-trading,Sim12,015590,skip,avoid_amount_dry,0e9462df4ee0
14908357,2026-09-10 10:16:20,actions-trading,Sim12,092790,skip,avoid_frgn_hold_drop,5128cce4b339
14908357,2026-09-10 10:16:20,actions-trading,Sim12,005180,skip,avoid_amount_dry,5b06e26ade77
14908357,2026-09-10 10:16:20,actions-trading,Sim12,017860,skip,pb2_not_crashed,45af08630df3
14908357,2026-09-10 10:16:20,actions-trading,Sim12,010040,skip,avoid_amount_dry,99ff34a2af23
14908357,2026-09-10 10:16:20,actions-trading,Sim12,210980,skip,avoid_amount_dry,0a40755c69ed
14908357,2026-09-10 10:16:20,actions-trading,Sim12,005745,skip,avoid_amount_dry,40e481758cde
14908357,2026-09-10 10:16:20,actions-trading,Sim12,001080,skip,avoid_amount_dry,38a5739a425f
14908357,2026-09-10 10:16:20,actions-trading,Sim12,010400,skip,avoid_amount_dry,fe52b3c0208a
14908357,2026-09-10 10:16:20,actions-trading,Sim12,093240,skip,avoid_amount_dry,f30a0f4942e9
14908357,2026-09-10 10:16:20,actions-trading,Sim12,003120,skip,avoid_amount_dry,86213a26031e
14908357,2026-09-10 10:16:20,actions-trading,Sim12,005880,skip,avoid_amount_dry,203397cffafe
14908357,2026-09-10 10:16:20,actions-trading,Sim12,019685,skip,avoid_frgn_hold_drop,be5f6678d96e
14908357,2026-09-10 10:16:20,actions-trading,Sim12,044380,skip,held_or_cooldown,f0ced5ee2ea6
14908357,2026-09-10 10:16:20,actions-trading,Sim12,006110,skip,avoid_amount_dry,242adc309b8b
14908357,2026-09-10 10:16:20,actions-trading,Sim12,000500,skip,pb2_not_crashed,68936f4bd3c6
14908357,2026-09-10 10:16:20,actions-trading,Sim12,019680,skip,avoid_frgn_sell_20d,b954424881a3
14908357,2026-09-10 10:16:20,actions-trading,Sim12,010950,skip,pb2_not_crashed,3c83d6d1c54a
14908357,2026-09-10 10:16:20,actions-trading,Sim12,001770,skip,avoid_amount_dry,663f4f57bd56
14908357,2026-09-10 10:16:20,actions-trading,Sim12,062040,skip,avoid_amount_dry,d7b284cf3cc8
14908357,2026-09-10 10:16:20,actions-trading,Sim12,001290,skip,avoid_amount_dry,7c79959f7510
14908357,2026-09-10 10:16:20,actions-trading,Sim12,004770,skip,avoid_amount_dry,b23a8a72341b
14908357,2026-09-10 10:16:20,actions-trading,Sim12,001440,skip,pb2_not_crashed,4482314fbce2
14908357,2026-09-10 10:16:20,actions-trading,Sim12,009420,skip,avoid_amount_dry,788e74dafb94
14908357,2026-09-10 10:16:20,actions-trading,Sim12,008930,skip,avoid_amount_dry,dfb05b991c62
14908357,2026-09-10 10:16:20,actions-trading,Sim12,336260,skip,avoid_amount_dry,90b2de91c837
14908357,2026-09-10 10:16:20,actions-trading,Sim12,066970,skip,avoid_amount_dry,05078d0f8628
14908357,2026-09-10 10:16:20,actions-trading,Sim12,002070,skip,avoid_amount_dry,05f43a16d280
14908357,2026-09-10 10:16:20,actions-trading,Sim12,0220W0,skip,avoid_amount_dry,54786e98920a
14908357,2026-09-10 10:16:20,actions-trading,Sim12,004415,skip,avoid_amount_dry,f7865c5426b8
14908357,2026-09-10 10:16:20,actions-trading,Sim12,002990,skip,avoid_amount_dry,0581d30b9c5a
14908357,2026-09-10 10:16:20,actions-trading,Sim12,33626K,skip,avoid_frgn_sell_20d,ebb37e990dbe
14908357,2026-09-10 10:16:20,actions-trading,Sim12,004800,skip,avoid_amount_dry,de8818040270
14908357,2026-09-10 10:16:20,actions-trading,Sim12,017960,skip,avoid_amount_dry,3cda4502a498
14908357,2026-09-10 10:16:20,actions-trading,Sim12,001820,skip,avoid_amount_dry,eff25dfc446e
14908357,2026-09-10 10:16:20,actions-trading,Sim12,180640,skip,avoid_amount_dry,13e664bf7e66
14908357,2026-09-10 10:16:20,actions-trading,Sim12,052690,skip,avoid_amount_dry,581ed2cd1f13
14908357,2026-09-10 10:16:20,actions-trading,Sim12,229640,skip,avoid_amount_dry,5eadb30acb47
14908357,2026-09-10 10:16:20,actions-trading,Sim12,120110,skip,avoid_amount_dry,b70ba7402c5e
14908357,2026-09-10 10:16:20,actions-trading,Sim12,090460,skip,avoid_amount_dry,670755ed412e
14908357,2026-09-10 10:16:20,actions-trading,Sim12,483650,skip,avoid_amount_dry,fafe6bccf96c
14908357,2026-09-10 10:16:20,actions-trading,Sim12,006260,skip,avoid_amount_dry,6e55bbc0d4f8
14908357,2026-09-10 10:16:20,actions-trading,Sim13,006380,skip,theme_momentum_weak,c203be843be2
14908357,2026-09-10 10:16:20,actions-trading,Sim13,007540,skip,theme_momentum_weak,ae2cc2d8492b
14908357,2026-09-10 10:16:20,actions-trading,Sim13,006490,skip,theme_momentum_weak,249b5b5de605
14908357,2026-09-10 10:16:20,actions-trading,Sim13,004090,skip,theme_momentum_weak,5178605f655d
14908357,2026-09-10 10:16:20,actions-trading,Sim13,248170,skip,theme_momentum_weak,cb7598a6f65d
14908357,2026-09-10 10:16:20,actions-trading,Sim13,003280,skip,theme_momentum_weak,d67ad30c56c6
14908357,2026-09-10 10:16:20,actions-trading,Sim13,465770,skip,adx_weak,dde242eba94f
14908357,2026-09-10 10:16:20,actions-trading,Sim13,006880,skip,theme_momentum_weak,9cf9495139f8
14908357,2026-09-10 10:16:20,actions-trading,Sim13,117580,skip,theme_momentum_weak,b209afd67d5d
14908357,2026-09-10 10:16:20,actions-trading,Sim13,012630,skip,theme_momentum_weak,2601da0277c2
14908357,2026-09-10 10:16:20,actions-trading,Sim13,014530,skip,theme_momentum_weak,ba0d003f9b5b
14908357,2026-09-10 10:16:20,actions-trading,Sim13,020120,skip,amount_not_surprised,de569cd78e9e
14908357,2026-09-10 10:16:20,actions-trading,Sim13,002140,skip,theme_momentum_weak,ee6bd8f03513
14908357,2026-09-10 10:16:20,actions-trading,Sim13,029460,skip,theme_momentum_weak,277312fe87c0
14908357,2026-09-10 10:16:20,actions-trading,Sim13,007610,skip,theme_momentum_weak,449d5817c981
14908357,2026-09-10 10:16:20,actions-trading,Sim13,018670,skip,theme_momentum_weak,19552ba03040
14908357,2026-09-10 10:16:20,actions-trading,Sim13,001525,skip,theme_momentum_weak,390201f2275c
14908357,2026-09-10 10:16:20,actions-trading,Sim13,014990,skip,held_or_cooldown,30aac9cc64b7
14908357,2026-09-10 10:16:20,actions-trading,Sim13,015590,skip,theme_momentum_weak,0e9462df4ee0
14908357,2026-09-10 10:16:20,actions-trading,Sim13,092790,skip,theme_momentum_weak,5128cce4b339
14908357,2026-09-10 10:16:20,actions-trading,Sim13,005180,skip,adx_weak,5b06e26ade77
14908357,2026-09-10 10:16:20,actions-trading,Sim13,017860,skip,theme_momentum_weak,45af08630df3
14908357,2026-09-10 10:16:20,actions-trading,Sim13,010040,skip,theme_momentum_weak,99ff34a2af23
14908357,2026-09-10 10:16:20,actions-trading,Sim13,210980,skip,theme_momentum_weak,0a40755c69ed
14908357,2026-09-10 10:16:20,actions-trading,Sim13,005745,skip,theme_momentum_weak,40e481758cde
14908357,2026-09-10 10:16:20,actions-trading,Sim13,001080,skip,theme_momentum_weak,38a5739a425f
14908357,2026-09-10 10:16:20,actions-trading,Sim13,010400,skip,theme_momentum_weak,fe52b3c0208a
14908357,2026-09-10 10:16:20,actions-trading,Sim13,093240,skip,theme_momentum_weak,f30a0f4942e9
14908357,2026-09-10 10:16:20,actions-trading,Sim13,003120,skip,theme_momentum_weak,86213a26031e
14908357,2026-09-10 10:16:20,actions-trading,Sim13,005880,skip,theme_momentum_weak,203397cffafe
