code,dt,src,title
067630,2026.09.30 08:02,이데일리,투심 돌아왔다… HLB·뷰노·한국비엔씨 변곡점 중심[바이오맥짚기]
067630,2026.09.30 07:01,서울경제,"“뒤늦게 올라탔는데”…롤러코스터 HLB株, 추격매수 ‘주의보’ [이..."
067630,2026.09.29 16:50,머니투데이,"HLB그룹, '리픽투' FDA 승인 기념식…""제2의 창업 선언 세계로"""
067630,2026.09.29 13:58,서울신문,빅웨이브로보틱스 187% 급등·퀀텀레일 하한가… 변동성 확대된 코스...
067630,2026.09.29 11:07,전자신문,"[ET특징주] HLB, '담관암 신약' FDA 승인에 이틀째 강세"
067630,2026.09.29 10:15,머니투데이,"HLB파나진, AOC 개발 기반 PNA 화학적 변형 기술 글로벌 학회서 공개"
067630,2026.09.28 18:00,한국경제,HLB 그룹주 상한가…담관암 신약 FDA 허가
067630,2026.09.28 16:12,아이뉴스24,美 금리 부담에 반도체株 '털썩'⋯코스피 '6900선' 붕괴
067630,2026.09.28 15:00,머니투데이,"HLB그룹, '리픽투' FDA 승인 기념 전사적 고객 감사 프로모션"
067630,2026.09.28 10:24,파이낸셜뉴스,"""오늘은 코스닥""…'칠천피 붕괴'에도 바이오株 강세에 860선 [fn오전시..."
067630,2026.09.28 10:04,아이뉴스24,"코스피, 장 초반 '약보합'⋯반도체 실적 앞두고 '숨 고르기'"
067630,2026.09.28 09:24,서울신문,"HLB 29.95% 급등, 관련주 줄상한가… 코스닥 1%대 강세"
067630,2026.09.21 13:58,조선비즈,"이주희 엘앤씨바이오 부회장, 인체조직 ECM 바이오산업협회 초대 회장"
067630,2026.09.21 11:25,머니투데이,"HLB, 담관암 신약 제품명 '리픽투' FDA 조건부 수용"
067630,2026.09.16 13:16,머니투데이,"HLB제넥스, 동국대와 규제과학 산학협력…글로벌 인허가 경쟁력 강화"
067630,2026.09.16 06:01,조선비즈,"[인터뷰] 식약처 마약정책과장 “환자 느는데 의약품 수급 불안, ‘의..."
067630,2026.09.15 15:09,머니투데이,"HLB, 담관암 신약 유럽 품목허가 신청…글로벌 상용화 잰걸음"
067630,2026.09.15 09:43,머니투데이,HLB그룹주 장초반 강세…FDA 신약 허가 '기로'
067630,2026.09.14 08:55,머니투데이,"HLB제약, 네이버 판매자 최고등급 '플래티넘' 달성"
067630,2026.09.14 06:03,조선비즈,"[르포] ‘마약’으로 묶였던 대마, 의약품 원료로…K바이오, 150兆 시장..."
067630,2026.09.11 11:29,SBS Biz,"'옵티머스 펀드' 관련 소송…대법 ""판매사 책임 비율 다시 산정해야"""
067630,2026.09.11 06:15,블로터,[HLB 확장의 대가]⑥ 진인혜 경영승계 윤곽…지배력 재편 언제쯤
067630,2026.09.10 15:25,코메디닷컴,"서울대병원 창업기업, 네이버·셀트리온과 마주 앉았다⋯28건 사업화..."
067630,2026.09.09 16:15,블로터,[HLB 확장의 대가]⑤적자 계열사 떠안은 HLB이노…리스크는 투자자몫
067630,2026.09.08 21:01,매경이코노미,반년 새 주가 반 토막 난 HLB…신약·재무 ‘이중고’ [재계톡톡]
067630,2026.09.08 06:25,블로터,[HLB 확장의 대가]① 순환출자 맺은 계열사들…李정부 기조 '역행'
067630,2026.09.04 15:14,머니투데이,"HLB파나진, 美 컨퍼런스서 PNA 기술력 알려…""글로벌 기업들 관심"""
067630,2026.09.04 10:31,머니투데이,"현대요트, '디스커버리 나이트' 열고 요트 공동 소유시장 공략 본격화"
067630,2026.09.03 17:56,더팩트,"HLB생명과학, 계열사 지원에 CB 상환까지…재무 부담 확대"
067630,2026.09.01 09:35,아이뉴스24,[특징주] '간암 신약' 임상 긍정적⋯HLB제약 14%대↑
067630,2026.08.28 16:55,이데일리,"HLB이노베이션, HLB생명과학 대상 360억원 유상증자 결정"
067630,2026.08.27 14:29,아이뉴스24,"HLB이노베이션, HLB셀 인수⋯""국내 세포치료 사업 본격화"""
067630,2026.08.27 13:17,더팩트,"HLB, 진양곤 의장 등 주요 경영진 자사주 추가 매수…""책임경영 강화..."
067630,2026.08.27 08:45,머니투데이,"HLB이노베이션, HLB셀 인수…세포치료 국내 거점 구축"
067630,2026.08.27 08:40,뉴시스,"HLB이노, HLB셀 인수…""세포치료 국내거점 구축"""
067630,2026.08.27 08:37,뉴스1,"HLB이노베이션, HLB셀 인수…세포·유전자치료 국내 거점 구축"
067630,2026.08.27 08:33,이데일리,"HLB이노베이션, HLB셀 품는다…세포치료 국내 기반 확보"
067630,2026.08.27 08:03,연합뉴스,"HLB이노베이션, HLB셀 인수…국내 세포치료 사업 본격화"
067630,2026.08.26 14:33,머니투데이,"HLB테라퓨틱스, 'RGN-259' 글로벌 3상 종료…오는 11월 톱라인 발표"
067630,2026.08.26 09:06,머니투데이,HLB라이프케어 '마이피코링 데이터' 혈당 변화 분석 결과 발표
067630,2026.08.21 07:55,아시아경제,[대형VC 대해부]③해외VC 불모지 18년도 버텼다…한투파의 글로벌 뚝심
067630,2026.08.20 10:31,머니투데이,"HLB바이오스텝, 한·일 비임상 네트워크 확대"
067630,2026.08.18 08:52,머니투데이,"HLB제약, '나티아 제주말차' 롯데홈쇼핑 론칭 방송서 완판"
067630,2026.08.14 16:23,머니투데이,"HLB파나진, 상반기 흑자 경영 지속…PNA 시장 확대·AOC 개발 본격화"
067630,2026.08.14 09:00,머니투데이,"HLB제약, 상반기 매출 1279억 달성…역대 최대 반기 실적"
067630,2026.08.13 17:15,머니투데이,"HLB제넥스, 상반기 매출 230억 돌파… 전년 대비 11%↑"
067630,2026.08.12 15:03,매일신문,'K-문샷 AI 신약개발' 대구에 혁신거점 구축
067630,2026.08.12 13:16,디지털데일리,"[AI정책노트] AI가 신약 후보 찾고 실험실이 검증…정부, K-문샷 신약개..."
067630,2026.08.12 13:02,데일리안,AI가 후보물질 찾고 실험실이 검증…대구 ‘신약개발 거점’ 출범
067630,2026.08.12 13:02,이데일리,"""AI가 약 만들고 실험까지?""…대구서 'K-신약' 막 올랐다"
490470,2026.09.29 19:00,머니투데이,"SBVA, 비전펀드 피터 박 벤처파트너 영입…日 네트워크 강화"
490470,2026.09.29 18:24,머니투데이,"세미파이브, 미국서 703억 규모 ASIC 계약…""ASIC 개발역량 입증"""
490470,2026.09.29 16:16,서울경제,기업 공시 [9월 29일]
490470,2026.09.29 16:01,전자신문,"[人사이트]조명현 세미파이브 대표, “ASIC 경쟁력은 SW…대형 AI칩 양..."
490470,2026.09.29 13:58,서울신문,빅웨이브로보틱스 187% 급등·퀀텀레일 하한가… 변동성 확대된 코스...
490470,2026.09.28 11:03,아이뉴스24,세미파이브 지분 8% 시장에 풀린다⋯'투자자 셈법' 주목
490470,2026.09.22 07:00,블로터,"[VC·PE 20년의 헌사] 소프트뱅크 떠난 SBVA, AUM 3조 눈앞"
490470,2026.09.17 14:52,이데일리,"""AI 지능 끝없이 진화… 뒷받침할 반도체 개발해야"""
490470,2026.09.17 13:18,이데일리,무어의 법칙은 끝났다...'맞춤형 반도체'로 AI 시대 이끌어야
490470,2026.09.15 16:01,전자신문,[人사이트]정동윤 ETRI 특화반도체기술센터장 “MPW 통한 반도체 인재...
490470,2026.09.12 10:01,서울경제,새내기주 70% 공모가 밑돌아…“코스닥 시장 개편 시급” [마켓시그널...
490470,2026.09.10 18:06,서울경제,코스닥 아직도 30년前 수준…투자→상장→스케일업 선순환 끊겨
490470,2026.09.08 19:15,머니투데이,"하이퍼엑셀, 세미파이브 통해 첫 AI반도체 '베르다' 양산 돌입"
490470,2026.09.06 18:20,파이낸셜뉴스,"""공공 파운드리 건설로 반도체 분업생태계 성장 이어가야"" [살아나는..."
490470,2026.09.01 13:54,한국경제,"세미파이브 ""올해 고성능 3D IC칩 개발…게임체인저 될 것"""
490470,2026.08.31 17:52,한국경제,[단독] TSMC처럼…주문형 반도체 위탁 설계
490470,2026.08.31 16:13,전자신문,"예탁결제원, 9월 케이뱅크 등 38개사 2.3억주 의무보유등록 해제"
490470,2026.08.30 18:08,파이낸셜뉴스,"반도체 훈풍 탄 디자인하우스, 상반기 실적 ‘훨훨’"
490470,2026.08.29 06:03,조선비즈,[3040 엔지니어] AI 수혜 맞춤형 반도체 플랫폼 기업 세미파이브… 윤...
490470,2026.08.26 16:14,이데일리,아시아 최강 기술 대학 한 자리에…벤처투자 길 연다
490470,2026.08.24 16:18,서울신문,"[마감시황]코스닥, 1.42% 올라 813.33 마감…2차전지 강세에 반등"
490470,2026.08.24 16:17,지디넷코리아,"삼성 파운드리 훈풍 타고…국내 DSP 5곳, 반년만에 작년 매출 70% 채웠..."
490470,2026.08.24 15:42,서울경제,기업 공시 [8월 24일]
490470,2026.08.24 14:08,이데일리,"세미파이브, AI NPU 반도체 ASIC 설계·공급 계약"
490470,2026.08.14 18:01,전자신문,"세미파이브, 상반기 매출 947억원…전년 比 97%↑"
490470,2026.08.06 10:55,파이낸셜뉴스,"""AI 유니콘 키운다"" 부민병원의 VC '반도체·피지컬·바이오' 3각 베팅..."
490470,2026.07.31 17:56,지디넷코리아,SK실트론 품는 두산…반도체 매출 키우지만 시너지 창출 '난망'
490470,2026.07.24 15:08,지디넷코리아,"K-메모리가 신중한 3D IC…中 CXMT, 틈새 전략 속도"
490470,2026.07.23 06:04,매일경제,“10년만 늦게 태어나고 싶다”...사장 자리 고사하고 도면 잡은 삼성...
490470,2026.07.22 17:02,매일경제,'엑시노스 신화' 쓰고 … 다시 현장 간 삼성맨
490470,2026.07.16 16:00,머니투데이,"아날로그비츠, 동탄 설계센터 개소…첨단 반도체 IP 경쟁력 강화"
490470,2026.07.16 15:33,서울경제,“한국 주식 30%나 더 담았다”…해외 큰손들 앞다퉈 담은 ‘이 종목...
490470,2026.07.15 15:46,한국경제,박기호 사장 “LB인베 창립 30주년… '선택과 집중'으로 유니콘 키워”
490470,2026.07.15 09:21,조선일보,"해외 자금, 韓 상장사 투자 확대…1년 새 30% 늘었다"
490470,2026.07.09 17:29,지디넷코리아,"반도체 설계인력 대기업 쏠림…업계, '해외 인재'로 돌파구"
490470,2026.07.02 14:23,블로터,"LB인베 30주년…박기호 대표 ""2036년 AUM 5조·데카콘 10개 육성"""
490470,2026.07.01 17:57,매일경제,"삼성 ""AI칩 판키우자""…협력사와 기술공유"
490470,2026.07.01 16:51,지디넷코리아,"""칩 구동까지 단 4주""…SAFE 포럼서 본 K-반도체 속도"
490470,2026.07.01 15:47,뉴스1,'파운드리 훈풍' 삼성전자 '세이프 포럼' 열기 후끈…젠슨 황 어디?
490470,2026.07.01 15:11,전자신문,"세미파이브, SAP S/4HANA Public Cloud ERP 구축… 설계 서비스부터 양산..."
490470,2026.07.01 11:01,아이뉴스24,"삼성전자, SAFE 포럼 개최…AI 반도체 겨냥 '2나노 로드맵' 공개"
490470,2026.06.29 09:53,아이뉴스24,오픈놀 최대주주 지분 50% 보호예수 해제
490470,2026.06.26 16:59,조선비즈,"세미파이브, 日서 110억 규모 AI 반도체 양산 수주"
490470,2026.06.22 10:46,이데일리,"한국거래소, 내달 1일 코스닥 30주년 기념식 개최"
490470,2026.06.17 14:00,더팩트,"두산, 코스피 불장 속 홀로 급락세…SK실트론 인수 독 됐나"
490470,2026.06.17 08:59,매일경제,출범 10주년 맞은 한국성장금융… “민간·정책·산업 잇는 파트너로...
490470,2026.06.16 18:21,이데일리,[마켓인]한국성장금융 출범 10년…장상익 대표 “생산적 금융 활성화...
490470,2026.06.16 18:19,블로터,"김학균 VC협회장 ""30조 코스닥 활성화 펀드 조성해야"""
490470,2026.06.16 17:49,매일경제,AI칩 수혜株 옥석 가리기 시작됐나
490470,2026.06.16 16:49,한국경제,"한국성장금융, 출범 10주년 기념식 개최"
161580,2026.09.30 10:01,서울경제,"뉴빌리티, 세미 휴머노이드 ‘빌리’ 공개…1~2년 내 수백 대 푼다"
161580,2026.09.30 07:55,SBS Biz,"[애프터마켓 리뷰] 필옵틱스, 차세대 TGV 장비 납품 수주 성공"
161580,2026.09.29 18:51,서울경제,“2㎜ 유리기판 무결점 가공…AI 반도체 장비 선점할 것”
161580,2026.09.29 11:02,조선비즈,"코스피, 낙폭 줄이며 보합권 등락… 반도체 대형주 ‘저가 매수’ 반..."
161580,2026.09.17 18:31,전자신문,[제17회 디스플레이의 날]장관 표창 - 안현철 동진쎄미켐 상무 등 10인
161580,2026.09.17 09:39,SBS Biz,[이 시각 시황] 美 금리 인상에도 코스피 상승…스페이스X發 우주항공...
161580,2026.09.17 09:35,서울신문,[서울데이터랩]개장 직후 인기 검색 종목 20選
161580,2026.09.10 10:18,서울경제,"2㎜ 두께 유리기판도 불량 ‘0’…필옵틱스, TGV 기술력 과시"
161580,2026.09.08 16:47,SBS Biz,"[오후장 체크포인트] 상반기와 같은 급등은 없다 ""삼전닉스 지금 욕심..."
161580,2026.09.08 16:01,전자신문,[KPCA쇼 2026]AI 서버·유리기판 기술혁신 주역 5명 산업부 장관상
161580,2026.09.08 09:47,서울신문,[서울데이터랩]개장 직후 인기 검색 종목 20選
161580,2026.09.08 09:35,SBS Biz,[이 시각 시황] 코스피 ‘7천피’ 돌파…오후장에도 상승세 이어갈까
161580,2026.09.08 08:32,SBS Biz,[기업이슈] 반도체 훈풍에 관련 소부장주 급등
161580,2026.09.08 07:54,SBS Biz,"[애프터마켓 리뷰] 필옵틱스, 2.0㎜ 두께 TGV 유리기판 공개"
161580,2026.09.07 16:13,문화일보,"필옵틱스, 반도체 유리기판 시장 선점…“글로벌 고객사 장비 발주 막..."
161580,2026.09.07 15:44,서울신문,[서울데이터랩]마감 직후 인기 검색 종목 20選
161580,2026.08.03 11:17,뉴스1,"'이음새 없는 130인치 OLED TV'…디스플레이協, 기술 영상 공개"
161580,2026.07.23 08:46,헤럴드경제,"K-디스플레이, 차세대 ‘무기발광’ 시장 선점 속도"
161580,2026.06.20 06:30,디지털타임스,“삼전닉스 못 샀다고 실망마세요”…다음 주자는?[주형연의 에구MONE...
161580,2026.06.19 09:43,SBS Biz,[이 시각 시황] 인텔·마이크론 급등에 AI 반도체주 랠리 재개
161580,2026.06.13 06:01,한국경제,테슬라·포르쉐도 베팅…AI 전력난이 밀어올린 태양광·수소株
161580,2026.06.04 09:35,SBS Biz,[이 시각 시황] 젠슨 황 방한 소식에 광통신주 '들썩'
161580,2026.05.26 18:11,한국경제,"반도체 초호황 속 양극화…韓소부장 절반, 영업이익률 한자릿수"
161580,2026.05.21 21:01,매경이코노미,‘도파민 증시’ 뒤 숨겨진 그림자
161580,2026.05.20 16:27,머니투데이,"중복상장 주주동의 의무화 ""필수 vs 일부 예외""…의견 팽팽"
161580,2026.05.20 10:47,이데일리,"“중복상장, 주주동의 의무화 필요…지배주주 표결 배제도 방안”"
161580,2026.05.18 11:31,이데일리,"로엔서지컬 '자메닉스', 국내 최초 침습적 수술로봇 '임상 진료 투입..."
161580,2026.05.11 18:17,파이낸셜뉴스,중국 디스플레이 투자 훈풍… 국내 장비기업 살아난다
161580,2026.05.11 09:46,SBS Biz,[이 시각 시황] 뜨거워지는 데이터센터…냉각시스템 시장 고속 성장 ...
161580,2026.05.07 11:27,서울경제,초고수들 다시 ‘삼전’으로…HD현대중공업도 담았다[주식 초고수는 ...
161580,2026.05.06 22:01,한국경제,"""삼전만 폭등한 게 아니었네""…무더기 상한가 '이유' 알고보니 [분석..."
161580,2026.05.06 20:41,헤럴드경제,"“아직도 싸다”…‘상위 1%’ 초고수들이 순매수한 ‘톱4’ 종목, 뭔..."
161580,2026.05.06 16:48,SBS Biz,[애프터마켓 브리핑] 코스피 사상 첫 7000선 돌파…코스닥은 하락 마감
161580,2026.05.01 06:00,서울경제,한발 늦는 증권시스템…IPO 공모주 배정 어렵다 [시그널]
161580,2026.04.24 16:24,전자신문,"AI 교육·소부장 묶는 미래도시…이권재 오산시장, 자족도시 구상"
161580,2026.04.22 09:32,SBS Biz,[이 시각 시황] 리튬 가격 상승에 관련주 강세
161580,2026.04.20 07:40,비즈워치,"코스닥 승강제 전 마지막 '코스닥150' 정기변경, 누가 들어오나"
161580,2026.04.16 15:18,아이뉴스24,"삼성D, 협력사와 '2026 상생협력 데이' 개최"
161580,2026.04.09 10:38,서울경제,오늘의 메모[4월 10일]
161580,2026.03.31 16:44,서울경제,기업 공시 [3월 31일]
161580,2026.03.29 17:14,매일경제,감사보고서 33곳 미제출 '상폐주의보'
161580,2026.03.27 14:47,조선비즈,8.6세대·폴더블 OLED 나란히 ‘순항’… 삼성디스플레이 제조 협력사...
161580,2026.03.25 12:48,지디넷코리아,"필옵틱스 ""이르면 올해 HBM 장비 성과 나올 것"""
161580,2026.03.19 10:22,아이뉴스24,필옵틱스·푸른저축은행 등 코스닥 4개사 감사보고서 미제출
161580,2026.03.18 16:40,SBS Biz,[애프터마켓 브리핑] 코스피 5900선 회복…매수 사이드카
161580,2026.03.11 10:48,매일신문,증시 혼란에 외국인은 반도체株 던지는데…증권가는 비중 확대 기회?
161580,2026.02.13 09:42,블로터,"[IPO 워치] 액스비스, 캐파 확장 본격화…고객사 확대 숙제"
161580,2026.02.10 17:13,이데일리,"필옵틱스, 지난해 연결 영업손실 348억9206만원…적자전환"
161580,2026.01.28 17:24,서울경제,거세진 중복상장 논란에…코스닥 IPO 줄줄이 멈춰 [시그널INSIDE]
161580,2026.01.26 00:41,조선일보,“AI 다음은 로봇… 올해 삼성전자보다 큰 수익률 안겨줄 것”
024850,2026.09.30 08:02,이데일리,투심 돌아왔다… HLB·뷰노·한국비엔씨 변곡점 중심[바이오맥짚기]
024850,2026.09.29 11:16,뉴스1,'리픽투' FDA 승인 효과 이틀째…HLB제약 上·생명과학 22%↑[핫종목]
024850,2026.09.29 09:23,머니투데이,담관암 신약 美허가 소식…HLB그룹주 강세
024850,2026.09.28 18:00,한국경제,HLB 그룹주 상한가…담관암 신약 FDA 허가
024850,2026.09.28 16:40,서울신문,HLB 상한가·에코프로비엠 6% 급등… 반도체 장비주는 약세
024850,2026.09.28 16:16,서울경제,오늘의 메모[9월 29일]
024850,2026.09.28 16:12,아이뉴스24,美 금리 부담에 반도체株 '털썩'⋯코스피 '6900선' 붕괴
024850,2026.09.28 10:24,파이낸셜뉴스,"""오늘은 코스닥""…'칠천피 붕괴'에도 바이오株 강세에 860선 [fn오전시..."
024850,2026.09.28 09:51,뉴스1,HLB그룹주 무더기 상한가…'리픽투' 美 FDA 허가에 매수세 폭발[핫종목...
024850,2026.09.28 07:38,조선비즈,"[바이오e종목] HLB, 형보다 아우가 먼저 해냈다…담관암 신약 FDA 승인..."
024850,2026.09.24 16:35,세계일보,"HLB 표적 항암제, 美 FDA서 담관암 2차 치료제로 승인"
024850,2026.09.24 09:50,스포츠서울,"HLB, 담관암 신약 ‘리픽투’ 美 FDA 승인…20년 도전 끝 글로벌 신약..."
024850,2026.09.16 13:16,머니투데이,"HLB제넥스, 동국대와 규제과학 산학협력…글로벌 인허가 경쟁력 강화"
024850,2026.09.15 09:43,머니투데이,HLB그룹주 장초반 강세…FDA 신약 허가 '기로'
024850,2026.09.12 08:42,이데일리,"거래재개 디알텍 주목…HLB이노·엘앤케이바이오, 기대감 반영[바이오..."
024850,2026.09.11 06:15,블로터,[HLB 확장의 대가]⑥ 진인혜 경영승계 윤곽…지배력 재편 언제쯤
024850,2026.09.09 16:15,블로터,[HLB 확장의 대가]⑤적자 계열사 떠안은 HLB이노…리스크는 투자자몫
024850,2026.09.08 21:01,매경이코노미,반년 새 주가 반 토막 난 HLB…신약·재무 ‘이중고’ [재계톡톡]
024850,2026.09.08 06:25,블로터,[HLB 확장의 대가]① 순환출자 맺은 계열사들…李정부 기조 '역행'
024850,2026.09.03 17:56,더팩트,"HLB생명과학, 계열사 지원에 CB 상환까지…재무 부담 확대"
024850,2026.08.28 16:55,이데일리,"HLB이노베이션, HLB생명과학 대상 360억원 유상증자 결정"
024850,2026.08.27 14:29,아이뉴스24,"HLB이노베이션, HLB셀 인수⋯""국내 세포치료 사업 본격화"""
024850,2026.08.27 13:17,더팩트,"HLB, 진양곤 의장 등 주요 경영진 자사주 추가 매수…""책임경영 강화..."
024850,2026.08.26 14:33,머니투데이,"HLB테라퓨틱스, 'RGN-259' 글로벌 3상 종료…오는 11월 톱라인 발표"
024850,2026.08.26 09:06,머니투데이,HLB라이프케어 '마이피코링 데이터' 혈당 변화 분석 결과 발표
024850,2026.08.20 15:06,아시아경제,"HLB펩, 진양곤 의장 2만2000주 장내 매수"
024850,2026.08.20 11:35,머니투데이,"진양곤 HLB그룹 의장, HLB펩 2.2만주 장내 매수… 펩타이드 사업 책임..."
024850,2026.08.20 11:17,아시아경제,"진양곤 의장, HLB펩 주식 2만2000주 장내 매수"
024850,2026.08.20 10:31,머니투데이,"HLB바이오스텝, 한·일 비임상 네트워크 확대"
024850,2026.08.18 16:28,블로터,"HLB, 현금 줄고 차입금 급증…CB·BW 리스크 부담 커진다"
024850,2026.08.17 20:00,블로터,HLB 핵심 계열사 동반성장…제약·이노베이션 상반기 실적 개선
024850,2026.08.14 16:23,머니투데이,"HLB파나진, 상반기 흑자 경영 지속…PNA 시장 확대·AOC 개발 본격화"
024850,2026.08.13 17:15,머니투데이,"HLB제넥스, 상반기 매출 230억 돌파… 전년 대비 11%↑"
024850,2026.08.13 17:13,머니투데이,"HLB이노베이션, AI 반도체 훈풍에 본업 성장…상반기 매출 21%↑"
024850,2026.08.12 08:47,머니투데이,"HLB파나진, 미국 올리고·펩타이드 전문 컨퍼런스서 개막 기조발표"
024850,2026.08.03 10:00,머니투데이,"HLB파나진, 글로벌 제약사 계열 연구소와 동남아시아 PNA 유통 계약"
024850,2026.07.29 09:04,머니투데이,"HLB바이오스텝, 에코엔테크와 영장류 비임상시험 서비스 협력"
024850,2026.07.28 14:26,머니투데이,"HLB펩, '펩타이드 리페어 마이크로 버블 에센스' 출시"
024850,2026.07.28 09:20,뉴스1,"HLB이노베이션 CAR-T, 고용량 임상으로 차세대 치료제 도전"
024850,2026.07.27 09:08,머니투데이,"HLB펩, 항이뇨호르몬 치료제 바소프레신 API 美 FDA 등록"
024850,2026.07.25 06:41,이데일리,"[임상 업데이트] 코오롱티슈진, TG-C 임상 유효성 입증 실패"
024850,2026.07.23 11:13,코메디닷컴,용량 높여도 ‘제한독성’ 없었다…HLB이노베이션 혈액암 CAR-T 1상 확...
024850,2026.07.23 11:06,디지털타임스,"HLB이노, 혈액암 CAR-T ‘SynKIR-310’ 임상 확대"
024850,2026.07.23 10:18,서울경제,"HLB이노베이션, 혈액암 CAR-T 1상서 초기 안전성 확인…용량군 확대"
024850,2026.07.23 10:08,아시아경제,"HLB이노베이션, 혈액암 CAR-T 임상 투여 용량 확대"
024850,2026.07.23 09:49,연합뉴스,"[바이오스냅] 대웅제약, 보툴리눔 톡신 유통체계 강화"
024850,2026.07.23 09:22,뉴스1,"HLB이노베이션, 혈액암 CAR-T 임상 1상 고용량 구간 진입"
024850,2026.07.23 08:50,머니투데이,"HLB이노베이션, 혈액암 CAR-T 임상 1상 초기용량 안전성 확인"
024850,2026.07.23 08:48,한국경제,"HLB이노베이션, 혈액암 CAR-T 1상 고용량 투여 확대…코호트 3 진입"
024850,2026.07.22 13:42,동행미디어 시대,"HLB 진양곤, 계열사 주식 매입…주가 하락 속 '책임경영' 강화"
028300,2026.09.30 09:23,서울신문,코스닥 개장 직후 강세… 2차전지·반도체 장비주 지수 지지
028300,2026.09.30 09:12,서울신문,[서울데이터랩]개장 직후 인기 검색 종목 20選
028300,2026.09.30 08:27,SBS Biz,[어제장 오늘장] 고금리에도 버틴 삼전닉스…마이크론 실적 주목
028300,2026.09.30 08:23,한국경제TV,"삼성전기, 글로벌 빅테크와 2900억 규모 공급 계약 - 와우넷 오늘장전..."
028300,2026.09.30 08:02,이데일리,투심 돌아왔다… HLB·뷰노·한국비엔씨 변곡점 중심[바이오맥짚기]
028300,2026.09.30 07:50,비즈워치,연이은 기술수출에도 바이오주 힘 못 쓰는 이유
028300,2026.09.30 07:20,비즈워치,"HLB 첫 FDA 신약, '상업화·적응증' 미국 시험무대 오른다"
028300,2026.09.30 07:02,이데일리,[장성훈의 신약개발 서랍장④]“좌완 파이어볼러는 지옥에서라도 데려...
028300,2026.09.30 07:02,주간동아,해외 신약 도입해 미국 FDA 허가·상업화 추진한 HLB
028300,2026.09.30 07:01,서울경제,"“뒤늦게 올라탔는데”…롤러코스터 HLB株, 추격매수 ‘주의보’ [이..."
028300,2026.09.29 19:16,이데일리,"HLB, 리픽투 FDA 승인 기념…글로벌 상업화 ‘첫발’"
028300,2026.09.29 16:58,조선비즈,“신약개발 경쟁력은 ‘제조·품질관리’ 역량”…과기부 이어 산업부...
028300,2026.09.29 16:12,뉴스1,美금리 악재에 코스피 이틀째 6800선…삼전닉스 보합 선방[시황종합]
028300,2026.09.29 15:45,서울신문,"삼성전자 27만2500원 마감, SK하이닉스 거래대금 5조… 검색 관심 대규..."
028300,2026.09.29 15:10,SBS Biz,[투자전략 따라잡기] 올해 208조 팔아치운 외국인 다시 돌아오게 할 조...
028300,2026.09.29 15:10,SBS Biz,[오후장 체크포인트] 또 덮친 美 국채금리 쇼크 코스피 반등 열쇠는 결...
028300,2026.09.29 13:58,서울신문,빅웨이브로보틱스 187% 급등·퀀텀레일 하한가… 변동성 확대된 코스...
028300,2026.09.29 13:56,서울신문,"HPSP 7.68% 급등, 에코프로비엠 5.57% 하락… 업종별 순환매"
028300,2026.09.29 13:47,SBS Biz,[시장 따라잡기] 미중 견제 지속에 韓 태양광·배터리주 랠리?
028300,2026.09.29 11:38,SBS Biz,뉴욕증시 또 미끄럼…코스피도 하락 출발
028300,2026.09.29 11:07,전자신문,"[ET특징주] HLB, '담관암 신약' FDA 승인에 이틀째 강세"
028300,2026.09.29 10:13,서울신문,[서울데이터랩]개장 직후 인기 검색 종목 20選
028300,2026.09.29 09:50,아시아경제,"담관암 넘은 HLB, 내달 간암 신약 FDA 재신청 전망"
028300,2026.09.29 09:45,서울신문,2차전지 약세에 눌린 코스닥… 신규 상장 글로벌테크놀로지는 168% 급...
028300,2026.09.29 09:29,뉴스1,美 금리 악재 선반영 코스피 약보합 '선방'…삼전닉스 강보합[개장시...
028300,2026.09.29 09:25,아시아경제,외국인 '팔자'에 코스피·코스닥 동반 약세
028300,2026.09.29 08:31,SBS Biz,[어제장 오늘장] 연휴 사이 쌓인 악재…코스피 7천선 아래로
028300,2026.09.29 08:19,SBS Biz,"[기업이슈] LG전자, 엔비디아 공식 파트너 선정"
028300,2026.09.29 07:52,SBS Biz,[애프터마켓 리뷰] 담관암 치료제 FDA 승인에 HLB그룹주 '상한가'
028300,2026.09.28 18:31,파이낸셜뉴스,"HLB, 美출시 앞두고 재평가 국면…코스닥 상한가 직행"
028300,2026.09.28 18:03,한국경제TV,"美 금리 부담에 코스피 6,800선까지 밀려…'삼전닉스' 급락"
028300,2026.09.28 17:08,머니투데이,금리 공포에 코스피 2%대 '털썩'…PCE·마이크론에 쏠린 눈
028300,2026.09.28 16:41,SBS Biz,[증시 인사이트] 삼전·닉스 약세에 7천선 내준 코스피…마이크론 실...
028300,2026.09.28 16:40,서울신문,HLB 상한가·에코프로비엠 6% 급등… 반도체 장비주는 약세
028300,2026.09.28 16:39,서울신문,삼성전자·SK하이닉스 5%대 하락… HLB는 상한가
028300,2026.09.28 16:11,한국경제,외인·기관 4조 매도 폭탄…삼전닉스 5% 폭락에 6900선 붕괴
028300,2026.09.28 16:10,뉴스1,"美 국채금리 재상승, 코스피 6800선 후퇴…외인·기관 4.2조 순매도[시..."
028300,2026.09.28 13:53,서울신문,HLB 상한가 질주… 코스닥 시총 상위주 혼조세
028300,2026.09.28 13:47,이데일리,FDA 허가는 시작일 뿐…HLB ‘리픽투’ 좁은 담관암 시장 넘을 묘수는...
028300,2026.09.28 11:38,SBS Biz,연휴 뒤 코스피 장중 2%대 하락…글로벌 국채금리 급등 부담
028300,2026.09.28 11:01,뉴스1,美 국채금리 급등에 7000선 아래로…삼전닉스 4%대 낙폭[장중시황]
028300,2026.09.28 10:24,파이낸셜뉴스,"""오늘은 코스닥""…'칠천피 붕괴'에도 바이오株 강세에 860선 [fn오전시..."
028300,2026.09.28 10:23,뉴시스,"K-바이오, 운명 갈린 추석…HLB 웃고, 한올 울고"
028300,2026.09.28 10:04,데일리안,코스피 7000선 '위태'…삼전·닉스 2%대 하락 [시황]
028300,2026.09.28 09:57,세계일보,추석 끝나자 삼전·닉스 2%대 후퇴… 코스피 7000선 안팎 ‘공방’
028300,2026.09.28 09:51,뉴스1,HLB그룹주 무더기 상한가…'리픽투' 美 FDA 허가에 매수세 폭발[핫종목...
028300,2026.09.28 09:41,SBS Biz,[이 시각 시황] 코스피 7천선 공방…HLB 상한가·의료AI 급등
028300,2026.09.28 09:39,디지털데일리,"삼성전자·하이닉스 동반 약세…코스피, 추석 연휴 뒤 7040선으로 밀려"
028300,2026.09.28 09:37,뉴스1,'美 국채금리 부담'…삼성전자·SK하이닉스 동반 하락[개장시황]
028300,2026.09.28 09:34,머니투데이,"'추석 끝' 코스피, 7000선에서 공방… 개미, 나홀로 매수세"
028300,2026.09.29 11:07,전자신문,"[ET특징주] HLB, '담관암 신약' FDA 승인에 이틀째 강세"
028300,2026.09.29 10:13,서울신문,[서울데이터랩]개장 직후 인기 검색 종목 20選
028300,2026.09.29 09:50,아시아경제,"담관암 넘은 HLB, 내달 간암 신약 FDA 재신청 전망"
028300,2026.09.29 09:45,서울신문,2차전지 약세에 눌린 코스닥… 신규 상장 글로벌테크놀로지는 168% 급...
028300,2026.09.29 09:29,뉴스1,美 금리 악재 선반영 코스피 약보합 '선방'…삼전닉스 강보합[개장시...
028300,2026.09.29 09:25,아시아경제,외국인 '팔자'에 코스피·코스닥 동반 약세
028300,2026.09.29 08:31,SBS Biz,[어제장 오늘장] 연휴 사이 쌓인 악재…코스피 7천선 아래로
028300,2026.09.29 08:19,SBS Biz,"[기업이슈] LG전자, 엔비디아 공식 파트너 선정"
028300,2026.09.29 07:52,SBS Biz,[애프터마켓 리뷰] 담관암 치료제 FDA 승인에 HLB그룹주 '상한가'
028300,2026.09.28 18:31,파이낸셜뉴스,"HLB, 美출시 앞두고 재평가 국면…코스닥 상한가 직행"
028300,2026.09.28 18:03,한국경제TV,"美 금리 부담에 코스피 6,800선까지 밀려…'삼전닉스' 급락"
028300,2026.09.28 17:08,머니투데이,금리 공포에 코스피 2%대 '털썩'…PCE·마이크론에 쏠린 눈
028300,2026.09.28 16:41,SBS Biz,[증시 인사이트] 삼전·닉스 약세에 7천선 내준 코스피…마이크론 실...
028300,2026.09.28 16:40,서울신문,HLB 상한가·에코프로비엠 6% 급등… 반도체 장비주는 약세
028300,2026.09.28 16:39,서울신문,삼성전자·SK하이닉스 5%대 하락… HLB는 상한가
028300,2026.09.28 16:11,한국경제,외인·기관 4조 매도 폭탄…삼전닉스 5% 폭락에 6900선 붕괴
028300,2026.09.28 16:10,뉴스1,"美 국채금리 재상승, 코스피 6800선 후퇴…외인·기관 4.2조 순매도[시..."
028300,2026.09.28 16:07,머니투데이,"""추석 끝나자 무섭게 던졌다"" 4조 매도폭탄...7천피 또 붕괴"
028300,2026.09.28 15:41,연합뉴스,"[특징주] HLB, 담관암 신약 '리픽투' FDA 허가에 상한가(종합)"
028300,2026.09.28 15:37,한국경제,"코스피, 2.70% 내린 6889.74 종료…코스닥 0.25% 오른 846.58"
028300,2026.09.28 15:04,조선일보,"HLB, 세 번 고배 끝 FDA 신약 확보…주인공은 ‘2년 전 사온 담관암 치..."
028300,2026.09.28 15:01,매경이코노미,"담관암 신약 FDA 허가...HLB그룹주 줄줄이 ‘상한가’ [오늘, 이 종목..."
028300,2026.09.28 14:38,한국경제TV,"HLB, 담관암 뚫고 상한가 직행…간암 신약은 언제?"
028300,2026.09.28 13:53,서울신문,HLB 상한가 질주… 코스닥 시총 상위주 혼조세
028300,2026.09.28 13:47,이데일리,FDA 허가는 시작일 뿐…HLB ‘리픽투’ 좁은 담관암 시장 넘을 묘수는...
028300,2026.09.28 12:49,아이뉴스24,"HLB, 신약개발 역량 불신 넘어섰다…'넥스트 스텝'에 재평가 달려"
028300,2026.09.28 11:45,머니투데이,"HLB, 신약 美 승인 받으며 주가 훨훨… 바이오 투심도 회복?"
028300,2026.09.28 11:38,SBS Biz,연휴 뒤 코스피 장중 2%대 하락…글로벌 국채금리 급등 부담
028300,2026.09.28 11:31,전자신문,"[ET특징주] HLB, 美 자회사 '담관암 신약' FDA 품목 허가… 그룹주 일제..."
028300,2026.09.28 11:01,뉴스1,美 국채금리 급등에 7000선 아래로…삼전닉스 4%대 낙폭[장중시황]
028300,2026.09.28 10:24,파이낸셜뉴스,"""오늘은 코스닥""…'칠천피 붕괴'에도 바이오株 강세에 860선 [fn오전시..."
028300,2026.09.28 10:23,뉴시스,"K-바이오, 운명 갈린 추석…HLB 웃고, 한올 울고"
028300,2026.09.28 10:22,매일경제,‘담관암 신약’ FDA 허가 소식에…HLB그룹주 일제히 상한가 직행
028300,2026.09.28 10:04,데일리안,코스피 7000선 '위태'…삼전·닉스 2%대 하락 [시황]
028300,2026.09.28 09:57,세계일보,추석 끝나자 삼전·닉스 2%대 후퇴… 코스피 7000선 안팎 ‘공방’
028300,2026.09.28 09:52,서울경제,항암제 美 FDA 첫 승인 쾌거 HLB…개장 직후 상한가 [줍줍리포트]
028300,2026.09.28 09:51,뉴스1,HLB그룹주 무더기 상한가…'리픽투' 美 FDA 허가에 매수세 폭발[핫종목...
028300,2026.09.28 09:51,매일신문,"HLB그룹주, 담관암 신약 美 FDA 승인에 줄줄이 상한가"
028300,2026.09.28 09:41,SBS Biz,[이 시각 시황] 코스피 7천선 공방…HLB 상한가·의료AI 급등
028300,2026.09.28 09:39,디지털데일리,"삼성전자·하이닉스 동반 약세…코스피, 추석 연휴 뒤 7040선으로 밀려"
028300,2026.09.28 09:37,뉴스1,'美 국채금리 부담'…삼성전자·SK하이닉스 동반 하락[개장시황]
028300,2026.09.28 09:34,머니투데이,"'추석 끝' 코스피, 7000선에서 공방… 개미, 나홀로 매수세"
028300,2026.09.28 09:31,매일경제,"HLB, 담관암 신약 ‘리픽투’ FDA 허가 소식에 그룹주 줄줄이 상한가 ..."
028300,2026.09.28 09:27,뉴시스,담관암 치료제 FDA 승인에 HLB그룹주 줄줄이 '상한가'
028300,2026.09.28 09:24,서울신문,"HLB 29.95% 급등, 관련주 줄상한가… 코스닥 1%대 강세"
028300,2026.09.28 09:22,파이낸셜뉴스,"HLB, 리픽투 美 FDA 승인에 개장과 동시에 상한가[종목NOW]"
028300,2026.09.28 09:17,연합뉴스,"[특징주] HLB, 담관암 신약 '리픽투' FDA 허가 소식에 상한가"
028300,2026.09.28 09:17,서울신문,[서울데이터랩]개장 직후 인기 검색 종목 20選
028300,2026.09.28 09:16,머니투데이,"HLB, 담관암 신약 美 허가 소식에 HLB그룹주 6개 상한가"
028300,2026.09.28 09:14,아이뉴스24,"[특징주] HLB글로벌 상한가, 담관암 신약 '리픽투' FDA 승인"
028300,2026.09.28 18:00,한국경제,HLB 그룹주 상한가…담관암 신약 FDA 허가
028300,2026.09.28 17:08,머니투데이,금리 공포에 코스피 2%대 '털썩'…PCE·마이크론에 쏠린 눈
028300,2026.09.28 16:41,SBS Biz,[증시 인사이트] 삼전·닉스 약세에 7천선 내준 코스피…마이크론 실...
028300,2026.09.28 16:40,서울신문,HLB 상한가·에코프로비엠 6% 급등… 반도체 장비주는 약세
028300,2026.09.28 16:39,서울신문,삼성전자·SK하이닉스 5%대 하락… HLB는 상한가
028300,2026.09.28 16:11,한국경제,외인·기관 4조 매도 폭탄…삼전닉스 5% 폭락에 6900선 붕괴
028300,2026.09.28 16:10,뉴스1,"美 국채금리 재상승, 코스피 6800선 후퇴…외인·기관 4.2조 순매도[시..."
028300,2026.09.28 16:07,머니투데이,"""추석 끝나자 무섭게 던졌다"" 4조 매도폭탄...7천피 또 붕괴"
028300,2026.09.28 15:41,연합뉴스,"[특징주] HLB, 담관암 신약 '리픽투' FDA 허가에 상한가(종합)"
028300,2026.09.28 15:37,한국경제,"코스피, 2.70% 내린 6889.74 종료…코스닥 0.25% 오른 846.58"
028300,2026.09.28 15:04,조선일보,"HLB, 세 번 고배 끝 FDA 신약 확보…주인공은 ‘2년 전 사온 담관암 치..."
028300,2026.09.28 15:01,매경이코노미,"담관암 신약 FDA 허가...HLB그룹주 줄줄이 ‘상한가’ [오늘, 이 종목..."
028300,2026.09.28 14:38,한국경제TV,"HLB, 담관암 뚫고 상한가 직행…간암 신약은 언제?"
028300,2026.09.28 13:53,서울신문,HLB 상한가 질주… 코스닥 시총 상위주 혼조세
028300,2026.09.28 13:47,이데일리,FDA 허가는 시작일 뿐…HLB ‘리픽투’ 좁은 담관암 시장 넘을 묘수는...
028300,2026.09.28 12:49,아이뉴스24,"HLB, 신약개발 역량 불신 넘어섰다…'넥스트 스텝'에 재평가 달려"
028300,2026.09.28 11:45,머니투데이,"HLB, 신약 美 승인 받으며 주가 훨훨… 바이오 투심도 회복?"
028300,2026.09.28 11:38,SBS Biz,연휴 뒤 코스피 장중 2%대 하락…글로벌 국채금리 급등 부담
028300,2026.09.28 11:31,전자신문,"[ET특징주] HLB, 美 자회사 '담관암 신약' FDA 품목 허가… 그룹주 일제..."
028300,2026.09.28 11:01,뉴스1,美 국채금리 급등에 7000선 아래로…삼전닉스 4%대 낙폭[장중시황]
028300,2026.09.28 10:24,파이낸셜뉴스,"""오늘은 코스닥""…'칠천피 붕괴'에도 바이오株 강세에 860선 [fn오전시..."
028300,2026.09.28 10:23,뉴시스,"K-바이오, 운명 갈린 추석…HLB 웃고, 한올 울고"
028300,2026.09.28 10:22,매일경제,‘담관암 신약’ FDA 허가 소식에…HLB그룹주 일제히 상한가 직행
028300,2026.09.28 10:04,데일리안,코스피 7000선 '위태'…삼전·닉스 2%대 하락 [시황]
028300,2026.09.28 09:57,세계일보,추석 끝나자 삼전·닉스 2%대 후퇴… 코스피 7000선 안팎 ‘공방’
028300,2026.09.28 09:52,서울경제,항암제 美 FDA 첫 승인 쾌거 HLB…개장 직후 상한가 [줍줍리포트]
028300,2026.09.28 09:51,매일신문,"HLB그룹주, 담관암 신약 美 FDA 승인에 줄줄이 상한가"
028300,2026.09.28 09:51,뉴스1,HLB그룹주 무더기 상한가…'리픽투' 美 FDA 허가에 매수세 폭발[핫종목...
028300,2026.09.28 09:41,SBS Biz,[이 시각 시황] 코스피 7천선 공방…HLB 상한가·의료AI 급등
028300,2026.09.28 09:39,디지털데일리,"삼성전자·하이닉스 동반 약세…코스피, 추석 연휴 뒤 7040선으로 밀려"
028300,2026.09.28 09:37,뉴스1,'美 국채금리 부담'…삼성전자·SK하이닉스 동반 하락[개장시황]
028300,2026.09.28 09:34,머니투데이,"'추석 끝' 코스피, 7000선에서 공방… 개미, 나홀로 매수세"
028300,2026.09.28 09:31,매일경제,"HLB, 담관암 신약 ‘리픽투’ FDA 허가 소식에 그룹주 줄줄이 상한가 ..."
028300,2026.09.28 09:27,뉴시스,담관암 치료제 FDA 승인에 HLB그룹주 줄줄이 '상한가'
028300,2026.09.28 09:24,서울신문,"HLB 29.95% 급등, 관련주 줄상한가… 코스닥 1%대 강세"
028300,2026.09.28 09:22,파이낸셜뉴스,"HLB, 리픽투 美 FDA 승인에 개장과 동시에 상한가[종목NOW]"
028300,2026.09.28 09:17,연합뉴스,"[특징주] HLB, 담관암 신약 '리픽투' FDA 허가 소식에 상한가"
028300,2026.09.28 09:17,서울신문,[서울데이터랩]개장 직후 인기 검색 종목 20選
028300,2026.09.28 09:16,머니투데이,"HLB, 담관암 신약 美 허가 소식에 HLB그룹주 6개 상한가"
028300,2026.09.28 09:14,아이뉴스24,"[특징주] HLB글로벌 상한가, 담관암 신약 '리픽투' FDA 승인"
028300,2026.09.28 09:52,서울경제,항암제 美 FDA 첫 승인 쾌거 HLB…개장 직후 상한가 [줍줍리포트]
028300,2026.09.28 09:51,매일신문,"HLB그룹주, 담관암 신약 美 FDA 승인에 줄줄이 상한가"
028300,2026.09.28 09:51,뉴스1,HLB그룹주 무더기 상한가…'리픽투' 美 FDA 허가에 매수세 폭발[핫종목...
028300,2026.09.28 09:41,SBS Biz,[이 시각 시황] 코스피 7천선 공방…HLB 상한가·의료AI 급등
028300,2026.09.28 09:39,디지털데일리,"삼성전자·하이닉스 동반 약세…코스피, 추석 연휴 뒤 7040선으로 밀려"
028300,2026.09.28 09:37,뉴스1,'美 국채금리 부담'…삼성전자·SK하이닉스 동반 하락[개장시황]
028300,2026.09.28 09:34,머니투데이,"'추석 끝' 코스피, 7000선에서 공방… 개미, 나홀로 매수세"
028300,2026.09.28 09:31,매일경제,"HLB, 담관암 신약 ‘리픽투’ FDA 허가 소식에 그룹주 줄줄이 상한가 ..."
028300,2026.09.28 09:27,뉴시스,담관암 치료제 FDA 승인에 HLB그룹주 줄줄이 '상한가'
028300,2026.09.28 09:24,서울신문,"HLB 29.95% 급등, 관련주 줄상한가… 코스닥 1%대 강세"
028300,2026.09.28 09:22,파이낸셜뉴스,"HLB, 리픽투 美 FDA 승인에 개장과 동시에 상한가[종목NOW]"
028300,2026.09.28 09:17,연합뉴스,"[특징주] HLB, 담관암 신약 '리픽투' FDA 허가 소식에 상한가"
028300,2026.09.28 09:17,서울신문,[서울데이터랩]개장 직후 인기 검색 종목 20選
028300,2026.09.28 09:16,머니투데이,"HLB, 담관암 신약 美 허가 소식에 HLB그룹주 6개 상한가"
028300,2026.09.28 09:14,아이뉴스24,"[특징주] HLB글로벌 상한가, 담관암 신약 '리픽투' FDA 승인"
028300,2026.09.28 09:13,한국경제,"HLB, 美 FDA 항암 신약 승인에 상한가…그룹주도 줄줄이 上"
028300,2026.09.28 09:13,조선비즈,"[특징주] HLB, 담관암 신약 FDA 승인 소식에 …그룹株 줄줄이 ‘상한가..."
028300,2026.09.28 09:03,이데일리,"[속보]美증시 AI 훈풍에도…연휴 끝 코스피, 7000선서 ‘주춤’"
028300,2026.09.28 07:38,조선비즈,"[바이오e종목] HLB, 형보다 아우가 먼저 해냈다…담관암 신약 FDA 승인..."
028300,2026.09.28 07:02,서울경제,"[동십자각] K바이오의 다음 도약, ‘자본의 인내’에 달렸다"
028300,2026.09.28 07:02,서울경제,HLB 담관암 신약 직접 허가…적응증 확대 시험대 올라
028300,2026.09.28 03:19,머니투데이,"HLB, 담관암 신약 美 FDA 허가… 개발전략 다변화 결실"
028300,2026.09.27 16:47,매일경제,담관암 신약 FDA 승인 … 반전 모멘텀 찾은 HLB
028300,2026.09.27 14:01,머니투데이,"진화한 K바이오…담관암 신약 美 허가, 임상 실패에도 '계열 내 최고'..."
028300,2026.09.27 10:36,중앙일보,"간암보다 담관암 먼저 뚫었다…HLB, FDA 항암제 첫 승인"
028300,2026.09.26 22:09,이데일리,"""주가 오르니 -276억""…개미들 깜짝 놀랄 착시현상의 비밀 [마켓인]"
028300,2026.09.26 06:02,이데일리,"‘3전4기’ 진양곤 HLB그룹 의장, 세 번 고배 끝에 美 FDA 신약 품다[화..."
028300,2026.09.25 16:16,파이낸셜뉴스,"""허가·중단·재신청…"" 추석 연휴 'K바이오 운명' 갈랐다"
028300,2026.09.25 07:04,헤럴드경제,"‘해외 파이프라인 도입·美 자회사 완주’…HLB, 신약모델 새로 썼다"
028300,2026.09.24 16:35,세계일보,"HLB 표적 항암제, 美 FDA서 담관암 2차 치료제로 승인"
028300,2026.09.24 15:35,아이뉴스24,"HLB, FDA 문턱 넘었다⋯담관암 신약 '리픽투' 첫 허가"
028300,2026.09.24 14:39,한국경제,HLB ‘리픽투’ 美 FDA 허가…리보세라닙보다 먼저 관문 넘었다
028300,2026.09.24 14:30,뉴시스,"불신 털어내고 FDA 허가…HLB, 남은 과제 '이것'"
028300,2026.09.24 14:18,아시아경제,FDA 정식승인 HLB 리픽투…시장 규모·경쟁약은
028300,2026.09.24 12:52,국민일보,"HLB, 담관암 신약 美 FDA 문턱 넘어…“리픽투, 연내 출시”"
028300,2026.09.24 12:19,연합뉴스,"HLB, 담관암 신약 '리픽투' 미 FDA 허가…항암제 개발 결실(종합)"
028300,2026.09.24 10:41,매일경제,간암서 세 번 고배 마신 HLB…담관암 신약 ‘리픽투’ FDA 허가
028300,2026.09.24 10:24,머니투데이,"HLB, 담관암 신약 승인 다음은 간암 신약…남은 이벤트는"
028300,2026.09.24 10:04,이데일리,"간암서 3번 좌절한 HLB, 담관암으로 FDA 통과…‘리픽투’ 美 허가"
028300,2026.09.24 09:50,스포츠서울,"HLB, 담관암 신약 ‘리픽투’ 美 FDA 승인…20년 도전 끝 글로벌 신약..."
028300,2026.09.24 09:13,블로터,신약 불씨 살린 진양곤…HLB 담관암 치료제 FDA 품목허가 획득
028300,2026.09.24 07:26,코메디닷컴,"담관암 표적약 하나 더⋯FDA, FGFR2 골라 겨냥한 신약 ‘리픽투’ 승인"
028300,2026.09.23 13:10,서울신문,[서울데이터랩]마감 직후 인기 검색 종목 20選
028300,2026.09.23 08:02,이데일리,美 현지 주목에 스카이랩스 ‘上’…오름테라퓨틱은 연속 하락[바이오...
028300,2026.09.22 15:41,서울신문,[서울데이터랩]마감 직후 인기 검색 종목 20選
028300,2026.09.22 07:28,SBS Biz,[마켓 프리뷰] 추석 앞두고 관망심리 이겨낸 코스피…'7천피' 재탈환
028300,2026.09.22 06:20,뉴스1,"HLB 담관암 신약 FDA 결정 D-3…""현재까지 추가 심사 이슈 없어"""
028300,2026.09.21 16:37,연합뉴스,"코스피, 국내외 호재에 '7천피' 탈환…7,007.72 마감(종합)"
028300,2026.09.21 15:50,서울신문,[서울데이터랩]마감 직후 인기 검색 종목 20選
028300,2026.09.21 15:31,서울경제,"HLB 담관암 신약 제품명 ‘리픽투’, FDA 조건부 수용"
104830,2026.09.28 07:59,한국경제,삼전닉스 괜히 팔았나 …'530% 폭증'에 분위기 확 달라졌다 [분석+]
104830,2026.09.11 06:10,뉴스1,메모리 호황에 '소모성 소재' 잘 팔린다…솔브레인·동진 실적 '쑥'
104830,2026.09.01 07:10,비즈워치,[거버넌스워치] 케어랩스 주식 ‘6분의 1 토막’ 지주사 또 사들이는...
104830,2026.08.31 16:32,전자신문,반도체 초호황 속 영업이익률 극과 극…협력사 낙수효과 없었다
104830,2026.08.27 15:24,연합뉴스,"충주시, 국산 수소배관 구축 본격화…10월 착공"
104830,2026.08.26 18:53,지디넷코리아,"원익머트리얼즈, ""2050년 탄소중립 목표""...ESG 보고서 발간"
104830,2026.08.21 11:16,파이낸셜뉴스,"""삼성물산 배당도 주주에게"" KCC 주주환원 더 세져…SK, 깜짝 실적에 ..."
104830,2026.08.21 11:08,주간동아,"“반도체용 특수가스 기업 원익머트리얼즈, 영업이익 올해 673억→ 내..."
104830,2026.08.18 07:01,조세일보,"[기업분석] 반도체 소부장 간판 원익, 공시대상기업집단 편입 뒤 지배..."
104830,2026.08.05 13:20,헤럴드경제,주식 투자자들의 꿈 ‘텐배거’는 어떻게 탄생하나
104830,2026.07.24 09:01,조선비즈,코스닥 절반이 ‘저평가’… 李 대통령 취임 전보다 늘어난 저PBR주
104830,2026.07.10 15:41,아이뉴스24,“충북 수소경제 중심으로 도약한다”
104830,2026.07.08 15:03,연합뉴스,에너지 산업 현재·미래가 한눈에…'뉴에너지 페어 오송' 개막
104830,2026.07.04 10:05,한경비즈니스,국내 ETF 뭉칫돈 싹쓸이한 ‘AI F4’…다음 랠리 주인공은 [코스피 1만...
104830,2026.07.02 21:15,매경이코노미,반도체 소부장 ‘금맥’ 캐보니
104830,2026.07.02 09:15,머니투데이,메타發 반도체 쇼크에 소부장株도 동반 하락…심텍 11%대 약세
104830,2026.06.11 06:00,블로터,"'초호황' 반도체, PEF 운용사는 관심없다…이유는"
104830,2026.06.04 16:04,머니투데이,반도체 소부장 강세에 모처럼 웃은 코스닥…코스피는 숨고르기
104830,2026.05.07 14:44,헤럴드경제,"원익머트리얼즈, 1분기 영업익 157억…전년비 6.4% ↑"
104830,2026.05.02 07:06,한경비즈니스,‘30만전자·200닉스’가 끝이 아니다?… 바통 이어받을 ‘종목’은?
104830,2026.04.30 07:02,주간동아,삼성전자·SK하이닉스 역사적 실적에 반도체 소부장 주가도 날았다
104830,2026.04.17 15:48,부산일보,"가스안전공사-한국산업특수가스협회, 독성가스 안전관리 기술 공유"
104830,2026.04.17 03:30,머니투데이,"""삼전닉스, 또 전고점 뚫겠지만…'이때'부터는 파세요""[부꾸미]"
104830,2026.04.15 15:39,조선비즈,국민연금 코스닥 쇼핑 리스트... 키워드는 ‘우주·AI·반도체’
104830,2026.04.08 17:21,매일경제,"원익, 반도체 소부장 모두 갖춰 … 칩 설계까지 영역 넓혀"
104830,2026.04.01 11:07,한국경제,중동 종전 기대감에 반도체株 동반 강세…삼전닉스 8%대 급등
104830,2026.03.31 07:10,비즈워치,[거버넌스워치] 원일홀딩스 지주 전환 후 첫 영업적자…진원지 신사업
104830,2026.03.14 21:01,매경이코노미,이젠 우리 차례 ‘소부장’도 뛴다...전공정 장비→부품·소재로 온기
104830,2026.03.11 07:10,비즈워치,[거버넌스워치] 원익그룹 2대 승계 속도전…장남 원익QnC 이사회 합류
104830,2026.03.04 08:27,한국경제,이틀간 '12조' 던진 외국인…조용히 사들인 종목은 [분석+]
104830,2026.02.26 15:28,헤럴드경제,"원익머트리얼즈, 지난해 영업익 565억…전년비 8.8%↑·주당 500원 현금..."
104830,2026.02.24 08:26,SBS Biz,"[어제장 오늘장] 노무라, 상반기 코스피 목표 8천 제시…랠리 계속될..."
104830,2026.02.23 16:06,매일경제,특수가스·증착장비…K반도체 뿌리 소부장 기술 한눈에
104830,2026.02.20 15:00,조선비즈,삼성 엑시노스 부활 원년… 반도체 소재·테스트 생태계도 웃는다
104830,2026.02.19 14:23,중앙일보,"원익머트리얼즈, 불용 IT 자산 165대 기부"
104830,2026.02.14 15:08,한국경제,"막 내린 세미콘코리아…AI 반도체 시대, 승부처는 '공정 혁신'"
104830,2026.02.12 18:14,한국경제,"K소부장, 반도체 공정 신제품 출격…""기술력으로 글로벌 도전장"""
104830,2026.02.11 17:16,동행미디어 시대,"[르포] 반도체 '슈퍼 사이클'의 현장, 세미콘코리아 2026"
104830,2026.02.11 17:01,전자신문,[세미콘 코리아 2026]AI 시대 반도체 혁신 이끌 차세대 소재·부품·장...
104830,2026.02.09 15:30,서울경제,"원익그룹 반도체 5개 계열사, 세미콘 코리아 2026 참가"
104830,2026.01.28 15:51,연합뉴스,"충주시, 국토부 수소배관망 국산화 실증지로 선정"
104830,2026.01.15 11:31,서울경제,헷갈릴 땐 반도체…초고수 다시 삼전·SK하닉 매집[주식 초고수는 지...
104830,2026.01.06 08:02,한국경제,"""CES서 큰 거 온다""…원익 등 로봇주 다시 불기둥 세우나 [영상]"
104830,2026.01.05 10:04,한국경제,반도체 소재·장비주 상승…한솔케미칼·한미반도체 강세 [종목+]
104830,2026.01.05 09:45,뉴스1,원익도 텐배거?…2거래일 만에 수익률 68% 사상 최고가 [핫종목]
104830,2026.01.02 17:55,한국경제,"""韓 증시 올해도 불장""…반도체 투톱 영업이익 240조 전망도"
104830,2026.01.02 14:10,뉴스1,"원익, '텐배거' 원익홀딩스 따라 상한가 [핫종목]"
104830,2026.01.02 08:31,SBS Biz,[기업이슈] 아듀 2025 K증시…지난 한 해 성장 이룬 특징주는?
104830,2025.12.31 16:37,매경이코노미,적토마의 해 ‘픽’은 반도체 소재주…원익·하나머티리얼즈 ‘눈길’
104830,2025.12.31 11:20,뉴스1,"코스피 1위 종목 895%, 코스닥은 1809% '훨훨'…'10배 잭팟' 3개 터졌다"
323280,2026.09.28 09:19,뉴시스,"태성, 심텍 'SoCAMM' Via Fill 동도금장비 LOI 수령"
323280,2026.09.21 05:02,서울신문,1000원짜리 파고들어 9만원 ‘대박’… 숨은 진주 캔 독립리서치 [불신...
323280,2026.09.10 11:32,이데일리,"태성 김종학 대표, ‘KPCA Show’서 3관왕…글라스기판 기술 성과 인정"
323280,2026.09.08 16:01,전자신문,[KPCA쇼 2026]AI 서버·유리기판 기술혁신 주역 5명 산업부 장관상
323280,2026.09.04 08:51,아시아경제,"태성, 9월 수주 2200억원 돌파…""지난해 연간 매출액 5.8배"""
323280,2026.08.20 08:16,아시아경제,"태성, 올해 누적 수주액 1800억원…""고사양 기판 성장"""
323280,2026.08.19 09:29,이데일리,"태성, 글로벌 첨단기판 기업 AT&S에 PCB WET 장비 공급"
323280,2026.08.16 16:31,매일경제,PCB 공정 장비 점유율 90% … 유리기판 분야로 사업 확대
323280,2026.08.12 14:20,국제신문,상장사 비수도권 충청권 늘고 부울경 줄고
323280,2026.08.12 13:20,뉴시스,"태성, 상반기 매출 504억…지난해 연간 실적 넘어"
323280,2026.08.03 08:26,SBS Biz,[기업이슈] 빅테크 어닝서프라이즈…AI 투자 둔화 우려 완화에 반도체...
323280,2026.07.30 18:10,한국경제,레버리지 규제로 코스닥 온기? [한경 프리미엄9 TODAY]
323280,2026.07.16 15:23,이데일리,"태성, 천안시로 본점 소재지 변경…""경영환경 개선"""
323280,2026.07.13 17:21,이데일리,"태성, 천안 신공장 본격 가동…""창사 최대 수주 대응 생산체계 구축"""
323280,2026.07.08 17:37,이데일리,"태성, 43억 규모 PCB 자동화 장비 공급계약…공급지역 베트남"
323280,2026.06.25 09:49,아시아경제,"태성, 올해 상반기 누적 수주 913억원 달성"
323280,2026.06.22 13:59,이데일리,"태성, 글래스기판 핵심 장비 출하…""천안 신공장 기반 수요 대응 강화..."
323280,2026.06.10 14:05,이데일리,"태성, 日 'JPCA 쇼' 참가…TGV 기술력 선봬"
323280,2026.06.08 17:56,이데일리,"태성, 해외 에이전트와 60억원 규모 PCB 자동화 장비 공급 계약"
323280,2026.06.02 16:48,이데일리,"태성, 45억 규모 PCB 자동화 장비 공급계약"
323280,2026.05.29 16:00,이데일리,"태성, 中 ‘iTGV 2026’ 참가…유리기판 시장 공략 본격화"
323280,2026.05.27 10:13,이데일리,"태성, 5월 신규 수주 268억원…누적 수주 700억원"
323280,2026.05.19 16:39,서울경제,기업 공시 [5월 19일]
323280,2026.05.19 14:47,이데일리,"태성, 71억 규모 PCB 자동화 장비 공급계약"
323280,2026.05.07 09:48,이데일리,"태성, 日 글로벌 소재기업과 NDA 체결…""차세대 고기능성 소재 확대"""
323280,2026.04.28 08:40,이데일리,"태성, ""4월 수주 160억 확보…수주 확대 흐름 지속"""
323280,2026.04.27 17:00,뉴스1,삼전·하닉 뒤에 장비주 웃는다…한미반도체·태성 줄줄이 신고가[핫...
323280,2026.04.27 10:58,매일경제,실적 개선 기대 반도체 장비…한미반도체·태성 신고가 경신 [매경 자...
323280,2026.03.24 11:39,서울경제,"초고수, 연이틀 삼전·하닉 ‘줍줍’...반도체株로 모이는 상위 1% 투..."
323280,2026.03.23 15:18,이데일리,"태성, 3월 수주 약 100억 확보…""월말 130억까지 확대 기대"""
323280,2026.03.18 14:15,서울경제,"엔비디아와 자율주행 ‘맞손’…현대차, 순매수 1위 [주식 초고수는 ..."
323280,2026.03.17 09:41,조선비즈,[특징주] FTSE 편입 수혜 기대감에 관련株 상승… 에이피알 6% 급등
323280,2026.03.16 13:36,전자신문,"태성, 일본 배터리 업체와 복합동박 소재 공급 계약"
323280,2026.03.12 08:44,이데일리,"태성, ‘인터배터리 2026’서 차세대 복합동박 생산 솔루션 공개"
323280,2026.03.06 10:34,헤럴드경제,"롤러코스터 증시, 코스피 2%대 하락…코스닥 매수 사이드카 후 하락세"
323280,2026.02.25 10:36,문화일보,"태성 주주들, 투자 수익금 모아 1억8000만 원 기부"
323280,2026.02.23 09:54,이데일리,"태성, 수주 회복 본격화…올 들어 국내외 합산 218억 확보"
323280,2026.02.12 14:39,머니투데이,"iM증권, 작년 당기순익 730억 흑전…""전사업 부문 질적 성장"""
323280,2026.02.10 16:22,한국경제,"태성, 국책기관과 TGV 유리기판 장비 공급 계약 체결"
323280,2026.02.04 14:05,서울경제,"고려아연, 드론·로봇용 ‘차세대 배터리 소재’ 개발한다"
323280,2026.02.04 11:22,한경비즈니스,"고려아연, 드론·로봇용 배터리 소재 '복합동박' 상용화 속도 낸다"
323280,2026.01.28 15:58,서울신문,[서울데이터랩]‘삼표시멘트’ 30.00% 상한가…금일 증시 상승률 1위로...
323280,2026.01.22 17:56,한국경제,"태성, 中 디스플레이 핵심 고객사에 '에칭기' 공급…370만달러 수주"
323280,2026.01.05 13:12,한국경제,"태성, 지난 연말에 수주 몰렸다…12월 한 달 새 100억 확보"
323280,2025.12.07 16:01,전자신문,김종학 태성 대표 “이차전지 소재 진입…내년 복합동박 양산”
323280,2025.12.03 09:45,서울신문,"[서울데이터랩]삼성전자, SK 하이닉스 등 개장 직후 인기 검색 종목 2..."
323280,2025.12.02 16:28,서울신문,[서울데이터랩]‘테크엘’ 29.99% 상한가 금일 증시 상승률 1위로 마감
323280,2025.12.02 10:21,서울신문,[서울데이터랩]‘아이비젼웍스’ 29.97% 상한가…실시간 상승률 1위
323280,2025.12.01 09:57,SBS Biz,[하우머니] 펩트론 일라이 릴리 본계약 일정 지연 하지만 방향성은 변...
323280,2025.11.24 13:38,한국경제,"태성, PCB 넘어 반도체로…글로벌 RF 기업에 세정장비 첫 공급"
007810,2026.09.29 16:05,조선비즈,"[마켓뷰] 美 국채 금리에 흔들린 코스피, 외인 매도 속 6870선 마감… ..."
007810,2026.09.29 13:56,서울신문,부산주공 정리매매 첫 날 91% 급락… 코스피 거래상위 종목 희비 엇갈...
007810,2026.09.29 00:00,뉴시스,10월 증시 어디로…반도체·기판 웃고 바이오는 '시험대'
007810,2026.09.28 14:55,조선비즈,메타 ‘AI비서’ 열풍이 흔든 주식시장… ‘CPU 밸류체인’ 부활
007810,2026.09.28 13:55,서울신문,반도체 대형주 약세 속 금강공업 18.9% 급등
007810,2026.09.26 06:00,머니투데이,"""이게 추석 선물이지"" 24% '껑충'...삼전닉스보다 더 뛴 이 종목[김근..."
007810,2026.09.23 13:35,SBS Biz,[시장 따라잡기] 중동전쟁 불안감 뚫고 기술주 주도 강세장 지속?
007810,2026.09.23 08:28,SBS Biz,[기업이슈] 미 CPU주 급등에 '기판주' 불붙었다
007810,2026.09.23 07:51,SBS Biz,"[애프터마켓 리뷰] 노타, 퀄컴 NPU 기반 피지컬 AI 최적화 기술 실증"
007810,2026.09.23 06:31,한국경제,AMD·인텔 폭등하더니…한국서 25% '불기둥' 뿜은 종목 [분석+]
007810,2026.09.22 16:40,SBS Biz,[증시 인사이트] 메타 뮤즈 훈풍에도 전강후약…코스피 7천선 안착했...
007810,2026.09.22 15:48,서울신문,반도체 기대에 급등했지만 대외 경계감에 후퇴… 코스피 0.15% 상승
007810,2026.09.22 15:08,SBS Biz,[오후장 체크포인트] 수급 주체 없이 7천선 사수 “지금부터 2~3주가 ...
007810,2026.09.22 11:49,머니투데이,"'메타 효과'에 코스피 7100 안착, 추석 직전 개인은 차익실현"
007810,2026.09.22 11:31,서울경제,"초고수, 삼성전자 대신 삼성전기…MLCC 공급부족에 순매수 1위 [주식 ..."
007810,2026.09.22 11:11,파이낸셜뉴스,美반도체 훈풍에…삼성전기·LG이노텍 등 반도체 기판주 '들썩'[종목 ...
007810,2026.09.22 10:42,전자신문,[ET특징주] 미국발 'CPU' 훈풍… 코리아써키트 등 PCB株 강세
007810,2026.09.22 09:38,뉴스1,美 CPU주 급등에 '기판주' 불붙었다…코리아써키트 22%↑[핫종목]
007810,2026.09.22 09:34,머니투데이,"""MLCC 공급 부족 심화""…삼성전기 등 기판주 동반 상승"
007810,2026.09.22 09:32,SBS Biz,[이 시각 시황] 뉴욕 훈풍에 코스피 강세…AI·반도체 질주
007810,2026.09.22 09:31,서울신문,"[서울데이터랩]코스피, 장 초반 2% 가까이 올라 7146.02…외국인·기관..."
007810,2026.09.17 15:37,한국경제,같은 삼성전자 협력사인데…'47% vs -19%' 수익률 갈린 이유는 [대기업...
007810,2026.09.16 11:33,여성신문,500대 기업 생산기지 58% 영남·충청에 몰렸다… 제조업 집중
007810,2026.09.08 16:01,전자신문,[KPCA쇼 2026]AI 서버·유리기판 기술혁신 주역 5명 산업부 장관상
007810,2026.09.04 16:58,지디넷코리아,"삼성전자, 스마트폰 주 기판 'HDI' 조달 골머리"
007810,2026.09.04 07:02,조세일보,반도체 장비·소재(밸류체인) 10개사 법인세비용 2205억원…1년 새 2.5...
007810,2026.09.03 16:52,서울신문,"[마감시황]코스피, 하루 만에 반등하며 6579.48 마감…LG에너지솔루션..."
007810,2026.09.03 08:28,머니투데이,"코리아써키트, 매출 회복 지연…목표가 9만원으로 하향-메리츠"
007810,2026.09.02 10:29,연합뉴스,"대형화재 때 물 부족 막는다…안산 소방, 민간 수조 활용 협약"
007810,2026.08.29 18:06,한경비즈니스,"전기전자, PCB 업사이클 숫자로 재확인[베스트 애널리스트 추천 전략..."
007810,2026.08.28 08:00,머니투데이,"""메모리 더 줘"" 피크아웃 잠재운 엔비디아…불붙은 삼전닉스 호황 부..."
007810,2026.08.27 16:26,머니투데이,'AI발 수요' 의심 털었다…반도체주 투심 호전
007810,2026.08.27 09:29,머니투데이,"""AI 수요 계속"" 엔비디아 실적 발표에 기판주 '방긋'… 심텍, 5%대↑"
007810,2026.08.20 11:00,비즈워치,"영풍, 상반기 안정적 흑자...친환경 투자 부담에도 재무 개선"
007810,2026.08.20 07:03,조세일보,"영풍, 상반기 별도 영업익 386억원…전년 적자서 흑자전환"
007810,2026.08.19 15:26,아이뉴스24,"영풍, 2개 분기 연속 흑자⋯아연 가격 상승 영향"
007810,2026.08.12 09:05,아시아경제,"[클릭 e종목]""네오티스, AI 서버발 드릴비트 가격 협상력↑…SoCAMM2까..."
007810,2026.08.10 09:38,SBS Biz,[이 시각 시황] 코스피·코스닥 동반 반등…우주항공·반도체주 강세
007810,2026.08.05 17:49,매일경제,"머스크 ""메모리 수요 매년 200% 증가""… 삼전닉스에 '힘' 실어"
007810,2026.08.05 15:53,전자신문,외국인 1.4조원 순매수…코스피 6600선 눈앞 마감
007810,2026.08.05 09:39,SBS Biz,[이 시각 시황] 양대 지수 동반 강세…AI 수혜주가 시장 견인
007810,2026.07.31 09:50,이데일리,‘제2의 HBM’ 소캠株 불기둥…대덕전자 상한가[특징주]
007810,2026.07.28 09:55,서울신문,"[서울데이터랩]코스피, 장 초반 5%대 급락…반도체·전기전자 약세에..."
007810,2026.07.17 17:53,매일경제,모바일 → AI서버용 … 고수익 기판에 올인
007810,2026.07.15 18:05,파이낸셜뉴스,신한 SOL ETF에 메모리 장비주 더 담는다
007810,2026.07.15 17:55,매일경제,방산·바이오까지 외국인 매수세 확산…추세 상승은 의구심
007810,2026.07.15 10:25,매일신문,[여의도단신] 한국투자증권·신한자산운용·DB증권
007810,2026.07.15 09:36,머니투데이,"美 반도체 훈풍에 기판주도 '방긋'… 삼성전기, 10%대 급등"
007810,2026.07.14 19:01,한국일보,"리밸런싱 후 편입 종목 급등락…'공룡' 된 ETF, 꼬리가 몸통을 흔든다"
007810,2026.07.10 18:15,한국경제,"외국인, 하락장서 대덕전자·LG이노텍 더 샀다"
457190,2026.09.30 09:12,서울신문,[서울데이터랩]개장 직후 인기 검색 종목 20選
457190,2026.09.29 14:41,한국경제TV,"[단독] 이수스페셜티, 황화리튬 다음달 생산…전고체 시대 열린다"
457190,2026.09.29 14:32,서울경제,"‘배당락’ 삼전 던진 상위 1%…삼성그룹株, 나란히 순매도 상위 [주식..."
457190,2026.09.28 12:50,서울경제,주식 고수 순매수 1위는 삼전…4% 하락에 저가매수 나섰나 [주식 초고...
457190,2026.09.04 18:14,서울경제,반도체서 2차전지로 순환매…한달 새 21% 쑥 [ETF 줌인]
457190,2026.09.02 09:48,국민일보,국민성장펀드에 또 1조원 투입…AI·반도체 겨냥 200조로 키운다
457190,2026.08.24 10:40,전자신문,"이수그룹, “2030년 매출 6조원, 영업이익 6000억원”…성장 전략 공유"
457190,2026.08.12 14:20,국제신문,상장사 비수도권 충청권 늘고 부울경 줄고
457190,2026.07.20 14:36,데일리안,리튬이온 과세·고체 배터리 면세한 中…K배터리 파장은
457190,2026.07.08 11:06,더팩트,전문무역상사 607곳으로 확대…99곳 신규 지정
457190,2026.06.30 07:01,데일리안,넥스트 AI는 2차전지?…차세대 성장 산업 투자처 ‘주목’
457190,2026.06.26 00:00,뉴스1,김회천 한수원 사장 재산 48.6억…'송파 상속' 포함 서울 아파트 2채 ...
457190,2026.06.25 14:04,조선비즈,"AI 시대 배터리는 ‘전고체·ESS’…삼성자산운용, ‘전고체배터리ESS..."
457190,2026.06.23 17:23,한국경제,"'전고체배터리ESS TOP2'…삼성운용, 새 ETF 출시"
457190,2026.06.18 10:11,지디넷코리아,"이수스페셜티케미컬, 전고체 소재 황화리튬 생산 기반 확보"
457190,2026.06.16 11:33,헤럴드경제,‘KODEX 전고체배터리ESS TOP2플러스’ 출시
457190,2026.06.14 18:32,한국경제,中 'LFP 배터리 천하' 흔들 변수는 자율주행차·휴머노이드 대중화
457190,2026.06.13 06:01,한국경제,테슬라·포르쉐도 베팅…AI 전력난이 밀어올린 태양광·수소株
457190,2026.05.20 15:57,지디넷코리아,세제 지원·산단 육성 '공염불'…배터리 B-학점
457190,2026.05.19 07:05,서울경제,스페이스X 조기 IPO 기대에 우주테마株 급등…미래에셋벤처 23%↑[이런...
457190,2026.05.14 15:45,조선비즈,돈 빌려주며 이자도 안 받는다?... 레이크머티리얼즈 CB에 기관들 줄 ...
457190,2026.05.13 10:57,이데일리,"AI·반도체 담은 국민참여 성장펀드, 출시 앞두고 투자매력 주목"
457190,2026.05.12 16:37,블로터,"이수스페셜티케미컬, 이달 19일 기관 대상 기업설명회 개최"
457190,2026.05.04 09:45,SBS Biz,"[이 시각 시황] 전선·전력설비, 에너지 대전환 관련주 우상향 지속"
457190,2026.05.02 16:00,시사저널,역대급 세액공제 내건 국민성장펀드…관제펀드 잔혹사 끊어낼까
457190,2026.04.29 11:38,헤럴드경제,“희망은 주식뿐”…20대 빚투 1년새 2배 급증 [H-EXCLUSIVE]
457190,2026.04.27 09:56,이데일리,"이수그룹, 출범 30주년 특별 전시회 '스테이징' 개최"
457190,2026.04.26 17:43,한국경제,[단독] 자본시장 발목잡는 150조 국민성장펀드
457190,2026.04.26 11:00,아시아경제,[르포]국민성장펀드로 '데스밸리' 넘었다…전고체 배터리 양산 전초기...
457190,2026.04.23 16:20,뉴스1,중동 리스크에 6300선 밀렸다 반등…코스피 사흘 연속 최고가[시황종...
457190,2026.04.23 14:32,뉴스1,코스피 신고가 이끈 이차전지 '우수수'…LG엔솔 -3.8% 삼성SDI -4.8%[핫종...
457190,2026.04.23 08:43,이데일리,같은 코스피 다른 1년...수출·배당 웃고 내수·바이오 울었다
457190,2026.04.22 17:55,매일경제,6400 뚫은 코스피 … 빚투도 다시 과열
457190,2026.04.21 17:30,뉴스1,'코스피 새 역사'…반도체 끌고 이차전지·건설주 밀고
457190,2026.04.21 16:15,매일신문,K배터리 반등 시동…삼성SDI·엘앤에프 '상승 랠리'
457190,2026.04.21 15:57,연합뉴스,[특징주] '캐즘 터널' 빠져나오나…2차전지주 '불기둥'(종합)
457190,2026.04.21 15:50,전자신문,코스피 또 새 역사…외국인·기관 쌍끌이에 6388선 돌파
457190,2026.04.21 15:45,매일경제,[속보] 코스피 ‘사상 최고치’ 6380선 돌파…1.3조 외인 귀환 이어 반...
457190,2026.04.21 10:38,데일리안,"벤츠 ""한국 기업과 파트너십 확대""…2차전지주 급등세 [특징주]"
457190,2026.04.21 10:11,뉴스1,'벤츠 배터리 공급' 삼성SDI 신고가…이차전지 동반강세[핫종목]
457190,2026.04.17 08:29,SBS Biz,[어제장 오늘장] 종전 시계에 국내증시 회복 속도↑…코스피 최고치 ...
457190,2026.04.16 16:42,이데일리,"'출범 30주년' 이수그룹, ""2030년 그룹 시총 25조 달성 목표"""
457190,2026.04.15 18:03,아이뉴스24,"K-배터리, AI 배터리 전략 공개…ESS·로봇·UAM '승부수'(종합)"
457190,2026.04.15 17:27,아이뉴스24,"SK온, '3P-제로'로 안전 강화…""배터리 신뢰가 경쟁력"""
457190,2026.04.15 16:32,아이뉴스24,"LG엔솔 ""AX로 배터리 개발…2028년 생산성 2배 목표"""
457190,2026.04.14 16:41,더팩트,"국민성장펀드, 소버린AI·차세대 백신 등 '2차 프로젝트' 발표"
457190,2026.04.14 15:26,조세일보,이억원 “첨단산업 골든타임 지킬 것…적기에 대규모 자금지원”
457190,2026.04.06 16:12,뉴스1,"삼전이 끌고간 코스피, 5450.33 마감…코스닥 1.54%↓[시황종합]"
457190,2026.04.06 10:25,뉴스1,'실적개선 기대감' 이차전지주 동반 강세 [핫종목]
457190,2026.03.31 13:26,전자신문,"SNE리서치, 글로벌 배터리 콘퍼런스 'NGBS 2026' 개최"
083450,2026.09.25 15:00,비즈워치,"[AI 열폭주 잡는 K산업]下 ""기름에 서버 풍덩""…정유 4사 꽂힌 새 먹거..."
083450,2026.09.18 05:50,머니투데이,AI 데이터센터 냉각시장 공략 나선 'K정유'..개발 넘어 실증 본격화
083450,2026.09.15 13:44,파이낸셜뉴스,"""기후위기 통감""... GST, 네팔 대홍수 구호금 1억 4000만 원 전달"
083450,2026.09.07 00:31,동아일보,“AI 데이터센터 발열 잡아라”… 정유사 ‘액체냉각’ 새 시장 경쟁
083450,2026.09.06 10:41,한경비즈니스,“전력효율·냉각이 성능 좌우” AI 데이터센터 ‘액체냉각’ 각광
083450,2026.09.06 06:06,머니투데이,"""AI 반도체 발열 잡아라"" 유망 종목인데...코스닥서 뚝뚝뚝, 왜"
083450,2026.09.03 16:59,디지털데일리,"에쓰오일, AI 데이터센터 액침냉각 실증…국산 공급망 구축 나선다"
083450,2026.08.17 16:30,머니투데이,"""확신의 매수 구간""…비중확대 추천한 반도체 종목은"
083450,2026.08.07 07:38,이데일리,"GST, 올해 매출 4000억·하반기 TSMC 수주 기대…'매수'-IBK"
083450,2026.07.24 10:01,디지털데일리,"GST, 엔비디아 H200 서버 탑재 액침냉각 장비 가동"
083450,2026.06.23 10:48,한국경제,"제이에이치솔루션, 'KMF 2026' 참가…발전소 디지털 트윈 플랫폼 공개"
083450,2026.06.18 18:12,파이낸셜뉴스,"K장비기업, AI 겨냥…데이터센터 후방 산업 선점 나선다"
083450,2026.06.05 16:58,동아일보,"에쓰오일, 고발열 GPU 서버에 액침냉각유 적용… 2029년까지 실증"
083450,2026.06.05 09:51,머니투데이,"S-OIL, 성균관대·GST와 AI 데이터센터 액침냉각 실증 MOU"
083450,2026.05.26 13:56,전자신문,"에쓰오일, 데이터센터 액침냉각 실증 추진"
083450,2026.05.26 09:16,비즈워치,"S-OIL, AI 인프라 생태계 협력 강화 나선다"
083450,2026.05.26 08:46,뉴스1,"에쓰오일, 데이터센터 액침냉각 실증 추진…AI 인프라 시장 공략"
083450,2026.05.26 08:45,지디넷코리아,"에쓰오일, 데이터센터용 액침냉각유 실증 추진"
083450,2026.05.26 08:44,머니투데이,"에쓰오일, 차세대 데이터센터 액침냉각 실증 추진"
083450,2026.05.26 08:40,이데일리,"에쓰오일, 데이터센터 액침냉각 실증 추진…AI 데이터센터 대응"
083450,2026.05.26 08:38,아시아경제,"에쓰오일, AI 데이터센터 액침냉각 실증 추진…""전력·발열 문제 해결..."
083450,2026.05.26 08:37,파이낸셜뉴스,"""AI 데이터센터 발열 잡는다""…에쓰오일, 액침냉각 실증 추진"
083450,2026.05.26 08:31,한경비즈니스,"“AI 발열 잡는다” 에쓰오일, 차세대 액침냉각 실증 돌입"
083450,2026.05.15 17:43,블로터,"HS효성첨단소재, 계열사 채무보증 296억 결정"
083450,2026.05.13 18:12,파이낸셜뉴스,"에쓰오일, 데이터센터 액침냉각 시장 공략"
083450,2026.05.13 15:39,아시아경제,"""데이터센터 발열 문제 해결""…에쓰오일, 액침냉각 솔루션 선봬"
083450,2026.05.13 13:43,아이뉴스24,"에쓰오일, GST와 데이터센터 액침냉각 시장 공략"
083450,2026.05.13 10:32,서울경제,"에쓰오일, GST와 협력한 데이터센터용 액침냉각유 공개"
083450,2026.05.13 10:13,뉴스1,"S-OIL, 데이터센터용 액침냉각유 공개…열관리 시장 진출 속도"
083450,2026.05.13 10:11,전자신문,"에쓰오일, 데이터센터용 액침냉각 솔루션 공개"
083450,2026.05.13 10:08,연합뉴스,"에쓰오일, 'HVAC 코리아 2026'서 데이터센터용 액침냉각유 공개"
083450,2026.05.13 10:03,뉴시스,"""S-OIL·GST 맞손""…AI 데이터센터 액침냉각 솔루션 공개"
083450,2026.05.13 10:01,파이낸셜뉴스,"에쓰오일, 데이터센터 액침냉각 솔루션 공개...""AI 서버 발열 잡는다"""
083450,2026.05.13 09:51,이데일리,"에쓰오일, 데이터센터용 액침냉각유 공개…AI 열관리 시장 공략"
083450,2026.05.13 09:43,지디넷코리아,에쓰오일 'HVAC 코리아'서 데이터센터용 액침냉각유 공개
083450,2026.05.13 09:40,머니투데이,"S-OIL, 데이터센터용 액침냉각유 선보여..열관리 시장 선도"
083450,2026.05.13 08:01,이데일리,"GST, S-OIL과 함께 기계설비전시회(HVAC KOREA)서 데이터센터용 액침냉..."
083450,2026.05.13 08:01,전자신문,"GST, HVAC KOREA서 S-OIL과 데이터센터 액침냉각 솔루션 공개"
083450,2026.05.12 16:21,이데일리,"피델리티, 반도체 장비 GST 주요주주 등극…SK하이닉스 공급 확대 베팅"
083450,2026.05.11 18:03,한국경제,"GST ""에쓰오일과 액침냉각 솔루션 협력"""
083450,2026.05.11 09:23,한국경제,"GST, 장중 15% 급등…""반도체 장비 수요 확대 영향"""
083450,2026.04.21 11:54,서울경제,"벤츠 수혜에도 갈렸다…초고수, LG엔솔 매수·삼성SDI 매도 [주식 초고..."
083450,2026.04.20 12:12,서울경제,"“환희에 팔았다”…상위 1%, SK하닉 신고가에 팔고 대한전선 담아 [주..."
083450,2026.04.13 09:42,이데일리,"""올해 사상 최대 실적 가시화"" 전망에…GST 7%↑[특징주]"
083450,2026.03.03 10:30,한국경제,"""무탄소 전기만으론 부족하다""…반도체업계의 가스 전쟁"
083450,2026.03.03 09:17,이데일리,"GST, MWC 2026서 하이퍼스케일급 액침냉각 솔루션 공개"
083450,2026.03.03 08:01,전자신문,"GST, MWC 2026서 하이퍼스케일급 액침냉각 솔루션 공개"
083450,2026.03.03 08:00,디지털타임스,"GST, 스페인 바르셀로나 MWC 2026 참가… AI 데이터센터용 액침냉각 장..."
083450,2026.03.02 17:54,한국경제,"GST ""물로 데이터센터 발열 잡는다"""
083450,2026.02.11 10:28,전자신문,"GST, 세미콘 코리아에서 차세대 성장동력 및 친환경 솔루션 대거 공개"
403870,2026.09.30 10:30,서울경제,美 반도체주 훈풍에 장비주 강세…주성엔지니어링 코스닥 시총 3위[이...
403870,2026.09.30 09:33,뉴스1,美반도체주 반등에 코스피 6900선 회복…외국인 순매수 전환[개장시황...
403870,2026.09.30 09:03,이데일리,"[속보]코스피, 반도체 강세에 6920선…코스닥도 동반 강세"
403870,2026.09.29 15:51,뉴시스,"코스피, 외인 '팔자'에 이틀째 하락…6870선 약보합 마감"
403870,2026.09.29 15:45,서울신문,"삼성전자 27만2500원 마감, SK하이닉스 거래대금 5조… 검색 관심 대규..."
403870,2026.09.29 13:58,서울신문,빅웨이브로보틱스 187% 급등·퀀텀레일 하한가… 변동성 확대된 코스...
403870,2026.09.29 13:56,서울신문,"HPSP 7.68% 급등, 에코프로비엠 5.57% 하락… 업종별 순환매"
403870,2026.09.28 13:53,서울신문,HLB 상한가 질주… 코스닥 시총 상위주 혼조세
403870,2026.09.23 16:24,뉴스1,"'전강후약' 오르면 파는 개미들…코스피 7080 마감, 개인1.4조 순매도..."
403870,2026.09.23 16:09,서울신문,"[마감시황]코스닥, 1.21% 오른 844.48 마감…반도체 강세 속 연휴 앞 종..."
403870,2026.09.23 13:53,뉴스1,칠천피 위협하는 '전강후약'…개인·외인 동반 매도세[장중시황]
403870,2026.09.23 13:31,이데일리,"코스피, 반도체 훈풍에도 상승폭 축소…7100선서 7050선으로"
403870,2026.09.23 13:08,서울신문,"[마감시황]코스닥, 836.27로 1.11% 상승 마감…반도체 장비 강세·개인..."
403870,2026.09.23 09:48,아이뉴스24,[특징주] 美 반도체 훈풍에 관련 소부장株 '강세'
403870,2026.09.23 09:35,뉴스1,"코스피, 반도체 타고 7100선 돌파…'배당' 삼전 3%대↑[개장시황]"
403870,2026.09.23 09:04,이데일리,"[속보]코스피, 美 반도체 훈풍에 7100선 돌파…삼전닉스 강세"
403870,2026.09.22 16:20,뉴스1,'칠천피 지지력 테스트'…개인 1.6조 '차익실현' 7017선 마감 [시황종...
403870,2026.09.22 16:08,서울신문,외국인·기관 동반 매도에 코스닥 0.23% 하락
403870,2026.09.22 15:35,이데일리,[속보]삼전 0.91%↑·하닉 1.50%↓…외인·기관이 향방 갈랐다
403870,2026.09.22 09:27,뉴스1,"""AI 낙관론 부활"" 코스피 2% 급등 7160선…반도체株 강세[개장시황]"
403870,2026.09.21 16:26,뉴스1,삼전 '특별배당' 외인 1조 쓸어담아…7거래일 만에 칠천피 탈환[시황...
403870,2026.09.21 16:23,서울신문,"[마감시황]코스닥, 836.27로 1.11% 상승 마감…반도체 장비 강세·개인..."
403870,2026.09.16 13:08,서울신문,"[서울데이터랩]코스닥 시총 상위주 혼조…반도체 장비 강세, 2차전지·..."
403870,2026.09.10 16:16,서울신문,[서울데이터랩]마감 직후 인기 검색 종목 20選
403870,2026.09.10 15:34,이데일리,"[속보]코스피, 약보합 마감…'네 마녀의 날'에도 7000선은 지켰다"
403870,2026.09.10 13:55,이데일리,6800선 찍고 다시 '칠천피' 향해…코스피 7000선 안착 공방
403870,2026.09.10 13:36,뉴스1,낙폭 줄인 코스피 7000선에서 고지전…코스닥은 상승 전환[장중시황]
403870,2026.09.10 09:05,이데일리,"[속보]미국발 고금리·고유가 부담에, 코스피 7000선서 약보합"
403870,2026.09.10 06:00,뉴스1,ETF 수익률 상위 휩쓴 반도체…삼전닉스보다 '장비주' 날았다
403870,2026.09.09 17:46,매일경제,유가 충격에도 … 33거래일만에 7천피 회복
403870,2026.09.09 16:22,뉴스1,"이번엔 지켰다…코스피, 33거래일 만에 7000선 회복 마감[시황종합]"
403870,2026.09.09 16:06,서울신문,"[마감시황]코스닥, 외국인 매수에 830.37 마감…2차전지·반도체 장비..."
403870,2026.09.09 12:13,뉴스1,"개인 ""팔자"", 기관 ""사자""…코스피 7100선 두고 공방전[장중시황]"
403870,2026.09.09 09:28,뉴스1,美 증시 약세에도 코스피 7000선 재돌파…코스닥 1.7%↑[개장시황]
403870,2026.09.09 09:27,서울신문,"[서울데이터랩] 코스닥, 장 초반 1.71% 올라 825.77…반도체·장비주 강..."
403870,2026.09.09 09:11,조선비즈,중동 불안에도 반도체 굳건…코스피 강보합 출발
403870,2026.09.08 14:55,뉴스1,"코스피, 7100선 반납하며 개장가 회귀…개인 2.8조 '팔자'[장중시황]"
403870,2026.09.08 13:56,이데일리,"코스피, 7100선 넘어 2%대 상승…SK하이닉스 4.99%↑"
403870,2026.09.08 13:24,서울신문,"[서울데이터랩]코스닥 시총 상위주 혼조…주성엔지니어링 9%대 급등, ..."
403870,2026.09.08 11:20,뉴스1,"삼전닉스 이틀째 질주, 외인도 '사자'…코스피 7100선 회복[장중시황..."
403870,2026.09.08 09:44,서울신문,"[서울데이터랩] 코스닥, 장 초반 826.46 상승 출발…반도체 장비·2차전..."
403870,2026.09.08 09:42,뉴스1,코스피 15일 만에 7000선 탈환…반도체 강세 영향 1%대 상승 [개장시황...
403870,2026.09.08 09:06,이데일리,"[속보]코스피, 7000선 돌파…SK하이닉스 180만원 회복"
403870,2026.09.07 15:58,머니투데이,"""개미 8조 던져도 끄떡없다"" 코스피 4.6% 급등...7천피 '턱밑'"
403870,2026.09.07 15:50,이데일리,"코스피, 오픈AI발 훈풍에 4%대 상승…7000선 코앞[마감]"
403870,2026.09.07 13:49,서울신문,"[서울데이터랩]코스닥 시총 상위주 혼조…반도체 장비 강세, 바이오 대..."
403870,2026.09.04 13:22,서울신문,[서울데이터랩]코스닥 시총 상위주 장중 강세…로봇·반도체 장비 급...
403870,2026.09.03 13:34,서울신문,"[서울데이터랩]코스닥 시총 상위주 혼조…이오테크닉스 7%대 강세, 알..."
403870,2026.09.02 20:41,헤럴드경제,"금리 치솟을 땐 투자전략 달라야…‘고ROA’주, 16개 종목 리스트는? ..."
403870,2026.09.02 13:24,서울신문,"[서울데이터랩]코스닥 시총 상위주 혼조…알테오젠 강세, 2차전지·바..."
357780,2026.09.30 09:04,이데일리,"반도체 독주 끝나나…“3분기 깜짝 실적, 대한항공·넥스틴 주목”"
357780,2026.09.28 07:55,SBS Biz,"[애프터마켓 리뷰] 쓰리빌리언, ‘한국형 ARPA-H’ 과제 선정"
357780,2026.09.23 06:10,뉴스1,"""AI 메모리 증설에 공정 실적 쌓였다""…솔브레인, 호실적 배경 [실적w..."
357780,2026.09.18 09:00,블로터,"주식병합 택한 VC와 달랐다…나우IB, '4대1 무상감자' 승부수"
357780,2026.09.11 06:10,뉴스1,메모리 호황에 '소모성 소재' 잘 팔린다…솔브레인·동진 실적 '쑥'
357780,2026.09.07 15:43,연합뉴스,[특징주] 반도체 훈풍에 관련 '소부장주' 급등 마감(종합)
357780,2026.08.31 16:32,전자신문,반도체 초호황 속 영업이익률 극과 극…협력사 낙수효과 없었다
357780,2026.08.25 08:50,조선비즈,"LS證 “솔브레인, 고객사 WSPM 증가·가동률 상승… 목표가 50만원”"
357780,2026.08.19 15:24,조선일보,"반도체 호황, 소재까지 번졌다…5개사 2분기 영업익 모두 증가"
357780,2026.08.19 10:13,조세일보,25만전자 붕괴·SK하이닉스 9%↓…소부장은 ‘역주행’ [칩칩폭폭]
357780,2026.08.18 18:11,아시아경제,"""솔브레인, 하반기 가격·출하량 동반 개선…목표가↑""[클릭 e종목]"
357780,2026.08.18 00:46,조선일보,"반도체 환호에 묻힌 소부장 비명… “中, 원자재 문턱 높이고 있다”"
357780,2026.08.11 02:09,국민일보,"“유리기판, 가야할 길… 韓반도체 ‘3D 신소재’로 체질 바꿔야”"
357780,2026.08.10 17:53,한국경제,리노공업·휴젤…코스닥 '1부리그' 후보 올랐다
357780,2026.08.10 17:52,국민일보,"“유리기판, 벽 높지만 반드시 가야할 길”… 솔브레인 박영수 대표의..."
357780,2026.08.05 10:35,서울경제,"삼성, D램 왕좌 탈환…SK하이닉스 제치고 점유율 1위"
357780,2026.08.04 10:25,조세일보,美 AWS 훈풍 덮은 中 CXMT 공포…반도체주 약세 [칩칩폭폭]
357780,2026.07.31 16:01,헤럴드경제,"솔브레인, 120억 규모 자사주 취득 신탁계약 체결"
357780,2026.07.26 12:46,뉴스1,에코프로·애경·솔브레인 '맞손'…소듐배터리 소재 생태계 구축
357780,2026.07.23 17:19,머니투데이,"'빅테크 대장' 알파벳, 하반기 182조 퍼붓는다...불붙는 삼전닉스"
357780,2026.07.22 16:35,이데일리,실적 뛰었는데 주가는 뒷걸음…코스닥 반도체 소부장 다시 볼 때?
357780,2026.07.22 10:09,뉴스1,삼전·닉스 대장주 급등에…반도체 소부장주 강세[핫종목]
357780,2026.07.21 10:19,조세일보,삼성·SK만 반등 성공…소부장주는 줄줄이 하락 [칩칩폭폭]
357780,2026.07.21 08:32,연합뉴스,"메리츠증권, 솔브레인 목표가 하향에도 ""매력적인 구간 진입"""
357780,2026.07.14 08:02,이데일리,3만원 한미사이언스 주식을 4.8만원에…PEF는 왜 50% 프리미엄에 베팅...
357780,2026.07.14 00:31,조선일보,“일은 늘었는데 수익은 제자리…” 삼전닉스 호황에 씁쓸한 ‘소부장...
357780,2026.07.13 06:01,조선비즈,“발주 늘었지만 마진은 그대로”… 삼성전자·SK하이닉스 초호황에도...
357780,2026.07.06 07:04,조세일보,"솔브레인홀딩스, 소재 국산화 외길…이차전지로 미래 도약 [2026년 납세..."
357780,2026.06.29 17:19,전자신문,[대한민국 3대 메가프로젝트] 산업계 “전력·용수·정주여건 지원 절...
357780,2026.06.04 14:10,뉴시스,"투자 고수들, 반도체 소부장·로봇 집중 매수…대형주 온기에 소부장..."
357780,2026.06.03 14:42,이데일리,코스피는 9000 코앞인데…코스닥은 고점 대비 16% ‘미끄럼’
357780,2026.06.01 10:22,조세일보,원익·주성엔 차익실현…코미코·솔브레인은 매수 추천 [칩칩폭폭]
357780,2026.05.26 08:01,한국경제,[스타워즈] KB증권 금메달팀 3주 연속 1위…누적 수익률 56.35%
357780,2026.05.06 08:44,매경이코노미,"‘머니 블랙홀’ 반도체, 빛과 그림자 [스페셜리포트]"
357780,2026.05.01 00:56,조선일보,"하이닉스 성과급, 소부장 협력사 직원은 2년 일해야 번다"
357780,2026.04.27 18:30,파이낸셜뉴스,반도체 소부장 주가도 뜨겁다 [반도체 장비 '봄날']
357780,2026.04.27 08:07,이데일리,코스피 6900선 박스권 전망…5월은 ‘종목 장세·퀄리티’
357780,2026.03.26 00:05,이데일리,"김성환 기후부 장관, 노원 아파트 포함 재산 11.9억[재산공개]"
357780,2026.03.24 11:04,블로터,"[주총 포커스] 솔브레인, GAA·유리기판으로 1兆 클럽 정조준"
357780,2026.03.24 07:52,이데일리,"코스닥 승강제 도입 예고…“프리미엄 지수, 자금 유인 효과 가능성”"
357780,2026.03.21 05:58,매일경제,“삼전 주주말고 우리도 웃읍시다”…이재용 110조 투자에 장비주 질...
357780,2026.03.20 17:37,매일경제,삼전 통큰 투자에…웃음짓는 반도체 장비株
357780,2026.03.10 17:24,머니투데이,첫 코스닥 액티브 ETF 2종 상장 첫날 상승…개인 자금 몰렸다
357780,2026.03.06 13:51,서울신문,[서울데이터랩]삼천당제약 4.15% 하락 코스닥 시가총액 상위 종목들 혼...
357780,2026.03.05 15:52,서울신문,[서울데이터랩]테크윙 30.00% 상한가 금일 증시 상승률 1위로 마감
357780,2026.03.05 15:33,한국경제TV,로켓 하락→수직 상승…코스피 9%·코스닥 14%↑
357780,2026.02.28 09:01,매경이코노미,코스닥 랠리 올라타고 싶다면...여의도서 강추하는 ‘이 종목’
357780,2026.02.23 21:01,매경이코노미,"코스피 다음은 코스닥, 삼천스닥 띄운 정부…지금 살 만한 종목은"
357780,2026.02.22 17:39,서울경제,‘PBR 0.7배’ OCI 주가 45% 상승 여력…올해 100억 규모 자사주 소각 ...
357780,2026.02.19 08:55,이코노미스트,"""코스닥, 1400까지 오를 것"" 눈여겨볼 종목 '이것' 이목 집중 [파닥파..."
219130,2026.07.15 17:05,블로터,"[메자닌 투자파일] 티에스이, 1000억 선투자…HBM 수요 잡을까"
219130,2026.06.24 06:00,뉴스1,"800스닥 잔인한 6월, 반도체는 올랐다…시총 20위 6개→9개"
219130,2026.06.10 04:10,머니투데이,반도체 중소형주까지 급반등… 팔천피 탈환
219130,2026.06.09 16:42,머니투데이,"""삼전닉스 믿고 있었어"" 화끈하게 반등...중소형주도 환호"
219130,2026.06.09 16:05,서울신문,"[마감시황] 코스닥, 하루 만에 6.19% 급반등…외국인·기관 동반 매수..."
219130,2026.06.09 13:58,머니투데이,"""삼전닉스만 오르는 게 아냐"" 불붙은 중소형주...상승세 탔다?"
219130,2026.06.09 11:03,뉴스1,'삼전닉스 반등' 소부장도 강세…피에스케이 20%↑[핫종목]
219130,2026.06.09 10:57,매일경제,"다시 불붙는 반도체주…SK하이닉스, 소부장 함께 뛴다 [매경 자이앤트..."
219130,2026.05.13 09:25,서울신문,"[서울데이터랩] 코스닥, 장 초반 1.47% 하락한 1161.96…외국인·기관 ..."
219130,2026.05.12 17:21,이데일리,"타이거일렉, 300억 규모 전환사채 발행 결정"
219130,2026.02.04 11:27,뉴시스,"타이거일렉, 지난해 영업이익 73억…전년比 흑자 전환"
219130,2026.02.04 11:25,이데일리,"타이거일렉, 지난해 영업익 73억원…흑자 전환"
219130,2026.02.04 11:13,헤럴드경제,"타이거일렉, 지난해 영업익 73억…흑자전환"
219130,2025.11.28 04:03,머니투데이,"AI거품론 잠재운 구글, 반도체 대장주 들썩"
219130,2025.11.27 16:36,SBS Biz,[종목리포트] 구글 TPU로 AI 살아나자 반도체주 '강세'
219130,2025.11.27 16:31,서울신문,[서울데이터랩]아로마티카 149.00% 폭등…금일 증시 상승률 1위로 마감
219130,2025.11.27 16:04,머니투데이,"삼성전자·SK하이닉스 ""땡큐, 구글""…AI 기대감에 연일 상승"
219130,2025.11.27 11:35,SBS Biz,美 인하 기대 韓 금리유지…코스피 4000선 회복
219130,2025.11.27 11:25,머니투데이,"""땡큐, 구글 TPU""…AI 살아나자 반도체株 달린다"
219130,2025.11.27 09:27,서울신문,[서울데이터랩]‘아로마티카’ 198.13% 폭등…실시간 상승률 1위
219130,2025.11.12 16:46,매일신문,"티에스이, 대구에 반도체 회로설계센터 설립…지역 인재와 함께 성장"
219130,2025.11.12 15:59,한국경제,"반도체 검사장비기업 티에스이, 대구에 회로설계센터 개소"
101160,2026.09.28 17:15,헤럴드경제,36조원 투자 이어지는 구미…주택시장 회복 속 ‘구미 파크원 데시앙...
101160,2026.09.17 13:57,지디넷코리아,"'램리서치와 특허분쟁' 월덱스 ""반도체 고객, 원가절감 중요...애프터..."
101160,2026.09.16 14:57,한국경제,"태영건설, '구미 파크원 데시앙' 11월 분양 예정"
101160,2026.09.16 02:58,지디넷코리아,"반도체 식각분쟁...월덱스 ""상부전극-기판 관계 불분명"" vs 램리서치 ""..."
101160,2026.09.08 11:11,연합뉴스,경북 반도체 인재·기업 한자리에…구미서 매칭 포럼
101160,2026.09.03 16:24,지디넷코리아,"램리서치 ""5년 전 경고했는데 아직 특허침해"" vs. 플라텍 ""특허소진론..."
101160,2026.08.28 08:00,블로터,"[영원무역 밸류업]⑦ 행동주의 연합, 공세 예고…내년 '표 대결' 전운"
101160,2026.08.26 15:22,매일신문,"""일자리 늘고 지갑 열린다""…구미 고용률 '2013년 이후 역대 최고' 64%"
101160,2026.08.20 15:10,지디넷코리아,"비씨엔씨-램리서치, 특허성 놓고 '팽팽'"
101160,2026.08.20 11:43,이데일리,"월덱스, DGIST와 ‘AI·반도체 동맹’…기술 고도화·인재 확보 나선다"
101160,2026.08.19 16:31,전자신문,"IP 장벽 세운 글로벌 장비, 韓 부품과 특허전"
101160,2026.08.19 12:02,이데일리,10곳 중 6곳 순이익 흑자…펄어비스 개선 폭 가장 커[상반기 코스닥 결...
101160,2026.08.18 17:19,지디넷코리아,"CMTX, 2분기 영업이익률 33%...""11분기 연속 매출 성장"""
101160,2026.08.13 13:18,전자신문,[데스크라인]함께 가야 멀리 가죠
101160,2026.08.11 16:30,매일경제,구미에 반도체 세라믹 소부장 기업 집결…‘초청 세미나’ 개최
101160,2026.08.11 14:32,전자신문,반도체 IDM-장비-부품 30개사 '다자간 직통라인' 기틀 마련
101160,2026.08.06 15:41,지디넷코리아,"CMTX, ""CB·BW 발행한도 확대, M&A 등 대응 목적"""
101160,2026.08.06 15:19,지디넷코리아,"비씨엔씨, 램리서치 디자인 2건 무효화 재도전...특허법원에 항소"
101160,2026.07.23 16:44,매일신문,"정부는 서남권 미는데, 반도체 소부장 기업은 ""구미"""
101160,2026.07.14 15:46,매일경제,"행동주의 타깃 된 에이플러스에셋, 70억원 규모 자사주 매입"
101160,2026.07.13 18:52,블로터,"월덱스, 2030년까지 2600억 투자·올 하반기 200억 자사주 매입"
101160,2026.07.10 11:30,헤럴드경제,이사 보수 문제와 주주행동주의 [딜레터]
101160,2026.07.07 11:20,비즈워치,"4조원 몰린 밸류업 ETF, 수익률도 코스피 웃돌아"
101160,2026.07.06 16:28,헤럴드경제,"‘거수기’ 오명 벗을까…자산운용사 의결권 반대율, 8.2%로 소폭 상승"
101160,2026.06.30 19:37,매일경제,이사 보수한도 상향 재추진한 월덱스에 VIP운용 완승
101160,2026.06.29 16:54,비즈워치,"월덱스, 이사 보수 상향 또 실패…반기 든 VIP운용 '완승'"
101160,2026.06.26 09:46,MBN,"월덱스, 'ESG 위원회' 자발적 설치...""지속가능 경영 실천"""
101160,2026.06.26 07:00,블로터,"월덱스 임시 주총, 최대주주 두 아들 '증여' 통로 전락하나"
101160,2026.06.25 10:48,이데일리,"월덱스 ""이사 보수 확대는 이사 증원 따른 조치…책임경영 지속"""
101160,2026.06.23 17:08,비즈워치,"월덱스, 배당성향 10%·중간배당 추진...주주 소통도 강화"
101160,2026.06.22 09:51,SBS Biz,[이 시각 시황] 반도체 강세 속 코스피 약세
101160,2026.06.18 14:21,비즈워치,"월덱스, 2대 주주 VIP운용 표대결 예고에 '밸류업' 맞불"
101160,2026.06.17 15:43,조선비즈,"월덱스, 밸류업 계획 공시…2600억 투자·배당 확대 추진"
101160,2026.06.17 10:44,연합뉴스TV,"VIP운용 ""월덱스 이사보수한도 안건 반대""…주주 표심 모은다"
101160,2026.06.17 09:46,이데일리,"VIP운용 ""월덱스 이사보수한도 안건 반대…일반주주 대상 의결권 대리..."
101160,2026.06.17 09:24,동행미디어 시대,"VIP자산운용, 월덱스 임시주총 이사 보수안 '반대'…의결권 위임 권유"
101160,2026.06.17 09:21,블로터,"VIP운용, 월덱스와 표 대결 돌입…임시주총 의안 '모두 반대' 권유"
101160,2026.06.17 09:16,서울경제,VIP자산운용 “월덱스 이사보수한도 안건 반대…일반 주주 대상 의결...
101160,2026.06.17 09:07,매일경제,"주총 이사보수한도 안건 재점화...VIP운용, 월덱스 안건에 반대 권유"
101160,2026.06.17 09:00,아시아경제,"[단독]""주주 홀대 월덱스 오너 반대합시다""…VIP운용, 사상 첫 공개 표..."
101160,2026.06.14 00:16,지디넷코리아,"비씨엔씨, 램리서치 디자인 2건 무효화 무산...특허법원 항소 관심"
101160,2026.06.11 06:00,블로터,"""말로는 안되겠네"" VIP운용, 월덱스에 '적극적 주주행동' 예고"
101160,2026.06.10 07:00,아시아경제,"3년 배당금보다 대표 연봉이 더 많다…월덱스, 주주홀대 '백화점'"
101160,2026.06.08 08:29,한경비즈니스,행동주의 표적 기업 60곳…1분기 만에 작년 수준 [ESG 뉴스 5]
101160,2026.06.07 18:19,한국경제,'행동주의 표적'된 기업 60곳…벌써 작년 전체 넘었다
101160,2026.06.05 07:30,비즈워치,[투자의 품격]'삼전닉스' 열풍 속 가치투자 꿈꾸는 VIP운용
101160,2026.06.05 06:00,블로터,"VIP운용, 월덱스 이사 보수안 제동…분할 상정 '꼼수' 지적도"
101160,2026.06.05 03:30,머니투데이,"""삼전닉스 쫓지 마세요…지금 너무 싼 이 종목들, 줍줍 기회""[부꾸미]"
101160,2026.06.03 16:13,지디넷코리아,"램리서치, CMTX 상대 특허법원 항소...특허분쟁 지속"
101160,2026.05.23 20:59,지디넷코리아,"플라텍, 램리서치 특허 무효분쟁 항소"
033640,2026.09.27 10:24,한국경제,"""한 달간 90% 폭등했다""…하이닉스 8% 오를 때 대박 난 곳 [대기업 협..."
033640,2026.09.18 06:01,한국경제,고금리 부담에도…韓 반도체 장비·전력주 '버티기'
033640,2026.09.17 18:14,파이낸셜뉴스,"황기연 수은 행장 ""충북 메가프로젝트 적극 지원"""
033640,2026.09.17 15:37,한국경제,같은 삼성전자 협력사인데…'47% vs -19%' 수익률 갈린 이유는 [대기업...
033640,2026.09.17 11:52,한국경제,아마존이 '11조 몰빵'…금리 인상에도 '34% 폭등' 무슨 일이 [빈난새의...
033640,2026.09.17 09:29,뉴스1,"""255개 중견기업의 힘""…중견련·충북도, 정책금융으로 투자 물꼬"
033640,2026.09.16 11:20,아이뉴스24,기업유치 전공 살린 신용한 지사 “충북에 투자하세요”
033640,2026.09.16 09:38,연합뉴스,"충북도, 서울서 수도권 CEO 300여명 초청 투자설명회"
033640,2026.09.10 17:01,전자신문,[패키징 발전 정책 포럼]“해외 대비 뒤처진 첨단 패키징 역량… 정부...
033640,2026.09.08 16:00,뉴스1,"""미스매치 해법 찾는다""…중견련, 대전서 중견기업 일자리 박람회 개..."
033640,2026.09.02 12:53,전자신문,'반도체 패키징 발전 정책 포럼' 10일 개최…“인력부터 인프라까지 ...
033640,2026.08.25 15:43,아이뉴스24,신용한 지사 “충북 반도체 클러스터 반드시 지정돼야”
033640,2026.08.21 19:41,KBS,"네패스, 충북반도체고에 반도체 장비 16대 기증"
033640,2026.08.06 10:30,서울경제,"스노우플레이크, 연례 컨퍼런스 ‘월드투어 서울’ 27일 개최"
033640,2026.07.15 04:37,동아일보,전자재료 혁신 선도… ‘스페셜티 소재 일류 기업’으로 도약
033640,2026.07.10 15:32,아이뉴스24,청주산단 최첨단 그린스마트산단 변신 가속화
033640,2026.07.08 14:12,세계일보,"네패스 코코아팹, ‘AI for Good’ 우수사례 선정"
033640,2026.06.30 11:40,KBS,"충청북도, 첨단 소재 특화형 AX 기반 구축"
033640,2026.06.30 10:09,매일경제,[K-리쇼어링 성장 전략] AI 반도체 시대 핵심 ‘패키징’…‘국내복귀...
033640,2026.06.29 22:02,KBS,"충청북도, 첨단 소재 특화형 AX 기반 구축"
033640,2026.06.25 10:41,조세일보,마이크론 훈풍에 삼성전자 5%·SK하이닉스 7%↑ [칩칩폭폭]
033640,2026.06.11 06:00,블로터,"'초호황' 반도체, PEF 운용사는 관심없다…이유는"
033640,2026.06.01 15:31,매일경제,기판 업체 밸류에이션 재평가…LG이노텍 14% 급등 [매경 자이앤트]
033640,2026.05.26 08:01,한국경제,[스타워즈] KB증권 금메달팀 3주 연속 1위…누적 수익률 56.35%
033640,2026.05.18 08:01,한국경제,"[스타워즈] 선두 다툼 치열…KB증권 금메달팀, 누적 수익률 40.8%로 1위"
033640,2026.05.06 17:50,대전일보,코스피 7300 돌파 '파죽지세'…반도체 랠리에 충청 상장사도 '훈풍'
033640,2026.04.29 16:17,매일경제,중견기업 업계 “중동 추경 예산 빠르게 집행해달라”
033640,2026.04.27 18:16,파이낸셜뉴스,"올 1호 유턴기업 한국콜마... ""K뷰티 국내 생산 역량 강화"""
033640,2026.04.27 14:49,매일신문,"유턴기업 규제 문턱 낮춘다…정부, 지원 대상 확대 검토"
033640,2026.04.27 09:31,한국경제,"'1호 유턴 기업' 한국콜마 찾은 산업장관…""국내 복귀 기업 적극 지원..."
033640,2026.04.24 17:46,한국경제,코스닥도 반도체 힘…26년 만에 1200 돌파
033640,2026.04.10 16:40,SBS Biz,"[애프터마켓 브리핑] 한화에어로, 핀란드 9400억규모 K9 추가 수출"
033640,2026.04.07 16:10,서울신문,[서울데이터랩]글로본 30.00% 상한가 금일 증시 상승률 1위로 마감
033640,2026.04.07 10:15,서울신문,[서울데이터랩] 글로본 30% 상한가…실시간 상승률 1위
033640,2026.04.07 10:11,머니투데이,'57조 잭팟' 20만전자 포효에 반도체주 줄상승…소부장도 불 붙었다
033640,2026.04.07 09:32,SBS Biz,"[이 시각 시황] 삼성전자, 역대급 1분기 잠정 실적…HBM 관련주↑"
033640,2026.04.02 08:41,머니투데이,"""네패스아크, 고객사 업황회복 기대감…주가 더 오른다""-한투"
033640,2026.04.01 09:37,SBS Biz,"[이 시각 시황] 광통신株, AI 데이터처리 기술 부각에 '훨훨'"
033640,2026.03.31 06:00,뉴스1,"중견기업 인력난 풀기 나선다…산업부, 청년 채용 박람회 개최"
033640,2026.03.25 09:41,SBS Biz,"[이 시각 시황] 통신장비주, 젠슨 황 픽 '광반도체' 기대감에 '쑥'"
033640,2026.03.20 18:03,블로터,"SG PE, 김양우 대표 앞세워 체질 개선…성장투자로 반등 노려 [넘버스..."
033640,2026.03.11 16:34,블로터,"네패스, 작년 영업익 238억…전년比 598% 증가"
033640,2026.03.11 16:33,이데일리,"네패스, 지난해 연결 영업이익 237억6112만원…전년비 598.0%↑"
033640,2026.02.12 14:27,뉴시스,"금융위, 충청권에 스타트업 육성 플랫폼 만든다"
033640,2026.02.12 14:03,조선비즈,"이억원 금융위원장, 반도체에 국민성장펀드 30조 원 전폭 지원"
033640,2026.02.12 14:00,머니투데이,"'본격가동' 국민성장펀드.. 이억원, 충청권 반도체·바이오 기업 소통"
033640,2026.01.29 13:10,매일경제,"코스피·코스닥 휘청이지만…반도체 소부장, 로봇株는 계속 간다[매경..."
033640,2026.01.29 09:49,SBS Biz,"[이 시각 시황] 삼성전자·SK하닉, 역대급 실적…HBM 관련주 강세"
033640,2026.01.29 09:45,서울신문,[서울데이터랩]네오펙트 29.90% 폭등…실시간 상승률 1위
033640,2026.01.16 09:36,SBS Biz,"[이 시각 시황] 뉴욕증시, 반도체 훈풍…온디바이스AI주 강세"
009830,2026.09.30 11:23,디지털타임스,"CTR에너지, 가파도 RE100마을 태양광·공기열 공용설비 구축"
009830,2026.09.30 11:20,뉴시스,"EY한영, 경영자문 성장에 매출 7984억 달성…영업익 30.1%↑"
009830,2026.09.30 10:56,이데일리,"AWS, 서울 리전서 클로드 최신 모델 제공…국내서 AI 추론 처리"
009830,2026.09.30 09:42,머니투데이,"광무, 유비즈솔루션 인수 완료…100% 자회사 편입"
009830,2026.09.30 08:49,머니투데이,"한화솔루션, 美 태양광 정책 우호적…목표가 상향-삼성증권"
009830,2026.09.30 08:00,디지털타임스,기업 자금조달 위축…8월 주식·회사채 38% ‘뚝’
009830,2026.09.30 07:46,헤럴드경제,8월 기업 주식·회사채 발행 10조 급감…금융채 7조 줄었다
009830,2026.09.30 06:00,YTN,"지난달 주식 발행 70% 감소...""7월 급증 기저효과"""
009830,2026.09.29 21:01,매경이코노미,"전망 갈린 석화주, 세 갈래로 투자하라"
009830,2026.09.29 17:13,한국경제,"""외국인에 세제혜택""…'1조' 울산 뉴온시티 집코노미서 분양"
009830,2026.09.29 16:37,이데일리,실적 시즌 '환율'에 울고 웃고…3분기 전망치 희비 갈렸다
009830,2026.09.29 16:02,아이뉴스24,"코스피, '개미 1조 매수' 약보합 마감⋯코스닥 850선 눈앞"
009830,2026.09.29 13:56,서울신문,부산주공 정리매매 첫 날 91% 급락… 코스피 거래상위 종목 희비 엇갈...
009830,2026.09.29 11:02,조선비즈,"코스피, 낙폭 줄이며 보합권 등락… 반도체 대형주 ‘저가 매수’ 반..."
009830,2026.09.29 10:13,서울신문,[서울데이터랩]개장 직후 인기 검색 종목 20選
009830,2026.09.29 10:01,서울경제,외국인·기관 4조 원 던졌다…반도체주 5% 폭락
009830,2026.09.29 08:19,SBS Biz,"[기업이슈] LG전자, 엔비디아 공식 파트너 선정"
009830,2026.09.29 06:01,YTN,"삼전닉스 5% 급락, 금리 탓만은 아닙니다.. 반등의 실마리는 엔비디아..."
009830,2026.09.29 06:01,서울경제,40% 오른 美 태양광 모듈값에 한화·OCI 웃는다[biz-플러스]
009830,2026.09.29 00:37,조선일보,민주당 우세라는 美 중간선거… “수혜주는 태양광·ESS·전력기기”
009830,2026.09.29 00:00,뉴시스,10월 증시 어디로…반도체·기판 웃고 바이오는 '시험대'
009830,2026.09.28 18:06,한국경제,맹탕 美·中회담에…韓 태양광·배터리주 동반 반사익
009830,2026.09.28 17:49,매일경제,美전략물자화 기대감 … 태양광株 모처럼 '쑥'
009830,2026.09.28 17:48,서울경제,美 태양광 모듈값 40% 껑충…한화·OCI 실적 ‘훈풍’
009830,2026.09.28 16:39,서울신문,삼성전자·SK하이닉스 5%대 하락… HLB는 상한가
009830,2026.09.28 16:38,서울신문,코스피 2.70% 급락 6889… 외국인·기관 4조원 넘게 팔았다
009830,2026.09.28 16:27,조선비즈,"[마켓뷰] 美 국채금리 폭등에 ‘삼전닉스’ 털썩... 코스피, 2.7% 내린..."
009830,2026.09.28 16:23,노컷뉴스,"7천선 지키기 어렵네…코스피 6800대 마감, 반도체주 '휘청'"
009830,2026.09.28 16:03,대전일보,"추석 끝나자 코스피, 2.7% 하락 마감…'7000피' 밑으로"
009830,2026.09.28 15:42,연합뉴스,"[특징주] 태양광주, 美 모듈·폴리실리콘 가격 상승에 급등(종합)"
009830,2026.09.28 15:36,아이뉴스24,"한화에어로스페이스, 美 지상·해양 방산 '컨트롤타워'로"
009830,2026.09.28 13:55,서울신문,반도체 대형주 약세 속 금강공업 18.9% 급등
009830,2026.09.28 11:22,서울경제,한화솔루션 11% 상승 태양광株 햇볕…미국發 단가 상승 영향 [코주부]
009830,2026.09.28 10:30,뉴시스,美태양광 가격 상승에 수혜 기대감↑…한화솔루션 11% 급등
009830,2026.09.28 10:03,파이낸셜뉴스,"""태양광 드디어 빛 보나""...관련주 10%대↑[종목 NOW]"
009830,2026.09.28 09:45,조선일보,"”美 중간선거, ‘블루 웨이브’ 수혜주는 태양광·ESS·전력기기…반..."
009830,2026.09.28 09:34,머니투데이,"""태양광 업체 매수 나서야"" 증권가 조언…한화솔루션 등 급등"
009830,2026.09.28 09:17,서울신문,일본은행 금리 인상 경계… 코스피 0.42% 하락
009830,2026.09.27 17:57,파이낸셜뉴스,"""이사 자주 다니는 신혼·1인가구 위해 '가구 구독' 만들었죠""[C리즈]"
009830,2026.09.26 09:05,아시아경제,"""지금이 가장 싸다""…12월4일 이후 '가파른 상승' 전망 나온 종목 [주..."
009830,2026.09.26 08:01,데일리안,고금리에도 7000피 탈환…기간 프리미엄이 뭐길래
009830,2026.09.26 07:01,헤럴드경제,"한화 태양광, ‘연말 겹호재(관세·증설)’에 실적 탄력 기대 [비즈36..."
009830,2026.09.24 15:00,블로터,"한화시스템, 필리조선소 지분 정리…적자 부담 덜고 재무 숨통"
009830,2026.09.23 16:51,아이뉴스24,'전강후약' 반복 코스피⋯7000선 턱걸이 마감
009830,2026.09.23 16:24,한국경제,OCI홀딩스·한화솔루션 쑥…美 태양광 재편 수혜
009830,2026.09.23 16:00,조선비즈,[마켓뷰] 연휴 전 쏟아진 매물… ‘칠천피’는 지켰다
009830,2026.09.23 15:36,이데일리,"[속보]코스피, 美 반도체 훈풍에 7080선 상승 마감…코스닥 1.21%↑"
009830,2026.09.23 11:44,조선비즈,"추석 앞두고 외인·개인 동반 매도…코스피, 장중 하락 전환하기도"
009830,2026.09.23 10:30,매일신문,"""美 태양광, 국가안보 핵심 전략자산""…국내 태양광株 동반 강세"
009830,2026.09.22 17:00,파이낸셜뉴스,코스피는 올랐는데 태양광주는 급락…美 수혜 기대도 못 막았다
093320,2026.09.24 13:59,조선일보,"맥쿼리, 가비아 공개매수 실패...美 펀드 ‘고무신(검슈)’도 가세"
093320,2026.09.18 15:53,아시아경제,"가비아 상폐 무산에…얼라인 ""지배주주 동의만으론 불가, 공정 조건 마..."
093320,2026.09.10 15:01,아이뉴스24,"가비아 특위, 맥쿼리 공개매수에 '중립' 권고⋯4만8000원 적정성 판단..."
093320,2026.09.07 10:48,매경이코노미,기로에 선 가비아-얼라인 ‘상폐 전쟁’
093320,2026.09.03 11:07,머니투데이,얼라인 흔들고 맥쿼리 품은 '가비아'…27년 무노조 직원들도 움직였다
093320,2026.09.02 07:40,비즈워치,"가비아 공개매수 논쟁 점입가경, 핵심은 '가격’"
093320,2026.08.20 15:23,블로터,[가비아 M&A] 맥쿼리와 데이터센터 합작 본격화…상반기 104억 출자
093320,2026.08.19 16:05,서울경제,"얼라인, 가비아 임시주총 청구…“이사회, 주주충실의무 외면” [시그..."
093320,2026.08.13 06:43,데일리안,"“주택 대신 AI로”…건설사, 100조 데이터센터 시장 ‘정조준’"
093320,2026.08.12 14:31,헤럴드경제,"케이아이엔엑스, 2분기 영업익 88억…전년비 51.2% ↑"
093320,2026.08.04 16:20,조선비즈,"맥쿼리, 얼라인 주장 반박…“가비아 공개매수 중요정보 모두 공시”"
093320,2026.08.04 09:55,아시아경제,"지엔씨에너지, 328억 규모 데이터센터 가스터빈 발전기 공급계약 체결"
093320,2026.07.31 14:35,아시아경제,"얼라인 ""가비아 공개매수 관련 진정…중요정보 공개돼야"""
093320,2026.07.24 15:54,아시아경제,"데이터센터 개발·시공·운영 전과정 역량 키운다…대우건설, 운영업..."
093320,2026.07.24 14:43,연합뉴스,"가비아 둘러싼 공방…맥쿼리 ""적정 가격"" vs 얼라인 ""절차 문제""(종합..."
093320,2026.07.24 14:27,뉴스1,"대우건설, KINX와 데이터센터 개발 맞손…운영까지 사업 확대"
093320,2026.07.24 11:02,연합뉴스,"맥쿼리, 가비아 공개매수가 낮다는 지적에 ""의미있는 프리미엄"""
093320,2026.07.21 10:36,연합뉴스,"미리캐피탈도 가비아 공개매수 문제제기…""가치 너무 낮게 평가"""
093320,2026.07.21 10:05,머니투데이,"가비아, 7% 급등…자진상폐 공개매수가 도달"
093320,2026.07.21 10:02,서울경제,AI 투자 의구심 커졌다…반도체지수 10% 급락
093320,2026.07.21 10:02,서울경제,“레버리지 ETF 하지 마라”…ETF 대가의 공개 경고
093320,2026.07.20 17:30,서울경제,"스틱 품은 미리캐피털, 코스닥 전방위 매집[시그널]"
093320,2026.07.20 10:21,연합뉴스,"맥쿼리운용, 가비아 주식 공개매수 추진…""인수 후 자진상폐"""
093320,2026.07.20 09:09,아이뉴스24,"가비아, 얼라인 압박에 자진 상폐 추진⋯미래에셋 해결사로"
093320,2026.07.16 10:10,한국경제,케펠도 한국 첫 베팅…글로벌 자본 몰리는 한국 데이터센터
093320,2026.07.15 10:31,전자신문,"KINX, IXcloud® 관리형 쿠버네티스 서비스 고도화…플랫폼 운영 자동..."
093320,2026.07.14 10:01,매일신문,7000선도 깨진 코스피…'삼전닉스' 독주 쉬어가자 '이곳'으로 이동했다
093320,2026.07.10 10:42,디지털타임스,기업 몰리는 과천 지식정보타운 더블역세권 기대감까지… ‘포스트 판...
093320,2026.06.16 11:13,아시아경제,"""중복상장 해소해야""…얼라인, 묵묵부답 가비아에 공개서한"
093320,2026.06.05 15:04,파이낸셜뉴스,'제2의 판교' 과천 뜬다...게임·IT·바이오 등 기업 잇따라 둥지
093320,2026.05.12 15:27,헤럴드경제,"케이아이엔엑스, 1분기 영업익 89억…전년비 79.5% ↑"
093320,2026.04.09 19:49,디지털데일리,"KINX, 클라우드 바우처 사업 공급기업 7년 연속 선정"
093320,2026.03.30 10:19,뉴시스,"케이아이엔엑스, 상반기 채용 연계형 인턴·경력직 채용 실시"
093320,2026.03.12 19:06,국제신문,중동 여파에도 ‘방송통신’ 선방…하락장 방어주 역할
093320,2026.03.12 12:38,전자신문,"KINX, CloudHub® 글로벌 네트워크 연결 통합 모니터링 기능 제공…가..."
093320,2026.03.04 06:01,서울경제,"가비아, 맥쿼리운용 손잡고 하이퍼스케일 IDC 플랫폼 구축"
093320,2026.03.03 17:04,파이낸셜뉴스,"맥쿼리운용그룹-가비아, '차세대 하이퍼스케일 데이터센터 플랫폼' 개..."
093320,2026.03.03 10:08,뉴시스,"맥쿼리-가비아 ""하이퍼스케일 데이터센터에 6000억 투자"""
093320,2026.03.03 10:03,매일경제,"맥쿼리-가비아, 하이퍼스케일 데이터센터 개발 파트너십 체결"
093320,2026.03.03 09:55,한국경제,"맥쿼리자산운용, 가비아와 데이터센터 플랫폼 개발 위한 전략적 파트..."
093320,2026.03.03 09:51,전자신문,"가비아·맥쿼리, 6000억 공동 투자… '하이퍼스케일 IDC' 플랫폼 구축"
093320,2026.03.03 09:50,연합뉴스,"맥쿼리-가비아, 데이터센터 플랫폼 개발 위한 전략적 파트너십"
093320,2026.03.03 09:30,지디넷코리아,"맥쿼리 손잡은 가비아, 안산서 하이퍼스케일 데이터센터 첫 진출"
093320,2026.03.03 09:23,이데일리,"맥쿼리-가비아, 하이퍼스케일 데이터센터 플랫폼 맞손..6천억 공동 투..."
093320,2026.02.11 15:06,이데일리,"케이아이엔엑스, 작년 영업익 239억원…전년비 0.6%↑"
093320,2026.02.11 14:42,헤럴드경제,"케이아이엔엑스, 4분기 영업익 69억…전년비 17.1% ↑"
093320,2026.02.05 14:16,디지털데일리,"케이아이엔엑스, 스타트업 대상 클라우드 지원 프로모션 실시"
093320,2026.02.05 10:08,전자신문,"KINX, 'IXcloud® 스타트업 성장 프로모션' 출시…최대 3천만 원 지원"
093320,2026.01.24 08:31,이데일리,“목표는 같아도 전략은 다르다”…행동주의 펀드의 기묘한 ‘공생’
093320,2026.01.20 17:53,파이낸셜뉴스,'토종 PE 1세대' 도용환 스틱인베 회장 용퇴...최대주주 美미리캐피탈...
328130,2026.09.29 07:02,서울경제,"루닛, 유방암 검진 솔루션… 유럽 전역서 수주 릴레이"
328130,2026.09.28 16:15,이코노미스트,"루닛, 스웨덴 스톡홀름주 유방암 검진 수주"
328130,2026.09.28 13:59,서울신문,레메디 24% 급등·와이즈플래닛 24% 급락… 변동성 확대된 코스닥
328130,2026.09.23 10:10,한국경제TV,"루닛 “AI 플랫폼 활용 난치암 연구, 국제 학술지 게재”"
328130,2026.09.22 07:53,SBS Biz,"[애프터마켓 리뷰] HLB제약, 신약 FDA 조건부 수용에 주가 상승"
328130,2026.09.22 07:02,서울경제,"‘의료AI 투톱’ 뷰노·루닛, 비급여 적용받나"
328130,2026.09.21 09:32,서울신문,[서울데이터랩]개장 직후 인기 검색 종목 20選
328130,2026.09.21 09:18,파이낸셜뉴스,"글로벌 경쟁력 부각된 루닛, 장 초반 5%대 강세[종목NOW]"
328130,2026.09.20 09:02,이데일리,"심평원 AI 심사 첫 적용…AI의료, '조용한 수혜' 열리나 [AI헬스케어]"
328130,2026.09.18 14:40,아이뉴스24,"루닛, 美 타임 선정 '세계 최고 헬스테크 기업'⋯진단 분야 경쟁력 인..."
328130,2026.09.18 06:42,조선비즈,주가 하락에 CB 조기상환 압박까지…자금줄 마르는 K바이오
328130,2026.09.15 16:32,뉴시스,"""19년만에 한국 찾은 폐암학회""…화두는 '의료AI'"
328130,2026.09.14 10:07,전자신문,"루닛, KCR 2026서 영상판독 AI 체험 확대…고객 접점↑"
328130,2026.09.11 15:36,이코노미스트,"루닛, ‘10x 지노믹스’와 정밀의료 바이오마커 공동 발굴 나서"
328130,2026.09.09 09:20,뉴스1,"NH證 ""AI로 비용 낮추는 기업이 주인공…AI 플랫폼·SW·로봇 수혜"""
328130,2026.09.08 16:06,뉴시스,"""같은 폐암, 치료결과는 각각""…AI가 단서 찾았다"
328130,2026.09.08 11:01,매일경제,"루닛, AI로 폐암 정밀치료 단서 찾았다…WCLC서 연구 3건 발표"
328130,2026.09.08 10:48,서울경제,19년 만에 서울 찾은 세계폐암학회…루닛·유한 등 출격
328130,2026.09.08 08:53,아시아경제,"루닛, WCLC 2026서 폐암 AI 바이오마커 연구 3건 발표"
328130,2026.09.08 08:49,뉴스1,"루닛, WCLC서 폐암 AI 연구 3편 발표…정밀치료 가능성 제시"
328130,2026.09.08 08:32,머니투데이,"루닛, 세계폐암학회서 연구 3건 발표…""정밀치료 가능성 제시"""
328130,2026.09.08 08:26,한국경제,"루닛, 세계폐암학회서 연구초록 발표 … 폐암 유형별 정밀치료 가능성..."
328130,2026.09.07 16:07,동행미디어 시대,"의료AI 루닛, CB 상환·유증 다음은 '수익성 증명'"
328130,2026.09.01 17:31,머니투데이,"루닛, CB 조기상환에 751억 투입…남은 과제는 '흑전 약속'"
328130,2026.08.26 09:25,이데일리,"루닛, 의료 특화 AI 모델 첫 해커톤 성료…70여 명 참여"
328130,2026.08.26 08:31,뉴스1,"루닛, 국가과제 AI 활용 첫 해커톤 성료… 개발자·임상의 70여 명 집결"
328130,2026.08.24 17:43,한국경제,주가 부진에 CB '부메랑' 맞은 바이오 기업들
328130,2026.08.12 17:31,뉴스1,에스티팜·티에스이·샘씨엔에스 등 18개사 '코스닥 라이징스타' 선정
328130,2026.08.12 09:04,조선비즈,"루닛, 상반기 매출 458억 ‘최대’…영업손실 31% 축소"
328130,2026.08.12 08:35,뉴시스,"""역대최대 실적""…루닛, 상반기 매출 458억 달성"
328130,2026.08.11 18:35,디지털타임스,"루닛, 상반기 매출 458억원…전년比 23% 늘어"
328130,2026.08.11 18:07,전자신문,"루닛, 상반기 매출 457억원 '역대 최대'…영업손실 31%↓"
328130,2026.08.11 18:03,이데일리,"루닛, 상반기 매출 458억 ‘역대 최대’…영업손실 31% 축소"
328130,2026.08.11 17:59,동행미디어 시대,"루닛, 상반기 매출 457억원 23%↑…서범석 ""하반기 성장세 자신"""
328130,2026.08.11 17:53,파이낸셜뉴스,"루닛, 상반기 '최대실적'에 수익성 개선세 ""연간 흑자 기대감↑"""
328130,2026.08.11 17:45,한국경제TV,"루닛, 상반기 매출 458억원…""역대 최대 실적"""
328130,2026.08.11 17:43,서울경제,"루닛, 상반기 매출 458억 ‘역대 최대’…영업손실 31% 줄였다"
328130,2026.08.11 17:43,연합뉴스,"루닛, 상반기 매출 458억원…23% 증가"
328130,2026.08.11 17:41,머니투데이,"루닛, 상반기 매출 458억원 ""역대 최대""…해외 비중 95%"
328130,2026.08.06 14:49,뉴스1,AI로 지역·필수의료 공백 메운다…의료기기 시장 '대전환' 기대감
328130,2026.08.04 15:31,서울경제,정부가 의료 AI 상용화 앞당긴다… 루닛·제이엘케이 등 지원
328130,2026.08.04 13:43,뉴스1,"""찰칵"" 3초 만에 심장병 위험도 확인…AI 의료기기, 진료실 진입"
328130,2026.08.03 15:54,이데일리,"루닛, 영국·미국서 고객사 확대…글로벌 공급망 강화↑"
328130,2026.08.03 10:47,연합뉴스,"[바이오스냅] 보령, 청소년 우주의학 경진대회"
328130,2026.08.03 10:18,서울경제,"루닛, 英·美 대형 의료기관과 공급 계약…글로벌 고객 확대"
328130,2026.08.03 10:10,머니투데이,"루닛, 영국·미국 대형 의료기관 신규고객 확보…""AI 수요 확대 빠르다..."
328130,2026.08.03 09:58,파이낸셜뉴스,"루닛, 영국·미국 대형 의료기관 잇단 확보..글로벌 암 검진 플랫폼 확..."
328130,2026.08.03 09:55,아시아경제,"루닛, 영·미 대형 의료기관과 AI 솔루션 공급 계약 체결"
328130,2026.08.03 09:54,뉴스1,"루닛, 영국·미국 대형 의료기관 신규 고객 확보"
328130,2026.08.03 09:50,뉴시스,"""글로벌 입지 강화""…루닛, 영·미 신규고객 확보"
098460,2026.09.27 10:24,한국경제,"""한 달간 90% 폭등했다""…하이닉스 8% 오를 때 대박 난 곳 [대기업 협..."
098460,2026.09.17 15:37,한국경제,같은 삼성전자 협력사인데…'47% vs -19%' 수익률 갈린 이유는 [대기업...
098460,2026.09.07 13:36,조선비즈,"고영테크놀러지, ‘세미콘 타이완 2026’서 3D 반도체 검사기술 선봬"
098460,2026.08.25 06:01,한경비즈니스,생명체 설계부터 뇌 연결까지…AI가 여는 ‘첨단바이오’[7대 첨단기...
098460,2026.08.17 17:45,한국경제,"""개별종목 기회의 장 열렸다…금·화·조도 동반 상승할 것"""
098460,2026.08.12 09:57,디지털데일리,20년 새 제조사 4분의 1 토막...유럽 PCB 재건에 한국 장비 뜬다
098460,2026.08.10 17:56,한국경제,"소부장 끌고, 바이오 밀고…다시 '천스닥' 궤도 오를까"
098460,2026.08.06 17:58,이데일리,"고영, AIDC·반도체 수요 대응 위해 294억 시설투자"
098460,2026.07.28 16:33,조선비즈,"고영, 2분기 영업익 146억원 ‘역대 최대’… 전년比 479% 증가"
098460,2026.07.28 16:22,이데일리,"고영, 2분기 영업익 146억원…전년比 479% 급증"
098460,2026.07.13 08:29,조세일보,“고점 맞혔지만 비관은 일러”…코스피 반등론 고개
098460,2026.07.13 08:04,조선비즈,“7300선이 바닥…AI·반도체 대표주 다시 담아라”
098460,2026.07.01 07:56,이데일리,“반도체에 쏠리지 않으면 쓸린다”…7월 코스피 7800~9200선 등락 전망
098460,2026.06.17 15:15,한국경제,"고영테크놀러지, 뇌 수술 환자에 기부 … 의료기술 기반 사회적 가치..."
098460,2026.06.17 07:30,조선일보,"“여보, 연금 계좌에 로봇 ETF 담을까?”... 올해만 3조 넘게 몰렸다"
098460,2026.06.15 07:56,이데일리,"고영, 우주·휴머노이드 확산에 검사장비 수요 확대 기대-iM"
098460,2026.06.12 14:08,머니투데이,"'형님' 삼전닉스 따라 장비주 줄줄이 상한가…""슈퍼사이클 초기 진입..."
098460,2026.06.12 10:51,조선비즈,"[단독] 고영, 스페이스X 공급망 진입… 자율제조·3D 검사 기술로 우주..."
098460,2026.06.11 08:02,이데일리,'기술이전 기대감' 지놈앤컴퍼니 급등...랩지노믹스·고영 동반 랠리...
098460,2026.06.09 16:05,서울신문,[서울데이터랩]마감 직후 인기 검색 종목 20選
098460,2026.06.09 15:10,조선비즈,"고영테크놀러지, SOCAMM2 검사장비 수주 … 차세대 AI 메모리 시장 진..."
098460,2026.06.09 14:14,한국경제,"고영, AI 메모리 '소캠2' 검사시장 진입…국내 메모리社 첫 수주"
098460,2026.05.29 16:10,조선비즈,"고영테크놀러지, 美 신경외과학회 참가… 뇌 수술용 의료 로봇 전시"
098460,2026.05.28 06:10,조선비즈,"[바이오e종목] 리브스메드, 수술로봇 ‘스타크’ 공개에도 주가 17% 급..."
098460,2026.05.26 18:08,한국경제,"HBM 내다본 한미반도체, 차세대 장비 개발한 주성…과감한 투자로 몸..."
098460,2026.05.24 20:50,한국경제TV,주가 폭락해도 '휴지조각' 안된다…RSU 늘리는 기업들
098460,2026.05.14 15:12,조선비즈,"고영테크놀러지, 191억원 규모 자사주 소각… 주주가치 제고"
098460,2026.05.13 18:06,이데일리,"고영, 60.7억 규모 자사주 소각 결정"
098460,2026.04.28 08:03,이데일리,"고영, 어닝서프라이즈에 '上'…바이젠셀·툴젠도 상승세[바이오맥짚기..."
098460,2026.04.27 16:34,이데일리,코스닥서 반도체 소부장 담는 외국인…주가도 '훨훨'
098460,2026.04.24 19:10,세계일보,"‘반도체·소부장’의 힘…코스닥, 25년여만에 최고치 찍었다"
098460,2026.04.24 15:42,서울경제,[속보] 코스닥지수 1200선 돌파 마감…‘닷컴버블’ 이후 약 25년 8개월...
098460,2026.04.23 17:16,전자신문,고영테크놀러지 1분기 매출 727억원…전년 대비 42% 증가
098460,2026.04.23 15:57,연합뉴스,고영 1분기 영업이익 99억원…작년동기 대비 209.1%↑
098460,2026.04.22 07:49,이데일리,“반도체주 단기 소강상태 진입할 것…낙수효과 기대 업종은”
098460,2026.04.20 16:20,블로터,"고영, AI로봇 주력…배당성향 20% 목표"
098460,2026.04.06 09:34,뉴시스,"""녹지 가득한 도심""…고영테크놀러지, 식목일 봉사활동"
098460,2026.03.27 05:02,국민일보,"전쟁 후 코스피 26조 매도한 외국인, 코스닥은 순매수?… 뭐 샀나 봤더..."
098460,2026.03.26 17:26,이데일리,"고영, 27일 배당락 발생"
098460,2026.03.24 23:01,한국경제,"자사주 소각, 中企엔 사치…""차라리 임직원 주겠다"""
098460,2026.03.15 13:00,디지털데일리,"중동發 악재에도 잘버틴 코스닥 … ‘3000스닥’ 기대 여전, 외인 매수..."
098460,2026.03.12 14:21,연합뉴스,코스피 팔고 코스닥 담은 외국인…원전·바이오주 '쇼핑'
098460,2026.03.09 08:31,SBS Biz,"[투자자 순매수 TOP5] 개인 반도체 매수, 외인은 조선·금융 이동"
098460,2026.03.09 00:31,국민일보,"급락했던 코스닥 왜 오르지?… 외국인, 이례적 규모 매수세"
098460,2026.03.06 17:24,아이뉴스24,"헥토파이낸셜, 2025년 코스닥 공시우수법인"
098460,2026.03.06 10:33,뉴시스,"""시장과 적극소통""…고영테크놀러지, 'IR우수법인' 선정"
098460,2026.03.05 19:32,뉴시스,"거래소, GS건설·LG화학·하나금융 등 공시우수법인 선정"
098460,2026.02.13 10:28,뉴시스,"""직원과 동반성장""…고영테크놀러지, 54억 자사주 지급"
098460,2026.02.09 14:28,이데일리,"넥스트레이드, 에코프로머티·LG디스플레이 등 50개 종목 거래 중지…..."
098460,2026.02.05 09:24,서울신문,[서울데이터랩]비엘팜텍 29.90% 폭등…실시간 상승률 1위
077360,2026.09.30 10:38,뉴시스,"덕산넵코어스, 코스닥 입성 첫날 50%대 급등"
077360,2026.09.30 09:38,매일신문,"'중복상장 예외 1호' 덕산넵코어스, 코스닥 상장 첫날 50%대 강세"
077360,2026.09.29 16:23,디지털데일리,"덕산넵코어스, 차세대 초소형 항법장치 개발 착수"
077360,2026.09.29 11:45,지디넷코리아,"덕산넵코어스, 방사청 지원과제 수행기업 선정"
077360,2026.09.28 18:15,연합뉴스,"항재밍 솔루션기업 덕산넵코어스, 30일 코스닥 신규 상장"
077360,2026.09.28 06:01,조선비즈,중복상장 예외 1호 나왔어도… 대기업은 ‘주주동의 벽’에 눈치만
077360,2026.09.27 08:00,비즈워치,[공모주달력]청약 흥행한 빅웨이브로보·브릴스 따따상 갈까
077360,2026.09.23 07:42,아시아경제,"[IPO현미경] AI 열풍 타고 상장하는 디티에스, '중복상장 1호' 꼬리표 ..."
077360,2026.09.22 00:32,동아일보,"[애널리스트의 마켓뷰]2026년 남은 한해, 공모주 시장 주목해야"
077360,2026.09.18 10:17,한국경제,"'중복상장 난제' 정면돌파한 대신증권, 하반기 IPO 릴레이 '속도'"
077360,2026.09.18 09:39,SBS Biz,"[이 시각 시황] 외국인 돌아왔다…코스피 급등, 반도체株 질주"
077360,2026.09.17 18:13,조선비즈,"덕산넵코어스, 일반 청약 증거금 1.8조원… 경쟁률 665.6대 1"
077360,2026.09.17 15:37,한국경제,같은 삼성전자 협력사인데…'47% vs -19%' 수익률 갈린 이유는 [대기업...
077360,2026.09.16 16:14,매일경제,"덕산넵코어스, 기관 추가 확약에 유통물량 33%대로 축소"
077360,2026.09.15 14:09,조선비즈,"덕산넵코어스, 공모가 상단 1만4600원 확정…16~17일 일반 청약"
077360,2026.09.14 16:41,한국경제TV,"K-방산 수혜입은 덕산넵코어스…""우주·대드론 시장 공략"" [IPO톡톡]"
077360,2026.09.14 10:30,한경비즈니스,메모리 부족이 부른 증설…후공정도 웃는다[화제의 리포트]
077360,2026.09.14 06:00,서울경제,공모주 청약 5곳 몰린다…덕산넵코어스·로봇株 줄줄이 출격[이번주 ...
077360,2026.09.13 08:00,비즈워치,[공모주달력]'월화수목금' 줄 청약...공모가 상단 와이즈플래닛부터 ...
077360,2026.09.09 09:58,지디넷코리아,"덕산하이메탈, KPCA쇼서 AI 반도체 솔더 전시"
077360,2026.09.08 16:56,한국경제,"대창솔루션, 임시주총서 자회사 크리오스 상장안 승인"
077360,2026.09.07 06:01,서울경제,공모주 청약 봇물…덕산넵코어스 등 6곳 수요예측 시험대 [이번주 증...
077360,2026.09.06 08:00,비즈워치,[공모주달력]빅웨이브로보틱스 몸값 낮춰 재도전…공모주 '슈퍼위크'
077360,2026.09.02 08:45,매일경제,“HBM만 반도체인가요”…D램·낸드 후공정 소부장株에도 볕든다 [오늘...
077360,2026.08.31 10:46,전자신문,"덕산하이메탈, 반도체 첨단 패키징 소재 기술 및 설비 '국가전략기술..."
077360,2026.08.12 01:29,이데일리,[단독]중복상장 우회 ‘꼼수’…자회사 IPO 후 구다이글로벌 상장
077360,2026.08.11 17:01,이데일리,중복상장 문턱 높아지자 IPO 신고서도 달라졌다…주주보호 ‘낱낱이’
077360,2026.08.07 15:08,매경이코노미,기지개 켜는 코스닥…액티브 ETF ‘톱5’ 종목은
077360,2026.08.06 14:40,헤럴드경제,"덕산하이메탈, 2분기 영업익 101억…전년비 290.6% ↑"
077360,2026.08.03 17:35,한국일보,"중복상장 가이드라인, 불확실성 해소? 하반기 IPO 시장 꿈틀"
077360,2026.07.30 11:34,블로터,[IPO 워치] 적자 털고 수혈…중장기 성장 드라이브 l 덕산넵코어스②
077360,2026.07.28 17:23,아시아경제,中반도체 굴기의 역설…한국 소재株 웃는다[클릭 e종목]
077360,2026.07.28 11:02,아이뉴스24,"중복상장 정면 돌파⋯대신증권, 하반기 IPO 꿈틀"
077360,2026.07.27 17:37,매일경제,'중복상장 해결사'로 뜬 대신證 … 하반기 IPO 성적도 기대되네
077360,2026.07.24 16:25,한국경제,"'중복상장 심사' 넘은 덕산넵코어스, IPO 공모 착수…시총 최대 2756억"
077360,2026.07.23 10:25,비즈워치,상반기 부진했던 IPO…하반기 회복 변수 '중복상장 가이드라인'
077360,2026.07.21 18:59,뉴스1,디티에스·덕산넵코어스 상장 예심 통과…'중복상장 예외 1호'
077360,2026.07.21 14:12,머니투데이,"엔켐, 美 자회사 나스닥 우회상장…'중복상장 규제' 허들 넘을까"
077360,2026.07.21 09:31,조세일보,"덕산넵코어스, 코스닥 IPO 절차 본격화... 중복상장 '예외 허용'"
077360,2026.07.20 19:31,뉴시스,"덕산넵코어스·디티에스, 코스닥 예심 통과…'중복상장 예외 허용' 첫..."
077360,2026.07.16 17:17,서울경제,‘중복상장 예외 1호’ 곧 윤곽…자회사 IPO 물꼬 트나 [시그널]
077360,2026.07.16 07:56,이데일리,"덕산하이메탈, 메모리·ABF기판 '슈퍼사이클' 수혜 본격화-메리츠"
077360,2026.07.14 11:42,전자신문,"[단독]“중복상장 규제, 시장 위축…혁신기업 별도 심사해야”"
077360,2026.07.14 10:12,전자신문,"덕산네오룩스, 장애인 채용 사내 복합 문화 공간 '네오카페' 오픈"
077360,2026.07.14 08:00,비즈워치,중복상장 '모범사례' 덕산하이메탈...주목받는 대신증권
077360,2026.07.07 17:59,매일경제,새 중복상장 기준 충족 … 덕산넵코어스 IPO 탄력
077360,2026.07.07 16:54,헤럴드경제,"문턱 높인 중복상장, 복잡한 예외조항…현장 고심 깊어"
077360,2026.07.07 16:54,헤럴드경제,"HD현대로보틱스는 주총, LS에식스솔루션즈는 거래소 심사…같은 중복..."
077360,2026.07.06 17:56,서울경제,"HD현대로보, 모회사 주주 동의 필수…‘자회사 먼저 상장’ 한화에너..."
077360,2026.07.06 14:33,한국경제TV,물적분할 중복상장시 '3%룰 주주동의' 필수...해외 상장도 동일
388210,2026.09.28 08:18,연합뉴스,"IBK증권 ""씨엠티엑스, 성장 기대 실적 입증 구간"""
388210,2026.09.28 07:59,한국경제,삼전닉스 괜히 팔았나 …'530% 폭증'에 분위기 확 달라졌다 [분석+]
388210,2026.09.22 18:23,조선비즈,"거래소, 2026 프리미엄위크에서 코스닥데이 개최"
388210,2026.09.21 16:49,이데일리,‘AI 속도조절론’에도 삼성전자 5% 강세…코스피 ‘7000선’ 재탈환
388210,2026.09.17 13:57,지디넷코리아,"'램리서치와 특허분쟁' 월덱스 ""반도체 고객, 원가절감 중요...애프터..."
388210,2026.09.16 02:58,지디넷코리아,"반도체 식각분쟁...월덱스 ""상부전극-기판 관계 불분명"" vs 램리서치 ""..."
388210,2026.09.09 18:23,부산일보,"반도체 소재기업 씨엠티엑스, 기정원 지역특화산업 지원에 매출 136% 증..."
388210,2026.09.09 16:06,서울신문,"[마감시황]코스닥, 외국인 매수에 830.37 마감…2차전지·반도체 장비..."
388210,2026.09.08 11:11,연합뉴스,경북 반도체 인재·기업 한자리에…구미서 매칭 포럼
388210,2026.09.03 16:24,지디넷코리아,"램리서치 ""5년 전 경고했는데 아직 특허침해"" vs. 플라텍 ""특허소진론..."
388210,2026.08.20 15:10,지디넷코리아,"비씨엔씨-램리서치, 특허성 놓고 '팽팽'"
388210,2026.08.19 16:31,전자신문,"IP 장벽 세운 글로벌 장비, 韓 부품과 특허전"
388210,2026.08.18 17:19,지디넷코리아,"CMTX, 2분기 영업이익률 33%...""11분기 연속 매출 성장"""
388210,2026.08.18 16:04,전자신문,씨엠티엑스 2분기 매출 사상 최대…11분기 연속 성장
388210,2026.08.11 16:30,매일경제,구미에 반도체 세라믹 소부장 기업 집결…‘초청 세미나’ 개최
388210,2026.08.11 14:32,전자신문,반도체 IDM-장비-부품 30개사 '다자간 직통라인' 기틀 마련
388210,2026.08.06 15:41,지디넷코리아,"CMTX, ""CB·BW 발행한도 확대, M&A 등 대응 목적"""
388210,2026.08.06 15:19,지디넷코리아,"비씨엔씨, 램리서치 디자인 2건 무효화 재도전...특허법원에 항소"
388210,2026.08.06 15:13,한국경제,"""내 주식 어쩌나"" 우려에…'주주소통 게시판' 만들었다"
388210,2026.08.04 09:00,머니투데이,"씨엠티엑스, 시장 눈높이 하락에 목표가 하향-신한투자증권"
388210,2026.08.03 15:42,매일신문,구미 코스닥 상장사 '실적 한파'…매출·이익 동반 급감
388210,2026.07.19 18:01,전자신문,박종화 씨엠티엑스 대표 “실리콘 파츠 수직계열화…품질·가격·납기...
388210,2026.07.19 18:01,전자신문,"씨엠티엑스, 600mm 단결정 실리콘 잉곳·부품 양산 개시"
388210,2026.07.19 17:31,한국경제,"""100억 생기면 R&D에 투자""…'미친 짓'이라는 반도체 회사"
388210,2026.07.14 17:04,한국경제,코스닥 -2%에도 'DS코스닥액티브' 상장일 3.5% 상승…데뷔 합격점
388210,2026.07.08 15:00,디지털데일리,HBM 승부수 띄운 마이크론…국내 후공정 장비 수요 커진다 [반도체레...
388210,2026.07.03 10:13,아시아경제,"상장사 2분기 영업익 컨센서스 전년比 247%↑…반도체 독주, 통신·자..."
388210,2026.06.25 09:25,머니투데이,반도체 중소형株 장초반 강세…수출 역대치 기록
388210,2026.06.18 13:00,블로터,"[단독] 세계 최대 의결권 자문사 ISS, 월덱스 이사 보수안 모두 '반대..."
388210,2026.06.15 15:55,한국경제TV,"씨엠티엑스(CMTX), ""미소정보기술의 AI 스마트 검사 시스템 도입"""
388210,2026.06.14 00:16,지디넷코리아,"비씨엔씨, 램리서치 디자인 2건 무효화 무산...특허법원 항소 관심"
388210,2026.06.03 16:13,지디넷코리아,"램리서치, CMTX 상대 특허법원 항소...특허분쟁 지속"
388210,2026.05.29 05:32,이데일리,"대형 IB, '모험자본 20조 시대' 활짝…한국판 혁신금융 엔진 점화"
388210,2026.05.26 18:11,한국경제,"반도체 초호황 속 양극화…韓소부장 절반, 영업이익률 한자릿수"
388210,2026.05.21 16:57,이데일리,"우리운용 'WON 반도체밸류체인액티브' ETF, 1년 수익률 387% 기록"
388210,2026.05.09 07:02,이데일리,OCI홀딩스·팬오션·씨엠티엑스[하나證 주간추천주]
388210,2026.05.06 15:46,매일경제,"“특허 침해 아니다”… 반도체소재기업 CMTX, 램리서치와 4건 심판 모..."
388210,2026.05.05 16:16,서울경제,“수수료만으론 부족”…프리 IPO로 자본차익 노리는 증권사[시그널]
388210,2026.05.01 23:32,지디넷코리아,"CMTX, 램리서치 특허 비침해 판단받았다...고객은 삼성전자"
388210,2026.04.28 18:41,아시아경제,"[르포]""대기업이 보증한다""…협력사 지원사격 나선 큰형님들"
388210,2026.04.20 11:35,헤럴드경제,"변동성 장세, ‘저점 맞추기’보다 산업 구조를 보라[머니 인사이트]"
388210,2026.04.17 03:30,머니투데이,"""삼전닉스, 또 전고점 뚫겠지만…'이때'부터는 파세요""[부꾸미]"
388210,2026.04.16 07:40,이데일리,낸드도 ‘붐’ 온다…D램 뒤따라 수익성 개선 본격화
388210,2026.04.16 07:02,주간동아,"국민연금, 1분기 삼성전자와 SK하이닉스 담아 49조 벌었다"
388210,2026.04.10 17:29,블로터,"씨엠티엑스, 본점 소재지 이전…""생산능력 확대·효율성 제고"""
388210,2026.04.08 09:04,한국경제TV,"""파국 면했다"" 증시 환호…'21만전자·100만닉스'"
388210,2026.04.08 04:10,머니투데이,반도체의 봄… SK하이닉스도 높아진 기대감
388210,2026.04.06 09:37,아시아경제,"""반도체 소재·부품, 아직 덜 올랐다""…전공정 중심 중장기 성장 본격..."
388210,2026.04.02 12:04,이데일리,"코스피 상장사, 1000원 팔면 61원 남겼다…코스닥은 18원[2025 결산실적..."
388210,2026.03.31 13:23,매일신문,16조 투자 유치로 숨통 트인 구미 경제…지속 성장 위한 과제는?
468530,2026.09.29 07:32,이데일리,"프로티나, AI 신약개발 수혜…인제니아, 글로벌 3상 기술가치 부각[바..."
468530,2026.09.26 11:22,아시아경제,AI 신약개발 '진검승부'…핵심은 '실험 데이터'에 달렸다[주末머니]
468530,2026.09.22 05:00,중앙일보,"AI가 찍은 신약, 진짜 약될까…AI 신약 딜 63조원, 다음 관문은 ‘검증..."
468530,2026.09.14 08:03,이데일리,"“AI 신약 10만개 중 진짜는?”…프로티나, 대규모 실험검증으로 후보..."
468530,2026.09.13 07:30,매일경제,“삼전닉스 어때? 지금이 그때인가?”…관망하던 개미들 검색창 두드...
468530,2026.09.10 16:05,매일경제,"반도체 반등에 바이오 호재까지 … K증시, 대장주 중심 재편 [빅데이터..."
468530,2026.09.08 06:05,조선비즈,FDA 문턱 넘고 빅파마 딜까지…K바이오 ‘글로벌 인재’ 확보전
468530,2026.09.03 16:17,SBS Biz,돈줄 막힌 바이오벤처…'구원투수' 나선 제약사들 [취재여담]
468530,2026.09.03 13:56,서울경제,오늘의 메모[9월 4일]
468530,2026.08.30 10:16,매일경제,"“실적 좋은 건 알겠는데, 주주에게도 성의 보여야”…개미들 검색 ‘..."
468530,2026.08.27 16:07,매일경제,삼전닉스 주주환원 발표에 검색·리포트 상위권 싹쓸이 [빅데이터로 ...
468530,2026.08.27 15:28,전자신문,"프로티나, 美 트위스트바이오와 AI 신약개발 대규모 검증 협약"
468530,2026.08.23 09:01,매일경제,“PER 4배면 빠질만큼 빠진거야”…삼전닉스 공부 다시 시작하는 반도...
468530,2026.08.20 16:15,매일경제,삼전닉스 반등에 개미들 다시 쏠렸다…검색 상위권 싹쓸이 [빅데이터...
468530,2026.08.13 16:27,디지털타임스,“매년 1개 이상 임상진입” 김경아 삼성바이오에피스 사장의 약속은...
468530,2026.07.30 06:01,조선비즈,‘틱톡’ 모회사도 뛰어든 AI 신약 개발…불붙은 설계·검증 속도전
468530,2026.07.28 13:55,전자신문,"과기정통부, 한계도전 R&D 강화…삼성과 미래기술 협력"
468530,2026.07.24 17:50,블로터,"[바이오사 리포트] 삼성에피스홀딩스, 외형 키운 마일스톤…제품매출..."
468530,2026.07.20 15:00,머니투데이,"K-문샷 신약 개발 로드맵, 산·학·연·병 전문가 의견 듣는다"
468530,2026.07.15 15:46,한국경제,박기호 사장 “LB인베 창립 30주년… '선택과 집중'으로 유니콘 키워”
468530,2026.07.15 11:10,조선비즈,"프로티나, 온코닉테라퓨틱스와 차세대 항암신약 공동개발"
468530,2026.07.14 14:53,서울경제,"프로티나, ABX에 34억원 출자…“AI 기반 항체 원천설계 확대”"
468530,2026.07.14 13:24,이데일리,"프로티나, 에이비엑스바이오사이언시스 지분 추가 취득"
468530,2026.07.13 16:00,머니투데이,"삼성에피스, 잇따른 'K-바이오' 플랫폼 기술 흡수…내재화 포석 되나"
468530,2026.07.13 12:04,이데일리,펩트론 충격에 옥석 가리기...지투지바이오 재평가 받는 이유
468530,2026.07.12 08:11,이데일리,펩트론·HLB 쇼크에도 바이오 '훈풍'…코스닥 수급 온기 확산[바이오 ...
468530,2026.07.11 15:00,블로터,"[클리니컬 히스토리] 삼성에피스, AI 항체 후보 리스크 나눈 옵션계약"
468530,2026.07.10 15:38,연합뉴스,"[특징주] 프로티나, 삼성바이오에피스와 계약에 13% 상승(종합)"
468530,2026.07.10 09:54,아시아경제,"삼성에피스, 노벨상 계보 국산 AI로 항체 신약 도전"
468530,2026.07.09 18:00,디지털타임스,"삼성바이오에피스, 프로티나와 AI 항체 신약 개발 속도"
468530,2026.07.07 17:34,한국경제TV,"윤태영 프로티나 대표 ""비만 치료제 내년 임상 신청""[현장에서 만난 ..."
468530,2026.07.05 11:22,매일경제,“증시 흔들리니 다들 여기만 바라본다”…실적 앞둔 삼전닉스 검색창...
468530,2026.07.02 16:05,매일경제,"""이달 발표할 삼전닉스 실적은""… 검색 횟수 치솟아 [빅데이터로 본 ..."
468530,2026.06.29 10:38,이데일리,"프로티나, BIO USA 2026서 28개 해외 제약사와 파트너링 미팅"
468530,2026.06.26 06:33,조선비즈,"GLP-1 비만 신약에 ‘오남용’ 꼬리표 붙나…식약처 의견수렴 마감, 의..."
468530,2026.06.23 17:59,서울경제,韓 77개 부스 역대최대…中은 홍보전보다 1대1 미팅 주력 [바이오 USA]
468530,2026.06.23 14:17,전자신문,"[바이오 USA]K바이오, 글로벌 고객·파트너 확보 총력전"
468530,2026.06.22 14:58,서울경제,"프로티나, 美제약사와 단백질 상호작용 바이오마커 분석 계약"
468530,2026.06.22 09:25,이데일리,美 글로벌 제약사와 협력…프로티나 6%↑[특징주]
468530,2026.06.22 09:06,아시아경제,"프로티나, 美 다국적 제약사와 단백질 상호작용 바이오마커 분석 계약..."
468530,2026.06.22 08:59,아시아경제,"프로티나, 美 다국적 제약사와 단백질 상호작용 바이오마커 분석 계약"
468530,2026.06.22 08:58,이데일리,"프로티나, 美 제약사와 단백질 상호작용 바이오마커 분석 계약"
468530,2026.06.18 09:16,헤럴드경제,美 생물보안법 뚫고 AI 무장…‘K바이오 원팀’ 샌디에이고 접수한다
468530,2026.06.18 08:37,아시아경제,"프로티나, 국가신약개발사업 선정…골관절염 신약 기술이전·임상 진..."
468530,2026.06.18 08:23,이데일리,"프로티나, 국가신약개발사업 비임상 과제 선정"
468530,2026.06.17 09:54,파이낸셜뉴스,"프로티나 ""비만·골관절염 신약으로 글로벌 기술수출 모색"""
468530,2026.06.17 08:33,한국경제,"프로티나, 바이오USA 참가 ... 기술이전·글로벌 파트너링 논의 확대한..."
468530,2026.06.17 08:30,아시아경제,"프로티나, 바이오 USA 2026 참가…""기술 협력 논의"""
468530,2026.06.12 16:20,이데일리,"프로티나, 미등기임원 1인에 주식매수선택권 부여"
468530,2026.06.11 09:47,이데일리,"프로티나, SPID 플랫폼 기반 자체 파이프라인 확대-한투"
475960,2026.09.17 06:00,머니투데이,2026 메디테크 폐막…B2B 68건 성사·투자 IR 25곳 '연결의 힘'
475960,2026.09.11 06:00,머니투데이,"""의료창업 성패는 '기획'…연구자가 기업가로 거듭나야 기술이 산다"""
475960,2026.09.10 15:30,조선비즈,“창업 지원은 커졌는데 현장은 20년 전 그대로… 대학 딥테크 성장판...
475960,2026.09.09 18:00,머니투데이,"카카오헬스, 'AI 네이티브 EMR' 만든다…'메디테크' 사흘 대장정"
475960,2026.09.09 17:39,동아사이언스,"[사이언스게시판] NST, 23개 출연연에 ONEST 메신저·지식포털 배포 外"
475960,2026.09.09 08:45,아시아경제,"대학 원천기술, 세계적 기업으로 키우려면…딥테크 스케일업 해법 찾..."
475960,2026.09.01 17:36,한국경제,"""논문 속 신기술을 돈 되는 사업으로 바꾸죠"""
475960,2026.08.24 09:00,머니투데이,"""성공하는 스타트업의 조건은""…딥테크 전문 '공대 형'이 꼽은 이것"
475960,2026.08.20 16:01,전자신문,“독자 기술로 저변 확대”…국내 현미경 기업 상반기 실적 순항
475960,2026.08.19 08:36,연합뉴스,"키움증권 ""토모큐브, 금리상승에 할인율 올라…목표주가 하향"""
475960,2026.08.12 14:20,국제신문,상장사 비수도권 충청권 늘고 부울경 줄고
475960,2026.08.05 10:22,한국경제,"'딥테크 엑셀러레이터' 블루포인트파트너스, 60억 신규 투자 유치"
475960,2026.07.28 11:00,서울경제,오늘의 메모[7월 29일]
475960,2026.07.21 13:22,헤럴드경제,"“난임 치료 성공률 높인다” KAIST, 난자·배아 분석 원천기술 개발"
475960,2026.07.13 10:22,전자신문,"토모큐브, 유리기판 결함 원인 3D 분석용 'HT-T1 데스크톱' 시스템 출..."
475960,2026.07.01 18:12,연합뉴스,"코스닥 30년 맞은 CEO들 ""혁신기업 키우려면 시장도 혁신해야"""
475960,2026.06.22 17:09,조선비즈,"거래소, 코스닥 30주년 행사 내달 1일 개최…IR·세미나 사흘간 진행"
475960,2026.06.18 08:12,이데일리,"김필한 아이빔테크놀로지 대표 ""빅파마 사노피에 납품 성공...올해 더..."
475960,2026.06.03 08:22,이데일리,상장 후 희비 엇갈린 아이빔테크놀로지·토모큐브...왜?
475960,2026.05.19 09:54,동아사이언스,"""창업하면 기대수명 10년 줄어""…토로한 KAIST 교수, 올해 첫 흑자 목..."
475960,2026.05.08 08:02,이데일리,'실적 개선 기대' 루닛·토모큐브↑...'FDA 인증 획득 실패' 뷰노↓[바...
475960,2026.04.30 19:45,머니투데이,"""딥테크 사업화 집중 지원""…디캠프, 2기 스타트업 1년 성과 공개"
475960,2026.04.16 16:30,동행미디어 시대,"블루포인트 이용관 ""국내 방산 스타트업, 한국 떠나 미국·우크라 간다..."
475960,2026.04.03 17:48,블로터,"한미약품 오너 2세 임종훈, 개인회사 상법위반 논란"
475960,2026.04.01 18:00,매일경제,바이오 산업 접수한 ‘꿈의 망원경’…이제 반도체서도 신시장 연다
475960,2026.04.01 16:00,머니투데이,"블루포인트, 기술사업화센터 신설…장은영 전 라이트하우스컴바인 대..."
475960,2026.03.31 13:44,매일신문,금융 넘어 '브랜드' 승부한다…키움증권의 영역 확장
475960,2026.03.30 16:44,파이낸셜뉴스,"키움證, 코스닥 9개사 초청 ‘콥데이’…개인 투자자도 참여"
475960,2026.03.12 19:11,매일경제,"“K바이오, 홍콩·일본 오라...미국·유럽 넘어보자”"
475960,2026.03.12 14:00,머니투데이,"대전TP, 글로벌 제약사·투자자 초청 '바이오파마 교류회' 성황리 개최"
475960,2026.03.05 11:39,서울경제,코스피 10% 급등…수익률 상위 투자자는 ‘S-Oil’ 선택 [주식 초고수...
475960,2026.03.04 08:32,이데일리,기술 하나로 판 키운다…토모큐브·스페클립스 전략[다크호스 플랫폼...
475960,2026.03.02 13:27,디지털타임스,"박용근 KAIST 교수, 바이오포토닉스 세계 최고상 수상"
475960,2026.02.20 08:32,이데일리,"박용근 토모큐브 대표 “올해 오가노이드 분석 제품·의료기기 출시,..."
475960,2026.02.09 09:56,아시아경제,"[특징주]'첫 분기 흑자' 토모큐브, 6%대↑"
475960,2026.02.06 15:24,매일경제,이틀 연속 하락하자 반도체株 쇼핑…삼전·한미반도체 담았다 [주식 초...
475960,2026.02.06 14:11,매일경제,"토모큐브, 분기 흑자전환 성공…주가도 8% UP [매경 자이앤트]"
475960,2026.02.06 10:05,이데일리,"토모큐브, 영업적자 지속…매출은 90% 증가"
475960,2026.02.06 10:02,헤럴드경제,"토모큐브, 지난해 영업손 56억…적자 축소"
475960,2026.02.02 06:30,뉴스1,창업 키우겠다는 정부…벤처·스타트업계 '볕 들까'
475960,2026.01.30 06:50,아시아경제,"[VC는 지금](29)블루포인트 ""양자컴·SMR 베팅…기술 장벽, 더 빨리 풀..."
475960,2026.01.27 17:52,매일경제,오늘의 증시 일정(1월 28일)
475960,2026.01.22 19:28,한국경제,"SBVA, 1500억 규모 소버린AI펀드 결성…""AI·딥테크 분야 집중 투자"""
475960,2026.01.22 10:15,뉴시스,"SBVA, 지난해 1267억원 투자 집행…""올해 AI·딥테크 집중 육성"""
475960,2026.01.22 10:04,서울경제,"SBVA, AI·로봇 등에 1267억 투자…AUM 2.9조 달성"
475960,2026.01.22 09:56,이데일리,"SBVA, 작년 1267억 규모 투자 집행…""AI 대표 발굴할 것"""
475960,2026.01.22 09:55,뉴스1,"SBVA, 지난해 스타트업 17곳에 1267억 투자…AI·딥테크 집중"
475960,2026.01.22 09:48,이데일리,"SBVA, 작년 1267억 투자 집행…“올해 AI·로봇 집중 육성”"
475960,2026.01.22 09:35,조선비즈,"국립암센터, 美 NCI 위암 연구 공식 참여…한국 데이터 국제 표준화"
475960,2026.01.22 09:16,아시아경제,"SBVA, 지난해 1267억원 투자 집행…""올해 AI·딥테크 집중 육성"""
089890,2026.08.03 10:02,아시아경제,"""기존사업에 신사업도 성장""…이익 두배 넘게 뛸 반도체 장비주"
089890,2026.07.29 18:25,서울경제,미국 AIDC 전력난…블룸에너지 연료전지 타고 韓 소부장 수주 잇따라
089890,2026.07.16 09:52,전자신문,"코세스, 네달만에 2000억 일감 확보… 블룸에너지와 연료전지 시장 공..."
089890,2026.07.13 16:49,서울경제,기업공시 [7월 13일]
089890,2026.07.13 10:40,블로터,"코세스, 美 블룸에너지와 1504억원 규모 자동화 장비 공급 계약"
089890,2026.07.13 10:05,이데일리,"코세스, 1504억 규모 AI 서버용 전극셀 자동화 장비 공급계약 체결"
089890,2026.07.13 09:58,헤럴드경제,"코세스, 1504억 규모 AI 서버용 전극셀 자동화 장비 공급계약"
089890,2026.07.10 09:34,이데일리,"코스닥 반도체 장비주 강세…레이저쎌, 공급계약 호재에 23%↑[특징주..."
089890,2026.07.06 15:56,서울신문,"[마감시황] 코스닥, 외국인·기관 동반 매도에 847.07 마감…개인 2695..."
089890,2026.06.22 16:52,스포츠월드,"부천시, 강소기업 최종 선정…코스닥 상장사 코세스·로컬광고기업 스..."
089890,2026.06.22 16:44,이코노미스트,부천시 강소기업 10개 기업 최종 선정… 코스닥 상장사 코세스·플랫폼...
089890,2026.05.29 11:50,아이뉴스24,"""유사기업 없어""⋯피어그룹 무분별 확대로 공모가 논란"
089890,2026.04.20 16:54,서울경제,기업 공시 [4월 20일]
089890,2026.04.20 16:40,SBS Biz,[애프터마켓 브리핑] 중동 긴장 재고조에도 국내 증시 상승 마감
089890,2026.04.20 15:28,한국경제,"코세스, 500억 규모 AI 서버용 전극셀 자동화 장비 공급계약"
089890,2026.04.20 15:25,이데일리,"코세스, 501억 규모 AI 서버용 전극셀 자동화 장비 공급계약"
089890,2026.03.09 16:33,SBS Biz,[애프터마켓 브리핑] 유가 100달러 돌파에 환율 1500원 위협
089890,2026.03.09 14:08,헤럴드경제,"코세스, 지난해 영업익 177억…흑자전환"
089890,2026.03.05 15:52,서울신문,[서울데이터랩]테크윙 30.00% 상한가 금일 증시 상승률 1위로 마감
089890,2026.03.05 09:26,서울신문,[서울데이터랩]‘우리기술’ 21.47% 폭등…실시간 상승률 1위
089890,2026.02.26 11:14,동행미디어 시대,"SK증권 ""코세스 AI 데이터센터 발 SOFC 수주 본격화"""
089890,2026.02.03 09:13,파이낸셜뉴스,"한양證 ""아모센스, 블룸에너지發 공급 호재...저평가 된 SOFC 수혜주"""
089890,2026.01.23 16:42,이데일리,"코세스, 155억원 규모 자사주 처분 결정"
089890,2026.01.15 09:05,한국경제,"""코세스, 고객사로 블룸에너지 확보…현저한 저평가""-키움"
089890,2026.01.15 08:58,머니투데이,"코세스, 블룸 에너지와 함께 성장…26년 영업익 471억원 기대"
089890,2026.01.12 15:56,이데일리,"삼성액티브운용, ‘KoAct 수소전력ESS인프라액티브’ 신규 상장"
089890,2025.12.29 15:13,동행미디어 시대,카카오 김범수·더본 백종원… 주식재산 100억 이상 말띠 CEO 누구
089890,2025.12.29 14:05,지디넷코리아,'100억 자산' 말띠 경영인은…김범수·백종원 등 85명
089890,2025.12.29 11:02,이데일리,내년 ‘붉은 말’의 해…김범수·백종원 등 말띠 CEO는
089890,2025.12.15 17:05,서울경제,기업공시 [12월 15일]
089890,2025.12.15 10:45,이데일리,"코세스, 188억원 규모 AI 서버용 자동화 장비 공급 계약"
089890,2025.12.15 10:36,블로터,"코세스, 블룸에너지와 189억 규모 전극셀 장비 공급 계약"
089890,2025.12.15 10:18,아시아경제,"코세스, 189억 규모 AI 서버용 전극셀 자동화 장비 공급계약"
089890,2025.11.28 16:45,블로터,"코세스, 178억 규모 AI 서버용 장비 공급계약"
089890,2025.11.28 15:28,이데일리,"코세스, 블룸에너지와 178억 규모 AI서버용 장비 공급 계약"
089890,2025.11.28 09:41,서울신문,[서울데이터랩]‘브이씨’ 21.11% 폭등…실시간 상승률 1위
089890,2025.10.24 16:01,서울신문,[서울데이터랩]나노캠텍 30.00% 상한가 금일 증시 상승률 1위로 마감
089890,2025.10.14 10:09,한국경제,"주식 랠리 다시 가나…코스피, 또 3600 찍고 역대 최고치"
089890,2025.10.01 15:49,서울신문,[서울데이터랩]‘KS인더스트리’ 30.00% 상한가…금일 증시 상승률 1위...
089890,2025.10.01 09:35,서울신문,[서울데이터랩]엔시트론 27.16% 폭등…실시간 상승률 1위
252990,2026.09.28 13:52,매일신문,[여의도단신]미래에셋자산운용·DS자산운용·삼성액티브자산운용
252990,2026.09.28 13:42,서울경제,"DS 코스닥액티브, 상장 두 달 만에 순자산 500억 돌파"
252990,2026.09.27 06:01,데일리안,"""3년 만에 10배""…삼전·닉스 담고 '이 종목' 뺀 ETF"
252990,2026.09.26 21:31,한국경제,나 홀로 26% 솟구쳤다…한 달 새 성적표 뒤집은 '반전 정체' [이수의 ...
252990,2026.09.23 14:20,머니투데이,"한화운용, 반도체 매출 중심 기업만 담은 'PLUS ETF' 3종 제안"
252990,2026.09.22 20:41,헤럴드경제,‘코스닥 투자가 이 정도일 줄’ 한달 만에 ‘최대 20%’…코스닥 액...
252990,2026.09.21 10:29,서울신문,“상어가 풀매수했나” 부산 ‘상어 출몰’에 11%↑ 불기둥 뿜었다 [나...
252990,2026.09.17 09:29,뉴스1,"""255개 중견기업의 힘""…중견련·충북도, 정책금융으로 투자 물꼬"
252990,2026.09.14 13:55,디지털데일리,"산업부, 글로벌 우수기업연구소 육성 사업(GATC)에 2895억원 투입"
252990,2026.08.31 09:40,서울신문,"[서울데이터랩] 코스닥, 장 초반 3% 급락…반도체 약세에 805.14까지 밀..."
252990,2026.08.15 15:10,매일경제,“코스닥 다음 주자는 여기”…한국거래소가 뽑은 ‘라이징스타’ 18...
252990,2026.08.14 00:36,조선일보,원텍·큐리오시스 등 ‘코스닥 라이징스타’ 8곳 새로 뽑혀
252990,2026.08.13 09:02,조선일보,반도체 장비에서 우주로… 코스닥 라이징 스타의 세대교체
252990,2026.08.12 19:38,머니투데이,"한국거래소, 2026 코스닥 라이징스타 18곳 선정"
252990,2026.08.12 16:04,이코노미스트,"미래에셋, ‘TIGER 코스닥액티브 ETF’ 8월 수익률 23.6%"
252990,2026.07.28 06:00,뉴스1,"코스닥 액티브 수익률 '비명'…DS -8.9% 뒤에서 3등, KoAct -2.9% 선방[E..."
252990,2026.07.27 08:35,SBS Biz,[투자자 순매수 TOP5] 매일 사이드카 발동 속 외인 마지막날 제외 매수...
252990,2026.07.15 17:07,머니투데이,美 반도체 랠리 재개…삼성전자·SK하이닉스 '쑥'
252990,2026.07.02 21:15,매경이코노미,반도체 소부장 ‘금맥’ 캐보니
252990,2026.06.26 10:42,뉴스1,"국민성장펀드, AI 넘어 바이오·방산까지…6개월 만에 14.6조 승인(종합..."
252990,2026.06.09 15:55,한국경제,반도체·로봇·2차전지…'성장주 베팅' 코스닥 ETF 쏟아진다
252990,2026.06.05 18:27,한경비즈니스,"반도체 건강검진센터, ‘수율’을 잡는 자가 시장을 지배한다 [반도체..."
252990,2026.06.02 16:22,이코노미스트,"AI·신산업 성장주 담는다…미래에셋, 'TIGER 코스닥액티브 ETF' 상장"
252990,2026.06.02 14:16,매일신문,[여의도단신]한국투자증권·KB증권·미래에셋자산운용·한화자산운용
252990,2026.05.22 07:46,이데일리,"샘씨엔에스, 프로브카드 핵심 밸류체인…리레이팅 기대-메리츠"
252990,2026.05.13 10:57,이데일리,"AI·반도체 담은 국민참여 성장펀드, 출시 앞두고 투자매력 주목"
252990,2026.05.06 14:15,이데일리,"샘씨엔에스, 1분기 영업이익 76억원…전년동기비 436.9%↑"
252990,2026.04.23 06:20,뉴스1,문과 공무원이 양자역학 열공…150조 국민성장펀드 '올인'[성장엔진 금...
252990,2026.04.20 13:34,매일경제,"반도체·이차전지·보안주 ‘삼총사’발 코스피 랠리…DB하이텍, 역사..."
252990,2026.04.17 17:51,매일경제,"IT·반도체·이차전지 상승 랠리 주도…삼성전기, LG이노텍 신고가 돌..."
252990,2026.04.17 16:49,한국경제,SK하닉보다 많이 샀다…'1%' 투자 고수들 찜한 뜻밖의 회사 [마켓 PRO]
252990,2026.04.17 10:32,SBS,"산업은행, '신속심사 제도'로 지역 기업 지원"
252990,2026.04.16 14:42,뉴스1,국민성장펀드 충북 1호 기업은 샘씨엔에스
252990,2026.04.16 08:38,조세일보,"국민성장펀드, 네이버 AI 데이터센터·GPU 도입에 4000억 저리대출"
252990,2026.04.15 18:23,동아일보,"국민성장펀드, 네이버 AI 데이터센터에 4000억 저리대출"
252990,2026.04.15 18:16,파이낸셜뉴스,"산업銀, 첨단전략산업기금 신속심사 제도 마련"
252990,2026.04.15 17:28,한겨레,“AI 주권 확보” 네이버 데이터센터에 국민성장펀드 4천억 투입
252990,2026.04.15 17:14,파이낸셜뉴스,"산업은행, 첨단전략산업기금 신속심사 ‥지역 중소·중견기업 적극 지..."
252990,2026.04.15 17:12,데일리안,"정부, ‘소버린 AI’ 인프라 본격 투자…네이버 데이터센터 지원"
252990,2026.04.15 17:10,이데일리,"국민성장펀드, 네이버 AI 데이터센터 증설에 4000억원 저리대출"
252990,2026.04.15 17:06,머니투데이,"""빅테크 의존도 낮춰라""… 네이버 AI 인프라 구축에 4000억 투입"
252990,2026.04.15 16:58,조선일보,"국민성장펀드, 네이버 AI 인프라 사업에 4000억원 저리대출 공급"
252990,2026.04.15 16:58,전자신문,"국민성장펀드, 네이버 AI 데이터센터에 4000억원 저리대출…인프라 증..."
252990,2026.04.15 16:55,데일리안,"국민성장펀드, 네이버 AI 데이터센터·GPU에 4000억 저리대출 승인"
252990,2026.04.15 16:53,SBS Biz,"국민성장펀드, 네이버 '각' GPU 도입자금 4천억원 저리대출"
252990,2026.04.15 16:45,뉴스1,"국민성장펀드, 네이버 AI 데이터센터·GPU 도입자금 4000억 저리대출"
252990,2026.04.01 15:36,블로터,"[어바웃 G] 샘씨엔에스, 2세 최유진 체제 본격화…전문성·경험 눈길"
252990,2026.03.25 14:36,이데일리,"샘씨엔에스, 최유진 대표이사 체제 변경"
252990,2026.03.19 09:00,블로터,"[메자닌 투자파일] 가온칩스, CB 전환 도래…오버행 우려 가시화"
252990,2026.02.23 17:41,한국경제,슈퍼乙 한미반도체 '10조 클럽'…수율 높인 이오테크·리노공업 '뭉칫...
353200,2026.09.30 09:04,이데일리,"반도체 독주 끝나나…“3분기 깜짝 실적, 대한항공·넥스틴 주목”"
353200,2026.09.28 11:19,파이낸셜뉴스,"한올바이오파마, 루푸스 개발 중단에도 ""주가 영향 제한적""…서진시스..."
353200,2026.09.28 08:19,이데일리,"“대덕전자, 실적 기반 경쟁사 주가 캐치업…목표가 19만원 상향”-iM"
353200,2026.09.22 17:52,서울경제,"[단독]키움운용, 국내 첫 ‘MLCC ETF’ 출격…삼성전기·무라타 담는다"
353200,2026.09.22 09:38,뉴스1,美 CPU주 급등에 '기판주' 불붙었다…코리아써키트 22%↑[핫종목]
353200,2026.09.02 14:41,뉴스1,"경기도, 10일 안산서 '5070 일자리박람회'…기업 40여곳 참여"
353200,2026.08.23 11:00,이데일리,“고금리엔 주주환원株 투자…기아·LG·GS 등 주목”
353200,2026.08.11 13:51,서울경제,상승 전환 성공한 코스피…상위 1%는 하닉·삼전 던졌다 [주식 초고수...
353200,2026.08.10 10:00,서울경제,삼성 HBM4 수율 잡았다…내년엔 SK하이닉스 추월 전망
353200,2026.08.10 10:00,서울경제,"취향 맞춤 여행 뜬다…여행 플랫폼 지구놀이터, 2030 사로잡아"
353200,2026.08.10 10:00,서울경제,439% 벌던 아셴브레너 펀드…한 달 새 67% 급락
353200,2026.08.09 17:57,서울경제,"‘AI 경계감’ 외인, 일주일새 반도체 6조 던졌다"
353200,2026.07.31 09:50,이데일리,‘제2의 HBM’ 소캠株 불기둥…대덕전자 상한가[특징주]
353200,2026.07.29 11:54,서울경제,"상위 1% 투자자도 반도체株 던진다…SK하닉·삼전 순매도 1,2위 [주식 ..."
353200,2026.07.27 11:32,서울경제,SK하닉·삼전 담는 초고수…‘AI 서밋’ 기대감 속 반도체 베팅 [주식...
353200,2026.07.22 10:09,뉴스1,삼전·닉스 대장주 급등에…반도체 소부장주 강세[핫종목]
353200,2026.07.22 10:01,서울경제,로봇 시장 정조준 삼성전자…‘대표 직속+S급 인재’ 드림팀 출범
353200,2026.07.21 18:06,서울경제,"대덕전자, 올해 반도체 설비 증설에만 7000억 투자 결단"
353200,2026.07.21 09:14,이데일리,"대덕전자, 5000억원 규모 시설투자에 4%대 강세[특징주]"
353200,2026.07.20 06:00,뉴스1,"""뭘 사야 하나"" 동반 급락, 반등은 따로…종목 선택 난도 높아졌다"
353200,2026.07.16 13:46,서울경제,"수익 상위 1%, 하락장서 ‘바이오’ 콕 집었다[주식 초고수는 지금]"
353200,2026.07.13 14:07,서울경제,"급락에도 ‘반도체 홀릭’…SK하닉·삼전 순매수 1, 2위 [주식 초고수..."
353200,2026.07.13 08:01,이데일리,“코스피 진바닥 통과”…“AI·반도체 주도주 다시 담을 때”
353200,2026.07.09 11:01,서울경제,LG·삼성도 도입…로봇 1000대 통합관제 AI
353200,2026.07.03 08:22,이데일리,판가 인하 우려는 기우…“메모리 기판株 조정은 매수 기회”
353200,2026.06.30 14:46,뉴스1,'메가프로젝트'發 이익모멘텀 연장…반도체 소부장 초강세[핫종목]
353200,2026.06.29 07:46,이데일리,"""코스피 1만1450 열렸다""…순환매 3가지 조건"
353200,2026.06.16 08:20,이데일리,"대덕전자, 가격 인상·증설·AI 수요 '삼박자'…목표가↑-메리츠"
353200,2026.06.15 11:07,파이낸셜뉴스,"""LG이노텍 200만원 간다"" 영업익 18배 '깜짝 실적'…고려아연, 역대급..."
353200,2026.06.09 11:01,파이낸셜뉴스,"""AI 부품 대장주...삼성전기 230만 간다""…'엔비디아 깐부' 네이버, 목..."
353200,2026.05.22 11:06,이데일리,"“韓 증시, 실적·머니무브 타고 하반기 리레이팅 국면 진입”"
353200,2026.05.12 09:23,이데일리,"대덕전자, 메모리 공장 증설 소식에 강세…대덕 8%대↑[특징주]"
353200,2026.05.12 08:09,이데일리,"대덕전자, 메모리 신규 시설투자 호재…목표가 13%↑-DB"
353200,2026.04.29 08:31,이데일리,“5월 반도체주 상승세 둔화 전망…대체할 실적주는?”
353200,2026.04.23 08:43,이데일리,같은 코스피 다른 1년...수출·배당 웃고 내수·바이오 울었다
353200,2026.04.22 16:10,이데일리,"""77% 급등 종목도"" 신고가 대잔치…코스피 제대로 불붙었다"
353200,2026.04.22 07:49,이데일리,“반도체주 단기 소강상태 진입할 것…낙수효과 기대 업종은”
353200,2026.04.15 12:58,서울경제,‘코스닥 성장주’ 쓸어담은 초고수...알테오젠·파두 나란히 순매수...
353200,2026.04.10 13:10,서울경제,"포스코홀딩스 쓸어담은 초고수…상위 1%, 소재株로 베팅[주식 초고수..."
353200,2026.04.03 17:01,서울경제,전영현 “협력사와 ‘원팀’ 이뤄 반도체 혁신 주도”
353200,2026.04.01 09:22,서울신문,[서울데이터랩]‘계양전기우’ 29.91% 상한가…실시간 상승률 1위
353200,2026.03.23 07:46,이데일리,"대덕전자, 서버·FC-BGA 수요 확대…목표가 9.5만원 상향-대신"
353200,2026.03.19 07:51,이데일리,"대덕전자, AI 데이터센터 수요 수혜…목표가↑-iM"
353200,2026.03.18 09:37,서울신문,[서울데이터랩]‘다이나믹디자인’ 30% 상한가…실시간 상승률 1위
353200,2026.03.09 11:31,서울경제,"초고수, 10% 급락한 삼전·하닉 ‘사자’…저가 매수세 유입 [주식 초..."
353200,2026.03.09 08:02,이데일리,“AI 서버 수요 타고 업황 회복인데…국내 기판업체 과도한 저평가”
353200,2026.03.06 15:48,서울신문,[서울데이터랩]HD현대에너지솔루션 29.97% 상한가 금일 증시 상승률 1...
353200,2026.03.05 15:52,서울신문,[서울데이터랩]한화시스템 30.00% 상한가…금일 증시 상승률 1위로 마...
353200,2026.03.05 09:26,서울신문,[서울데이터랩]‘미래에셋생명’ 29.98% 상한가…실시간 상승률 1위
353200,2026.02.09 14:28,이데일리,"넥스트레이드, 에코프로머티·LG디스플레이 등 50개 종목 거래 중지…..."
458870,2026.09.28 17:17,한국경제,"약만 팔던 제약사, 이젠 헬스케어 경쟁"
458870,2026.09.22 08:15,연합뉴스,"IBK증권, 씨어스 기업분석 개시…""내수·수출 동반성장 기대"""
458870,2026.09.17 12:04,이데일리,"“항암치료 집에서 하는 시대”…헤링스·KGOG, 부인암 모니터링 플랫..."
458870,2026.09.13 18:11,파이낸셜뉴스,반지형 기기로 병원 진료·환자 모니터링… 수익화 단계 진입 [웨어러...
458870,2026.09.11 16:02,동행미디어 시대,"씨어스, KRX헬스케어 편입…흑자 성장 속 존재감 확대"
458870,2026.09.09 16:31,뉴시스,"""의료AI 유일 흑자""…씨어스, 싱가포르 첫 NDR"
458870,2026.09.09 16:04,매일경제,"티알, 디지털 기기로 폐기능 검사 손쉽게 OK"
458870,2026.09.07 09:51,머니투데이,"씨어스, '모비케어' 미국 이어 캐나다 품목허가…북미 진출 본격화"
458870,2026.09.07 07:52,이데일리,상장 첫날 스카이랩스 존재감 증명… 삼익제약·페니트리움바이오도...
458870,2026.09.04 15:03,동아일보,"대웅제약 ‘씽크’, 부산백병원 스마트병동에 도입…113병상까지 확대"
458870,2026.09.01 17:05,전자신문,"씨어스·은성의료재단, 'AI 증강병원' 구축 맞손"
458870,2026.08.31 16:01,전자신문,병원은 AI 찾는데…의료 AI 기업들은 '적자 늪'
458870,2026.08.28 09:12,머니투데이,"대웅제약, 디지털 헬스케어 12개사와 연합전선…병의원 공략 확대"
458870,2026.08.25 14:46,서울경제,오늘의 메모[8월 26일]
458870,2026.08.21 15:58,서울경제,스카이랩스 “해외 파트너십 본격화…2028년 흑자전환 가능”
458870,2026.08.20 07:30,비즈워치,대웅 디지털헬스 연합 한자리…'예측부터 사후관리까지'
458870,2026.08.19 18:01,뉴스1,"""엑스레이로 골다공증 찾고, 반지로 혈압 측정""…AI와 헬스케어의 만..."
458870,2026.08.19 12:03,이데일리,상반기 1만원 팔아 514원 남겼다…전년 대비 109원↑[상반기 코스닥 결...
458870,2026.08.19 08:32,이데일리,"씨어스, 1000원에 팔아 440원 남겼다...제약바이오·헬스케어 '수익성..."
458870,2026.08.14 07:30,비즈워치,병상 환자 모니터링 시장 커진다…씨어스·메쥬 실적 '쑥쑥'
458870,2026.08.13 18:38,SBS Biz,"씨어스, 상반기 영업익 268억…""연간 실적 넘어서"""
458870,2026.08.13 16:46,전자신문,입원환자 실시간 모니터링 '폭풍성장'…상반기 1000억원대 시장 형성
458870,2026.08.13 08:30,SBS Biz,[어제장 오늘장] CPI 시장예상치 부합…삼전닉스 AI 낙관론에 힘입어...
458870,2026.08.13 07:02,서울경제,"급여 확대로 커진 원격심전도 시장…건보 지출, 1년새 2배 ‘껑충’"
458870,2026.08.07 10:49,이데일리,씨어스 “공급단가 인하 없다”…플랫폼 경쟁력으로 ‘라지캡’ 도전
458870,2026.08.06 14:49,뉴스1,AI로 지역·필수의료 공백 메운다…의료기기 시장 '대전환' 기대감
458870,2026.08.06 10:39,이데일리,"씨어스 ""가격 경쟁 아닌 플랫폼 경쟁력으로 시장 1위 유지"""
458870,2026.08.06 06:33,이데일리,[단독]병원 잡으려 경쟁 격화…AI 환자 모니터링 시장 ‘치킨게임’ ...
458870,2026.08.05 13:20,헤럴드경제,주식 투자자들의 꿈 ‘텐배거’는 어떻게 탄생하나
458870,2026.08.05 10:25,이데일리,"씨어스, '씽크' 운영체계 고도화…AI 의료 플랫폼 경쟁력 강화"
458870,2026.08.03 10:33,이데일리,"""패션서 뷰티·커머스로 확장"" 폰드그룹, 2분기 영업익 '역대 최대'"
458870,2026.07.30 07:32,이데일리,"환자 모니터링 시장, 총성 없는 경쟁...씨어스, 신경과 확장 전략 의미"
458870,2026.07.29 10:52,SBS,올해 상반기 기업 유상증자 6.3조원…전년보다 25% 감소
458870,2026.07.28 14:02,머니투데이,"씨어스, UAE 초도 물량 공급 본격화…""IFM 참가로 중동 공략 가속"""
458870,2026.07.28 08:22,이데일리,"휴이노, 유한양행 ‘메모 큐’ 영업 박차로 연매출 150억 돌파 기대"
458870,2026.07.26 12:40,아시아경제,[주末머니]국내 병실 장악하더니 미국까지…의료AI로 글로벌 질주하는...
458870,2026.07.23 21:50,이데일리,"씨어스 모비케어, 신경과 확장 근거 확보...뇌졸중 환자 국내 첫 임상..."
458870,2026.07.21 17:03,한경비즈니스,"""저평가 소외주 잡을 때""…베스트 애널이 꼽은 하반기 '반등 기대주'[..."
458870,2026.07.20 11:07,이데일리,"씨어스, 삼성서울병원 스마트병실에 '씽크' 적용…모비케어 해외 매출..."
458870,2026.07.20 09:41,서울경제,"대웅제약, 삼성서울병원 스마트병실에 혈압 모니터링 탑재한 ‘씽크’..."
458870,2026.07.20 08:35,서울경제,씨어스 ‘모비케어’ FDA 승인… 3분기 미국·중동 수출 시동 [Why 바이...
458870,2026.07.13 14:44,이데일리,"스카이인텔리전스, 기업가치 1000억 규모 인정"
458870,2026.07.13 13:32,아시아경제,"스카이인텔리전스, 기업가치 1000억 인정…오라클-벡터지역혁신벤처펀..."
458870,2026.07.13 08:13,이데일리,"'세계 유일' 의료기기 반지형 혈압계…스카이랩스, 포스트 씨어스 될..."
458870,2026.07.06 16:35,코메디닷컴,대웅제약 2분기 ‘깜짝실적’ 기대…나보타 날고 펙수클루 주춤
458870,2026.07.06 08:12,이데일리,"남병호 헤링스 대표 ""룩셈부르크 정부와 소프트웨어 협약...유럽 매출..."
458870,2026.07.01 08:50,서울경제,씨어스 ‘모비케어’ 美수가 국내 5배… 수익성 높아진다 [Why 바이오...
458870,2026.06.29 17:38,한국경제,"씨어스 심전도 기기, 美 FDA 허가 획득"
458870,2026.06.29 17:15,조선비즈,"씨어스, ‘모비케어’ 美FDA 시판 전 허가 획득…美 시장 진출 기반 확..."
458870,2026.06.29 16:53,뉴시스,"""글로벌 진출 청신호""…씨어스, 美 FDA 품목허가"
000990,2026.09.30 07:55,SBS Biz,"[애프터마켓 리뷰] 필옵틱스, 차세대 TGV 장비 납품 수주 성공"
000990,2026.09.29 17:43,한국경제,증시 주인공 된 자산운용사…주가 최대 변수 됐다
000990,2026.09.29 16:02,아이뉴스24,"코스피, '개미 1조 매수' 약보합 마감⋯코스닥 850선 눈앞"
000990,2026.09.29 15:51,뉴시스,"코스피, 외인 '팔자'에 이틀째 하락…6870선 약보합 마감"
000990,2026.09.29 15:44,한국경제,"코스피, 유가·美 국채금리 상승에 6870선 후퇴"
000990,2026.09.29 14:31,한국경제TV,반도체株 올 것이 왔다...최대 승부처 '개봉박두' [마켓딥다이브]
000990,2026.09.29 14:04,헤럴드경제,"DB그룹, AI 데이터센터·에이전트·설루션으로 AX 속도"
000990,2026.09.29 09:45,서울신문,"코스피, 하락 출발 뒤 낙폭 축소… 외국인 3243억 순매도"
000990,2026.09.26 12:01,아이뉴스24,"""추석 용돈으로 주식 사볼까""⋯기업 실적·성장성 고려해야"
000990,2026.09.26 06:00,머니투데이,"""이게 추석 선물이지"" 24% '껑충'...삼전닉스보다 더 뛴 이 종목[김근..."
000990,2026.09.25 17:01,매경이코노미,‘구형 공정’의 반전...8인치 파운드리 ‘귀한 몸’ 됐다
000990,2026.09.22 17:41,헤럴드경제,‘삼전닉스 ETF’가 수익률 1~10위 싹쓸이…메모리 이어 MLCC까지 영토...
000990,2026.09.22 15:36,머니투데이,"삼전 5% 오를때 ""49% 급등""...AI 살아나자 '이 종목' 불기둥"
000990,2026.09.22 08:00,시사저널,DB그룹 '왕좌' 흔드는 장녀의 역습…안갯속 빠진 2세 후계 구도
000990,2026.09.21 18:31,뉴스1,"DB하이텍 ""우선주 권리 유지 땐 종류주총 불필요""…주주연대 반박"
000990,2026.09.20 11:17,매일경제,"“TSMC·삼성전자 빈틈 노렸더니, 주문 감당 안 돼”…목표가 20만원으..."
000990,2026.09.20 07:00,서울경제,매파 FOMC에도 버틴 코스피…외국인 돌아오며 6900선 눈앞 [선데이 머...
000990,2026.09.19 05:30,머니투데이,FOMC부터 AI 속도조절론까지…빅위크 중 상승한 종목은?[김근희의 증시...
000990,2026.09.18 17:47,주간동아,"‘삼전닉스’ 6조 던진 외국인, 대한광통신·가온전선 담았다"
000990,2026.09.18 09:44,매일신문,"7거래일 연속 '셀코리아' 외국인, 삼전닉스 팔고 이것 담았다"
000990,2026.09.17 18:14,파이낸셜뉴스,"황기연 수은 행장 ""충북 메가프로젝트 적극 지원"""
000990,2026.09.17 17:02,뉴스1,"""김준기·김남호, DB하이텍 업무 수행 대가로 적정 보수 수령"""
000990,2026.09.17 15:57,매일경제,"""중국발 파운드리 공급 부족 수혜""… DB하이텍에 쏠린 관심 [빅데이터..."
000990,2026.09.17 14:56,조선비즈,외국인 삼전닉스 팔고 ‘방어주’로 이동…고유가·저환율 수혜 기대
000990,2026.09.17 10:02,이데일리,한양대에 AI반도체 혁신연구소…6년간 석·박사 110명 키운다
000990,2026.09.17 09:35,서울신문,[서울데이터랩]개장 직후 인기 검색 종목 20選
000990,2026.09.16 18:26,파이낸셜뉴스,6거래일 연속 팔아치운 외국인... 장바구니에는 정유·항공·금융株
000990,2026.09.16 18:03,한국경제,"파운드리 DB하이텍, '구형 공정'의 반전"
000990,2026.09.16 15:54,서울경제,금리 인상 선반영 됐나… 코스피 외인 1.6조 매도에도 6700 복귀 ‘성공...
000990,2026.09.16 11:20,아이뉴스24,기업유치 전공 살린 신용한 지사 “충북에 투자하세요”
000990,2026.09.16 09:49,한국경제,"""외국인은 이미 발 뺐다?""…삼전·하이닉스 '10조' 던진 이유 [종목+]"
000990,2026.09.16 09:38,연합뉴스,"충북도, 서울서 수도권 CEO 300여명 초청 투자설명회"
000990,2026.09.15 17:07,파이낸셜뉴스,수요 폭발에 삼성·TSMC 공백까지…DB하이텍 이달 23% '껑충'
000990,2026.09.14 10:08,조세일보,"美 반도체주는 올랐는데…삼성 3%·하닉 6% 급락, 이유는? [칩칩폭폭]"
000990,2026.09.14 08:34,SBS Biz,"[투자자 순매수 TOP5] 외국인, 반도체 담다 매도전환…9일부터 사흘 연..."
000990,2026.09.13 16:54,머니투데이,반도체주 주춤한 사이…대미투자·중국 AI 수혜주 날았다
000990,2026.09.13 14:49,한국경제TV,"AI가 띄운 코스피, 중동 악재에 찬물…이번주 7,000선 안착할까"
000990,2026.09.12 14:41,매일경제,"“구형 반도체라고 무시했는데, 주문 2배 폭주”…한달새 21% 뛴 DB하이..."
000990,2026.09.11 17:58,데일리안,"민간 반도체 제조법 공공팹에 이식…과기정통부, 운영 효율화 전국 확..."
000990,2026.09.11 17:42,주간동아,"증시 떠나는 개인투자자, ‘삼전닉스’ 9조3000억 순매도… 외국인도..."
000990,2026.09.10 18:09,조선비즈,1조원대 매물 우려에도… 삼전·닉스 리밸런싱 충격 없었다
000990,2026.09.09 18:01,데일리안,"DB하이텍, 8인치 1200V SiC 공정 신뢰성 검증 완료…2027년 양산"
000990,2026.09.09 10:17,조세일보,엔비디아 약세에도…190만닉스 코앞·예스티 8%↑ [칩칩폭폭]
000990,2026.09.09 10:07,머니투데이,"DB하이텍, 장 초반 10%대 급등…파운드리 가격 상승에 주가↑"
000990,2026.09.09 10:00,헤럴드경제,4천여가구 입주에 학교 개교까지…음성 성본산단 ‘생활도시’ 속도
000990,2026.09.09 07:02,아시아경제,中 AI·로봇 시장 성장 수혜받는 '이 반도체 회사'[클릭 e종목]
000990,2026.09.08 15:52,한국경제,밸류업지수 코스피 제쳤지만…진짜 주주환원株는 따로 있다
000990,2026.09.08 11:12,파이낸셜뉴스,"'4조 빅딜' 알테오젠, 이젠 실적 기대할 때…DB하이텍, 中 AI·로봇 수..."
000990,2026.09.08 10:37,조세일보,'삼성전자·SK하이닉스 질주' 코스피 7000 탈환...증권가 목표는 제각...
000990,2026.09.08 10:02,파이낸셜뉴스,"""中 수요 폭발하는데 공급 부족""…DB하이텍 6%대↑[종목 NOW]"
014680,2026.09.27 10:24,한국경제,"""한 달간 90% 폭등했다""…하이닉스 8% 오를 때 대박 난 곳 [대기업 협..."
014680,2026.09.27 06:01,데일리안,"""3년 만에 10배""…삼전·닉스 담고 '이 종목' 뺀 ETF"
014680,2026.09.23 15:21,동행미디어 시대,"한화운용 ""반도체 퓨어 플레이어 ETF 3종에 투자하라"""
014680,2026.09.22 15:36,머니투데이,"삼전 5% 오를때 ""49% 급등""...AI 살아나자 '이 종목' 불기둥"
014680,2026.09.18 16:24,연합뉴스,"'반도체 소부장 특화단지' 지정된 전북 ""민간 투자에 큰 혜택"""
014680,2026.09.18 07:54,이데일리,"한솔케미칼, 과산화수소·프리커서 성장 본격화…목표가↓-현대차"
014680,2026.09.17 21:57,KBS,"전북도, 반도체 소부장단지 선정…“수도권·서남권 반도체 벨트 잇는..."
014680,2026.09.17 21:45,부산일보,"경남 거제, 조선해양플랜트 소부장 특화단지 선정…5년간 1.5조원 투자"
014680,2026.09.17 16:31,전자신문,"삼성, 올해 QD TV 생산 80% 줄인다"
014680,2026.09.17 16:13,더팩트,경남 조선·대전 방산·전북 반도체 특화단지 선정…7.9조 투입(종합)
014680,2026.09.15 15:55,뉴시스,"한화운용, HBM·AI 소부장 ETF 2종 신규 상장"
014680,2026.09.07 07:03,조세일보,2차전지 상위 10사 법인세 529억…매출 줄어도 전년비 37%↑ [2026년 상...
014680,2026.09.02 14:24,이데일리,"""꾸준함이 핵심""…주주환원책, 한국 증시도 떠받칠까"
014680,2026.08.26 16:24,매경이코노미,‘40조 소각’ 효과 입증한 SK하이닉스…눈 여겨볼 다음 주자는
014680,2026.08.08 06:01,조선일보,“삐~ 체온 높으니 그늘로”... 폭염 속 근로자 지키는 IT
014680,2026.08.07 20:55,JTBC,"""김 대리 폭염 위험"" AI가 노동자 온열질환 막는다"
014680,2026.07.29 10:34,서울경제,오늘의 메모[7월 30일]
014680,2026.07.16 15:33,서울경제,“한국 주식 30%나 더 담았다”…해외 큰손들 앞다퉈 담은 ‘이 종목...
014680,2026.07.15 14:26,연합뉴스,한국ESG평가원 'ESG경영 최우수 기업'에 삼성전자 등 5개사 선정
014680,2026.07.15 07:45,KBS,전북도 민선 9기 첫 투자협약…“첨단 산업·물류 경쟁력 강화”
014680,2026.07.14 20:10,KBS,전북도 민선 9기 첫 투자협약…“첨단 산업·물류 경쟁력 강화”
014680,2026.07.10 14:37,한국경제TV,"대주전자재료, MLCC 소재 생산 2배…스페이스X 노린다"
014680,2026.07.08 05:02,이데일리,"상반기만 1.7조, 작년 5배 넘었는데...내달 최대 11조 과징금 예고"
014680,2026.07.08 05:02,이데일리,담합 땐 패가망신...'수조 과징금' 현실화
014680,2026.07.07 15:01,전자신문,"한국나노융합산업협회, '나노융합산업 AI솔루션 실증·확산' 사업 본격..."
014680,2026.07.06 19:57,KBS,[이슈K] ‘반도체 클러스터’ 전북은 소외?…정부 대응 전략은?
014680,2026.06.19 16:33,서울경제,기업 공시 [6월 19일]
014680,2026.06.19 16:13,아시아경제,"한솔케미칼, 600억 규모 자사주 소각 결정"
014680,2026.06.16 16:15,서울경제,오늘의 메모[6월 17일]
014680,2026.06.15 07:21,매일경제,“삼전닉스 담았다가 심장병 걸릴뻔”…중형주 대신 담으니 ‘안심’
014680,2026.06.14 17:37,매일경제,AI株 요동치자 … 유통·방산株로 '방어벽'
014680,2026.06.14 10:41,이데일리,삼전닉스 쉬는 사이 반도체 소부장 ‘껑충’…“수혜 확대”[펀드와치...
014680,2026.06.12 15:33,이데일리,"공정위, LG화학·롯데케미칼 등 10곳 현장조사…“화학제품 담합 의혹..."
014680,2026.05.28 15:31,블로터,"[중후장대 딥다이브] 한솔케미칼, 반도체 사이클 타고 임직원 잭팟"
014680,2026.05.28 05:02,세계일보,"[이코노 브리핑] 신한銀, 정기예금 금리 최대 0.15%P↑ 외"
014680,2026.05.27 23:51,서울경제,키움증권·KAI 등 10곳 ‘밸류업 우수기업’ 표창
014680,2026.05.27 16:33,동행미디어 시대,"정은보 거래소 이사장 ""기업가치 제고 확산이 코스피 8000 이끌어"""
014680,2026.05.27 15:36,비즈워치,"키움증권·한국항공우주, 밸류업 우수기업 표창"
014680,2026.05.27 14:49,이데일리,"""밸류업 공시 참여, 우량기업에 집중…저PBR 기업 의무화 검토해야"""
014680,2026.05.27 14:49,머니투데이,"밸류업 2주년…금융위원장 ""제도확산 넘어 상식화를"""
014680,2026.05.27 14:40,디지털타임스,"이억원 ""밸류업은 문화 혁신…경영 나침반 돼야"""
014680,2026.05.27 11:32,뉴스1,"""밸류업 2주년, 자본시장 이정표""…키움證·KAI 우수기업 표창"
014680,2026.05.27 11:18,아시아경제,"정은보 이사장 ""자본시장 글로벌 프리미엄 시장으로 도약시킬 것"""
014680,2026.05.27 10:55,연합뉴스,"금융위원장 ""기업가치 제고 공시, 경영의 나침반 돼야"""
014680,2026.05.26 16:27,중앙일보,100대 상장사 사외이사 평균 연봉 8500만원…1위는 삼성전자
014680,2026.05.19 17:54,매일경제,"GS, 한솔케미칼 지분 8.9%로 확대"
014680,2026.05.19 08:38,조선비즈,"삼성證 “한솔케미칼, 반도체향 매출 성장·수익성 견조… 목표가 42만..."
014680,2026.05.19 08:25,한국경제,"""한솔케미칼, 과산화수소 증설 효과 기대…목표가 42만원""-삼성"
014680,2026.05.18 16:32,서울경제,기업 공시 [5월 18일]
014680,2026.05.18 14:52,블로터,"한솔케미칼, 471억 규모 자사주 소각 결정"
005290,2026.09.30 08:01,한국경제,[스타워즈] 치열한 선두 싸움…삼공오공 1위 탈환
005290,2026.09.28 17:49,매일경제,코스닥 빚투 반도체株 쏠림 …레버리지 투자 '주의보'
005290,2026.09.24 14:00,블로터,"[AI 대전환 리딩 전략]동진쎄미켐, AI 반도체 공급망 핵심 주자로"
005290,2026.09.22 10:59,헤럴드경제,동진쎄미켐 美 신너 생산 본격화…삼성 테일러팹 가동 채비 속도 [비즈...
005290,2026.09.17 18:31,전자신문,"[제17회 디스플레이의 날]지식재산처장표창, 협회장상, 학회장상 수상..."
005290,2026.09.17 18:31,전자신문,[제17회 디스플레이의 날]장관 표창 - 안현철 동진쎄미켐 상무 등 10인
005290,2026.09.11 06:10,뉴스1,메모리 호황에 '소모성 소재' 잘 팔린다…솔브레인·동진 실적 '쑥'
005290,2026.09.04 07:02,조세일보,반도체 장비·소재(밸류체인) 10개사 법인세비용 2205억원…1년 새 2.5...
005290,2026.09.02 07:05,조세일보,[단독] 반도체 호황으로 상장사 올 상반기 법인세 전년比 522.5%↑ [2026...
005290,2026.08.31 16:32,전자신문,반도체 초호황 속 영업이익률 극과 극…협력사 낙수효과 없었다
005290,2026.08.31 06:15,뉴스1,"동진쎄미켐, 반도체가 끌고 中 매각 밀었다…상반기 순익 급증 이유 ..."
005290,2026.08.25 12:04,블로터,"[단독] '동진쎄미켐 3세' 이종호, 美 칩스 보조금 확보 '진두지휘'"
005290,2026.08.20 00:35,조선일보,반도체 소재 기업 실적도 고공행진
005290,2026.08.19 15:24,조선일보,"반도체 호황, 소재까지 번졌다…5개사 2분기 영업익 모두 증가"
005290,2026.08.19 12:03,이데일리,영업익 62% 급증…전기전자·유통이 견인[상반기 코스닥 결산]
005290,2026.08.17 13:13,지디넷코리아,IMID 2026 18일 부산 개최…삼성·LGD OLED 혁신 제품 공개
005290,2026.08.13 20:08,매일경제,코스피에 푹 빠진 세계 최대 국부펀드…‘이 업종’선 과감하게 발 뺐...
005290,2026.08.06 13:39,헤럴드경제,"동진쎄미켐, 2분기 영업익 593억…전년비 38.9% ↑"
005290,2026.08.06 06:00,파이낸셜뉴스,"""시총이 커서 사고, 더 커져서 또 샀다""…돈이 돈을 부른 '코스닥 블랙..."
005290,2026.08.05 10:35,서울경제,"삼성, D램 왕좌 탈환…SK하이닉스 제치고 점유율 1위"
005290,2026.08.04 17:40,서울경제,"삼전·SK하닉, 생산세액공제 ‘그림의 떡’"
005290,2026.08.04 10:25,조세일보,美 AWS 훈풍 덮은 中 CXMT 공포…반도체주 약세 [칩칩폭폭]
005290,2026.08.03 16:46,노컷뉴스,'대반등' 후 다시 급락한 코스피 5.1%↓·코스닥 2.4%↑
005290,2026.07.29 14:32,아이뉴스24,"CXMT, IPO로 최대 14조원 확보⋯국내 반도체 소부장 '中 수혜' 기대 속..."
005290,2026.07.28 16:30,헤럴드경제,“무슨 일 하는 회사인가요?”…핫한 대기업 현직자들이 직접 답한다
005290,2026.07.28 14:47,지디넷코리아,"애플, 아이폰18 OLED에도 '고굴절 CPL'만 적용...'저굴절 CPL' 미적용"
005290,2026.07.28 10:16,조세일보,중국 DUV 쇼크에 삼성·SK 10% 폭락…소부장도 와르르 [칩칩폭폭]
005290,2026.07.27 08:35,SBS Biz,[투자자 순매수 TOP5] 매일 사이드카 발동 속 외인 마지막날 제외 매수...
005290,2026.07.24 10:17,조세일보,"구글 AI 투자, 하루 만에 역풍…삼성·SK 3%대 하락 [칩칩폭폭]"
005290,2026.07.23 10:39,조세일보,"알파벳, 2000억달러 투자 예고…삼성·SK·테크윙 줄줄이 상승 [칩칩폭..."
005290,2026.07.22 15:40,헤럴드경제,"“슬라이더블 신기”, “밝기 안 줄어드나”…삼성D·LGD 사장, 디스플..."
005290,2026.07.22 15:37,동행미디어 시대,K 디스플레이 생존 방정식 진화…AI 시대 맞춤형 기술 주목
005290,2026.07.22 10:23,조세일보,마이크론 12% 폭등에 국내 반도체주도 덩달아 '들썩' [칩칩폭폭]
005290,2026.07.15 04:37,동아일보,전자재료 혁신 선도… ‘스페셜티 소재 일류 기업’으로 도약
005290,2026.07.13 10:28,조세일보,SK하이닉스 8% 급락에도 소부장은 웃었다…반도체주 엇갈린 하루 [칩칩...
005290,2026.07.13 06:01,조선비즈,“발주 늘었지만 마진은 그대로”… 삼성전자·SK하이닉스 초호황에도...
005290,2026.07.10 07:45,아이뉴스24,"삼성전자 ""HBM·로직·실리콘포토닉스 묶는 2.xD 개발중"""
005290,2026.07.09 16:18,디지털타임스,"""AI 반도체 다음 승부처는 ‘나노’… 더 잘 연결하는 시대로 간다"""
005290,2026.07.09 11:00,조세일보,[칩칩폭폭] 삼성전자 웃고 한미 9%↑…반도체주 일제히 반등 [칩칩폭폭...
005290,2026.07.04 10:05,한경비즈니스,국내 ETF 뭉칫돈 싹쓸이한 ‘AI F4’…다음 랠리 주인공은 [코스피 1만...
005290,2026.07.02 21:15,매경이코노미,반도체 소부장 ‘금맥’ 캐보니
005290,2026.07.02 09:15,머니투데이,메타發 반도체 쇼크에 소부장株도 동반 하락…심텍 11%대 약세
005290,2026.06.30 15:28,한국경제TV,"호남 메가팹, 성패는 소부장에 달렸다...""최소 60곳 필요"""
005290,2026.06.25 08:28,TV조선,[아이온의 AI:온] 전통이 미래를 만든다…백년 기업의 반전
005290,2026.06.23 10:45,조세일보,마이크론 신고가·낸드 6% 급등…韓 반도체주는 숨 고르기 [칩칩폭폭...
005290,2026.06.17 17:47,서울경제,반도체 소부장이 이끄는 코스닥…우량주 투자 생태계 다진다
005290,2026.06.15 16:18,한국경제,삼전닉스보다 더 뛰었다…'주가 66% 폭등' 잭팟 터진 회사
005290,2026.06.15 14:41,아이뉴스24,"""HBM 다음은 NAND""…삼성·SK 투자 확대에 소부장 주목"
005290,2026.06.14 10:41,이데일리,삼전닉스 쉬는 사이 반도체 소부장 ‘껑충’…“수혜 확대”[펀드와치...
005290,2026.06.09 00:56,국민일보,"“日 거의 따라잡아, 문제는 기회”… 정회식 대표의 ‘자강론’"
