code,dt,src,title
108490,2026.09.04 07:41,한국경제,"""로보티즈, 중국 매출 증가 긍정적""-KB"
108490,2026.09.04 06:31,한국경제,"""정부가 로봇 200대 사준다""…증권가가 찍은 수혜주는? [분석+]"
108490,2026.09.04 06:15,디지털데일리,"[홍콩 AI 현장 ①] 韓 AI·피지컬AI 기업, 홍콩서 기회 찾는다"
108490,2026.09.04 06:00,동행미디어 시대,"로보티즈, 액추에이터 고성장에도 신사업 적자 '숙제'"
108490,2026.09.03 17:21,이코노미스트,"""로봇이 올리브영 상품 포장""...CJ대한통운, 휴머노이드 로봇 현장 ..."
108490,2026.09.03 12:28,데일리안,"CJ대한통운, AI 휴머노이드 실제 물류공정 투입…업계 최초"
108490,2026.09.03 12:28,데일리안,"CJ대한통운, AI 휴머노이드 실제 물류공정 투입…업계 최초"
108490,2026.09.03 10:38,서울경제,"CJ대한통운, 물류현장에 AI 휴머노이드 첫 투입...“범용 휴머노이..."
108490,2026.09.03 10:18,조선비즈,"CJ대한통운, 물류센터 운영 공정에 휴머노이드 로봇 투입"
108490,2026.09.03 09:56,전자신문,"CJ대한통운, 용인 물류센터에 '휴머노이드 로봇' 첫 투입"
108490,2026.09.03 09:52,더팩트,"CJ대한통운, 물류센터에 AI 휴머노이드 로봇 투입"
108490,2026.09.03 09:51,아이뉴스24,"CJ대한통운, 용인 물류센터에 휴머노이드 로봇 첫 실전 투입"
108490,2026.09.03 09:41,뉴스1,"""로봇이 포장한 올리브영 박스""…CJ대한통운, 휴머노이드 로봇 투입"
108490,2026.09.03 09:37,머니투데이,"CJ대한통운, 올리브영 물류센터에 휴머노이드 배치…자동화 속도"
108490,2026.09.03 09:07,이데일리,"""포장도 로봇이 척척"" CJ대한통운, 물류업계 첫 휴머노이드 투입"
108490,2026.09.03 09:07,뉴시스,"""양팔 휴머노이드가 포장한다""…CJ대한통운, 실제 물류 공정 최초 적..."
108490,2026.09.03 09:03,헤럴드경제,"로봇이 박스에 완충재 ‘척척’…CJ대한통운, 물류현장에 휴머노이드....."
108490,2026.09.03 08:52,부산일보,"CJ대한통운, 물류 현장에 AI 휴머노이드 심는다…상용화 본격화"
108490,2026.09.03 16:07,아시아경제,"코스피, 장 중 6500선 깨졌다 회복 마감…코스닥은 하락"
108490,2026.09.03 13:34,서울신문,"[서울데이터랩]코스닥 시총 상위주 혼조…이오테크닉스 7%대 강세, 알...."
108490,2026.09.03 11:17,연합뉴스,"코스피, 장중 상승폭 키워 6,600대…코스닥은 약세 지속"
108490,2026.09.03 09:56,아시아경제,"코스피, 장 초반 1% 상승 중…코스닥은 하락 전환"
108490,2026.09.03 09:53,아이뉴스24,"코스피, 금리 진정에 6600선 회복?코스닥 800선 붕괴"
108490,2026.09.02 13:24,서울신문,"[서울데이터랩]코스닥 시총 상위주 혼조…알테오젠 강세, 2차전지·바....."
108490,2026.09.01 18:41,헤럴드경제,‘코스피보다 더 낫다’ 8월에만 2조원 폭풍매수…코스닥에 몰려가는...
108490,2026.09.01 11:14,헤럴드경제,"코스피 떠난 개미, 코스닥서 8월 한달간 2조 순매수"
108490,2026.09.01 11:14,헤럴드경제,"코스피 떠난 개미, 코스닥서 8월 한달간 2조 순매수"
108490,2026.09.01 18:00,한국경제,"'오리 로봇' 주문폭주에 웃는 한국 기업…증권가 ""40만원 간다"""
108490,2026.09.01 17:50,서울경제,"[여명] 로봇 경쟁, 중국의 승리 선언은 이르다"
108490,2026.09.01 17:47,서울경제,"코스닥 돌아온 개미, 외국인 떠난 자리 채웠다"
108490,2026.09.01 16:08,디지털데일리,"홍콩투자청장 “한국은 혁신, 홍콩은 연결”… 금융허브서 AI 허브로"
108490,2026.09.01 15:22,머니투데이,1만대 예약 몰린 'AI 로봇오리'…韓 모터·中 반도체가 움직인다
108490,2026.09.01 13:41,서울신문,[서울데이터랩]코스닥 시총 상위주 약세 확산…알테오젠·에코프로·에...
108490,2026.09.01 11:24,이데일리,"""자율주행 트럭에 휴머로이드 로봇까지""...물류업계, AI로 체질 전환..."
108490,2026.09.01 11:04,조선비즈,“망가뜨려도 좋다” 대학생에 휴머노이드 푼 로보티즈… 中 추격 승...
108490,2026.09.01 09:43,연합뉴스,"코스피, 중동 긴장 재고조에 6,780대 약세…코스닥 1%대↓(종합)"
108490,2026.09.01 09:30,서울신문,[서울데이터랩]개장 직후 인기 검색 종목 20選
108490,2026.08.31 19:00,디지털데일리,韓 AI·로봇 12개사 홍콩행… 투자 유치·아시아 진출 모색
108490,2026.08.31 17:29,이데일리,"""내년엔 中과 대등할 것""…오픈소스로 K-휴머노이드 키운다"
108490,2026.08.31 14:07,디지털타임스,"김병수 로보티즈 대표 ""中휴머노이드와 내년 대등 경쟁"""
108490,2026.08.31 14:07,디지털타임스,"김병수 로보티즈 대표 ""中휴머노이드와 내년 대등 경쟁"""
108490,2026.08.31 13:12,전자신문,"로보티즈, K-휴머노이드 풀뿌리 키운다…수천만원 로봇 대학생에 '활...."
108490,2026.08.31 16:20,아이뉴스24,"""사람처럼 뛰고 돈다""…대학 연구팀이 만든 ‘K-휴머노이드’ 현장[르...."
108490,2026.08.31 14:44,지디넷코리아,"포복하고 물구나무 서고…로보티즈, 개방형 K-휴머노이드 생태계 육성"
108490,2026.08.31 14:44,지디넷코리아,"포복하고 물구나무 서고…로보티즈, 개방형 K-휴머노이드 생태계 육성"
108490,2026.08.31 16:06,한국경제,6500까지 밀린 증시…'삼전닉스' 자사주 매입 효과에 반등
108490,2026.08.31 15:37,한국경제,코스피 0.46% 상승 마감…6800선 회복
108490,2026.08.31 15:37,한국경제,코스피 0.46% 상승 마감…6800선 회복
108490,2026.08.31 16:04,아시아경제,"코스피, 강보합 6800선 마감…코스닥은 약보합"
108490,2026.08.31 14:36,디지털타임스,[영상] 챌린지도 하는 휴머노이드…에이티즈 ‘배드’ 완벽 카피
108490,2026.08.31 13:32,이데일리,"겹악재에 코스피 1%대 약세…기타법인, 9일째 매수로 방어"
108490,2026.08.31 09:50,연합뉴스,"코스피, 美금리인상 우려에 1%대 내려 6,600대…코스닥도 급락(종합..."
108490,2026.08.31 09:03,이데일리,워시 매파 발언에 반도체주 ‘휘청’…코스피 3%대 약세
108490,2026.08.31 06:10,뉴스1,"""정확히 잡는 손 센서·관절 승부수""…韓 로보틱스, 부품 표준 선점 관..."
108490,2026.08.30 14:01,디지털데일리,"[DD 주간브리핑] ""6G·AIDC부터 AI 쇼핑까지""... 국회, A..."
108490,2026.08.28 17:06,한국경제TV,"유로보틱스·로보티즈, ‘이족 보행 휴머노이드 로봇 기술 고도화’ ..."
108490,2026.08.28 16:10,아시아경제,"유로보틱스-로보티즈, ‘이족 보행 휴머노이드 로봇 기술 고도화’ 위...."
108490,2026.08.28 16:10,아시아경제,"유로보틱스-로보티즈, ‘이족 보행 휴머노이드 로봇 기술 고도화’ 위...."
108490,2026.08.28 11:28,이데일리,"유로보틱스-로보티즈, 이족 보행 휴머노이드 기술 고도화 '맞손'"
108490,2026.08.28 15:50,아시아경제,"코스피, 1.79% 빠져 6700선…코스닥은 강보합"
108490,2026.08.28 09:41,아시아경제,"코스피, 장초반 1% 하락한 6800선…코스닥은 약보합"
108490,2026.08.27 11:15,아시아경제,"""머리부터 발끝까지 우리 기술로""…정부, 휴머노이드에 4년간 2.3조 ..."
108490,2026.08.27 06:00,뉴스1,"""로봇 손·관절·촉각이 핵심 기술""…피지컬 AI 투자처로 구동계 부상"
108490,2026.08.26 16:07,아이뉴스24,"코스피 6800선 회복…""삼성전자·SK하이닉스 자사주 매입 추정"""
108490,2026.08.26 09:56,아이뉴스24,"외인·기관 '팔자'에도…코스피, 개인 매수에 6750선"
041190,2026.08.28 10:57,디지털데일리,비트코인 8만달러 회복에 가상자산株 ‘들썩’…우리기술투자 12%대 급....
041190,2026.08.28 06:45,뉴시스,"""美 국채가 밀어올렸다""…가상자산 관련주 랠리"
041190,2026.08.27 17:56,디지털타임스,박현주 “디지털X 최대 3000억 증자”...미래에셋 ‘대주주 지분 제...
041190,2026.08.27 08:10,아시아경제,美 국채 흔들리자 '대체 자산' 금·은·동·비트코인 동반 강세
041190,2026.08.26 16:29,한국경제TV,"""내가 이걸 왜 샀을까"" 속 태우더니…'급등세' 돌아서나 시장 관심↑"
041190,2026.08.26 15:16,연합뉴스,美국채금리 고공행진에 스테이블코인 관련주 '껑충'
041190,2026.08.25 10:26,매일신문,비트코인 '8만 달러' 눈앞…트럼프發 훈풍에 가상자산株 강세
041190,2026.08.25 09:29,머니투데이,"트럼프, 코인 띄워 금리인하?...가상자산 관련주 줄줄이 강세"
041190,2026.08.25 09:29,머니투데이,"트럼프, 코인 띄워 금리인하?...가상자산 관련주 줄줄이 강세"
041190,2026.08.25 10:08,이데일리,8만달러 앞둔 비트코인…국내 가상자산 관련주도 급등[특징주]
041190,2026.08.25 09:40,SBS Biz,[이 시각 시황] 코스피·코스닥 3%대 급락…투심 급랭
041190,2026.08.24 16:39,디지털타임스,미 국채發 유동성 훈풍에 비트코인 1억 재탈환…가상자산株 강세
000500,2026.09.04 08:43,이데일리,"""LS전선 밸류체인 통했다""…자회사 3곳 나란히 최대 실적"
000500,2026.09.03 08:46,이데일리,KB운용 ‘RISE AI전력인프라 ETF’…“AI 전력 수요 확대에 순...
000500,2026.09.03 08:37,아시아경제,"美 전력망 정책 훈풍까지…KB운용 ""RISE AI전력인프라 ETF 주..."
000500,2026.09.03 08:37,아시아경제,"美 전력망 정책 훈풍까지…KB운용 ""RISE AI전력인프라 ETF 주..."
000500,2026.09.02 15:16,헤럴드경제,구자은 LS 회장 “전력기기 병목 장기화…북미 넘어 유럽·중동 주목”....
000500,2026.09.02 12:32,전자신문,"가온전선, 저마찰 케이블로 AI 데이터센터 시장 공략"
000500,2026.09.02 10:13,조선비즈,"가온전선, 저마찰 케이블로 북미 AI 데이터센터 시장 공략"
000500,2026.09.02 10:13,조선비즈,"가온전선, 저마찰 케이블로 북미 AI 데이터센터 시장 공략"
000500,2026.09.02 10:10,지디넷코리아,"가온전선, 마찰 줄인 케이블로 AI 데이터센터 공략"
000500,2026.09.02 09:49,SBS Biz,"가온전선, AI 데이터센터에 '저마찰 배전 케이블' 적용 확대"
000500,2026.09.02 09:18,뉴시스,"가온전선, '저마찰 케이블'로 AI DC 공략…""공사비 최대 30% ..."
000500,2026.09.02 08:51,연합뉴스,"가온전선, AI 데이터센터에 저마찰 배전 케이블 적용 확대"
000500,2026.09.02 10:07,데일리안,"가온전선, 반도체 공장서 검증한 저마찰 케이블 AIDC로 확대"
000500,2026.09.02 10:04,아시아경제,"가온전선, '저마찰 케이블'로 AI 데이터센터 시장 공략 가속"
000500,2026.09.02 10:04,아시아경제,"가온전선, '저마찰 케이블'로 AI 데이터센터 시장 공략 가속"
000500,2026.09.02 09:32,아이뉴스24,"가온전선, 저마찰 케이블 AI 데이터센터로 확대"
000500,2026.09.02 09:23,파이낸셜뉴스,"가온전선, 저마찰 케이블 AI 데이터센터로 확대…전력 인프라 공략"
000500,2026.09.02 09:22,한국경제TV,"가온전선, '저마찰 케이블'로 AI 데이터센터 전력 시장 공략"
000500,2026.09.02 09:10,블로터,"가온전선, 저마찰 케이블로 반도체 팹서 AIDC까지 영토 확장"
000500,2026.09.02 08:51,뉴스1,"가온전선, 마찰 30% 줄인 '저마찰 케이블'로 AI 데이터센터 공략"
000500,2026.09.02 08:41,디지털타임스,"가온전선, ‘저마찰 케이블’ AI 데이터센터로 확대…전력 인프라 공...."
000500,2026.09.02 08:29,이데일리,"가온전선, 저마찰 케이블 AIDC로 공략…북미 시장 겨냥"
000500,2026.09.02 00:35,조선일보,"전력망 수요 폭증… K전선, 북미 넘어 유럽 공략"
000500,2026.09.01 14:29,서울경제,주가도 떨어지는데…LS 주식으로 몰린 투자 고수들 [주식 초고수는 지....
000500,2026.09.01 10:53,노컷뉴스,"LS전선, GPU·전력설비·냉각 기업과 AI데이터센터 공동사업 추진"
000500,2026.09.01 09:13,데일리안,"LS전선, AI 데이터센터 전력 인프라 공략…AIDC 컨소시엄 합류"
000500,2026.09.01 09:13,데일리안,"LS전선, AI 데이터센터 전력 인프라 공략…AIDC 컨소시엄 합류"
000500,2026.09.01 09:07,헤럴드경제,"LS전선, AIDC 협력체 합류…초전도로 전력 인프라 공략"
000500,2026.09.01 08:49,디지털타임스,"LS전선, AI 데이터센터 ‘전력 인프라’ 선점 나선다…통합 솔루션 ..."
000500,2026.09.01 08:29,아시아경제,"LS전선, 초전도로 AI 데이터센터 전력 인프라 공략 나선다"
000500,2026.09.01 08:25,뉴스1,"LS전선, 초전도로 AI DC 전력 인프라 공략…AIDC 협력체 합류"
000500,2026.09.01 09:41,블로터,"LS전선, '초전도' 기술로 AI 데이터센터 전력망 게임체인저 노린다"
000500,2026.09.01 09:04,뉴시스,"LS전선, 초전도 기술로 AI 데이터센터 전력 시장 공략"
000500,2026.09.01 09:04,뉴시스,"LS전선, 초전도 기술로 AI 데이터센터 전력 시장 공략"
000500,2026.09.01 08:35,파이낸셜뉴스,"LS전선, 초전도 기술 앞세워 AI 데이터센터 전력시장 공략"
000500,2026.09.01 07:01,조선일보,북미 찍고 유럽 진격하는 K-전선...수주 잔고 12.5조원
000500,2026.08.31 11:04,블로터,"'LS 호실적 주역' 가온전선, 美 빅테크 사로잡으며 캐시카우로 부상"
000500,2026.08.29 09:00,머니투데이,종목 장세 시작되나?…삼성·현대·SK 그룹주 모두 '미끌'[김근희의 증...
000500,2026.08.28 07:50,SBS Biz,"[애프터마켓 리뷰] 휴온스글로벌, 자회사 합병 철회에 상한가"
000500,2026.08.28 06:10,한국일보,AI발 슈퍼사이클로 물 만난 글로벌 ‘전력 강자’
000500,2026.08.27 21:36,매일경제,“전력 아쉬워도 중국 장비는 쓰지마”...트럼프 명령에 K전력株 급등
000500,2026.08.27 18:07,매일경제,트럼프 사실상 中전력장비 수입 제한에 … K전력·전선주 급등
000500,2026.08.27 18:07,매일경제,트럼프 사실상 中전력장비 수입 제한에 … K전력·전선주 급등
000500,2026.08.27 17:01,뉴스1,美 전력망 외산 장비 퇴출…中 대체 국내 전력기기주 급등[핫종목](종....
000500,2026.08.27 09:55,뉴스1,"트럼프, 외산 장비 퇴출 행정명령…전력기기주 강세[핫종목]"
000500,2026.08.27 09:55,뉴스1,"트럼프, 외산 장비 퇴출 행정명령…전력기기주 강세[핫종목]"
000500,2026.08.27 16:19,서울신문,[서울데이터랩]마감 직후 인기 검색 종목 20選
000500,2026.08.27 16:14,서울신문,"[마감시황]코스피, 반도체·전력기기 강세에 6,912.37 마감…외국인..."
000500,2026.08.27 15:58,조선비즈,"[마켓뷰] 코스피, 엔비디아 훈풍·기타법인 매수세에 6900선 안착"
000500,2026.08.27 15:44,한국경제,"""땡큐, 엔비디아""…코스피, '백투백' 금리인상에도 1%대 상승"
000500,2026.08.27 14:13,이데일리,"전선株, 2040년 재생에너지 6배 청사진에 주가 20% 급등[특징주]"
060250,2026.08.24 09:31,데일리안,스테이블코인 입법 기대감…헥토파이낸셜·NHN KCP↑[특징주]
060250,2026.08.20 09:46,조선비즈,[특징주] 트럼프 ‘클래리티법’ 촉구에 스테이블코인주 급등…헥토파...
060250,2026.08.19 08:11,아시아경제,"역대급 실적에 국민연금도 담더니…""이미 목표 주가도 뛰어넘었다"" 주....."
060250,2026.08.12 09:38,조선비즈,"[특징주] NHN, 이틀째 급등…역대급 실적에 12% 강세"
060250,2026.08.12 09:24,데일리안,"NHN, 12%대↑…‘역대 최대 실적’에 이틀째 강세[특징주]"
060250,2026.08.12 09:24,데일리안,"NHN, 12%대↑…‘역대 최대 실적’에 이틀째 강세[특징주]"
060250,2026.08.11 16:25,SBS Biz,"NHN KCP, 2분기 영업이익 154억원…전년비 24.8% 증가"
060250,2026.08.11 14:32,디지털데일리,"NHN KCP, 2분기 매출 3834억원…역대 최대 실적"
060250,2026.08.11 14:32,디지털데일리,"NHN KCP, 2분기 매출 3834억원…역대 최대 실적"
060250,2026.08.11 10:56,전자신문,"NHN KCP, 2분기 매출 3834억원 '역대 최대'…영업익 25%..."
060250,2026.08.11 09:33,이데일리,"NHN KCP, 2분기 매출 3834억…거래액 17조 ‘역대 최대’"
060250,2026.08.11 09:13,뉴시스,"NHN KCP, 2분기 역대 최대 매출 달성"
060250,2026.08.11 10:35,연합뉴스,"NHN, 결제·AI 클라우드 성장에 2분기 역대 최대 실적(종합2보)"
060250,2026.08.11 09:41,SBS Biz,NHN 2분기 영업익 164%↑…페이코·KCP 등 호조
060250,2026.08.11 09:41,SBS Biz,NHN 2분기 영업익 164%↑…페이코·KCP 등 호조
060250,2026.08.11 09:29,아이뉴스24,"[특징주] '어닝 서프라이즈' NHN, 장 초반 13%↑"
060250,2026.08.11 08:54,연합뉴스,"NHN, 매출 호조에 2분기 영업익 전년 대비 164%↑(종합)"
060250,2026.08.11 10:22,한국경제,"엔비디아 덕에 '최대 실적'…NHN, AI로 '잭팟' 터뜨렸다"
060250,2026.08.11 08:40,뉴스1,"NHN, 역대 분기 최대 실적…AI GPU 사업 성장세 본격화"
060250,2026.08.11 08:34,데일리안,"AI GPU 날개 단 NHN, 2분기 매출·영업익 역대 최대"
060250,2026.08.11 08:27,헤럴드경제,"NHN KCP, 2분기 영업익 154억…전년비 24.8% ↑"
033790,2026.09.01 13:43,서울신문,"[서울데이터랩]코스닥 거래상위 종목 강세 우위…JW신약 상한가, 강동...."
033790,2026.08.31 09:56,머니투데이,"피노, 코스모신소재 대상 150억 유상증자 결정 ""이차전지 경쟁력 강화..."
033790,2026.08.31 08:51,이데일리,"피노, 코스모신소재 대상 150억원 유증…""이차전지 소재 사업 경쟁력..."
033790,2026.08.31 08:51,이데일리,"피노, 코스모신소재 대상 150억원 유증…""이차전지 소재 사업 경쟁력..."
033790,2026.08.31 08:11,아시아경제,"피노, 코스모신소재 대상 150억원 규모 유상증자 결정"
033790,2026.08.14 14:51,머니투데이,"피노, 상반기 영업익 118억…""반기 사상 최대 실적"""
033790,2026.08.14 14:31,뉴시스,"피노, 상반기 역대 최대 실적 달성"
033790,2026.08.14 14:31,뉴시스,"피노, 상반기 역대 최대 실적 달성"
033790,2026.08.14 14:15,이데일리,"피노, 상반기 영업이익 118억…전년比 1627%↑"
033790,2026.06.29 13:25,이데일리,"피노, 이차전지 강세 속 장중 13%대 상승[특징주]"
033790,2026.06.16 17:55,블로터,"피노, 씨앤피신소재 지분 75% 확보…LFP 합작 본격화"
033790,2026.06.11 08:20,뉴시스,"피노, 씨앤피신소재 지분 추가 인수…최대주주 등극"
033790,2026.06.11 08:18,아시아경제,"피노, 씨앤피신소재테크놀로지 최대주주 등극"
033790,2026.06.11 08:18,아시아경제,"피노, 씨앤피신소재테크놀로지 최대주주 등극"
033790,2026.05.28 11:20,뉴시스,"피노, 포항 LFP 양극재 전용 생산라인 착공"
033790,2026.05.22 13:29,이데일리,"피노, 이차전지 업황 훈풍에 7%대 강세[특징주]"
033790,2026.05.15 13:47,이데일리,"피노, 1분기 매출액 1091억·영업익 95억 달성"
033790,2026.05.15 13:31,뉴시스,"피노, 1분기 영업이익 95억…전년比 1만7620.8%↑"
033790,2026.05.15 13:31,뉴시스,"피노, 1분기 영업이익 95억…전년比 1만7620.8%↑"
033790,2026.04.15 15:50,이데일리,"“삼성SDI 투자로 입증”…피노, 배터리 소재 기업 전환 본격화[코스...."
010950,2026.09.04 06:01,조선비즈,공급은 계속 주는데 소비도 못 줄여… 경유 가격 ‘고공행진’에 정유.....
010950,2026.09.03 16:59,디지털데일리,"에쓰오일, AI 데이터센터 액침냉각 실증…국산 공급망 구축 나선다"
010950,2026.09.03 16:41,문화일보,"에쓰오일, KTNF·GST와 데이터센터용 액침냉각 실증 나선다"
010950,2026.09.03 16:41,문화일보,"에쓰오일, KTNF·GST와 데이터센터용 액침냉각 실증 나선다"
010950,2026.09.03 11:09,서울경제,"“AI 서버 발열 잡는다”…에쓰오일, 전문기업과 액침냉각 기술 실증...."
010950,2026.09.03 10:51,이데일리,"에쓰오일, AI 데이터센터 액침냉각 공략…국산 밸류체인 구축"
010950,2026.09.03 10:26,한국경제TV,"에쓰오일, AI 데이터센터 액침냉각 실증 테스트 추진"
010950,2026.09.03 10:21,뉴스1,"에쓰오일, KTNF?GST와 액침냉각 실증 테스트 추진"
010950,2026.09.03 10:20,머니투데이,"에쓰오일, AI 데이터센터 액침냉각 실증 테스트 추진"
010950,2026.09.03 10:18,연합뉴스TV,"에쓰오일, AI 데이터센터 액침냉각 실증 테스트 추진"
010950,2026.09.03 10:18,경향신문,"에스오일, AI 데이터센터 액침냉각 실증…국산 서버·장비업체와 협력"
010950,2026.09.03 10:10,디지털타임스,"에쓰오일, KTNF·GST와 손잡고 AI 데이터센터 액침냉각 실증 테..."
010950,2026.09.03 10:06,헤럴드경제,"에쓰오일, 데이터센터 발열 잡을 ‘액침냉각 공급망’ 구축 나서"
010950,2026.09.03 09:57,아시아경제,"에쓰오일, KTNF·GST와 AI 데이터센터 액침냉각 실증"
010950,2026.09.03 09:54,지디넷코리아,"에쓰오일, AI 서버 '액체'로 식힌다…KTNF·GST와 실증"
010950,2026.09.03 09:53,데일리안,"에쓰오일, KTNF·GST와 AI 데이터센터 액침냉각 '맞손'"
010950,2026.09.03 09:51,뉴시스,"에쓰오일, KTNF·GST와 손잡고 AI 데이터센터용 '액침냉각' 국..."
010950,2026.09.03 09:47,연합뉴스,"에쓰오일, AI 데이터센터 액침냉각 실증 테스트 추진"
010950,2026.09.03 10:17,아시아경제,GS칼텍스 2.7兆 MFC 가동률 75%…투자 성과는 언제쯤
010950,2026.09.03 00:05,이데일리,역래깅 그림자 드리운 정유업계…친환경·AIDC가 구원투수 될까
010950,2026.09.02 13:47,아시아경제,"코스피, '반짝' 상승 후 다시 하락세…3.7%↓"
010950,2026.09.02 09:32,SBS Biz,[이 시각 시황] 유가 급등에 증시 직격탄…코스피 2.5% 하락
010950,2026.09.02 09:00,디지털타임스,"아파트 벽 넘은 주거 편의성… 마곡 ‘롯데캐슬 르웨스트’, 실거주·....."
010950,2026.09.02 07:38,SBS Biz,'국민연금 따라 사볼까'…한 달 새 쓸어담은 종목은?
010950,2026.09.02 07:05,조세일보,[단독] 반도체 호황으로 상장사 올 상반기 법인세 전년比 522.5%↑...
010950,2026.09.02 07:02,조세일보,정유 4사 실적 날자…10개사 법인세 2.8조·전년比 30배 [2026...
010950,2026.09.02 06:00,뉴시스,길어지는 전쟁에 정제마진 '쑥'…정유株 목표가 높이는 증권가
010950,2026.09.01 19:35,한국경제TV,NHN 담고 대웅제약 덜어냈다…'큰손' 픽 보니
010950,2026.09.01 18:05,한국경제,"""국민연금 따라 사볼까""…한 달 새 188만주 쓸어담은 종목"
010950,2026.09.01 18:05,한국경제,"""국민연금 따라 사볼까""…한 달 새 188만주 쓸어담은 종목"
010950,2026.09.01 17:33,이데일리,연회비 12만원에 바우처 10만원…iM뱅크 ‘제니스 카드’ 출시
010950,2026.09.01 16:38,이데일리,'中 굴기 넘자' 석화 사업재편 첫 결실…'샤힌 변수' 울산 촉각
010950,2026.09.01 15:40,헤럴드경제,석화 사업재편 ‘1호’ HD현대·롯데 합병 법인 출범…3년간 NCC ...
010950,2026.09.01 15:40,헤럴드경제,석화 사업재편 ‘1호’ HD현대·롯데 합병 법인 출범…3년간 NCC ...
010950,2026.09.01 14:31,매일경제,[단독] “싸게 살수록 손해봅니다”…복잡해진 ‘석유최고가격제 손실...
010950,2026.09.01 09:51,뉴스1,美·이란 교전 재개에 국제유가 급등…SK이노 9.2% S-Oil 5.6...
010950,2026.09.01 09:45,아이뉴스24,"코스피, 중동 리스크에 6700선 하락 출발…코스닥 동반 약세"
010950,2026.09.01 09:44,매일경제,중동 긴장 재고조에 정유주 ‘들썩’…SK이노베이션 7%대 급등
010950,2026.09.01 09:25,한국경제,"정유주, 국제 유가 상승에 동반 급등…SK이노베이션 8%↑"
010950,2026.09.01 09:25,한국경제,"정유주, 국제 유가 상승에 동반 급등…SK이노베이션 8%↑"
010950,2026.09.01 09:11,머니투데이,"정유주, 동반 상승… 미국·이란 무력 충돌 재개로 국제 유가 급등"
010950,2026.09.01 09:37,SBS Biz,[이 시각 시황] 9월 증시 ‘먹구름’…외국인·기관 동반 매도
010950,2026.09.01 09:35,조선비즈,[특징주] 美·이란 군사 충돌에 국제유가 급등… 정유株 일제히 강세
010950,2026.09.01 08:02,뉴스1,美-베네수 '25년 원유 협정'…정유사 '단비' 되나 '예의주시'
010950,2026.09.01 07:01,서울경제,정제 마진 상승에 정유株 훨훨…8월 S-Oil 23%↑[이런국장 저런주...
010950,2026.09.01 06:40,비즈워치,"원가 내리고 마진 뛰고…정유사, 하반기도 이중 호재에 웃는다"
010950,2026.09.01 00:10,뉴시스,"""홍진경씨, 주가만 보는 주린이 탈출해야죠""…'최고민수' 박민수 작가...."
010950,2026.08.31 17:56,매일경제,정제마진 상승하자… 정유株 목표가 잇단 상향
010950,2026.08.31 16:10,동아일보,"에쓰오일, 입사 2년차 직원 성장 지원 프로그램 ‘다이내믹 루키’ 진...."
010950,2026.08.31 11:07,디지털데일리,"에쓰오일, 입사 2년차 직원 대상 '다이내믹 루키' 프로그램 마련"
010950,2026.08.31 11:07,디지털데일리,"에쓰오일, 입사 2년차 직원 대상 '다이내믹 루키' 프로그램 마련"
010950,2026.08.31 10:24,뉴스1,"에쓰오일, 입사 2년차 직원 대상 '다이내믹 루키' 프로그램…CEO ..."
010950,2026.08.31 10:21,아시아경제,"에쓰오일, 입사 2년차 직원 대상 '다이내믹 루키' 개최"
010950,2026.08.31 10:20,이데일리,"에쓰오일, ‘다이내믹 루키’ 프로그램 진행"
010950,2026.08.31 10:04,데일리안,"에쓰오일, 입사 2년차 직원 대상 '다이내믹 루키' 개최"
010950,2026.08.31 15:17,매일신문,iM뱅크 카드 라인업 확대…공항라운지 무료 이용 등 결합한 '제니스' ...
010950,2026.08.31 09:18,뉴스1,연준 긴축 우려에 코스피 '꽁꽁'…은행주는 강보합 선방[핫종목]
010950,2026.08.30 14:23,디지털타임스,美 원유 늘리는 정유사… 비용 압박 가중
010950,2026.08.30 11:04,서울경제,"정유주, 정제마진 강세에 코스피 압도…“제품값 정상화 더뎌” [코주....."
010950,2026.08.30 10:02,매경이코노미,8월 45% ‘불기둥’ 이 주식...정제마진 강세에 정유주 ‘신났다’
010950,2026.08.30 10:02,매경이코노미,8월 45% ‘불기둥’ 이 주식...정제마진 강세에 정유주 ‘신났다’
010950,2026.08.30 07:05,연합뉴스,"정유주, 정제 마진 상승에 강세…""원유보다 느린 제품 정상화"""
010950,2026.08.29 08:51,한국경제,"올해 133% 폭등했는데…""내년까지 간다"" 잘 나가는 이 종목 [분석+..."
010950,2026.08.28 22:15,KBS,"에쓰오일, 협력업체·지역사회 상생 지원금 전달"
010950,2026.08.28 16:52,연합뉴스,"에쓰오일, 협력업체·지역사회 대상 총 3억원 규모 상생 지원"
010950,2026.08.28 16:52,연합뉴스,"에쓰오일, 협력업체·지역사회 대상 총 3억원 규모 상생 지원"
010950,2026.08.28 17:55,매일경제,중동발 공급난 길어지자 윤활기유 값 급등 지속
010950,2026.08.28 17:18,아시아경제,"4년 적자에도 SK어드밴스드 품은 SK가스…""2028년 이후 업황 회복..."
010950,2026.08.28 17:11,파이낸셜뉴스,"""20만원 간다"" 증권가 전망에…S-Oil 9% 급등"
010950,2026.08.28 09:24,이데일리,"증권가 ""하반기 실적 개선이 본격화""…S-Oil 6%↑[특징주]"
010950,2026.08.28 09:24,이데일리,"증권가 ""하반기 실적 개선이 본격화""…S-Oil 6%↑[특징주]"
010950,2026.08.28 08:13,이데일리,"“S-Oil, 정제마진 초호황에 목표가 20.5만원으로 상향”-유안타"
010950,2026.08.28 08:07,매일경제,"“S-Oil, ‘정제마진 초호황’에 하반기 영업익만 3조”…목표가↑"
010950,2026.08.28 16:30,뉴스1,"美 채권금리 다시 압박, 외인 1.7조 순매도…코스피 6780선 밀려[..."
010950,2026.08.28 16:02,아이뉴스24,외국인 1.7조 '팔자' 코스피 6800 붕괴…'삼전닉스' 급락
010950,2026.08.28 14:35,머니투데이,"에쓰오일, 이봉주와 함께하는 '감동의 마라톤' 후원"
010950,2026.08.28 13:27,파이낸셜뉴스,이봉주와 함께 달린다…에쓰오일 '감동의 마라톤' 7년 만에 부활
010950,2026.08.28 13:27,파이낸셜뉴스,이봉주와 함께 달린다…에쓰오일 '감동의 마라톤' 7년 만에 부활
010950,2026.08.28 11:02,디지털데일리,"에쓰오일, '감동의 마라톤' 개최…9월9일까지 참가 접수"
010950,2026.08.28 10:42,헤럴드경제,"에쓰오일, 국민 마라토너 이봉주와 ‘감동의 마라톤’ 후원"
010950,2026.08.28 10:07,뉴스1,"에쓰오일, 이봉주 단장 맡은 '감동의 마라톤'에 2.5억 원 후원"
010950,2026.08.28 09:57,아시아경제,"에쓰오일, 이봉주와 함께 '감동의 마라톤' 개최"
010950,2026.08.28 09:40,이데일리,"'감동의 마라톤' 접수 내달 9일까지…이봉주 ""많은 분들 함께하길"""
010950,2026.08.28 14:14,블로터,[어바웃 에쓰오일]③ 샤힌 프로젝트 'TC2C' 원가 경쟁력 증명할까
010950,2026.08.28 11:40,SBS Biz,엔비디아 급등에도 코스피 뒷걸음…반도체 약세에 6800선 밀려
003490,2026.09.04 09:05,파이낸셜뉴스,"'환율 하락'에 4분기 수출액 감소 불가피…""연간 이익 영향은 제한적...."
003490,2026.09.04 08:48,뉴스1,"에어부산, 진에어·에어서울과 취업박람회 공동 참가…취준생 상담"
003490,2026.09.04 08:38,뉴스1,"""가격보다 질""…홈앤쇼핑, 유럽·뉴질랜드·지중해 프리미엄 여행 편..."
003490,2026.09.04 08:35,이데일리,"에이엔에이치스트럭쳐, 코스닥 상장예비심사 승인"
003490,2026.09.04 06:01,디지털데일리,"내년 3월 출범 ‘통합 진에어’…부산 지역사회, 본사 유치 요구하지....."
003490,2026.09.04 05:02,세계일보,"[이코노 브리핑] 생보협, 1000명 ‘골든펠로우’로 선정 외"
003490,2026.09.04 00:47,이데일리,"대한항공, 무인기 기술교류회 개최…“피지컬 AI 기반 미래 전장 대응...."
003490,2026.09.03 18:05,TV조선,"대한항공, '2026 무인기 기술교류회' 개최 …차세대 무인기 기술 공..."
003490,2026.09.03 16:59,디지털데일리,"대한항공, 무인기에 '피지컬 AI' 심는다…AI 파일럿 공개"
003490,2026.09.03 16:59,디지털데일리,"대한항공, 무인기에 '피지컬 AI' 심는다…AI 파일럿 공개"
003490,2026.09.03 16:33,조세일보,"대한항공, '무인기 기술교류회' 개최…피지컬AI 기반 미래전장 논의"
003490,2026.09.03 16:15,연합뉴스,"대한항공, 무인기 기술교류회 열고 '피지컬 AI 국산화' 공유"
003490,2026.09.03 16:14,뉴스1,"대한항공, 정부·軍·연구기관과 '차세대 무인기 플랫폼' 발전 모색"
003490,2026.09.03 15:39,서울경제,"대한항공, 부산서 ‘무인기 기술교류회’…산·학·연·관·군 300여명...."
003490,2026.09.03 15:27,헤럴드경제,"대한항공, ‘무인기 기술교류회’ 개최…산·학·연·관·군 한자리서..."
003490,2026.09.03 15:12,더팩트,"""산·학·연·관·군 한 자리""…대한항공, 3번째 무인기 기술교류회"
003490,2026.09.03 15:10,머니투데이,"대한항공, '무인기 기술교류회'…""피지컬AI 실전 기반 다져"""
003490,2026.09.03 15:05,아시아경제,'2026 대한항공 무인기 기술교류회' 개최…산·학·연·관·군 기술 ...
003490,2026.09.03 15:02,데일리안,"대한항공, ‘AI 파일럿’ 띄운다…차세대 무인전력 기술 공개"
003490,2026.09.03 15:27,연합뉴스,2026 대한항공 무인기 기술교류회
003490,2026.09.03 15:26,연합뉴스,2026 대한항공 무인기 기술교류회
003490,2026.09.03 15:26,연합뉴스,2026 대한항공 무인기 기술교류회
003490,2026.09.03 15:09,전자신문,"프리메라, 브랜드 서포터즈 '크리에이티브 크루' 3기 모집"
003490,2026.09.03 11:27,뉴스1,"프리메라, 브랜드 서포터즈 '크리에이티브 크루' 3기 모집"
003490,2026.09.03 11:27,뉴스1,"프리메라, 브랜드 서포터즈 '크리에이티브 크루' 3기 모집"
003490,2026.09.03 14:56,서울경제,"신한카드, 마일리지·포인트 함께 쌓는 ‘더클래식에어’ 출시 [코주..."
003490,2026.09.03 14:30,더팩트,"""마일리지·포인트 동시에""…신한카드, '더클래식에어' 출시"
003490,2026.09.03 14:30,더팩트,"""마일리지·포인트 동시에""…신한카드, '더클래식에어' 출시"
003490,2026.09.03 10:13,전자신문,"신한카드, 마일리지와 포인트 동시 적립되는 'The CLASSIC A..."
003490,2026.09.03 09:35,연합뉴스,"[게시판] 신한카드, 'The CLASSIC Air' 출시 …마일리지..."
003490,2026.09.03 08:32,아시아경제,마일리지에 포인트까지 쌓인다…신한카드 '더클래식에어' 출시
003490,2026.09.03 14:49,한국경제TV,"기타법인, 한진칼 16만주 '매집'...정체 드러내나"
003490,2026.09.03 14:47,뉴시스,"대한항공, 아시아나 A330 편입에 '프레스티지 플러스' 재도입"
003490,2026.09.03 14:45,더팩트,인천공항 '최고 등급' 서비스 5년 연속 유지 '세계 최초의 기록' [...
003490,2026.09.03 14:00,뉴스1,"인천공항, 세계 최초 ACI 고객경험인증 최고등급 5년 연속 달성"
003490,2026.09.03 14:00,뉴스1,"인천공항, 세계 최초 ACI 고객경험인증 최고등급 5년 연속 달성"
003490,2026.09.03 14:00,뉴스1,"인천공항공사, ACI 공항 서비스 평가 4관왕 달성"
003490,2026.09.03 14:00,뉴스1,"인천공항, ACI 공항 서비스 평가 4관왕"
003490,2026.09.03 14:00,뉴스1,ACI 평가 4관왕 달성한 인천공항
003490,2026.09.03 14:00,뉴시스,"인천공항, ACI 공항 서비스 평가 부문 4관왕 달성"
003490,2026.09.03 14:00,뉴시스,"인천공항, ACI 공항 서비스 평가 부문 4관왕 달성"
003490,2026.09.03 14:00,뉴시스,"인천공항, ACI 공항 서비스 평가 부문 4관왕 달성"
003490,2026.09.03 14:00,뉴스1,"'인천공항, 세계공항서비스평가 우수 인증'"
003490,2026.09.03 14:00,뉴시스,"인천공항, ACI 공항 서비스 평가 부문 4관왕 달성"
003490,2026.09.03 14:00,뉴시스,기념촬영하는 김범호 인천국제공항공사 사장 직무대행
003490,2026.09.03 14:00,뉴스1,"인천공항, ACI 공항 서비스 평가 4관왕"
003490,2026.09.03 14:00,뉴스1,"인천공항, ACI 고객경험인증 최고등급 5년 연속 '세계 최초'"
003490,2026.09.03 14:00,뉴시스,"인천공항, 전세계 공항 최초 ACI 고객경험인증 최고등급 5년연속 달..."
003490,2026.09.03 14:00,뉴시스,"인천공항, 전세계 공항 최초 ACI 고객경험인증 최고등급 5년연속 달..."
003490,2026.09.03 13:40,뉴시스,국제 유가 급등…'10월 항공 유류할증료 또 오르나'
003490,2026.09.03 13:40,뉴시스,"대한항공 9월 유류할증료, 항공유 급등 여파로 4개월만에 인상"
003490,2026.09.03 13:40,뉴시스,"대한항공 9월 유류할증료, 항공유 급등 여파로 4개월만에 인상"
003490,2026.09.03 13:40,뉴시스,국제 유가 급등…'10월 항공 유류할증료 또 오르나'
003490,2026.09.03 13:40,뉴시스,국제 유가 급등…'10월 항공 유류할증료 또 오르나'
003490,2026.09.03 13:40,뉴시스,국제 유가 급등…'10월 항공 유류할증료 또 오르나'
003490,2026.09.03 13:40,뉴시스,국제 유가 급등…'10월 항공 유류할증료 또 오르나'
003490,2026.09.03 13:40,뉴시스,"대한항공 9월 유류할증료, 항공유 급등 여파로 4개월만에 인상"
003490,2026.09.03 13:40,뉴시스,국제 유가 급등…'10월 항공 유류할증료 또 오르나'
003490,2026.09.03 13:40,뉴시스,"대한항공 9월 유류할증료, 항공유 급등 여파로 4개월만에 인상"
003490,2026.09.03 13:40,뉴시스,국제 유가 급등…'10월 항공 유류할증료 또 오르나'
003490,2026.09.03 13:38,뉴시스,"대한항공 9월 유류할증료, 항공유 급등 여파로 4개월만에 인상"
003490,2026.09.03 13:38,뉴시스,항공유 급등으로 국제선 유류할증료 4개월 만에 상승 전환
003490,2026.09.03 13:38,뉴시스,항공유 급등으로 국제선 유류할증료 4개월 만에 상승 전환
003490,2026.09.03 13:38,뉴시스,"대한항공 9월 유류할증료, 항공유 급등 여파로 4개월만에 인상"
003490,2026.09.03 13:38,뉴시스,"대한항공 9월 유류할증료, 항공유 급등 여파로 4개월만에 인상"
003490,2026.09.03 13:38,뉴시스,항공유 급등으로 국제선 유류할증료 4개월 만에 상승 전환
003490,2026.09.03 13:38,뉴시스,"대한항공 9월 유류할증료, 항공유 급등 여파로 4개월만에 인상"
003490,2026.09.03 13:38,뉴시스,항공유 급등으로 국제선 유류할증료 4개월 만에 상승 전환
003490,2026.09.03 13:38,뉴시스,항공유 급등으로 국제선 유류할증료 4개월 만에 상승 전환
003490,2026.09.03 13:38,뉴시스,"대한항공 9월 유류할증료, 항공유 급등 여파로 4개월만에 인상"
003490,2026.09.03 13:40,뉴시스,한산한 모습 보이는 인천공항 2터미널
003490,2026.09.03 13:38,뉴시스,한산한 모습의 인천공항 2터미널
003490,2026.09.03 13:38,뉴시스,한산한 모습의 인천공항 2터미널
003490,2026.09.03 13:38,뉴시스,한산한 모습의 인천공항 2터미널
003490,2026.09.03 13:38,뉴시스,한산한 모습 보이는 인천공항 2터미널
003490,2026.09.03 13:38,뉴시스,한산한 모습의 인천공항 2터미널
003490,2026.09.03 13:38,뉴시스,한산한 모습의 인천공항 2터미널
003490,2026.09.03 13:38,뉴시스,한산한 모습의 인천공항 2터미널
003490,2026.09.03 12:01,데일리안,[단독] 54조 보잉기 사는 대한항공…제주항공과 나란히 美수은 '노크'
003490,2026.09.03 11:38,뉴시스,"대한항공, 네팔 항공권 환불·변경 수수료 한시 면제…대홍수 여파"
003490,2026.09.03 10:47,디지털데일리,"[댓글리뷰] ""기내 와이파이 확산되면 비행기모드 사라질까?"""
003490,2026.09.03 09:31,뉴스1,"통합 대한항공, 아시아나 라운지 '스타얼라이언스용'으로 운영"
003490,2026.09.03 06:01,조선비즈,"[단독] 대한항공, 아시아나 인천 T1 라운지 세 곳은 폐쇄하고 한 ..."
003490,2026.09.03 06:01,조선비즈,"[단독] 대한항공, 아시아나 인천 T1 라운지 세 곳은 폐쇄하고 한 ..."
003490,2026.09.03 08:21,SBS,"마일리지 있다면?…대한항공, 김포-제주 특별기 띄운다"
003490,2026.09.03 06:09,이데일리,"“비행기 안에서도 생방송?”…스타링크 시대, 기내 규칙 바뀐다"
003490,2026.09.03 04:07,머니투데이,"한진家 장녀, 정석기업 지분 매각 추진… '남매의 난' 전환점"
003490,2026.09.03 00:31,동아일보,[단독]대한항공-아시아나 협력사 고용 불안 확산… 통합 앞두고 여객.....
003490,2026.09.02 22:19,KBS,국내선 유류할증료 27% 인상…항공료 부담 가중
003490,2026.09.02 20:57,경향신문,가을엔 마일리지 특별기 타고 제주 가요
003490,2026.09.02 15:05,경향신문,“가을 연휴 ‘마일리지’로 여행 떠나볼까”
003490,2026.09.02 15:05,경향신문,“가을 연휴 ‘마일리지’로 여행 떠나볼까”
003490,2026.09.02 18:26,부산일보,"‘아슬아슬’ 김해공항, 착륙 안전성 높아질까"
003490,2026.09.02 18:09,파이낸셜뉴스,"한진칼, 7%대 급등… 경영권 프리미엄 기대"
003490,2026.09.02 17:20,머니투데이,[단독]한진家 정석기업 지분 매각 추진…'남매 화합' 이루나
003490,2026.09.02 17:20,머니투데이,[단독]한진家 정석기업 지분 매각 추진…'남매 화합' 이루나
003490,2026.09.02 16:40,파이낸셜뉴스,"""지분경쟁 가겠지?""...한진칼, 하락장서 7%대 강세 마감"
003490,2026.09.02 17:56,서울경제,“中·日·대만 다음 큰손은 유럽…현지 마케팅 지원·수요창출 총력...
003490,2026.09.02 17:35,조선일보,코스피 시총 상위 30종목 일제히 ‘파란불’... 외인·기관 4조원 던...
003490,2026.09.02 16:59,디지털데일리,"대한항공, 태국 TAI와 '블랙호크' 창정비 협력"
003490,2026.09.02 16:39,데일리안,"대한항공, 태국군 ‘블랙호크’ 정비 맡는다…동남아 MRO 진출"
003490,2026.09.02 16:39,데일리안,"대한항공, 태국군 ‘블랙호크’ 정비 맡는다…동남아 MRO 진출"
003490,2026.09.02 16:14,매일경제,"대한항공, 태국기업 손잡고 동남아 군용기 정비 시장 공략"
003490,2026.09.02 15:56,이코노미스트,"대한항공, 태국 ‘블랙호크’ 정비 맡는다…동남아 MRO 공략"
003490,2026.09.02 16:33,연합뉴스,대한항공-TAI 합의서 체결식
003490,2026.09.02 16:25,YTN,"[기업] 대한항공, 동남아 항공 정비 시장 진출 본격화"
003490,2026.09.02 16:25,YTN,"[기업] 대한항공, 동남아 항공 정비 시장 진출 본격화"
003490,2026.09.02 16:05,아이뉴스24,"대한항공, 태국 방산업체 TAI와 군용기 MRO 협력"
003490,2026.09.02 16:02,매일경제,"대한항공, 태국 육군 ‘블랙호크’ 수리한다…TAI와 항공 MRO 협력"
003490,2026.09.02 15:49,머니투데이,"대한항공, 태국 국영 방산업체 TAI와 협력…동남아 MRO 사업 본격..."
003490,2026.09.02 15:45,서울경제,"대한항공, 태국 방산업체와 항공정비 맞손…동남아 진출 본격화"
003490,2026.09.02 15:39,뉴시스,"대한항공, 태국 항공 정비 전문기업과 맞손…""동남아 MRO 시장 공략..."
003490,2026.09.02 15:39,뉴스1,"대한항공, 태국 TAI와 손잡고 동남아 항공 MRO 시장 공략"
003490,2026.09.02 15:26,뉴스1,"대한항공, 태국 국영 방산업체 TAI와 항공 MRO 사업 협력"
003490,2026.09.02 15:25,조선비즈,"대한항공, 태국 TAI와 맞손… 동남아 항공 MRO 시장 진출"
003490,2026.09.02 15:21,헤럴드경제,"대한항공, 태국 국영 방산업체 TAI와 항공 MRO 사업 협력"
003490,2026.09.02 15:20,이데일리,"대한항공, 태국 국영 방산업체와 항공 MRO 사업 협력"
003490,2026.09.02 15:16,더팩트,"대한항공, 태국 방산업체 TAI와 항공 MRO 사업 협력"
003490,2026.09.02 16:10,연합뉴스,"중동 긴장 고조에 코스피 4% 급락해 6,500대로…코스닥도 2.1%↓..."
003490,2026.09.02 16:03,SBS,"중동 긴장 고조에 코스피 4% 급락해 6,500대로…코스닥도 2.1%..."
003490,2026.09.02 16:03,SBS,"중동 긴장 고조에 코스피 4% 급락해 6,500대로…코스닥도 2.1%..."
003490,2026.09.02 15:56,이데일리,‘메가 LCC’ 뜨고 스타얼라이언스는 공백…재편 앞둔 항공판
003490,2026.09.02 15:42,서울경제,"항공업계, 안전투자 17.4조로 늘린다"
003490,2026.09.02 15:40,국제신문,"항공업계, 지난해 13조3098억 원 투입해 안전 확보 추진"
003490,2026.09.02 15:40,국제신문,"항공업계, 지난해 13조3098억 원 투입해 안전 확보 추진"
003490,2026.09.02 10:15,디지털타임스,"항공업계, 안전에 13.3조 썼다…올해 17.4조 투자 확대"
003490,2026.09.02 09:47,SBS,"항공업계, 작년 안전투자 13조 3천억 원…신규 항공기 43대 도입"
003490,2026.09.02 08:19,헤럴드경제,"항공업계, 지난해 안전에 13.3조 투입…도입·고용 기준 확대 영향"
003490,2026.09.02 07:45,KBS,"항공업계, 지난해 안전투자 2배↑…“신규 항공기 도입 등 인정 범위...."
003490,2026.09.02 06:00,연합뉴스,"항공업계, 작년 안전투자 13조3천억원…신규 항공기 43대 도입"
003490,2026.09.02 14:33,매경이코노미,대한항공 기내서 ‘공짜 와이파이’...9월 스타링크 도입
003490,2026.09.02 11:57,문화일보,"인천~나리타, 세계서 가장 붐비는 항공노선"
003490,2026.09.02 11:25,헤럴드경제,공정위 기업결합심사 평균 ‘64일’…M&A 최종 관문서 ‘하세월’
003490,2026.09.02 09:45,부산일보,국제선 공급 늘어나니 수요도 늘었다…경쟁 효과 확인돼
003490,2026.09.02 08:54,뉴스1,"에어프레미아, 인천-워싱턴 취항 4개월 만에 2.6만 명 수송"
003490,2026.09.02 08:54,뉴스1,"에어프레미아, 인천-워싱턴 취항 4개월 만에 2.6만 명 수송"
003490,2026.09.02 06:00,디지털타임스,유럽향 항공화물 운임 고공행진…수출 등골 휜다
003490,2026.09.02 05:50,동행미디어 시대,"새 판 짜는 항공업계, 합종연횡 속 생존 모색"
003490,2026.09.01 19:52,서울경제,“미국행 항공권 어제 사길 정말 잘했네”…오늘부터 유류할증료 ‘껑...
003490,2026.09.01 18:21,파이낸셜뉴스,유류할증료 다시 인상… 뉴욕행 왕복 20만원 비싸져
003490,2026.09.01 18:21,파이낸셜뉴스,유류할증료 다시 인상… 뉴욕행 왕복 20만원 비싸져
003490,2026.09.01 12:00,SBS Biz,美 왕복 유류할증료 71만원…한 달 새 19만원↑
003490,2026.09.01 09:31,파이낸셜뉴스,오늘부터 항공권 가격 오른다..장거리 왕복 약 20만원↑
003490,2026.09.01 09:30,더팩트,9월 항공권 부담 커진다…국내·국제선 유류할증료 인상
003490,2026.09.01 05:30,뉴시스,"오늘부터 항공권 유류할증료 일제히 인상…""항공유 급등으로 4개월 만...."
003490,2026.09.01 19:22,디지털타임스,"2차 세계대전 언급한 안두릴 CEO ""전쟁 때 한국·일본 車공장을 무기..."
003490,2026.09.01 18:18,디지털데일리,"앳홈 톰, 대한항공 기내면세점 스카이샵 입점…글로벌 여행객 공략"
003490,2026.09.01 14:30,머니투데이,"앳홈 에스테틱 브랜드 '톰', 대한항공 기내면세점 스카이샵 입점"
003490,2026.09.01 14:30,머니투데이,"앳홈 에스테틱 브랜드 '톰', 대한항공 기내면세점 스카이샵 입점"
003490,2026.09.01 13:38,파이낸셜뉴스,"""항공기에서도 구매"" 앳홈 '톰', 대한항공 스카이샵 입점"
003490,2026.09.01 18:17,디지털타임스,"대한항공, 추석·개천절·한글날 연휴 제주행 마일리지 특별기 운영"
003490,2026.09.01 14:46,TV조선,"대한항공, 추석·개천절·한글날 맞아 '제주행 마일리지 특별기' 띄운...."
003490,2026.09.01 14:46,TV조선,"대한항공, 추석·개천절·한글날 맞아 '제주행 마일리지 특별기' 띄운...."
003490,2026.09.01 09:44,매일경제,"대한항공, 추석·개천절·한글날 맞아 제주행 마일리지 특별기 운영"
003490,2026.09.01 09:40,조선비즈,"대한항공, 추석·10월 연휴 ‘제주행 마일리지 특별기’ 띄운다"
003490,2026.09.01 09:39,데일리안,"대한항공, ‘황금연휴’ 제주행 마일리지 특별기 띄운다"
003490,2026.09.01 09:32,연합뉴스,"대한항공, 추석·개천절·한글날 연휴 제주 마일리지 특별기"
003490,2026.09.01 09:25,연합뉴스,"대한항공, 추석·개천절·한글날 연휴 맞아 김포발 제주행 마일리지 ....."
003490,2026.09.01 09:20,스포츠경향,"대한항공, 추석·개천절·한글날 연휴 ‘김포→제주행 마일리지 특별..."
003490,2026.09.01 09:11,머니투데이,"대한항공, 추석·개천절·한글날에 제주행 '마일리지' 특별기 띄운다"
003490,2026.09.01 17:33,이데일리,연회비 12만원에 바우처 10만원…iM뱅크 ‘제니스 카드’ 출시
003490,2026.09.01 17:24,연합뉴스TV,"[비즈&] 치폴레, 서울 강남에 아시아 1호점 개점 外"
003490,2026.09.01 17:03,매일경제,"“삼전닉스, 우리도 덕 좀 봅시다”…반도체 호황에 항공업계도 ‘활..."
003490,2026.09.01 16:41,헤럴드경제,[단독] M&A 최종 관문서 두달 넘게 ‘하세월’…공정위 기업결합심사....
003490,2026.09.01 16:35,뉴시스,"""료칸서 온천 즐기세요""…교원투어, 패키지 출시"
003490,2026.09.01 15:01,중앙일보,"AI 스마트글래스 ‘이븐 G2’, 대한항공 기내면세점 공식 입점"
003490,2026.09.01 11:00,디지털타임스,"AI 스마트 안경 ‘이븐 G2’, 대한항공 기내면세점에서 만나볼 수 ..."
003490,2026.09.01 11:00,디지털타임스,"AI 스마트 안경 ‘이븐 G2’, 대한항공 기내면세점에서 만나볼 수 ..."
003490,2026.09.01 11:00,한국경제TV,"AI 스마트 안경 '이븐 G2', 대한항공 기내면세점 입점…1일 정식..."
003490,2026.09.01 13:30,채널A,"대한항공, 9~10월 연휴 김포~제주 마일리지 특별기 20편 운행"
003490,2026.09.01 12:26,부산일보,"대한항공, 추석 연휴에 김포~제주 마일리지 특별기 운항"
003490,2026.09.01 12:26,부산일보,"대한항공, 추석 연휴에 김포~제주 마일리지 특별기 운항"
003490,2026.09.01 10:37,더팩트,"""추석부터 한글날까지""…대한항공, 제주 마일리지 특별기 운영"
003490,2026.09.01 10:33,디지털데일리,"대한항공, 추석·개천절·한글날 연휴 김포~제주 마일리지 특별기 운....."
003490,2026.09.01 09:49,헤럴드경제,"“추석 제주行 마일리지 좌석 3160석 푼다”…대한항공, 특별기 20..."
003490,2026.09.01 09:35,뉴시스,"대한항공, 추석·개천절·한글날 연휴 김포~제주 마일리지 특별기 투....."
003490,2026.09.01 09:32,뉴스1,"대한항공, 추석·개천절·한글날 연휴 김포~제주 마일리지 특별기 편....."
003490,2026.09.01 11:41,연합뉴스,"롯데관광개발, 삼국지 배경지 여행하는 '장강삼협 크루즈' 출시"
003490,2026.09.01 11:02,머니투데이,"삼국지 따라 장강 달린다…롯데관광, '장강삼협 리버크루즈' 출시"
003490,2026.09.01 11:02,머니투데이,"삼국지 따라 장강 달린다…롯데관광, '장강삼협 리버크루즈' 출시"
003490,2026.09.01 09:04,헤럴드경제,"아시아나항공, 인천~고베 노선 신규 취항…한일 노선 경쟁력 제고"
003490,2026.08.31 18:32,부산일보,“부산 거점 항공사 확보 전략 세워야”
003490,2026.08.31 11:11,연합뉴스,"부울경 NGO ""에어부산 합병, 지역거점 항공사 확보 전략 세워야"""
003490,2026.08.31 11:11,연합뉴스,"부울경 NGO ""에어부산 합병, 지역거점 항공사 확보 전략 세워야"""
003490,2026.08.31 18:32,파이낸셜뉴스,대한항공·아시아나 청소년 직업특강
003490,2026.08.31 15:31,한국일보,대한항공·아시아나 임직원 봉사활동으로 뭉쳤다
003490,2026.08.31 15:31,한국일보,대한항공·아시아나 임직원 봉사활동으로 뭉쳤다
003490,2026.08.31 14:28,파이낸셜뉴스,"통합 앞둔 대한·아시아나항공, 교육봉사 함께하며 교류"
003490,2026.08.31 11:14,서울경제,"대한항공, 아시아나항공과 미래세대에 교육기부 봉사"
003490,2026.08.31 11:07,디지털타임스,"대한항공, 아시아나항공과 교육기부 봉사…안전체험 활동 지원"
003490,2026.08.31 10:57,TV조선,"대한항공·아시아나, 통합 앞두고 사회공헌 맞손…미래세대 교육·안..."
003490,2026.08.31 09:58,이코노미스트,"대한항공·아시아나, 미래세대 위한 합동 봉사활동 전개"
003490,2026.08.31 09:32,뉴스1,"대한·아시아나항공, 서울 양천구 초등·중학생 대상 항공 진로 특강"
003490,2026.08.31 09:16,매일경제,"대한항공, 아시아나항공과 초등·중학생 대상 직업 특강 개최"
003490,2026.08.31 08:59,뉴스1,"대한항공·아시아나항공, 어린이 안전체험 활동 지원"
003490,2026.08.31 08:59,뉴스1,"대한항공, 아시아나항공과 교육기부 봉사"
003490,2026.08.31 08:54,이데일리,"대한항공·아시아나, 미래세대 교육기부·안전체험 봉사"
003490,2026.08.31 08:52,헤럴드경제,"통합 앞둔 대한항공·아시아나, 미래세대 사회공헌활동 진행"
003490,2026.08.31 08:45,아시아경제,"대한항공, 아시아나항공과 교육기부 봉사·안전체험 활동 지원"
003490,2026.08.31 08:43,스포츠동아,"대한항공·아시아나, 12월 통합 앞두고 사회공헌 ‘맞손’…교육기부....."
003490,2026.08.31 18:05,한국경제,"대한항공·아시아나, 청소년 진로 특강"
003490,2026.08.31 17:17,매일경제,"통합 대한항공·아시아나, 사회공헌 '맞손'"
003490,2026.08.31 17:17,매일경제,"통합 대한항공·아시아나, 사회공헌 '맞손'"
003490,2026.08.31 14:06,매일경제,"통합 앞둔 대한항공·아시아나, 사회공헌 ‘맞손’"
003490,2026.08.31 10:11,한국경제TV,"대한항공·아시아나, 어린이·청소년 대상 사회공헌활동"
003490,2026.08.31 09:40,디지털데일리,"대한항공·아시아나, 통합 앞두고 미래세대 위한 사회공헌활동 펼쳐"
003490,2026.08.31 09:32,데일리안,"통합 앞둔 대한항공·아시아나, 미래세대 교육 봉사 ‘한마음’"
003490,2026.08.31 09:30,연합뉴스,"[게시판] 통합 앞둔 대한항공·아시아나, 합동 사회공헌 활동"
003490,2026.08.31 09:26,머니투데이,"통합 앞둔 대한항공·아시아나, 미래세대 교육 함께 진행"
003490,2026.08.31 09:16,더팩트,"대한항공·아시아나항공, 통합 앞두고 사회공헌 '한뜻'"
003490,2026.08.31 08:49,뉴시스,"대한항공·아시아나, 합동 봉사 확대…통합 앞두고 '화학적 결합' 속도"
003490,2026.08.31 15:17,매일신문,iM뱅크 카드 라인업 확대…공항라운지 무료 이용 등 결합한 '제니스' ...
003490,2026.08.31 15:16,연합뉴스,"[대구소식] iM뱅크, 프리미엄 신용카드 '제니스' 출시"
003490,2026.08.31 15:16,연합뉴스,"[대구소식] iM뱅크, 프리미엄 신용카드 '제니스' 출시"
003490,2026.08.31 15:14,스포츠서울,"“가전부터 신혼여행까지 한번에”…삼성전자, 웨딩 프로모션 진행"
003490,2026.08.31 12:26,아이뉴스24,"삼성전자, 혼수 고객 잡는다…대한항공·시몬스와 '웨딩 동맹'"
003490,2026.08.31 12:26,아이뉴스24,"삼성전자, 혼수 고객 잡는다…대한항공·시몬스와 '웨딩 동맹'"
003490,2026.08.31 12:09,부산일보,"삼성전자, 혼수 고객을 위한 웨딩 프로모션 실시"
003490,2026.08.31 11:40,뉴스1,"혼수 가전부터 신혼여행까지…삼성전자, 10월까지 웨딩 프로모션"
003490,2026.08.31 15:13,한국경제TV,"국내외 의결권 자문사, 고려아연 추천 후보 지지"
003490,2026.08.31 14:58,매일경제,한일상의 회장단 회의 “한·일 산업생태계 함께 만들어야”
003490,2026.08.31 13:38,한겨레,"한·일 상공회의소 회장단 “공급망, 에너지 안보, 미래 산업 협력 강..."
003490,2026.08.31 13:38,한겨레,"한·일 상공회의소 회장단 “공급망, 에너지 안보, 미래 산업 협력 강..."
003490,2026.08.31 11:27,헤럴드경제,"“한일 경제연대, 실천 과제부터”"
003490,2026.08.31 11:07,노컷뉴스,"한일상의 회장단, AI·공급망 협력 확대…최태원 ""더 큰 시장 만들자..."
003490,2026.08.31 10:15,헤럴드경제,"최태원 “한일 경제연대, AI 등 시너지 분야서 실천 과제부터 도출해..."
003490,2026.08.31 09:40,SBS Biz,"한일 상의, '공급망·에너지안보·미래산업 협력' 공동성명"
003490,2026.08.31 09:31,머니투데이,"한일 상의회장단, 미래산업·공급망 협력 강화 '공동성명' 채택"
003490,2026.08.31 09:02,이데일리,"한일 상의, 핵심광물·에너지 공급망 협력…AI·반도체 공동 육성"
003490,2026.08.31 09:01,아이뉴스24,"최태원 ""한일 강점 연결해 더 큰 시장""…韓·日, 미래산업 협력"
003490,2026.08.31 09:00,연합뉴스,"한일상의 회장단 ""강점 살린 지역교류로 미래산업 함께 키워야"""
003490,2026.08.31 14:28,데일리안,국적사 좌석 3개 중 2개가 한진 계열…커진 지배력에 독립 LCC 생존...
003490,2026.08.31 10:56,뉴스1,"금호석유화학, 中 웨이하이시와 현지 민·관 파트너십 지속 강화키로"
003490,2026.08.31 10:30,아시아경제,처서 지나자 가을 의류 거래액 30%↑…W컨셉 '어텀 런웨이'
003490,2026.08.31 10:20,머니투데이,"'007'부터 '로마의 휴일'까지…모두투어, 영화 테마여행 출시"
003490,2026.08.31 10:03,연합뉴스TV,"최태원 ""한일, 서로 시장 넓혀주는 파트너 될 수 있어"""
003490,2026.08.31 08:35,SBS Biz,"[투자자 순매수 TOP5] 외국인, 유가증권시장 9조원 순매도…'삼전닉..."
003490,2026.08.31 08:00,머니투데이,한국 우주산업 '연결지도' 나왔다…K-우주포럼 '디렉토리북' 발간
003490,2026.08.31 06:03,세계일보,넓어지는 중국 하늘길… 소비자 선택의 폭도 넓어지나
003490,2026.08.31 00:35,조선일보,철강·건설기계… 굴뚝 산업도 데이터센터 특수
003490,2026.08.31 00:01,중앙일보,"[사진] 기름값 계속 떨어지는데, 유류할증료는 왜 오르지?"
003490,2026.08.30 15:38,한국경제,"남성 46% ""비행기 착륙 자신 있다""더니…조종석 앉자 '멘붕' 왔다 ..."
003490,2026.08.30 15:36,매일경제,“오늘 공항 얼마나 붐벼?” 묻자마자 바로…존재감 키우는 항공사 앱.....
003490,2026.08.30 14:40,KBS,"한일 경제계, 저출생 대응 협의체 출범…청년 ‘결혼·출산’ 의식도..."
003490,2026.08.30 14:03,뉴스1,9월 국제선 유류할증료 인상…유가 25% 급등
003490,2026.08.30 14:03,뉴스1,9월 국제선 유류할증료 인상…유가 25% 급등
003490,2026.08.30 14:03,뉴스1,9월 국제선 유류할증료 인상…유가 25% 급등
003490,2026.08.30 14:02,뉴스1,9월 국제선 유류할증료 대폭 인상
003490,2026.08.30 14:02,뉴스1,9월 발권 국제선 유류할증료 7단계 상승
003490,2026.08.30 14:02,뉴스1,9월 국제선 유류할증료 4개월 만에 인상
003490,2026.08.30 14:02,뉴스1,9월 국제선 유류할증료 14→21단계…유가 25% 급등
003490,2026.08.30 14:02,뉴스1,9월 발권 국제선 유류할증료 7단계 상승
003490,2026.08.30 14:02,뉴스1,9월 발권 국제선 유류할증료 7단계 상승
003490,2026.08.30 14:02,뉴스1,"국제선 유류할증료, 4개월 만에 또 인상"
003490,2026.08.30 14:00,뉴스1,"두산에너빌 가족 ""100시간째 위어댐 수색 안돼…어떤 정보도 못받아"""
003490,2026.08.30 09:01,데일리안,"LG유플러스, 해외 쇼핑·교통 할인 ‘글로벌 멤버십’ 연내 선보인다"
003490,2026.08.30 08:01,이코노미스트,"현금 규제하니 주식으로…재벌가 보상, '이것'으로 옮겨갔다"
003490,2026.08.30 07:00,연합뉴스,[마켓인사이트] 확 다가온 美 금리인상 우려…코스피 향방은
003490,2026.08.30 06:01,서울경제,"“처서 지나니 가을옷 불티”…W컨셉, ‘어른 여자’ 트렌드 주목"
003490,2026.08.30 06:00,뉴시스,Y2K 가고 '어른 여자' 왔다…W컨셉서 뜨는 올가을 패션
003490,2026.08.30 06:00,뉴시스,Y2K 가고 '어른 여자' 왔다…W컨셉서 뜨는 올가을 패션
003490,2026.08.29 19:42,스포츠동아,"신세계라이브쇼핑, 포르투갈로 떠나는 ‘골든티켓’ 잡아요"
003490,2026.08.29 19:30,연합뉴스,"[네팔 대홍수] 두산·남동발전팀, 악천후·운항불허로 헬기수색 '난항....."
003490,2026.08.29 16:11,조선비즈,"두산·남동발전, 네팔 홍수 실종자 헬기 수색 돌입…악천후에 이륙 차...."
003490,2026.08.29 16:11,조선비즈,"두산·남동발전, 네팔 홍수 실종자 헬기 수색 돌입…악천후에 이륙 차...."
003490,2026.08.29 15:06,SBS Biz,"두산·남동발전팀, 현장 헬기수색 시작했지만 기상여건 난항"
003490,2026.08.29 14:59,연합뉴스,"[네팔 대홍수] 두산·남동발전팀, 현장 헬기수색 시작했지만 기상여건...."
003490,2026.08.29 16:36,연합뉴스TV,박정원 두산 회장 네팔로 출국…실종직원 수색 지원
003490,2026.08.29 15:38,디지털타임스,"박정원 두산 회장, 네팔로 출국…실종직원 수색 직접 지원"
003490,2026.08.29 15:38,디지털타임스,"박정원 두산 회장, 네팔로 출국…실종직원 수색 직접 지원"
003490,2026.08.29 15:11,노컷뉴스,"두산 박정원 회장, 현장 구조 지원 네팔로 출국"
003490,2026.08.29 14:51,데일리안,"박정원 두산 회장, 네팔로 간다…대홍수 실종자 수색 직접 지원"
003490,2026.08.29 14:48,SBS,"박정원 두산 회장, 네팔행…실종 직원 수색 현장 직접 지원"
003490,2026.08.29 14:47,KBS,"박정원 두산 회장, 네팔행…실종직원 수색현장 직접 지원"
003490,2026.08.29 14:43,연합뉴스TV,"박정원 두산 회장, 네팔 출국…실종 직원 수색 직접 지원"
003490,2026.08.29 14:39,MBC,"박정원 두산 회장, 네팔 출국‥수색현장 직접 지원"
003490,2026.08.29 14:38,이코노미스트,"네팔 홍수에 직원 6명 연락두절…박정원 두산 회장, 출국해 현장 지원"
003490,2026.08.29 14:32,헤럴드경제,두산 박정원 회장·박지원 부회장 네팔行…실종자 가족들 “골든타임...
003490,2026.08.29 14:31,SBS Biz,"박정원 두산 회장, 네팔행…실종직원 수색현장 직접 지원"
003490,2026.08.29 14:30,MBN,"두산 박정원 회장, 오늘 네팔행…실종직원 수색 직접 지원"
003490,2026.08.29 14:26,조선비즈,박정원 두산 회장 네팔로 출국… 실종 직원 수색·구조 지원
003490,2026.08.29 14:22,아시아경제,"두산 박정원 회장, 네팔行…실종직원 수색현장 지원"
003490,2026.08.29 14:20,파이낸셜뉴스,"박정원 두산 회장, 네팔 출국...""실종직원 수색 상황 직접 지휘""(..."
003490,2026.08.29 14:12,연합뉴스,"[네팔 대홍수] 박정원 두산 회장, 네팔행…실종직원 수색현장 직접 지..."
003490,2026.08.29 14:02,채널A,박정원 두산 회장 네팔행…현지 수색·구조 직접 지원
003490,2026.08.29 14:44,중앙일보,두산 박정원 회장?박지원 부회장 네팔행…“실종 직원 수색 지원”
003490,2026.08.29 07:01,헤럴드경제,항공우주 영업익 7배 뛴 대한항공…군용기 정비 수주도 8배 ‘껑충’.....
003490,2026.08.29 06:01,한국경제,"""왜 하필 중국"" 퇴직금 올인한 직장인…10년 후 '대박' 터졌다 [권..."
003490,2026.08.29 06:00,TV조선,[취재후 Talk] 공정위의 기업결합 심사는 진짜 늑장일까
003490,2026.08.28 22:55,한국일보,대한항공 하네다-김포 이륙 직전 결항… 승객 316명 발 묶여
003490,2026.08.28 17:18,주간동아,"외국인, 주주환원 재료 소멸 SK하이닉스·삼성전자 8조 순매도"
003490,2026.08.28 15:17,디지털데일리,"""느린 기내 와이파이 안녕""…스타링크로 갈아타는 항공사들"
381170,2026.08.14 23:00,한국경제TV,"""반도체 여전히 좋지만""…몰빵 말라는 이유 [한입에 쏙 ETF]"
381170,2025.12.30 11:01,매일신문,미래에셋운용 제시한 신년 투자 키워드 'H.O.R.S.E' … 주목할 ...
381170,2025.12.16 17:48,매일경제,"미래에셋운용, TIGER 미국테크TOP10 INDXX ETF 순자산 4..."
381170,2025.12.16 10:10,이데일리,"미래에셋운용, 'TIGER 미국테크TOP10 INDXX ETF' 순자산..."
381170,2025.12.02 16:36,매일신문,"미래에셋자산운용, 'TIGER TOP10' → 'TIGER 코리아TOP..."
381170,2025.12.02 16:17,매일경제,"미래에셋운용, ‘TIGER TOP10→TIGER 코리아TOP10’ 명칭..."
381170,2025.12.02 14:17,파이낸셜뉴스,"미래에셋 'TIGER TOP10', 'TIGER 코리아TOP10'으로 ..."
381170,2025.12.02 10:57,서울경제,"미래에셋운용, 간판 ETF 이름 교체…‘코리아TOP10’로 정체성 강화"
381170,2025.12.02 10:23,동행미디어 시대,"미래에셋, 'TIGER TOP10' → 'TIGER 코리아TOP10' ..."
064260,2026.09.04 09:12,헤럴드경제,다날과 스테이블코인 결제·정산 인프라 구축 나선 비토즈
064260,2026.09.02 13:24,지디넷코리아,"다날, 가상자산사업자와 스테이블코인 결제·정산망 구축 나서"
064260,2026.09.02 12:55,디지털타임스,"코인 결제부터 정산까지 ‘한번에’…다날-인엑스, 인프라 구축 제휴"
064260,2026.09.02 12:55,디지털타임스,"코인 결제부터 정산까지 ‘한번에’…다날-인엑스, 인프라 구축 제휴"
064260,2026.09.02 10:14,전자신문,"다날·인엑스, 스테이블코인 결제 서비스 만든다"
064260,2026.09.02 10:12,머니투데이,"다날, VASP 인엑스와 스테이블코인 결제·정산망 구축나서"
064260,2026.09.02 09:46,아시아경제,"다날, VASP 인엑스와 손잡고 스테이블코인 결제·정산망 구축"
064260,2026.08.25 09:40,SBS Biz,[이 시각 시황] 코스피·코스닥 3%대 급락…투심 급랭
064260,2026.08.24 16:39,디지털타임스,미 국채發 유동성 훈풍에 비트코인 1억 재탈환…가상자산株 강세
064260,2026.08.24 14:41,뉴시스,"다날엔터, 상반기 매출 174억…순이익 흑자 전환"
064260,2026.08.24 14:23,아시아경제,"다날엔터테인먼트, 상반기 매출 82% 성장·흑자전환…IP 플랫폼 전환..."
064260,2026.08.24 14:23,아시아경제,"다날엔터테인먼트, 상반기 매출 82% 성장·흑자전환…IP 플랫폼 전환..."
064260,2026.08.21 11:14,전자신문,"다날, 글로벌 스테이블코인 '오픈 USD' 생태계 합류"
064260,2026.08.21 10:55,이데일리,"다날, 글로벌 스테이블코인 '오픈 USD' 생태계 합류"
064260,2026.08.21 10:55,이데일리,"다날, 글로벌 스테이블코인 '오픈 USD' 생태계 합류"
064260,2026.08.21 09:28,아시아경제,"다날, 국내 PG사 최초 '오픈 USD' 합류…글로벌 스테이블코인 결..."
064260,2026.08.21 09:26,뉴시스,"다날, 글로벌 스테이블코인 '오픈 USD' 생태계 합류"
064260,2026.08.21 10:45,데일리안,"비트코인, 1억원 다시 넘었다…가상자산 관련주 ‘불기둥’ [특징주]"
064260,2026.08.21 09:55,뉴스1,비트코인 7만3000달러 회복에…가상자산株 동반 급등[핫종목]
064260,2026.08.21 09:46,서울경제,비트코인 7.2만弗 돌파에 가상자산주 급등…우리기술투자 17%↑ [이런...
064260,2026.08.21 09:36,조선비즈,[특징주] 비트코인 7만 달러 돌파에… 국내 가상화폐 관련주 강세
263750,2026.09.04 08:56,아이뉴스24,"펄어비스, '붉은사막 인핸스드' 첫 DLC 10월 16일 출시 예고"
263750,2026.09.04 08:55,전자신문,"펄어비스, '붉은사막' 출시 반년 만에 초대형 DLC... 바다·건설..."
263750,2026.09.04 08:55,전자신문,"펄어비스, '붉은사막' 출시 반년 만에 초대형 DLC... 바다·건설..."
263750,2026.09.04 05:00,데일리안,"""100시간을 태워도 태초마을"" 정신없는 파이웰 대륙의 일상 [붉은사막..."
263750,2026.09.03 07:47,아시아경제,글로벌 게임 시청 364억시간…'보는 게임' 흥행에 달라진 생존 전략
263750,2026.09.03 05:00,데일리안,"""믿고 있었다고 펄어비스!"" 클리프, 이제 '호구' 아니다 [붉은사막 ..."
263750,2026.09.03 00:38,조선일보,"中, 세계 최대 게임쇼에서 3개상 수상… 개발력·자본·마케팅 역량 보...."
263750,2026.09.02 12:11,포모스,"'검은사막', 생활 장비 가문 통합 업데이트"
263750,2026.09.02 11:29,매일경제,"‘검은사막’, 모든 클래스 동일 생활 장비 공유 업데이트"
263750,2026.09.02 11:29,매일경제,"‘검은사막’, 모든 클래스 동일 생활 장비 공유 업데이트"
263750,2026.09.02 11:25,지디넷코리아,"펄어비스 '검은사막', 생활 장비 가문 통합 업데이트 적용"
263750,2026.09.02 07:05,조세일보,[단독] 반도체 호황으로 상장사 올 상반기 법인세 전년比 522.5%↑...
263750,2026.09.02 00:12,국민일보,‘獨 대통령 첫 연설’ 달라진 위상… 크래프톤·엔씨 존재감
263750,2026.09.01 16:21,블로터,"펄어비스, '붉은사막 인핸스드' 공개…첫 할인으로 스팀 7위 안착"
263750,2026.09.01 11:24,비즈워치,펄어비스 '붉은사막' 다시 타올랐다…업그레이드·할인 효과
263750,2026.09.01 11:24,비즈워치,펄어비스 '붉은사막' 다시 타올랐다…업그레이드·할인 효과
263750,2026.09.01 15:16,한겨레,해외 매출 70% 넘은 K-게임…‘지스타’보다 글로벌 전시회로
263750,2026.08.31 17:31,스포츠월드,‘붉은사막’ 인핸스드 통했다…스팀 판매 7위·글로벌 관심 재점화
263750,2026.08.31 17:15,시사저널,"""구글 조삼모사 기만극""…경실련, 공정위에 8500억원대 과징금 의결 ..."
263750,2026.08.31 17:04,매일경제,"국내 게임사들, 게임스컴 이어 도쿄게임쇼서 글로벌 공략"
263750,2026.08.31 15:52,아이뉴스24,"[게임스컴 2026 폐막] ""한국 게임? 주변에 광팬 많아...늘 신작..."
263750,2026.08.31 12:50,블로터,[게임스컴 리포트] 中 대형·日 올드 IP…한국은 신작 '맞불'
263750,2026.08.31 12:50,블로터,[게임스컴 리포트] 中 대형·日 올드 IP…한국은 신작 '맞불'
263750,2026.08.31 15:47,뉴시스,게임인 36만8000명 찾았다…참가사 1743곳 '역대 최대'[게임스컴...
263750,2026.08.31 10:48,디지털데일리,[게임스컴 2026] 36만8000명 찾은 쾰른…역대 최대 참가사로 ...
263750,2026.08.31 10:48,디지털데일리,[게임스컴 2026] 36만8000명 찾은 쾰른…역대 최대 참가사로 ...
263750,2026.08.31 14:49,조선비즈,"“크래프톤, 상반기 AI·IP에 4200억원 베팅”…R&D 경쟁 불붙은..."
263750,2026.08.31 11:00,스포츠서울,131개국 36.8만명 몰렸다…‘역대급 게임스컴’ 한복판 달군 ‘K-게...
263750,2026.08.30 17:07,블로터,"[게임in쾰른] 펄어비스·삼성, 게임스컴서 보여준 'K게임 풀스택'"
263750,2026.08.30 13:42,스포츠조선,게임스컴 달군 K게임…'출품' 넘어 글로벌 시장서 실력 겨뤘다
263750,2026.08.30 13:31,머니투데이,세계 최대 게임쇼 '게임스컴 2026'서 韓 게임 수상 불발
263750,2026.08.30 12:00,디지털타임스,"[게임스컴] 삼성전자, 독일서 게이머 접점 확대 총력"
263750,2026.08.30 11:03,전자신문,"K게임, 쾰른서 가능성 확인... 인디부터 대형 신작까지 '눈도장'"
263750,2026.08.30 10:28,뉴스1,SKT·카카오·KT 모두의AI 선정…'역대 최대' 게임스컴 열려[뉴스잇...
263750,2026.08.30 10:24,스포츠서울,"“여기가 한국 PC방?”…‘페이커·붉은사막’ 품은 삼성전자, 게임스....."
263750,2026.08.30 09:00,뉴시스,"""독일 한복판에 뜬 PC방·신라면""…글로벌 게이머 홀린 K-체험존[쾰른..."
263750,2026.08.30 08:00,뉴시스,獨대통령도 韓여야도 찾았다…게임은 '문화·주력산업'[쾰른서 본 K게.....
263750,2026.08.30 06:30,아시아경제,[주말엔게임]독일 향한 K-게임 수장들…삼성·농심도 찾은 게임스컴
263750,2026.08.30 06:30,디지털타임스,[게임스컴] 글로벌과 접점 확대… 독일서 빛난 K-컬처
263750,2026.08.29 23:27,국민일보,게임스컴 어워드 2026 수상작 발표… 韓 게임 수상 불발
263750,2026.08.29 20:17,디지털데일리,[게임스컴 2026] CDPR·세가 나란히 3관왕…게임스컴 어워드 주...
263750,2026.08.29 20:17,디지털데일리,[게임스컴 2026] CDPR·세가 나란히 3관왕…게임스컴 어워드 주...
263750,2026.08.29 21:58,블로터,[게임in쾰른] 농심 辛라면 먹고 K팝 댄스도…유럽 게이머 홀린 K컬처
263750,2026.08.29 13:00,매일경제,“게임 좀 한다는 사람들 마음 들썩들썩”…엔씨·크래프톤·펄어비스...
263750,2026.08.29 12:22,스포츠조선,"펄어비스, '게임스컴 데브'서 '붉은사막' 오픈월드 개발 노하우 공개"
263750,2026.08.29 12:01,서울경제,신들의 전쟁 즐기고 할인도 받자…‘제우스’ 통신 3사 프로모션[오늘.....
263750,2026.08.29 11:00,연합뉴스,[게임위드인] 게임스컴 달군 중일 신작전쟁…한국도 존재감
263750,2026.08.28 17:52,조선비즈,해외서 벌고 외화 쌓은 게임사들… 원화 강세에 ‘환율 역풍’
263750,2026.08.28 17:24,OSEN,"'붉은사막' 오픈월드 구현 기술, 소니·캡콤·닌텐도 등 글로벌 사에 ...."
263750,2026.08.28 12:56,데일리e스포츠,"검은사막 모바일, 최대 300명 맞붙는 '요새 쟁탈전' 테스트"
263750,2026.08.28 11:40,포모스,"검은사막 모바일, '요새 쟁탈전' 테스트 서버 1일 오픈"
263750,2026.08.28 11:40,포모스,"검은사막 모바일, '요새 쟁탈전' 테스트 서버 1일 오픈"
263750,2026.08.28 10:54,디지털데일리,[게임스컴 2026] '붉은사막'·'페이커' 한자리에…삼성전자 부스서 ...
263750,2026.08.28 08:32,매일경제,K게임 ‘디딤돌’ 된 삼성전자···독일서 한국 게임 기술력 알려 [게....
125490,2026.08.19 12:58,서울신문,[서울데이터랩]코스닥 거래상위 종목 혼조…화신정공 상한가·아난티...
125490,2026.08.16 08:00,뉴시스,빨라진 '순환매 시계'…바이오·뷰티 거쳐 실적주로[패닉 딛고 돌아온.....
125490,2026.08.14 13:38,이데일리,"한라캐스트, 상반기 매출 896억…“하반기 로봇 부품 양산 본격화”"
125490,2026.08.14 13:26,뉴시스,"한라캐스트, 상반기 매출 896억…전년比 16.6%↑"
125490,2026.08.14 13:26,뉴시스,"한라캐스트, 상반기 매출 896억…전년比 16.6%↑"
125490,2026.08.14 09:47,SBS Biz,[이 시각 시황] 피지컬 AI·로봇주 강세…LG-엔비디아 협력 기대
125490,2026.08.13 14:38,한국경제TV,"한라캐스트, 미 빅테크서 로봇 부품 또 따냈다"
125490,2026.08.04 13:41,서울경제,"美, 중국 로봇 수입 막았다…K-휴머노이드 수혜 기대"
125490,2026.08.04 13:40,서울경제,美·日 엔화 방어 나섰다…28년 만의 공동 개입 확대
125490,2026.08.04 13:40,서울경제,삼성 HBM 계약의 비밀…가격 떨어져도 방어한다
125490,2026.08.04 13:39,서울경제,맞벌이 근로장려금 30만 원↑…청년 월세 세액공제율 17%로
125490,2026.08.04 13:39,서울경제,“GPU 1만5000장 시대 열린다” 해남 AI센터 착공…취준생 기회 ...
025980,2026.09.02 13:27,서울신문,[서울데이터랩]코스닥 거래상위 종목 장중 혼조…좋은사람들·동양파...
025980,2026.08.19 12:58,서울신문,[서울데이터랩]코스닥 거래상위 종목 혼조…화신정공 상한가·아난티...
025980,2026.08.19 10:18,데일리안,북미 정상회담 추진 보도에…남북경협주 연이틀 고공행진 [특징주]
025980,2026.08.19 09:49,조선비즈,"[특징주] 아난티, 대북 관광 수혜주 부각… 장 초반 11%대 급등"
025980,2026.08.19 09:47,뉴스1,"트럼프, 김정은과 회동 추진 보도에…남북경협주 상한가 행렬[핫종목..."
025980,2026.08.19 09:42,SBS Biz,[이 시각 시황] 코스피 6% 급락…외국인 ‘매도 폭탄’에 사이드카 발...
025980,2026.08.19 09:38,한국경제,"""트럼프·김정은, 中서 만날 수도"" 소식에…일제히 급등한 종목"
025980,2026.08.18 10:08,뉴스1,"트럼프 ""김정은 응답""에 남북경협주 급등…줄줄이 상한가[핫종목]"
025980,2026.08.18 09:31,데일리안,"트럼프 ""김정은, 대화 요청에 응답""…남북경협주 '불기둥' [특징주]"
025980,2026.08.18 09:31,데일리안,"트럼프 ""김정은, 대화 요청에 응답""…남북경협주 '불기둥' [특징주]"
025980,2026.08.18 09:36,이데일리,"""김정은 응답했다"" 우르르…대북주 30% '불기둥'[특징주]"
025980,2026.08.10 17:49,이데일리,"부산 건어물을 K스낵으로…노쉬프로젝트, 중기부 '립스' 선정"
423160,2026.06.07 06:00,뉴스1,'방어→공격' 전환한 파킹형 ETF…자금 회수해 '불타기' 나섰다
423160,2026.04.28 16:58,이데일리,종합 대상에 삼성운용…“ETF 시장 발전 핵심 역할”[2026 금융투자...
423160,2026.02.05 06:50,아시아경제,옆집 어르신도 주식창 본다며 난리… 1년 만에 순자산 3조 이상 ETF...
423160,2025.12.11 17:41,서울경제,"증시 숨고르자 파킹 수요 늘어…증권사 RP, 다시 사상 최고치"
423160,2025.12.08 04:17,머니투데이,'달러 투자' 머니마켓펀드 ETF 수익률 고공행진
423160,2025.12.07 14:55,머니투데이,"""어디로 가야하죠?""…파킹형 ETF로 모인 돈, 원화 말고 달러로"
423160,2025.12.07 14:55,머니투데이,"""어디로 가야하죠?""…파킹형 ETF로 모인 돈, 원화 말고 달러로"
423160,2025.12.04 15:21,아시아경제,"[2025자본투자대상]삼성운용, 관리자산 430조 돌파"
423160,2025.11.13 10:21,세계일보,코스피 불장에 ETF도 ‘공격형’으로…개미들 안정형 ETF 대거 매도
423160,2025.11.13 10:01,노컷뉴스,"코스피 역대급 불장에…개미, 안정형→지수형 'ETF 갈아타기'"
423160,2025.11.13 10:01,노컷뉴스,"코스피 역대급 불장에…개미, 안정형→지수형 'ETF 갈아타기'"
423160,2025.11.13 08:37,서울경제,불장에 개미 공격 모드 전환…안정형 ETF 팔고 'KODEX 200'...
423160,2025.11.13 07:50,헤럴드경제,"사천피 시대, 개미 ‘공격 앞으로’…‘채권·배당·파킹형’ 안정형..."
423160,2025.11.13 07:32,한국경제TV,"""'불장'인데 이러면 재미없지""…개미, '대변신'"
423160,2025.11.13 07:21,SBS Biz,"코스피 날자…개미들, 안정형 ETF 대거 매도"
423160,2025.11.13 07:10,연합뉴스,"'불장인데 재미없어'…개미, 한달간 안정형 ETF 대거 팔아"
423160,2025.10.29 06:02,조선비즈,파킹형 ETF도 ‘분배락’ 주의보
423160,2025.09.27 06:02,조선비즈,무려 8일치 이자 한번에 반영... 추석연휴 금리형 ETF 활용법
004800,2026.09.03 18:17,이데일리,[마켓인]안건명 지우는 이사회…주주 알 권리 짓밟는 ‘깜깜이 공시’
004800,2026.09.03 09:41,KBS,[아파트 개발 정관계 비리 의혹] ‘용역비 2억’ 수상한 자금 흐름
004800,2026.09.03 07:02,주간동아,“조현문 처벌 원해” 조현준 회장 법정 증언에서 드러난 ‘효성 형제.....
004800,2026.09.03 06:01,한국경제,삼성·LG 낳은 '전설의 바위' 입소문…165억 대박 난 '부자 성지'
004800,2026.09.02 21:58,KBS,[아파트 개발 정관계 비리 의혹] ‘용역비 2억’ 수상한 자금 흐름
004800,2026.09.02 19:09,KBS,[아파트 개발 정관계 비리 의혹] ‘용역비 2억’ 수상한 자금 흐름
004800,2026.09.02 19:09,KBS,[아파트 개발 정관계 비리 의혹] ‘용역비 2억’ 수상한 자금 흐름
004800,2026.09.02 09:51,KBS,[아파트 개발 정관계 비리 의혹] “계약서 두 개”…철거비로 비자금....
004800,2026.09.02 14:52,아이뉴스24,"조현준 효성 회장, 베트남에 10억달러 투자…바이오 스판덱스 일관 생...."
004800,2026.09.02 14:39,중앙일보,"카카오, ‘통합 멤버십’ 준비…톡에 쇼핑·택시·콘텐트 묶는다 [팩플....."
004800,2026.09.02 11:55,KBS,삼성·LG·효성 창업주 고향…‘K-거상 관광’ 조성
004800,2026.09.01 09:25,비즈워치,페라리코리아 지분 더 줄어든 효성
004800,2026.08.31 15:47,한국경제,"효성, 참전용사·독립운동가 후손 주거환경 개선"
004800,2026.08.31 12:18,비즈워치,"다시 맞선 효성 형제…조현준 ""각자 갈 길""·동생은 묵묵무답"
004800,2026.08.31 04:33,동아일보,세운지구에 녹지 결합한 484채 복합단지… 무교동엔 미술관 등 갖춘 대...
004800,2026.08.30 16:04,매일경제,"효성, 올해의 협력사 특별상 시상…상생기금 출연"
004800,2026.08.30 16:04,매일경제,"HS효성, '독립유공자 후손 주거 개선' 기부 마라톤"
004800,2026.08.30 16:00,시사저널,AI 시대에 문과 뽑는 효성…파격 채용의 숨은 뜻 [권상집의 논전(論戰...
004800,2026.08.30 14:43,채널A,“각자의 길 갔으면”…효성그룹 ‘10년 형제의 난’ 무슨 일이 [자막....
004800,2026.08.30 11:16,한국경제,강동구 상일동 빌라 5곳 묶어 1492가구…중구 세운엔 도심주택 484...
004800,2026.08.30 11:15,머니투데이,현대·삼성 등 상일동 5개 빌라 통합 재건축…1492가구 대단지로
004800,2026.08.30 11:15,서울경제,상일동 ‘대형 평형 빌라촌’ 재건축 본격화…1492가구 아파트로 거듭...
004800,2026.08.30 11:15,서울경제,상일동 ‘대형 평형 빌라촌’ 재건축 본격화…1492가구 아파트로 거듭...
004800,2026.08.29 06:01,헤럴드경제,물고기 집 짓는데 현대차·LG가 돈 내는 이유…바닷속 ‘푸른 숲’의.....
004800,2026.08.29 06:01,더팩트,"효성 조현준 ""각자의 길 갔으면"" 호소에도…응답 없는 동생 조현문"
004800,2026.08.29 00:35,데일리안,"조현준 ""동생 조현문·박수환은 법꾸라지…제3자 입 빌려 압박""(종합)"
004800,2026.08.29 00:35,데일리안,"조현준 ""동생 조현문·박수환은 법꾸라지…제3자 입 빌려 압박""(종합)"
004800,2026.08.28 21:11,디지털데일리,"조현준 효성 회장 ""소송 제발 그만…재산 문제라면 정당하게 말해달라....."
004800,2026.08.28 20:52,데일리안,'그 질문 왜 받아야 하나'…효성 형제 법정서 겉돈 반대신문
004800,2026.08.28 20:52,데일리안,'그 질문 왜 받아야 하나'…효성 형제 법정서 겉돈 반대신문
004800,2026.08.28 20:16,블로터,"조현준 효성 회장 ""동생 조현문 원하면 주식 사겠다…소송 멈춰달라"""
004800,2026.08.28 18:23,SBS Biz,"법정 불똥 튄 '효성중공업'…조현준 ""말 안 돼"""
004800,2026.08.28 15:01,연합뉴스TV,[CEO풍향계] '복귀 시동' 조현범…'효성가 법정 대면' 조현준
004800,2026.08.28 10:50,주간동아,"美 중국산 장비 규제 효과… “효성중공업, 추가 수주 따낼 것”"
004800,2026.08.28 06:20,한국일보,독립유공자 후손 등 후원… ‘애국 가치’도 함께 나눠요
004800,2026.08.26 09:32,헤럴드경제,"해수부 신청사 품는 부산 북항, 개발 본격화에 ‘효성 해링턴 플레이....."
004800,2026.08.26 05:04,서울신문,"‘산업보국’ 잇는 효성, 3세대 호국보훈 나눔"
004800,2026.08.25 16:14,국민일보,"효성重·대한전선, 세계 최대 전력망 전시회서 기술력 과시… 유럽 시....."
004800,2026.08.25 14:31,뉴시스,"효성중공업, 시그레 파리 세션서 차세대 솔루션 제시…""유럽 수주 확...."
004800,2026.08.25 14:31,뉴시스,"효성중공업, 시그레 파리 세션서 차세대 솔루션 제시…""유럽 수주 확...."
004800,2026.08.25 13:31,더팩트,"효성重, 세계 최대 전력 전시회 참가…미래 전력망 해법 제시"
004800,2026.08.25 09:45,매일경제,"효성重, ‘CIGRE 2026’서 차세대 전력망 토털 솔루션 공개… ..."
004800,2026.08.25 09:41,헤럴드경제,"효성重, ‘CIGRE 2026’ 참가…미래 전력망 해법 선보인다"
004800,2026.08.25 11:30,더팩트,"효성家 조현문 ""조현준 증언 대부분 허위…진실 명백히 밝히겠다"""
004800,2026.08.25 10:57,디지털데일리,"효성중공업, 유럽 전력시장 정조준…420㎸ 친환경 GIS 첫 공개"
425420,2026.09.02 08:45,매일경제,“HBM만 반도체인가요”…D램·낸드 후공정 소부장株에도 볕든다 [오늘....
425420,2026.08.20 16:25,뉴스1,주주환원發 반도체 '불기둥' 소부장으로…바이오도 뛰며 코스닥 2%↑
425420,2026.08.19 09:48,SBS Biz,[오늘장 탑픽] HBM 다음은 HBF?…차세대 메모리 새 성장축 주목
425420,2026.08.13 16:55,서울경제,코스피 4거래일 연속 상승…外人 2조 순매수 견인 [마켓시그널]
425420,2026.08.05 09:39,SBS Biz,[이 시각 시황] 양대 지수 동반 강세…AI 수혜주가 시장 견인
425420,2026.07.31 09:50,이데일리,‘제2의 HBM’ 소캠株 불기둥…대덕전자 상한가[특징주]
425420,2026.06.25 09:24,이데일리,마이크론 호실적에 소캠株 동반 강세…심텍 11%↑[특징주]
425420,2026.06.10 08:38,연합뉴스,"NH투자 ""티에프이, AI 서버 시대 테스트 증가 수혜 기대"""
425420,2026.06.10 07:47,이데일리,"티에프이, AI 서버 테스트 수요 정조준…주가도 저평가-NH"
425420,2026.06.10 07:47,이데일리,"티에프이, AI 서버 테스트 수요 정조준…주가도 저평가-NH"
425420,2026.06.10 04:10,머니투데이,반도체 중소형주까지 급반등… 팔천피 탈환
425420,2026.06.09 16:42,머니투데이,"""삼전닉스 믿고 있었어"" 화끈하게 반등...중소형주도 환호"
425420,2026.06.09 13:58,머니투데이,"""삼전닉스만 오르는 게 아냐"" 불붙은 중소형주...상승세 탔다?"
425420,2026.06.09 13:58,머니투데이,"""삼전닉스만 오르는 게 아냐"" 불붙은 중소형주...상승세 탔다?"
062040,2026.09.03 09:13,서울신문,[서울데이터랩]개장 직후 인기 검색 종목 20選
062040,2026.09.03 08:45,뉴시스,"LS證 ""산일전기, 펀더멘털 대비 과도한 저평가…목표가 29만원↑"""
062040,2026.09.03 08:36,아시아경제,"[클릭 e종목]""산일전기, 펀드멘털 압도적 우위인데 과도한 저평가…목..."
062040,2026.09.03 08:36,아시아경제,"[클릭 e종목]""산일전기, 펀드멘털 압도적 우위인데 과도한 저평가…목..."
062040,2026.09.03 08:18,연합뉴스,"LS증권, 산일전기 목표가 16%↑…""과도한 저평가 상태 지속"""
062040,2026.09.03 08:13,한국경제,"""산일전기, 펀더멘털 지표의 압도적 우위에도 저평가 지속…목표가↑....."
062040,2026.09.02 20:41,헤럴드경제,"금리 치솟을 땐 투자전략 달라야…‘고ROA’주, 16개 종목 리스트는?..."
062040,2026.09.02 11:14,헤럴드경제,금리부담 커질수록 자산 잘 굴린 기업 뜬다
062040,2026.09.02 11:14,헤럴드경제,금리부담 커질수록 자산 잘 굴린 기업 뜬다
062040,2026.08.31 13:26,서울경제,삼성전기·SK하이닉스 쓸어담은 초고수…반도체株 약세에도 ‘매수’...
062040,2026.08.31 09:10,머니투데이,"""산일전기, 美 데이터센터 수주 증가 수혜…목표가 30만원"""
062040,2026.08.31 08:19,한국경제,"""산일전기, 온사이트 발전 확대 따른 성장 초입…목표가 30만원""-K..."
062040,2026.08.31 08:19,한국경제,"""산일전기, 온사이트 발전 확대 따른 성장 초입…목표가 30만원""-K..."
062040,2026.08.31 07:10,비즈워치,산일전기 스톡옵션 4인방 초대박 행진…‘넘버2’ 한익희 ‘370억’
062040,2026.08.28 22:07,아이뉴스24,"한가인 ""주식 폭락 전 다 팔아""…""포폴 잘 짰네"" 최근 매입 종목은?"
062040,2026.08.28 10:17,이코노미스트,"한가인 ""주식 다 팔았다"" 보유 종목 살펴보니…무슨 사연?"
062040,2026.08.28 10:17,이코노미스트,"한가인 ""주식 다 팔았다"" 보유 종목 살펴보니…무슨 사연?"
062040,2026.08.28 08:51,한국경제,"""조정 전 싹 팔았다""…한가인 매도 타이밍에 주식고수도 '깜짝'"
062040,2026.08.28 08:33,서울신문,한가인 “삼전닉스 조정 직전 다 팔았다”…주식 강의 듣더니 ‘이것.....
062040,2026.08.28 08:22,파이낸셜뉴스,"""폭락 직전 전량 매도했다""…한가인이 공개한 주식 계좌 내역 보니"
062040,2026.08.28 06:51,한국경제TV,'조정 직전 매도' 한가인…삼전닉스 포함 하루 만에 '14% 뛴 주식...
062040,2026.08.28 11:41,서울경제,"삼성전기에 꽂힌 상위 1%, 하나마이크론·심텍은 팔았다 [주식 초고수...."
062040,2026.08.27 17:12,서울경제,"SKS PE, ‘변압기 제조사’ 성진종합전기 550억 프리IPO 투자 ..."
062040,2026.08.27 17:01,뉴스1,美 전력망 외산 장비 퇴출…中 대체 국내 전력기기주 급등[핫종목](종....
062040,2026.08.27 09:55,뉴스1,"트럼프, 외산 장비 퇴출 행정명령…전력기기주 강세[핫종목]"
062040,2026.08.27 09:55,뉴스1,"트럼프, 외산 장비 퇴출 행정명령…전력기기주 강세[핫종목]"
090360,2026.09.02 16:41,한경비즈니스,"""걷고 뛰는 건 끝""...로봇 시장, '손'의 전쟁"
090360,2026.09.02 11:52,문화일보,"뛰긴 해도, 컵 못쥐는 로봇… 이젠 ‘손’ 전쟁"
090360,2026.08.31 04:01,머니투데이,로봇 몸값 치솟자… LG전자 가치도 뛴다
090360,2026.08.30 08:20,머니투데이,로봇 몸값 치솟는데…LG전자도 '기업가치 재평가' 기대 커진다
090360,2026.08.18 14:01,이데일리,한 달간 ETF 수익률 상위는 로봇 ‘ETF’..수익률 20% ‘쑥’↑
090360,2026.08.15 00:42,조선일보,LG 몸체에 엔비디아 두뇌… 공동 개발 휴머노이드 내년 공개
090360,2026.08.14 18:20,머니투데이,삼성·LG '비밀병기' 맞붙는다…내년 휴머노이드 정면승부
090360,2026.08.06 09:37,SBS Biz,[이 시각 시황] 외국인 매도에 코스피 약세…로봇·바이오 강세
090360,2026.08.06 09:28,조선비즈,"[특징주] 로봇株, 정부 육성책 발표에 장 초반 강세"
090360,2026.07.29 09:37,SBS Biz,[이 시각 시황] 기술적 반등 시도…로봇·반도체주 강세
122640,2026.09.02 09:32,SBS Biz,[이 시각 시황] 유가 급등에 증시 직격탄…코스피 2.5% 하락
122640,2026.08.26 10:21,조세일보,HBM값 내년 최대 140% 오른다는데…삼성·하닉은 ‘찔끔’ [칩칩폭폭...
122640,2026.08.25 17:02,서울경제,기업 공시 [8월 25일]
122640,2026.08.25 14:17,이데일리,"예스티, 삼성전자와 175억 규모 반도체 제조용 장비 계약"
122640,2026.08.25 11:28,헤럴드경제,"예스티, 176억 규모 반도체 제조용 장비 공급계약"
122640,2026.08.25 11:28,헤럴드경제,"예스티, 176억 규모 반도체 제조용 장비 공급계약"
122640,2026.08.21 17:14,머니투데이,"위존, 과기부 'AX 원스톱 바우처 지원사업' 선정…예스티 제조 AX ..."
122640,2026.08.19 10:13,조세일보,25만전자 붕괴·SK하이닉스 9%↓…소부장은 ‘역주행’ [칩칩폭폭]
122640,2026.08.17 16:30,머니투데이,"""확신의 매수 구간""…비중확대 추천한 반도체 종목은"
122640,2026.08.13 16:31,지디넷코리아,"HPSP ""삼성에 납품한 장비 영상 추가 제출해야"" vs. 예스티 ""두..."
122640,2026.08.13 10:40,조세일보,AI 투자 기대 여전…SK하이닉스 7%·삼성전기 11% 급등 [칩칩폭폭...
122640,2026.08.12 10:08,이데일리,"예스티, 日 요나타 일렉트로닉스와 합작법인 설립 MOU"
039030,2026.09.04 09:08,한국경제,"코스피, 美 금리인상 우려 완화에 1%대 강세…코스닥도 상승"
039030,2026.09.04 08:31,SBS Biz,"[어제장 오늘장] 코스피 30분 급락 후 급반등…커지는 변동성, 오늘은..."
039030,2026.09.04 07:55,SBS Biz,[애프터마켓 리뷰] 수급 공백에 흔들린 증시…삼전닉스 또 하락
039030,2026.09.03 19:39,디지털데일리,"코스피, 장중 6440선까지 급락 후 반등…롤러코스터 끝 0.3%↑"
039030,2026.09.03 16:24,헤럴드경제,장중 4%P 널뛴 코스피…1.8% 급등→1.9% 급락에도 6579선 ...
039030,2026.09.03 16:24,헤럴드경제,장중 4%P 널뛴 코스피…1.8% 급등→1.9% 급락에도 6579선 ...
039030,2026.09.03 17:41,머니투데이,"""장 마감 1시간 전 무슨 일"" 기관 물량 와르르...코스피 급락"
039030,2026.09.03 16:02,머니투데이,코스피 美금리·전쟁 불안 속 6500 제자리…코스닥 800 반납
039030,2026.09.03 16:02,머니투데이,코스피 美금리·전쟁 불안 속 6500 제자리…코스닥 800 반납
039030,2026.09.03 16:50,서울신문,[마감시황]코스닥 790.21로 4거래일 연속 하락…외국인·기관 동반 ...
039030,2026.09.03 16:35,노컷뉴스,6500 위태로운 코스피…자사주 매수도 '투매' 막기 역부족
039030,2026.09.03 16:28,뉴스1,오후 2시 갑자기 급락?…'수급 절벽' 코스피 6600선 아래로[시황종...
039030,2026.09.03 16:24,데일리안,아무도 안 사는 코스피…6570선 강보합 마감 [시황]
039030,2026.09.03 16:19,연합뉴스,"코스피, '급락후 급반등' 널뛰기에 6,500대 강보합 마감(종합)"
039030,2026.09.03 16:07,아시아경제,"코스피, 장 중 6500선 깨졌다 회복 마감…코스닥은 하락"
039030,2026.09.03 16:03,아이뉴스24,코스피 6500선 지켰지만…개미 1조 '이탈'
039030,2026.09.03 16:01,더팩트,"코스피, 6400선까지 밀렸다가 극적 강보합 마감"
039030,2026.09.03 15:49,매일경제,"급등락 ‘널뛰기’하던 코스피, 6500대 강보합 마감…코스닥은 하락"
039030,2026.09.03 15:47,한국경제,"코스피, 위험 회피 심리 강화돼 '전강후약'…코스닥 800 무너져"
039030,2026.09.03 15:35,이데일리,"[속보]코스피, 아쉬운 수급 '강보합' 턱걸이...'기타법인'만 산다"
039030,2026.09.03 14:46,뉴스1,"""나만 사나 봐"" 기타법인 1.5조 순매수…'수급 절벽' 코스피 650..."
039030,2026.09.03 13:40,이데일리,"코스피, 6700선 목전…금융·2차전지 '순환매'에 상승폭 확대"
039030,2026.09.03 13:34,서울신문,"[서울데이터랩]코스닥 시총 상위주 혼조…이오테크닉스 7%대 강세, 알...."
039030,2026.09.03 11:38,SBS Biz,미국발 훈풍에 코스피 반등하며 6600선 회복
039030,2026.09.03 11:17,연합뉴스,"코스피, 장중 상승폭 키워 6,600대…코스닥은 약세 지속"
039030,2026.09.03 10:43,한국경제,삼전·닉스 자사주 매입 수급이 이끄는 코스피 강세…코스닥은 하락
039030,2026.09.03 10:16,세계일보,美 국채금리 진정에 코스피 반등… 코스닥은 800선 깨져
039030,2026.09.03 10:09,데일리안,수급 주체가 없다…코스피 1% 상승 출발 [시황]
039030,2026.09.03 09:53,아이뉴스24,"코스피, 금리 진정에 6600선 회복?코스닥 800선 붕괴"
039030,2026.09.03 09:47,연합뉴스,"코스피, 美증시 반등에 장 초반 소폭 상승…코스닥은 하락전환(종합)"
039030,2026.09.03 09:37,머니투데이,美 금리 공포 잦아들자 코스피 안도…6600 회복·반도체 반등
039030,2026.09.03 09:33,디지털데일리,외국인 매도에도 코스피 상승 출발…반도체株가 끌어올렸다
039030,2026.09.03 09:33,SBS Biz,[이 시각 시황] 알래스카 기대감에 철강주 급등…반도체·원전주도 반.....
039030,2026.09.03 09:32,뉴스1,"코스피, 美증시 반등에 6600선 회복…외인·기관 매도 지속[개장시황...."
039030,2026.09.03 09:22,더팩트,"코스피, 美 국채금리 급등세 진정에 상승 출발…삼성전자·SK하이닉스....."
039030,2026.09.03 09:20,서울신문,"[서울데이터랩] 코스닥, 개장 직후 814.31까지 올랐다가 약보합 전..."
039030,2026.09.03 09:15,한국경제,"코스피, 개인 매수에 상승 출발…금리 상승세 둔화 조짐에 안도"
039030,2026.09.03 09:03,이데일리,"[속보]코스피, 美 국채 금리 진정에 1%대 반등 출발…코스닥도 강세"
039030,2026.09.03 08:30,SBS Biz,[어제장 오늘장] 자사주 방어막도 ‘와르르’…유가·금리 진정에 오...
039030,2026.09.03 07:51,SBS Biz,[애프터마켓 리뷰] K-바이오 재평가 기대 확산…일동제약 등 급등
039030,2026.09.02 16:19,뉴스1,코스피 6600선 아래로…개인·자사주 '연합 방어' 4조 순매수[시황종...
039030,2026.09.02 16:17,아이뉴스24,반도체 주주환원 누른 美 '금리쇼크'?코스피 4%↓
039030,2026.09.02 16:14,뉴시스,'중동 쇼크'에 주저 앉은 코스피…4% 내리며 6570선 후퇴
039030,2026.09.02 16:14,더팩트,"코스피, 유가·금리 불안에 3%대 하락 마감…삼전·닉스 4%↓"
039030,2026.09.02 16:12,머니투데이,"외인+기관 4조원 매도에 코스피, 6600선 하회… 유가·금리 부담 ↑"
039030,2026.09.02 16:11,한국경제,유가·금리 급등 '이중고'에 삼전닉스도 못버텨…코스피 4% 급락
039030,2026.09.02 16:10,연합뉴스,"중동 긴장 고조에 코스피 4% 급락해 6,500대로…코스닥도 2.1%↓..."
039030,2026.09.02 16:03,SBS,"중동 긴장 고조에 코스피 4% 급락해 6,500대로…코스닥도 2.1%..."
039030,2026.09.02 16:03,SBS,"중동 긴장 고조에 코스피 4% 급락해 6,500대로…코스닥도 2.1%..."
039030,2026.09.02 16:06,매일경제,"코스피, 중동 긴장 여파에 6500대 하락 마감…코스닥도 사흘째 내려"
039030,2026.09.02 15:56,서울신문,[마감시황]코스닥 803.98로 2.10% 하락 마감…중동 긴장 속 3...
039030,2026.09.02 15:51,아시아경제,"코스피, 유가·금리 부담에 4%대 하락 마감"
039030,2026.09.02 15:51,데일리안,"코스피, 유가·금리 부담에 6500선 후퇴 [시황]"
039030,2026.09.02 15:35,이데일리,[속보]국제유가·금리 부담에 코스피 3.99%↓ 마감…6500선으로 후...
039030,2026.09.02 14:00,이데일리,국제유가·금리 부담에 코스피 3.74%↓…6500대로 하락
039030,2026.09.02 13:47,아시아경제,"코스피, '반짝' 상승 후 다시 하락세…3.7%↓"
039030,2026.09.02 13:24,서울신문,"[서울데이터랩]코스닥 시총 상위주 혼조…알테오젠 강세, 2차전지·바....."
039030,2026.09.02 12:02,뉴스1,중동 리스크·금리 부담에 코스피 3%↓…코스닥 소부장 강세[장중시황.....
039030,2026.09.02 11:41,조선비즈,외국인·기관 동반 매도세에 힘 못 쓰는 코스피…3%대 하락세
039030,2026.09.02 11:23,연합뉴스,"코스피, 장중 3%대 내려 6,620대…코스닥은 낙폭 일부 만회"
039030,2026.09.02 10:10,세계일보,유가 급등에 코스피 6620선 털썩…외인·기관 매도에도 개미는 6400...
039030,2026.09.02 10:04,데일리안,"코스피, 중동 긴장감에 2% ‘뚝’…외인 여전히 ‘팔자’ [시황]"
039030,2026.09.02 09:52,아이뉴스24,"코스피, 유가·국채금리 동반 상승에 2%대↓?반도체株 '흔들'"
039030,2026.09.02 09:44,서울경제,삼전닉스 3%대 동반 약세…코스피 3% 급락해 6600선[마켓시그널]
039030,2026.09.02 09:43,뉴스1,"코스피, 유가·금리 쇼크에 2.7% 급락…자사주 매수세 '주목' [개장..."
039030,2026.09.02 09:41,머니투데이,"코스피, 장 초반 2%대 '뚝'… 유가·금리 동반 상승에 투심 위축"
039030,2026.09.02 09:37,뉴시스,"'중동 쇼크' 코스피, 급락 출발 후 낙폭 축소…6700선 회복 시도"
039030,2026.09.02 09:32,디지털데일리,외국인·기관 동반 매도…코스피 장 초반 2%대 급락·삼성전자 2.9%↓
039030,2026.09.02 09:32,서울신문,"[서울데이터랩] 코스닥, 장 초반 802.80 출발 후 796.34까지..."
039030,2026.09.02 09:20,더팩트,美 이란 공습에 코스피 '휘청'…장 초반 2.8% 급락
039030,2026.09.02 09:17,매일경제,"‘美 증시 역풍’ 맞은 코스피, 3%대 하락 출발…코스닥도 800선 내..."
039030,2026.09.02 09:04,이데일리,[속보]중동발 유가·금리 충격에 코스피 2%대↓…코스닥도 약세
039030,2026.09.02 09:04,조선비즈,美 국채금리·유가 급등에…코스피 3%대 하락 출발
039030,2026.09.02 08:45,매일경제,“HBM만 반도체인가요”…D램·낸드 후공정 소부장株에도 볕든다 [오늘....
039030,2026.09.02 04:00,머니투데이,"개인·외인·기관 떠난 코스피, 자사주가 지켰다"
039030,2026.09.01 17:01,이코노미스트,개인·외국인·기관 모두 팔았는데 기타법인만 샀다…코스피 0.23% 상승...
039030,2026.09.01 16:09,뉴스1,오늘도 기타법인만 '사자'…1.7조 매수에 코스피 상승 마감 [시황종...
039030,2026.09.01 16:09,뉴스1,오늘도 기타법인만 '사자'…1.7조 매수에 코스피 상승 마감 [시황종...
039030,2026.09.01 16:35,이데일리,기타법인이 또 구원투수?…코스피 ‘6800선’ 지키며 ‘강보합’ 마감
039030,2026.09.01 13:55,이데일리,美·이란 충돌 속 코스피 6800선 보합권 공방…기타법인 ‘자사주 매...
039030,2026.09.01 13:55,이데일리,美·이란 충돌 속 코스피 6800선 보합권 공방…기타법인 ‘자사주 매...
039030,2026.09.01 16:22,아이뉴스24,"코스피, '전약후강' 6800선 회복…반도체 자사주 매입 효과"
039030,2026.09.01 16:16,디지털데일리,외국인·기관 팔았지만 막판 반등…코스피 6835선 마감
039030,2026.09.01 16:15,서울신문,"[마감시황]코스닥, 외국인·기관 매도에 821.25 마감…이틀 연속 하..."
039030,2026.09.01 16:12,머니투데이,미·이란 충돌에도 코스피 강세 마감…기타법인 나홀로 지수방어
039030,2026.09.01 09:31,머니투데이,미·이란 무력 공방 재개…코스피·코스닥 일제히 하락 출발
039030,2026.09.01 09:31,머니투데이,미·이란 무력 공방 재개…코스피·코스닥 일제히 하락 출발
039030,2026.09.01 16:09,데일리안,중동 불안 딛고 막판 반등…코스피 6830선 강보합 [시황]
039030,2026.09.01 15:56,아시아경제,"코스피, 6800선 강보합 마감…코스닥은 하락"
039030,2026.09.01 15:53,더팩트,'삼전닉스'가 끌어올린 코스피…코스닥은 820선까지 밀렸다
039030,2026.09.01 13:58,뉴스1,"코스피, 상승 전환 6730선…기타법인 1.3조 '사자' [장중시황]"
039030,2026.09.01 13:41,서울신문,[서울데이터랩]코스닥 시총 상위주 약세 확산…알테오젠·에코프로·에...
039030,2026.09.01 10:04,데일리안,美·이란 충돌에 외인·기관 '팔자'…코스피 6700선[시황]
039030,2026.09.01 09:45,아이뉴스24,"코스피, 중동 리스크에 6700선 하락 출발…코스닥 동반 약세"
039030,2026.09.01 09:33,서울신문,"[서울데이터랩] 코스닥, 9월 첫 거래일 822.38 마감…외국인·기관..."
039030,2026.09.01 09:32,뉴스1,"코스피, 외인·기관 '팔자'에 6780선 약세…美 유가·금리 부담 [개..."
039030,2026.09.01 09:24,아시아경제,코스피·코스닥 동반 약세…장중 1%대 하락
039030,2026.09.01 09:22,더팩트,"코스피, 외인·기관 매도에 1% 가까이 하락…6750선 후퇴"
039030,2026.09.01 09:17,디지털데일리,"외국인·기관 동반 매도…코스피 장 초반 0.9%↓, 반도체주 약세"
039030,2026.09.01 09:02,이데일리,[속보] 美이란 충돌·유가 상승 여파에 코스피·코스닥도 동반 약세
039030,2026.09.01 08:48,SBS Biz,[어제장 오늘장] 삼전·하이닉스 자사주 매입에 반등…9월 7천피 넘을....
039030,2026.08.31 17:51,머니투데이,삼전닉스 자사주 매입이 받친 코스피…美 실적·고용 주목
039030,2026.08.31 16:14,머니투데이,코스피 6820.02 마감…삼전닉스 '자사주 매입'이 받쳤다
039030,2026.08.31 16:14,머니투데이,코스피 6820.02 마감…삼전닉스 '자사주 매입'이 받쳤다
039030,2026.08.31 16:35,디지털데일리,장중 3.5% 급락 뒤 ‘대반전’…삼성전자·SK하이닉스가 코스피 살렸다
039030,2026.08.31 16:20,뉴스1,"삼전닉스 '자사주의 힘'…코스피, 급락 딛고 6820 마감[시황종합]"
039030,2026.08.31 15:05,뉴스1,삼전닉스 '자사주 방어'…코스피 3% 급락 딛고 보합권 [장중시황]
039030,2026.08.31 15:05,뉴스1,삼전닉스 '자사주 방어'…코스피 3% 급락 딛고 보합권 [장중시황]
039030,2026.08.31 16:18,더팩트,"지독한 횡보장 갇힌 코스피, 6800선 회복…코스닥은 하락 마감"
039030,2026.08.31 16:13,파이낸셜뉴스,삼전닉스 상승 반전에 코스피도 6800 회복 [fn마감시황]
039030,2026.08.31 15:54,데일리안,"코스피, 삼전닉스 반등에 6800선 회복 [시황]"
039030,2026.08.31 15:54,데일리안,"코스피, 삼전닉스 반등에 6800선 회복 [시황]"
039030,2026.08.31 16:03,서울경제,외인 순매도에도 코스피 6820선 마감…삼전닉스 1%대 반등[이런국장 ...
039030,2026.08.31 15:56,매일경제,"‘뒷심’ 살아난 코스피, 6800대 상승 전환 마감…코스닥은 내려"
039030,2026.08.31 13:44,뉴스1,반도체 낙폭 줄이며 코스피 6600선 회복…외인 매수세 유입[장중시황....
039030,2026.08.31 13:32,이데일리,"겹악재에 코스피 1%대 약세…기타법인, 9일째 매수로 방어"
039030,2026.08.31 10:18,세계일보,"코스피 6600선 위태…美금리인상 우려에 국내 증시도 약세, 외인 34..."
039030,2026.08.31 09:50,연합뉴스,"코스피, 美금리인상 우려에 1%대 내려 6,600대…코스닥도 급락(종합..."
039030,2026.08.31 16:13,파이낸셜뉴스,삼전닉스 상승 반전에 코스피도 6800 회복 [fn마감시황]
039030,2026.08.31 15:54,데일리안,"코스피, 삼전닉스 반등에 6800선 회복 [시황]"
039030,2026.08.31 15:54,데일리안,"코스피, 삼전닉스 반등에 6800선 회복 [시황]"
039030,2026.08.31 16:03,서울경제,외인 순매도에도 코스피 6820선 마감…삼전닉스 1%대 반등[이런국장 ...
039030,2026.08.31 15:56,매일경제,"‘뒷심’ 살아난 코스피, 6800대 상승 전환 마감…코스닥은 내려"
039030,2026.08.31 15:05,뉴스1,삼전닉스 '자사주 방어'…코스피 3% 급락 딛고 보합권 [장중시황]
039030,2026.08.31 13:44,뉴스1,반도체 낙폭 줄이며 코스피 6600선 회복…외인 매수세 유입[장중시황....
039030,2026.08.31 13:32,이데일리,"겹악재에 코스피 1%대 약세…기타법인, 9일째 매수로 방어"
039030,2026.08.31 10:18,세계일보,"코스피 6600선 위태…美금리인상 우려에 국내 증시도 약세, 외인 34..."
039030,2026.08.31 09:50,연합뉴스,"코스피, 美금리인상 우려에 1%대 내려 6,600대…코스닥도 급락(종합..."
039030,2026.08.31 09:46,데일리안,美 금리 인상 우려에…코스피 장중 6500선 후퇴 [시황]
039030,2026.08.31 09:40,서울신문,"[서울데이터랩] 코스닥, 장 초반 3% 급락…반도체 약세에 805.14..."
039030,2026.08.31 09:40,서울신문,"[서울데이터랩] 코스닥, 장 초반 3% 급락…반도체 약세에 805.14..."
039030,2026.08.31 09:40,매일경제,美 금리 인상 우려 덮쳤다…코스피 6600선 하락 출발 후 낙폭 축소
039030,2026.08.31 09:38,머니투데이,"""온통 파란불이네""…6600선 깨진 코스피, 쓸어담는 개미"
039030,2026.08.31 09:34,뉴스1,'매파 워시' 충격에 코스피 3.5% 급락…삼전닉스 4%↓ [개장시황]
039030,2026.08.31 09:31,뉴시스,"""워시 매파적 발언에""…코스피, 장 초반 6500선 '털썩'"
039030,2026.08.31 09:26,더팩트,"코스피, 외인·기관 '팔자' 장 초반 최대 3%↓…6500선 위태"
039030,2026.08.31 09:24,디지털데일리,"코스피, 외인·기관 매도에 2.2%↓…삼성전자·SK하이닉스 3% 안팎 ..."
039030,2026.08.28 17:20,서울경제,유동시총 상위 10개 기업 투자 1개월 수익률 15%로 1위 [ETF ...
039030,2026.08.28 16:30,뉴스1,"美 채권금리 다시 압박, 외인 1.7조 순매도…코스피 6780선 밀려[..."
039030,2026.08.28 16:06,매일경제,"“엔비디아 호재에도 맥못췄다”…코스피, 반도체주 약세에 6800선 하...."
124500,2026.09.03 07:00,중앙일보,금 기반 디지털 자산의 시간이 온다 [트랜D]
124500,2026.09.01 16:44,디지털타임스,"아이티센그룹, ‘에이전트고 가드’ 정식 출시…안전한 AI 생태계 구축...."
124500,2026.09.01 16:18,조선비즈,"아이티센그룹, AI 통합 보안 솔루션 ‘에이전트고 가드’ 출시"
124500,2026.09.01 16:18,조선비즈,"아이티센그룹, AI 통합 보안 솔루션 ‘에이전트고 가드’ 출시"
124500,2026.09.01 14:43,지디넷코리아,"AI 확산에 보안 위협도 커졌다…아이티센그룹, '에이전트고 가드' 출..."
124500,2026.09.01 14:37,전자신문,"아이티센그룹, AI 보안 리스크 잡는 통합 솔루션 '에이전트고 가드'..."
124500,2026.09.01 10:40,아이뉴스24,"아이티센그룹, 엔터프라이즈 AI 보안 솔루션 '에이전트고 가드' 출시"
124500,2026.09.01 10:27,블로터,"아이티센, 프롬프트 공격 막는 '에이전트고 가드' 출시"
124500,2026.09.01 09:48,매일경제,"아이티센그룹, 엔터프라이즈 AI 보안 솔루션 ‘에이전트고 가드’ 출...."
124500,2026.09.01 16:24,블로터,"아이티센씨티에스, 최대주주에 50억원 CB…차입금 상환"
124500,2026.09.01 15:31,디지털데일리,"아이티센씨티에스, 최대주주 대상 50억원 CB 발행"
124500,2026.09.01 15:31,디지털데일리,"아이티센씨티에스, 최대주주 대상 50억원 CB 발행"
124500,2026.09.01 15:04,지디넷코리아,"아이티센씨티에스, 아이티센글로벌 대상 50억원 CB 발행…재무부담 낮..."
124500,2026.09.01 13:38,전자신문,"아이티센씨티에스, 최대주주 아이티센글로벌 대상 50억 CB발행"
124500,2026.09.01 09:37,SBS Biz,[이 시각 시황] 9월 증시 ‘먹구름’…외국인·기관 동반 매도
124500,2026.08.31 16:39,지디넷코리아,"[ZD SW 투데이] 클루커스, 'K-ICT 위크 인 부산' 참가 外"
124500,2026.08.31 09:40,서울신문,"[서울데이터랩] 코스닥, 장 초반 3% 급락…반도체 약세에 805.14..."
124500,2026.08.31 08:35,SBS Biz,"[투자자 순매수 TOP5] 외국인, 유가증권시장 9조원 순매도…'삼전닉..."
124500,2026.08.29 16:21,아시아경제,"""지금 사도 안 늦었나"" 금값 더 오른다는데…개미들 2000억 베팅한 ..."
124500,2026.08.28 14:30,전자신문,"[ESG경영 우수사례] “AI 품질인증부터 사람 중심 채용, 그룹 통합..."
124500,2026.08.27 08:10,아시아경제,美 국채 흔들리자 '대체 자산' 금·은·동·비트코인 동반 강세
088350,2026.09.04 07:10,데일리안,AI·마이데이터 타고 금리인하 요구↑…카드·보험 수용률↓
088350,2026.09.04 06:21,서울경제,포화된 보험시장…M&A·합병·증자로 돌파구
088350,2026.09.03 18:07,서울경제,좁아진 안방시장…M&A·합병·증자로 새판
088350,2026.09.03 17:34,TV조선,대기업 사익편취 규제 회사 첫 1000곳 돌파
088350,2026.09.03 16:51,블로터,"한화생명, 이익잉여금 7.5조 쌓아도 '배당 재개' 불투명"
088350,2026.09.03 15:40,시사저널,'내수 우물' 벗어나는 삼성 금융…'삼전 배당금' 실탄으로 해외 M&A...
088350,2026.09.03 15:18,뉴스1,삼성전자 '배당 실탄' 장전한 삼성생명·화재…해외 투자 속도 낸다
088350,2026.09.03 15:18,뉴스1,삼성전자 '배당 실탄' 장전한 삼성생명·화재…해외 투자 속도 낸다
088350,2026.09.03 15:01,헤럴드경제,망분리 완화 금융사 15곳 선정한다…10월부터 1년간 적용
088350,2026.09.03 13:51,조세일보,"한화생명, 치매 돌봄에 AI 입힌다…15개 혁신 솔루션 발굴"
088350,2026.09.03 11:26,뉴시스,"한화생명, 치매 돌봄 솔루션 15개 발굴…1.7억 후속 지원"
088350,2026.09.03 11:26,뉴시스,"한화생명, 치매 돌봄 솔루션 15개 발굴…1.7억 후속 지원"
088350,2026.09.03 11:07,헤럴드경제,"한화생명, 초기 치매 예방 설루션 아이디어 발굴"
088350,2026.09.03 09:45,헤럴드경제,"한화생명, 초기 치매 예방 설루션 아이디어 발굴"
088350,2026.09.03 09:32,전자신문,"한화생명, 일상 통화로 '치매 징후' 포착하는 AI 솔루션 발굴"
088350,2026.09.03 13:43,더팩트,"한화생명, 치매 징후 예방·완화 솔루션 발굴 공모전 시상식"
088350,2026.09.03 11:14,뉴스1,"한화생명, 일상 통화로 치매 징후 포착하는 AI 솔루션 발굴"
088350,2026.09.03 11:14,뉴스1,"한화생명, 일상 통화로 치매 징후 포착하는 AI 솔루션 발굴"
088350,2026.09.03 13:30,서울신문,"[서울데이터랩]코스피 거래상위 종목, 조선·해운·철강 강세…SK오션....."
088350,2026.09.03 12:45,뉴시스,대기업 주식보상 65.7% 급증…삼성전자가 절반 넘었다
088350,2026.09.03 12:01,노컷뉴스,대기업 총수·친족 11명에 주식보상 약정…웅진 2세 221만주
088350,2026.09.03 12:01,노컷뉴스,대기업 총수·친족 11명에 주식보상 약정…웅진 2세 221만주
088350,2026.09.03 12:37,아이뉴스24,유진그룹 이어 웅진도 경영승계에 RSU 활용
088350,2026.09.03 11:39,머니투데이,"금리 발작에 삼전닉스 힘 빠지는데…""여긴 금리 덕 본다"" 우르르"
088350,2026.09.03 11:02,블로터,"교보생명, 여성 리더 선제적 '파이프라인'…임원도 3명서 6명으로"
088350,2026.09.03 10:06,이데일리,금리 뛰자 금융주도 뛴다…보험·금융지주 동반 강세[특징주]
088350,2026.09.03 09:50,뉴스1,금리상승·주주환원 '보험주 강세'…한화생명 7%·DB손보 6%↑[핫종목...
088350,2026.09.03 07:05,조세일보,보험사 '세금 2조 클럽' 달성...삼성화재·DB손보 8800억 납부 ...
088350,2026.09.03 07:00,머니투데이,"""돈은 있는데"" M&A '큰 장' 앞에 작아진다...보험사 규제 '족쇄..."
088350,2026.09.02 16:10,머니투데이,"""인수자금 충분한데""..한도규제 막혀 M&A '물먹는' 보험사들"
088350,2026.09.02 16:10,머니투데이,"""인수자금 충분한데""..한도규제 막혀 M&A '물먹는' 보험사들"
088350,2026.09.03 05:05,서울신문,저축銀 순익 3배 뛰었지만… OK·한투 ‘절반 독식’
088350,2026.09.02 18:10,한국경제,"""내수시장 성장판 닫혔다"" DB·한화도 잇달아 해외 금융사 인수"
088350,2026.09.02 17:56,한국경제TV,"""발 담그지 말았어야""...손해보고 도로 뺀 '36조' 역대급 상황"
088350,2026.09.02 17:39,한국경제,"""올해 보험 M&A트렌드는 AI·데이터 역량과 자산운용 등 수익원 확보..."
088350,2026.09.02 15:01,전자신문,"보험사, '해약환급금준비금' 반년새 9조원 급증…제도개선 시급"
088350,2026.09.02 15:01,더팩트,새 성장판 찾는 삼성·한화·교보생명…해외·종합금융·지주 전환 '삼...
088350,2026.09.02 13:26,조세일보,변액보험 9월 브랜드평판 1위 미래에셋생명...2·3위 삼성·교보생명
088350,2026.09.02 13:24,서울신문,"[서울데이터랩]코스피 거래상위 종목 혼조…SK디앤디·디아이 급등, 삼...."
088350,2026.09.02 11:14,아이뉴스24,[종신보험 민낯②] 삼성·한화·교보 5만건 '가입 취소'?3년 새 2배
088350,2026.09.02 06:01,한국경제,"""ETF는 이제 지쳤다""…두 달 만에 5.5조 몰린 '뜻밖의 상품'"
088350,2026.09.01 16:59,디지털데일리,[단독] 팀째 이직한 한화금융서비스 前 지점장…경업금지 소송 패소 .....
088350,2026.09.01 16:37,매일경제,“대출 이자 부담된다”…보험사 금리인하 신청늘었지만 수용은 감소
088350,2026.09.01 16:00,비즈워치,외면받았던 신용생명보험…'상생보험'으로 역할 찾았다
088350,2026.09.01 14:54,전자신문,"보험사 배당 발목 잡던 '해약환급금준비금' 손본다…당국, 업계 의견....."
088350,2026.09.01 08:21,비즈워치,[인사이드 스토리]배당 막는 준비금?…DB손보가 짚은 '진짜 변수'
088350,2026.09.01 08:21,비즈워치,[인사이드 스토리]배당 막는 준비금?…DB손보가 짚은 '진짜 변수'
088350,2026.09.01 14:48,파이낸셜뉴스,"한화, '코트야드 바이 메리어트 수원' 매각...1000억원 규모 [f..."
088350,2026.09.01 13:41,서울신문,"[서울데이터랩]코스피 거래상위 종목 혼조…현대약품 24%대 급등, 삼성..."
088350,2026.09.01 09:01,한국경제,"젠지가 이기면 '늘 먹던 맛’, 지면 혼돈의 '매운맛' [이주현의 로그..."
088350,2026.09.01 07:00,뉴시스,계리가정 기준 강화에 보험사 희비…왜 엇갈렸나
088350,2026.08.31 17:58,매일경제,외국인 설계사 뛴다…'月소득 1억' 보험왕까지 탄생
088350,2026.08.31 16:46,디지털데일리,"금리 오르자 보험주도 뛰었다…한 달 새 17% 상승, 은행의 3배"
088350,2026.08.31 14:26,디지털데일리,"[e모션] 플레이-인 뚫은 KT, DK까지 완파…T1도 5세트 끝 생존"
088350,2026.08.31 12:47,매일경제,"[2026 LCK PI·PO] KT롤스터·BNK 피어엑스, T1·KT..."
088350,2026.08.31 12:47,매일경제,"[2026 LCK PI·PO] KT롤스터·BNK 피어엑스, T1·KT..."
088350,2026.08.31 10:56,지디넷코리아,"라이엇 LCK, 플레이오프 2R 대진 확정…9월 1일 일정 돌입"
088350,2026.08.31 09:27,한국경제,"한화, 인적분할 이후 연일 강세…4거래일간 34%↑"
088350,2026.08.31 06:20,뉴스1,대형 생보사 상반기 실적 이끈 투자손익…주가·환율 상승 '일회성 효.....
088350,2026.08.30 17:11,뉴시스,가계대출 빗장 풀리자…보험사도 주담대 창구 속속 재개
088350,2026.08.30 13:28,이데일리,"기준금리 3% 시대, 금융업 희비…은행·보험주 뜨고 증권주 저무나"
088350,2026.08.30 09:01,이코노미스트,수천억 된 회장님 RSU…대체 얼마까지 줘도 되나
088350,2026.08.29 16:54,아시아경제,방산·조선 날개 단 한화…주가 언제까지 오를까
088350,2026.08.29 10:00,디지털데일리,“죽어서 받는 돈 옛말”…사망보험금도 연금처럼 받는다 [MZ 재테크]
088350,2026.08.29 07:30,연합뉴스,"[아시안게임] ⑬ LoL은 2연패, 배그는 첫 금…e스포츠 출격"
088350,2026.08.29 07:30,연합뉴스,[아시안게임] 메달 기대주 ⑬리그오브레전드 '페이커' 이상혁
088350,2026.08.29 07:20,머니투데이,상반기 보험사 연봉 1위는?…성과급 따라 실제 연봉은 제각각
088350,2026.08.28 11:57,뉴스1,"생명보험재단, '힐링톡톡' 대학생 서포터즈 8기 출범"
044490,2026.08.24 08:44,이데일리,"태웅로직스, 이투마스 652억에 인수…글로벌 이커머스 물류 사업 진출"
044490,2026.08.24 08:37,뉴시스,"태웅로직스, 이투마스 지분 74.92% 652억원에 인수"
044490,2026.08.24 08:37,뉴시스,"태웅로직스, 이투마스 지분 74.92% 652억원에 인수"
044490,2026.08.24 08:36,아시아경제,"태웅로직스, 이투마스 경영권 인수 본계약 체결"
044490,2026.08.19 19:07,매일경제,BB크림으로 뜨더니 이번엔 스킨케어 대박…코스메카코리아 이번엔 ‘...
044490,2026.08.04 19:48,부산일보,"창업 반세기 만에 노조 생긴 두 기업, 닮은 꼴 노사 갈등"
044490,2026.07.14 19:55,국제신문,"태웅, 이번엔 아프리카 산업플랜트…105억 수주 ‘잭팟’"
044490,2026.07.11 16:07,한경비즈니스,"원전, 잠자는 SMR 깨우기…두에빌 주목 [베스트 애널리스트 추천 종목..."
044490,2026.07.10 09:34,SBS Biz,[이 시각 시황] AI 데이터센터 훈풍…전력·광통신·반도체주 일제히.....
044490,2026.07.09 20:01,국제신문,"태웅, SMR(소형모듈원자로) 넘어 英 대형원전 사업 진출…유럽 공략 ..."
044490,2026.07.09 15:24,한국경제,"태웅, 영국 대형 원전 프로젝트 수주"
044490,2026.07.09 15:24,한국경제,"태웅, 영국 대형 원전 프로젝트 수주"
044490,2026.07.07 21:00,부산일보,반도체 쏠림에 소외된 부산 상장사 ‘초라한 성적표’
044490,2026.07.06 11:19,뉴스1,코스피 역대급 호황에도 부산 상장사 시총은 감소…왜?
044490,2026.06.23 07:41,KBS,상공계와 첫 만남…“해양 수도로 재도약”
377300,2026.09.04 08:55,아시아경제,"카카오페이증권, '카톡 친추'하면 추첨해 '삼전 1주' 준다"
377300,2026.09.04 00:01,더팩트,"'성장에만 눈멀었나'…신호철 카카오페이증권, 민원 829% 폭증에 금감..."
377300,2026.09.03 12:01,데일리안,성수동에 뜬 '노란우산'…생일 맞아 팝업스토어 연다
377300,2026.09.03 11:01,전자신문,[카카오 톡쇼핑+] 추석 준비도 마무리도 한 번에…카카오 쇼핑으로 한....
377300,2026.09.03 10:36,전자신문,"이마트24, '구황작물'로 가을 입맛 공략…차별화 상품 5종 선봬"
377300,2026.09.03 09:22,뉴시스,"고구마 아이스크림·감자 김밥…이마트24, '구황작물' 테마 상품 출시"
377300,2026.09.03 09:22,뉴시스,"고구마 아이스크림·감자 김밥…이마트24, '구황작물' 테마 상품 출시"
377300,2026.09.03 10:25,뉴스1,"카카오, 카톡 기반 유료 멤버십 준비에 3%↑ [핫종목]"
377300,2026.09.03 09:43,더팩트,"국민 앱 카톡도 '구독제' 도입…카카오 멤버십, 새 수익원 될까"
377300,2026.09.03 09:43,더팩트,"국민 앱 카톡도 '구독제' 도입…카카오 멤버십, 새 수익원 될까"
377300,2026.09.03 10:01,서울경제,"무신사 스탠다드, 일본서 7배 성장…‘K패션’ 영토 넓힌다"
377300,2026.09.02 17:42,서울경제,금융·교통·엔터·쇼핑 하나로…카카오 멤버십 나온다
377300,2026.09.02 17:33,한국경제,"카카오, 멜론·택시 묶어 멤버십 내놓는다"
377300,2026.09.02 17:33,한국경제,"카카오, 멜론·택시 묶어 멤버십 내놓는다"
377300,2026.09.02 15:45,한국경제,카톡판 '통합 멤버십' 나온다…카카오가 꺼낸 '야심작' 뭐길래
377300,2026.09.02 14:39,중앙일보,"카카오, ‘통합 멤버십’ 준비…톡에 쇼핑·택시·콘텐트 묶는다 [팩플...."
377300,2026.09.02 14:34,전자신문,"카카오, 통합 멤버십 준비…계열사 서비스 묶나"
377300,2026.09.02 14:14,한국경제TV,"카톡에 택시·뮤직·쇼핑 묶는다…카카오, 멤버십 출시 임박"
377300,2026.09.02 11:44,한겨레,‘카카오 멤버십’ 이르면 10월 출시…택시·음악·쇼핑 다 묶는다
377300,2026.09.02 08:39,뉴시스,"톡 하나로 택시·음악·쇼핑 다 묶는다…카카오 멤버십, 내달 출격"
377300,2026.09.02 16:35,데일리안,인뱅 ‘1강 2중’ 굳어지나…카뱅 독주 속 케뱅·토뱅 ‘2위 전쟁’
377300,2026.09.02 16:16,이데일리,카카오 멤버십 준비…AI 에이전트 생태계 확대 포석
377300,2026.09.02 11:35,헤럴드경제,모든 서비스 한번에…‘카카오 멤버십’ 나온다 [H-EXCLUSIVE]
377300,2026.09.02 11:35,헤럴드경제,모든 서비스 한번에…‘카카오 멤버십’ 나온다 [H-EXCLUSIVE]
377300,2026.09.02 11:20,헤럴드경제,‘카카오 생태계 확장’ 정신아의 승부수
377300,2026.09.02 10:08,헤럴드경제,"같은 듯 다른 네카오 멤버십…‘카카오 AI 생태계’ 확장, 정신아의 ..."
377300,2026.09.02 10:01,디지털데일리,[IT클로즈업] 카카오는 왜 '멤버십'을 내놓을까
377300,2026.09.02 07:41,헤럴드경제,[단독] 5000만명 국민 메신저…결국 ‘카카오 멤버십’ 출시한다
377300,2026.09.02 15:31,한국경제,"하나카드·카카오페이, 체크카드에 카카오페이머니 연결"
377300,2026.09.02 13:42,전자신문,카카오페이증권 '주식 축의금' 흥행…신청자 5만명 돌파
377300,2026.09.02 13:35,뉴시스,"케이뱅크, 온라인 페이결제 6% 할인 '히든카드' 출시"
377300,2026.09.02 11:26,전자신문,"케이뱅크, 비씨카드와 PLCC '히든카드' 출시"
377300,2026.09.02 11:26,전자신문,"케이뱅크, 비씨카드와 PLCC '히든카드' 출시"
377300,2026.09.02 11:25,더팩트,"비씨카드, 케이뱅크와 온라인 간편결제 특화 상품 공개"
377300,2026.09.02 10:11,머니투데이,'케이뱅크 히든카드' 출시…온라인 간편결제 6%·해외 결제 2% 할인
377300,2026.09.02 12:04,지디넷코리아,"넵튠, H5 시장서 체급 키운다…""자체 플랫폼 구축 목표"""
377300,2026.09.02 12:03,매일경제,‘넵튠x카카오페이’ 게임 콘텐츠 계약…수익성↑·H5 경쟁력 강화
377300,2026.09.02 12:03,매일경제,‘넵튠x카카오페이’ 게임 콘텐츠 계약…수익성↑·H5 경쟁력 강화
377300,2026.09.02 11:12,뉴스1,"카카오페이손보, 소비자가 뽑은 펫보험 1위…출시 넉달 만에 1만건 돌...."
377300,2026.09.02 10:31,디지털데일리,"“출시 4개월 만에 1만건”…카카오페이손보 펫보험, 올해의 브랜드 ...."
377300,2026.09.02 10:31,디지털데일리,"“출시 4개월 만에 1만건”…카카오페이손보 펫보험, 올해의 브랜드 ...."
377300,2026.09.02 09:42,아시아경제,"카카오페이손보, '2026 올해의 브랜드 대상' 펫보험 부문 1위"
377300,2026.09.02 09:23,전자신문,"카카오페이손보, '2026 올해의 브랜드 대상' 펫보험 부문 1위"
377300,2026.09.02 10:05,전자신문,"비씨카드-케이뱅크, 온라인 간편결제 6% 할인 '히든카드' 출시"
377300,2026.09.02 08:56,헤럴드경제,"BC카드-케이뱅크, 네이버·카카오·쿠팡페이 결제 6% 할인 ‘히든카드..."
377300,2026.09.02 08:56,헤럴드경제,"BC카드-케이뱅크, 네이버·카카오·쿠팡페이 결제 6% 할인 ‘히든카드..."
377300,2026.09.02 08:42,아시아경제,"BC카드-케이뱅크, '히든카드' 출시…'네·카·쿠'페이 온라인결제 6..."
377300,2026.09.02 09:47,전자신문,"이마트24, '제우스'와 손잡고 '제육쓰' 간편식 5종 출시"
377300,2026.09.02 08:27,뉴스1,"이마트24, 게임 '제우스' 협업 간편식 출시"
377300,2026.09.02 08:27,뉴스1,"이마트24, 게임 '제우스' 협업 간편식 출시"
377300,2026.09.02 08:25,뉴시스,'제육쓰'가 된 '제우스: 오만의 신'…이마트24 협업 상품 출시
377300,2026.09.02 09:28,아시아경제,"사토시홀딩스, 비자·구글 참여 'AI 결제' x402 재단 합류"
377300,2026.09.02 09:14,머니투데이,"사토시홀딩스, 비자·구글 참여 '차세대 결제' 재단 합류…""AI 에이..."
377300,2026.09.02 09:14,머니투데이,"사토시홀딩스, 비자·구글 참여 '차세대 결제' 재단 합류…""AI 에이..."
377300,2026.09.02 09:01,SBS,"""환불받으려고 바나나 6개 샀다""…스타벅스에 갇힌 내 돈 4천억의 비밀..."
377300,2026.09.02 07:00,아시아경제,[실전재테크]갈수록 커지는 물가 부담…생활비 아끼는 카드의 기술
377300,2026.09.02 06:02,매일경제,“갈아탈 정도로 금리 싼 곳 없다”…대출비교 서비스 실효성 논란
377300,2026.09.02 05:05,서울신문,뉴스분석·커뮤니티 한곳에… AI 품은 MTS ‘투자 놀이터’
377300,2026.09.01 18:05,파이낸셜뉴스,종합금융플랫폼 답게… 수익 구조 바뀐 네·카·토
377300,2026.09.01 17:55,매일경제,대출비교 1천만번 했는데…갈아탄건 3천건
377300,2026.09.01 16:08,파이낸셜뉴스,"""사장님 오래오래함께가요"" 성수에 퍼진 카카오페이의 상생 온기[르포....."
377300,2026.09.01 12:59,이데일리,[르포]소상공인 브랜드 발견 전시공간···'오래오래 함께가게' 가보....
377300,2026.09.01 12:59,이데일리,[르포]소상공인 브랜드 발견 전시공간···'오래오래 함께가게' 가보....
377300,2026.09.01 10:39,매일경제,"성수에 뜬 ‘작은 브랜드’ 100곳…카카오페이, 상생 팝업 열었다"
377300,2026.09.01 10:38,머니투데이,1000원 내고 100개 브랜드 만난다… 카카오페이 성수 팝업
377300,2026.09.01 09:38,뉴시스,[르포]원재료에 담긴 진심 한 공간에…성수동에 연 '오래오래 함께가....
377300,2026.09.01 09:28,지디넷코리아,"[르포] ""단순 판매 아닌 브랜드 알리기""…카카오페이 '착한 팝업스토..."
377300,2026.09.01 15:53,노컷뉴스,"카카오, 6070세대 위한 스마트폰 가이드 '옐로우북' 출간"
377300,2026.09.01 11:18,디지털타임스,"카카오, 6070 세대 디지털 적응 지원…옐로우북 출간"
377300,2026.09.01 11:18,디지털타임스,"카카오, 6070 세대 디지털 적응 지원…옐로우북 출간"
377300,2026.09.01 11:17,디지털데일리,"""자녀에게 묻지 마세요""…카카오, 6070 스마트폰 가이드 내놨다"
377300,2026.09.01 10:53,뉴스1,"카카오, 6070세대 스마트폰 생활 가이드 '옐로우북' 출간"
377300,2026.09.01 10:52,연합뉴스,"카카오, 60·70세대 스마트폰 생활 가이드 '옐로우북' 출간"
377300,2026.09.01 10:51,전자신문,"카카오, 스마트폰 활용법 100가지 담은 6070 가이드북 출간"
377300,2026.09.01 10:40,SBS Biz,"""카카오택시 어떻게 불러?""…카카오, 6070 사용설명서 냈다"
377300,2026.09.01 10:25,뉴시스,"""카톡 글씨 키우고 택시 부르는 법은?""…카카오, 시니어 안내서 출간"
377300,2026.09.01 10:17,지디넷코리아,"""카톡·AI 활용법 여기서 배우세요""...카카오, 6070 위한 스마..."
377300,2026.09.01 15:34,전자신문,"[뉴스줌인] 모니모, 삼성페이 품고 오프라인 간편결제 강화"
377300,2026.09.01 15:09,전자신문,"[단독] 모니모, 삼성페이 연동…삼성 결제 생태계 확장"
377300,2026.09.01 15:09,전자신문,"[단독] 모니모, 삼성페이 연동…삼성 결제 생태계 확장"
377300,2026.09.01 14:00,조선비즈,韓서 발 넓히는 크립토 카드… 잇단 해킹에 고객 자금 유출
377300,2026.09.01 13:49,전자신문,[르포]버려진 스케이트보드가 볼펜으로…'가치' 파는 카카오페이 함께.....
377300,2026.09.01 11:22,헤럴드경제,"“빅테크, 블록체인 결제 뛰어든다”…‘페이먼트 전쟁’ 점입가경"
377300,2026.09.01 10:41,뉴시스,"""김풍이 찾아갑니다""…'장사의 참견' 유튜브 공개"
377300,2026.09.01 10:24,데일리안,"""소상공인 경영 고민 푼다""…중기중앙회, 웹예능 '장사의 참견' 공개"
377300,2026.09.01 10:24,데일리안,"""소상공인 경영 고민 푼다""…중기중앙회, 웹예능 '장사의 참견' 공개"
377300,2026.09.01 10:22,노컷뉴스,"중기중앙회, 소상공인 경영 자문 예능 '장사의 참견' 공개"
377300,2026.09.01 10:11,더팩트,"중기중앙회, 김풍과 손잡고 소상공인 웹예능 '장사의 참견' 공개"
377300,2026.09.01 10:01,한국경제,"노란우산, 소상공인 장사 코칭 콘텐츠 '장사의 참견' 공개"
377300,2026.09.01 09:02,부산일보,"노란우산공제, 김풍 출연 디지털 예능 콘텐츠 공개"
377300,2026.09.01 09:02,연합뉴스,"중기중앙회, 경영 자문 예능 '장사의 참견' 공개…김풍 등 출연"
377300,2026.09.01 09:00,뉴스1,김풍이 소상공인 가게 찾아간다…노란우산 '장사의 참견' 공개
377300,2026.09.01 10:22,데일리안,"[현장] 카카오페이 ‘오래오래 함께가게’, 소상공인 이야기로 성수동....."
377300,2026.09.01 09:00,뉴스1,향부터 시식까지…카카오페이가 성수동에 차린 '상생가게'
377300,2026.09.01 09:00,뉴스1,향부터 시식까지…카카오페이가 성수동에 차린 '상생가게'
377300,2026.09.01 10:21,한경비즈니스,"이번에는 '본체' 쪼개는 카카오…시장은 ""왜 나누냐"""
377300,2026.09.01 10:13,이데일리,테더·서클·프랭클린템플턴 방한…28일 해시드 행사
377300,2026.09.01 09:12,디지털데일리,"""G마켓 2골드·알바몬 2실버""…에피 코리아, 플랫폼·HR 브랜드 두각"
377300,2026.09.01 09:00,연합뉴스,[가보니] 향기부터 럭키드로우까지…카카오페이가 담은 '상생 1천일'
377300,2026.09.01 08:31,조선일보,"고금리에 대출자 허리 휘는데... 은행, 상반기 금리인하요구 5명 중 ..."
377300,2026.09.01 08:29,조선비즈,"이마트24, 라면 성수기 공략… 맛집 협업 등 차별화 상품 9종 확대"
377300,2026.09.01 05:02,한겨레,"“알아서 골라 사줘”…AI 쇼핑, 결제까지 믿고 맡겨도 될까"
377300,2026.08.31 17:26,헤럴드경제,“머스크가 결제를 점찍었다” 박현주도 경고한 디지털자산 ‘페이먼...
377300,2026.08.31 15:01,전자신문,"애플페이 교통카드, 네이버페이로 충전...안드로이드도 확대"
377300,2026.08.31 06:30,비즈워치,"카카오, 둘로 나누면 몸값 오를까…증권가 평가는"
377300,2026.08.31 06:10,동행미디어 시대,"분할 앞둔 카카오, 노무 수장 선임… 노사 갈등 시험대"
377300,2026.08.31 04:31,동아일보,독서 구독서비스 기관 구매 이대로 괜찮나… 대안은 ‘구독형 전자도...
377300,2026.08.30 20:06,국민일보,"넵튠, 카카오페이 ‘미니게임’ 입점… H5 캐주얼 게임 공급 계약 체결"
377300,2026.08.30 18:41,헤럴드경제,"“17만→3만원, 이젠 더 빠질 것도 없다” 호재에도 ‘냉담’…국민 ...."
377300,2026.08.30 07:55,연합뉴스,복합기업 할인 해소 나선 카카오…인적분할 가치평가 '시험대'
377300,2026.08.30 07:55,연합뉴스,복합기업 할인 해소 나선 카카오…인적분할 가치평가 '시험대'
377300,2026.08.30 18:05,서울경제,거래대금 8배 뛴 토스證…데이터센터 확충한다
377300,2026.08.30 16:28,디지털타임스,수익 다각화 나선 핀테크證… 토스 ‘해외 확장’ vs 카카오 ‘종합 ....
377300,2026.08.30 12:59,이데일리,[단독]쿠팡 로켓페이 첫 외부 적용…'연 거래액 2조' 마이리얼트립부....
377300,2026.08.30 09:31,데일리안,카카오페이 해외결제 캠페인 통했다…이용자 15.5% 늘고 ‘에피 어워....
377300,2026.08.29 11:00,비즈워치,[챗ICT]카카오X가 카뱅 품을 수 있는 이유
377300,2026.08.29 09:01,이코노미스트,SK스퀘어엔 ‘하이닉스’ 있는데…쪼개는 카카오 ‘국민 메신저’ 한.....
377300,2026.08.29 09:01,이코노미스트,SK스퀘어엔 ‘하이닉스’ 있는데…쪼개는 카카오 ‘국민 메신저’ 한.....
377300,2026.08.29 06:02,이데일리,"카카오 쪼개지자 장중 13%대 급락… ""지금 팔아야 하나?"" [종목e..."
377300,2026.08.29 07:00,뉴시스,전산장애 많았던 토스증권에 금감원 '현장 컨설팅'…IT 분야 첫 시도
377300,2026.08.28 15:30,이데일리,"카카오페이, 스테이블코인 사업 속도…VASP·인프라 인력 수혈"
377300,2026.08.28 15:25,전자신문,"요기요, 치킨·피자 브랜드 할인 기획전 진행"
377300,2026.08.28 14:25,뉴스1,"요기요, 치킨·피자 브랜드 할인 기획전 진행"
377300,2026.08.28 14:25,뉴스1,"요기요, 치킨·피자 브랜드 할인 기획전 진행"
377300,2026.08.28 10:07,디지털데일리,"""치킨 한 마리 값 아끼세요""…요기요, 막바지 여름 특수 공략"
377300,2026.08.28 14:59,전자신문,"하나카드, 체크카드에 카카오페이머니 연결"
377300,2026.08.28 14:14,더팩트,"하나카드, 카카오페이머니 결제 지원 인프라 구축"
377300,2026.08.28 14:14,더팩트,"하나카드, 카카오페이머니 결제 지원 인프라 구축"
377300,2026.08.28 09:41,연합뉴스,"[게시판] 하나카드, 카카오페이와 '내 카드 머니연결' 출시"
377300,2026.08.28 14:34,전자신문,카카오페이 부캐 '심은자' 통했다…'에피 어워드 코리아' 은상
377300,2026.08.28 14:21,매일경제,"여행자·펫보험 수요 꾸준…카카오페이손해보험, 실적 성장세 꾸준"
377300,2026.08.28 13:50,뉴시스,"""지금도 9%대인데 더 오른다""…기준금리 3% 시대, 빚투 개미 비명"
377300,2026.08.28 11:54,아이뉴스24,"넵튠, 카카오페이 미니게임 파트너사 선정…자체 IP H5 게임 공급"
377300,2026.08.28 11:26,포모스,"넵튠, 카카오페이 미니게임 파트너사 참여"
377300,2026.08.28 11:26,포모스,"넵튠, 카카오페이 미니게임 파트너사 참여"
377300,2026.08.28 10:10,지디넷코리아,"넵튠, 카카오페이에 H5게임 공급...미니게임 사업 강화"
377300,2026.08.28 09:37,아시아경제,"넵튠, 카카오페이 '미니게임'에 H5 게임 공급"
377300,2026.08.28 09:22,이데일리,"넵튠, 카카오페이 미니게임 파트너사로 선정"
377300,2026.08.28 10:00,연합뉴스,"[테크스냅] 토스, 우리금융저축은행과 개인사업자 신용대출"
096770,2026.09.04 06:01,조선비즈,공급은 계속 주는데 소비도 못 줄여… 경유 가격 ‘고공행진’에 정유.....
096770,2026.09.04 03:20,머니투데이,"SK이노 울산CLX, 제조AI 미래 제시"
096770,2026.09.03 18:17,이데일리,[마켓인]안건명 지우는 이사회…주주 알 권리 짓밟는 ‘깜깜이 공시’
096770,2026.09.03 17:56,한국경제,부천대장 첫 공공분양 '하우스토리'
096770,2026.09.03 15:11,매일경제,부천대장 ‘하우스토리 디센트’ 다음달 분양
096770,2026.09.03 15:11,매일경제,부천대장 ‘하우스토리 디센트’ 다음달 분양
096770,2026.09.03 14:00,서울경제,대장홍대선 품은 3기 신도시 ‘부천대장 하우스토리 디센트’ 10월 분...
096770,2026.09.03 13:37,조선비즈,부천대장서 공공분양 548가구 나온다… 10월 공급 예정
096770,2026.09.03 11:44,한국경제,부천대장 '하우스토리 디센트' 548가구 다음달 분양
096770,2026.09.03 09:44,이데일리,대장역 역세권 '부천대장 하우스토리 디센트' 10월 분양
096770,2026.09.03 12:58,서울경제,美 반도체 반등하자 ‘삼성전자’ 집중매수 [주식 초고수는 지금]
096770,2026.09.03 10:20,디지털타임스,"SK이노베이션 울신CLX, ‘WAVE 2026’서 제조AI 기술 선보인..."
096770,2026.09.03 09:35,데일리안,"SK이노베이션 울산CLX, 제조AI 전시…'듀얼 브레인' 선보인다"
096770,2026.09.03 09:35,데일리안,"SK이노베이션 울산CLX, 제조AI 전시…'듀얼 브레인' 선보인다"
096770,2026.09.03 09:34,헤럴드경제,"SK이노 울산CLX, AI·엔지니어 역량 결합한 ‘듀얼 브레인’ 선보..."
096770,2026.09.03 09:16,이데일리,SK이노베이션 정유·석화공장 AI 두뇌 이식
096770,2026.09.03 08:56,머니투데이,"SK이노 울산CLX, 울산세계미래산업박람회서 제조AI 선보여"
096770,2026.09.03 08:54,아시아경제,"SK이노 울산CLX, WAVE 2026서 제조AI 미래 선보인다"
096770,2026.09.03 08:49,마이데일리,"SK이노 울산CLX, 제조AI 전면에…‘듀얼 브레인’ 공개"
096770,2026.09.03 09:40,파이낸셜뉴스,"SK이노 울산CLX, 제조AI 선보인다…울산세계미래산업박람회"
096770,2026.09.03 09:17,뉴스1,"SK이노 울산CLX, 울산세계미래산업박람회 참가…제조AI 현재·미래 ..."
096770,2026.09.03 09:17,뉴스1,"SK이노 울산CLX, 울산세계미래산업박람회 참가…제조AI 현재·미래 ..."
096770,2026.09.03 09:13,연합뉴스,"SK이노 울산CLX, 울산미래산업박람회서 SK 제조 AI역량 선봬"
096770,2026.09.03 09:13,서울신문,[서울데이터랩]개장 직후 인기 검색 종목 20選
096770,2026.09.03 08:30,SBS Biz,[어제장 오늘장] 자사주 방어막도 ‘와르르’…유가·금리 진정에 오...
096770,2026.09.03 06:20,한경비즈니스,완성차 이탈에 ‘독박 육아’꼴 난 K-배터리…75조 청구서 홀로 감당....
096770,2026.09.03 01:11,국민일보,SK이노 후원 ‘발달장애인 음악축제’ 10주년
096770,2026.09.02 18:59,디지털타임스,‘제2 반도체’ 키운다 했는데… 힘 빠진 정부 배터리 지원책
096770,2026.09.02 17:16,디지털타임스,"SK이노베이션 E&S, 기체·액화 복합 수소충전 인프라 확대"
096770,2026.09.02 15:16,조선비즈,"SK이노베이션 E&S, 기체·액화 복합 수소 충전 인프라 확대"
096770,2026.09.02 15:16,조선비즈,"SK이노베이션 E&S, 기체·액화 복합 수소 충전 인프라 확대"
096770,2026.09.02 14:15,파이낸셜뉴스,"SK이노베이션 E&S, 덕양에너젠과 기체·액화 복합 수소충전인프라 확..."
096770,2026.09.02 12:31,연합뉴스,"SK이노베이션 E&S, 기체·액화 복합 수소 충전 인프라 확대"
096770,2026.09.02 12:01,데일리안,"SK이노베이션 E&S, 기체수소 충전소 늘린다…5곳 추진"
096770,2026.09.02 17:00,동행미디어 시대,"전기차·ESS 내년 예산 껑충, K배터리 수혜 기대감"
096770,2026.09.02 16:55,매일경제,"SK이노, 10년째 발달장애인 음악축제"
096770,2026.09.02 16:35,국민일보,SK이노와 함께 한 발달장애인 음악축제 10년… 326팀 3313명 ...
096770,2026.09.02 16:35,국민일보,SK이노와 함께 한 발달장애인 음악축제 10년… 326팀 3313명 ...
096770,2026.09.02 15:08,매일경제,"SK이노, 발달장애인 음악축제 10년째 개최...발달장애인 음악인 발..."
096770,2026.09.02 13:45,연합뉴스TV,"SK이노 발달장애인 음악제 10주년…""대표 장애인 문화예술 플랫폼으로..."
096770,2026.09.02 11:45,서울경제,SK이노베이션 발달장애인 음악축제 10주년… 자립 돕는 ‘등용문’
096770,2026.09.02 11:28,헤럴드경제,"SK이노, 10회째 발달장애인 음악축제…전석 매진"
096770,2026.09.02 10:20,디지털타임스,"SK이노, 발달장애인 음악축제 10년째 개최…대표 문화플랫폼 성장"
096770,2026.09.02 10:03,파이낸셜뉴스,"SK이노베이션 GMF, 발달장애인 음악인 '등용문' 역할"
096770,2026.09.02 08:47,연합뉴스,SK이노 발달장애인 음악제 10주년…326팀 3천313명 참여
096770,2026.09.02 08:44,헤럴드경제,"SK이노, 발달장애인 음악축제 10년째 개최"
096770,2026.09.02 08:32,머니투데이,"SK이노, 발달장애인 음악축제 10년째 개최..대표 문화플랫폼 성장"
096770,2026.09.02 08:32,뉴스1,SK이노베이션 발달장애인 음악축제 10주년…3년 연속 매진
096770,2026.09.02 08:25,이데일리,"SK이노베이션, 발달장애인 음악축제 10회째 개최"
096770,2026.09.02 16:52,조선비즈,"SK이노-SKIET 합병 신고에 칼 빼드나… 금감원, ‘주주 설득 부족..."
096770,2026.09.02 16:37,SBS Biz,[증시 인사이트] 기타법인 방어막에도 코스피 약세…느는 건 빚투뿐?
096770,2026.09.02 16:15,서울경제,"SK이노베이션 E&S, 덕양에너젠과 기체·액화 복합 수소충전 인프라 확..."
096770,2026.09.02 15:06,뉴스1,"SK이노베이션 E&S, 액화·기체 수소 충전 인프라 확대"
096770,2026.09.02 15:06,뉴스1,"SK이노베이션 E&S, 액화·기체 수소 충전 인프라 확대"
096770,2026.09.02 14:23,이데일리,"SK이노베이션 E&S, 덕양에너젠과 손잡고 수소충전 인프라 확대 나선..."
096770,2026.09.02 14:04,머니투데이,"SK이노 E&S, 덕양에너젠과 기체·액화 복합 수소충전인프라 확대"
096770,2026.09.02 13:57,SBS Biz,"SK이노베이션 E&S, 덕양에너젠과 기체수소 사업 협력"
096770,2026.09.02 13:27,더팩트,"SK이노베이션 E&S, 덕양에너젠과 수소충전 인프라 늘린다"
096770,2026.09.02 13:19,아시아경제,"SK이노베이션 E&S, 덕양에너젠과 수소충전 인프라 확대"
096770,2026.09.02 12:30,전자신문,"SK이노베이션 E&S, 덕양에너젠과 수소충전 인프라 확대 '맞손'"
096770,2026.09.02 16:04,더팩트,"""중국산 배터리 철거"" 명령에…배터리3사, '기회의 땅' 공략 본격화"
096770,2026.09.02 06:02,국민일보,‘전력망 안보’까지 中에 빗장 거는 美… K배터리로 열리는 시장
096770,2026.09.02 06:02,국민일보,‘전력망 안보’까지 中에 빗장 거는 美… K배터리로 열리는 시장
096770,2026.09.02 03:50,머니투데이,美 '탈중국 기조'에 웃는 K배터리… ESS 점유율 5%P ↑
096770,2026.09.02 11:01,조선비즈,"경제 통합 이어 SK하이닉스 공장까지… 日에 공들이는 최태원, 주목받...."
096770,2026.09.02 10:14,비즈워치,"[인사이드 스토리]팔 건 팔고, 합칠 건 합친다…SK 리밸런싱 막바지"
096770,2026.09.02 10:02,한경비즈니스,“탈중국 본격화” SK온 북미 ESS 수주 의미
096770,2026.09.02 09:37,데일리안,"SK이노베이션, 발달장애인 음악축제 10주년…'GMF' 10년 결실"
096770,2026.09.02 08:21,아시아경제,SK이노 발달장애인 음악축제 10주년…326개팀·3313명 참여
096770,2026.09.02 08:21,아시아경제,SK이노 발달장애인 음악축제 10주년…326개팀·3313명 참여
096770,2026.09.02 09:15,서울신문,[서울데이터랩]개장 직후 인기 검색 종목 20選
096770,2026.09.02 08:24,SBS Biz,[기업이슈] 8월 반도체 수출 '역대 최대'…반도체주 상승
096770,2026.09.02 06:31,데일리안,"용혜인, 안산 주택 '단타'…中 국적자에 팔아 2000만원 차익 등 [..."
096770,2026.09.02 06:20,데일리안,SK이노베이션 '정유 호황' 하반기에도 안 꺼진다
096770,2026.09.02 06:00,디지털타임스,전기차 캐즘 끝나가는데…K-배터리 3년째 ‘후진 중’
096770,2026.09.02 06:00,뉴시스,길어지는 전쟁에 정제마진 '쑥'…정유株 목표가 높이는 증권가
096770,2026.09.01 19:20,데일리안,SK이노·롯데케미칼 해킹 공격…임직원 개인정보 일부 유출
096770,2026.09.01 17:07,뉴스1,SK이노·롯데케미칼 잇따라 해킹 피해…정보 유출 여부 조사(종합)
096770,2026.09.01 17:07,뉴스1,SK이노·롯데케미칼 잇따라 해킹 피해…정보 유출 여부 조사(종합)
096770,2026.09.01 16:08,동아일보,[단독]SK이노·롯데케미칼 외부 해킹 피해…임직원 정보 유출
096770,2026.09.01 18:11,SBS Biz,"'자사주 매입' 효과에 상승…코스피, 6800선 지켰다"
096770,2026.09.01 17:46,이코노미스트,"'3일간 20%' SK이노, 나홀로 급등 이유는 '금쪽이' SK온의 변..."
096770,2026.09.01 17:02,머니투데이,'아픈손가락' SK온 효자된다?…SK이노베이션 '들썩'
096770,2026.09.01 17:02,머니투데이,'아픈손가락' SK온 효자된다?…SK이노베이션 '들썩'
096770,2026.09.01 15:40,연합뉴스,[특징주] SK온 1.5조 배터리셀 수주 소식에 SK이노 7%대 급등...
096770,2026.09.01 14:33,머니투데이,구조대 출동?…美 ESS 수주에 들썩인 '이 주식'
096770,2026.09.01 12:25,매일경제,정제마진 확대·배터리 수주 쌍끌이…질주하는 SK이노
096770,2026.09.01 11:28,전자신문,[ET특징주] SK온 美 ESS 수주 소식에… SK이노베이션 주가 8...
096770,2026.09.01 10:25,파이낸셜뉴스,2차전지株 살아나나...SK온 수주 소식에 SK이노 급등
096770,2026.09.01 10:09,한국경제TV,'11% 급락' 개미 충격 만회했다…강력 수주 모멘텀에 '급등'
096770,2026.09.01 09:54,이데일리,SK이노베이션 6%대 강세…자회사 SK온 북미 ESS 공급계약 수주[...
096770,2026.09.01 09:37,연합뉴스,[특징주] SK온 1.5조 배터리셀 수주 소식에 SK이노 장초반 급등
096770,2026.09.01 09:22,머니투데이,자회사 대규모 북미 수주 소식에 SK이노베이션 '방긋'… 8%대↑
096770,2026.09.01 17:40,머니투데이,미국서 중국 ESS 점유율 70%대로 떨어져…K배터리 수주전 본격화
096770,2026.09.01 10:54,뉴스1,"DS證 ""SK온 美 ESS 수주, 中 대체수요 확인…이차전지 비중확대..."
096770,2026.09.01 10:54,뉴스1,"DS證 ""SK온 美 ESS 수주, 中 대체수요 확인…이차전지 비중확대..."
096770,2026.09.01 10:34,뉴스1,"SK온, 美 ESS 추가 수주 기대…대중 규제 강화에 사업 확대 '청..."
096770,2026.09.01 06:31,서울경제,"ESS 후발주자 SK온, 美서 1.5조 수주…‘ESS 기회의 땅’ 공..."
096770,2026.09.01 06:01,아이뉴스24,"SK온, 美 ESS 영토 넓힌다?9GWh 수주로 20GWh 목표 '성..."
096770,2026.09.01 06:00,디지털타임스,"“LFP 양산 페달 밟는다”…SK온, 美서 1.5조원 규모 ESS 배..."
096770,2026.09.01 05:10,뉴시스,"SK온, 1.5조원대 美 ESS 공급계약…실적 반등·공장 전환 '속도..."
096770,2026.09.01 05:04,서울신문,"SK온, 미국서 ESS 잭팟… 1.5조 규모 배터리 셀 공급계약"
096770,2026.09.01 03:23,머니투데이,美 ESS 1.5조 수주… SK온 흑자 잇는다
096770,2026.09.01 00:53,국민일보,"SK온, 美서 ‘1.5조원’ ESS 계약… “1건에 올 목표 절반 채..."
096770,2026.09.01 00:34,조선일보,"SK온, 美서 ESS용 배터리 1.5조원 규모 수주"
096770,2026.09.01 00:31,동아일보,국내 배터리 3사 ‘ESS 새 날개’… 美시장 수주 힘입어 흑자 전환
096770,2026.09.01 00:02,중앙일보,"SK온, 미국 ESS 시장서 1.5조 배터리셀 계약"
096770,2026.09.01 16:56,뉴시스,"SK이노베이션, 사내 시스템 외부 비정상 접근 정황…""당국 신고·보안...."
096770,2026.09.01 15:56,뉴스1,"[단독] SK이노베이션 업무 시스템 해킹…""정보 유출 파악 중"""
096770,2026.09.01 15:56,뉴스1,"[단독] SK이노베이션 업무 시스템 해킹…""정보 유출 파악 중"""
096770,2026.09.01 16:52,한국경제TV,"6,730→6,835…개미·외인·기관 다 팔았는데 '1.7조' 나홀로 ..."
096770,2026.09.01 16:40,SBS Biz,"[증시 인사이트] 코스피, 삼전·닉스 자사주 매입이 지탱…9월 반전 기..."
096770,2026.09.01 16:22,아이뉴스24,"코스피, '전약후강' 6800선 회복…반도체 자사주 매입 효과"
096770,2026.09.01 16:18,연합뉴스,"삼전·닉스 자사주 매입에 또 '전약후강'…코스피, 6,830선 마감(종..."
096770,2026.09.01 16:12,강원도민일보,코스피 0.23% 오른 6835.80 마감…외인·기관 모두 '팔자'
096770,2026.09.01 16:12,강원도민일보,코스피 0.23% 오른 6835.80 마감…외인·기관 모두 '팔자'
096770,2026.09.01 16:13,서울신문,[서울데이터랩]마감 직후 인기 검색 종목 20選
096770,2026.09.01 16:00,아시아경제,"SMR 몸 푸는 대기업들 ""PPA 도입하고 12차 전기본에 반영해야"""
096770,2026.09.01 13:51,한국경제,GS·SK 뛰어든 SMR…'이것' 보장 안 되면 사업 못 한다
096770,2026.09.01 13:51,한국경제,GS·SK 뛰어든 SMR…'이것' 보장 안 되면 사업 못 한다
096770,2026.09.01 15:46,뉴시스,"""가동률 반등·R&D 최대""…얼어붙었던 2차전지, 하반기 실적 개선 '..."
096770,2026.09.01 15:39,SBS Biz,코스피 이틀째 상승…환율 1370원선 등락
096770,2026.09.01 14:29,서울경제,주가도 떨어지는데…LS 주식으로 몰린 투자 고수들 [주식 초고수는 지....
096770,2026.09.01 13:41,서울신문,"[서울데이터랩]코스피 거래상위 종목 혼조…현대약품 24%대 급등, 삼성..."
096770,2026.09.01 11:38,SBS Biz,미·이란 재충돌에 1%대 하락 출발 코스피 6800선 등락
096770,2026.09.01 11:17,연합뉴스,"코스피, 장중 6,700대서 등락 지속…코스닥은 낙폭 확대"
096770,2026.09.01 11:01,파이낸셜뉴스,"""삼성전기 150만→200만원"" MLCC 판가 인상에 목표가 ↑… SK..."
096770,2026.09.01 10:37,동행미디어 시대,3기신도시 '계양신도시 카이브 유보라' 1110가구 공급
096770,2026.09.01 10:29,헤럴드경제,"반도건설, 인천 계양 1110세대 대단지 ‘카이브 유보라’ 10월 분..."
096770,2026.09.01 10:29,헤럴드경제,"반도건설, 인천 계양 1110세대 대단지 ‘카이브 유보라’ 10월 분..."
096770,2026.09.01 09:52,이데일리,"‘3기 신도시 첫 민간분양’ 계양신도시 카이브 유보라, 본격 분양"
096770,2026.09.01 10:01,아이뉴스24,[최태원의 선택①] 38세에 SK 지휘봉…28년 만에 'AI 제국'으로
096770,2026.09.01 10:01,아이뉴스24,"[특징주] SK이노베이션, SK온 美 ESS 계약에 7%대↑"
096770,2026.09.01 08:47,머니투데이,"""SK온 美 ESS 공급 계약, SK이노 합병 이슈 완화 기대""-iM"
096770,2026.09.01 08:47,머니투데이,"""SK온 美 ESS 공급 계약, SK이노 합병 이슈 완화 기대""-iM"
096770,2026.09.01 08:41,연합뉴스,"iM증권 ""SK이노, SK온 美 ESS 수주로 연 목표 절반 달성 긍..."
096770,2026.09.01 08:10,한국경제,"""SK이노베이션, 미국 ESS 시장 진출 첫 걸음 고무적이지만…""-i..."
096770,2026.09.01 07:47,이데일리,"SK이노베이션, 자회사 美 ESS 9GWh 공급계약…목표주가 19만원..."
096770,2026.09.01 10:01,아이뉴스24,[최태원의 선택②] 하이닉스 잘나갈 때…SK그룹 'AI 대전환' 승부수
096770,2026.09.01 10:01,KBS,"[성공예감] 코스피 7000선 위 171조 매물 벽, 삼전닉스 자사주가..."
096770,2026.09.01 09:51,뉴스1,美·이란 교전 재개에 국제유가 급등…SK이노 9.2% S-Oil 5.6...
096770,2026.09.01 09:44,매일경제,중동 긴장 재고조에 정유주 ‘들썩’…SK이노베이션 7%대 급등
096770,2026.09.01 09:25,한국경제,"정유주, 국제 유가 상승에 동반 급등…SK이노베이션 8%↑"
096770,2026.09.01 09:25,한국경제,"정유주, 국제 유가 상승에 동반 급등…SK이노베이션 8%↑"
096770,2026.09.01 09:11,머니투데이,"정유주, 동반 상승… 미국·이란 무력 충돌 재개로 국제 유가 급등"
096770,2026.09.01 09:37,SBS Biz,[이 시각 시황] 9월 증시 ‘먹구름’…외국인·기관 동반 매도
096770,2026.09.01 09:35,조선비즈,[특징주] 美·이란 군사 충돌에 국제유가 급등… 정유株 일제히 강세
096770,2026.09.01 09:30,서울신문,"[서울데이터랩]코스피, 9월 첫 거래일 하락 출발…외국인·기관 동반 ...."
096770,2026.09.01 09:30,서울신문,[서울데이터랩]개장 직후 인기 검색 종목 20選
096770,2026.09.01 08:48,SBS Biz,[어제장 오늘장] 삼전·하이닉스 자사주 매입에 반등…9월 7천피 넘을....
096770,2026.09.01 08:28,SBS Biz,"[기업이슈] SK온, 美 ESS 대규모 수주에…2차전지 관련주 강세"
096770,2026.09.01 08:21,뉴스1,반도체 주춤하자 2차전지 '꿈틀'…프리마켓서 SK이노 2%↑
096770,2026.09.01 07:01,서울경제,정제 마진 상승에 정유株 훨훨…8월 S-Oil 23%↑[이런국장 저런주...
096770,2026.09.01 06:40,비즈워치,"원가 내리고 마진 뛰고…정유사, 하반기도 이중 호재에 웃는다"
096770,2026.09.01 06:02,매일경제,외국인들이 먹고 빠져나간 국장…개미들 ‘기도메타’는 이곳 향했다
096770,2026.08.31 22:06,매일경제,계약 단 한건으로 한해 목표 절반 채웠다…SK온 ‘ESS 파죽지세’
096770,2026.08.31 17:44,매일경제,"ESS 추격자 SK온, 美수주 1건으로 올 목표 50% 채워"
096770,2026.08.31 17:44,매일경제,"ESS 추격자 SK온, 美수주 1건으로 올 목표 50% 채워"
096770,2026.08.31 16:02,세계일보,SK온도 ESS 사업 드라이브 가동… K배터리 캐즘 탈출 준비
096770,2026.08.31 14:08,매일신문,"SK이노베이션, SK온 美 ESS 수주 호재에 8% 강세"
096770,2026.08.31 12:13,비즈워치,"SK온, 전기차 공장 ESS로 돌린다…美서 1.5조 장기계약"
096770,2026.08.31 11:27,헤럴드경제,"SK온, 美 ESS배터리 1.5조원 수주"
096770,2026.08.31 10:03,부산일보,"SK온, 美에 ESS 배터리셀 대규모 공급… 1.5조 규모"
096770,2026.08.31 09:13,디지털타임스,SK온도 AI 훈풍… 美서 1.5조 ESS 공급
096770,2026.08.31 09:06,한경비즈니스,"SK온, 美서 1.5조 규모 ESS 배터리 공급 계약…북미 공략 가속"
096770,2026.08.31 08:59,지디넷코리아,"SK온, 美 ESS 대규모 수주…1.5조원 규모 추정"
096770,2026.08.31 08:48,조선일보,"SK온, 美서 1.5조 ESS 배터리 공급 계약…ESS 사업 본격화"
096770,2026.08.31 08:20,데일리안,"SK온, 美 ESS 배터리 9GWh 수주…ESS 사업 확대 속도"
096770,2026.08.31 08:19,뉴스1,"SK온, 美 ESS서 1.5조 규모 수주…네오볼타에 5년간 9GWh ..."
096770,2026.08.31 08:18,머니투데이,"SK온, 美에서 ESS용 LFP 수주…약 1.5조원 규모"
096770,2026.08.31 08:06,헤럴드경제,"SK온, 美서 ESS 배터리 1.5조원 대형 수주…계약 규모 1년 새..."
096770,2026.08.31 21:23,매경이코노미,‘분할상장’ 5년 만에 원점…SKIET 주주만 운다 [재계톡톡]
096770,2026.08.31 21:21,이데일리,[미리보는 이데일리 신문]AI ‘샌드박스’ 신청 쑥 복합규제에 지정은....
096770,2026.08.31 19:15,이데일리,"[마켓인]SK지오센트릭, 최대 1600억 회사채 발행…‘부정적’ 전망 ..."
096770,2026.08.31 19:06,국민일보,"SK온, 美서 ‘1.5조’ 수주… ‘기회의 땅’ ESS 공략 가속"
096770,2026.08.31 18:09,파이낸셜뉴스,"SK온, 1조5000억 잭팟… 美 ESS시장 존재감 드러냈다"
096770,2026.08.31 18:09,파이낸셜뉴스,"SK온, 1조5000억 잭팟… 美 ESS시장 존재감 드러냈다"
096770,2026.08.31 10:00,디지털데일리,"SK온, 美 네오볼타에 9GWh ESS 배터리 공급…ESS 시장 공략..."
096770,2026.08.31 09:24,뉴스1,"SK온, 올해 ESS 수주 목표 절반 채웠다…서산·美 조지아 LFP ..."
096770,2026.08.31 09:11,블로터,"SK온, 美 네오볼타와 9GWh 장기 공급계약…ESS 공략 확대"
096770,2026.08.31 08:58,서울경제,"SK온, 美 네오볼타 파워와 9GWh ESS 공급계약…1.5조 수주"
096770,2026.08.31 08:31,아시아경제,"SK온, 美 네오볼타에 9GWh 배터리 공급…ESS 확대"
096770,2026.08.31 08:25,파이낸셜뉴스,"SK온, 美 네오볼타 파워와 9GWh 배터리 셀 공급계약…1.5조원 ..."
096770,2026.08.31 08:23,경향신문,"SK온, 美 네오볼타 파워에 9GWh 배터리 공급…ESS 사업 본격 ..."
096770,2026.08.31 18:51,한국경제,"SK온, 美서 1.5조 배터리 셀 수주"
096770,2026.08.31 16:24,서울신문,"SK온, 미국서 9GWh 배터리 셀 공급계약…ESS로 영역 넓히는 배..."
096770,2026.08.31 16:24,서울신문,"SK온, 미국서 9GWh 배터리 셀 공급계약…ESS로 영역 넓히는 배..."
096770,2026.08.31 16:09,동아일보,"AI 열풍·대중 제재에…K배터리 3사, 美서 ESS로 영토 넓힌다"
096770,2026.08.31 15:11,한국일보,"SK온, 美 ESS 사업 탄력… 9GWh 대규모 배터리 셀 공급계약"
096770,2026.08.31 14:49,머니투데이,ESS 기반 SK온 '절치부심'..美서 '조단위' 대규모 공급계약
096770,2026.08.31 11:19,마이데일리,"SK온, 美서 9GWh 배터리 셀 공급계약…“북미 공략 속도”"
096770,2026.08.31 10:09,SBS Biz,"SK온, 美서 1.5조 규모 대형 배터리 셀 공급계약 체결"
096770,2026.08.31 10:04,서울경제,SK이노베이션 6%대 강세…美 ESS 배터리 셀 공급계약 영향[코주부...
096770,2026.08.31 09:48,한국경제TV,"SK온, 미국서 1.5조 규모 LFP 배터리 공급 계약 체결"
096770,2026.08.31 09:20,노컷뉴스,"SK온, 미국서 9GWh ESS 배터리 셀 공급계약 체결"
096770,2026.08.31 09:10,아이뉴스24,"SK온, 美 네오볼타와 대규모 배터리 셀 공급계약 체결?9GWh 규모"
096770,2026.08.31 08:39,더팩트,"SK온, 美서 대형 배터리 셀 공급계약 체결…ESS 확대 본격화"
096770,2026.08.31 08:34,이데일리,"SK온, 美 ESS기업에 ESS LFP 배터리 셀 공급계약…1.5조 ..."
096770,2026.08.31 08:15,연합뉴스,"SK온, 미국서 9GWh LFP 배터리 셀 공급계약…1.5조 규모"
096770,2026.08.31 08:09,머니투데이,"[속보]SK온, 美 네오볼타에 5년간 9GWh ESS용 배터리 공급"
096770,2026.08.31 08:04,뉴스1,"[속보] SK온, 美 네오볼타에 5년간 9GWh LFP 배터리 공급"
096770,2026.08.31 18:28,한겨레,"SK온, 미 ESS 배터리 공급…K-배터리 3사, ‘북미 공략’ 가속"
096770,2026.08.31 18:08,파이낸셜뉴스,코스피 주춤한데 오른 종목이 2배... 대형주서 개별주로 무게중심 이....
096770,2026.08.31 15:52,파이낸셜뉴스,코스피는 주춤한데 오르는 종목 늘었다…대형주서 개별주로 '무게이동.....
096770,2026.08.31 15:52,파이낸셜뉴스,코스피는 주춤한데 오르는 종목 늘었다…대형주서 개별주로 '무게이동.....
096770,2026.08.31 17:58,매일경제,"K배터리 美 ESS 시장서 숨통 … SK온, 배터리셀 1.5조원 수주"
096770,2026.08.31 12:09,중앙일보,"SK온, 미국서 1.5조원 규모 ESS 배터리셀 공급계약 체결"
096770,2026.08.31 12:09,중앙일보,"SK온, 미국서 1.5조원 규모 ESS 배터리셀 공급계약 체결"
096770,2026.08.31 11:56,문화일보,"SK온, 美 ESS시장 공략 속도… 네오볼타파워에 배터리셀 공급"
096770,2026.08.31 10:43,전자신문,"SK온, 1.5조원 규모 美 ESS 배터리 셀 공급계약 체결"
096770,2026.08.31 09:44,조선비즈,"SK온, 美 ESS 배터리 셀 공급계약…1.5조원 규모 추정"
096770,2026.08.31 09:30,머니투데이,ESS 배터리 셀 공급계약에 SK이노베이션 장초반 강세
096770,2026.08.31 08:58,동행미디어 시대,"SK온, 미 네오볼타에 '1.5조원 규모' ESS용 LFP 배터리 공..."
096770,2026.08.31 08:38,뉴시스,"SK온, 美서 1.5조원 규모 ESS 배터리 셀 공급계약 체결"
096770,2026.08.31 17:56,매일경제,정제마진 상승하자… 정유株 목표가 잇단 상향
096770,2026.08.31 17:30,이코노미스트,‘삼전닉스’ 자사주 구조대가 막아낸 코스피 하락…방패는 언제까지...
096770,2026.08.31 16:42,SBS Biz,[증시 인사이트] '매파 워시'에 흔들린 코스피…반등의 열쇠는 어디에....
096770,2026.08.31 16:13,전자신문,"예탁결제원, 9월 케이뱅크 등 38개사 2.3억주 의무보유등록 해제"
096770,2026.08.31 16:00,시사저널,"예탁원 ""9월 상장사 38곳 2.3억 주 의무보유 해제"""
096770,2026.08.31 16:00,시사저널,"예탁원 ""9월 상장사 38곳 2.3억 주 의무보유 해제"""
096770,2026.08.31 14:41,서울경제,9월 2.3억 주 보호예수 풀린다… SK이노·케이뱅크 오버행 유의
096770,2026.08.31 13:41,조세일보,"예탁원 ""9월 케이뱅크 등 38개사 2.3억주 의무보유등록 해제"""
096770,2026.08.31 11:37,헤럴드경제,9월 38개사 2.3억주 의무보유 해제…오상헬스케어 59% 풀린다
096770,2026.08.31 11:20,뉴시스,"예탁원, 내달 케이뱅크 등 38곳 2.3억주 의무보유등록 해제"
096770,2026.08.31 11:17,뉴스1,"예탁원 ""9월에 상장사 38곳 2억 2948만 주 의무보유 해제"""
096770,2026.08.31 10:47,디지털타임스,케이뱅크·SK이노 등 38개사 2억2948만주 의무보유 해제
096770,2026.08.31 09:46,연합뉴스,"예탁원 ""9월 유가증권·코스닥 38개사 의무보유등록 해제"""
096770,2026.08.31 09:35,이데일리,"예탁원 ""9월 의무보유등록 38개사 2억2948만주 해제"""
096770,2026.08.31 09:19,아시아경제,"예탁원, 9월 의무보유등록 38개사 2억2948만주 해제"
096770,2026.08.31 15:59,디지털타임스,‘땡큐 삼전닉스’ 자사주 매입에 살아난 코스피…잭슨홀 충격 딛고 ...
096770,2026.08.31 15:46,조선비즈,[마켓뷰] 美 긴축 우려도 누른 ‘삼전닉스’ 구조대… 급락 출발한 코....
096770,2026.08.31 15:20,SBS Biz,[오후장 체크포인트] 2차 전지에 물려 3년 기다렸다 ESS 훈풍 타고...
096770,2026.08.31 14:59,블로터,"[재계 머니무브]SK, '배터리 투자' 일단 멈춤...지주사도 자본수혈"
096770,2026.08.31 14:40,서울경제,삼전닉스 반등에 힘 받은 코스피…장중 ‘플러스’ 전환[이런국장 저...
096770,2026.08.31 14:40,한국경제TV,"ESS 활황에 CATL 러브콜…삼아알미늄 ""9월 증설 결정"""
096770,2026.08.31 14:18,파이낸셜뉴스,삼전닉스 다시 오른다?...코스피도 6700선 회복 [fn오후시황]
096770,2026.08.31 13:44,뉴스1,반도체 낙폭 줄이며 코스피 6600선 회복…외인 매수세 유입[장중시황...
096770,2026.08.31 13:44,뉴스1,반도체 낙폭 줄이며 코스피 6600선 회복…외인 매수세 유입[장중시황...
096770,2026.08.31 13:36,매경이코노미,"[단독] 코스피 66곳, 금융비용 부담 경고등"
096770,2026.08.31 11:39,SBS Biz,美 연준 의장 매파 발언에 코스피 2% 하락
096770,2026.08.31 11:25,조선비즈,“원가 절감에 해외 사업 기회까지”… SK·GS·포스코 이어 한화도 L...
096770,2026.08.31 10:30,비즈워치,"케이뱅크 지분 20%, 다음달 5일 락업해제"
096770,2026.08.31 09:38,서울신문,[서울데이터랩]개장 직후 인기 검색 종목 20選
096770,2026.08.31 09:36,뉴스1,"SK이노, 오늘은 6% 강세…SK온 美ESS 수주 호재[핫종목]"
096770,2026.08.31 09:20,머니투데이,[알림]기업·軍 '에너지 전략' 한눈에…국가대표 모이는 'SEP 202...
096770,2026.08.31 09:18,뉴스1,연준 긴축 우려에 코스피 '꽁꽁'…은행주는 강보합 선방[핫종목]
096770,2026.08.31 09:11,아시아경제,"[르포]""유럽내 소재 공급망 확보""…'LG엔솔 투자' 핀란드 양극재 공..."
096770,2026.08.31 09:04,매일경제,"“54만원 SK, 80만원 가능”…실적 개선 외에 증권사가 꼽은 이유가"
096770,2026.08.31 08:27,머니투데이,"SK, 에코플랜트 실적개선에 특별배당까지…""재평가 필요""-SK증권"
096770,2026.08.31 08:27,머니투데이,"SK, 에코플랜트 실적개선에 특별배당까지…""재평가 필요""-SK증권"
096770,2026.08.31 08:29,이데일리,"SK에너지·네이버페이, 주유소 고객 혜택 강화 '맞손'"
096770,2026.08.31 06:02,조선비즈,"“매각 막히고 자금 조달 한계”… SK피아이씨글로벌, 모회사 SKC에 ..."
096770,2026.08.30 17:14,매일경제,SK 리밸런싱 속도…미래사업에 힘 싣는다
096770,2026.08.30 16:05,매일경제,"SK, AI 활용 독립운동가들 발자취 되살려"
096770,2026.08.30 16:05,매일경제,"돈보다 소중한, 우리가 잘하는 일로 … 상생 생태계도 청년·지역사회....."
096770,2026.08.30 15:10,디지털타임스,"트럼프, 외국산 ESS 유입 금지…‘현지생산’ K-배터리 질주 예감"
096770,2026.09.01 10:25,파이낸셜뉴스,2차전지株 살아나나...SK온 수주 소식에 SK이노 급등
096770,2026.09.01 10:09,한국경제TV,'11% 급락' 개미 충격 만회했다…강력 수주 모멘텀에 '급등'
096770,2026.09.01 10:09,한국경제TV,'11% 급락' 개미 충격 만회했다…강력 수주 모멘텀에 '급등'
096770,2026.09.01 09:54,이데일리,SK이노베이션 6%대 강세…자회사 SK온 북미 ESS 공급계약 수주[...
096770,2026.09.01 09:37,연합뉴스,[특징주] SK온 1.5조 배터리셀 수주 소식에 SK이노 장초반 급등
096770,2026.09.01 09:22,머니투데이,자회사 대규모 북미 수주 소식에 SK이노베이션 '방긋'… 8%대↑
096770,2026.09.01 10:01,아이뉴스24,[최태원의 선택②] 하이닉스 잘나갈 때…SK그룹 'AI 대전환' 승부수
096770,2026.09.01 10:01,KBS,"[성공예감] 코스피 7000선 위 171조 매물 벽, 삼전닉스 자사주가..."
096770,2026.09.01 10:01,아이뉴스24,"[특징주] SK이노베이션, SK온 美 ESS 계약에 7%대↑"
096770,2026.09.01 08:47,머니투데이,"""SK온 美 ESS 공급 계약, SK이노 합병 이슈 완화 기대""-iM"
096770,2026.09.01 08:47,머니투데이,"""SK온 美 ESS 공급 계약, SK이노 합병 이슈 완화 기대""-iM"
096770,2026.09.01 08:41,연합뉴스,"iM증권 ""SK이노, SK온 美 ESS 수주로 연 목표 절반 달성 긍..."
096770,2026.09.01 08:10,한국경제,"""SK이노베이션, 미국 ESS 시장 진출 첫 걸음 고무적이지만…""-i..."
096770,2026.09.01 07:47,이데일리,"SK이노베이션, 자회사 美 ESS 9GWh 공급계약…목표주가 19만원..."
096770,2026.09.01 10:01,아이뉴스24,[최태원의 선택①] 38세에 SK 지휘봉…28년 만에 'AI 제국'으로
096770,2026.09.01 09:52,이데일리,"‘3기 신도시 첫 민간분양’ 계양신도시 카이브 유보라, 본격 분양"
096770,2026.09.01 09:51,뉴스1,美·이란 교전 재개에 국제유가 급등…SK이노 9.2% S-Oil 5.6...
096770,2026.09.01 09:44,매일경제,중동 긴장 재고조에 정유주 ‘들썩’…SK이노베이션 7%대 급등
096770,2026.09.01 09:25,한국경제,"정유주, 국제 유가 상승에 동반 급등…SK이노베이션 8%↑"
096770,2026.09.01 09:25,한국경제,"정유주, 국제 유가 상승에 동반 급등…SK이노베이션 8%↑"
096770,2026.09.01 09:11,머니투데이,"정유주, 동반 상승… 미국·이란 무력 충돌 재개로 국제 유가 급등"
096770,2026.09.01 09:37,SBS Biz,[이 시각 시황] 9월 증시 ‘먹구름’…외국인·기관 동반 매도
096770,2026.09.01 09:35,조선비즈,[특징주] 美·이란 군사 충돌에 국제유가 급등… 정유株 일제히 강세
096770,2026.09.01 09:37,SBS Biz,[이 시각 시황] 9월 증시 ‘먹구름’…외국인·기관 동반 매도
096770,2026.09.01 09:37,연합뉴스,[특징주] SK온 1.5조 배터리셀 수주 소식에 SK이노 장초반 급등
096770,2026.09.01 09:22,머니투데이,자회사 대규모 북미 수주 소식에 SK이노베이션 '방긋'… 8%대↑
096770,2026.09.01 09:22,머니투데이,자회사 대규모 북미 수주 소식에 SK이노베이션 '방긋'… 8%대↑
096770,2026.09.01 09:35,조선비즈,[특징주] 美·이란 군사 충돌에 국제유가 급등… 정유株 일제히 강세
096770,2026.09.01 09:30,서울신문,"[서울데이터랩]코스피, 9월 첫 거래일 하락 출발…외국인·기관 동반 ...."
096770,2026.09.01 09:30,서울신문,[서울데이터랩]개장 직후 인기 검색 종목 20選
096770,2026.09.01 09:25,한국경제,"정유주, 국제 유가 상승에 동반 급등…SK이노베이션 8%↑"
096770,2026.09.01 09:11,머니투데이,"정유주, 동반 상승… 미국·이란 무력 충돌 재개로 국제 유가 급등"
096770,2026.09.01 09:11,머니투데이,"정유주, 동반 상승… 미국·이란 무력 충돌 재개로 국제 유가 급등"
096770,2026.09.01 08:48,SBS Biz,[어제장 오늘장] 삼전·하이닉스 자사주 매입에 반등…9월 7천피 넘을....
096770,2026.09.01 08:47,머니투데이,"""SK온 美 ESS 공급 계약, SK이노 합병 이슈 완화 기대""-iM"
096770,2026.09.01 08:41,연합뉴스,"iM증권 ""SK이노, SK온 美 ESS 수주로 연 목표 절반 달성 긍..."
096770,2026.09.01 08:41,연합뉴스,"iM증권 ""SK이노, SK온 美 ESS 수주로 연 목표 절반 달성 긍..."
096770,2026.09.01 08:10,한국경제,"""SK이노베이션, 미국 ESS 시장 진출 첫 걸음 고무적이지만…""-i..."
096770,2026.09.01 07:47,이데일리,"SK이노베이션, 자회사 美 ESS 9GWh 공급계약…목표주가 19만원..."
096770,2026.09.01 08:28,SBS Biz,"[기업이슈] SK온, 美 ESS 대규모 수주에…2차전지 관련주 강세"
096770,2026.09.01 08:21,뉴스1,반도체 주춤하자 2차전지 '꿈틀'…프리마켓서 SK이노 2%↑
096770,2026.09.01 08:41,연합뉴스,"iM증권 ""SK이노, SK온 美 ESS 수주로 연 목표 절반 달성 긍정..."
096770,2026.09.01 08:10,한국경제,"""SK이노베이션, 미국 ESS 시장 진출 첫 걸음 고무적이지만…""-i..."
096770,2026.09.01 08:10,한국경제,"""SK이노베이션, 미국 ESS 시장 진출 첫 걸음 고무적이지만…""-i..."
096770,2026.09.01 07:47,이데일리,"SK이노베이션, 자회사 美 ESS 9GWh 공급계약…목표주가 19만원..."
096770,2026.09.01 08:28,SBS Biz,"[기업이슈] SK온, 美 ESS 대규모 수주에…2차전지 관련주 강세"
096770,2026.09.01 08:21,뉴스1,반도체 주춤하자 2차전지 '꿈틀'…프리마켓서 SK이노 2%↑
096770,2026.09.01 07:01,서울경제,정제 마진 상승에 정유株 훨훨…8월 S-Oil 23%↑[이런국장 저런주...
096770,2026.09.01 06:40,비즈워치,"원가 내리고 마진 뛰고…정유사, 하반기도 이중 호재에 웃는다"
096770,2026.09.01 06:31,서울경제,"ESS 후발주자 SK온, 美서 1.5조 수주…‘ESS 기회의 땅’ 공략..."
096770,2026.09.01 06:01,아이뉴스24,"SK온, 美 ESS 영토 넓힌다?9GWh 수주로 20GWh 목표 '성..."
096770,2026.09.01 06:01,아이뉴스24,"SK온, 美 ESS 영토 넓힌다?9GWh 수주로 20GWh 목표 '성..."
096770,2026.09.01 06:00,디지털타임스,"“LFP 양산 페달 밟는다”…SK온, 美서 1.5조원 규모 ESS 배..."
096770,2026.09.01 05:10,뉴시스,"SK온, 1.5조원대 美 ESS 공급계약…실적 반등·공장 전환 '속도..."
096770,2026.09.01 05:04,서울신문,"SK온, 미국서 ESS 잭팟… 1.5조 규모 배터리 셀 공급계약"
096770,2026.09.01 03:23,머니투데이,美 ESS 1.5조 수주… SK온 흑자 잇는다
096770,2026.09.01 00:53,국민일보,"SK온, 美서 ‘1.5조원’ ESS 계약… “1건에 올 목표 절반 채..."
096770,2026.09.01 00:34,조선일보,"SK온, 美서 ESS용 배터리 1.5조원 규모 수주"
096770,2026.09.01 00:31,동아일보,국내 배터리 3사 ‘ESS 새 날개’… 美시장 수주 힘입어 흑자 전환
096770,2026.09.01 00:02,중앙일보,"SK온, 미국 ESS 시장서 1.5조 배터리셀 계약"
096770,2026.09.01 06:02,매일경제,외국인들이 먹고 빠져나간 국장…개미들 ‘기도메타’는 이곳 향했다
096770,2026.08.31 22:06,매일경제,계약 단 한건으로 한해 목표 절반 채웠다…SK온 ‘ESS 파죽지세’
096770,2026.08.31 17:44,매일경제,"ESS 추격자 SK온, 美수주 1건으로 올 목표 50% 채워"
096770,2026.08.31 17:44,매일경제,"ESS 추격자 SK온, 美수주 1건으로 올 목표 50% 채워"
096770,2026.08.31 16:02,세계일보,SK온도 ESS 사업 드라이브 가동… K배터리 캐즘 탈출 준비
096770,2026.08.31 14:08,매일신문,"SK이노베이션, SK온 美 ESS 수주 호재에 8% 강세"
096770,2026.08.31 12:13,비즈워치,"SK온, 전기차 공장 ESS로 돌린다…美서 1.5조 장기계약"
096770,2026.08.31 11:27,헤럴드경제,"SK온, 美 ESS배터리 1.5조원 수주"
096770,2026.08.31 10:03,부산일보,"SK온, 美에 ESS 배터리셀 대규모 공급… 1.5조 규모"
096770,2026.08.31 09:13,디지털타임스,SK온도 AI 훈풍… 美서 1.5조 ESS 공급
096770,2026.08.31 09:06,한경비즈니스,"SK온, 美서 1.5조 규모 ESS 배터리 공급 계약…북미 공략 가속"
096770,2026.08.31 08:59,지디넷코리아,"SK온, 美 ESS 대규모 수주…1.5조원 규모 추정"
096770,2026.08.31 08:48,조선일보,"SK온, 美서 1.5조 ESS 배터리 공급 계약…ESS 사업 본격화"
096770,2026.08.31 08:20,데일리안,"SK온, 美 ESS 배터리 9GWh 수주…ESS 사업 확대 속도"
096770,2026.08.31 08:19,뉴스1,"SK온, 美 ESS서 1.5조 규모 수주…네오볼타에 5년간 9GWh ..."
096770,2026.08.31 08:18,머니투데이,"SK온, 美에서 ESS용 LFP 수주…약 1.5조원 규모"
096770,2026.08.31 08:06,헤럴드경제,"SK온, 美서 ESS 배터리 1.5조원 대형 수주…계약 규모 1년 새..."
096770,2026.08.31 21:23,매경이코노미,‘분할상장’ 5년 만에 원점…SKIET 주주만 운다 [재계톡톡]
096770,2026.08.31 21:21,이데일리,[미리보는 이데일리 신문]AI ‘샌드박스’ 신청 쑥 복합규제에 지정은....
096770,2026.09.01 06:00,디지털타임스,"“LFP 양산 페달 밟는다”…SK온, 美서 1.5조원 규모 ESS 배터..."
096770,2026.09.01 05:10,뉴시스,"SK온, 1.5조원대 美 ESS 공급계약…실적 반등·공장 전환 '속도..."
096770,2026.09.01 05:10,뉴시스,"SK온, 1.5조원대 美 ESS 공급계약…실적 반등·공장 전환 '속도..."
096770,2026.09.01 05:04,서울신문,"SK온, 미국서 ESS 잭팟… 1.5조 규모 배터리 셀 공급계약"
096770,2026.09.01 03:23,머니투데이,美 ESS 1.5조 수주… SK온 흑자 잇는다
096770,2026.09.01 00:53,국민일보,"SK온, 美서 ‘1.5조원’ ESS 계약… “1건에 올 목표 절반 채..."
096770,2026.09.01 00:34,조선일보,"SK온, 美서 ESS용 배터리 1.5조원 규모 수주"
096770,2026.09.01 00:31,동아일보,국내 배터리 3사 ‘ESS 새 날개’… 美시장 수주 힘입어 흑자 전환
096770,2026.09.01 00:02,중앙일보,"SK온, 미국 ESS 시장서 1.5조 배터리셀 계약"
096770,2026.08.31 22:06,매일경제,계약 단 한건으로 한해 목표 절반 채웠다…SK온 ‘ESS 파죽지세’
096770,2026.08.31 17:44,매일경제,"ESS 추격자 SK온, 美수주 1건으로 올 목표 50% 채워"
096770,2026.08.31 17:44,매일경제,"ESS 추격자 SK온, 美수주 1건으로 올 목표 50% 채워"
096770,2026.08.31 16:02,세계일보,SK온도 ESS 사업 드라이브 가동… K배터리 캐즘 탈출 준비
096770,2026.08.31 14:08,매일신문,"SK이노베이션, SK온 美 ESS 수주 호재에 8% 강세"
096770,2026.08.31 12:13,비즈워치,"SK온, 전기차 공장 ESS로 돌린다…美서 1.5조 장기계약"
096770,2026.08.31 11:27,헤럴드경제,"SK온, 美 ESS배터리 1.5조원 수주"
096770,2026.08.31 10:03,부산일보,"SK온, 美에 ESS 배터리셀 대규모 공급… 1.5조 규모"
096770,2026.08.31 09:13,디지털타임스,SK온도 AI 훈풍… 美서 1.5조 ESS 공급
096770,2026.08.31 09:06,한경비즈니스,"SK온, 美서 1.5조 규모 ESS 배터리 공급 계약…북미 공략 가속"
096770,2026.08.31 08:59,지디넷코리아,"SK온, 美 ESS 대규모 수주…1.5조원 규모 추정"
096770,2026.08.31 08:48,조선일보,"SK온, 美서 1.5조 ESS 배터리 공급 계약…ESS 사업 본격화"
096770,2026.08.31 08:20,데일리안,"SK온, 美 ESS 배터리 9GWh 수주…ESS 사업 확대 속도"
096770,2026.08.31 08:19,뉴스1,"SK온, 美 ESS서 1.5조 규모 수주…네오볼타에 5년간 9GWh ..."
096770,2026.08.31 08:18,머니투데이,"SK온, 美에서 ESS용 LFP 수주…약 1.5조원 규모"
096770,2026.08.31 08:06,헤럴드경제,"SK온, 美서 ESS 배터리 1.5조원 대형 수주…계약 규모 1년 새..."
096770,2026.08.31 21:23,매경이코노미,‘분할상장’ 5년 만에 원점…SKIET 주주만 운다 [재계톡톡]
096770,2026.08.31 21:21,이데일리,[미리보는 이데일리 신문]AI ‘샌드박스’ 신청 쑥 복합규제에 지정은....
096770,2026.08.31 19:15,이데일리,"[마켓인]SK지오센트릭, 최대 1600억 회사채 발행…‘부정적’ 전망 ..."
096770,2026.08.31 19:06,국민일보,"SK온, 美서 ‘1.5조’ 수주… ‘기회의 땅’ ESS 공략 가속"
096770,2026.08.31 18:09,파이낸셜뉴스,"SK온, 1조5000억 잭팟… 美 ESS시장 존재감 드러냈다"
096770,2026.08.31 18:09,파이낸셜뉴스,"SK온, 1조5000억 잭팟… 美 ESS시장 존재감 드러냈다"
096770,2026.08.31 10:00,디지털데일리,"SK온, 美 네오볼타에 9GWh ESS 배터리 공급…ESS 시장 공략..."
096770,2026.08.31 09:24,뉴스1,"SK온, 올해 ESS 수주 목표 절반 채웠다…서산·美 조지아 LFP ..."
096770,2026.08.31 09:11,블로터,"SK온, 美 네오볼타와 9GWh 장기 공급계약…ESS 공략 확대"
096770,2026.08.31 08:58,서울경제,"SK온, 美 네오볼타 파워와 9GWh ESS 공급계약…1.5조 수주"
096770,2026.08.31 08:31,아시아경제,"SK온, 美 네오볼타에 9GWh 배터리 공급…ESS 확대"
096770,2026.08.31 08:25,파이낸셜뉴스,"SK온, 美 네오볼타 파워와 9GWh 배터리 셀 공급계약…1.5조원 ..."
096770,2026.08.31 08:23,경향신문,"SK온, 美 네오볼타 파워에 9GWh 배터리 공급…ESS 사업 본격 ..."
096770,2026.08.31 18:51,한국경제,"SK온, 美서 1.5조 배터리 셀 수주"
096770,2026.08.31 16:24,서울신문,"SK온, 미국서 9GWh 배터리 셀 공급계약…ESS로 영역 넓히는 배..."
096770,2026.08.31 16:24,서울신문,"SK온, 미국서 9GWh 배터리 셀 공급계약…ESS로 영역 넓히는 배..."
096770,2026.08.31 16:09,동아일보,"AI 열풍·대중 제재에…K배터리 3사, 美서 ESS로 영토 넓힌다"
096770,2026.08.31 15:11,한국일보,"SK온, 美 ESS 사업 탄력… 9GWh 대규모 배터리 셀 공급계약"
096770,2026.08.31 14:49,머니투데이,ESS 기반 SK온 '절치부심'..美서 '조단위' 대규모 공급계약
096770,2026.08.31 11:19,마이데일리,"SK온, 美서 9GWh 배터리 셀 공급계약…“북미 공략 속도”"
096770,2026.08.31 10:09,SBS Biz,"SK온, 美서 1.5조 규모 대형 배터리 셀 공급계약 체결"
096770,2026.08.31 10:04,서울경제,SK이노베이션 6%대 강세…美 ESS 배터리 셀 공급계약 영향[코주부...
096770,2026.08.31 09:48,한국경제TV,"SK온, 미국서 1.5조 규모 LFP 배터리 공급 계약 체결"
096770,2026.08.31 09:20,노컷뉴스,"SK온, 미국서 9GWh ESS 배터리 셀 공급계약 체결"
096770,2026.08.31 09:10,아이뉴스24,"SK온, 美 네오볼타와 대규모 배터리 셀 공급계약 체결?9GWh 규모"
096770,2026.08.31 08:39,더팩트,"SK온, 美서 대형 배터리 셀 공급계약 체결…ESS 확대 본격화"
096770,2026.08.31 08:34,이데일리,"SK온, 美 ESS기업에 ESS LFP 배터리 셀 공급계약…1.5조 ..."
096770,2026.08.31 08:15,연합뉴스,"SK온, 미국서 9GWh LFP 배터리 셀 공급계약…1.5조 규모"
096770,2026.08.31 08:09,머니투데이,"[속보]SK온, 美 네오볼타에 5년간 9GWh ESS용 배터리 공급"
096770,2026.08.31 08:04,뉴스1,"[속보] SK온, 美 네오볼타에 5년간 9GWh LFP 배터리 공급"
096770,2026.08.31 18:28,한겨레,"SK온, 미 ESS 배터리 공급…K-배터리 3사, ‘북미 공략’ 가속"
096770,2026.08.31 18:08,파이낸셜뉴스,코스피 주춤한데 오른 종목이 2배... 대형주서 개별주로 무게중심 이....
096770,2026.08.31 15:52,파이낸셜뉴스,코스피는 주춤한데 오르는 종목 늘었다…대형주서 개별주로 '무게이동.....
096770,2026.08.31 15:52,파이낸셜뉴스,코스피는 주춤한데 오르는 종목 늘었다…대형주서 개별주로 '무게이동.....
096770,2026.08.31 17:58,매일경제,"K배터리 美 ESS 시장서 숨통 … SK온, 배터리셀 1.5조원 수주"
096770,2026.08.31 12:09,중앙일보,"SK온, 미국서 1.5조원 규모 ESS 배터리셀 공급계약 체결"
096770,2026.08.31 12:09,중앙일보,"SK온, 미국서 1.5조원 규모 ESS 배터리셀 공급계약 체결"
096770,2026.08.31 11:56,문화일보,"SK온, 美 ESS시장 공략 속도… 네오볼타파워에 배터리셀 공급"
096770,2026.08.31 10:43,전자신문,"SK온, 1.5조원 규모 美 ESS 배터리 셀 공급계약 체결"
096770,2026.08.31 09:44,조선비즈,"SK온, 美 ESS 배터리 셀 공급계약…1.5조원 규모 추정"
096770,2026.08.31 09:30,머니투데이,ESS 배터리 셀 공급계약에 SK이노베이션 장초반 강세
096770,2026.08.31 08:58,동행미디어 시대,"SK온, 미 네오볼타에 '1.5조원 규모' ESS용 LFP 배터리 공..."
096770,2026.08.31 08:38,뉴시스,"SK온, 美서 1.5조원 규모 ESS 배터리 셀 공급계약 체결"
096770,2026.08.31 21:21,이데일리,[미리보는 이데일리 신문]AI ‘샌드박스’ 신청 쑥 복합규제에 지정은....
096770,2026.08.31 19:15,이데일리,"[마켓인]SK지오센트릭, 최대 1600억 회사채 발행…‘부정적’ 전망 ..."
096770,2026.08.31 19:06,국민일보,"SK온, 美서 ‘1.5조’ 수주… ‘기회의 땅’ ESS 공략 가속"
096770,2026.08.31 18:09,파이낸셜뉴스,"SK온, 1조5000억 잭팟… 美 ESS시장 존재감 드러냈다"
096770,2026.08.31 18:09,파이낸셜뉴스,"SK온, 1조5000억 잭팟… 美 ESS시장 존재감 드러냈다"
096770,2026.08.31 10:00,디지털데일리,"SK온, 美 네오볼타에 9GWh ESS 배터리 공급…ESS 시장 공략..."
096770,2026.08.31 09:24,뉴스1,"SK온, 올해 ESS 수주 목표 절반 채웠다…서산·美 조지아 LFP ..."
096770,2026.08.31 09:11,블로터,"SK온, 美 네오볼타와 9GWh 장기 공급계약…ESS 공략 확대"
096770,2026.08.31 08:58,서울경제,"SK온, 美 네오볼타 파워와 9GWh ESS 공급계약…1.5조 수주"
096770,2026.08.31 08:31,아시아경제,"SK온, 美 네오볼타에 9GWh 배터리 공급…ESS 확대"
096770,2026.08.31 08:25,파이낸셜뉴스,"SK온, 美 네오볼타 파워와 9GWh 배터리 셀 공급계약…1.5조원 ..."
096770,2026.08.31 08:23,경향신문,"SK온, 美 네오볼타 파워에 9GWh 배터리 공급…ESS 사업 본격 ..."
096770,2026.08.31 18:51,한국경제,"SK온, 美서 1.5조 배터리 셀 수주"
096770,2026.08.31 16:24,서울신문,"SK온, 미국서 9GWh 배터리 셀 공급계약…ESS로 영역 넓히는 배..."
096770,2026.08.31 16:24,서울신문,"SK온, 미국서 9GWh 배터리 셀 공급계약…ESS로 영역 넓히는 배..."
096770,2026.08.31 16:09,동아일보,"AI 열풍·대중 제재에…K배터리 3사, 美서 ESS로 영토 넓힌다"
096770,2026.08.31 15:11,한국일보,"SK온, 美 ESS 사업 탄력… 9GWh 대규모 배터리 셀 공급계약"
096770,2026.08.31 14:49,머니투데이,ESS 기반 SK온 '절치부심'..美서 '조단위' 대규모 공급계약
096770,2026.08.31 11:19,마이데일리,"SK온, 美서 9GWh 배터리 셀 공급계약…“북미 공략 속도”"
096770,2026.08.31 10:09,SBS Biz,"SK온, 美서 1.5조 규모 대형 배터리 셀 공급계약 체결"
096770,2026.08.31 10:04,서울경제,SK이노베이션 6%대 강세…美 ESS 배터리 셀 공급계약 영향[코주부...
096770,2026.08.31 09:48,한국경제TV,"SK온, 미국서 1.5조 규모 LFP 배터리 공급 계약 체결"
096770,2026.08.31 09:20,노컷뉴스,"SK온, 미국서 9GWh ESS 배터리 셀 공급계약 체결"
096770,2026.08.31 09:10,아이뉴스24,"SK온, 美 네오볼타와 대규모 배터리 셀 공급계약 체결?9GWh 규모"
096770,2026.08.31 08:39,더팩트,"SK온, 美서 대형 배터리 셀 공급계약 체결…ESS 확대 본격화"
096770,2026.08.31 08:34,이데일리,"SK온, 美 ESS기업에 ESS LFP 배터리 셀 공급계약…1.5조 ..."
096770,2026.08.31 08:15,연합뉴스,"SK온, 미국서 9GWh LFP 배터리 셀 공급계약…1.5조 규모"
096770,2026.08.31 08:09,머니투데이,"[속보]SK온, 美 네오볼타에 5년간 9GWh ESS용 배터리 공급"
096770,2026.08.31 08:04,뉴스1,"[속보] SK온, 美 네오볼타에 5년간 9GWh LFP 배터리 공급"
096770,2026.08.31 18:28,한겨레,"SK온, 미 ESS 배터리 공급…K-배터리 3사, ‘북미 공략’ 가속"
096770,2026.08.31 18:08,파이낸셜뉴스,코스피 주춤한데 오른 종목이 2배... 대형주서 개별주로 무게중심 이....
096770,2026.08.31 15:52,파이낸셜뉴스,코스피는 주춤한데 오르는 종목 늘었다…대형주서 개별주로 '무게이동.....
096770,2026.08.31 15:52,파이낸셜뉴스,코스피는 주춤한데 오르는 종목 늘었다…대형주서 개별주로 '무게이동.....
096770,2026.08.31 17:58,매일경제,"K배터리 美 ESS 시장서 숨통 … SK온, 배터리셀 1.5조원 수주"
096770,2026.08.31 12:09,중앙일보,"SK온, 미국서 1.5조원 규모 ESS 배터리셀 공급계약 체결"
096770,2026.08.31 12:09,중앙일보,"SK온, 미국서 1.5조원 규모 ESS 배터리셀 공급계약 체결"
096770,2026.08.31 11:56,문화일보,"SK온, 美 ESS시장 공략 속도… 네오볼타파워에 배터리셀 공급"
096770,2026.08.31 10:43,전자신문,"SK온, 1.5조원 규모 美 ESS 배터리 셀 공급계약 체결"
096770,2026.08.31 09:44,조선비즈,"SK온, 美 ESS 배터리 셀 공급계약…1.5조원 규모 추정"
096770,2026.08.31 09:30,머니투데이,ESS 배터리 셀 공급계약에 SK이노베이션 장초반 강세
096770,2026.08.31 08:58,동행미디어 시대,"SK온, 미 네오볼타에 '1.5조원 규모' ESS용 LFP 배터리 공..."
096770,2026.08.31 08:38,뉴시스,"SK온, 美서 1.5조원 규모 ESS 배터리 셀 공급계약 체결"
096770,2026.08.31 17:56,매일경제,정제마진 상승하자… 정유株 목표가 잇단 상향
096770,2026.08.31 17:44,매일경제,"ESS 추격자 SK온, 美수주 1건으로 올 목표 50% 채워"
096770,2026.08.31 16:02,세계일보,SK온도 ESS 사업 드라이브 가동… K배터리 캐즘 탈출 준비
096770,2026.08.31 16:02,세계일보,SK온도 ESS 사업 드라이브 가동… K배터리 캐즘 탈출 준비
096770,2026.08.31 14:08,매일신문,"SK이노베이션, SK온 美 ESS 수주 호재에 8% 강세"
096770,2026.08.31 12:13,비즈워치,"SK온, 전기차 공장 ESS로 돌린다…美서 1.5조 장기계약"
096770,2026.08.31 11:27,헤럴드경제,"SK온, 美 ESS배터리 1.5조원 수주"
096770,2026.08.31 10:03,부산일보,"SK온, 美에 ESS 배터리셀 대규모 공급… 1.5조 규모"
096770,2026.08.31 09:13,디지털타임스,SK온도 AI 훈풍… 美서 1.5조 ESS 공급
096770,2026.08.31 09:06,한경비즈니스,"SK온, 美서 1.5조 규모 ESS 배터리 공급 계약…북미 공략 가속"
096770,2026.08.31 08:59,지디넷코리아,"SK온, 美 ESS 대규모 수주…1.5조원 규모 추정"
096770,2026.08.31 08:48,조선일보,"SK온, 美서 1.5조 ESS 배터리 공급 계약…ESS 사업 본격화"
096770,2026.08.31 08:20,데일리안,"SK온, 美 ESS 배터리 9GWh 수주…ESS 사업 확대 속도"
096770,2026.08.31 08:19,뉴스1,"SK온, 美 ESS서 1.5조 규모 수주…네오볼타에 5년간 9GWh ..."
096770,2026.08.31 08:18,머니투데이,"SK온, 美에서 ESS용 LFP 수주…약 1.5조원 규모"
096770,2026.08.31 08:06,헤럴드경제,"SK온, 美서 ESS 배터리 1.5조원 대형 수주…계약 규모 1년 새..."
096770,2026.08.31 17:30,이코노미스트,‘삼전닉스’ 자사주 구조대가 막아낸 코스피 하락…방패는 언제까지...
096770,2026.08.31 17:30,이코노미스트,‘삼전닉스’ 자사주 구조대가 막아낸 코스피 하락…방패는 언제까지...
096770,2026.08.31 16:42,SBS Biz,[증시 인사이트] '매파 워시'에 흔들린 코스피…반등의 열쇠는 어디에....
096770,2026.08.31 16:24,서울신문,"SK온, 미국서 9GWh 배터리 셀 공급계약…ESS로 영역 넓히는 배터..."
096770,2026.08.31 16:09,동아일보,"AI 열풍·대중 제재에…K배터리 3사, 美서 ESS로 영토 넓힌다"
096770,2026.08.31 16:09,동아일보,"AI 열풍·대중 제재에…K배터리 3사, 美서 ESS로 영토 넓힌다"
096770,2026.08.31 15:11,한국일보,"SK온, 美 ESS 사업 탄력… 9GWh 대규모 배터리 셀 공급계약"
096770,2026.08.31 14:49,머니투데이,ESS 기반 SK온 '절치부심'..美서 '조단위' 대규모 공급계약
096770,2026.08.31 11:19,마이데일리,"SK온, 美서 9GWh 배터리 셀 공급계약…“북미 공략 속도”"
096770,2026.08.31 10:09,SBS Biz,"SK온, 美서 1.5조 규모 대형 배터리 셀 공급계약 체결"
096770,2026.08.31 10:04,서울경제,SK이노베이션 6%대 강세…美 ESS 배터리 셀 공급계약 영향[코주부...
096770,2026.08.31 09:48,한국경제TV,"SK온, 미국서 1.5조 규모 LFP 배터리 공급 계약 체결"
096770,2026.08.31 09:20,노컷뉴스,"SK온, 미국서 9GWh ESS 배터리 셀 공급계약 체결"
096770,2026.08.31 09:10,아이뉴스24,"SK온, 美 네오볼타와 대규모 배터리 셀 공급계약 체결?9GWh 규모"
096770,2026.08.31 08:39,더팩트,"SK온, 美서 대형 배터리 셀 공급계약 체결…ESS 확대 본격화"
096770,2026.08.31 08:34,이데일리,"SK온, 美 ESS기업에 ESS LFP 배터리 셀 공급계약…1.5조 ..."
096770,2026.08.31 08:15,연합뉴스,"SK온, 미국서 9GWh LFP 배터리 셀 공급계약…1.5조 규모"
096770,2026.08.31 08:09,머니투데이,"[속보]SK온, 美 네오볼타에 5년간 9GWh ESS용 배터리 공급"
096770,2026.08.31 08:04,뉴스1,"[속보] SK온, 美 네오볼타에 5년간 9GWh LFP 배터리 공급"
096770,2026.08.31 16:13,전자신문,"예탁결제원, 9월 케이뱅크 등 38개사 2.3억주 의무보유등록 해제"
096770,2026.08.31 16:00,시사저널,"예탁원 ""9월 상장사 38곳 2.3억 주 의무보유 해제"""
096770,2026.08.31 16:00,시사저널,"예탁원 ""9월 상장사 38곳 2.3억 주 의무보유 해제"""
096770,2026.08.31 14:41,서울경제,9월 2.3억 주 보호예수 풀린다… SK이노·케이뱅크 오버행 유의
096770,2026.08.31 13:41,조세일보,"예탁원 ""9월 케이뱅크 등 38개사 2.3억주 의무보유등록 해제"""
096770,2026.08.31 11:37,헤럴드경제,9월 38개사 2.3억주 의무보유 해제…오상헬스케어 59% 풀린다
096770,2026.08.31 11:20,뉴시스,"예탁원, 내달 케이뱅크 등 38곳 2.3억주 의무보유등록 해제"
096770,2026.08.31 11:17,뉴스1,"예탁원 ""9월에 상장사 38곳 2억 2948만 주 의무보유 해제"""
096770,2026.08.31 10:47,디지털타임스,케이뱅크·SK이노 등 38개사 2억2948만주 의무보유 해제
096770,2026.08.31 09:46,연합뉴스,"예탁원 ""9월 유가증권·코스닥 38개사 의무보유등록 해제"""
096770,2026.08.31 09:35,이데일리,"예탁원 ""9월 의무보유등록 38개사 2억2948만주 해제"""
096770,2026.08.31 09:19,아시아경제,"예탁원, 9월 의무보유등록 38개사 2억2948만주 해제"
096770,2026.08.31 16:02,세계일보,SK온도 ESS 사업 드라이브 가동… K배터리 캐즘 탈출 준비
096770,2026.08.31 14:08,매일신문,"SK이노베이션, SK온 美 ESS 수주 호재에 8% 강세"
096770,2026.08.31 14:08,매일신문,"SK이노베이션, SK온 美 ESS 수주 호재에 8% 강세"
096770,2026.08.31 12:13,비즈워치,"SK온, 전기차 공장 ESS로 돌린다…美서 1.5조 장기계약"
096770,2026.08.31 11:27,헤럴드경제,"SK온, 美 ESS배터리 1.5조원 수주"
096770,2026.08.31 10:03,부산일보,"SK온, 美에 ESS 배터리셀 대규모 공급… 1.5조 규모"
096770,2026.08.31 09:13,디지털타임스,SK온도 AI 훈풍… 美서 1.5조 ESS 공급
096770,2026.08.31 09:06,한경비즈니스,"SK온, 美서 1.5조 규모 ESS 배터리 공급 계약…북미 공략 가속"
096770,2026.08.31 08:59,지디넷코리아,"SK온, 美 ESS 대규모 수주…1.5조원 규모 추정"
096770,2026.08.31 08:48,조선일보,"SK온, 美서 1.5조 ESS 배터리 공급 계약…ESS 사업 본격화"
096770,2026.08.31 08:20,데일리안,"SK온, 美 ESS 배터리 9GWh 수주…ESS 사업 확대 속도"
096770,2026.08.31 08:19,뉴스1,"SK온, 美 ESS서 1.5조 규모 수주…네오볼타에 5년간 9GWh ..."
096770,2026.08.31 08:18,머니투데이,"SK온, 美에서 ESS용 LFP 수주…약 1.5조원 규모"
096770,2026.08.31 08:06,헤럴드경제,"SK온, 美서 ESS 배터리 1.5조원 대형 수주…계약 규모 1년 새..."
096770,2026.08.31 15:59,디지털타임스,‘땡큐 삼전닉스’ 자사주 매입에 살아난 코스피…잭슨홀 충격 딛고 ...
096770,2026.08.31 15:52,파이낸셜뉴스,코스피는 주춤한데 오르는 종목 늘었다…대형주서 개별주로 '무게이동...
096770,2026.08.31 15:46,조선비즈,[마켓뷰] 美 긴축 우려도 누른 ‘삼전닉스’ 구조대… 급락 출발한 코....
096770,2026.08.31 15:20,SBS Biz,[오후장 체크포인트] 2차 전지에 물려 3년 기다렸다 ESS 훈풍 타고...
096770,2026.08.31 14:59,블로터,"[재계 머니무브]SK, '배터리 투자' 일단 멈춤...지주사도 자본수혈"
096770,2026.08.31 15:20,SBS Biz,[오후장 체크포인트] 2차 전지에 물려 3년 기다렸다 ESS 훈풍 타고...
096770,2026.08.31 15:11,한국일보,"SK온, 美 ESS 사업 탄력… 9GWh 대규모 배터리 셀 공급계약"
096770,2026.08.31 14:49,머니투데이,ESS 기반 SK온 '절치부심'..美서 '조단위' 대규모 공급계약
096770,2026.08.31 14:49,머니투데이,ESS 기반 SK온 '절치부심'..美서 '조단위' 대규모 공급계약
096770,2026.08.31 11:19,마이데일리,"SK온, 美서 9GWh 배터리 셀 공급계약…“북미 공략 속도”"
096770,2026.08.31 10:09,SBS Biz,"SK온, 美서 1.5조 규모 대형 배터리 셀 공급계약 체결"
096770,2026.08.31 10:04,서울경제,SK이노베이션 6%대 강세…美 ESS 배터리 셀 공급계약 영향[코주부...
096770,2026.08.31 09:48,한국경제TV,"SK온, 미국서 1.5조 규모 LFP 배터리 공급 계약 체결"
096770,2026.08.31 09:20,노컷뉴스,"SK온, 미국서 9GWh ESS 배터리 셀 공급계약 체결"
096770,2026.08.31 09:10,아이뉴스24,"SK온, 美 네오볼타와 대규모 배터리 셀 공급계약 체결?9GWh 규모"
096770,2026.08.31 08:39,더팩트,"SK온, 美서 대형 배터리 셀 공급계약 체결…ESS 확대 본격화"
096770,2026.08.31 08:34,이데일리,"SK온, 美 ESS기업에 ESS LFP 배터리 셀 공급계약…1.5조 ..."
096770,2026.08.31 08:15,연합뉴스,"SK온, 미국서 9GWh LFP 배터리 셀 공급계약…1.5조 규모"
096770,2026.08.31 08:09,머니투데이,"[속보]SK온, 美 네오볼타에 5년간 9GWh ESS용 배터리 공급"
096770,2026.08.31 08:04,뉴스1,"[속보] SK온, 美 네오볼타에 5년간 9GWh LFP 배터리 공급"
096770,2026.08.31 14:59,블로터,"[재계 머니무브]SK, '배터리 투자' 일단 멈춤...지주사도 자본수혈"
096770,2026.08.31 14:41,서울경제,9월 2.3억 주 보호예수 풀린다… SK이노·케이뱅크 오버행 유의
096770,2026.08.31 13:41,조세일보,"예탁원 ""9월 케이뱅크 등 38개사 2.3억주 의무보유등록 해제"""
096770,2026.08.31 13:41,조세일보,"예탁원 ""9월 케이뱅크 등 38개사 2.3억주 의무보유등록 해제"""
096770,2026.08.31 11:37,헤럴드경제,9월 38개사 2.3억주 의무보유 해제…오상헬스케어 59% 풀린다
096770,2026.08.31 11:20,뉴시스,"예탁원, 내달 케이뱅크 등 38곳 2.3억주 의무보유등록 해제"
096770,2026.08.31 11:17,뉴스1,"예탁원 ""9월에 상장사 38곳 2억 2948만 주 의무보유 해제"""
096770,2026.08.31 10:47,디지털타임스,케이뱅크·SK이노 등 38개사 2억2948만주 의무보유 해제
096770,2026.08.31 09:46,연합뉴스,"예탁원 ""9월 유가증권·코스닥 38개사 의무보유등록 해제"""
096770,2026.08.31 09:35,이데일리,"예탁원 ""9월 의무보유등록 38개사 2억2948만주 해제"""
096770,2026.08.31 09:19,아시아경제,"예탁원, 9월 의무보유등록 38개사 2억2948만주 해제"
096770,2026.08.31 14:40,한국경제TV,"ESS 활황에 CATL 러브콜…삼아알미늄 ""9월 증설 결정"""
096770,2026.08.31 14:40,서울경제,삼전닉스 반등에 힘 받은 코스피…장중 ‘플러스’ 전환[이런국장 저...
096770,2026.08.31 14:18,파이낸셜뉴스,삼전닉스 다시 오른다?...코스피도 6700선 회복 [fn오후시황]
096770,2026.08.31 13:44,뉴스1,반도체 낙폭 줄이며 코스피 6600선 회복…외인 매수세 유입[장중시황...
096770,2026.08.31 13:44,뉴스1,반도체 낙폭 줄이며 코스피 6600선 회복…외인 매수세 유입[장중시황...
096770,2026.08.31 14:08,매일신문,"SK이노베이션, SK온 美 ESS 수주 호재에 8% 강세"
096770,2026.08.31 12:13,비즈워치,"SK온, 전기차 공장 ESS로 돌린다…美서 1.5조 장기계약"
096770,2026.08.31 12:13,비즈워치,"SK온, 전기차 공장 ESS로 돌린다…美서 1.5조 장기계약"
096770,2026.08.31 11:27,헤럴드경제,"SK온, 美 ESS배터리 1.5조원 수주"
096770,2026.08.31 10:03,부산일보,"SK온, 美에 ESS 배터리셀 대규모 공급… 1.5조 규모"
096770,2026.08.31 09:13,디지털타임스,SK온도 AI 훈풍… 美서 1.5조 ESS 공급
096770,2026.08.31 09:06,한경비즈니스,"SK온, 美서 1.5조 규모 ESS 배터리 공급 계약…북미 공략 가속"
096770,2026.08.31 08:59,지디넷코리아,"SK온, 美 ESS 대규모 수주…1.5조원 규모 추정"
096770,2026.08.31 08:48,조선일보,"SK온, 美서 1.5조 ESS 배터리 공급 계약…ESS 사업 본격화"
096770,2026.08.31 08:20,데일리안,"SK온, 美 ESS 배터리 9GWh 수주…ESS 사업 확대 속도"
096770,2026.08.31 08:19,뉴스1,"SK온, 美 ESS서 1.5조 규모 수주…네오볼타에 5년간 9GWh ..."
096770,2026.08.31 08:18,머니투데이,"SK온, 美에서 ESS용 LFP 수주…약 1.5조원 규모"
096770,2026.08.31 08:06,헤럴드경제,"SK온, 美서 ESS 배터리 1.5조원 대형 수주…계약 규모 1년 새..."
096770,2026.08.31 13:36,매경이코노미,"[단독] 코스피 66곳, 금융비용 부담 경고등"
096770,2026.08.31 12:09,중앙일보,"SK온, 미국서 1.5조원 규모 ESS 배터리셀 공급계약 체결"
096770,2026.08.31 11:56,문화일보,"SK온, 美 ESS시장 공략 속도… 네오볼타파워에 배터리셀 공급"
096770,2026.08.31 11:56,문화일보,"SK온, 美 ESS시장 공략 속도… 네오볼타파워에 배터리셀 공급"
096770,2026.08.31 10:43,전자신문,"SK온, 1.5조원 규모 美 ESS 배터리 셀 공급계약 체결"
096770,2026.08.31 09:44,조선비즈,"SK온, 美 ESS 배터리 셀 공급계약…1.5조원 규모 추정"
096770,2026.08.31 09:30,머니투데이,ESS 배터리 셀 공급계약에 SK이노베이션 장초반 강세
096770,2026.08.31 08:58,동행미디어 시대,"SK온, 미 네오볼타에 '1.5조원 규모' ESS용 LFP 배터리 공..."
096770,2026.08.31 08:38,뉴시스,"SK온, 美서 1.5조원 규모 ESS 배터리 셀 공급계약 체결"
096770,2026.08.31 13:41,조세일보,"예탁원 ""9월 케이뱅크 등 38개사 2.3억주 의무보유등록 해제"""
096770,2026.08.31 11:37,헤럴드경제,9월 38개사 2.3억주 의무보유 해제…오상헬스케어 59% 풀린다
096770,2026.08.31 11:37,헤럴드경제,9월 38개사 2.3억주 의무보유 해제…오상헬스케어 59% 풀린다
096770,2026.08.31 11:20,뉴시스,"예탁원, 내달 케이뱅크 등 38곳 2.3억주 의무보유등록 해제"
096770,2026.08.31 11:17,뉴스1,"예탁원 ""9월에 상장사 38곳 2억 2948만 주 의무보유 해제"""
096770,2026.08.31 10:47,디지털타임스,케이뱅크·SK이노 등 38개사 2억2948만주 의무보유 해제
096770,2026.08.31 09:46,연합뉴스,"예탁원 ""9월 유가증권·코스닥 38개사 의무보유등록 해제"""
096770,2026.08.31 09:35,이데일리,"예탁원 ""9월 의무보유등록 38개사 2억2948만주 해제"""
096770,2026.08.31 09:19,아시아경제,"예탁원, 9월 의무보유등록 38개사 2억2948만주 해제"
096770,2026.08.31 13:36,매경이코노미,"[단독] 코스피 66곳, 금융비용 부담 경고등"
096770,2026.08.31 12:13,비즈워치,"SK온, 전기차 공장 ESS로 돌린다…美서 1.5조 장기계약"
096770,2026.08.31 11:27,헤럴드경제,"SK온, 美 ESS배터리 1.5조원 수주"
096770,2026.08.31 11:27,헤럴드경제,"SK온, 美 ESS배터리 1.5조원 수주"
096770,2026.08.31 10:03,부산일보,"SK온, 美에 ESS 배터리셀 대규모 공급… 1.5조 규모"
096770,2026.08.31 09:13,디지털타임스,SK온도 AI 훈풍… 美서 1.5조 ESS 공급
096770,2026.08.31 09:06,한경비즈니스,"SK온, 美서 1.5조 규모 ESS 배터리 공급 계약…북미 공략 가속"
096770,2026.08.31 08:59,지디넷코리아,"SK온, 美 ESS 대규모 수주…1.5조원 규모 추정"
096770,2026.08.31 08:48,조선일보,"SK온, 美서 1.5조 ESS 배터리 공급 계약…ESS 사업 본격화"
096770,2026.08.31 08:20,데일리안,"SK온, 美 ESS 배터리 9GWh 수주…ESS 사업 확대 속도"
096770,2026.08.31 08:19,뉴스1,"SK온, 美 ESS서 1.5조 규모 수주…네오볼타에 5년간 9GWh ..."
096770,2026.08.31 08:18,머니투데이,"SK온, 美에서 ESS용 LFP 수주…약 1.5조원 규모"
096770,2026.08.31 08:06,헤럴드경제,"SK온, 美서 ESS 배터리 1.5조원 대형 수주…계약 규모 1년 새..."
096770,2026.08.31 12:09,중앙일보,"SK온, 미국서 1.5조원 규모 ESS 배터리셀 공급계약 체결"
096770,2026.08.31 11:56,문화일보,"SK온, 美 ESS시장 공략 속도… 네오볼타파워에 배터리셀 공급"
096770,2026.08.31 11:56,문화일보,"SK온, 美 ESS시장 공략 속도… 네오볼타파워에 배터리셀 공급"
096770,2026.08.31 10:43,전자신문,"SK온, 1.5조원 규모 美 ESS 배터리 셀 공급계약 체결"
096770,2026.08.31 09:44,조선비즈,"SK온, 美 ESS 배터리 셀 공급계약…1.5조원 규모 추정"
096770,2026.08.31 09:30,머니투데이,ESS 배터리 셀 공급계약에 SK이노베이션 장초반 강세
096770,2026.08.31 08:58,동행미디어 시대,"SK온, 미 네오볼타에 '1.5조원 규모' ESS용 LFP 배터리 공..."
096770,2026.08.31 08:38,뉴시스,"SK온, 美서 1.5조원 규모 ESS 배터리 셀 공급계약 체결"
096770,2026.08.31 11:39,SBS Biz,美 연준 의장 매파 발언에 코스피 2% 하락
096770,2026.08.31 11:25,조선비즈,“원가 절감에 해외 사업 기회까지”… SK·GS·포스코 이어 한화도 L...
096770,2026.08.31 11:19,마이데일리,"SK온, 美서 9GWh 배터리 셀 공급계약…“북미 공략 속도”"
096770,2026.08.31 10:09,SBS Biz,"SK온, 美서 1.5조 규모 대형 배터리 셀 공급계약 체결"
096770,2026.08.31 10:09,SBS Biz,"SK온, 美서 1.5조 규모 대형 배터리 셀 공급계약 체결"
096770,2026.08.31 10:04,서울경제,SK이노베이션 6%대 강세…美 ESS 배터리 셀 공급계약 영향[코주부...
096770,2026.08.31 09:48,한국경제TV,"SK온, 미국서 1.5조 규모 LFP 배터리 공급 계약 체결"
096770,2026.08.31 09:20,노컷뉴스,"SK온, 미국서 9GWh ESS 배터리 셀 공급계약 체결"
096770,2026.08.31 09:10,아이뉴스24,"SK온, 美 네오볼타와 대규모 배터리 셀 공급계약 체결?9GWh 규모"
096770,2026.08.31 08:39,더팩트,"SK온, 美서 대형 배터리 셀 공급계약 체결…ESS 확대 본격화"
096770,2026.08.31 08:34,이데일리,"SK온, 美 ESS기업에 ESS LFP 배터리 셀 공급계약…1.5조 ..."
096770,2026.08.31 08:15,연합뉴스,"SK온, 미국서 9GWh LFP 배터리 셀 공급계약…1.5조 규모"
096770,2026.08.31 08:09,머니투데이,"[속보]SK온, 美 네오볼타에 5년간 9GWh ESS용 배터리 공급"
096770,2026.08.31 08:04,뉴스1,"[속보] SK온, 美 네오볼타에 5년간 9GWh LFP 배터리 공급"
096770,2026.08.31 10:30,비즈워치,"케이뱅크 지분 20%, 다음달 5일 락업해제"
096770,2026.08.31 10:00,디지털데일리,"SK온, 美 네오볼타에 9GWh ESS 배터리 공급…ESS 시장 공략 ..."
096770,2026.08.31 09:24,뉴스1,"SK온, 올해 ESS 수주 목표 절반 채웠다…서산·美 조지아 LFP ..."
096770,2026.08.31 09:24,뉴스1,"SK온, 올해 ESS 수주 목표 절반 채웠다…서산·美 조지아 LFP ..."
096770,2026.08.31 09:11,블로터,"SK온, 美 네오볼타와 9GWh 장기 공급계약…ESS 공략 확대"
096770,2026.08.31 08:58,서울경제,"SK온, 美 네오볼타 파워와 9GWh ESS 공급계약…1.5조 수주"
096770,2026.08.31 08:31,아시아경제,"SK온, 美 네오볼타에 9GWh 배터리 공급…ESS 확대"
096770,2026.08.31 08:25,파이낸셜뉴스,"SK온, 美 네오볼타 파워와 9GWh 배터리 셀 공급계약…1.5조원 ..."
096770,2026.08.31 08:23,경향신문,"SK온, 美 네오볼타 파워에 9GWh 배터리 공급…ESS 사업 본격 ..."
096770,2026.08.31 09:38,서울신문,[서울데이터랩]개장 직후 인기 검색 종목 20選
096770,2026.08.31 11:19,마이데일리,"SK온, 美서 9GWh 배터리 셀 공급계약…“북미 공략 속도”"
096770,2026.08.31 10:09,SBS Biz,"SK온, 美서 1.5조 규모 대형 배터리 셀 공급계약 체결"
096770,2026.08.31 10:09,SBS Biz,"SK온, 美서 1.5조 규모 대형 배터리 셀 공급계약 체결"
096770,2026.08.31 10:04,서울경제,SK이노베이션 6%대 강세…美 ESS 배터리 셀 공급계약 영향[코주부...
096770,2026.08.31 09:48,한국경제TV,"SK온, 미국서 1.5조 규모 LFP 배터리 공급 계약 체결"
096770,2026.08.31 09:20,노컷뉴스,"SK온, 미국서 9GWh ESS 배터리 셀 공급계약 체결"
096770,2026.08.31 09:10,아이뉴스24,"SK온, 美 네오볼타와 대규모 배터리 셀 공급계약 체결?9GWh 규모"
096770,2026.08.31 08:39,더팩트,"SK온, 美서 대형 배터리 셀 공급계약 체결…ESS 확대 본격화"
096770,2026.08.31 08:34,이데일리,"SK온, 美 ESS기업에 ESS LFP 배터리 셀 공급계약…1.5조 ..."
096770,2026.08.31 08:15,연합뉴스,"SK온, 미국서 9GWh LFP 배터리 셀 공급계약…1.5조 규모"
096770,2026.08.31 08:09,머니투데이,"[속보]SK온, 美 네오볼타에 5년간 9GWh ESS용 배터리 공급"
096770,2026.08.31 08:04,뉴스1,"[속보] SK온, 美 네오볼타에 5년간 9GWh LFP 배터리 공급"
096770,2026.08.31 11:17,뉴스1,"예탁원 ""9월에 상장사 38곳 2억 2948만 주 의무보유 해제"""
096770,2026.08.31 10:47,디지털타임스,케이뱅크·SK이노 등 38개사 2억2948만주 의무보유 해제
096770,2026.08.31 10:47,디지털타임스,케이뱅크·SK이노 등 38개사 2억2948만주 의무보유 해제
096770,2026.08.31 09:46,연합뉴스,"예탁원 ""9월 유가증권·코스닥 38개사 의무보유등록 해제"""
096770,2026.08.31 09:35,이데일리,"예탁원 ""9월 의무보유등록 38개사 2억2948만주 해제"""
096770,2026.08.31 09:19,아시아경제,"예탁원, 9월 의무보유등록 38개사 2억2948만주 해제"
096770,2026.08.31 10:43,전자신문,"SK온, 1.5조원 규모 美 ESS 배터리 셀 공급계약 체결"
096770,2026.08.31 09:44,조선비즈,"SK온, 美 ESS 배터리 셀 공급계약…1.5조원 규모 추정"
096770,2026.08.31 09:44,조선비즈,"SK온, 美 ESS 배터리 셀 공급계약…1.5조원 규모 추정"
096770,2026.08.31 09:30,머니투데이,ESS 배터리 셀 공급계약에 SK이노베이션 장초반 강세
096770,2026.08.31 08:58,동행미디어 시대,"SK온, 미 네오볼타에 '1.5조원 규모' ESS용 LFP 배터리 공..."
096770,2026.08.31 08:38,뉴시스,"SK온, 美서 1.5조원 규모 ESS 배터리 셀 공급계약 체결"
096770,2026.08.31 10:30,비즈워치,"케이뱅크 지분 20%, 다음달 5일 락업해제"
096770,2026.08.31 10:03,부산일보,"SK온, 美에 ESS 배터리셀 대규모 공급… 1.5조 규모"
096770,2026.08.31 09:13,디지털타임스,SK온도 AI 훈풍… 美서 1.5조 ESS 공급
096770,2026.08.31 09:13,디지털타임스,SK온도 AI 훈풍… 美서 1.5조 ESS 공급
096770,2026.08.31 09:06,한경비즈니스,"SK온, 美서 1.5조 규모 ESS 배터리 공급 계약…북미 공략 가속"
096770,2026.08.31 08:59,지디넷코리아,"SK온, 美 ESS 대규모 수주…1.5조원 규모 추정"
096770,2026.08.31 08:48,조선일보,"SK온, 美서 1.5조 ESS 배터리 공급 계약…ESS 사업 본격화"
096770,2026.08.31 08:20,데일리안,"SK온, 美 ESS 배터리 9GWh 수주…ESS 사업 확대 속도"
096770,2026.08.31 08:19,뉴스1,"SK온, 美 ESS서 1.5조 규모 수주…네오볼타에 5년간 9GWh ..."
096770,2026.08.31 08:18,머니투데이,"SK온, 美에서 ESS용 LFP 수주…약 1.5조원 규모"
096770,2026.08.31 08:06,헤럴드경제,"SK온, 美서 ESS 배터리 1.5조원 대형 수주…계약 규모 1년 새..."
096770,2026.08.31 10:00,디지털데일리,"SK온, 美 네오볼타에 9GWh ESS 배터리 공급…ESS 시장 공략 ..."
096770,2026.08.31 09:24,뉴스1,"SK온, 올해 ESS 수주 목표 절반 채웠다…서산·美 조지아 LFP ..."
096770,2026.08.31 09:24,뉴스1,"SK온, 올해 ESS 수주 목표 절반 채웠다…서산·美 조지아 LFP ..."
096770,2026.08.31 09:11,블로터,"SK온, 美 네오볼타와 9GWh 장기 공급계약…ESS 공략 확대"
096770,2026.08.31 08:58,서울경제,"SK온, 美 네오볼타 파워와 9GWh ESS 공급계약…1.5조 수주"
096770,2026.08.31 08:31,아시아경제,"SK온, 美 네오볼타에 9GWh 배터리 공급…ESS 확대"
096770,2026.08.31 08:25,파이낸셜뉴스,"SK온, 美 네오볼타 파워와 9GWh 배터리 셀 공급계약…1.5조원 ..."
096770,2026.08.31 08:23,경향신문,"SK온, 美 네오볼타 파워에 9GWh 배터리 공급…ESS 사업 본격 ..."
096770,2026.08.31 09:38,서울신문,[서울데이터랩]개장 직후 인기 검색 종목 20選
096770,2026.08.31 09:36,뉴스1,"SK이노, 오늘은 6% 강세…SK온 美ESS 수주 호재[핫종목]"
096770,2026.08.31 09:20,머니투데이,[알림]기업·軍 '에너지 전략' 한눈에…국가대표 모이는 'SEP 202...
096770,2026.08.31 09:18,뉴스1,연준 긴축 우려에 코스피 '꽁꽁'…은행주는 강보합 선방[핫종목]
096770,2026.08.31 09:46,연합뉴스,"예탁원 ""9월 유가증권·코스닥 38개사 의무보유등록 해제"""
096770,2026.08.31 09:35,이데일리,"예탁원 ""9월 의무보유등록 38개사 2억2948만주 해제"""
096770,2026.08.31 09:35,이데일리,"예탁원 ""9월 의무보유등록 38개사 2억2948만주 해제"""
096770,2026.08.31 09:19,아시아경제,"예탁원, 9월 의무보유등록 38개사 2억2948만주 해제"
096770,2026.08.31 09:44,조선비즈,"SK온, 美 ESS 배터리 셀 공급계약…1.5조원 규모 추정"
096770,2026.08.31 09:30,머니투데이,ESS 배터리 셀 공급계약에 SK이노베이션 장초반 강세
096770,2026.08.31 09:30,머니투데이,ESS 배터리 셀 공급계약에 SK이노베이션 장초반 강세
096770,2026.08.31 08:58,동행미디어 시대,"SK온, 미 네오볼타에 '1.5조원 규모' ESS용 LFP 배터리 공..."
096770,2026.08.31 08:38,뉴시스,"SK온, 美서 1.5조원 규모 ESS 배터리 셀 공급계약 체결"
096770,2026.08.31 09:38,서울신문,[서울데이터랩]개장 직후 인기 검색 종목 20選
096770,2026.08.31 09:36,뉴스1,"SK이노, 오늘은 6% 강세…SK온 美ESS 수주 호재[핫종목]"
096770,2026.08.31 09:24,뉴스1,"SK온, 올해 ESS 수주 목표 절반 채웠다…서산·美 조지아 LFP 전..."
096770,2026.08.31 09:11,블로터,"SK온, 美 네오볼타와 9GWh 장기 공급계약…ESS 공략 확대"
096770,2026.08.31 09:11,블로터,"SK온, 美 네오볼타와 9GWh 장기 공급계약…ESS 공략 확대"
096770,2026.08.31 08:58,서울경제,"SK온, 美 네오볼타 파워와 9GWh ESS 공급계약…1.5조 수주"
096770,2026.08.31 08:31,아시아경제,"SK온, 美 네오볼타에 9GWh 배터리 공급…ESS 확대"
096770,2026.08.31 08:25,파이낸셜뉴스,"SK온, 美 네오볼타 파워와 9GWh 배터리 셀 공급계약…1.5조원 ..."
096770,2026.08.31 08:23,경향신문,"SK온, 美 네오볼타 파워에 9GWh 배터리 공급…ESS 사업 본격 ..."
096770,2026.08.31 09:20,머니투데이,[알림]기업·軍 '에너지 전략' 한눈에…국가대표 모이는 'SEP 202...
096770,2026.08.31 09:20,노컷뉴스,"SK온, 미국서 9GWh ESS 배터리 셀 공급계약 체결"
096770,2026.08.31 09:10,아이뉴스24,"SK온, 美 네오볼타와 대규모 배터리 셀 공급계약 체결?9GWh 규모"
096770,2026.08.31 09:10,아이뉴스24,"SK온, 美 네오볼타와 대규모 배터리 셀 공급계약 체결?9GWh 규모"
096770,2026.08.31 08:39,더팩트,"SK온, 美서 대형 배터리 셀 공급계약 체결…ESS 확대 본격화"
096770,2026.08.31 08:34,이데일리,"SK온, 美 ESS기업에 ESS LFP 배터리 셀 공급계약…1.5조 ..."
096770,2026.08.31 08:15,연합뉴스,"SK온, 미국서 9GWh LFP 배터리 셀 공급계약…1.5조 규모"
096770,2026.08.31 08:09,머니투데이,"[속보]SK온, 美 네오볼타에 5년간 9GWh ESS용 배터리 공급"
096770,2026.08.31 08:04,뉴스1,"[속보] SK온, 美 네오볼타에 5년간 9GWh LFP 배터리 공급"
096770,2026.08.31 09:18,뉴스1,연준 긴축 우려에 코스피 '꽁꽁'…은행주는 강보합 선방[핫종목]
096770,2026.08.31 09:13,디지털타임스,SK온도 AI 훈풍… 美서 1.5조 ESS 공급
096770,2026.08.31 09:06,한경비즈니스,"SK온, 美서 1.5조 규모 ESS 배터리 공급 계약…북미 공략 가속"
096770,2026.08.31 09:06,한경비즈니스,"SK온, 美서 1.5조 규모 ESS 배터리 공급 계약…북미 공략 가속"
096770,2026.08.31 08:59,지디넷코리아,"SK온, 美 ESS 대규모 수주…1.5조원 규모 추정"
096770,2026.08.31 08:48,조선일보,"SK온, 美서 1.5조 ESS 배터리 공급 계약…ESS 사업 본격화"
096770,2026.08.31 08:20,데일리안,"SK온, 美 ESS 배터리 9GWh 수주…ESS 사업 확대 속도"
096770,2026.08.31 08:19,뉴스1,"SK온, 美 ESS서 1.5조 규모 수주…네오볼타에 5년간 9GWh ..."
096770,2026.08.31 08:18,머니투데이,"SK온, 美에서 ESS용 LFP 수주…약 1.5조원 규모"
096770,2026.08.31 08:06,헤럴드경제,"SK온, 美서 ESS 배터리 1.5조원 대형 수주…계약 규모 1년 새..."
096770,2026.08.31 09:11,아시아경제,"[르포]""유럽내 소재 공급망 확보""…'LG엔솔 투자' 핀란드 양극재 공..."
096770,2026.08.31 09:18,뉴스1,연준 긴축 우려에 코스피 '꽁꽁'…은행주는 강보합 선방[핫종목]
096770,2026.08.31 09:13,디지털타임스,SK온도 AI 훈풍… 美서 1.5조 ESS 공급
096770,2026.08.31 09:06,한경비즈니스,"SK온, 美서 1.5조 규모 ESS 배터리 공급 계약…북미 공략 가속"
096770,2026.08.31 09:06,한경비즈니스,"SK온, 美서 1.5조 규모 ESS 배터리 공급 계약…북미 공략 가속"
096770,2026.08.31 08:59,지디넷코리아,"SK온, 美 ESS 대규모 수주…1.5조원 규모 추정"
096770,2026.08.31 08:48,조선일보,"SK온, 美서 1.5조 ESS 배터리 공급 계약…ESS 사업 본격화"
096770,2026.08.31 08:20,데일리안,"SK온, 美 ESS 배터리 9GWh 수주…ESS 사업 확대 속도"
096770,2026.08.31 08:19,뉴스1,"SK온, 美 ESS서 1.5조 규모 수주…네오볼타에 5년간 9GWh ..."
096770,2026.08.31 08:18,머니투데이,"SK온, 美에서 ESS용 LFP 수주…약 1.5조원 규모"
096770,2026.08.31 08:06,헤럴드경제,"SK온, 美서 ESS 배터리 1.5조원 대형 수주…계약 규모 1년 새..."
096770,2026.08.31 09:11,블로터,"SK온, 美 네오볼타와 9GWh 장기 공급계약…ESS 공략 확대"
096770,2026.08.31 08:58,서울경제,"SK온, 美 네오볼타 파워와 9GWh ESS 공급계약…1.5조 수주"
096770,2026.08.31 08:58,서울경제,"SK온, 美 네오볼타 파워와 9GWh ESS 공급계약…1.5조 수주"
096770,2026.08.31 08:31,아시아경제,"SK온, 美 네오볼타에 9GWh 배터리 공급…ESS 확대"
096770,2026.08.31 08:25,파이낸셜뉴스,"SK온, 美 네오볼타 파워와 9GWh 배터리 셀 공급계약…1.5조원 ..."
096770,2026.08.31 08:23,경향신문,"SK온, 美 네오볼타 파워에 9GWh 배터리 공급…ESS 사업 본격 ..."
096770,2026.08.31 09:11,아시아경제,"[르포]""유럽내 소재 공급망 확보""…'LG엔솔 투자' 핀란드 양극재 공..."
096770,2026.08.31 09:10,아이뉴스24,"SK온, 美 네오볼타와 대규모 배터리 셀 공급계약 체결?9GWh 규모"
096770,2026.08.31 08:39,더팩트,"SK온, 美서 대형 배터리 셀 공급계약 체결…ESS 확대 본격화"
096770,2026.08.31 08:39,더팩트,"SK온, 美서 대형 배터리 셀 공급계약 체결…ESS 확대 본격화"
096770,2026.08.31 08:34,이데일리,"SK온, 美 ESS기업에 ESS LFP 배터리 셀 공급계약…1.5조 ..."
096770,2026.08.31 08:15,연합뉴스,"SK온, 미국서 9GWh LFP 배터리 셀 공급계약…1.5조 규모"
096770,2026.08.31 08:09,머니투데이,"[속보]SK온, 美 네오볼타에 5년간 9GWh ESS용 배터리 공급"
096770,2026.08.31 08:04,뉴스1,"[속보] SK온, 美 네오볼타에 5년간 9GWh LFP 배터리 공급"
096770,2026.08.31 09:04,매일경제,"“54만원 SK, 80만원 가능”…실적 개선 외에 증권사가 꼽은 이유가"
096770,2026.08.31 08:27,머니투데이,"SK, 에코플랜트 실적개선에 특별배당까지…""재평가 필요""-SK증권"
096770,2026.08.31 08:27,머니투데이,"SK, 에코플랜트 실적개선에 특별배당까지…""재평가 필요""-SK증권"
096770,2026.08.31 08:58,동행미디어 시대,"SK온, 미 네오볼타에 '1.5조원 규모' ESS용 LFP 배터리 공급"
096770,2026.08.31 08:38,뉴시스,"SK온, 美서 1.5조원 규모 ESS 배터리 셀 공급계약 체결"
096770,2026.08.31 08:38,뉴시스,"SK온, 美서 1.5조원 규모 ESS 배터리 셀 공급계약 체결"
096770,2026.08.31 08:29,이데일리,"SK에너지·네이버페이, 주유소 고객 혜택 강화 '맞손'"
096770,2026.08.31 06:02,조선비즈,"“매각 막히고 자금 조달 한계”… SK피아이씨글로벌, 모회사 SKC에 ..."
096770,2026.08.30 17:14,매일경제,SK 리밸런싱 속도…미래사업에 힘 싣는다
096770,2026.08.31 08:48,조선일보,"SK온, 美서 1.5조 ESS 배터리 공급 계약…ESS 사업 본격화"
096770,2026.08.31 08:20,데일리안,"SK온, 美 ESS 배터리 9GWh 수주…ESS 사업 확대 속도"
096770,2026.08.31 08:20,데일리안,"SK온, 美 ESS 배터리 9GWh 수주…ESS 사업 확대 속도"
096770,2026.08.31 08:19,뉴스1,"SK온, 美 ESS서 1.5조 규모 수주…네오볼타에 5년간 9GWh ..."
096770,2026.08.31 08:18,머니투데이,"SK온, 美에서 ESS용 LFP 수주…약 1.5조원 규모"
096770,2026.08.31 08:06,헤럴드경제,"SK온, 美서 ESS 배터리 1.5조원 대형 수주…계약 규모 1년 새..."
096770,2026.08.31 08:39,더팩트,"SK온, 美서 대형 배터리 셀 공급계약 체결…ESS 확대 본격화"
096770,2026.08.31 08:34,이데일리,"SK온, 美 ESS기업에 ESS LFP 배터리 셀 공급계약…1.5조 ..."
096770,2026.08.31 08:34,이데일리,"SK온, 美 ESS기업에 ESS LFP 배터리 셀 공급계약…1.5조 ..."
096770,2026.08.31 08:15,연합뉴스,"SK온, 미국서 9GWh LFP 배터리 셀 공급계약…1.5조 규모"
096770,2026.08.31 08:09,머니투데이,"[속보]SK온, 美 네오볼타에 5년간 9GWh ESS용 배터리 공급"
096770,2026.08.31 08:04,뉴스1,"[속보] SK온, 美 네오볼타에 5년간 9GWh LFP 배터리 공급"
096770,2026.08.31 08:38,뉴시스,"SK온, 美서 1.5조원 규모 ESS 배터리 셀 공급계약 체결"
096770,2026.08.31 08:31,아시아경제,"SK온, 美 네오볼타에 9GWh 배터리 공급…ESS 확대"
096770,2026.08.31 08:25,파이낸셜뉴스,"SK온, 美 네오볼타 파워와 9GWh 배터리 셀 공급계약…1.5조원 ..."
096770,2026.08.31 08:25,파이낸셜뉴스,"SK온, 美 네오볼타 파워와 9GWh 배터리 셀 공급계약…1.5조원 ..."
096770,2026.08.31 08:23,경향신문,"SK온, 美 네오볼타 파워에 9GWh 배터리 공급…ESS 사업 본격 ..."
096770,2026.08.31 08:29,이데일리,"SK에너지·네이버페이, 주유소 고객 혜택 강화 '맞손'"
096770,2026.08.31 08:27,머니투데이,"SK, 에코플랜트 실적개선에 특별배당까지…""재평가 필요""-SK증권"
096770,2026.08.31 06:02,조선비즈,"“매각 막히고 자금 조달 한계”… SK피아이씨글로벌, 모회사 SKC에 ..."
096770,2026.08.30 17:14,매일경제,SK 리밸런싱 속도…미래사업에 힘 싣는다
096770,2026.08.30 16:05,매일경제,"돈보다 소중한, 우리가 잘하는 일로 … 상생 생태계도 청년·지역사회....."
096770,2026.08.30 16:05,매일경제,"SK, AI 활용 독립운동가들 발자취 되살려"
096770,2026.08.31 08:19,뉴스1,"SK온, 美 ESS서 1.5조 규모 수주…네오볼타에 5년간 9GWh L..."
096770,2026.08.31 08:18,머니투데이,"SK온, 美에서 ESS용 LFP 수주…약 1.5조원 규모"
096770,2026.08.31 08:18,머니투데이,"SK온, 美에서 ESS용 LFP 수주…약 1.5조원 규모"
096770,2026.08.31 08:06,헤럴드경제,"SK온, 美서 ESS 배터리 1.5조원 대형 수주…계약 규모 1년 새..."
096770,2026.08.31 08:15,연합뉴스,"SK온, 미국서 9GWh LFP 배터리 셀 공급계약…1.5조 규모"
096770,2026.08.31 08:09,머니투데이,"[속보]SK온, 美 네오볼타에 5년간 9GWh ESS용 배터리 공급"
096770,2026.08.31 08:09,머니투데이,"[속보]SK온, 美 네오볼타에 5년간 9GWh ESS용 배터리 공급"
096770,2026.08.31 08:04,뉴스1,"[속보] SK온, 美 네오볼타에 5년간 9GWh LFP 배터리 공급"
096770,2026.08.31 06:02,조선비즈,"“매각 막히고 자금 조달 한계”… SK피아이씨글로벌, 모회사 SKC에 ..."
096770,2026.08.30 17:14,매일경제,SK 리밸런싱 속도…미래사업에 힘 싣는다
096770,2026.08.30 16:05,매일경제,"SK, AI 활용 독립운동가들 발자취 되살려"
096770,2026.08.30 16:05,매일경제,"돈보다 소중한, 우리가 잘하는 일로 … 상생 생태계도 청년·지역사회....."
096770,2026.08.30 15:10,디지털타임스,"트럼프, 외국산 ESS 유입 금지…‘현지생산’ K-배터리 질주 예감"
096770,2026.08.30 14:23,디지털타임스,美 원유 늘리는 정유사… 비용 압박 가중
096770,2026.08.30 11:04,서울경제,"정유주, 정제마진 강세에 코스피 압도…“제품값 정상화 더뎌” [코주....."
096770,2026.08.30 07:05,연합뉴스,"정유주, 정제 마진 상승에 강세…""원유보다 느린 제품 정상화"""
096770,2026.08.30 07:05,연합뉴스,"정유주, 정제 마진 상승에 강세…""원유보다 느린 제품 정상화"""
096770,2026.08.30 10:00,블로터,"""적자 내면 지원 0원""…반쪽짜리 배터리 세제 지원에 뿔난 기업들"
096770,2026.08.30 15:10,디지털타임스,"트럼프, 외국산 ESS 유입 금지…‘현지생산’ K-배터리 질주 예감"
096770,2026.08.30 14:23,디지털타임스,美 원유 늘리는 정유사… 비용 압박 가중
096770,2026.08.30 11:04,서울경제,"정유주, 정제마진 강세에 코스피 압도…“제품값 정상화 더뎌” [코주....."
096770,2026.08.30 07:05,연합뉴스,"정유주, 정제 마진 상승에 강세…""원유보다 느린 제품 정상화"""
096770,2026.08.30 07:05,연합뉴스,"정유주, 정제 마진 상승에 강세…""원유보다 느린 제품 정상화"""
096770,2026.08.30 10:00,블로터,"""적자 내면 지원 0원""…반쪽짜리 배터리 세제 지원에 뿔난 기업들"
096770,2026.08.30 09:36,디지털데일리,"증설 멈추고 합치고 돌려쓰고…K-배터리, '재편의 시간' [위클리배터리..."
096770,2026.08.30 08:00,부산일보,[비즈앤피플] 질주하는 휴머노이드… ‘황금알’ 배터리 각축전
096770,2026.08.30 06:01,아이뉴스24,ESS 3차 입찰 임박…삼성SDI·SK온 선두 속 LG엔솔 반격 나선다
096770,2026.08.29 17:00,시사저널,전기차 넘어선 K배터리…AI·ESS·로봇으로 '영토 확장'
096770,2026.08.29 15:00,비즈워치,"SK, 계열사 합치며 군살 뺀다…사업구조 재편"
096770,2026.08.29 10:31,서울경제,SK이노 합병 앞두고…SKIET 이틀 연속 8%대 급락[이런국장 저런주...
096770,2026.08.29 07:01,뉴스1,SKIET 1주가 SK이노 0.1주로?…주식 합병은 어떻게? [손엄지...
096770,2026.08.29 07:01,뉴스1,SKIET 1주가 SK이노 0.1주로?…주식 합병은 어떻게? [손엄지...
096770,2026.08.29 00:10,헤럴드경제,“주주가 주인은 아니다”…중복상장 SKIET 다시 품은 SK이노의 메...
096770,2026.08.29 10:31,서울경제,SK이노 합병 앞두고…SKIET 이틀 연속 8%대 급락[이런국장 저런주...
096770,2026.08.29 07:01,뉴스1,SKIET 1주가 SK이노 0.1주로?…주식 합병은 어떻게? [손엄지...
096770,2026.08.29 07:01,뉴스1,SKIET 1주가 SK이노 0.1주로?…주식 합병은 어떻게? [손엄지...
096770,2026.08.29 00:10,헤럴드경제,“주주가 주인은 아니다”…중복상장 SKIET 다시 품은 SK이노의 메...
096770,2026.08.29 09:00,머니투데이,종목 장세 시작되나?…삼성·현대·SK 그룹주 모두 '미끌'[김근희의 증...
096770,2026.08.29 08:51,한국경제,"올해 133% 폭등했는데…""내년까지 간다"" 잘 나가는 이 종목 [분석+..."
096770,2026.08.28 17:55,매일경제,중동발 공급난 길어지자 윤활기유 값 급등 지속
096770,2026.08.28 17:18,주간동아,"외국인, 주주환원 재료 소멸 SK하이닉스·삼성전자 8조 순매도"
096770,2026.08.28 16:47,이데일리,"SK그룹, 반도체 호조에 신용위험 완화…석화·배터리 부담은 여전"
096770,2026.08.28 16:07,블로터,[SK 분리막사업 재정비] '3000억 PRS' 합병 복병됐다
096770,2026.08.28 16:02,아이뉴스24,외국인 1.7조 '팔자' 코스피 6800 붕괴…'삼전닉스' 급락
096770,2026.08.28 15:00,이코노미스트,카카오 ‘시너지 약화’ vs SK이노 ‘재무 부담’…지배구조 개편에 ....
096770,2026.08.28 14:58,매일신문,"SKIET, 합병 비율 부담에 이틀째 급락"
096770,2026.08.28 10:32,세계일보,"SK이노베이션, SKIET 급하게 합병할 이유 전혀 없다… 주주에 불..."
096770,2026.08.28 10:32,세계일보,"SK이노베이션, SKIET 급하게 합병할 이유 전혀 없다… 주주에 불..."
096770,2026.08.28 09:26,조선비즈,"[특징주] SK이노에 흡수합병 앞둔 SKIET, 이틀째 급락"
064290,2026.09.02 08:45,매일경제,“HBM만 반도체인가요”…D램·낸드 후공정 소부장株에도 볕든다 [오늘....
064290,2026.08.27 07:31,한국경제,"주가 뚝 떨어졌는데…""더 오른다"" 증권사들 콕 집은 종목 [한경우의 케..."
064290,2026.08.24 08:32,SBS Biz,"[투자자 순매수 TOP5] 외국인, 삼성전자 집중매수…삼성전기·SK하이..."
064290,2026.08.21 10:05,비즈워치,"인텍플러스, 수주 증가 힘입어 하반기 실적 반등 전망"
064290,2026.08.18 09:37,SBS Biz,[이 시각 시황] 반도체 훈풍에 코스피 7천선 돌파…AI·남북경협·해운...
064290,2026.08.17 16:30,머니투데이,"""확신의 매수 구간""…비중확대 추천한 반도체 종목은"
064290,2026.08.14 11:20,아시아경제,"TSMC, 첨단 패키징 외주 확대 국내 후공정 장비사 수주 '훈풍'"
064290,2026.08.11 17:39,한국경제,삼전닉스 설비투자 '낙수효과'…시총 1조 미만 소부장주 관심
064290,2026.08.07 06:00,뉴스1,'삼전닉스' 안 부럽다는 코스닥 이 종목…액티브ETF가 담은 TOP5
064290,2026.07.31 09:37,SBS Biz,"[이 시각 시황] 코스피 6,300 돌파…반도체가 증시 이끌었다"
437730,2026.08.04 13:41,서울경제,"美, 중국 로봇 수입 막았다…K-휴머노이드 수혜 기대"
437730,2026.08.04 13:40,서울경제,美·日 엔화 방어 나섰다…28년 만의 공동 개입 확대
437730,2026.08.03 15:50,서울경제,中첨단로봇에 빗장 건 美…틈새 노리는 K부품사[로보 인사이트]
437730,2026.07.23 06:00,뉴스1,로봇산업 '삼성전자 낙수효과'…수익률 부진 '로봇 ETF' 기지개
437730,2026.07.09 19:17,이데일리,"삼현, 휴머노이드 심장부 노릴 차세대 액추에이터 기술은"
437730,2026.07.08 16:48,이데일리,"삼현, 車 부품 30년 기술로 '로봇 관절' 정조준"
437730,2026.06.22 09:35,이데일리,"삼현, 북미 최대 자동화 전시회 참가…글로벌 로봇 공급망 공략"
437730,2026.06.19 09:02,이데일리,"삼현, 글로벌 휴머노이드 핵심 부품 연속 수주"
437730,2026.06.15 17:06,이데일리,"삼현, 세계 최대 방산 전시회 '유로사토리' 참가"
437730,2026.06.15 15:15,이데일리,"삼현, '유로사토리 2026' 참가…유럽·북미 방산 네트워크 확대"
437730,2026.06.15 15:15,이데일리,"삼현, '유로사토리 2026' 참가…유럽·북미 방산 네트워크 확대"
437730,2026.06.15 09:42,이데일리,"삼현, 글로벌 휴머노이드 로봇 관절 액추에이터 양산 프로토 수주"
426030,2026.01.07 17:40,뉴시스,"타임폴리오, 순자산 4조 넘어…""국민운용사로 도약"""
426030,2026.01.07 16:55,한국경제,"""액티브 ETF 운용사 최초""…타임폴리오, 순자산 4조원 돌파"
426030,2026.01.07 16:55,한국경제,"""액티브 ETF 운용사 최초""…타임폴리오, 순자산 4조원 돌파"
426030,2026.01.07 14:54,머니투데이,"타임폴리오 ETF, 순자산 4조 돌파…운용 성과 앞세워 빠르게 성장"
426030,2026.01.07 14:38,한국경제,"타임폴리오, 순자산 4조 돌파…""액티브 ETF 운용사 최초"""
426030,2026.01.07 10:37,헤럴드경제,"타임폴리오, ‘액티브 ETF 운용사 최초’ 순자산 4조원 돌파"
426030,2026.01.07 10:08,동행미디어 시대,"타임폴리오, 액티브 ETF 운용사 최초 순자산 4조원 돌파"
426030,2026.01.07 10:01,서울경제,"타임폴리오운용, 액티브 ETF 운용사 최초 순자산 4조 원 돌파"
426030,2026.01.07 09:53,뉴스1,"'액티브 ETF 명가' 타임폴리오, 순자산 4조 돌파…""확실한 수익 제..."
426030,2026.01.07 09:41,이데일리,"타임폴리오, 순자산 4조 돌파…“액티브 ETF 대중화 원년”"
426030,2026.01.07 09:35,파이낸셜뉴스,"'액티브 ETF 명가' 타임폴리오, 액티브 ETF 운용사 최초 순자산 ..."
426030,2026.01.07 09:26,아시아경제,"'액티브 ETF 명가' 타임폴리오, 액티브 ETF 운용사 최초 순자산 ..."
426030,2025.12.14 17:43,서울경제,[단독] '액티브 명가' 타임폴리오운용…ETF 브랜드 'TIME'으로 ...
426030,2025.10.28 17:14,SBS Biz,"타임폴리오운용, ‘TIMEFOLIO 글로벌탑픽액티브’ ETF 상장"
426030,2025.10.28 08:16,이데일리,"타임폴리오운용, ‘TIMEFOLIO 글로벌탑픽액티브’ ETF 상장"
000270,2026.09.04 09:02,뉴시스,"LS證 ""현대오토에버, SDV 통합 회사로 성장…목표가 54만원 유지"""
000270,2026.09.04 08:27,이데일리,"현대오토에버, 소트트웨어 자동차 사업 확대 기대치↑…목표가 54만원...."
000270,2026.09.04 08:27,이데일리,"현대오토에버, 소트트웨어 자동차 사업 확대 기대치↑…목표가 54만원...."
000270,2026.09.04 09:00,연합뉴스,"현대차그룹, 오만과 비전 2040 및 탄소중립 전환 가속화를 위한 업무..."
000270,2026.09.04 06:02,세계일보,"“배터리 이어 전기차 심장까지”… 현대모비스, 유럽 생산망 풀액셀"
000270,2026.09.04 05:05,서울신문,"유럽서 ‘전기차 심장’ 첫 생산 돌입… 현대모비스, 슬로바키아 공장...."
000270,2026.09.04 05:05,서울신문,"유럽서 ‘전기차 심장’ 첫 생산 돌입… 현대모비스, 슬로바키아 공장...."
000270,2026.09.04 00:34,조선일보,현대모비스 유럽 신공장 가동… ‘전기차 심장’ 年 28만대분 생산
000270,2026.09.04 05:05,서울신문,"중국, 자국車 ‘저가 경쟁’ 제동… 한국차 위협할 경쟁력은 ‘여전’"
000270,2026.09.04 00:34,조선일보,8월 수입차 판매 ‘톱10’ 모델 절반이 중국산
000270,2026.09.03 23:40,서울경제,"현대차그룹, 세계 3대 ‘IDEA 디자인 어워드’서 16개 부문 수상"
000270,2026.09.03 14:43,서울경제,"현대차그룹, 세계 3대 ‘IDEA 디자인 어워드’서 16개 부문 수상"
000270,2026.09.03 14:43,서울경제,"현대차그룹, 세계 3대 ‘IDEA 디자인 어워드’서 16개 부문 수상"
000270,2026.09.03 11:09,부산일보,"현대차그룹, ‘2026 IDEA 디자인 어워드’ 16개 부문 수상"
000270,2026.09.03 09:25,연합뉴스,"현대차그룹, 2026 IDEA 디자인 어워드 16개 부문 수상"
000270,2026.09.03 08:40,이데일리,현대차그룹 '2026 IDEA 디자인 어워드' 16개 부문 수상
000270,2026.09.03 21:16,이데일리,[미리보는 이데일리 신문] 법무·성평등부 세종 이전…발전 5개사 통합
000270,2026.09.03 20:36,경향신문,"테슬라, 6개월 연속 월 1만대 넘게 판매"
000270,2026.09.03 14:57,경향신문,한국 자동차 시장에 ‘테슬라’ 질주 이어져…올해 벌써 세번째 월간.....
000270,2026.09.03 14:57,경향신문,한국 자동차 시장에 ‘테슬라’ 질주 이어져…올해 벌써 세번째 월간.....
000270,2026.09.03 11:20,서울경제,"내수시장 잠식하는 테슬라…모델Y, 8월 국내 판매 1위"
000270,2026.09.03 10:00,뉴시스,지난 8월 판매 수입차 3대 중 1대 테슬라…'메이드인 차이나'로 韓...
000270,2026.09.03 19:16,이데일리,악재 뚫어라…현대차 ·기아 '인센티브 다이어트'
000270,2026.09.03 05:05,서울신문,기아 ‘질주’… 8월 美서 역대 최다 판매
000270,2026.09.03 05:05,서울신문,기아 ‘질주’… 8월 美서 역대 최다 판매
000270,2026.09.03 03:31,머니투데이,현기차 효자된 '하이브리드'… 美 8월 판매 신기록
000270,2026.09.03 18:27,매일경제,"현대모비스, 슬로바키아서 ‘전기차 심장’ PE 양산…유럽 확대"
000270,2026.09.03 15:36,중앙일보,현대모비스 유럽서 ‘전기차 심장’ 만든다…유럽 공략 속도전
000270,2026.09.03 15:36,중앙일보,현대모비스 유럽서 ‘전기차 심장’ 만든다…유럽 공략 속도전
000270,2026.09.03 09:43,디지털데일리,"현대모비스, 유럽 전동화 거점 확대…슬로바키아 신공장 가동"
000270,2026.09.03 09:37,한국경제TV,"현대모비스, 슬로바키아에 PE 신공장…유럽 전동화 정조준"
000270,2026.09.03 09:28,데일리안,"현대모비스, 유럽 첫 전기차 부품 공장 가동…전동화 수주 확대 ‘속...."
000270,2026.09.03 09:05,뉴시스,"""유럽 생산망 확대"" 현대모비스, 슬로바키아 전동화 新공장 본격 가동"
000270,2026.09.03 08:49,이데일리,"현대모비스, 유럽서 전기차 '심장' 만든다…슬로바키아 공장 가동"
000270,2026.09.03 08:40,헤럴드경제,"현대모비스, 슬로바키아서 ‘전기차 심장’ 만든다…유럽 전동화 거점....."
000270,2026.09.03 18:13,파이낸셜뉴스,"현대모비스, 유럽 첫 PE시스템 공장 가동"
000270,2026.09.03 11:16,조세일보,"현대모비스, 슬로바키아서 PE시스템 양산…유럽 전동화 공략 속도"
000270,2026.09.03 11:16,조세일보,"현대모비스, 슬로바키아서 PE시스템 양산…유럽 전동화 공략 속도"
000270,2026.09.03 10:32,조선일보,"현대모비스, 슬로바키아에 유럽 첫 ‘전기차 심장’ 공장 가동…회복....."
000270,2026.09.03 09:57,디지털타임스,"현대모비스, 유럽 첫 PE시스템 공장 가동…연 28만개 생산"
000270,2026.09.03 09:31,파이낸셜뉴스,"현대모비스, 슬로바키아서 유럽 첫 PE시스템 공장 가동...""연 28..."
000270,2026.09.03 18:01,매일경제,"테슬라 모델Y 1위, 넉달연속 쏘렌토 추월"
000270,2026.09.03 12:51,헤럴드경제,"“쏘렌토보다 50% 더 팔렸다”…테슬라 모델Y, 격차 가장 크게 벌렸..."
000270,2026.09.03 12:51,헤럴드경제,"“쏘렌토보다 50% 더 팔렸다”…테슬라 모델Y, 격차 가장 크게 벌렸..."
000270,2026.09.03 12:25,중앙일보,수입차 3대 중 1대가 테슬라...모델Y 국내 판매 1위
000270,2026.09.03 17:48,매일경제,1350원대 …'반도체 달러'가 올린 원화체급
000270,2026.09.03 17:00,머니투데이,가나 생산기반 넓히는 현대차…미래차 정비인력도 키운다
000270,2026.09.03 16:31,이데일리,"피지컬 AI·로봇, 대전 스타트업이 선도 '기대'"
000270,2026.09.03 16:28,비즈워치,유럽 거점 확대하는 현대모비스…슬로바키아 PE공장 가동
000270,2026.09.03 10:25,서울경제,"현대모비스, 슬로바키아 신공장 가동…유럽 3대 거점으로 전동화 가속"
000270,2026.09.03 10:25,서울경제,"현대모비스, 슬로바키아 신공장 가동…유럽 3대 거점으로 전동화 가속"
000270,2026.09.03 10:05,동행미디어 시대,"현대모비스, '전동화 핵심' 슬로바키아 신공장 개소"
000270,2026.09.03 10:03,아이뉴스24,"현대모비스, 슬로바키아 전동화 공장 오픈…""전기차 심장 연 28만개 ..."
000270,2026.09.03 09:22,연합뉴스TV,"현대모비스, 슬로바키아서 '전기차 심장' PE 양산…전동화 가속"
000270,2026.09.03 09:11,연합뉴스,"현대모비스, 슬로바키아서 '전기차 심장' PE 양산…유럽 확대"
000270,2026.09.03 08:47,머니투데이,"현대모비스, 유럽서 전동화 가속…슬로바키아 신공장 오픈"
000270,2026.09.03 15:50,코리아중앙데일리,Hyundai Mobis opens first European EV p...
000270,2026.09.03 14:35,데일리안,"美 관세에 K4 돌려보냈는데…기아, 멕시코 전략 다시 짜나"
000270,2026.09.03 13:40,이데일리,"코스피, 6700선 목전…금융·2차전지 '순환매'에 상승폭 확대"
000270,2026.09.03 13:32,서울신문,"[서울데이터랩]코스피 시총상위주 장중 강세…KB금융 5%대 상승, LG..."
000270,2026.09.03 11:24,서울경제,"기아, 직원 주택대출 늘린다...총한도 200억→350억 상향"
000270,2026.09.03 10:53,조선일보,수입차 톱10 절반이 중국산…BYD 첫 하이브리드도 한 달 만에 9위 ...
000270,2026.09.03 10:00,블로터,"[이사회 권력지도] 현대모비스, 감사위원 선임 '정의선 지배력' 시험대"
000270,2026.09.03 09:44,데일리안,"현대차그룹, IDEA 디자인상 16개 싹쓸이…인도형 모빌리티 ‘금상’"
000270,2026.09.03 09:23,연합뉴스,"현대차그룹, '2026 IDEA 디자인 어워드' 16개 부문 수상"
000270,2026.09.03 09:23,연합뉴스,"현대차그룹, '2026 IDEA 디자인 어워드' 16개 부문 수상"
000270,2026.09.03 09:21,연합뉴스,"현대차그룹, '2026 IDEA 디자인 어워드' 16개 부문 수상"
000270,2026.09.03 07:02,조세일보,"車·철강·조선 상위 10개사, 상반기 법인세 3조 육박…기아 끌고 조선..."
000270,2026.09.03 05:00,뉴시스,"""현대차는 세단, 기아는 RV""…올해 1~8월 내수 판매 모델별 쏠림 ..."
000270,2026.09.03 04:06,머니투데이,4조 던진 외인·기관… 코스피 4% 주르륵
000270,2026.09.03 00:55,국민일보,국회·현대차 ‘수소동맹’… 지원책 머리 맞댔다
000270,2026.09.03 00:07,국민일보,사양도 디자인도 ‘럭셔리 감성’… 하반기 신차 대전
000270,2026.09.02 20:49,경향신문,현대차 ‘주춤’ 기아 ‘역대 최다’…엇갈린 8월 미국 판매 실적
000270,2026.09.02 15:46,뉴시스,"현대차, 국내서 판매한 10대 중 4대 '친환경차'…기아는 60% 달..."
000270,2026.09.02 15:46,뉴시스,"현대차, 국내서 판매한 10대 중 4대 '친환경차'…기아는 60% 달..."
000270,2026.09.02 13:55,SBS Biz,"기아, 8월 미국서 역대 최다 판매…현대차 소폭 감소"
000270,2026.09.02 13:52,연합뉴스TV,"기아, 8월 미국서 역대 최다 판매…현대차는 1.9% 감소"
000270,2026.09.02 13:24,서울경제,"기아의 독주, 8월 美서 역대 최고 실적…현대차는 1.9% 감소"
000270,2026.09.02 11:48,조선일보,"기아, 美 판매 신기록…현대차·기아 하이브리드 첫 5만대 돌파"
000270,2026.09.02 11:29,헤럴드경제,"현대차·기아, 8월 美서 친환경차 5.7만대 판매…“월간 역대 최다”"
000270,2026.09.02 11:09,연합뉴스,"기아, 8월 미국서 역대 최다 판매…현대차는 1.9% 감소(종합)"
000270,2026.09.02 10:49,머니투데이,"미국서 제동걸린 전기차?..현대차·기아, 하이브리드 질주로 상쇄"
000270,2026.09.02 10:42,경향신문,"현대차는 8월 미국 판매 주춤, 기아는 역대 최다"
000270,2026.09.02 10:06,뉴시스,"현대차·기아, 8월 美서 친환경차 차량 5.7만대 판매…""역대 최대 ..."
000270,2026.09.02 09:33,이데일리,미국에서도 기아 판매 성장세 지속…8월 역대 최다 월간 판매
000270,2026.09.02 20:17,매일경제,"“풀충전땐 1000km 거뜬하죠 ”…북미 겨냥한 현대차, EV 패러다임..."
000270,2026.09.02 17:39,매일경제,"""도요타 잡는다""… 현대차 美HEV 가속 페달"
000270,2026.09.02 17:39,매일경제,"""도요타 잡는다""… 현대차 美HEV 가속 페달"
000270,2026.09.02 20:01,한국경제,'전기차 안 팔려도 웃었다'…車시장 변화에도 끄떡없는 이유
000270,2026.09.02 18:35,이데일리,"장재훈 “수소산업, 예측가능한 정책 필요”…국회에 지원 요청"
000270,2026.09.02 18:09,파이낸셜뉴스,"""수소 주도권, 정책 일관성에 달려"" 현대차 찾은 국회"
000270,2026.09.02 18:09,파이낸셜뉴스,"""수소 주도권, 정책 일관성에 달려"" 현대차 찾은 국회"
000270,2026.09.02 18:00,매일경제,"""韓 수소 경쟁력 최고…입법·예산 지원 속도"""
000270,2026.09.02 17:36,한국경제,"장재훈 ""수소 성패는 정책 일관성에 달려"""
000270,2026.09.02 17:25,연합뉴스TV,"[비즈&] 현대차, 국회 수소경제포럼에 수소기술 역량 소개 外"
000270,2026.09.02 17:06,디지털타임스,“여기서 멈추면 수소 후진국”…현대차·기아 남양연구소 찾은 국회...
000270,2026.09.02 17:00,디지털데일리,"장재훈 현대차 부회장 “수소경제 성패, 정책 일관성에 달려”…국회....."
000270,2026.09.02 16:27,서울경제,"“정책 일관성이 핵심”…국회수소경제포럼, 현대차·기아 남양연구소..."
000270,2026.09.02 16:10,뉴시스,"""수소경제 성패, 정책 일관성에 달려"" 장재훈 현대차그룹 부회장, 국..."
000270,2026.09.02 15:54,TV조선,"국회 수소경제포럼, 현대차 남양연구소 찾아 수소 기술 미래 가치 확...."
000270,2026.09.02 15:28,SBS Biz,"국회수소포럼, 현대차 남양연구소 방문…수소생태계 지원 논의"
000270,2026.09.02 15:15,한국경제TV,"국회 수소경제포럼, 현대차 남양연구소 방문…""수소 선진국 도약"""
000270,2026.09.02 15:13,파이낸셜뉴스,"여야 ""현대차그룹 '수소차 23억km 운행 데이터'가 경쟁력...입법..."
000270,2026.09.02 14:49,데일리안,"현대차·기아 남양연구소 찾은 국회수소경제포럼…""수소산업 정책 지..."
000270,2026.09.02 14:36,머니투데이,"국회수소포럼 현대차·기아 남양연구소 방문…""수소 관련법 제정 지원....."
000270,2026.09.02 18:08,이데일리,"한국앤컴퍼니, 저소득 가정에 EV5 등 친환경차 지원"
000270,2026.09.02 17:59,한국경제,"한국앤컴퍼니, 저소득층에 전기차 지원"
000270,2026.09.02 17:59,한국경제,"한국앤컴퍼니, 저소득층에 전기차 지원"
000270,2026.09.02 17:16,더팩트,"한국앤컴퍼니그룹, 저소득 가정 차량 지원 이어간다"
000270,2026.09.02 10:05,머니투데이,"한국앤컴퍼니그룹, 저소득 가정 자립 돕는다…차량나눔 사업 확대"
000270,2026.09.02 09:21,헤럴드경제,"한국앤컴퍼니그룹, ‘차량나눔 2.0’ 공고 오픈…저소득 가정에 車 지..."
000270,2026.09.02 17:38,한국경제,美·캐나다 관세전쟁…현대차·기아 '반사이익' 기대
000270,2026.09.02 17:35,조선일보,코스피 시총 상위 30종목 일제히 ‘파란불’... 외인·기관 4조원 던...
000270,2026.09.02 17:16,더팩트,"현대차, 폭염 속 경찰관 위한 첨단 기술 시범 적용"
000270,2026.09.02 14:44,뉴시스,"현대차그룹, 경찰버스 실내 온도 낮춰주는 '나노 쿨링 필름' 시범 적..."
000270,2026.09.02 14:44,뉴시스,"현대차그룹, 경찰버스 실내 온도 낮춰주는 '나노 쿨링 필름' 시범 적..."
000270,2026.09.02 14:44,뉴시스,"현대차그룹, 경찰버스 실내 온도 낮춰주는 '나노 쿨링 필름' 시범 적..."
000270,2026.09.02 14:09,머니투데이,"""실내 온도 낮춰준다""..현대차그룹, 경찰버스에 '나노 쿨링 필름' ..."
000270,2026.09.02 10:29,아이뉴스24,"현대차그룹 '나노 쿨링 필름', 폭염 속 경찰버스 식힌다"
000270,2026.09.02 09:12,서울경제,"현대차그룹, 경찰버스에 온도 낮춰주는 ‘나노 쿨링 필름’ 시범 적용"
000270,2026.09.02 08:57,헤럴드경제,"“폭염 속 경찰버스 실내 온도 ‘뚝’”…현대차그룹, ‘나노 쿨링 필...."
000270,2026.09.02 08:54,연합뉴스,"현대차그룹, 경찰버스에 실내 온도 낮춰주는 '나노 쿨링 필름' 시범 ..."
000270,2026.09.02 08:54,연합뉴스,"현대차그룹, 경찰버스에 실내 온도 낮춰주는 '나노 쿨링 필름' 시범 ..."
000270,2026.09.02 17:04,디지털타임스,[기획] 중동 또 일촉즉발… 금융 또 ‘도미노 발작’
000270,2026.09.02 16:53,매일신문,"'현대차 독점' 프리미엄 버스값 1년새 7천만원 폭등…운수업계 ""차값...."
000270,2026.09.02 16:17,스포츠서울,"중고 전기차 시장, 테슬라 독주 속 폴스타2 ‘약진’…수입 판도 지각...."
000270,2026.09.02 16:12,머니투데이,"외인+기관 4조원 매도에 코스피, 6600선 하회… 유가·금리 부담 ↑"
000270,2026.09.02 16:07,블로터,[FSD 온로드] 19대로 늘어난 강남 자율주행택시…왜 밤에만 달리나
000270,2026.09.02 16:06,매일경제,"코스피, 중동 긴장 여파에 6500대 하락 마감…코스닥도 사흘째 내려"
000270,2026.09.02 15:55,블로터,보호구역도 알아서 척척…강남 밤길 누빈 카카오 '서울 자율차'[현장.....
000270,2026.09.02 15:44,서울경제,"기아, 역대 최고 기록 ‘릴레이’"
000270,2026.09.02 06:28,파이낸셜뉴스,"기아차, 美 8월 판매량 역대 최대...현대차는 소폭 감소"
000270,2026.09.02 06:28,파이낸셜뉴스,"기아차, 美 8월 판매량 역대 최대...현대차는 소폭 감소"
000270,2026.09.02 05:09,연합뉴스,"기아, 미국서 역대 月판매량 최고 기록…현대차는 주춤"
000270,2026.09.02 15:40,동행미디어 시대,"'슈퍼사이클' 맞은 K조선, 성과급 갈등에 파업 전운"
000270,2026.09.02 15:28,매일신문,완제품 넘어 데이터·부품까지…대기업 '피지컬 AI' 선점 경쟁
000270,2026.09.02 14:35,뉴시스,"현대차, KT와 어린이 통학차 전용 안심 승하차 솔루션 개발"
000270,2026.09.02 14:35,뉴시스,"현대차, KT와 어린이 통학차 전용 안심 승하차 솔루션 개발"
000270,2026.09.02 14:35,뉴시스,"현대차, KT와 어린이 통학차 전용 안심 승하차 솔루션 개발"
000270,2026.09.02 14:24,이데일리,"""꾸준함이 핵심""…주주환원책, 한국 증시도 떠받칠까"
000270,2026.09.02 08:45,조선비즈,KB證 “주주환원이 주가를 올리려면… 어려울 때도 주주 우선하는 신....
000270,2026.09.02 08:45,조선비즈,KB證 “주주환원이 주가를 올리려면… 어려울 때도 주주 우선하는 신....
000270,2026.09.02 14:23,한경비즈니스,스테이블코인으로 삼전닉스 산다...싱가포르서 한국 상품 300종 출시
000270,2026.09.02 14:14,연합뉴스,"현대차그룹, 경찰버스에 쿨링필름 지원…""실내온도 최대 7도↓"""
000270,2026.09.02 09:02,데일리안,"현대차그룹, 경찰버스 실내 온도 최대 7도 낮춘다…‘나노쿨링 필름’...."
000270,2026.09.02 09:02,데일리안,"현대차그룹, 경찰버스 실내 온도 최대 7도 낮춘다…‘나노쿨링 필름’...."
000270,2026.09.02 08:58,뉴시스,"""경찰버스 실내 온도 7도 낮춘다""…현대차그룹, '나노 쿨링 필름' ..."
000270,2026.09.02 13:37,매경이코노미,"현대모비스, 로봇 매출 최대 1.4조 기대...아틀라스 액추에이터 전량..."
000270,2026.09.02 08:46,파이낸셜뉴스,"""아틀라스 3만대면 1.4조""…현대모비스, 로봇 매출 가장 먼저 열린..."
000270,2026.09.02 08:46,파이낸셜뉴스,"""아틀라스 3만대면 1.4조""…현대모비스, 로봇 매출 가장 먼저 열린..."
000270,2026.09.02 13:24,서울신문,[서울데이터랩]코스피 시총 상위주 장중 약세…삼성전자·SK하이닉스 .....
000270,2026.09.02 13:16,데일리안,BYD 너무 싸게 팔았나…中 '저가 경쟁' 제동에 현대차 셈법은
000270,2026.09.02 12:22,파이낸셜뉴스,기아 인도 8월 도매판매 48.1% 급증 역대 최대실적…셀토스·쏘넷에 ...
000270,2026.09.02 11:39,파이낸셜뉴스,"현대모비스, 아틀라스 31개 액추에이터 전량수주…LG유플러스, 배당?...."
000270,2026.09.02 11:00,시사저널,"완성차 5사 내수 '후진'…파업 여파 현대차, 41% 급감"
000270,2026.09.02 03:40,머니투데이,완성5車 내수 후진… 친환경차만 '질주'
000270,2026.09.02 03:40,머니투데이,완성5車 내수 후진… 친환경차만 '질주'
000270,2026.09.02 09:01,디지털데일리,완성차 5개사 임단협 끝났지만…더 험난한 2027년 예고
000270,2026.09.02 08:36,연합뉴스,"신영증권 ""현기차, 8월 판매 희비…현대차 2017년 이후 최저"""
000270,2026.09.02 08:30,블로터,"[AI 대전환 리딩 전략] LX세미콘, '차량용 AI칩'서 기회 열었다"
000270,2026.09.02 08:17,디지털타임스,"유가·금리 부담에 삼전·SK하닉, 프리마켓 3%대↓…“장중 낙폭 축소...."
000270,2026.09.02 08:02,이데일리,"SJG세종, 밸류 저평가…“재평가 열쇠는 전동화 비중 확대”-하나"
000270,2026.09.02 07:03,아시아경제,"""에스엘, 현대차그룹 美 생산 확대 수혜 예상""[클릭 e종목]"
000270,2026.09.02 06:36,세계일보,"“삼전닉스 괜히 안 팔았나”…전문가 “오히려 바닥, 슈퍼사이클 초..."
000270,2026.09.02 06:30,서울경제,"현대차, 파업에 내수 ‘반토막’…그랜저·아반떼·투싼 구원투수로 ..."
000270,2026.09.02 06:03,세계일보,‘파업 직격탄’ 현대차 8월 판매 14% 감소
000270,2026.09.02 06:00,디지털타임스,버스 3위로 올라선 KGM커머셜…기아 철수에 2강 ‘정조준’
000270,2026.09.02 00:20,국민일보,파업 여파에 현대차 8월 실적 ‘급감’… 기아는 ‘고공행진’
000270,2026.09.01 21:40,동아사이언스,"[사이언스게시판] 과기정통부, 국제천체투영관영화제 IPMF 개최 外"
000270,2026.09.01 20:51,경향신문,파업 리스크 벗은 완성차 업계…‘임금 부담·정년 연장’ 과제로
000270,2026.09.01 16:19,경향신문,‘하투’ 마침표 찍은 국내 완성차 업계…파업 위기 넘겼지만 구조적.....
000270,2026.09.01 16:19,경향신문,‘하투’ 마침표 찍은 국내 완성차 업계…파업 위기 넘겼지만 구조적.....
000270,2026.09.01 19:29,동아일보,현대차 파업에 8월 실적 부진… 쏘렌토 내수 판매 1위
000270,2026.09.01 18:10,머니투데이,파업에 멈춘 현대차 내수 41% 급감…완성차 5사 모두 뒷걸음
000270,2026.09.01 18:10,머니투데이,파업에 멈춘 현대차 내수 41% 급감…완성차 5사 모두 뒷걸음
000270,2026.09.01 17:06,데일리안,"파업에 휴가까지 겹쳤다…완성차5사, 내수 8만대 ‘붕괴’ (종합)"
000270,2026.09.01 16:36,이데일리,"완성차 5개사, 8월 내수 일제히 감소…수출에 판매 성적 희비 갈려(..."
000270,2026.09.01 16:32,디지털데일리,현대차 파업에 8월 판매 ‘뚝’…기아·GM은 성장
000270,2026.09.01 18:21,파이낸셜뉴스,파업에 꺾인 현대차
000270,2026.09.01 17:38,매일경제,형보다 나은 동생 '기아' 두달연속 현대차 제쳤다
000270,2026.09.01 17:38,매일경제,형보다 나은 동생 '기아' 두달연속 현대차 제쳤다
000270,2026.09.01 16:36,블로터,"기아, 두달째 현대차 내수 추월…EV가 갈랐다"
000270,2026.09.01 16:27,경향신문,"‘파업 여파’ 현대차는 14% 실적 급감, 해외 뛴 기아는 5% 증가..."
000270,2026.09.01 17:46,이코노미스트,"'3일간 20%' SK이노, 나홀로 급등 이유는 '금쪽이' SK온의 변..."
000270,2026.09.01 17:44,뉴시스,파업에 뒤집힌 8월 국내 車 시장…연간 판매 1위 경쟁도 '요동'
000270,2026.09.01 17:40,헤럴드경제,완성차 5개사 8월 판매 5.9%↓…내수 1위는 쏘렌토[여車저車]
000270,2026.09.01 17:40,헤럴드경제,완성차 5개사 8월 판매 5.9%↓…내수 1위는 쏘렌토[여車저車]
000270,2026.09.01 17:31,TV조선,완성차 5개사 8월 판매 5.9% 감소…내수는 28% 급감
000270,2026.09.01 17:19,연합뉴스,파업 여파에 현대차 내수 급감…완성차 5개사 8월 판매 5.9%↓
000270,2026.09.01 17:38,한국경제,스쿨존에서 자동 감속하는 카카오 자율주행
000270,2026.09.01 17:04,이데일리,스쿨존서 24㎞ 이하로 손놓고 달렸다…카카오모빌리티 서울자율차 타.....
000270,2026.09.01 17:04,이데일리,스쿨존서 24㎞ 이하로 손놓고 달렸다…카카오모빌리티 서울자율차 타.....
000270,2026.09.01 16:24,조선비즈,[르포] GPS 끊긴 터널 흔들림 없이 주행… 6개월간 2000회 달...
000270,2026.09.01 10:01,디지털데일리,"[르포] ""스쿨존 들어서자 24㎞""…카카오 서울자율차, 수동전환 없이..."
000270,2026.09.01 17:33,한국경제TV,"현대차, 8월 판매 14.2%↓…파업 여파에 국내는 '반토막'"
000270,2026.09.01 17:33,SBS Biz,내수 외면 받는 중견車 3사…8월 판매 40%대 급감
000270,2026.09.01 17:12,뉴시스,"""사상 첫 연간 車 내수 판매 1위 뒤바뀌나""…기아, 현대차에 '초박빙..."
000270,2026.09.01 17:08,헤럴드경제,"기아, 26만6675대 판매…전년比 5.0%↑ [8월 완성차 판매]"
000270,2026.09.01 17:08,헤럴드경제,"기아, 26만6675대 판매…전년比 5.0%↑ [8월 완성차 판매]"
000270,2026.09.01 16:55,조세일보,"현대차·기아 8월 판매량 전년比 5.9%↓…""파업으로 생산차질"""
000270,2026.09.01 16:24,연합뉴스TV,"기아, 8월 글로벌 시장서 26만여대 판매…전년 대비 5%↑"
000270,2026.09.01 16:24,서울경제,"기아, 8월 글로벌 시장서 26만 6675대 판매…전년比 5% 증가"
000270,2026.09.01 16:21,파이낸셜뉴스,"파업 청구서 날아왔다…""8월 현대차 판매량, 4년 7개월 만에 최저치..."
000270,2026.09.01 16:21,동행미디어 시대,"기아, 8월 글로벌 판매량 전년 대비 5% 증가"
000270,2026.09.01 16:08,머니투데이,"기아, 8월 26만6675대 판매…전년비 5%↑"
000270,2026.09.01 16:01,이데일리,"기아, 8월 판매 5% 증가 ‘선방’…해외 판매 7.4% 늘었다"
000270,2026.09.01 15:59,연합뉴스,"기아, 8월 글로벌 시장서 26만6천대 판매…전년 대비 5% 증가"
000270,2026.09.01 16:38,뉴시스,"현대차 '8월의 파업' 여파…기아, 두달연속 내수 판매 1위에"
000270,2026.09.01 16:29,서울경제,"노조 파업 여파 현실화…현대차, 내수 판매 11년 만에 최저"
000270,2026.09.01 16:29,서울경제,"노조 파업 여파 현실화…현대차, 내수 판매 11년 만에 최저"
000270,2026.09.01 16:21,디지털타임스,파업 직격탄… 현대차 8월 내수판매 ‘반토막’
000270,2026.09.01 14:01,파이낸셜뉴스,"딥엑스, 시리즈A 대비 몸값 약 285배 '2조8500억'…압도적 성장..."
000270,2026.09.01 13:41,서울신문,"[서울데이터랩]코스피 시총 상위주 혼조세…SK 5%대 강세, 한화에어로..."
000270,2026.09.01 11:31,뉴시스,"현대차, 14억 인구 인도 '대중 EV' 시장 정조준 ""콤팩트 전기 S..."
000270,2026.09.01 11:25,파이낸셜뉴스,"E1, ""기아 LPG 차량 충전비 절감"" 5만포인트 프로모션"
000270,2026.09.01 11:02,아시아경제,"E1, 기아와 LPG 신차 고객 충전지원금 프로모션 진행"
000270,2026.09.01 11:02,아시아경제,"E1, 기아와 LPG 신차 고객 충전지원금 프로모션 진행"
000270,2026.09.01 09:50,조선비즈,"?E1, 기아와 LPG 신차 구매 고객 대상 충전 지원금 프로모션"
000270,2026.09.01 09:31,헤럴드경제,"E1, 기아와 LPG 신차 구매 고객 대상 충전지원금 프로모션 진행"
000270,2026.09.01 09:20,조선일보,"코스피 톱10, ‘조방원’ 밀려나고 반도체 싹쓸이"
000270,2026.09.01 09:09,연합뉴스,"현대차, 트럭 고객 위한 운휴손실 지원 서비스·트레이드인 프로그램..."
000270,2026.09.01 09:04,서울경제,현대차 임협 최종 타결…성과급 ‘400%+1270만원’
000270,2026.09.01 06:00,디지털타임스,한국·미국·유럽서 동시에 만든다…기아 스포티지의 ‘세계일주’ [...
000270,2026.09.01 06:00,데일리안,“중국차 막자” 독일도 돌아섰다…현대차·기아 셈법은
000270,2026.09.01 05:05,서울신문,‘더 기아 PV7’ 자신감 있는 원박스
000270,2026.09.01 00:31,동아일보,"기아, ‘PV7’ 티저 이미지 공개"
000270,2026.09.01 00:31,동아일보,"기아, ‘PV7’ 티저 이미지 공개"
000270,2026.09.01 00:01,중앙일보,"[사진] 기아, 대형 PBV ‘PV7’ 티저 공개"
000270,2026.09.01 00:37,조선일보,시속 120㎞ 가까이 가속해도 울컥거림 거의 없어
000270,2026.08.31 22:02,세계일보,기아 PV7 영상 공개… 대형급 라인업 확장
000270,2026.08.31 20:27,경향신문,"기아, 더 커진 PBV ‘PV7’ 티저 공개"
000270,2026.08.31 20:27,경향신문,"기아, 더 커진 PBV ‘PV7’ 티저 공개"
000270,2026.08.31 18:07,파이낸셜뉴스,몸집 불린 PBV… '더 기아 PV7' 티저 첫 공개
000270,2026.08.31 16:31,문화일보,"기아, 대형 전동화 PBV ‘더 기아 PV7’ 티저 첫 공개"
000270,2026.08.31 10:51,스포츠경향,기아 전동화 대형 PBV ‘PV7’ 티저 최초 공개
000270,2026.08.31 10:27,서울경제,"PBV 몸집 키운 기아, 대형 PV7 출격 채비"
000270,2026.08.31 09:45,경향신문,"기아, ‘더 기아 PV7’ 티저 공개…“PBV 라인업 대형급으로 확장..."
000270,2026.08.31 09:39,파이낸셜뉴스,"기아, '더 기아 PV7' 티저 공개..전동화 PBV 라인업 확장"
000270,2026.08.31 09:24,머니투데이,"기아, 대형 전동화 PBV 'PV7' 티저 공개…""다목적 활용성 제시..."
000270,2026.08.31 08:58,동행미디어 시대,"기아, 대형 전동화 목적기반차량 'PV7' 티저 공개"
000270,2026.08.31 08:55,이데일리,"대형 전동화 PBV ‘더 기아 PV7’ 첫 티저 공개…""PBV 두번째..."
000270,2026.08.31 08:51,뉴시스,"기아, 대형 전동화 PBV 'PV7' 티저 공개…""9월 독일 IAA서..."
000270,2026.08.31 08:50,헤럴드경제,"기아, ‘더 기아 PV7’ 티저 공개…“PBV 라인업 대형급으로 확장..."
000270,2026.08.31 08:40,스포츠동아,"기아, 대형 전동화 PBV ‘PV7’ 티저 첫 공개…9월 독일서 실물..."
000270,2026.08.31 19:36,한국경제,"美, 캐나다산 자동차에 50% 관세 부과 시 최대 피해자는?"
000270,2026.08.31 18:46,헤럴드경제,한국자동차기자협회 ‘2027 올해의 차’ 전반기 심사…13개 브랜드·1...
000270,2026.08.31 10:07,파이낸셜뉴스,"'2027 대한민국 올해의 차' 전반기 심사, 13개 브랜드 16대 ..."
000270,2026.08.31 10:07,파이낸셜뉴스,"'2027 대한민국 올해의 차' 전반기 심사, 13개 브랜드 16대 ..."
000270,2026.08.31 09:22,데일리안,‘2027 대한민국 올해의 차’ 전반기 심사…16대 본선행
000270,2026.08.31 16:10,강원도민일보,"코스피, 장초반 낙폭 만회하며 6820선 마감…코스닥은 소폭 하락"
000270,2026.08.31 16:05,뉴스1,"""여름 끝나 가는데""…조선·철강·車 노사 갈등 계속…하투 넘어 추투....."
000270,2026.08.31 16:04,아시아경제,"코스피, 강보합 6800선 마감…코스닥은 약보합"
000270,2026.08.31 15:53,한국경제,"기아, 웹예능·문화공간 앞세워…2030 차량 마케팅"
000270,2026.08.31 14:55,이데일리,"""머리 위에서 '펑'"" 선루프 산산조각…설마 내 차도?"
000270,2026.08.31 14:29,부산일보,"기아, 대형 전동화 PBV ‘더 기아 PV7’ 티저 공개"
000270,2026.08.31 11:15,블로터,'대형 PBV' PV7 뜬다…기아 '연 23만대' 승부수
000270,2026.08.31 11:15,블로터,'대형 PBV' PV7 뜬다…기아 '연 23만대' 승부수
000270,2026.08.31 09:55,디지털데일리,"기아, 대형 전동화 PBV 'PV7' 티저 공개…9월 독일서 베일 벗..."
000270,2026.08.31 09:11,데일리안,"기아, 대형 PBV ‘PV7’ 첫 공개…9월 하노버서 데뷔"
000270,2026.08.31 09:01,연합뉴스,"기아, 대형 전동화 PBV '더 기아 PV7' 티저 공개"
000270,2026.08.31 11:51,문화일보,기아 ‘PV7’ 티저 공개
000270,2026.08.31 11:07,디지털타임스,PV5 흥행 탄 기아… 이번엔 대형 ‘PV7’ 띄운다
000270,2026.08.31 11:07,디지털타임스,PV5 흥행 탄 기아… 이번엔 대형 ‘PV7’ 띄운다
000270,2026.08.31 09:34,연합뉴스,"기아, 대형 전동화 PBV '더 기아 PV7' 티저 공개"
000270,2026.08.31 09:33,연합뉴스,"기아, 대형 전동화 PBV '더 기아 PV7' 티저 공개"
000270,2026.08.31 08:59,뉴스1,'더 기아 PV7’ 티저 이미지·영상 공개
000270,2026.08.31 08:58,뉴스1,"기아, 대형 전동화 PBV ‘더 기아 PV7’ 티저 공개"
000270,2026.08.31 08:50,뉴시스,"기아, 대형 전동화 PBV ‘더 기아 PV7’ 티저 공개"
000270,2026.08.31 08:50,뉴시스,"기아, 대형 전동화 PBV ‘더 기아 PV7’ 티저 공개"
000270,2026.08.31 08:50,뉴시스,"기아, 대형 전동화 PBV ‘더 기아 PV7’ 티저 공개"
000270,2026.09.02 14:35,뉴시스,"현대차, KT와 어린이 통학차 전용 안심 승하차 솔루션 개발"
000270,2026.09.02 14:35,뉴시스,"현대차, KT와 어린이 통학차 전용 안심 승하차 솔루션 개발"
000270,2026.09.02 14:35,뉴시스,"현대차, KT와 어린이 통학차 전용 안심 승하차 솔루션 개발"
000270,2026.09.02 14:24,이데일리,"""꾸준함이 핵심""…주주환원책, 한국 증시도 떠받칠까"
000270,2026.09.02 08:45,조선비즈,KB證 “주주환원이 주가를 올리려면… 어려울 때도 주주 우선하는 신....
000270,2026.09.02 08:45,조선비즈,KB證 “주주환원이 주가를 올리려면… 어려울 때도 주주 우선하는 신....
000270,2026.09.02 14:23,한경비즈니스,스테이블코인으로 삼전닉스 산다...싱가포르서 한국 상품 300종 출시
000270,2026.09.02 14:14,연합뉴스,"현대차그룹, 경찰버스에 쿨링필름 지원…""실내온도 최대 7도↓"""
000270,2026.09.02 09:02,데일리안,"현대차그룹, 경찰버스 실내 온도 최대 7도 낮춘다…‘나노쿨링 필름’...."
000270,2026.09.02 09:02,데일리안,"현대차그룹, 경찰버스 실내 온도 최대 7도 낮춘다…‘나노쿨링 필름’...."
000270,2026.09.02 08:58,뉴시스,"""경찰버스 실내 온도 7도 낮춘다""…현대차그룹, '나노 쿨링 필름' ..."
000270,2026.09.02 14:09,머니투데이,"""실내 온도 낮춰준다""..현대차그룹, 경찰버스에 '나노 쿨링 필름' 적..."
000270,2026.09.02 10:29,아이뉴스24,"현대차그룹 '나노 쿨링 필름', 폭염 속 경찰버스 식힌다"
000270,2026.09.02 10:29,아이뉴스24,"현대차그룹 '나노 쿨링 필름', 폭염 속 경찰버스 식힌다"
000270,2026.09.02 09:12,서울경제,"현대차그룹, 경찰버스에 온도 낮춰주는 ‘나노 쿨링 필름’ 시범 적용"
000270,2026.09.02 08:57,헤럴드경제,"“폭염 속 경찰버스 실내 온도 ‘뚝’”…현대차그룹, ‘나노 쿨링 필...."
000270,2026.09.02 08:54,연합뉴스,"현대차그룹, 경찰버스에 실내 온도 낮춰주는 '나노 쿨링 필름' 시범 ..."
000270,2026.09.02 08:54,연합뉴스,"현대차그룹, 경찰버스에 실내 온도 낮춰주는 '나노 쿨링 필름' 시범 ..."
000270,2026.09.02 13:55,SBS Biz,"기아, 8월 미국서 역대 최다 판매…현대차 소폭 감소"
000270,2026.09.02 13:52,연합뉴스TV,"기아, 8월 미국서 역대 최다 판매…현대차는 1.9% 감소"
000270,2026.09.02 13:52,연합뉴스TV,"기아, 8월 미국서 역대 최다 판매…현대차는 1.9% 감소"
000270,2026.09.02 13:24,서울경제,"기아의 독주, 8월 美서 역대 최고 실적…현대차는 1.9% 감소"
000270,2026.09.02 11:48,조선일보,"기아, 美 판매 신기록…현대차·기아 하이브리드 첫 5만대 돌파"
000270,2026.09.02 11:29,헤럴드경제,"현대차·기아, 8월 美서 친환경차 5.7만대 판매…“월간 역대 최다”"
000270,2026.09.02 11:09,연합뉴스,"기아, 8월 미국서 역대 최다 판매…현대차는 1.9% 감소(종합)"
000270,2026.09.02 10:49,머니투데이,"미국서 제동걸린 전기차?..현대차·기아, 하이브리드 질주로 상쇄"
000270,2026.09.02 10:42,경향신문,"현대차는 8월 미국 판매 주춤, 기아는 역대 최다"
000270,2026.09.02 10:06,뉴시스,"현대차·기아, 8월 美서 친환경차 차량 5.7만대 판매…""역대 최대 ..."
000270,2026.09.02 09:33,이데일리,미국에서도 기아 판매 성장세 지속…8월 역대 최다 월간 판매
000270,2026.09.02 13:37,매경이코노미,"현대모비스, 로봇 매출 최대 1.4조 기대...아틀라스 액추에이터 전량..."
000270,2026.09.02 08:46,파이낸셜뉴스,"""아틀라스 3만대면 1.4조""…현대모비스, 로봇 매출 가장 먼저 열린..."
000270,2026.09.02 08:46,파이낸셜뉴스,"""아틀라스 3만대면 1.4조""…현대모비스, 로봇 매출 가장 먼저 열린..."
000270,2026.09.02 13:24,서울신문,[서울데이터랩]코스피 시총 상위주 장중 약세…삼성전자·SK하이닉스 .....
000270,2026.09.02 13:16,데일리안,BYD 너무 싸게 팔았나…中 '저가 경쟁' 제동에 현대차 셈법은
000270,2026.09.02 12:22,파이낸셜뉴스,기아 인도 8월 도매판매 48.1% 급증 역대 최대실적…셀토스·쏘넷에 ...
000270,2026.09.02 13:24,서울경제,"기아의 독주, 8월 美서 역대 최고 실적…현대차는 1.9% 감소"
000270,2026.09.02 11:48,조선일보,"기아, 美 판매 신기록…현대차·기아 하이브리드 첫 5만대 돌파"
000270,2026.09.02 11:48,조선일보,"기아, 美 판매 신기록…현대차·기아 하이브리드 첫 5만대 돌파"
000270,2026.09.02 11:29,헤럴드경제,"현대차·기아, 8월 美서 친환경차 5.7만대 판매…“월간 역대 최다”"
000270,2026.09.02 11:09,연합뉴스,"기아, 8월 미국서 역대 최다 판매…현대차는 1.9% 감소(종합)"
000270,2026.09.02 10:49,머니투데이,"미국서 제동걸린 전기차?..현대차·기아, 하이브리드 질주로 상쇄"
000270,2026.09.02 10:42,경향신문,"현대차는 8월 미국 판매 주춤, 기아는 역대 최다"
000270,2026.09.02 10:06,뉴시스,"현대차·기아, 8월 美서 친환경차 차량 5.7만대 판매…""역대 최대 ..."
000270,2026.09.02 09:33,이데일리,미국에서도 기아 판매 성장세 지속…8월 역대 최다 월간 판매
000270,2026.09.02 13:16,데일리안,BYD 너무 싸게 팔았나…中 '저가 경쟁' 제동에 현대차 셈법은
000270,2026.09.02 12:22,파이낸셜뉴스,기아 인도 8월 도매판매 48.1% 급증 역대 최대실적…셀토스·쏘넷에 ...
000270,2026.09.02 11:39,파이낸셜뉴스,"현대모비스, 아틀라스 31개 액추에이터 전량수주…LG유플러스, 배당?...."
000270,2026.09.02 11:00,시사저널,"완성차 5사 내수 '후진'…파업 여파 현대차, 41% 급감"
000270,2026.09.02 03:40,머니투데이,완성5車 내수 후진… 친환경차만 '질주'
000270,2026.09.02 03:40,머니투데이,완성5車 내수 후진… 친환경차만 '질주'
000270,2026.09.02 10:29,아이뉴스24,"현대차그룹 '나노 쿨링 필름', 폭염 속 경찰버스 식힌다"
000270,2026.09.02 09:12,서울경제,"현대차그룹, 경찰버스에 온도 낮춰주는 ‘나노 쿨링 필름’ 시범 적용"
000270,2026.09.02 09:12,서울경제,"현대차그룹, 경찰버스에 온도 낮춰주는 ‘나노 쿨링 필름’ 시범 적용"
000270,2026.09.02 08:57,헤럴드경제,"“폭염 속 경찰버스 실내 온도 ‘뚝’”…현대차그룹, ‘나노 쿨링 필...."
000270,2026.09.02 08:54,연합뉴스,"현대차그룹, 경찰버스에 실내 온도 낮춰주는 '나노 쿨링 필름' 시범 ..."
000270,2026.09.02 08:54,연합뉴스,"현대차그룹, 경찰버스에 실내 온도 낮춰주는 '나노 쿨링 필름' 시범 ..."
000270,2026.09.02 10:05,머니투데이,"한국앤컴퍼니그룹, 저소득 가정 자립 돕는다…차량나눔 사업 확대"
000270,2026.09.02 09:21,헤럴드경제,"한국앤컴퍼니그룹, ‘차량나눔 2.0’ 공고 오픈…저소득 가정에 車 지..."
000270,2026.09.02 09:21,헤럴드경제,"한국앤컴퍼니그룹, ‘차량나눔 2.0’ 공고 오픈…저소득 가정에 車 지..."
000270,2026.09.02 09:02,데일리안,"현대차그룹, 경찰버스 실내 온도 최대 7도 낮춘다…‘나노쿨링 필름’....."
000270,2026.09.02 08:58,뉴시스,"""경찰버스 실내 온도 7도 낮춘다""…현대차그룹, '나노 쿨링 필름' ..."
000270,2026.09.02 08:58,뉴시스,"""경찰버스 실내 온도 7도 낮춘다""…현대차그룹, '나노 쿨링 필름' ..."
000270,2026.09.02 09:01,디지털데일리,완성차 5개사 임단협 끝났지만…더 험난한 2027년 예고
000270,2026.09.02 08:46,파이낸셜뉴스,"""아틀라스 3만대면 1.4조""…현대모비스, 로봇 매출 가장 먼저 열린다"
000270,2026.09.02 10:29,아이뉴스24,"현대차그룹 '나노 쿨링 필름', 폭염 속 경찰버스 식힌다"
000270,2026.09.02 09:12,서울경제,"현대차그룹, 경찰버스에 온도 낮춰주는 ‘나노 쿨링 필름’ 시범 적용"
000270,2026.09.02 09:12,서울경제,"현대차그룹, 경찰버스에 온도 낮춰주는 ‘나노 쿨링 필름’ 시범 적용"
000270,2026.09.02 08:57,헤럴드경제,"“폭염 속 경찰버스 실내 온도 ‘뚝’”…현대차그룹, ‘나노 쿨링 필...."
000270,2026.09.02 08:54,연합뉴스,"현대차그룹, 경찰버스에 실내 온도 낮춰주는 '나노 쿨링 필름' 시범 ..."
000270,2026.09.02 08:54,연합뉴스,"현대차그룹, 경찰버스에 실내 온도 낮춰주는 '나노 쿨링 필름' 시범 ..."
000270,2026.09.02 10:06,뉴시스,"현대차·기아, 8월 美서 친환경차 차량 5.7만대 판매…""역대 최대 기..."
000270,2026.09.02 09:33,이데일리,미국에서도 기아 판매 성장세 지속…8월 역대 최다 월간 판매
000270,2026.09.02 09:33,이데일리,미국에서도 기아 판매 성장세 지속…8월 역대 최다 월간 판매
000270,2026.09.02 10:05,머니투데이,"한국앤컴퍼니그룹, 저소득 가정 자립 돕는다…차량나눔 사업 확대"
000270,2026.09.02 09:21,헤럴드경제,"한국앤컴퍼니그룹, ‘차량나눔 2.0’ 공고 오픈…저소득 가정에 車 지..."
000270,2026.09.02 09:21,헤럴드경제,"한국앤컴퍼니그룹, ‘차량나눔 2.0’ 공고 오픈…저소득 가정에 車 지..."
000270,2026.09.02 09:02,데일리안,"현대차그룹, 경찰버스 실내 온도 최대 7도 낮춘다…‘나노쿨링 필름’....."
000270,2026.09.02 08:58,뉴시스,"""경찰버스 실내 온도 7도 낮춘다""…현대차그룹, '나노 쿨링 필름' ..."
000270,2026.09.02 08:58,뉴시스,"""경찰버스 실내 온도 7도 낮춘다""…현대차그룹, '나노 쿨링 필름' ..."
000270,2026.09.02 09:01,디지털데일리,완성차 5개사 임단협 끝났지만…더 험난한 2027년 예고
000270,2026.09.02 08:46,파이낸셜뉴스,"""아틀라스 3만대면 1.4조""…현대모비스, 로봇 매출 가장 먼저 열린다"
000270,2026.09.02 08:45,조선비즈,KB證 “주주환원이 주가를 올리려면… 어려울 때도 주주 우선하는 신.....
000270,2026.09.02 08:36,연합뉴스,"신영증권 ""현기차, 8월 판매 희비…현대차 2017년 이후 최저"""
000270,2026.09.02 08:30,블로터,"[AI 대전환 리딩 전략] LX세미콘, '차량용 AI칩'서 기회 열었다"
000270,2026.09.02 08:17,디지털타임스,"유가·금리 부담에 삼전·SK하닉, 프리마켓 3%대↓…“장중 낙폭 축소...."
000270,2026.09.02 08:54,연합뉴스,"현대차그룹, 경찰버스에 실내 온도 낮춰주는 '나노 쿨링 필름' 시범 적..."
000270,2026.09.02 08:54,연합뉴스,"현대차그룹, 경찰버스에 실내 온도 낮춰주는 '나노 쿨링 필름' 시범 ..."
000270,2026.09.02 08:54,연합뉴스,"현대차그룹, 경찰버스에 실내 온도 낮춰주는 '나노 쿨링 필름' 시범 ..."
000270,2026.09.02 08:46,파이낸셜뉴스,"""아틀라스 3만대면 1.4조""…현대모비스, 로봇 매출 가장 먼저 열린다"
000270,2026.09.02 08:45,조선비즈,KB證 “주주환원이 주가를 올리려면… 어려울 때도 주주 우선하는 신.....
000270,2026.09.02 08:36,연합뉴스,"신영증권 ""현기차, 8월 판매 희비…현대차 2017년 이후 최저"""
000270,2026.09.02 08:30,블로터,"[AI 대전환 리딩 전략] LX세미콘, '차량용 AI칩'서 기회 열었다"
000270,2026.09.02 08:17,디지털타임스,"유가·금리 부담에 삼전·SK하닉, 프리마켓 3%대↓…“장중 낙폭 축소...."
000270,2026.09.02 08:02,이데일리,"SJG세종, 밸류 저평가…“재평가 열쇠는 전동화 비중 확대”-하나"
000270,2026.09.02 07:03,아시아경제,"""에스엘, 현대차그룹 美 생산 확대 수혜 예상""[클릭 e종목]"
000270,2026.09.02 06:36,세계일보,"“삼전닉스 괜히 안 팔았나”…전문가 “오히려 바닥, 슈퍼사이클 초..."
000270,2026.09.02 06:30,서울경제,"현대차, 파업에 내수 ‘반토막’…그랜저·아반떼·투싼 구원투수로 ..."
000270,2026.09.02 06:30,서울경제,"현대차, 파업에 내수 ‘반토막’…그랜저·아반떼·투싼 구원투수로 ..."
000270,2026.09.02 06:28,파이낸셜뉴스,"기아차, 美 8월 판매량 역대 최대...현대차는 소폭 감소"
000270,2026.09.02 05:09,연합뉴스,"기아, 미국서 역대 月판매량 최고 기록…현대차는 주춤"
000270,2026.09.02 05:09,연합뉴스,"기아, 미국서 역대 月판매량 최고 기록…현대차는 주춤"
000270,2026.09.02 06:03,세계일보,‘파업 직격탄’ 현대차 8월 판매 14% 감소
000270,2026.09.02 06:00,디지털타임스,버스 3위로 올라선 KGM커머셜…기아 철수에 2강 ‘정조준’
000270,2026.09.02 03:40,머니투데이,완성5車 내수 후진… 친환경차만 '질주'
000270,2026.09.02 00:20,국민일보,파업 여파에 현대차 8월 실적 ‘급감’… 기아는 ‘고공행진’
000270,2026.09.01 21:40,동아사이언스,"[사이언스게시판] 과기정통부, 국제천체투영관영화제 IPMF 개최 外"
000270,2026.09.01 20:51,경향신문,파업 리스크 벗은 완성차 업계…‘임금 부담·정년 연장’ 과제로
000270,2026.09.01 16:19,경향신문,‘하투’ 마침표 찍은 국내 완성차 업계…파업 위기 넘겼지만 구조적.....
000270,2026.09.01 16:19,경향신문,‘하투’ 마침표 찍은 국내 완성차 업계…파업 위기 넘겼지만 구조적.....
000270,2026.09.01 19:29,동아일보,현대차 파업에 8월 실적 부진… 쏘렌토 내수 판매 1위
000270,2026.09.01 18:10,머니투데이,파업에 멈춘 현대차 내수 41% 급감…완성차 5사 모두 뒷걸음
000270,2026.09.01 18:10,머니투데이,파업에 멈춘 현대차 내수 41% 급감…완성차 5사 모두 뒷걸음
000270,2026.09.01 17:06,데일리안,"파업에 휴가까지 겹쳤다…완성차5사, 내수 8만대 ‘붕괴’ (종합)"
000270,2026.09.01 16:36,이데일리,"완성차 5개사, 8월 내수 일제히 감소…수출에 판매 성적 희비 갈려(..."
000270,2026.09.01 16:32,디지털데일리,현대차 파업에 8월 판매 ‘뚝’…기아·GM은 성장
000270,2026.09.01 18:21,파이낸셜뉴스,파업에 꺾인 현대차
000270,2026.09.01 17:38,매일경제,형보다 나은 동생 '기아' 두달연속 현대차 제쳤다
000270,2026.09.01 17:38,매일경제,형보다 나은 동생 '기아' 두달연속 현대차 제쳤다
000270,2026.09.01 16:36,블로터,"기아, 두달째 현대차 내수 추월…EV가 갈랐다"
000270,2026.09.01 16:27,경향신문,"‘파업 여파’ 현대차는 14% 실적 급감, 해외 뛴 기아는 5% 증가..."
000270,2026.09.01 18:21,파이낸셜뉴스,파업에 꺾인 현대차
000270,2026.09.01 17:38,매일경제,형보다 나은 동생 '기아' 두달연속 현대차 제쳤다
000270,2026.09.01 17:38,매일경제,형보다 나은 동생 '기아' 두달연속 현대차 제쳤다
000270,2026.09.01 16:36,블로터,"기아, 두달째 현대차 내수 추월…EV가 갈랐다"
000270,2026.09.01 16:27,경향신문,"‘파업 여파’ 현대차는 14% 실적 급감, 해외 뛴 기아는 5% 증가..."
000270,2026.09.01 18:10,머니투데이,파업에 멈춘 현대차 내수 41% 급감…완성차 5사 모두 뒷걸음
000270,2026.09.01 17:06,데일리안,"파업에 휴가까지 겹쳤다…완성차5사, 내수 8만대 ‘붕괴’ (종합)"
000270,2026.09.01 17:06,데일리안,"파업에 휴가까지 겹쳤다…완성차5사, 내수 8만대 ‘붕괴’ (종합)"
000270,2026.09.01 16:36,이데일리,"완성차 5개사, 8월 내수 일제히 감소…수출에 판매 성적 희비 갈려(..."
000270,2026.09.01 16:32,디지털데일리,현대차 파업에 8월 판매 ‘뚝’…기아·GM은 성장
000270,2026.09.01 17:46,이코노미스트,"'3일간 20%' SK이노, 나홀로 급등 이유는 '금쪽이' SK온의 변..."
000270,2026.09.01 17:44,뉴시스,파업에 뒤집힌 8월 국내 車 시장…연간 판매 1위 경쟁도 '요동'
000270,2026.09.01 17:40,헤럴드경제,완성차 5개사 8월 판매 5.9%↓…내수 1위는 쏘렌토[여車저車]
000270,2026.09.01 17:40,헤럴드경제,완성차 5개사 8월 판매 5.9%↓…내수 1위는 쏘렌토[여車저車]
000270,2026.09.01 17:31,TV조선,완성차 5개사 8월 판매 5.9% 감소…내수는 28% 급감
000270,2026.09.01 17:19,연합뉴스,파업 여파에 현대차 내수 급감…완성차 5개사 8월 판매 5.9%↓
000270,2026.09.01 17:38,한국경제,스쿨존에서 자동 감속하는 카카오 자율주행
000270,2026.09.01 17:04,이데일리,스쿨존서 24㎞ 이하로 손놓고 달렸다…카카오모빌리티 서울자율차 타.....
000270,2026.09.01 17:04,이데일리,스쿨존서 24㎞ 이하로 손놓고 달렸다…카카오모빌리티 서울자율차 타.....
000270,2026.09.01 16:24,조선비즈,[르포] GPS 끊긴 터널 흔들림 없이 주행… 6개월간 2000회 달...
000270,2026.09.01 10:01,디지털데일리,"[르포] ""스쿨존 들어서자 24㎞""…카카오 서울자율차, 수동전환 없이..."
000270,2026.09.01 17:33,SBS Biz,내수 외면 받는 중견車 3사…8월 판매 40%대 급감
000270,2026.09.01 17:33,한국경제TV,"현대차, 8월 판매 14.2%↓…파업 여파에 국내는 '반토막'"
000270,2026.09.01 17:12,뉴시스,"""사상 첫 연간 車 내수 판매 1위 뒤바뀌나""…기아, 현대차에 '초박빙..."
000270,2026.09.01 17:08,헤럴드경제,"기아, 26만6675대 판매…전년比 5.0%↑ [8월 완성차 판매]"
000270,2026.09.01 17:08,헤럴드경제,"기아, 26만6675대 판매…전년比 5.0%↑ [8월 완성차 판매]"
000270,2026.09.01 16:55,조세일보,"현대차·기아 8월 판매량 전년比 5.9%↓…""파업으로 생산차질"""
000270,2026.09.01 16:24,연합뉴스TV,"기아, 8월 글로벌 시장서 26만여대 판매…전년 대비 5%↑"
000270,2026.09.01 16:24,서울경제,"기아, 8월 글로벌 시장서 26만 6675대 판매…전년比 5% 증가"
000270,2026.09.01 16:21,파이낸셜뉴스,"파업 청구서 날아왔다…""8월 현대차 판매량, 4년 7개월 만에 최저치..."
000270,2026.09.01 16:21,동행미디어 시대,"기아, 8월 글로벌 판매량 전년 대비 5% 증가"
000270,2026.09.01 16:08,머니투데이,"기아, 8월 26만6675대 판매…전년비 5%↑"
000270,2026.09.01 16:01,이데일리,"기아, 8월 판매 5% 증가 ‘선방’…해외 판매 7.4% 늘었다"
000270,2026.09.01 15:59,연합뉴스,"기아, 8월 글로벌 시장서 26만6천대 판매…전년 대비 5% 증가"
000270,2026.09.01 16:38,뉴시스,"현대차 '8월의 파업' 여파…기아, 두달연속 내수 판매 1위에"
000270,2026.09.01 16:29,서울경제,"노조 파업 여파 현실화…현대차, 내수 판매 11년 만에 최저"
000270,2026.09.01 16:29,서울경제,"노조 파업 여파 현실화…현대차, 내수 판매 11년 만에 최저"
000270,2026.09.01 16:21,디지털타임스,파업 직격탄… 현대차 8월 내수판매 ‘반토막’
000270,2026.09.01 16:19,경향신문,‘하투’ 마침표 찍은 국내 완성차 업계…파업 위기 넘겼지만 구조적...
000270,2026.09.01 17:19,연합뉴스,파업 여파에 현대차 내수 급감…완성차 5개사 8월 판매 5.9%↓
000270,2026.09.01 17:12,뉴시스,"""사상 첫 연간 車 내수 판매 1위 뒤바뀌나""…기아, 현대차에 '초박빙..."
000270,2026.09.01 17:08,헤럴드경제,"기아, 26만6675대 판매…전년比 5.0%↑ [8월 완성차 판매]"
000270,2026.09.01 17:08,헤럴드경제,"기아, 26만6675대 판매…전년比 5.0%↑ [8월 완성차 판매]"
000270,2026.09.01 16:55,조세일보,"현대차·기아 8월 판매량 전년比 5.9%↓…""파업으로 생산차질"""
000270,2026.09.01 16:24,연합뉴스TV,"기아, 8월 글로벌 시장서 26만여대 판매…전년 대비 5%↑"
000270,2026.09.01 16:24,서울경제,"기아, 8월 글로벌 시장서 26만 6675대 판매…전년比 5% 증가"
000270,2026.09.01 16:21,동행미디어 시대,"기아, 8월 글로벌 판매량 전년 대비 5% 증가"
000270,2026.09.01 16:21,파이낸셜뉴스,"파업 청구서 날아왔다…""8월 현대차 판매량, 4년 7개월 만에 최저치..."
000270,2026.09.01 16:08,머니투데이,"기아, 8월 26만6675대 판매…전년비 5%↑"
000270,2026.09.01 16:01,이데일리,"기아, 8월 판매 5% 증가 ‘선방’…해외 판매 7.4% 늘었다"
000270,2026.09.01 15:59,연합뉴스,"기아, 8월 글로벌 시장서 26만6천대 판매…전년 대비 5% 증가"
000270,2026.09.01 17:06,데일리안,"파업에 휴가까지 겹쳤다…완성차5사, 내수 8만대 ‘붕괴’ (종합)"
000270,2026.09.01 16:36,이데일리,"완성차 5개사, 8월 내수 일제히 감소…수출에 판매 성적 희비 갈려(..."
000270,2026.09.01 16:36,이데일리,"완성차 5개사, 8월 내수 일제히 감소…수출에 판매 성적 희비 갈려(..."
000270,2026.09.01 16:32,디지털데일리,현대차 파업에 8월 판매 ‘뚝’…기아·GM은 성장
000270,2026.09.01 17:04,이데일리,스쿨존서 24㎞ 이하로 손놓고 달렸다…카카오모빌리티 서울자율차 타...
000270,2026.09.01 16:24,조선비즈,[르포] GPS 끊긴 터널 흔들림 없이 주행… 6개월간 2000회 달...
000270,2026.09.01 16:24,조선비즈,[르포] GPS 끊긴 터널 흔들림 없이 주행… 6개월간 2000회 달...
000270,2026.09.01 10:01,디지털데일리,"[르포] ""스쿨존 들어서자 24㎞""…카카오 서울자율차, 수동전환 없이..."
000270,2026.09.01 16:38,뉴시스,"현대차 '8월의 파업' 여파…기아, 두달연속 내수 판매 1위에"
000270,2026.09.01 16:29,서울경제,"노조 파업 여파 현실화…현대차, 내수 판매 11년 만에 최저"
000270,2026.09.01 16:29,서울경제,"노조 파업 여파 현실화…현대차, 내수 판매 11년 만에 최저"
000270,2026.09.01 16:21,디지털타임스,파업 직격탄… 현대차 8월 내수판매 ‘반토막’
000270,2026.09.01 16:36,블로터,"기아, 두달째 현대차 내수 추월…EV가 갈랐다"
000270,2026.09.01 16:27,경향신문,"‘파업 여파’ 현대차는 14% 실적 급감, 해외 뛴 기아는 5% 증가..."
000270,2026.09.01 16:27,경향신문,"‘파업 여파’ 현대차는 14% 실적 급감, 해외 뛴 기아는 5% 증가..."
000270,2026.09.01 16:19,경향신문,‘하투’ 마침표 찍은 국내 완성차 업계…파업 위기 넘겼지만 구조적...
000270,2026.09.01 14:01,파이낸셜뉴스,"딥엑스, 시리즈A 대비 몸값 약 285배 '2조8500억'…압도적 성장..."
000270,2026.09.01 13:41,서울신문,"[서울데이터랩]코스피 시총 상위주 혼조세…SK 5%대 강세, 한화에어로..."
000270,2026.09.01 11:31,뉴시스,"현대차, 14억 인구 인도 '대중 EV' 시장 정조준 ""콤팩트 전기 S..."
000270,2026.09.01 16:29,서울경제,"노조 파업 여파 현실화…현대차, 내수 판매 11년 만에 최저"
000270,2026.09.01 16:21,디지털타임스,파업 직격탄… 현대차 8월 내수판매 ‘반토막’
000270,2026.09.01 16:21,디지털타임스,파업 직격탄… 현대차 8월 내수판매 ‘반토막’
000270,2026.09.01 16:27,경향신문,"‘파업 여파’ 현대차는 14% 실적 급감, 해외 뛴 기아는 5% 증가…..."
000270,2026.09.01 16:24,연합뉴스TV,"기아, 8월 글로벌 시장서 26만여대 판매…전년 대비 5%↑"
000270,2026.09.01 16:24,서울경제,"기아, 8월 글로벌 시장서 26만 6675대 판매…전년比 5% 증가"
000270,2026.09.01 16:24,서울경제,"기아, 8월 글로벌 시장서 26만 6675대 판매…전년比 5% 증가"
000270,2026.09.01 16:21,파이낸셜뉴스,"파업 청구서 날아왔다…""8월 현대차 판매량, 4년 7개월 만에 최저치..."
000270,2026.09.01 16:21,동행미디어 시대,"기아, 8월 글로벌 판매량 전년 대비 5% 증가"
000270,2026.09.01 16:08,머니투데이,"기아, 8월 26만6675대 판매…전년비 5%↑"
000270,2026.09.01 16:01,이데일리,"기아, 8월 판매 5% 증가 ‘선방’…해외 판매 7.4% 늘었다"
000270,2026.09.01 15:59,연합뉴스,"기아, 8월 글로벌 시장서 26만6천대 판매…전년 대비 5% 증가"
000270,2026.09.01 16:24,조선비즈,[르포] GPS 끊긴 터널 흔들림 없이 주행… 6개월간 2000회 달린...
000270,2026.09.01 10:01,디지털데일리,"[르포] ""스쿨존 들어서자 24㎞""…카카오 서울자율차, 수동전환 없이..."
000270,2026.09.01 10:01,디지털데일리,"[르포] ""스쿨존 들어서자 24㎞""…카카오 서울자율차, 수동전환 없이..."
000270,2026.09.01 16:19,경향신문,‘하투’ 마침표 찍은 국내 완성차 업계…파업 위기 넘겼지만 구조적...
000270,2026.09.01 14:01,파이낸셜뉴스,"딥엑스, 시리즈A 대비 몸값 약 285배 '2조8500억'…압도적 성장..."
000270,2026.09.01 13:41,서울신문,"[서울데이터랩]코스피 시총 상위주 혼조세…SK 5%대 강세, 한화에어로..."
000270,2026.09.01 11:31,뉴시스,"현대차, 14억 인구 인도 '대중 EV' 시장 정조준 ""콤팩트 전기 S..."
000270,2026.09.01 11:25,파이낸셜뉴스,"E1, ""기아 LPG 차량 충전비 절감"" 5만포인트 프로모션"
000270,2026.09.01 11:02,아시아경제,"E1, 기아와 LPG 신차 고객 충전지원금 프로모션 진행"
000270,2026.09.01 11:02,아시아경제,"E1, 기아와 LPG 신차 고객 충전지원금 프로모션 진행"
000270,2026.09.01 09:50,조선비즈,"?E1, 기아와 LPG 신차 구매 고객 대상 충전 지원금 프로모션"
000270,2026.09.01 09:31,헤럴드경제,"E1, 기아와 LPG 신차 구매 고객 대상 충전지원금 프로모션 진행"
000270,2026.09.01 09:20,조선일보,"코스피 톱10, ‘조방원’ 밀려나고 반도체 싹쓸이"
000270,2026.09.01 16:01,이데일리,"기아, 8월 판매 5% 증가 ‘선방’…해외 판매 7.4% 늘었다"
000270,2026.09.01 15:59,연합뉴스,"기아, 8월 글로벌 시장서 26만6천대 판매…전년 대비 5% 증가"
000270,2026.09.01 15:59,연합뉴스,"기아, 8월 글로벌 시장서 26만6천대 판매…전년 대비 5% 증가"
000270,2026.09.01 14:01,파이낸셜뉴스,"딥엑스, 시리즈A 대비 몸값 약 285배 '2조8500억'…압도적 성장..."
000270,2026.09.01 13:41,서울신문,"[서울데이터랩]코스피 시총 상위주 혼조세…SK 5%대 강세, 한화에어로..."
000270,2026.09.01 11:31,뉴시스,"현대차, 14억 인구 인도 '대중 EV' 시장 정조준 ""콤팩트 전기 S..."
000270,2026.09.01 11:25,파이낸셜뉴스,"E1, ""기아 LPG 차량 충전비 절감"" 5만포인트 프로모션"
000270,2026.09.01 11:02,아시아경제,"E1, 기아와 LPG 신차 고객 충전지원금 프로모션 진행"
000270,2026.09.01 11:02,아시아경제,"E1, 기아와 LPG 신차 고객 충전지원금 프로모션 진행"
000270,2026.09.01 09:50,조선비즈,"?E1, 기아와 LPG 신차 구매 고객 대상 충전 지원금 프로모션"
000270,2026.09.01 09:31,헤럴드경제,"E1, 기아와 LPG 신차 구매 고객 대상 충전지원금 프로모션 진행"
000270,2026.09.01 10:01,디지털데일리,"[르포] ""스쿨존 들어서자 24㎞""…카카오 서울자율차, 수동전환 없이 ..."
000270,2026.09.01 09:20,조선일보,"코스피 톱10, ‘조방원’ 밀려나고 반도체 싹쓸이"
000270,2026.09.01 09:09,연합뉴스,"현대차, 트럭 고객 위한 운휴손실 지원 서비스·트레이드인 프로그램..."
000270,2026.09.01 09:04,서울경제,현대차 임협 최종 타결…성과급 ‘400%+1270만원’
000270,2026.09.01 06:00,데일리안,“중국차 막자” 독일도 돌아섰다…현대차·기아 셈법은
000270,2026.09.01 09:20,조선일보,"코스피 톱10, ‘조방원’ 밀려나고 반도체 싹쓸이"
000270,2026.09.01 09:09,연합뉴스,"현대차, 트럭 고객 위한 운휴손실 지원 서비스·트레이드인 프로그램..."
000270,2026.09.01 09:04,서울경제,현대차 임협 최종 타결…성과급 ‘400%+1270만원’
000270,2026.09.01 06:00,디지털타임스,한국·미국·유럽서 동시에 만든다…기아 스포티지의 ‘세계일주’ [...
000270,2026.09.01 06:00,데일리안,“중국차 막자” 독일도 돌아섰다…현대차·기아 셈법은
000270,2026.09.01 05:05,서울신문,‘더 기아 PV7’ 자신감 있는 원박스
000270,2026.09.01 00:31,동아일보,"기아, ‘PV7’ 티저 이미지 공개"
000270,2026.09.01 00:31,동아일보,"기아, ‘PV7’ 티저 이미지 공개"
000270,2026.09.01 00:01,중앙일보,"[사진] 기아, 대형 PBV ‘PV7’ 티저 공개"
000270,2026.09.01 00:37,조선일보,시속 120㎞ 가까이 가속해도 울컥거림 거의 없어
000270,2026.08.31 22:02,세계일보,기아 PV7 영상 공개… 대형급 라인업 확장
000270,2026.08.31 20:27,경향신문,"기아, 더 커진 PBV ‘PV7’ 티저 공개"
000270,2026.08.31 20:27,경향신문,"기아, 더 커진 PBV ‘PV7’ 티저 공개"
000270,2026.08.31 18:07,파이낸셜뉴스,몸집 불린 PBV… '더 기아 PV7' 티저 첫 공개
000270,2026.08.31 16:31,문화일보,"기아, 대형 전동화 PBV ‘더 기아 PV7’ 티저 첫 공개"
000270,2026.08.31 10:51,스포츠경향,기아 전동화 대형 PBV ‘PV7’ 티저 최초 공개
000270,2026.08.31 10:27,서울경제,"PBV 몸집 키운 기아, 대형 PV7 출격 채비"
000270,2026.08.31 09:45,경향신문,"기아, ‘더 기아 PV7’ 티저 공개…“PBV 라인업 대형급으로 확장..."
000270,2026.08.31 09:39,파이낸셜뉴스,"기아, '더 기아 PV7' 티저 공개..전동화 PBV 라인업 확장"
000270,2026.08.31 09:24,머니투데이,"기아, 대형 전동화 PBV 'PV7' 티저 공개…""다목적 활용성 제시..."
000270,2026.08.31 08:58,동행미디어 시대,"기아, 대형 전동화 목적기반차량 'PV7' 티저 공개"
000270,2026.08.31 08:55,이데일리,"대형 전동화 PBV ‘더 기아 PV7’ 첫 티저 공개…""PBV 두번째..."
000270,2026.08.31 08:51,뉴시스,"기아, 대형 전동화 PBV 'PV7' 티저 공개…""9월 독일 IAA서..."
000270,2026.08.31 08:50,헤럴드경제,"기아, ‘더 기아 PV7’ 티저 공개…“PBV 라인업 대형급으로 확장..."
000270,2026.08.31 08:40,스포츠동아,"기아, 대형 전동화 PBV ‘PV7’ 티저 첫 공개…9월 독일서 실물..."
000270,2026.08.31 19:36,한국경제,"美, 캐나다산 자동차에 50% 관세 부과 시 최대 피해자는?"
000270,2026.08.31 18:46,헤럴드경제,한국자동차기자협회 ‘2027 올해의 차’ 전반기 심사…13개 브랜드·1...
000270,2026.08.31 10:07,파이낸셜뉴스,"'2027 대한민국 올해의 차' 전반기 심사, 13개 브랜드 16대 ..."
000270,2026.08.31 10:07,파이낸셜뉴스,"'2027 대한민국 올해의 차' 전반기 심사, 13개 브랜드 16대 ..."
000270,2026.08.31 09:22,데일리안,‘2027 대한민국 올해의 차’ 전반기 심사…16대 본선행
000270,2026.08.31 20:27,경향신문,"기아, 더 커진 PBV ‘PV7’ 티저 공개"
000270,2026.08.31 18:07,파이낸셜뉴스,몸집 불린 PBV… '더 기아 PV7' 티저 첫 공개
000270,2026.08.31 18:07,파이낸셜뉴스,몸집 불린 PBV… '더 기아 PV7' 티저 첫 공개
000270,2026.08.31 16:31,문화일보,"기아, 대형 전동화 PBV ‘더 기아 PV7’ 티저 첫 공개"
000270,2026.08.31 10:51,스포츠경향,기아 전동화 대형 PBV ‘PV7’ 티저 최초 공개
000270,2026.08.31 10:27,서울경제,"PBV 몸집 키운 기아, 대형 PV7 출격 채비"
000270,2026.08.31 09:45,경향신문,"기아, ‘더 기아 PV7’ 티저 공개…“PBV 라인업 대형급으로 확장..."
000270,2026.08.31 09:39,파이낸셜뉴스,"기아, '더 기아 PV7' 티저 공개..전동화 PBV 라인업 확장"
000270,2026.08.31 09:24,머니투데이,"기아, 대형 전동화 PBV 'PV7' 티저 공개…""다목적 활용성 제시..."
000270,2026.08.31 08:58,동행미디어 시대,"기아, 대형 전동화 목적기반차량 'PV7' 티저 공개"
000270,2026.08.31 08:55,이데일리,"대형 전동화 PBV ‘더 기아 PV7’ 첫 티저 공개…""PBV 두번째..."
000270,2026.08.31 08:51,뉴시스,"기아, 대형 전동화 PBV 'PV7' 티저 공개…""9월 독일 IAA서..."
000270,2026.08.31 08:50,헤럴드경제,"기아, ‘더 기아 PV7’ 티저 공개…“PBV 라인업 대형급으로 확장..."
000270,2026.08.31 08:40,스포츠동아,"기아, 대형 전동화 PBV ‘PV7’ 티저 첫 공개…9월 독일서 실물..."
000270,2026.08.31 19:36,한국경제,"美, 캐나다산 자동차에 50% 관세 부과 시 최대 피해자는?"
000270,2026.08.31 18:46,헤럴드경제,한국자동차기자협회 ‘2027 올해의 차’ 전반기 심사…13개 브랜드·1...
000270,2026.08.31 10:07,파이낸셜뉴스,"'2027 대한민국 올해의 차' 전반기 심사, 13개 브랜드 16대 ..."
000270,2026.08.31 10:07,파이낸셜뉴스,"'2027 대한민국 올해의 차' 전반기 심사, 13개 브랜드 16대 ..."
000270,2026.08.31 09:22,데일리안,‘2027 대한민국 올해의 차’ 전반기 심사…16대 본선행
000270,2026.08.31 16:10,강원도민일보,"코스피, 장초반 낙폭 만회하며 6820선 마감…코스닥은 소폭 하락"
000270,2026.08.31 16:05,뉴스1,"""여름 끝나 가는데""…조선·철강·車 노사 갈등 계속…하투 넘어 추투....."
000270,2026.08.31 16:04,아시아경제,"코스피, 강보합 6800선 마감…코스닥은 약보합"
000270,2026.08.31 15:53,한국경제,"기아, 웹예능·문화공간 앞세워…2030 차량 마케팅"
000270,2026.08.31 14:55,이데일리,"""머리 위에서 '펑'"" 선루프 산산조각…설마 내 차도?"
000270,2026.08.31 14:29,부산일보,"기아, 대형 전동화 PBV ‘더 기아 PV7’ 티저 공개"
000270,2026.08.31 11:15,블로터,'대형 PBV' PV7 뜬다…기아 '연 23만대' 승부수
000270,2026.08.31 11:15,블로터,'대형 PBV' PV7 뜬다…기아 '연 23만대' 승부수
000270,2026.08.31 09:55,디지털데일리,"기아, 대형 전동화 PBV 'PV7' 티저 공개…9월 독일서 베일 벗..."
000270,2026.08.31 09:11,데일리안,"기아, 대형 PBV ‘PV7’ 첫 공개…9월 하노버서 데뷔"
000270,2026.08.31 09:01,연합뉴스,"기아, 대형 전동화 PBV '더 기아 PV7' 티저 공개"
000270,2026.08.31 11:51,문화일보,기아 ‘PV7’ 티저 공개
000270,2026.08.31 11:07,디지털타임스,PV5 흥행 탄 기아… 이번엔 대형 ‘PV7’ 띄운다
000270,2026.08.31 11:07,디지털타임스,PV5 흥행 탄 기아… 이번엔 대형 ‘PV7’ 띄운다
000270,2026.08.31 09:34,연합뉴스,"기아, 대형 전동화 PBV '더 기아 PV7' 티저 공개"
000270,2026.08.31 09:33,연합뉴스,"기아, 대형 전동화 PBV '더 기아 PV7' 티저 공개"
000270,2026.08.31 08:59,뉴스1,'더 기아 PV7’ 티저 이미지·영상 공개
000270,2026.08.31 08:58,뉴스1,"기아, 대형 전동화 PBV ‘더 기아 PV7’ 티저 공개"
000270,2026.08.31 08:50,뉴시스,"기아, 대형 전동화 PBV ‘더 기아 PV7’ 티저 공개"
000270,2026.08.31 08:50,뉴시스,"기아, 대형 전동화 PBV ‘더 기아 PV7’ 티저 공개"
000270,2026.08.31 08:50,뉴시스,"기아, 대형 전동화 PBV ‘더 기아 PV7’ 티저 공개"
000270,2026.08.31 14:29,부산일보,"기아, 대형 전동화 PBV ‘더 기아 PV7’ 티저 공개"
000270,2026.08.31 11:15,블로터,'대형 PBV' PV7 뜬다…기아 '연 23만대' 승부수
000270,2026.08.31 11:15,블로터,'대형 PBV' PV7 뜬다…기아 '연 23만대' 승부수
000270,2026.08.31 09:55,디지털데일리,"기아, 대형 전동화 PBV 'PV7' 티저 공개…9월 독일서 베일 벗..."
000270,2026.08.31 09:11,데일리안,"기아, 대형 PBV ‘PV7’ 첫 공개…9월 하노버서 데뷔"
000270,2026.08.31 09:01,연합뉴스,"기아, 대형 전동화 PBV '더 기아 PV7' 티저 공개"
000270,2026.08.31 11:51,문화일보,기아 ‘PV7’ 티저 공개
000270,2026.08.31 11:07,디지털타임스,PV5 흥행 탄 기아… 이번엔 대형 ‘PV7’ 띄운다
000270,2026.08.31 11:07,디지털타임스,PV5 흥행 탄 기아… 이번엔 대형 ‘PV7’ 띄운다
000270,2026.08.31 09:34,연합뉴스,"기아, 대형 전동화 PBV '더 기아 PV7' 티저 공개"
000270,2026.08.31 09:33,연합뉴스,"기아, 대형 전동화 PBV '더 기아 PV7' 티저 공개"
000270,2026.08.31 08:59,뉴스1,'더 기아 PV7’ 티저 이미지·영상 공개
000270,2026.08.31 08:58,뉴스1,"기아, 대형 전동화 PBV ‘더 기아 PV7’ 티저 공개"
000270,2026.08.31 08:50,뉴시스,"기아, 대형 전동화 PBV ‘더 기아 PV7’ 티저 공개"
000270,2026.08.31 08:50,뉴시스,"기아, 대형 전동화 PBV ‘더 기아 PV7’ 티저 공개"
000270,2026.08.31 08:50,뉴시스,"기아, 대형 전동화 PBV ‘더 기아 PV7’ 티저 공개"
000270,2026.08.31 11:29,연합뉴스,"코스피, 장중 1%대 하락해 6,600대…코스닥은 3% 급락 중"
000270,2026.08.31 11:05,경향신문,"BYD, PHEV도 돌풍 일으킬까?"
000270,2026.08.31 10:51,스포츠경향,기아 전동화 대형 PBV ‘PV7’ 티저 최초 공개
000270,2026.08.31 10:27,서울경제,"PBV 몸집 키운 기아, 대형 PV7 출격 채비"
000270,2026.08.31 10:27,서울경제,"PBV 몸집 키운 기아, 대형 PV7 출격 채비"
000270,2026.08.31 09:45,경향신문,"기아, ‘더 기아 PV7’ 티저 공개…“PBV 라인업 대형급으로 확장..."
000270,2026.08.31 09:39,파이낸셜뉴스,"기아, '더 기아 PV7' 티저 공개..전동화 PBV 라인업 확장"
000270,2026.08.31 09:24,머니투데이,"기아, 대형 전동화 PBV 'PV7' 티저 공개…""다목적 활용성 제시..."
000270,2026.08.31 08:58,동행미디어 시대,"기아, 대형 전동화 목적기반차량 'PV7' 티저 공개"
000270,2026.08.31 08:55,이데일리,"대형 전동화 PBV ‘더 기아 PV7’ 첫 티저 공개…""PBV 두번째..."
000270,2026.08.31 08:51,뉴시스,"기아, 대형 전동화 PBV 'PV7' 티저 공개…""9월 독일 IAA서..."
000270,2026.08.31 08:50,헤럴드경제,"기아, ‘더 기아 PV7’ 티저 공개…“PBV 라인업 대형급으로 확장..."
000270,2026.08.31 08:40,스포츠동아,"기아, 대형 전동화 PBV ‘PV7’ 티저 첫 공개…9월 독일서 실물..."
000270,2026.08.31 10:07,파이낸셜뉴스,"'2027 대한민국 올해의 차' 전반기 심사, 13개 브랜드 16대 본..."
000270,2026.08.31 09:22,데일리안,‘2027 대한민국 올해의 차’ 전반기 심사…16대 본선행
000270,2026.08.31 09:22,데일리안,‘2027 대한민국 올해의 차’ 전반기 심사…16대 본선행
000270,2026.08.31 09:46,매일신문,"자동차株, 증시 반등에도 나홀로 '후진'…외인·기관도 등 돌렸다"
000270,2026.08.31 09:31,뉴시스,"""워시 매파적 발언에""…코스피, 장 초반 6500선 '털썩'"
000270,2026.08.31 08:42,아시아경제,"엘브이엠씨홀딩스, 상반기 영업익 381억…전년比 105% 급증"
000270,2026.08.31 07:59,한경비즈니스,"중국에 손 벌리는 한국車, 생존 VS 中 관세 회피처 딜레마"
000270,2026.08.31 09:46,매일신문,"자동차株, 증시 반등에도 나홀로 '후진'…외인·기관도 등 돌렸다"
000270,2026.08.31 09:45,경향신문,"기아, ‘더 기아 PV7’ 티저 공개…“PBV 라인업 대형급으로 확장”"
000270,2026.08.31 09:39,파이낸셜뉴스,"기아, '더 기아 PV7' 티저 공개..전동화 PBV 라인업 확장"
000270,2026.08.31 09:39,파이낸셜뉴스,"기아, '더 기아 PV7' 티저 공개..전동화 PBV 라인업 확장"
000270,2026.08.31 09:24,머니투데이,"기아, 대형 전동화 PBV 'PV7' 티저 공개…""다목적 활용성 제시..."
000270,2026.08.31 08:58,동행미디어 시대,"기아, 대형 전동화 목적기반차량 'PV7' 티저 공개"
000270,2026.08.31 08:55,이데일리,"대형 전동화 PBV ‘더 기아 PV7’ 첫 티저 공개…""PBV 두번째..."
000270,2026.08.31 08:51,뉴시스,"기아, 대형 전동화 PBV 'PV7' 티저 공개…""9월 독일 IAA서..."
000270,2026.08.31 08:50,헤럴드경제,"기아, ‘더 기아 PV7’ 티저 공개…“PBV 라인업 대형급으로 확장..."
000270,2026.08.31 08:40,스포츠동아,"기아, 대형 전동화 PBV ‘PV7’ 티저 첫 공개…9월 독일서 실물..."
000270,2026.08.31 09:34,연합뉴스,"기아, 대형 전동화 PBV '더 기아 PV7' 티저 공개"
000270,2026.08.31 09:33,연합뉴스,"기아, 대형 전동화 PBV '더 기아 PV7' 티저 공개"
000270,2026.08.31 09:33,연합뉴스,"기아, 대형 전동화 PBV '더 기아 PV7' 티저 공개"
000270,2026.08.31 08:59,뉴스1,'더 기아 PV7’ 티저 이미지·영상 공개
000270,2026.08.31 08:58,뉴스1,"기아, 대형 전동화 PBV ‘더 기아 PV7’ 티저 공개"
000270,2026.08.31 08:50,뉴시스,"기아, 대형 전동화 PBV ‘더 기아 PV7’ 티저 공개"
000270,2026.08.31 08:50,뉴시스,"기아, 대형 전동화 PBV ‘더 기아 PV7’ 티저 공개"
000270,2026.08.31 08:50,뉴시스,"기아, 대형 전동화 PBV ‘더 기아 PV7’ 티저 공개"
000270,2026.08.31 09:31,뉴시스,"""워시 매파적 발언에""…코스피, 장 초반 6500선 '털썩'"
000270,2026.08.31 09:22,데일리안,‘2027 대한민국 올해의 차’ 전반기 심사…16대 본선행
000270,2026.08.31 09:11,데일리안,"기아, 대형 PBV ‘PV7’ 첫 공개…9월 하노버서 데뷔"
000270,2026.08.31 09:01,연합뉴스,"기아, 대형 전동화 PBV '더 기아 PV7' 티저 공개"
000270,2026.08.31 09:01,연합뉴스,"기아, 대형 전동화 PBV '더 기아 PV7' 티저 공개"
000270,2026.08.31 08:42,아시아경제,"엘브이엠씨홀딩스, 상반기 영업익 381억…전년比 105% 급증"
000270,2026.08.31 07:59,한경비즈니스,"중국에 손 벌리는 한국車, 생존 VS 中 관세 회피처 딜레마"
000270,2026.08.31 06:03,연합뉴스,완성차 5개사 임단협 마무리 수순…하반기 시장 확대 집중
000270,2026.08.31 05:02,이데일리,"""AI와 과제 어떻게 풀었나요"" 반나절 테스트…'생각근육' 더 중요해졌..."
000270,2026.08.31 08:59,뉴스1,'더 기아 PV7’ 티저 이미지·영상 공개
000270,2026.08.31 08:58,뉴스1,"기아, 대형 전동화 PBV ‘더 기아 PV7’ 티저 공개"
000270,2026.08.31 08:58,뉴스1,"기아, 대형 전동화 PBV ‘더 기아 PV7’ 티저 공개"
000270,2026.08.31 08:50,뉴시스,"기아, 대형 전동화 PBV ‘더 기아 PV7’ 티저 공개"
000270,2026.08.31 08:50,뉴시스,"기아, 대형 전동화 PBV ‘더 기아 PV7’ 티저 공개"
000270,2026.08.31 08:50,뉴시스,"기아, 대형 전동화 PBV ‘더 기아 PV7’ 티저 공개"
000270,2026.08.31 08:58,동행미디어 시대,"기아, 대형 전동화 목적기반차량 'PV7' 티저 공개"
000270,2026.08.31 08:55,이데일리,"대형 전동화 PBV ‘더 기아 PV7’ 첫 티저 공개…""PBV 두번째..."
000270,2026.08.31 08:55,이데일리,"대형 전동화 PBV ‘더 기아 PV7’ 첫 티저 공개…""PBV 두번째..."
000270,2026.08.31 08:51,뉴시스,"기아, 대형 전동화 PBV 'PV7' 티저 공개…""9월 독일 IAA서..."
000270,2026.08.31 08:50,헤럴드경제,"기아, ‘더 기아 PV7’ 티저 공개…“PBV 라인업 대형급으로 확장..."
000270,2026.08.31 08:40,스포츠동아,"기아, 대형 전동화 PBV ‘PV7’ 티저 첫 공개…9월 독일서 실물..."
000270,2026.08.31 08:42,아시아경제,"엘브이엠씨홀딩스, 상반기 영업익 381억…전년比 105% 급증"
000270,2026.08.31 07:59,한경비즈니스,"중국에 손 벌리는 한국車, 생존 VS 中 관세 회피처 딜레마"
000270,2026.08.31 06:03,연합뉴스,완성차 5개사 임단협 마무리 수순…하반기 시장 확대 집중
000270,2026.08.31 05:02,이데일리,"SK하닉 ""자소서 말고 AI 켜세요""...대기업 채용이 달라졌다"
000270,2026.08.31 05:02,이데일리,"""AI와 과제 어떻게 풀었나요"" 반나절 테스트…'생각근육' 더 중요해졌..."
000270,2026.08.31 00:25,국민일보,"美, 캐나다 관세… 완성차는 ‘담담’, 부품업계는 ‘한숨’"
000270,2026.08.31 00:01,더팩트,"""로봇 양산공장 운영 주체는?""…현대차그룹 미래 먹거리 쏠리는 '눈'"
000270,2026.08.30 18:04,파이낸셜뉴스,급성장하는 ‘스마트카’ 주목... 미래車 산업 밸류체인 투자[이런 펀....
000270,2026.08.31 08:40,스포츠동아,"기아, 대형 전동화 PBV ‘PV7’ 티저 첫 공개…9월 독일서 실물 ..."
000270,2026.08.31 07:59,한경비즈니스,"중국에 손 벌리는 한국車, 생존 VS 中 관세 회피처 딜레마"
000270,2026.08.31 06:03,연합뉴스,완성차 5개사 임단협 마무리 수순…하반기 시장 확대 집중
000270,2026.08.31 05:02,이데일리,"""AI와 과제 어떻게 풀었나요"" 반나절 테스트…'생각근육' 더 중요해졌..."
000270,2026.08.31 05:02,이데일리,"SK하닉 ""자소서 말고 AI 켜세요""...대기업 채용이 달라졌다"
000270,2026.08.31 00:25,국민일보,"美, 캐나다 관세… 완성차는 ‘담담’, 부품업계는 ‘한숨’"
000270,2026.08.31 00:01,더팩트,"""로봇 양산공장 운영 주체는?""…현대차그룹 미래 먹거리 쏠리는 '눈'"
000270,2026.08.30 18:04,파이낸셜뉴스,급성장하는 ‘스마트카’ 주목... 미래車 산업 밸류체인 투자[이런 펀....
000270,2026.08.30 18:01,파이낸셜뉴스,韓서 자금조달 나선 메타·엔비디아... 국내 신용평가 ‘AAA’ 문턱 ...
000270,2026.08.30 14:50,파이낸셜뉴스,메타·엔비디아 몰려오자…韓신평사 '빅테크 등급' 시험대 [fn마켓워치...
000270,2026.08.30 14:50,파이낸셜뉴스,메타·엔비디아 몰려오자…韓신평사 '빅테크 등급' 시험대 [fn마켓워치...
000270,2026.08.30 16:56,국민일보,"美 캐나다 관세… 완성차는 ‘담담’, 부품업계는 ‘한숨’"
000270,2026.08.30 16:05,매일경제,"돈보다 소중한, 우리가 잘하는 일로 … 상생 생태계도 청년·지역사회....."
000270,2026.08.30 16:05,매일경제,"기아, ""23년 만에 가족여행"" 이동약자에 '선물'"
000270,2026.08.30 15:14,이데일리,완성차 5사 임단협 마무리 수순…정년·로봇은 숙제로
000270,2026.08.30 14:50,파이낸셜뉴스,메타·엔비디아 몰려오자…韓신평사 '빅테크 등급' 시험대 [fn마켓워치....
000270,2026.08.30 14:24,디지털타임스,기아 전기차 절반 유럽서 팔렸다… 현지생산↑
000270,2026.08.30 11:01,연합뉴스TV,[기업기상도] 장마 끝나 해 뜬 기업 vs 기습호우 만난 기업
000270,2026.08.30 09:36,디지털데일리,"증설 멈추고 합치고 돌려쓰고…K-배터리, '재편의 시간' [위클리배터리..."
000270,2026.08.30 08:00,부산일보,[비즈앤피플] 질주하는 휴머노이드… ‘황금알’ 배터리 각축전
000270,2026.08.30 07:00,디지털데일리,완성차 5개사 ‘하투’ 끝 보인다…하반기 생산 정상화 속도 [헤비급.....
000270,2026.08.30 07:00,데일리안,검게 물든 기아 RV 3종…지붕도 존재감도 높인 팰리세이드 [車나왔다....
000270,2026.08.29 10:01,서울경제,"삼성바이오, 역대급 3조 유상증자…스위스 기업 인수에 쏟는다"
000270,2026.08.29 09:00,블로터,끼어들어도 또 양보…테슬라 FSD의 서울 운전법 [카미경]
000270,2026.08.29 09:00,머니투데이,종목 장세 시작되나?…삼성·현대·SK 그룹주 모두 '미끌'[김근희의 증...
000270,2026.08.29 07:31,헤럴드경제,"현대차·기아서 조립 척척…HD현대·두산 로봇, 스마트팩토리 활약 커....."
000270,2026.08.29 06:32,서울경제,"현대차·기아, 디젤차 사업 철수...마지막 ‘쏘렌토’마저 단종 [biz..."
000270,2026.08.29 06:01,디지털데일리,[취재수첩] ‘국민 첫 차’ 아반떼…과연 누구를 위한 차 됐나
000270,2026.08.28 19:38,KBS,"기아차, 6년 연속 ‘무분규’ 단체교섭"
000270,2026.08.28 16:42,이데일리,"기아, 임단협 64.1% 찬성으로 타결…6년 연속 무분규"
000270,2026.08.28 16:42,이데일리,"기아, 임단협 64.1% 찬성으로 타결…6년 연속 무분규"
000270,2026.08.28 17:52,서울경제,[단독] ‘규제 강화·가성비 후진’ 디젤 단종…친환경차에 주력
000270,2026.08.28 16:43,서울경제,[단독]현대차·기아 “굿바이 디젤”…마지막 모델 쏘렌토 접는다
000270,2026.08.28 16:43,서울경제,[단독]현대차·기아 “굿바이 디젤”…마지막 모델 쏘렌토 접는다
000270,2026.08.28 17:36,매일경제,기아 임단협 가결…6년 연속 무분규 달성
000270,2026.08.28 17:18,주간동아,"외국인, 주주환원 재료 소멸 SK하이닉스·삼성전자 8조 순매도"
388720,2026.08.14 15:39,한국경제,"이번주 내내 오른 코스피, '칠천피' 근접 마감…코스닥도 상승"
388720,2026.08.13 16:16,한국경제,"[단독]""로봇 투자비중 같이 늘리자""…현대차, 협력사와 생태계 만든다"
388720,2026.08.04 19:31,헤럴드경제,‘이게 웬일’ 3연속 매수 사이드카에 5%대 급등…코스닥 살아나려면.....
388720,2026.08.04 11:33,헤럴드경제,“코스닥 살아나려면 바이오·로봇 등 성장 대표주 절실”
388720,2026.08.04 11:33,헤럴드경제,“코스닥 살아나려면 바이오·로봇 등 성장 대표주 절실”
388720,2026.08.04 19:30,뉴스1,"피지컬AI 기업 유치·산업 생태계 조성…전북도, 민관 협력 강화"
388720,2026.08.01 11:00,머니투데이,"빅웨이브로보, 3년만에 몸값 5배 IPO 도전…성장성 입증이 관건"
388720,2026.07.31 17:41,한국경제,"SKT, 피지컬 AI 스타트업 8곳과 로보틱스 협업"
388720,2026.07.31 11:22,아시아경제,"SKT, 피지컬 AI 스타트업 간담회…""개방형 생태계 만들 것"""
388720,2026.07.31 11:22,아시아경제,"SKT, 피지컬 AI 스타트업 간담회…""개방형 생태계 만들 것"""
388720,2026.07.31 10:50,서울경제,"SKT, 피지컬 AI 스타트업 8개사 손잡고 로보틱스 생태계 확장 [..."
388720,2026.07.31 09:39,연합뉴스,"[테크스냅] SKT, 피지컬 AI 스타트업과 로보틱스 생태계 간담회"
388720,2026.07.31 09:06,머니투데이,"SKT, 피지컬 AI 스타트업 8개사 협업…로보틱스 생태계 강화"
388720,2026.07.31 08:57,뉴스1,"SKT, 피지컬 AI 스타트업 8개사 손잡고 생태계 확장"
388720,2026.07.31 15:31,매일경제,"SKT, 로봇 스타트업 손잡고 피지컬 AI 키운다"
388720,2026.07.31 11:50,헤럴드경제,"SK텔레콤, 피지컬AI 스타트업 8개사 협력…로보틱스 생태계 확장"
388720,2026.07.31 11:50,헤럴드경제,"SK텔레콤, 피지컬AI 스타트업 8개사 협력…로보틱스 생태계 확장"
388720,2026.07.31 11:26,조선비즈,"SK텔레콤, 피지컬 AI 스타트업 8곳과 협력… 로보틱스 생태계 확대"
388720,2026.07.31 09:29,지디넷코리아,"SKT, 피지컬AI·로보틱스 스타트업과 협업 확대"
388720,2026.07.31 09:26,뉴시스,"SKT, 피지컬 AI 스타트업 8곳과 협력…로봇 생태계 키운다"
388720,2026.07.31 09:17,SBS Biz,"SKT, 피지컬 AI 스타트업 8곳과 맞손…로봇 생태계 키운다"
388720,2026.07.31 08:41,헤럴드경제,"SK텔레콤, 피지컬 AI 스타트업 8개사 협력…로보틱스 생태계 확장"
388720,2026.07.31 15:03,데일리안,"SKT, 피지컬 AI 스타트업 8개사와 맞손…로보틱스 생태계 키운다"
388720,2026.07.31 10:41,노컷뉴스,"SKT, 피지컬 AI 스타트업 손잡고 로보틱스 생태계 강화"
388720,2026.07.31 10:41,노컷뉴스,"SKT, 피지컬 AI 스타트업 손잡고 로보틱스 생태계 강화"
388720,2026.07.31 09:19,이데일리,"SKT, 피지컬 AI 스타트업과 맞손…“풀스택 로보틱스 생태계 구축”"
388720,2026.07.31 09:17,전자신문,"SKT, 피지컬 AI 스타트업과 로보틱스 생태계 키운다"
388720,2026.07.22 15:11,디지털데일리,IPO 몸집 키우는 유진증권…빅웨이브로보틱스 정정 반복에 ‘주관 역.....
388720,2026.07.22 14:30,전자신문,"유일로보틱스, 조리부터 농식품 생산까지 로봇 자동화 확대"
388720,2026.07.22 11:40,뉴시스,"유일로보틱스, 푸드테크 로봇 자동화 사업 영역 확대"
388720,2026.07.22 11:40,뉴시스,"유일로보틱스, 푸드테크 로봇 자동화 사업 영역 확대"
058610,2026.09.02 15:51,아시아경제,"코스피, 유가·금리 부담에 4%대 하락 마감"
058610,2026.09.02 13:47,아시아경제,"코스피, '반짝' 상승 후 다시 하락세…3.7%↓"
058610,2026.08.25 09:14,서울신문,[서울데이터랩]개장 직후 인기 검색 종목 20選
058610,2026.08.23 09:47,한경비즈니스,몸값 7배 뛴 유니트리…K로봇에도 '실적의 시간' 온다[전예진의 마켓....
058610,2026.08.19 16:17,매경이코노미,질주하는 로봇주…국내 ETF 수익률 상위권 장악
058610,2026.08.19 08:20,조선일보,잘나가는 ETF 열어보니 죄다 로봇…한 달 수익률 1~4위 싹쓸이
058610,2026.08.19 08:20,조선일보,잘나가는 ETF 열어보니 죄다 로봇…한 달 수익률 1~4위 싹쓸이
058610,2026.08.19 15:45,아시아경제,"코스피, 6% 급락 마감…장중 매도 사이드카"
058610,2026.08.19 13:00,아시아경제,"코스피, 6% 급락 후 횡보…코스닥은 회복"
058610,2026.08.18 14:01,이데일리,한 달간 ETF 수익률 상위는 로봇 ‘ETF’..수익률 20% ‘쑥’↑
058610,2026.08.18 09:41,매일신문,다시 뛰는 로봇주…WRC·유니트리 '다음 동력' 될까
058610,2026.08.18 08:32,SBS Biz,[어제장 오늘장] 7천피 재도전…외국인 수급·반도체 주목
