cycle_id,ts,sim,code,name,decision,reason,price,change_rate,amount,adx,tick_power,posts,unique_posters,posts_per_poster,avg_posts,buzz_ratio,total_likes,likes_per_post,sov,z_posters,z_sov,z_likes,ignition,hype_score,fact_score,z_hype,d_sov,d_hype,accel,accel_d1,hist_missing,hist_days_ago,ignition4
14923440,2026-10-01 09:01:51,sim13,008420,,skip,theme_momentum_weak,,,,,,,,,,,,,,,,,,,,,,,,,,,
14923440,2026-10-01 09:01:51,sim13,005030,,skip,theme_momentum_weak,,,,,,,,,,,,,,,,,,,,,,,,,,,
14923440,2026-10-01 09:01:51,sim13,002710,,skip,adx_weak,,,,29.92125984251969,,,,,,,,,,,,,,,,,,,,,,,
14923440,2026-10-01 09:01:51,sim13,026940,,skip,theme_momentum_weak,,,,,,,,,,,,,,,,,,,,,,,,,,,
14923440,2026-10-01 09:01:51,sim13,036570,,skip,theme_momentum_weak,,,,,,,,,,,,,,,,,,,,,,,,,,,
14923440,2026-10-01 09:01:51,sim13,306200,,skip,theme_momentum_weak,,,,,,,,,,,,,,,,,,,,,,,,,,,
14923440,2026-10-01 09:01:51,sim13,071090,,skip,amount_not_surprised,,,,,,,,,,,,,,,,,,,,,,,,,,,
14923440,2026-10-01 09:01:51,sim13,093050,,skip,theme_momentum_weak,,,,,,,,,,,,,,,,,,,,,,,,,,,
14923440,2026-10-01 09:01:51,sim13,210980,,skip,theme_momentum_weak,,,,,,,,,,,,,,,,,,,,,,,,,,,
14923440,2026-10-01 09:01:51,sim13,092790,,skip,theme_momentum_weak,,,,,,,,,,,,,,,,,,,,,,,,,,,
14923440,2026-10-01 09:01:51,sim13,460850,,skip,theme_momentum_weak,,,,,,,,,,,,,,,,,,,,,,,,,,,
14923440,2026-10-01 09:01:51,sim13,008355,,skip,theme_momentum_weak,,,,,,,,,,,,,,,,,,,,,,,,,,,
14923440,2026-10-01 09:01:51,sim13,069730,,skip,theme_momentum_weak,,,,,,,,,,,,,,,,,,,,,,,,,,,
14923440,2026-10-01 09:01:51,sim13,002820,,skip,theme_momentum_weak,,,,,,,,,,,,,,,,,,,,,,,,,,,
14923440,2026-10-01 09:01:51,sim13,001230,,skip,theme_momentum_weak,,,,,,,,,,,,,,,,,,,,,,,,,,,
14923440,2026-10-01 09:01:51,sim13,002360,,skip,amount_not_surprised,,,,,,,,,,,,,,,,,,,,,,,,,,,
14923440,2026-10-01 09:01:51,sim13,109070,,skip,amount_not_surprised,,,,,,,,,,,,,,,,,,,,,,,,,,,
14923440,2026-10-01 09:01:51,sim13,003120,,skip,theme_momentum_weak,,,,,,,,,,,,,,,,,,,,,,,,,,,
14923440,2026-10-01 09:01:51,sim13,139990,,skip,theme_momentum_weak,,,,,,,,,,,,,,,,,,,,,,,,,,,
14923440,2026-10-01 09:01:51,sim13,008260,,skip,theme_momentum_weak,,,,,,,,,,,,,,,,,,,,,,,,,,,
14923440,2026-10-01 09:01:51,sim13,052690,,skip,theme_momentum_weak,,,,,,,,,,,,,,,,,,,,,,,,,,,
14923440,2026-10-01 09:01:51,sim13,005010,,skip,theme_momentum_weak,,,,,,,,,,,,,,,,,,,,,,,,,,,
14923440,2026-10-01 09:01:51,sim13,058430,,skip,theme_momentum_weak,,,,,,,,,,,,,,,,,,,,,,,,,,,
14923440,2026-10-01 09:01:51,sim13,009900,,skip,theme_momentum_weak,,,,,,,,,,,,,,,,,,,,,,,,,,,
14923440,2026-10-01 09:01:51,sim13,016380,,skip,theme_momentum_weak,,,,,,,,,,,,,,,,,,,,,,,,,,,
14923440,2026-10-01 09:01:51,sim13,38380K,,skip,theme_momentum_weak,,,,,,,,,,,,,,,,,,,,,,,,,,,
14923440,2026-10-01 09:01:51,sim13,118000,,skip,theme_momentum_weak,,,,,,,,,,,,,,,,,,,,,,,,,,,
14923440,2026-10-01 09:01:51,sim13,012450,,skip,theme_momentum_weak,,,,,,,,,,,,,,,,,,,,,,,,,,,
14923440,2026-10-01 09:01:51,sim13,001940,,skip,theme_momentum_weak,,,,,,,,,,,,,,,,,,,,,,,,,,,
14923440,2026-10-01 09:01:51,sim13,001067,,skip,theme_momentum_weak,,,,,,,,,,,,,,,,,,,,,,,,,,,
14923441,2026-10-01 09:03:53,sim13,084010,,skip,theme_momentum_weak,,,,,,,,,,,,,,,,,,,,,,,,,,,
14923441,2026-10-01 09:03:53,sim13,460860,,skip,theme_momentum_weak,,,,,,,,,,,,,,,,,,,,,,,,,,,
14923441,2026-10-01 09:03:53,sim13,002240,,skip,theme_momentum_weak,,,,,,,,,,,,,,,,,,,,,,,,,,,
14923441,2026-10-01 09:03:53,sim13,005030,,skip,theme_momentum_weak,,,,,,,,,,,,,,,,,,,,,,,,,,,
14923441,2026-10-01 09:03:53,sim13,036570,,skip,theme_momentum_weak,,,,,,,,,,,,,,,,,,,,,,,,,,,
14923441,2026-10-01 09:03:53,sim13,104700,,skip,theme_momentum_weak,,,,,,,,,,,,,,,,,,,,,,,,,,,
14923441,2026-10-01 09:03:53,sim13,002690,,skip,theme_momentum_weak,,,,,,,,,,,,,,,,,,,,,,,,,,,
14923441,2026-10-01 09:03:53,sim13,002710,,skip,adx_weak,,,,29.92125984251969,,,,,,,,,,,,,,,,,,,,,,,
14923441,2026-10-01 09:03:53,sim13,000950,,skip,theme_momentum_weak,,,,,,,,,,,,,,,,,,,,,,,,,,,
14923441,2026-10-01 09:03:53,sim13,008970,,skip,no_frgn_support,,,,,,,,,,,,,,,,,,,,,,,,,,,
14923441,2026-10-01 09:03:53,sim13,139990,,skip,theme_momentum_weak,,,,,,,,,,,,,,,,,,,,,,,,,,,
14923441,2026-10-01 09:03:53,sim13,093050,,skip,theme_momentum_weak,,,,,,,,,,,,,,,,,,,,,,,,,,,
14923441,2026-10-01 09:03:53,sim13,306200,,skip,theme_momentum_weak,,,,,,,,,,,,,,,,,,,,,,,,,,,
14923441,2026-10-01 09:03:53,sim13,008420,,skip,theme_momentum_weak,,,,,,,,,,,,,,,,,,,,,,,,,,,
14923441,2026-10-01 09:03:53,sim13,069730,,skip,theme_momentum_weak,,,,,,,,,,,,,,,,,,,,,,,,,,,
14923441,2026-10-01 09:03:53,sim13,018880,,skip,theme_momentum_weak,,,,,,,,,,,,,,,,,,,,,,,,,,,
14923441,2026-10-01 09:03:53,sim13,008355,,skip,theme_momentum_weak,,,,,,,,,,,,,,,,,,,,,,,,,,,
14923441,2026-10-01 09:03:53,sim13,210980,,skip,theme_momentum_weak,,,,,,,,,,,,,,,,,,,,,,,,,,,
14923441,2026-10-01 09:03:53,sim13,026940,,skip,theme_momentum_weak,,,,,,,,,,,,,,,,,,,,,,,,,,,
14923441,2026-10-01 09:03:53,sim13,017370,,skip,theme_momentum_weak,,,,,,,,,,,,,,,,,,,,,,,,,,,
14923441,2026-10-01 09:03:53,sim13,012330,,skip,theme_momentum_weak,,,,,,,,,,,,,,,,,,,,,,,,,,,
14923441,2026-10-01 09:03:53,sim13,009900,,skip,theme_momentum_weak,,,,,,,,,,,,,,,,,,,,,,,,,,,
14923441,2026-10-01 09:03:53,sim13,003120,,skip,theme_momentum_weak,,,,,,,,,,,,,,,,,,,,,,,,,,,
14923441,2026-10-01 09:03:53,sim13,001230,,skip,theme_momentum_weak,,,,,,,,,,,,,,,,,,,,,,,,,,,
14923441,2026-10-01 09:03:53,sim13,052690,,skip,theme_momentum_weak,,,,,,,,,,,,,,,,,,,,,,,,,,,
14923441,2026-10-01 09:03:53,sim13,38380K,,skip,theme_momentum_weak,,,,,,,,,,,,,,,,,,,,,,,,,,,
14923441,2026-10-01 09:03:53,sim13,016380,,skip,theme_momentum_weak,,,,,,,,,,,,,,,,,,,,,,,,,,,
14923441,2026-10-01 09:03:53,sim13,002870,,skip,theme_momentum_weak,,,,,,,,,,,,,,,,,,,,,,,,,,,
14923441,2026-10-01 09:03:53,sim13,259960,,skip,theme_momentum_weak,,,,,,,,,,,,,,,,,,,,,,,,,,,
14923441,2026-10-01 09:03:53,sim13,001067,,skip,theme_momentum_weak,,,,,,,,,,,,,,,,,,,,,,,,,,,
14923442,2026-10-01 09:06:03,sim13,084010,,skip,theme_momentum_weak,,,,,,,,,,,,,,,,,,,,,,,,,,,
14923442,2026-10-01 09:06:03,sim13,460860,,skip,theme_momentum_weak,,,,,,,,,,,,,,,,,,,,,,,,,,,
14923442,2026-10-01 09:06:03,sim13,002240,,skip,theme_momentum_weak,,,,,,,,,,,,,,,,,,,,,,,,,,,
14923442,2026-10-01 09:06:03,sim13,005030,,skip,theme_momentum_weak,,,,,,,,,,,,,,,,,,,,,,,,,,,
14923442,2026-10-01 09:06:03,sim13,104700,,skip,theme_momentum_weak,,,,,,,,,,,,,,,,,,,,,,,,,,,
14923442,2026-10-01 09:06:03,sim13,036570,,skip,theme_momentum_weak,,,,,,,,,,,,,,,,,,,,,,,,,,,
14923442,2026-10-01 09:06:03,sim13,002710,,skip,adx_weak,,,,29.92125984251969,,,,,,,,,,,,,,,,,,,,,,,
14923442,2026-10-01 09:06:03,sim13,093050,,skip,theme_momentum_weak,,,,,,,,,,,,,,,,,,,,,,,,,,,
14923442,2026-10-01 09:06:03,sim13,000950,,skip,theme_momentum_weak,,,,,,,,,,,,,,,,,,,,,,,,,,,
14923442,2026-10-01 09:06:03,sim13,008970,,skip,no_frgn_support,,,,,,,,,,,,,,,,,,,,,,,,,,,
14923442,2026-10-01 09:06:03,sim13,306200,,skip,theme_momentum_weak,,,,,,,,,,,,,,,,,,,,,,,,,,,
14923442,2026-10-01 09:06:03,sim13,008355,,skip,theme_momentum_weak,,,,,,,,,,,,,,,,,,,,,,,,,,,
14923442,2026-10-01 09:06:03,sim13,018880,,skip,theme_momentum_weak,,,,,,,,,,,,,,,,,,,,,,,,,,,
14923442,2026-10-01 09:06:03,sim13,003120,,skip,theme_momentum_weak,,,,,,,,,,,,,,,,,,,,,,,,,,,
14923442,2026-10-01 09:06:03,sim13,139990,,skip,theme_momentum_weak,,,,,,,,,,,,,,,,,,,,,,,,,,,
14923442,2026-10-01 09:06:03,sim13,069730,,skip,theme_momentum_weak,,,,,,,,,,,,,,,,,,,,,,,,,,,
14923442,2026-10-01 09:06:03,sim13,014990,,skip,theme_momentum_weak,,,,,,,,,,,,,,,,,,,,,,,,,,,
14923442,2026-10-01 09:06:03,sim13,009900,,skip,theme_momentum_weak,,,,,,,,,,,,,,,,,,,,,,,,,,,
14923442,2026-10-01 09:06:03,sim13,002360,,skip,amount_not_surprised,,,,,,,,,,,,,,,,,,,,,,,,,,,
14923442,2026-10-01 09:06:03,sim13,009410,,skip,theme_momentum_weak,,,,,,,,,,,,,,,,,,,,,,,,,,,
14923442,2026-10-01 09:06:03,sim13,008420,,skip,theme_momentum_weak,,,,,,,,,,,,,,,,,,,,,,,,,,,
14923442,2026-10-01 09:06:03,sim13,042700,,skip,adx_weak,,,,33.59375,,,,,,,,,,,,,,,,,,,,,,,
14923442,2026-10-01 09:06:03,sim13,017370,,skip,theme_momentum_weak,,,,,,,,,,,,,,,,,,,,,,,,,,,
14923442,2026-10-01 09:06:03,sim13,155660,,skip,theme_momentum_weak,,,,,,,,,,,,,,,,,,,,,,,,,,,
14923442,2026-10-01 09:06:03,sim13,38380K,,skip,theme_momentum_weak,,,,,,,,,,,,,,,,,,,,,,,,,,,
14923442,2026-10-01 09:06:03,sim13,028670,,skip,theme_momentum_weak,,,,,,,,,,,,,,,,,,,,,,,,,,,
14923442,2026-10-01 09:06:03,sim13,0126Z0,,skip,theme_momentum_weak,,,,,,,,,,,,,,,,,,,,,,,,,,,
14923442,2026-10-01 09:06:03,sim13,003160,,skip,amount_not_surprised,,,,,,,,,,,,,,,,,,,,,,,,,,,
14923442,2026-10-01 09:06:03,sim13,001067,,skip,theme_momentum_weak,,,,,,,,,,,,,,,,,,,,,,,,,,,
14923442,2026-10-01 09:06:03,sim13,075180,,skip,theme_momentum_weak,,,,,,,,,,,,,,,,,,,,,,,,,,,
14923443,2026-10-01 09:08:07,sim13,084010,,skip,theme_momentum_weak,,,,,,,,,,,,,,,,,,,,,,,,,,,
14923443,2026-10-01 09:08:07,sim13,460860,,skip,theme_momentum_weak,,,,,,,,,,,,,,,,,,,,,,,,,,,
14923443,2026-10-01 09:08:07,sim13,005030,,skip,theme_momentum_weak,,,,,,,,,,,,,,,,,,,,,,,,,,,
14923443,2026-10-01 09:08:07,sim13,002240,,skip,theme_momentum_weak,,,,,,,,,,,,,,,,,,,,,,,,,,,
14923443,2026-10-01 09:08:07,sim13,002690,,skip,theme_momentum_weak,,,,,,,,,,,,,,,,,,,,,,,,,,,
14923443,2026-10-01 09:08:07,sim13,104700,,skip,theme_momentum_weak,,,,,,,,,,,,,,,,,,,,,,,,,,,
14923443,2026-10-01 09:08:07,sim13,093050,,skip,theme_momentum_weak,,,,,,,,,,,,,,,,,,,,,,,,,,,
14923443,2026-10-01 09:08:07,sim13,036570,,skip,theme_momentum_weak,,,,,,,,,,,,,,,,,,,,,,,,,,,
14923443,2026-10-01 09:08:07,sim13,018880,,skip,theme_momentum_weak,,,,,,,,,,,,,,,,,,,,,,,,,,,
14923443,2026-10-01 09:08:07,sim13,000950,,skip,theme_momentum_weak,,,,,,,,,,,,,,,,,,,,,,,,,,,
14923443,2026-10-01 09:08:07,sim13,002710,,skip,adx_weak,,,,29.92125984251969,,,,,,,,,,,,,,,,,,,,,,,
14923443,2026-10-01 09:08:07,sim13,016380,,skip,theme_momentum_weak,,,,,,,,,,,,,,,,,,,,,,,,,,,
14923443,2026-10-01 09:08:07,sim13,008970,,skip,no_frgn_support,,,,,,,,,,,,,,,,,,,,,,,,,,,
14923443,2026-10-01 09:08:07,sim13,306200,,skip,theme_momentum_weak,,,,,,,,,,,,,,,,,,,,,,,,,,,
14923443,2026-10-01 09:08:07,sim13,028670,,skip,theme_momentum_weak,,,,,,,,,,,,,,,,,,,,,,,,,,,
14923443,2026-10-01 09:08:07,sim13,008355,,skip,theme_momentum_weak,,,,,,,,,,,,,,,,,,,,,,,,,,,
14923443,2026-10-01 09:08:07,sim13,009900,,skip,theme_momentum_weak,,,,,,,,,,,,,,,,,,,,,,,,,,,
14923443,2026-10-01 09:08:07,sim13,014990,,skip,theme_momentum_weak,,,,,,,,,,,,,,,,,,,,,,,,,,,
14923443,2026-10-01 09:08:07,sim13,003120,,skip,theme_momentum_weak,,,,,,,,,,,,,,,,,,,,,,,,,,,
14923443,2026-10-01 09:08:07,sim13,006660,,skip,theme_momentum_weak,,,,,,,,,,,,,,,,,,,,,,,,,,,
14923443,2026-10-01 09:08:07,sim13,012330,,skip,theme_momentum_weak,,,,,,,,,,,,,,,,,,,,,,,,,,,
14923443,2026-10-01 09:08:07,sim13,069730,,skip,theme_momentum_weak,,,,,,,,,,,,,,,,,,,,,,,,,,,
14923443,2026-10-01 09:08:07,sim13,002360,,skip,amount_not_surprised,,,,,,,,,,,,,,,,,,,,,,,,,,,
14923443,2026-10-01 09:08:07,sim13,003160,,skip,amount_not_surprised,,,,,,,,,,,,,,,,,,,,,,,,,,,
14923443,2026-10-01 09:08:07,sim13,139990,,skip,theme_momentum_weak,,,,,,,,,,,,,,,,,,,,,,,,,,,
14923443,2026-10-01 09:08:07,sim13,005850,,skip,theme_momentum_weak,,,,,,,,,,,,,,,,,,,,,,,,,,,
14923443,2026-10-01 09:08:07,sim13,008420,,skip,theme_momentum_weak,,,,,,,,,,,,,,,,,,,,,,,,,,,
14923443,2026-10-01 09:08:07,sim13,005430,,skip,theme_momentum_weak,,,,,,,,,,,,,,,,,,,,,,,,,,,
14923443,2026-10-01 09:08:07,sim13,002880,,skip,amount_not_surprised,,,,,,,,,,,,,,,,,,,,,,,,,,,
14923443,2026-10-01 09:08:07,sim13,009410,,skip,theme_momentum_weak,,,,,,,,,,,,,,,,,,,,,,,,,,,
14923444,2026-10-01 09:10:10,sim13,084010,,skip,theme_momentum_weak,,,,,,,,,,,,,,,,,,,,,,,,,,,
14923444,2026-10-01 09:10:10,sim13,460860,,skip,theme_momentum_weak,,,,,,,,,,,,,,,,,,,,,,,,,,,
14923444,2026-10-01 09:10:10,sim13,005030,,skip,theme_momentum_weak,,,,,,,,,,,,,,,,,,,,,,,,,,,
14923444,2026-10-01 09:10:10,sim13,002690,,skip,theme_momentum_weak,,,,,,,,,,,,,,,,,,,,,,,,,,,
14923444,2026-10-01 09:10:10,sim13,036570,,skip,theme_momentum_weak,,,,,,,,,,,,,,,,,,,,,,,,,,,
14923444,2026-10-01 09:10:10,sim13,002240,,skip,theme_momentum_weak,,,,,,,,,,,,,,,,,,,,,,,,,,,
14923444,2026-10-01 09:10:10,sim13,093050,,skip,theme_momentum_weak,,,,,,,,,,,,,,,,,,,,,,,,,,,
14923444,2026-10-01 09:10:10,sim13,001250,,skip,theme_momentum_weak,,,,,,,,,,,,,,,,,,,,,,,,,,,
14923444,2026-10-01 09:10:10,sim13,000950,,skip,theme_momentum_weak,,,,,,,,,,,,,,,,,,,,,,,,,,,
14923444,2026-10-01 09:10:10,sim13,003160,,skip,amount_not_surprised,,,,,,,,,,,,,,,,,,,,,,,,,,,
14923444,2026-10-01 09:10:10,sim13,018880,,skip,theme_momentum_weak,,,,,,,,,,,,,,,,,,,,,,,,,,,
14923444,2026-10-01 09:10:10,sim13,016380,,skip,theme_momentum_weak,,,,,,,,,,,,,,,,,,,,,,,,,,,
14923444,2026-10-01 09:10:10,sim13,012330,,skip,theme_momentum_weak,,,,,,,,,,,,,,,,,,,,,,,,,,,
14923444,2026-10-01 09:10:10,sim13,104700,,skip,theme_momentum_weak,,,,,,,,,,,,,,,,,,,,,,,,,,,
14923444,2026-10-01 09:10:10,sim13,002710,,skip,adx_weak,,,,29.92125984251969,,,,,,,,,,,,,,,,,,,,,,,
14923444,2026-10-01 09:10:10,sim13,006660,,skip,theme_momentum_weak,,,,,,,,,,,,,,,,,,,,,,,,,,,
14923444,2026-10-01 09:10:10,sim13,008355,,skip,theme_momentum_weak,,,,,,,,,,,,,,,,,,,,,,,,,,,
14923444,2026-10-01 09:10:10,sim13,005850,,skip,theme_momentum_weak,,,,,,,,,,,,,,,,,,,,,,,,,,,
14923444,2026-10-01 09:10:10,sim13,014990,,skip,theme_momentum_weak,,,,,,,,,,,,,,,,,,,,,,,,,,,
14923444,2026-10-01 09:10:10,sim13,020120,,skip,adx_weak,,,,12.26215644820296,,,,,,,,,,,,,,,,,,,,,,,
14923444,2026-10-01 09:10:10,sim13,028670,,skip,theme_momentum_weak,,,,,,,,,,,,,,,,,,,,,,,,,,,
14923444,2026-10-01 09:10:10,sim13,009900,,skip,theme_momentum_weak,,,,,,,,,,,,,,,,,,,,,,,,,,,
14923444,2026-10-01 09:10:10,sim13,003120,,skip,theme_momentum_weak,,,,,,,,,,,,,,,,,,,,,,,,,,,
14923444,2026-10-01 09:10:10,sim13,181710,,skip,theme_momentum_weak,,,,,,,,,,,,,,,,,,,,,,,,,,,
14923444,2026-10-01 09:10:10,sim13,052690,,skip,theme_momentum_weak,,,,,,,,,,,,,,,,,,,,,,,,,,,
14923444,2026-10-01 09:10:10,sim13,020000,,skip,amount_not_surprised,,,,,,,,,,,,,,,,,,,,,,,,,,,
14923444,2026-10-01 09:10:10,sim13,005430,,skip,theme_momentum_weak,,,,,,,,,,,,,,,,,,,,,,,,,,,
14923444,2026-10-01 09:10:10,sim13,002880,,skip,amount_not_surprised,,,,,,,,,,,,,,,,,,,,,,,,,,,
14923444,2026-10-01 09:10:10,sim13,012750,,skip,theme_momentum_weak,,,,,,,,,,,,,,,,,,,,,,,,,,,
14923444,2026-10-01 09:10:10,sim13,009410,,skip,theme_momentum_weak,,,,,,,,,,,,,,,,,,,,,,,,,,,
14923445,2026-10-01 09:12:16,sim13,084010,,skip,theme_momentum_weak,,,,,,,,,,,,,,,,,,,,,,,,,,,
14923445,2026-10-01 09:12:16,sim13,460860,,skip,theme_momentum_weak,,,,,,,,,,,,,,,,,,,,,,,,,,,
14923445,2026-10-01 09:12:16,sim13,005030,,skip,theme_momentum_weak,,,,,,,,,,,,,,,,,,,,,,,,,,,
14923445,2026-10-01 09:12:16,sim13,003160,,skip,amount_not_surprised,,,,,,,,,,,,,,,,,,,,,,,,,,,
14923445,2026-10-01 09:12:16,sim13,002240,,skip,theme_momentum_weak,,,,,,,,,,,,,,,,,,,,,,,,,,,
14923445,2026-10-01 09:12:16,sim13,036570,,skip,theme_momentum_weak,,,,,,,,,,,,,,,,,,,,,,,,,,,
14923445,2026-10-01 09:12:16,sim13,093050,,skip,theme_momentum_weak,,,,,,,,,,,,,,,,,,,,,,,,,,,
14923445,2026-10-01 09:12:16,sim13,018880,,skip,theme_momentum_weak,,,,,,,,,,,,,,,,,,,,,,,,,,,
14923445,2026-10-01 09:12:16,sim13,104700,,skip,theme_momentum_weak,,,,,,,,,,,,,,,,,,,,,,,,,,,
14923445,2026-10-01 09:12:16,sim13,192650,,skip,amount_not_surprised,,,,,,,,,,,,,,,,,,,,,,,,,,,
14923445,2026-10-01 09:12:16,sim13,001250,,skip,theme_momentum_weak,,,,,,,,,,,,,,,,,,,,,,,,,,,
14923445,2026-10-01 09:12:16,sim13,016380,,skip,theme_momentum_weak,,,,,,,,,,,,,,,,,,,,,,,,,,,
14923445,2026-10-01 09:12:16,sim13,248070,,skip,theme_momentum_weak,,,,,,,,,,,,,,,,,,,,,,,,,,,
14923445,2026-10-01 09:12:16,sim13,008355,,skip,theme_momentum_weak,,,,,,,,,,,,,,,,,,,,,,,,,,,
14923445,2026-10-01 09:12:16,sim13,012330,,skip,theme_momentum_weak,,,,,,,,,,,,,,,,,,,,,,,,,,,
14923445,2026-10-01 09:12:16,sim13,005850,,skip,theme_momentum_weak,,,,,,,,,,,,,,,,,,,,,,,,,,,
14923445,2026-10-01 09:12:16,sim13,002710,,skip,adx_weak,,,,29.92125984251969,,,,,,,,,,,,,,,,,,,,,,,
14923445,2026-10-01 09:12:16,sim13,009410,,skip,theme_momentum_weak,,,,,,,,,,,,,,,,,,,,,,,,,,,
14923445,2026-10-01 09:12:16,sim13,009900,,skip,theme_momentum_weak,,,,,,,,,,,,,,,,,,,,,,,,,,,
14923445,2026-10-01 09:12:16,sim13,052690,,skip,theme_momentum_weak,,,,,,,,,,,,,,,,,,,,,,,,,,,
14923445,2026-10-01 09:12:16,sim13,006660,,skip,theme_momentum_weak,,,,,,,,,,,,,,,,,,,,,,,,,,,
14923445,2026-10-01 09:12:16,sim13,020120,,skip,adx_weak,,,,12.26215644820296,,,,,,,,,,,,,,,,,,,,,,,
14923445,2026-10-01 09:12:16,sim13,069730,,skip,theme_momentum_weak,,,,,,,,,,,,,,,,,,,,,,,,,,,
14923445,2026-10-01 09:12:16,sim13,005430,,skip,theme_momentum_weak,,,,,,,,,,,,,,,,,,,,,,,,,,,
14923445,2026-10-01 09:12:16,sim13,002880,,skip,amount_not_surprised,,,,,,,,,,,,,,,,,,,,,,,,,,,
14923445,2026-10-01 09:12:16,sim13,042700,,skip,adx_weak,,,,33.59375,,,,,,,,,,,,,,,,,,,,,,,
14923445,2026-10-01 09:12:16,sim13,097520,,skip,theme_momentum_weak,,,,,,,,,,,,,,,,,,,,,,,,,,,
14923445,2026-10-01 09:12:16,sim13,181710,,skip,theme_momentum_weak,,,,,,,,,,,,,,,,,,,,,,,,,,,
14923445,2026-10-01 09:12:16,sim13,003120,,skip,theme_momentum_weak,,,,,,,,,,,,,,,,,,,,,,,,,,,
14923445,2026-10-01 09:12:16,sim13,001067,,skip,theme_momentum_weak,,,,,,,,,,,,,,,,,,,,,,,,,,,
14923446,2026-10-01 09:14:13,sim13,084010,,skip,theme_momentum_weak,,,,,,,,,,,,,,,,,,,,,,,,,,,
14923446,2026-10-01 09:14:13,sim13,005030,,skip,theme_momentum_weak,,,,,,,,,,,,,,,,,,,,,,,,,,,
14923446,2026-10-01 09:14:13,sim13,460860,,skip,theme_momentum_weak,,,,,,,,,,,,,,,,,,,,,,,,,,,
14923446,2026-10-01 09:14:13,sim13,003160,,skip,amount_not_surprised,,,,,,,,,,,,,,,,,,,,,,,,,,,
14923446,2026-10-01 09:14:13,sim13,002240,,skip,theme_momentum_weak,,,,,,,,,,,,,,,,,,,,,,,,,,,
14923446,2026-10-01 09:14:13,sim13,036570,,skip,theme_momentum_weak,,,,,,,,,,,,,,,,,,,,,,,,,,,
14923446,2026-10-01 09:14:13,sim13,093050,,skip,theme_momentum_weak,,,,,,,,,,,,,,,,,,,,,,,,,,,
14923446,2026-10-01 09:14:13,sim13,192650,,skip,amount_not_surprised,,,,,,,,,,,,,,,,,,,,,,,,,,,
14923446,2026-10-01 09:14:13,sim13,104700,,skip,theme_momentum_weak,,,,,,,,,,,,,,,,,,,,,,,,,,,
14923446,2026-10-01 09:14:13,sim13,008355,,skip,theme_momentum_weak,,,,,,,,,,,,,,,,,,,,,,,,,,,
14923446,2026-10-01 09:14:13,sim13,248070,,skip,theme_momentum_weak,,,,,,,,,,,,,,,,,,,,,,,,,,,
14923446,2026-10-01 09:14:13,sim13,005850,,skip,theme_momentum_weak,,,,,,,,,,,,,,,,,,,,,,,,,,,
14923446,2026-10-01 09:14:13,sim13,001250,,skip,theme_momentum_weak,,,,,,,,,,,,,,,,,,,,,,,,,,,
14923446,2026-10-01 09:14:13,sim13,018880,,skip,theme_momentum_weak,,,,,,,,,,,,,,,,,,,,,,,,,,,
14923446,2026-10-01 09:14:13,sim13,002360,,skip,amount_not_surprised,,,,,,,,,,,,,,,,,,,,,,,,,,,
14923446,2026-10-01 09:14:13,sim13,009900,,skip,theme_momentum_weak,,,,,,,,,,,,,,,,,,,,,,,,,,,
14923446,2026-10-01 09:14:13,sim13,012330,,skip,theme_momentum_weak,,,,,,,,,,,,,,,,,,,,,,,,,,,
14923446,2026-10-01 09:14:13,sim13,181710,,skip,theme_momentum_weak,,,,,,,,,,,,,,,,,,,,,,,,,,,
14923446,2026-10-01 09:14:13,sim13,016380,,skip,theme_momentum_weak,,,,,,,,,,,,,,,,,,,,,,,,,,,
14923446,2026-10-01 09:14:13,sim13,020120,,skip,adx_weak,,,,12.26215644820296,,,,,,,,,,,,,,,,,,,,,,,
14923446,2026-10-01 09:14:13,sim13,009410,,skip,theme_momentum_weak,,,,,,,,,,,,,,,,,,,,,,,,,,,
14923446,2026-10-01 09:14:13,sim13,014990,,skip,theme_momentum_weak,,,,,,,,,,,,,,,,,,,,,,,,,,,
14923446,2026-10-01 09:14:13,sim13,006660,,skip,theme_momentum_weak,,,,,,,,,,,,,,,,,,,,,,,,,,,
14923446,2026-10-01 09:14:13,sim13,052690,,skip,theme_momentum_weak,,,,,,,,,,,,,,,,,,,,,,,,,,,
14923446,2026-10-01 09:14:13,sim13,001067,,skip,theme_momentum_weak,,,,,,,,,,,,,,,,,,,,,,,,,,,
14923446,2026-10-01 09:14:13,sim13,33626L,,skip,theme_momentum_weak,,,,,,,,,,,,,,,,,,,,,,,,,,,
14923446,2026-10-01 09:14:13,sim13,097520,,skip,theme_momentum_weak,,,,,,,,,,,,,,,,,,,,,,,,,,,
14923446,2026-10-01 09:14:13,sim13,005430,,skip,theme_momentum_weak,,,,,,,,,,,,,,,,,,,,,,,,,,,
14923446,2026-10-01 09:14:13,sim13,069730,,skip,theme_momentum_weak,,,,,,,,,,,,,,,,,,,,,,,,,,,
14923446,2026-10-01 09:14:13,sim13,042700,,skip,adx_weak,,,,33.59375,,,,,,,,,,,,,,,,,,,,,,,
14923447,2026-10-01 09:16:30,sim13,084010,,skip,theme_momentum_weak,,,,,,,,,,,,,,,,,,,,,,,,,,,
14923447,2026-10-01 09:16:30,sim13,005030,,skip,theme_momentum_weak,,,,,,,,,,,,,,,,,,,,,,,,,,,
14923447,2026-10-01 09:16:30,sim13,460860,,skip,theme_momentum_weak,,,,,,,,,,,,,,,,,,,,,,,,,,,
14923447,2026-10-01 09:16:30,sim13,003160,,skip,amount_not_surprised,,,,,,,,,,,,,,,,,,,,,,,,,,,
14923447,2026-10-01 09:16:30,sim13,093050,,skip,theme_momentum_weak,,,,,,,,,,,,,,,,,,,,,,,,,,,
14923447,2026-10-01 09:16:30,sim13,036570,,skip,theme_momentum_weak,,,,,,,,,,,,,,,,,,,,,,,,,,,
14923447,2026-10-01 09:16:30,sim13,192650,,skip,amount_not_surprised,,,,,,,,,,,,,,,,,,,,,,,,,,,
14923447,2026-10-01 09:16:30,sim13,002240,,skip,theme_momentum_weak,,,,,,,,,,,,,,,,,,,,,,,,,,,
14923447,2026-10-01 09:16:30,sim13,008355,,skip,theme_momentum_weak,,,,,,,,,,,,,,,,,,,,,,,,,,,
14923447,2026-10-01 09:16:30,sim13,018880,,skip,theme_momentum_weak,,,,,,,,,,,,,,,,,,,,,,,,,,,
14923447,2026-10-01 09:16:30,sim13,002360,,skip,amount_not_surprised,,,,,,,,,,,,,,,,,,,,,,,,,,,
14923447,2026-10-01 09:16:30,sim13,005850,,skip,theme_momentum_weak,,,,,,,,,,,,,,,,,,,,,,,,,,,
14923447,2026-10-01 09:16:30,sim13,109070,,skip,amount_not_surprised,,,,,,,,,,,,,,,,,,,,,,,,,,,
14923447,2026-10-01 09:16:30,sim13,181710,,skip,theme_momentum_weak,,,,,,,,,,,,,,,,,,,,,,,,,,,
14923447,2026-10-01 09:16:30,sim13,001250,,skip,theme_momentum_weak,,,,,,,,,,,,,,,,,,,,,,,,,,,
14923447,2026-10-01 09:16:30,sim13,052690,,skip,theme_momentum_weak,,,,,,,,,,,,,,,,,,,,,,,,,,,
14923447,2026-10-01 09:16:30,sim13,248070,,skip,theme_momentum_weak,,,,,,,,,,,,,,,,,,,,,,,,,,,
14923447,2026-10-01 09:16:30,sim13,009900,,skip,theme_momentum_weak,,,,,,,,,,,,,,,,,,,,,,,,,,,
14923447,2026-10-01 09:16:30,sim13,012330,,skip,theme_momentum_weak,,,,,,,,,,,,,,,,,,,,,,,,,,,
14923447,2026-10-01 09:16:30,sim13,001067,,skip,theme_momentum_weak,,,,,,,,,,,,,,,,,,,,,,,,,,,
14923447,2026-10-01 09:16:30,sim13,33626L,,skip,theme_momentum_weak,,,,,,,,,,,,,,,,,,,,,,,,,,,
14923447,2026-10-01 09:16:30,sim13,104700,,skip,theme_momentum_weak,,,,,,,,,,,,,,,,,,,,,,,,,,,
14923447,2026-10-01 09:16:30,sim13,009410,,skip,theme_momentum_weak,,,,,,,,,,,,,,,,,,,,,,,,,,,
14923447,2026-10-01 09:16:30,sim13,002710,,skip,adx_weak,,,,29.92125984251969,,,,,,,,,,,,,,,,,,,,,,,
14923447,2026-10-01 09:16:30,sim13,012170,,skip,theme_momentum_weak,,,,,,,,,,,,,,,,,,,,,,,,,,,
14923447,2026-10-01 09:16:30,sim13,012750,,skip,theme_momentum_weak,,,,,,,,,,,,,,,,,,,,,,,,,,,
14923447,2026-10-01 09:16:30,sim13,016380,,skip,theme_momentum_weak,,,,,,,,,,,,,,,,,,,,,,,,,,,
14923447,2026-10-01 09:16:30,sim13,069640,,skip,theme_momentum_weak,,,,,,,,,,,,,,,,,,,,,,,,,,,
14923447,2026-10-01 09:16:30,sim13,005610,,skip,theme_momentum_weak,,,,,,,,,,,,,,,,,,,,,,,,,,,
14923447,2026-10-01 09:16:30,sim13,014990,,skip,theme_momentum_weak,,,,,,,,,,,,,,,,,,,,,,,,,,,
14923448,2026-10-01 09:18:30,sim13,084010,,skip,theme_momentum_weak,,,,,,,,,,,,,,,,,,,,,,,,,,,
14923448,2026-10-01 09:18:30,sim13,005030,,skip,theme_momentum_weak,,,,,,,,,,,,,,,,,,,,,,,,,,,
14923448,2026-10-01 09:18:30,sim13,460860,,skip,theme_momentum_weak,,,,,,,,,,,,,,,,,,,,,,,,,,,
14923448,2026-10-01 09:18:30,sim13,003160,,skip,amount_not_surprised,,,,,,,,,,,,,,,,,,,,,,,,,,,
14923448,2026-10-01 09:18:30,sim13,093050,,skip,theme_momentum_weak,,,,,,,,,,,,,,,,,,,,,,,,,,,
14923448,2026-10-01 09:18:30,sim13,036570,,skip,theme_momentum_weak,,,,,,,,,,,,,,,,,,,,,,,,,,,
14923448,2026-10-01 09:18:30,sim13,192650,,skip,amount_not_surprised,,,,,,,,,,,,,,,,,,,,,,,,,,,
14923448,2026-10-01 09:18:30,sim13,002240,,skip,theme_momentum_weak,,,,,,,,,,,,,,,,,,,,,,,,,,,
14923448,2026-10-01 09:18:30,sim13,002360,,skip,amount_not_surprised,,,,,,,,,,,,,,,,,,,,,,,,,,,
14923448,2026-10-01 09:18:30,sim13,008355,,skip,theme_momentum_weak,,,,,,,,,,,,,,,,,,,,,,,,,,,
14923448,2026-10-01 09:18:30,sim13,002710,,skip,adx_weak,,,,29.92125984251969,,,,,,,,,,,,,,,,,,,,,,,
14923448,2026-10-01 09:18:30,sim13,109070,,skip,amount_not_surprised,,,,,,,,,,,,,,,,,,,,,,,,,,,
14923448,2026-10-01 09:18:30,sim13,009900,,skip,theme_momentum_weak,,,,,,,,,,,,,,,,,,,,,,,,,,,
14923448,2026-10-01 09:18:30,sim13,001250,,skip,theme_momentum_weak,,,,,,,,,,,,,,,,,,,,,,,,,,,
14923448,2026-10-01 09:18:30,sim13,005850,,skip,theme_momentum_weak,,,,,,,,,,,,,,,,,,,,,,,,,,,
14923448,2026-10-01 09:18:30,sim13,104700,,skip,theme_momentum_weak,,,,,,,,,,,,,,,,,,,,,,,,,,,
14923448,2026-10-01 09:18:30,sim13,014990,,skip,theme_momentum_weak,,,,,,,,,,,,,,,,,,,,,,,,,,,
14923448,2026-10-01 09:18:30,sim13,018880,,skip,theme_momentum_weak,,,,,,,,,,,,,,,,,,,,,,,,,,,
14923448,2026-10-01 09:18:30,sim13,069640,,skip,theme_momentum_weak,,,,,,,,,,,,,,,,,,,,,,,,,,,
14923448,2026-10-01 09:18:30,sim13,181710,,skip,theme_momentum_weak,,,,,,,,,,,,,,,,,,,,,,,,,,,
14923448,2026-10-01 09:18:30,sim13,003120,,skip,theme_momentum_weak,,,,,,,,,,,,,,,,,,,,,,,,,,,
14923448,2026-10-01 09:18:30,sim13,012750,,skip,theme_momentum_weak,,,,,,,,,,,,,,,,,,,,,,,,,,,
14923448,2026-10-01 09:18:30,sim13,001067,,skip,theme_momentum_weak,,,,,,,,,,,,,,,,,,,,,,,,,,,
14923448,2026-10-01 09:18:30,sim13,052690,,skip,theme_momentum_weak,,,,,,,,,,,,,,,,,,,,,,,,,,,
14923448,2026-10-01 09:18:30,sim13,248070,,skip,theme_momentum_weak,,,,,,,,,,,,,,,,,,,,,,,,,,,
14923448,2026-10-01 09:18:30,sim13,33626L,,skip,theme_momentum_weak,,,,,,,,,,,,,,,,,,,,,,,,,,,
14923448,2026-10-01 09:18:30,sim13,006660,,skip,theme_momentum_weak,,,,,,,,,,,,,,,,,,,,,,,,,,,
14923448,2026-10-01 09:18:30,sim13,016380,,skip,theme_momentum_weak,,,,,,,,,,,,,,,,,,,,,,,,,,,
14923448,2026-10-01 09:18:30,sim13,020120,,skip,adx_weak,,,,12.26215644820296,,,,,,,,,,,,,,,,,,,,,,,
14923448,2026-10-01 09:18:30,sim13,000640,,skip,theme_momentum_weak,,,,,,,,,,,,,,,,,,,,,,,,,,,
14923449,2026-10-01 09:20:28,sim13,084010,,skip,theme_momentum_weak,,,,,,,,,,,,,,,,,,,,,,,,,,,
14923449,2026-10-01 09:20:28,sim13,005030,,skip,theme_momentum_weak,,,,,,,,,,,,,,,,,,,,,,,,,,,
14923449,2026-10-01 09:20:28,sim13,460860,,skip,theme_momentum_weak,,,,,,,,,,,,,,,,,,,,,,,,,,,
14923449,2026-10-01 09:20:28,sim13,003160,,skip,amount_not_surprised,,,,,,,,,,,,,,,,,,,,,,,,,,,
14923449,2026-10-01 09:20:28,sim13,036570,,skip,theme_momentum_weak,,,,,,,,,,,,,,,,,,,,,,,,,,,
14923449,2026-10-01 09:20:28,sim13,093050,,skip,theme_momentum_weak,,,,,,,,,,,,,,,,,,,,,,,,,,,
14923449,2026-10-01 09:20:28,sim13,192650,,skip,amount_not_surprised,,,,,,,,,,,,,,,,,,,,,,,,,,,
14923449,2026-10-01 09:20:28,sim13,002240,,skip,theme_momentum_weak,,,,,,,,,,,,,,,,,,,,,,,,,,,
14923449,2026-10-01 09:20:28,sim13,002360,,skip,amount_not_surprised,,,,,,,,,,,,,,,,,,,,,,,,,,,
14923449,2026-10-01 09:20:28,sim13,008355,,skip,theme_momentum_weak,,,,,,,,,,,,,,,,,,,,,,,,,,,
14923449,2026-10-01 09:20:28,sim13,014990,,skip,theme_momentum_weak,,,,,,,,,,,,,,,,,,,,,,,,,,,
14923449,2026-10-01 09:20:28,sim13,005850,,skip,theme_momentum_weak,,,,,,,,,,,,,,,,,,,,,,,,,,,
14923449,2026-10-01 09:20:28,sim13,109070,,skip,amount_not_surprised,,,,,,,,,,,,,,,,,,,,,,,,,,,
14923449,2026-10-01 09:20:28,sim13,104700,,skip,theme_momentum_weak,,,,,,,,,,,,,,,,,,,,,,,,,,,
14923449,2026-10-01 09:20:28,sim13,012170,,skip,theme_momentum_weak,,,,,,,,,,,,,,,,,,,,,,,,,,,
14923449,2026-10-01 09:20:28,sim13,181710,,skip,theme_momentum_weak,,,,,,,,,,,,,,,,,,,,,,,,,,,
14923449,2026-10-01 09:20:28,sim13,009900,,skip,theme_momentum_weak,,,,,,,,,,,,,,,,,,,,,,,,,,,
14923449,2026-10-01 09:20:28,sim13,012330,,skip,theme_momentum_weak,,,,,,,,,,,,,,,,,,,,,,,,,,,
14923449,2026-10-01 09:20:28,sim13,069640,,skip,theme_momentum_weak,,,,,,,,,,,,,,,,,,,,,,,,,,,
14923449,2026-10-01 09:20:28,sim13,248070,,skip,theme_momentum_weak,,,,,,,,,,,,,,,,,,,,,,,,,,,
14923449,2026-10-01 09:20:28,sim13,003120,,skip,theme_momentum_weak,,,,,,,,,,,,,,,,,,,,,,,,,,,
14923449,2026-10-01 09:20:28,sim13,008970,,skip,no_frgn_support,,,,,,,,,,,,,,,,,,,,,,,,,,,
14923449,2026-10-01 09:20:28,sim13,002710,,skip,adx_weak,,,,29.92125984251969,,,,,,,,,,,,,,,,,,,,,,,
14923449,2026-10-01 09:20:28,sim13,018880,,skip,theme_momentum_weak,,,,,,,,,,,,,,,,,,,,,,,,,,,
14923449,2026-10-01 09:20:28,sim13,001250,,skip,theme_momentum_weak,,,,,,,,,,,,,,,,,,,,,,,,,,,
14923449,2026-10-01 09:20:28,sim13,006660,,skip,theme_momentum_weak,,,,,,,,,,,,,,,,,,,,,,,,,,,
14923449,2026-10-01 09:20:28,sim13,001067,,skip,theme_momentum_weak,,,,,,,,,,,,,,,,,,,,,,,,,,,
14923449,2026-10-01 09:20:28,sim13,009410,,skip,theme_momentum_weak,,,,,,,,,,,,,,,,,,,,,,,,,,,
14923449,2026-10-01 09:20:28,sim13,33626L,,skip,theme_momentum_weak,,,,,,,,,,,,,,,,,,,,,,,,,,,
14923449,2026-10-01 09:20:28,sim13,0126Z0,,skip,theme_momentum_weak,,,,,,,,,,,,,,,,,,,,,,,,,,,
14923450,2026-10-01 09:22:31,sim13,084010,,skip,theme_momentum_weak,,,,,,,,,,,,,,,,,,,,,,,,,,,
14923450,2026-10-01 09:22:31,sim13,005030,,skip,theme_momentum_weak,,,,,,,,,,,,,,,,,,,,,,,,,,,
14923450,2026-10-01 09:22:31,sim13,003160,,skip,amount_not_surprised,,,,,,,,,,,,,,,,,,,,,,,,,,,
14923450,2026-10-01 09:22:31,sim13,460860,,skip,theme_momentum_weak,,,,,,,,,,,,,,,,,,,,,,,,,,,
14923450,2026-10-01 09:22:31,sim13,093050,,skip,theme_momentum_weak,,,,,,,,,,,,,,,,,,,,,,,,,,,
14923450,2026-10-01 09:22:31,sim13,036570,,skip,theme_momentum_weak,,,,,,,,,,,,,,,,,,,,,,,,,,,
14923450,2026-10-01 09:22:31,sim13,192650,,skip,amount_not_surprised,,,,,,,,,,,,,,,,,,,,,,,,,,,
14923450,2026-10-01 09:22:31,sim13,002240,,skip,theme_momentum_weak,,,,,,,,,,,,,,,,,,,,,,,,,,,
14923450,2026-10-01 09:22:31,sim13,008355,,skip,theme_momentum_weak,,,,,,,,,,,,,,,,,,,,,,,,,,,
14923450,2026-10-01 09:22:31,sim13,104700,,skip,theme_momentum_weak,,,,,,,,,,,,,,,,,,,,,,,,,,,
14923450,2026-10-01 09:22:31,sim13,014990,,skip,theme_momentum_weak,,,,,,,,,,,,,,,,,,,,,,,,,,,
14923450,2026-10-01 09:22:31,sim13,012330,,skip,theme_momentum_weak,,,,,,,,,,,,,,,,,,,,,,,,,,,
14923450,2026-10-01 09:22:31,sim13,018880,,skip,theme_momentum_weak,,,,,,,,,,,,,,,,,,,,,,,,,,,
14923450,2026-10-01 09:22:31,sim13,109070,,skip,amount_not_surprised,,,,,,,,,,,,,,,,,,,,,,,,,,,
14923450,2026-10-01 09:22:31,sim13,181710,,skip,theme_momentum_weak,,,,,,,,,,,,,,,,,,,,,,,,,,,
14923450,2026-10-01 09:22:31,sim13,008970,,skip,no_frgn_support,,,,,,,,,,,,,,,,,,,,,,,,,,,
14923450,2026-10-01 09:22:31,sim13,009900,,skip,theme_momentum_weak,,,,,,,,,,,,,,,,,,,,,,,,,,,
14923450,2026-10-01 09:22:31,sim13,248070,,skip,theme_momentum_weak,,,,,,,,,,,,,,,,,,,,,,,,,,,
14923450,2026-10-01 09:22:31,sim13,005850,,skip,theme_momentum_weak,,,,,,,,,,,,,,,,,,,,,,,,,,,
14923450,2026-10-01 09:22:31,sim13,002360,,skip,amount_not_surprised,,,,,,,,,,,,,,,,,,,,,,,,,,,
14923450,2026-10-01 09:22:31,sim13,001250,,skip,theme_momentum_weak,,,,,,,,,,,,,,,,,,,,,,,,,,,
14923450,2026-10-01 09:22:31,sim13,0126Z0,,skip,theme_momentum_weak,,,,,,,,,,,,,,,,,,,,,,,,,,,
14923450,2026-10-01 09:22:31,sim13,003120,,skip,theme_momentum_weak,,,,,,,,,,,,,,,,,,,,,,,,,,,
14923450,2026-10-01 09:22:31,sim13,001067,,skip,theme_momentum_weak,,,,,,,,,,,,,,,,,,,,,,,,,,,
14923450,2026-10-01 09:22:31,sim13,000640,,skip,theme_momentum_weak,,,,,,,,,,,,,,,,,,,,,,,,,,,
14923450,2026-10-01 09:22:31,sim13,33626L,,skip,theme_momentum_weak,,,,,,,,,,,,,,,,,,,,,,,,,,,
14923450,2026-10-01 09:22:31,sim13,052690,,skip,theme_momentum_weak,,,,,,,,,,,,,,,,,,,,,,,,,,,
14923450,2026-10-01 09:22:31,sim13,006280,,skip,theme_momentum_weak,,,,,,,,,,,,,,,,,,,,,,,,,,,
14923450,2026-10-01 09:22:31,sim13,009410,,skip,theme_momentum_weak,,,,,,,,,,,,,,,,,,,,,,,,,,,
14923450,2026-10-01 09:22:31,sim13,011930,,skip,theme_momentum_weak,,,,,,,,,,,,,,,,,,,,,,,,,,,
14923451,2026-10-01 09:24:35,sim13,084010,,skip,theme_momentum_weak,,,,,,,,,,,,,,,,,,,,,,,,,,,
14923451,2026-10-01 09:24:35,sim13,005030,,skip,theme_momentum_weak,,,,,,,,,,,,,,,,,,,,,,,,,,,
14923451,2026-10-01 09:24:35,sim13,460860,,skip,theme_momentum_weak,,,,,,,,,,,,,,,,,,,,,,,,,,,
14923451,2026-10-01 09:24:35,sim13,003160,,skip,amount_not_surprised,,,,,,,,,,,,,,,,,,,,,,,,,,,
14923451,2026-10-01 09:24:35,sim13,036570,,skip,theme_momentum_weak,,,,,,,,,,,,,,,,,,,,,,,,,,,
14923451,2026-10-01 09:24:35,sim13,002240,,skip,theme_momentum_weak,,,,,,,,,,,,,,,,,,,,,,,,,,,
14923451,2026-10-01 09:24:35,sim13,093050,,skip,theme_momentum_weak,,,,,,,,,,,,,,,,,,,,,,,,,,,
14923451,2026-10-01 09:24:35,sim13,192650,,skip,amount_not_surprised,,,,,,,,,,,,,,,,,,,,,,,,,,,
14923451,2026-10-01 09:24:35,sim13,008355,,skip,theme_momentum_weak,,,,,,,,,,,,,,,,,,,,,,,,,,,
14923451,2026-10-01 09:24:35,sim13,018880,,skip,theme_momentum_weak,,,,,,,,,,,,,,,,,,,,,,,,,,,
14923451,2026-10-01 09:24:35,sim13,248070,,skip,theme_momentum_weak,,,,,,,,,,,,,,,,,,,,,,,,,,,
14923451,2026-10-01 09:24:35,sim13,012330,,skip,theme_momentum_weak,,,,,,,,,,,,,,,,,,,,,,,,,,,
14923451,2026-10-01 09:24:35,sim13,005850,,skip,theme_momentum_weak,,,,,,,,,,,,,,,,,,,,,,,,,,,
14923451,2026-10-01 09:24:35,sim13,008970,,skip,no_frgn_support,,,,,,,,,,,,,,,,,,,,,,,,,,,
14923451,2026-10-01 09:24:35,sim13,009900,,skip,theme_momentum_weak,,,,,,,,,,,,,,,,,,,,,,,,,,,
14923451,2026-10-01 09:24:35,sim13,003120,,skip,theme_momentum_weak,,,,,,,,,,,,,,,,,,,,,,,,,,,
14923451,2026-10-01 09:24:35,sim13,109070,,skip,amount_not_surprised,,,,,,,,,,,,,,,,,,,,,,,,,,,
14923451,2026-10-01 09:24:35,sim13,001250,,skip,theme_momentum_weak,,,,,,,,,,,,,,,,,,,,,,,,,,,
14923451,2026-10-01 09:24:35,sim13,003830,,skip,theme_momentum_weak,,,,,,,,,,,,,,,,,,,,,,,,,,,
14923451,2026-10-01 09:24:35,sim13,012030,,skip,adx_weak,,,,35.77142857142857,,,,,,,,,,,,,,,,,,,,,,,
14923451,2026-10-01 09:24:35,sim13,001067,,skip,theme_momentum_weak,,,,,,,,,,,,,,,,,,,,,,,,,,,
14923451,2026-10-01 09:24:35,sim13,33626L,,skip,theme_momentum_weak,,,,,,,,,,,,,,,,,,,,,,,,,,,
14923451,2026-10-01 09:24:35,sim13,0126Z0,,skip,theme_momentum_weak,,,,,,,,,,,,,,,,,,,,,,,,,,,
14923451,2026-10-01 09:24:35,sim13,000640,,skip,theme_momentum_weak,,,,,,,,,,,,,,,,,,,,,,,,,,,
14923451,2026-10-01 09:24:35,sim13,002360,,skip,amount_not_surprised,,,,,,,,,,,,,,,,,,,,,,,,,,,
14923451,2026-10-01 09:24:35,sim13,005500,,skip,theme_momentum_weak,,,,,,,,,,,,,,,,,,,,,,,,,,,
14923451,2026-10-01 09:24:35,sim13,104700,,skip,theme_momentum_weak,,,,,,,,,,,,,,,,,,,,,,,,,,,
14923451,2026-10-01 09:24:35,sim13,014990,,skip,theme_momentum_weak,,,,,,,,,,,,,,,,,,,,,,,,,,,
14923451,2026-10-01 09:24:35,sim13,069640,,skip,theme_momentum_weak,,,,,,,,,,,,,,,,,,,,,,,,,,,
14923451,2026-10-01 09:24:35,sim13,016380,,skip,theme_momentum_weak,,,,,,,,,,,,,,,,,,,,,,,,,,,
14923452,2026-10-01 09:26:40,sim13,084010,,skip,theme_momentum_weak,,,,,,,,,,,,,,,,,,,,,,,,,,,
14923452,2026-10-01 09:26:40,sim13,005030,,skip,theme_momentum_weak,,,,,,,,,,,,,,,,,,,,,,,,,,,
14923452,2026-10-01 09:26:40,sim13,460860,,skip,theme_momentum_weak,,,,,,,,,,,,,,,,,,,,,,,,,,,
14923452,2026-10-01 09:26:40,sim13,003160,,skip,amount_not_surprised,,,,,,,,,,,,,,,,,,,,,,,,,,,
14923452,2026-10-01 09:26:40,sim13,036570,,skip,theme_momentum_weak,,,,,,,,,,,,,,,,,,,,,,,,,,,
14923452,2026-10-01 09:26:40,sim13,002240,,skip,theme_momentum_weak,,,,,,,,,,,,,,,,,,,,,,,,,,,
14923452,2026-10-01 09:26:40,sim13,192650,,skip,amount_not_surprised,,,,,,,,,,,,,,,,,,,,,,,,,,,
14923452,2026-10-01 09:26:40,sim13,093050,,skip,theme_momentum_weak,,,,,,,,,,,,,,,,,,,,,,,,,,,
14923452,2026-10-01 09:26:40,sim13,008355,,skip,theme_momentum_weak,,,,,,,,,,,,,,,,,,,,,,,,,,,
14923452,2026-10-01 09:26:40,sim13,002360,,skip,amount_not_surprised,,,,,,,,,,,,,,,,,,,,,,,,,,,
14923452,2026-10-01 09:26:40,sim13,104700,,skip,theme_momentum_weak,,,,,,,,,,,,,,,,,,,,,,,,,,,
14923452,2026-10-01 09:26:40,sim13,248070,,skip,theme_momentum_weak,,,,,,,,,,,,,,,,,,,,,,,,,,,
14923452,2026-10-01 09:26:40,sim13,008970,,skip,no_frgn_support,,,,,,,,,,,,,,,,,,,,,,,,,,,
14923452,2026-10-01 09:26:40,sim13,018880,,skip,theme_momentum_weak,,,,,,,,,,,,,,,,,,,,,,,,,,,
14923452,2026-10-01 09:26:40,sim13,009410,,skip,theme_momentum_weak,,,,,,,,,,,,,,,,,,,,,,,,,,,
14923452,2026-10-01 09:26:40,sim13,012330,,skip,theme_momentum_weak,,,,,,,,,,,,,,,,,,,,,,,,,,,
14923452,2026-10-01 09:26:40,sim13,012030,,skip,adx_weak,,,,35.77142857142857,,,,,,,,,,,,,,,,,,,,,,,
14923452,2026-10-01 09:26:40,sim13,003350,,skip,theme_momentum_weak,,,,,,,,,,,,,,,,,,,,,,,,,,,
14923452,2026-10-01 09:26:40,sim13,005850,,skip,theme_momentum_weak,,,,,,,,,,,,,,,,,,,,,,,,,,,
14923452,2026-10-01 09:26:40,sim13,000640,,skip,theme_momentum_weak,,,,,,,,,,,,,,,,,,,,,,,,,,,
14923452,2026-10-01 09:26:40,sim13,003830,,skip,theme_momentum_weak,,,,,,,,,,,,,,,,,,,,,,,,,,,
14923452,2026-10-01 09:26:40,sim13,181710,,skip,theme_momentum_weak,,,,,,,,,,,,,,,,,,,,,,,,,,,
14923452,2026-10-01 09:26:40,sim13,109070,,skip,amount_not_surprised,,,,,,,,,,,,,,,,,,,,,,,,,,,
14923452,2026-10-01 09:26:40,sim13,0126Z0,,skip,theme_momentum_weak,,,,,,,,,,,,,,,,,,,,,,,,,,,
14923452,2026-10-01 09:26:40,sim13,001067,,skip,theme_momentum_weak,,,,,,,,,,,,,,,,,,,,,,,,,,,
14923452,2026-10-01 09:26:40,sim13,006280,,skip,theme_momentum_weak,,,,,,,,,,,,,,,,,,,,,,,,,,,
14923452,2026-10-01 09:26:40,sim13,33626L,,skip,theme_momentum_weak,,,,,,,,,,,,,,,,,,,,,,,,,,,
14923452,2026-10-01 09:26:40,sim13,009900,,skip,theme_momentum_weak,,,,,,,,,,,,,,,,,,,,,,,,,,,
14923452,2026-10-01 09:26:40,sim13,005500,,skip,theme_momentum_weak,,,,,,,,,,,,,,,,,,,,,,,,,,,
14923452,2026-10-01 09:26:40,sim13,001250,,skip,theme_momentum_weak,,,,,,,,,,,,,,,,,,,,,,,,,,,
14923453,2026-10-01 09:28:45,sim13,084010,,skip,theme_momentum_weak,,,,,,,,,,,,,,,,,,,,,,,,,,,
14923453,2026-10-01 09:28:45,sim13,005030,,skip,theme_momentum_weak,,,,,,,,,,,,,,,,,,,,,,,,,,,
14923453,2026-10-01 09:28:45,sim13,003160,,skip,amount_not_surprised,,,,,,,,,,,,,,,,,,,,,,,,,,,
14923453,2026-10-01 09:28:45,sim13,460860,,skip,theme_momentum_weak,,,,,,,,,,,,,,,,,,,,,,,,,,,
14923453,2026-10-01 09:28:45,sim13,036570,,skip,theme_momentum_weak,,,,,,,,,,,,,,,,,,,,,,,,,,,
14923453,2026-10-01 09:28:45,sim13,002240,,skip,theme_momentum_weak,,,,,,,,,,,,,,,,,,,,,,,,,,,
14923453,2026-10-01 09:28:45,sim13,192650,,skip,amount_not_surprised,,,,,,,,,,,,,,,,,,,,,,,,,,,
14923453,2026-10-01 09:28:45,sim13,093050,,skip,theme_momentum_weak,,,,,,,,,,,,,,,,,,,,,,,,,,,
14923453,2026-10-01 09:28:45,sim13,008355,,skip,theme_momentum_weak,,,,,,,,,,,,,,,,,,,,,,,,,,,
14923453,2026-10-01 09:28:45,sim13,104700,,skip,theme_momentum_weak,,,,,,,,,,,,,,,,,,,,,,,,,,,
14923453,2026-10-01 09:28:45,sim13,248070,,skip,theme_momentum_weak,,,,,,,,,,,,,,,,,,,,,,,,,,,
14923453,2026-10-01 09:28:45,sim13,181710,,skip,theme_momentum_weak,,,,,,,,,,,,,,,,,,,,,,,,,,,
14923453,2026-10-01 09:28:45,sim13,002360,,skip,amount_not_surprised,,,,,,,,,,,,,,,,,,,,,,,,,,,
14923453,2026-10-01 09:28:45,sim13,012330,,skip,theme_momentum_weak,,,,,,,,,,,,,,,,,,,,,,,,,,,
14923453,2026-10-01 09:28:45,sim13,014990,,skip,theme_momentum_weak,,,,,,,,,,,,,,,,,,,,,,,,,,,
14923453,2026-10-01 09:28:45,sim13,005850,,skip,theme_momentum_weak,,,,,,,,,,,,,,,,,,,,,,,,,,,
14923453,2026-10-01 09:28:45,sim13,018880,,skip,theme_momentum_weak,,,,,,,,,,,,,,,,,,,,,,,,,,,
14923453,2026-10-01 09:28:45,sim13,003350,,skip,theme_momentum_weak,,,,,,,,,,,,,,,,,,,,,,,,,,,
14923453,2026-10-01 09:28:45,sim13,109070,,skip,amount_not_surprised,,,,,,,,,,,,,,,,,,,,,,,,,,,
14923453,2026-10-01 09:28:45,sim13,000640,,skip,theme_momentum_weak,,,,,,,,,,,,,,,,,,,,,,,,,,,
14923453,2026-10-01 09:28:45,sim13,001250,,skip,theme_momentum_weak,,,,,,,,,,,,,,,,,,,,,,,,,,,
14923453,2026-10-01 09:28:45,sim13,003830,,skip,theme_momentum_weak,,,,,,,,,,,,,,,,,,,,,,,,,,,
14923453,2026-10-01 09:28:45,sim13,009900,,skip,theme_momentum_weak,,,,,,,,,,,,,,,,,,,,,,,,,,,
14923453,2026-10-01 09:28:45,sim13,002870,,skip,theme_momentum_weak,,,,,,,,,,,,,,,,,,,,,,,,,,,
14923453,2026-10-01 09:28:45,sim13,069640,,skip,theme_momentum_weak,,,,,,,,,,,,,,,,,,,,,,,,,,,
14923453,2026-10-01 09:28:45,sim13,093370,,skip,amount_not_surprised,,,,,,,,,,,,,,,,,,,,,,,,,,,
14923453,2026-10-01 09:28:45,sim13,001067,,skip,theme_momentum_weak,,,,,,,,,,,,,,,,,,,,,,,,,,,
14923453,2026-10-01 09:28:45,sim13,33626L,,skip,theme_momentum_weak,,,,,,,,,,,,,,,,,,,,,,,,,,,
14923453,2026-10-01 09:28:45,sim13,005500,,skip,theme_momentum_weak,,,,,,,,,,,,,,,,,,,,,,,,,,,
14923453,2026-10-01 09:28:45,sim13,0126Z0,,skip,theme_momentum_weak,,,,,,,,,,,,,,,,,,,,,,,,,,,
14923454,2026-10-01 09:30:54,sim13,084010,,skip,theme_momentum_weak,,,,,,,,,,,,,,,,,,,,,,,,,,,
14923454,2026-10-01 09:30:54,sim13,460860,,skip,theme_momentum_weak,,,,,,,,,,,,,,,,,,,,,,,,,,,
14923454,2026-10-01 09:30:54,sim13,003160,,skip,no_frgn_support,,,,,,,,,,,,,,,,,,,,,,,,,,,
14923454,2026-10-01 09:30:54,sim13,192650,,skip,amount_not_surprised,,,,,,,,,,,,,,,,,,,,,,,,,,,
14923454,2026-10-01 09:30:54,sim13,002240,,skip,theme_momentum_weak,,,,,,,,,,,,,,,,,,,,,,,,,,,
14923454,2026-10-01 09:30:54,sim13,036570,,skip,theme_momentum_weak,,,,,,,,,,,,,,,,,,,,,,,,,,,
14923454,2026-10-01 09:30:54,sim13,005030,,skip,theme_momentum_weak,,,,,,,,,,,,,,,,,,,,,,,,,,,
14923454,2026-10-01 09:30:54,sim13,093050,,skip,theme_momentum_weak,,,,,,,,,,,,,,,,,,,,,,,,,,,
14923454,2026-10-01 09:30:54,sim13,008355,,skip,theme_momentum_weak,,,,,,,,,,,,,,,,,,,,,,,,,,,
14923454,2026-10-01 09:30:54,sim13,104700,,skip,theme_momentum_weak,,,,,,,,,,,,,,,,,,,,,,,,,,,
14923454,2026-10-01 09:30:54,sim13,248070,,skip,theme_momentum_weak,,,,,,,,,,,,,,,,,,,,,,,,,,,
14923454,2026-10-01 09:30:54,sim13,004710,,skip,amount_not_surprised,,,,,,,,,,,,,,,,,,,,,,,,,,,
14923454,2026-10-01 09:30:54,sim13,012330,,skip,theme_momentum_weak,,,,,,,,,,,,,,,,,,,,,,,,,,,
14923454,2026-10-01 09:30:54,sim13,000640,,skip,theme_momentum_weak,,,,,,,,,,,,,,,,,,,,,,,,,,,
14923454,2026-10-01 09:30:54,sim13,018880,,skip,theme_momentum_weak,,,,,,,,,,,,,,,,,,,,,,,,,,,
14923454,2026-10-01 09:30:54,sim13,181710,,skip,theme_momentum_weak,,,,,,,,,,,,,,,,,,,,,,,,,,,
14923454,2026-10-01 09:30:54,sim13,004105,,skip,amount_not_surprised,,,,,,,,,,,,,,,,,,,,,,,,,,,
14923454,2026-10-01 09:30:54,sim13,005500,,skip,theme_momentum_weak,,,,,,,,,,,,,,,,,,,,,,,,,,,
14923454,2026-10-01 09:30:54,sim13,109070,,skip,amount_not_surprised,,,,,,,,,,,,,,,,,,,,,,,,,,,
14923454,2026-10-01 09:30:54,sim13,009410,,skip,theme_momentum_weak,,,,,,,,,,,,,,,,,,,,,,,,,,,
14923454,2026-10-01 09:30:54,sim13,014990,,skip,theme_momentum_weak,,,,,,,,,,,,,,,,,,,,,,,,,,,
14923454,2026-10-01 09:30:54,sim13,001250,,skip,theme_momentum_weak,,,,,,,,,,,,,,,,,,,,,,,,,,,
14923454,2026-10-01 09:30:54,sim13,003830,,skip,theme_momentum_weak,,,,,,,,,,,,,,,,,,,,,,,,,,,
14923454,2026-10-01 09:30:54,sim13,0126Z0,,skip,theme_momentum_weak,,,,,,,,,,,,,,,,,,,,,,,,,,,
14923454,2026-10-01 09:30:54,sim13,002870,,skip,theme_momentum_weak,,,,,,,,,,,,,,,,,,,,,,,,,,,
14923454,2026-10-01 09:30:54,sim13,012030,,skip,adx_weak,,,,35.77142857142857,,,,,,,,,,,,,,,,,,,,,,,
14923454,2026-10-01 09:30:54,sim13,069640,,skip,theme_momentum_weak,,,,,,,,,,,,,,,,,,,,,,,,,,,
14923454,2026-10-01 09:30:54,sim13,001067,,skip,theme_momentum_weak,,,,,,,,,,,,,,,,,,,,,,,,,,,
14923454,2026-10-01 09:30:54,sim13,006280,,skip,theme_momentum_weak,,,,,,,,,,,,,,,,,,,,,,,,,,,
14923454,2026-10-01 09:30:54,sim13,005850,,skip,theme_momentum_weak,,,,,,,,,,,,,,,,,,,,,,,,,,,
14923455,2026-10-01 09:32:58,sim13,084010,,skip,theme_momentum_weak,,,,,,,,,,,,,,,,,,,,,,,,,,,
14923455,2026-10-01 09:32:58,sim13,003160,,skip,no_frgn_support,,,,,,,,,,,,,,,,,,,,,,,,,,,
14923455,2026-10-01 09:32:58,sim13,192650,,skip,amount_not_surprised,,,,,,,,,,,,,,,,,,,,,,,,,,,
14923455,2026-10-01 09:32:58,sim13,036570,,skip,theme_momentum_weak,,,,,,,,,,,,,,,,,,,,,,,,,,,
14923455,2026-10-01 09:32:58,sim13,460860,,skip,theme_momentum_weak,,,,,,,,,,,,,,,,,,,,,,,,,,,
14923455,2026-10-01 09:32:58,sim13,002240,,skip,theme_momentum_weak,,,,,,,,,,,,,,,,,,,,,,,,,,,
14923455,2026-10-01 09:32:58,sim13,093050,,skip,theme_momentum_weak,,,,,,,,,,,,,,,,,,,,,,,,,,,
14923455,2026-10-01 09:32:58,sim13,005030,,skip,theme_momentum_weak,,,,,,,,,,,,,,,,,,,,,,,,,,,
14923455,2026-10-01 09:32:58,sim13,002870,,skip,theme_momentum_weak,,,,,,,,,,,,,,,,,,,,,,,,,,,
14923455,2026-10-01 09:32:58,sim13,104700,,skip,theme_momentum_weak,,,,,,,,,,,,,,,,,,,,,,,,,,,
14923455,2026-10-01 09:32:58,sim13,181710,,skip,theme_momentum_weak,,,,,,,,,,,,,,,,,,,,,,,,,,,
14923455,2026-10-01 09:32:58,sim13,018880,,skip,theme_momentum_weak,,,,,,,,,,,,,,,,,,,,,,,,,,,
14923455,2026-10-01 09:32:58,sim13,0126Z0,,skip,theme_momentum_weak,,,,,,,,,,,,,,,,,,,,,,,,,,,
14923455,2026-10-01 09:32:58,sim13,002360,,skip,amount_not_surprised,,,,,,,,,,,,,,,,,,,,,,,,,,,
14923455,2026-10-01 09:32:58,sim13,004710,,skip,amount_not_surprised,,,,,,,,,,,,,,,,,,,,,,,,,,,
14923455,2026-10-01 09:32:58,sim13,012330,,skip,theme_momentum_weak,,,,,,,,,,,,,,,,,,,,,,,,,,,
14923455,2026-10-01 09:32:58,sim13,000640,,skip,theme_momentum_weak,,,,,,,,,,,,,,,,,,,,,,,,,,,
14923455,2026-10-01 09:32:58,sim13,109070,,skip,amount_not_surprised,,,,,,,,,,,,,,,,,,,,,,,,,,,
14923455,2026-10-01 09:32:58,sim13,003350,,skip,theme_momentum_weak,,,,,,,,,,,,,,,,,,,,,,,,,,,
14923455,2026-10-01 09:32:58,sim13,248070,,skip,theme_momentum_weak,,,,,,,,,,,,,,,,,,,,,,,,,,,
14923455,2026-10-01 09:32:58,sim13,005850,,skip,theme_momentum_weak,,,,,,,,,,,,,,,,,,,,,,,,,,,
14923455,2026-10-01 09:32:58,sim13,009410,,skip,theme_momentum_weak,,,,,,,,,,,,,,,,,,,,,,,,,,,
14923455,2026-10-01 09:32:58,sim13,012030,,skip,adx_weak,,,,35.77142857142857,,,,,,,,,,,,,,,,,,,,,,,
14923455,2026-10-01 09:32:58,sim13,003830,,skip,theme_momentum_weak,,,,,,,,,,,,,,,,,,,,,,,,,,,
14923455,2026-10-01 09:32:58,sim13,005500,,skip,theme_momentum_weak,,,,,,,,,,,,,,,,,,,,,,,,,,,
14923455,2026-10-01 09:32:58,sim13,006280,,skip,theme_momentum_weak,,,,,,,,,,,,,,,,,,,,,,,,,,,
14923455,2026-10-01 09:32:58,sim13,014285,,skip,theme_momentum_weak,,,,,,,,,,,,,,,,,,,,,,,,,,,
14923455,2026-10-01 09:32:58,sim13,069640,,skip,theme_momentum_weak,,,,,,,,,,,,,,,,,,,,,,,,,,,
14923455,2026-10-01 09:32:58,sim13,207940,,skip,theme_momentum_weak,,,,,,,,,,,,,,,,,,,,,,,,,,,
14923455,2026-10-01 09:32:58,sim13,009900,,skip,theme_momentum_weak,,,,,,,,,,,,,,,,,,,,,,,,,,,
14923457,2026-10-01 09:35:06,sim13,084010,,skip,theme_momentum_weak,,,,,,,,,,,,,,,,,,,,,,,,,,,
14923457,2026-10-01 09:35:06,sim13,192650,,skip,amount_not_surprised,,,,,,,,,,,,,,,,,,,,,,,,,,,
14923457,2026-10-01 09:35:06,sim13,003160,,skip,no_frgn_support,,,,,,,,,,,,,,,,,,,,,,,,,,,
14923457,2026-10-01 09:35:06,sim13,036570,,skip,theme_momentum_weak,,,,,,,,,,,,,,,,,,,,,,,,,,,
14923457,2026-10-01 09:35:06,sim13,460860,,skip,theme_momentum_weak,,,,,,,,,,,,,,,,,,,,,,,,,,,
14923457,2026-10-01 09:35:06,sim13,002240,,skip,theme_momentum_weak,,,,,,,,,,,,,,,,,,,,,,,,,,,
14923457,2026-10-01 09:35:06,sim13,093050,,skip,theme_momentum_weak,,,,,,,,,,,,,,,,,,,,,,,,,,,
14923457,2026-10-01 09:35:06,sim13,005030,,skip,theme_momentum_weak,,,,,,,,,,,,,,,,,,,,,,,,,,,
14923457,2026-10-01 09:35:06,sim13,004710,,skip,amount_not_surprised,,,,,,,,,,,,,,,,,,,,,,,,,,,
14923457,2026-10-01 09:35:06,sim13,109070,,skip,amount_not_surprised,,,,,,,,,,,,,,,,,,,,,,,,,,,
14923457,2026-10-01 09:35:06,sim13,002870,,skip,theme_momentum_weak,,,,,,,,,,,,,,,,,,,,,,,,,,,
14923457,2026-10-01 09:35:06,sim13,018880,,skip,theme_momentum_weak,,,,,,,,,,,,,,,,,,,,,,,,,,,
14923457,2026-10-01 09:35:06,sim13,181710,,skip,theme_momentum_weak,,,,,,,,,,,,,,,,,,,,,,,,,,,
14923457,2026-10-01 09:35:06,sim13,000640,,skip,theme_momentum_weak,,,,,,,,,,,,,,,,,,,,,,,,,,,
14923457,2026-10-01 09:35:06,sim13,002360,,skip,amount_not_surprised,,,,,,,,,,,,,,,,,,,,,,,,,,,
14923457,2026-10-01 09:35:06,sim13,104700,,skip,theme_momentum_weak,,,,,,,,,,,,,,,,,,,,,,,,,,,
14923457,2026-10-01 09:35:06,sim13,0126Z0,,skip,theme_momentum_weak,,,,,,,,,,,,,,,,,,,,,,,,,,,
14923457,2026-10-01 09:35:06,sim13,005500,,skip,theme_momentum_weak,,,,,,,,,,,,,,,,,,,,,,,,,,,
14923457,2026-10-01 09:35:06,sim13,006280,,skip,theme_momentum_weak,,,,,,,,,,,,,,,,,,,,,,,,,,,
14923457,2026-10-01 09:35:06,sim13,480370,,skip,adx_weak,,,,25.87601078167116,,,,,,,,,,,,,,,,,,,,,,,
14923457,2026-10-01 09:35:06,sim13,003120,,skip,theme_momentum_weak,,,,,,,,,,,,,,,,,,,,,,,,,,,
14923457,2026-10-01 09:35:06,sim13,005850,,skip,theme_momentum_weak,,,,,,,,,,,,,,,,,,,,,,,,,,,
14923457,2026-10-01 09:35:06,sim13,012330,,skip,theme_momentum_weak,,,,,,,,,,,,,,,,,,,,,,,,,,,
14923457,2026-10-01 09:35:06,sim13,016380,,skip,theme_momentum_weak,,,,,,,,,,,,,,,,,,,,,,,,,,,
14923457,2026-10-01 09:35:06,sim13,248070,,skip,theme_momentum_weak,,,,,,,,,,,,,,,,,,,,,,,,,,,
14923457,2026-10-01 09:35:06,sim13,003830,,skip,theme_momentum_weak,,,,,,,,,,,,,,,,,,,,,,,,,,,
14923457,2026-10-01 09:35:06,sim13,011930,,skip,theme_momentum_weak,,,,,,,,,,,,,,,,,,,,,,,,,,,
14923457,2026-10-01 09:35:06,sim13,009900,,skip,theme_momentum_weak,,,,,,,,,,,,,,,,,,,,,,,,,,,
14923457,2026-10-01 09:35:06,sim13,093370,,skip,amount_not_surprised,,,,,,,,,,,,,,,,,,,,,,,,,,,
14923457,2026-10-01 09:35:06,sim13,012030,,skip,adx_weak,,,,35.77142857142857,,,,,,,,,,,,,,,,,,,,,,,
14923458,2026-10-01 09:37:11,sim13,084010,,skip,theme_momentum_weak,,,,,,,,,,,,,,,,,,,,,,,,,,,
14923458,2026-10-01 09:37:11,sim13,003160,,skip,no_frgn_support,,,,,,,,,,,,,,,,,,,,,,,,,,,
14923458,2026-10-01 09:37:11,sim13,192650,,skip,amount_not_surprised,,,,,,,,,,,,,,,,,,,,,,,,,,,
14923458,2026-10-01 09:37:11,sim13,036570,,skip,theme_momentum_weak,,,,,,,,,,,,,,,,,,,,,,,,,,,
14923458,2026-10-01 09:37:11,sim13,460860,,skip,theme_momentum_weak,,,,,,,,,,,,,,,,,,,,,,,,,,,
14923458,2026-10-01 09:37:11,sim13,002240,,skip,theme_momentum_weak,,,,,,,,,,,,,,,,,,,,,,,,,,,
14923458,2026-10-01 09:37:11,sim13,093050,,skip,theme_momentum_weak,,,,,,,,,,,,,,,,,,,,,,,,,,,
14923458,2026-10-01 09:37:11,sim13,005030,,skip,theme_momentum_weak,,,,,,,,,,,,,,,,,,,,,,,,,,,
14923458,2026-10-01 09:37:11,sim13,109070,,skip,amount_not_surprised,,,,,,,,,,,,,,,,,,,,,,,,,,,
14923458,2026-10-01 09:37:11,sim13,004710,,skip,amount_not_surprised,,,,,,,,,,,,,,,,,,,,,,,,,,,
14923458,2026-10-01 09:37:11,sim13,002870,,skip,theme_momentum_weak,,,,,,,,,,,,,,,,,,,,,,,,,,,
14923458,2026-10-01 09:37:11,sim13,018880,,skip,theme_momentum_weak,,,,,,,,,,,,,,,,,,,,,,,,,,,
14923458,2026-10-01 09:37:11,sim13,181710,,skip,theme_momentum_weak,,,,,,,,,,,,,,,,,,,,,,,,,,,
14923458,2026-10-01 09:37:11,sim13,093370,,skip,amount_not_surprised,,,,,,,,,,,,,,,,,,,,,,,,,,,
14923458,2026-10-01 09:37:11,sim13,005850,,skip,theme_momentum_weak,,,,,,,,,,,,,,,,,,,,,,,,,,,
14923458,2026-10-01 09:37:11,sim13,248070,,skip,theme_momentum_weak,,,,,,,,,,,,,,,,,,,,,,,,,,,
14923458,2026-10-01 09:37:11,sim13,009900,,skip,theme_momentum_weak,,,,,,,,,,,,,,,,,,,,,,,,,,,
14923458,2026-10-01 09:37:11,sim13,002360,,skip,amount_not_surprised,,,,,,,,,,,,,,,,,,,,,,,,,,,
14923458,2026-10-01 09:37:11,sim13,011930,,skip,theme_momentum_weak,,,,,,,,,,,,,,,,,,,,,,,,,,,
14923458,2026-10-01 09:37:11,sim13,000640,,skip,theme_momentum_weak,,,,,,,,,,,,,,,,,,,,,,,,,,,
14923458,2026-10-01 09:37:11,sim13,003120,,skip,theme_momentum_weak,,,,,,,,,,,,,,,,,,,,,,,,,,,
14923458,2026-10-01 09:37:11,sim13,104700,,skip,theme_momentum_weak,,,,,,,,,,,,,,,,,,,,,,,,,,,
14923458,2026-10-01 09:37:11,sim13,0126Z0,,skip,theme_momentum_weak,,,,,,,,,,,,,,,,,,,,,,,,,,,
14923458,2026-10-01 09:37:11,sim13,012330,,skip,theme_momentum_weak,,,,,,,,,,,,,,,,,,,,,,,,,,,
14923458,2026-10-01 09:37:11,sim13,480370,,skip,adx_weak,,,,25.87601078167116,,,,,,,,,,,,,,,,,,,,,,,
14923458,2026-10-01 09:37:11,sim13,009410,,skip,theme_momentum_weak,,,,,,,,,,,,,,,,,,,,,,,,,,,
14923458,2026-10-01 09:37:11,sim13,005500,,skip,theme_momentum_weak,,,,,,,,,,,,,,,,,,,,,,,,,,,
14923458,2026-10-01 09:37:11,sim13,003830,,skip,theme_momentum_weak,,,,,,,,,,,,,,,,,,,,,,,,,,,
14923458,2026-10-01 09:37:11,sim13,006280,,skip,theme_momentum_weak,,,,,,,,,,,,,,,,,,,,,,,,,,,
14923458,2026-10-01 09:37:11,sim13,001820,,skip,adx_weak,,,,38.26173826173826,,,,,,,,,,,,,,,,,,,,,,,
14923459,2026-10-01 09:39:16,sim13,084010,,skip,theme_momentum_weak,,,,,,,,,,,,,,,,,,,,,,,,,,,
14923459,2026-10-01 09:39:16,sim13,003160,,skip,no_frgn_support,,,,,,,,,,,,,,,,,,,,,,,,,,,
14923459,2026-10-01 09:39:16,sim13,192650,,skip,amount_not_surprised,,,,,,,,,,,,,,,,,,,,,,,,,,,
14923459,2026-10-01 09:39:16,sim13,036570,,skip,theme_momentum_weak,,,,,,,,,,,,,,,,,,,,,,,,,,,
14923459,2026-10-01 09:39:16,sim13,460860,,skip,theme_momentum_weak,,,,,,,,,,,,,,,,,,,,,,,,,,,
14923459,2026-10-01 09:39:16,sim13,093050,,skip,theme_momentum_weak,,,,,,,,,,,,,,,,,,,,,,,,,,,
14923459,2026-10-01 09:39:16,sim13,002240,,skip,theme_momentum_weak,,,,,,,,,,,,,,,,,,,,,,,,,,,
14923459,2026-10-01 09:39:16,sim13,004710,,skip,amount_not_surprised,,,,,,,,,,,,,,,,,,,,,,,,,,,
14923459,2026-10-01 09:39:16,sim13,005030,,skip,theme_momentum_weak,,,,,,,,,,,,,,,,,,,,,,,,,,,
14923459,2026-10-01 09:39:16,sim13,109070,,skip,amount_not_surprised,,,,,,,,,,,,,,,,,,,,,,,,,,,
14923459,2026-10-01 09:39:16,sim13,002870,,skip,theme_momentum_weak,,,,,,,,,,,,,,,,,,,,,,,,,,,
14923459,2026-10-01 09:39:16,sim13,093370,,skip,amount_not_surprised,,,,,,,,,,,,,,,,,,,,,,,,,,,
14923459,2026-10-01 09:39:16,sim13,181710,,skip,theme_momentum_weak,,,,,,,,,,,,,,,,,,,,,,,,,,,
14923459,2026-10-01 09:39:16,sim13,248070,,skip,theme_momentum_weak,,,,,,,,,,,,,,,,,,,,,,,,,,,
14923459,2026-10-01 09:39:16,sim13,012330,,skip,theme_momentum_weak,,,,,,,,,,,,,,,,,,,,,,,,,,,
14923459,2026-10-01 09:39:16,sim13,003120,,skip,theme_momentum_weak,,,,,,,,,,,,,,,,,,,,,,,,,,,
14923459,2026-10-01 09:39:16,sim13,104700,,skip,theme_momentum_weak,,,,,,,,,,,,,,,,,,,,,,,,,,,
14923459,2026-10-01 09:39:16,sim13,005850,,skip,theme_momentum_weak,,,,,,,,,,,,,,,,,,,,,,,,,,,
14923459,2026-10-01 09:39:16,sim13,011930,,skip,theme_momentum_weak,,,,,,,,,,,,,,,,,,,,,,,,,,,
14923459,2026-10-01 09:39:16,sim13,000640,,skip,theme_momentum_weak,,,,,,,,,,,,,,,,,,,,,,,,,,,
14923459,2026-10-01 09:39:16,sim13,018880,,skip,theme_momentum_weak,,,,,,,,,,,,,,,,,,,,,,,,,,,
14923459,2026-10-01 09:39:16,sim13,009900,,skip,theme_momentum_weak,,,,,,,,,,,,,,,,,,,,,,,,,,,
14923459,2026-10-01 09:39:16,sim13,006280,,skip,theme_momentum_weak,,,,,,,,,,,,,,,,,,,,,,,,,,,
14923459,2026-10-01 09:39:16,sim13,480370,,skip,adx_weak,,,,25.87601078167116,,,,,,,,,,,,,,,,,,,,,,,
14923459,2026-10-01 09:39:16,sim13,0126Z0,,skip,theme_momentum_weak,,,,,,,,,,,,,,,,,,,,,,,,,,,
14923459,2026-10-01 09:39:16,sim13,003830,,skip,theme_momentum_weak,,,,,,,,,,,,,,,,,,,,,,,,,,,
14923459,2026-10-01 09:39:16,sim13,014285,,skip,theme_momentum_weak,,,,,,,,,,,,,,,,,,,,,,,,,,,
14923459,2026-10-01 09:39:16,sim13,012030,,skip,adx_weak,,,,35.77142857142857,,,,,,,,,,,,,,,,,,,,,,,
14923459,2026-10-01 09:39:16,sim13,002360,,skip,amount_not_surprised,,,,,,,,,,,,,,,,,,,,,,,,,,,
14923459,2026-10-01 09:39:16,sim13,069640,,skip,theme_momentum_weak,,,,,,,,,,,,,,,,,,,,,,,,,,,
14923460,2026-10-01 09:41:25,sim13,084010,,skip,theme_momentum_weak,,,,,,,,,,,,,,,,,,,,,,,,,,,
14923460,2026-10-01 09:41:25,sim13,003160,,skip,no_frgn_support,,,,,,,,,,,,,,,,,,,,,,,,,,,
14923460,2026-10-01 09:41:25,sim13,192650,,skip,amount_not_surprised,,,,,,,,,,,,,,,,,,,,,,,,,,,
14923460,2026-10-01 09:41:25,sim13,036570,,skip,theme_momentum_weak,,,,,,,,,,,,,,,,,,,,,,,,,,,
14923460,2026-10-01 09:41:25,sim13,093050,,skip,theme_momentum_weak,,,,,,,,,,,,,,,,,,,,,,,,,,,
14923460,2026-10-01 09:41:25,sim13,460860,,skip,theme_momentum_weak,,,,,,,,,,,,,,,,,,,,,,,,,,,
14923460,2026-10-01 09:41:25,sim13,002240,,skip,theme_momentum_weak,,,,,,,,,,,,,,,,,,,,,,,,,,,
14923460,2026-10-01 09:41:25,sim13,005030,,skip,theme_momentum_weak,,,,,,,,,,,,,,,,,,,,,,,,,,,
14923460,2026-10-01 09:41:25,sim13,109070,,skip,amount_not_surprised,,,,,,,,,,,,,,,,,,,,,,,,,,,
14923460,2026-10-01 09:41:25,sim13,004710,,skip,amount_not_surprised,,,,,,,,,,,,,,,,,,,,,,,,,,,
14923460,2026-10-01 09:41:25,sim13,002870,,skip,theme_momentum_weak,,,,,,,,,,,,,,,,,,,,,,,,,,,
14923460,2026-10-01 09:41:25,sim13,093370,,skip,amount_not_surprised,,,,,,,,,,,,,,,,,,,,,,,,,,,
14923460,2026-10-01 09:41:25,sim13,012330,,skip,theme_momentum_weak,,,,,,,,,,,,,,,,,,,,,,,,,,,
14923460,2026-10-01 09:41:25,sim13,181710,,skip,theme_momentum_weak,,,,,,,,,,,,,,,,,,,,,,,,,,,
14923460,2026-10-01 09:41:25,sim13,104700,,skip,theme_momentum_weak,,,,,,,,,,,,,,,,,,,,,,,,,,,
14923460,2026-10-01 09:41:25,sim13,003120,,skip,theme_momentum_weak,,,,,,,,,,,,,,,,,,,,,,,,,,,
14923460,2026-10-01 09:41:25,sim13,018880,,skip,theme_momentum_weak,,,,,,,,,,,,,,,,,,,,,,,,,,,
14923460,2026-10-01 09:41:25,sim13,248070,,skip,theme_momentum_weak,,,,,,,,,,,,,,,,,,,,,,,,,,,
14923460,2026-10-01 09:41:25,sim13,006280,,skip,theme_momentum_weak,,,,,,,,,,,,,,,,,,,,,,,,,,,
14923460,2026-10-01 09:41:25,sim13,005850,,skip,theme_momentum_weak,,,,,,,,,,,,,,,,,,,,,,,,,,,
14923460,2026-10-01 09:41:25,sim13,009900,,skip,theme_momentum_weak,,,,,,,,,,,,,,,,,,,,,,,,,,,
14923460,2026-10-01 09:41:25,sim13,0126Z0,,skip,theme_momentum_weak,,,,,,,,,,,,,,,,,,,,,,,,,,,
14923460,2026-10-01 09:41:25,sim13,000640,,skip,theme_momentum_weak,,,,,,,,,,,,,,,,,,,,,,,,,,,
14923460,2026-10-01 09:41:25,sim13,012030,,skip,adx_weak,,,,35.77142857142857,,,,,,,,,,,,,,,,,,,,,,,
14923460,2026-10-01 09:41:25,sim13,003830,,skip,theme_momentum_weak,,,,,,,,,,,,,,,,,,,,,,,,,,,
14923460,2026-10-01 09:41:25,sim13,003350,,skip,theme_momentum_weak,,,,,,,,,,,,,,,,,,,,,,,,,,,
14923460,2026-10-01 09:41:25,sim13,011930,,skip,theme_momentum_weak,,,,,,,,,,,,,,,,,,,,,,,,,,,
14923460,2026-10-01 09:41:25,sim13,005500,,skip,theme_momentum_weak,,,,,,,,,,,,,,,,,,,,,,,,,,,
14923460,2026-10-01 09:41:25,sim13,014285,,skip,theme_momentum_weak,,,,,,,,,,,,,,,,,,,,,,,,,,,
14923460,2026-10-01 09:41:25,sim13,021050,,skip,theme_momentum_weak,,,,,,,,,,,,,,,,,,,,,,,,,,,
14923461,2026-10-01 09:43:28,sim13,084010,,skip,theme_momentum_weak,,,,,,,,,,,,,,,,,,,,,,,,,,,
14923461,2026-10-01 09:43:28,sim13,003160,,skip,no_frgn_support,,,,,,,,,,,,,,,,,,,,,,,,,,,
14923461,2026-10-01 09:43:28,sim13,192650,,skip,amount_not_surprised,,,,,,,,,,,,,,,,,,,,,,,,,,,
14923461,2026-10-01 09:43:28,sim13,036570,,skip,theme_momentum_weak,,,,,,,,,,,,,,,,,,,,,,,,,,,
14923461,2026-10-01 09:43:28,sim13,069640,,skip,theme_momentum_weak,,,,,,,,,,,,,,,,,,,,,,,,,,,
14923461,2026-10-01 09:43:28,sim13,460860,,skip,theme_momentum_weak,,,,,,,,,,,,,,,,,,,,,,,,,,,
14923461,2026-10-01 09:43:28,sim13,093050,,skip,theme_momentum_weak,,,,,,,,,,,,,,,,,,,,,,,,,,,
14923461,2026-10-01 09:43:28,sim13,002240,,skip,theme_momentum_weak,,,,,,,,,,,,,,,,,,,,,,,,,,,
14923461,2026-10-01 09:43:28,sim13,005030,,skip,theme_momentum_weak,,,,,,,,,,,,,,,,,,,,,,,,,,,
14923461,2026-10-01 09:43:28,sim13,109070,,skip,amount_not_surprised,,,,,,,,,,,,,,,,,,,,,,,,,,,
14923461,2026-10-01 09:43:28,sim13,004710,,skip,amount_not_surprised,,,,,,,,,,,,,,,,,,,,,,,,,,,
14923461,2026-10-01 09:43:28,sim13,093370,,skip,amount_not_surprised,,,,,,,,,,,,,,,,,,,,,,,,,,,
14923461,2026-10-01 09:43:28,sim13,181710,,skip,theme_momentum_weak,,,,,,,,,,,,,,,,,,,,,,,,,,,
14923461,2026-10-01 09:43:28,sim13,012330,,skip,theme_momentum_weak,,,,,,,,,,,,,,,,,,,,,,,,,,,
14923461,2026-10-01 09:43:28,sim13,002870,,skip,theme_momentum_weak,,,,,,,,,,,,,,,,,,,,,,,,,,,
14923461,2026-10-01 09:43:28,sim13,003120,,skip,theme_momentum_weak,,,,,,,,,,,,,,,,,,,,,,,,,,,
14923461,2026-10-01 09:43:28,sim13,009900,,skip,theme_momentum_weak,,,,,,,,,,,,,,,,,,,,,,,,,,,
14923461,2026-10-01 09:43:28,sim13,104700,,skip,theme_momentum_weak,,,,,,,,,,,,,,,,,,,,,,,,,,,
14923461,2026-10-01 09:43:28,sim13,005850,,skip,theme_momentum_weak,,,,,,,,,,,,,,,,,,,,,,,,,,,
14923461,2026-10-01 09:43:28,sim13,018880,,skip,theme_momentum_weak,,,,,,,,,,,,,,,,,,,,,,,,,,,
14923461,2026-10-01 09:43:28,sim13,000640,,skip,theme_momentum_weak,,,,,,,,,,,,,,,,,,,,,,,,,,,
14923461,2026-10-01 09:43:28,sim13,248070,,skip,theme_momentum_weak,,,,,,,,,,,,,,,,,,,,,,,,,,,
14923461,2026-10-01 09:43:28,sim13,0126Z0,,skip,theme_momentum_weak,,,,,,,,,,,,,,,,,,,,,,,,,,,
14923461,2026-10-01 09:43:28,sim13,006280,,skip,theme_momentum_weak,,,,,,,,,,,,,,,,,,,,,,,,,,,
14923461,2026-10-01 09:43:28,sim13,002360,,skip,amount_not_surprised,,,,,,,,,,,,,,,,,,,,,,,,,,,
14923461,2026-10-01 09:43:28,sim13,003830,,skip,theme_momentum_weak,,,,,,,,,,,,,,,,,,,,,,,,,,,
14923461,2026-10-01 09:43:28,sim13,012030,,skip,adx_weak,,,,35.77142857142857,,,,,,,,,,,,,,,,,,,,,,,
14923461,2026-10-01 09:43:28,sim13,009410,,skip,theme_momentum_weak,,,,,,,,,,,,,,,,,,,,,,,,,,,
14923461,2026-10-01 09:43:28,sim13,014285,,skip,theme_momentum_weak,,,,,,,,,,,,,,,,,,,,,,,,,,,
14923461,2026-10-01 09:43:28,sim13,011930,,skip,theme_momentum_weak,,,,,,,,,,,,,,,,,,,,,,,,,,,
14923462,2026-10-01 09:45:24,sim13,084010,,skip,theme_momentum_weak,,,,,,,,,,,,,,,,,,,,,,,,,,,
14923462,2026-10-01 09:45:24,sim13,069640,,skip,theme_momentum_weak,,,,,,,,,,,,,,,,,,,,,,,,,,,
14923462,2026-10-01 09:45:24,sim13,003160,,skip,no_frgn_support,,,,,,,,,,,,,,,,,,,,,,,,,,,
14923462,2026-10-01 09:45:24,sim13,192650,,skip,amount_not_surprised,,,,,,,,,,,,,,,,,,,,,,,,,,,
14923462,2026-10-01 09:45:24,sim13,036570,,skip,theme_momentum_weak,,,,,,,,,,,,,,,,,,,,,,,,,,,
14923462,2026-10-01 09:45:24,sim13,109070,,skip,amount_not_surprised,,,,,,,,,,,,,,,,,,,,,,,,,,,
14923462,2026-10-01 09:45:24,sim13,460860,,skip,theme_momentum_weak,,,,,,,,,,,,,,,,,,,,,,,,,,,
14923462,2026-10-01 09:45:24,sim13,002240,,skip,theme_momentum_weak,,,,,,,,,,,,,,,,,,,,,,,,,,,
14923462,2026-10-01 09:45:24,sim13,093050,,skip,theme_momentum_weak,,,,,,,,,,,,,,,,,,,,,,,,,,,
14923462,2026-10-01 09:45:24,sim13,005030,,skip,theme_momentum_weak,,,,,,,,,,,,,,,,,,,,,,,,,,,
14923462,2026-10-01 09:45:24,sim13,004710,,skip,amount_not_surprised,,,,,,,,,,,,,,,,,,,,,,,,,,,
14923462,2026-10-01 09:45:24,sim13,093370,,skip,amount_not_surprised,,,,,,,,,,,,,,,,,,,,,,,,,,,
14923462,2026-10-01 09:45:24,sim13,248070,,skip,theme_momentum_weak,,,,,,,,,,,,,,,,,,,,,,,,,,,
14923462,2026-10-01 09:45:24,sim13,002870,,skip,theme_momentum_weak,,,,,,,,,,,,,,,,,,,,,,,,,,,
14923462,2026-10-01 09:45:24,sim13,009900,,skip,theme_momentum_weak,,,,,,,,,,,,,,,,,,,,,,,,,,,
14923462,2026-10-01 09:45:24,sim13,104700,,skip,theme_momentum_weak,,,,,,,,,,,,,,,,,,,,,,,,,,,
14923462,2026-10-01 09:45:24,sim13,012330,,skip,theme_momentum_weak,,,,,,,,,,,,,,,,,,,,,,,,,,,
14923462,2026-10-01 09:45:24,sim13,181710,,skip,theme_momentum_weak,,,,,,,,,,,,,,,,,,,,,,,,,,,
14923462,2026-10-01 09:45:24,sim13,0126Z0,,skip,theme_momentum_weak,,,,,,,,,,,,,,,,,,,,,,,,,,,
14923462,2026-10-01 09:45:24,sim13,002360,,skip,amount_not_surprised,,,,,,,,,,,,,,,,,,,,,,,,,,,
14923462,2026-10-01 09:45:24,sim13,005850,,skip,theme_momentum_weak,,,,,,,,,,,,,,,,,,,,,,,,,,,
14923462,2026-10-01 09:45:24,sim13,006280,,skip,theme_momentum_weak,,,,,,,,,,,,,,,,,,,,,,,,,,,
14923462,2026-10-01 09:45:24,sim13,000640,,skip,theme_momentum_weak,,,,,,,,,,,,,,,,,,,,,,,,,,,
14923462,2026-10-01 09:45:24,sim13,003120,,skip,theme_momentum_weak,,,,,,,,,,,,,,,,,,,,,,,,,,,
14923462,2026-10-01 09:45:24,sim13,011930,,skip,theme_momentum_weak,,,,,,,,,,,,,,,,,,,,,,,,,,,
14923462,2026-10-01 09:45:24,sim13,003830,,skip,theme_momentum_weak,,,,,,,,,,,,,,,,,,,,,,,,,,,
14923462,2026-10-01 09:45:24,sim13,015590,,skip,amount_not_surprised,,,,,,,,,,,,,,,,,,,,,,,,,,,
14923462,2026-10-01 09:45:24,sim13,001820,,skip,adx_weak,,,,38.26173826173826,,,,,,,,,,,,,,,,,,,,,,,
14923462,2026-10-01 09:45:24,sim13,014285,,skip,theme_momentum_weak,,,,,,,,,,,,,,,,,,,,,,,,,,,
14923462,2026-10-01 09:45:24,sim13,029460,,skip,theme_momentum_weak,,,,,,,,,,,,,,,,,,,,,,,,,,,
14923463,2026-10-01 09:47:25,sim13,084010,,skip,theme_momentum_weak,,,,,,,,,,,,,,,,,,,,,,,,,,,
14923463,2026-10-01 09:47:25,sim13,069640,,skip,theme_momentum_weak,,,,,,,,,,,,,,,,,,,,,,,,,,,
14923463,2026-10-01 09:47:25,sim13,036570,,skip,theme_momentum_weak,,,,,,,,,,,,,,,,,,,,,,,,,,,
14923463,2026-10-01 09:47:25,sim13,192650,,skip,amount_not_surprised,,,,,,,,,,,,,,,,,,,,,,,,,,,
14923463,2026-10-01 09:47:25,sim13,003160,,skip,no_frgn_support,,,,,,,,,,,,,,,,,,,,,,,,,,,
14923463,2026-10-01 09:47:25,sim13,460860,,skip,theme_momentum_weak,,,,,,,,,,,,,,,,,,,,,,,,,,,
14923463,2026-10-01 09:47:25,sim13,109070,,skip,amount_not_surprised,,,,,,,,,,,,,,,,,,,,,,,,,,,
14923463,2026-10-01 09:47:25,sim13,093050,,skip,theme_momentum_weak,,,,,,,,,,,,,,,,,,,,,,,,,,,
14923463,2026-10-01 09:47:25,sim13,002240,,skip,theme_momentum_weak,,,,,,,,,,,,,,,,,,,,,,,,,,,
14923463,2026-10-01 09:47:25,sim13,005030,,skip,theme_momentum_weak,,,,,,,,,,,,,,,,,,,,,,,,,,,
14923463,2026-10-01 09:47:25,sim13,004710,,skip,amount_not_surprised,,,,,,,,,,,,,,,,,,,,,,,,,,,
14923463,2026-10-01 09:47:25,sim13,002870,,skip,theme_momentum_weak,,,,,,,,,,,,,,,,,,,,,,,,,,,
14923463,2026-10-01 09:47:25,sim13,093370,,skip,amount_not_surprised,,,,,,,,,,,,,,,,,,,,,,,,,,,
14923463,2026-10-01 09:47:25,sim13,248070,,skip,theme_momentum_weak,,,,,,,,,,,,,,,,,,,,,,,,,,,
14923463,2026-10-01 09:47:25,sim13,0126Z0,,skip,theme_momentum_weak,,,,,,,,,,,,,,,,,,,,,,,,,,,
14923463,2026-10-01 09:47:25,sim13,000640,,skip,theme_momentum_weak,,,,,,,,,,,,,,,,,,,,,,,,,,,
14923463,2026-10-01 09:47:25,sim13,104700,,skip,theme_momentum_weak,,,,,,,,,,,,,,,,,,,,,,,,,,,
14923463,2026-10-01 09:47:25,sim13,012330,,skip,theme_momentum_weak,,,,,,,,,,,,,,,,,,,,,,,,,,,
14923463,2026-10-01 09:47:25,sim13,009900,,skip,theme_momentum_weak,,,,,,,,,,,,,,,,,,,,,,,,,,,
14923463,2026-10-01 09:47:25,sim13,015590,,skip,amount_not_surprised,,,,,,,,,,,,,,,,,,,,,,,,,,,
14923463,2026-10-01 09:47:25,sim13,002360,,skip,amount_not_surprised,,,,,,,,,,,,,,,,,,,,,,,,,,,
14923463,2026-10-01 09:47:25,sim13,005850,,skip,theme_momentum_weak,,,,,,,,,,,,,,,,,,,,,,,,,,,
14923463,2026-10-01 09:47:25,sim13,181710,,skip,theme_momentum_weak,,,,,,,,,,,,,,,,,,,,,,,,,,,
14923463,2026-10-01 09:47:25,sim13,001820,,skip,adx_weak,,,,38.26173826173826,,,,,,,,,,,,,,,,,,,,,,,
14923463,2026-10-01 09:47:25,sim13,000990,,skip,amount_not_surprised,,,,,,,,,,,,,,,,,,,,,,,,,,,
14923463,2026-10-01 09:47:25,sim13,011930,,skip,theme_momentum_weak,,,,,,,,,,,,,,,,,,,,,,,,,,,
14923463,2026-10-01 09:47:25,sim13,003120,,skip,theme_momentum_weak,,,,,,,,,,,,,,,,,,,,,,,,,,,
14923463,2026-10-01 09:47:25,sim13,029460,,skip,theme_momentum_weak,,,,,,,,,,,,,,,,,,,,,,,,,,,
14923463,2026-10-01 09:47:25,sim13,003830,,skip,theme_momentum_weak,,,,,,,,,,,,,,,,,,,,,,,,,,,
14923463,2026-10-01 09:47:25,sim13,012030,,skip,adx_weak,,,,35.77142857142857,,,,,,,,,,,,,,,,,,,,,,,
14923464,2026-10-01 09:49:40,sim13,084010,,skip,theme_momentum_weak,,,,,,,,,,,,,,,,,,,,,,,,,,,
14923464,2026-10-01 09:49:40,sim13,069640,,skip,theme_momentum_weak,,,,,,,,,,,,,,,,,,,,,,,,,,,
14923464,2026-10-01 09:49:40,sim13,036570,,skip,theme_momentum_weak,,,,,,,,,,,,,,,,,,,,,,,,,,,
14923464,2026-10-01 09:49:40,sim13,192650,,skip,amount_not_surprised,,,,,,,,,,,,,,,,,,,,,,,,,,,
14923464,2026-10-01 09:49:40,sim13,003160,,skip,no_frgn_support,,,,,,,,,,,,,,,,,,,,,,,,,,,
14923464,2026-10-01 09:49:40,sim13,109070,,skip,amount_not_surprised,,,,,,,,,,,,,,,,,,,,,,,,,,,
14923464,2026-10-01 09:49:40,sim13,460860,,skip,theme_momentum_weak,,,,,,,,,,,,,,,,,,,,,,,,,,,
14923464,2026-10-01 09:49:40,sim13,093050,,skip,theme_momentum_weak,,,,,,,,,,,,,,,,,,,,,,,,,,,
14923464,2026-10-01 09:49:40,sim13,002240,,skip,theme_momentum_weak,,,,,,,,,,,,,,,,,,,,,,,,,,,
14923464,2026-10-01 09:49:40,sim13,005030,,skip,theme_momentum_weak,,,,,,,,,,,,,,,,,,,,,,,,,,,
14923464,2026-10-01 09:49:40,sim13,004710,,skip,amount_not_surprised,,,,,,,,,,,,,,,,,,,,,,,,,,,
14923464,2026-10-01 09:49:40,sim13,093370,,skip,amount_not_surprised,,,,,,,,,,,,,,,,,,,,,,,,,,,
14923464,2026-10-01 09:49:40,sim13,181710,,skip,theme_momentum_weak,,,,,,,,,,,,,,,,,,,,,,,,,,,
14923464,2026-10-01 09:49:40,sim13,248070,,skip,theme_momentum_weak,,,,,,,,,,,,,,,,,,,,,,,,,,,
14923464,2026-10-01 09:49:40,sim13,012030,,skip,adx_weak,,,,35.77142857142857,,,,,,,,,,,,,,,,,,,,,,,
14923464,2026-10-01 09:49:40,sim13,005850,,skip,theme_momentum_weak,,,,,,,,,,,,,,,,,,,,,,,,,,,
14923464,2026-10-01 09:49:40,sim13,012330,,skip,theme_momentum_weak,,,,,,,,,,,,,,,,,,,,,,,,,,,
14923464,2026-10-01 09:49:40,sim13,003120,,skip,theme_momentum_weak,,,,,,,,,,,,,,,,,,,,,,,,,,,
14923464,2026-10-01 09:49:40,sim13,0126Z0,,skip,theme_momentum_weak,,,,,,,,,,,,,,,,,,,,,,,,,,,
14923464,2026-10-01 09:49:40,sim13,104700,,skip,theme_momentum_weak,,,,,,,,,,,,,,,,,,,,,,,,,,,
14923464,2026-10-01 09:49:40,sim13,000640,,skip,theme_momentum_weak,,,,,,,,,,,,,,,,,,,,,,,,,,,
14923464,2026-10-01 09:49:40,sim13,002360,,skip,amount_not_surprised,,,,,,,,,,,,,,,,,,,,,,,,,,,
14923464,2026-10-01 09:49:40,sim13,009900,,skip,theme_momentum_weak,,,,,,,,,,,,,,,,,,,,,,,,,,,
14923464,2026-10-01 09:49:40,sim13,006280,,skip,theme_momentum_weak,,,,,,,,,,,,,,,,,,,,,,,,,,,
14923464,2026-10-01 09:49:40,sim13,005430,,skip,theme_momentum_weak,,,,,,,,,,,,,,,,,,,,,,,,,,,
14923464,2026-10-01 09:49:40,sim13,018880,,skip,theme_momentum_weak,,,,,,,,,,,,,,,,,,,,,,,,,,,
14923464,2026-10-01 09:49:40,sim13,011930,,skip,theme_momentum_weak,,,,,,,,,,,,,,,,,,,,,,,,,,,
14923464,2026-10-01 09:49:40,sim13,029460,,skip,theme_momentum_weak,,,,,,,,,,,,,,,,,,,,,,,,,,,
14923464,2026-10-01 09:49:40,sim13,000990,,skip,amount_not_surprised,,,,,,,,,,,,,,,,,,,,,,,,,,,
14923464,2026-10-01 09:49:40,sim13,480370,,skip,adx_weak,,,,25.87601078167116,,,,,,,,,,,,,,,,,,,,,,,
14923465,2026-10-01 09:51:48,sim13,084010,,skip,theme_momentum_weak,,,,,,,,,,,,,,,,,,,,,,,,,,,
14923465,2026-10-01 09:51:48,sim13,036570,,skip,theme_momentum_weak,,,,,,,,,,,,,,,,,,,,,,,,,,,
14923465,2026-10-01 09:51:48,sim13,003160,,skip,no_frgn_support,,,,,,,,,,,,,,,,,,,,,,,,,,,
14923465,2026-10-01 09:51:48,sim13,192650,,skip,amount_not_surprised,,,,,,,,,,,,,,,,,,,,,,,,,,,
14923465,2026-10-01 09:51:48,sim13,109070,,skip,amount_not_surprised,,,,,,,,,,,,,,,,,,,,,,,,,,,
14923465,2026-10-01 09:51:48,sim13,093050,,skip,theme_momentum_weak,,,,,,,,,,,,,,,,,,,,,,,,,,,
14923465,2026-10-01 09:51:48,sim13,460860,,skip,theme_momentum_weak,,,,,,,,,,,,,,,,,,,,,,,,,,,
14923465,2026-10-01 09:51:48,sim13,005030,,skip,theme_momentum_weak,,,,,,,,,,,,,,,,,,,,,,,,,,,
14923465,2026-10-01 09:51:48,sim13,002240,,skip,theme_momentum_weak,,,,,,,,,,,,,,,,,,,,,,,,,,,
14923465,2026-10-01 09:51:48,sim13,069640,,skip,theme_momentum_weak,,,,,,,,,,,,,,,,,,,,,,,,,,,
14923465,2026-10-01 09:51:48,sim13,093370,,skip,amount_not_surprised,,,,,,,,,,,,,,,,,,,,,,,,,,,
14923465,2026-10-01 09:51:48,sim13,012030,,skip,adx_weak,,,,35.77142857142857,,,,,,,,,,,,,,,,,,,,,,,
14923465,2026-10-01 09:51:48,sim13,248070,,skip,theme_momentum_weak,,,,,,,,,,,,,,,,,,,,,,,,,,,
14923465,2026-10-01 09:51:48,sim13,004710,,skip,amount_not_surprised,,,,,,,,,,,,,,,,,,,,,,,,,,,
14923465,2026-10-01 09:51:48,sim13,181710,,skip,theme_momentum_weak,,,,,,,,,,,,,,,,,,,,,,,,,,,
14923465,2026-10-01 09:51:48,sim13,012330,,skip,theme_momentum_weak,,,,,,,,,,,,,,,,,,,,,,,,,,,
14923465,2026-10-01 09:51:48,sim13,0126Z0,,skip,theme_momentum_weak,,,,,,,,,,,,,,,,,,,,,,,,,,,
14923465,2026-10-01 09:51:48,sim13,003120,,skip,theme_momentum_weak,,,,,,,,,,,,,,,,,,,,,,,,,,,
14923465,2026-10-01 09:51:48,sim13,018880,,skip,theme_momentum_weak,,,,,,,,,,,,,,,,,,,,,,,,,,,
14923465,2026-10-01 09:51:48,sim13,006280,,skip,theme_momentum_weak,,,,,,,,,,,,,,,,,,,,,,,,,,,
14923465,2026-10-01 09:51:48,sim13,005430,,skip,theme_momentum_weak,,,,,,,,,,,,,,,,,,,,,,,,,,,
14923465,2026-10-01 09:51:48,sim13,005850,,skip,theme_momentum_weak,,,,,,,,,,,,,,,,,,,,,,,,,,,
14923465,2026-10-01 09:51:48,sim13,104700,,skip,theme_momentum_weak,,,,,,,,,,,,,,,,,,,,,,,,,,,
14923465,2026-10-01 09:51:48,sim13,000640,,skip,theme_momentum_weak,,,,,,,,,,,,,,,,,,,,,,,,,,,
14923465,2026-10-01 09:51:48,sim13,002360,,skip,amount_not_surprised,,,,,,,,,,,,,,,,,,,,,,,,,,,
14923465,2026-10-01 09:51:48,sim13,009900,,skip,theme_momentum_weak,,,,,,,,,,,,,,,,,,,,,,,,,,,
14923465,2026-10-01 09:51:48,sim13,000990,,skip,amount_not_surprised,,,,,,,,,,,,,,,,,,,,,,,,,,,
14923465,2026-10-01 09:51:48,sim13,029460,,skip,theme_momentum_weak,,,,,,,,,,,,,,,,,,,,,,,,,,,
14923465,2026-10-01 09:51:48,sim13,011930,,skip,theme_momentum_weak,,,,,,,,,,,,,,,,,,,,,,,,,,,
14923465,2026-10-01 09:51:48,sim13,003830,,skip,theme_momentum_weak,,,,,,,,,,,,,,,,,,,,,,,,,,,
14923466,2026-10-01 09:53:54,sim13,084010,,skip,theme_momentum_weak,,,,,,,,,,,,,,,,,,,,,,,,,,,
14923466,2026-10-01 09:53:54,sim13,192650,,skip,amount_not_surprised,,,,,,,,,,,,,,,,,,,,,,,,,,,
14923466,2026-10-01 09:53:54,sim13,036570,,skip,theme_momentum_weak,,,,,,,,,,,,,,,,,,,,,,,,,,,
14923466,2026-10-01 09:53:54,sim13,003160,,skip,no_frgn_support,,,,,,,,,,,,,,,,,,,,,,,,,,,
14923466,2026-10-01 09:53:54,sim13,109070,,skip,amount_not_surprised,,,,,,,,,,,,,,,,,,,,,,,,,,,
14923466,2026-10-01 09:53:54,sim13,460860,,skip,theme_momentum_weak,,,,,,,,,,,,,,,,,,,,,,,,,,,
14923466,2026-10-01 09:53:54,sim13,093050,,skip,theme_momentum_weak,,,,,,,,,,,,,,,,,,,,,,,,,,,
14923466,2026-10-01 09:53:54,sim13,005030,,skip,theme_momentum_weak,,,,,,,,,,,,,,,,,,,,,,,,,,,
14923466,2026-10-01 09:53:54,sim13,002240,,skip,theme_momentum_weak,,,,,,,,,,,,,,,,,,,,,,,,,,,
14923466,2026-10-01 09:53:54,sim13,069640,,skip,theme_momentum_weak,,,,,,,,,,,,,,,,,,,,,,,,,,,
14923466,2026-10-01 09:53:54,sim13,248070,,skip,theme_momentum_weak,,,,,,,,,,,,,,,,,,,,,,,,,,,
14923466,2026-10-01 09:53:54,sim13,012030,,skip,adx_weak,,,,35.77142857142857,,,,,,,,,,,,,,,,,,,,,,,
14923466,2026-10-01 09:53:54,sim13,093370,,skip,amount_not_surprised,,,,,,,,,,,,,,,,,,,,,,,,,,,
14923466,2026-10-01 09:53:54,sim13,004710,,skip,amount_not_surprised,,,,,,,,,,,,,,,,,,,,,,,,,,,
14923466,2026-10-01 09:53:54,sim13,0126Z0,,skip,theme_momentum_weak,,,,,,,,,,,,,,,,,,,,,,,,,,,
14923466,2026-10-01 09:53:54,sim13,181710,,skip,theme_momentum_weak,,,,,,,,,,,,,,,,,,,,,,,,,,,
14923466,2026-10-01 09:53:54,sim13,003120,,skip,theme_momentum_weak,,,,,,,,,,,,,,,,,,,,,,,,,,,
14923466,2026-10-01 09:53:54,sim13,005850,,skip,theme_momentum_weak,,,,,,,,,,,,,,,,,,,,,,,,,,,
14923466,2026-10-01 09:53:54,sim13,012330,,skip,theme_momentum_weak,,,,,,,,,,,,,,,,,,,,,,,,,,,
14923466,2026-10-01 09:53:54,sim13,005430,,skip,theme_momentum_weak,,,,,,,,,,,,,,,,,,,,,,,,,,,
14923466,2026-10-01 09:53:54,sim13,104700,,skip,theme_momentum_weak,,,,,,,,,,,,,,,,,,,,,,,,,,,
14923466,2026-10-01 09:53:54,sim13,077500,,skip,held_or_cooldown,,,,,,,,,,,,,,,,,,,,,,,,,,,
14923466,2026-10-01 09:53:54,sim13,011930,,skip,theme_momentum_weak,,,,,,,,,,,,,,,,,,,,,,,,,,,
14923466,2026-10-01 09:53:54,sim13,009900,,skip,theme_momentum_weak,,,,,,,,,,,,,,,,,,,,,,,,,,,
14923466,2026-10-01 09:53:54,sim13,003830,,skip,theme_momentum_weak,,,,,,,,,,,,,,,,,,,,,,,,,,,
14923466,2026-10-01 09:53:54,sim13,000640,,skip,theme_momentum_weak,,,,,,,,,,,,,,,,,,,,,,,,,,,
14923466,2026-10-01 09:53:54,sim13,480370,,skip,adx_weak,,,,25.87601078167116,,,,,,,,,,,,,,,,,,,,,,,
14923466,2026-10-01 09:53:54,sim13,006280,,skip,theme_momentum_weak,,,,,,,,,,,,,,,,,,,,,,,,,,,
14923466,2026-10-01 09:53:54,sim13,002360,,skip,amount_not_surprised,,,,,,,,,,,,,,,,,,,,,,,,,,,
14923466,2026-10-01 09:53:54,sim13,014285,,skip,theme_momentum_weak,,,,,,,,,,,,,,,,,,,,,,,,,,,
14923467,2026-10-01 09:55:54,sim13,084010,,skip,theme_momentum_weak,,,,,,,,,,,,,,,,,,,,,,,,,,,
14923467,2026-10-01 09:55:54,sim13,192650,,skip,amount_not_surprised,,,,,,,,,,,,,,,,,,,,,,,,,,,
14923467,2026-10-01 09:55:54,sim13,036570,,skip,theme_momentum_weak,,,,,,,,,,,,,,,,,,,,,,,,,,,
14923467,2026-10-01 09:55:54,sim13,003160,,skip,no_frgn_support,,,,,,,,,,,,,,,,,,,,,,,,,,,
14923467,2026-10-01 09:55:54,sim13,109070,,skip,amount_not_surprised,,,,,,,,,,,,,,,,,,,,,,,,,,,
14923467,2026-10-01 09:55:54,sim13,460860,,skip,theme_momentum_weak,,,,,,,,,,,,,,,,,,,,,,,,,,,
14923467,2026-10-01 09:55:54,sim13,093050,,skip,theme_momentum_weak,,,,,,,,,,,,,,,,,,,,,,,,,,,
14923467,2026-10-01 09:55:54,sim13,002240,,skip,theme_momentum_weak,,,,,,,,,,,,,,,,,,,,,,,,,,,
14923467,2026-10-01 09:55:54,sim13,005030,,skip,theme_momentum_weak,,,,,,,,,,,,,,,,,,,,,,,,,,,
14923467,2026-10-01 09:55:54,sim13,093370,,skip,amount_not_surprised,,,,,,,,,,,,,,,,,,,,,,,,,,,
14923467,2026-10-01 09:55:54,sim13,248070,,skip,theme_momentum_weak,,,,,,,,,,,,,,,,,,,,,,,,,,,
14923467,2026-10-01 09:55:54,sim13,012030,,skip,adx_weak,,,,35.77142857142857,,,,,,,,,,,,,,,,,,,,,,,
14923467,2026-10-01 09:55:54,sim13,0126Z0,,skip,theme_momentum_weak,,,,,,,,,,,,,,,,,,,,,,,,,,,
14923467,2026-10-01 09:55:54,sim13,005850,,skip,theme_momentum_weak,,,,,,,,,,,,,,,,,,,,,,,,,,,
14923467,2026-10-01 09:55:54,sim13,004105,,skip,amount_not_surprised,,,,,,,,,,,,,,,,,,,,,,,,,,,
14923467,2026-10-01 09:55:54,sim13,004710,,skip,amount_not_surprised,,,,,,,,,,,,,,,,,,,,,,,,,,,
14923467,2026-10-01 09:55:54,sim13,181710,,skip,theme_momentum_weak,,,,,,,,,,,,,,,,,,,,,,,,,,,
14923467,2026-10-01 09:55:54,sim13,003120,,skip,theme_momentum_weak,,,,,,,,,,,,,,,,,,,,,,,,,,,
14923467,2026-10-01 09:55:54,sim13,005430,,skip,theme_momentum_weak,,,,,,,,,,,,,,,,,,,,,,,,,,,
14923467,2026-10-01 09:55:54,sim13,006280,,skip,theme_momentum_weak,,,,,,,,,,,,,,,,,,,,,,,,,,,
14923467,2026-10-01 09:55:54,sim13,104700,,skip,theme_momentum_weak,,,,,,,,,,,,,,,,,,,,,,,,,,,
14923467,2026-10-01 09:55:54,sim13,018880,,skip,theme_momentum_weak,,,,,,,,,,,,,,,,,,,,,,,,,,,
14923467,2026-10-01 09:55:54,sim13,009900,,skip,theme_momentum_weak,,,,,,,,,,,,,,,,,,,,,,,,,,,
14923467,2026-10-01 09:55:54,sim13,003830,,skip,theme_momentum_weak,,,,,,,,,,,,,,,,,,,,,,,,,,,
14923467,2026-10-01 09:55:54,sim13,012330,,skip,theme_momentum_weak,,,,,,,,,,,,,,,,,,,,,,,,,,,
14923467,2026-10-01 09:55:54,sim13,011930,,skip,theme_momentum_weak,,,,,,,,,,,,,,,,,,,,,,,,,,,
14923467,2026-10-01 09:55:54,sim13,014285,,skip,theme_momentum_weak,,,,,,,,,,,,,,,,,,,,,,,,,,,
14923467,2026-10-01 09:55:54,sim13,077500,,skip,held_or_cooldown,,,,,,,,,,,,,,,,,,,,,,,,,,,
14923467,2026-10-01 09:55:54,sim13,000640,,skip,theme_momentum_weak,,,,,,,,,,,,,,,,,,,,,,,,,,,
14923467,2026-10-01 09:55:54,sim13,004545,,skip,theme_momentum_weak,,,,,,,,,,,,,,,,,,,,,,,,,,,
14923468,2026-10-01 09:57:59,sim13,084010,,skip,theme_momentum_weak,,,,,,,,,,,,,,,,,,,,,,,,,,,
14923468,2026-10-01 09:57:59,sim13,192650,,skip,no_frgn_support,,,,,,,,,,,,,,,,,,,,,,,,,,,
14923468,2026-10-01 09:57:59,sim13,036570,,skip,theme_momentum_weak,,,,,,,,,,,,,,,,,,,,,,,,,,,
14923468,2026-10-01 09:57:59,sim13,003160,,skip,no_frgn_support,,,,,,,,,,,,,,,,,,,,,,,,,,,
14923468,2026-10-01 09:57:59,sim13,109070,,skip,amount_not_surprised,,,,,,,,,,,,,,,,,,,,,,,,,,,
14923468,2026-10-01 09:57:59,sim13,460860,,skip,theme_momentum_weak,,,,,,,,,,,,,,,,,,,,,,,,,,,
14923468,2026-10-01 09:57:59,sim13,002240,,skip,theme_momentum_weak,,,,,,,,,,,,,,,,,,,,,,,,,,,
14923468,2026-10-01 09:57:59,sim13,093050,,skip,theme_momentum_weak,,,,,,,,,,,,,,,,,,,,,,,,,,,
14923468,2026-10-01 09:57:59,sim13,005030,,skip,theme_momentum_weak,,,,,,,,,,,,,,,,,,,,,,,,,,,
14923468,2026-10-01 09:57:59,sim13,093370,,skip,amount_not_surprised,,,,,,,,,,,,,,,,,,,,,,,,,,,
14923468,2026-10-01 09:57:59,sim13,248070,,skip,theme_momentum_weak,,,,,,,,,,,,,,,,,,,,,,,,,,,
14923468,2026-10-01 09:57:59,sim13,0126Z0,,skip,theme_momentum_weak,,,,,,,,,,,,,,,,,,,,,,,,,,,
14923468,2026-10-01 09:57:59,sim13,012030,,skip,adx_weak,,,,35.77142857142857,,,,,,,,,,,,,,,,,,,,,,,
14923468,2026-10-01 09:57:59,sim13,004710,,skip,amount_not_surprised,,,,,,,,,,,,,,,,,,,,,,,,,,,
14923468,2026-10-01 09:57:59,sim13,005850,,skip,theme_momentum_weak,,,,,,,,,,,,,,,,,,,,,,,,,,,
14923468,2026-10-01 09:57:59,sim13,181710,,skip,theme_momentum_weak,,,,,,,,,,,,,,,,,,,,,,,,,,,
14923468,2026-10-01 09:57:59,sim13,005430,,skip,theme_momentum_weak,,,,,,,,,,,,,,,,,,,,,,,,,,,
14923468,2026-10-01 09:57:59,sim13,004105,,skip,amount_not_surprised,,,,,,,,,,,,,,,,,,,,,,,,,,,
14923468,2026-10-01 09:57:59,sim13,003120,,skip,theme_momentum_weak,,,,,,,,,,,,,,,,,,,,,,,,,,,
14923468,2026-10-01 09:57:59,sim13,012330,,skip,theme_momentum_weak,,,,,,,,,,,,,,,,,,,,,,,,,,,
14923468,2026-10-01 09:57:59,sim13,104700,,skip,theme_momentum_weak,,,,,,,,,,,,,,,,,,,,,,,,,,,
14923468,2026-10-01 09:57:59,sim13,000640,,skip,theme_momentum_weak,,,,,,,,,,,,,,,,,,,,,,,,,,,
14923468,2026-10-01 09:57:59,sim13,009900,,skip,theme_momentum_weak,,,,,,,,,,,,,,,,,,,,,,,,,,,
14923468,2026-10-01 09:57:59,sim13,029460,,skip,theme_momentum_weak,,,,,,,,,,,,,,,,,,,,,,,,,,,
14923468,2026-10-01 09:57:59,sim13,018880,,skip,theme_momentum_weak,,,,,,,,,,,,,,,,,,,,,,,,,,,
14923468,2026-10-01 09:57:59,sim13,003830,,skip,theme_momentum_weak,,,,,,,,,,,,,,,,,,,,,,,,,,,
14923468,2026-10-01 09:57:59,sim13,014285,,skip,theme_momentum_weak,,,,,,,,,,,,,,,,,,,,,,,,,,,
14923468,2026-10-01 09:57:59,sim13,011930,,skip,theme_momentum_weak,,,,,,,,,,,,,,,,,,,,,,,,,,,
14923468,2026-10-01 09:57:59,sim13,002360,,skip,amount_not_surprised,,,,,,,,,,,,,,,,,,,,,,,,,,,
14923468,2026-10-01 09:57:59,sim13,004545,,skip,theme_momentum_weak,,,,,,,,,,,,,,,,,,,,,,,,,,,
14923469,2026-10-01 09:59:55,sim13,084010,,skip,theme_momentum_weak,,,,,,,,,,,,,,,,,,,,,,,,,,,
14923469,2026-10-01 09:59:55,sim13,192650,,skip,no_frgn_support,,,,,,,,,,,,,,,,,,,,,,,,,,,
14923469,2026-10-01 09:59:55,sim13,036570,,skip,theme_momentum_weak,,,,,,,,,,,,,,,,,,,,,,,,,,,
14923469,2026-10-01 09:59:55,sim13,003160,,skip,no_frgn_support,,,,,,,,,,,,,,,,,,,,,,,,,,,
14923469,2026-10-01 09:59:55,sim13,460860,,skip,theme_momentum_weak,,,,,,,,,,,,,,,,,,,,,,,,,,,
14923469,2026-10-01 09:59:55,sim13,109070,,skip,amount_not_surprised,,,,,,,,,,,,,,,,,,,,,,,,,,,
14923469,2026-10-01 09:59:55,sim13,002240,,skip,theme_momentum_weak,,,,,,,,,,,,,,,,,,,,,,,,,,,
14923469,2026-10-01 09:59:55,sim13,093050,,skip,theme_momentum_weak,,,,,,,,,,,,,,,,,,,,,,,,,,,
14923469,2026-10-01 09:59:55,sim13,005030,,skip,theme_momentum_weak,,,,,,,,,,,,,,,,,,,,,,,,,,,
14923469,2026-10-01 09:59:55,sim13,004710,,skip,amount_not_surprised,,,,,,,,,,,,,,,,,,,,,,,,,,,
14923469,2026-10-01 09:59:55,sim13,093370,,skip,no_frgn_support,,,,,,,,,,,,,,,,,,,,,,,,,,,
14923469,2026-10-01 09:59:55,sim13,012030,,skip,adx_weak,,,,35.77142857142857,,,,,,,,,,,,,,,,,,,,,,,
14923469,2026-10-01 09:59:55,sim13,005430,,skip,theme_momentum_weak,,,,,,,,,,,,,,,,,,,,,,,,,,,
14923469,2026-10-01 09:59:55,sim13,0126Z0,,skip,theme_momentum_weak,,,,,,,,,,,,,,,,,,,,,,,,,,,
14923469,2026-10-01 09:59:55,sim13,248070,,skip,theme_momentum_weak,,,,,,,,,,,,,,,,,,,,,,,,,,,
14923469,2026-10-01 09:59:55,sim13,005850,,skip,theme_momentum_weak,,,,,,,,,,,,,,,,,,,,,,,,,,,
14923469,2026-10-01 09:59:55,sim13,181710,,skip,theme_momentum_weak,,,,,,,,,,,,,,,,,,,,,,,,,,,
14923469,2026-10-01 09:59:55,sim13,012330,,skip,theme_momentum_weak,,,,,,,,,,,,,,,,,,,,,,,,,,,
14923469,2026-10-01 09:59:55,sim13,003120,,skip,theme_momentum_weak,,,,,,,,,,,,,,,,,,,,,,,,,,,
14923469,2026-10-01 09:59:55,sim13,104700,,skip,theme_momentum_weak,,,,,,,,,,,,,,,,,,,,,,,,,,,
14923469,2026-10-01 09:59:55,sim13,004105,,skip,amount_not_surprised,,,,,,,,,,,,,,,,,,,,,,,,,,,
14923469,2026-10-01 09:59:55,sim13,000640,,skip,theme_momentum_weak,,,,,,,,,,,,,,,,,,,,,,,,,,,
14923469,2026-10-01 09:59:55,sim13,009900,,skip,theme_momentum_weak,,,,,,,,,,,,,,,,,,,,,,,,,,,
14923469,2026-10-01 09:59:55,sim13,003830,,skip,theme_momentum_weak,,,,,,,,,,,,,,,,,,,,,,,,,,,
14923469,2026-10-01 09:59:55,sim13,011930,,skip,theme_momentum_weak,,,,,,,,,,,,,,,,,,,,,,,,,,,
14923469,2026-10-01 09:59:55,sim13,001820,,skip,adx_weak,,,,38.26173826173826,,,,,,,,,,,,,,,,,,,,,,,
14923469,2026-10-01 09:59:55,sim13,014285,,skip,theme_momentum_weak,,,,,,,,,,,,,,,,,,,,,,,,,,,
14923469,2026-10-01 09:59:55,sim13,018880,,skip,theme_momentum_weak,,,,,,,,,,,,,,,,,,,,,,,,,,,
14923469,2026-10-01 09:59:55,sim13,004545,,skip,theme_momentum_weak,,,,,,,,,,,,,,,,,,,,,,,,,,,
14923469,2026-10-01 09:59:55,sim13,002360,,skip,amount_not_surprised,,,,,,,,,,,,,,,,,,,,,,,,,,,
14923470,2026-10-01 10:02:08,sim13,084010,,skip,theme_momentum_weak,,,,,,,,,,,,,,,,,,,,,,,,,,,
14923470,2026-10-01 10:02:08,sim13,192650,,skip,no_frgn_support,,,,,,,,,,,,,,,,,,,,,,,,,,,
14923470,2026-10-01 10:02:08,sim13,036570,,skip,theme_momentum_weak,,,,,,,,,,,,,,,,,,,,,,,,,,,
14923470,2026-10-01 10:02:08,sim13,109070,,skip,amount_not_surprised,,,,,,,,,,,,,,,,,,,,,,,,,,,
14923470,2026-10-01 10:02:08,sim13,003160,,skip,no_frgn_support,,,,,,,,,,,,,,,,,,,,,,,,,,,
14923470,2026-10-01 10:02:08,sim13,460860,,skip,theme_momentum_weak,,,,,,,,,,,,,,,,,,,,,,,,,,,
14923470,2026-10-01 10:02:08,sim13,093050,,skip,theme_momentum_weak,,,,,,,,,,,,,,,,,,,,,,,,,,,
14923470,2026-10-01 10:02:08,sim13,002240,,skip,theme_momentum_weak,,,,,,,,,,,,,,,,,,,,,,,,,,,
14923470,2026-10-01 10:02:08,sim13,005030,,skip,theme_momentum_weak,,,,,,,,,,,,,,,,,,,,,,,,,,,
14923470,2026-10-01 10:02:08,sim13,004710,,skip,amount_not_surprised,,,,,,,,,,,,,,,,,,,,,,,,,,,
14923470,2026-10-01 10:02:08,sim13,000760,,skip,theme_momentum_weak,,,,,,,,,,,,,,,,,,,,,,,,,,,
14923470,2026-10-01 10:02:08,sim13,248070,,skip,theme_momentum_weak,,,,,,,,,,,,,,,,,,,,,,,,,,,
14923470,2026-10-01 10:02:08,sim13,0126Z0,,skip,theme_momentum_weak,,,,,,,,,,,,,,,,,,,,,,,,,,,
14923470,2026-10-01 10:02:08,sim13,093370,,skip,no_frgn_support,,,,,,,,,,,,,,,,,,,,,,,,,,,
14923470,2026-10-01 10:02:08,sim13,004105,,skip,amount_not_surprised,,,,,,,,,,,,,,,,,,,,,,,,,,,
14923470,2026-10-01 10:02:08,sim13,003465,,skip,theme_momentum_weak,,,,,,,,,,,,,,,,,,,,,,,,,,,
14923470,2026-10-01 10:02:08,sim13,005850,,skip,theme_momentum_weak,,,,,,,,,,,,,,,,,,,,,,,,,,,
14923470,2026-10-01 10:02:08,sim13,005430,,skip,theme_momentum_weak,,,,,,,,,,,,,,,,,,,,,,,,,,,
14923470,2026-10-01 10:02:08,sim13,012030,,skip,adx_weak,,,,35.77142857142857,,,,,,,,,,,,,,,,,,,,,,,
14923470,2026-10-01 10:02:08,sim13,181710,,skip,theme_momentum_weak,,,,,,,,,,,,,,,,,,,,,,,,,,,
14923470,2026-10-01 10:02:08,sim13,012330,,skip,theme_momentum_weak,,,,,,,,,,,,,,,,,,,,,,,,,,,
14923470,2026-10-01 10:02:08,sim13,003120,,skip,theme_momentum_weak,,,,,,,,,,,,,,,,,,,,,,,,,,,
14923470,2026-10-01 10:02:08,sim13,018880,,skip,theme_momentum_weak,,,,,,,,,,,,,,,,,,,,,,,,,,,
14923470,2026-10-01 10:02:08,sim13,104700,,skip,theme_momentum_weak,,,,,,,,,,,,,,,,,,,,,,,,,,,
14923470,2026-10-01 10:02:08,sim13,000640,,skip,theme_momentum_weak,,,,,,,,,,,,,,,,,,,,,,,,,,,
14923470,2026-10-01 10:02:08,sim13,009900,,skip,theme_momentum_weak,,,,,,,,,,,,,,,,,,,,,,,,,,,
14923470,2026-10-01 10:02:08,sim13,004545,,skip,theme_momentum_weak,,,,,,,,,,,,,,,,,,,,,,,,,,,
14923470,2026-10-01 10:02:08,sim13,011930,,skip,theme_momentum_weak,,,,,,,,,,,,,,,,,,,,,,,,,,,
14923470,2026-10-01 10:02:08,sim13,002360,,skip,amount_not_surprised,,,,,,,,,,,,,,,,,,,,,,,,,,,
14923470,2026-10-01 10:02:08,sim13,012200,,skip,theme_momentum_weak,,,,,,,,,,,,,,,,,,,,,,,,,,,
14923471,2026-10-01 10:04:19,sim13,084010,,skip,theme_momentum_weak,,,,,,,,,,,,,,,,,,,,,,,,,,,
14923471,2026-10-01 10:04:19,sim13,192650,,skip,no_frgn_support,,,,,,,,,,,,,,,,,,,,,,,,,,,
14923471,2026-10-01 10:04:19,sim13,036570,,skip,theme_momentum_weak,,,,,,,,,,,,,,,,,,,,,,,,,,,
14923471,2026-10-01 10:04:19,sim13,109070,,skip,amount_not_surprised,,,,,,,,,,,,,,,,,,,,,,,,,,,
14923471,2026-10-01 10:04:19,sim13,460860,,skip,theme_momentum_weak,,,,,,,,,,,,,,,,,,,,,,,,,,,
14923471,2026-10-01 10:04:19,sim13,003160,,skip,no_frgn_support,,,,,,,,,,,,,,,,,,,,,,,,,,,
14923471,2026-10-01 10:04:19,sim13,093050,,skip,theme_momentum_weak,,,,,,,,,,,,,,,,,,,,,,,,,,,
14923471,2026-10-01 10:04:19,sim13,002240,,skip,theme_momentum_weak,,,,,,,,,,,,,,,,,,,,,,,,,,,
14923471,2026-10-01 10:04:19,sim13,005030,,skip,theme_momentum_weak,,,,,,,,,,,,,,,,,,,,,,,,,,,
14923471,2026-10-01 10:04:19,sim13,012200,,skip,theme_momentum_weak,,,,,,,,,,,,,,,,,,,,,,,,,,,
14923471,2026-10-01 10:04:19,sim13,004105,,skip,amount_not_surprised,,,,,,,,,,,,,,,,,,,,,,,,,,,
14923471,2026-10-01 10:04:19,sim13,093370,,skip,no_frgn_support,,,,,,,,,,,,,,,,,,,,,,,,,,,
14923471,2026-10-01 10:04:19,sim13,004710,,skip,amount_not_surprised,,,,,,,,,,,,,,,,,,,,,,,,,,,
14923471,2026-10-01 10:04:19,sim13,248070,,skip,theme_momentum_weak,,,,,,,,,,,,,,,,,,,,,,,,,,,
14923471,2026-10-01 10:04:19,sim13,000760,,skip,theme_momentum_weak,,,,,,,,,,,,,,,,,,,,,,,,,,,
14923471,2026-10-01 10:04:19,sim13,0126Z0,,skip,theme_momentum_weak,,,,,,,,,,,,,,,,,,,,,,,,,,,
14923471,2026-10-01 10:04:19,sim13,005850,,skip,theme_momentum_weak,,,,,,,,,,,,,,,,,,,,,,,,,,,
14923471,2026-10-01 10:04:19,sim13,003465,,skip,theme_momentum_weak,,,,,,,,,,,,,,,,,,,,,,,,,,,
14923471,2026-10-01 10:04:19,sim13,005430,,skip,theme_momentum_weak,,,,,,,,,,,,,,,,,,,,,,,,,,,
14923471,2026-10-01 10:04:19,sim13,012330,,skip,theme_momentum_weak,,,,,,,,,,,,,,,,,,,,,,,,,,,
14923471,2026-10-01 10:04:19,sim13,012030,,skip,adx_weak,,,,35.77142857142857,,,,,,,,,,,,,,,,,,,,,,,
14923471,2026-10-01 10:04:19,sim13,104700,,skip,theme_momentum_weak,,,,,,,,,,,,,,,,,,,,,,,,,,,
14923471,2026-10-01 10:04:19,sim13,181710,,skip,theme_momentum_weak,,,,,,,,,,,,,,,,,,,,,,,,,,,
14923471,2026-10-01 10:04:19,sim13,003120,,skip,theme_momentum_weak,,,,,,,,,,,,,,,,,,,,,,,,,,,
14923471,2026-10-01 10:04:19,sim13,014680,,skip,amount_not_surprised,,,,,,,,,,,,,,,,,,,,,,,,,,,
14923471,2026-10-01 10:04:19,sim13,009900,,skip,theme_momentum_weak,,,,,,,,,,,,,,,,,,,,,,,,,,,
14923471,2026-10-01 10:04:19,sim13,000640,,skip,theme_momentum_weak,,,,,,,,,,,,,,,,,,,,,,,,,,,
14923471,2026-10-01 10:04:19,sim13,077500,,skip,held_or_cooldown,,,,,,,,,,,,,,,,,,,,,,,,,,,
14923471,2026-10-01 10:04:19,sim13,018880,,skip,theme_momentum_weak,,,,,,,,,,,,,,,,,,,,,,,,,,,
14923471,2026-10-01 10:04:19,sim13,004960,,skip,theme_momentum_weak,,,,,,,,,,,,,,,,,,,,,,,,,,,
14923472,2026-10-01 10:06:26,sim13,084010,,skip,theme_momentum_weak,,,,,,,,,,,,,,,,,,,,,,,,,,,
14923472,2026-10-01 10:06:26,sim13,192650,,skip,no_frgn_support,,,,,,,,,,,,,,,,,,,,,,,,,,,
14923472,2026-10-01 10:06:26,sim13,036570,,skip,theme_momentum_weak,,,,,,,,,,,,,,,,,,,,,,,,,,,
14923472,2026-10-01 10:06:26,sim13,460860,,skip,theme_momentum_weak,,,,,,,,,,,,,,,,,,,,,,,,,,,
14923472,2026-10-01 10:06:26,sim13,109070,,skip,amount_not_surprised,,,,,,,,,,,,,,,,,,,,,,,,,,,
14923472,2026-10-01 10:06:26,sim13,002240,,skip,theme_momentum_weak,,,,,,,,,,,,,,,,,,,,,,,,,,,
14923472,2026-10-01 10:06:26,sim13,003160,,skip,no_frgn_support,,,,,,,,,,,,,,,,,,,,,,,,,,,
14923472,2026-10-01 10:06:26,sim13,004105,,skip,no_frgn_support,,,,,,,,,,,,,,,,,,,,,,,,,,,
14923472,2026-10-01 10:06:26,sim13,093050,,skip,theme_momentum_weak,,,,,,,,,,,,,,,,,,,,,,,,,,,
14923472,2026-10-01 10:06:26,sim13,005030,,skip,theme_momentum_weak,,,,,,,,,,,,,,,,,,,,,,,,,,,
14923472,2026-10-01 10:06:26,sim13,004710,,skip,amount_not_surprised,,,,,,,,,,,,,,,,,,,,,,,,,,,
14923472,2026-10-01 10:06:26,sim13,012200,,skip,theme_momentum_weak,,,,,,,,,,,,,,,,,,,,,,,,,,,
14923472,2026-10-01 10:06:26,sim13,0126Z0,,skip,theme_momentum_weak,,,,,,,,,,,,,,,,,,,,,,,,,,,
14923472,2026-10-01 10:06:26,sim13,000760,,skip,theme_momentum_weak,,,,,,,,,,,,,,,,,,,,,,,,,,,
14923472,2026-10-01 10:06:26,sim13,248070,,skip,theme_momentum_weak,,,,,,,,,,,,,,,,,,,,,,,,,,,
14923472,2026-10-01 10:06:26,sim13,093370,,skip,no_frgn_support,,,,,,,,,,,,,,,,,,,,,,,,,,,
14923472,2026-10-01 10:06:26,sim13,005850,,skip,theme_momentum_weak,,,,,,,,,,,,,,,,,,,,,,,,,,,
14923472,2026-10-01 10:06:26,sim13,104700,,skip,theme_momentum_weak,,,,,,,,,,,,,,,,,,,,,,,,,,,
14923472,2026-10-01 10:06:26,sim13,005430,,skip,theme_momentum_weak,,,,,,,,,,,,,,,,,,,,,,,,,,,
14923472,2026-10-01 10:06:26,sim13,003465,,skip,theme_momentum_weak,,,,,,,,,,,,,,,,,,,,,,,,,,,
14923472,2026-10-01 10:06:26,sim13,012330,,skip,theme_momentum_weak,,,,,,,,,,,,,,,,,,,,,,,,,,,
14923472,2026-10-01 10:06:26,sim13,009900,,skip,theme_momentum_weak,,,,,,,,,,,,,,,,,,,,,,,,,,,
14923472,2026-10-01 10:06:26,sim13,181710,,skip,theme_momentum_weak,,,,,,,,,,,,,,,,,,,,,,,,,,,
14923472,2026-10-01 10:06:26,sim13,012030,,skip,adx_weak,,,,35.77142857142857,,,,,,,,,,,,,,,,,,,,,,,
14923472,2026-10-01 10:06:26,sim13,000990,,skip,amount_not_surprised,,,,,,,,,,,,,,,,,,,,,,,,,,,
14923472,2026-10-01 10:06:26,sim13,003120,,skip,theme_momentum_weak,,,,,,,,,,,,,,,,,,,,,,,,,,,
14923472,2026-10-01 10:06:26,sim13,000640,,skip,theme_momentum_weak,,,,,,,,,,,,,,,,,,,,,,,,,,,
14923472,2026-10-01 10:06:26,sim13,014680,,skip,amount_not_surprised,,,,,,,,,,,,,,,,,,,,,,,,,,,
14923472,2026-10-01 10:06:26,sim13,077500,,skip,held_or_cooldown,,,,,,,,,,,,,,,,,,,,,,,,,,,
14923472,2026-10-01 10:06:26,sim13,006280,,skip,theme_momentum_weak,,,,,,,,,,,,,,,,,,,,,,,,,,,
14923473,2026-10-01 10:08:34,sim13,084010,,skip,theme_momentum_weak,,,,,,,,,,,,,,,,,,,,,,,,,,,
14923473,2026-10-01 10:08:34,sim13,192650,,skip,no_frgn_support,,,,,,,,,,,,,,,,,,,,,,,,,,,
14923473,2026-10-01 10:08:34,sim13,036570,,skip,theme_momentum_weak,,,,,,,,,,,,,,,,,,,,,,,,,,,
14923473,2026-10-01 10:08:34,sim13,460860,,skip,theme_momentum_weak,,,,,,,,,,,,,,,,,,,,,,,,,,,
14923473,2026-10-01 10:08:34,sim13,109070,,skip,amount_not_surprised,,,,,,,,,,,,,,,,,,,,,,,,,,,
14923473,2026-10-01 10:08:34,sim13,002240,,skip,theme_momentum_weak,,,,,,,,,,,,,,,,,,,,,,,,,,,
14923473,2026-10-01 10:08:34,sim13,003160,,skip,no_frgn_support,,,,,,,,,,,,,,,,,,,,,,,,,,,
14923473,2026-10-01 10:08:34,sim13,004105,,skip,no_frgn_support,,,,,,,,,,,,,,,,,,,,,,,,,,,
14923473,2026-10-01 10:08:34,sim13,093050,,skip,theme_momentum_weak,,,,,,,,,,,,,,,,,,,,,,,,,,,
14923473,2026-10-01 10:08:34,sim13,005030,,skip,theme_momentum_weak,,,,,,,,,,,,,,,,,,,,,,,,,,,
14923473,2026-10-01 10:08:34,sim13,0126Z0,,skip,theme_momentum_weak,,,,,,,,,,,,,,,,,,,,,,,,,,,
14923473,2026-10-01 10:08:34,sim13,004710,,skip,amount_not_surprised,,,,,,,,,,,,,,,,,,,,,,,,,,,
14923473,2026-10-01 10:08:34,sim13,248070,,skip,theme_momentum_weak,,,,,,,,,,,,,,,,,,,,,,,,,,,
14923473,2026-10-01 10:08:34,sim13,104700,,skip,theme_momentum_weak,,,,,,,,,,,,,,,,,,,,,,,,,,,
14923473,2026-10-01 10:08:34,sim13,000760,,skip,theme_momentum_weak,,,,,,,,,,,,,,,,,,,,,,,,,,,
14923473,2026-10-01 10:08:34,sim13,012330,,skip,theme_momentum_weak,,,,,,,,,,,,,,,,,,,,,,,,,,,
14923473,2026-10-01 10:08:34,sim13,012200,,skip,theme_momentum_weak,,,,,,,,,,,,,,,,,,,,,,,,,,,
14923473,2026-10-01 10:08:34,sim13,005430,,skip,theme_momentum_weak,,,,,,,,,,,,,,,,,,,,,,,,,,,
14923473,2026-10-01 10:08:34,sim13,093370,,skip,no_frgn_support,,,,,,,,,,,,,,,,,,,,,,,,,,,
14923473,2026-10-01 10:08:34,sim13,005850,,skip,theme_momentum_weak,,,,,,,,,,,,,,,,,,,,,,,,,,,
14923473,2026-10-01 10:08:34,sim13,181710,,skip,theme_momentum_weak,,,,,,,,,,,,,,,,,,,,,,,,,,,
14923473,2026-10-01 10:08:34,sim13,003465,,skip,theme_momentum_weak,,,,,,,,,,,,,,,,,,,,,,,,,,,
14923473,2026-10-01 10:08:34,sim13,009900,,skip,theme_momentum_weak,,,,,,,,,,,,,,,,,,,,,,,,,,,
14923473,2026-10-01 10:08:34,sim13,012030,,skip,adx_weak,,,,35.77142857142857,,,,,,,,,,,,,,,,,,,,,,,
14923473,2026-10-01 10:08:34,sim13,003120,,skip,theme_momentum_weak,,,,,,,,,,,,,,,,,,,,,,,,,,,
14923473,2026-10-01 10:08:34,sim13,014680,,skip,amount_not_surprised,,,,,,,,,,,,,,,,,,,,,,,,,,,
14923473,2026-10-01 10:08:34,sim13,011930,,skip,theme_momentum_weak,,,,,,,,,,,,,,,,,,,,,,,,,,,
14923473,2026-10-01 10:08:34,sim13,006280,,skip,theme_momentum_weak,,,,,,,,,,,,,,,,,,,,,,,,,,,
14923473,2026-10-01 10:08:34,sim13,000640,,skip,theme_momentum_weak,,,,,,,,,,,,,,,,,,,,,,,,,,,
14923473,2026-10-01 10:08:34,sim13,001820,,skip,adx_weak,,,,38.26173826173826,,,,,,,,,,,,,,,,,,,,,,,
14923474,2026-10-01 10:10:36,sim13,084010,,skip,theme_momentum_weak,,,,,,,,,,,,,,,,,,,,,,,,,,,
14923474,2026-10-01 10:10:36,sim13,192650,,skip,no_frgn_support,,,,,,,,,,,,,,,,,,,,,,,,,,,
14923474,2026-10-01 10:10:36,sim13,036570,,skip,theme_momentum_weak,,,,,,,,,,,,,,,,,,,,,,,,,,,
14923474,2026-10-01 10:10:36,sim13,109070,,skip,amount_not_surprised,,,,,,,,,,,,,,,,,,,,,,,,,,,
14923474,2026-10-01 10:10:36,sim13,460860,,skip,theme_momentum_weak,,,,,,,,,,,,,,,,,,,,,,,,,,,
14923474,2026-10-01 10:10:36,sim13,003160,,skip,no_frgn_support,,,,,,,,,,,,,,,,,,,,,,,,,,,
14923474,2026-10-01 10:10:36,sim13,002240,,skip,theme_momentum_weak,,,,,,,,,,,,,,,,,,,,,,,,,,,
14923474,2026-10-01 10:10:36,sim13,093050,,skip,theme_momentum_weak,,,,,,,,,,,,,,,,,,,,,,,,,,,
14923474,2026-10-01 10:10:36,sim13,004105,,skip,no_frgn_support,,,,,,,,,,,,,,,,,,,,,,,,,,,
14923474,2026-10-01 10:10:36,sim13,005030,,skip,theme_momentum_weak,,,,,,,,,,,,,,,,,,,,,,,,,,,
14923474,2026-10-01 10:10:36,sim13,0126Z0,,skip,theme_momentum_weak,,,,,,,,,,,,,,,,,,,,,,,,,,,
14923474,2026-10-01 10:10:36,sim13,248070,,skip,theme_momentum_weak,,,,,,,,,,,,,,,,,,,,,,,,,,,
14923474,2026-10-01 10:10:36,sim13,004710,,skip,amount_not_surprised,,,,,,,,,,,,,,,,,,,,,,,,,,,
14923474,2026-10-01 10:10:36,sim13,000760,,skip,theme_momentum_weak,,,,,,,,,,,,,,,,,,,,,,,,,,,
14923474,2026-10-01 10:10:36,sim13,005850,,skip,theme_momentum_weak,,,,,,,,,,,,,,,,,,,,,,,,,,,
14923474,2026-10-01 10:10:36,sim13,005430,,skip,theme_momentum_weak,,,,,,,,,,,,,,,,,,,,,,,,,,,
14923474,2026-10-01 10:10:36,sim13,012200,,skip,theme_momentum_weak,,,,,,,,,,,,,,,,,,,,,,,,,,,
14923474,2026-10-01 10:10:36,sim13,012330,,skip,theme_momentum_weak,,,,,,,,,,,,,,,,,,,,,,,,,,,
14923474,2026-10-01 10:10:36,sim13,012030,,skip,adx_weak,,,,35.77142857142857,,,,,,,,,,,,,,,,,,,,,,,
14923474,2026-10-01 10:10:36,sim13,104700,,skip,theme_momentum_weak,,,,,,,,,,,,,,,,,,,,,,,,,,,
14923474,2026-10-01 10:10:36,sim13,003465,,skip,theme_momentum_weak,,,,,,,,,,,,,,,,,,,,,,,,,,,
14923474,2026-10-01 10:10:36,sim13,093370,,skip,no_frgn_support,,,,,,,,,,,,,,,,,,,,,,,,,,,
14923474,2026-10-01 10:10:36,sim13,181710,,skip,theme_momentum_weak,,,,,,,,,,,,,,,,,,,,,,,,,,,
14923474,2026-10-01 10:10:36,sim13,003120,,skip,theme_momentum_weak,,,,,,,,,,,,,,,,,,,,,,,,,,,
14923474,2026-10-01 10:10:36,sim13,009900,,skip,theme_momentum_weak,,,,,,,,,,,,,,,,,,,,,,,,,,,
14923474,2026-10-01 10:10:36,sim13,014680,,skip,amount_not_surprised,,,,,,,,,,,,,,,,,,,,,,,,,,,
14923474,2026-10-01 10:10:36,sim13,480370,,skip,adx_weak,,,,25.87601078167116,,,,,,,,,,,,,,,,,,,,,,,
14923474,2026-10-01 10:10:36,sim13,011930,,skip,theme_momentum_weak,,,,,,,,,,,,,,,,,,,,,,,,,,,
14923474,2026-10-01 10:10:36,sim13,006280,,skip,theme_momentum_weak,,,,,,,,,,,,,,,,,,,,,,,,,,,
14923474,2026-10-01 10:10:36,sim13,017370,,skip,theme_momentum_weak,,,,,,,,,,,,,,,,,,,,,,,,,,,
14923476,2026-10-01 10:13:29,sim13,084010,,skip,theme_momentum_weak,,,,,,,,,,,,,,,,,,,,,,,,,,,
14923476,2026-10-01 10:13:29,sim13,192650,,skip,no_frgn_support,,,,,,,,,,,,,,,,,,,,,,,,,,,
14923476,2026-10-01 10:13:29,sim13,036570,,skip,theme_momentum_weak,,,,,,,,,,,,,,,,,,,,,,,,,,,
14923476,2026-10-01 10:13:29,sim13,109070,,skip,amount_not_surprised,,,,,,,,,,,,,,,,,,,,,,,,,,,
14923476,2026-10-01 10:13:29,sim13,460860,,skip,theme_momentum_weak,,,,,,,,,,,,,,,,,,,,,,,,,,,
14923476,2026-10-01 10:13:29,sim13,003160,,skip,no_frgn_support,,,,,,,,,,,,,,,,,,,,,,,,,,,
14923476,2026-10-01 10:13:29,sim13,004105,,skip,no_frgn_support,,,,,,,,,,,,,,,,,,,,,,,,,,,
14923476,2026-10-01 10:13:29,sim13,002240,,skip,theme_momentum_weak,,,,,,,,,,,,,,,,,,,,,,,,,,,
14923476,2026-10-01 10:13:29,sim13,093050,,skip,theme_momentum_weak,,,,,,,,,,,,,,,,,,,,,,,,,,,
14923476,2026-10-01 10:13:29,sim13,005030,,skip,theme_momentum_weak,,,,,,,,,,,,,,,,,,,,,,,,,,,
14923476,2026-10-01 10:13:29,sim13,004710,,skip,amount_not_surprised,,,,,,,,,,,,,,,,,,,,,,,,,,,
14923476,2026-10-01 10:13:29,sim13,0126Z0,,skip,theme_momentum_weak,,,,,,,,,,,,,,,,,,,,,,,,,,,
14923476,2026-10-01 10:13:29,sim13,248070,,skip,theme_momentum_weak,,,,,,,,,,,,,,,,,,,,,,,,,,,
14923476,2026-10-01 10:13:29,sim13,000760,,skip,theme_momentum_weak,,,,,,,,,,,,,,,,,,,,,,,,,,,
14923476,2026-10-01 10:13:29,sim13,003120,,skip,theme_momentum_weak,,,,,,,,,,,,,,,,,,,,,,,,,,,
14923476,2026-10-01 10:13:29,sim13,012030,,skip,adx_weak,,,,35.77142857142857,,,,,,,,,,,,,,,,,,,,,,,
14923476,2026-10-01 10:13:29,sim13,005850,,skip,theme_momentum_weak,,,,,,,,,,,,,,,,,,,,,,,,,,,
14923476,2026-10-01 10:13:29,sim13,480370,,skip,adx_weak,,,,25.87601078167116,,,,,,,,,,,,,,,,,,,,,,,
14923476,2026-10-01 10:13:29,sim13,005430,,skip,theme_momentum_weak,,,,,,,,,,,,,,,,,,,,,,,,,,,
14923476,2026-10-01 10:13:29,sim13,012330,,skip,theme_momentum_weak,,,,,,,,,,,,,,,,,,,,,,,,,,,
14923476,2026-10-01 10:13:29,sim13,093370,,skip,no_frgn_support,,,,,,,,,,,,,,,,,,,,,,,,,,,
14923476,2026-10-01 10:13:29,sim13,009420,,skip,theme_momentum_weak,,,,,,,,,,,,,,,,,,,,,,,,,,,
14923476,2026-10-01 10:13:29,sim13,055490,,skip,theme_momentum_weak,,,,,,,,,,,,,,,,,,,,,,,,,,,
14923476,2026-10-01 10:13:29,sim13,181710,,skip,theme_momentum_weak,,,,,,,,,,,,,,,,,,,,,,,,,,,
14923476,2026-10-01 10:13:29,sim13,003465,,skip,theme_momentum_weak,,,,,,,,,,,,,,,,,,,,,,,,,,,
14923476,2026-10-01 10:13:29,sim13,104700,,skip,theme_momentum_weak,,,,,,,,,,,,,,,,,,,,,,,,,,,
14923476,2026-10-01 10:13:29,sim13,006280,,skip,theme_momentum_weak,,,,,,,,,,,,,,,,,,,,,,,,,,,
14923476,2026-10-01 10:13:29,sim13,005690,,skip,theme_momentum_weak,,,,,,,,,,,,,,,,,,,,,,,,,,,
14923476,2026-10-01 10:13:29,sim13,009900,,skip,theme_momentum_weak,,,,,,,,,,,,,,,,,,,,,,,,,,,
14923476,2026-10-01 10:13:29,sim13,014680,,skip,amount_not_surprised,,,,,,,,,,,,,,,,,,,,,,,,,,,
14923477,2026-10-01 10:15:30,sim13,084010,,skip,theme_momentum_weak,,,,,,,,,,,,,,,,,,,,,,,,,,,
14923477,2026-10-01 10:15:30,sim13,192650,,skip,no_frgn_support,,,,,,,,,,,,,,,,,,,,,,,,,,,
14923477,2026-10-01 10:15:30,sim13,036570,,skip,theme_momentum_weak,,,,,,,,,,,,,,,,,,,,,,,,,,,
14923477,2026-10-01 10:15:30,sim13,109070,,skip,amount_not_surprised,,,,,,,,,,,,,,,,,,,,,,,,,,,
14923477,2026-10-01 10:15:30,sim13,003160,,skip,no_frgn_support,,,,,,,,,,,,,,,,,,,,,,,,,,,
14923477,2026-10-01 10:15:30,sim13,004105,,skip,no_frgn_support,,,,,,,,,,,,,,,,,,,,,,,,,,,
14923477,2026-10-01 10:15:30,sim13,460860,,skip,theme_momentum_weak,,,,,,,,,,,,,,,,,,,,,,,,,,,
14923477,2026-10-01 10:15:30,sim13,093050,,skip,theme_momentum_weak,,,,,,,,,,,,,,,,,,,,,,,,,,,
14923477,2026-10-01 10:15:30,sim13,002240,,skip,theme_momentum_weak,,,,,,,,,,,,,,,,,,,,,,,,,,,
14923477,2026-10-01 10:15:30,sim13,005030,,skip,theme_momentum_weak,,,,,,,,,,,,,,,,,,,,,,,,,,,
14923477,2026-10-01 10:15:30,sim13,004710,,skip,amount_not_surprised,,,,,,,,,,,,,,,,,,,,,,,,,,,
14923477,2026-10-01 10:15:30,sim13,0126Z0,,skip,theme_momentum_weak,,,,,,,,,,,,,,,,,,,,,,,,,,,
14923477,2026-10-01 10:15:30,sim13,248070,,skip,theme_momentum_weak,,,,,,,,,,,,,,,,,,,,,,,,,,,
14923477,2026-10-01 10:15:30,sim13,012200,,skip,theme_momentum_weak,,,,,,,,,,,,,,,,,,,,,,,,,,,
14923477,2026-10-01 10:15:30,sim13,005850,,skip,theme_momentum_weak,,,,,,,,,,,,,,,,,,,,,,,,,,,
14923477,2026-10-01 10:15:30,sim13,000760,,skip,theme_momentum_weak,,,,,,,,,,,,,,,,,,,,,,,,,,,
14923477,2026-10-01 10:15:30,sim13,480370,,skip,adx_weak,,,,25.87601078167116,,,,,,,,,,,,,,,,,,,,,,,
14923477,2026-10-01 10:15:30,sim13,012030,,skip,adx_weak,,,,35.77142857142857,,,,,,,,,,,,,,,,,,,,,,,
14923477,2026-10-01 10:15:30,sim13,055490,,skip,theme_momentum_weak,,,,,,,,,,,,,,,,,,,,,,,,,,,
14923477,2026-10-01 10:15:30,sim13,005430,,skip,theme_momentum_weak,,,,,,,,,,,,,,,,,,,,,,,,,,,
14923477,2026-10-01 10:15:30,sim13,009420,,skip,theme_momentum_weak,,,,,,,,,,,,,,,,,,,,,,,,,,,
14923477,2026-10-01 10:15:30,sim13,003120,,skip,theme_momentum_weak,,,,,,,,,,,,,,,,,,,,,,,,,,,
14923477,2026-10-01 10:15:30,sim13,012330,,skip,theme_momentum_weak,,,,,,,,,,,,,,,,,,,,,,,,,,,
14923477,2026-10-01 10:15:30,sim13,181710,,skip,theme_momentum_weak,,,,,,,,,,,,,,,,,,,,,,,,,,,
14923477,2026-10-01 10:15:30,sim13,003465,,skip,theme_momentum_weak,,,,,,,,,,,,,,,,,,,,,,,,,,,
14923477,2026-10-01 10:15:30,sim13,093370,,skip,no_frgn_support,,,,,,,,,,,,,,,,,,,,,,,,,,,
14923477,2026-10-01 10:15:30,sim13,006280,,skip,theme_momentum_weak,,,,,,,,,,,,,,,,,,,,,,,,,,,
14923477,2026-10-01 10:15:30,sim13,078520,,skip,theme_momentum_weak,,,,,,,,,,,,,,,,,,,,,,,,,,,
14923477,2026-10-01 10:15:30,sim13,009900,,skip,theme_momentum_weak,,,,,,,,,,,,,,,,,,,,,,,,,,,
14923477,2026-10-01 10:15:30,sim13,005690,,skip,theme_momentum_weak,,,,,,,,,,,,,,,,,,,,,,,,,,,
14923478,2026-10-01 10:17:32,sim13,084010,,skip,theme_momentum_weak,,,,,,,,,,,,,,,,,,,,,,,,,,,
14923478,2026-10-01 10:17:32,sim13,192650,,skip,no_frgn_support,,,,,,,,,,,,,,,,,,,,,,,,,,,
14923478,2026-10-01 10:17:32,sim13,036570,,skip,theme_momentum_weak,,,,,,,,,,,,,,,,,,,,,,,,,,,
14923478,2026-10-01 10:17:32,sim13,109070,,skip,amount_not_surprised,,,,,,,,,,,,,,,,,,,,,,,,,,,
14923478,2026-10-01 10:17:32,sim13,003160,,skip,no_frgn_support,,,,,,,,,,,,,,,,,,,,,,,,,,,
14923478,2026-10-01 10:17:32,sim13,460860,,skip,theme_momentum_weak,,,,,,,,,,,,,,,,,,,,,,,,,,,
14923478,2026-10-01 10:17:32,sim13,004105,,skip,no_frgn_support,,,,,,,,,,,,,,,,,,,,,,,,,,,
14923478,2026-10-01 10:17:32,sim13,002240,,skip,theme_momentum_weak,,,,,,,,,,,,,,,,,,,,,,,,,,,
14923478,2026-10-01 10:17:32,sim13,093050,,skip,theme_momentum_weak,,,,,,,,,,,,,,,,,,,,,,,,,,,
14923478,2026-10-01 10:17:32,sim13,005030,,skip,theme_momentum_weak,,,,,,,,,,,,,,,,,,,,,,,,,,,
14923478,2026-10-01 10:17:32,sim13,004710,,skip,amount_not_surprised,,,,,,,,,,,,,,,,,,,,,,,,,,,
14923478,2026-10-01 10:17:32,sim13,248070,,skip,theme_momentum_weak,,,,,,,,,,,,,,,,,,,,,,,,,,,
14923478,2026-10-01 10:17:32,sim13,0126Z0,,skip,theme_momentum_weak,,,,,,,,,,,,,,,,,,,,,,,,,,,
14923478,2026-10-01 10:17:32,sim13,055490,,skip,theme_momentum_weak,,,,,,,,,,,,,,,,,,,,,,,,,,,
14923478,2026-10-01 10:17:32,sim13,005850,,skip,theme_momentum_weak,,,,,,,,,,,,,,,,,,,,,,,,,,,
14923478,2026-10-01 10:17:32,sim13,000760,,skip,theme_momentum_weak,,,,,,,,,,,,,,,,,,,,,,,,,,,
14923478,2026-10-01 10:17:32,sim13,012030,,skip,adx_weak,,,,35.77142857142857,,,,,,,,,,,,,,,,,,,,,,,
14923478,2026-10-01 10:17:32,sim13,480370,,skip,adx_weak,,,,25.87601078167116,,,,,,,,,,,,,,,,,,,,,,,
14923478,2026-10-01 10:17:32,sim13,181710,,skip,theme_momentum_weak,,,,,,,,,,,,,,,,,,,,,,,,,,,
14923478,2026-10-01 10:17:32,sim13,009420,,skip,theme_momentum_weak,,,,,,,,,,,,,,,,,,,,,,,,,,,
14923478,2026-10-01 10:17:32,sim13,093370,,skip,no_frgn_support,,,,,,,,,,,,,,,,,,,,,,,,,,,
14923478,2026-10-01 10:17:32,sim13,003120,,skip,theme_momentum_weak,,,,,,,,,,,,,,,,,,,,,,,,,,,
14923478,2026-10-01 10:17:32,sim13,012330,,skip,theme_momentum_weak,,,,,,,,,,,,,,,,,,,,,,,,,,,
14923478,2026-10-01 10:17:32,sim13,003465,,skip,theme_momentum_weak,,,,,,,,,,,,,,,,,,,,,,,,,,,
14923478,2026-10-01 10:17:32,sim13,006280,,skip,theme_momentum_weak,,,,,,,,,,,,,,,,,,,,,,,,,,,
14923478,2026-10-01 10:17:32,sim13,014680,,skip,amount_not_surprised,,,,,,,,,,,,,,,,,,,,,,,,,,,
14923478,2026-10-01 10:17:32,sim13,005430,,skip,theme_momentum_weak,,,,,,,,,,,,,,,,,,,,,,,,,,,
14923478,2026-10-01 10:17:32,sim13,012200,,skip,theme_momentum_weak,,,,,,,,,,,,,,,,,,,,,,,,,,,
14923478,2026-10-01 10:17:32,sim13,009900,,skip,theme_momentum_weak,,,,,,,,,,,,,,,,,,,,,,,,,,,
14923478,2026-10-01 10:17:32,sim13,011930,,skip,theme_momentum_weak,,,,,,,,,,,,,,,,,,,,,,,,,,,
14923479,2026-10-01 10:19:39,sim13,084010,,skip,theme_momentum_weak,,,,,,,,,,,,,,,,,,,,,,,,,,,
14923479,2026-10-01 10:19:39,sim13,192650,,skip,no_frgn_support,,,,,,,,,,,,,,,,,,,,,,,,,,,
14923479,2026-10-01 10:19:39,sim13,036570,,skip,theme_momentum_weak,,,,,,,,,,,,,,,,,,,,,,,,,,,
14923479,2026-10-01 10:19:39,sim13,109070,,skip,amount_not_surprised,,,,,,,,,,,,,,,,,,,,,,,,,,,
14923479,2026-10-01 10:19:39,sim13,003160,,skip,no_frgn_support,,,,,,,,,,,,,,,,,,,,,,,,,,,
14923479,2026-10-01 10:19:39,sim13,004105,,skip,no_frgn_support,,,,,,,,,,,,,,,,,,,,,,,,,,,
14923479,2026-10-01 10:19:39,sim13,093050,,skip,theme_momentum_weak,,,,,,,,,,,,,,,,,,,,,,,,,,,
14923479,2026-10-01 10:19:39,sim13,460860,,skip,theme_momentum_weak,,,,,,,,,,,,,,,,,,,,,,,,,,,
14923479,2026-10-01 10:19:39,sim13,002240,,skip,theme_momentum_weak,,,,,,,,,,,,,,,,,,,,,,,,,,,
14923479,2026-10-01 10:19:39,sim13,005030,,skip,theme_momentum_weak,,,,,,,,,,,,,,,,,,,,,,,,,,,
14923479,2026-10-01 10:19:39,sim13,004710,,skip,amount_not_surprised,,,,,,,,,,,,,,,,,,,,,,,,,,,
14923479,2026-10-01 10:19:39,sim13,248070,,skip,theme_momentum_weak,,,,,,,,,,,,,,,,,,,,,,,,,,,
14923479,2026-10-01 10:19:39,sim13,055490,,skip,theme_momentum_weak,,,,,,,,,,,,,,,,,,,,,,,,,,,
14923479,2026-10-01 10:19:39,sim13,000760,,skip,theme_momentum_weak,,,,,,,,,,,,,,,,,,,,,,,,,,,
14923479,2026-10-01 10:19:39,sim13,005850,,skip,theme_momentum_weak,,,,,,,,,,,,,,,,,,,,,,,,,,,
14923479,2026-10-01 10:19:39,sim13,0126Z0,,skip,theme_momentum_weak,,,,,,,,,,,,,,,,,,,,,,,,,,,
14923479,2026-10-01 10:19:39,sim13,012030,,skip,adx_weak,,,,35.77142857142857,,,,,,,,,,,,,,,,,,,,,,,
14923479,2026-10-01 10:19:39,sim13,480370,,skip,adx_weak,,,,25.87601078167116,,,,,,,,,,,,,,,,,,,,,,,
14923479,2026-10-01 10:19:39,sim13,093370,,skip,no_frgn_support,,,,,,,,,,,,,,,,,,,,,,,,,,,
14923479,2026-10-01 10:19:39,sim13,005430,,skip,theme_momentum_weak,,,,,,,,,,,,,,,,,,,,,,,,,,,
14923479,2026-10-01 10:19:39,sim13,181710,,skip,theme_momentum_weak,,,,,,,,,,,,,,,,,,,,,,,,,,,
14923479,2026-10-01 10:19:39,sim13,012330,,skip,theme_momentum_weak,,,,,,,,,,,,,,,,,,,,,,,,,,,
14923479,2026-10-01 10:19:39,sim13,009420,,skip,theme_momentum_weak,,,,,,,,,,,,,,,,,,,,,,,,,,,
14923479,2026-10-01 10:19:39,sim13,003120,,skip,theme_momentum_weak,,,,,,,,,,,,,,,,,,,,,,,,,,,
14923479,2026-10-01 10:19:39,sim13,003465,,skip,theme_momentum_weak,,,,,,,,,,,,,,,,,,,,,,,,,,,
14923479,2026-10-01 10:19:39,sim13,011930,,skip,theme_momentum_weak,,,,,,,,,,,,,,,,,,,,,,,,,,,
14923479,2026-10-01 10:19:39,sim13,015590,,skip,amount_not_surprised,,,,,,,,,,,,,,,,,,,,,,,,,,,
14923479,2026-10-01 10:19:39,sim13,078520,,skip,theme_momentum_weak,,,,,,,,,,,,,,,,,,,,,,,,,,,
14923479,2026-10-01 10:19:39,sim13,006280,,skip,theme_momentum_weak,,,,,,,,,,,,,,,,,,,,,,,,,,,
14923479,2026-10-01 10:19:39,sim13,014680,,skip,amount_not_surprised,,,,,,,,,,,,,,,,,,,,,,,,,,,
14923480,2026-10-01 10:21:46,sim13,084010,,skip,theme_momentum_weak,,,,,,,,,,,,,,,,,,,,,,,,,,,
14923480,2026-10-01 10:21:46,sim13,192650,,skip,no_frgn_support,,,,,,,,,,,,,,,,,,,,,,,,,,,
14923480,2026-10-01 10:21:46,sim13,036570,,skip,theme_momentum_weak,,,,,,,,,,,,,,,,,,,,,,,,,,,
14923480,2026-10-01 10:21:46,sim13,003160,,skip,no_frgn_support,,,,,,,,,,,,,,,,,,,,,,,,,,,
14923480,2026-10-01 10:21:46,sim13,004105,,skip,no_frgn_support,,,,,,,,,,,,,,,,,,,,,,,,,,,
14923480,2026-10-01 10:21:46,sim13,093050,,skip,theme_momentum_weak,,,,,,,,,,,,,,,,,,,,,,,,,,,
14923480,2026-10-01 10:21:46,sim13,109070,,skip,amount_not_surprised,,,,,,,,,,,,,,,,,,,,,,,,,,,
14923480,2026-10-01 10:21:46,sim13,004710,,skip,amount_not_surprised,,,,,,,,,,,,,,,,,,,,,,,,,,,
14923480,2026-10-01 10:21:46,sim13,002240,,skip,theme_momentum_weak,,,,,,,,,,,,,,,,,,,,,,,,,,,
14923480,2026-10-01 10:21:46,sim13,460860,,skip,theme_momentum_weak,,,,,,,,,,,,,,,,,,,,,,,,,,,
14923480,2026-10-01 10:21:46,sim13,005030,,skip,theme_momentum_weak,,,,,,,,,,,,,,,,,,,,,,,,,,,
14923480,2026-10-01 10:21:46,sim13,480370,,skip,adx_weak,,,,25.87601078167116,,,,,,,,,,,,,,,,,,,,,,,
14923480,2026-10-01 10:21:46,sim13,055490,,skip,theme_momentum_weak,,,,,,,,,,,,,,,,,,,,,,,,,,,
14923480,2026-10-01 10:21:46,sim13,009420,,skip,theme_momentum_weak,,,,,,,,,,,,,,,,,,,,,,,,,,,
14923480,2026-10-01 10:21:46,sim13,248070,,skip,theme_momentum_weak,,,,,,,,,,,,,,,,,,,,,,,,,,,
14923480,2026-10-01 10:21:46,sim13,000760,,skip,theme_momentum_weak,,,,,,,,,,,,,,,,,,,,,,,,,,,
14923480,2026-10-01 10:21:46,sim13,0126Z0,,skip,theme_momentum_weak,,,,,,,,,,,,,,,,,,,,,,,,,,,
14923480,2026-10-01 10:21:46,sim13,093370,,skip,no_frgn_support,,,,,,,,,,,,,,,,,,,,,,,,,,,
14923480,2026-10-01 10:21:46,sim13,005850,,skip,theme_momentum_weak,,,,,,,,,,,,,,,,,,,,,,,,,,,
14923480,2026-10-01 10:21:46,sim13,181710,,skip,theme_momentum_weak,,,,,,,,,,,,,,,,,,,,,,,,,,,
14923480,2026-10-01 10:21:46,sim13,012030,,skip,adx_weak,,,,35.77142857142857,,,,,,,,,,,,,,,,,,,,,,,
14923480,2026-10-01 10:21:46,sim13,015590,,skip,amount_not_surprised,,,,,,,,,,,,,,,,,,,,,,,,,,,
14923480,2026-10-01 10:21:46,sim13,003120,,skip,theme_momentum_weak,,,,,,,,,,,,,,,,,,,,,,,,,,,
14923480,2026-10-01 10:21:46,sim13,003465,,skip,theme_momentum_weak,,,,,,,,,,,,,,,,,,,,,,,,,,,
14923480,2026-10-01 10:21:46,sim13,014680,,skip,amount_not_surprised,,,,,,,,,,,,,,,,,,,,,,,,,,,
14923480,2026-10-01 10:21:46,sim13,011930,,skip,theme_momentum_weak,,,,,,,,,,,,,,,,,,,,,,,,,,,
14923480,2026-10-01 10:21:46,sim13,006280,,skip,theme_momentum_weak,,,,,,,,,,,,,,,,,,,,,,,,,,,
14923480,2026-10-01 10:21:46,sim13,078520,,skip,theme_momentum_weak,,,,,,,,,,,,,,,,,,,,,,,,,,,
14923480,2026-10-01 10:21:46,sim13,005430,,skip,theme_momentum_weak,,,,,,,,,,,,,,,,,,,,,,,,,,,
14923480,2026-10-01 10:21:46,sim13,012330,,skip,theme_momentum_weak,,,,,,,,,,,,,,,,,,,,,,,,,,,
14923481,2026-10-01 10:23:47,sim13,084010,,skip,theme_momentum_weak,,,,,,,,,,,,,,,,,,,,,,,,,,,
14923481,2026-10-01 10:23:47,sim13,192650,,skip,no_frgn_support,,,,,,,,,,,,,,,,,,,,,,,,,,,
14923481,2026-10-01 10:23:47,sim13,036570,,skip,theme_momentum_weak,,,,,,,,,,,,,,,,,,,,,,,,,,,
14923481,2026-10-01 10:23:47,sim13,004105,,skip,no_frgn_support,,,,,,,,,,,,,,,,,,,,,,,,,,,
14923481,2026-10-01 10:23:47,sim13,003160,,skip,no_frgn_support,,,,,,,,,,,,,,,,,,,,,,,,,,,
14923481,2026-10-01 10:23:47,sim13,093050,,skip,theme_momentum_weak,,,,,,,,,,,,,,,,,,,,,,,,,,,
14923481,2026-10-01 10:23:47,sim13,460860,,skip,theme_momentum_weak,,,,,,,,,,,,,,,,,,,,,,,,,,,
14923481,2026-10-01 10:23:47,sim13,109070,,skip,amount_not_surprised,,,,,,,,,,,,,,,,,,,,,,,,,,,
14923481,2026-10-01 10:23:47,sim13,005030,,skip,theme_momentum_weak,,,,,,,,,,,,,,,,,,,,,,,,,,,
14923481,2026-10-01 10:23:47,sim13,002240,,skip,theme_momentum_weak,,,,,,,,,,,,,,,,,,,,,,,,,,,
14923481,2026-10-01 10:23:47,sim13,009420,,skip,theme_momentum_weak,,,,,,,,,,,,,,,,,,,,,,,,,,,
14923481,2026-10-01 10:23:47,sim13,0126Z0,,skip,theme_momentum_weak,,,,,,,,,,,,,,,,,,,,,,,,,,,
14923481,2026-10-01 10:23:47,sim13,248070,,skip,theme_momentum_weak,,,,,,,,,,,,,,,,,,,,,,,,,,,
14923481,2026-10-01 10:23:47,sim13,004710,,skip,amount_not_surprised,,,,,,,,,,,,,,,,,,,,,,,,,,,
14923481,2026-10-01 10:23:47,sim13,015590,,skip,amount_not_surprised,,,,,,,,,,,,,,,,,,,,,,,,,,,
14923481,2026-10-01 10:23:47,sim13,000760,,skip,theme_momentum_weak,,,,,,,,,,,,,,,,,,,,,,,,,,,
14923481,2026-10-01 10:23:47,sim13,005850,,skip,theme_momentum_weak,,,,,,,,,,,,,,,,,,,,,,,,,,,
14923481,2026-10-01 10:23:47,sim13,055490,,skip,theme_momentum_weak,,,,,,,,,,,,,,,,,,,,,,,,,,,
14923481,2026-10-01 10:23:47,sim13,181710,,skip,theme_momentum_weak,,,,,,,,,,,,,,,,,,,,,,,,,,,
14923481,2026-10-01 10:23:47,sim13,012030,,skip,adx_weak,,,,35.77142857142857,,,,,,,,,,,,,,,,,,,,,,,
14923481,2026-10-01 10:23:47,sim13,093370,,skip,no_frgn_support,,,,,,,,,,,,,,,,,,,,,,,,,,,
14923481,2026-10-01 10:23:47,sim13,480370,,skip,adx_weak,,,,25.87601078167116,,,,,,,,,,,,,,,,,,,,,,,
14923481,2026-10-01 10:23:47,sim13,003120,,skip,theme_momentum_weak,,,,,,,,,,,,,,,,,,,,,,,,,,,
14923481,2026-10-01 10:23:47,sim13,003465,,skip,theme_momentum_weak,,,,,,,,,,,,,,,,,,,,,,,,,,,
14923481,2026-10-01 10:23:47,sim13,012200,,skip,theme_momentum_weak,,,,,,,,,,,,,,,,,,,,,,,,,,,
14923481,2026-10-01 10:23:47,sim13,011930,,skip,theme_momentum_weak,,,,,,,,,,,,,,,,,,,,,,,,,,,
14923481,2026-10-01 10:23:47,sim13,014680,,skip,amount_not_surprised,,,,,,,,,,,,,,,,,,,,,,,,,,,
14923481,2026-10-01 10:23:47,sim13,078520,,skip,theme_momentum_weak,,,,,,,,,,,,,,,,,,,,,,,,,,,
14923481,2026-10-01 10:23:47,sim13,006280,,skip,theme_momentum_weak,,,,,,,,,,,,,,,,,,,,,,,,,,,
14923481,2026-10-01 10:23:47,sim13,005430,,skip,theme_momentum_weak,,,,,,,,,,,,,,,,,,,,,,,,,,,
14923482,2026-10-01 10:25:46,sim13,084010,,skip,theme_momentum_weak,,,,,,,,,,,,,,,,,,,,,,,,,,,
14923482,2026-10-01 10:25:46,sim13,192650,,skip,no_frgn_support,,,,,,,,,,,,,,,,,,,,,,,,,,,
14923482,2026-10-01 10:25:46,sim13,036570,,skip,theme_momentum_weak,,,,,,,,,,,,,,,,,,,,,,,,,,,
14923482,2026-10-01 10:25:46,sim13,004105,,skip,no_frgn_support,,,,,,,,,,,,,,,,,,,,,,,,,,,
14923482,2026-10-01 10:25:46,sim13,093050,,skip,theme_momentum_weak,,,,,,,,,,,,,,,,,,,,,,,,,,,
14923482,2026-10-01 10:25:46,sim13,003160,,skip,no_frgn_support,,,,,,,,,,,,,,,,,,,,,,,,,,,
14923482,2026-10-01 10:25:46,sim13,460860,,skip,theme_momentum_weak,,,,,,,,,,,,,,,,,,,,,,,,,,,
14923482,2026-10-01 10:25:46,sim13,109070,,skip,amount_not_surprised,,,,,,,,,,,,,,,,,,,,,,,,,,,
14923482,2026-10-01 10:25:46,sim13,002240,,skip,theme_momentum_weak,,,,,,,,,,,,,,,,,,,,,,,,,,,
14923482,2026-10-01 10:25:46,sim13,005030,,skip,theme_momentum_weak,,,,,,,,,,,,,,,,,,,,,,,,,,,
14923482,2026-10-01 10:25:46,sim13,0126Z0,,skip,theme_momentum_weak,,,,,,,,,,,,,,,,,,,,,,,,,,,
14923482,2026-10-01 10:25:46,sim13,009420,,skip,theme_momentum_weak,,,,,,,,,,,,,,,,,,,,,,,,,,,
14923482,2026-10-01 10:25:46,sim13,248070,,skip,theme_momentum_weak,,,,,,,,,,,,,,,,,,,,,,,,,,,
14923482,2026-10-01 10:25:46,sim13,004710,,skip,amount_not_surprised,,,,,,,,,,,,,,,,,,,,,,,,,,,
14923482,2026-10-01 10:25:46,sim13,005850,,skip,theme_momentum_weak,,,,,,,,,,,,,,,,,,,,,,,,,,,
14923482,2026-10-01 10:25:46,sim13,055490,,skip,theme_momentum_weak,,,,,,,,,,,,,,,,,,,,,,,,,,,
14923482,2026-10-01 10:25:46,sim13,015590,,skip,amount_not_surprised,,,,,,,,,,,,,,,,,,,,,,,,,,,
14923482,2026-10-01 10:25:46,sim13,000760,,skip,theme_momentum_weak,,,,,,,,,,,,,,,,,,,,,,,,,,,
14923482,2026-10-01 10:25:46,sim13,480370,,skip,adx_weak,,,,25.87601078167116,,,,,,,,,,,,,,,,,,,,,,,
14923482,2026-10-01 10:25:46,sim13,093370,,skip,no_frgn_support,,,,,,,,,,,,,,,,,,,,,,,,,,,
14923482,2026-10-01 10:25:46,sim13,181710,,skip,theme_momentum_weak,,,,,,,,,,,,,,,,,,,,,,,,,,,
14923482,2026-10-01 10:25:46,sim13,012030,,skip,adx_weak,,,,35.77142857142857,,,,,,,,,,,,,,,,,,,,,,,
14923482,2026-10-01 10:25:46,sim13,014680,,skip,amount_not_surprised,,,,,,,,,,,,,,,,,,,,,,,,,,,
14923482,2026-10-01 10:25:46,sim13,011930,,skip,theme_momentum_weak,,,,,,,,,,,,,,,,,,,,,,,,,,,
14923482,2026-10-01 10:25:46,sim13,003120,,skip,theme_momentum_weak,,,,,,,,,,,,,,,,,,,,,,,,,,,
14923482,2026-10-01 10:25:46,sim13,003465,,skip,theme_momentum_weak,,,,,,,,,,,,,,,,,,,,,,,,,,,
14923482,2026-10-01 10:25:46,sim13,012200,,skip,theme_momentum_weak,,,,,,,,,,,,,,,,,,,,,,,,,,,
14923482,2026-10-01 10:25:46,sim13,006280,,skip,theme_momentum_weak,,,,,,,,,,,,,,,,,,,,,,,,,,,
14923482,2026-10-01 10:25:46,sim13,078520,,skip,theme_momentum_weak,,,,,,,,,,,,,,,,,,,,,,,,,,,
14923482,2026-10-01 10:25:46,sim13,001820,,skip,adx_weak,,,,38.26173826173826,,,,,,,,,,,,,,,,,,,,,,,
14923483,2026-10-01 10:27:52,sim13,084010,,skip,theme_momentum_weak,,,,,,,,,,,,,,,,,,,,,,,,,,,
14923483,2026-10-01 10:27:52,sim13,192650,,skip,no_frgn_support,,,,,,,,,,,,,,,,,,,,,,,,,,,
14923483,2026-10-01 10:27:52,sim13,036570,,skip,theme_momentum_weak,,,,,,,,,,,,,,,,,,,,,,,,,,,
14923483,2026-10-01 10:27:52,sim13,004105,,skip,no_frgn_support,,,,,,,,,,,,,,,,,,,,,,,,,,,
14923483,2026-10-01 10:27:52,sim13,093050,,skip,theme_momentum_weak,,,,,,,,,,,,,,,,,,,,,,,,,,,
14923483,2026-10-01 10:27:52,sim13,009420,,skip,theme_momentum_weak,,,,,,,,,,,,,,,,,,,,,,,,,,,
14923483,2026-10-01 10:27:52,sim13,003160,,skip,no_frgn_support,,,,,,,,,,,,,,,,,,,,,,,,,,,
14923483,2026-10-01 10:27:52,sim13,109070,,skip,amount_not_surprised,,,,,,,,,,,,,,,,,,,,,,,,,,,
14923483,2026-10-01 10:27:52,sim13,0126Z0,,skip,theme_momentum_weak,,,,,,,,,,,,,,,,,,,,,,,,,,,
14923483,2026-10-01 10:27:52,sim13,002240,,skip,theme_momentum_weak,,,,,,,,,,,,,,,,,,,,,,,,,,,
14923483,2026-10-01 10:27:52,sim13,005030,,skip,theme_momentum_weak,,,,,,,,,,,,,,,,,,,,,,,,,,,
14923483,2026-10-01 10:27:52,sim13,460860,,skip,theme_momentum_weak,,,,,,,,,,,,,,,,,,,,,,,,,,,
14923483,2026-10-01 10:27:52,sim13,248070,,skip,theme_momentum_weak,,,,,,,,,,,,,,,,,,,,,,,,,,,
14923483,2026-10-01 10:27:52,sim13,004710,,skip,amount_not_surprised,,,,,,,,,,,,,,,,,,,,,,,,,,,
14923483,2026-10-01 10:27:52,sim13,055490,,skip,theme_momentum_weak,,,,,,,,,,,,,,,,,,,,,,,,,,,
14923483,2026-10-01 10:27:52,sim13,000760,,skip,theme_momentum_weak,,,,,,,,,,,,,,,,,,,,,,,,,,,
14923483,2026-10-01 10:27:52,sim13,005850,,skip,theme_momentum_weak,,,,,,,,,,,,,,,,,,,,,,,,,,,
14923483,2026-10-01 10:27:52,sim13,093370,,skip,no_frgn_support,,,,,,,,,,,,,,,,,,,,,,,,,,,
14923483,2026-10-01 10:27:52,sim13,480370,,skip,adx_weak,,,,25.87601078167116,,,,,,,,,,,,,,,,,,,,,,,
14923483,2026-10-01 10:27:52,sim13,012030,,skip,adx_weak,,,,35.77142857142857,,,,,,,,,,,,,,,,,,,,,,,
14923483,2026-10-01 10:27:52,sim13,015590,,skip,amount_not_surprised,,,,,,,,,,,,,,,,,,,,,,,,,,,
14923483,2026-10-01 10:27:52,sim13,181710,,skip,theme_momentum_weak,,,,,,,,,,,,,,,,,,,,,,,,,,,
14923483,2026-10-01 10:27:52,sim13,014680,,skip,amount_not_surprised,,,,,,,,,,,,,,,,,,,,,,,,,,,
14923483,2026-10-01 10:27:52,sim13,003465,,skip,theme_momentum_weak,,,,,,,,,,,,,,,,,,,,,,,,,,,
14923483,2026-10-01 10:27:52,sim13,012200,,skip,theme_momentum_weak,,,,,,,,,,,,,,,,,,,,,,,,,,,
14923483,2026-10-01 10:27:52,sim13,011930,,skip,theme_momentum_weak,,,,,,,,,,,,,,,,,,,,,,,,,,,
14923483,2026-10-01 10:27:52,sim13,0120G0,,skip,theme_momentum_weak,,,,,,,,,,,,,,,,,,,,,,,,,,,
14923483,2026-10-01 10:27:52,sim13,006280,,skip,theme_momentum_weak,,,,,,,,,,,,,,,,,,,,,,,,,,,
14923483,2026-10-01 10:27:52,sim13,077500,,skip,held_or_cooldown,,,,,,,,,,,,,,,,,,,,,,,,,,,
14923483,2026-10-01 10:27:52,sim13,078520,,skip,theme_momentum_weak,,,,,,,,,,,,,,,,,,,,,,,,,,,
14923484,2026-10-01 10:29:50,sim13,084010,,skip,theme_momentum_weak,,,,,,,,,,,,,,,,,,,,,,,,,,,
14923484,2026-10-01 10:29:50,sim13,192650,,skip,no_frgn_support,,,,,,,,,,,,,,,,,,,,,,,,,,,
14923484,2026-10-01 10:29:50,sim13,036570,,skip,theme_momentum_weak,,,,,,,,,,,,,,,,,,,,,,,,,,,
14923484,2026-10-01 10:29:50,sim13,093050,,skip,theme_momentum_weak,,,,,,,,,,,,,,,,,,,,,,,,,,,
14923484,2026-10-01 10:29:50,sim13,004105,,skip,no_frgn_support,,,,,,,,,,,,,,,,,,,,,,,,,,,
14923484,2026-10-01 10:29:50,sim13,009420,,skip,theme_momentum_weak,,,,,,,,,,,,,,,,,,,,,,,,,,,
14923484,2026-10-01 10:29:50,sim13,0126Z0,,skip,theme_momentum_weak,,,,,,,,,,,,,,,,,,,,,,,,,,,
14923484,2026-10-01 10:29:50,sim13,109070,,skip,amount_not_surprised,,,,,,,,,,,,,,,,,,,,,,,,,,,
14923484,2026-10-01 10:29:50,sim13,003160,,skip,no_frgn_support,,,,,,,,,,,,,,,,,,,,,,,,,,,
14923484,2026-10-01 10:29:50,sim13,002240,,skip,theme_momentum_weak,,,,,,,,,,,,,,,,,,,,,,,,,,,
14923484,2026-10-01 10:29:50,sim13,005030,,skip,theme_momentum_weak,,,,,,,,,,,,,,,,,,,,,,,,,,,
14923484,2026-10-01 10:29:50,sim13,004710,,skip,amount_not_surprised,,,,,,,,,,,,,,,,,,,,,,,,,,,
14923484,2026-10-01 10:29:50,sim13,460860,,skip,theme_momentum_weak,,,,,,,,,,,,,,,,,,,,,,,,,,,
14923484,2026-10-01 10:29:50,sim13,248070,,skip,theme_momentum_weak,,,,,,,,,,,,,,,,,,,,,,,,,,,
14923484,2026-10-01 10:29:50,sim13,055490,,skip,theme_momentum_weak,,,,,,,,,,,,,,,,,,,,,,,,,,,
14923484,2026-10-01 10:29:50,sim13,012200,,skip,theme_momentum_weak,,,,,,,,,,,,,,,,,,,,,,,,,,,
14923484,2026-10-01 10:29:50,sim13,000760,,skip,theme_momentum_weak,,,,,,,,,,,,,,,,,,,,,,,,,,,
14923484,2026-10-01 10:29:50,sim13,181710,,skip,theme_momentum_weak,,,,,,,,,,,,,,,,,,,,,,,,,,,
14923484,2026-10-01 10:29:50,sim13,005850,,skip,theme_momentum_weak,,,,,,,,,,,,,,,,,,,,,,,,,,,
14923484,2026-10-01 10:29:50,sim13,077500,,skip,held_or_cooldown,,,,,,,,,,,,,,,,,,,,,,,,,,,
14923484,2026-10-01 10:29:50,sim13,093370,,skip,no_frgn_support,,,,,,,,,,,,,,,,,,,,,,,,,,,
14923484,2026-10-01 10:29:50,sim13,012030,,skip,adx_weak,,,,35.77142857142857,,,,,,,,,,,,,,,,,,,,,,,
14923484,2026-10-01 10:29:50,sim13,480370,,skip,adx_weak,,,,25.87601078167116,,,,,,,,,,,,,,,,,,,,,,,
14923484,2026-10-01 10:29:50,sim13,001360,,skip,theme_momentum_weak,,,,,,,,,,,,,,,,,,,,,,,,,,,
14923484,2026-10-01 10:29:50,sim13,015590,,skip,amount_not_surprised,,,,,,,,,,,,,,,,,,,,,,,,,,,
14923484,2026-10-01 10:29:50,sim13,014680,,skip,amount_not_surprised,,,,,,,,,,,,,,,,,,,,,,,,,,,
14923484,2026-10-01 10:29:50,sim13,003465,,skip,theme_momentum_weak,,,,,,,,,,,,,,,,,,,,,,,,,,,
14923484,2026-10-01 10:29:50,sim13,006280,,skip,theme_momentum_weak,,,,,,,,,,,,,,,,,,,,,,,,,,,
14923484,2026-10-01 10:29:50,sim13,0120G0,,skip,theme_momentum_weak,,,,,,,,,,,,,,,,,,,,,,,,,,,
14923484,2026-10-01 10:29:50,sim13,011930,,skip,theme_momentum_weak,,,,,,,,,,,,,,,,,,,,,,,,,,,
14923485,2026-10-01 10:32:06,sim13,084010,,skip,theme_momentum_weak,,,,,,,,,,,,,,,,,,,,,,,,,,,
14923485,2026-10-01 10:32:06,sim13,005030,,skip,theme_momentum_weak,,,,,,,,,,,,,,,,,,,,,,,,,,,
14923485,2026-10-01 10:32:06,sim13,192650,,skip,no_frgn_support,,,,,,,,,,,,,,,,,,,,,,,,,,,
14923485,2026-10-01 10:32:06,sim13,036570,,skip,theme_momentum_weak,,,,,,,,,,,,,,,,,,,,,,,,,,,
14923485,2026-10-01 10:32:06,sim13,109070,,skip,amount_not_surprised,,,,,,,,,,,,,,,,,,,,,,,,,,,
14923485,2026-10-01 10:32:06,sim13,004105,,skip,no_frgn_support,,,,,,,,,,,,,,,,,,,,,,,,,,,
14923485,2026-10-01 10:32:06,sim13,093050,,skip,theme_momentum_weak,,,,,,,,,,,,,,,,,,,,,,,,,,,
14923485,2026-10-01 10:32:06,sim13,0126Z0,,skip,theme_momentum_weak,,,,,,,,,,,,,,,,,,,,,,,,,,,
14923485,2026-10-01 10:32:06,sim13,002240,,skip,theme_momentum_weak,,,,,,,,,,,,,,,,,,,,,,,,,,,
14923485,2026-10-01 10:32:06,sim13,003160,,skip,no_frgn_support,,,,,,,,,,,,,,,,,,,,,,,,,,,
14923485,2026-10-01 10:32:06,sim13,248070,,skip,theme_momentum_weak,,,,,,,,,,,,,,,,,,,,,,,,,,,
14923485,2026-10-01 10:32:06,sim13,004710,,skip,amount_not_surprised,,,,,,,,,,,,,,,,,,,,,,,,,,,
14923485,2026-10-01 10:32:06,sim13,009420,,skip,theme_momentum_weak,,,,,,,,,,,,,,,,,,,,,,,,,,,
14923485,2026-10-01 10:32:06,sim13,460860,,skip,theme_momentum_weak,,,,,,,,,,,,,,,,,,,,,,,,,,,
14923485,2026-10-01 10:32:06,sim13,055490,,skip,theme_momentum_weak,,,,,,,,,,,,,,,,,,,,,,,,,,,
14923485,2026-10-01 10:32:06,sim13,000760,,skip,theme_momentum_weak,,,,,,,,,,,,,,,,,,,,,,,,,,,
14923485,2026-10-01 10:32:06,sim13,181710,,skip,theme_momentum_weak,,,,,,,,,,,,,,,,,,,,,,,,,,,
14923485,2026-10-01 10:32:06,sim13,012030,,skip,adx_weak,,,,35.77142857142857,,,,,,,,,,,,,,,,,,,,,,,
14923485,2026-10-01 10:32:06,sim13,480370,,skip,adx_weak,,,,25.87601078167116,,,,,,,,,,,,,,,,,,,,,,,
14923485,2026-10-01 10:32:06,sim13,005850,,skip,theme_momentum_weak,,,,,,,,,,,,,,,,,,,,,,,,,,,
14923485,2026-10-01 10:32:06,sim13,015590,,skip,amount_not_surprised,,,,,,,,,,,,,,,,,,,,,,,,,,,
14923485,2026-10-01 10:32:06,sim13,006280,,skip,theme_momentum_weak,,,,,,,,,,,,,,,,,,,,,,,,,,,
14923485,2026-10-01 10:32:06,sim13,014680,,skip,amount_not_surprised,,,,,,,,,,,,,,,,,,,,,,,,,,,
14923485,2026-10-01 10:32:06,sim13,003465,,skip,theme_momentum_weak,,,,,,,,,,,,,,,,,,,,,,,,,,,
14923485,2026-10-01 10:32:06,sim13,012200,,skip,theme_momentum_weak,,,,,,,,,,,,,,,,,,,,,,,,,,,
14923485,2026-10-01 10:32:06,sim13,077500,,skip,held_or_cooldown,,,,,,,,,,,,,,,,,,,,,,,,,,,
14923485,2026-10-01 10:32:06,sim13,001820,,skip,adx_weak,,,,38.26173826173826,,,,,,,,,,,,,,,,,,,,,,,
14923485,2026-10-01 10:32:06,sim13,003120,,skip,theme_momentum_weak,,,,,,,,,,,,,,,,,,,,,,,,,,,
14923485,2026-10-01 10:32:06,sim13,011930,,skip,theme_momentum_weak,,,,,,,,,,,,,,,,,,,,,,,,,,,
14923485,2026-10-01 10:32:06,sim13,0120G0,,skip,theme_momentum_weak,,,,,,,,,,,,,,,,,,,,,,,,,,,
14923486,2026-10-01 10:34:11,sim13,084010,,skip,theme_momentum_weak,,,,,,,,,,,,,,,,,,,,,,,,,,,
14923486,2026-10-01 10:34:11,sim13,005030,,skip,theme_momentum_weak,,,,,,,,,,,,,,,,,,,,,,,,,,,
14923486,2026-10-01 10:34:11,sim13,192650,,skip,no_frgn_support,,,,,,,,,,,,,,,,,,,,,,,,,,,
14923486,2026-10-01 10:34:11,sim13,036570,,skip,theme_momentum_weak,,,,,,,,,,,,,,,,,,,,,,,,,,,
14923486,2026-10-01 10:34:11,sim13,109070,,skip,amount_not_surprised,,,,,,,,,,,,,,,,,,,,,,,,,,,
14923486,2026-10-01 10:34:11,sim13,004105,,skip,no_frgn_support,,,,,,,,,,,,,,,,,,,,,,,,,,,
14923486,2026-10-01 10:34:11,sim13,093050,,skip,theme_momentum_weak,,,,,,,,,,,,,,,,,,,,,,,,,,,
14923486,2026-10-01 10:34:11,sim13,0126Z0,,skip,theme_momentum_weak,,,,,,,,,,,,,,,,,,,,,,,,,,,
14923486,2026-10-01 10:34:11,sim13,002240,,skip,theme_momentum_weak,,,,,,,,,,,,,,,,,,,,,,,,,,,
14923486,2026-10-01 10:34:11,sim13,003160,,skip,no_frgn_support,,,,,,,,,,,,,,,,,,,,,,,,,,,
14923486,2026-10-01 10:34:11,sim13,460860,,skip,theme_momentum_weak,,,,,,,,,,,,,,,,,,,,,,,,,,,
14923486,2026-10-01 10:34:11,sim13,248070,,skip,theme_momentum_weak,,,,,,,,,,,,,,,,,,,,,,,,,,,
14923486,2026-10-01 10:34:11,sim13,009420,,skip,theme_momentum_weak,,,,,,,,,,,,,,,,,,,,,,,,,,,
14923486,2026-10-01 10:34:11,sim13,004710,,skip,amount_not_surprised,,,,,,,,,,,,,,,,,,,,,,,,,,,
14923486,2026-10-01 10:34:11,sim13,055490,,skip,theme_momentum_weak,,,,,,,,,,,,,,,,,,,,,,,,,,,
14923486,2026-10-01 10:34:11,sim13,012200,,skip,theme_momentum_weak,,,,,,,,,,,,,,,,,,,,,,,,,,,
14923486,2026-10-01 10:34:11,sim13,000760,,skip,theme_momentum_weak,,,,,,,,,,,,,,,,,,,,,,,,,,,
14923486,2026-10-01 10:34:11,sim13,012030,,skip,adx_weak,,,,35.77142857142857,,,,,,,,,,,,,,,,,,,,,,,
14923486,2026-10-01 10:34:11,sim13,005850,,skip,theme_momentum_weak,,,,,,,,,,,,,,,,,,,,,,,,,,,
14923486,2026-10-01 10:34:11,sim13,001820,,skip,adx_weak,,,,38.26173826173826,,,,,,,,,,,,,,,,,,,,,,,
14923486,2026-10-01 10:34:11,sim13,181710,,skip,theme_momentum_weak,,,,,,,,,,,,,,,,,,,,,,,,,,,
14923486,2026-10-01 10:34:11,sim13,480370,,skip,adx_weak,,,,25.87601078167116,,,,,,,,,,,,,,,,,,,,,,,
14923486,2026-10-01 10:34:11,sim13,015590,,skip,amount_not_surprised,,,,,,,,,,,,,,,,,,,,,,,,,,,
14923486,2026-10-01 10:34:11,sim13,006280,,skip,theme_momentum_weak,,,,,,,,,,,,,,,,,,,,,,,,,,,
14923486,2026-10-01 10:34:11,sim13,014680,,skip,amount_not_surprised,,,,,,,,,,,,,,,,,,,,,,,,,,,
14923486,2026-10-01 10:34:11,sim13,003465,,skip,theme_momentum_weak,,,,,,,,,,,,,,,,,,,,,,,,,,,
14923486,2026-10-01 10:34:11,sim13,077500,,skip,held_or_cooldown,,,,,,,,,,,,,,,,,,,,,,,,,,,
14923486,2026-10-01 10:34:11,sim13,003120,,skip,theme_momentum_weak,,,,,,,,,,,,,,,,,,,,,,,,,,,
14923486,2026-10-01 10:34:11,sim13,000640,,skip,theme_momentum_weak,,,,,,,,,,,,,,,,,,,,,,,,,,,
14923486,2026-10-01 10:34:11,sim13,078520,,skip,theme_momentum_weak,,,,,,,,,,,,,,,,,,,,,,,,,,,
14923487,2026-10-01 10:36:19,sim13,084010,,skip,theme_momentum_weak,,,,,,,,,,,,,,,,,,,,,,,,,,,
14923487,2026-10-01 10:36:19,sim13,005030,,skip,theme_momentum_weak,,,,,,,,,,,,,,,,,,,,,,,,,,,
14923487,2026-10-01 10:36:19,sim13,192650,,skip,no_frgn_support,,,,,,,,,,,,,,,,,,,,,,,,,,,
14923487,2026-10-01 10:36:19,sim13,036570,,skip,theme_momentum_weak,,,,,,,,,,,,,,,,,,,,,,,,,,,
14923487,2026-10-01 10:36:19,sim13,0126Z0,,skip,theme_momentum_weak,,,,,,,,,,,,,,,,,,,,,,,,,,,
14923487,2026-10-01 10:36:19,sim13,109070,,skip,amount_not_surprised,,,,,,,,,,,,,,,,,,,,,,,,,,,
14923487,2026-10-01 10:36:19,sim13,004105,,skip,no_frgn_support,,,,,,,,,,,,,,,,,,,,,,,,,,,
14923487,2026-10-01 10:36:19,sim13,009420,,skip,theme_momentum_weak,,,,,,,,,,,,,,,,,,,,,,,,,,,
14923487,2026-10-01 10:36:19,sim13,093050,,skip,theme_momentum_weak,,,,,,,,,,,,,,,,,,,,,,,,,,,
14923487,2026-10-01 10:36:19,sim13,003160,,skip,no_frgn_support,,,,,,,,,,,,,,,,,,,,,,,,,,,
14923487,2026-10-01 10:36:19,sim13,002240,,skip,theme_momentum_weak,,,,,,,,,,,,,,,,,,,,,,,,,,,
14923487,2026-10-01 10:36:19,sim13,004710,,skip,amount_not_surprised,,,,,,,,,,,,,,,,,,,,,,,,,,,
14923487,2026-10-01 10:36:19,sim13,248070,,skip,theme_momentum_weak,,,,,,,,,,,,,,,,,,,,,,,,,,,
14923487,2026-10-01 10:36:19,sim13,460860,,skip,theme_momentum_weak,,,,,,,,,,,,,,,,,,,,,,,,,,,
14923487,2026-10-01 10:36:19,sim13,012200,,skip,theme_momentum_weak,,,,,,,,,,,,,,,,,,,,,,,,,,,
14923487,2026-10-01 10:36:19,sim13,001820,,skip,adx_weak,,,,38.26173826173826,,,,,,,,,,,,,,,,,,,,,,,
14923487,2026-10-01 10:36:19,sim13,005850,,skip,theme_momentum_weak,,,,,,,,,,,,,,,,,,,,,,,,,,,
14923487,2026-10-01 10:36:19,sim13,000760,,skip,theme_momentum_weak,,,,,,,,,,,,,,,,,,,,,,,,,,,
14923487,2026-10-01 10:36:19,sim13,181710,,skip,theme_momentum_weak,,,,,,,,,,,,,,,,,,,,,,,,,,,
14923487,2026-10-01 10:36:19,sim13,012030,,skip,adx_weak,,,,35.77142857142857,,,,,,,,,,,,,,,,,,,,,,,
14923487,2026-10-01 10:36:19,sim13,055490,,skip,theme_momentum_weak,,,,,,,,,,,,,,,,,,,,,,,,,,,
14923487,2026-10-01 10:36:19,sim13,077500,,skip,held_or_cooldown,,,,,,,,,,,,,,,,,,,,,,,,,,,
14923487,2026-10-01 10:36:19,sim13,480370,,skip,adx_weak,,,,25.87601078167116,,,,,,,,,,,,,,,,,,,,,,,
14923487,2026-10-01 10:36:19,sim13,015590,,skip,amount_not_surprised,,,,,,,,,,,,,,,,,,,,,,,,,,,
14923487,2026-10-01 10:36:19,sim13,006280,,skip,theme_momentum_weak,,,,,,,,,,,,,,,,,,,,,,,,,,,
14923487,2026-10-01 10:36:19,sim13,014680,,skip,amount_not_surprised,,,,,,,,,,,,,,,,,,,,,,,,,,,
14923487,2026-10-01 10:36:19,sim13,0120G0,,skip,theme_momentum_weak,,,,,,,,,,,,,,,,,,,,,,,,,,,
14923487,2026-10-01 10:36:19,sim13,003465,,skip,theme_momentum_weak,,,,,,,,,,,,,,,,,,,,,,,,,,,
14923487,2026-10-01 10:36:19,sim13,003120,,skip,theme_momentum_weak,,,,,,,,,,,,,,,,,,,,,,,,,,,
14923487,2026-10-01 10:36:19,sim13,000640,,skip,theme_momentum_weak,,,,,,,,,,,,,,,,,,,,,,,,,,,
14923488,2026-10-01 10:38:25,sim13,084010,,skip,theme_momentum_weak,,,,,,,,,,,,,,,,,,,,,,,,,,,
14923488,2026-10-01 10:38:25,sim13,005030,,skip,theme_momentum_weak,,,,,,,,,,,,,,,,,,,,,,,,,,,
14923488,2026-10-01 10:38:25,sim13,192650,,skip,no_frgn_support,,,,,,,,,,,,,,,,,,,,,,,,,,,
14923488,2026-10-01 10:38:25,sim13,036570,,skip,theme_momentum_weak,,,,,,,,,,,,,,,,,,,,,,,,,,,
14923488,2026-10-01 10:38:25,sim13,0126Z0,,skip,theme_momentum_weak,,,,,,,,,,,,,,,,,,,,,,,,,,,
14923488,2026-10-01 10:38:25,sim13,109070,,skip,amount_not_surprised,,,,,,,,,,,,,,,,,,,,,,,,,,,
14923488,2026-10-01 10:38:25,sim13,004105,,skip,no_frgn_support,,,,,,,,,,,,,,,,,,,,,,,,,,,
14923488,2026-10-01 10:38:25,sim13,009420,,skip,theme_momentum_weak,,,,,,,,,,,,,,,,,,,,,,,,,,,
14923488,2026-10-01 10:38:25,sim13,093050,,skip,theme_momentum_weak,,,,,,,,,,,,,,,,,,,,,,,,,,,
14923488,2026-10-01 10:38:25,sim13,003160,,skip,no_frgn_support,,,,,,,,,,,,,,,,,,,,,,,,,,,
14923488,2026-10-01 10:38:25,sim13,002240,,skip,theme_momentum_weak,,,,,,,,,,,,,,,,,,,,,,,,,,,
14923488,2026-10-01 10:38:25,sim13,248070,,skip,theme_momentum_weak,,,,,,,,,,,,,,,,,,,,,,,,,,,
14923488,2026-10-01 10:38:25,sim13,004710,,skip,amount_not_surprised,,,,,,,,,,,,,,,,,,,,,,,,,,,
14923488,2026-10-01 10:38:25,sim13,001820,,skip,adx_weak,,,,38.26173826173826,,,,,,,,,,,,,,,,,,,,,,,
14923488,2026-10-01 10:38:25,sim13,012200,,skip,theme_momentum_weak,,,,,,,,,,,,,,,,,,,,,,,,,,,
14923488,2026-10-01 10:38:25,sim13,460860,,skip,theme_momentum_weak,,,,,,,,,,,,,,,,,,,,,,,,,,,
14923488,2026-10-01 10:38:25,sim13,005850,,skip,theme_momentum_weak,,,,,,,,,,,,,,,,,,,,,,,,,,,
14923488,2026-10-01 10:38:25,sim13,000760,,skip,theme_momentum_weak,,,,,,,,,,,,,,,,,,,,,,,,,,,
14923488,2026-10-01 10:38:25,sim13,077500,,skip,held_or_cooldown,,,,,,,,,,,,,,,,,,,,,,,,,,,
14923488,2026-10-01 10:38:25,sim13,181710,,skip,theme_momentum_weak,,,,,,,,,,,,,,,,,,,,,,,,,,,
14923488,2026-10-01 10:38:25,sim13,001360,,skip,theme_momentum_weak,,,,,,,,,,,,,,,,,,,,,,,,,,,
14923488,2026-10-01 10:38:25,sim13,012030,,skip,adx_weak,,,,35.77142857142857,,,,,,,,,,,,,,,,,,,,,,,
14923488,2026-10-01 10:38:25,sim13,480370,,skip,adx_weak,,,,25.87601078167116,,,,,,,,,,,,,,,,,,,,,,,
14923488,2026-10-01 10:38:25,sim13,006280,,skip,theme_momentum_weak,,,,,,,,,,,,,,,,,,,,,,,,,,,
14923488,2026-10-01 10:38:25,sim13,055490,,skip,theme_momentum_weak,,,,,,,,,,,,,,,,,,,,,,,,,,,
14923488,2026-10-01 10:38:25,sim13,014680,,skip,amount_not_surprised,,,,,,,,,,,,,,,,,,,,,,,,,,,
14923488,2026-10-01 10:38:25,sim13,003465,,skip,theme_momentum_weak,,,,,,,,,,,,,,,,,,,,,,,,,,,
14923488,2026-10-01 10:38:25,sim13,0120G0,,skip,theme_momentum_weak,,,,,,,,,,,,,,,,,,,,,,,,,,,
14923488,2026-10-01 10:38:25,sim13,015590,,skip,amount_not_surprised,,,,,,,,,,,,,,,,,,,,,,,,,,,
14923488,2026-10-01 10:38:25,sim13,011930,,skip,theme_momentum_weak,,,,,,,,,,,,,,,,,,,,,,,,,,,
14923489,2026-10-01 10:40:30,sim13,084010,,skip,theme_momentum_weak,,,,,,,,,,,,,,,,,,,,,,,,,,,
14923489,2026-10-01 10:40:30,sim13,005030,,skip,theme_momentum_weak,,,,,,,,,,,,,,,,,,,,,,,,,,,
14923489,2026-10-01 10:40:30,sim13,192650,,skip,no_frgn_support,,,,,,,,,,,,,,,,,,,,,,,,,,,
14923489,2026-10-01 10:40:30,sim13,036570,,skip,theme_momentum_weak,,,,,,,,,,,,,,,,,,,,,,,,,,,
14923489,2026-10-01 10:40:30,sim13,0126Z0,,skip,theme_momentum_weak,,,,,,,,,,,,,,,,,,,,,,,,,,,
14923489,2026-10-01 10:40:30,sim13,004105,,skip,no_frgn_support,,,,,,,,,,,,,,,,,,,,,,,,,,,
14923489,2026-10-01 10:40:30,sim13,109070,,skip,amount_not_surprised,,,,,,,,,,,,,,,,,,,,,,,,,,,
14923489,2026-10-01 10:40:30,sim13,093050,,skip,theme_momentum_weak,,,,,,,,,,,,,,,,,,,,,,,,,,,
14923489,2026-10-01 10:40:30,sim13,009420,,skip,theme_momentum_weak,,,,,,,,,,,,,,,,,,,,,,,,,,,
14923489,2026-10-01 10:40:30,sim13,002240,,skip,theme_momentum_weak,,,,,,,,,,,,,,,,,,,,,,,,,,,
14923489,2026-10-01 10:40:30,sim13,480370,,skip,adx_weak,,,,25.87601078167116,,,,,,,,,,,,,,,,,,,,,,,
14923489,2026-10-01 10:40:30,sim13,248070,,skip,theme_momentum_weak,,,,,,,,,,,,,,,,,,,,,,,,,,,
14923489,2026-10-01 10:40:30,sim13,003160,,skip,no_frgn_support,,,,,,,,,,,,,,,,,,,,,,,,,,,
14923489,2026-10-01 10:40:30,sim13,004710,,skip,amount_not_surprised,,,,,,,,,,,,,,,,,,,,,,,,,,,
14923489,2026-10-01 10:40:30,sim13,460860,,skip,theme_momentum_weak,,,,,,,,,,,,,,,,,,,,,,,,,,,
14923489,2026-10-01 10:40:30,sim13,012200,,skip,theme_momentum_weak,,,,,,,,,,,,,,,,,,,,,,,,,,,
14923489,2026-10-01 10:40:30,sim13,000760,,skip,theme_momentum_weak,,,,,,,,,,,,,,,,,,,,,,,,,,,
14923489,2026-10-01 10:40:30,sim13,181710,,skip,theme_momentum_weak,,,,,,,,,,,,,,,,,,,,,,,,,,,
14923489,2026-10-01 10:40:30,sim13,001820,,skip,adx_weak,,,,38.26173826173826,,,,,,,,,,,,,,,,,,,,,,,
14923489,2026-10-01 10:40:30,sim13,077500,,skip,held_or_cooldown,,,,,,,,,,,,,,,,,,,,,,,,,,,
14923489,2026-10-01 10:40:30,sim13,005850,,skip,theme_momentum_weak,,,,,,,,,,,,,,,,,,,,,,,,,,,
14923489,2026-10-01 10:40:30,sim13,001360,,skip,theme_momentum_weak,,,,,,,,,,,,,,,,,,,,,,,,,,,
14923489,2026-10-01 10:40:30,sim13,055490,,skip,theme_momentum_weak,,,,,,,,,,,,,,,,,,,,,,,,,,,
14923489,2026-10-01 10:40:30,sim13,006280,,skip,theme_momentum_weak,,,,,,,,,,,,,,,,,,,,,,,,,,,
14923489,2026-10-01 10:40:30,sim13,012030,,skip,adx_weak,,,,35.77142857142857,,,,,,,,,,,,,,,,,,,,,,,
14923489,2026-10-01 10:40:30,sim13,014680,,skip,amount_not_surprised,,,,,,,,,,,,,,,,,,,,,,,,,,,
14923489,2026-10-01 10:40:30,sim13,079550,,skip,theme_momentum_weak,,,,,,,,,,,,,,,,,,,,,,,,,,,
14923489,2026-10-01 10:40:30,sim13,015590,,skip,amount_not_surprised,,,,,,,,,,,,,,,,,,,,,,,,,,,
14923489,2026-10-01 10:40:30,sim13,003465,,skip,theme_momentum_weak,,,,,,,,,,,,,,,,,,,,,,,,,,,
14923489,2026-10-01 10:40:30,sim13,003120,,skip,theme_momentum_weak,,,,,,,,,,,,,,,,,,,,,,,,,,,
14923490,2026-10-01 10:42:43,sim13,084010,,skip,theme_momentum_weak,,,,,,,,,,,,,,,,,,,,,,,,,,,
14923490,2026-10-01 10:42:43,sim13,005030,,skip,theme_momentum_weak,,,,,,,,,,,,,,,,,,,,,,,,,,,
14923490,2026-10-01 10:42:43,sim13,192650,,skip,no_frgn_support,,,,,,,,,,,,,,,,,,,,,,,,,,,
14923490,2026-10-01 10:42:43,sim13,036570,,skip,theme_momentum_weak,,,,,,,,,,,,,,,,,,,,,,,,,,,
14923490,2026-10-01 10:42:43,sim13,0126Z0,,skip,theme_momentum_weak,,,,,,,,,,,,,,,,,,,,,,,,,,,
14923490,2026-10-01 10:42:43,sim13,109070,,skip,amount_not_surprised,,,,,,,,,,,,,,,,,,,,,,,,,,,
14923490,2026-10-01 10:42:43,sim13,004105,,skip,no_frgn_support,,,,,,,,,,,,,,,,,,,,,,,,,,,
14923490,2026-10-01 10:42:43,sim13,248070,,skip,theme_momentum_weak,,,,,,,,,,,,,,,,,,,,,,,,,,,
14923490,2026-10-01 10:42:43,sim13,009420,,skip,theme_momentum_weak,,,,,,,,,,,,,,,,,,,,,,,,,,,
14923490,2026-10-01 10:42:43,sim13,093050,,skip,theme_momentum_weak,,,,,,,,,,,,,,,,,,,,,,,,,,,
14923490,2026-10-01 10:42:43,sim13,002240,,skip,theme_momentum_weak,,,,,,,,,,,,,,,,,,,,,,,,,,,
14923490,2026-10-01 10:42:43,sim13,003160,,skip,no_frgn_support,,,,,,,,,,,,,,,,,,,,,,,,,,,
14923490,2026-10-01 10:42:43,sim13,460860,,skip,theme_momentum_weak,,,,,,,,,,,,,,,,,,,,,,,,,,,
14923490,2026-10-01 10:42:43,sim13,480370,,skip,adx_weak,,,,25.87601078167116,,,,,,,,,,,,,,,,,,,,,,,
14923490,2026-10-01 10:42:43,sim13,004710,,skip,amount_not_surprised,,,,,,,,,,,,,,,,,,,,,,,,,,,
14923490,2026-10-01 10:42:43,sim13,001820,,skip,adx_weak,,,,38.26173826173826,,,,,,,,,,,,,,,,,,,,,,,
14923490,2026-10-01 10:42:43,sim13,000760,,skip,theme_momentum_weak,,,,,,,,,,,,,,,,,,,,,,,,,,,
14923490,2026-10-01 10:42:43,sim13,077500,,skip,held_or_cooldown,,,,,,,,,,,,,,,,,,,,,,,,,,,
14923490,2026-10-01 10:42:43,sim13,181710,,skip,theme_momentum_weak,,,,,,,,,,,,,,,,,,,,,,,,,,,
14923490,2026-10-01 10:42:43,sim13,006280,,skip,theme_momentum_weak,,,,,,,,,,,,,,,,,,,,,,,,,,,
14923490,2026-10-01 10:42:43,sim13,005850,,skip,theme_momentum_weak,,,,,,,,,,,,,,,,,,,,,,,,,,,
14923490,2026-10-01 10:42:43,sim13,012200,,skip,theme_momentum_weak,,,,,,,,,,,,,,,,,,,,,,,,,,,
14923490,2026-10-01 10:42:43,sim13,055490,,skip,theme_momentum_weak,,,,,,,,,,,,,,,,,,,,,,,,,,,
14923490,2026-10-01 10:42:43,sim13,012030,,skip,adx_weak,,,,35.77142857142857,,,,,,,,,,,,,,,,,,,,,,,
14923490,2026-10-01 10:42:43,sim13,001360,,skip,theme_momentum_weak,,,,,,,,,,,,,,,,,,,,,,,,,,,
14923490,2026-10-01 10:42:43,sim13,014680,,skip,amount_not_surprised,,,,,,,,,,,,,,,,,,,,,,,,,,,
14923490,2026-10-01 10:42:43,sim13,128940,,skip,theme_momentum_weak,,,,,,,,,,,,,,,,,,,,,,,,,,,
14923490,2026-10-01 10:42:43,sim13,0120G0,,skip,theme_momentum_weak,,,,,,,,,,,,,,,,,,,,,,,,,,,
14923490,2026-10-01 10:42:43,sim13,079550,,skip,theme_momentum_weak,,,,,,,,,,,,,,,,,,,,,,,,,,,
14923490,2026-10-01 10:42:43,sim13,015590,,skip,amount_not_surprised,,,,,,,,,,,,,,,,,,,,,,,,,,,
14923491,2026-10-01 10:44:52,sim13,084010,,skip,theme_momentum_weak,,,,,,,,,,,,,,,,,,,,,,,,,,,
14923491,2026-10-01 10:44:52,sim13,005030,,skip,theme_momentum_weak,,,,,,,,,,,,,,,,,,,,,,,,,,,
14923491,2026-10-01 10:44:52,sim13,192650,,skip,no_frgn_support,,,,,,,,,,,,,,,,,,,,,,,,,,,
14923491,2026-10-01 10:44:52,sim13,036570,,skip,theme_momentum_weak,,,,,,,,,,,,,,,,,,,,,,,,,,,
14923491,2026-10-01 10:44:52,sim13,109070,,skip,amount_not_surprised,,,,,,,,,,,,,,,,,,,,,,,,,,,
14923491,2026-10-01 10:44:52,sim13,0126Z0,,skip,theme_momentum_weak,,,,,,,,,,,,,,,,,,,,,,,,,,,
14923491,2026-10-01 10:44:52,sim13,004105,,skip,no_frgn_support,,,,,,,,,,,,,,,,,,,,,,,,,,,
14923491,2026-10-01 10:44:52,sim13,009420,,skip,theme_momentum_weak,,,,,,,,,,,,,,,,,,,,,,,,,,,
14923491,2026-10-01 10:44:52,sim13,248070,,skip,theme_momentum_weak,,,,,,,,,,,,,,,,,,,,,,,,,,,
14923491,2026-10-01 10:44:52,sim13,093050,,skip,theme_momentum_weak,,,,,,,,,,,,,,,,,,,,,,,,,,,
14923491,2026-10-01 10:44:52,sim13,002240,,skip,theme_momentum_weak,,,,,,,,,,,,,,,,,,,,,,,,,,,
14923491,2026-10-01 10:44:52,sim13,460860,,skip,theme_momentum_weak,,,,,,,,,,,,,,,,,,,,,,,,,,,
14923491,2026-10-01 10:44:52,sim13,480370,,skip,adx_weak,,,,25.87601078167116,,,,,,,,,,,,,,,,,,,,,,,
14923491,2026-10-01 10:44:52,sim13,004710,,skip,amount_not_surprised,,,,,,,,,,,,,,,,,,,,,,,,,,,
14923491,2026-10-01 10:44:52,sim13,003160,,skip,no_frgn_support,,,,,,,,,,,,,,,,,,,,,,,,,,,
14923491,2026-10-01 10:44:52,sim13,012200,,skip,theme_momentum_weak,,,,,,,,,,,,,,,,,,,,,,,,,,,
14923491,2026-10-01 10:44:52,sim13,000760,,skip,theme_momentum_weak,,,,,,,,,,,,,,,,,,,,,,,,,,,
14923491,2026-10-01 10:44:52,sim13,006280,,skip,theme_momentum_weak,,,,,,,,,,,,,,,,,,,,,,,,,,,
14923491,2026-10-01 10:44:52,sim13,079550,,skip,theme_momentum_weak,,,,,,,,,,,,,,,,,,,,,,,,,,,
14923491,2026-10-01 10:44:52,sim13,001820,,skip,adx_weak,,,,38.26173826173826,,,,,,,,,,,,,,,,,,,,,,,
14923491,2026-10-01 10:44:52,sim13,012030,,skip,adx_weak,,,,35.77142857142857,,,,,,,,,,,,,,,,,,,,,,,
14923491,2026-10-01 10:44:52,sim13,077500,,skip,held_or_cooldown,,,,,,,,,,,,,,,,,,,,,,,,,,,
14923491,2026-10-01 10:44:52,sim13,055490,,skip,theme_momentum_weak,,,,,,,,,,,,,,,,,,,,,,,,,,,
14923491,2026-10-01 10:44:52,sim13,005850,,skip,theme_momentum_weak,,,,,,,,,,,,,,,,,,,,,,,,,,,
14923491,2026-10-01 10:44:52,sim13,001360,,skip,theme_momentum_weak,,,,,,,,,,,,,,,,,,,,,,,,,,,
14923491,2026-10-01 10:44:52,sim13,0120G0,,skip,theme_momentum_weak,,,,,,,,,,,,,,,,,,,,,,,,,,,
14923491,2026-10-01 10:44:52,sim13,112610,,skip,theme_momentum_weak,,,,,,,,,,,,,,,,,,,,,,,,,,,
14923491,2026-10-01 10:44:52,sim13,249420,,skip,theme_momentum_weak,,,,,,,,,,,,,,,,,,,,,,,,,,,
14923491,2026-10-01 10:44:52,sim13,128940,,skip,theme_momentum_weak,,,,,,,,,,,,,,,,,,,,,,,,,,,
14923491,2026-10-01 10:44:52,sim13,181710,,skip,theme_momentum_weak,,,,,,,,,,,,,,,,,,,,,,,,,,,
14923492,2026-10-01 10:46:57,sim13,084010,,skip,theme_momentum_weak,,,,,,,,,,,,,,,,,,,,,,,,,,,
14923492,2026-10-01 10:46:57,sim13,005030,,skip,theme_momentum_weak,,,,,,,,,,,,,,,,,,,,,,,,,,,
14923492,2026-10-01 10:46:57,sim13,192650,,skip,no_frgn_support,,,,,,,,,,,,,,,,,,,,,,,,,,,
14923492,2026-10-01 10:46:57,sim13,036570,,skip,theme_momentum_weak,,,,,,,,,,,,,,,,,,,,,,,,,,,
14923492,2026-10-01 10:46:57,sim13,0126Z0,,skip,theme_momentum_weak,,,,,,,,,,,,,,,,,,,,,,,,,,,
14923492,2026-10-01 10:46:57,sim13,109070,,skip,amount_not_surprised,,,,,,,,,,,,,,,,,,,,,,,,,,,
14923492,2026-10-01 10:46:57,sim13,004105,,skip,no_frgn_support,,,,,,,,,,,,,,,,,,,,,,,,,,,
14923492,2026-10-01 10:46:57,sim13,009420,,skip,theme_momentum_weak,,,,,,,,,,,,,,,,,,,,,,,,,,,
14923492,2026-10-01 10:46:57,sim13,248070,,skip,theme_momentum_weak,,,,,,,,,,,,,,,,,,,,,,,,,,,
14923492,2026-10-01 10:46:57,sim13,460860,,skip,theme_momentum_weak,,,,,,,,,,,,,,,,,,,,,,,,,,,
14923492,2026-10-01 10:46:57,sim13,093050,,skip,theme_momentum_weak,,,,,,,,,,,,,,,,,,,,,,,,,,,
14923492,2026-10-01 10:46:57,sim13,002240,,skip,theme_momentum_weak,,,,,,,,,,,,,,,,,,,,,,,,,,,
14923492,2026-10-01 10:46:57,sim13,480370,,skip,adx_weak,,,,25.87601078167116,,,,,,,,,,,,,,,,,,,,,,,
14923492,2026-10-01 10:46:57,sim13,004710,,skip,amount_not_surprised,,,,,,,,,,,,,,,,,,,,,,,,,,,
14923492,2026-10-01 10:46:57,sim13,012200,,skip,theme_momentum_weak,,,,,,,,,,,,,,,,,,,,,,,,,,,
14923492,2026-10-01 10:46:57,sim13,003160,,skip,no_frgn_support,,,,,,,,,,,,,,,,,,,,,,,,,,,
14923492,2026-10-01 10:46:57,sim13,001820,,skip,adx_weak,,,,38.26173826173826,,,,,,,,,,,,,,,,,,,,,,,
14923492,2026-10-01 10:46:57,sim13,112610,,skip,theme_momentum_weak,,,,,,,,,,,,,,,,,,,,,,,,,,,
14923492,2026-10-01 10:46:57,sim13,000760,,skip,theme_momentum_weak,,,,,,,,,,,,,,,,,,,,,,,,,,,
14923492,2026-10-01 10:46:57,sim13,006280,,skip,theme_momentum_weak,,,,,,,,,,,,,,,,,,,,,,,,,,,
14923492,2026-10-01 10:46:57,sim13,001360,,skip,theme_momentum_weak,,,,,,,,,,,,,,,,,,,,,,,,,,,
14923492,2026-10-01 10:46:57,sim13,128940,,skip,theme_momentum_weak,,,,,,,,,,,,,,,,,,,,,,,,,,,
14923492,2026-10-01 10:46:57,sim13,077500,,skip,held_or_cooldown,,,,,,,,,,,,,,,,,,,,,,,,,,,
14923492,2026-10-01 10:46:57,sim13,055490,,skip,theme_momentum_weak,,,,,,,,,,,,,,,,,,,,,,,,,,,
14923492,2026-10-01 10:46:57,sim13,0120G0,,skip,theme_momentum_weak,,,,,,,,,,,,,,,,,,,,,,,,,,,
14923492,2026-10-01 10:46:57,sim13,012030,,skip,adx_weak,,,,35.77142857142857,,,,,,,,,,,,,,,,,,,,,,,
14923492,2026-10-01 10:46:57,sim13,079550,,skip,theme_momentum_weak,,,,,,,,,,,,,,,,,,,,,,,,,,,
14923492,2026-10-01 10:46:57,sim13,249420,,skip,theme_momentum_weak,,,,,,,,,,,,,,,,,,,,,,,,,,,
14923492,2026-10-01 10:46:57,sim13,078520,,skip,theme_momentum_weak,,,,,,,,,,,,,,,,,,,,,,,,,,,
14923492,2026-10-01 10:46:57,sim13,005850,,skip,theme_momentum_weak,,,,,,,,,,,,,,,,,,,,,,,,,,,
14923493,2026-10-01 10:48:57,sim13,084010,,skip,theme_momentum_weak,,,,,,,,,,,,,,,,,,,,,,,,,,,
14923493,2026-10-01 10:48:57,sim13,005030,,skip,theme_momentum_weak,,,,,,,,,,,,,,,,,,,,,,,,,,,
14923493,2026-10-01 10:48:57,sim13,192650,,skip,no_frgn_support,,,,,,,,,,,,,,,,,,,,,,,,,,,
14923493,2026-10-01 10:48:57,sim13,036570,,skip,theme_momentum_weak,,,,,,,,,,,,,,,,,,,,,,,,,,,
14923493,2026-10-01 10:48:57,sim13,004105,,skip,no_frgn_support,,,,,,,,,,,,,,,,,,,,,,,,,,,
14923493,2026-10-01 10:48:57,sim13,0126Z0,,skip,theme_momentum_weak,,,,,,,,,,,,,,,,,,,,,,,,,,,
14923493,2026-10-01 10:48:57,sim13,248070,,skip,theme_momentum_weak,,,,,,,,,,,,,,,,,,,,,,,,,,,
14923493,2026-10-01 10:48:57,sim13,480370,,skip,adx_weak,,,,25.87601078167116,,,,,,,,,,,,,,,,,,,,,,,
14923493,2026-10-01 10:48:57,sim13,002240,,skip,theme_momentum_weak,,,,,,,,,,,,,,,,,,,,,,,,,,,
14923493,2026-10-01 10:48:57,sim13,009420,,skip,theme_momentum_weak,,,,,,,,,,,,,,,,,,,,,,,,,,,
14923493,2026-10-01 10:48:57,sim13,093050,,skip,theme_momentum_weak,,,,,,,,,,,,,,,,,,,,,,,,,,,
14923493,2026-10-01 10:48:57,sim13,109070,,skip,amount_not_surprised,,,,,,,,,,,,,,,,,,,,,,,,,,,
14923493,2026-10-01 10:48:57,sim13,460860,,skip,theme_momentum_weak,,,,,,,,,,,,,,,,,,,,,,,,,,,
14923493,2026-10-01 10:48:57,sim13,003160,,skip,no_frgn_support,,,,,,,,,,,,,,,,,,,,,,,,,,,
14923493,2026-10-01 10:48:57,sim13,004710,,skip,amount_not_surprised,,,,,,,,,,,,,,,,,,,,,,,,,,,
14923493,2026-10-01 10:48:57,sim13,128940,,skip,theme_momentum_weak,,,,,,,,,,,,,,,,,,,,,,,,,,,
14923493,2026-10-01 10:48:57,sim13,112610,,skip,theme_momentum_weak,,,,,,,,,,,,,,,,,,,,,,,,,,,
14923493,2026-10-01 10:48:57,sim13,001360,,skip,theme_momentum_weak,,,,,,,,,,,,,,,,,,,,,,,,,,,
14923493,2026-10-01 10:48:57,sim13,012200,,skip,theme_momentum_weak,,,,,,,,,,,,,,,,,,,,,,,,,,,
14923493,2026-10-01 10:48:57,sim13,055490,,skip,theme_momentum_weak,,,,,,,,,,,,,,,,,,,,,,,,,,,
14923493,2026-10-01 10:48:57,sim13,006280,,skip,theme_momentum_weak,,,,,,,,,,,,,,,,,,,,,,,,,,,
14923493,2026-10-01 10:48:57,sim13,000760,,skip,theme_momentum_weak,,,,,,,,,,,,,,,,,,,,,,,,,,,
14923493,2026-10-01 10:48:57,sim13,005850,,skip,theme_momentum_weak,,,,,,,,,,,,,,,,,,,,,,,,,,,
14923493,2026-10-01 10:48:57,sim13,077500,,skip,held_or_cooldown,,,,,,,,,,,,,,,,,,,,,,,,,,,
14923493,2026-10-01 10:48:57,sim13,012030,,skip,adx_weak,,,,35.77142857142857,,,,,,,,,,,,,,,,,,,,,,,
14923493,2026-10-01 10:48:57,sim13,0120G0,,skip,theme_momentum_weak,,,,,,,,,,,,,,,,,,,,,,,,,,,
14923493,2026-10-01 10:48:57,sim13,001820,,skip,adx_weak,,,,38.26173826173826,,,,,,,,,,,,,,,,,,,,,,,
14923493,2026-10-01 10:48:57,sim13,015590,,skip,amount_not_surprised,,,,,,,,,,,,,,,,,,,,,,,,,,,
14923493,2026-10-01 10:48:57,sim13,249420,,skip,theme_momentum_weak,,,,,,,,,,,,,,,,,,,,,,,,,,,
14923493,2026-10-01 10:48:57,sim13,014680,,skip,amount_not_surprised,,,,,,,,,,,,,,,,,,,,,,,,,,,
14923494,2026-10-01 10:51:03,sim13,084010,,skip,theme_momentum_weak,,,,,,,,,,,,,,,,,,,,,,,,,,,
14923494,2026-10-01 10:51:03,sim13,005030,,skip,theme_momentum_weak,,,,,,,,,,,,,,,,,,,,,,,,,,,
14923494,2026-10-01 10:51:03,sim13,192650,,skip,no_frgn_support,,,,,,,,,,,,,,,,,,,,,,,,,,,
14923494,2026-10-01 10:51:03,sim13,036570,,skip,theme_momentum_weak,,,,,,,,,,,,,,,,,,,,,,,,,,,
14923494,2026-10-01 10:51:03,sim13,0126Z0,,skip,theme_momentum_weak,,,,,,,,,,,,,,,,,,,,,,,,,,,
14923494,2026-10-01 10:51:03,sim13,004105,,skip,no_frgn_support,,,,,,,,,,,,,,,,,,,,,,,,,,,
14923494,2026-10-01 10:51:03,sim13,002240,,skip,theme_momentum_weak,,,,,,,,,,,,,,,,,,,,,,,,,,,
14923494,2026-10-01 10:51:03,sim13,109070,,skip,amount_not_surprised,,,,,,,,,,,,,,,,,,,,,,,,,,,
14923494,2026-10-01 10:51:03,sim13,460860,,skip,theme_momentum_weak,,,,,,,,,,,,,,,,,,,,,,,,,,,
14923494,2026-10-01 10:51:03,sim13,009420,,skip,theme_momentum_weak,,,,,,,,,,,,,,,,,,,,,,,,,,,
14923494,2026-10-01 10:51:03,sim13,248070,,skip,theme_momentum_weak,,,,,,,,,,,,,,,,,,,,,,,,,,,
14923494,2026-10-01 10:51:03,sim13,480370,,skip,adx_weak,,,,25.87601078167116,,,,,,,,,,,,,,,,,,,,,,,
14923494,2026-10-01 10:51:03,sim13,093050,,skip,theme_momentum_weak,,,,,,,,,,,,,,,,,,,,,,,,,,,
14923494,2026-10-01 10:51:03,sim13,003160,,skip,no_frgn_support,,,,,,,,,,,,,,,,,,,,,,,,,,,
14923494,2026-10-01 10:51:03,sim13,004710,,skip,amount_not_surprised,,,,,,,,,,,,,,,,,,,,,,,,,,,
14923494,2026-10-01 10:51:03,sim13,055490,,skip,theme_momentum_weak,,,,,,,,,,,,,,,,,,,,,,,,,,,
14923494,2026-10-01 10:51:03,sim13,128940,,skip,theme_momentum_weak,,,,,,,,,,,,,,,,,,,,,,,,,,,
14923494,2026-10-01 10:51:03,sim13,001820,,skip,adx_weak,,,,38.26173826173826,,,,,,,,,,,,,,,,,,,,,,,
14923494,2026-10-01 10:51:03,sim13,000760,,skip,theme_momentum_weak,,,,,,,,,,,,,,,,,,,,,,,,,,,
14923494,2026-10-01 10:51:03,sim13,015590,,skip,amount_not_surprised,,,,,,,,,,,,,,,,,,,,,,,,,,,
14923494,2026-10-01 10:51:03,sim13,012200,,skip,theme_momentum_weak,,,,,,,,,,,,,,,,,,,,,,,,,,,
14923494,2026-10-01 10:51:03,sim13,077500,,skip,held_or_cooldown,,,,,,,,,,,,,,,,,,,,,,,,,,,
14923494,2026-10-01 10:51:03,sim13,112610,,skip,theme_momentum_weak,,,,,,,,,,,,,,,,,,,,,,,,,,,
14923494,2026-10-01 10:51:03,sim13,005850,,skip,theme_momentum_weak,,,,,,,,,,,,,,,,,,,,,,,,,,,
14923494,2026-10-01 10:51:03,sim13,012030,,skip,adx_weak,,,,35.77142857142857,,,,,,,,,,,,,,,,,,,,,,,
14923494,2026-10-01 10:51:03,sim13,006280,,skip,theme_momentum_weak,,,,,,,,,,,,,,,,,,,,,,,,,,,
14923494,2026-10-01 10:51:03,sim13,001360,,skip,theme_momentum_weak,,,,,,,,,,,,,,,,,,,,,,,,,,,
14923494,2026-10-01 10:51:03,sim13,0120G0,,skip,theme_momentum_weak,,,,,,,,,,,,,,,,,,,,,,,,,,,
14923494,2026-10-01 10:51:03,sim13,004100,,skip,adx_weak,,,,35.7429718875502,,,,,,,,,,,,,,,,,,,,,,,
14923494,2026-10-01 10:51:03,sim13,003120,,skip,theme_momentum_weak,,,,,,,,,,,,,,,,,,,,,,,,,,,
14923496,2026-10-01 10:53:14,sim13,084010,,skip,theme_momentum_weak,,,,,,,,,,,,,,,,,,,,,,,,,,,
14923496,2026-10-01 10:53:14,sim13,005030,,skip,theme_momentum_weak,,,,,,,,,,,,,,,,,,,,,,,,,,,
14923496,2026-10-01 10:53:14,sim13,192650,,skip,no_frgn_support,,,,,,,,,,,,,,,,,,,,,,,,,,,
14923496,2026-10-01 10:53:14,sim13,036570,,skip,theme_momentum_weak,,,,,,,,,,,,,,,,,,,,,,,,,,,
14923496,2026-10-01 10:53:14,sim13,0126Z0,,skip,theme_momentum_weak,,,,,,,,,,,,,,,,,,,,,,,,,,,
14923496,2026-10-01 10:53:14,sim13,004105,,skip,no_frgn_support,,,,,,,,,,,,,,,,,,,,,,,,,,,
14923496,2026-10-01 10:53:14,sim13,248070,,skip,theme_momentum_weak,,,,,,,,,,,,,,,,,,,,,,,,,,,
14923496,2026-10-01 10:53:14,sim13,109070,,skip,amount_not_surprised,,,,,,,,,,,,,,,,,,,,,,,,,,,
14923496,2026-10-01 10:53:14,sim13,009420,,skip,theme_momentum_weak,,,,,,,,,,,,,,,,,,,,,,,,,,,
14923496,2026-10-01 10:53:14,sim13,480370,,skip,adx_weak,,,,25.87601078167116,,,,,,,,,,,,,,,,,,,,,,,
14923496,2026-10-01 10:53:14,sim13,460860,,skip,theme_momentum_weak,,,,,,,,,,,,,,,,,,,,,,,,,,,
14923496,2026-10-01 10:53:14,sim13,002240,,skip,theme_momentum_weak,,,,,,,,,,,,,,,,,,,,,,,,,,,
14923496,2026-10-01 10:53:14,sim13,093050,,skip,theme_momentum_weak,,,,,,,,,,,,,,,,,,,,,,,,,,,
14923496,2026-10-01 10:53:14,sim13,003160,,skip,no_frgn_support,,,,,,,,,,,,,,,,,,,,,,,,,,,
14923496,2026-10-01 10:53:14,sim13,004710,,skip,amount_not_surprised,,,,,,,,,,,,,,,,,,,,,,,,,,,
14923496,2026-10-01 10:53:14,sim13,001360,,skip,theme_momentum_weak,,,,,,,,,,,,,,,,,,,,,,,,,,,
14923496,2026-10-01 10:53:14,sim13,055490,,skip,theme_momentum_weak,,,,,,,,,,,,,,,,,,,,,,,,,,,
14923496,2026-10-01 10:53:14,sim13,012200,,skip,theme_momentum_weak,,,,,,,,,,,,,,,,,,,,,,,,,,,
14923496,2026-10-01 10:53:14,sim13,001820,,skip,adx_weak,,,,38.26173826173826,,,,,,,,,,,,,,,,,,,,,,,
14923496,2026-10-01 10:53:14,sim13,077500,,skip,held_or_cooldown,,,,,,,,,,,,,,,,,,,,,,,,,,,
14923496,2026-10-01 10:53:14,sim13,006280,,skip,theme_momentum_weak,,,,,,,,,,,,,,,,,,,,,,,,,,,
14923496,2026-10-01 10:53:14,sim13,000760,,skip,theme_momentum_weak,,,,,,,,,,,,,,,,,,,,,,,,,,,
14923496,2026-10-01 10:53:14,sim13,005850,,skip,theme_momentum_weak,,,,,,,,,,,,,,,,,,,,,,,,,,,
14923496,2026-10-01 10:53:14,sim13,112610,,skip,theme_momentum_weak,,,,,,,,,,,,,,,,,,,,,,,,,,,
14923496,2026-10-01 10:53:14,sim13,128940,,skip,theme_momentum_weak,,,,,,,,,,,,,,,,,,,,,,,,,,,
14923496,2026-10-01 10:53:14,sim13,015590,,skip,amount_not_surprised,,,,,,,,,,,,,,,,,,,,,,,,,,,
14923496,2026-10-01 10:53:14,sim13,249420,,skip,theme_momentum_weak,,,,,,,,,,,,,,,,,,,,,,,,,,,
14923496,2026-10-01 10:53:14,sim13,078520,,skip,theme_momentum_weak,,,,,,,,,,,,,,,,,,,,,,,,,,,
14923496,2026-10-01 10:53:14,sim13,012030,,skip,adx_weak,,,,35.77142857142857,,,,,,,,,,,,,,,,,,,,,,,
14923496,2026-10-01 10:53:14,sim13,093370,,skip,no_frgn_support,,,,,,,,,,,,,,,,,,,,,,,,,,,
14923497,2026-10-01 10:55:17,sim13,084010,,skip,theme_momentum_weak,,,,,,,,,,,,,,,,,,,,,,,,,,,
14923497,2026-10-01 10:55:17,sim13,005030,,skip,theme_momentum_weak,,,,,,,,,,,,,,,,,,,,,,,,,,,
14923497,2026-10-01 10:55:17,sim13,192650,,skip,no_frgn_support,,,,,,,,,,,,,,,,,,,,,,,,,,,
14923497,2026-10-01 10:55:17,sim13,036570,,skip,theme_momentum_weak,,,,,,,,,,,,,,,,,,,,,,,,,,,
14923497,2026-10-01 10:55:17,sim13,0126Z0,,skip,theme_momentum_weak,,,,,,,,,,,,,,,,,,,,,,,,,,,
14923497,2026-10-01 10:55:17,sim13,004105,,skip,no_frgn_support,,,,,,,,,,,,,,,,,,,,,,,,,,,
14923497,2026-10-01 10:55:17,sim13,109070,,skip,amount_not_surprised,,,,,,,,,,,,,,,,,,,,,,,,,,,
14923497,2026-10-01 10:55:17,sim13,248070,,skip,theme_momentum_weak,,,,,,,,,,,,,,,,,,,,,,,,,,,
14923497,2026-10-01 10:55:17,sim13,009420,,skip,theme_momentum_weak,,,,,,,,,,,,,,,,,,,,,,,,,,,
14923497,2026-10-01 10:55:17,sim13,093050,,skip,theme_momentum_weak,,,,,,,,,,,,,,,,,,,,,,,,,,,
14923497,2026-10-01 10:55:17,sim13,480370,,skip,adx_weak,,,,25.87601078167116,,,,,,,,,,,,,,,,,,,,,,,
14923497,2026-10-01 10:55:17,sim13,002240,,skip,theme_momentum_weak,,,,,,,,,,,,,,,,,,,,,,,,,,,
14923497,2026-10-01 10:55:17,sim13,003160,,skip,no_frgn_support,,,,,,,,,,,,,,,,,,,,,,,,,,,
14923497,2026-10-01 10:55:17,sim13,460860,,skip,theme_momentum_weak,,,,,,,,,,,,,,,,,,,,,,,,,,,
14923497,2026-10-01 10:55:17,sim13,001360,,skip,theme_momentum_weak,,,,,,,,,,,,,,,,,,,,,,,,,,,
14923497,2026-10-01 10:55:17,sim13,004710,,skip,amount_not_surprised,,,,,,,,,,,,,,,,,,,,,,,,,,,
14923497,2026-10-01 10:55:17,sim13,001820,,skip,adx_weak,,,,38.26173826173826,,,,,,,,,,,,,,,,,,,,,,,
14923497,2026-10-01 10:55:17,sim13,055490,,skip,theme_momentum_weak,,,,,,,,,,,,,,,,,,,,,,,,,,,
14923497,2026-10-01 10:55:17,sim13,112610,,skip,theme_momentum_weak,,,,,,,,,,,,,,,,,,,,,,,,,,,
14923497,2026-10-01 10:55:17,sim13,000760,,skip,theme_momentum_weak,,,,,,,,,,,,,,,,,,,,,,,,,,,
14923497,2026-10-01 10:55:17,sim13,077500,,skip,held_or_cooldown,,,,,,,,,,,,,,,,,,,,,,,,,,,
14923497,2026-10-01 10:55:17,sim13,006280,,skip,theme_momentum_weak,,,,,,,,,,,,,,,,,,,,,,,,,,,
14923497,2026-10-01 10:55:17,sim13,093370,,skip,no_frgn_support,,,,,,,,,,,,,,,,,,,,,,,,,,,
14923497,2026-10-01 10:55:17,sim13,012030,,skip,adx_weak,,,,35.77142857142857,,,,,,,,,,,,,,,,,,,,,,,
14923497,2026-10-01 10:55:17,sim13,005850,,skip,theme_momentum_weak,,,,,,,,,,,,,,,,,,,,,,,,,,,
14923497,2026-10-01 10:55:17,sim13,014680,,skip,amount_not_surprised,,,,,,,,,,,,,,,,,,,,,,,,,,,
14923497,2026-10-01 10:55:17,sim13,0120G0,,skip,theme_momentum_weak,,,,,,,,,,,,,,,,,,,,,,,,,,,
14923497,2026-10-01 10:55:17,sim13,015590,,skip,amount_not_surprised,,,,,,,,,,,,,,,,,,,,,,,,,,,
14923497,2026-10-01 10:55:17,sim13,128940,,skip,theme_momentum_weak,,,,,,,,,,,,,,,,,,,,,,,,,,,
14923497,2026-10-01 10:55:17,sim13,078520,,skip,theme_momentum_weak,,,,,,,,,,,,,,,,,,,,,,,,,,,
14923498,2026-10-01 10:57:18,sim13,084010,,skip,theme_momentum_weak,,,,,,,,,,,,,,,,,,,,,,,,,,,
14923498,2026-10-01 10:57:18,sim13,005030,,skip,theme_momentum_weak,,,,,,,,,,,,,,,,,,,,,,,,,,,
14923498,2026-10-01 10:57:18,sim13,192650,,skip,no_frgn_support,,,,,,,,,,,,,,,,,,,,,,,,,,,
14923498,2026-10-01 10:57:18,sim13,036570,,skip,theme_momentum_weak,,,,,,,,,,,,,,,,,,,,,,,,,,,
14923498,2026-10-01 10:57:18,sim13,0126Z0,,skip,theme_momentum_weak,,,,,,,,,,,,,,,,,,,,,,,,,,,
14923498,2026-10-01 10:57:18,sim13,004105,,skip,no_frgn_support,,,,,,,,,,,,,,,,,,,,,,,,,,,
14923498,2026-10-01 10:57:18,sim13,460860,,skip,theme_momentum_weak,,,,,,,,,,,,,,,,,,,,,,,,,,,
14923498,2026-10-01 10:57:18,sim13,003160,,skip,no_frgn_support,,,,,,,,,,,,,,,,,,,,,,,,,,,
14923498,2026-10-01 10:57:18,sim13,248070,,skip,theme_momentum_weak,,,,,,,,,,,,,,,,,,,,,,,,,,,
14923498,2026-10-01 10:57:18,sim13,002240,,skip,theme_momentum_weak,,,,,,,,,,,,,,,,,,,,,,,,,,,
14923498,2026-10-01 10:57:18,sim13,093050,,skip,theme_momentum_weak,,,,,,,,,,,,,,,,,,,,,,,,,,,
14923498,2026-10-01 10:57:18,sim13,109070,,skip,amount_not_surprised,,,,,,,,,,,,,,,,,,,,,,,,,,,
14923498,2026-10-01 10:57:18,sim13,009420,,skip,theme_momentum_weak,,,,,,,,,,,,,,,,,,,,,,,,,,,
14923498,2026-10-01 10:57:18,sim13,480370,,skip,adx_weak,,,,25.87601078167116,,,,,,,,,,,,,,,,,,,,,,,
14923498,2026-10-01 10:57:18,sim13,004710,,skip,amount_not_surprised,,,,,,,,,,,,,,,,,,,,,,,,,,,
14923498,2026-10-01 10:57:18,sim13,001820,,skip,adx_weak,,,,38.26173826173826,,,,,,,,,,,,,,,,,,,,,,,
14923498,2026-10-01 10:57:18,sim13,001360,,skip,theme_momentum_weak,,,,,,,,,,,,,,,,,,,,,,,,,,,
14923498,2026-10-01 10:57:18,sim13,077500,,skip,held_or_cooldown,,,,,,,,,,,,,,,,,,,,,,,,,,,
14923498,2026-10-01 10:57:18,sim13,093370,,skip,no_frgn_support,,,,,,,,,,,,,,,,,,,,,,,,,,,
14923498,2026-10-01 10:57:18,sim13,006280,,skip,theme_momentum_weak,,,,,,,,,,,,,,,,,,,,,,,,,,,
14923498,2026-10-01 10:57:18,sim13,000760,,skip,theme_momentum_weak,,,,,,,,,,,,,,,,,,,,,,,,,,,
14923498,2026-10-01 10:57:18,sim13,055490,,skip,theme_momentum_weak,,,,,,,,,,,,,,,,,,,,,,,,,,,
14923498,2026-10-01 10:57:18,sim13,005850,,skip,theme_momentum_weak,,,,,,,,,,,,,,,,,,,,,,,,,,,
14923498,2026-10-01 10:57:18,sim13,014680,,skip,amount_not_surprised,,,,,,,,,,,,,,,,,,,,,,,,,,,
14923498,2026-10-01 10:57:18,sim13,0120G0,,skip,theme_momentum_weak,,,,,,,,,,,,,,,,,,,,,,,,,,,
14923498,2026-10-01 10:57:18,sim13,015590,,skip,amount_not_surprised,,,,,,,,,,,,,,,,,,,,,,,,,,,
14923498,2026-10-01 10:57:18,sim13,011930,,skip,theme_momentum_weak,,,,,,,,,,,,,,,,,,,,,,,,,,,
14923498,2026-10-01 10:57:18,sim13,078520,,skip,theme_momentum_weak,,,,,,,,,,,,,,,,,,,,,,,,,,,
14923498,2026-10-01 10:57:18,sim13,012030,,skip,adx_weak,,,,35.77142857142857,,,,,,,,,,,,,,,,,,,,,,,
14923498,2026-10-01 10:57:18,sim13,112610,,skip,theme_momentum_weak,,,,,,,,,,,,,,,,,,,,,,,,,,,
14923499,2026-10-01 10:59:19,sim13,084010,,skip,theme_momentum_weak,,,,,,,,,,,,,,,,,,,,,,,,,,,
14923499,2026-10-01 10:59:19,sim13,005030,,skip,theme_momentum_weak,,,,,,,,,,,,,,,,,,,,,,,,,,,
14923499,2026-10-01 10:59:19,sim13,192650,,skip,no_frgn_support,,,,,,,,,,,,,,,,,,,,,,,,,,,
14923499,2026-10-01 10:59:19,sim13,036570,,skip,theme_momentum_weak,,,,,,,,,,,,,,,,,,,,,,,,,,,
14923499,2026-10-01 10:59:19,sim13,0126Z0,,skip,theme_momentum_weak,,,,,,,,,,,,,,,,,,,,,,,,,,,
14923499,2026-10-01 10:59:19,sim13,004105,,skip,no_frgn_support,,,,,,,,,,,,,,,,,,,,,,,,,,,
14923499,2026-10-01 10:59:19,sim13,003160,,skip,no_frgn_support,,,,,,,,,,,,,,,,,,,,,,,,,,,
14923499,2026-10-01 10:59:19,sim13,460860,,skip,theme_momentum_weak,,,,,,,,,,,,,,,,,,,,,,,,,,,
14923499,2026-10-01 10:59:19,sim13,109070,,skip,amount_not_surprised,,,,,,,,,,,,,,,,,,,,,,,,,,,
14923499,2026-10-01 10:59:19,sim13,248070,,skip,theme_momentum_weak,,,,,,,,,,,,,,,,,,,,,,,,,,,
14923499,2026-10-01 10:59:19,sim13,093050,,skip,theme_momentum_weak,,,,,,,,,,,,,,,,,,,,,,,,,,,
14923499,2026-10-01 10:59:19,sim13,002240,,skip,theme_momentum_weak,,,,,,,,,,,,,,,,,,,,,,,,,,,
14923499,2026-10-01 10:59:19,sim13,009420,,skip,theme_momentum_weak,,,,,,,,,,,,,,,,,,,,,,,,,,,
14923499,2026-10-01 10:59:19,sim13,480370,,skip,adx_weak,,,,25.87601078167116,,,,,,,,,,,,,,,,,,,,,,,
14923499,2026-10-01 10:59:19,sim13,001360,,skip,theme_momentum_weak,,,,,,,,,,,,,,,,,,,,,,,,,,,
14923499,2026-10-01 10:59:19,sim13,004710,,skip,amount_not_surprised,,,,,,,,,,,,,,,,,,,,,,,,,,,
14923499,2026-10-01 10:59:19,sim13,001820,,skip,adx_weak,,,,38.26173826173826,,,,,,,,,,,,,,,,,,,,,,,
14923499,2026-10-01 10:59:19,sim13,077500,,skip,held_or_cooldown,,,,,,,,,,,,,,,,,,,,,,,,,,,
14923499,2026-10-01 10:59:19,sim13,014680,,skip,amount_not_surprised,,,,,,,,,,,,,,,,,,,,,,,,,,,
14923499,2026-10-01 10:59:19,sim13,000760,,skip,theme_momentum_weak,,,,,,,,,,,,,,,,,,,,,,,,,,,
14923499,2026-10-01 10:59:19,sim13,005850,,skip,theme_momentum_weak,,,,,,,,,,,,,,,,,,,,,,,,,,,
14923499,2026-10-01 10:59:19,sim13,055490,,skip,theme_momentum_weak,,,,,,,,,,,,,,,,,,,,,,,,,,,
14923499,2026-10-01 10:59:19,sim13,006280,,skip,theme_momentum_weak,,,,,,,,,,,,,,,,,,,,,,,,,,,
14923499,2026-10-01 10:59:19,sim13,012030,,skip,adx_weak,,,,35.77142857142857,,,,,,,,,,,,,,,,,,,,,,,
14923499,2026-10-01 10:59:19,sim13,093370,,skip,no_frgn_support,,,,,,,,,,,,,,,,,,,,,,,,,,,
14923499,2026-10-01 10:59:19,sim13,112610,,skip,theme_momentum_weak,,,,,,,,,,,,,,,,,,,,,,,,,,,
14923499,2026-10-01 10:59:19,sim13,015590,,skip,amount_not_surprised,,,,,,,,,,,,,,,,,,,,,,,,,,,
14923499,2026-10-01 10:59:19,sim13,004100,,skip,adx_weak,,,,35.7429718875502,,,,,,,,,,,,,,,,,,,,,,,
14923499,2026-10-01 10:59:19,sim13,249420,,skip,theme_momentum_weak,,,,,,,,,,,,,,,,,,,,,,,,,,,
14923499,2026-10-01 10:59:19,sim13,011930,,skip,theme_momentum_weak,,,,,,,,,,,,,,,,,,,,,,,,,,,
14923500,2026-10-01 11:01:28,sim13,084010,,skip,theme_momentum_weak,,,,,,,,,,,,,,,,,,,,,,,,,,,
14923500,2026-10-01 11:01:28,sim13,005030,,skip,theme_momentum_weak,,,,,,,,,,,,,,,,,,,,,,,,,,,
14923500,2026-10-01 11:01:28,sim13,192650,,skip,no_frgn_support,,,,,,,,,,,,,,,,,,,,,,,,,,,
14923500,2026-10-01 11:01:28,sim13,036570,,skip,theme_momentum_weak,,,,,,,,,,,,,,,,,,,,,,,,,,,
14923500,2026-10-01 11:01:28,sim13,0126Z0,,skip,theme_momentum_weak,,,,,,,,,,,,,,,,,,,,,,,,,,,
14923500,2026-10-01 11:01:28,sim13,003160,,skip,no_frgn_support,,,,,,,,,,,,,,,,,,,,,,,,,,,
14923500,2026-10-01 11:01:28,sim13,004105,,skip,no_frgn_support,,,,,,,,,,,,,,,,,,,,,,,,,,,
14923500,2026-10-01 11:01:28,sim13,093050,,skip,theme_momentum_weak,,,,,,,,,,,,,,,,,,,,,,,,,,,
14923500,2026-10-01 11:01:28,sim13,109070,,skip,amount_not_surprised,,,,,,,,,,,,,,,,,,,,,,,,,,,
14923500,2026-10-01 11:01:28,sim13,248070,,skip,theme_momentum_weak,,,,,,,,,,,,,,,,,,,,,,,,,,,
14923500,2026-10-01 11:01:28,sim13,009420,,skip,theme_momentum_weak,,,,,,,,,,,,,,,,,,,,,,,,,,,
14923500,2026-10-01 11:01:28,sim13,077500,,skip,held_or_cooldown,,,,,,,,,,,,,,,,,,,,,,,,,,,
14923500,2026-10-01 11:01:28,sim13,480370,,skip,adx_weak,,,,25.87601078167116,,,,,,,,,,,,,,,,,,,,,,,
14923500,2026-10-01 11:01:28,sim13,001360,,skip,theme_momentum_weak,,,,,,,,,,,,,,,,,,,,,,,,,,,
14923500,2026-10-01 11:01:28,sim13,002240,,skip,theme_momentum_weak,,,,,,,,,,,,,,,,,,,,,,,,,,,
14923500,2026-10-01 11:01:28,sim13,460860,,skip,theme_momentum_weak,,,,,,,,,,,,,,,,,,,,,,,,,,,
14923500,2026-10-01 11:01:28,sim13,001820,,skip,adx_weak,,,,38.26173826173826,,,,,,,,,,,,,,,,,,,,,,,
14923500,2026-10-01 11:01:28,sim13,004710,,skip,amount_not_surprised,,,,,,,,,,,,,,,,,,,,,,,,,,,
14923500,2026-10-01 11:01:28,sim13,014680,,skip,amount_not_surprised,,,,,,,,,,,,,,,,,,,,,,,,,,,
14923500,2026-10-01 11:01:28,sim13,000760,,skip,theme_momentum_weak,,,,,,,,,,,,,,,,,,,,,,,,,,,
14923500,2026-10-01 11:01:28,sim13,005850,,skip,theme_momentum_weak,,,,,,,,,,,,,,,,,,,,,,,,,,,
14923500,2026-10-01 11:01:28,sim13,012030,,skip,adx_weak,,,,35.77142857142857,,,,,,,,,,,,,,,,,,,,,,,
14923500,2026-10-01 11:01:28,sim13,006280,,skip,theme_momentum_weak,,,,,,,,,,,,,,,,,,,,,,,,,,,
14923500,2026-10-01 11:01:28,sim13,004100,,skip,adx_weak,,,,35.7429718875502,,,,,,,,,,,,,,,,,,,,,,,
14923500,2026-10-01 11:01:28,sim13,0120G0,,skip,theme_momentum_weak,,,,,,,,,,,,,,,,,,,,,,,,,,,
14923500,2026-10-01 11:01:28,sim13,093370,,skip,no_frgn_support,,,,,,,,,,,,,,,,,,,,,,,,,,,
14923500,2026-10-01 11:01:28,sim13,079550,,skip,theme_momentum_weak,,,,,,,,,,,,,,,,,,,,,,,,,,,
14923500,2026-10-01 11:01:28,sim13,272210,,skip,theme_momentum_weak,,,,,,,,,,,,,,,,,,,,,,,,,,,
14923500,2026-10-01 11:01:28,sim13,112610,,skip,theme_momentum_weak,,,,,,,,,,,,,,,,,,,,,,,,,,,
14923500,2026-10-01 11:01:28,sim13,078520,,skip,theme_momentum_weak,,,,,,,,,,,,,,,,,,,,,,,,,,,
14923501,2026-10-01 11:03:31,sim13,084010,,skip,theme_momentum_weak,,,,,,,,,,,,,,,,,,,,,,,,,,,
14923501,2026-10-01 11:03:31,sim13,005030,,skip,theme_momentum_weak,,,,,,,,,,,,,,,,,,,,,,,,,,,
14923501,2026-10-01 11:03:31,sim13,192650,,skip,no_frgn_support,,,,,,,,,,,,,,,,,,,,,,,,,,,
14923501,2026-10-01 11:03:31,sim13,036570,,skip,theme_momentum_weak,,,,,,,,,,,,,,,,,,,,,,,,,,,
14923501,2026-10-01 11:03:31,sim13,0126Z0,,skip,theme_momentum_weak,,,,,,,,,,,,,,,,,,,,,,,,,,,
14923501,2026-10-01 11:03:31,sim13,003160,,skip,no_frgn_support,,,,,,,,,,,,,,,,,,,,,,,,,,,
14923501,2026-10-01 11:03:31,sim13,004105,,skip,no_frgn_support,,,,,,,,,,,,,,,,,,,,,,,,,,,
14923501,2026-10-01 11:03:31,sim13,460860,,skip,theme_momentum_weak,,,,,,,,,,,,,,,,,,,,,,,,,,,
14923501,2026-10-01 11:03:31,sim13,093050,,skip,theme_momentum_weak,,,,,,,,,,,,,,,,,,,,,,,,,,,
14923501,2026-10-01 11:03:31,sim13,109070,,skip,amount_not_surprised,,,,,,,,,,,,,,,,,,,,,,,,,,,
14923501,2026-10-01 11:03:31,sim13,002240,,skip,theme_momentum_weak,,,,,,,,,,,,,,,,,,,,,,,,,,,
14923501,2026-10-01 11:03:31,sim13,009420,,skip,theme_momentum_weak,,,,,,,,,,,,,,,,,,,,,,,,,,,
14923501,2026-10-01 11:03:31,sim13,077500,,skip,held_or_cooldown,,,,,,,,,,,,,,,,,,,,,,,,,,,
14923501,2026-10-01 11:03:31,sim13,001820,,skip,adx_weak,,,,38.26173826173826,,,,,,,,,,,,,,,,,,,,,,,
14923501,2026-10-01 11:03:31,sim13,480370,,skip,adx_weak,,,,25.87601078167116,,,,,,,,,,,,,,,,,,,,,,,
14923501,2026-10-01 11:03:31,sim13,248070,,skip,theme_momentum_weak,,,,,,,,,,,,,,,,,,,,,,,,,,,
14923501,2026-10-01 11:03:31,sim13,004710,,skip,amount_not_surprised,,,,,,,,,,,,,,,,,,,,,,,,,,,
14923501,2026-10-01 11:03:31,sim13,001360,,skip,theme_momentum_weak,,,,,,,,,,,,,,,,,,,,,,,,,,,
14923501,2026-10-01 11:03:31,sim13,014680,,skip,amount_not_surprised,,,,,,,,,,,,,,,,,,,,,,,,,,,
14923501,2026-10-01 11:03:31,sim13,000760,,skip,theme_momentum_weak,,,,,,,,,,,,,,,,,,,,,,,,,,,
14923501,2026-10-01 11:03:31,sim13,012030,,skip,adx_weak,,,,35.77142857142857,,,,,,,,,,,,,,,,,,,,,,,
14923501,2026-10-01 11:03:31,sim13,006280,,skip,theme_momentum_weak,,,,,,,,,,,,,,,,,,,,,,,,,,,
14923501,2026-10-01 11:03:31,sim13,005850,,skip,theme_momentum_weak,,,,,,,,,,,,,,,,,,,,,,,,,,,
14923501,2026-10-01 11:03:31,sim13,003120,,skip,theme_momentum_weak,,,,,,,,,,,,,,,,,,,,,,,,,,,
14923501,2026-10-01 11:03:31,sim13,004100,,skip,adx_weak,,,,35.7429718875502,,,,,,,,,,,,,,,,,,,,,,,
14923501,2026-10-01 11:03:31,sim13,011930,,skip,theme_momentum_weak,,,,,,,,,,,,,,,,,,,,,,,,,,,
14923501,2026-10-01 11:03:31,sim13,055490,,skip,theme_momentum_weak,,,,,,,,,,,,,,,,,,,,,,,,,,,
14923501,2026-10-01 11:03:31,sim13,093370,,skip,no_frgn_support,,,,,,,,,,,,,,,,,,,,,,,,,,,
14923501,2026-10-01 11:03:31,sim13,015590,,skip,amount_not_surprised,,,,,,,,,,,,,,,,,,,,,,,,,,,
14923501,2026-10-01 11:03:31,sim13,112610,,skip,theme_momentum_weak,,,,,,,,,,,,,,,,,,,,,,,,,,,
14923502,2026-10-01 11:05:38,sim13,084010,,skip,theme_momentum_weak,,,,,,,,,,,,,,,,,,,,,,,,,,,
14923502,2026-10-01 11:05:38,sim13,005030,,skip,theme_momentum_weak,,,,,,,,,,,,,,,,,,,,,,,,,,,
14923502,2026-10-01 11:05:38,sim13,192650,,skip,no_frgn_support,,,,,,,,,,,,,,,,,,,,,,,,,,,
14923502,2026-10-01 11:05:38,sim13,036570,,skip,theme_momentum_weak,,,,,,,,,,,,,,,,,,,,,,,,,,,
14923502,2026-10-01 11:05:38,sim13,0126Z0,,skip,theme_momentum_weak,,,,,,,,,,,,,,,,,,,,,,,,,,,
14923502,2026-10-01 11:05:38,sim13,003160,,skip,no_frgn_support,,,,,,,,,,,,,,,,,,,,,,,,,,,
14923502,2026-10-01 11:05:38,sim13,093050,,skip,theme_momentum_weak,,,,,,,,,,,,,,,,,,,,,,,,,,,
14923502,2026-10-01 11:05:38,sim13,004105,,skip,no_frgn_support,,,,,,,,,,,,,,,,,,,,,,,,,,,
14923502,2026-10-01 11:05:38,sim13,009420,,skip,theme_momentum_weak,,,,,,,,,,,,,,,,,,,,,,,,,,,
14923502,2026-10-01 11:05:38,sim13,002240,,skip,theme_momentum_weak,,,,,,,,,,,,,,,,,,,,,,,,,,,
14923502,2026-10-01 11:05:38,sim13,001820,,skip,adx_weak,,,,38.26173826173826,,,,,,,,,,,,,,,,,,,,,,,
14923502,2026-10-01 11:05:38,sim13,109070,,skip,amount_not_surprised,,,,,,,,,,,,,,,,,,,,,,,,,,,
14923502,2026-10-01 11:05:38,sim13,460860,,skip,theme_momentum_weak,,,,,,,,,,,,,,,,,,,,,,,,,,,
14923502,2026-10-01 11:05:38,sim13,001360,,skip,theme_momentum_weak,,,,,,,,,,,,,,,,,,,,,,,,,,,
14923502,2026-10-01 11:05:38,sim13,077500,,skip,held_or_cooldown,,,,,,,,,,,,,,,,,,,,,,,,,,,
14923502,2026-10-01 11:05:38,sim13,248070,,skip,theme_momentum_weak,,,,,,,,,,,,,,,,,,,,,,,,,,,
14923502,2026-10-01 11:05:38,sim13,480370,,skip,adx_weak,,,,25.87601078167116,,,,,,,,,,,,,,,,,,,,,,,
14923502,2026-10-01 11:05:38,sim13,004710,,skip,amount_not_surprised,,,,,,,,,,,,,,,,,,,,,,,,,,,
14923502,2026-10-01 11:05:38,sim13,014680,,skip,amount_not_surprised,,,,,,,,,,,,,,,,,,,,,,,,,,,
14923502,2026-10-01 11:05:38,sim13,000760,,skip,theme_momentum_weak,,,,,,,,,,,,,,,,,,,,,,,,,,,
14923502,2026-10-01 11:05:38,sim13,012030,,skip,adx_weak,,,,35.77142857142857,,,,,,,,,,,,,,,,,,,,,,,
14923502,2026-10-01 11:05:38,sim13,055490,,skip,theme_momentum_weak,,,,,,,,,,,,,,,,,,,,,,,,,,,
14923502,2026-10-01 11:05:38,sim13,128940,,skip,theme_momentum_weak,,,,,,,,,,,,,,,,,,,,,,,,,,,
14923502,2026-10-01 11:05:38,sim13,005850,,skip,theme_momentum_weak,,,,,,,,,,,,,,,,,,,,,,,,,,,
14923502,2026-10-01 11:05:38,sim13,003120,,skip,theme_momentum_weak,,,,,,,,,,,,,,,,,,,,,,,,,,,
14923502,2026-10-01 11:05:38,sim13,015590,,skip,amount_not_surprised,,,,,,,,,,,,,,,,,,,,,,,,,,,
14923502,2026-10-01 11:05:38,sim13,006280,,skip,theme_momentum_weak,,,,,,,,,,,,,,,,,,,,,,,,,,,
14923502,2026-10-01 11:05:38,sim13,011930,,skip,theme_momentum_weak,,,,,,,,,,,,,,,,,,,,,,,,,,,
14923502,2026-10-01 11:05:38,sim13,093370,,skip,no_frgn_support,,,,,,,,,,,,,,,,,,,,,,,,,,,
14923502,2026-10-01 11:05:38,sim13,112610,,skip,theme_momentum_weak,,,,,,,,,,,,,,,,,,,,,,,,,,,
14923503,2026-10-01 11:07:51,sim13,084010,,skip,theme_momentum_weak,,,,,,,,,,,,,,,,,,,,,,,,,,,
14923503,2026-10-01 11:07:51,sim13,005030,,skip,theme_momentum_weak,,,,,,,,,,,,,,,,,,,,,,,,,,,
14923503,2026-10-01 11:07:51,sim13,192650,,skip,no_frgn_support,,,,,,,,,,,,,,,,,,,,,,,,,,,
14923503,2026-10-01 11:07:51,sim13,036570,,skip,theme_momentum_weak,,,,,,,,,,,,,,,,,,,,,,,,,,,
14923503,2026-10-01 11:07:51,sim13,004105,,skip,no_frgn_support,,,,,,,,,,,,,,,,,,,,,,,,,,,
14923503,2026-10-01 11:07:51,sim13,003160,,skip,no_frgn_support,,,,,,,,,,,,,,,,,,,,,,,,,,,
14923503,2026-10-01 11:07:51,sim13,0126Z0,,skip,theme_momentum_weak,,,,,,,,,,,,,,,,,,,,,,,,,,,
14923503,2026-10-01 11:07:51,sim13,093050,,skip,theme_momentum_weak,,,,,,,,,,,,,,,,,,,,,,,,,,,
14923503,2026-10-01 11:07:51,sim13,001820,,skip,adx_weak,,,,38.26173826173826,,,,,,,,,,,,,,,,,,,,,,,
14923503,2026-10-01 11:07:51,sim13,009420,,skip,theme_momentum_weak,,,,,,,,,,,,,,,,,,,,,,,,,,,
14923503,2026-10-01 11:07:51,sim13,002240,,skip,theme_momentum_weak,,,,,,,,,,,,,,,,,,,,,,,,,,,
14923503,2026-10-01 11:07:51,sim13,001360,,skip,theme_momentum_weak,,,,,,,,,,,,,,,,,,,,,,,,,,,
14923503,2026-10-01 11:07:51,sim13,109070,,skip,amount_not_surprised,,,,,,,,,,,,,,,,,,,,,,,,,,,
14923503,2026-10-01 11:07:51,sim13,460860,,skip,theme_momentum_weak,,,,,,,,,,,,,,,,,,,,,,,,,,,
14923503,2026-10-01 11:07:51,sim13,077500,,skip,held_or_cooldown,,,,,,,,,,,,,,,,,,,,,,,,,,,
14923503,2026-10-01 11:07:51,sim13,248070,,skip,theme_momentum_weak,,,,,,,,,,,,,,,,,,,,,,,,,,,
14923503,2026-10-01 11:07:51,sim13,004710,,skip,amount_not_surprised,,,,,,,,,,,,,,,,,,,,,,,,,,,
14923503,2026-10-01 11:07:51,sim13,014680,,skip,amount_not_surprised,,,,,,,,,,,,,,,,,,,,,,,,,,,
14923503,2026-10-01 11:07:51,sim13,000760,,skip,theme_momentum_weak,,,,,,,,,,,,,,,,,,,,,,,,,,,
14923503,2026-10-01 11:07:51,sim13,480370,,skip,adx_weak,,,,25.87601078167116,,,,,,,,,,,,,,,,,,,,,,,
14923503,2026-10-01 11:07:51,sim13,005850,,skip,theme_momentum_weak,,,,,,,,,,,,,,,,,,,,,,,,,,,
14923503,2026-10-01 11:07:51,sim13,055490,,skip,theme_momentum_weak,,,,,,,,,,,,,,,,,,,,,,,,,,,
14923503,2026-10-01 11:07:51,sim13,128940,,skip,theme_momentum_weak,,,,,,,,,,,,,,,,,,,,,,,,,,,
14923503,2026-10-01 11:07:51,sim13,0120G0,,skip,theme_momentum_weak,,,,,,,,,,,,,,,,,,,,,,,,,,,
14923503,2026-10-01 11:07:51,sim13,093370,,skip,no_frgn_support,,,,,,,,,,,,,,,,,,,,,,,,,,,
14923503,2026-10-01 11:07:51,sim13,006280,,skip,theme_momentum_weak,,,,,,,,,,,,,,,,,,,,,,,,,,,
14923503,2026-10-01 11:07:51,sim13,012030,,skip,adx_weak,,,,35.77142857142857,,,,,,,,,,,,,,,,,,,,,,,
14923503,2026-10-01 11:07:51,sim13,003120,,skip,theme_momentum_weak,,,,,,,,,,,,,,,,,,,,,,,,,,,
14923503,2026-10-01 11:07:51,sim13,015590,,skip,amount_not_surprised,,,,,,,,,,,,,,,,,,,,,,,,,,,
14923503,2026-10-01 11:07:51,sim13,011930,,skip,theme_momentum_weak,,,,,,,,,,,,,,,,,,,,,,,,,,,
14923504,2026-10-01 11:09:50,sim13,084010,,skip,theme_momentum_weak,,,,,,,,,,,,,,,,,,,,,,,,,,,
14923504,2026-10-01 11:09:50,sim13,005030,,skip,theme_momentum_weak,,,,,,,,,,,,,,,,,,,,,,,,,,,
14923504,2026-10-01 11:09:50,sim13,192650,,skip,no_frgn_support,,,,,,,,,,,,,,,,,,,,,,,,,,,
14923504,2026-10-01 11:09:50,sim13,036570,,skip,theme_momentum_weak,,,,,,,,,,,,,,,,,,,,,,,,,,,
14923504,2026-10-01 11:09:50,sim13,004105,,skip,no_frgn_support,,,,,,,,,,,,,,,,,,,,,,,,,,,
14923504,2026-10-01 11:09:50,sim13,0126Z0,,skip,theme_momentum_weak,,,,,,,,,,,,,,,,,,,,,,,,,,,
14923504,2026-10-01 11:09:50,sim13,003160,,skip,no_frgn_support,,,,,,,,,,,,,,,,,,,,,,,,,,,
14923504,2026-10-01 11:09:50,sim13,093050,,skip,theme_momentum_weak,,,,,,,,,,,,,,,,,,,,,,,,,,,
14923504,2026-10-01 11:09:50,sim13,009420,,skip,theme_momentum_weak,,,,,,,,,,,,,,,,,,,,,,,,,,,
14923504,2026-10-01 11:09:50,sim13,002240,,skip,theme_momentum_weak,,,,,,,,,,,,,,,,,,,,,,,,,,,
14923504,2026-10-01 11:09:50,sim13,001360,,skip,theme_momentum_weak,,,,,,,,,,,,,,,,,,,,,,,,,,,
14923504,2026-10-01 11:09:50,sim13,001820,,skip,adx_weak,,,,38.26173826173826,,,,,,,,,,,,,,,,,,,,,,,
14923504,2026-10-01 11:09:50,sim13,077500,,skip,held_or_cooldown,,,,,,,,,,,,,,,,,,,,,,,,,,,
14923504,2026-10-01 11:09:50,sim13,109070,,skip,amount_not_surprised,,,,,,,,,,,,,,,,,,,,,,,,,,,
14923504,2026-10-01 11:09:50,sim13,460860,,skip,theme_momentum_weak,,,,,,,,,,,,,,,,,,,,,,,,,,,
14923504,2026-10-01 11:09:50,sim13,248070,,skip,theme_momentum_weak,,,,,,,,,,,,,,,,,,,,,,,,,,,
14923504,2026-10-01 11:09:50,sim13,004710,,skip,amount_not_surprised,,,,,,,,,,,,,,,,,,,,,,,,,,,
14923504,2026-10-01 11:09:50,sim13,014680,,skip,amount_not_surprised,,,,,,,,,,,,,,,,,,,,,,,,,,,
14923504,2026-10-01 11:09:50,sim13,480370,,skip,adx_weak,,,,25.87601078167116,,,,,,,,,,,,,,,,,,,,,,,
14923504,2026-10-01 11:09:50,sim13,000760,,skip,theme_momentum_weak,,,,,,,,,,,,,,,,,,,,,,,,,,,
14923504,2026-10-01 11:09:50,sim13,011930,,skip,theme_momentum_weak,,,,,,,,,,,,,,,,,,,,,,,,,,,
14923504,2026-10-01 11:09:50,sim13,006280,,skip,theme_momentum_weak,,,,,,,,,,,,,,,,,,,,,,,,,,,
14923504,2026-10-01 11:09:50,sim13,012030,,skip,adx_weak,,,,35.77142857142857,,,,,,,,,,,,,,,,,,,,,,,
14923504,2026-10-01 11:09:50,sim13,055490,,skip,theme_momentum_weak,,,,,,,,,,,,,,,,,,,,,,,,,,,
14923504,2026-10-01 11:09:50,sim13,093370,,skip,no_frgn_support,,,,,,,,,,,,,,,,,,,,,,,,,,,
14923504,2026-10-01 11:09:50,sim13,079550,,skip,theme_momentum_weak,,,,,,,,,,,,,,,,,,,,,,,,,,,
14923504,2026-10-01 11:09:50,sim13,005850,,skip,theme_momentum_weak,,,,,,,,,,,,,,,,,,,,,,,,,,,
14923504,2026-10-01 11:09:50,sim13,015590,,skip,amount_not_surprised,,,,,,,,,,,,,,,,,,,,,,,,,,,
14923504,2026-10-01 11:09:50,sim13,128940,,skip,theme_momentum_weak,,,,,,,,,,,,,,,,,,,,,,,,,,,
14923504,2026-10-01 11:09:50,sim13,0120G0,,skip,theme_momentum_weak,,,,,,,,,,,,,,,,,,,,,,,,,,,
14923505,2026-10-01 11:12:23,sim13,084010,,skip,theme_momentum_weak,,,,,,,,,,,,,,,,,,,,,,,,,,,
14923505,2026-10-01 11:12:23,sim13,005030,,skip,theme_momentum_weak,,,,,,,,,,,,,,,,,,,,,,,,,,,
14923505,2026-10-01 11:12:23,sim13,192650,,skip,no_frgn_support,,,,,,,,,,,,,,,,,,,,,,,,,,,
14923505,2026-10-01 11:12:23,sim13,036570,,skip,theme_momentum_weak,,,,,,,,,,,,,,,,,,,,,,,,,,,
14923505,2026-10-01 11:12:23,sim13,0126Z0,,skip,theme_momentum_weak,,,,,,,,,,,,,,,,,,,,,,,,,,,
14923505,2026-10-01 11:12:23,sim13,002240,,skip,theme_momentum_weak,,,,,,,,,,,,,,,,,,,,,,,,,,,
14923505,2026-10-01 11:12:23,sim13,003160,,skip,no_frgn_support,,,,,,,,,,,,,,,,,,,,,,,,,,,
14923505,2026-10-01 11:12:23,sim13,009420,,skip,theme_momentum_weak,,,,,,,,,,,,,,,,,,,,,,,,,,,
14923505,2026-10-01 11:12:23,sim13,004105,,skip,no_frgn_support,,,,,,,,,,,,,,,,,,,,,,,,,,,
14923505,2026-10-01 11:12:23,sim13,077500,,skip,held_or_cooldown,,,,,,,,,,,,,,,,,,,,,,,,,,,
14923505,2026-10-01 11:12:23,sim13,093050,,skip,theme_momentum_weak,,,,,,,,,,,,,,,,,,,,,,,,,,,
14923505,2026-10-01 11:12:23,sim13,109070,,skip,amount_not_surprised,,,,,,,,,,,,,,,,,,,,,,,,,,,
14923505,2026-10-01 11:12:23,sim13,004710,,skip,amount_not_surprised,,,,,,,,,,,,,,,,,,,,,,,,,,,
14923505,2026-10-01 11:12:23,sim13,001360,,skip,theme_momentum_weak,,,,,,,,,,,,,,,,,,,,,,,,,,,
14923505,2026-10-01 11:12:23,sim13,248070,,skip,theme_momentum_weak,,,,,,,,,,,,,,,,,,,,,,,,,,,
14923505,2026-10-01 11:12:23,sim13,480370,,skip,adx_weak,,,,25.87601078167116,,,,,,,,,,,,,,,,,,,,,,,
14923505,2026-10-01 11:12:23,sim13,001820,,skip,adx_weak,,,,38.26173826173826,,,,,,,,,,,,,,,,,,,,,,,
14923505,2026-10-01 11:12:23,sim13,460860,,skip,theme_momentum_weak,,,,,,,,,,,,,,,,,,,,,,,,,,,
14923505,2026-10-01 11:12:23,sim13,014680,,skip,amount_not_surprised,,,,,,,,,,,,,,,,,,,,,,,,,,,
14923505,2026-10-01 11:12:23,sim13,000760,,skip,theme_momentum_weak,,,,,,,,,,,,,,,,,,,,,,,,,,,
14923505,2026-10-01 11:12:23,sim13,011930,,skip,theme_momentum_weak,,,,,,,,,,,,,,,,,,,,,,,,,,,
14923505,2026-10-01 11:12:23,sim13,005850,,skip,theme_momentum_weak,,,,,,,,,,,,,,,,,,,,,,,,,,,
14923505,2026-10-01 11:12:23,sim13,012030,,skip,adx_weak,,,,35.77142857142857,,,,,,,,,,,,,,,,,,,,,,,
14923505,2026-10-01 11:12:23,sim13,055490,,skip,theme_momentum_weak,,,,,,,,,,,,,,,,,,,,,,,,,,,
14923505,2026-10-01 11:12:23,sim13,093370,,skip,no_frgn_support,,,,,,,,,,,,,,,,,,,,,,,,,,,
14923505,2026-10-01 11:12:23,sim13,0120G0,,skip,theme_momentum_weak,,,,,,,,,,,,,,,,,,,,,,,,,,,
14923505,2026-10-01 11:12:23,sim13,006280,,skip,theme_momentum_weak,,,,,,,,,,,,,,,,,,,,,,,,,,,
14923505,2026-10-01 11:12:23,sim13,079550,,skip,theme_momentum_weak,,,,,,,,,,,,,,,,,,,,,,,,,,,
14923505,2026-10-01 11:12:23,sim13,353200,,skip,adx_weak,,,,28.26086956521739,,,,,,,,,,,,,,,,,,,,,,,
14923505,2026-10-01 11:12:23,sim13,128940,,skip,theme_momentum_weak,,,,,,,,,,,,,,,,,,,,,,,,,,,
14923506,2026-10-01 11:14:31,sim13,084010,,skip,theme_momentum_weak,,,,,,,,,,,,,,,,,,,,,,,,,,,
14923506,2026-10-01 11:14:31,sim13,005030,,skip,theme_momentum_weak,,,,,,,,,,,,,,,,,,,,,,,,,,,
14923506,2026-10-01 11:14:31,sim13,192650,,skip,no_frgn_support,,,,,,,,,,,,,,,,,,,,,,,,,,,
14923506,2026-10-01 11:14:31,sim13,036570,,skip,theme_momentum_weak,,,,,,,,,,,,,,,,,,,,,,,,,,,
14923506,2026-10-01 11:14:31,sim13,0126Z0,,skip,theme_momentum_weak,,,,,,,,,,,,,,,,,,,,,,,,,,,
14923506,2026-10-01 11:14:31,sim13,002240,,skip,theme_momentum_weak,,,,,,,,,,,,,,,,,,,,,,,,,,,
14923506,2026-10-01 11:14:31,sim13,003160,,skip,no_frgn_support,,,,,,,,,,,,,,,,,,,,,,,,,,,
14923506,2026-10-01 11:14:31,sim13,004105,,skip,no_frgn_support,,,,,,,,,,,,,,,,,,,,,,,,,,,
14923506,2026-10-01 11:14:31,sim13,009420,,skip,theme_momentum_weak,,,,,,,,,,,,,,,,,,,,,,,,,,,
14923506,2026-10-01 11:14:31,sim13,109070,,skip,amount_not_surprised,,,,,,,,,,,,,,,,,,,,,,,,,,,
14923506,2026-10-01 11:14:31,sim13,248070,,skip,theme_momentum_weak,,,,,,,,,,,,,,,,,,,,,,,,,,,
14923506,2026-10-01 11:14:31,sim13,460860,,skip,theme_momentum_weak,,,,,,,,,,,,,,,,,,,,,,,,,,,
14923506,2026-10-01 11:14:31,sim13,077500,,skip,held_or_cooldown,,,,,,,,,,,,,,,,,,,,,,,,,,,
14923506,2026-10-01 11:14:31,sim13,001820,,skip,adx_weak,,,,38.26173826173826,,,,,,,,,,,,,,,,,,,,,,,
14923506,2026-10-01 11:14:31,sim13,480370,,skip,adx_weak,,,,25.87601078167116,,,,,,,,,,,,,,,,,,,,,,,
14923506,2026-10-01 11:14:31,sim13,004710,,skip,amount_not_surprised,,,,,,,,,,,,,,,,,,,,,,,,,,,
14923506,2026-10-01 11:14:31,sim13,001360,,skip,theme_momentum_weak,,,,,,,,,,,,,,,,,,,,,,,,,,,
14923506,2026-10-01 11:14:31,sim13,093050,,skip,theme_momentum_weak,,,,,,,,,,,,,,,,,,,,,,,,,,,
14923506,2026-10-01 11:14:31,sim13,014680,,skip,amount_not_surprised,,,,,,,,,,,,,,,,,,,,,,,,,,,
14923506,2026-10-01 11:14:31,sim13,000760,,skip,theme_momentum_weak,,,,,,,,,,,,,,,,,,,,,,,,,,,
14923506,2026-10-01 11:14:31,sim13,015590,,skip,amount_not_surprised,,,,,,,,,,,,,,,,,,,,,,,,,,,
14923506,2026-10-01 11:14:31,sim13,012030,,skip,adx_weak,,,,35.77142857142857,,,,,,,,,,,,,,,,,,,,,,,
14923506,2026-10-01 11:14:31,sim13,055490,,skip,theme_momentum_weak,,,,,,,,,,,,,,,,,,,,,,,,,,,
14923506,2026-10-01 11:14:31,sim13,353200,,skip,adx_weak,,,,28.26086956521739,,,,,,,,,,,,,,,,,,,,,,,
14923506,2026-10-01 11:14:31,sim13,006280,,skip,theme_momentum_weak,,,,,,,,,,,,,,,,,,,,,,,,,,,
14923506,2026-10-01 11:14:31,sim13,079550,,skip,theme_momentum_weak,,,,,,,,,,,,,,,,,,,,,,,,,,,
14923506,2026-10-01 11:14:31,sim13,005850,,skip,theme_momentum_weak,,,,,,,,,,,,,,,,,,,,,,,,,,,
14923506,2026-10-01 11:14:31,sim13,011930,,skip,theme_momentum_weak,,,,,,,,,,,,,,,,,,,,,,,,,,,
14923506,2026-10-01 11:14:31,sim13,093370,,skip,no_frgn_support,,,,,,,,,,,,,,,,,,,,,,,,,,,
14923506,2026-10-01 11:14:31,sim13,003350,,skip,theme_momentum_weak,,,,,,,,,,,,,,,,,,,,,,,,,,,
14923507,2026-10-01 11:16:38,sim13,084010,,skip,theme_momentum_weak,,,,,,,,,,,,,,,,,,,,,,,,,,,
14923507,2026-10-01 11:16:38,sim13,005030,,skip,theme_momentum_weak,,,,,,,,,,,,,,,,,,,,,,,,,,,
14923507,2026-10-01 11:16:38,sim13,192650,,skip,no_frgn_support,,,,,,,,,,,,,,,,,,,,,,,,,,,
14923507,2026-10-01 11:16:38,sim13,036570,,skip,theme_momentum_weak,,,,,,,,,,,,,,,,,,,,,,,,,,,
14923507,2026-10-01 11:16:38,sim13,002240,,skip,theme_momentum_weak,,,,,,,,,,,,,,,,,,,,,,,,,,,
14923507,2026-10-01 11:16:38,sim13,248070,,skip,theme_momentum_weak,,,,,,,,,,,,,,,,,,,,,,,,,,,
14923507,2026-10-01 11:16:38,sim13,0126Z0,,skip,theme_momentum_weak,,,,,,,,,,,,,,,,,,,,,,,,,,,
14923507,2026-10-01 11:16:38,sim13,003160,,skip,no_frgn_support,,,,,,,,,,,,,,,,,,,,,,,,,,,
14923507,2026-10-01 11:16:38,sim13,109070,,skip,amount_not_surprised,,,,,,,,,,,,,,,,,,,,,,,,,,,
14923507,2026-10-01 11:16:38,sim13,077500,,skip,held_or_cooldown,,,,,,,,,,,,,,,,,,,,,,,,,,,
14923507,2026-10-01 11:16:38,sim13,004105,,skip,no_frgn_support,,,,,,,,,,,,,,,,,,,,,,,,,,,
14923507,2026-10-01 11:16:38,sim13,009420,,skip,theme_momentum_weak,,,,,,,,,,,,,,,,,,,,,,,,,,,
14923507,2026-10-01 11:16:38,sim13,001360,,skip,theme_momentum_weak,,,,,,,,,,,,,,,,,,,,,,,,,,,
14923507,2026-10-01 11:16:38,sim13,004710,,skip,amount_not_surprised,,,,,,,,,,,,,,,,,,,,,,,,,,,
14923507,2026-10-01 11:16:38,sim13,460860,,skip,theme_momentum_weak,,,,,,,,,,,,,,,,,,,,,,,,,,,
14923507,2026-10-01 11:16:38,sim13,480370,,skip,adx_weak,,,,25.87601078167116,,,,,,,,,,,,,,,,,,,,,,,
14923507,2026-10-01 11:16:38,sim13,093050,,skip,theme_momentum_weak,,,,,,,,,,,,,,,,,,,,,,,,,,,
14923507,2026-10-01 11:16:38,sim13,001820,,skip,adx_weak,,,,38.26173826173826,,,,,,,,,,,,,,,,,,,,,,,
14923507,2026-10-01 11:16:38,sim13,014680,,skip,amount_not_surprised,,,,,,,,,,,,,,,,,,,,,,,,,,,
14923507,2026-10-01 11:16:38,sim13,000760,,skip,theme_momentum_weak,,,,,,,,,,,,,,,,,,,,,,,,,,,
14923507,2026-10-01 11:16:38,sim13,005850,,skip,theme_momentum_weak,,,,,,,,,,,,,,,,,,,,,,,,,,,
14923507,2026-10-01 11:16:38,sim13,055490,,skip,theme_momentum_weak,,,,,,,,,,,,,,,,,,,,,,,,,,,
14923507,2026-10-01 11:16:38,sim13,015590,,skip,amount_not_surprised,,,,,,,,,,,,,,,,,,,,,,,,,,,
14923507,2026-10-01 11:16:38,sim13,006280,,skip,theme_momentum_weak,,,,,,,,,,,,,,,,,,,,,,,,,,,
14923507,2026-10-01 11:16:38,sim13,093370,,skip,no_frgn_support,,,,,,,,,,,,,,,,,,,,,,,,,,,
14923507,2026-10-01 11:16:38,sim13,011930,,skip,theme_momentum_weak,,,,,,,,,,,,,,,,,,,,,,,,,,,
14923507,2026-10-01 11:16:38,sim13,012030,,skip,adx_weak,,,,35.77142857142857,,,,,,,,,,,,,,,,,,,,,,,
14923507,2026-10-01 11:16:38,sim13,079550,,skip,theme_momentum_weak,,,,,,,,,,,,,,,,,,,,,,,,,,,
14923507,2026-10-01 11:16:38,sim13,003350,,skip,theme_momentum_weak,,,,,,,,,,,,,,,,,,,,,,,,,,,
14923507,2026-10-01 11:16:38,sim13,019685,,skip,amount_not_surprised,,,,,,,,,,,,,,,,,,,,,,,,,,,
14923509,2026-10-01 11:19:22,sim13,084010,,skip,theme_momentum_weak,,,,,,,,,,,,,,,,,,,,,,,,,,,
14923509,2026-10-01 11:19:22,sim13,005030,,skip,theme_momentum_weak,,,,,,,,,,,,,,,,,,,,,,,,,,,
14923509,2026-10-01 11:19:22,sim13,192650,,skip,no_frgn_support,,,,,,,,,,,,,,,,,,,,,,,,,,,
14923509,2026-10-01 11:19:22,sim13,036570,,skip,theme_momentum_weak,,,,,,,,,,,,,,,,,,,,,,,,,,,
14923509,2026-10-01 11:19:22,sim13,248070,,skip,theme_momentum_weak,,,,,,,,,,,,,,,,,,,,,,,,,,,
14923509,2026-10-01 11:19:22,sim13,002240,,skip,theme_momentum_weak,,,,,,,,,,,,,,,,,,,,,,,,,,,
14923509,2026-10-01 11:19:22,sim13,109070,,skip,amount_not_surprised,,,,,,,,,,,,,,,,,,,,,,,,,,,
14923509,2026-10-01 11:19:22,sim13,0126Z0,,skip,theme_momentum_weak,,,,,,,,,,,,,,,,,,,,,,,,,,,
14923509,2026-10-01 11:19:22,sim13,003350,,skip,theme_momentum_weak,,,,,,,,,,,,,,,,,,,,,,,,,,,
14923509,2026-10-01 11:19:22,sim13,077500,,skip,held_or_cooldown,,,,,,,,,,,,,,,,,,,,,,,,,,,
14923509,2026-10-01 11:19:22,sim13,003160,,skip,no_frgn_support,,,,,,,,,,,,,,,,,,,,,,,,,,,
14923509,2026-10-01 11:19:22,sim13,009420,,skip,theme_momentum_weak,,,,,,,,,,,,,,,,,,,,,,,,,,,
14923509,2026-10-01 11:19:22,sim13,004105,,skip,no_frgn_support,,,,,,,,,,,,,,,,,,,,,,,,,,,
14923509,2026-10-01 11:19:22,sim13,001820,,skip,adx_weak,,,,38.26173826173826,,,,,,,,,,,,,,,,,,,,,,,
14923509,2026-10-01 11:19:22,sim13,093050,,skip,theme_momentum_weak,,,,,,,,,,,,,,,,,,,,,,,,,,,
14923509,2026-10-01 11:19:22,sim13,460860,,skip,theme_momentum_weak,,,,,,,,,,,,,,,,,,,,,,,,,,,
14923509,2026-10-01 11:19:22,sim13,001360,,skip,theme_momentum_weak,,,,,,,,,,,,,,,,,,,,,,,,,,,
14923509,2026-10-01 11:19:22,sim13,004710,,skip,amount_not_surprised,,,,,,,,,,,,,,,,,,,,,,,,,,,
14923509,2026-10-01 11:19:22,sim13,480370,,skip,adx_weak,,,,25.87601078167116,,,,,,,,,,,,,,,,,,,,,,,
14923509,2026-10-01 11:19:22,sim13,015590,,skip,amount_not_surprised,,,,,,,,,,,,,,,,,,,,,,,,,,,
14923509,2026-10-01 11:19:22,sim13,000760,,skip,theme_momentum_weak,,,,,,,,,,,,,,,,,,,,,,,,,,,
14923509,2026-10-01 11:19:22,sim13,014680,,skip,amount_not_surprised,,,,,,,,,,,,,,,,,,,,,,,,,,,
14923509,2026-10-01 11:19:22,sim13,006280,,skip,theme_momentum_weak,,,,,,,,,,,,,,,,,,,,,,,,,,,
14923509,2026-10-01 11:19:22,sim13,012030,,skip,adx_weak,,,,35.77142857142857,,,,,,,,,,,,,,,,,,,,,,,
14923509,2026-10-01 11:19:22,sim13,005850,,skip,theme_momentum_weak,,,,,,,,,,,,,,,,,,,,,,,,,,,
14923509,2026-10-01 11:19:22,sim13,079550,,skip,theme_momentum_weak,,,,,,,,,,,,,,,,,,,,,,,,,,,
14923509,2026-10-01 11:19:22,sim13,011930,,skip,theme_momentum_weak,,,,,,,,,,,,,,,,,,,,,,,,,,,
14923509,2026-10-01 11:19:22,sim13,093370,,skip,no_frgn_support,,,,,,,,,,,,,,,,,,,,,,,,,,,
14923509,2026-10-01 11:19:22,sim13,055490,,skip,theme_momentum_weak,,,,,,,,,,,,,,,,,,,,,,,,,,,
14923509,2026-10-01 11:19:22,sim13,019685,,skip,amount_not_surprised,,,,,,,,,,,,,,,,,,,,,,,,,,,
14923510,2026-10-01 11:21:39,sim13,084010,,skip,theme_momentum_weak,,,,,,,,,,,,,,,,,,,,,,,,,,,
14923510,2026-10-01 11:21:39,sim13,005030,,skip,theme_momentum_weak,,,,,,,,,,,,,,,,,,,,,,,,,,,
14923510,2026-10-01 11:21:39,sim13,192650,,skip,no_frgn_support,,,,,,,,,,,,,,,,,,,,,,,,,,,
14923510,2026-10-01 11:21:39,sim13,036570,,skip,theme_momentum_weak,,,,,,,,,,,,,,,,,,,,,,,,,,,
14923510,2026-10-01 11:21:39,sim13,248070,,skip,theme_momentum_weak,,,,,,,,,,,,,,,,,,,,,,,,,,,
14923510,2026-10-01 11:21:39,sim13,0126Z0,,skip,theme_momentum_weak,,,,,,,,,,,,,,,,,,,,,,,,,,,
14923510,2026-10-01 11:21:39,sim13,002240,,skip,theme_momentum_weak,,,,,,,,,,,,,,,,,,,,,,,,,,,
14923510,2026-10-01 11:21:39,sim13,003350,,skip,theme_momentum_weak,,,,,,,,,,,,,,,,,,,,,,,,,,,
14923510,2026-10-01 11:21:39,sim13,077500,,skip,held_or_cooldown,,,,,,,,,,,,,,,,,,,,,,,,,,,
14923510,2026-10-01 11:21:39,sim13,009420,,skip,theme_momentum_weak,,,,,,,,,,,,,,,,,,,,,,,,,,,
14923510,2026-10-01 11:21:39,sim13,003160,,skip,no_frgn_support,,,,,,,,,,,,,,,,,,,,,,,,,,,
14923510,2026-10-01 11:21:39,sim13,001820,,skip,adx_weak,,,,38.26173826173826,,,,,,,,,,,,,,,,,,,,,,,
14923510,2026-10-01 11:21:39,sim13,001360,,skip,theme_momentum_weak,,,,,,,,,,,,,,,,,,,,,,,,,,,
14923510,2026-10-01 11:21:39,sim13,093050,,skip,theme_momentum_weak,,,,,,,,,,,,,,,,,,,,,,,,,,,
14923510,2026-10-01 11:21:39,sim13,460860,,skip,theme_momentum_weak,,,,,,,,,,,,,,,,,,,,,,,,,,,
14923510,2026-10-01 11:21:39,sim13,004710,,skip,amount_not_surprised,,,,,,,,,,,,,,,,,,,,,,,,,,,
14923510,2026-10-01 11:21:39,sim13,480370,,skip,adx_weak,,,,25.87601078167116,,,,,,,,,,,,,,,,,,,,,,,
14923510,2026-10-01 11:21:39,sim13,109070,,skip,amount_not_surprised,,,,,,,,,,,,,,,,,,,,,,,,,,,
14923510,2026-10-01 11:21:39,sim13,004105,,skip,no_frgn_support,,,,,,,,,,,,,,,,,,,,,,,,,,,
14923510,2026-10-01 11:21:39,sim13,006280,,skip,theme_momentum_weak,,,,,,,,,,,,,,,,,,,,,,,,,,,
14923510,2026-10-01 11:21:39,sim13,000760,,skip,theme_momentum_weak,,,,,,,,,,,,,,,,,,,,,,,,,,,
14923510,2026-10-01 11:21:39,sim13,015590,,skip,amount_not_surprised,,,,,,,,,,,,,,,,,,,,,,,,,,,
14923510,2026-10-01 11:21:39,sim13,012030,,skip,adx_weak,,,,35.77142857142857,,,,,,,,,,,,,,,,,,,,,,,
14923510,2026-10-01 11:21:39,sim13,055490,,skip,theme_momentum_weak,,,,,,,,,,,,,,,,,,,,,,,,,,,
14923510,2026-10-01 11:21:39,sim13,079550,,skip,theme_momentum_weak,,,,,,,,,,,,,,,,,,,,,,,,,,,
14923510,2026-10-01 11:21:39,sim13,005850,,skip,theme_momentum_weak,,,,,,,,,,,,,,,,,,,,,,,,,,,
14923510,2026-10-01 11:21:39,sim13,014680,,skip,amount_not_surprised,,,,,,,,,,,,,,,,,,,,,,,,,,,
14923510,2026-10-01 11:21:39,sim13,011930,,skip,theme_momentum_weak,,,,,,,,,,,,,,,,,,,,,,,,,,,
14923510,2026-10-01 11:21:39,sim13,093370,,skip,no_frgn_support,,,,,,,,,,,,,,,,,,,,,,,,,,,
14923510,2026-10-01 11:21:39,sim13,004100,,skip,adx_weak,,,,35.7429718875502,,,,,,,,,,,,,,,,,,,,,,,
14923511,2026-10-01 11:23:44,sim13,084010,,skip,theme_momentum_weak,,,,,,,,,,,,,,,,,,,,,,,,,,,
14923511,2026-10-01 11:23:44,sim13,005030,,skip,theme_momentum_weak,,,,,,,,,,,,,,,,,,,,,,,,,,,
14923511,2026-10-01 11:23:44,sim13,192650,,skip,no_frgn_support,,,,,,,,,,,,,,,,,,,,,,,,,,,
14923511,2026-10-01 11:23:44,sim13,036570,,skip,theme_momentum_weak,,,,,,,,,,,,,,,,,,,,,,,,,,,
14923511,2026-10-01 11:23:44,sim13,248070,,skip,theme_momentum_weak,,,,,,,,,,,,,,,,,,,,,,,,,,,
14923511,2026-10-01 11:23:44,sim13,0126Z0,,skip,theme_momentum_weak,,,,,,,,,,,,,,,,,,,,,,,,,,,
14923511,2026-10-01 11:23:44,sim13,009420,,skip,theme_momentum_weak,,,,,,,,,,,,,,,,,,,,,,,,,,,
14923511,2026-10-01 11:23:44,sim13,077500,,skip,held_or_cooldown,,,,,,,,,,,,,,,,,,,,,,,,,,,
14923511,2026-10-01 11:23:44,sim13,002240,,skip,theme_momentum_weak,,,,,,,,,,,,,,,,,,,,,,,,,,,
14923511,2026-10-01 11:23:44,sim13,003350,,skip,theme_momentum_weak,,,,,,,,,,,,,,,,,,,,,,,,,,,
14923511,2026-10-01 11:23:44,sim13,001820,,skip,adx_weak,,,,38.26173826173826,,,,,,,,,,,,,,,,,,,,,,,
14923511,2026-10-01 11:23:44,sim13,004105,,skip,no_frgn_support,,,,,,,,,,,,,,,,,,,,,,,,,,,
14923511,2026-10-01 11:23:44,sim13,001360,,skip,theme_momentum_weak,,,,,,,,,,,,,,,,,,,,,,,,,,,
14923511,2026-10-01 11:23:44,sim13,003160,,skip,no_frgn_support,,,,,,,,,,,,,,,,,,,,,,,,,,,
14923511,2026-10-01 11:23:44,sim13,093050,,skip,theme_momentum_weak,,,,,,,,,,,,,,,,,,,,,,,,,,,
14923511,2026-10-01 11:23:44,sim13,460860,,skip,theme_momentum_weak,,,,,,,,,,,,,,,,,,,,,,,,,,,
14923511,2026-10-01 11:23:44,sim13,109070,,skip,amount_not_surprised,,,,,,,,,,,,,,,,,,,,,,,,,,,
14923511,2026-10-01 11:23:44,sim13,004710,,skip,amount_not_surprised,,,,,,,,,,,,,,,,,,,,,,,,,,,
14923511,2026-10-01 11:23:44,sim13,012030,,skip,adx_weak,,,,35.77142857142857,,,,,,,,,,,,,,,,,,,,,,,
14923511,2026-10-01 11:23:44,sim13,006280,,skip,theme_momentum_weak,,,,,,,,,,,,,,,,,,,,,,,,,,,
14923511,2026-10-01 11:23:44,sim13,480370,,skip,adx_weak,,,,25.87601078167116,,,,,,,,,,,,,,,,,,,,,,,
14923511,2026-10-01 11:23:44,sim13,000760,,skip,theme_momentum_weak,,,,,,,,,,,,,,,,,,,,,,,,,,,
14923511,2026-10-01 11:23:44,sim13,015590,,skip,amount_not_surprised,,,,,,,,,,,,,,,,,,,,,,,,,,,
14923511,2026-10-01 11:23:44,sim13,055490,,skip,theme_momentum_weak,,,,,,,,,,,,,,,,,,,,,,,,,,,
14923511,2026-10-01 11:23:44,sim13,005850,,skip,theme_momentum_weak,,,,,,,,,,,,,,,,,,,,,,,,,,,
14923511,2026-10-01 11:23:44,sim13,014680,,skip,amount_not_surprised,,,,,,,,,,,,,,,,,,,,,,,,,,,
14923511,2026-10-01 11:23:44,sim13,353200,,skip,adx_weak,,,,28.26086956521739,,,,,,,,,,,,,,,,,,,,,,,
14923511,2026-10-01 11:23:44,sim13,079550,,skip,theme_momentum_weak,,,,,,,,,,,,,,,,,,,,,,,,,,,
14923511,2026-10-01 11:23:44,sim13,011930,,skip,theme_momentum_weak,,,,,,,,,,,,,,,,,,,,,,,,,,,
14923511,2026-10-01 11:23:44,sim13,093370,,skip,no_frgn_support,,,,,,,,,,,,,,,,,,,,,,,,,,,
14923512,2026-10-01 11:25:48,sim13,084010,,skip,theme_momentum_weak,,,,,,,,,,,,,,,,,,,,,,,,,,,
14923512,2026-10-01 11:25:48,sim13,005030,,skip,theme_momentum_weak,,,,,,,,,,,,,,,,,,,,,,,,,,,
14923512,2026-10-01 11:25:48,sim13,192650,,skip,no_frgn_support,,,,,,,,,,,,,,,,,,,,,,,,,,,
14923512,2026-10-01 11:25:48,sim13,036570,,skip,theme_momentum_weak,,,,,,,,,,,,,,,,,,,,,,,,,,,
14923512,2026-10-01 11:25:48,sim13,248070,,skip,theme_momentum_weak,,,,,,,,,,,,,,,,,,,,,,,,,,,
14923512,2026-10-01 11:25:48,sim13,0126Z0,,skip,theme_momentum_weak,,,,,,,,,,,,,,,,,,,,,,,,,,,
14923512,2026-10-01 11:25:48,sim13,009420,,skip,theme_momentum_weak,,,,,,,,,,,,,,,,,,,,,,,,,,,
14923512,2026-10-01 11:25:48,sim13,003350,,skip,theme_momentum_weak,,,,,,,,,,,,,,,,,,,,,,,,,,,
14923512,2026-10-01 11:25:48,sim13,003160,,skip,no_frgn_support,,,,,,,,,,,,,,,,,,,,,,,,,,,
14923512,2026-10-01 11:25:48,sim13,002240,,skip,theme_momentum_weak,,,,,,,,,,,,,,,,,,,,,,,,,,,
14923512,2026-10-01 11:25:48,sim13,001820,,skip,adx_weak,,,,38.26173826173826,,,,,,,,,,,,,,,,,,,,,,,
14923512,2026-10-01 11:25:48,sim13,004105,,skip,no_frgn_support,,,,,,,,,,,,,,,,,,,,,,,,,,,
14923512,2026-10-01 11:25:48,sim13,001360,,skip,theme_momentum_weak,,,,,,,,,,,,,,,,,,,,,,,,,,,
14923512,2026-10-01 11:25:48,sim13,077500,,skip,held_or_cooldown,,,,,,,,,,,,,,,,,,,,,,,,,,,
14923512,2026-10-01 11:25:48,sim13,093050,,skip,theme_momentum_weak,,,,,,,,,,,,,,,,,,,,,,,,,,,
14923512,2026-10-01 11:25:48,sim13,460860,,skip,theme_momentum_weak,,,,,,,,,,,,,,,,,,,,,,,,,,,
14923512,2026-10-01 11:25:48,sim13,004710,,skip,amount_not_surprised,,,,,,,,,,,,,,,,,,,,,,,,,,,
14923512,2026-10-01 11:25:48,sim13,109070,,skip,amount_not_surprised,,,,,,,,,,,,,,,,,,,,,,,,,,,
14923512,2026-10-01 11:25:48,sim13,012030,,skip,adx_weak,,,,35.77142857142857,,,,,,,,,,,,,,,,,,,,,,,
14923512,2026-10-01 11:25:48,sim13,480370,,skip,adx_weak,,,,25.87601078167116,,,,,,,,,,,,,,,,,,,,,,,
14923512,2026-10-01 11:25:48,sim13,353200,,skip,adx_weak,,,,28.26086956521739,,,,,,,,,,,,,,,,,,,,,,,
14923512,2026-10-01 11:25:48,sim13,006280,,skip,theme_momentum_weak,,,,,,,,,,,,,,,,,,,,,,,,,,,
14923512,2026-10-01 11:25:48,sim13,005850,,skip,theme_momentum_weak,,,,,,,,,,,,,,,,,,,,,,,,,,,
14923512,2026-10-01 11:25:48,sim13,015590,,skip,amount_not_surprised,,,,,,,,,,,,,,,,,,,,,,,,,,,
14923512,2026-10-01 11:25:48,sim13,055490,,skip,theme_momentum_weak,,,,,,,,,,,,,,,,,,,,,,,,,,,
14923512,2026-10-01 11:25:48,sim13,000760,,skip,theme_momentum_weak,,,,,,,,,,,,,,,,,,,,,,,,,,,
14923512,2026-10-01 11:25:48,sim13,014680,,skip,amount_not_surprised,,,,,,,,,,,,,,,,,,,,,,,,,,,
14923512,2026-10-01 11:25:48,sim13,079550,,skip,theme_momentum_weak,,,,,,,,,,,,,,,,,,,,,,,,,,,
14923512,2026-10-01 11:25:48,sim13,093370,,skip,no_frgn_support,,,,,,,,,,,,,,,,,,,,,,,,,,,
14923512,2026-10-01 11:25:48,sim13,272210,,skip,theme_momentum_weak,,,,,,,,,,,,,,,,,,,,,,,,,,,
14923513,2026-10-01 11:27:56,sim13,084010,,skip,theme_momentum_weak,,,,,,,,,,,,,,,,,,,,,,,,,,,
14923513,2026-10-01 11:27:56,sim13,005030,,skip,theme_momentum_weak,,,,,,,,,,,,,,,,,,,,,,,,,,,
14923513,2026-10-01 11:27:56,sim13,192650,,skip,no_frgn_support,,,,,,,,,,,,,,,,,,,,,,,,,,,
14923513,2026-10-01 11:27:56,sim13,036570,,skip,theme_momentum_weak,,,,,,,,,,,,,,,,,,,,,,,,,,,
14923513,2026-10-01 11:27:56,sim13,248070,,skip,theme_momentum_weak,,,,,,,,,,,,,,,,,,,,,,,,,,,
14923513,2026-10-01 11:27:56,sim13,0126Z0,,skip,theme_momentum_weak,,,,,,,,,,,,,,,,,,,,,,,,,,,
14923513,2026-10-01 11:27:56,sim13,001820,,skip,adx_weak,,,,38.26173826173826,,,,,,,,,,,,,,,,,,,,,,,
14923513,2026-10-01 11:27:56,sim13,009420,,skip,theme_momentum_weak,,,,,,,,,,,,,,,,,,,,,,,,,,,
14923513,2026-10-01 11:27:56,sim13,003160,,skip,no_frgn_support,,,,,,,,,,,,,,,,,,,,,,,,,,,
14923513,2026-10-01 11:27:56,sim13,003350,,skip,theme_momentum_weak,,,,,,,,,,,,,,,,,,,,,,,,,,,
14923513,2026-10-01 11:27:56,sim13,002240,,skip,theme_momentum_weak,,,,,,,,,,,,,,,,,,,,,,,,,,,
14923513,2026-10-01 11:27:56,sim13,004105,,skip,no_frgn_support,,,,,,,,,,,,,,,,,,,,,,,,,,,
14923513,2026-10-01 11:27:56,sim13,001360,,skip,theme_momentum_weak,,,,,,,,,,,,,,,,,,,,,,,,,,,
14923513,2026-10-01 11:27:56,sim13,077500,,skip,held_or_cooldown,,,,,,,,,,,,,,,,,,,,,,,,,,,
14923513,2026-10-01 11:27:56,sim13,093050,,skip,theme_momentum_weak,,,,,,,,,,,,,,,,,,,,,,,,,,,
14923513,2026-10-01 11:27:56,sim13,460860,,skip,theme_momentum_weak,,,,,,,,,,,,,,,,,,,,,,,,,,,
14923513,2026-10-01 11:27:56,sim13,004710,,skip,amount_not_surprised,,,,,,,,,,,,,,,,,,,,,,,,,,,
14923513,2026-10-01 11:27:56,sim13,353200,,skip,adx_weak,,,,28.26086956521739,,,,,,,,,,,,,,,,,,,,,,,
14923513,2026-10-01 11:27:56,sim13,109070,,skip,amount_not_surprised,,,,,,,,,,,,,,,,,,,,,,,,,,,
14923513,2026-10-01 11:27:56,sim13,012030,,skip,adx_weak,,,,35.77142857142857,,,,,,,,,,,,,,,,,,,,,,,
14923513,2026-10-01 11:27:56,sim13,005850,,skip,theme_momentum_weak,,,,,,,,,,,,,,,,,,,,,,,,,,,
14923513,2026-10-01 11:27:56,sim13,480370,,skip,adx_weak,,,,25.87601078167116,,,,,,,,,,,,,,,,,,,,,,,
14923513,2026-10-01 11:27:56,sim13,014680,,skip,amount_not_surprised,,,,,,,,,,,,,,,,,,,,,,,,,,,
14923513,2026-10-01 11:27:56,sim13,006280,,skip,theme_momentum_weak,,,,,,,,,,,,,,,,,,,,,,,,,,,
14923513,2026-10-01 11:27:56,sim13,055490,,skip,theme_momentum_weak,,,,,,,,,,,,,,,,,,,,,,,,,,,
14923513,2026-10-01 11:27:56,sim13,000760,,skip,theme_momentum_weak,,,,,,,,,,,,,,,,,,,,,,,,,,,
14923513,2026-10-01 11:27:56,sim13,015590,,skip,amount_not_surprised,,,,,,,,,,,,,,,,,,,,,,,,,,,
14923513,2026-10-01 11:27:56,sim13,272210,,skip,theme_momentum_weak,,,,,,,,,,,,,,,,,,,,,,,,,,,
14923513,2026-10-01 11:27:56,sim13,011930,,skip,theme_momentum_weak,,,,,,,,,,,,,,,,,,,,,,,,,,,
14923513,2026-10-01 11:27:56,sim13,079550,,skip,theme_momentum_weak,,,,,,,,,,,,,,,,,,,,,,,,,,,
14923514,2026-10-01 11:30:02,sim13,084010,,skip,theme_momentum_weak,,,,,,,,,,,,,,,,,,,,,,,,,,,
14923514,2026-10-01 11:30:02,sim13,005030,,skip,theme_momentum_weak,,,,,,,,,,,,,,,,,,,,,,,,,,,
14923514,2026-10-01 11:30:02,sim13,192650,,skip,no_frgn_support,,,,,,,,,,,,,,,,,,,,,,,,,,,
14923514,2026-10-01 11:30:02,sim13,036570,,skip,theme_momentum_weak,,,,,,,,,,,,,,,,,,,,,,,,,,,
14923514,2026-10-01 11:30:02,sim13,248070,,skip,theme_momentum_weak,,,,,,,,,,,,,,,,,,,,,,,,,,,
14923514,2026-10-01 11:30:02,sim13,0126Z0,,skip,theme_momentum_weak,,,,,,,,,,,,,,,,,,,,,,,,,,,
14923514,2026-10-01 11:30:02,sim13,001820,,skip,adx_weak,,,,38.26173826173826,,,,,,,,,,,,,,,,,,,,,,,
14923514,2026-10-01 11:30:02,sim13,009420,,skip,theme_momentum_weak,,,,,,,,,,,,,,,,,,,,,,,,,,,
14923514,2026-10-01 11:30:02,sim13,004105,,skip,no_frgn_support,,,,,,,,,,,,,,,,,,,,,,,,,,,
14923514,2026-10-01 11:30:02,sim13,003160,,skip,no_frgn_support,,,,,,,,,,,,,,,,,,,,,,,,,,,
14923514,2026-10-01 11:30:02,sim13,003350,,skip,theme_momentum_weak,,,,,,,,,,,,,,,,,,,,,,,,,,,
14923514,2026-10-01 11:30:02,sim13,002240,,skip,theme_momentum_weak,,,,,,,,,,,,,,,,,,,,,,,,,,,
14923514,2026-10-01 11:30:02,sim13,077500,,skip,held_or_cooldown,,,,,,,,,,,,,,,,,,,,,,,,,,,
14923514,2026-10-01 11:30:02,sim13,004710,,skip,amount_not_surprised,,,,,,,,,,,,,,,,,,,,,,,,,,,
14923514,2026-10-01 11:30:02,sim13,093050,,skip,theme_momentum_weak,,,,,,,,,,,,,,,,,,,,,,,,,,,
14923514,2026-10-01 11:30:02,sim13,460860,,skip,theme_momentum_weak,,,,,,,,,,,,,,,,,,,,,,,,,,,
14923514,2026-10-01 11:30:02,sim13,001360,,skip,theme_momentum_weak,,,,,,,,,,,,,,,,,,,,,,,,,,,
14923514,2026-10-01 11:30:02,sim13,353200,,skip,adx_weak,,,,28.26086956521739,,,,,,,,,,,,,,,,,,,,,,,
14923514,2026-10-01 11:30:02,sim13,109070,,skip,amount_not_surprised,,,,,,,,,,,,,,,,,,,,,,,,,,,
14923514,2026-10-01 11:30:02,sim13,005850,,skip,theme_momentum_weak,,,,,,,,,,,,,,,,,,,,,,,,,,,
14923514,2026-10-01 11:30:02,sim13,480370,,skip,adx_weak,,,,25.87601078167116,,,,,,,,,,,,,,,,,,,,,,,
14923514,2026-10-01 11:30:02,sim13,006280,,skip,theme_momentum_weak,,,,,,,,,,,,,,,,,,,,,,,,,,,
14923514,2026-10-01 11:30:02,sim13,014680,,skip,amount_not_surprised,,,,,,,,,,,,,,,,,,,,,,,,,,,
14923514,2026-10-01 11:30:02,sim13,012030,,skip,adx_weak,,,,35.77142857142857,,,,,,,,,,,,,,,,,,,,,,,
14923514,2026-10-01 11:30:02,sim13,000760,,skip,theme_momentum_weak,,,,,,,,,,,,,,,,,,,,,,,,,,,
14923514,2026-10-01 11:30:02,sim13,079550,,skip,theme_momentum_weak,,,,,,,,,,,,,,,,,,,,,,,,,,,
14923514,2026-10-01 11:30:02,sim13,015590,,skip,amount_not_surprised,,,,,,,,,,,,,,,,,,,,,,,,,,,
14923514,2026-10-01 11:30:02,sim13,272210,,skip,theme_momentum_weak,,,,,,,,,,,,,,,,,,,,,,,,,,,
14923514,2026-10-01 11:30:02,sim13,093370,,skip,no_frgn_support,,,,,,,,,,,,,,,,,,,,,,,,,,,
14923514,2026-10-01 11:30:02,sim13,055490,,skip,theme_momentum_weak,,,,,,,,,,,,,,,,,,,,,,,,,,,
14923515,2026-10-01 11:32:16,sim13,084010,,skip,theme_momentum_weak,,,,,,,,,,,,,,,,,,,,,,,,,,,
14923515,2026-10-01 11:32:16,sim13,192650,,skip,no_frgn_support,,,,,,,,,,,,,,,,,,,,,,,,,,,
14923515,2026-10-01 11:32:16,sim13,036570,,skip,theme_momentum_weak,,,,,,,,,,,,,,,,,,,,,,,,,,,
14923515,2026-10-01 11:32:16,sim13,248070,,skip,theme_momentum_weak,,,,,,,,,,,,,,,,,,,,,,,,,,,
14923515,2026-10-01 11:32:16,sim13,001820,,skip,adx_weak,,,,38.26173826173826,,,,,,,,,,,,,,,,,,,,,,,
14923515,2026-10-01 11:32:16,sim13,0126Z0,,skip,theme_momentum_weak,,,,,,,,,,,,,,,,,,,,,,,,,,,
14923515,2026-10-01 11:32:16,sim13,004105,,skip,no_frgn_support,,,,,,,,,,,,,,,,,,,,,,,,,,,
14923515,2026-10-01 11:32:16,sim13,003350,,skip,theme_momentum_weak,,,,,,,,,,,,,,,,,,,,,,,,,,,
14923515,2026-10-01 11:32:16,sim13,009420,,skip,theme_momentum_weak,,,,,,,,,,,,,,,,,,,,,,,,,,,
14923515,2026-10-01 11:32:16,sim13,003160,,skip,no_frgn_support,,,,,,,,,,,,,,,,,,,,,,,,,,,
14923515,2026-10-01 11:32:16,sim13,002240,,skip,theme_momentum_weak,,,,,,,,,,,,,,,,,,,,,,,,,,,
14923515,2026-10-01 11:32:16,sim13,005030,,skip,theme_momentum_weak,,,,,,,,,,,,,,,,,,,,,,,,,,,
14923515,2026-10-01 11:32:16,sim13,001360,,skip,theme_momentum_weak,,,,,,,,,,,,,,,,,,,,,,,,,,,
14923515,2026-10-01 11:32:16,sim13,353200,,skip,adx_weak,,,,28.26086956521739,,,,,,,,,,,,,,,,,,,,,,,
14923515,2026-10-01 11:32:16,sim13,093050,,skip,theme_momentum_weak,,,,,,,,,,,,,,,,,,,,,,,,,,,
14923515,2026-10-01 11:32:16,sim13,460860,,skip,theme_momentum_weak,,,,,,,,,,,,,,,,,,,,,,,,,,,
14923515,2026-10-01 11:32:16,sim13,077500,,skip,held_or_cooldown,,,,,,,,,,,,,,,,,,,,,,,,,,,
14923515,2026-10-01 11:32:16,sim13,004710,,skip,amount_not_surprised,,,,,,,,,,,,,,,,,,,,,,,,,,,
14923515,2026-10-01 11:32:16,sim13,109070,,skip,amount_not_surprised,,,,,,,,,,,,,,,,,,,,,,,,,,,
14923515,2026-10-01 11:32:16,sim13,480370,,skip,adx_weak,,,,25.87601078167116,,,,,,,,,,,,,,,,,,,,,,,
14923515,2026-10-01 11:32:16,sim13,005850,,skip,theme_momentum_weak,,,,,,,,,,,,,,,,,,,,,,,,,,,
14923515,2026-10-01 11:32:16,sim13,012030,,skip,adx_weak,,,,35.77142857142857,,,,,,,,,,,,,,,,,,,,,,,
14923515,2026-10-01 11:32:16,sim13,014680,,skip,amount_not_surprised,,,,,,,,,,,,,,,,,,,,,,,,,,,
14923515,2026-10-01 11:32:16,sim13,079550,,skip,theme_momentum_weak,,,,,,,,,,,,,,,,,,,,,,,,,,,
14923515,2026-10-01 11:32:16,sim13,006280,,skip,theme_momentum_weak,,,,,,,,,,,,,,,,,,,,,,,,,,,
14923515,2026-10-01 11:32:16,sim13,000760,,skip,theme_momentum_weak,,,,,,,,,,,,,,,,,,,,,,,,,,,
14923515,2026-10-01 11:32:16,sim13,015590,,skip,amount_not_surprised,,,,,,,,,,,,,,,,,,,,,,,,,,,
14923515,2026-10-01 11:32:16,sim13,272210,,skip,theme_momentum_weak,,,,,,,,,,,,,,,,,,,,,,,,,,,
14923515,2026-10-01 11:32:16,sim13,011930,,skip,theme_momentum_weak,,,,,,,,,,,,,,,,,,,,,,,,,,,
14923515,2026-10-01 11:32:16,sim13,078520,,skip,theme_momentum_weak,,,,,,,,,,,,,,,,,,,,,,,,,,,
14923516,2026-10-01 11:34:25,sim13,084010,,skip,theme_momentum_weak,,,,,,,,,,,,,,,,,,,,,,,,,,,
14923516,2026-10-01 11:34:25,sim13,192650,,skip,no_frgn_support,,,,,,,,,,,,,,,,,,,,,,,,,,,
14923516,2026-10-01 11:34:25,sim13,036570,,skip,theme_momentum_weak,,,,,,,,,,,,,,,,,,,,,,,,,,,
14923516,2026-10-01 11:34:25,sim13,001820,,skip,adx_weak,,,,38.26173826173826,,,,,,,,,,,,,,,,,,,,,,,
14923516,2026-10-01 11:34:25,sim13,248070,,skip,theme_momentum_weak,,,,,,,,,,,,,,,,,,,,,,,,,,,
14923516,2026-10-01 11:34:25,sim13,009420,,skip,theme_momentum_weak,,,,,,,,,,,,,,,,,,,,,,,,,,,
14923516,2026-10-01 11:34:25,sim13,004105,,skip,no_frgn_support,,,,,,,,,,,,,,,,,,,,,,,,,,,
14923516,2026-10-01 11:34:25,sim13,003160,,skip,no_frgn_support,,,,,,,,,,,,,,,,,,,,,,,,,,,
14923516,2026-10-01 11:34:25,sim13,005030,,skip,theme_momentum_weak,,,,,,,,,,,,,,,,,,,,,,,,,,,
14923516,2026-10-01 11:34:25,sim13,0126Z0,,skip,theme_momentum_weak,,,,,,,,,,,,,,,,,,,,,,,,,,,
14923516,2026-10-01 11:34:25,sim13,001360,,skip,theme_momentum_weak,,,,,,,,,,,,,,,,,,,,,,,,,,,
14923516,2026-10-01 11:34:25,sim13,003350,,skip,theme_momentum_weak,,,,,,,,,,,,,,,,,,,,,,,,,,,
14923516,2026-10-01 11:34:25,sim13,002240,,skip,theme_momentum_weak,,,,,,,,,,,,,,,,,,,,,,,,,,,
14923516,2026-10-01 11:34:25,sim13,093050,,skip,theme_momentum_weak,,,,,,,,,,,,,,,,,,,,,,,,,,,
14923516,2026-10-01 11:34:25,sim13,460860,,skip,theme_momentum_weak,,,,,,,,,,,,,,,,,,,,,,,,,,,
14923516,2026-10-01 11:34:25,sim13,353200,,skip,adx_weak,,,,28.26086956521739,,,,,,,,,,,,,,,,,,,,,,,
14923516,2026-10-01 11:34:25,sim13,109070,,skip,amount_not_surprised,,,,,,,,,,,,,,,,,,,,,,,,,,,
14923516,2026-10-01 11:34:25,sim13,077500,,skip,held_or_cooldown,,,,,,,,,,,,,,,,,,,,,,,,,,,
14923516,2026-10-01 11:34:25,sim13,012030,,skip,adx_weak,,,,35.77142857142857,,,,,,,,,,,,,,,,,,,,,,,
14923516,2026-10-01 11:34:25,sim13,005850,,skip,theme_momentum_weak,,,,,,,,,,,,,,,,,,,,,,,,,,,
14923516,2026-10-01 11:34:25,sim13,480370,,skip,adx_weak,,,,25.87601078167116,,,,,,,,,,,,,,,,,,,,,,,
14923516,2026-10-01 11:34:25,sim13,014680,,skip,amount_not_surprised,,,,,,,,,,,,,,,,,,,,,,,,,,,
14923516,2026-10-01 11:34:25,sim13,004710,,skip,amount_not_surprised,,,,,,,,,,,,,,,,,,,,,,,,,,,
14923516,2026-10-01 11:34:25,sim13,079550,,skip,theme_momentum_weak,,,,,,,,,,,,,,,,,,,,,,,,,,,
14923516,2026-10-01 11:34:25,sim13,000760,,skip,theme_momentum_weak,,,,,,,,,,,,,,,,,,,,,,,,,,,
14923516,2026-10-01 11:34:25,sim13,006280,,skip,theme_momentum_weak,,,,,,,,,,,,,,,,,,,,,,,,,,,
14923516,2026-10-01 11:34:25,sim13,015590,,skip,amount_not_surprised,,,,,,,,,,,,,,,,,,,,,,,,,,,
14923516,2026-10-01 11:34:25,sim13,272210,,skip,theme_momentum_weak,,,,,,,,,,,,,,,,,,,,,,,,,,,
14923516,2026-10-01 11:34:25,sim13,011930,,skip,theme_momentum_weak,,,,,,,,,,,,,,,,,,,,,,,,,,,
14923516,2026-10-01 11:34:25,sim13,093370,,skip,no_frgn_support,,,,,,,,,,,,,,,,,,,,,,,,,,,
14923517,2026-10-01 11:36:36,sim13,084010,,skip,theme_momentum_weak,,,,,,,,,,,,,,,,,,,,,,,,,,,
14923517,2026-10-01 11:36:36,sim13,192650,,skip,no_frgn_support,,,,,,,,,,,,,,,,,,,,,,,,,,,
14923517,2026-10-01 11:36:36,sim13,036570,,skip,theme_momentum_weak,,,,,,,,,,,,,,,,,,,,,,,,,,,
14923517,2026-10-01 11:36:36,sim13,001820,,skip,adx_weak,,,,38.26173826173826,,,,,,,,,,,,,,,,,,,,,,,
14923517,2026-10-01 11:36:36,sim13,248070,,skip,theme_momentum_weak,,,,,,,,,,,,,,,,,,,,,,,,,,,
14923517,2026-10-01 11:36:36,sim13,009420,,skip,theme_momentum_weak,,,,,,,,,,,,,,,,,,,,,,,,,,,
14923517,2026-10-01 11:36:36,sim13,0126Z0,,skip,theme_momentum_weak,,,,,,,,,,,,,,,,,,,,,,,,,,,
14923517,2026-10-01 11:36:36,sim13,005030,,skip,theme_momentum_weak,,,,,,,,,,,,,,,,,,,,,,,,,,,
14923517,2026-10-01 11:36:36,sim13,003160,,skip,no_frgn_support,,,,,,,,,,,,,,,,,,,,,,,,,,,
14923517,2026-10-01 11:36:36,sim13,004105,,skip,no_frgn_support,,,,,,,,,,,,,,,,,,,,,,,,,,,
14923517,2026-10-01 11:36:36,sim13,002240,,skip,theme_momentum_weak,,,,,,,,,,,,,,,,,,,,,,,,,,,
14923517,2026-10-01 11:36:36,sim13,003350,,skip,theme_momentum_weak,,,,,,,,,,,,,,,,,,,,,,,,,,,
14923517,2026-10-01 11:36:36,sim13,001360,,skip,theme_momentum_weak,,,,,,,,,,,,,,,,,,,,,,,,,,,
14923517,2026-10-01 11:36:36,sim13,093050,,skip,theme_momentum_weak,,,,,,,,,,,,,,,,,,,,,,,,,,,
14923517,2026-10-01 11:36:36,sim13,077500,,skip,held_or_cooldown,,,,,,,,,,,,,,,,,,,,,,,,,,,
14923517,2026-10-01 11:36:36,sim13,353200,,skip,adx_weak,,,,28.26086956521739,,,,,,,,,,,,,,,,,,,,,,,
14923517,2026-10-01 11:36:36,sim13,460860,,skip,theme_momentum_weak,,,,,,,,,,,,,,,,,,,,,,,,,,,
14923517,2026-10-01 11:36:36,sim13,109070,,skip,amount_not_surprised,,,,,,,,,,,,,,,,,,,,,,,,,,,
14923517,2026-10-01 11:36:36,sim13,012030,,skip,adx_weak,,,,35.77142857142857,,,,,,,,,,,,,,,,,,,,,,,
14923517,2026-10-01 11:36:36,sim13,014680,,skip,amount_not_surprised,,,,,,,,,,,,,,,,,,,,,,,,,,,
14923517,2026-10-01 11:36:36,sim13,005850,,skip,theme_momentum_weak,,,,,,,,,,,,,,,,,,,,,,,,,,,
14923517,2026-10-01 11:36:36,sim13,004710,,skip,amount_not_surprised,,,,,,,,,,,,,,,,,,,,,,,,,,,
14923517,2026-10-01 11:36:36,sim13,480370,,skip,adx_weak,,,,25.87601078167116,,,,,,,,,,,,,,,,,,,,,,,
14923517,2026-10-01 11:36:36,sim13,015590,,skip,amount_not_surprised,,,,,,,,,,,,,,,,,,,,,,,,,,,
14923517,2026-10-01 11:36:36,sim13,079550,,skip,theme_momentum_weak,,,,,,,,,,,,,,,,,,,,,,,,,,,
14923517,2026-10-01 11:36:36,sim13,000760,,skip,theme_momentum_weak,,,,,,,,,,,,,,,,,,,,,,,,,,,
14923517,2026-10-01 11:36:36,sim13,011930,,skip,theme_momentum_weak,,,,,,,,,,,,,,,,,,,,,,,,,,,
14923517,2026-10-01 11:36:36,sim13,006280,,skip,theme_momentum_weak,,,,,,,,,,,,,,,,,,,,,,,,,,,
14923517,2026-10-01 11:36:36,sim13,272210,,skip,theme_momentum_weak,,,,,,,,,,,,,,,,,,,,,,,,,,,
14923517,2026-10-01 11:36:36,sim13,055490,,skip,theme_momentum_weak,,,,,,,,,,,,,,,,,,,,,,,,,,,
14923518,2026-10-01 11:38:42,sim13,084010,,skip,theme_momentum_weak,,,,,,,,,,,,,,,,,,,,,,,,,,,
14923518,2026-10-01 11:38:42,sim13,192650,,skip,no_frgn_support,,,,,,,,,,,,,,,,,,,,,,,,,,,
14923518,2026-10-01 11:38:42,sim13,036570,,skip,theme_momentum_weak,,,,,,,,,,,,,,,,,,,,,,,,,,,
14923518,2026-10-01 11:38:42,sim13,001820,,skip,adx_weak,,,,38.26173826173826,,,,,,,,,,,,,,,,,,,,,,,
14923518,2026-10-01 11:38:42,sim13,248070,,skip,theme_momentum_weak,,,,,,,,,,,,,,,,,,,,,,,,,,,
14923518,2026-10-01 11:38:42,sim13,009420,,skip,theme_momentum_weak,,,,,,,,,,,,,,,,,,,,,,,,,,,
14923518,2026-10-01 11:38:42,sim13,0126Z0,,skip,theme_momentum_weak,,,,,,,,,,,,,,,,,,,,,,,,,,,
14923518,2026-10-01 11:38:42,sim13,093050,,skip,theme_momentum_weak,,,,,,,,,,,,,,,,,,,,,,,,,,,
14923518,2026-10-01 11:38:42,sim13,005030,,skip,theme_momentum_weak,,,,,,,,,,,,,,,,,,,,,,,,,,,
14923518,2026-10-01 11:38:42,sim13,003160,,skip,no_frgn_support,,,,,,,,,,,,,,,,,,,,,,,,,,,
14923518,2026-10-01 11:38:42,sim13,004105,,skip,no_frgn_support,,,,,,,,,,,,,,,,,,,,,,,,,,,
14923518,2026-10-01 11:38:42,sim13,460860,,skip,theme_momentum_weak,,,,,,,,,,,,,,,,,,,,,,,,,,,
14923518,2026-10-01 11:38:42,sim13,002240,,skip,theme_momentum_weak,,,,,,,,,,,,,,,,,,,,,,,,,,,
14923518,2026-10-01 11:38:42,sim13,003350,,skip,theme_momentum_weak,,,,,,,,,,,,,,,,,,,,,,,,,,,
14923518,2026-10-01 11:38:42,sim13,353200,,skip,adx_weak,,,,28.26086956521739,,,,,,,,,,,,,,,,,,,,,,,
14923518,2026-10-01 11:38:42,sim13,001360,,skip,theme_momentum_weak,,,,,,,,,,,,,,,,,,,,,,,,,,,
14923518,2026-10-01 11:38:42,sim13,077500,,skip,held_or_cooldown,,,,,,,,,,,,,,,,,,,,,,,,,,,
14923518,2026-10-01 11:38:42,sim13,012030,,skip,adx_weak,,,,35.77142857142857,,,,,,,,,,,,,,,,,,,,,,,
14923518,2026-10-01 11:38:42,sim13,109070,,skip,amount_not_surprised,,,,,,,,,,,,,,,,,,,,,,,,,,,
14923518,2026-10-01 11:38:42,sim13,480370,,skip,adx_weak,,,,25.87601078167116,,,,,,,,,,,,,,,,,,,,,,,
14923518,2026-10-01 11:38:42,sim13,079550,,skip,theme_momentum_weak,,,,,,,,,,,,,,,,,,,,,,,,,,,
14923518,2026-10-01 11:38:42,sim13,005850,,skip,theme_momentum_weak,,,,,,,,,,,,,,,,,,,,,,,,,,,
14923518,2026-10-01 11:38:42,sim13,014680,,skip,amount_not_surprised,,,,,,,,,,,,,,,,,,,,,,,,,,,
14923518,2026-10-01 11:38:42,sim13,055490,,skip,theme_momentum_weak,,,,,,,,,,,,,,,,,,,,,,,,,,,
14923518,2026-10-01 11:38:42,sim13,006280,,skip,theme_momentum_weak,,,,,,,,,,,,,,,,,,,,,,,,,,,
14923518,2026-10-01 11:38:42,sim13,004710,,skip,amount_not_surprised,,,,,,,,,,,,,,,,,,,,,,,,,,,
14923518,2026-10-01 11:38:42,sim13,272210,,skip,theme_momentum_weak,,,,,,,,,,,,,,,,,,,,,,,,,,,
14923518,2026-10-01 11:38:42,sim13,000760,,skip,theme_momentum_weak,,,,,,,,,,,,,,,,,,,,,,,,,,,
14923518,2026-10-01 11:38:42,sim13,011930,,skip,theme_momentum_weak,,,,,,,,,,,,,,,,,,,,,,,,,,,
14923518,2026-10-01 11:38:42,sim13,015590,,skip,amount_not_surprised,,,,,,,,,,,,,,,,,,,,,,,,,,,
14923519,2026-10-01 11:40:50,sim13,084010,,skip,theme_momentum_weak,,,,,,,,,,,,,,,,,,,,,,,,,,,
14923519,2026-10-01 11:40:50,sim13,192650,,skip,no_frgn_support,,,,,,,,,,,,,,,,,,,,,,,,,,,
14923519,2026-10-01 11:40:50,sim13,036570,,skip,theme_momentum_weak,,,,,,,,,,,,,,,,,,,,,,,,,,,
14923519,2026-10-01 11:40:50,sim13,001820,,skip,adx_weak,,,,38.26173826173826,,,,,,,,,,,,,,,,,,,,,,,
14923519,2026-10-01 11:40:50,sim13,248070,,skip,theme_momentum_weak,,,,,,,,,,,,,,,,,,,,,,,,,,,
14923519,2026-10-01 11:40:50,sim13,093050,,skip,theme_momentum_weak,,,,,,,,,,,,,,,,,,,,,,,,,,,
14923519,2026-10-01 11:40:50,sim13,009420,,skip,theme_momentum_weak,,,,,,,,,,,,,,,,,,,,,,,,,,,
14923519,2026-10-01 11:40:50,sim13,005030,,skip,theme_momentum_weak,,,,,,,,,,,,,,,,,,,,,,,,,,,
14923519,2026-10-01 11:40:50,sim13,003160,,skip,no_frgn_support,,,,,,,,,,,,,,,,,,,,,,,,,,,
14923519,2026-10-01 11:40:50,sim13,0126Z0,,skip,theme_momentum_weak,,,,,,,,,,,,,,,,,,,,,,,,,,,
14923519,2026-10-01 11:40:50,sim13,003350,,skip,theme_momentum_weak,,,,,,,,,,,,,,,,,,,,,,,,,,,
14923519,2026-10-01 11:40:50,sim13,460860,,skip,theme_momentum_weak,,,,,,,,,,,,,,,,,,,,,,,,,,,
14923519,2026-10-01 11:40:50,sim13,004105,,skip,no_frgn_support,,,,,,,,,,,,,,,,,,,,,,,,,,,
14923519,2026-10-01 11:40:50,sim13,002240,,skip,theme_momentum_weak,,,,,,,,,,,,,,,,,,,,,,,,,,,
14923519,2026-10-01 11:40:50,sim13,353200,,skip,adx_weak,,,,28.26086956521739,,,,,,,,,,,,,,,,,,,,,,,
14923519,2026-10-01 11:40:50,sim13,001360,,skip,theme_momentum_weak,,,,,,,,,,,,,,,,,,,,,,,,,,,
14923519,2026-10-01 11:40:50,sim13,004710,,skip,amount_not_surprised,,,,,,,,,,,,,,,,,,,,,,,,,,,
14923519,2026-10-01 11:40:50,sim13,012030,,skip,adx_weak,,,,35.77142857142857,,,,,,,,,,,,,,,,,,,,,,,
14923519,2026-10-01 11:40:50,sim13,077500,,skip,held_or_cooldown,,,,,,,,,,,,,,,,,,,,,,,,,,,
14923519,2026-10-01 11:40:50,sim13,079550,,skip,theme_momentum_weak,,,,,,,,,,,,,,,,,,,,,,,,,,,
14923519,2026-10-01 11:40:50,sim13,109070,,skip,amount_not_surprised,,,,,,,,,,,,,,,,,,,,,,,,,,,
14923519,2026-10-01 11:40:50,sim13,480370,,skip,adx_weak,,,,25.87601078167116,,,,,,,,,,,,,,,,,,,,,,,
14923519,2026-10-01 11:40:50,sim13,005850,,skip,theme_momentum_weak,,,,,,,,,,,,,,,,,,,,,,,,,,,
14923519,2026-10-01 11:40:50,sim13,014680,,skip,amount_not_surprised,,,,,,,,,,,,,,,,,,,,,,,,,,,
14923519,2026-10-01 11:40:50,sim13,006280,,skip,theme_momentum_weak,,,,,,,,,,,,,,,,,,,,,,,,,,,
14923519,2026-10-01 11:40:50,sim13,055490,,skip,theme_momentum_weak,,,,,,,,,,,,,,,,,,,,,,,,,,,
14923519,2026-10-01 11:40:50,sim13,272210,,skip,theme_momentum_weak,,,,,,,,,,,,,,,,,,,,,,,,,,,
14923519,2026-10-01 11:40:50,sim13,000760,,skip,theme_momentum_weak,,,,,,,,,,,,,,,,,,,,,,,,,,,
14923519,2026-10-01 11:40:50,sim13,015590,,skip,amount_not_surprised,,,,,,,,,,,,,,,,,,,,,,,,,,,
14923519,2026-10-01 11:40:50,sim13,011930,,skip,theme_momentum_weak,,,,,,,,,,,,,,,,,,,,,,,,,,,
14923521,2026-10-01 11:43:07,sim13,084010,,skip,theme_momentum_weak,,,,,,,,,,,,,,,,,,,,,,,,,,,
14923521,2026-10-01 11:43:07,sim13,192650,,skip,no_frgn_support,,,,,,,,,,,,,,,,,,,,,,,,,,,
14923521,2026-10-01 11:43:07,sim13,036570,,skip,theme_momentum_weak,,,,,,,,,,,,,,,,,,,,,,,,,,,
14923521,2026-10-01 11:43:07,sim13,001820,,skip,adx_weak,,,,38.26173826173826,,,,,,,,,,,,,,,,,,,,,,,
14923521,2026-10-01 11:43:07,sim13,248070,,skip,theme_momentum_weak,,,,,,,,,,,,,,,,,,,,,,,,,,,
14923521,2026-10-01 11:43:07,sim13,009420,,skip,theme_momentum_weak,,,,,,,,,,,,,,,,,,,,,,,,,,,
14923521,2026-10-01 11:43:07,sim13,001360,,skip,theme_momentum_weak,,,,,,,,,,,,,,,,,,,,,,,,,,,
14923521,2026-10-01 11:43:07,sim13,003350,,skip,theme_momentum_weak,,,,,,,,,,,,,,,,,,,,,,,,,,,
14923521,2026-10-01 11:43:07,sim13,005030,,skip,theme_momentum_weak,,,,,,,,,,,,,,,,,,,,,,,,,,,
14923521,2026-10-01 11:43:07,sim13,460860,,skip,theme_momentum_weak,,,,,,,,,,,,,,,,,,,,,,,,,,,
14923521,2026-10-01 11:43:07,sim13,093050,,skip,theme_momentum_weak,,,,,,,,,,,,,,,,,,,,,,,,,,,
14923521,2026-10-01 11:43:07,sim13,003160,,skip,no_frgn_support,,,,,,,,,,,,,,,,,,,,,,,,,,,
14923521,2026-10-01 11:43:07,sim13,004105,,skip,no_frgn_support,,,,,,,,,,,,,,,,,,,,,,,,,,,
14923521,2026-10-01 11:43:07,sim13,0126Z0,,skip,theme_momentum_weak,,,,,,,,,,,,,,,,,,,,,,,,,,,
14923521,2026-10-01 11:43:07,sim13,002240,,skip,theme_momentum_weak,,,,,,,,,,,,,,,,,,,,,,,,,,,
14923521,2026-10-01 11:43:07,sim13,012030,,skip,adx_weak,,,,35.77142857142857,,,,,,,,,,,,,,,,,,,,,,,
14923521,2026-10-01 11:43:07,sim13,353200,,skip,adx_weak,,,,28.26086956521739,,,,,,,,,,,,,,,,,,,,,,,
14923521,2026-10-01 11:43:07,sim13,109070,,skip,amount_not_surprised,,,,,,,,,,,,,,,,,,,,,,,,,,,
14923521,2026-10-01 11:43:07,sim13,077500,,skip,held_or_cooldown,,,,,,,,,,,,,,,,,,,,,,,,,,,
14923521,2026-10-01 11:43:07,sim13,079550,,skip,theme_momentum_weak,,,,,,,,,,,,,,,,,,,,,,,,,,,
14923521,2026-10-01 11:43:07,sim13,480370,,skip,adx_weak,,,,25.87601078167116,,,,,,,,,,,,,,,,,,,,,,,
14923521,2026-10-01 11:43:07,sim13,005850,,skip,theme_momentum_weak,,,,,,,,,,,,,,,,,,,,,,,,,,,
14923521,2026-10-01 11:43:07,sim13,004710,,skip,amount_not_surprised,,,,,,,,,,,,,,,,,,,,,,,,,,,
14923521,2026-10-01 11:43:07,sim13,006280,,skip,theme_momentum_weak,,,,,,,,,,,,,,,,,,,,,,,,,,,
14923521,2026-10-01 11:43:07,sim13,317450,,skip,theme_momentum_weak,,,,,,,,,,,,,,,,,,,,,,,,,,,
14923521,2026-10-01 11:43:07,sim13,272210,,skip,theme_momentum_weak,,,,,,,,,,,,,,,,,,,,,,,,,,,
14923521,2026-10-01 11:43:07,sim13,055490,,skip,theme_momentum_weak,,,,,,,,,,,,,,,,,,,,,,,,,,,
14923521,2026-10-01 11:43:07,sim13,000760,,skip,theme_momentum_weak,,,,,,,,,,,,,,,,,,,,,,,,,,,
14923521,2026-10-01 11:43:07,sim13,015590,,skip,amount_not_surprised,,,,,,,,,,,,,,,,,,,,,,,,,,,
14923521,2026-10-01 11:43:07,sim13,011930,,skip,theme_momentum_weak,,,,,,,,,,,,,,,,,,,,,,,,,,,
14923522,2026-10-01 11:45:16,sim13,084010,,skip,theme_momentum_weak,,,,,,,,,,,,,,,,,,,,,,,,,,,
14923522,2026-10-01 11:45:16,sim13,192650,,skip,no_frgn_support,,,,,,,,,,,,,,,,,,,,,,,,,,,
14923522,2026-10-01 11:45:16,sim13,036570,,skip,theme_momentum_weak,,,,,,,,,,,,,,,,,,,,,,,,,,,
14923522,2026-10-01 11:45:16,sim13,001820,,skip,adx_weak,,,,38.26173826173826,,,,,,,,,,,,,,,,,,,,,,,
14923522,2026-10-01 11:45:16,sim13,248070,,skip,theme_momentum_weak,,,,,,,,,,,,,,,,,,,,,,,,,,,
14923522,2026-10-01 11:45:16,sim13,009420,,skip,theme_momentum_weak,,,,,,,,,,,,,,,,,,,,,,,,,,,
14923522,2026-10-01 11:45:16,sim13,001360,,skip,theme_momentum_weak,,,,,,,,,,,,,,,,,,,,,,,,,,,
14923522,2026-10-01 11:45:16,sim13,093050,,skip,theme_momentum_weak,,,,,,,,,,,,,,,,,,,,,,,,,,,
14923522,2026-10-01 11:45:16,sim13,005030,,skip,theme_momentum_weak,,,,,,,,,,,,,,,,,,,,,,,,,,,
14923522,2026-10-01 11:45:16,sim13,003160,,skip,no_frgn_support,,,,,,,,,,,,,,,,,,,,,,,,,,,
14923522,2026-10-01 11:45:16,sim13,0126Z0,,skip,theme_momentum_weak,,,,,,,,,,,,,,,,,,,,,,,,,,,
14923522,2026-10-01 11:45:16,sim13,460860,,skip,theme_momentum_weak,,,,,,,,,,,,,,,,,,,,,,,,,,,
14923522,2026-10-01 11:45:16,sim13,003350,,skip,theme_momentum_weak,,,,,,,,,,,,,,,,,,,,,,,,,,,
14923522,2026-10-01 11:45:16,sim13,004105,,skip,no_frgn_support,,,,,,,,,,,,,,,,,,,,,,,,,,,
14923522,2026-10-01 11:45:16,sim13,002240,,skip,theme_momentum_weak,,,,,,,,,,,,,,,,,,,,,,,,,,,
14923522,2026-10-01 11:45:16,sim13,353200,,skip,adx_weak,,,,28.26086956521739,,,,,,,,,,,,,,,,,,,,,,,
14923522,2026-10-01 11:45:16,sim13,012030,,skip,adx_weak,,,,35.77142857142857,,,,,,,,,,,,,,,,,,,,,,,
14923522,2026-10-01 11:45:16,sim13,109070,,skip,amount_not_surprised,,,,,,,,,,,,,,,,,,,,,,,,,,,
14923522,2026-10-01 11:45:16,sim13,317450,,skip,theme_momentum_weak,,,,,,,,,,,,,,,,,,,,,,,,,,,
14923522,2026-10-01 11:45:16,sim13,005850,,skip,theme_momentum_weak,,,,,,,,,,,,,,,,,,,,,,,,,,,
14923522,2026-10-01 11:45:16,sim13,079550,,skip,theme_momentum_weak,,,,,,,,,,,,,,,,,,,,,,,,,,,
14923522,2026-10-01 11:45:16,sim13,480370,,skip,adx_weak,,,,25.87601078167116,,,,,,,,,,,,,,,,,,,,,,,
14923522,2026-10-01 11:45:16,sim13,077500,,skip,held_or_cooldown,,,,,,,,,,,,,,,,,,,,,,,,,,,
14923522,2026-10-01 11:45:16,sim13,272210,,skip,theme_momentum_weak,,,,,,,,,,,,,,,,,,,,,,,,,,,
14923522,2026-10-01 11:45:16,sim13,006280,,skip,theme_momentum_weak,,,,,,,,,,,,,,,,,,,,,,,,,,,
14923522,2026-10-01 11:45:16,sim13,004710,,skip,amount_not_surprised,,,,,,,,,,,,,,,,,,,,,,,,,,,
14923522,2026-10-01 11:45:16,sim13,055490,,skip,theme_momentum_weak,,,,,,,,,,,,,,,,,,,,,,,,,,,
14923522,2026-10-01 11:45:16,sim13,000760,,skip,theme_momentum_weak,,,,,,,,,,,,,,,,,,,,,,,,,,,
14923522,2026-10-01 11:45:16,sim13,014680,,skip,amount_not_surprised,,,,,,,,,,,,,,,,,,,,,,,,,,,
14923522,2026-10-01 11:45:16,sim13,015590,,skip,amount_not_surprised,,,,,,,,,,,,,,,,,,,,,,,,,,,
14923523,2026-10-01 11:47:21,sim13,084010,,skip,theme_momentum_weak,,,,,,,,,,,,,,,,,,,,,,,,,,,
14923523,2026-10-01 11:47:21,sim13,192650,,skip,no_frgn_support,,,,,,,,,,,,,,,,,,,,,,,,,,,
14923523,2026-10-01 11:47:21,sim13,036570,,skip,theme_momentum_weak,,,,,,,,,,,,,,,,,,,,,,,,,,,
14923523,2026-10-01 11:47:21,sim13,248070,,skip,theme_momentum_weak,,,,,,,,,,,,,,,,,,,,,,,,,,,
14923523,2026-10-01 11:47:21,sim13,001820,,skip,adx_weak,,,,38.26173826173826,,,,,,,,,,,,,,,,,,,,,,,
14923523,2026-10-01 11:47:21,sim13,003350,,skip,theme_momentum_weak,,,,,,,,,,,,,,,,,,,,,,,,,,,
14923523,2026-10-01 11:47:21,sim13,009420,,skip,theme_momentum_weak,,,,,,,,,,,,,,,,,,,,,,,,,,,
14923523,2026-10-01 11:47:21,sim13,003160,,skip,no_frgn_support,,,,,,,,,,,,,,,,,,,,,,,,,,,
14923523,2026-10-01 11:47:21,sim13,001360,,skip,theme_momentum_weak,,,,,,,,,,,,,,,,,,,,,,,,,,,
14923523,2026-10-01 11:47:21,sim13,093050,,skip,theme_momentum_weak,,,,,,,,,,,,,,,,,,,,,,,,,,,
14923523,2026-10-01 11:47:21,sim13,005030,,skip,theme_momentum_weak,,,,,,,,,,,,,,,,,,,,,,,,,,,
14923523,2026-10-01 11:47:21,sim13,0126Z0,,skip,theme_momentum_weak,,,,,,,,,,,,,,,,,,,,,,,,,,,
14923523,2026-10-01 11:47:21,sim13,004105,,skip,no_frgn_support,,,,,,,,,,,,,,,,,,,,,,,,,,,
14923523,2026-10-01 11:47:21,sim13,460860,,skip,theme_momentum_weak,,,,,,,,,,,,,,,,,,,,,,,,,,,
14923523,2026-10-01 11:47:21,sim13,002240,,skip,theme_momentum_weak,,,,,,,,,,,,,,,,,,,,,,,,,,,
14923523,2026-10-01 11:47:21,sim13,012030,,skip,adx_weak,,,,35.77142857142857,,,,,,,,,,,,,,,,,,,,,,,
14923523,2026-10-01 11:47:21,sim13,317450,,skip,theme_momentum_weak,,,,,,,,,,,,,,,,,,,,,,,,,,,
14923523,2026-10-01 11:47:21,sim13,353200,,skip,adx_weak,,,,28.26086956521739,,,,,,,,,,,,,,,,,,,,,,,
14923523,2026-10-01 11:47:21,sim13,109070,,skip,amount_not_surprised,,,,,,,,,,,,,,,,,,,,,,,,,,,
14923523,2026-10-01 11:47:21,sim13,005850,,skip,theme_momentum_weak,,,,,,,,,,,,,,,,,,,,,,,,,,,
14923523,2026-10-01 11:47:21,sim13,079550,,skip,theme_momentum_weak,,,,,,,,,,,,,,,,,,,,,,,,,,,
14923523,2026-10-01 11:47:21,sim13,480370,,skip,adx_weak,,,,25.87601078167116,,,,,,,,,,,,,,,,,,,,,,,
14923523,2026-10-01 11:47:21,sim13,077500,,skip,held_or_cooldown,,,,,,,,,,,,,,,,,,,,,,,,,,,
14923523,2026-10-01 11:47:21,sim13,272210,,skip,theme_momentum_weak,,,,,,,,,,,,,,,,,,,,,,,,,,,
14923523,2026-10-01 11:47:21,sim13,006280,,skip,theme_momentum_weak,,,,,,,,,,,,,,,,,,,,,,,,,,,
14923523,2026-10-01 11:47:21,sim13,004710,,skip,amount_not_surprised,,,,,,,,,,,,,,,,,,,,,,,,,,,
14923523,2026-10-01 11:47:21,sim13,055490,,skip,theme_momentum_weak,,,,,,,,,,,,,,,,,,,,,,,,,,,
14923523,2026-10-01 11:47:21,sim13,000760,,skip,theme_momentum_weak,,,,,,,,,,,,,,,,,,,,,,,,,,,
14923523,2026-10-01 11:47:21,sim13,015590,,skip,amount_not_surprised,,,,,,,,,,,,,,,,,,,,,,,,,,,
14923523,2026-10-01 11:47:21,sim13,001380,,skip,theme_momentum_weak,,,,,,,,,,,,,,,,,,,,,,,,,,,
14923524,2026-10-01 11:49:29,sim13,084010,,skip,theme_momentum_weak,,,,,,,,,,,,,,,,,,,,,,,,,,,
14923524,2026-10-01 11:49:29,sim13,192650,,skip,no_frgn_support,,,,,,,,,,,,,,,,,,,,,,,,,,,
14923524,2026-10-01 11:49:29,sim13,036570,,skip,theme_momentum_weak,,,,,,,,,,,,,,,,,,,,,,,,,,,
14923524,2026-10-01 11:49:29,sim13,003350,,skip,theme_momentum_weak,,,,,,,,,,,,,,,,,,,,,,,,,,,
14923524,2026-10-01 11:49:29,sim13,248070,,skip,theme_momentum_weak,,,,,,,,,,,,,,,,,,,,,,,,,,,
14923524,2026-10-01 11:49:29,sim13,001820,,skip,adx_weak,,,,38.26173826173826,,,,,,,,,,,,,,,,,,,,,,,
14923524,2026-10-01 11:49:29,sim13,093050,,skip,theme_momentum_weak,,,,,,,,,,,,,,,,,,,,,,,,,,,
14923524,2026-10-01 11:49:29,sim13,009420,,skip,theme_momentum_weak,,,,,,,,,,,,,,,,,,,,,,,,,,,
14923524,2026-10-01 11:49:29,sim13,003160,,skip,no_frgn_support,,,,,,,,,,,,,,,,,,,,,,,,,,,
14923524,2026-10-01 11:49:29,sim13,0126Z0,,skip,theme_momentum_weak,,,,,,,,,,,,,,,,,,,,,,,,,,,
14923524,2026-10-01 11:49:29,sim13,005030,,skip,theme_momentum_weak,,,,,,,,,,,,,,,,,,,,,,,,,,,
14923524,2026-10-01 11:49:29,sim13,001360,,skip,theme_momentum_weak,,,,,,,,,,,,,,,,,,,,,,,,,,,
14923524,2026-10-01 11:49:29,sim13,004105,,skip,no_frgn_support,,,,,,,,,,,,,,,,,,,,,,,,,,,
14923524,2026-10-01 11:49:29,sim13,002240,,skip,theme_momentum_weak,,,,,,,,,,,,,,,,,,,,,,,,,,,
14923524,2026-10-01 11:49:29,sim13,317450,,skip,theme_momentum_weak,,,,,,,,,,,,,,,,,,,,,,,,,,,
14923524,2026-10-01 11:49:29,sim13,012030,,skip,adx_weak,,,,35.77142857142857,,,,,,,,,,,,,,,,,,,,,,,
14923524,2026-10-01 11:49:29,sim13,109070,,skip,amount_not_surprised,,,,,,,,,,,,,,,,,,,,,,,,,,,
14923524,2026-10-01 11:49:29,sim13,460860,,skip,theme_momentum_weak,,,,,,,,,,,,,,,,,,,,,,,,,,,
14923524,2026-10-01 11:49:29,sim13,353200,,skip,adx_weak,,,,28.26086956521739,,,,,,,,,,,,,,,,,,,,,,,
14923524,2026-10-01 11:49:29,sim13,480370,,skip,adx_weak,,,,25.87601078167116,,,,,,,,,,,,,,,,,,,,,,,
14923524,2026-10-01 11:49:29,sim13,004710,,skip,amount_not_surprised,,,,,,,,,,,,,,,,,,,,,,,,,,,
14923524,2026-10-01 11:49:29,sim13,079550,,skip,theme_momentum_weak,,,,,,,,,,,,,,,,,,,,,,,,,,,
14923524,2026-10-01 11:49:29,sim13,005850,,skip,theme_momentum_weak,,,,,,,,,,,,,,,,,,,,,,,,,,,
14923524,2026-10-01 11:49:29,sim13,077500,,skip,held_or_cooldown,,,,,,,,,,,,,,,,,,,,,,,,,,,
14923524,2026-10-01 11:49:29,sim13,006280,,skip,theme_momentum_weak,,,,,,,,,,,,,,,,,,,,,,,,,,,
14923524,2026-10-01 11:49:29,sim13,001380,,skip,theme_momentum_weak,,,,,,,,,,,,,,,,,,,,,,,,,,,
14923524,2026-10-01 11:49:29,sim13,055490,,skip,theme_momentum_weak,,,,,,,,,,,,,,,,,,,,,,,,,,,
14923524,2026-10-01 11:49:29,sim13,272210,,skip,theme_momentum_weak,,,,,,,,,,,,,,,,,,,,,,,,,,,
14923524,2026-10-01 11:49:29,sim13,015590,,skip,amount_not_surprised,,,,,,,,,,,,,,,,,,,,,,,,,,,
14923524,2026-10-01 11:49:29,sim13,000760,,skip,theme_momentum_weak,,,,,,,,,,,,,,,,,,,,,,,,,,,
14923525,2026-10-01 11:51:40,sim13,084010,,skip,theme_momentum_weak,,,,,,,,,,,,,,,,,,,,,,,,,,,
14923525,2026-10-01 11:51:40,sim13,192650,,skip,no_frgn_support,,,,,,,,,,,,,,,,,,,,,,,,,,,
14923525,2026-10-01 11:51:40,sim13,036570,,skip,theme_momentum_weak,,,,,,,,,,,,,,,,,,,,,,,,,,,
14923525,2026-10-01 11:51:40,sim13,003350,,skip,theme_momentum_weak,,,,,,,,,,,,,,,,,,,,,,,,,,,
14923525,2026-10-01 11:51:40,sim13,001820,,skip,adx_weak,,,,38.26173826173826,,,,,,,,,,,,,,,,,,,,,,,
14923525,2026-10-01 11:51:40,sim13,248070,,skip,theme_momentum_weak,,,,,,,,,,,,,,,,,,,,,,,,,,,
14923525,2026-10-01 11:51:40,sim13,093050,,skip,theme_momentum_weak,,,,,,,,,,,,,,,,,,,,,,,,,,,
14923525,2026-10-01 11:51:40,sim13,003160,,skip,no_frgn_support,,,,,,,,,,,,,,,,,,,,,,,,,,,
14923525,2026-10-01 11:51:40,sim13,009420,,skip,theme_momentum_weak,,,,,,,,,,,,,,,,,,,,,,,,,,,
14923525,2026-10-01 11:51:40,sim13,0126Z0,,skip,theme_momentum_weak,,,,,,,,,,,,,,,,,,,,,,,,,,,
14923525,2026-10-01 11:51:40,sim13,005030,,skip,theme_momentum_weak,,,,,,,,,,,,,,,,,,,,,,,,,,,
14923525,2026-10-01 11:51:40,sim13,001360,,skip,theme_momentum_weak,,,,,,,,,,,,,,,,,,,,,,,,,,,
14923525,2026-10-01 11:51:40,sim13,004105,,skip,no_frgn_support,,,,,,,,,,,,,,,,,,,,,,,,,,,
14923525,2026-10-01 11:51:40,sim13,002240,,skip,theme_momentum_weak,,,,,,,,,,,,,,,,,,,,,,,,,,,
14923525,2026-10-01 11:51:40,sim13,317450,,skip,theme_momentum_weak,,,,,,,,,,,,,,,,,,,,,,,,,,,
14923525,2026-10-01 11:51:40,sim13,012030,,skip,adx_weak,,,,35.77142857142857,,,,,,,,,,,,,,,,,,,,,,,
14923525,2026-10-01 11:51:40,sim13,109070,,skip,amount_not_surprised,,,,,,,,,,,,,,,,,,,,,,,,,,,
14923525,2026-10-01 11:51:40,sim13,353200,,skip,adx_weak,,,,28.26086956521739,,,,,,,,,,,,,,,,,,,,,,,
14923525,2026-10-01 11:51:40,sim13,460860,,skip,theme_momentum_weak,,,,,,,,,,,,,,,,,,,,,,,,,,,
14923525,2026-10-01 11:51:40,sim13,079550,,skip,theme_momentum_weak,,,,,,,,,,,,,,,,,,,,,,,,,,,
14923525,2026-10-01 11:51:40,sim13,480370,,skip,adx_weak,,,,25.87601078167116,,,,,,,,,,,,,,,,,,,,,,,
14923525,2026-10-01 11:51:40,sim13,077500,,skip,held_or_cooldown,,,,,,,,,,,,,,,,,,,,,,,,,,,
14923525,2026-10-01 11:51:40,sim13,005850,,skip,theme_momentum_weak,,,,,,,,,,,,,,,,,,,,,,,,,,,
14923525,2026-10-01 11:51:40,sim13,015590,,skip,amount_not_surprised,,,,,,,,,,,,,,,,,,,,,,,,,,,
14923525,2026-10-01 11:51:40,sim13,004710,,skip,amount_not_surprised,,,,,,,,,,,,,,,,,,,,,,,,,,,
14923525,2026-10-01 11:51:40,sim13,006280,,skip,theme_momentum_weak,,,,,,,,,,,,,,,,,,,,,,,,,,,
14923525,2026-10-01 11:51:40,sim13,055490,,skip,theme_momentum_weak,,,,,,,,,,,,,,,,,,,,,,,,,,,
14923525,2026-10-01 11:51:40,sim13,000760,,skip,theme_momentum_weak,,,,,,,,,,,,,,,,,,,,,,,,,,,
14923525,2026-10-01 11:51:40,sim13,272210,,skip,theme_momentum_weak,,,,,,,,,,,,,,,,,,,,,,,,,,,
14923525,2026-10-01 11:51:40,sim13,078520,,skip,theme_momentum_weak,,,,,,,,,,,,,,,,,,,,,,,,,,,
14923526,2026-10-01 11:53:49,sim13,084010,,skip,theme_momentum_weak,,,,,,,,,,,,,,,,,,,,,,,,,,,
14923526,2026-10-01 11:53:49,sim13,192650,,skip,no_frgn_support,,,,,,,,,,,,,,,,,,,,,,,,,,,
14923526,2026-10-01 11:53:49,sim13,036570,,skip,theme_momentum_weak,,,,,,,,,,,,,,,,,,,,,,,,,,,
14923526,2026-10-01 11:53:49,sim13,003350,,skip,theme_momentum_weak,,,,,,,,,,,,,,,,,,,,,,,,,,,
14923526,2026-10-01 11:53:49,sim13,248070,,skip,theme_momentum_weak,,,,,,,,,,,,,,,,,,,,,,,,,,,
14923526,2026-10-01 11:53:49,sim13,001820,,skip,adx_weak,,,,38.26173826173826,,,,,,,,,,,,,,,,,,,,,,,
14923526,2026-10-01 11:53:49,sim13,009420,,skip,theme_momentum_weak,,,,,,,,,,,,,,,,,,,,,,,,,,,
14923526,2026-10-01 11:53:49,sim13,003160,,skip,no_frgn_support,,,,,,,,,,,,,,,,,,,,,,,,,,,
14923526,2026-10-01 11:53:49,sim13,093050,,skip,theme_momentum_weak,,,,,,,,,,,,,,,,,,,,,,,,,,,
14923526,2026-10-01 11:53:49,sim13,0126Z0,,skip,theme_momentum_weak,,,,,,,,,,,,,,,,,,,,,,,,,,,
14923526,2026-10-01 11:53:49,sim13,005030,,skip,theme_momentum_weak,,,,,,,,,,,,,,,,,,,,,,,,,,,
14923526,2026-10-01 11:53:49,sim13,001360,,skip,theme_momentum_weak,,,,,,,,,,,,,,,,,,,,,,,,,,,
14923526,2026-10-01 11:53:49,sim13,004105,,skip,no_frgn_support,,,,,,,,,,,,,,,,,,,,,,,,,,,
14923526,2026-10-01 11:53:49,sim13,109070,,skip,amount_not_surprised,,,,,,,,,,,,,,,,,,,,,,,,,,,
14923526,2026-10-01 11:53:49,sim13,317450,,skip,theme_momentum_weak,,,,,,,,,,,,,,,,,,,,,,,,,,,
14923526,2026-10-01 11:53:49,sim13,002240,,skip,theme_momentum_weak,,,,,,,,,,,,,,,,,,,,,,,,,,,
14923526,2026-10-01 11:53:49,sim13,353200,,skip,adx_weak,,,,28.26086956521739,,,,,,,,,,,,,,,,,,,,,,,
14923526,2026-10-01 11:53:49,sim13,012030,,skip,adx_weak,,,,35.77142857142857,,,,,,,,,,,,,,,,,,,,,,,
14923526,2026-10-01 11:53:49,sim13,460860,,skip,theme_momentum_weak,,,,,,,,,,,,,,,,,,,,,,,,,,,
14923526,2026-10-01 11:53:49,sim13,079550,,skip,theme_momentum_weak,,,,,,,,,,,,,,,,,,,,,,,,,,,
14923526,2026-10-01 11:53:49,sim13,077500,,skip,held_or_cooldown,,,,,,,,,,,,,,,,,,,,,,,,,,,
14923526,2026-10-01 11:53:49,sim13,480370,,skip,adx_weak,,,,25.87601078167116,,,,,,,,,,,,,,,,,,,,,,,
14923526,2026-10-01 11:53:49,sim13,005850,,skip,theme_momentum_weak,,,,,,,,,,,,,,,,,,,,,,,,,,,
14923526,2026-10-01 11:53:49,sim13,015590,,skip,amount_not_surprised,,,,,,,,,,,,,,,,,,,,,,,,,,,
14923526,2026-10-01 11:53:49,sim13,004710,,skip,amount_not_surprised,,,,,,,,,,,,,,,,,,,,,,,,,,,
14923526,2026-10-01 11:53:49,sim13,006280,,skip,theme_momentum_weak,,,,,,,,,,,,,,,,,,,,,,,,,,,
14923526,2026-10-01 11:53:49,sim13,055490,,skip,theme_momentum_weak,,,,,,,,,,,,,,,,,,,,,,,,,,,
14923526,2026-10-01 11:53:49,sim13,078520,,skip,theme_momentum_weak,,,,,,,,,,,,,,,,,,,,,,,,,,,
14923526,2026-10-01 11:53:49,sim13,272210,,skip,theme_momentum_weak,,,,,,,,,,,,,,,,,,,,,,,,,,,
14923526,2026-10-01 11:53:49,sim13,000760,,skip,theme_momentum_weak,,,,,,,,,,,,,,,,,,,,,,,,,,,
14923527,2026-10-01 11:55:55,sim13,084010,,skip,theme_momentum_weak,,,,,,,,,,,,,,,,,,,,,,,,,,,
14923527,2026-10-01 11:55:55,sim13,192650,,skip,no_frgn_support,,,,,,,,,,,,,,,,,,,,,,,,,,,
14923527,2026-10-01 11:55:55,sim13,036570,,skip,theme_momentum_weak,,,,,,,,,,,,,,,,,,,,,,,,,,,
14923527,2026-10-01 11:55:55,sim13,003350,,skip,theme_momentum_weak,,,,,,,,,,,,,,,,,,,,,,,,,,,
14923527,2026-10-01 11:55:55,sim13,001820,,skip,adx_weak,,,,38.26173826173826,,,,,,,,,,,,,,,,,,,,,,,
14923527,2026-10-01 11:55:55,sim13,248070,,skip,theme_momentum_weak,,,,,,,,,,,,,,,,,,,,,,,,,,,
14923527,2026-10-01 11:55:55,sim13,009420,,skip,theme_momentum_weak,,,,,,,,,,,,,,,,,,,,,,,,,,,
14923527,2026-10-01 11:55:55,sim13,003160,,skip,no_frgn_support,,,,,,,,,,,,,,,,,,,,,,,,,,,
14923527,2026-10-01 11:55:55,sim13,093050,,skip,theme_momentum_weak,,,,,,,,,,,,,,,,,,,,,,,,,,,
14923527,2026-10-01 11:55:55,sim13,0126Z0,,skip,theme_momentum_weak,,,,,,,,,,,,,,,,,,,,,,,,,,,
14923527,2026-10-01 11:55:55,sim13,005030,,skip,theme_momentum_weak,,,,,,,,,,,,,,,,,,,,,,,,,,,
14923527,2026-10-01 11:55:55,sim13,109070,,skip,amount_not_surprised,,,,,,,,,,,,,,,,,,,,,,,,,,,
14923527,2026-10-01 11:55:55,sim13,004105,,skip,no_frgn_support,,,,,,,,,,,,,,,,,,,,,,,,,,,
14923527,2026-10-01 11:55:55,sim13,001360,,skip,theme_momentum_weak,,,,,,,,,,,,,,,,,,,,,,,,,,,
14923527,2026-10-01 11:55:55,sim13,353200,,skip,adx_weak,,,,28.26086956521739,,,,,,,,,,,,,,,,,,,,,,,
14923527,2026-10-01 11:55:55,sim13,012030,,skip,adx_weak,,,,35.77142857142857,,,,,,,,,,,,,,,,,,,,,,,
14923527,2026-10-01 11:55:55,sim13,460860,,skip,theme_momentum_weak,,,,,,,,,,,,,,,,,,,,,,,,,,,
14923527,2026-10-01 11:55:55,sim13,002240,,skip,theme_momentum_weak,,,,,,,,,,,,,,,,,,,,,,,,,,,
14923527,2026-10-01 11:55:55,sim13,078520,,skip,theme_momentum_weak,,,,,,,,,,,,,,,,,,,,,,,,,,,
14923527,2026-10-01 11:55:55,sim13,317450,,skip,theme_momentum_weak,,,,,,,,,,,,,,,,,,,,,,,,,,,
14923527,2026-10-01 11:55:55,sim13,079550,,skip,theme_momentum_weak,,,,,,,,,,,,,,,,,,,,,,,,,,,
14923527,2026-10-01 11:55:55,sim13,004710,,skip,amount_not_surprised,,,,,,,,,,,,,,,,,,,,,,,,,,,
14923527,2026-10-01 11:55:55,sim13,480370,,skip,adx_weak,,,,25.87601078167116,,,,,,,,,,,,,,,,,,,,,,,
14923527,2026-10-01 11:55:55,sim13,005850,,skip,theme_momentum_weak,,,,,,,,,,,,,,,,,,,,,,,,,,,
14923527,2026-10-01 11:55:55,sim13,015590,,skip,amount_not_surprised,,,,,,,,,,,,,,,,,,,,,,,,,,,
14923527,2026-10-01 11:55:55,sim13,272210,,skip,theme_momentum_weak,,,,,,,,,,,,,,,,,,,,,,,,,,,
14923527,2026-10-01 11:55:55,sim13,450080,,skip,theme_momentum_weak,,,,,,,,,,,,,,,,,,,,,,,,,,,
14923527,2026-10-01 11:55:55,sim13,077500,,skip,held_or_cooldown,,,,,,,,,,,,,,,,,,,,,,,,,,,
14923527,2026-10-01 11:55:55,sim13,006280,,skip,theme_momentum_weak,,,,,,,,,,,,,,,,,,,,,,,,,,,
14923527,2026-10-01 11:55:55,sim13,055490,,skip,theme_momentum_weak,,,,,,,,,,,,,,,,,,,,,,,,,,,
14923528,2026-10-01 11:57:56,sim13,084010,,skip,theme_momentum_weak,,,,,,,,,,,,,,,,,,,,,,,,,,,
14923528,2026-10-01 11:57:56,sim13,192650,,skip,no_frgn_support,,,,,,,,,,,,,,,,,,,,,,,,,,,
14923528,2026-10-01 11:57:56,sim13,036570,,skip,theme_momentum_weak,,,,,,,,,,,,,,,,,,,,,,,,,,,
14923528,2026-10-01 11:57:56,sim13,003350,,skip,theme_momentum_weak,,,,,,,,,,,,,,,,,,,,,,,,,,,
14923528,2026-10-01 11:57:56,sim13,001820,,skip,adx_weak,,,,38.26173826173826,,,,,,,,,,,,,,,,,,,,,,,
14923528,2026-10-01 11:57:56,sim13,248070,,skip,theme_momentum_weak,,,,,,,,,,,,,,,,,,,,,,,,,,,
14923528,2026-10-01 11:57:56,sim13,009420,,skip,theme_momentum_weak,,,,,,,,,,,,,,,,,,,,,,,,,,,
14923528,2026-10-01 11:57:56,sim13,003160,,skip,no_frgn_support,,,,,,,,,,,,,,,,,,,,,,,,,,,
14923528,2026-10-01 11:57:56,sim13,0126Z0,,skip,theme_momentum_weak,,,,,,,,,,,,,,,,,,,,,,,,,,,
14923528,2026-10-01 11:57:56,sim13,093050,,skip,theme_momentum_weak,,,,,,,,,,,,,,,,,,,,,,,,,,,
14923528,2026-10-01 11:57:56,sim13,005030,,skip,theme_momentum_weak,,,,,,,,,,,,,,,,,,,,,,,,,,,
14923528,2026-10-01 11:57:56,sim13,109070,,skip,amount_not_surprised,,,,,,,,,,,,,,,,,,,,,,,,,,,
14923528,2026-10-01 11:57:56,sim13,001360,,skip,theme_momentum_weak,,,,,,,,,,,,,,,,,,,,,,,,,,,
14923528,2026-10-01 11:57:56,sim13,004105,,skip,no_frgn_support,,,,,,,,,,,,,,,,,,,,,,,,,,,
14923528,2026-10-01 11:57:56,sim13,012030,,skip,adx_weak,,,,35.77142857142857,,,,,,,,,,,,,,,,,,,,,,,
14923528,2026-10-01 11:57:56,sim13,353200,,skip,adx_weak,,,,28.26086956521739,,,,,,,,,,,,,,,,,,,,,,,
14923528,2026-10-01 11:57:56,sim13,460860,,skip,theme_momentum_weak,,,,,,,,,,,,,,,,,,,,,,,,,,,
14923528,2026-10-01 11:57:56,sim13,079550,,skip,theme_momentum_weak,,,,,,,,,,,,,,,,,,,,,,,,,,,
14923528,2026-10-01 11:57:56,sim13,078520,,skip,theme_momentum_weak,,,,,,,,,,,,,,,,,,,,,,,,,,,
14923528,2026-10-01 11:57:56,sim13,002240,,skip,theme_momentum_weak,,,,,,,,,,,,,,,,,,,,,,,,,,,
14923528,2026-10-01 11:57:56,sim13,077500,,skip,held_or_cooldown,,,,,,,,,,,,,,,,,,,,,,,,,,,
14923528,2026-10-01 11:57:56,sim13,317450,,skip,theme_momentum_weak,,,,,,,,,,,,,,,,,,,,,,,,,,,
14923528,2026-10-01 11:57:56,sim13,480370,,skip,adx_weak,,,,25.87601078167116,,,,,,,,,,,,,,,,,,,,,,,
14923528,2026-10-01 11:57:56,sim13,005850,,skip,theme_momentum_weak,,,,,,,,,,,,,,,,,,,,,,,,,,,
14923528,2026-10-01 11:57:56,sim13,015590,,skip,amount_not_surprised,,,,,,,,,,,,,,,,,,,,,,,,,,,
14923528,2026-10-01 11:57:56,sim13,055490,,skip,theme_momentum_weak,,,,,,,,,,,,,,,,,,,,,,,,,,,
14923528,2026-10-01 11:57:56,sim13,004710,,skip,amount_not_surprised,,,,,,,,,,,,,,,,,,,,,,,,,,,
14923528,2026-10-01 11:57:56,sim13,272210,,skip,theme_momentum_weak,,,,,,,,,,,,,,,,,,,,,,,,,,,
14923528,2026-10-01 11:57:56,sim13,000760,,skip,theme_momentum_weak,,,,,,,,,,,,,,,,,,,,,,,,,,,
14923528,2026-10-01 11:57:56,sim13,001380,,skip,theme_momentum_weak,,,,,,,,,,,,,,,,,,,,,,,,,,,
14923529,2026-10-01 12:00:02,sim13,084010,,skip,theme_momentum_weak,,,,,,,,,,,,,,,,,,,,,,,,,,,
14923529,2026-10-01 12:00:02,sim13,192650,,skip,no_frgn_support,,,,,,,,,,,,,,,,,,,,,,,,,,,
14923529,2026-10-01 12:00:02,sim13,036570,,skip,theme_momentum_weak,,,,,,,,,,,,,,,,,,,,,,,,,,,
14923529,2026-10-01 12:00:02,sim13,003350,,skip,theme_momentum_weak,,,,,,,,,,,,,,,,,,,,,,,,,,,
14923529,2026-10-01 12:00:02,sim13,248070,,skip,theme_momentum_weak,,,,,,,,,,,,,,,,,,,,,,,,,,,
14923529,2026-10-01 12:00:02,sim13,001820,,skip,adx_weak,,,,38.26173826173826,,,,,,,,,,,,,,,,,,,,,,,
14923529,2026-10-01 12:00:02,sim13,009420,,skip,theme_momentum_weak,,,,,,,,,,,,,,,,,,,,,,,,,,,
14923529,2026-10-01 12:00:02,sim13,003160,,skip,no_frgn_support,,,,,,,,,,,,,,,,,,,,,,,,,,,
14923529,2026-10-01 12:00:02,sim13,0126Z0,,skip,theme_momentum_weak,,,,,,,,,,,,,,,,,,,,,,,,,,,
14923529,2026-10-01 12:00:02,sim13,093050,,skip,theme_momentum_weak,,,,,,,,,,,,,,,,,,,,,,,,,,,
14923529,2026-10-01 12:00:02,sim13,001360,,skip,theme_momentum_weak,,,,,,,,,,,,,,,,,,,,,,,,,,,
14923529,2026-10-01 12:00:02,sim13,005030,,skip,theme_momentum_weak,,,,,,,,,,,,,,,,,,,,,,,,,,,
14923529,2026-10-01 12:00:02,sim13,109070,,skip,amount_not_surprised,,,,,,,,,,,,,,,,,,,,,,,,,,,
14923529,2026-10-01 12:00:02,sim13,004105,,skip,no_frgn_support,,,,,,,,,,,,,,,,,,,,,,,,,,,
14923529,2026-10-01 12:00:02,sim13,353200,,skip,adx_weak,,,,28.26086956521739,,,,,,,,,,,,,,,,,,,,,,,
14923529,2026-10-01 12:00:02,sim13,012030,,skip,adx_weak,,,,35.77142857142857,,,,,,,,,,,,,,,,,,,,,,,
14923529,2026-10-01 12:00:02,sim13,015590,,skip,amount_not_surprised,,,,,,,,,,,,,,,,,,,,,,,,,,,
14923529,2026-10-01 12:00:02,sim13,317450,,skip,theme_momentum_weak,,,,,,,,,,,,,,,,,,,,,,,,,,,
14923529,2026-10-01 12:00:02,sim13,077500,,skip,held_or_cooldown,,,,,,,,,,,,,,,,,,,,,,,,,,,
14923529,2026-10-01 12:00:02,sim13,079550,,skip,theme_momentum_weak,,,,,,,,,,,,,,,,,,,,,,,,,,,
14923529,2026-10-01 12:00:02,sim13,460860,,skip,theme_momentum_weak,,,,,,,,,,,,,,,,,,,,,,,,,,,
14923529,2026-10-01 12:00:02,sim13,004710,,skip,amount_not_surprised,,,,,,,,,,,,,,,,,,,,,,,,,,,
14923529,2026-10-01 12:00:02,sim13,480370,,skip,adx_weak,,,,25.87601078167116,,,,,,,,,,,,,,,,,,,,,,,
14923529,2026-10-01 12:00:02,sim13,002240,,skip,theme_momentum_weak,,,,,,,,,,,,,,,,,,,,,,,,,,,
14923529,2026-10-01 12:00:02,sim13,078520,,skip,theme_momentum_weak,,,,,,,,,,,,,,,,,,,,,,,,,,,
14923529,2026-10-01 12:00:02,sim13,005850,,skip,theme_momentum_weak,,,,,,,,,,,,,,,,,,,,,,,,,,,
14923529,2026-10-01 12:00:02,sim13,055490,,skip,theme_momentum_weak,,,,,,,,,,,,,,,,,,,,,,,,,,,
14923529,2026-10-01 12:00:02,sim13,272210,,skip,theme_momentum_weak,,,,,,,,,,,,,,,,,,,,,,,,,,,
14923529,2026-10-01 12:00:02,sim13,000760,,skip,theme_momentum_weak,,,,,,,,,,,,,,,,,,,,,,,,,,,
14923529,2026-10-01 12:00:02,sim13,001380,,skip,theme_momentum_weak,,,,,,,,,,,,,,,,,,,,,,,,,,,
14923530,2026-10-01 12:02:13,sim13,084010,,skip,theme_momentum_weak,,,,,,,,,,,,,,,,,,,,,,,,,,,
14923530,2026-10-01 12:02:13,sim13,192650,,skip,no_frgn_support,,,,,,,,,,,,,,,,,,,,,,,,,,,
14923530,2026-10-01 12:02:13,sim13,036570,,skip,theme_momentum_weak,,,,,,,,,,,,,,,,,,,,,,,,,,,
14923530,2026-10-01 12:02:13,sim13,003350,,skip,theme_momentum_weak,,,,,,,,,,,,,,,,,,,,,,,,,,,
14923530,2026-10-01 12:02:13,sim13,248070,,skip,theme_momentum_weak,,,,,,,,,,,,,,,,,,,,,,,,,,,
14923530,2026-10-01 12:02:13,sim13,001820,,skip,adx_weak,,,,38.26173826173826,,,,,,,,,,,,,,,,,,,,,,,
14923530,2026-10-01 12:02:13,sim13,009420,,skip,theme_momentum_weak,,,,,,,,,,,,,,,,,,,,,,,,,,,
14923530,2026-10-01 12:02:13,sim13,003160,,skip,no_frgn_support,,,,,,,,,,,,,,,,,,,,,,,,,,,
14923530,2026-10-01 12:02:13,sim13,093050,,skip,theme_momentum_weak,,,,,,,,,,,,,,,,,,,,,,,,,,,
14923530,2026-10-01 12:02:13,sim13,0126Z0,,skip,theme_momentum_weak,,,,,,,,,,,,,,,,,,,,,,,,,,,
14923530,2026-10-01 12:02:13,sim13,001360,,skip,theme_momentum_weak,,,,,,,,,,,,,,,,,,,,,,,,,,,
14923530,2026-10-01 12:02:13,sim13,012030,,skip,adx_weak,,,,35.77142857142857,,,,,,,,,,,,,,,,,,,,,,,
14923530,2026-10-01 12:02:13,sim13,004105,,skip,no_frgn_support,,,,,,,,,,,,,,,,,,,,,,,,,,,
14923530,2026-10-01 12:02:13,sim13,317450,,skip,theme_momentum_weak,,,,,,,,,,,,,,,,,,,,,,,,,,,
14923530,2026-10-01 12:02:13,sim13,079550,,skip,theme_momentum_weak,,,,,,,,,,,,,,,,,,,,,,,,,,,
14923530,2026-10-01 12:02:13,sim13,077500,,skip,held_or_cooldown,,,,,,,,,,,,,,,,,,,,,,,,,,,
14923530,2026-10-01 12:02:13,sim13,353200,,skip,adx_weak,,,,28.26086956521739,,,,,,,,,,,,,,,,,,,,,,,
14923530,2026-10-01 12:02:13,sim13,109070,,skip,amount_not_surprised,,,,,,,,,,,,,,,,,,,,,,,,,,,
14923530,2026-10-01 12:02:13,sim13,002240,,skip,theme_momentum_weak,,,,,,,,,,,,,,,,,,,,,,,,,,,
14923530,2026-10-01 12:02:13,sim13,078520,,skip,theme_momentum_weak,,,,,,,,,,,,,,,,,,,,,,,,,,,
14923530,2026-10-01 12:02:13,sim13,004710,,skip,amount_not_surprised,,,,,,,,,,,,,,,,,,,,,,,,,,,
14923530,2026-10-01 12:02:13,sim13,460860,,skip,theme_momentum_weak,,,,,,,,,,,,,,,,,,,,,,,,,,,
14923530,2026-10-01 12:02:13,sim13,015590,,skip,amount_not_surprised,,,,,,,,,,,,,,,,,,,,,,,,,,,
14923530,2026-10-01 12:02:13,sim13,480370,,skip,adx_weak,,,,25.87601078167116,,,,,,,,,,,,,,,,,,,,,,,
14923530,2026-10-01 12:02:13,sim13,272210,,skip,theme_momentum_weak,,,,,,,,,,,,,,,,,,,,,,,,,,,
14923530,2026-10-01 12:02:13,sim13,055490,,skip,theme_momentum_weak,,,,,,,,,,,,,,,,,,,,,,,,,,,
14923530,2026-10-01 12:02:13,sim13,005850,,skip,theme_momentum_weak,,,,,,,,,,,,,,,,,,,,,,,,,,,
14923530,2026-10-01 12:02:13,sim13,000760,,skip,theme_momentum_weak,,,,,,,,,,,,,,,,,,,,,,,,,,,
14923530,2026-10-01 12:02:13,sim13,001380,,skip,theme_momentum_weak,,,,,,,,,,,,,,,,,,,,,,,,,,,
14923530,2026-10-01 12:02:13,sim13,450080,,skip,theme_momentum_weak,,,,,,,,,,,,,,,,,,,,,,,,,,,
14923531,2026-10-01 12:04:18,sim13,084010,,skip,theme_momentum_weak,,,,,,,,,,,,,,,,,,,,,,,,,,,
14923531,2026-10-01 12:04:18,sim13,192650,,skip,no_frgn_support,,,,,,,,,,,,,,,,,,,,,,,,,,,
14923531,2026-10-01 12:04:18,sim13,036570,,skip,theme_momentum_weak,,,,,,,,,,,,,,,,,,,,,,,,,,,
14923531,2026-10-01 12:04:18,sim13,003350,,skip,theme_momentum_weak,,,,,,,,,,,,,,,,,,,,,,,,,,,
14923531,2026-10-01 12:04:18,sim13,001820,,skip,adx_weak,,,,38.26173826173826,,,,,,,,,,,,,,,,,,,,,,,
14923531,2026-10-01 12:04:18,sim13,248070,,skip,theme_momentum_weak,,,,,,,,,,,,,,,,,,,,,,,,,,,
14923531,2026-10-01 12:04:18,sim13,009420,,skip,theme_momentum_weak,,,,,,,,,,,,,,,,,,,,,,,,,,,
14923531,2026-10-01 12:04:18,sim13,003160,,skip,no_frgn_support,,,,,,,,,,,,,,,,,,,,,,,,,,,
14923531,2026-10-01 12:04:18,sim13,093050,,skip,theme_momentum_weak,,,,,,,,,,,,,,,,,,,,,,,,,,,
14923531,2026-10-01 12:04:18,sim13,001360,,skip,theme_momentum_weak,,,,,,,,,,,,,,,,,,,,,,,,,,,
14923531,2026-10-01 12:04:18,sim13,0126Z0,,skip,theme_momentum_weak,,,,,,,,,,,,,,,,,,,,,,,,,,,
14923531,2026-10-01 12:04:18,sim13,353200,,skip,adx_weak,,,,28.26086956521739,,,,,,,,,,,,,,,,,,,,,,,
14923531,2026-10-01 12:04:18,sim13,012030,,skip,adx_weak,,,,35.77142857142857,,,,,,,,,,,,,,,,,,,,,,,
14923531,2026-10-01 12:04:18,sim13,317450,,skip,theme_momentum_weak,,,,,,,,,,,,,,,,,,,,,,,,,,,
14923531,2026-10-01 12:04:18,sim13,004105,,skip,no_frgn_support,,,,,,,,,,,,,,,,,,,,,,,,,,,
14923531,2026-10-01 12:04:18,sim13,004710,,skip,amount_not_surprised,,,,,,,,,,,,,,,,,,,,,,,,,,,
14923531,2026-10-01 12:04:18,sim13,079550,,skip,theme_momentum_weak,,,,,,,,,,,,,,,,,,,,,,,,,,,
14923531,2026-10-01 12:04:18,sim13,002240,,skip,theme_momentum_weak,,,,,,,,,,,,,,,,,,,,,,,,,,,
14923531,2026-10-01 12:04:18,sim13,109070,,skip,amount_not_surprised,,,,,,,,,,,,,,,,,,,,,,,,,,,
14923531,2026-10-01 12:04:18,sim13,460860,,skip,theme_momentum_weak,,,,,,,,,,,,,,,,,,,,,,,,,,,
14923531,2026-10-01 12:04:18,sim13,015590,,skip,amount_not_surprised,,,,,,,,,,,,,,,,,,,,,,,,,,,
14923531,2026-10-01 12:04:18,sim13,077500,,skip,held_or_cooldown,,,,,,,,,,,,,,,,,,,,,,,,,,,
14923531,2026-10-01 12:04:18,sim13,480370,,skip,adx_weak,,,,25.87601078167116,,,,,,,,,,,,,,,,,,,,,,,
14923531,2026-10-01 12:04:18,sim13,078520,,skip,theme_momentum_weak,,,,,,,,,,,,,,,,,,,,,,,,,,,
14923531,2026-10-01 12:04:18,sim13,005850,,skip,theme_momentum_weak,,,,,,,,,,,,,,,,,,,,,,,,,,,
14923531,2026-10-01 12:04:18,sim13,055490,,skip,theme_momentum_weak,,,,,,,,,,,,,,,,,,,,,,,,,,,
14923531,2026-10-01 12:04:18,sim13,272210,,skip,theme_momentum_weak,,,,,,,,,,,,,,,,,,,,,,,,,,,
14923531,2026-10-01 12:04:18,sim13,000760,,skip,theme_momentum_weak,,,,,,,,,,,,,,,,,,,,,,,,,,,
14923531,2026-10-01 12:04:18,sim13,001380,,skip,theme_momentum_weak,,,,,,,,,,,,,,,,,,,,,,,,,,,
14923531,2026-10-01 12:04:18,sim13,002870,,skip,theme_momentum_weak,,,,,,,,,,,,,,,,,,,,,,,,,,,
14923532,2026-10-01 12:06:22,sim13,084010,,skip,theme_momentum_weak,,,,,,,,,,,,,,,,,,,,,,,,,,,
14923532,2026-10-01 12:06:22,sim13,192650,,skip,no_frgn_support,,,,,,,,,,,,,,,,,,,,,,,,,,,
14923532,2026-10-01 12:06:22,sim13,036570,,skip,theme_momentum_weak,,,,,,,,,,,,,,,,,,,,,,,,,,,
14923532,2026-10-01 12:06:22,sim13,003350,,skip,theme_momentum_weak,,,,,,,,,,,,,,,,,,,,,,,,,,,
14923532,2026-10-01 12:06:22,sim13,001820,,skip,adx_weak,,,,38.26173826173826,,,,,,,,,,,,,,,,,,,,,,,
14923532,2026-10-01 12:06:22,sim13,248070,,skip,theme_momentum_weak,,,,,,,,,,,,,,,,,,,,,,,,,,,
14923532,2026-10-01 12:06:22,sim13,003160,,skip,no_frgn_support,,,,,,,,,,,,,,,,,,,,,,,,,,,
14923532,2026-10-01 12:06:22,sim13,009420,,skip,theme_momentum_weak,,,,,,,,,,,,,,,,,,,,,,,,,,,
14923532,2026-10-01 12:06:22,sim13,001360,,skip,theme_momentum_weak,,,,,,,,,,,,,,,,,,,,,,,,,,,
14923532,2026-10-01 12:06:22,sim13,353200,,skip,adx_weak,,,,28.26086956521739,,,,,,,,,,,,,,,,,,,,,,,
14923532,2026-10-01 12:06:22,sim13,093050,,skip,theme_momentum_weak,,,,,,,,,,,,,,,,,,,,,,,,,,,
14923532,2026-10-01 12:06:22,sim13,0126Z0,,skip,theme_momentum_weak,,,,,,,,,,,,,,,,,,,,,,,,,,,
14923532,2026-10-01 12:06:22,sim13,012030,,skip,adx_weak,,,,35.77142857142857,,,,,,,,,,,,,,,,,,,,,,,
14923532,2026-10-01 12:06:22,sim13,004710,,skip,amount_not_surprised,,,,,,,,,,,,,,,,,,,,,,,,,,,
14923532,2026-10-01 12:06:22,sim13,004105,,skip,no_frgn_support,,,,,,,,,,,,,,,,,,,,,,,,,,,
14923532,2026-10-01 12:06:22,sim13,077500,,skip,held_or_cooldown,,,,,,,,,,,,,,,,,,,,,,,,,,,
14923532,2026-10-01 12:06:22,sim13,317450,,skip,theme_momentum_weak,,,,,,,,,,,,,,,,,,,,,,,,,,,
14923532,2026-10-01 12:06:22,sim13,002870,,skip,theme_momentum_weak,,,,,,,,,,,,,,,,,,,,,,,,,,,
14923532,2026-10-01 12:06:22,sim13,015590,,skip,amount_not_surprised,,,,,,,,,,,,,,,,,,,,,,,,,,,
14923532,2026-10-01 12:06:22,sim13,109070,,skip,amount_not_surprised,,,,,,,,,,,,,,,,,,,,,,,,,,,
14923532,2026-10-01 12:06:22,sim13,079550,,skip,theme_momentum_weak,,,,,,,,,,,,,,,,,,,,,,,,,,,
14923532,2026-10-01 12:06:22,sim13,002240,,skip,theme_momentum_weak,,,,,,,,,,,,,,,,,,,,,,,,,,,
14923532,2026-10-01 12:06:22,sim13,460860,,skip,theme_momentum_weak,,,,,,,,,,,,,,,,,,,,,,,,,,,
14923532,2026-10-01 12:06:22,sim13,480370,,skip,adx_weak,,,,25.87601078167116,,,,,,,,,,,,,,,,,,,,,,,
14923532,2026-10-01 12:06:22,sim13,078520,,skip,theme_momentum_weak,,,,,,,,,,,,,,,,,,,,,,,,,,,
14923532,2026-10-01 12:06:22,sim13,055490,,skip,theme_momentum_weak,,,,,,,,,,,,,,,,,,,,,,,,,,,
14923532,2026-10-01 12:06:22,sim13,272210,,skip,theme_momentum_weak,,,,,,,,,,,,,,,,,,,,,,,,,,,
14923532,2026-10-01 12:06:22,sim13,000760,,skip,theme_momentum_weak,,,,,,,,,,,,,,,,,,,,,,,,,,,
14923532,2026-10-01 12:06:22,sim13,001380,,skip,theme_momentum_weak,,,,,,,,,,,,,,,,,,,,,,,,,,,
14923532,2026-10-01 12:06:22,sim13,005850,,skip,theme_momentum_weak,,,,,,,,,,,,,,,,,,,,,,,,,,,
14923533,2026-10-01 12:08:22,sim13,084010,,skip,theme_momentum_weak,,,,,,,,,,,,,,,,,,,,,,,,,,,
14923533,2026-10-01 12:08:22,sim13,192650,,skip,no_frgn_support,,,,,,,,,,,,,,,,,,,,,,,,,,,
14923533,2026-10-01 12:08:22,sim13,036570,,skip,theme_momentum_weak,,,,,,,,,,,,,,,,,,,,,,,,,,,
14923533,2026-10-01 12:08:22,sim13,003350,,skip,theme_momentum_weak,,,,,,,,,,,,,,,,,,,,,,,,,,,
14923533,2026-10-01 12:08:22,sim13,248070,,skip,theme_momentum_weak,,,,,,,,,,,,,,,,,,,,,,,,,,,
14923533,2026-10-01 12:08:22,sim13,009420,,skip,theme_momentum_weak,,,,,,,,,,,,,,,,,,,,,,,,,,,
14923533,2026-10-01 12:08:22,sim13,001820,,skip,adx_weak,,,,38.26173826173826,,,,,,,,,,,,,,,,,,,,,,,
14923533,2026-10-01 12:08:22,sim13,003160,,skip,no_frgn_support,,,,,,,,,,,,,,,,,,,,,,,,,,,
14923533,2026-10-01 12:08:22,sim13,001360,,skip,theme_momentum_weak,,,,,,,,,,,,,,,,,,,,,,,,,,,
14923533,2026-10-01 12:08:22,sim13,093050,,skip,theme_momentum_weak,,,,,,,,,,,,,,,,,,,,,,,,,,,
14923533,2026-10-01 12:08:22,sim13,002870,,skip,theme_momentum_weak,,,,,,,,,,,,,,,,,,,,,,,,,,,
14923533,2026-10-01 12:08:22,sim13,353200,,skip,adx_weak,,,,28.26086956521739,,,,,,,,,,,,,,,,,,,,,,,
14923533,2026-10-01 12:08:22,sim13,0126Z0,,skip,theme_momentum_weak,,,,,,,,,,,,,,,,,,,,,,,,,,,
14923533,2026-10-01 12:08:22,sim13,317450,,skip,theme_momentum_weak,,,,,,,,,,,,,,,,,,,,,,,,,,,
14923533,2026-10-01 12:08:22,sim13,012030,,skip,adx_weak,,,,35.77142857142857,,,,,,,,,,,,,,,,,,,,,,,
14923533,2026-10-01 12:08:22,sim13,004105,,skip,no_frgn_support,,,,,,,,,,,,,,,,,,,,,,,,,,,
14923533,2026-10-01 12:08:22,sim13,077500,,skip,held_or_cooldown,,,,,,,,,,,,,,,,,,,,,,,,,,,
14923533,2026-10-01 12:08:22,sim13,460860,,skip,theme_momentum_weak,,,,,,,,,,,,,,,,,,,,,,,,,,,
14923533,2026-10-01 12:08:22,sim13,079550,,skip,theme_momentum_weak,,,,,,,,,,,,,,,,,,,,,,,,,,,
14923533,2026-10-01 12:08:22,sim13,004710,,skip,amount_not_surprised,,,,,,,,,,,,,,,,,,,,,,,,,,,
14923533,2026-10-01 12:08:22,sim13,109070,,skip,amount_not_surprised,,,,,,,,,,,,,,,,,,,,,,,,,,,
14923533,2026-10-01 12:08:22,sim13,015590,,skip,amount_not_surprised,,,,,,,,,,,,,,,,,,,,,,,,,,,
14923533,2026-10-01 12:08:22,sim13,480370,,skip,adx_weak,,,,25.87601078167116,,,,,,,,,,,,,,,,,,,,,,,
14923533,2026-10-01 12:08:22,sim13,002240,,skip,theme_momentum_weak,,,,,,,,,,,,,,,,,,,,,,,,,,,
14923533,2026-10-01 12:08:22,sim13,078520,,skip,theme_momentum_weak,,,,,,,,,,,,,,,,,,,,,,,,,,,
14923533,2026-10-01 12:08:22,sim13,272210,,skip,theme_momentum_weak,,,,,,,,,,,,,,,,,,,,,,,,,,,
14923533,2026-10-01 12:08:22,sim13,000760,,skip,theme_momentum_weak,,,,,,,,,,,,,,,,,,,,,,,,,,,
14923533,2026-10-01 12:08:22,sim13,005850,,skip,theme_momentum_weak,,,,,,,,,,,,,,,,,,,,,,,,,,,
14923533,2026-10-01 12:08:22,sim13,001380,,skip,theme_momentum_weak,,,,,,,,,,,,,,,,,,,,,,,,,,,
14923533,2026-10-01 12:08:22,sim13,006280,,skip,theme_momentum_weak,,,,,,,,,,,,,,,,,,,,,,,,,,,
14923534,2026-10-01 12:10:22,sim13,084010,,skip,theme_momentum_weak,,,,,,,,,,,,,,,,,,,,,,,,,,,
14923534,2026-10-01 12:10:22,sim13,192650,,skip,no_frgn_support,,,,,,,,,,,,,,,,,,,,,,,,,,,
14923534,2026-10-01 12:10:22,sim13,036570,,skip,theme_momentum_weak,,,,,,,,,,,,,,,,,,,,,,,,,,,
14923534,2026-10-01 12:10:22,sim13,003350,,skip,theme_momentum_weak,,,,,,,,,,,,,,,,,,,,,,,,,,,
14923534,2026-10-01 12:10:22,sim13,248070,,skip,theme_momentum_weak,,,,,,,,,,,,,,,,,,,,,,,,,,,
14923534,2026-10-01 12:10:22,sim13,009420,,skip,theme_momentum_weak,,,,,,,,,,,,,,,,,,,,,,,,,,,
14923534,2026-10-01 12:10:22,sim13,003160,,skip,no_frgn_support,,,,,,,,,,,,,,,,,,,,,,,,,,,
14923534,2026-10-01 12:10:22,sim13,001820,,skip,adx_weak,,,,38.26173826173826,,,,,,,,,,,,,,,,,,,,,,,
14923534,2026-10-01 12:10:22,sim13,001360,,skip,theme_momentum_weak,,,,,,,,,,,,,,,,,,,,,,,,,,,
14923534,2026-10-01 12:10:22,sim13,353200,,skip,adx_weak,,,,28.26086956521739,,,,,,,,,,,,,,,,,,,,,,,
14923534,2026-10-01 12:10:22,sim13,093050,,skip,theme_momentum_weak,,,,,,,,,,,,,,,,,,,,,,,,,,,
14923534,2026-10-01 12:10:22,sim13,0126Z0,,skip,theme_momentum_weak,,,,,,,,,,,,,,,,,,,,,,,,,,,
14923534,2026-10-01 12:10:22,sim13,002870,,skip,theme_momentum_weak,,,,,,,,,,,,,,,,,,,,,,,,,,,
14923534,2026-10-01 12:10:22,sim13,004710,,skip,amount_not_surprised,,,,,,,,,,,,,,,,,,,,,,,,,,,
14923534,2026-10-01 12:10:22,sim13,317450,,skip,theme_momentum_weak,,,,,,,,,,,,,,,,,,,,,,,,,,,
14923534,2026-10-01 12:10:22,sim13,004105,,skip,no_frgn_support,,,,,,,,,,,,,,,,,,,,,,,,,,,
14923534,2026-10-01 12:10:22,sim13,012030,,skip,adx_weak,,,,35.77142857142857,,,,,,,,,,,,,,,,,,,,,,,
14923534,2026-10-01 12:10:22,sim13,077500,,skip,held_or_cooldown,,,,,,,,,,,,,,,,,,,,,,,,,,,
14923534,2026-10-01 12:10:22,sim13,460860,,skip,theme_momentum_weak,,,,,,,,,,,,,,,,,,,,,,,,,,,
14923534,2026-10-01 12:10:22,sim13,079550,,skip,theme_momentum_weak,,,,,,,,,,,,,,,,,,,,,,,,,,,
14923534,2026-10-01 12:10:22,sim13,109070,,skip,amount_not_surprised,,,,,,,,,,,,,,,,,,,,,,,,,,,
14923534,2026-10-01 12:10:22,sim13,015590,,skip,amount_not_surprised,,,,,,,,,,,,,,,,,,,,,,,,,,,
14923534,2026-10-01 12:10:22,sim13,002240,,skip,theme_momentum_weak,,,,,,,,,,,,,,,,,,,,,,,,,,,
14923534,2026-10-01 12:10:22,sim13,480370,,skip,adx_weak,,,,25.87601078167116,,,,,,,,,,,,,,,,,,,,,,,
14923534,2026-10-01 12:10:22,sim13,078520,,skip,theme_momentum_weak,,,,,,,,,,,,,,,,,,,,,,,,,,,
14923534,2026-10-01 12:10:22,sim13,005850,,skip,theme_momentum_weak,,,,,,,,,,,,,,,,,,,,,,,,,,,
14923534,2026-10-01 12:10:22,sim13,272210,,skip,theme_momentum_weak,,,,,,,,,,,,,,,,,,,,,,,,,,,
14923534,2026-10-01 12:10:22,sim13,000760,,skip,theme_momentum_weak,,,,,,,,,,,,,,,,,,,,,,,,,,,
14923534,2026-10-01 12:10:22,sim13,006280,,skip,theme_momentum_weak,,,,,,,,,,,,,,,,,,,,,,,,,,,
14923534,2026-10-01 12:10:22,sim13,001380,,skip,theme_momentum_weak,,,,,,,,,,,,,,,,,,,,,,,,,,,
14923535,2026-10-01 12:12:35,sim13,084010,,skip,theme_momentum_weak,,,,,,,,,,,,,,,,,,,,,,,,,,,
14923535,2026-10-01 12:12:35,sim13,192650,,skip,no_frgn_support,,,,,,,,,,,,,,,,,,,,,,,,,,,
14923535,2026-10-01 12:12:35,sim13,036570,,skip,theme_momentum_weak,,,,,,,,,,,,,,,,,,,,,,,,,,,
14923535,2026-10-01 12:12:35,sim13,003350,,skip,theme_momentum_weak,,,,,,,,,,,,,,,,,,,,,,,,,,,
14923535,2026-10-01 12:12:35,sim13,248070,,skip,theme_momentum_weak,,,,,,,,,,,,,,,,,,,,,,,,,,,
14923535,2026-10-01 12:12:35,sim13,003160,,skip,no_frgn_support,,,,,,,,,,,,,,,,,,,,,,,,,,,
14923535,2026-10-01 12:12:35,sim13,009420,,skip,theme_momentum_weak,,,,,,,,,,,,,,,,,,,,,,,,,,,
14923535,2026-10-01 12:12:35,sim13,093050,,skip,theme_momentum_weak,,,,,,,,,,,,,,,,,,,,,,,,,,,
14923535,2026-10-01 12:12:35,sim13,001820,,skip,adx_weak,,,,38.26173826173826,,,,,,,,,,,,,,,,,,,,,,,
14923535,2026-10-01 12:12:35,sim13,353200,,skip,adx_weak,,,,28.26086956521739,,,,,,,,,,,,,,,,,,,,,,,
14923535,2026-10-01 12:12:35,sim13,001360,,skip,theme_momentum_weak,,,,,,,,,,,,,,,,,,,,,,,,,,,
14923535,2026-10-01 12:12:35,sim13,0126Z0,,skip,theme_momentum_weak,,,,,,,,,,,,,,,,,,,,,,,,,,,
14923535,2026-10-01 12:12:35,sim13,004710,,skip,amount_not_surprised,,,,,,,,,,,,,,,,,,,,,,,,,,,
14923535,2026-10-01 12:12:35,sim13,317450,,skip,theme_momentum_weak,,,,,,,,,,,,,,,,,,,,,,,,,,,
14923535,2026-10-01 12:12:35,sim13,077500,,skip,held_or_cooldown,,,,,,,,,,,,,,,,,,,,,,,,,,,
14923535,2026-10-01 12:12:35,sim13,012030,,skip,adx_weak,,,,35.77142857142857,,,,,,,,,,,,,,,,,,,,,,,
14923535,2026-10-01 12:12:35,sim13,079550,,skip,theme_momentum_weak,,,,,,,,,,,,,,,,,,,,,,,,,,,
14923535,2026-10-01 12:12:35,sim13,004105,,skip,no_frgn_support,,,,,,,,,,,,,,,,,,,,,,,,,,,
14923535,2026-10-01 12:12:35,sim13,002870,,skip,theme_momentum_weak,,,,,,,,,,,,,,,,,,,,,,,,,,,
14923535,2026-10-01 12:12:35,sim13,109070,,skip,amount_not_surprised,,,,,,,,,,,,,,,,,,,,,,,,,,,
14923535,2026-10-01 12:12:35,sim13,460860,,skip,theme_momentum_weak,,,,,,,,,,,,,,,,,,,,,,,,,,,
14923535,2026-10-01 12:12:35,sim13,015590,,skip,amount_not_surprised,,,,,,,,,,,,,,,,,,,,,,,,,,,
14923535,2026-10-01 12:12:35,sim13,078520,,skip,theme_momentum_weak,,,,,,,,,,,,,,,,,,,,,,,,,,,
14923535,2026-10-01 12:12:35,sim13,480370,,skip,adx_weak,,,,25.87601078167116,,,,,,,,,,,,,,,,,,,,,,,
14923535,2026-10-01 12:12:35,sim13,005850,,skip,theme_momentum_weak,,,,,,,,,,,,,,,,,,,,,,,,,,,
14923535,2026-10-01 12:12:35,sim13,272210,,skip,theme_momentum_weak,,,,,,,,,,,,,,,,,,,,,,,,,,,
14923535,2026-10-01 12:12:35,sim13,000760,,skip,theme_momentum_weak,,,,,,,,,,,,,,,,,,,,,,,,,,,
14923535,2026-10-01 12:12:35,sim13,002240,,skip,theme_momentum_weak,,,,,,,,,,,,,,,,,,,,,,,,,,,
14923535,2026-10-01 12:12:35,sim13,006280,,skip,theme_momentum_weak,,,,,,,,,,,,,,,,,,,,,,,,,,,
14923535,2026-10-01 12:12:35,sim13,011930,,skip,theme_momentum_weak,,,,,,,,,,,,,,,,,,,,,,,,,,,
14923536,2026-10-01 12:14:39,sim13,084010,,skip,theme_momentum_weak,,,,,,,,,,,,,,,,,,,,,,,,,,,
14923536,2026-10-01 12:14:39,sim13,192650,,skip,no_frgn_support,,,,,,,,,,,,,,,,,,,,,,,,,,,
14923536,2026-10-01 12:14:39,sim13,036570,,skip,theme_momentum_weak,,,,,,,,,,,,,,,,,,,,,,,,,,,
14923536,2026-10-01 12:14:39,sim13,003350,,skip,theme_momentum_weak,,,,,,,,,,,,,,,,,,,,,,,,,,,
14923536,2026-10-01 12:14:39,sim13,248070,,skip,theme_momentum_weak,,,,,,,,,,,,,,,,,,,,,,,,,,,
14923536,2026-10-01 12:14:39,sim13,009420,,skip,theme_momentum_weak,,,,,,,,,,,,,,,,,,,,,,,,,,,
14923536,2026-10-01 12:14:39,sim13,001820,,skip,adx_weak,,,,38.26173826173826,,,,,,,,,,,,,,,,,,,,,,,
14923536,2026-10-01 12:14:39,sim13,003160,,skip,no_frgn_support,,,,,,,,,,,,,,,,,,,,,,,,,,,
14923536,2026-10-01 12:14:39,sim13,093050,,skip,theme_momentum_weak,,,,,,,,,,,,,,,,,,,,,,,,,,,
14923536,2026-10-01 12:14:39,sim13,363280,,skip,theme_momentum_weak,,,,,,,,,,,,,,,,,,,,,,,,,,,
14923536,2026-10-01 12:14:39,sim13,353200,,skip,adx_weak,,,,28.26086956521739,,,,,,,,,,,,,,,,,,,,,,,
14923536,2026-10-01 12:14:39,sim13,001360,,skip,theme_momentum_weak,,,,,,,,,,,,,,,,,,,,,,,,,,,
14923536,2026-10-01 12:14:39,sim13,004710,,skip,amount_not_surprised,,,,,,,,,,,,,,,,,,,,,,,,,,,
14923536,2026-10-01 12:14:39,sim13,0126Z0,,skip,theme_momentum_weak,,,,,,,,,,,,,,,,,,,,,,,,,,,
14923536,2026-10-01 12:14:39,sim13,077500,,skip,held_or_cooldown,,,,,,,,,,,,,,,,,,,,,,,,,,,
14923536,2026-10-01 12:14:39,sim13,079550,,skip,theme_momentum_weak,,,,,,,,,,,,,,,,,,,,,,,,,,,
14923536,2026-10-01 12:14:39,sim13,012030,,skip,adx_weak,,,,35.77142857142857,,,,,,,,,,,,,,,,,,,,,,,
14923536,2026-10-01 12:14:39,sim13,317450,,skip,theme_momentum_weak,,,,,,,,,,,,,,,,,,,,,,,,,,,
14923536,2026-10-01 12:14:39,sim13,004105,,skip,no_frgn_support,,,,,,,,,,,,,,,,,,,,,,,,,,,
14923536,2026-10-01 12:14:39,sim13,002870,,skip,theme_momentum_weak,,,,,,,,,,,,,,,,,,,,,,,,,,,
14923536,2026-10-01 12:14:39,sim13,460860,,skip,theme_momentum_weak,,,,,,,,,,,,,,,,,,,,,,,,,,,
14923536,2026-10-01 12:14:39,sim13,109070,,skip,amount_not_surprised,,,,,,,,,,,,,,,,,,,,,,,,,,,
14923536,2026-10-01 12:14:39,sim13,015590,,skip,amount_not_surprised,,,,,,,,,,,,,,,,,,,,,,,,,,,
14923536,2026-10-01 12:14:39,sim13,480370,,skip,adx_weak,,,,25.87601078167116,,,,,,,,,,,,,,,,,,,,,,,
14923536,2026-10-01 12:14:39,sim13,078520,,skip,theme_momentum_weak,,,,,,,,,,,,,,,,,,,,,,,,,,,
14923536,2026-10-01 12:14:39,sim13,005850,,skip,theme_momentum_weak,,,,,,,,,,,,,,,,,,,,,,,,,,,
14923536,2026-10-01 12:14:39,sim13,002240,,skip,theme_momentum_weak,,,,,,,,,,,,,,,,,,,,,,,,,,,
14923536,2026-10-01 12:14:39,sim13,272210,,skip,theme_momentum_weak,,,,,,,,,,,,,,,,,,,,,,,,,,,
14923536,2026-10-01 12:14:39,sim13,000760,,skip,theme_momentum_weak,,,,,,,,,,,,,,,,,,,,,,,,,,,
14923536,2026-10-01 12:14:39,sim13,006280,,skip,theme_momentum_weak,,,,,,,,,,,,,,,,,,,,,,,,,,,
14923538,2026-10-01 12:17:27,sim13,084010,,skip,theme_momentum_weak,,,,,,,,,,,,,,,,,,,,,,,,,,,
14923538,2026-10-01 12:17:27,sim13,192650,,skip,no_frgn_support,,,,,,,,,,,,,,,,,,,,,,,,,,,
14923538,2026-10-01 12:17:27,sim13,036570,,skip,theme_momentum_weak,,,,,,,,,,,,,,,,,,,,,,,,,,,
14923538,2026-10-01 12:17:27,sim13,023150,,skip,theme_momentum_weak,,,,,,,,,,,,,,,,,,,,,,,,,,,
14923538,2026-10-01 12:17:27,sim13,248070,,skip,theme_momentum_weak,,,,,,,,,,,,,,,,,,,,,,,,,,,
14923538,2026-10-01 12:17:27,sim13,009420,,skip,theme_momentum_weak,,,,,,,,,,,,,,,,,,,,,,,,,,,
14923538,2026-10-01 12:17:27,sim13,001360,,skip,theme_momentum_weak,,,,,,,,,,,,,,,,,,,,,,,,,,,
14923538,2026-10-01 12:17:27,sim13,353200,,skip,adx_weak,,,,28.26086956521739,,,,,,,,,,,,,,,,,,,,,,,
14923538,2026-10-01 12:17:27,sim13,003160,,skip,no_frgn_support,,,,,,,,,,,,,,,,,,,,,,,,,,,
14923538,2026-10-01 12:17:27,sim13,001820,,skip,adx_weak,,,,38.26173826173826,,,,,,,,,,,,,,,,,,,,,,,
14923538,2026-10-01 12:17:27,sim13,003350,,skip,theme_momentum_weak,,,,,,,,,,,,,,,,,,,,,,,,,,,
14923538,2026-10-01 12:17:27,sim13,093050,,skip,theme_momentum_weak,,,,,,,,,,,,,,,,,,,,,,,,,,,
14923538,2026-10-01 12:17:27,sim13,004105,,skip,no_frgn_support,,,,,,,,,,,,,,,,,,,,,,,,,,,
14923538,2026-10-01 12:17:27,sim13,004710,,skip,amount_not_surprised,,,,,,,,,,,,,,,,,,,,,,,,,,,
14923538,2026-10-01 12:17:27,sim13,079550,,skip,theme_momentum_weak,,,,,,,,,,,,,,,,,,,,,,,,,,,
14923538,2026-10-01 12:17:27,sim13,0126Z0,,skip,theme_momentum_weak,,,,,,,,,,,,,,,,,,,,,,,,,,,
14923538,2026-10-01 12:17:27,sim13,077500,,skip,held_or_cooldown,,,,,,,,,,,,,,,,,,,,,,,,,,,
14923538,2026-10-01 12:17:27,sim13,012030,,skip,adx_weak,,,,35.77142857142857,,,,,,,,,,,,,,,,,,,,,,,
14923538,2026-10-01 12:17:27,sim13,317450,,skip,theme_momentum_weak,,,,,,,,,,,,,,,,,,,,,,,,,,,
14923538,2026-10-01 12:17:27,sim13,002870,,skip,theme_momentum_weak,,,,,,,,,,,,,,,,,,,,,,,,,,,
14923538,2026-10-01 12:17:27,sim13,460860,,skip,theme_momentum_weak,,,,,,,,,,,,,,,,,,,,,,,,,,,
14923538,2026-10-01 12:17:27,sim13,109070,,skip,amount_not_surprised,,,,,,,,,,,,,,,,,,,,,,,,,,,
14923538,2026-10-01 12:17:27,sim13,480370,,skip,adx_weak,,,,25.87601078167116,,,,,,,,,,,,,,,,,,,,,,,
14923538,2026-10-01 12:17:27,sim13,078520,,skip,theme_momentum_weak,,,,,,,,,,,,,,,,,,,,,,,,,,,
14923538,2026-10-01 12:17:27,sim13,005850,,skip,theme_momentum_weak,,,,,,,,,,,,,,,,,,,,,,,,,,,
14923538,2026-10-01 12:17:27,sim13,272210,,skip,theme_momentum_weak,,,,,,,,,,,,,,,,,,,,,,,,,,,
14923538,2026-10-01 12:17:27,sim13,000760,,skip,theme_momentum_weak,,,,,,,,,,,,,,,,,,,,,,,,,,,
14923538,2026-10-01 12:17:27,sim13,002240,,skip,theme_momentum_weak,,,,,,,,,,,,,,,,,,,,,,,,,,,
14923538,2026-10-01 12:17:27,sim13,015590,,skip,amount_not_surprised,,,,,,,,,,,,,,,,,,,,,,,,,,,
14923538,2026-10-01 12:17:27,sim13,006280,,skip,theme_momentum_weak,,,,,,,,,,,,,,,,,,,,,,,,,,,
14923539,2026-10-01 12:19:34,sim13,084010,,skip,theme_momentum_weak,,,,,,,,,,,,,,,,,,,,,,,,,,,
14923539,2026-10-01 12:19:34,sim13,192650,,skip,no_frgn_support,,,,,,,,,,,,,,,,,,,,,,,,,,,
14923539,2026-10-01 12:19:34,sim13,036570,,skip,theme_momentum_weak,,,,,,,,,,,,,,,,,,,,,,,,,,,
14923539,2026-10-01 12:19:34,sim13,023150,,skip,theme_momentum_weak,,,,,,,,,,,,,,,,,,,,,,,,,,,
14923539,2026-10-01 12:19:34,sim13,248070,,skip,theme_momentum_weak,,,,,,,,,,,,,,,,,,,,,,,,,,,
14923539,2026-10-01 12:19:34,sim13,009420,,skip,theme_momentum_weak,,,,,,,,,,,,,,,,,,,,,,,,,,,
14923539,2026-10-01 12:19:34,sim13,003350,,skip,theme_momentum_weak,,,,,,,,,,,,,,,,,,,,,,,,,,,
14923539,2026-10-01 12:19:34,sim13,001360,,skip,theme_momentum_weak,,,,,,,,,,,,,,,,,,,,,,,,,,,
14923539,2026-10-01 12:19:34,sim13,003160,,skip,no_frgn_support,,,,,,,,,,,,,,,,,,,,,,,,,,,
14923539,2026-10-01 12:19:34,sim13,001820,,skip,adx_weak,,,,38.26173826173826,,,,,,,,,,,,,,,,,,,,,,,
14923539,2026-10-01 12:19:34,sim13,093050,,skip,theme_momentum_weak,,,,,,,,,,,,,,,,,,,,,,,,,,,
14923539,2026-10-01 12:19:34,sim13,004710,,skip,no_frgn_support,,,,,,,,,,,,,,,,,,,,,,,,,,,
14923539,2026-10-01 12:19:34,sim13,353200,,skip,adx_weak,,,,28.26086956521739,,,,,,,,,,,,,,,,,,,,,,,
14923539,2026-10-01 12:19:34,sim13,004105,,skip,no_frgn_support,,,,,,,,,,,,,,,,,,,,,,,,,,,
14923539,2026-10-01 12:19:34,sim13,079550,,skip,theme_momentum_weak,,,,,,,,,,,,,,,,,,,,,,,,,,,
14923539,2026-10-01 12:19:34,sim13,0126Z0,,skip,theme_momentum_weak,,,,,,,,,,,,,,,,,,,,,,,,,,,
14923539,2026-10-01 12:19:34,sim13,077500,,skip,held_or_cooldown,,,,,,,,,,,,,,,,,,,,,,,,,,,
14923539,2026-10-01 12:19:34,sim13,317450,,skip,theme_momentum_weak,,,,,,,,,,,,,,,,,,,,,,,,,,,
14923539,2026-10-01 12:19:34,sim13,012030,,skip,adx_weak,,,,35.77142857142857,,,,,,,,,,,,,,,,,,,,,,,
14923539,2026-10-01 12:19:34,sim13,002870,,skip,theme_momentum_weak,,,,,,,,,,,,,,,,,,,,,,,,,,,
14923539,2026-10-01 12:19:34,sim13,460860,,skip,theme_momentum_weak,,,,,,,,,,,,,,,,,,,,,,,,,,,
14923539,2026-10-01 12:19:34,sim13,109070,,skip,amount_not_surprised,,,,,,,,,,,,,,,,,,,,,,,,,,,
14923539,2026-10-01 12:19:34,sim13,078520,,skip,theme_momentum_weak,,,,,,,,,,,,,,,,,,,,,,,,,,,
14923539,2026-10-01 12:19:34,sim13,480370,,skip,adx_weak,,,,25.87601078167116,,,,,,,,,,,,,,,,,,,,,,,
14923539,2026-10-01 12:19:34,sim13,272210,,skip,theme_momentum_weak,,,,,,,,,,,,,,,,,,,,,,,,,,,
14923539,2026-10-01 12:19:34,sim13,005850,,skip,theme_momentum_weak,,,,,,,,,,,,,,,,,,,,,,,,,,,
14923539,2026-10-01 12:19:34,sim13,000760,,skip,theme_momentum_weak,,,,,,,,,,,,,,,,,,,,,,,,,,,
14923539,2026-10-01 12:19:34,sim13,015590,,skip,amount_not_surprised,,,,,,,,,,,,,,,,,,,,,,,,,,,
14923539,2026-10-01 12:19:34,sim13,011930,,skip,theme_momentum_weak,,,,,,,,,,,,,,,,,,,,,,,,,,,
14923539,2026-10-01 12:19:34,sim13,005030,,skip,theme_momentum_weak,,,,,,,,,,,,,,,,,,,,,,,,,,,
14923540,2026-10-01 12:21:42,sim13,084010,,skip,theme_momentum_weak,,,,,,,,,,,,,,,,,,,,,,,,,,,
14923540,2026-10-01 12:21:42,sim13,192650,,skip,no_frgn_support,,,,,,,,,,,,,,,,,,,,,,,,,,,
14923540,2026-10-01 12:21:42,sim13,036570,,skip,theme_momentum_weak,,,,,,,,,,,,,,,,,,,,,,,,,,,
14923540,2026-10-01 12:21:42,sim13,023150,,skip,theme_momentum_weak,,,,,,,,,,,,,,,,,,,,,,,,,,,
14923540,2026-10-01 12:21:42,sim13,248070,,skip,theme_momentum_weak,,,,,,,,,,,,,,,,,,,,,,,,,,,
14923540,2026-10-01 12:21:42,sim13,003350,,skip,theme_momentum_weak,,,,,,,,,,,,,,,,,,,,,,,,,,,
14923540,2026-10-01 12:21:42,sim13,009420,,skip,theme_momentum_weak,,,,,,,,,,,,,,,,,,,,,,,,,,,
14923540,2026-10-01 12:21:42,sim13,003160,,skip,no_frgn_support,,,,,,,,,,,,,,,,,,,,,,,,,,,
14923540,2026-10-01 12:21:42,sim13,093050,,skip,theme_momentum_weak,,,,,,,,,,,,,,,,,,,,,,,,,,,
14923540,2026-10-01 12:21:42,sim13,001360,,skip,theme_momentum_weak,,,,,,,,,,,,,,,,,,,,,,,,,,,
14923540,2026-10-01 12:21:42,sim13,001820,,skip,adx_weak,,,,38.26173826173826,,,,,,,,,,,,,,,,,,,,,,,
14923540,2026-10-01 12:21:42,sim13,079550,,skip,theme_momentum_weak,,,,,,,,,,,,,,,,,,,,,,,,,,,
14923540,2026-10-01 12:21:42,sim13,0126Z0,,skip,theme_momentum_weak,,,,,,,,,,,,,,,,,,,,,,,,,,,
14923540,2026-10-01 12:21:42,sim13,004105,,skip,no_frgn_support,,,,,,,,,,,,,,,,,,,,,,,,,,,
14923540,2026-10-01 12:21:42,sim13,317450,,skip,theme_momentum_weak,,,,,,,,,,,,,,,,,,,,,,,,,,,
14923540,2026-10-01 12:21:42,sim13,004710,,skip,no_frgn_support,,,,,,,,,,,,,,,,,,,,,,,,,,,
14923540,2026-10-01 12:21:42,sim13,077500,,skip,held_or_cooldown,,,,,,,,,,,,,,,,,,,,,,,,,,,
14923540,2026-10-01 12:21:42,sim13,353200,,skip,adx_weak,,,,28.26086956521739,,,,,,,,,,,,,,,,,,,,,,,
14923540,2026-10-01 12:21:42,sim13,012030,,skip,adx_weak,,,,35.77142857142857,,,,,,,,,,,,,,,,,,,,,,,
14923540,2026-10-01 12:21:42,sim13,109070,,skip,amount_not_surprised,,,,,,,,,,,,,,,,,,,,,,,,,,,
14923540,2026-10-01 12:21:42,sim13,002870,,skip,theme_momentum_weak,,,,,,,,,,,,,,,,,,,,,,,,,,,
14923540,2026-10-01 12:21:42,sim13,480370,,skip,adx_weak,,,,25.87601078167116,,,,,,,,,,,,,,,,,,,,,,,
14923540,2026-10-01 12:21:42,sim13,078520,,skip,theme_momentum_weak,,,,,,,,,,,,,,,,,,,,,,,,,,,
14923540,2026-10-01 12:21:42,sim13,272210,,skip,theme_momentum_weak,,,,,,,,,,,,,,,,,,,,,,,,,,,
14923540,2026-10-01 12:21:42,sim13,460860,,skip,theme_momentum_weak,,,,,,,,,,,,,,,,,,,,,,,,,,,
14923540,2026-10-01 12:21:42,sim13,000760,,skip,theme_momentum_weak,,,,,,,,,,,,,,,,,,,,,,,,,,,
14923540,2026-10-01 12:21:42,sim13,005850,,skip,theme_momentum_weak,,,,,,,,,,,,,,,,,,,,,,,,,,,
14923540,2026-10-01 12:21:42,sim13,011930,,skip,theme_momentum_weak,,,,,,,,,,,,,,,,,,,,,,,,,,,
14923540,2026-10-01 12:21:42,sim13,015590,,skip,amount_not_surprised,,,,,,,,,,,,,,,,,,,,,,,,,,,
14923540,2026-10-01 12:21:42,sim13,012200,,skip,theme_momentum_weak,,,,,,,,,,,,,,,,,,,,,,,,,,,
14923541,2026-10-01 12:23:47,sim13,084010,,skip,theme_momentum_weak,,,,,,,,,,,,,,,,,,,,,,,,,,,
14923541,2026-10-01 12:23:47,sim13,192650,,skip,no_frgn_support,,,,,,,,,,,,,,,,,,,,,,,,,,,
14923541,2026-10-01 12:23:47,sim13,036570,,skip,theme_momentum_weak,,,,,,,,,,,,,,,,,,,,,,,,,,,
14923541,2026-10-01 12:23:47,sim13,023150,,skip,theme_momentum_weak,,,,,,,,,,,,,,,,,,,,,,,,,,,
14923541,2026-10-01 12:23:47,sim13,248070,,skip,theme_momentum_weak,,,,,,,,,,,,,,,,,,,,,,,,,,,
14923541,2026-10-01 12:23:47,sim13,001820,,skip,adx_weak,,,,38.26173826173826,,,,,,,,,,,,,,,,,,,,,,,
14923541,2026-10-01 12:23:47,sim13,009420,,skip,theme_momentum_weak,,,,,,,,,,,,,,,,,,,,,,,,,,,
14923541,2026-10-01 12:23:47,sim13,003350,,skip,theme_momentum_weak,,,,,,,,,,,,,,,,,,,,,,,,,,,
14923541,2026-10-01 12:23:47,sim13,003160,,skip,no_frgn_support,,,,,,,,,,,,,,,,,,,,,,,,,,,
14923541,2026-10-01 12:23:47,sim13,001360,,skip,theme_momentum_weak,,,,,,,,,,,,,,,,,,,,,,,,,,,
14923541,2026-10-01 12:23:47,sim13,093050,,skip,theme_momentum_weak,,,,,,,,,,,,,,,,,,,,,,,,,,,
14923541,2026-10-01 12:23:47,sim13,004105,,skip,no_frgn_support,,,,,,,,,,,,,,,,,,,,,,,,,,,
14923541,2026-10-01 12:23:47,sim13,0126Z0,,skip,theme_momentum_weak,,,,,,,,,,,,,,,,,,,,,,,,,,,
14923541,2026-10-01 12:23:47,sim13,317450,,skip,theme_momentum_weak,,,,,,,,,,,,,,,,,,,,,,,,,,,
14923541,2026-10-01 12:23:47,sim13,077500,,skip,held_or_cooldown,,,,,,,,,,,,,,,,,,,,,,,,,,,
14923541,2026-10-01 12:23:47,sim13,079550,,skip,theme_momentum_weak,,,,,,,,,,,,,,,,,,,,,,,,,,,
14923541,2026-10-01 12:23:47,sim13,012030,,skip,adx_weak,,,,35.77142857142857,,,,,,,,,,,,,,,,,,,,,,,
14923541,2026-10-01 12:23:47,sim13,353200,,skip,adx_weak,,,,28.26086956521739,,,,,,,,,,,,,,,,,,,,,,,
14923541,2026-10-01 12:23:47,sim13,109070,,skip,amount_not_surprised,,,,,,,,,,,,,,,,,,,,,,,,,,,
14923541,2026-10-01 12:23:47,sim13,002870,,skip,theme_momentum_weak,,,,,,,,,,,,,,,,,,,,,,,,,,,
14923541,2026-10-01 12:23:47,sim13,004710,,skip,no_frgn_support,,,,,,,,,,,,,,,,,,,,,,,,,,,
14923541,2026-10-01 12:23:47,sim13,480370,,skip,adx_weak,,,,25.87601078167116,,,,,,,,,,,,,,,,,,,,,,,
14923541,2026-10-01 12:23:47,sim13,078520,,skip,theme_momentum_weak,,,,,,,,,,,,,,,,,,,,,,,,,,,
14923541,2026-10-01 12:23:47,sim13,460860,,skip,theme_momentum_weak,,,,,,,,,,,,,,,,,,,,,,,,,,,
14923541,2026-10-01 12:23:47,sim13,272210,,skip,theme_momentum_weak,,,,,,,,,,,,,,,,,,,,,,,,,,,
14923541,2026-10-01 12:23:47,sim13,000760,,skip,theme_momentum_weak,,,,,,,,,,,,,,,,,,,,,,,,,,,
14923541,2026-10-01 12:23:47,sim13,005850,,skip,theme_momentum_weak,,,,,,,,,,,,,,,,,,,,,,,,,,,
14923541,2026-10-01 12:23:47,sim13,006280,,skip,theme_momentum_weak,,,,,,,,,,,,,,,,,,,,,,,,,,,
14923541,2026-10-01 12:23:47,sim13,011930,,skip,theme_momentum_weak,,,,,,,,,,,,,,,,,,,,,,,,,,,
14923541,2026-10-01 12:23:47,sim13,012200,,skip,theme_momentum_weak,,,,,,,,,,,,,,,,,,,,,,,,,,,
14923542,2026-10-01 12:25:53,sim13,084010,,skip,theme_momentum_weak,,,,,,,,,,,,,,,,,,,,,,,,,,,
14923542,2026-10-01 12:25:53,sim13,192650,,skip,no_frgn_support,,,,,,,,,,,,,,,,,,,,,,,,,,,
14923542,2026-10-01 12:25:53,sim13,036570,,skip,theme_momentum_weak,,,,,,,,,,,,,,,,,,,,,,,,,,,
14923542,2026-10-01 12:25:53,sim13,023150,,skip,theme_momentum_weak,,,,,,,,,,,,,,,,,,,,,,,,,,,
14923542,2026-10-01 12:25:53,sim13,003350,,skip,theme_momentum_weak,,,,,,,,,,,,,,,,,,,,,,,,,,,
14923542,2026-10-01 12:25:53,sim13,001820,,skip,adx_weak,,,,38.26173826173826,,,,,,,,,,,,,,,,,,,,,,,
14923542,2026-10-01 12:25:53,sim13,248070,,skip,theme_momentum_weak,,,,,,,,,,,,,,,,,,,,,,,,,,,
14923542,2026-10-01 12:25:53,sim13,009420,,skip,theme_momentum_weak,,,,,,,,,,,,,,,,,,,,,,,,,,,
14923542,2026-10-01 12:25:53,sim13,003160,,skip,no_frgn_support,,,,,,,,,,,,,,,,,,,,,,,,,,,
14923542,2026-10-01 12:25:53,sim13,001360,,skip,theme_momentum_weak,,,,,,,,,,,,,,,,,,,,,,,,,,,
14923542,2026-10-01 12:25:53,sim13,004710,,skip,no_frgn_support,,,,,,,,,,,,,,,,,,,,,,,,,,,
14923542,2026-10-01 12:25:53,sim13,093050,,skip,theme_momentum_weak,,,,,,,,,,,,,,,,,,,,,,,,,,,
14923542,2026-10-01 12:25:53,sim13,317450,,skip,theme_momentum_weak,,,,,,,,,,,,,,,,,,,,,,,,,,,
14923542,2026-10-01 12:25:53,sim13,004105,,skip,no_frgn_support,,,,,,,,,,,,,,,,,,,,,,,,,,,
14923542,2026-10-01 12:25:53,sim13,353200,,skip,adx_weak,,,,28.26086956521739,,,,,,,,,,,,,,,,,,,,,,,
14923542,2026-10-01 12:25:53,sim13,0126Z0,,skip,theme_momentum_weak,,,,,,,,,,,,,,,,,,,,,,,,,,,
14923542,2026-10-01 12:25:53,sim13,077500,,skip,held_or_cooldown,,,,,,,,,,,,,,,,,,,,,,,,,,,
14923542,2026-10-01 12:25:53,sim13,079550,,skip,theme_momentum_weak,,,,,,,,,,,,,,,,,,,,,,,,,,,
14923542,2026-10-01 12:25:53,sim13,012030,,skip,adx_weak,,,,35.77142857142857,,,,,,,,,,,,,,,,,,,,,,,
14923542,2026-10-01 12:25:53,sim13,109070,,skip,amount_not_surprised,,,,,,,,,,,,,,,,,,,,,,,,,,,
14923542,2026-10-01 12:25:53,sim13,480370,,skip,adx_weak,,,,25.87601078167116,,,,,,,,,,,,,,,,,,,,,,,
14923542,2026-10-01 12:25:53,sim13,078520,,skip,theme_momentum_weak,,,,,,,,,,,,,,,,,,,,,,,,,,,
14923542,2026-10-01 12:25:53,sim13,011690,,skip,theme_momentum_weak,,,,,,,,,,,,,,,,,,,,,,,,,,,
14923542,2026-10-01 12:25:53,sim13,002870,,skip,theme_momentum_weak,,,,,,,,,,,,,,,,,,,,,,,,,,,
14923542,2026-10-01 12:25:53,sim13,460860,,skip,theme_momentum_weak,,,,,,,,,,,,,,,,,,,,,,,,,,,
14923542,2026-10-01 12:25:53,sim13,272210,,skip,theme_momentum_weak,,,,,,,,,,,,,,,,,,,,,,,,,,,
14923542,2026-10-01 12:25:53,sim13,055490,,skip,theme_momentum_weak,,,,,,,,,,,,,,,,,,,,,,,,,,,
14923542,2026-10-01 12:25:53,sim13,000760,,skip,theme_momentum_weak,,,,,,,,,,,,,,,,,,,,,,,,,,,
14923542,2026-10-01 12:25:53,sim13,005850,,skip,theme_momentum_weak,,,,,,,,,,,,,,,,,,,,,,,,,,,
14923542,2026-10-01 12:25:53,sim13,015590,,skip,amount_not_surprised,,,,,,,,,,,,,,,,,,,,,,,,,,,
14923543,2026-10-01 12:27:58,sim13,084010,,skip,theme_momentum_weak,,,,,,,,,,,,,,,,,,,,,,,,,,,
14923543,2026-10-01 12:27:58,sim13,192650,,skip,no_frgn_support,,,,,,,,,,,,,,,,,,,,,,,,,,,
14923543,2026-10-01 12:27:58,sim13,036570,,skip,theme_momentum_weak,,,,,,,,,,,,,,,,,,,,,,,,,,,
14923543,2026-10-01 12:27:58,sim13,023150,,skip,theme_momentum_weak,,,,,,,,,,,,,,,,,,,,,,,,,,,
14923543,2026-10-01 12:27:58,sim13,248070,,skip,theme_momentum_weak,,,,,,,,,,,,,,,,,,,,,,,,,,,
14923543,2026-10-01 12:27:58,sim13,001820,,skip,adx_weak,,,,38.26173826173826,,,,,,,,,,,,,,,,,,,,,,,
14923543,2026-10-01 12:27:58,sim13,003350,,skip,theme_momentum_weak,,,,,,,,,,,,,,,,,,,,,,,,,,,
14923543,2026-10-01 12:27:58,sim13,004710,,skip,no_frgn_support,,,,,,,,,,,,,,,,,,,,,,,,,,,
14923543,2026-10-01 12:27:58,sim13,009420,,skip,theme_momentum_weak,,,,,,,,,,,,,,,,,,,,,,,,,,,
14923543,2026-10-01 12:27:58,sim13,001360,,skip,theme_momentum_weak,,,,,,,,,,,,,,,,,,,,,,,,,,,
14923543,2026-10-01 12:27:58,sim13,003160,,skip,no_frgn_support,,,,,,,,,,,,,,,,,,,,,,,,,,,
14923543,2026-10-01 12:27:58,sim13,093050,,skip,theme_momentum_weak,,,,,,,,,,,,,,,,,,,,,,,,,,,
14923543,2026-10-01 12:27:58,sim13,317450,,skip,theme_momentum_weak,,,,,,,,,,,,,,,,,,,,,,,,,,,
14923543,2026-10-01 12:27:58,sim13,004105,,skip,no_frgn_support,,,,,,,,,,,,,,,,,,,,,,,,,,,
14923543,2026-10-01 12:27:58,sim13,0126Z0,,skip,theme_momentum_weak,,,,,,,,,,,,,,,,,,,,,,,,,,,
14923543,2026-10-01 12:27:58,sim13,011690,,skip,theme_momentum_weak,,,,,,,,,,,,,,,,,,,,,,,,,,,
14923543,2026-10-01 12:27:58,sim13,353200,,skip,adx_weak,,,,28.26086956521739,,,,,,,,,,,,,,,,,,,,,,,
14923543,2026-10-01 12:27:58,sim13,079550,,skip,theme_momentum_weak,,,,,,,,,,,,,,,,,,,,,,,,,,,
14923543,2026-10-01 12:27:58,sim13,077500,,skip,held_or_cooldown,,,,,,,,,,,,,,,,,,,,,,,,,,,
14923543,2026-10-01 12:27:58,sim13,012030,,skip,adx_weak,,,,35.77142857142857,,,,,,,,,,,,,,,,,,,,,,,
14923543,2026-10-01 12:27:58,sim13,109070,,skip,amount_not_surprised,,,,,,,,,,,,,,,,,,,,,,,,,,,
14923543,2026-10-01 12:27:58,sim13,480370,,skip,adx_weak,,,,25.87601078167116,,,,,,,,,,,,,,,,,,,,,,,
14923543,2026-10-01 12:27:58,sim13,078520,,skip,theme_momentum_weak,,,,,,,,,,,,,,,,,,,,,,,,,,,
14923543,2026-10-01 12:27:58,sim13,002870,,skip,theme_momentum_weak,,,,,,,,,,,,,,,,,,,,,,,,,,,
14923543,2026-10-01 12:27:58,sim13,055490,,skip,theme_momentum_weak,,,,,,,,,,,,,,,,,,,,,,,,,,,
14923543,2026-10-01 12:27:58,sim13,460860,,skip,theme_momentum_weak,,,,,,,,,,,,,,,,,,,,,,,,,,,
14923543,2026-10-01 12:27:58,sim13,272210,,skip,theme_momentum_weak,,,,,,,,,,,,,,,,,,,,,,,,,,,
14923543,2026-10-01 12:27:58,sim13,000760,,skip,theme_momentum_weak,,,,,,,,,,,,,,,,,,,,,,,,,,,
14923543,2026-10-01 12:27:58,sim13,005850,,skip,theme_momentum_weak,,,,,,,,,,,,,,,,,,,,,,,,,,,
14923543,2026-10-01 12:27:58,sim13,006280,,skip,theme_momentum_weak,,,,,,,,,,,,,,,,,,,,,,,,,,,
14923544,2026-10-01 12:30:07,sim13,084010,,skip,theme_momentum_weak,,,,,,,,,,,,,,,,,,,,,,,,,,,
14923544,2026-10-01 12:30:07,sim13,192650,,skip,no_frgn_support,,,,,,,,,,,,,,,,,,,,,,,,,,,
14923544,2026-10-01 12:30:07,sim13,036570,,skip,theme_momentum_weak,,,,,,,,,,,,,,,,,,,,,,,,,,,
14923544,2026-10-01 12:30:07,sim13,023150,,skip,theme_momentum_weak,,,,,,,,,,,,,,,,,,,,,,,,,,,
14923544,2026-10-01 12:30:07,sim13,003350,,skip,theme_momentum_weak,,,,,,,,,,,,,,,,,,,,,,,,,,,
14923544,2026-10-01 12:30:07,sim13,001820,,skip,adx_weak,,,,38.26173826173826,,,,,,,,,,,,,,,,,,,,,,,
14923544,2026-10-01 12:30:07,sim13,248070,,skip,theme_momentum_weak,,,,,,,,,,,,,,,,,,,,,,,,,,,
14923544,2026-10-01 12:30:07,sim13,009420,,skip,theme_momentum_weak,,,,,,,,,,,,,,,,,,,,,,,,,,,
14923544,2026-10-01 12:30:07,sim13,004710,,skip,no_frgn_support,,,,,,,,,,,,,,,,,,,,,,,,,,,
14923544,2026-10-01 12:30:07,sim13,093050,,skip,theme_momentum_weak,,,,,,,,,,,,,,,,,,,,,,,,,,,
14923544,2026-10-01 12:30:07,sim13,003160,,skip,no_frgn_support,,,,,,,,,,,,,,,,,,,,,,,,,,,
14923544,2026-10-01 12:30:07,sim13,001360,,skip,theme_momentum_weak,,,,,,,,,,,,,,,,,,,,,,,,,,,
14923544,2026-10-01 12:30:07,sim13,480370,,skip,adx_weak,,,,25.87601078167116,,,,,,,,,,,,,,,,,,,,,,,
14923544,2026-10-01 12:30:07,sim13,317450,,skip,theme_momentum_weak,,,,,,,,,,,,,,,,,,,,,,,,,,,
14923544,2026-10-01 12:30:07,sim13,004105,,skip,no_frgn_support,,,,,,,,,,,,,,,,,,,,,,,,,,,
14923544,2026-10-01 12:30:07,sim13,0126Z0,,skip,theme_momentum_weak,,,,,,,,,,,,,,,,,,,,,,,,,,,
14923544,2026-10-01 12:30:07,sim13,353200,,skip,adx_weak,,,,28.26086956521739,,,,,,,,,,,,,,,,,,,,,,,
14923544,2026-10-01 12:30:07,sim13,079550,,skip,theme_momentum_weak,,,,,,,,,,,,,,,,,,,,,,,,,,,
14923544,2026-10-01 12:30:07,sim13,012030,,skip,adx_weak,,,,35.77142857142857,,,,,,,,,,,,,,,,,,,,,,,
14923544,2026-10-01 12:30:07,sim13,077500,,skip,held_or_cooldown,,,,,,,,,,,,,,,,,,,,,,,,,,,
14923544,2026-10-01 12:30:07,sim13,109070,,skip,amount_not_surprised,,,,,,,,,,,,,,,,,,,,,,,,,,,
14923544,2026-10-01 12:30:07,sim13,011690,,skip,theme_momentum_weak,,,,,,,,,,,,,,,,,,,,,,,,,,,
14923544,2026-10-01 12:30:07,sim13,015590,,skip,amount_not_surprised,,,,,,,,,,,,,,,,,,,,,,,,,,,
14923544,2026-10-01 12:30:07,sim13,078520,,skip,theme_momentum_weak,,,,,,,,,,,,,,,,,,,,,,,,,,,
14923544,2026-10-01 12:30:07,sim13,002870,,skip,theme_momentum_weak,,,,,,,,,,,,,,,,,,,,,,,,,,,
14923544,2026-10-01 12:30:07,sim13,055490,,skip,theme_momentum_weak,,,,,,,,,,,,,,,,,,,,,,,,,,,
14923544,2026-10-01 12:30:07,sim13,272210,,skip,theme_momentum_weak,,,,,,,,,,,,,,,,,,,,,,,,,,,
14923544,2026-10-01 12:30:07,sim13,000760,,skip,theme_momentum_weak,,,,,,,,,,,,,,,,,,,,,,,,,,,
14923544,2026-10-01 12:30:07,sim13,005850,,skip,theme_momentum_weak,,,,,,,,,,,,,,,,,,,,,,,,,,,
14923544,2026-10-01 12:30:07,sim13,460860,,skip,theme_momentum_weak,,,,,,,,,,,,,,,,,,,,,,,,,,,
14923545,2026-10-01 12:32:22,sim13,084010,,skip,theme_momentum_weak,,,,,,,,,,,,,,,,,,,,,,,,,,,
14923545,2026-10-01 12:32:22,sim13,192650,,skip,no_frgn_support,,,,,,,,,,,,,,,,,,,,,,,,,,,
14923545,2026-10-01 12:32:22,sim13,036570,,skip,theme_momentum_weak,,,,,,,,,,,,,,,,,,,,,,,,,,,
14923545,2026-10-01 12:32:22,sim13,003350,,skip,theme_momentum_weak,,,,,,,,,,,,,,,,,,,,,,,,,,,
14923545,2026-10-01 12:32:22,sim13,248070,,skip,theme_momentum_weak,,,,,,,,,,,,,,,,,,,,,,,,,,,
14923545,2026-10-01 12:32:22,sim13,001820,,skip,adx_weak,,,,38.26173826173826,,,,,,,,,,,,,,,,,,,,,,,
14923545,2026-10-01 12:32:22,sim13,001360,,skip,theme_momentum_weak,,,,,,,,,,,,,,,,,,,,,,,,,,,
14923545,2026-10-01 12:32:22,sim13,023150,,skip,theme_momentum_weak,,,,,,,,,,,,,,,,,,,,,,,,,,,
14923545,2026-10-01 12:32:22,sim13,009420,,skip,theme_momentum_weak,,,,,,,,,,,,,,,,,,,,,,,,,,,
14923545,2026-10-01 12:32:22,sim13,004105,,skip,no_frgn_support,,,,,,,,,,,,,,,,,,,,,,,,,,,
14923545,2026-10-01 12:32:22,sim13,003160,,skip,no_frgn_support,,,,,,,,,,,,,,,,,,,,,,,,,,,
14923545,2026-10-01 12:32:22,sim13,093050,,skip,theme_momentum_weak,,,,,,,,,,,,,,,,,,,,,,,,,,,
14923545,2026-10-01 12:32:22,sim13,0126Z0,,skip,theme_momentum_weak,,,,,,,,,,,,,,,,,,,,,,,,,,,
14923545,2026-10-01 12:32:22,sim13,317450,,skip,theme_momentum_weak,,,,,,,,,,,,,,,,,,,,,,,,,,,
14923545,2026-10-01 12:32:22,sim13,480370,,skip,adx_weak,,,,25.87601078167116,,,,,,,,,,,,,,,,,,,,,,,
14923545,2026-10-01 12:32:22,sim13,004710,,skip,no_frgn_support,,,,,,,,,,,,,,,,,,,,,,,,,,,
14923545,2026-10-01 12:32:22,sim13,353200,,skip,adx_weak,,,,28.26086956521739,,,,,,,,,,,,,,,,,,,,,,,
14923545,2026-10-01 12:32:22,sim13,079550,,skip,theme_momentum_weak,,,,,,,,,,,,,,,,,,,,,,,,,,,
14923545,2026-10-01 12:32:22,sim13,077500,,skip,held_or_cooldown,,,,,,,,,,,,,,,,,,,,,,,,,,,
14923545,2026-10-01 12:32:22,sim13,012030,,skip,adx_weak,,,,35.77142857142857,,,,,,,,,,,,,,,,,,,,,,,
14923545,2026-10-01 12:32:22,sim13,109070,,skip,amount_not_surprised,,,,,,,,,,,,,,,,,,,,,,,,,,,
14923545,2026-10-01 12:32:22,sim13,011690,,skip,theme_momentum_weak,,,,,,,,,,,,,,,,,,,,,,,,,,,
14923545,2026-10-01 12:32:22,sim13,015590,,skip,amount_not_surprised,,,,,,,,,,,,,,,,,,,,,,,,,,,
14923545,2026-10-01 12:32:22,sim13,078520,,skip,theme_momentum_weak,,,,,,,,,,,,,,,,,,,,,,,,,,,
14923545,2026-10-01 12:32:22,sim13,002870,,skip,theme_momentum_weak,,,,,,,,,,,,,,,,,,,,,,,,,,,
14923545,2026-10-01 12:32:22,sim13,460860,,skip,theme_momentum_weak,,,,,,,,,,,,,,,,,,,,,,,,,,,
14923545,2026-10-01 12:32:22,sim13,055490,,skip,theme_momentum_weak,,,,,,,,,,,,,,,,,,,,,,,,,,,
14923545,2026-10-01 12:32:22,sim13,006280,,skip,theme_momentum_weak,,,,,,,,,,,,,,,,,,,,,,,,,,,
14923545,2026-10-01 12:32:22,sim13,272210,,skip,theme_momentum_weak,,,,,,,,,,,,,,,,,,,,,,,,,,,
14923545,2026-10-01 12:32:22,sim13,000760,,skip,theme_momentum_weak,,,,,,,,,,,,,,,,,,,,,,,,,,,
14923546,2026-10-01 12:34:31,sim13,084010,,skip,theme_momentum_weak,,,,,,,,,,,,,,,,,,,,,,,,,,,
14923546,2026-10-01 12:34:31,sim13,192650,,skip,no_frgn_support,,,,,,,,,,,,,,,,,,,,,,,,,,,
14923546,2026-10-01 12:34:31,sim13,036570,,skip,theme_momentum_weak,,,,,,,,,,,,,,,,,,,,,,,,,,,
14923546,2026-10-01 12:34:31,sim13,003350,,skip,theme_momentum_weak,,,,,,,,,,,,,,,,,,,,,,,,,,,
14923546,2026-10-01 12:34:31,sim13,001820,,skip,adx_weak,,,,38.26173826173826,,,,,,,,,,,,,,,,,,,,,,,
14923546,2026-10-01 12:34:31,sim13,248070,,skip,theme_momentum_weak,,,,,,,,,,,,,,,,,,,,,,,,,,,
14923546,2026-10-01 12:34:31,sim13,001360,,skip,theme_momentum_weak,,,,,,,,,,,,,,,,,,,,,,,,,,,
14923546,2026-10-01 12:34:31,sim13,009420,,skip,theme_momentum_weak,,,,,,,,,,,,,,,,,,,,,,,,,,,
14923546,2026-10-01 12:34:31,sim13,004105,,skip,no_frgn_support,,,,,,,,,,,,,,,,,,,,,,,,,,,
14923546,2026-10-01 12:34:31,sim13,003160,,skip,no_frgn_support,,,,,,,,,,,,,,,,,,,,,,,,,,,
14923546,2026-10-01 12:34:31,sim13,004710,,skip,no_frgn_support,,,,,,,,,,,,,,,,,,,,,,,,,,,
14923546,2026-10-01 12:34:31,sim13,0126Z0,,skip,theme_momentum_weak,,,,,,,,,,,,,,,,,,,,,,,,,,,
14923546,2026-10-01 12:34:31,sim13,079550,,skip,theme_momentum_weak,,,,,,,,,,,,,,,,,,,,,,,,,,,
14923546,2026-10-01 12:34:31,sim13,353200,,skip,adx_weak,,,,28.26086956521739,,,,,,,,,,,,,,,,,,,,,,,
14923546,2026-10-01 12:34:31,sim13,317450,,skip,theme_momentum_weak,,,,,,,,,,,,,,,,,,,,,,,,,,,
14923546,2026-10-01 12:34:31,sim13,093050,,skip,theme_momentum_weak,,,,,,,,,,,,,,,,,,,,,,,,,,,
14923546,2026-10-01 12:34:31,sim13,023150,,skip,theme_momentum_weak,,,,,,,,,,,,,,,,,,,,,,,,,,,
14923546,2026-10-01 12:34:31,sim13,011690,,skip,theme_momentum_weak,,,,,,,,,,,,,,,,,,,,,,,,,,,
14923546,2026-10-01 12:34:31,sim13,077500,,skip,held_or_cooldown,,,,,,,,,,,,,,,,,,,,,,,,,,,
14923546,2026-10-01 12:34:31,sim13,012030,,skip,adx_weak,,,,35.77142857142857,,,,,,,,,,,,,,,,,,,,,,,
14923546,2026-10-01 12:34:31,sim13,109070,,skip,amount_not_surprised,,,,,,,,,,,,,,,,,,,,,,,,,,,
14923546,2026-10-01 12:34:31,sim13,015590,,skip,amount_not_surprised,,,,,,,,,,,,,,,,,,,,,,,,,,,
14923546,2026-10-01 12:34:31,sim13,480370,,skip,adx_weak,,,,25.87601078167116,,,,,,,,,,,,,,,,,,,,,,,
14923546,2026-10-01 12:34:31,sim13,272210,,skip,theme_momentum_weak,,,,,,,,,,,,,,,,,,,,,,,,,,,
14923546,2026-10-01 12:34:31,sim13,078520,,skip,theme_momentum_weak,,,,,,,,,,,,,,,,,,,,,,,,,,,
14923546,2026-10-01 12:34:31,sim13,002870,,skip,theme_momentum_weak,,,,,,,,,,,,,,,,,,,,,,,,,,,
14923546,2026-10-01 12:34:31,sim13,055490,,skip,theme_momentum_weak,,,,,,,,,,,,,,,,,,,,,,,,,,,
14923546,2026-10-01 12:34:31,sim13,006280,,skip,theme_momentum_weak,,,,,,,,,,,,,,,,,,,,,,,,,,,
14923546,2026-10-01 12:34:31,sim13,000760,,skip,theme_momentum_weak,,,,,,,,,,,,,,,,,,,,,,,,,,,
14923546,2026-10-01 12:34:31,sim13,002240,,skip,theme_momentum_weak,,,,,,,,,,,,,,,,,,,,,,,,,,,
14923547,2026-10-01 12:36:41,sim13,084010,,skip,theme_momentum_weak,,,,,,,,,,,,,,,,,,,,,,,,,,,
14923547,2026-10-01 12:36:41,sim13,192650,,skip,no_frgn_support,,,,,,,,,,,,,,,,,,,,,,,,,,,
14923547,2026-10-01 12:36:41,sim13,036570,,skip,theme_momentum_weak,,,,,,,,,,,,,,,,,,,,,,,,,,,
14923547,2026-10-01 12:36:41,sim13,001820,,skip,adx_weak,,,,38.26173826173826,,,,,,,,,,,,,,,,,,,,,,,
14923547,2026-10-01 12:36:41,sim13,003350,,skip,theme_momentum_weak,,,,,,,,,,,,,,,,,,,,,,,,,,,
14923547,2026-10-01 12:36:41,sim13,248070,,skip,theme_momentum_weak,,,,,,,,,,,,,,,,,,,,,,,,,,,
14923547,2026-10-01 12:36:41,sim13,001360,,skip,theme_momentum_weak,,,,,,,,,,,,,,,,,,,,,,,,,,,
14923547,2026-10-01 12:36:41,sim13,004105,,skip,no_frgn_support,,,,,,,,,,,,,,,,,,,,,,,,,,,
14923547,2026-10-01 12:36:41,sim13,009420,,skip,theme_momentum_weak,,,,,,,,,,,,,,,,,,,,,,,,,,,
14923547,2026-10-01 12:36:41,sim13,003160,,skip,no_frgn_support,,,,,,,,,,,,,,,,,,,,,,,,,,,
14923547,2026-10-01 12:36:41,sim13,0126Z0,,skip,theme_momentum_weak,,,,,,,,,,,,,,,,,,,,,,,,,,,
14923547,2026-10-01 12:36:41,sim13,004710,,skip,no_frgn_support,,,,,,,,,,,,,,,,,,,,,,,,,,,
14923547,2026-10-01 12:36:41,sim13,093050,,skip,theme_momentum_weak,,,,,,,,,,,,,,,,,,,,,,,,,,,
14923547,2026-10-01 12:36:41,sim13,012030,,skip,adx_weak,,,,35.77142857142857,,,,,,,,,,,,,,,,,,,,,,,
14923547,2026-10-01 12:36:41,sim13,317450,,skip,theme_momentum_weak,,,,,,,,,,,,,,,,,,,,,,,,,,,
14923547,2026-10-01 12:36:41,sim13,079550,,skip,theme_momentum_weak,,,,,,,,,,,,,,,,,,,,,,,,,,,
14923547,2026-10-01 12:36:41,sim13,353200,,skip,adx_weak,,,,28.26086956521739,,,,,,,,,,,,,,,,,,,,,,,
14923547,2026-10-01 12:36:41,sim13,011690,,skip,theme_momentum_weak,,,,,,,,,,,,,,,,,,,,,,,,,,,
14923547,2026-10-01 12:36:41,sim13,109070,,skip,amount_not_surprised,,,,,,,,,,,,,,,,,,,,,,,,,,,
14923547,2026-10-01 12:36:41,sim13,077500,,skip,held_or_cooldown,,,,,,,,,,,,,,,,,,,,,,,,,,,
14923547,2026-10-01 12:36:41,sim13,023150,,skip,theme_momentum_weak,,,,,,,,,,,,,,,,,,,,,,,,,,,
14923547,2026-10-01 12:36:41,sim13,480370,,skip,adx_weak,,,,25.87601078167116,,,,,,,,,,,,,,,,,,,,,,,
14923547,2026-10-01 12:36:41,sim13,272210,,skip,theme_momentum_weak,,,,,,,,,,,,,,,,,,,,,,,,,,,
14923547,2026-10-01 12:36:41,sim13,015590,,skip,amount_not_surprised,,,,,,,,,,,,,,,,,,,,,,,,,,,
14923547,2026-10-01 12:36:41,sim13,002870,,skip,theme_momentum_weak,,,,,,,,,,,,,,,,,,,,,,,,,,,
14923547,2026-10-01 12:36:41,sim13,078520,,skip,theme_momentum_weak,,,,,,,,,,,,,,,,,,,,,,,,,,,
14923547,2026-10-01 12:36:41,sim13,000760,,skip,theme_momentum_weak,,,,,,,,,,,,,,,,,,,,,,,,,,,
14923547,2026-10-01 12:36:41,sim13,006280,,skip,theme_momentum_weak,,,,,,,,,,,,,,,,,,,,,,,,,,,
14923547,2026-10-01 12:36:41,sim13,005850,,skip,theme_momentum_weak,,,,,,,,,,,,,,,,,,,,,,,,,,,
14923547,2026-10-01 12:36:41,sim13,460860,,skip,theme_momentum_weak,,,,,,,,,,,,,,,,,,,,,,,,,,,
14923548,2026-10-01 12:38:44,sim13,084010,,skip,theme_momentum_weak,,,,,,,,,,,,,,,,,,,,,,,,,,,
14923548,2026-10-01 12:38:44,sim13,192650,,skip,no_frgn_support,,,,,,,,,,,,,,,,,,,,,,,,,,,
14923548,2026-10-01 12:38:44,sim13,036570,,skip,theme_momentum_weak,,,,,,,,,,,,,,,,,,,,,,,,,,,
14923548,2026-10-01 12:38:44,sim13,003350,,skip,theme_momentum_weak,,,,,,,,,,,,,,,,,,,,,,,,,,,
14923548,2026-10-01 12:38:44,sim13,248070,,skip,theme_momentum_weak,,,,,,,,,,,,,,,,,,,,,,,,,,,
14923548,2026-10-01 12:38:44,sim13,001820,,skip,adx_weak,,,,38.26173826173826,,,,,,,,,,,,,,,,,,,,,,,
14923548,2026-10-01 12:38:44,sim13,001360,,skip,theme_momentum_weak,,,,,,,,,,,,,,,,,,,,,,,,,,,
14923548,2026-10-01 12:38:44,sim13,009420,,skip,theme_momentum_weak,,,,,,,,,,,,,,,,,,,,,,,,,,,
14923548,2026-10-01 12:38:44,sim13,004105,,skip,no_frgn_support,,,,,,,,,,,,,,,,,,,,,,,,,,,
14923548,2026-10-01 12:38:44,sim13,0126Z0,,skip,theme_momentum_weak,,,,,,,,,,,,,,,,,,,,,,,,,,,
14923548,2026-10-01 12:38:44,sim13,003160,,skip,no_frgn_support,,,,,,,,,,,,,,,,,,,,,,,,,,,
14923548,2026-10-01 12:38:44,sim13,004710,,skip,no_frgn_support,,,,,,,,,,,,,,,,,,,,,,,,,,,
14923548,2026-10-01 12:38:44,sim13,012030,,skip,adx_weak,,,,35.77142857142857,,,,,,,,,,,,,,,,,,,,,,,
14923548,2026-10-01 12:38:44,sim13,317450,,skip,theme_momentum_weak,,,,,,,,,,,,,,,,,,,,,,,,,,,
14923548,2026-10-01 12:38:44,sim13,353200,,skip,adx_weak,,,,28.26086956521739,,,,,,,,,,,,,,,,,,,,,,,
14923548,2026-10-01 12:38:44,sim13,109070,,skip,amount_not_surprised,,,,,,,,,,,,,,,,,,,,,,,,,,,
14923548,2026-10-01 12:38:44,sim13,093050,,skip,theme_momentum_weak,,,,,,,,,,,,,,,,,,,,,,,,,,,
14923548,2026-10-01 12:38:44,sim13,011690,,skip,theme_momentum_weak,,,,,,,,,,,,,,,,,,,,,,,,,,,
14923548,2026-10-01 12:38:44,sim13,079550,,skip,theme_momentum_weak,,,,,,,,,,,,,,,,,,,,,,,,,,,
14923548,2026-10-01 12:38:44,sim13,077500,,skip,held_or_cooldown,,,,,,,,,,,,,,,,,,,,,,,,,,,
14923548,2026-10-01 12:38:44,sim13,480370,,skip,adx_weak,,,,25.87601078167116,,,,,,,,,,,,,,,,,,,,,,,
14923548,2026-10-01 12:38:44,sim13,272210,,skip,theme_momentum_weak,,,,,,,,,,,,,,,,,,,,,,,,,,,
14923548,2026-10-01 12:38:44,sim13,015590,,skip,amount_not_surprised,,,,,,,,,,,,,,,,,,,,,,,,,,,
14923548,2026-10-01 12:38:44,sim13,002870,,skip,theme_momentum_weak,,,,,,,,,,,,,,,,,,,,,,,,,,,
14923548,2026-10-01 12:38:44,sim13,078520,,skip,theme_momentum_weak,,,,,,,,,,,,,,,,,,,,,,,,,,,
14923548,2026-10-01 12:38:44,sim13,002240,,skip,theme_momentum_weak,,,,,,,,,,,,,,,,,,,,,,,,,,,
14923548,2026-10-01 12:38:44,sim13,023150,,skip,theme_momentum_weak,,,,,,,,,,,,,,,,,,,,,,,,,,,
14923548,2026-10-01 12:38:44,sim13,460860,,skip,theme_momentum_weak,,,,,,,,,,,,,,,,,,,,,,,,,,,
14923548,2026-10-01 12:38:44,sim13,000760,,skip,theme_momentum_weak,,,,,,,,,,,,,,,,,,,,,,,,,,,
14923548,2026-10-01 12:38:44,sim13,112610,,skip,theme_momentum_weak,,,,,,,,,,,,,,,,,,,,,,,,,,,
14923549,2026-10-01 12:40:49,sim13,084010,,skip,theme_momentum_weak,,,,,,,,,,,,,,,,,,,,,,,,,,,
14923549,2026-10-01 12:40:49,sim13,192650,,skip,no_frgn_support,,,,,,,,,,,,,,,,,,,,,,,,,,,
14923549,2026-10-01 12:40:49,sim13,036570,,skip,theme_momentum_weak,,,,,,,,,,,,,,,,,,,,,,,,,,,
14923549,2026-10-01 12:40:49,sim13,003350,,skip,theme_momentum_weak,,,,,,,,,,,,,,,,,,,,,,,,,,,
14923549,2026-10-01 12:40:49,sim13,248070,,skip,theme_momentum_weak,,,,,,,,,,,,,,,,,,,,,,,,,,,
14923549,2026-10-01 12:40:49,sim13,001360,,skip,theme_momentum_weak,,,,,,,,,,,,,,,,,,,,,,,,,,,
14923549,2026-10-01 12:40:49,sim13,004105,,skip,no_frgn_support,,,,,,,,,,,,,,,,,,,,,,,,,,,
14923549,2026-10-01 12:40:49,sim13,001820,,skip,adx_weak,,,,38.26173826173826,,,,,,,,,,,,,,,,,,,,,,,
14923549,2026-10-01 12:40:49,sim13,009420,,skip,theme_momentum_weak,,,,,,,,,,,,,,,,,,,,,,,,,,,
14923549,2026-10-01 12:40:49,sim13,004710,,skip,no_frgn_support,,,,,,,,,,,,,,,,,,,,,,,,,,,
14923549,2026-10-01 12:40:49,sim13,0126Z0,,skip,theme_momentum_weak,,,,,,,,,,,,,,,,,,,,,,,,,,,
14923549,2026-10-01 12:40:49,sim13,003160,,skip,no_frgn_support,,,,,,,,,,,,,,,,,,,,,,,,,,,
14923549,2026-10-01 12:40:49,sim13,353200,,skip,adx_weak,,,,28.26086956521739,,,,,,,,,,,,,,,,,,,,,,,
14923549,2026-10-01 12:40:49,sim13,109070,,skip,amount_not_surprised,,,,,,,,,,,,,,,,,,,,,,,,,,,
14923549,2026-10-01 12:40:49,sim13,079550,,skip,theme_momentum_weak,,,,,,,,,,,,,,,,,,,,,,,,,,,
14923549,2026-10-01 12:40:49,sim13,012030,,skip,adx_weak,,,,35.77142857142857,,,,,,,,,,,,,,,,,,,,,,,
14923549,2026-10-01 12:40:49,sim13,093050,,skip,theme_momentum_weak,,,,,,,,,,,,,,,,,,,,,,,,,,,
14923549,2026-10-01 12:40:49,sim13,317450,,skip,theme_momentum_weak,,,,,,,,,,,,,,,,,,,,,,,,,,,
14923549,2026-10-01 12:40:49,sim13,023150,,skip,theme_momentum_weak,,,,,,,,,,,,,,,,,,,,,,,,,,,
14923549,2026-10-01 12:40:49,sim13,011690,,skip,theme_momentum_weak,,,,,,,,,,,,,,,,,,,,,,,,,,,
14923549,2026-10-01 12:40:49,sim13,077500,,skip,held_or_cooldown,,,,,,,,,,,,,,,,,,,,,,,,,,,
14923549,2026-10-01 12:40:49,sim13,015590,,skip,amount_not_surprised,,,,,,,,,,,,,,,,,,,,,,,,,,,
14923549,2026-10-01 12:40:49,sim13,002870,,skip,theme_momentum_weak,,,,,,,,,,,,,,,,,,,,,,,,,,,
14923549,2026-10-01 12:40:49,sim13,078520,,skip,theme_momentum_weak,,,,,,,,,,,,,,,,,,,,,,,,,,,
14923549,2026-10-01 12:40:49,sim13,272210,,skip,theme_momentum_weak,,,,,,,,,,,,,,,,,,,,,,,,,,,
14923549,2026-10-01 12:40:49,sim13,480370,,skip,adx_weak,,,,25.87601078167116,,,,,,,,,,,,,,,,,,,,,,,
14923549,2026-10-01 12:40:49,sim13,002240,,skip,theme_momentum_weak,,,,,,,,,,,,,,,,,,,,,,,,,,,
14923549,2026-10-01 12:40:49,sim13,460860,,skip,theme_momentum_weak,,,,,,,,,,,,,,,,,,,,,,,,,,,
14923549,2026-10-01 12:40:49,sim13,000760,,skip,theme_momentum_weak,,,,,,,,,,,,,,,,,,,,,,,,,,,
14923549,2026-10-01 12:40:49,sim13,005850,,skip,theme_momentum_weak,,,,,,,,,,,,,,,,,,,,,,,,,,,
14923550,2026-10-01 12:43:00,sim13,084010,,skip,theme_momentum_weak,,,,,,,,,,,,,,,,,,,,,,,,,,,
14923550,2026-10-01 12:43:00,sim13,192650,,skip,no_frgn_support,,,,,,,,,,,,,,,,,,,,,,,,,,,
14923550,2026-10-01 12:43:00,sim13,036570,,skip,theme_momentum_weak,,,,,,,,,,,,,,,,,,,,,,,,,,,
14923550,2026-10-01 12:43:00,sim13,003350,,skip,theme_momentum_weak,,,,,,,,,,,,,,,,,,,,,,,,,,,
14923550,2026-10-01 12:43:00,sim13,248070,,skip,theme_momentum_weak,,,,,,,,,,,,,,,,,,,,,,,,,,,
14923550,2026-10-01 12:43:00,sim13,001820,,skip,adx_weak,,,,38.26173826173826,,,,,,,,,,,,,,,,,,,,,,,
14923550,2026-10-01 12:43:00,sim13,023150,,skip,theme_momentum_weak,,,,,,,,,,,,,,,,,,,,,,,,,,,
14923550,2026-10-01 12:43:00,sim13,004105,,skip,no_frgn_support,,,,,,,,,,,,,,,,,,,,,,,,,,,
14923550,2026-10-01 12:43:00,sim13,009420,,skip,theme_momentum_weak,,,,,,,,,,,,,,,,,,,,,,,,,,,
14923550,2026-10-01 12:43:00,sim13,001360,,skip,theme_momentum_weak,,,,,,,,,,,,,,,,,,,,,,,,,,,
14923550,2026-10-01 12:43:00,sim13,0126Z0,,skip,theme_momentum_weak,,,,,,,,,,,,,,,,,,,,,,,,,,,
14923550,2026-10-01 12:43:00,sim13,109070,,skip,amount_not_surprised,,,,,,,,,,,,,,,,,,,,,,,,,,,
14923550,2026-10-01 12:43:00,sim13,353200,,skip,adx_weak,,,,28.26086956521739,,,,,,,,,,,,,,,,,,,,,,,
14923550,2026-10-01 12:43:00,sim13,003160,,skip,no_frgn_support,,,,,,,,,,,,,,,,,,,,,,,,,,,
14923550,2026-10-01 12:43:00,sim13,079550,,skip,theme_momentum_weak,,,,,,,,,,,,,,,,,,,,,,,,,,,
14923550,2026-10-01 12:43:00,sim13,004710,,skip,no_frgn_support,,,,,,,,,,,,,,,,,,,,,,,,,,,
14923550,2026-10-01 12:43:00,sim13,317450,,skip,theme_momentum_weak,,,,,,,,,,,,,,,,,,,,,,,,,,,
14923550,2026-10-01 12:43:00,sim13,093050,,skip,theme_momentum_weak,,,,,,,,,,,,,,,,,,,,,,,,,,,
14923550,2026-10-01 12:43:00,sim13,012030,,skip,adx_weak,,,,35.77142857142857,,,,,,,,,,,,,,,,,,,,,,,
14923550,2026-10-01 12:43:00,sim13,011690,,skip,theme_momentum_weak,,,,,,,,,,,,,,,,,,,,,,,,,,,
14923550,2026-10-01 12:43:00,sim13,077500,,skip,held_or_cooldown,,,,,,,,,,,,,,,,,,,,,,,,,,,
14923550,2026-10-01 12:43:00,sim13,480370,,skip,adx_weak,,,,25.87601078167116,,,,,,,,,,,,,,,,,,,,,,,
14923550,2026-10-01 12:43:00,sim13,078520,,skip,theme_momentum_weak,,,,,,,,,,,,,,,,,,,,,,,,,,,
14923550,2026-10-01 12:43:00,sim13,272210,,skip,theme_momentum_weak,,,,,,,,,,,,,,,,,,,,,,,,,,,
14923550,2026-10-01 12:43:00,sim13,015590,,skip,amount_not_surprised,,,,,,,,,,,,,,,,,,,,,,,,,,,
14923550,2026-10-01 12:43:00,sim13,002870,,skip,theme_momentum_weak,,,,,,,,,,,,,,,,,,,,,,,,,,,
14923550,2026-10-01 12:43:00,sim13,002240,,skip,theme_momentum_weak,,,,,,,,,,,,,,,,,,,,,,,,,,,
14923550,2026-10-01 12:43:00,sim13,460860,,skip,theme_momentum_weak,,,,,,,,,,,,,,,,,,,,,,,,,,,
14923550,2026-10-01 12:43:00,sim13,005850,,skip,theme_momentum_weak,,,,,,,,,,,,,,,,,,,,,,,,,,,
14923550,2026-10-01 12:43:00,sim13,000760,,skip,theme_momentum_weak,,,,,,,,,,,,,,,,,,,,,,,,,,,
14923554,2026-10-01 12:49:09,sim13,084010,,skip,theme_momentum_weak,,,,,,,,,,,,,,,,,,,,,,,,,,,
14923554,2026-10-01 12:49:09,sim13,192650,,skip,no_frgn_support,,,,,,,,,,,,,,,,,,,,,,,,,,,
14923554,2026-10-01 12:49:09,sim13,036570,,skip,theme_momentum_weak,,,,,,,,,,,,,,,,,,,,,,,,,,,
14923554,2026-10-01 12:49:09,sim13,003350,,skip,theme_momentum_weak,,,,,,,,,,,,,,,,,,,,,,,,,,,
14923554,2026-10-01 12:49:09,sim13,248070,,skip,theme_momentum_weak,,,,,,,,,,,,,,,,,,,,,,,,,,,
14923554,2026-10-01 12:49:09,sim13,004105,,skip,no_frgn_support,,,,,,,,,,,,,,,,,,,,,,,,,,,
14923554,2026-10-01 12:49:09,sim13,001360,,skip,theme_momentum_weak,,,,,,,,,,,,,,,,,,,,,,,,,,,
14923554,2026-10-01 12:49:09,sim13,009420,,skip,theme_momentum_weak,,,,,,,,,,,,,,,,,,,,,,,,,,,
14923554,2026-10-01 12:49:09,sim13,001820,,skip,adx_weak,,,,38.26173826173826,,,,,,,,,,,,,,,,,,,,,,,
14923554,2026-10-01 12:49:09,sim13,023150,,skip,theme_momentum_weak,,,,,,,,,,,,,,,,,,,,,,,,,,,
14923554,2026-10-01 12:49:09,sim13,109070,,skip,amount_not_surprised,,,,,,,,,,,,,,,,,,,,,,,,,,,
14923554,2026-10-01 12:49:09,sim13,0126Z0,,skip,theme_momentum_weak,,,,,,,,,,,,,,,,,,,,,,,,,,,
14923554,2026-10-01 12:49:09,sim13,317450,,skip,theme_momentum_weak,,,,,,,,,,,,,,,,,,,,,,,,,,,
14923554,2026-10-01 12:49:09,sim13,003160,,skip,no_frgn_support,,,,,,,,,,,,,,,,,,,,,,,,,,,
14923554,2026-10-01 12:49:09,sim13,480370,,skip,adx_weak,,,,25.87601078167116,,,,,,,,,,,,,,,,,,,,,,,
14923554,2026-10-01 12:49:09,sim13,079550,,skip,theme_momentum_weak,,,,,,,,,,,,,,,,,,,,,,,,,,,
14923554,2026-10-01 12:49:09,sim13,004710,,skip,no_frgn_support,,,,,,,,,,,,,,,,,,,,,,,,,,,
14923554,2026-10-01 12:49:09,sim13,353200,,skip,adx_weak,,,,28.26086956521739,,,,,,,,,,,,,,,,,,,,,,,
14923554,2026-10-01 12:49:09,sim13,012030,,skip,adx_weak,,,,35.77142857142857,,,,,,,,,,,,,,,,,,,,,,,
14923554,2026-10-01 12:49:09,sim13,093050,,skip,theme_momentum_weak,,,,,,,,,,,,,,,,,,,,,,,,,,,
14923554,2026-10-01 12:49:09,sim13,077500,,skip,held_or_cooldown,,,,,,,,,,,,,,,,,,,,,,,,,,,
14923554,2026-10-01 12:49:09,sim13,272210,,skip,theme_momentum_weak,,,,,,,,,,,,,,,,,,,,,,,,,,,
14923554,2026-10-01 12:49:09,sim13,015590,,skip,amount_not_surprised,,,,,,,,,,,,,,,,,,,,,,,,,,,
14923554,2026-10-01 12:49:09,sim13,078520,,skip,theme_momentum_weak,,,,,,,,,,,,,,,,,,,,,,,,,,,
14923554,2026-10-01 12:49:09,sim13,002870,,skip,theme_momentum_weak,,,,,,,,,,,,,,,,,,,,,,,,,,,
14923554,2026-10-01 12:49:09,sim13,011690,,skip,theme_momentum_weak,,,,,,,,,,,,,,,,,,,,,,,,,,,
14923554,2026-10-01 12:49:09,sim13,460860,,skip,theme_momentum_weak,,,,,,,,,,,,,,,,,,,,,,,,,,,
14923554,2026-10-01 12:49:09,sim13,007660,,skip,theme_momentum_weak,,,,,,,,,,,,,,,,,,,,,,,,,,,
14923554,2026-10-01 12:49:09,sim13,000760,,skip,theme_momentum_weak,,,,,,,,,,,,,,,,,,,,,,,,,,,
14923554,2026-10-01 12:49:09,sim13,002240,,skip,theme_momentum_weak,,,,,,,,,,,,,,,,,,,,,,,,,,,
14923555,2026-10-01 12:51:20,sim13,084010,,skip,theme_momentum_weak,,,,,,,,,,,,,,,,,,,,,,,,,,,
14923555,2026-10-01 12:51:20,sim13,192650,,skip,no_frgn_support,,,,,,,,,,,,,,,,,,,,,,,,,,,
14923555,2026-10-01 12:51:20,sim13,003350,,skip,theme_momentum_weak,,,,,,,,,,,,,,,,,,,,,,,,,,,
14923555,2026-10-01 12:51:20,sim13,036570,,skip,theme_momentum_weak,,,,,,,,,,,,,,,,,,,,,,,,,,,
14923555,2026-10-01 12:51:20,sim13,248070,,skip,theme_momentum_weak,,,,,,,,,,,,,,,,,,,,,,,,,,,
14923555,2026-10-01 12:51:20,sim13,004105,,skip,no_frgn_support,,,,,,,,,,,,,,,,,,,,,,,,,,,
14923555,2026-10-01 12:51:20,sim13,009420,,skip,theme_momentum_weak,,,,,,,,,,,,,,,,,,,,,,,,,,,
14923555,2026-10-01 12:51:20,sim13,001360,,skip,theme_momentum_weak,,,,,,,,,,,,,,,,,,,,,,,,,,,
14923555,2026-10-01 12:51:20,sim13,001820,,skip,adx_weak,,,,38.26173826173826,,,,,,,,,,,,,,,,,,,,,,,
14923555,2026-10-01 12:51:20,sim13,023150,,skip,theme_momentum_weak,,,,,,,,,,,,,,,,,,,,,,,,,,,
14923555,2026-10-01 12:51:20,sim13,0126Z0,,skip,theme_momentum_weak,,,,,,,,,,,,,,,,,,,,,,,,,,,
14923555,2026-10-01 12:51:20,sim13,004710,,skip,no_frgn_support,,,,,,,,,,,,,,,,,,,,,,,,,,,
14923555,2026-10-01 12:51:20,sim13,109070,,skip,amount_not_surprised,,,,,,,,,,,,,,,,,,,,,,,,,,,
14923555,2026-10-01 12:51:20,sim13,317450,,skip,theme_momentum_weak,,,,,,,,,,,,,,,,,,,,,,,,,,,
14923555,2026-10-01 12:51:20,sim13,003160,,skip,no_frgn_support,,,,,,,,,,,,,,,,,,,,,,,,,,,
14923555,2026-10-01 12:51:20,sim13,353200,,skip,adx_weak,,,,28.26086956521739,,,,,,,,,,,,,,,,,,,,,,,
14923555,2026-10-01 12:51:20,sim13,079550,,skip,theme_momentum_weak,,,,,,,,,,,,,,,,,,,,,,,,,,,
14923555,2026-10-01 12:51:20,sim13,093050,,skip,theme_momentum_weak,,,,,,,,,,,,,,,,,,,,,,,,,,,
14923555,2026-10-01 12:51:20,sim13,012030,,skip,adx_weak,,,,35.77142857142857,,,,,,,,,,,,,,,,,,,,,,,
14923555,2026-10-01 12:51:20,sim13,077500,,skip,held_or_cooldown,,,,,,,,,,,,,,,,,,,,,,,,,,,
14923555,2026-10-01 12:51:20,sim13,015590,,skip,amount_not_surprised,,,,,,,,,,,,,,,,,,,,,,,,,,,
14923555,2026-10-01 12:51:20,sim13,078520,,skip,theme_momentum_weak,,,,,,,,,,,,,,,,,,,,,,,,,,,
14923555,2026-10-01 12:51:20,sim13,480370,,skip,adx_weak,,,,25.87601078167116,,,,,,,,,,,,,,,,,,,,,,,
14923555,2026-10-01 12:51:20,sim13,011690,,skip,theme_momentum_weak,,,,,,,,,,,,,,,,,,,,,,,,,,,
14923555,2026-10-01 12:51:20,sim13,272210,,skip,theme_momentum_weak,,,,,,,,,,,,,,,,,,,,,,,,,,,
14923555,2026-10-01 12:51:20,sim13,002870,,skip,theme_momentum_weak,,,,,,,,,,,,,,,,,,,,,,,,,,,
14923555,2026-10-01 12:51:20,sim13,460860,,skip,theme_momentum_weak,,,,,,,,,,,,,,,,,,,,,,,,,,,
14923555,2026-10-01 12:51:20,sim13,093370,,skip,no_frgn_support,,,,,,,,,,,,,,,,,,,,,,,,,,,
14923555,2026-10-01 12:51:20,sim13,007660,,skip,theme_momentum_weak,,,,,,,,,,,,,,,,,,,,,,,,,,,
14923555,2026-10-01 12:51:20,sim13,000760,,skip,theme_momentum_weak,,,,,,,,,,,,,,,,,,,,,,,,,,,
14923556,2026-10-01 12:53:22,sim13,084010,,skip,theme_momentum_weak,,,,,,,,,,,,,,,,,,,,,,,,,,,
14923556,2026-10-01 12:53:22,sim13,192650,,skip,no_frgn_support,,,,,,,,,,,,,,,,,,,,,,,,,,,
14923556,2026-10-01 12:53:22,sim13,003350,,skip,theme_momentum_weak,,,,,,,,,,,,,,,,,,,,,,,,,,,
14923556,2026-10-01 12:53:22,sim13,036570,,skip,theme_momentum_weak,,,,,,,,,,,,,,,,,,,,,,,,,,,
14923556,2026-10-01 12:53:22,sim13,248070,,skip,theme_momentum_weak,,,,,,,,,,,,,,,,,,,,,,,,,,,
14923556,2026-10-01 12:53:22,sim13,001820,,skip,adx_weak,,,,38.26173826173826,,,,,,,,,,,,,,,,,,,,,,,
14923556,2026-10-01 12:53:22,sim13,001360,,skip,theme_momentum_weak,,,,,,,,,,,,,,,,,,,,,,,,,,,
14923556,2026-10-01 12:53:22,sim13,009420,,skip,theme_momentum_weak,,,,,,,,,,,,,,,,,,,,,,,,,,,
14923556,2026-10-01 12:53:22,sim13,004105,,skip,no_frgn_support,,,,,,,,,,,,,,,,,,,,,,,,,,,
14923556,2026-10-01 12:53:22,sim13,023150,,skip,theme_momentum_weak,,,,,,,,,,,,,,,,,,,,,,,,,,,
14923556,2026-10-01 12:53:22,sim13,109070,,skip,amount_not_surprised,,,,,,,,,,,,,,,,,,,,,,,,,,,
14923556,2026-10-01 12:53:22,sim13,0126Z0,,skip,theme_momentum_weak,,,,,,,,,,,,,,,,,,,,,,,,,,,
14923556,2026-10-01 12:53:22,sim13,317450,,skip,theme_momentum_weak,,,,,,,,,,,,,,,,,,,,,,,,,,,
14923556,2026-10-01 12:53:22,sim13,353200,,skip,adx_weak,,,,28.26086956521739,,,,,,,,,,,,,,,,,,,,,,,
14923556,2026-10-01 12:53:22,sim13,079550,,skip,theme_momentum_weak,,,,,,,,,,,,,,,,,,,,,,,,,,,
14923556,2026-10-01 12:53:22,sim13,004710,,skip,no_frgn_support,,,,,,,,,,,,,,,,,,,,,,,,,,,
14923556,2026-10-01 12:53:22,sim13,480370,,skip,adx_weak,,,,25.87601078167116,,,,,,,,,,,,,,,,,,,,,,,
14923556,2026-10-01 12:53:22,sim13,012030,,skip,adx_weak,,,,35.77142857142857,,,,,,,,,,,,,,,,,,,,,,,
14923556,2026-10-01 12:53:22,sim13,003160,,skip,no_frgn_support,,,,,,,,,,,,,,,,,,,,,,,,,,,
14923556,2026-10-01 12:53:22,sim13,093050,,skip,theme_momentum_weak,,,,,,,,,,,,,,,,,,,,,,,,,,,
14923556,2026-10-01 12:53:22,sim13,077500,,skip,held_or_cooldown,,,,,,,,,,,,,,,,,,,,,,,,,,,
14923556,2026-10-01 12:53:22,sim13,011690,,skip,theme_momentum_weak,,,,,,,,,,,,,,,,,,,,,,,,,,,
14923556,2026-10-01 12:53:22,sim13,015590,,skip,amount_not_surprised,,,,,,,,,,,,,,,,,,,,,,,,,,,
14923556,2026-10-01 12:53:22,sim13,078520,,skip,theme_momentum_weak,,,,,,,,,,,,,,,,,,,,,,,,,,,
14923556,2026-10-01 12:53:22,sim13,002870,,skip,theme_momentum_weak,,,,,,,,,,,,,,,,,,,,,,,,,,,
14923556,2026-10-01 12:53:22,sim13,272210,,skip,theme_momentum_weak,,,,,,,,,,,,,,,,,,,,,,,,,,,
14923556,2026-10-01 12:53:22,sim13,460860,,skip,theme_momentum_weak,,,,,,,,,,,,,,,,,,,,,,,,,,,
14923556,2026-10-01 12:53:22,sim13,093370,,skip,no_frgn_support,,,,,,,,,,,,,,,,,,,,,,,,,,,
14923556,2026-10-01 12:53:22,sim13,007660,,skip,theme_momentum_weak,,,,,,,,,,,,,,,,,,,,,,,,,,,
14923556,2026-10-01 12:53:22,sim13,055490,,skip,theme_momentum_weak,,,,,,,,,,,,,,,,,,,,,,,,,,,
14923557,2026-10-01 12:55:24,sim13,084010,,skip,theme_momentum_weak,,,,,,,,,,,,,,,,,,,,,,,,,,,
14923557,2026-10-01 12:55:24,sim13,192650,,skip,no_frgn_support,,,,,,,,,,,,,,,,,,,,,,,,,,,
14923557,2026-10-01 12:55:24,sim13,003350,,skip,theme_momentum_weak,,,,,,,,,,,,,,,,,,,,,,,,,,,
14923557,2026-10-01 12:55:24,sim13,036570,,skip,theme_momentum_weak,,,,,,,,,,,,,,,,,,,,,,,,,,,
14923557,2026-10-01 12:55:24,sim13,248070,,skip,theme_momentum_weak,,,,,,,,,,,,,,,,,,,,,,,,,,,
14923557,2026-10-01 12:55:24,sim13,001820,,skip,adx_weak,,,,38.26173826173826,,,,,,,,,,,,,,,,,,,,,,,
14923557,2026-10-01 12:55:24,sim13,001360,,skip,theme_momentum_weak,,,,,,,,,,,,,,,,,,,,,,,,,,,
14923557,2026-10-01 12:55:24,sim13,009420,,skip,theme_momentum_weak,,,,,,,,,,,,,,,,,,,,,,,,,,,
14923557,2026-10-01 12:55:24,sim13,004105,,skip,no_frgn_support,,,,,,,,,,,,,,,,,,,,,,,,,,,
14923557,2026-10-01 12:55:24,sim13,0126Z0,,skip,theme_momentum_weak,,,,,,,,,,,,,,,,,,,,,,,,,,,
14923557,2026-10-01 12:55:24,sim13,109070,,skip,amount_not_surprised,,,,,,,,,,,,,,,,,,,,,,,,,,,
14923557,2026-10-01 12:55:24,sim13,023150,,skip,theme_momentum_weak,,,,,,,,,,,,,,,,,,,,,,,,,,,
14923557,2026-10-01 12:55:24,sim13,353200,,skip,adx_weak,,,,28.26086956521739,,,,,,,,,,,,,,,,,,,,,,,
14923557,2026-10-01 12:55:24,sim13,480370,,skip,adx_weak,,,,25.87601078167116,,,,,,,,,,,,,,,,,,,,,,,
14923557,2026-10-01 12:55:24,sim13,004710,,skip,no_frgn_support,,,,,,,,,,,,,,,,,,,,,,,,,,,
14923557,2026-10-01 12:55:24,sim13,317450,,skip,theme_momentum_weak,,,,,,,,,,,,,,,,,,,,,,,,,,,
14923557,2026-10-01 12:55:24,sim13,003160,,skip,no_frgn_support,,,,,,,,,,,,,,,,,,,,,,,,,,,
14923557,2026-10-01 12:55:24,sim13,012030,,skip,adx_weak,,,,35.77142857142857,,,,,,,,,,,,,,,,,,,,,,,
14923557,2026-10-01 12:55:24,sim13,079550,,skip,theme_momentum_weak,,,,,,,,,,,,,,,,,,,,,,,,,,,
14923557,2026-10-01 12:55:24,sim13,077500,,skip,held_or_cooldown,,,,,,,,,,,,,,,,,,,,,,,,,,,
14923557,2026-10-01 12:55:24,sim13,093050,,skip,theme_momentum_weak,,,,,,,,,,,,,,,,,,,,,,,,,,,
14923557,2026-10-01 12:55:24,sim13,006660,,skip,theme_momentum_weak,,,,,,,,,,,,,,,,,,,,,,,,,,,
14923557,2026-10-01 12:55:24,sim13,078520,,skip,theme_momentum_weak,,,,,,,,,,,,,,,,,,,,,,,,,,,
14923557,2026-10-01 12:55:24,sim13,011690,,skip,theme_momentum_weak,,,,,,,,,,,,,,,,,,,,,,,,,,,
14923557,2026-10-01 12:55:24,sim13,015590,,skip,amount_not_surprised,,,,,,,,,,,,,,,,,,,,,,,,,,,
14923557,2026-10-01 12:55:24,sim13,002870,,skip,theme_momentum_weak,,,,,,,,,,,,,,,,,,,,,,,,,,,
14923557,2026-10-01 12:55:24,sim13,093370,,skip,no_frgn_support,,,,,,,,,,,,,,,,,,,,,,,,,,,
14923557,2026-10-01 12:55:24,sim13,272210,,skip,theme_momentum_weak,,,,,,,,,,,,,,,,,,,,,,,,,,,
14923557,2026-10-01 12:55:24,sim13,055490,,skip,theme_momentum_weak,,,,,,,,,,,,,,,,,,,,,,,,,,,
14923557,2026-10-01 12:55:24,sim13,033240,,skip,theme_momentum_weak,,,,,,,,,,,,,,,,,,,,,,,,,,,
14923558,2026-10-01 12:57:28,sim13,084010,,skip,theme_momentum_weak,,,,,,,,,,,,,,,,,,,,,,,,,,,
14923558,2026-10-01 12:57:28,sim13,192650,,skip,no_frgn_support,,,,,,,,,,,,,,,,,,,,,,,,,,,
14923558,2026-10-01 12:57:28,sim13,003350,,skip,theme_momentum_weak,,,,,,,,,,,,,,,,,,,,,,,,,,,
14923558,2026-10-01 12:57:28,sim13,036570,,skip,theme_momentum_weak,,,,,,,,,,,,,,,,,,,,,,,,,,,
14923558,2026-10-01 12:57:28,sim13,248070,,skip,theme_momentum_weak,,,,,,,,,,,,,,,,,,,,,,,,,,,
14923558,2026-10-01 12:57:28,sim13,001820,,skip,adx_weak,,,,38.26173826173826,,,,,,,,,,,,,,,,,,,,,,,
14923558,2026-10-01 12:57:28,sim13,001360,,skip,theme_momentum_weak,,,,,,,,,,,,,,,,,,,,,,,,,,,
14923558,2026-10-01 12:57:28,sim13,004105,,skip,no_frgn_support,,,,,,,,,,,,,,,,,,,,,,,,,,,
14923558,2026-10-01 12:57:28,sim13,009420,,skip,theme_momentum_weak,,,,,,,,,,,,,,,,,,,,,,,,,,,
14923558,2026-10-01 12:57:28,sim13,480370,,skip,adx_weak,,,,25.87601078167116,,,,,,,,,,,,,,,,,,,,,,,
14923558,2026-10-01 12:57:28,sim13,0126Z0,,skip,theme_momentum_weak,,,,,,,,,,,,,,,,,,,,,,,,,,,
14923558,2026-10-01 12:57:28,sim13,006660,,skip,theme_momentum_weak,,,,,,,,,,,,,,,,,,,,,,,,,,,
14923558,2026-10-01 12:57:28,sim13,109070,,skip,amount_not_surprised,,,,,,,,,,,,,,,,,,,,,,,,,,,
14923558,2026-10-01 12:57:28,sim13,023150,,skip,theme_momentum_weak,,,,,,,,,,,,,,,,,,,,,,,,,,,
14923558,2026-10-01 12:57:28,sim13,353200,,skip,adx_weak,,,,28.26086956521739,,,,,,,,,,,,,,,,,,,,,,,
14923558,2026-10-01 12:57:28,sim13,004710,,skip,no_frgn_support,,,,,,,,,,,,,,,,,,,,,,,,,,,
14923558,2026-10-01 12:57:28,sim13,317450,,skip,theme_momentum_weak,,,,,,,,,,,,,,,,,,,,,,,,,,,
14923558,2026-10-01 12:57:28,sim13,003160,,skip,no_frgn_support,,,,,,,,,,,,,,,,,,,,,,,,,,,
14923558,2026-10-01 12:57:28,sim13,079550,,skip,theme_momentum_weak,,,,,,,,,,,,,,,,,,,,,,,,,,,
14923558,2026-10-01 12:57:28,sim13,012030,,skip,adx_weak,,,,35.77142857142857,,,,,,,,,,,,,,,,,,,,,,,
14923558,2026-10-01 12:57:28,sim13,093050,,skip,theme_momentum_weak,,,,,,,,,,,,,,,,,,,,,,,,,,,
14923558,2026-10-01 12:57:28,sim13,077500,,skip,held_or_cooldown,,,,,,,,,,,,,,,,,,,,,,,,,,,
14923558,2026-10-01 12:57:28,sim13,002870,,skip,theme_momentum_weak,,,,,,,,,,,,,,,,,,,,,,,,,,,
14923558,2026-10-01 12:57:28,sim13,078520,,skip,theme_momentum_weak,,,,,,,,,,,,,,,,,,,,,,,,,,,
14923558,2026-10-01 12:57:28,sim13,011690,,skip,theme_momentum_weak,,,,,,,,,,,,,,,,,,,,,,,,,,,
14923558,2026-10-01 12:57:28,sim13,015590,,skip,amount_not_surprised,,,,,,,,,,,,,,,,,,,,,,,,,,,
14923558,2026-10-01 12:57:28,sim13,272210,,skip,theme_momentum_weak,,,,,,,,,,,,,,,,,,,,,,,,,,,
14923558,2026-10-01 12:57:28,sim13,460860,,skip,theme_momentum_weak,,,,,,,,,,,,,,,,,,,,,,,,,,,
14923558,2026-10-01 12:57:28,sim13,007660,,skip,theme_momentum_weak,,,,,,,,,,,,,,,,,,,,,,,,,,,
14923558,2026-10-01 12:57:28,sim13,055490,,skip,theme_momentum_weak,,,,,,,,,,,,,,,,,,,,,,,,,,,
14923559,2026-10-01 12:59:31,sim13,084010,,skip,theme_momentum_weak,,,,,,,,,,,,,,,,,,,,,,,,,,,
14923559,2026-10-01 12:59:31,sim13,192650,,skip,no_frgn_support,,,,,,,,,,,,,,,,,,,,,,,,,,,
14923559,2026-10-01 12:59:31,sim13,036570,,skip,theme_momentum_weak,,,,,,,,,,,,,,,,,,,,,,,,,,,
14923559,2026-10-01 12:59:31,sim13,003350,,skip,theme_momentum_weak,,,,,,,,,,,,,,,,,,,,,,,,,,,
14923559,2026-10-01 12:59:31,sim13,248070,,skip,theme_momentum_weak,,,,,,,,,,,,,,,,,,,,,,,,,,,
14923559,2026-10-01 12:59:31,sim13,001820,,skip,adx_weak,,,,38.26173826173826,,,,,,,,,,,,,,,,,,,,,,,
14923559,2026-10-01 12:59:31,sim13,004105,,skip,no_frgn_support,,,,,,,,,,,,,,,,,,,,,,,,,,,
14923559,2026-10-01 12:59:31,sim13,001360,,skip,theme_momentum_weak,,,,,,,,,,,,,,,,,,,,,,,,,,,
14923559,2026-10-01 12:59:31,sim13,480370,,skip,adx_weak,,,,25.87601078167116,,,,,,,,,,,,,,,,,,,,,,,
14923559,2026-10-01 12:59:31,sim13,009420,,skip,theme_momentum_weak,,,,,,,,,,,,,,,,,,,,,,,,,,,
14923559,2026-10-01 12:59:31,sim13,0126Z0,,skip,theme_momentum_weak,,,,,,,,,,,,,,,,,,,,,,,,,,,
14923559,2026-10-01 12:59:31,sim13,109070,,skip,amount_not_surprised,,,,,,,,,,,,,,,,,,,,,,,,,,,
14923559,2026-10-01 12:59:31,sim13,004710,,skip,no_frgn_support,,,,,,,,,,,,,,,,,,,,,,,,,,,
14923559,2026-10-01 12:59:31,sim13,003160,,skip,no_frgn_support,,,,,,,,,,,,,,,,,,,,,,,,,,,
14923559,2026-10-01 12:59:31,sim13,023150,,skip,theme_momentum_weak,,,,,,,,,,,,,,,,,,,,,,,,,,,
14923559,2026-10-01 12:59:31,sim13,353200,,skip,adx_weak,,,,28.26086956521739,,,,,,,,,,,,,,,,,,,,,,,
14923559,2026-10-01 12:59:31,sim13,317450,,skip,theme_momentum_weak,,,,,,,,,,,,,,,,,,,,,,,,,,,
14923559,2026-10-01 12:59:31,sim13,006660,,skip,theme_momentum_weak,,,,,,,,,,,,,,,,,,,,,,,,,,,
14923559,2026-10-01 12:59:31,sim13,079550,,skip,theme_momentum_weak,,,,,,,,,,,,,,,,,,,,,,,,,,,
14923559,2026-10-01 12:59:31,sim13,012030,,skip,adx_weak,,,,35.77142857142857,,,,,,,,,,,,,,,,,,,,,,,
14923559,2026-10-01 12:59:31,sim13,093050,,skip,theme_momentum_weak,,,,,,,,,,,,,,,,,,,,,,,,,,,
14923559,2026-10-01 12:59:31,sim13,077500,,skip,held_or_cooldown,,,,,,,,,,,,,,,,,,,,,,,,,,,
14923559,2026-10-01 12:59:31,sim13,002870,,skip,theme_momentum_weak,,,,,,,,,,,,,,,,,,,,,,,,,,,
14923559,2026-10-01 12:59:31,sim13,015590,,skip,amount_not_surprised,,,,,,,,,,,,,,,,,,,,,,,,,,,
14923559,2026-10-01 12:59:31,sim13,078520,,skip,theme_momentum_weak,,,,,,,,,,,,,,,,,,,,,,,,,,,
14923559,2026-10-01 12:59:31,sim13,011690,,skip,theme_momentum_weak,,,,,,,,,,,,,,,,,,,,,,,,,,,
14923559,2026-10-01 12:59:31,sim13,272210,,skip,theme_momentum_weak,,,,,,,,,,,,,,,,,,,,,,,,,,,
14923559,2026-10-01 12:59:31,sim13,007660,,skip,theme_momentum_weak,,,,,,,,,,,,,,,,,,,,,,,,,,,
14923559,2026-10-01 12:59:31,sim13,055490,,skip,theme_momentum_weak,,,,,,,,,,,,,,,,,,,,,,,,,,,
14923559,2026-10-01 12:59:31,sim13,000760,,skip,theme_momentum_weak,,,,,,,,,,,,,,,,,,,,,,,,,,,
14923560,2026-10-01 13:01:40,sim13,084010,,skip,theme_momentum_weak,,,,,,,,,,,,,,,,,,,,,,,,,,,
14923560,2026-10-01 13:01:40,sim13,192650,,skip,no_frgn_support,,,,,,,,,,,,,,,,,,,,,,,,,,,
14923560,2026-10-01 13:01:40,sim13,003350,,skip,theme_momentum_weak,,,,,,,,,,,,,,,,,,,,,,,,,,,
14923560,2026-10-01 13:01:40,sim13,036570,,skip,theme_momentum_weak,,,,,,,,,,,,,,,,,,,,,,,,,,,
14923560,2026-10-01 13:01:40,sim13,248070,,skip,theme_momentum_weak,,,,,,,,,,,,,,,,,,,,,,,,,,,
14923560,2026-10-01 13:01:40,sim13,001820,,skip,adx_weak,,,,38.26173826173826,,,,,,,,,,,,,,,,,,,,,,,
14923560,2026-10-01 13:01:40,sim13,004105,,skip,no_frgn_support,,,,,,,,,,,,,,,,,,,,,,,,,,,
14923560,2026-10-01 13:01:40,sim13,001360,,skip,theme_momentum_weak,,,,,,,,,,,,,,,,,,,,,,,,,,,
14923560,2026-10-01 13:01:40,sim13,480370,,skip,adx_weak,,,,25.87601078167116,,,,,,,,,,,,,,,,,,,,,,,
14923560,2026-10-01 13:01:40,sim13,009420,,skip,theme_momentum_weak,,,,,,,,,,,,,,,,,,,,,,,,,,,
14923560,2026-10-01 13:01:40,sim13,109070,,skip,amount_not_surprised,,,,,,,,,,,,,,,,,,,,,,,,,,,
14923560,2026-10-01 13:01:40,sim13,023150,,skip,theme_momentum_weak,,,,,,,,,,,,,,,,,,,,,,,,,,,
14923560,2026-10-01 13:01:40,sim13,004710,,skip,no_frgn_support,,,,,,,,,,,,,,,,,,,,,,,,,,,
14923560,2026-10-01 13:01:40,sim13,003160,,skip,no_frgn_support,,,,,,,,,,,,,,,,,,,,,,,,,,,
14923560,2026-10-01 13:01:40,sim13,0126Z0,,skip,theme_momentum_weak,,,,,,,,,,,,,,,,,,,,,,,,,,,
14923560,2026-10-01 13:01:40,sim13,353200,,skip,adx_weak,,,,28.26086956521739,,,,,,,,,,,,,,,,,,,,,,,
14923560,2026-10-01 13:01:40,sim13,317450,,skip,theme_momentum_weak,,,,,,,,,,,,,,,,,,,,,,,,,,,
14923560,2026-10-01 13:01:40,sim13,006660,,skip,theme_momentum_weak,,,,,,,,,,,,,,,,,,,,,,,,,,,
14923560,2026-10-01 13:01:40,sim13,012030,,skip,adx_weak,,,,35.77142857142857,,,,,,,,,,,,,,,,,,,,,,,
14923560,2026-10-01 13:01:40,sim13,079550,,skip,theme_momentum_weak,,,,,,,,,,,,,,,,,,,,,,,,,,,
14923560,2026-10-01 13:01:40,sim13,093050,,skip,theme_momentum_weak,,,,,,,,,,,,,,,,,,,,,,,,,,,
14923560,2026-10-01 13:01:40,sim13,002870,,skip,theme_momentum_weak,,,,,,,,,,,,,,,,,,,,,,,,,,,
14923560,2026-10-01 13:01:40,sim13,077500,,skip,held_or_cooldown,,,,,,,,,,,,,,,,,,,,,,,,,,,
14923560,2026-10-01 13:01:40,sim13,078520,,skip,theme_momentum_weak,,,,,,,,,,,,,,,,,,,,,,,,,,,
14923560,2026-10-01 13:01:40,sim13,015590,,skip,amount_not_surprised,,,,,,,,,,,,,,,,,,,,,,,,,,,
14923560,2026-10-01 13:01:40,sim13,011690,,skip,theme_momentum_weak,,,,,,,,,,,,,,,,,,,,,,,,,,,
14923560,2026-10-01 13:01:40,sim13,007660,,skip,theme_momentum_weak,,,,,,,,,,,,,,,,,,,,,,,,,,,
14923560,2026-10-01 13:01:40,sim13,055490,,skip,theme_momentum_weak,,,,,,,,,,,,,,,,,,,,,,,,,,,
14923560,2026-10-01 13:01:40,sim13,011930,,skip,theme_momentum_weak,,,,,,,,,,,,,,,,,,,,,,,,,,,
14923560,2026-10-01 13:01:40,sim13,272210,,skip,theme_momentum_weak,,,,,,,,,,,,,,,,,,,,,,,,,,,
14923561,2026-10-01 13:03:43,sim13,084010,,skip,theme_momentum_weak,,,,,,,,,,,,,,,,,,,,,,,,,,,
14923561,2026-10-01 13:03:43,sim13,192650,,skip,no_frgn_support,,,,,,,,,,,,,,,,,,,,,,,,,,,
14923561,2026-10-01 13:03:43,sim13,003350,,skip,theme_momentum_weak,,,,,,,,,,,,,,,,,,,,,,,,,,,
14923561,2026-10-01 13:03:43,sim13,036570,,skip,theme_momentum_weak,,,,,,,,,,,,,,,,,,,,,,,,,,,
14923561,2026-10-01 13:03:43,sim13,480370,,skip,adx_weak,,,,25.87601078167116,,,,,,,,,,,,,,,,,,,,,,,
14923561,2026-10-01 13:03:43,sim13,248070,,skip,theme_momentum_weak,,,,,,,,,,,,,,,,,,,,,,,,,,,
14923561,2026-10-01 13:03:43,sim13,001820,,skip,adx_weak,,,,38.26173826173826,,,,,,,,,,,,,,,,,,,,,,,
14923561,2026-10-01 13:03:43,sim13,004105,,skip,no_frgn_support,,,,,,,,,,,,,,,,,,,,,,,,,,,
14923561,2026-10-01 13:03:43,sim13,001360,,skip,theme_momentum_weak,,,,,,,,,,,,,,,,,,,,,,,,,,,
14923561,2026-10-01 13:03:43,sim13,006660,,skip,theme_momentum_weak,,,,,,,,,,,,,,,,,,,,,,,,,,,
14923561,2026-10-01 13:03:43,sim13,109070,,skip,amount_not_surprised,,,,,,,,,,,,,,,,,,,,,,,,,,,
14923561,2026-10-01 13:03:43,sim13,023150,,skip,theme_momentum_weak,,,,,,,,,,,,,,,,,,,,,,,,,,,
14923561,2026-10-01 13:03:43,sim13,009420,,skip,theme_momentum_weak,,,,,,,,,,,,,,,,,,,,,,,,,,,
14923561,2026-10-01 13:03:43,sim13,353200,,skip,adx_weak,,,,28.26086956521739,,,,,,,,,,,,,,,,,,,,,,,
14923561,2026-10-01 13:03:43,sim13,004710,,skip,no_frgn_support,,,,,,,,,,,,,,,,,,,,,,,,,,,
14923561,2026-10-01 13:03:43,sim13,0126Z0,,skip,theme_momentum_weak,,,,,,,,,,,,,,,,,,,,,,,,,,,
14923561,2026-10-01 13:03:43,sim13,003160,,skip,no_frgn_support,,,,,,,,,,,,,,,,,,,,,,,,,,,
14923561,2026-10-01 13:03:43,sim13,317450,,skip,theme_momentum_weak,,,,,,,,,,,,,,,,,,,,,,,,,,,
14923561,2026-10-01 13:03:43,sim13,012030,,skip,adx_weak,,,,35.77142857142857,,,,,,,,,,,,,,,,,,,,,,,
14923561,2026-10-01 13:03:43,sim13,079550,,skip,theme_momentum_weak,,,,,,,,,,,,,,,,,,,,,,,,,,,
14923561,2026-10-01 13:03:43,sim13,093050,,skip,theme_momentum_weak,,,,,,,,,,,,,,,,,,,,,,,,,,,
14923561,2026-10-01 13:03:43,sim13,077500,,skip,held_or_cooldown,,,,,,,,,,,,,,,,,,,,,,,,,,,
14923561,2026-10-01 13:03:43,sim13,002870,,skip,theme_momentum_weak,,,,,,,,,,,,,,,,,,,,,,,,,,,
14923561,2026-10-01 13:03:43,sim13,078520,,skip,theme_momentum_weak,,,,,,,,,,,,,,,,,,,,,,,,,,,
14923561,2026-10-01 13:03:43,sim13,272210,,skip,theme_momentum_weak,,,,,,,,,,,,,,,,,,,,,,,,,,,
14923561,2026-10-01 13:03:43,sim13,015590,,skip,amount_not_surprised,,,,,,,,,,,,,,,,,,,,,,,,,,,
14923561,2026-10-01 13:03:43,sim13,011690,,skip,theme_momentum_weak,,,,,,,,,,,,,,,,,,,,,,,,,,,
14923561,2026-10-01 13:03:43,sim13,055490,,skip,theme_momentum_weak,,,,,,,,,,,,,,,,,,,,,,,,,,,
14923561,2026-10-01 13:03:43,sim13,000760,,skip,theme_momentum_weak,,,,,,,,,,,,,,,,,,,,,,,,,,,
14923561,2026-10-01 13:03:43,sim13,011930,,skip,theme_momentum_weak,,,,,,,,,,,,,,,,,,,,,,,,,,,
14923562,2026-10-01 13:06:07,sim13,084010,,skip,theme_momentum_weak,,,,,,,,,,,,,,,,,,,,,,,,,,,
14923562,2026-10-01 13:06:07,sim13,192650,,skip,no_frgn_support,,,,,,,,,,,,,,,,,,,,,,,,,,,
14923562,2026-10-01 13:06:07,sim13,003350,,skip,theme_momentum_weak,,,,,,,,,,,,,,,,,,,,,,,,,,,
14923562,2026-10-01 13:06:07,sim13,036570,,skip,theme_momentum_weak,,,,,,,,,,,,,,,,,,,,,,,,,,,
14923562,2026-10-01 13:06:07,sim13,480370,,skip,adx_weak,,,,25.87601078167116,,,,,,,,,,,,,,,,,,,,,,,
14923562,2026-10-01 13:06:07,sim13,001820,,skip,adx_weak,,,,38.26173826173826,,,,,,,,,,,,,,,,,,,,,,,
14923562,2026-10-01 13:06:07,sim13,248070,,skip,theme_momentum_weak,,,,,,,,,,,,,,,,,,,,,,,,,,,
14923562,2026-10-01 13:06:07,sim13,004105,,skip,no_frgn_support,,,,,,,,,,,,,,,,,,,,,,,,,,,
14923562,2026-10-01 13:06:07,sim13,023150,,skip,theme_momentum_weak,,,,,,,,,,,,,,,,,,,,,,,,,,,
14923562,2026-10-01 13:06:07,sim13,009420,,skip,theme_momentum_weak,,,,,,,,,,,,,,,,,,,,,,,,,,,
14923562,2026-10-01 13:06:07,sim13,109070,,skip,amount_not_surprised,,,,,,,,,,,,,,,,,,,,,,,,,,,
14923562,2026-10-01 13:06:07,sim13,001360,,skip,theme_momentum_weak,,,,,,,,,,,,,,,,,,,,,,,,,,,
14923562,2026-10-01 13:06:07,sim13,353200,,skip,adx_weak,,,,28.26086956521739,,,,,,,,,,,,,,,,,,,,,,,
14923562,2026-10-01 13:06:07,sim13,0126Z0,,skip,theme_momentum_weak,,,,,,,,,,,,,,,,,,,,,,,,,,,
14923562,2026-10-01 13:06:07,sim13,003160,,skip,no_frgn_support,,,,,,,,,,,,,,,,,,,,,,,,,,,
14923562,2026-10-01 13:06:07,sim13,004710,,skip,no_frgn_support,,,,,,,,,,,,,,,,,,,,,,,,,,,
14923562,2026-10-01 13:06:07,sim13,012030,,skip,adx_weak,,,,35.77142857142857,,,,,,,,,,,,,,,,,,,,,,,
14923562,2026-10-01 13:06:07,sim13,006660,,skip,theme_momentum_weak,,,,,,,,,,,,,,,,,,,,,,,,,,,
14923562,2026-10-01 13:06:07,sim13,317450,,skip,theme_momentum_weak,,,,,,,,,,,,,,,,,,,,,,,,,,,
14923562,2026-10-01 13:06:07,sim13,079550,,skip,theme_momentum_weak,,,,,,,,,,,,,,,,,,,,,,,,,,,
14923562,2026-10-01 13:06:07,sim13,093050,,skip,theme_momentum_weak,,,,,,,,,,,,,,,,,,,,,,,,,,,
14923562,2026-10-01 13:06:07,sim13,002870,,skip,theme_momentum_weak,,,,,,,,,,,,,,,,,,,,,,,,,,,
14923562,2026-10-01 13:06:07,sim13,078520,,skip,theme_momentum_weak,,,,,,,,,,,,,,,,,,,,,,,,,,,
14923562,2026-10-01 13:06:07,sim13,014990,,skip,theme_momentum_weak,,,,,,,,,,,,,,,,,,,,,,,,,,,
14923562,2026-10-01 13:06:07,sim13,015590,,skip,amount_not_surprised,,,,,,,,,,,,,,,,,,,,,,,,,,,
14923562,2026-10-01 13:06:07,sim13,077500,,skip,held_or_cooldown,,,,,,,,,,,,,,,,,,,,,,,,,,,
14923562,2026-10-01 13:06:07,sim13,007660,,skip,theme_momentum_weak,,,,,,,,,,,,,,,,,,,,,,,,,,,
14923562,2026-10-01 13:06:07,sim13,272210,,skip,theme_momentum_weak,,,,,,,,,,,,,,,,,,,,,,,,,,,
14923562,2026-10-01 13:06:07,sim13,055490,,skip,theme_momentum_weak,,,,,,,,,,,,,,,,,,,,,,,,,,,
14923562,2026-10-01 13:06:07,sim13,000760,,skip,theme_momentum_weak,,,,,,,,,,,,,,,,,,,,,,,,,,,
14923563,2026-10-01 13:08:16,sim13,084010,,skip,theme_momentum_weak,,,,,,,,,,,,,,,,,,,,,,,,,,,
14923563,2026-10-01 13:08:16,sim13,192650,,skip,no_frgn_support,,,,,,,,,,,,,,,,,,,,,,,,,,,
14923563,2026-10-01 13:08:16,sim13,036570,,skip,theme_momentum_weak,,,,,,,,,,,,,,,,,,,,,,,,,,,
14923563,2026-10-01 13:08:16,sim13,003350,,skip,theme_momentum_weak,,,,,,,,,,,,,,,,,,,,,,,,,,,
14923563,2026-10-01 13:08:16,sim13,001820,,skip,adx_weak,,,,38.26173826173826,,,,,,,,,,,,,,,,,,,,,,,
14923563,2026-10-01 13:08:16,sim13,480370,,skip,adx_weak,,,,25.87601078167116,,,,,,,,,,,,,,,,,,,,,,,
14923563,2026-10-01 13:08:16,sim13,004105,,skip,no_frgn_support,,,,,,,,,,,,,,,,,,,,,,,,,,,
14923563,2026-10-01 13:08:16,sim13,248070,,skip,theme_momentum_weak,,,,,,,,,,,,,,,,,,,,,,,,,,,
14923563,2026-10-01 13:08:16,sim13,001360,,skip,theme_momentum_weak,,,,,,,,,,,,,,,,,,,,,,,,,,,
14923563,2026-10-01 13:08:16,sim13,109070,,skip,amount_not_surprised,,,,,,,,,,,,,,,,,,,,,,,,,,,
14923563,2026-10-01 13:08:16,sim13,353200,,skip,adx_weak,,,,28.26086956521739,,,,,,,,,,,,,,,,,,,,,,,
14923563,2026-10-01 13:08:16,sim13,023150,,skip,theme_momentum_weak,,,,,,,,,,,,,,,,,,,,,,,,,,,
14923563,2026-10-01 13:08:16,sim13,009420,,skip,theme_momentum_weak,,,,,,,,,,,,,,,,,,,,,,,,,,,
14923563,2026-10-01 13:08:16,sim13,003160,,skip,no_frgn_support,,,,,,,,,,,,,,,,,,,,,,,,,,,
14923563,2026-10-01 13:08:16,sim13,004710,,skip,no_frgn_support,,,,,,,,,,,,,,,,,,,,,,,,,,,
14923563,2026-10-01 13:08:16,sim13,012030,,skip,adx_weak,,,,35.77142857142857,,,,,,,,,,,,,,,,,,,,,,,
14923563,2026-10-01 13:08:16,sim13,093050,,skip,theme_momentum_weak,,,,,,,,,,,,,,,,,,,,,,,,,,,
14923563,2026-10-01 13:08:16,sim13,0126Z0,,skip,theme_momentum_weak,,,,,,,,,,,,,,,,,,,,,,,,,,,
14923563,2026-10-01 13:08:16,sim13,079550,,skip,theme_momentum_weak,,,,,,,,,,,,,,,,,,,,,,,,,,,
14923563,2026-10-01 13:08:16,sim13,317450,,skip,theme_momentum_weak,,,,,,,,,,,,,,,,,,,,,,,,,,,
14923563,2026-10-01 13:08:16,sim13,002870,,skip,theme_momentum_weak,,,,,,,,,,,,,,,,,,,,,,,,,,,
14923563,2026-10-01 13:08:16,sim13,272210,,skip,theme_momentum_weak,,,,,,,,,,,,,,,,,,,,,,,,,,,
14923563,2026-10-01 13:08:16,sim13,077500,,skip,held_or_cooldown,,,,,,,,,,,,,,,,,,,,,,,,,,,
14923563,2026-10-01 13:08:16,sim13,078520,,skip,theme_momentum_weak,,,,,,,,,,,,,,,,,,,,,,,,,,,
14923563,2026-10-01 13:08:16,sim13,014990,,skip,theme_momentum_weak,,,,,,,,,,,,,,,,,,,,,,,,,,,
14923563,2026-10-01 13:08:16,sim13,015590,,skip,amount_not_surprised,,,,,,,,,,,,,,,,,,,,,,,,,,,
14923563,2026-10-01 13:08:16,sim13,007660,,skip,theme_momentum_weak,,,,,,,,,,,,,,,,,,,,,,,,,,,
14923563,2026-10-01 13:08:16,sim13,006660,,skip,theme_momentum_weak,,,,,,,,,,,,,,,,,,,,,,,,,,,
14923563,2026-10-01 13:08:16,sim13,005850,,skip,theme_momentum_weak,,,,,,,,,,,,,,,,,,,,,,,,,,,
14923563,2026-10-01 13:08:16,sim13,055490,,skip,theme_momentum_weak,,,,,,,,,,,,,,,,,,,,,,,,,,,
14923564,2026-10-01 13:10:24,sim13,084010,,skip,theme_momentum_weak,,,,,,,,,,,,,,,,,,,,,,,,,,,
14923564,2026-10-01 13:10:24,sim13,192650,,skip,no_frgn_support,,,,,,,,,,,,,,,,,,,,,,,,,,,
14923564,2026-10-01 13:10:24,sim13,036570,,skip,theme_momentum_weak,,,,,,,,,,,,,,,,,,,,,,,,,,,
14923564,2026-10-01 13:10:24,sim13,003350,,skip,theme_momentum_weak,,,,,,,,,,,,,,,,,,,,,,,,,,,
14923564,2026-10-01 13:10:24,sim13,001820,,skip,adx_weak,,,,38.26173826173826,,,,,,,,,,,,,,,,,,,,,,,
14923564,2026-10-01 13:10:24,sim13,480370,,skip,adx_weak,,,,25.87601078167116,,,,,,,,,,,,,,,,,,,,,,,
14923564,2026-10-01 13:10:24,sim13,248070,,skip,theme_momentum_weak,,,,,,,,,,,,,,,,,,,,,,,,,,,
14923564,2026-10-01 13:10:24,sim13,004105,,skip,no_frgn_support,,,,,,,,,,,,,,,,,,,,,,,,,,,
14923564,2026-10-01 13:10:24,sim13,001360,,skip,theme_momentum_weak,,,,,,,,,,,,,,,,,,,,,,,,,,,
14923564,2026-10-01 13:10:24,sim13,003160,,skip,no_frgn_support,,,,,,,,,,,,,,,,,,,,,,,,,,,
14923564,2026-10-01 13:10:24,sim13,353200,,skip,adx_weak,,,,28.26086956521739,,,,,,,,,,,,,,,,,,,,,,,
14923564,2026-10-01 13:10:24,sim13,109070,,skip,amount_not_surprised,,,,,,,,,,,,,,,,,,,,,,,,,,,
14923564,2026-10-01 13:10:24,sim13,023150,,skip,theme_momentum_weak,,,,,,,,,,,,,,,,,,,,,,,,,,,
14923564,2026-10-01 13:10:24,sim13,004710,,skip,no_frgn_support,,,,,,,,,,,,,,,,,,,,,,,,,,,
14923564,2026-10-01 13:10:24,sim13,009420,,skip,theme_momentum_weak,,,,,,,,,,,,,,,,,,,,,,,,,,,
14923564,2026-10-01 13:10:24,sim13,0126Z0,,skip,theme_momentum_weak,,,,,,,,,,,,,,,,,,,,,,,,,,,
14923564,2026-10-01 13:10:24,sim13,012030,,skip,adx_weak,,,,35.77142857142857,,,,,,,,,,,,,,,,,,,,,,,
14923564,2026-10-01 13:10:24,sim13,317450,,skip,theme_momentum_weak,,,,,,,,,,,,,,,,,,,,,,,,,,,
14923564,2026-10-01 13:10:24,sim13,077500,,skip,held_or_cooldown,,,,,,,,,,,,,,,,,,,,,,,,,,,
14923564,2026-10-01 13:10:24,sim13,002870,,skip,theme_momentum_weak,,,,,,,,,,,,,,,,,,,,,,,,,,,
14923564,2026-10-01 13:10:24,sim13,093050,,skip,theme_momentum_weak,,,,,,,,,,,,,,,,,,,,,,,,,,,
14923564,2026-10-01 13:10:24,sim13,014990,,skip,theme_momentum_weak,,,,,,,,,,,,,,,,,,,,,,,,,,,
14923564,2026-10-01 13:10:24,sim13,002360,,skip,amount_not_surprised,,,,,,,,,,,,,,,,,,,,,,,,,,,
14923564,2026-10-01 13:10:24,sim13,079550,,skip,theme_momentum_weak,,,,,,,,,,,,,,,,,,,,,,,,,,,
14923564,2026-10-01 13:10:24,sim13,078520,,skip,theme_momentum_weak,,,,,,,,,,,,,,,,,,,,,,,,,,,
14923564,2026-10-01 13:10:24,sim13,006660,,skip,theme_momentum_weak,,,,,,,,,,,,,,,,,,,,,,,,,,,
14923564,2026-10-01 13:10:24,sim13,007660,,skip,theme_momentum_weak,,,,,,,,,,,,,,,,,,,,,,,,,,,
14923564,2026-10-01 13:10:24,sim13,005850,,skip,theme_momentum_weak,,,,,,,,,,,,,,,,,,,,,,,,,,,
14923564,2026-10-01 13:10:24,sim13,015590,,skip,amount_not_surprised,,,,,,,,,,,,,,,,,,,,,,,,,,,
14923564,2026-10-01 13:10:24,sim13,272210,,skip,theme_momentum_weak,,,,,,,,,,,,,,,,,,,,,,,,,,,
14923565,2026-10-01 13:12:26,sim13,084010,,skip,theme_momentum_weak,,,,,,,,,,,,,,,,,,,,,,,,,,,
14923565,2026-10-01 13:12:26,sim13,192650,,skip,no_frgn_support,,,,,,,,,,,,,,,,,,,,,,,,,,,
14923565,2026-10-01 13:12:26,sim13,036570,,skip,theme_momentum_weak,,,,,,,,,,,,,,,,,,,,,,,,,,,
14923565,2026-10-01 13:12:26,sim13,003350,,skip,theme_momentum_weak,,,,,,,,,,,,,,,,,,,,,,,,,,,
14923565,2026-10-01 13:12:26,sim13,001820,,skip,adx_weak,,,,38.26173826173826,,,,,,,,,,,,,,,,,,,,,,,
14923565,2026-10-01 13:12:26,sim13,480370,,skip,adx_weak,,,,25.87601078167116,,,,,,,,,,,,,,,,,,,,,,,
14923565,2026-10-01 13:12:26,sim13,004105,,skip,no_frgn_support,,,,,,,,,,,,,,,,,,,,,,,,,,,
14923565,2026-10-01 13:12:26,sim13,248070,,skip,theme_momentum_weak,,,,,,,,,,,,,,,,,,,,,,,,,,,
14923565,2026-10-01 13:12:26,sim13,001360,,skip,theme_momentum_weak,,,,,,,,,,,,,,,,,,,,,,,,,,,
14923565,2026-10-01 13:12:26,sim13,023150,,skip,theme_momentum_weak,,,,,,,,,,,,,,,,,,,,,,,,,,,
14923565,2026-10-01 13:12:26,sim13,003160,,skip,no_frgn_support,,,,,,,,,,,,,,,,,,,,,,,,,,,
14923565,2026-10-01 13:12:26,sim13,353200,,skip,adx_weak,,,,28.26086956521739,,,,,,,,,,,,,,,,,,,,,,,
14923565,2026-10-01 13:12:26,sim13,109070,,skip,amount_not_surprised,,,,,,,,,,,,,,,,,,,,,,,,,,,
14923565,2026-10-01 13:12:26,sim13,004710,,skip,no_frgn_support,,,,,,,,,,,,,,,,,,,,,,,,,,,
14923565,2026-10-01 13:12:26,sim13,0126Z0,,skip,theme_momentum_weak,,,,,,,,,,,,,,,,,,,,,,,,,,,
14923565,2026-10-01 13:12:26,sim13,009420,,skip,theme_momentum_weak,,,,,,,,,,,,,,,,,,,,,,,,,,,
14923565,2026-10-01 13:12:26,sim13,012030,,skip,adx_weak,,,,35.77142857142857,,,,,,,,,,,,,,,,,,,,,,,
14923565,2026-10-01 13:12:26,sim13,317450,,skip,theme_momentum_weak,,,,,,,,,,,,,,,,,,,,,,,,,,,
14923565,2026-10-01 13:12:26,sim13,093050,,skip,theme_momentum_weak,,,,,,,,,,,,,,,,,,,,,,,,,,,
14923565,2026-10-01 13:12:26,sim13,002870,,skip,theme_momentum_weak,,,,,,,,,,,,,,,,,,,,,,,,,,,
14923565,2026-10-01 13:12:26,sim13,014990,,skip,theme_momentum_weak,,,,,,,,,,,,,,,,,,,,,,,,,,,
14923565,2026-10-01 13:12:26,sim13,077500,,skip,held_or_cooldown,,,,,,,,,,,,,,,,,,,,,,,,,,,
14923565,2026-10-01 13:12:26,sim13,002360,,skip,amount_not_surprised,,,,,,,,,,,,,,,,,,,,,,,,,,,
14923565,2026-10-01 13:12:26,sim13,079550,,skip,theme_momentum_weak,,,,,,,,,,,,,,,,,,,,,,,,,,,
14923565,2026-10-01 13:12:26,sim13,078520,,skip,theme_momentum_weak,,,,,,,,,,,,,,,,,,,,,,,,,,,
14923565,2026-10-01 13:12:26,sim13,015590,,skip,amount_not_surprised,,,,,,,,,,,,,,,,,,,,,,,,,,,
14923565,2026-10-01 13:12:26,sim13,007660,,skip,theme_momentum_weak,,,,,,,,,,,,,,,,,,,,,,,,,,,
14923565,2026-10-01 13:12:26,sim13,005850,,skip,theme_momentum_weak,,,,,,,,,,,,,,,,,,,,,,,,,,,
14923565,2026-10-01 13:12:26,sim13,011690,,skip,theme_momentum_weak,,,,,,,,,,,,,,,,,,,,,,,,,,,
14923565,2026-10-01 13:12:26,sim13,000400,,skip,theme_momentum_weak,,,,,,,,,,,,,,,,,,,,,,,,,,,
14923566,2026-10-01 13:14:31,sim13,084010,,skip,theme_momentum_weak,,,,,,,,,,,,,,,,,,,,,,,,,,,
14923566,2026-10-01 13:14:31,sim13,192650,,skip,no_frgn_support,,,,,,,,,,,,,,,,,,,,,,,,,,,
14923566,2026-10-01 13:14:31,sim13,036570,,skip,theme_momentum_weak,,,,,,,,,,,,,,,,,,,,,,,,,,,
14923566,2026-10-01 13:14:31,sim13,003350,,skip,theme_momentum_weak,,,,,,,,,,,,,,,,,,,,,,,,,,,
14923566,2026-10-01 13:14:31,sim13,023150,,skip,theme_momentum_weak,,,,,,,,,,,,,,,,,,,,,,,,,,,
14923566,2026-10-01 13:14:31,sim13,001820,,skip,adx_weak,,,,38.26173826173826,,,,,,,,,,,,,,,,,,,,,,,
14923566,2026-10-01 13:14:31,sim13,001360,,skip,theme_momentum_weak,,,,,,,,,,,,,,,,,,,,,,,,,,,
14923566,2026-10-01 13:14:31,sim13,248070,,skip,theme_momentum_weak,,,,,,,,,,,,,,,,,,,,,,,,,,,
14923566,2026-10-01 13:14:31,sim13,480370,,skip,adx_weak,,,,25.87601078167116,,,,,,,,,,,,,,,,,,,,,,,
14923566,2026-10-01 13:14:31,sim13,004105,,skip,no_frgn_support,,,,,,,,,,,,,,,,,,,,,,,,,,,
14923566,2026-10-01 13:14:31,sim13,003160,,skip,no_frgn_support,,,,,,,,,,,,,,,,,,,,,,,,,,,
14923566,2026-10-01 13:14:31,sim13,353200,,skip,adx_weak,,,,28.26086956521739,,,,,,,,,,,,,,,,,,,,,,,
14923566,2026-10-01 13:14:31,sim13,109070,,skip,amount_not_surprised,,,,,,,,,,,,,,,,,,,,,,,,,,,
14923566,2026-10-01 13:14:31,sim13,009420,,skip,theme_momentum_weak,,,,,,,,,,,,,,,,,,,,,,,,,,,
14923566,2026-10-01 13:14:31,sim13,012030,,skip,adx_weak,,,,35.77142857142857,,,,,,,,,,,,,,,,,,,,,,,
14923566,2026-10-01 13:14:31,sim13,004710,,skip,no_frgn_support,,,,,,,,,,,,,,,,,,,,,,,,,,,
14923566,2026-10-01 13:14:31,sim13,0126Z0,,skip,theme_momentum_weak,,,,,,,,,,,,,,,,,,,,,,,,,,,
14923566,2026-10-01 13:14:31,sim13,317450,,skip,theme_momentum_weak,,,,,,,,,,,,,,,,,,,,,,,,,,,
14923566,2026-10-01 13:14:31,sim13,093050,,skip,theme_momentum_weak,,,,,,,,,,,,,,,,,,,,,,,,,,,
14923566,2026-10-01 13:14:31,sim13,002870,,skip,theme_momentum_weak,,,,,,,,,,,,,,,,,,,,,,,,,,,
14923566,2026-10-01 13:14:31,sim13,002360,,skip,amount_not_surprised,,,,,,,,,,,,,,,,,,,,,,,,,,,
14923566,2026-10-01 13:14:31,sim13,006660,,skip,theme_momentum_weak,,,,,,,,,,,,,,,,,,,,,,,,,,,
14923566,2026-10-01 13:14:31,sim13,077500,,skip,held_or_cooldown,,,,,,,,,,,,,,,,,,,,,,,,,,,
14923566,2026-10-01 13:14:31,sim13,014990,,skip,theme_momentum_weak,,,,,,,,,,,,,,,,,,,,,,,,,,,
14923566,2026-10-01 13:14:31,sim13,079550,,skip,theme_momentum_weak,,,,,,,,,,,,,,,,,,,,,,,,,,,
14923566,2026-10-01 13:14:31,sim13,078520,,skip,theme_momentum_weak,,,,,,,,,,,,,,,,,,,,,,,,,,,
14923566,2026-10-01 13:14:31,sim13,015590,,skip,amount_not_surprised,,,,,,,,,,,,,,,,,,,,,,,,,,,
14923566,2026-10-01 13:14:31,sim13,005850,,skip,theme_momentum_weak,,,,,,,,,,,,,,,,,,,,,,,,,,,
14923566,2026-10-01 13:14:31,sim13,011690,,skip,theme_momentum_weak,,,,,,,,,,,,,,,,,,,,,,,,,,,
14923566,2026-10-01 13:14:31,sim13,000760,,skip,theme_momentum_weak,,,,,,,,,,,,,,,,,,,,,,,,,,,
14923567,2026-10-01 13:16:36,sim13,084010,,skip,theme_momentum_weak,,,,,,,,,,,,,,,,,,,,,,,,,,,
14923567,2026-10-01 13:16:36,sim13,192650,,skip,no_frgn_support,,,,,,,,,,,,,,,,,,,,,,,,,,,
14923567,2026-10-01 13:16:36,sim13,036570,,skip,theme_momentum_weak,,,,,,,,,,,,,,,,,,,,,,,,,,,
14923567,2026-10-01 13:16:36,sim13,003350,,skip,theme_momentum_weak,,,,,,,,,,,,,,,,,,,,,,,,,,,
14923567,2026-10-01 13:16:36,sim13,001360,,skip,theme_momentum_weak,,,,,,,,,,,,,,,,,,,,,,,,,,,
14923567,2026-10-01 13:16:36,sim13,003160,,skip,no_frgn_support,,,,,,,,,,,,,,,,,,,,,,,,,,,
14923567,2026-10-01 13:16:36,sim13,248070,,skip,theme_momentum_weak,,,,,,,,,,,,,,,,,,,,,,,,,,,
14923567,2026-10-01 13:16:36,sim13,001820,,skip,adx_weak,,,,38.26173826173826,,,,,,,,,,,,,,,,,,,,,,,
14923567,2026-10-01 13:16:36,sim13,023150,,skip,theme_momentum_weak,,,,,,,,,,,,,,,,,,,,,,,,,,,
14923567,2026-10-01 13:16:36,sim13,480370,,skip,adx_weak,,,,25.87601078167116,,,,,,,,,,,,,,,,,,,,,,,
14923567,2026-10-01 13:16:36,sim13,004105,,skip,no_frgn_support,,,,,,,,,,,,,,,,,,,,,,,,,,,
14923567,2026-10-01 13:16:36,sim13,004710,,skip,no_frgn_support,,,,,,,,,,,,,,,,,,,,,,,,,,,
14923567,2026-10-01 13:16:36,sim13,109070,,skip,amount_not_surprised,,,,,,,,,,,,,,,,,,,,,,,,,,,
14923567,2026-10-01 13:16:36,sim13,009420,,skip,theme_momentum_weak,,,,,,,,,,,,,,,,,,,,,,,,,,,
14923567,2026-10-01 13:16:36,sim13,0126Z0,,skip,theme_momentum_weak,,,,,,,,,,,,,,,,,,,,,,,,,,,
14923567,2026-10-01 13:16:36,sim13,353200,,skip,adx_weak,,,,28.26086956521739,,,,,,,,,,,,,,,,,,,,,,,
14923567,2026-10-01 13:16:36,sim13,012030,,skip,adx_weak,,,,35.77142857142857,,,,,,,,,,,,,,,,,,,,,,,
14923567,2026-10-01 13:16:36,sim13,317450,,skip,theme_momentum_weak,,,,,,,,,,,,,,,,,,,,,,,,,,,
14923567,2026-10-01 13:16:36,sim13,093050,,skip,theme_momentum_weak,,,,,,,,,,,,,,,,,,,,,,,,,,,
14923567,2026-10-01 13:16:36,sim13,077500,,skip,held_or_cooldown,,,,,,,,,,,,,,,,,,,,,,,,,,,
14923567,2026-10-01 13:16:36,sim13,079550,,skip,theme_momentum_weak,,,,,,,,,,,,,,,,,,,,,,,,,,,
14923567,2026-10-01 13:16:36,sim13,002870,,skip,theme_momentum_weak,,,,,,,,,,,,,,,,,,,,,,,,,,,
14923567,2026-10-01 13:16:36,sim13,002360,,skip,amount_not_surprised,,,,,,,,,,,,,,,,,,,,,,,,,,,
14923567,2026-10-01 13:16:36,sim13,078520,,skip,theme_momentum_weak,,,,,,,,,,,,,,,,,,,,,,,,,,,
14923567,2026-10-01 13:16:36,sim13,006660,,skip,theme_momentum_weak,,,,,,,,,,,,,,,,,,,,,,,,,,,
14923567,2026-10-01 13:16:36,sim13,014990,,skip,theme_momentum_weak,,,,,,,,,,,,,,,,,,,,,,,,,,,
14923567,2026-10-01 13:16:36,sim13,011690,,skip,theme_momentum_weak,,,,,,,,,,,,,,,,,,,,,,,,,,,
14923567,2026-10-01 13:16:36,sim13,005850,,skip,theme_momentum_weak,,,,,,,,,,,,,,,,,,,,,,,,,,,
14923567,2026-10-01 13:16:36,sim13,015590,,skip,amount_not_surprised,,,,,,,,,,,,,,,,,,,,,,,,,,,
14923567,2026-10-01 13:16:36,sim13,460860,,skip,theme_momentum_weak,,,,,,,,,,,,,,,,,,,,,,,,,,,
14923568,2026-10-01 13:18:45,sim13,084010,,skip,theme_momentum_weak,,,,,,,,,,,,,,,,,,,,,,,,,,,
14923568,2026-10-01 13:18:45,sim13,192650,,skip,no_frgn_support,,,,,,,,,,,,,,,,,,,,,,,,,,,
14923568,2026-10-01 13:18:45,sim13,036570,,skip,theme_momentum_weak,,,,,,,,,,,,,,,,,,,,,,,,,,,
14923568,2026-10-01 13:18:45,sim13,003350,,skip,theme_momentum_weak,,,,,,,,,,,,,,,,,,,,,,,,,,,
14923568,2026-10-01 13:18:45,sim13,001360,,skip,theme_momentum_weak,,,,,,,,,,,,,,,,,,,,,,,,,,,
14923568,2026-10-01 13:18:45,sim13,003160,,skip,no_frgn_support,,,,,,,,,,,,,,,,,,,,,,,,,,,
14923568,2026-10-01 13:18:45,sim13,248070,,skip,theme_momentum_weak,,,,,,,,,,,,,,,,,,,,,,,,,,,
14923568,2026-10-01 13:18:45,sim13,001820,,skip,adx_weak,,,,38.26173826173826,,,,,,,,,,,,,,,,,,,,,,,
14923568,2026-10-01 13:18:45,sim13,023150,,skip,theme_momentum_weak,,,,,,,,,,,,,,,,,,,,,,,,,,,
14923568,2026-10-01 13:18:45,sim13,004105,,skip,no_frgn_support,,,,,,,,,,,,,,,,,,,,,,,,,,,
14923568,2026-10-01 13:18:45,sim13,480370,,skip,adx_weak,,,,25.87601078167116,,,,,,,,,,,,,,,,,,,,,,,
14923568,2026-10-01 13:18:45,sim13,109070,,skip,amount_not_surprised,,,,,,,,,,,,,,,,,,,,,,,,,,,
14923568,2026-10-01 13:18:45,sim13,353200,,skip,adx_weak,,,,28.26086956521739,,,,,,,,,,,,,,,,,,,,,,,
14923568,2026-10-01 13:18:45,sim13,012030,,skip,adx_weak,,,,35.77142857142857,,,,,,,,,,,,,,,,,,,,,,,
14923568,2026-10-01 13:18:45,sim13,009420,,skip,theme_momentum_weak,,,,,,,,,,,,,,,,,,,,,,,,,,,
14923568,2026-10-01 13:18:45,sim13,0126Z0,,skip,theme_momentum_weak,,,,,,,,,,,,,,,,,,,,,,,,,,,
14923568,2026-10-01 13:18:45,sim13,004710,,skip,no_frgn_support,,,,,,,,,,,,,,,,,,,,,,,,,,,
14923568,2026-10-01 13:18:45,sim13,317450,,skip,theme_momentum_weak,,,,,,,,,,,,,,,,,,,,,,,,,,,
14923568,2026-10-01 13:18:45,sim13,002360,,skip,amount_not_surprised,,,,,,,,,,,,,,,,,,,,,,,,,,,
14923568,2026-10-01 13:18:45,sim13,093050,,skip,theme_momentum_weak,,,,,,,,,,,,,,,,,,,,,,,,,,,
14923568,2026-10-01 13:18:45,sim13,079550,,skip,theme_momentum_weak,,,,,,,,,,,,,,,,,,,,,,,,,,,
14923568,2026-10-01 13:18:45,sim13,002870,,skip,theme_momentum_weak,,,,,,,,,,,,,,,,,,,,,,,,,,,
14923568,2026-10-01 13:18:45,sim13,077500,,skip,held_or_cooldown,,,,,,,,,,,,,,,,,,,,,,,,,,,
14923568,2026-10-01 13:18:45,sim13,078520,,skip,theme_momentum_weak,,,,,,,,,,,,,,,,,,,,,,,,,,,
14923568,2026-10-01 13:18:45,sim13,460860,,skip,theme_momentum_weak,,,,,,,,,,,,,,,,,,,,,,,,,,,
14923568,2026-10-01 13:18:45,sim13,014990,,skip,theme_momentum_weak,,,,,,,,,,,,,,,,,,,,,,,,,,,
14923568,2026-10-01 13:18:45,sim13,011690,,skip,theme_momentum_weak,,,,,,,,,,,,,,,,,,,,,,,,,,,
14923568,2026-10-01 13:18:45,sim13,015590,,skip,amount_not_surprised,,,,,,,,,,,,,,,,,,,,,,,,,,,
14923568,2026-10-01 13:18:45,sim13,446070,,skip,theme_momentum_weak,,,,,,,,,,,,,,,,,,,,,,,,,,,
14923568,2026-10-01 13:18:45,sim13,002240,,skip,theme_momentum_weak,,,,,,,,,,,,,,,,,,,,,,,,,,,
14923569,2026-10-01 13:20:45,sim13,084010,,skip,theme_momentum_weak,,,,,,,,,,,,,,,,,,,,,,,,,,,
14923569,2026-10-01 13:20:45,sim13,192650,,skip,no_frgn_support,,,,,,,,,,,,,,,,,,,,,,,,,,,
14923569,2026-10-01 13:20:45,sim13,036570,,skip,theme_momentum_weak,,,,,,,,,,,,,,,,,,,,,,,,,,,
14923569,2026-10-01 13:20:45,sim13,003350,,skip,theme_momentum_weak,,,,,,,,,,,,,,,,,,,,,,,,,,,
14923569,2026-10-01 13:20:45,sim13,023150,,skip,theme_momentum_weak,,,,,,,,,,,,,,,,,,,,,,,,,,,
14923569,2026-10-01 13:20:45,sim13,002360,,skip,amount_not_surprised,,,,,,,,,,,,,,,,,,,,,,,,,,,
14923569,2026-10-01 13:20:45,sim13,001360,,skip,theme_momentum_weak,,,,,,,,,,,,,,,,,,,,,,,,,,,
14923569,2026-10-01 13:20:45,sim13,003160,,skip,no_frgn_support,,,,,,,,,,,,,,,,,,,,,,,,,,,
14923569,2026-10-01 13:20:45,sim13,480370,,skip,adx_weak,,,,25.87601078167116,,,,,,,,,,,,,,,,,,,,,,,
14923569,2026-10-01 13:20:45,sim13,001820,,skip,adx_weak,,,,38.26173826173826,,,,,,,,,,,,,,,,,,,,,,,
14923569,2026-10-01 13:20:45,sim13,248070,,skip,theme_momentum_weak,,,,,,,,,,,,,,,,,,,,,,,,,,,
14923569,2026-10-01 13:20:45,sim13,004105,,skip,no_frgn_support,,,,,,,,,,,,,,,,,,,,,,,,,,,
14923569,2026-10-01 13:20:45,sim13,353200,,skip,adx_weak,,,,28.26086956521739,,,,,,,,,,,,,,,,,,,,,,,
14923569,2026-10-01 13:20:45,sim13,109070,,skip,amount_not_surprised,,,,,,,,,,,,,,,,,,,,,,,,,,,
14923569,2026-10-01 13:20:45,sim13,009420,,skip,theme_momentum_weak,,,,,,,,,,,,,,,,,,,,,,,,,,,
14923569,2026-10-01 13:20:45,sim13,012030,,skip,adx_weak,,,,35.77142857142857,,,,,,,,,,,,,,,,,,,,,,,
14923569,2026-10-01 13:20:45,sim13,004710,,skip,no_frgn_support,,,,,,,,,,,,,,,,,,,,,,,,,,,
14923569,2026-10-01 13:20:45,sim13,0126Z0,,skip,theme_momentum_weak,,,,,,,,,,,,,,,,,,,,,,,,,,,
14923569,2026-10-01 13:20:45,sim13,317450,,skip,theme_momentum_weak,,,,,,,,,,,,,,,,,,,,,,,,,,,
14923569,2026-10-01 13:20:45,sim13,093050,,skip,theme_momentum_weak,,,,,,,,,,,,,,,,,,,,,,,,,,,
14923569,2026-10-01 13:20:45,sim13,077500,,skip,held_or_cooldown,,,,,,,,,,,,,,,,,,,,,,,,,,,
14923569,2026-10-01 13:20:45,sim13,079550,,skip,theme_momentum_weak,,,,,,,,,,,,,,,,,,,,,,,,,,,
14923569,2026-10-01 13:20:45,sim13,078520,,skip,theme_momentum_weak,,,,,,,,,,,,,,,,,,,,,,,,,,,
14923569,2026-10-01 13:20:45,sim13,460860,,skip,theme_momentum_weak,,,,,,,,,,,,,,,,,,,,,,,,,,,
14923569,2026-10-01 13:20:45,sim13,014990,,skip,theme_momentum_weak,,,,,,,,,,,,,,,,,,,,,,,,,,,
14923569,2026-10-01 13:20:45,sim13,011690,,skip,theme_momentum_weak,,,,,,,,,,,,,,,,,,,,,,,,,,,
14923569,2026-10-01 13:20:45,sim13,015590,,skip,amount_not_surprised,,,,,,,,,,,,,,,,,,,,,,,,,,,
14923569,2026-10-01 13:20:45,sim13,002240,,skip,theme_momentum_weak,,,,,,,,,,,,,,,,,,,,,,,,,,,
14923569,2026-10-01 13:20:45,sim13,446070,,skip,theme_momentum_weak,,,,,,,,,,,,,,,,,,,,,,,,,,,
14923569,2026-10-01 13:20:45,sim13,033240,,skip,theme_momentum_weak,,,,,,,,,,,,,,,,,,,,,,,,,,,
14923570,2026-10-01 13:22:53,sim13,084010,,skip,theme_momentum_weak,,,,,,,,,,,,,,,,,,,,,,,,,,,
14923570,2026-10-01 13:22:53,sim13,192650,,skip,no_frgn_support,,,,,,,,,,,,,,,,,,,,,,,,,,,
14923570,2026-10-01 13:22:53,sim13,036570,,skip,theme_momentum_weak,,,,,,,,,,,,,,,,,,,,,,,,,,,
14923570,2026-10-01 13:22:53,sim13,003350,,skip,theme_momentum_weak,,,,,,,,,,,,,,,,,,,,,,,,,,,
14923570,2026-10-01 13:22:53,sim13,001360,,skip,theme_momentum_weak,,,,,,,,,,,,,,,,,,,,,,,,,,,
14923570,2026-10-01 13:22:53,sim13,002360,,skip,amount_not_surprised,,,,,,,,,,,,,,,,,,,,,,,,,,,
14923570,2026-10-01 13:22:53,sim13,248070,,skip,theme_momentum_weak,,,,,,,,,,,,,,,,,,,,,,,,,,,
14923570,2026-10-01 13:22:53,sim13,003160,,skip,no_frgn_support,,,,,,,,,,,,,,,,,,,,,,,,,,,
14923570,2026-10-01 13:22:53,sim13,480370,,skip,adx_weak,,,,25.87601078167116,,,,,,,,,,,,,,,,,,,,,,,
14923570,2026-10-01 13:22:53,sim13,023150,,skip,theme_momentum_weak,,,,,,,,,,,,,,,,,,,,,,,,,,,
14923570,2026-10-01 13:22:53,sim13,012030,,skip,adx_weak,,,,35.77142857142857,,,,,,,,,,,,,,,,,,,,,,,
14923570,2026-10-01 13:22:53,sim13,001820,,skip,adx_weak,,,,38.26173826173826,,,,,,,,,,,,,,,,,,,,,,,
14923570,2026-10-01 13:22:53,sim13,004105,,skip,no_frgn_support,,,,,,,,,,,,,,,,,,,,,,,,,,,
14923570,2026-10-01 13:22:53,sim13,004710,,skip,no_frgn_support,,,,,,,,,,,,,,,,,,,,,,,,,,,
14923570,2026-10-01 13:22:53,sim13,009420,,skip,theme_momentum_weak,,,,,,,,,,,,,,,,,,,,,,,,,,,
14923570,2026-10-01 13:22:53,sim13,353200,,skip,adx_weak,,,,28.26086956521739,,,,,,,,,,,,,,,,,,,,,,,
14923570,2026-10-01 13:22:53,sim13,0126Z0,,skip,theme_momentum_weak,,,,,,,,,,,,,,,,,,,,,,,,,,,
14923570,2026-10-01 13:22:53,sim13,109070,,skip,amount_not_surprised,,,,,,,,,,,,,,,,,,,,,,,,,,,
14923570,2026-10-01 13:22:53,sim13,317450,,skip,theme_momentum_weak,,,,,,,,,,,,,,,,,,,,,,,,,,,
14923570,2026-10-01 13:22:53,sim13,093050,,skip,theme_momentum_weak,,,,,,,,,,,,,,,,,,,,,,,,,,,
14923570,2026-10-01 13:22:53,sim13,079550,,skip,theme_momentum_weak,,,,,,,,,,,,,,,,,,,,,,,,,,,
14923570,2026-10-01 13:22:53,sim13,077500,,skip,held_or_cooldown,,,,,,,,,,,,,,,,,,,,,,,,,,,
14923570,2026-10-01 13:22:53,sim13,078520,,skip,theme_momentum_weak,,,,,,,,,,,,,,,,,,,,,,,,,,,
14923570,2026-10-01 13:22:53,sim13,460860,,skip,theme_momentum_weak,,,,,,,,,,,,,,,,,,,,,,,,,,,
14923570,2026-10-01 13:22:53,sim13,011690,,skip,theme_momentum_weak,,,,,,,,,,,,,,,,,,,,,,,,,,,
14923570,2026-10-01 13:22:53,sim13,006660,,skip,theme_momentum_weak,,,,,,,,,,,,,,,,,,,,,,,,,,,
14923570,2026-10-01 13:22:53,sim13,015590,,skip,amount_not_surprised,,,,,,,,,,,,,,,,,,,,,,,,,,,
14923570,2026-10-01 13:22:53,sim13,014990,,skip,theme_momentum_weak,,,,,,,,,,,,,,,,,,,,,,,,,,,
14923570,2026-10-01 13:22:53,sim13,446070,,skip,theme_momentum_weak,,,,,,,,,,,,,,,,,,,,,,,,,,,
14923570,2026-10-01 13:22:53,sim13,002240,,skip,theme_momentum_weak,,,,,,,,,,,,,,,,,,,,,,,,,,,
14923571,2026-10-01 13:24:58,sim13,084010,,skip,theme_momentum_weak,,,,,,,,,,,,,,,,,,,,,,,,,,,
14923571,2026-10-01 13:24:58,sim13,002360,,skip,amount_not_surprised,,,,,,,,,,,,,,,,,,,,,,,,,,,
14923571,2026-10-01 13:24:58,sim13,192650,,skip,no_frgn_support,,,,,,,,,,,,,,,,,,,,,,,,,,,
14923571,2026-10-01 13:24:58,sim13,036570,,skip,theme_momentum_weak,,,,,,,,,,,,,,,,,,,,,,,,,,,
14923571,2026-10-01 13:24:58,sim13,001360,,skip,theme_momentum_weak,,,,,,,,,,,,,,,,,,,,,,,,,,,
14923571,2026-10-01 13:24:58,sim13,003350,,skip,theme_momentum_weak,,,,,,,,,,,,,,,,,,,,,,,,,,,
14923571,2026-10-01 13:24:58,sim13,248070,,skip,theme_momentum_weak,,,,,,,,,,,,,,,,,,,,,,,,,,,
14923571,2026-10-01 13:24:58,sim13,003160,,skip,no_frgn_support,,,,,,,,,,,,,,,,,,,,,,,,,,,
14923571,2026-10-01 13:24:58,sim13,012030,,skip,adx_weak,,,,35.77142857142857,,,,,,,,,,,,,,,,,,,,,,,
14923571,2026-10-01 13:24:58,sim13,480370,,skip,adx_weak,,,,25.87601078167116,,,,,,,,,,,,,,,,,,,,,,,
14923571,2026-10-01 13:24:58,sim13,023150,,skip,theme_momentum_weak,,,,,,,,,,,,,,,,,,,,,,,,,,,
14923571,2026-10-01 13:24:58,sim13,001820,,skip,adx_weak,,,,38.26173826173826,,,,,,,,,,,,,,,,,,,,,,,
14923571,2026-10-01 13:24:58,sim13,004710,,skip,no_frgn_support,,,,,,,,,,,,,,,,,,,,,,,,,,,
14923571,2026-10-01 13:24:58,sim13,009420,,skip,theme_momentum_weak,,,,,,,,,,,,,,,,,,,,,,,,,,,
14923571,2026-10-01 13:24:58,sim13,004105,,skip,no_frgn_support,,,,,,,,,,,,,,,,,,,,,,,,,,,
14923571,2026-10-01 13:24:58,sim13,353200,,skip,adx_weak,,,,28.26086956521739,,,,,,,,,,,,,,,,,,,,,,,
14923571,2026-10-01 13:24:58,sim13,0126Z0,,skip,theme_momentum_weak,,,,,,,,,,,,,,,,,,,,,,,,,,,
14923571,2026-10-01 13:24:58,sim13,109070,,skip,amount_not_surprised,,,,,,,,,,,,,,,,,,,,,,,,,,,
14923571,2026-10-01 13:24:58,sim13,077500,,skip,held_or_cooldown,,,,,,,,,,,,,,,,,,,,,,,,,,,
14923571,2026-10-01 13:24:58,sim13,317450,,skip,theme_momentum_weak,,,,,,,,,,,,,,,,,,,,,,,,,,,
14923571,2026-10-01 13:24:58,sim13,093050,,skip,theme_momentum_weak,,,,,,,,,,,,,,,,,,,,,,,,,,,
14923571,2026-10-01 13:24:58,sim13,079550,,skip,theme_momentum_weak,,,,,,,,,,,,,,,,,,,,,,,,,,,
14923571,2026-10-01 13:24:58,sim13,078520,,skip,theme_momentum_weak,,,,,,,,,,,,,,,,,,,,,,,,,,,
14923571,2026-10-01 13:24:58,sim13,460860,,skip,theme_momentum_weak,,,,,,,,,,,,,,,,,,,,,,,,,,,
14923571,2026-10-01 13:24:58,sim13,015590,,skip,amount_not_surprised,,,,,,,,,,,,,,,,,,,,,,,,,,,
14923571,2026-10-01 13:24:58,sim13,101140,,skip,theme_momentum_weak,,,,,,,,,,,,,,,,,,,,,,,,,,,
14923571,2026-10-01 13:24:58,sim13,014990,,skip,theme_momentum_weak,,,,,,,,,,,,,,,,,,,,,,,,,,,
14923571,2026-10-01 13:24:58,sim13,011690,,skip,theme_momentum_weak,,,,,,,,,,,,,,,,,,,,,,,,,,,
14923571,2026-10-01 13:24:58,sim13,272210,,skip,theme_momentum_weak,,,,,,,,,,,,,,,,,,,,,,,,,,,
14923571,2026-10-01 13:24:58,sim13,002240,,skip,theme_momentum_weak,,,,,,,,,,,,,,,,,,,,,,,,,,,
14923572,2026-10-01 13:27:06,sim13,084010,,skip,theme_momentum_weak,,,,,,,,,,,,,,,,,,,,,,,,,,,
14923572,2026-10-01 13:27:06,sim13,192650,,skip,no_frgn_support,,,,,,,,,,,,,,,,,,,,,,,,,,,
14923572,2026-10-01 13:27:06,sim13,002360,,skip,amount_not_surprised,,,,,,,,,,,,,,,,,,,,,,,,,,,
14923572,2026-10-01 13:27:06,sim13,001360,,skip,theme_momentum_weak,,,,,,,,,,,,,,,,,,,,,,,,,,,
14923572,2026-10-01 13:27:06,sim13,036570,,skip,theme_momentum_weak,,,,,,,,,,,,,,,,,,,,,,,,,,,
14923572,2026-10-01 13:27:06,sim13,003350,,skip,theme_momentum_weak,,,,,,,,,,,,,,,,,,,,,,,,,,,
14923572,2026-10-01 13:27:06,sim13,003160,,skip,no_frgn_support,,,,,,,,,,,,,,,,,,,,,,,,,,,
14923572,2026-10-01 13:27:06,sim13,248070,,skip,theme_momentum_weak,,,,,,,,,,,,,,,,,,,,,,,,,,,
14923572,2026-10-01 13:27:06,sim13,012030,,skip,adx_weak,,,,35.77142857142857,,,,,,,,,,,,,,,,,,,,,,,
14923572,2026-10-01 13:27:06,sim13,001820,,skip,adx_weak,,,,38.26173826173826,,,,,,,,,,,,,,,,,,,,,,,
14923572,2026-10-01 13:27:06,sim13,480370,,skip,adx_weak,,,,25.87601078167116,,,,,,,,,,,,,,,,,,,,,,,
14923572,2026-10-01 13:27:06,sim13,023150,,skip,theme_momentum_weak,,,,,,,,,,,,,,,,,,,,,,,,,,,
14923572,2026-10-01 13:27:06,sim13,009420,,skip,theme_momentum_weak,,,,,,,,,,,,,,,,,,,,,,,,,,,
14923572,2026-10-01 13:27:06,sim13,004105,,skip,no_frgn_support,,,,,,,,,,,,,,,,,,,,,,,,,,,
14923572,2026-10-01 13:27:06,sim13,004710,,skip,no_frgn_support,,,,,,,,,,,,,,,,,,,,,,,,,,,
14923572,2026-10-01 13:27:06,sim13,353200,,skip,adx_weak,,,,28.26086956521739,,,,,,,,,,,,,,,,,,,,,,,
14923572,2026-10-01 13:27:06,sim13,0126Z0,,skip,theme_momentum_weak,,,,,,,,,,,,,,,,,,,,,,,,,,,
14923572,2026-10-01 13:27:06,sim13,109070,,skip,amount_not_surprised,,,,,,,,,,,,,,,,,,,,,,,,,,,
14923572,2026-10-01 13:27:06,sim13,077500,,skip,held_or_cooldown,,,,,,,,,,,,,,,,,,,,,,,,,,,
14923572,2026-10-01 13:27:06,sim13,093050,,skip,theme_momentum_weak,,,,,,,,,,,,,,,,,,,,,,,,,,,
14923572,2026-10-01 13:27:06,sim13,317450,,skip,theme_momentum_weak,,,,,,,,,,,,,,,,,,,,,,,,,,,
14923572,2026-10-01 13:27:06,sim13,079550,,skip,theme_momentum_weak,,,,,,,,,,,,,,,,,,,,,,,,,,,
14923572,2026-10-01 13:27:06,sim13,078520,,skip,theme_momentum_weak,,,,,,,,,,,,,,,,,,,,,,,,,,,
14923572,2026-10-01 13:27:06,sim13,460860,,skip,theme_momentum_weak,,,,,,,,,,,,,,,,,,,,,,,,,,,
14923572,2026-10-01 13:27:06,sim13,011690,,skip,theme_momentum_weak,,,,,,,,,,,,,,,,,,,,,,,,,,,
14923572,2026-10-01 13:27:06,sim13,272210,,skip,theme_momentum_weak,,,,,,,,,,,,,,,,,,,,,,,,,,,
14923572,2026-10-01 13:27:06,sim13,446070,,skip,theme_momentum_weak,,,,,,,,,,,,,,,,,,,,,,,,,,,
14923572,2026-10-01 13:27:06,sim13,015590,,skip,amount_not_surprised,,,,,,,,,,,,,,,,,,,,,,,,,,,
14923572,2026-10-01 13:27:06,sim13,014990,,skip,theme_momentum_weak,,,,,,,,,,,,,,,,,,,,,,,,,,,
14923572,2026-10-01 13:27:06,sim13,002240,,skip,theme_momentum_weak,,,,,,,,,,,,,,,,,,,,,,,,,,,
14923574,2026-10-01 13:29:09,sim13,084010,,skip,theme_momentum_weak,,,,,,,,,,,,,,,,,,,,,,,,,,,
14923574,2026-10-01 13:29:09,sim13,002360,,skip,amount_not_surprised,,,,,,,,,,,,,,,,,,,,,,,,,,,
14923574,2026-10-01 13:29:09,sim13,192650,,skip,no_frgn_support,,,,,,,,,,,,,,,,,,,,,,,,,,,
14923574,2026-10-01 13:29:09,sim13,036570,,skip,theme_momentum_weak,,,,,,,,,,,,,,,,,,,,,,,,,,,
14923574,2026-10-01 13:29:09,sim13,001360,,skip,theme_momentum_weak,,,,,,,,,,,,,,,,,,,,,,,,,,,
14923574,2026-10-01 13:29:09,sim13,003350,,skip,theme_momentum_weak,,,,,,,,,,,,,,,,,,,,,,,,,,,
14923574,2026-10-01 13:29:09,sim13,003160,,skip,no_frgn_support,,,,,,,,,,,,,,,,,,,,,,,,,,,
14923574,2026-10-01 13:29:09,sim13,248070,,skip,theme_momentum_weak,,,,,,,,,,,,,,,,,,,,,,,,,,,
14923574,2026-10-01 13:29:09,sim13,001820,,skip,adx_weak,,,,38.26173826173826,,,,,,,,,,,,,,,,,,,,,,,
14923574,2026-10-01 13:29:09,sim13,012030,,skip,adx_weak,,,,35.77142857142857,,,,,,,,,,,,,,,,,,,,,,,
14923574,2026-10-01 13:29:09,sim13,480370,,skip,adx_weak,,,,25.87601078167116,,,,,,,,,,,,,,,,,,,,,,,
14923574,2026-10-01 13:29:09,sim13,004105,,skip,no_frgn_support,,,,,,,,,,,,,,,,,,,,,,,,,,,
14923574,2026-10-01 13:29:09,sim13,009420,,skip,theme_momentum_weak,,,,,,,,,,,,,,,,,,,,,,,,,,,
14923574,2026-10-01 13:29:09,sim13,023150,,skip,theme_momentum_weak,,,,,,,,,,,,,,,,,,,,,,,,,,,
14923574,2026-10-01 13:29:09,sim13,004710,,skip,no_frgn_support,,,,,,,,,,,,,,,,,,,,,,,,,,,
14923574,2026-10-01 13:29:09,sim13,353200,,skip,adx_weak,,,,28.26086956521739,,,,,,,,,,,,,,,,,,,,,,,
14923574,2026-10-01 13:29:09,sim13,0126Z0,,skip,theme_momentum_weak,,,,,,,,,,,,,,,,,,,,,,,,,,,
14923574,2026-10-01 13:29:09,sim13,109070,,skip,amount_not_surprised,,,,,,,,,,,,,,,,,,,,,,,,,,,
14923574,2026-10-01 13:29:09,sim13,317450,,skip,theme_momentum_weak,,,,,,,,,,,,,,,,,,,,,,,,,,,
14923574,2026-10-01 13:29:09,sim13,077500,,skip,held_or_cooldown,,,,,,,,,,,,,,,,,,,,,,,,,,,
14923574,2026-10-01 13:29:09,sim13,093050,,skip,theme_momentum_weak,,,,,,,,,,,,,,,,,,,,,,,,,,,
14923574,2026-10-01 13:29:09,sim13,078520,,skip,theme_momentum_weak,,,,,,,,,,,,,,,,,,,,,,,,,,,
14923574,2026-10-01 13:29:09,sim13,079550,,skip,theme_momentum_weak,,,,,,,,,,,,,,,,,,,,,,,,,,,
14923574,2026-10-01 13:29:09,sim13,006660,,skip,theme_momentum_weak,,,,,,,,,,,,,,,,,,,,,,,,,,,
14923574,2026-10-01 13:29:09,sim13,460860,,skip,theme_momentum_weak,,,,,,,,,,,,,,,,,,,,,,,,,,,
14923574,2026-10-01 13:29:09,sim13,011690,,skip,theme_momentum_weak,,,,,,,,,,,,,,,,,,,,,,,,,,,
14923574,2026-10-01 13:29:09,sim13,101140,,skip,theme_momentum_weak,,,,,,,,,,,,,,,,,,,,,,,,,,,
14923574,2026-10-01 13:29:09,sim13,446070,,skip,theme_momentum_weak,,,,,,,,,,,,,,,,,,,,,,,,,,,
14923574,2026-10-01 13:29:09,sim13,015590,,skip,amount_not_surprised,,,,,,,,,,,,,,,,,,,,,,,,,,,
14923574,2026-10-01 13:29:09,sim13,014990,,skip,theme_momentum_weak,,,,,,,,,,,,,,,,,,,,,,,,,,,
14923575,2026-10-01 13:32:02,sim13,084010,,skip,theme_momentum_weak,,,,,,,,,,,,,,,,,,,,,,,,,,,
14923575,2026-10-01 13:32:02,sim13,192650,,skip,no_frgn_support,,,,,,,,,,,,,,,,,,,,,,,,,,,
14923575,2026-10-01 13:32:02,sim13,002360,,skip,amount_not_surprised,,,,,,,,,,,,,,,,,,,,,,,,,,,
14923575,2026-10-01 13:32:02,sim13,036570,,skip,theme_momentum_weak,,,,,,,,,,,,,,,,,,,,,,,,,,,
14923575,2026-10-01 13:32:02,sim13,001360,,skip,theme_momentum_weak,,,,,,,,,,,,,,,,,,,,,,,,,,,
14923575,2026-10-01 13:32:02,sim13,003160,,skip,no_frgn_support,,,,,,,,,,,,,,,,,,,,,,,,,,,
14923575,2026-10-01 13:32:02,sim13,003350,,skip,theme_momentum_weak,,,,,,,,,,,,,,,,,,,,,,,,,,,
14923575,2026-10-01 13:32:02,sim13,248070,,skip,theme_momentum_weak,,,,,,,,,,,,,,,,,,,,,,,,,,,
14923575,2026-10-01 13:32:02,sim13,012030,,skip,adx_weak,,,,35.77142857142857,,,,,,,,,,,,,,,,,,,,,,,
14923575,2026-10-01 13:32:02,sim13,001820,,skip,adx_weak,,,,38.26173826173826,,,,,,,,,,,,,,,,,,,,,,,
14923575,2026-10-01 13:32:02,sim13,480370,,skip,adx_weak,,,,25.87601078167116,,,,,,,,,,,,,,,,,,,,,,,
14923575,2026-10-01 13:32:02,sim13,009420,,skip,theme_momentum_weak,,,,,,,,,,,,,,,,,,,,,,,,,,,
14923575,2026-10-01 13:32:02,sim13,004105,,skip,no_frgn_support,,,,,,,,,,,,,,,,,,,,,,,,,,,
14923575,2026-10-01 13:32:02,sim13,004710,,skip,no_frgn_support,,,,,,,,,,,,,,,,,,,,,,,,,,,
14923575,2026-10-01 13:32:02,sim13,353200,,skip,adx_weak,,,,28.26086956521739,,,,,,,,,,,,,,,,,,,,,,,
14923575,2026-10-01 13:32:02,sim13,023150,,skip,theme_momentum_weak,,,,,,,,,,,,,,,,,,,,,,,,,,,
14923575,2026-10-01 13:32:02,sim13,460860,,skip,theme_momentum_weak,,,,,,,,,,,,,,,,,,,,,,,,,,,
14923575,2026-10-01 13:32:02,sim13,0126Z0,,skip,theme_momentum_weak,,,,,,,,,,,,,,,,,,,,,,,,,,,
14923575,2026-10-01 13:32:02,sim13,077500,,skip,held_or_cooldown,,,,,,,,,,,,,,,,,,,,,,,,,,,
14923575,2026-10-01 13:32:02,sim13,109070,,skip,amount_not_surprised,,,,,,,,,,,,,,,,,,,,,,,,,,,
14923575,2026-10-01 13:32:02,sim13,093050,,skip,theme_momentum_weak,,,,,,,,,,,,,,,,,,,,,,,,,,,
14923575,2026-10-01 13:32:02,sim13,317450,,skip,theme_momentum_weak,,,,,,,,,,,,,,,,,,,,,,,,,,,
14923575,2026-10-01 13:32:02,sim13,002240,,skip,theme_momentum_weak,,,,,,,,,,,,,,,,,,,,,,,,,,,
14923575,2026-10-01 13:32:02,sim13,078520,,skip,theme_momentum_weak,,,,,,,,,,,,,,,,,,,,,,,,,,,
14923575,2026-10-01 13:32:02,sim13,011690,,skip,theme_momentum_weak,,,,,,,,,,,,,,,,,,,,,,,,,,,
14923575,2026-10-01 13:32:02,sim13,079550,,skip,theme_momentum_weak,,,,,,,,,,,,,,,,,,,,,,,,,,,
14923575,2026-10-01 13:32:02,sim13,006660,,skip,theme_momentum_weak,,,,,,,,,,,,,,,,,,,,,,,,,,,
14923575,2026-10-01 13:32:02,sim13,015590,,skip,amount_not_surprised,,,,,,,,,,,,,,,,,,,,,,,,,,,
14923575,2026-10-01 13:32:02,sim13,014680,,skip,amount_not_surprised,,,,,,,,,,,,,,,,,,,,,,,,,,,
14923575,2026-10-01 13:32:02,sim13,014990,,skip,theme_momentum_weak,,,,,,,,,,,,,,,,,,,,,,,,,,,
14923576,2026-10-01 13:34:13,sim13,084010,,skip,theme_momentum_weak,,,,,,,,,,,,,,,,,,,,,,,,,,,
14923576,2026-10-01 13:34:13,sim13,192650,,skip,no_frgn_support,,,,,,,,,,,,,,,,,,,,,,,,,,,
14923576,2026-10-01 13:34:13,sim13,036570,,skip,theme_momentum_weak,,,,,,,,,,,,,,,,,,,,,,,,,,,
14923576,2026-10-01 13:34:13,sim13,001360,,skip,theme_momentum_weak,,,,,,,,,,,,,,,,,,,,,,,,,,,
14923576,2026-10-01 13:34:13,sim13,003160,,skip,no_frgn_support,,,,,,,,,,,,,,,,,,,,,,,,,,,
14923576,2026-10-01 13:34:13,sim13,248070,,skip,theme_momentum_weak,,,,,,,,,,,,,,,,,,,,,,,,,,,
14923576,2026-10-01 13:34:13,sim13,480370,,skip,adx_weak,,,,25.87601078167116,,,,,,,,,,,,,,,,,,,,,,,
14923576,2026-10-01 13:34:13,sim13,003350,,skip,theme_momentum_weak,,,,,,,,,,,,,,,,,,,,,,,,,,,
14923576,2026-10-01 13:34:13,sim13,001820,,skip,adx_weak,,,,38.26173826173826,,,,,,,,,,,,,,,,,,,,,,,
14923576,2026-10-01 13:34:13,sim13,009420,,skip,theme_momentum_weak,,,,,,,,,,,,,,,,,,,,,,,,,,,
14923576,2026-10-01 13:34:13,sim13,012030,,skip,adx_weak,,,,35.77142857142857,,,,,,,,,,,,,,,,,,,,,,,
14923576,2026-10-01 13:34:13,sim13,353200,,skip,adx_weak,,,,28.26086956521739,,,,,,,,,,,,,,,,,,,,,,,
14923576,2026-10-01 13:34:13,sim13,004105,,skip,no_frgn_support,,,,,,,,,,,,,,,,,,,,,,,,,,,
14923576,2026-10-01 13:34:13,sim13,023150,,skip,theme_momentum_weak,,,,,,,,,,,,,,,,,,,,,,,,,,,
14923576,2026-10-01 13:34:13,sim13,004710,,skip,no_frgn_support,,,,,,,,,,,,,,,,,,,,,,,,,,,
14923576,2026-10-01 13:34:13,sim13,460860,,skip,theme_momentum_weak,,,,,,,,,,,,,,,,,,,,,,,,,,,
14923576,2026-10-01 13:34:13,sim13,0126Z0,,skip,theme_momentum_weak,,,,,,,,,,,,,,,,,,,,,,,,,,,
14923576,2026-10-01 13:34:13,sim13,077500,,skip,held_or_cooldown,,,,,,,,,,,,,,,,,,,,,,,,,,,
14923576,2026-10-01 13:34:13,sim13,109070,,skip,amount_not_surprised,,,,,,,,,,,,,,,,,,,,,,,,,,,
14923576,2026-10-01 13:34:13,sim13,093050,,skip,theme_momentum_weak,,,,,,,,,,,,,,,,,,,,,,,,,,,
14923576,2026-10-01 13:34:13,sim13,317450,,skip,theme_momentum_weak,,,,,,,,,,,,,,,,,,,,,,,,,,,
14923576,2026-10-01 13:34:13,sim13,002240,,skip,theme_momentum_weak,,,,,,,,,,,,,,,,,,,,,,,,,,,
14923576,2026-10-01 13:34:13,sim13,002360,,skip,amount_not_surprised,,,,,,,,,,,,,,,,,,,,,,,,,,,
14923576,2026-10-01 13:34:13,sim13,079550,,skip,theme_momentum_weak,,,,,,,,,,,,,,,,,,,,,,,,,,,
14923576,2026-10-01 13:34:13,sim13,078520,,skip,theme_momentum_weak,,,,,,,,,,,,,,,,,,,,,,,,,,,
14923576,2026-10-01 13:34:13,sim13,011690,,skip,theme_momentum_weak,,,,,,,,,,,,,,,,,,,,,,,,,,,
14923576,2026-10-01 13:34:13,sim13,005850,,skip,theme_momentum_weak,,,,,,,,,,,,,,,,,,,,,,,,,,,
14923576,2026-10-01 13:34:13,sim13,014990,,skip,theme_momentum_weak,,,,,,,,,,,,,,,,,,,,,,,,,,,
14923576,2026-10-01 13:34:13,sim13,002870,,skip,theme_momentum_weak,,,,,,,,,,,,,,,,,,,,,,,,,,,
14923576,2026-10-01 13:34:13,sim13,021050,,skip,theme_momentum_weak,,,,,,,,,,,,,,,,,,,,,,,,,,,
14923577,2026-10-01 13:36:14,sim13,084010,,skip,theme_momentum_weak,,,,,,,,,,,,,,,,,,,,,,,,,,,
14923577,2026-10-01 13:36:14,sim13,192650,,skip,no_frgn_support,,,,,,,,,,,,,,,,,,,,,,,,,,,
14923577,2026-10-01 13:36:14,sim13,036570,,skip,theme_momentum_weak,,,,,,,,,,,,,,,,,,,,,,,,,,,
14923577,2026-10-01 13:36:14,sim13,001360,,skip,theme_momentum_weak,,,,,,,,,,,,,,,,,,,,,,,,,,,
14923577,2026-10-01 13:36:14,sim13,248070,,skip,theme_momentum_weak,,,,,,,,,,,,,,,,,,,,,,,,,,,
14923577,2026-10-01 13:36:14,sim13,003160,,skip,no_frgn_support,,,,,,,,,,,,,,,,,,,,,,,,,,,
14923577,2026-10-01 13:36:14,sim13,012030,,skip,adx_weak,,,,35.77142857142857,,,,,,,,,,,,,,,,,,,,,,,
14923577,2026-10-01 13:36:14,sim13,480370,,skip,adx_weak,,,,25.87601078167116,,,,,,,,,,,,,,,,,,,,,,,
14923577,2026-10-01 13:36:14,sim13,003350,,skip,theme_momentum_weak,,,,,,,,,,,,,,,,,,,,,,,,,,,
14923577,2026-10-01 13:36:14,sim13,023150,,skip,theme_momentum_weak,,,,,,,,,,,,,,,,,,,,,,,,,,,
14923577,2026-10-01 13:36:14,sim13,001820,,skip,adx_weak,,,,38.26173826173826,,,,,,,,,,,,,,,,,,,,,,,
14923577,2026-10-01 13:36:14,sim13,009420,,skip,theme_momentum_weak,,,,,,,,,,,,,,,,,,,,,,,,,,,
14923577,2026-10-01 13:36:14,sim13,004105,,skip,no_frgn_support,,,,,,,,,,,,,,,,,,,,,,,,,,,
14923577,2026-10-01 13:36:14,sim13,353200,,skip,adx_weak,,,,28.26086956521739,,,,,,,,,,,,,,,,,,,,,,,
14923577,2026-10-01 13:36:14,sim13,004710,,skip,no_frgn_support,,,,,,,,,,,,,,,,,,,,,,,,,,,
14923577,2026-10-01 13:36:14,sim13,0126Z0,,skip,theme_momentum_weak,,,,,,,,,,,,,,,,,,,,,,,,,,,
14923577,2026-10-01 13:36:14,sim13,460860,,skip,theme_momentum_weak,,,,,,,,,,,,,,,,,,,,,,,,,,,
14923577,2026-10-01 13:36:14,sim13,317450,,skip,theme_momentum_weak,,,,,,,,,,,,,,,,,,,,,,,,,,,
14923577,2026-10-01 13:36:14,sim13,077500,,skip,held_or_cooldown,,,,,,,,,,,,,,,,,,,,,,,,,,,
14923577,2026-10-01 13:36:14,sim13,002240,,skip,theme_momentum_weak,,,,,,,,,,,,,,,,,,,,,,,,,,,
14923577,2026-10-01 13:36:14,sim13,109070,,skip,amount_not_surprised,,,,,,,,,,,,,,,,,,,,,,,,,,,
14923577,2026-10-01 13:36:14,sim13,093050,,skip,theme_momentum_weak,,,,,,,,,,,,,,,,,,,,,,,,,,,
14923577,2026-10-01 13:36:14,sim13,078520,,skip,theme_momentum_weak,,,,,,,,,,,,,,,,,,,,,,,,,,,
14923577,2026-10-01 13:36:14,sim13,011690,,skip,theme_momentum_weak,,,,,,,,,,,,,,,,,,,,,,,,,,,
14923577,2026-10-01 13:36:14,sim13,014990,,skip,theme_momentum_weak,,,,,,,,,,,,,,,,,,,,,,,,,,,
14923577,2026-10-01 13:36:14,sim13,079550,,skip,theme_momentum_weak,,,,,,,,,,,,,,,,,,,,,,,,,,,
14923577,2026-10-01 13:36:14,sim13,005850,,skip,theme_momentum_weak,,,,,,,,,,,,,,,,,,,,,,,,,,,
14923577,2026-10-01 13:36:14,sim13,011930,,skip,theme_momentum_weak,,,,,,,,,,,,,,,,,,,,,,,,,,,
14923577,2026-10-01 13:36:14,sim13,015590,,skip,amount_not_surprised,,,,,,,,,,,,,,,,,,,,,,,,,,,
14923577,2026-10-01 13:36:14,sim13,002870,,skip,theme_momentum_weak,,,,,,,,,,,,,,,,,,,,,,,,,,,
14923578,2026-10-01 13:38:13,sim13,084010,,skip,theme_momentum_weak,,,,,,,,,,,,,,,,,,,,,,,,,,,
14923578,2026-10-01 13:38:13,sim13,192650,,skip,no_frgn_support,,,,,,,,,,,,,,,,,,,,,,,,,,,
14923578,2026-10-01 13:38:13,sim13,001360,,skip,theme_momentum_weak,,,,,,,,,,,,,,,,,,,,,,,,,,,
14923578,2026-10-01 13:38:13,sim13,036570,,skip,theme_momentum_weak,,,,,,,,,,,,,,,,,,,,,,,,,,,
14923578,2026-10-01 13:38:13,sim13,248070,,skip,theme_momentum_weak,,,,,,,,,,,,,,,,,,,,,,,,,,,
14923578,2026-10-01 13:38:13,sim13,003160,,skip,no_frgn_support,,,,,,,,,,,,,,,,,,,,,,,,,,,
14923578,2026-10-01 13:38:13,sim13,003350,,skip,theme_momentum_weak,,,,,,,,,,,,,,,,,,,,,,,,,,,
14923578,2026-10-01 13:38:13,sim13,004105,,skip,no_frgn_support,,,,,,,,,,,,,,,,,,,,,,,,,,,
14923578,2026-10-01 13:38:13,sim13,480370,,skip,adx_weak,,,,25.87601078167116,,,,,,,,,,,,,,,,,,,,,,,
14923578,2026-10-01 13:38:13,sim13,001820,,skip,adx_weak,,,,38.26173826173826,,,,,,,,,,,,,,,,,,,,,,,
14923578,2026-10-01 13:38:13,sim13,023150,,skip,theme_momentum_weak,,,,,,,,,,,,,,,,,,,,,,,,,,,
14923578,2026-10-01 13:38:13,sim13,009420,,skip,theme_momentum_weak,,,,,,,,,,,,,,,,,,,,,,,,,,,
14923578,2026-10-01 13:38:13,sim13,353200,,skip,adx_weak,,,,28.26086956521739,,,,,,,,,,,,,,,,,,,,,,,
14923578,2026-10-01 13:38:13,sim13,012030,,skip,adx_weak,,,,35.77142857142857,,,,,,,,,,,,,,,,,,,,,,,
14923578,2026-10-01 13:38:13,sim13,004710,,skip,no_frgn_support,,,,,,,,,,,,,,,,,,,,,,,,,,,
14923578,2026-10-01 13:38:13,sim13,0126Z0,,skip,theme_momentum_weak,,,,,,,,,,,,,,,,,,,,,,,,,,,
14923578,2026-10-01 13:38:13,sim13,109070,,skip,amount_not_surprised,,,,,,,,,,,,,,,,,,,,,,,,,,,
14923578,2026-10-01 13:38:13,sim13,317450,,skip,theme_momentum_weak,,,,,,,,,,,,,,,,,,,,,,,,,,,
14923578,2026-10-01 13:38:13,sim13,077500,,skip,held_or_cooldown,,,,,,,,,,,,,,,,,,,,,,,,,,,
14923578,2026-10-01 13:38:13,sim13,460860,,skip,theme_momentum_weak,,,,,,,,,,,,,,,,,,,,,,,,,,,
14923578,2026-10-01 13:38:13,sim13,002240,,skip,theme_momentum_weak,,,,,,,,,,,,,,,,,,,,,,,,,,,
14923578,2026-10-01 13:38:13,sim13,093050,,skip,theme_momentum_weak,,,,,,,,,,,,,,,,,,,,,,,,,,,
14923578,2026-10-01 13:38:13,sim13,079550,,skip,theme_momentum_weak,,,,,,,,,,,,,,,,,,,,,,,,,,,
14923578,2026-10-01 13:38:13,sim13,011690,,skip,theme_momentum_weak,,,,,,,,,,,,,,,,,,,,,,,,,,,
14923578,2026-10-01 13:38:13,sim13,014990,,skip,theme_momentum_weak,,,,,,,,,,,,,,,,,,,,,,,,,,,
14923578,2026-10-01 13:38:13,sim13,078520,,skip,theme_momentum_weak,,,,,,,,,,,,,,,,,,,,,,,,,,,
14923578,2026-10-01 13:38:13,sim13,005850,,skip,theme_momentum_weak,,,,,,,,,,,,,,,,,,,,,,,,,,,
14923578,2026-10-01 13:38:13,sim13,014680,,skip,no_frgn_support,,,,,,,,,,,,,,,,,,,,,,,,,,,
14923578,2026-10-01 13:38:13,sim13,011930,,skip,theme_momentum_weak,,,,,,,,,,,,,,,,,,,,,,,,,,,
14923578,2026-10-01 13:38:13,sim13,015590,,skip,amount_not_surprised,,,,,,,,,,,,,,,,,,,,,,,,,,,
14923579,2026-10-01 13:40:12,sim13,084010,,skip,theme_momentum_weak,,,,,,,,,,,,,,,,,,,,,,,,,,,
14923579,2026-10-01 13:40:12,sim13,192650,,skip,no_frgn_support,,,,,,,,,,,,,,,,,,,,,,,,,,,
14923579,2026-10-01 13:40:12,sim13,036570,,skip,theme_momentum_weak,,,,,,,,,,,,,,,,,,,,,,,,,,,
14923579,2026-10-01 13:40:12,sim13,001360,,skip,theme_momentum_weak,,,,,,,,,,,,,,,,,,,,,,,,,,,
14923579,2026-10-01 13:40:12,sim13,248070,,skip,theme_momentum_weak,,,,,,,,,,,,,,,,,,,,,,,,,,,
14923579,2026-10-01 13:40:12,sim13,003160,,skip,no_frgn_support,,,,,,,,,,,,,,,,,,,,,,,,,,,
14923579,2026-10-01 13:40:12,sim13,480370,,skip,adx_weak,,,,25.87601078167116,,,,,,,,,,,,,,,,,,,,,,,
14923579,2026-10-01 13:40:12,sim13,004105,,skip,no_frgn_support,,,,,,,,,,,,,,,,,,,,,,,,,,,
14923579,2026-10-01 13:40:12,sim13,003350,,skip,theme_momentum_weak,,,,,,,,,,,,,,,,,,,,,,,,,,,
14923579,2026-10-01 13:40:12,sim13,001820,,skip,adx_weak,,,,38.26173826173826,,,,,,,,,,,,,,,,,,,,,,,
14923579,2026-10-01 13:40:12,sim13,353200,,skip,adx_weak,,,,28.26086956521739,,,,,,,,,,,,,,,,,,,,,,,
14923579,2026-10-01 13:40:12,sim13,009420,,skip,theme_momentum_weak,,,,,,,,,,,,,,,,,,,,,,,,,,,
14923579,2026-10-01 13:40:12,sim13,012030,,skip,adx_weak,,,,35.77142857142857,,,,,,,,,,,,,,,,,,,,,,,
14923579,2026-10-01 13:40:12,sim13,023150,,skip,theme_momentum_weak,,,,,,,,,,,,,,,,,,,,,,,,,,,
14923579,2026-10-01 13:40:12,sim13,004710,,skip,no_frgn_support,,,,,,,,,,,,,,,,,,,,,,,,,,,
14923579,2026-10-01 13:40:12,sim13,0126Z0,,skip,theme_momentum_weak,,,,,,,,,,,,,,,,,,,,,,,,,,,
14923579,2026-10-01 13:40:12,sim13,109070,,skip,amount_not_surprised,,,,,,,,,,,,,,,,,,,,,,,,,,,
14923579,2026-10-01 13:40:12,sim13,317450,,skip,theme_momentum_weak,,,,,,,,,,,,,,,,,,,,,,,,,,,
14923579,2026-10-01 13:40:12,sim13,077500,,skip,held_or_cooldown,,,,,,,,,,,,,,,,,,,,,,,,,,,
14923579,2026-10-01 13:40:12,sim13,002240,,skip,theme_momentum_weak,,,,,,,,,,,,,,,,,,,,,,,,,,,
14923579,2026-10-01 13:40:12,sim13,093050,,skip,theme_momentum_weak,,,,,,,,,,,,,,,,,,,,,,,,,,,
14923579,2026-10-01 13:40:12,sim13,460860,,skip,theme_momentum_weak,,,,,,,,,,,,,,,,,,,,,,,,,,,
14923579,2026-10-01 13:40:12,sim13,079550,,skip,theme_momentum_weak,,,,,,,,,,,,,,,,,,,,,,,,,,,
14923579,2026-10-01 13:40:12,sim13,005850,,skip,theme_momentum_weak,,,,,,,,,,,,,,,,,,,,,,,,,,,
14923579,2026-10-01 13:40:12,sim13,011690,,skip,theme_momentum_weak,,,,,,,,,,,,,,,,,,,,,,,,,,,
14923579,2026-10-01 13:40:12,sim13,078520,,skip,theme_momentum_weak,,,,,,,,,,,,,,,,,,,,,,,,,,,
14923579,2026-10-01 13:40:12,sim13,014680,,skip,no_frgn_support,,,,,,,,,,,,,,,,,,,,,,,,,,,
14923579,2026-10-01 13:40:12,sim13,011930,,skip,theme_momentum_weak,,,,,,,,,,,,,,,,,,,,,,,,,,,
14923579,2026-10-01 13:40:12,sim13,015590,,skip,amount_not_surprised,,,,,,,,,,,,,,,,,,,,,,,,,,,
14923579,2026-10-01 13:40:12,sim13,002870,,skip,theme_momentum_weak,,,,,,,,,,,,,,,,,,,,,,,,,,,
14923580,2026-10-01 13:42:21,sim13,084010,,skip,theme_momentum_weak,,,,,,,,,,,,,,,,,,,,,,,,,,,
14923580,2026-10-01 13:42:21,sim13,192650,,skip,no_frgn_support,,,,,,,,,,,,,,,,,,,,,,,,,,,
14923580,2026-10-01 13:42:21,sim13,001360,,skip,theme_momentum_weak,,,,,,,,,,,,,,,,,,,,,,,,,,,
14923580,2026-10-01 13:42:21,sim13,036570,,skip,theme_momentum_weak,,,,,,,,,,,,,,,,,,,,,,,,,,,
14923580,2026-10-01 13:42:21,sim13,248070,,skip,theme_momentum_weak,,,,,,,,,,,,,,,,,,,,,,,,,,,
14923580,2026-10-01 13:42:21,sim13,480370,,skip,adx_weak,,,,25.87601078167116,,,,,,,,,,,,,,,,,,,,,,,
14923580,2026-10-01 13:42:21,sim13,003350,,skip,theme_momentum_weak,,,,,,,,,,,,,,,,,,,,,,,,,,,
14923580,2026-10-01 13:42:21,sim13,004105,,skip,no_frgn_support,,,,,,,,,,,,,,,,,,,,,,,,,,,
14923580,2026-10-01 13:42:21,sim13,003160,,skip,no_frgn_support,,,,,,,,,,,,,,,,,,,,,,,,,,,
14923580,2026-10-01 13:42:21,sim13,001820,,skip,adx_weak,,,,38.26173826173826,,,,,,,,,,,,,,,,,,,,,,,
14923580,2026-10-01 13:42:21,sim13,353200,,skip,adx_weak,,,,28.26086956521739,,,,,,,,,,,,,,,,,,,,,,,
14923580,2026-10-01 13:42:21,sim13,009420,,skip,theme_momentum_weak,,,,,,,,,,,,,,,,,,,,,,,,,,,
14923580,2026-10-01 13:42:21,sim13,023150,,skip,theme_momentum_weak,,,,,,,,,,,,,,,,,,,,,,,,,,,
14923580,2026-10-01 13:42:21,sim13,0126Z0,,skip,theme_momentum_weak,,,,,,,,,,,,,,,,,,,,,,,,,,,
14923580,2026-10-01 13:42:21,sim13,012030,,skip,adx_weak,,,,35.77142857142857,,,,,,,,,,,,,,,,,,,,,,,
14923580,2026-10-01 13:42:21,sim13,004710,,skip,no_frgn_support,,,,,,,,,,,,,,,,,,,,,,,,,,,
14923580,2026-10-01 13:42:21,sim13,109070,,skip,amount_not_surprised,,,,,,,,,,,,,,,,,,,,,,,,,,,
14923580,2026-10-01 13:42:21,sim13,077500,,skip,held_or_cooldown,,,,,,,,,,,,,,,,,,,,,,,,,,,
14923580,2026-10-01 13:42:21,sim13,317450,,skip,theme_momentum_weak,,,,,,,,,,,,,,,,,,,,,,,,,,,
14923580,2026-10-01 13:42:21,sim13,093050,,skip,theme_momentum_weak,,,,,,,,,,,,,,,,,,,,,,,,,,,
14923580,2026-10-01 13:42:21,sim13,002240,,skip,theme_momentum_weak,,,,,,,,,,,,,,,,,,,,,,,,,,,
14923580,2026-10-01 13:42:21,sim13,079550,,skip,theme_momentum_weak,,,,,,,,,,,,,,,,,,,,,,,,,,,
14923580,2026-10-01 13:42:21,sim13,014680,,skip,no_frgn_support,,,,,,,,,,,,,,,,,,,,,,,,,,,
14923580,2026-10-01 13:42:21,sim13,078520,,skip,theme_momentum_weak,,,,,,,,,,,,,,,,,,,,,,,,,,,
14923580,2026-10-01 13:42:21,sim13,005850,,skip,theme_momentum_weak,,,,,,,,,,,,,,,,,,,,,,,,,,,
14923580,2026-10-01 13:42:21,sim13,460860,,skip,theme_momentum_weak,,,,,,,,,,,,,,,,,,,,,,,,,,,
14923580,2026-10-01 13:42:21,sim13,011690,,skip,theme_momentum_weak,,,,,,,,,,,,,,,,,,,,,,,,,,,
14923580,2026-10-01 13:42:21,sim13,011930,,skip,theme_momentum_weak,,,,,,,,,,,,,,,,,,,,,,,,,,,
14923580,2026-10-01 13:42:21,sim13,015590,,skip,amount_not_surprised,,,,,,,,,,,,,,,,,,,,,,,,,,,
14923580,2026-10-01 13:42:21,sim13,002870,,skip,theme_momentum_weak,,,,,,,,,,,,,,,,,,,,,,,,,,,
14923581,2026-10-01 13:44:17,sim13,084010,,skip,theme_momentum_weak,,,,,,,,,,,,,,,,,,,,,,,,,,,
14923581,2026-10-01 13:44:17,sim13,192650,,skip,no_frgn_support,,,,,,,,,,,,,,,,,,,,,,,,,,,
14923581,2026-10-01 13:44:17,sim13,036570,,skip,theme_momentum_weak,,,,,,,,,,,,,,,,,,,,,,,,,,,
14923581,2026-10-01 13:44:17,sim13,001360,,skip,theme_momentum_weak,,,,,,,,,,,,,,,,,,,,,,,,,,,
14923581,2026-10-01 13:44:17,sim13,248070,,skip,theme_momentum_weak,,,,,,,,,,,,,,,,,,,,,,,,,,,
14923581,2026-10-01 13:44:17,sim13,003350,,skip,theme_momentum_weak,,,,,,,,,,,,,,,,,,,,,,,,,,,
14923581,2026-10-01 13:44:17,sim13,004105,,skip,no_frgn_support,,,,,,,,,,,,,,,,,,,,,,,,,,,
14923581,2026-10-01 13:44:17,sim13,480370,,skip,adx_weak,,,,25.87601078167116,,,,,,,,,,,,,,,,,,,,,,,
14923581,2026-10-01 13:44:17,sim13,003160,,skip,no_frgn_support,,,,,,,,,,,,,,,,,,,,,,,,,,,
14923581,2026-10-01 13:44:17,sim13,009420,,skip,theme_momentum_weak,,,,,,,,,,,,,,,,,,,,,,,,,,,
14923581,2026-10-01 13:44:17,sim13,353200,,skip,adx_weak,,,,28.26086956521739,,,,,,,,,,,,,,,,,,,,,,,
14923581,2026-10-01 13:44:17,sim13,001820,,skip,adx_weak,,,,38.26173826173826,,,,,,,,,,,,,,,,,,,,,,,
14923581,2026-10-01 13:44:17,sim13,012030,,skip,adx_weak,,,,35.77142857142857,,,,,,,,,,,,,,,,,,,,,,,
14923581,2026-10-01 13:44:17,sim13,004710,,skip,no_frgn_support,,,,,,,,,,,,,,,,,,,,,,,,,,,
14923581,2026-10-01 13:44:17,sim13,023150,,skip,theme_momentum_weak,,,,,,,,,,,,,,,,,,,,,,,,,,,
14923581,2026-10-01 13:44:17,sim13,0126Z0,,skip,theme_momentum_weak,,,,,,,,,,,,,,,,,,,,,,,,,,,
14923581,2026-10-01 13:44:17,sim13,109070,,skip,amount_not_surprised,,,,,,,,,,,,,,,,,,,,,,,,,,,
14923581,2026-10-01 13:44:17,sim13,077500,,skip,held_or_cooldown,,,,,,,,,,,,,,,,,,,,,,,,,,,
14923581,2026-10-01 13:44:17,sim13,093050,,skip,theme_momentum_weak,,,,,,,,,,,,,,,,,,,,,,,,,,,
14923581,2026-10-01 13:44:17,sim13,317450,,skip,theme_momentum_weak,,,,,,,,,,,,,,,,,,,,,,,,,,,
14923581,2026-10-01 13:44:17,sim13,002240,,skip,theme_momentum_weak,,,,,,,,,,,,,,,,,,,,,,,,,,,
14923581,2026-10-01 13:44:17,sim13,078520,,skip,theme_momentum_weak,,,,,,,,,,,,,,,,,,,,,,,,,,,
14923581,2026-10-01 13:44:17,sim13,079550,,skip,theme_momentum_weak,,,,,,,,,,,,,,,,,,,,,,,,,,,
14923581,2026-10-01 13:44:17,sim13,460860,,skip,theme_momentum_weak,,,,,,,,,,,,,,,,,,,,,,,,,,,
14923581,2026-10-01 13:44:17,sim13,014990,,skip,theme_momentum_weak,,,,,,,,,,,,,,,,,,,,,,,,,,,
14923581,2026-10-01 13:44:17,sim13,005850,,skip,theme_momentum_weak,,,,,,,,,,,,,,,,,,,,,,,,,,,
14923581,2026-10-01 13:44:17,sim13,014680,,skip,no_frgn_support,,,,,,,,,,,,,,,,,,,,,,,,,,,
14923581,2026-10-01 13:44:17,sim13,011930,,skip,theme_momentum_weak,,,,,,,,,,,,,,,,,,,,,,,,,,,
14923581,2026-10-01 13:44:17,sim13,015590,,skip,amount_not_surprised,,,,,,,,,,,,,,,,,,,,,,,,,,,
14923581,2026-10-01 13:44:17,sim13,002870,,skip,theme_momentum_weak,,,,,,,,,,,,,,,,,,,,,,,,,,,
14923582,2026-10-01 13:46:20,sim13,084010,,skip,theme_momentum_weak,,,,,,,,,,,,,,,,,,,,,,,,,,,
14923582,2026-10-01 13:46:20,sim13,192650,,skip,no_frgn_support,,,,,,,,,,,,,,,,,,,,,,,,,,,
14923582,2026-10-01 13:46:20,sim13,036570,,skip,theme_momentum_weak,,,,,,,,,,,,,,,,,,,,,,,,,,,
14923582,2026-10-01 13:46:20,sim13,001360,,skip,theme_momentum_weak,,,,,,,,,,,,,,,,,,,,,,,,,,,
14923582,2026-10-01 13:46:20,sim13,248070,,skip,theme_momentum_weak,,,,,,,,,,,,,,,,,,,,,,,,,,,
14923582,2026-10-01 13:46:20,sim13,003350,,skip,theme_momentum_weak,,,,,,,,,,,,,,,,,,,,,,,,,,,
14923582,2026-10-01 13:46:20,sim13,480370,,skip,adx_weak,,,,25.87601078167116,,,,,,,,,,,,,,,,,,,,,,,
14923582,2026-10-01 13:46:20,sim13,004105,,skip,no_frgn_support,,,,,,,,,,,,,,,,,,,,,,,,,,,
14923582,2026-10-01 13:46:20,sim13,353200,,skip,adx_weak,,,,28.26086956521739,,,,,,,,,,,,,,,,,,,,,,,
14923582,2026-10-01 13:46:20,sim13,003160,,skip,no_frgn_support,,,,,,,,,,,,,,,,,,,,,,,,,,,
14923582,2026-10-01 13:46:20,sim13,009420,,skip,theme_momentum_weak,,,,,,,,,,,,,,,,,,,,,,,,,,,
14923582,2026-10-01 13:46:20,sim13,001820,,skip,adx_weak,,,,38.26173826173826,,,,,,,,,,,,,,,,,,,,,,,
14923582,2026-10-01 13:46:20,sim13,012030,,skip,adx_weak,,,,35.77142857142857,,,,,,,,,,,,,,,,,,,,,,,
14923582,2026-10-01 13:46:20,sim13,004710,,skip,no_frgn_support,,,,,,,,,,,,,,,,,,,,,,,,,,,
14923582,2026-10-01 13:46:20,sim13,0126Z0,,skip,theme_momentum_weak,,,,,,,,,,,,,,,,,,,,,,,,,,,
14923582,2026-10-01 13:46:20,sim13,023150,,skip,theme_momentum_weak,,,,,,,,,,,,,,,,,,,,,,,,,,,
14923582,2026-10-01 13:46:20,sim13,077500,,skip,held_or_cooldown,,,,,,,,,,,,,,,,,,,,,,,,,,,
14923582,2026-10-01 13:46:20,sim13,109070,,skip,amount_not_surprised,,,,,,,,,,,,,,,,,,,,,,,,,,,
14923582,2026-10-01 13:46:20,sim13,317450,,skip,theme_momentum_weak,,,,,,,,,,,,,,,,,,,,,,,,,,,
14923582,2026-10-01 13:46:20,sim13,002360,,skip,amount_not_surprised,,,,,,,,,,,,,,,,,,,,,,,,,,,
14923582,2026-10-01 13:46:20,sim13,002240,,skip,theme_momentum_weak,,,,,,,,,,,,,,,,,,,,,,,,,,,
14923582,2026-10-01 13:46:20,sim13,079550,,skip,theme_momentum_weak,,,,,,,,,,,,,,,,,,,,,,,,,,,
14923582,2026-10-01 13:46:20,sim13,093050,,skip,theme_momentum_weak,,,,,,,,,,,,,,,,,,,,,,,,,,,
14923582,2026-10-01 13:46:20,sim13,005850,,skip,theme_momentum_weak,,,,,,,,,,,,,,,,,,,,,,,,,,,
14923582,2026-10-01 13:46:20,sim13,078520,,skip,theme_momentum_weak,,,,,,,,,,,,,,,,,,,,,,,,,,,
14923582,2026-10-01 13:46:20,sim13,0030R0,,skip,theme_momentum_weak,,,,,,,,,,,,,,,,,,,,,,,,,,,
14923582,2026-10-01 13:46:20,sim13,460860,,skip,theme_momentum_weak,,,,,,,,,,,,,,,,,,,,,,,,,,,
14923582,2026-10-01 13:46:20,sim13,014680,,skip,no_frgn_support,,,,,,,,,,,,,,,,,,,,,,,,,,,
14923582,2026-10-01 13:46:20,sim13,014990,,skip,theme_momentum_weak,,,,,,,,,,,,,,,,,,,,,,,,,,,
14923582,2026-10-01 13:46:20,sim13,015590,,skip,amount_not_surprised,,,,,,,,,,,,,,,,,,,,,,,,,,,
14923583,2026-10-01 13:48:17,sim13,084010,,skip,theme_momentum_weak,,,,,,,,,,,,,,,,,,,,,,,,,,,
14923583,2026-10-01 13:48:17,sim13,192650,,skip,no_frgn_support,,,,,,,,,,,,,,,,,,,,,,,,,,,
14923583,2026-10-01 13:48:17,sim13,036570,,skip,theme_momentum_weak,,,,,,,,,,,,,,,,,,,,,,,,,,,
14923583,2026-10-01 13:48:17,sim13,001360,,skip,theme_momentum_weak,,,,,,,,,,,,,,,,,,,,,,,,,,,
14923583,2026-10-01 13:48:17,sim13,248070,,skip,theme_momentum_weak,,,,,,,,,,,,,,,,,,,,,,,,,,,
14923583,2026-10-01 13:48:17,sim13,353200,,skip,adx_weak,,,,28.26086956521739,,,,,,,,,,,,,,,,,,,,,,,
14923583,2026-10-01 13:48:17,sim13,003350,,skip,theme_momentum_weak,,,,,,,,,,,,,,,,,,,,,,,,,,,
14923583,2026-10-01 13:48:17,sim13,480370,,skip,adx_weak,,,,25.87601078167116,,,,,,,,,,,,,,,,,,,,,,,
14923583,2026-10-01 13:48:17,sim13,004105,,skip,no_frgn_support,,,,,,,,,,,,,,,,,,,,,,,,,,,
14923583,2026-10-01 13:48:17,sim13,003160,,skip,no_frgn_support,,,,,,,,,,,,,,,,,,,,,,,,,,,
14923583,2026-10-01 13:48:17,sim13,009420,,skip,theme_momentum_weak,,,,,,,,,,,,,,,,,,,,,,,,,,,
14923583,2026-10-01 13:48:17,sim13,001820,,skip,adx_weak,,,,38.26173826173826,,,,,,,,,,,,,,,,,,,,,,,
14923583,2026-10-01 13:48:17,sim13,012030,,skip,adx_weak,,,,35.77142857142857,,,,,,,,,,,,,,,,,,,,,,,
14923583,2026-10-01 13:48:17,sim13,004710,,skip,no_frgn_support,,,,,,,,,,,,,,,,,,,,,,,,,,,
14923583,2026-10-01 13:48:17,sim13,023150,,skip,theme_momentum_weak,,,,,,,,,,,,,,,,,,,,,,,,,,,
14923583,2026-10-01 13:48:17,sim13,0126Z0,,skip,theme_momentum_weak,,,,,,,,,,,,,,,,,,,,,,,,,,,
14923583,2026-10-01 13:48:17,sim13,109070,,skip,amount_not_surprised,,,,,,,,,,,,,,,,,,,,,,,,,,,
14923583,2026-10-01 13:48:17,sim13,077500,,skip,held_or_cooldown,,,,,,,,,,,,,,,,,,,,,,,,,,,
14923583,2026-10-01 13:48:17,sim13,002360,,skip,amount_not_surprised,,,,,,,,,,,,,,,,,,,,,,,,,,,
14923583,2026-10-01 13:48:17,sim13,317450,,skip,theme_momentum_weak,,,,,,,,,,,,,,,,,,,,,,,,,,,
14923583,2026-10-01 13:48:17,sim13,079550,,skip,theme_momentum_weak,,,,,,,,,,,,,,,,,,,,,,,,,,,
14923583,2026-10-01 13:48:17,sim13,002240,,skip,theme_momentum_weak,,,,,,,,,,,,,,,,,,,,,,,,,,,
14923583,2026-10-01 13:48:17,sim13,005850,,skip,theme_momentum_weak,,,,,,,,,,,,,,,,,,,,,,,,,,,
14923583,2026-10-01 13:48:17,sim13,078520,,skip,theme_momentum_weak,,,,,,,,,,,,,,,,,,,,,,,,,,,
14923583,2026-10-01 13:48:17,sim13,0030R0,,skip,theme_momentum_weak,,,,,,,,,,,,,,,,,,,,,,,,,,,
14923583,2026-10-01 13:48:17,sim13,005430,,skip,theme_momentum_weak,,,,,,,,,,,,,,,,,,,,,,,,,,,
14923583,2026-10-01 13:48:17,sim13,093050,,skip,theme_momentum_weak,,,,,,,,,,,,,,,,,,,,,,,,,,,
14923583,2026-10-01 13:48:17,sim13,014680,,skip,no_frgn_support,,,,,,,,,,,,,,,,,,,,,,,,,,,
14923583,2026-10-01 13:48:17,sim13,014990,,skip,theme_momentum_weak,,,,,,,,,,,,,,,,,,,,,,,,,,,
14923583,2026-10-01 13:48:17,sim13,015590,,skip,amount_not_surprised,,,,,,,,,,,,,,,,,,,,,,,,,,,
14923584,2026-10-01 13:50:20,sim13,084010,,skip,theme_momentum_weak,,,,,,,,,,,,,,,,,,,,,,,,,,,
14923584,2026-10-01 13:50:20,sim13,192650,,skip,no_frgn_support,,,,,,,,,,,,,,,,,,,,,,,,,,,
14923584,2026-10-01 13:50:20,sim13,036570,,skip,theme_momentum_weak,,,,,,,,,,,,,,,,,,,,,,,,,,,
14923584,2026-10-01 13:50:20,sim13,001360,,skip,theme_momentum_weak,,,,,,,,,,,,,,,,,,,,,,,,,,,
14923584,2026-10-01 13:50:20,sim13,248070,,skip,theme_momentum_weak,,,,,,,,,,,,,,,,,,,,,,,,,,,
14923584,2026-10-01 13:50:20,sim13,023150,,skip,theme_momentum_weak,,,,,,,,,,,,,,,,,,,,,,,,,,,
14923584,2026-10-01 13:50:20,sim13,003350,,skip,theme_momentum_weak,,,,,,,,,,,,,,,,,,,,,,,,,,,
14923584,2026-10-01 13:50:20,sim13,353200,,skip,adx_weak,,,,28.26086956521739,,,,,,,,,,,,,,,,,,,,,,,
14923584,2026-10-01 13:50:20,sim13,012030,,skip,adx_weak,,,,35.77142857142857,,,,,,,,,,,,,,,,,,,,,,,
14923584,2026-10-01 13:50:20,sim13,004105,,skip,no_frgn_support,,,,,,,,,,,,,,,,,,,,,,,,,,,
14923584,2026-10-01 13:50:20,sim13,003160,,skip,no_frgn_support,,,,,,,,,,,,,,,,,,,,,,,,,,,
14923584,2026-10-01 13:50:20,sim13,009420,,skip,theme_momentum_weak,,,,,,,,,,,,,,,,,,,,,,,,,,,
14923584,2026-10-01 13:50:20,sim13,480370,,skip,adx_weak,,,,25.87601078167116,,,,,,,,,,,,,,,,,,,,,,,
14923584,2026-10-01 13:50:20,sim13,001820,,skip,adx_weak,,,,38.26173826173826,,,,,,,,,,,,,,,,,,,,,,,
14923584,2026-10-01 13:50:20,sim13,004710,,skip,no_frgn_support,,,,,,,,,,,,,,,,,,,,,,,,,,,
14923584,2026-10-01 13:50:20,sim13,005430,,skip,theme_momentum_weak,,,,,,,,,,,,,,,,,,,,,,,,,,,
14923584,2026-10-01 13:50:20,sim13,0126Z0,,skip,theme_momentum_weak,,,,,,,,,,,,,,,,,,,,,,,,,,,
14923584,2026-10-01 13:50:20,sim13,109070,,skip,amount_not_surprised,,,,,,,,,,,,,,,,,,,,,,,,,,,
14923584,2026-10-01 13:50:20,sim13,077500,,skip,held_or_cooldown,,,,,,,,,,,,,,,,,,,,,,,,,,,
14923584,2026-10-01 13:50:20,sim13,093050,,skip,theme_momentum_weak,,,,,,,,,,,,,,,,,,,,,,,,,,,
14923584,2026-10-01 13:50:20,sim13,317450,,skip,theme_momentum_weak,,,,,,,,,,,,,,,,,,,,,,,,,,,
14923584,2026-10-01 13:50:20,sim13,069640,,skip,theme_momentum_weak,,,,,,,,,,,,,,,,,,,,,,,,,,,
14923584,2026-10-01 13:50:20,sim13,002360,,skip,amount_not_surprised,,,,,,,,,,,,,,,,,,,,,,,,,,,
14923584,2026-10-01 13:50:20,sim13,002240,,skip,theme_momentum_weak,,,,,,,,,,,,,,,,,,,,,,,,,,,
14923584,2026-10-01 13:50:20,sim13,079550,,skip,theme_momentum_weak,,,,,,,,,,,,,,,,,,,,,,,,,,,
14923584,2026-10-01 13:50:20,sim13,005850,,skip,theme_momentum_weak,,,,,,,,,,,,,,,,,,,,,,,,,,,
14923584,2026-10-01 13:50:20,sim13,460860,,skip,theme_momentum_weak,,,,,,,,,,,,,,,,,,,,,,,,,,,
14923584,2026-10-01 13:50:20,sim13,078520,,skip,theme_momentum_weak,,,,,,,,,,,,,,,,,,,,,,,,,,,
14923584,2026-10-01 13:50:20,sim13,0030R0,,skip,theme_momentum_weak,,,,,,,,,,,,,,,,,,,,,,,,,,,
14923584,2026-10-01 13:50:20,sim13,014680,,skip,no_frgn_support,,,,,,,,,,,,,,,,,,,,,,,,,,,
14923585,2026-10-01 13:52:23,sim13,084010,,skip,theme_momentum_weak,,,,,,,,,,,,,,,,,,,,,,,,,,,
14923585,2026-10-01 13:52:23,sim13,192650,,skip,no_frgn_support,,,,,,,,,,,,,,,,,,,,,,,,,,,
14923585,2026-10-01 13:52:23,sim13,001360,,skip,theme_momentum_weak,,,,,,,,,,,,,,,,,,,,,,,,,,,
14923585,2026-10-01 13:52:23,sim13,036570,,skip,theme_momentum_weak,,,,,,,,,,,,,,,,,,,,,,,,,,,
14923585,2026-10-01 13:52:23,sim13,248070,,skip,theme_momentum_weak,,,,,,,,,,,,,,,,,,,,,,,,,,,
14923585,2026-10-01 13:52:23,sim13,023150,,skip,theme_momentum_weak,,,,,,,,,,,,,,,,,,,,,,,,,,,
14923585,2026-10-01 13:52:23,sim13,003350,,skip,theme_momentum_weak,,,,,,,,,,,,,,,,,,,,,,,,,,,
14923585,2026-10-01 13:52:23,sim13,353200,,skip,adx_weak,,,,28.26086956521739,,,,,,,,,,,,,,,,,,,,,,,
14923585,2026-10-01 13:52:23,sim13,480370,,skip,adx_weak,,,,25.87601078167116,,,,,,,,,,,,,,,,,,,,,,,
14923585,2026-10-01 13:52:23,sim13,012030,,skip,adx_weak,,,,35.77142857142857,,,,,,,,,,,,,,,,,,,,,,,
14923585,2026-10-01 13:52:23,sim13,003160,,skip,no_frgn_support,,,,,,,,,,,,,,,,,,,,,,,,,,,
14923585,2026-10-01 13:52:23,sim13,004105,,skip,no_frgn_support,,,,,,,,,,,,,,,,,,,,,,,,,,,
14923585,2026-10-01 13:52:23,sim13,009420,,skip,theme_momentum_weak,,,,,,,,,,,,,,,,,,,,,,,,,,,
14923585,2026-10-01 13:52:23,sim13,001820,,skip,adx_weak,,,,38.26173826173826,,,,,,,,,,,,,,,,,,,,,,,
14923585,2026-10-01 13:52:23,sim13,005430,,skip,theme_momentum_weak,,,,,,,,,,,,,,,,,,,,,,,,,,,
14923585,2026-10-01 13:52:23,sim13,077500,,skip,held_or_cooldown,,,,,,,,,,,,,,,,,,,,,,,,,,,
14923585,2026-10-01 13:52:23,sim13,004710,,skip,no_frgn_support,,,,,,,,,,,,,,,,,,,,,,,,,,,
14923585,2026-10-01 13:52:23,sim13,0126Z0,,skip,theme_momentum_weak,,,,,,,,,,,,,,,,,,,,,,,,,,,
14923585,2026-10-01 13:52:23,sim13,109070,,skip,amount_not_surprised,,,,,,,,,,,,,,,,,,,,,,,,,,,
14923585,2026-10-01 13:52:23,sim13,317450,,skip,theme_momentum_weak,,,,,,,,,,,,,,,,,,,,,,,,,,,
14923585,2026-10-01 13:52:23,sim13,069640,,skip,theme_momentum_weak,,,,,,,,,,,,,,,,,,,,,,,,,,,
14923585,2026-10-01 13:52:23,sim13,005850,,skip,theme_momentum_weak,,,,,,,,,,,,,,,,,,,,,,,,,,,
14923585,2026-10-01 13:52:23,sim13,002240,,skip,theme_momentum_weak,,,,,,,,,,,,,,,,,,,,,,,,,,,
14923585,2026-10-01 13:52:23,sim13,002360,,skip,amount_not_surprised,,,,,,,,,,,,,,,,,,,,,,,,,,,
14923585,2026-10-01 13:52:23,sim13,079550,,skip,theme_momentum_weak,,,,,,,,,,,,,,,,,,,,,,,,,,,
14923585,2026-10-01 13:52:23,sim13,093050,,skip,theme_momentum_weak,,,,,,,,,,,,,,,,,,,,,,,,,,,
14923585,2026-10-01 13:52:23,sim13,078520,,skip,theme_momentum_weak,,,,,,,,,,,,,,,,,,,,,,,,,,,
14923585,2026-10-01 13:52:23,sim13,002870,,skip,theme_momentum_weak,,,,,,,,,,,,,,,,,,,,,,,,,,,
14923585,2026-10-01 13:52:23,sim13,014680,,skip,no_frgn_support,,,,,,,,,,,,,,,,,,,,,,,,,,,
14923585,2026-10-01 13:52:23,sim13,460860,,skip,theme_momentum_weak,,,,,,,,,,,,,,,,,,,,,,,,,,,
14923586,2026-10-01 13:54:20,sim13,084010,,skip,theme_momentum_weak,,,,,,,,,,,,,,,,,,,,,,,,,,,
14923586,2026-10-01 13:54:20,sim13,192650,,skip,no_frgn_support,,,,,,,,,,,,,,,,,,,,,,,,,,,
14923586,2026-10-01 13:54:20,sim13,001360,,skip,theme_momentum_weak,,,,,,,,,,,,,,,,,,,,,,,,,,,
14923586,2026-10-01 13:54:20,sim13,036570,,skip,theme_momentum_weak,,,,,,,,,,,,,,,,,,,,,,,,,,,
14923586,2026-10-01 13:54:20,sim13,248070,,skip,theme_momentum_weak,,,,,,,,,,,,,,,,,,,,,,,,,,,
14923586,2026-10-01 13:54:20,sim13,023150,,skip,theme_momentum_weak,,,,,,,,,,,,,,,,,,,,,,,,,,,
14923586,2026-10-01 13:54:20,sim13,353200,,skip,adx_weak,,,,28.26086956521739,,,,,,,,,,,,,,,,,,,,,,,
14923586,2026-10-01 13:54:20,sim13,003350,,skip,theme_momentum_weak,,,,,,,,,,,,,,,,,,,,,,,,,,,
14923586,2026-10-01 13:54:20,sim13,003160,,skip,no_frgn_support,,,,,,,,,,,,,,,,,,,,,,,,,,,
14923586,2026-10-01 13:54:20,sim13,009420,,skip,theme_momentum_weak,,,,,,,,,,,,,,,,,,,,,,,,,,,
14923586,2026-10-01 13:54:20,sim13,480370,,skip,adx_weak,,,,25.87601078167116,,,,,,,,,,,,,,,,,,,,,,,
14923586,2026-10-01 13:54:20,sim13,001820,,skip,adx_weak,,,,38.26173826173826,,,,,,,,,,,,,,,,,,,,,,,
14923586,2026-10-01 13:54:20,sim13,004105,,skip,no_frgn_support,,,,,,,,,,,,,,,,,,,,,,,,,,,
14923586,2026-10-01 13:54:20,sim13,012030,,skip,adx_weak,,,,35.77142857142857,,,,,,,,,,,,,,,,,,,,,,,
14923586,2026-10-01 13:54:20,sim13,077500,,skip,held_or_cooldown,,,,,,,,,,,,,,,,,,,,,,,,,,,
14923586,2026-10-01 13:54:20,sim13,004710,,skip,no_frgn_support,,,,,,,,,,,,,,,,,,,,,,,,,,,
14923586,2026-10-01 13:54:20,sim13,109070,,skip,amount_not_surprised,,,,,,,,,,,,,,,,,,,,,,,,,,,
14923586,2026-10-01 13:54:20,sim13,005430,,skip,theme_momentum_weak,,,,,,,,,,,,,,,,,,,,,,,,,,,
14923586,2026-10-01 13:54:20,sim13,0126Z0,,skip,theme_momentum_weak,,,,,,,,,,,,,,,,,,,,,,,,,,,
14923586,2026-10-01 13:54:20,sim13,069640,,skip,theme_momentum_weak,,,,,,,,,,,,,,,,,,,,,,,,,,,
14923586,2026-10-01 13:54:20,sim13,317450,,skip,theme_momentum_weak,,,,,,,,,,,,,,,,,,,,,,,,,,,
14923586,2026-10-01 13:54:20,sim13,005850,,skip,theme_momentum_weak,,,,,,,,,,,,,,,,,,,,,,,,,,,
14923586,2026-10-01 13:54:20,sim13,002240,,skip,theme_momentum_weak,,,,,,,,,,,,,,,,,,,,,,,,,,,
14923586,2026-10-01 13:54:20,sim13,079550,,skip,theme_momentum_weak,,,,,,,,,,,,,,,,,,,,,,,,,,,
14923586,2026-10-01 13:54:20,sim13,093050,,skip,theme_momentum_weak,,,,,,,,,,,,,,,,,,,,,,,,,,,
14923586,2026-10-01 13:54:20,sim13,078520,,skip,theme_momentum_weak,,,,,,,,,,,,,,,,,,,,,,,,,,,
14923586,2026-10-01 13:54:20,sim13,460860,,skip,theme_momentum_weak,,,,,,,,,,,,,,,,,,,,,,,,,,,
14923586,2026-10-01 13:54:20,sim13,002360,,skip,amount_not_surprised,,,,,,,,,,,,,,,,,,,,,,,,,,,
14923586,2026-10-01 13:54:20,sim13,002870,,skip,theme_momentum_weak,,,,,,,,,,,,,,,,,,,,,,,,,,,
14923586,2026-10-01 13:54:20,sim13,014680,,skip,no_frgn_support,,,,,,,,,,,,,,,,,,,,,,,,,,,
14923587,2026-10-01 13:56:22,sim13,084010,,skip,theme_momentum_weak,,,,,,,,,,,,,,,,,,,,,,,,,,,
14923587,2026-10-01 13:56:22,sim13,192650,,skip,no_frgn_support,,,,,,,,,,,,,,,,,,,,,,,,,,,
14923587,2026-10-01 13:56:22,sim13,036570,,skip,theme_momentum_weak,,,,,,,,,,,,,,,,,,,,,,,,,,,
14923587,2026-10-01 13:56:22,sim13,248070,,skip,theme_momentum_weak,,,,,,,,,,,,,,,,,,,,,,,,,,,
14923587,2026-10-01 13:56:22,sim13,001360,,skip,theme_momentum_weak,,,,,,,,,,,,,,,,,,,,,,,,,,,
14923587,2026-10-01 13:56:22,sim13,353200,,skip,adx_weak,,,,28.26086956521739,,,,,,,,,,,,,,,,,,,,,,,
14923587,2026-10-01 13:56:22,sim13,003160,,skip,no_frgn_support,,,,,,,,,,,,,,,,,,,,,,,,,,,
14923587,2026-10-01 13:56:22,sim13,003350,,skip,theme_momentum_weak,,,,,,,,,,,,,,,,,,,,,,,,,,,
14923587,2026-10-01 13:56:22,sim13,480370,,skip,adx_weak,,,,25.87601078167116,,,,,,,,,,,,,,,,,,,,,,,
14923587,2026-10-01 13:56:22,sim13,004105,,skip,no_frgn_support,,,,,,,,,,,,,,,,,,,,,,,,,,,
14923587,2026-10-01 13:56:22,sim13,009420,,skip,theme_momentum_weak,,,,,,,,,,,,,,,,,,,,,,,,,,,
14923587,2026-10-01 13:56:22,sim13,023150,,skip,theme_momentum_weak,,,,,,,,,,,,,,,,,,,,,,,,,,,
14923587,2026-10-01 13:56:22,sim13,001820,,skip,adx_weak,,,,38.26173826173826,,,,,,,,,,,,,,,,,,,,,,,
14923587,2026-10-01 13:56:22,sim13,012030,,skip,adx_weak,,,,35.77142857142857,,,,,,,,,,,,,,,,,,,,,,,
14923587,2026-10-01 13:56:22,sim13,0126Z0,,skip,theme_momentum_weak,,,,,,,,,,,,,,,,,,,,,,,,,,,
14923587,2026-10-01 13:56:22,sim13,077500,,skip,held_or_cooldown,,,,,,,,,,,,,,,,,,,,,,,,,,,
14923587,2026-10-01 13:56:22,sim13,004710,,skip,no_frgn_support,,,,,,,,,,,,,,,,,,,,,,,,,,,
14923587,2026-10-01 13:56:22,sim13,005430,,skip,theme_momentum_weak,,,,,,,,,,,,,,,,,,,,,,,,,,,
14923587,2026-10-01 13:56:22,sim13,109070,,skip,amount_not_surprised,,,,,,,,,,,,,,,,,,,,,,,,,,,
14923587,2026-10-01 13:56:22,sim13,317450,,skip,theme_momentum_weak,,,,,,,,,,,,,,,,,,,,,,,,,,,
14923587,2026-10-01 13:56:22,sim13,005850,,skip,theme_momentum_weak,,,,,,,,,,,,,,,,,,,,,,,,,,,
14923587,2026-10-01 13:56:22,sim13,079550,,skip,theme_momentum_weak,,,,,,,,,,,,,,,,,,,,,,,,,,,
14923587,2026-10-01 13:56:22,sim13,078520,,skip,theme_momentum_weak,,,,,,,,,,,,,,,,,,,,,,,,,,,
14923587,2026-10-01 13:56:22,sim13,093050,,skip,theme_momentum_weak,,,,,,,,,,,,,,,,,,,,,,,,,,,
14923587,2026-10-01 13:56:22,sim13,460860,,skip,theme_momentum_weak,,,,,,,,,,,,,,,,,,,,,,,,,,,
14923587,2026-10-01 13:56:22,sim13,002240,,skip,theme_momentum_weak,,,,,,,,,,,,,,,,,,,,,,,,,,,
14923587,2026-10-01 13:56:22,sim13,002870,,skip,theme_momentum_weak,,,,,,,,,,,,,,,,,,,,,,,,,,,
14923587,2026-10-01 13:56:22,sim13,014680,,skip,no_frgn_support,,,,,,,,,,,,,,,,,,,,,,,,,,,
14923587,2026-10-01 13:56:22,sim13,217590,,skip,adx_weak,,,,29.86111111111111,,,,,,,,,,,,,,,,,,,,,,,
14923587,2026-10-01 13:56:22,sim13,002360,,skip,amount_not_surprised,,,,,,,,,,,,,,,,,,,,,,,,,,,
14923588,2026-10-01 13:58:23,sim13,084010,,skip,theme_momentum_weak,,,,,,,,,,,,,,,,,,,,,,,,,,,
14923588,2026-10-01 13:58:23,sim13,192650,,skip,no_frgn_support,,,,,,,,,,,,,,,,,,,,,,,,,,,
14923588,2026-10-01 13:58:23,sim13,248070,,skip,theme_momentum_weak,,,,,,,,,,,,,,,,,,,,,,,,,,,
14923588,2026-10-01 13:58:23,sim13,001360,,skip,theme_momentum_weak,,,,,,,,,,,,,,,,,,,,,,,,,,,
14923588,2026-10-01 13:58:23,sim13,036570,,skip,theme_momentum_weak,,,,,,,,,,,,,,,,,,,,,,,,,,,
14923588,2026-10-01 13:58:23,sim13,353200,,skip,adx_weak,,,,28.26086956521739,,,,,,,,,,,,,,,,,,,,,,,
14923588,2026-10-01 13:58:23,sim13,003160,,skip,no_frgn_support,,,,,,,,,,,,,,,,,,,,,,,,,,,
14923588,2026-10-01 13:58:23,sim13,003350,,skip,theme_momentum_weak,,,,,,,,,,,,,,,,,,,,,,,,,,,
14923588,2026-10-01 13:58:23,sim13,069640,,skip,theme_momentum_weak,,,,,,,,,,,,,,,,,,,,,,,,,,,
14923588,2026-10-01 13:58:23,sim13,480370,,skip,adx_weak,,,,25.87601078167116,,,,,,,,,,,,,,,,,,,,,,,
14923588,2026-10-01 13:58:23,sim13,004105,,skip,no_frgn_support,,,,,,,,,,,,,,,,,,,,,,,,,,,
14923588,2026-10-01 13:58:23,sim13,023150,,skip,theme_momentum_weak,,,,,,,,,,,,,,,,,,,,,,,,,,,
14923588,2026-10-01 13:58:23,sim13,009420,,skip,theme_momentum_weak,,,,,,,,,,,,,,,,,,,,,,,,,,,
14923588,2026-10-01 13:58:23,sim13,012030,,skip,adx_weak,,,,35.77142857142857,,,,,,,,,,,,,,,,,,,,,,,
14923588,2026-10-01 13:58:23,sim13,001820,,skip,adx_weak,,,,38.26173826173826,,,,,,,,,,,,,,,,,,,,,,,
14923588,2026-10-01 13:58:23,sim13,005430,,skip,theme_momentum_weak,,,,,,,,,,,,,,,,,,,,,,,,,,,
14923588,2026-10-01 13:58:23,sim13,0126Z0,,skip,theme_momentum_weak,,,,,,,,,,,,,,,,,,,,,,,,,,,
14923588,2026-10-01 13:58:23,sim13,077500,,skip,held_or_cooldown,,,,,,,,,,,,,,,,,,,,,,,,,,,
14923588,2026-10-01 13:58:23,sim13,109070,,skip,amount_not_surprised,,,,,,,,,,,,,,,,,,,,,,,,,,,
14923588,2026-10-01 13:58:23,sim13,004710,,skip,no_frgn_support,,,,,,,,,,,,,,,,,,,,,,,,,,,
14923588,2026-10-01 13:58:23,sim13,093050,,skip,theme_momentum_weak,,,,,,,,,,,,,,,,,,,,,,,,,,,
14923588,2026-10-01 13:58:23,sim13,317450,,skip,theme_momentum_weak,,,,,,,,,,,,,,,,,,,,,,,,,,,
14923588,2026-10-01 13:58:23,sim13,005850,,skip,theme_momentum_weak,,,,,,,,,,,,,,,,,,,,,,,,,,,
14923588,2026-10-01 13:58:23,sim13,014680,,skip,no_frgn_support,,,,,,,,,,,,,,,,,,,,,,,,,,,
14923588,2026-10-01 13:58:23,sim13,079550,,skip,theme_momentum_weak,,,,,,,,,,,,,,,,,,,,,,,,,,,
14923588,2026-10-01 13:58:23,sim13,078520,,skip,theme_momentum_weak,,,,,,,,,,,,,,,,,,,,,,,,,,,
14923588,2026-10-01 13:58:23,sim13,002360,,skip,amount_not_surprised,,,,,,,,,,,,,,,,,,,,,,,,,,,
14923588,2026-10-01 13:58:23,sim13,460860,,skip,theme_momentum_weak,,,,,,,,,,,,,,,,,,,,,,,,,,,
14923588,2026-10-01 13:58:23,sim13,002870,,skip,theme_momentum_weak,,,,,,,,,,,,,,,,,,,,,,,,,,,
14923588,2026-10-01 13:58:23,sim13,014990,,skip,theme_momentum_weak,,,,,,,,,,,,,,,,,,,,,,,,,,,
14923589,2026-10-01 14:00:19,sim13,084010,,skip,theme_momentum_weak,,,,,,,,,,,,,,,,,,,,,,,,,,,
14923589,2026-10-01 14:00:19,sim13,192650,,skip,no_frgn_support,,,,,,,,,,,,,,,,,,,,,,,,,,,
14923589,2026-10-01 14:00:19,sim13,001360,,skip,theme_momentum_weak,,,,,,,,,,,,,,,,,,,,,,,,,,,
14923589,2026-10-01 14:00:19,sim13,248070,,skip,theme_momentum_weak,,,,,,,,,,,,,,,,,,,,,,,,,,,
14923589,2026-10-01 14:00:19,sim13,036570,,skip,theme_momentum_weak,,,,,,,,,,,,,,,,,,,,,,,,,,,
14923589,2026-10-01 14:00:19,sim13,353200,,skip,adx_weak,,,,28.26086956521739,,,,,,,,,,,,,,,,,,,,,,,
14923589,2026-10-01 14:00:19,sim13,005430,,skip,theme_momentum_weak,,,,,,,,,,,,,,,,,,,,,,,,,,,
14923589,2026-10-01 14:00:19,sim13,003350,,skip,theme_momentum_weak,,,,,,,,,,,,,,,,,,,,,,,,,,,
14923589,2026-10-01 14:00:19,sim13,003160,,skip,no_frgn_support,,,,,,,,,,,,,,,,,,,,,,,,,,,
14923589,2026-10-01 14:00:19,sim13,069640,,skip,theme_momentum_weak,,,,,,,,,,,,,,,,,,,,,,,,,,,
14923589,2026-10-01 14:00:19,sim13,480370,,skip,adx_weak,,,,25.87601078167116,,,,,,,,,,,,,,,,,,,,,,,
14923589,2026-10-01 14:00:19,sim13,004105,,skip,no_frgn_support,,,,,,,,,,,,,,,,,,,,,,,,,,,
14923589,2026-10-01 14:00:19,sim13,023150,,skip,theme_momentum_weak,,,,,,,,,,,,,,,,,,,,,,,,,,,
14923589,2026-10-01 14:00:19,sim13,009420,,skip,theme_momentum_weak,,,,,,,,,,,,,,,,,,,,,,,,,,,
14923589,2026-10-01 14:00:19,sim13,012030,,skip,adx_weak,,,,35.77142857142857,,,,,,,,,,,,,,,,,,,,,,,
14923589,2026-10-01 14:00:19,sim13,0126Z0,,skip,theme_momentum_weak,,,,,,,,,,,,,,,,,,,,,,,,,,,
14923589,2026-10-01 14:00:19,sim13,001820,,skip,adx_weak,,,,38.26173826173826,,,,,,,,,,,,,,,,,,,,,,,
14923589,2026-10-01 14:00:19,sim13,004710,,skip,no_frgn_support,,,,,,,,,,,,,,,,,,,,,,,,,,,
14923589,2026-10-01 14:00:19,sim13,109070,,skip,amount_not_surprised,,,,,,,,,,,,,,,,,,,,,,,,,,,
14923589,2026-10-01 14:00:19,sim13,077500,,skip,held_or_cooldown,,,,,,,,,,,,,,,,,,,,,,,,,,,
14923589,2026-10-01 14:00:19,sim13,002360,,skip,amount_not_surprised,,,,,,,,,,,,,,,,,,,,,,,,,,,
14923589,2026-10-01 14:00:19,sim13,079550,,skip,theme_momentum_weak,,,,,,,,,,,,,,,,,,,,,,,,,,,
14923589,2026-10-01 14:00:19,sim13,317450,,skip,theme_momentum_weak,,,,,,,,,,,,,,,,,,,,,,,,,,,
14923589,2026-10-01 14:00:19,sim13,014680,,skip,no_frgn_support,,,,,,,,,,,,,,,,,,,,,,,,,,,
14923589,2026-10-01 14:00:19,sim13,093050,,skip,theme_momentum_weak,,,,,,,,,,,,,,,,,,,,,,,,,,,
14923589,2026-10-01 14:00:19,sim13,460860,,skip,theme_momentum_weak,,,,,,,,,,,,,,,,,,,,,,,,,,,
14923589,2026-10-01 14:00:19,sim13,078520,,skip,theme_momentum_weak,,,,,,,,,,,,,,,,,,,,,,,,,,,
14923589,2026-10-01 14:00:19,sim13,005850,,skip,theme_momentum_weak,,,,,,,,,,,,,,,,,,,,,,,,,,,
14923589,2026-10-01 14:00:19,sim13,002240,,skip,theme_momentum_weak,,,,,,,,,,,,,,,,,,,,,,,,,,,
14923589,2026-10-01 14:00:19,sim13,014990,,skip,theme_momentum_weak,,,,,,,,,,,,,,,,,,,,,,,,,,,
14923590,2026-10-01 14:02:21,sim13,084010,,skip,theme_momentum_weak,,,,,,,,,,,,,,,,,,,,,,,,,,,
14923590,2026-10-01 14:02:21,sim13,192650,,skip,no_frgn_support,,,,,,,,,,,,,,,,,,,,,,,,,,,
14923590,2026-10-01 14:02:21,sim13,001360,,skip,theme_momentum_weak,,,,,,,,,,,,,,,,,,,,,,,,,,,
14923590,2026-10-01 14:02:21,sim13,036570,,skip,theme_momentum_weak,,,,,,,,,,,,,,,,,,,,,,,,,,,
14923590,2026-10-01 14:02:21,sim13,248070,,skip,theme_momentum_weak,,,,,,,,,,,,,,,,,,,,,,,,,,,
14923590,2026-10-01 14:02:21,sim13,353200,,skip,adx_weak,,,,28.26086956521739,,,,,,,,,,,,,,,,,,,,,,,
14923590,2026-10-01 14:02:21,sim13,023150,,skip,theme_momentum_weak,,,,,,,,,,,,,,,,,,,,,,,,,,,
14923590,2026-10-01 14:02:21,sim13,003160,,skip,no_frgn_support,,,,,,,,,,,,,,,,,,,,,,,,,,,
14923590,2026-10-01 14:02:21,sim13,003350,,skip,theme_momentum_weak,,,,,,,,,,,,,,,,,,,,,,,,,,,
14923590,2026-10-01 14:02:21,sim13,005430,,skip,theme_momentum_weak,,,,,,,,,,,,,,,,,,,,,,,,,,,
14923590,2026-10-01 14:02:21,sim13,069640,,skip,theme_momentum_weak,,,,,,,,,,,,,,,,,,,,,,,,,,,
14923590,2026-10-01 14:02:21,sim13,004105,,skip,no_frgn_support,,,,,,,,,,,,,,,,,,,,,,,,,,,
14923590,2026-10-01 14:02:21,sim13,004710,,skip,no_frgn_support,,,,,,,,,,,,,,,,,,,,,,,,,,,
14923590,2026-10-01 14:02:21,sim13,480370,,skip,adx_weak,,,,25.87601078167116,,,,,,,,,,,,,,,,,,,,,,,
14923590,2026-10-01 14:02:21,sim13,009420,,skip,theme_momentum_weak,,,,,,,,,,,,,,,,,,,,,,,,,,,
14923590,2026-10-01 14:02:21,sim13,012030,,skip,adx_weak,,,,35.77142857142857,,,,,,,,,,,,,,,,,,,,,,,
14923590,2026-10-01 14:02:21,sim13,001820,,skip,adx_weak,,,,38.26173826173826,,,,,,,,,,,,,,,,,,,,,,,
14923590,2026-10-01 14:02:21,sim13,0126Z0,,skip,theme_momentum_weak,,,,,,,,,,,,,,,,,,,,,,,,,,,
14923590,2026-10-01 14:02:21,sim13,109070,,skip,amount_not_surprised,,,,,,,,,,,,,,,,,,,,,,,,,,,
14923590,2026-10-01 14:02:21,sim13,077500,,skip,held_or_cooldown,,,,,,,,,,,,,,,,,,,,,,,,,,,
14923590,2026-10-01 14:02:21,sim13,005850,,skip,theme_momentum_weak,,,,,,,,,,,,,,,,,,,,,,,,,,,
14923590,2026-10-01 14:02:21,sim13,002360,,skip,amount_not_surprised,,,,,,,,,,,,,,,,,,,,,,,,,,,
14923590,2026-10-01 14:02:21,sim13,079550,,skip,theme_momentum_weak,,,,,,,,,,,,,,,,,,,,,,,,,,,
14923590,2026-10-01 14:02:21,sim13,093050,,skip,theme_momentum_weak,,,,,,,,,,,,,,,,,,,,,,,,,,,
14923590,2026-10-01 14:02:21,sim13,317450,,skip,theme_momentum_weak,,,,,,,,,,,,,,,,,,,,,,,,,,,
14923590,2026-10-01 14:02:21,sim13,014680,,skip,no_frgn_support,,,,,,,,,,,,,,,,,,,,,,,,,,,
14923590,2026-10-01 14:02:21,sim13,460860,,skip,theme_momentum_weak,,,,,,,,,,,,,,,,,,,,,,,,,,,
14923590,2026-10-01 14:02:21,sim13,078520,,skip,theme_momentum_weak,,,,,,,,,,,,,,,,,,,,,,,,,,,
14923590,2026-10-01 14:02:21,sim13,002240,,skip,theme_momentum_weak,,,,,,,,,,,,,,,,,,,,,,,,,,,
14923590,2026-10-01 14:02:21,sim13,014990,,skip,theme_momentum_weak,,,,,,,,,,,,,,,,,,,,,,,,,,,
14923591,2026-10-01 14:04:22,sim13,084010,,skip,theme_momentum_weak,,,,,,,,,,,,,,,,,,,,,,,,,,,
14923591,2026-10-01 14:04:22,sim13,192650,,skip,no_frgn_support,,,,,,,,,,,,,,,,,,,,,,,,,,,
14923591,2026-10-01 14:04:22,sim13,248070,,skip,theme_momentum_weak,,,,,,,,,,,,,,,,,,,,,,,,,,,
14923591,2026-10-01 14:04:22,sim13,001360,,skip,theme_momentum_weak,,,,,,,,,,,,,,,,,,,,,,,,,,,
14923591,2026-10-01 14:04:22,sim13,036570,,skip,theme_momentum_weak,,,,,,,,,,,,,,,,,,,,,,,,,,,
14923591,2026-10-01 14:04:22,sim13,353200,,skip,adx_weak,,,,28.26086956521739,,,,,,,,,,,,,,,,,,,,,,,
14923591,2026-10-01 14:04:22,sim13,005430,,skip,theme_momentum_weak,,,,,,,,,,,,,,,,,,,,,,,,,,,
14923591,2026-10-01 14:04:22,sim13,023150,,skip,theme_momentum_weak,,,,,,,,,,,,,,,,,,,,,,,,,,,
14923591,2026-10-01 14:04:22,sim13,003160,,skip,no_frgn_support,,,,,,,,,,,,,,,,,,,,,,,,,,,
14923591,2026-10-01 14:04:22,sim13,003350,,skip,theme_momentum_weak,,,,,,,,,,,,,,,,,,,,,,,,,,,
14923591,2026-10-01 14:04:22,sim13,004105,,skip,no_frgn_support,,,,,,,,,,,,,,,,,,,,,,,,,,,
14923591,2026-10-01 14:04:22,sim13,004710,,skip,no_frgn_support,,,,,,,,,,,,,,,,,,,,,,,,,,,
14923591,2026-10-01 14:04:22,sim13,069640,,skip,theme_momentum_weak,,,,,,,,,,,,,,,,,,,,,,,,,,,
14923591,2026-10-01 14:04:22,sim13,480370,,skip,adx_weak,,,,25.87601078167116,,,,,,,,,,,,,,,,,,,,,,,
14923591,2026-10-01 14:04:22,sim13,009420,,skip,theme_momentum_weak,,,,,,,,,,,,,,,,,,,,,,,,,,,
14923591,2026-10-01 14:04:22,sim13,012030,,skip,adx_weak,,,,35.77142857142857,,,,,,,,,,,,,,,,,,,,,,,
14923591,2026-10-01 14:04:22,sim13,0126Z0,,skip,theme_momentum_weak,,,,,,,,,,,,,,,,,,,,,,,,,,,
14923591,2026-10-01 14:04:22,sim13,001820,,skip,adx_weak,,,,38.26173826173826,,,,,,,,,,,,,,,,,,,,,,,
14923591,2026-10-01 14:04:22,sim13,109070,,skip,amount_not_surprised,,,,,,,,,,,,,,,,,,,,,,,,,,,
14923591,2026-10-01 14:04:22,sim13,077500,,skip,held_or_cooldown,,,,,,,,,,,,,,,,,,,,,,,,,,,
14923591,2026-10-01 14:04:22,sim13,005850,,skip,theme_momentum_weak,,,,,,,,,,,,,,,,,,,,,,,,,,,
14923591,2026-10-01 14:04:22,sim13,002360,,skip,amount_not_surprised,,,,,,,,,,,,,,,,,,,,,,,,,,,
14923591,2026-10-01 14:04:22,sim13,093050,,skip,theme_momentum_weak,,,,,,,,,,,,,,,,,,,,,,,,,,,
14923591,2026-10-01 14:04:22,sim13,317450,,skip,theme_momentum_weak,,,,,,,,,,,,,,,,,,,,,,,,,,,
14923591,2026-10-01 14:04:22,sim13,014680,,skip,no_frgn_support,,,,,,,,,,,,,,,,,,,,,,,,,,,
14923591,2026-10-01 14:04:22,sim13,460860,,skip,theme_momentum_weak,,,,,,,,,,,,,,,,,,,,,,,,,,,
14923591,2026-10-01 14:04:22,sim13,078520,,skip,theme_momentum_weak,,,,,,,,,,,,,,,,,,,,,,,,,,,
14923591,2026-10-01 14:04:22,sim13,079550,,skip,theme_momentum_weak,,,,,,,,,,,,,,,,,,,,,,,,,,,
14923591,2026-10-01 14:04:22,sim13,35320K,,skip,theme_momentum_weak,,,,,,,,,,,,,,,,,,,,,,,,,,,
14923591,2026-10-01 14:04:22,sim13,014990,,skip,theme_momentum_weak,,,,,,,,,,,,,,,,,,,,,,,,,,,
14923592,2026-10-01 14:06:22,sim13,084010,,skip,theme_momentum_weak,,,,,,,,,,,,,,,,,,,,,,,,,,,
14923592,2026-10-01 14:06:22,sim13,192650,,skip,no_frgn_support,,,,,,,,,,,,,,,,,,,,,,,,,,,
14923592,2026-10-01 14:06:22,sim13,248070,,skip,theme_momentum_weak,,,,,,,,,,,,,,,,,,,,,,,,,,,
14923592,2026-10-01 14:06:22,sim13,001360,,skip,theme_momentum_weak,,,,,,,,,,,,,,,,,,,,,,,,,,,
14923592,2026-10-01 14:06:22,sim13,353200,,skip,adx_weak,,,,28.26086956521739,,,,,,,,,,,,,,,,,,,,,,,
14923592,2026-10-01 14:06:22,sim13,036570,,skip,theme_momentum_weak,,,,,,,,,,,,,,,,,,,,,,,,,,,
14923592,2026-10-01 14:06:22,sim13,005430,,skip,theme_momentum_weak,,,,,,,,,,,,,,,,,,,,,,,,,,,
14923592,2026-10-01 14:06:22,sim13,023150,,skip,theme_momentum_weak,,,,,,,,,,,,,,,,,,,,,,,,,,,
14923592,2026-10-01 14:06:22,sim13,003350,,skip,theme_momentum_weak,,,,,,,,,,,,,,,,,,,,,,,,,,,
14923592,2026-10-01 14:06:22,sim13,003160,,skip,no_frgn_support,,,,,,,,,,,,,,,,,,,,,,,,,,,
14923592,2026-10-01 14:06:22,sim13,004710,,skip,no_frgn_support,,,,,,,,,,,,,,,,,,,,,,,,,,,
14923592,2026-10-01 14:06:22,sim13,004105,,skip,no_frgn_support,,,,,,,,,,,,,,,,,,,,,,,,,,,
14923592,2026-10-01 14:06:22,sim13,480370,,skip,adx_weak,,,,25.87601078167116,,,,,,,,,,,,,,,,,,,,,,,
14923592,2026-10-01 14:06:22,sim13,009420,,skip,theme_momentum_weak,,,,,,,,,,,,,,,,,,,,,,,,,,,
14923592,2026-10-01 14:06:22,sim13,012030,,skip,adx_weak,,,,35.77142857142857,,,,,,,,,,,,,,,,,,,,,,,
14923592,2026-10-01 14:06:22,sim13,001820,,skip,adx_weak,,,,38.26173826173826,,,,,,,,,,,,,,,,,,,,,,,
14923592,2026-10-01 14:06:22,sim13,0126Z0,,skip,theme_momentum_weak,,,,,,,,,,,,,,,,,,,,,,,,,,,
14923592,2026-10-01 14:06:22,sim13,109070,,skip,amount_not_surprised,,,,,,,,,,,,,,,,,,,,,,,,,,,
14923592,2026-10-01 14:06:22,sim13,069640,,skip,theme_momentum_weak,,,,,,,,,,,,,,,,,,,,,,,,,,,
14923592,2026-10-01 14:06:22,sim13,077500,,skip,held_or_cooldown,,,,,,,,,,,,,,,,,,,,,,,,,,,
14923592,2026-10-01 14:06:22,sim13,195870,,skip,adx_weak,,,,26.332288401253916,,,,,,,,,,,,,,,,,,,,,,,
14923592,2026-10-01 14:06:22,sim13,014680,,skip,no_frgn_support,,,,,,,,,,,,,,,,,,,,,,,,,,,
14923592,2026-10-01 14:06:22,sim13,317450,,skip,theme_momentum_weak,,,,,,,,,,,,,,,,,,,,,,,,,,,
14923592,2026-10-01 14:06:22,sim13,005850,,skip,theme_momentum_weak,,,,,,,,,,,,,,,,,,,,,,,,,,,
14923592,2026-10-01 14:06:22,sim13,093050,,skip,theme_momentum_weak,,,,,,,,,,,,,,,,,,,,,,,,,,,
14923592,2026-10-01 14:06:22,sim13,460860,,skip,theme_momentum_weak,,,,,,,,,,,,,,,,,,,,,,,,,,,
14923592,2026-10-01 14:06:22,sim13,079550,,skip,theme_momentum_weak,,,,,,,,,,,,,,,,,,,,,,,,,,,
14923592,2026-10-01 14:06:22,sim13,078520,,skip,theme_momentum_weak,,,,,,,,,,,,,,,,,,,,,,,,,,,
14923592,2026-10-01 14:06:22,sim13,35320K,,skip,theme_momentum_weak,,,,,,,,,,,,,,,,,,,,,,,,,,,
14923592,2026-10-01 14:06:22,sim13,002360,,skip,amount_not_surprised,,,,,,,,,,,,,,,,,,,,,,,,,,,
14923593,2026-10-01 14:08:31,sim13,084010,,skip,theme_momentum_weak,,,,,,,,,,,,,,,,,,,,,,,,,,,
14923593,2026-10-01 14:08:31,sim13,192650,,skip,no_frgn_support,,,,,,,,,,,,,,,,,,,,,,,,,,,
14923593,2026-10-01 14:08:31,sim13,353200,,skip,adx_weak,,,,28.26086956521739,,,,,,,,,,,,,,,,,,,,,,,
14923593,2026-10-01 14:08:31,sim13,248070,,skip,theme_momentum_weak,,,,,,,,,,,,,,,,,,,,,,,,,,,
14923593,2026-10-01 14:08:31,sim13,005430,,skip,theme_momentum_weak,,,,,,,,,,,,,,,,,,,,,,,,,,,
14923593,2026-10-01 14:08:31,sim13,001360,,skip,theme_momentum_weak,,,,,,,,,,,,,,,,,,,,,,,,,,,
14923593,2026-10-01 14:08:31,sim13,036570,,skip,theme_momentum_weak,,,,,,,,,,,,,,,,,,,,,,,,,,,
14923593,2026-10-01 14:08:31,sim13,023150,,skip,theme_momentum_weak,,,,,,,,,,,,,,,,,,,,,,,,,,,
14923593,2026-10-01 14:08:31,sim13,069640,,skip,theme_momentum_weak,,,,,,,,,,,,,,,,,,,,,,,,,,,
14923593,2026-10-01 14:08:31,sim13,003160,,skip,no_frgn_support,,,,,,,,,,,,,,,,,,,,,,,,,,,
14923593,2026-10-01 14:08:31,sim13,003350,,skip,theme_momentum_weak,,,,,,,,,,,,,,,,,,,,,,,,,,,
14923593,2026-10-01 14:08:31,sim13,004710,,skip,no_frgn_support,,,,,,,,,,,,,,,,,,,,,,,,,,,
14923593,2026-10-01 14:08:31,sim13,480370,,skip,adx_weak,,,,25.87601078167116,,,,,,,,,,,,,,,,,,,,,,,
14923593,2026-10-01 14:08:31,sim13,004105,,skip,no_frgn_support,,,,,,,,,,,,,,,,,,,,,,,,,,,
14923593,2026-10-01 14:08:31,sim13,001820,,skip,adx_weak,,,,38.26173826173826,,,,,,,,,,,,,,,,,,,,,,,
14923593,2026-10-01 14:08:31,sim13,012030,,skip,adx_weak,,,,35.77142857142857,,,,,,,,,,,,,,,,,,,,,,,
14923593,2026-10-01 14:08:31,sim13,009420,,skip,theme_momentum_weak,,,,,,,,,,,,,,,,,,,,,,,,,,,
14923593,2026-10-01 14:08:31,sim13,0126Z0,,skip,theme_momentum_weak,,,,,,,,,,,,,,,,,,,,,,,,,,,
14923593,2026-10-01 14:08:31,sim13,109070,,skip,amount_not_surprised,,,,,,,,,,,,,,,,,,,,,,,,,,,
14923593,2026-10-01 14:08:31,sim13,077500,,skip,held_or_cooldown,,,,,,,,,,,,,,,,,,,,,,,,,,,
14923593,2026-10-01 14:08:31,sim13,014680,,skip,no_frgn_support,,,,,,,,,,,,,,,,,,,,,,,,,,,
14923593,2026-10-01 14:08:31,sim13,195870,,skip,adx_weak,,,,26.332288401253916,,,,,,,,,,,,,,,,,,,,,,,
14923593,2026-10-01 14:08:31,sim13,005850,,skip,theme_momentum_weak,,,,,,,,,,,,,,,,,,,,,,,,,,,
14923593,2026-10-01 14:08:31,sim13,093050,,skip,theme_momentum_weak,,,,,,,,,,,,,,,,,,,,,,,,,,,
14923593,2026-10-01 14:08:31,sim13,317450,,skip,theme_momentum_weak,,,,,,,,,,,,,,,,,,,,,,,,,,,
14923593,2026-10-01 14:08:31,sim13,460860,,skip,theme_momentum_weak,,,,,,,,,,,,,,,,,,,,,,,,,,,
14923593,2026-10-01 14:08:31,sim13,014990,,skip,theme_momentum_weak,,,,,,,,,,,,,,,,,,,,,,,,,,,
14923593,2026-10-01 14:08:31,sim13,079550,,skip,theme_momentum_weak,,,,,,,,,,,,,,,,,,,,,,,,,,,
14923593,2026-10-01 14:08:31,sim13,35320K,,skip,theme_momentum_weak,,,,,,,,,,,,,,,,,,,,,,,,,,,
14923593,2026-10-01 14:08:31,sim13,078520,,skip,theme_momentum_weak,,,,,,,,,,,,,,,,,,,,,,,,,,,
14923594,2026-10-01 14:10:35,sim13,084010,,skip,theme_momentum_weak,,,,,,,,,,,,,,,,,,,,,,,,,,,
14923594,2026-10-01 14:10:35,sim13,192650,,skip,no_frgn_support,,,,,,,,,,,,,,,,,,,,,,,,,,,
14923594,2026-10-01 14:10:35,sim13,248070,,skip,theme_momentum_weak,,,,,,,,,,,,,,,,,,,,,,,,,,,
14923594,2026-10-01 14:10:35,sim13,005430,,skip,theme_momentum_weak,,,,,,,,,,,,,,,,,,,,,,,,,,,
14923594,2026-10-01 14:10:35,sim13,001360,,skip,theme_momentum_weak,,,,,,,,,,,,,,,,,,,,,,,,,,,
14923594,2026-10-01 14:10:35,sim13,353200,,skip,adx_weak,,,,28.26086956521739,,,,,,,,,,,,,,,,,,,,,,,
14923594,2026-10-01 14:10:35,sim13,036570,,skip,theme_momentum_weak,,,,,,,,,,,,,,,,,,,,,,,,,,,
14923594,2026-10-01 14:10:35,sim13,011690,,skip,theme_momentum_weak,,,,,,,,,,,,,,,,,,,,,,,,,,,
14923594,2026-10-01 14:10:35,sim13,023150,,skip,theme_momentum_weak,,,,,,,,,,,,,,,,,,,,,,,,,,,
14923594,2026-10-01 14:10:35,sim13,003350,,skip,theme_momentum_weak,,,,,,,,,,,,,,,,,,,,,,,,,,,
14923594,2026-10-01 14:10:35,sim13,003160,,skip,no_frgn_support,,,,,,,,,,,,,,,,,,,,,,,,,,,
14923594,2026-10-01 14:10:35,sim13,480370,,skip,adx_weak,,,,25.87601078167116,,,,,,,,,,,,,,,,,,,,,,,
14923594,2026-10-01 14:10:35,sim13,004710,,skip,no_frgn_support,,,,,,,,,,,,,,,,,,,,,,,,,,,
14923594,2026-10-01 14:10:35,sim13,001820,,skip,adx_weak,,,,38.26173826173826,,,,,,,,,,,,,,,,,,,,,,,
14923594,2026-10-01 14:10:35,sim13,004105,,skip,no_frgn_support,,,,,,,,,,,,,,,,,,,,,,,,,,,
14923594,2026-10-01 14:10:35,sim13,009420,,skip,theme_momentum_weak,,,,,,,,,,,,,,,,,,,,,,,,,,,
14923594,2026-10-01 14:10:35,sim13,012030,,skip,adx_weak,,,,35.77142857142857,,,,,,,,,,,,,,,,,,,,,,,
14923594,2026-10-01 14:10:35,sim13,0126Z0,,skip,theme_momentum_weak,,,,,,,,,,,,,,,,,,,,,,,,,,,
14923594,2026-10-01 14:10:35,sim13,077500,,skip,held_or_cooldown,,,,,,,,,,,,,,,,,,,,,,,,,,,
14923594,2026-10-01 14:10:35,sim13,109070,,skip,amount_not_surprised,,,,,,,,,,,,,,,,,,,,,,,,,,,
14923594,2026-10-01 14:10:35,sim13,005850,,skip,theme_momentum_weak,,,,,,,,,,,,,,,,,,,,,,,,,,,
14923594,2026-10-01 14:10:35,sim13,093050,,skip,theme_momentum_weak,,,,,,,,,,,,,,,,,,,,,,,,,,,
14923594,2026-10-01 14:10:35,sim13,014680,,skip,no_frgn_support,,,,,,,,,,,,,,,,,,,,,,,,,,,
14923594,2026-10-01 14:10:35,sim13,195870,,skip,adx_weak,,,,26.332288401253916,,,,,,,,,,,,,,,,,,,,,,,
14923594,2026-10-01 14:10:35,sim13,317450,,skip,theme_momentum_weak,,,,,,,,,,,,,,,,,,,,,,,,,,,
14923594,2026-10-01 14:10:35,sim13,078520,,skip,theme_momentum_weak,,,,,,,,,,,,,,,,,,,,,,,,,,,
14923594,2026-10-01 14:10:35,sim13,35320K,,skip,theme_momentum_weak,,,,,,,,,,,,,,,,,,,,,,,,,,,
14923594,2026-10-01 14:10:35,sim13,002360,,skip,amount_not_surprised,,,,,,,,,,,,,,,,,,,,,,,,,,,
14923594,2026-10-01 14:10:35,sim13,460860,,skip,theme_momentum_weak,,,,,,,,,,,,,,,,,,,,,,,,,,,
14923594,2026-10-01 14:10:35,sim13,079550,,skip,theme_momentum_weak,,,,,,,,,,,,,,,,,,,,,,,,,,,
14923595,2026-10-01 14:12:33,sim13,084010,,skip,theme_momentum_weak,,,,,,,,,,,,,,,,,,,,,,,,,,,
14923595,2026-10-01 14:12:33,sim13,192650,,skip,no_frgn_support,,,,,,,,,,,,,,,,,,,,,,,,,,,
14923595,2026-10-01 14:12:33,sim13,248070,,skip,theme_momentum_weak,,,,,,,,,,,,,,,,,,,,,,,,,,,
14923595,2026-10-01 14:12:33,sim13,005430,,skip,theme_momentum_weak,,,,,,,,,,,,,,,,,,,,,,,,,,,
14923595,2026-10-01 14:12:33,sim13,353200,,skip,adx_weak,,,,28.26086956521739,,,,,,,,,,,,,,,,,,,,,,,
14923595,2026-10-01 14:12:33,sim13,011690,,skip,theme_momentum_weak,,,,,,,,,,,,,,,,,,,,,,,,,,,
14923595,2026-10-01 14:12:33,sim13,001360,,skip,theme_momentum_weak,,,,,,,,,,,,,,,,,,,,,,,,,,,
14923595,2026-10-01 14:12:33,sim13,036570,,skip,theme_momentum_weak,,,,,,,,,,,,,,,,,,,,,,,,,,,
14923595,2026-10-01 14:12:33,sim13,023150,,skip,theme_momentum_weak,,,,,,,,,,,,,,,,,,,,,,,,,,,
14923595,2026-10-01 14:12:33,sim13,069640,,skip,theme_momentum_weak,,,,,,,,,,,,,,,,,,,,,,,,,,,
14923595,2026-10-01 14:12:33,sim13,003160,,skip,no_frgn_support,,,,,,,,,,,,,,,,,,,,,,,,,,,
14923595,2026-10-01 14:12:33,sim13,003350,,skip,theme_momentum_weak,,,,,,,,,,,,,,,,,,,,,,,,,,,
14923595,2026-10-01 14:12:33,sim13,480370,,skip,adx_weak,,,,25.87601078167116,,,,,,,,,,,,,,,,,,,,,,,
14923595,2026-10-01 14:12:33,sim13,001820,,skip,adx_weak,,,,38.26173826173826,,,,,,,,,,,,,,,,,,,,,,,
14923595,2026-10-01 14:12:33,sim13,009420,,skip,theme_momentum_weak,,,,,,,,,,,,,,,,,,,,,,,,,,,
14923595,2026-10-01 14:12:33,sim13,004710,,skip,no_frgn_support,,,,,,,,,,,,,,,,,,,,,,,,,,,
14923595,2026-10-01 14:12:33,sim13,004105,,skip,no_frgn_support,,,,,,,,,,,,,,,,,,,,,,,,,,,
14923595,2026-10-01 14:12:33,sim13,0126Z0,,skip,theme_momentum_weak,,,,,,,,,,,,,,,,,,,,,,,,,,,
14923595,2026-10-01 14:12:33,sim13,012030,,skip,adx_weak,,,,35.77142857142857,,,,,,,,,,,,,,,,,,,,,,,
14923595,2026-10-01 14:12:33,sim13,014680,,skip,no_frgn_support,,,,,,,,,,,,,,,,,,,,,,,,,,,
14923595,2026-10-01 14:12:33,sim13,077500,,skip,held_or_cooldown,,,,,,,,,,,,,,,,,,,,,,,,,,,
14923595,2026-10-01 14:12:33,sim13,109070,,skip,amount_not_surprised,,,,,,,,,,,,,,,,,,,,,,,,,,,
14923595,2026-10-01 14:12:33,sim13,093050,,skip,theme_momentum_weak,,,,,,,,,,,,,,,,,,,,,,,,,,,
14923595,2026-10-01 14:12:33,sim13,317450,,skip,theme_momentum_weak,,,,,,,,,,,,,,,,,,,,,,,,,,,
14923595,2026-10-01 14:12:33,sim13,460860,,skip,theme_momentum_weak,,,,,,,,,,,,,,,,,,,,,,,,,,,
14923595,2026-10-01 14:12:33,sim13,079550,,skip,theme_momentum_weak,,,,,,,,,,,,,,,,,,,,,,,,,,,
14923595,2026-10-01 14:12:33,sim13,005850,,skip,theme_momentum_weak,,,,,,,,,,,,,,,,,,,,,,,,,,,
14923595,2026-10-01 14:12:33,sim13,195870,,skip,adx_weak,,,,26.332288401253916,,,,,,,,,,,,,,,,,,,,,,,
14923595,2026-10-01 14:12:33,sim13,078520,,skip,theme_momentum_weak,,,,,,,,,,,,,,,,,,,,,,,,,,,
14923595,2026-10-01 14:12:33,sim13,002240,,skip,theme_momentum_weak,,,,,,,,,,,,,,,,,,,,,,,,,,,
14923596,2026-10-01 14:14:31,sim13,084010,,skip,theme_momentum_weak,,,,,,,,,,,,,,,,,,,,,,,,,,,
14923596,2026-10-01 14:14:31,sim13,192650,,skip,no_frgn_support,,,,,,,,,,,,,,,,,,,,,,,,,,,
14923596,2026-10-01 14:14:31,sim13,248070,,skip,theme_momentum_weak,,,,,,,,,,,,,,,,,,,,,,,,,,,
14923596,2026-10-01 14:14:31,sim13,005430,,skip,theme_momentum_weak,,,,,,,,,,,,,,,,,,,,,,,,,,,
14923596,2026-10-01 14:14:31,sim13,353200,,skip,adx_weak,,,,28.26086956521739,,,,,,,,,,,,,,,,,,,,,,,
14923596,2026-10-01 14:14:31,sim13,001360,,skip,theme_momentum_weak,,,,,,,,,,,,,,,,,,,,,,,,,,,
14923596,2026-10-01 14:14:31,sim13,036570,,skip,theme_momentum_weak,,,,,,,,,,,,,,,,,,,,,,,,,,,
14923596,2026-10-01 14:14:31,sim13,023150,,skip,theme_momentum_weak,,,,,,,,,,,,,,,,,,,,,,,,,,,
14923596,2026-10-01 14:14:31,sim13,069640,,skip,theme_momentum_weak,,,,,,,,,,,,,,,,,,,,,,,,,,,
14923596,2026-10-01 14:14:31,sim13,003160,,skip,no_frgn_support,,,,,,,,,,,,,,,,,,,,,,,,,,,
14923596,2026-10-01 14:14:31,sim13,011690,,skip,theme_momentum_weak,,,,,,,,,,,,,,,,,,,,,,,,,,,
14923596,2026-10-01 14:14:31,sim13,003350,,skip,theme_momentum_weak,,,,,,,,,,,,,,,,,,,,,,,,,,,
14923596,2026-10-01 14:14:31,sim13,480370,,skip,adx_weak,,,,25.87601078167116,,,,,,,,,,,,,,,,,,,,,,,
14923596,2026-10-01 14:14:31,sim13,009420,,skip,theme_momentum_weak,,,,,,,,,,,,,,,,,,,,,,,,,,,
14923596,2026-10-01 14:14:31,sim13,004105,,skip,no_frgn_support,,,,,,,,,,,,,,,,,,,,,,,,,,,
14923596,2026-10-01 14:14:31,sim13,001820,,skip,adx_weak,,,,38.26173826173826,,,,,,,,,,,,,,,,,,,,,,,
14923596,2026-10-01 14:14:31,sim13,004710,,skip,no_frgn_support,,,,,,,,,,,,,,,,,,,,,,,,,,,
14923596,2026-10-01 14:14:31,sim13,0126Z0,,skip,theme_momentum_weak,,,,,,,,,,,,,,,,,,,,,,,,,,,
14923596,2026-10-01 14:14:31,sim13,014680,,skip,no_frgn_support,,,,,,,,,,,,,,,,,,,,,,,,,,,
14923596,2026-10-01 14:14:31,sim13,012030,,skip,adx_weak,,,,35.77142857142857,,,,,,,,,,,,,,,,,,,,,,,
14923596,2026-10-01 14:14:31,sim13,109070,,skip,amount_not_surprised,,,,,,,,,,,,,,,,,,,,,,,,,,,
14923596,2026-10-01 14:14:31,sim13,077500,,skip,held_or_cooldown,,,,,,,,,,,,,,,,,,,,,,,,,,,
14923596,2026-10-01 14:14:31,sim13,317450,,skip,theme_momentum_weak,,,,,,,,,,,,,,,,,,,,,,,,,,,
14923596,2026-10-01 14:14:31,sim13,093050,,skip,theme_momentum_weak,,,,,,,,,,,,,,,,,,,,,,,,,,,
14923596,2026-10-01 14:14:31,sim13,079550,,skip,theme_momentum_weak,,,,,,,,,,,,,,,,,,,,,,,,,,,
14923596,2026-10-01 14:14:31,sim13,005850,,skip,theme_momentum_weak,,,,,,,,,,,,,,,,,,,,,,,,,,,
14923596,2026-10-01 14:14:31,sim13,195870,,skip,adx_weak,,,,26.332288401253916,,,,,,,,,,,,,,,,,,,,,,,
14923596,2026-10-01 14:14:31,sim13,460860,,skip,theme_momentum_weak,,,,,,,,,,,,,,,,,,,,,,,,,,,
14923596,2026-10-01 14:14:31,sim13,078520,,skip,theme_momentum_weak,,,,,,,,,,,,,,,,,,,,,,,,,,,
14923596,2026-10-01 14:14:31,sim13,007810,,skip,adx_weak,,,,31.458333333333332,,,,,,,,,,,,,,,,,,,,,,,
14923597,2026-10-01 14:16:29,sim13,084010,,skip,theme_momentum_weak,,,,,,,,,,,,,,,,,,,,,,,,,,,
14923597,2026-10-01 14:16:29,sim13,192650,,skip,no_frgn_support,,,,,,,,,,,,,,,,,,,,,,,,,,,
14923597,2026-10-01 14:16:29,sim13,248070,,skip,theme_momentum_weak,,,,,,,,,,,,,,,,,,,,,,,,,,,
14923597,2026-10-01 14:16:29,sim13,353200,,skip,adx_weak,,,,28.26086956521739,,,,,,,,,,,,,,,,,,,,,,,
14923597,2026-10-01 14:16:29,sim13,005430,,skip,theme_momentum_weak,,,,,,,,,,,,,,,,,,,,,,,,,,,
14923597,2026-10-01 14:16:29,sim13,001360,,skip,theme_momentum_weak,,,,,,,,,,,,,,,,,,,,,,,,,,,
14923597,2026-10-01 14:16:29,sim13,036570,,skip,theme_momentum_weak,,,,,,,,,,,,,,,,,,,,,,,,,,,
14923597,2026-10-01 14:16:29,sim13,023150,,skip,theme_momentum_weak,,,,,,,,,,,,,,,,,,,,,,,,,,,
14923597,2026-10-01 14:16:29,sim13,069640,,skip,theme_momentum_weak,,,,,,,,,,,,,,,,,,,,,,,,,,,
14923597,2026-10-01 14:16:29,sim13,003160,,skip,no_frgn_support,,,,,,,,,,,,,,,,,,,,,,,,,,,
14923597,2026-10-01 14:16:29,sim13,004105,,skip,no_frgn_support,,,,,,,,,,,,,,,,,,,,,,,,,,,
14923597,2026-10-01 14:16:29,sim13,003350,,skip,theme_momentum_weak,,,,,,,,,,,,,,,,,,,,,,,,,,,
14923597,2026-10-01 14:16:29,sim13,480370,,skip,adx_weak,,,,25.87601078167116,,,,,,,,,,,,,,,,,,,,,,,
14923597,2026-10-01 14:16:29,sim13,004710,,skip,no_frgn_support,,,,,,,,,,,,,,,,,,,,,,,,,,,
14923597,2026-10-01 14:16:29,sim13,009420,,skip,theme_momentum_weak,,,,,,,,,,,,,,,,,,,,,,,,,,,
14923597,2026-10-01 14:16:29,sim13,011690,,skip,theme_momentum_weak,,,,,,,,,,,,,,,,,,,,,,,,,,,
14923597,2026-10-01 14:16:29,sim13,001820,,skip,adx_weak,,,,38.26173826173826,,,,,,,,,,,,,,,,,,,,,,,
14923597,2026-10-01 14:16:29,sim13,0126Z0,,skip,theme_momentum_weak,,,,,,,,,,,,,,,,,,,,,,,,,,,
14923597,2026-10-01 14:16:29,sim13,012030,,skip,adx_weak,,,,35.77142857142857,,,,,,,,,,,,,,,,,,,,,,,
14923597,2026-10-01 14:16:29,sim13,077500,,skip,held_or_cooldown,,,,,,,,,,,,,,,,,,,,,,,,,,,
14923597,2026-10-01 14:16:29,sim13,014680,,skip,no_frgn_support,,,,,,,,,,,,,,,,,,,,,,,,,,,
14923597,2026-10-01 14:16:29,sim13,109070,,skip,amount_not_surprised,,,,,,,,,,,,,,,,,,,,,,,,,,,
14923597,2026-10-01 14:16:29,sim13,317450,,skip,theme_momentum_weak,,,,,,,,,,,,,,,,,,,,,,,,,,,
14923597,2026-10-01 14:16:29,sim13,079550,,skip,theme_momentum_weak,,,,,,,,,,,,,,,,,,,,,,,,,,,
14923597,2026-10-01 14:16:29,sim13,093050,,skip,theme_momentum_weak,,,,,,,,,,,,,,,,,,,,,,,,,,,
14923597,2026-10-01 14:16:29,sim13,195870,,skip,adx_weak,,,,26.332288401253916,,,,,,,,,,,,,,,,,,,,,,,
14923597,2026-10-01 14:16:29,sim13,007810,,skip,adx_weak,,,,31.458333333333332,,,,,,,,,,,,,,,,,,,,,,,
14923597,2026-10-01 14:16:29,sim13,002360,,skip,amount_not_surprised,,,,,,,,,,,,,,,,,,,,,,,,,,,
14923597,2026-10-01 14:16:29,sim13,005850,,skip,theme_momentum_weak,,,,,,,,,,,,,,,,,,,,,,,,,,,
14923597,2026-10-01 14:16:29,sim13,35320K,,skip,theme_momentum_weak,,,,,,,,,,,,,,,,,,,,,,,,,,,
14923598,2026-10-01 14:18:27,sim13,084010,,skip,theme_momentum_weak,,,,,,,,,,,,,,,,,,,,,,,,,,,
14923598,2026-10-01 14:18:27,sim13,192650,,skip,no_frgn_support,,,,,,,,,,,,,,,,,,,,,,,,,,,
14923598,2026-10-01 14:18:27,sim13,248070,,skip,theme_momentum_weak,,,,,,,,,,,,,,,,,,,,,,,,,,,
14923598,2026-10-01 14:18:27,sim13,353200,,skip,adx_weak,,,,28.26086956521739,,,,,,,,,,,,,,,,,,,,,,,
14923598,2026-10-01 14:18:27,sim13,005430,,skip,theme_momentum_weak,,,,,,,,,,,,,,,,,,,,,,,,,,,
14923598,2026-10-01 14:18:27,sim13,001360,,skip,theme_momentum_weak,,,,,,,,,,,,,,,,,,,,,,,,,,,
14923598,2026-10-01 14:18:27,sim13,036570,,skip,theme_momentum_weak,,,,,,,,,,,,,,,,,,,,,,,,,,,
14923598,2026-10-01 14:18:27,sim13,003160,,skip,no_frgn_support,,,,,,,,,,,,,,,,,,,,,,,,,,,
14923598,2026-10-01 14:18:27,sim13,069640,,skip,theme_momentum_weak,,,,,,,,,,,,,,,,,,,,,,,,,,,
14923598,2026-10-01 14:18:27,sim13,011690,,skip,theme_momentum_weak,,,,,,,,,,,,,,,,,,,,,,,,,,,
14923598,2026-10-01 14:18:27,sim13,004105,,skip,no_frgn_support,,,,,,,,,,,,,,,,,,,,,,,,,,,
14923598,2026-10-01 14:18:27,sim13,009420,,skip,theme_momentum_weak,,,,,,,,,,,,,,,,,,,,,,,,,,,
14923598,2026-10-01 14:18:27,sim13,480370,,skip,adx_weak,,,,25.87601078167116,,,,,,,,,,,,,,,,,,,,,,,
14923598,2026-10-01 14:18:27,sim13,023150,,skip,theme_momentum_weak,,,,,,,,,,,,,,,,,,,,,,,,,,,
14923598,2026-10-01 14:18:27,sim13,003350,,skip,theme_momentum_weak,,,,,,,,,,,,,,,,,,,,,,,,,,,
14923598,2026-10-01 14:18:27,sim13,004710,,skip,no_frgn_support,,,,,,,,,,,,,,,,,,,,,,,,,,,
14923598,2026-10-01 14:18:27,sim13,0126Z0,,skip,theme_momentum_weak,,,,,,,,,,,,,,,,,,,,,,,,,,,
14923598,2026-10-01 14:18:27,sim13,001820,,skip,adx_weak,,,,38.26173826173826,,,,,,,,,,,,,,,,,,,,,,,
14923598,2026-10-01 14:18:27,sim13,109070,,skip,amount_not_surprised,,,,,,,,,,,,,,,,,,,,,,,,,,,
14923598,2026-10-01 14:18:27,sim13,012030,,skip,adx_weak,,,,35.77142857142857,,,,,,,,,,,,,,,,,,,,,,,
14923598,2026-10-01 14:18:27,sim13,002360,,skip,amount_not_surprised,,,,,,,,,,,,,,,,,,,,,,,,,,,
14923598,2026-10-01 14:18:27,sim13,014680,,skip,no_frgn_support,,,,,,,,,,,,,,,,,,,,,,,,,,,
14923598,2026-10-01 14:18:27,sim13,077500,,skip,held_or_cooldown,,,,,,,,,,,,,,,,,,,,,,,,,,,
14923598,2026-10-01 14:18:27,sim13,35320K,,skip,theme_momentum_weak,,,,,,,,,,,,,,,,,,,,,,,,,,,
14923598,2026-10-01 14:18:27,sim13,093050,,skip,theme_momentum_weak,,,,,,,,,,,,,,,,,,,,,,,,,,,
14923598,2026-10-01 14:18:27,sim13,079550,,skip,theme_momentum_weak,,,,,,,,,,,,,,,,,,,,,,,,,,,
14923598,2026-10-01 14:18:27,sim13,317450,,skip,theme_momentum_weak,,,,,,,,,,,,,,,,,,,,,,,,,,,
14923598,2026-10-01 14:18:27,sim13,195870,,skip,adx_weak,,,,26.332288401253916,,,,,,,,,,,,,,,,,,,,,,,
14923598,2026-10-01 14:18:27,sim13,005850,,skip,theme_momentum_weak,,,,,,,,,,,,,,,,,,,,,,,,,,,
14923598,2026-10-01 14:18:27,sim13,007810,,skip,adx_weak,,,,31.458333333333332,,,,,,,,,,,,,,,,,,,,,,,
14923599,2026-10-01 14:20:25,sim13,084010,,skip,theme_momentum_weak,,,,,,,,,,,,,,,,,,,,,,,,,,,
14923599,2026-10-01 14:20:25,sim13,192650,,skip,no_frgn_support,,,,,,,,,,,,,,,,,,,,,,,,,,,
14923599,2026-10-01 14:20:25,sim13,248070,,skip,theme_momentum_weak,,,,,,,,,,,,,,,,,,,,,,,,,,,
14923599,2026-10-01 14:20:25,sim13,005430,,skip,theme_momentum_weak,,,,,,,,,,,,,,,,,,,,,,,,,,,
14923599,2026-10-01 14:20:25,sim13,353200,,skip,adx_weak,,,,28.26086956521739,,,,,,,,,,,,,,,,,,,,,,,
14923599,2026-10-01 14:20:25,sim13,001360,,skip,theme_momentum_weak,,,,,,,,,,,,,,,,,,,,,,,,,,,
14923599,2026-10-01 14:20:25,sim13,036570,,skip,theme_momentum_weak,,,,,,,,,,,,,,,,,,,,,,,,,,,
14923599,2026-10-01 14:20:25,sim13,023150,,skip,theme_momentum_weak,,,,,,,,,,,,,,,,,,,,,,,,,,,
14923599,2026-10-01 14:20:25,sim13,003350,,skip,theme_momentum_weak,,,,,,,,,,,,,,,,,,,,,,,,,,,
14923599,2026-10-01 14:20:25,sim13,003160,,skip,no_frgn_support,,,,,,,,,,,,,,,,,,,,,,,,,,,
14923599,2026-10-01 14:20:25,sim13,011690,,skip,theme_momentum_weak,,,,,,,,,,,,,,,,,,,,,,,,,,,
14923599,2026-10-01 14:20:25,sim13,009420,,skip,theme_momentum_weak,,,,,,,,,,,,,,,,,,,,,,,,,,,
14923599,2026-10-01 14:20:25,sim13,004105,,skip,no_frgn_support,,,,,,,,,,,,,,,,,,,,,,,,,,,
14923599,2026-10-01 14:20:25,sim13,069640,,skip,theme_momentum_weak,,,,,,,,,,,,,,,,,,,,,,,,,,,
14923599,2026-10-01 14:20:25,sim13,004710,,skip,no_frgn_support,,,,,,,,,,,,,,,,,,,,,,,,,,,
14923599,2026-10-01 14:20:25,sim13,480370,,skip,adx_weak,,,,25.87601078167116,,,,,,,,,,,,,,,,,,,,,,,
14923599,2026-10-01 14:20:25,sim13,0126Z0,,skip,theme_momentum_weak,,,,,,,,,,,,,,,,,,,,,,,,,,,
14923599,2026-10-01 14:20:25,sim13,001820,,skip,adx_weak,,,,38.26173826173826,,,,,,,,,,,,,,,,,,,,,,,
14923599,2026-10-01 14:20:25,sim13,012030,,skip,adx_weak,,,,35.77142857142857,,,,,,,,,,,,,,,,,,,,,,,
14923599,2026-10-01 14:20:25,sim13,109070,,skip,amount_not_surprised,,,,,,,,,,,,,,,,,,,,,,,,,,,
14923599,2026-10-01 14:20:25,sim13,014680,,skip,no_frgn_support,,,,,,,,,,,,,,,,,,,,,,,,,,,
14923599,2026-10-01 14:20:25,sim13,077500,,skip,held_or_cooldown,,,,,,,,,,,,,,,,,,,,,,,,,,,
14923599,2026-10-01 14:20:25,sim13,002360,,skip,amount_not_surprised,,,,,,,,,,,,,,,,,,,,,,,,,,,
14923599,2026-10-01 14:20:25,sim13,35320K,,skip,theme_momentum_weak,,,,,,,,,,,,,,,,,,,,,,,,,,,
14923599,2026-10-01 14:20:25,sim13,055490,,skip,theme_momentum_weak,,,,,,,,,,,,,,,,,,,,,,,,,,,
14923599,2026-10-01 14:20:25,sim13,195870,,skip,adx_weak,,,,26.332288401253916,,,,,,,,,,,,,,,,,,,,,,,
14923599,2026-10-01 14:20:25,sim13,079550,,skip,theme_momentum_weak,,,,,,,,,,,,,,,,,,,,,,,,,,,
14923599,2026-10-01 14:20:25,sim13,093050,,skip,theme_momentum_weak,,,,,,,,,,,,,,,,,,,,,,,,,,,
14923599,2026-10-01 14:20:25,sim13,317450,,skip,theme_momentum_weak,,,,,,,,,,,,,,,,,,,,,,,,,,,
14923599,2026-10-01 14:20:25,sim13,005850,,skip,theme_momentum_weak,,,,,,,,,,,,,,,,,,,,,,,,,,,
14923600,2026-10-01 14:22:29,sim13,084010,,skip,theme_momentum_weak,,,,,,,,,,,,,,,,,,,,,,,,,,,
14923600,2026-10-01 14:22:29,sim13,192650,,skip,no_frgn_support,,,,,,,,,,,,,,,,,,,,,,,,,,,
14923600,2026-10-01 14:22:29,sim13,248070,,skip,theme_momentum_weak,,,,,,,,,,,,,,,,,,,,,,,,,,,
14923600,2026-10-01 14:22:29,sim13,005430,,skip,theme_momentum_weak,,,,,,,,,,,,,,,,,,,,,,,,,,,
14923600,2026-10-01 14:22:29,sim13,353200,,skip,adx_weak,,,,28.26086956521739,,,,,,,,,,,,,,,,,,,,,,,
14923600,2026-10-01 14:22:29,sim13,001360,,skip,theme_momentum_weak,,,,,,,,,,,,,,,,,,,,,,,,,,,
14923600,2026-10-01 14:22:29,sim13,036570,,skip,theme_momentum_weak,,,,,,,,,,,,,,,,,,,,,,,,,,,
14923600,2026-10-01 14:22:29,sim13,003350,,skip,theme_momentum_weak,,,,,,,,,,,,,,,,,,,,,,,,,,,
14923600,2026-10-01 14:22:29,sim13,011690,,skip,theme_momentum_weak,,,,,,,,,,,,,,,,,,,,,,,,,,,
14923600,2026-10-01 14:22:29,sim13,023150,,skip,theme_momentum_weak,,,,,,,,,,,,,,,,,,,,,,,,,,,
14923600,2026-10-01 14:22:29,sim13,003160,,skip,no_frgn_support,,,,,,,,,,,,,,,,,,,,,,,,,,,
14923600,2026-10-01 14:22:29,sim13,009420,,skip,theme_momentum_weak,,,,,,,,,,,,,,,,,,,,,,,,,,,
14923600,2026-10-01 14:22:29,sim13,004105,,skip,no_frgn_support,,,,,,,,,,,,,,,,,,,,,,,,,,,
14923600,2026-10-01 14:22:29,sim13,069640,,skip,theme_momentum_weak,,,,,,,,,,,,,,,,,,,,,,,,,,,
14923600,2026-10-01 14:22:29,sim13,004710,,skip,no_frgn_support,,,,,,,,,,,,,,,,,,,,,,,,,,,
14923600,2026-10-01 14:22:29,sim13,109070,,skip,amount_not_surprised,,,,,,,,,,,,,,,,,,,,,,,,,,,
14923600,2026-10-01 14:22:29,sim13,480370,,skip,adx_weak,,,,25.87601078167116,,,,,,,,,,,,,,,,,,,,,,,
14923600,2026-10-01 14:22:29,sim13,0126Z0,,skip,theme_momentum_weak,,,,,,,,,,,,,,,,,,,,,,,,,,,
14923600,2026-10-01 14:22:29,sim13,001820,,skip,adx_weak,,,,38.26173826173826,,,,,,,,,,,,,,,,,,,,,,,
14923600,2026-10-01 14:22:29,sim13,012030,,skip,adx_weak,,,,35.77142857142857,,,,,,,,,,,,,,,,,,,,,,,
14923600,2026-10-01 14:22:29,sim13,002360,,skip,amount_not_surprised,,,,,,,,,,,,,,,,,,,,,,,,,,,
14923600,2026-10-01 14:22:29,sim13,014680,,skip,no_frgn_support,,,,,,,,,,,,,,,,,,,,,,,,,,,
14923600,2026-10-01 14:22:29,sim13,077500,,skip,held_or_cooldown,,,,,,,,,,,,,,,,,,,,,,,,,,,
14923600,2026-10-01 14:22:29,sim13,007810,,skip,adx_weak,,,,31.458333333333332,,,,,,,,,,,,,,,,,,,,,,,
14923600,2026-10-01 14:22:29,sim13,055490,,skip,theme_momentum_weak,,,,,,,,,,,,,,,,,,,,,,,,,,,
14923600,2026-10-01 14:22:29,sim13,093050,,skip,theme_momentum_weak,,,,,,,,,,,,,,,,,,,,,,,,,,,
14923600,2026-10-01 14:22:29,sim13,195870,,skip,adx_weak,,,,26.332288401253916,,,,,,,,,,,,,,,,,,,,,,,
14923600,2026-10-01 14:22:29,sim13,079550,,skip,theme_momentum_weak,,,,,,,,,,,,,,,,,,,,,,,,,,,
14923600,2026-10-01 14:22:29,sim13,317450,,skip,theme_momentum_weak,,,,,,,,,,,,,,,,,,,,,,,,,,,
14923600,2026-10-01 14:22:29,sim13,35320K,,skip,theme_momentum_weak,,,,,,,,,,,,,,,,,,,,,,,,,,,
14923601,2026-10-01 14:24:28,sim13,084010,,skip,theme_momentum_weak,,,,,,,,,,,,,,,,,,,,,,,,,,,
14923601,2026-10-01 14:24:28,sim13,192650,,skip,no_frgn_support,,,,,,,,,,,,,,,,,,,,,,,,,,,
14923601,2026-10-01 14:24:28,sim13,248070,,skip,theme_momentum_weak,,,,,,,,,,,,,,,,,,,,,,,,,,,
14923601,2026-10-01 14:24:28,sim13,353200,,skip,adx_weak,,,,28.26086956521739,,,,,,,,,,,,,,,,,,,,,,,
14923601,2026-10-01 14:24:28,sim13,005430,,skip,theme_momentum_weak,,,,,,,,,,,,,,,,,,,,,,,,,,,
14923601,2026-10-01 14:24:28,sim13,001360,,skip,theme_momentum_weak,,,,,,,,,,,,,,,,,,,,,,,,,,,
14923601,2026-10-01 14:24:28,sim13,003350,,skip,theme_momentum_weak,,,,,,,,,,,,,,,,,,,,,,,,,,,
14923601,2026-10-01 14:24:28,sim13,036570,,skip,theme_momentum_weak,,,,,,,,,,,,,,,,,,,,,,,,,,,
14923601,2026-10-01 14:24:28,sim13,003160,,skip,no_frgn_support,,,,,,,,,,,,,,,,,,,,,,,,,,,
14923601,2026-10-01 14:24:28,sim13,004105,,skip,no_frgn_support,,,,,,,,,,,,,,,,,,,,,,,,,,,
14923601,2026-10-01 14:24:28,sim13,011690,,skip,theme_momentum_weak,,,,,,,,,,,,,,,,,,,,,,,,,,,
14923601,2026-10-01 14:24:28,sim13,069640,,skip,theme_momentum_weak,,,,,,,,,,,,,,,,,,,,,,,,,,,
14923601,2026-10-01 14:24:28,sim13,009420,,skip,theme_momentum_weak,,,,,,,,,,,,,,,,,,,,,,,,,,,
14923601,2026-10-01 14:24:28,sim13,023150,,skip,theme_momentum_weak,,,,,,,,,,,,,,,,,,,,,,,,,,,
14923601,2026-10-01 14:24:28,sim13,004710,,skip,no_frgn_support,,,,,,,,,,,,,,,,,,,,,,,,,,,
14923601,2026-10-01 14:24:28,sim13,480370,,skip,adx_weak,,,,25.87601078167116,,,,,,,,,,,,,,,,,,,,,,,
14923601,2026-10-01 14:24:28,sim13,012030,,skip,adx_weak,,,,35.77142857142857,,,,,,,,,,,,,,,,,,,,,,,
14923601,2026-10-01 14:24:28,sim13,001820,,skip,adx_weak,,,,38.26173826173826,,,,,,,,,,,,,,,,,,,,,,,
14923601,2026-10-01 14:24:28,sim13,0126Z0,,skip,theme_momentum_weak,,,,,,,,,,,,,,,,,,,,,,,,,,,
14923601,2026-10-01 14:24:28,sim13,109070,,skip,amount_not_surprised,,,,,,,,,,,,,,,,,,,,,,,,,,,
14923601,2026-10-01 14:24:28,sim13,014680,,skip,no_frgn_support,,,,,,,,,,,,,,,,,,,,,,,,,,,
14923601,2026-10-01 14:24:28,sim13,002360,,skip,amount_not_surprised,,,,,,,,,,,,,,,,,,,,,,,,,,,
14923601,2026-10-01 14:24:28,sim13,077500,,skip,held_or_cooldown,,,,,,,,,,,,,,,,,,,,,,,,,,,
14923601,2026-10-01 14:24:28,sim13,055490,,skip,theme_momentum_weak,,,,,,,,,,,,,,,,,,,,,,,,,,,
14923601,2026-10-01 14:24:28,sim13,195870,,skip,adx_weak,,,,26.332288401253916,,,,,,,,,,,,,,,,,,,,,,,
14923601,2026-10-01 14:24:28,sim13,460860,,skip,theme_momentum_weak,,,,,,,,,,,,,,,,,,,,,,,,,,,
14923601,2026-10-01 14:24:28,sim13,079550,,skip,theme_momentum_weak,,,,,,,,,,,,,,,,,,,,,,,,,,,
14923601,2026-10-01 14:24:28,sim13,007810,,skip,adx_weak,,,,31.458333333333332,,,,,,,,,,,,,,,,,,,,,,,
14923601,2026-10-01 14:24:28,sim13,093050,,skip,theme_momentum_weak,,,,,,,,,,,,,,,,,,,,,,,,,,,
14923601,2026-10-01 14:24:28,sim13,317450,,skip,theme_momentum_weak,,,,,,,,,,,,,,,,,,,,,,,,,,,
14923602,2026-10-01 14:26:27,sim13,084010,,skip,theme_momentum_weak,,,,,,,,,,,,,,,,,,,,,,,,,,,
14923602,2026-10-01 14:26:27,sim13,192650,,skip,no_frgn_support,,,,,,,,,,,,,,,,,,,,,,,,,,,
14923602,2026-10-01 14:26:27,sim13,248070,,skip,theme_momentum_weak,,,,,,,,,,,,,,,,,,,,,,,,,,,
14923602,2026-10-01 14:26:27,sim13,353200,,skip,adx_weak,,,,28.26086956521739,,,,,,,,,,,,,,,,,,,,,,,
14923602,2026-10-01 14:26:27,sim13,005430,,skip,theme_momentum_weak,,,,,,,,,,,,,,,,,,,,,,,,,,,
14923602,2026-10-01 14:26:27,sim13,001360,,skip,theme_momentum_weak,,,,,,,,,,,,,,,,,,,,,,,,,,,
14923602,2026-10-01 14:26:27,sim13,036570,,skip,theme_momentum_weak,,,,,,,,,,,,,,,,,,,,,,,,,,,
14923602,2026-10-01 14:26:27,sim13,003350,,skip,theme_momentum_weak,,,,,,,,,,,,,,,,,,,,,,,,,,,
14923602,2026-10-01 14:26:27,sim13,011690,,skip,theme_momentum_weak,,,,,,,,,,,,,,,,,,,,,,,,,,,
14923602,2026-10-01 14:26:27,sim13,023150,,skip,theme_momentum_weak,,,,,,,,,,,,,,,,,,,,,,,,,,,
14923602,2026-10-01 14:26:27,sim13,003160,,skip,no_frgn_support,,,,,,,,,,,,,,,,,,,,,,,,,,,
14923602,2026-10-01 14:26:27,sim13,004105,,skip,no_frgn_support,,,,,,,,,,,,,,,,,,,,,,,,,,,
14923602,2026-10-01 14:26:27,sim13,069640,,skip,theme_momentum_weak,,,,,,,,,,,,,,,,,,,,,,,,,,,
14923602,2026-10-01 14:26:27,sim13,009420,,skip,theme_momentum_weak,,,,,,,,,,,,,,,,,,,,,,,,,,,
14923602,2026-10-01 14:26:27,sim13,004710,,skip,no_frgn_support,,,,,,,,,,,,,,,,,,,,,,,,,,,
14923602,2026-10-01 14:26:27,sim13,480370,,skip,adx_weak,,,,25.87601078167116,,,,,,,,,,,,,,,,,,,,,,,
14923602,2026-10-01 14:26:27,sim13,109070,,skip,amount_not_surprised,,,,,,,,,,,,,,,,,,,,,,,,,,,
14923602,2026-10-01 14:26:27,sim13,001820,,skip,adx_weak,,,,38.26173826173826,,,,,,,,,,,,,,,,,,,,,,,
14923602,2026-10-01 14:26:27,sim13,0126Z0,,skip,theme_momentum_weak,,,,,,,,,,,,,,,,,,,,,,,,,,,
14923602,2026-10-01 14:26:27,sim13,012030,,skip,adx_weak,,,,35.77142857142857,,,,,,,,,,,,,,,,,,,,,,,
14923602,2026-10-01 14:26:27,sim13,014680,,skip,no_frgn_support,,,,,,,,,,,,,,,,,,,,,,,,,,,
14923602,2026-10-01 14:26:27,sim13,35320K,,skip,theme_momentum_weak,,,,,,,,,,,,,,,,,,,,,,,,,,,
14923602,2026-10-01 14:26:27,sim13,055490,,skip,theme_momentum_weak,,,,,,,,,,,,,,,,,,,,,,,,,,,
14923602,2026-10-01 14:26:27,sim13,195870,,skip,adx_weak,,,,26.332288401253916,,,,,,,,,,,,,,,,,,,,,,,
14923602,2026-10-01 14:26:27,sim13,077500,,skip,held_or_cooldown,,,,,,,,,,,,,,,,,,,,,,,,,,,
14923602,2026-10-01 14:26:27,sim13,002360,,skip,amount_not_surprised,,,,,,,,,,,,,,,,,,,,,,,,,,,
14923602,2026-10-01 14:26:27,sim13,079550,,skip,theme_momentum_weak,,,,,,,,,,,,,,,,,,,,,,,,,,,
14923602,2026-10-01 14:26:27,sim13,007810,,skip,adx_weak,,,,31.458333333333332,,,,,,,,,,,,,,,,,,,,,,,
14923602,2026-10-01 14:26:27,sim13,011790,,skip,theme_momentum_weak,,,,,,,,,,,,,,,,,,,,,,,,,,,
14923602,2026-10-01 14:26:27,sim13,005850,,skip,theme_momentum_weak,,,,,,,,,,,,,,,,,,,,,,,,,,,
14923603,2026-10-01 14:28:25,sim13,084010,,skip,theme_momentum_weak,,,,,,,,,,,,,,,,,,,,,,,,,,,
14923603,2026-10-01 14:28:25,sim13,192650,,skip,no_frgn_support,,,,,,,,,,,,,,,,,,,,,,,,,,,
14923603,2026-10-01 14:28:25,sim13,248070,,skip,theme_momentum_weak,,,,,,,,,,,,,,,,,,,,,,,,,,,
14923603,2026-10-01 14:28:25,sim13,353200,,skip,adx_weak,,,,28.26086956521739,,,,,,,,,,,,,,,,,,,,,,,
14923603,2026-10-01 14:28:25,sim13,001360,,skip,theme_momentum_weak,,,,,,,,,,,,,,,,,,,,,,,,,,,
14923603,2026-10-01 14:28:25,sim13,005430,,skip,theme_momentum_weak,,,,,,,,,,,,,,,,,,,,,,,,,,,
14923603,2026-10-01 14:28:25,sim13,036570,,skip,theme_momentum_weak,,,,,,,,,,,,,,,,,,,,,,,,,,,
14923603,2026-10-01 14:28:25,sim13,003350,,skip,theme_momentum_weak,,,,,,,,,,,,,,,,,,,,,,,,,,,
14923603,2026-10-01 14:28:25,sim13,011690,,skip,theme_momentum_weak,,,,,,,,,,,,,,,,,,,,,,,,,,,
14923603,2026-10-01 14:28:25,sim13,003160,,skip,no_frgn_support,,,,,,,,,,,,,,,,,,,,,,,,,,,
14923603,2026-10-01 14:28:25,sim13,004105,,skip,no_frgn_support,,,,,,,,,,,,,,,,,,,,,,,,,,,
14923603,2026-10-01 14:28:25,sim13,009420,,skip,theme_momentum_weak,,,,,,,,,,,,,,,,,,,,,,,,,,,
14923603,2026-10-01 14:28:25,sim13,069640,,skip,theme_momentum_weak,,,,,,,,,,,,,,,,,,,,,,,,,,,
14923603,2026-10-01 14:28:25,sim13,004710,,skip,no_frgn_support,,,,,,,,,,,,,,,,,,,,,,,,,,,
14923603,2026-10-01 14:28:25,sim13,480370,,skip,adx_weak,,,,25.87601078167116,,,,,,,,,,,,,,,,,,,,,,,
14923603,2026-10-01 14:28:25,sim13,001820,,skip,adx_weak,,,,38.26173826173826,,,,,,,,,,,,,,,,,,,,,,,
14923603,2026-10-01 14:28:25,sim13,0126Z0,,skip,theme_momentum_weak,,,,,,,,,,,,,,,,,,,,,,,,,,,
14923603,2026-10-01 14:28:25,sim13,109070,,skip,amount_not_surprised,,,,,,,,,,,,,,,,,,,,,,,,,,,
14923603,2026-10-01 14:28:25,sim13,012030,,skip,adx_weak,,,,35.77142857142857,,,,,,,,,,,,,,,,,,,,,,,
14923603,2026-10-01 14:28:25,sim13,014680,,skip,no_frgn_support,,,,,,,,,,,,,,,,,,,,,,,,,,,
14923603,2026-10-01 14:28:25,sim13,023150,,skip,theme_momentum_weak,,,,,,,,,,,,,,,,,,,,,,,,,,,
14923603,2026-10-01 14:28:25,sim13,35320K,,skip,theme_momentum_weak,,,,,,,,,,,,,,,,,,,,,,,,,,,
14923603,2026-10-01 14:28:25,sim13,077500,,skip,held_or_cooldown,,,,,,,,,,,,,,,,,,,,,,,,,,,
14923603,2026-10-01 14:28:25,sim13,195870,,skip,adx_weak,,,,26.332288401253916,,,,,,,,,,,,,,,,,,,,,,,
14923603,2026-10-01 14:28:25,sim13,055490,,skip,theme_momentum_weak,,,,,,,,,,,,,,,,,,,,,,,,,,,
14923603,2026-10-01 14:28:25,sim13,079550,,skip,theme_momentum_weak,,,,,,,,,,,,,,,,,,,,,,,,,,,
14923603,2026-10-01 14:28:25,sim13,460860,,skip,theme_momentum_weak,,,,,,,,,,,,,,,,,,,,,,,,,,,
14923603,2026-10-01 14:28:25,sim13,011790,,skip,theme_momentum_weak,,,,,,,,,,,,,,,,,,,,,,,,,,,
14923603,2026-10-01 14:28:25,sim13,007810,,skip,adx_weak,,,,31.458333333333332,,,,,,,,,,,,,,,,,,,,,,,
14923603,2026-10-01 14:28:25,sim13,002360,,skip,amount_not_surprised,,,,,,,,,,,,,,,,,,,,,,,,,,,
14923604,2026-10-01 14:30:29,sim13,084010,,skip,theme_momentum_weak,,,,,,,,,,,,,,,,,,,,,,,,,,,
14923604,2026-10-01 14:30:29,sim13,192650,,skip,no_frgn_support,,,,,,,,,,,,,,,,,,,,,,,,,,,
14923604,2026-10-01 14:30:29,sim13,353200,,skip,adx_weak,,,,28.26086956521739,,,,,,,,,,,,,,,,,,,,,,,
14923604,2026-10-01 14:30:29,sim13,248070,,skip,theme_momentum_weak,,,,,,,,,,,,,,,,,,,,,,,,,,,
14923604,2026-10-01 14:30:29,sim13,005430,,skip,theme_momentum_weak,,,,,,,,,,,,,,,,,,,,,,,,,,,
14923604,2026-10-01 14:30:29,sim13,001360,,skip,theme_momentum_weak,,,,,,,,,,,,,,,,,,,,,,,,,,,
14923604,2026-10-01 14:30:29,sim13,036570,,skip,theme_momentum_weak,,,,,,,,,,,,,,,,,,,,,,,,,,,
14923604,2026-10-01 14:30:29,sim13,011690,,skip,theme_momentum_weak,,,,,,,,,,,,,,,,,,,,,,,,,,,
14923604,2026-10-01 14:30:29,sim13,003350,,skip,theme_momentum_weak,,,,,,,,,,,,,,,,,,,,,,,,,,,
14923604,2026-10-01 14:30:29,sim13,003160,,skip,no_frgn_support,,,,,,,,,,,,,,,,,,,,,,,,,,,
14923604,2026-10-01 14:30:29,sim13,004105,,skip,no_frgn_support,,,,,,,,,,,,,,,,,,,,,,,,,,,
14923604,2026-10-01 14:30:29,sim13,009420,,skip,theme_momentum_weak,,,,,,,,,,,,,,,,,,,,,,,,,,,
14923604,2026-10-01 14:30:29,sim13,069640,,skip,theme_momentum_weak,,,,,,,,,,,,,,,,,,,,,,,,,,,
14923604,2026-10-01 14:30:29,sim13,004710,,skip,no_frgn_support,,,,,,,,,,,,,,,,,,,,,,,,,,,
14923604,2026-10-01 14:30:29,sim13,001820,,skip,adx_weak,,,,38.26173826173826,,,,,,,,,,,,,,,,,,,,,,,
14923604,2026-10-01 14:30:29,sim13,480370,,skip,adx_weak,,,,25.87601078167116,,,,,,,,,,,,,,,,,,,,,,,
14923604,2026-10-01 14:30:29,sim13,014680,,skip,no_frgn_support,,,,,,,,,,,,,,,,,,,,,,,,,,,
14923604,2026-10-01 14:30:29,sim13,109070,,skip,amount_not_surprised,,,,,,,,,,,,,,,,,,,,,,,,,,,
14923604,2026-10-01 14:30:29,sim13,012030,,skip,adx_weak,,,,35.77142857142857,,,,,,,,,,,,,,,,,,,,,,,
14923604,2026-10-01 14:30:29,sim13,0126Z0,,skip,theme_momentum_weak,,,,,,,,,,,,,,,,,,,,,,,,,,,
14923604,2026-10-01 14:30:29,sim13,023150,,skip,theme_momentum_weak,,,,,,,,,,,,,,,,,,,,,,,,,,,
14923604,2026-10-01 14:30:29,sim13,055490,,skip,theme_momentum_weak,,,,,,,,,,,,,,,,,,,,,,,,,,,
14923604,2026-10-01 14:30:29,sim13,35320K,,skip,theme_momentum_weak,,,,,,,,,,,,,,,,,,,,,,,,,,,
14923604,2026-10-01 14:30:29,sim13,077500,,skip,held_or_cooldown,,,,,,,,,,,,,,,,,,,,,,,,,,,
14923604,2026-10-01 14:30:29,sim13,011790,,skip,theme_momentum_weak,,,,,,,,,,,,,,,,,,,,,,,,,,,
14923604,2026-10-01 14:30:29,sim13,195870,,skip,adx_weak,,,,26.332288401253916,,,,,,,,,,,,,,,,,,,,,,,
14923604,2026-10-01 14:30:29,sim13,002360,,skip,amount_not_surprised,,,,,,,,,,,,,,,,,,,,,,,,,,,
14923604,2026-10-01 14:30:29,sim13,079550,,skip,theme_momentum_weak,,,,,,,,,,,,,,,,,,,,,,,,,,,
14923604,2026-10-01 14:30:29,sim13,007810,,skip,adx_weak,,,,31.458333333333332,,,,,,,,,,,,,,,,,,,,,,,
14923604,2026-10-01 14:30:29,sim13,093050,,skip,theme_momentum_weak,,,,,,,,,,,,,,,,,,,,,,,,,,,
14923605,2026-10-01 14:32:36,sim13,084010,,skip,theme_momentum_weak,,,,,,,,,,,,,,,,,,,,,,,,,,,
14923605,2026-10-01 14:32:36,sim13,192650,,skip,no_frgn_support,,,,,,,,,,,,,,,,,,,,,,,,,,,
14923605,2026-10-01 14:32:36,sim13,248070,,skip,theme_momentum_weak,,,,,,,,,,,,,,,,,,,,,,,,,,,
14923605,2026-10-01 14:32:36,sim13,353200,,skip,adx_weak,,,,28.26086956521739,,,,,,,,,,,,,,,,,,,,,,,
14923605,2026-10-01 14:32:36,sim13,001360,,skip,theme_momentum_weak,,,,,,,,,,,,,,,,,,,,,,,,,,,
14923605,2026-10-01 14:32:36,sim13,036570,,skip,theme_momentum_weak,,,,,,,,,,,,,,,,,,,,,,,,,,,
14923605,2026-10-01 14:32:36,sim13,005430,,skip,theme_momentum_weak,,,,,,,,,,,,,,,,,,,,,,,,,,,
14923605,2026-10-01 14:32:36,sim13,003350,,skip,theme_momentum_weak,,,,,,,,,,,,,,,,,,,,,,,,,,,
14923605,2026-10-01 14:32:36,sim13,011690,,skip,theme_momentum_weak,,,,,,,,,,,,,,,,,,,,,,,,,,,
14923605,2026-10-01 14:32:36,sim13,003160,,skip,no_frgn_support,,,,,,,,,,,,,,,,,,,,,,,,,,,
14923605,2026-10-01 14:32:36,sim13,009420,,skip,theme_momentum_weak,,,,,,,,,,,,,,,,,,,,,,,,,,,
14923605,2026-10-01 14:32:36,sim13,069640,,skip,theme_momentum_weak,,,,,,,,,,,,,,,,,,,,,,,,,,,
14923605,2026-10-01 14:32:36,sim13,012030,,skip,adx_weak,,,,35.77142857142857,,,,,,,,,,,,,,,,,,,,,,,
14923605,2026-10-01 14:32:36,sim13,004105,,skip,no_frgn_support,,,,,,,,,,,,,,,,,,,,,,,,,,,
14923605,2026-10-01 14:32:36,sim13,004710,,skip,no_frgn_support,,,,,,,,,,,,,,,,,,,,,,,,,,,
14923605,2026-10-01 14:32:36,sim13,480370,,skip,adx_weak,,,,25.87601078167116,,,,,,,,,,,,,,,,,,,,,,,
14923605,2026-10-01 14:32:36,sim13,001820,,skip,adx_weak,,,,38.26173826173826,,,,,,,,,,,,,,,,,,,,,,,
14923605,2026-10-01 14:32:36,sim13,109070,,skip,amount_not_surprised,,,,,,,,,,,,,,,,,,,,,,,,,,,
14923605,2026-10-01 14:32:36,sim13,0126Z0,,skip,theme_momentum_weak,,,,,,,,,,,,,,,,,,,,,,,,,,,
14923605,2026-10-01 14:32:36,sim13,014680,,skip,no_frgn_support,,,,,,,,,,,,,,,,,,,,,,,,,,,
14923605,2026-10-01 14:32:36,sim13,023150,,skip,theme_momentum_weak,,,,,,,,,,,,,,,,,,,,,,,,,,,
14923605,2026-10-01 14:32:36,sim13,055490,,skip,theme_momentum_weak,,,,,,,,,,,,,,,,,,,,,,,,,,,
14923605,2026-10-01 14:32:36,sim13,35320K,,skip,theme_momentum_weak,,,,,,,,,,,,,,,,,,,,,,,,,,,
14923605,2026-10-01 14:32:36,sim13,077500,,skip,held_or_cooldown,,,,,,,,,,,,,,,,,,,,,,,,,,,
14923605,2026-10-01 14:32:36,sim13,195870,,skip,adx_weak,,,,26.332288401253916,,,,,,,,,,,,,,,,,,,,,,,
14923605,2026-10-01 14:32:36,sim13,002360,,skip,amount_not_surprised,,,,,,,,,,,,,,,,,,,,,,,,,,,
14923605,2026-10-01 14:32:36,sim13,007810,,skip,adx_weak,,,,31.458333333333332,,,,,,,,,,,,,,,,,,,,,,,
14923605,2026-10-01 14:32:36,sim13,079550,,skip,theme_momentum_weak,,,,,,,,,,,,,,,,,,,,,,,,,,,
14923605,2026-10-01 14:32:36,sim13,093050,,skip,theme_momentum_weak,,,,,,,,,,,,,,,,,,,,,,,,,,,
14923605,2026-10-01 14:32:36,sim13,005850,,skip,theme_momentum_weak,,,,,,,,,,,,,,,,,,,,,,,,,,,
14923606,2026-10-01 14:34:33,sim13,084010,,skip,theme_momentum_weak,,,,,,,,,,,,,,,,,,,,,,,,,,,
14923606,2026-10-01 14:34:33,sim13,248070,,skip,theme_momentum_weak,,,,,,,,,,,,,,,,,,,,,,,,,,,
14923606,2026-10-01 14:34:33,sim13,192650,,skip,no_frgn_support,,,,,,,,,,,,,,,,,,,,,,,,,,,
14923606,2026-10-01 14:34:33,sim13,353200,,skip,adx_weak,,,,28.26086956521739,,,,,,,,,,,,,,,,,,,,,,,
14923606,2026-10-01 14:34:33,sim13,001360,,skip,theme_momentum_weak,,,,,,,,,,,,,,,,,,,,,,,,,,,
14923606,2026-10-01 14:34:33,sim13,036570,,skip,theme_momentum_weak,,,,,,,,,,,,,,,,,,,,,,,,,,,
14923606,2026-10-01 14:34:33,sim13,005430,,skip,theme_momentum_weak,,,,,,,,,,,,,,,,,,,,,,,,,,,
14923606,2026-10-01 14:34:33,sim13,003350,,skip,theme_momentum_weak,,,,,,,,,,,,,,,,,,,,,,,,,,,
14923606,2026-10-01 14:34:33,sim13,011690,,skip,theme_momentum_weak,,,,,,,,,,,,,,,,,,,,,,,,,,,
14923606,2026-10-01 14:34:33,sim13,003160,,skip,no_frgn_support,,,,,,,,,,,,,,,,,,,,,,,,,,,
14923606,2026-10-01 14:34:33,sim13,009420,,skip,theme_momentum_weak,,,,,,,,,,,,,,,,,,,,,,,,,,,
14923606,2026-10-01 14:34:33,sim13,069640,,skip,theme_momentum_weak,,,,,,,,,,,,,,,,,,,,,,,,,,,
14923606,2026-10-01 14:34:33,sim13,004105,,skip,no_frgn_support,,,,,,,,,,,,,,,,,,,,,,,,,,,
14923606,2026-10-01 14:34:33,sim13,004710,,skip,no_frgn_support,,,,,,,,,,,,,,,,,,,,,,,,,,,
14923606,2026-10-01 14:34:33,sim13,001820,,skip,adx_weak,,,,38.26173826173826,,,,,,,,,,,,,,,,,,,,,,,
14923606,2026-10-01 14:34:33,sim13,012030,,skip,adx_weak,,,,35.77142857142857,,,,,,,,,,,,,,,,,,,,,,,
14923606,2026-10-01 14:34:33,sim13,014680,,skip,no_frgn_support,,,,,,,,,,,,,,,,,,,,,,,,,,,
14923606,2026-10-01 14:34:33,sim13,109070,,skip,amount_not_surprised,,,,,,,,,,,,,,,,,,,,,,,,,,,
14923606,2026-10-01 14:34:33,sim13,480370,,skip,adx_weak,,,,25.87601078167116,,,,,,,,,,,,,,,,,,,,,,,
14923606,2026-10-01 14:34:33,sim13,0126Z0,,skip,theme_momentum_weak,,,,,,,,,,,,,,,,,,,,,,,,,,,
14923606,2026-10-01 14:34:33,sim13,023150,,skip,theme_momentum_weak,,,,,,,,,,,,,,,,,,,,,,,,,,,
14923606,2026-10-01 14:34:33,sim13,055490,,skip,theme_momentum_weak,,,,,,,,,,,,,,,,,,,,,,,,,,,
14923606,2026-10-01 14:34:33,sim13,35320K,,skip,theme_momentum_weak,,,,,,,,,,,,,,,,,,,,,,,,,,,
14923606,2026-10-01 14:34:33,sim13,007810,,skip,adx_weak,,,,31.458333333333332,,,,,,,,,,,,,,,,,,,,,,,
14923606,2026-10-01 14:34:33,sim13,195870,,skip,adx_weak,,,,26.332288401253916,,,,,,,,,,,,,,,,,,,,,,,
14923606,2026-10-01 14:34:33,sim13,093050,,skip,theme_momentum_weak,,,,,,,,,,,,,,,,,,,,,,,,,,,
14923606,2026-10-01 14:34:33,sim13,077500,,skip,held_or_cooldown,,,,,,,,,,,,,,,,,,,,,,,,,,,
14923606,2026-10-01 14:34:33,sim13,079550,,skip,theme_momentum_weak,,,,,,,,,,,,,,,,,,,,,,,,,,,
14923606,2026-10-01 14:34:33,sim13,317450,,skip,theme_momentum_weak,,,,,,,,,,,,,,,,,,,,,,,,,,,
14923606,2026-10-01 14:34:33,sim13,005850,,skip,theme_momentum_weak,,,,,,,,,,,,,,,,,,,,,,,,,,,
14923607,2026-10-01 14:36:35,sim13,084010,,skip,theme_momentum_weak,,,,,,,,,,,,,,,,,,,,,,,,,,,
14923607,2026-10-01 14:36:35,sim13,192650,,skip,no_frgn_support,,,,,,,,,,,,,,,,,,,,,,,,,,,
14923607,2026-10-01 14:36:35,sim13,248070,,skip,theme_momentum_weak,,,,,,,,,,,,,,,,,,,,,,,,,,,
14923607,2026-10-01 14:36:35,sim13,353200,,skip,adx_weak,,,,28.26086956521739,,,,,,,,,,,,,,,,,,,,,,,
14923607,2026-10-01 14:36:35,sim13,036570,,skip,theme_momentum_weak,,,,,,,,,,,,,,,,,,,,,,,,,,,
14923607,2026-10-01 14:36:35,sim13,001360,,skip,theme_momentum_weak,,,,,,,,,,,,,,,,,,,,,,,,,,,
14923607,2026-10-01 14:36:35,sim13,011690,,skip,theme_momentum_weak,,,,,,,,,,,,,,,,,,,,,,,,,,,
14923607,2026-10-01 14:36:35,sim13,003350,,skip,theme_momentum_weak,,,,,,,,,,,,,,,,,,,,,,,,,,,
14923607,2026-10-01 14:36:35,sim13,005430,,skip,theme_momentum_weak,,,,,,,,,,,,,,,,,,,,,,,,,,,
14923607,2026-10-01 14:36:35,sim13,003160,,skip,no_frgn_support,,,,,,,,,,,,,,,,,,,,,,,,,,,
14923607,2026-10-01 14:36:35,sim13,023150,,skip,theme_momentum_weak,,,,,,,,,,,,,,,,,,,,,,,,,,,
14923607,2026-10-01 14:36:35,sim13,009420,,skip,theme_momentum_weak,,,,,,,,,,,,,,,,,,,,,,,,,,,
14923607,2026-10-01 14:36:35,sim13,004105,,skip,no_frgn_support,,,,,,,,,,,,,,,,,,,,,,,,,,,
14923607,2026-10-01 14:36:35,sim13,004710,,skip,no_frgn_support,,,,,,,,,,,,,,,,,,,,,,,,,,,
14923607,2026-10-01 14:36:35,sim13,480370,,skip,adx_weak,,,,25.87601078167116,,,,,,,,,,,,,,,,,,,,,,,
14923607,2026-10-01 14:36:35,sim13,109070,,skip,amount_not_surprised,,,,,,,,,,,,,,,,,,,,,,,,,,,
14923607,2026-10-01 14:36:35,sim13,001820,,skip,adx_weak,,,,38.26173826173826,,,,,,,,,,,,,,,,,,,,,,,
14923607,2026-10-01 14:36:35,sim13,012030,,skip,adx_weak,,,,35.77142857142857,,,,,,,,,,,,,,,,,,,,,,,
14923607,2026-10-01 14:36:35,sim13,014680,,skip,no_frgn_support,,,,,,,,,,,,,,,,,,,,,,,,,,,
14923607,2026-10-01 14:36:35,sim13,0126Z0,,skip,theme_momentum_weak,,,,,,,,,,,,,,,,,,,,,,,,,,,
14923607,2026-10-01 14:36:35,sim13,055490,,skip,theme_momentum_weak,,,,,,,,,,,,,,,,,,,,,,,,,,,
14923607,2026-10-01 14:36:35,sim13,195870,,skip,adx_weak,,,,26.332288401253916,,,,,,,,,,,,,,,,,,,,,,,
14923607,2026-10-01 14:36:35,sim13,069640,,skip,theme_momentum_weak,,,,,,,,,,,,,,,,,,,,,,,,,,,
14923607,2026-10-01 14:36:35,sim13,077500,,skip,held_or_cooldown,,,,,,,,,,,,,,,,,,,,,,,,,,,
14923607,2026-10-01 14:36:35,sim13,007810,,skip,adx_weak,,,,31.458333333333332,,,,,,,,,,,,,,,,,,,,,,,
14923607,2026-10-01 14:36:35,sim13,317450,,skip,theme_momentum_weak,,,,,,,,,,,,,,,,,,,,,,,,,,,
14923607,2026-10-01 14:36:35,sim13,35320K,,skip,theme_momentum_weak,,,,,,,,,,,,,,,,,,,,,,,,,,,
14923607,2026-10-01 14:36:35,sim13,002360,,skip,amount_not_surprised,,,,,,,,,,,,,,,,,,,,,,,,,,,
14923607,2026-10-01 14:36:35,sim13,079550,,skip,theme_momentum_weak,,,,,,,,,,,,,,,,,,,,,,,,,,,
14923607,2026-10-01 14:36:35,sim13,093050,,skip,theme_momentum_weak,,,,,,,,,,,,,,,,,,,,,,,,,,,
14923608,2026-10-01 14:38:31,sim13,084010,,skip,theme_momentum_weak,,,,,,,,,,,,,,,,,,,,,,,,,,,
14923608,2026-10-01 14:38:31,sim13,192650,,skip,no_frgn_support,,,,,,,,,,,,,,,,,,,,,,,,,,,
14923608,2026-10-01 14:38:31,sim13,248070,,skip,theme_momentum_weak,,,,,,,,,,,,,,,,,,,,,,,,,,,
14923608,2026-10-01 14:38:31,sim13,353200,,skip,adx_weak,,,,28.26086956521739,,,,,,,,,,,,,,,,,,,,,,,
14923608,2026-10-01 14:38:31,sim13,001360,,skip,theme_momentum_weak,,,,,,,,,,,,,,,,,,,,,,,,,,,
14923608,2026-10-01 14:38:31,sim13,036570,,skip,theme_momentum_weak,,,,,,,,,,,,,,,,,,,,,,,,,,,
14923608,2026-10-01 14:38:31,sim13,011690,,skip,theme_momentum_weak,,,,,,,,,,,,,,,,,,,,,,,,,,,
14923608,2026-10-01 14:38:31,sim13,003160,,skip,no_frgn_support,,,,,,,,,,,,,,,,,,,,,,,,,,,
14923608,2026-10-01 14:38:31,sim13,003350,,skip,theme_momentum_weak,,,,,,,,,,,,,,,,,,,,,,,,,,,
14923608,2026-10-01 14:38:31,sim13,005430,,skip,theme_momentum_weak,,,,,,,,,,,,,,,,,,,,,,,,,,,
14923608,2026-10-01 14:38:31,sim13,023150,,skip,theme_momentum_weak,,,,,,,,,,,,,,,,,,,,,,,,,,,
14923608,2026-10-01 14:38:31,sim13,004105,,skip,no_frgn_support,,,,,,,,,,,,,,,,,,,,,,,,,,,
14923608,2026-10-01 14:38:31,sim13,009420,,skip,theme_momentum_weak,,,,,,,,,,,,,,,,,,,,,,,,,,,
14923608,2026-10-01 14:38:31,sim13,069640,,skip,theme_momentum_weak,,,,,,,,,,,,,,,,,,,,,,,,,,,
14923608,2026-10-01 14:38:31,sim13,004710,,skip,no_frgn_support,,,,,,,,,,,,,,,,,,,,,,,,,,,
14923608,2026-10-01 14:38:31,sim13,012030,,skip,adx_weak,,,,35.77142857142857,,,,,,,,,,,,,,,,,,,,,,,
14923608,2026-10-01 14:38:31,sim13,109070,,skip,amount_not_surprised,,,,,,,,,,,,,,,,,,,,,,,,,,,
14923608,2026-10-01 14:38:31,sim13,480370,,skip,adx_weak,,,,25.87601078167116,,,,,,,,,,,,,,,,,,,,,,,
14923608,2026-10-01 14:38:31,sim13,001820,,skip,adx_weak,,,,38.26173826173826,,,,,,,,,,,,,,,,,,,,,,,
14923608,2026-10-01 14:38:31,sim13,055490,,skip,theme_momentum_weak,,,,,,,,,,,,,,,,,,,,,,,,,,,
14923608,2026-10-01 14:38:31,sim13,0126Z0,,skip,theme_momentum_weak,,,,,,,,,,,,,,,,,,,,,,,,,,,
14923608,2026-10-01 14:38:31,sim13,014680,,skip,no_frgn_support,,,,,,,,,,,,,,,,,,,,,,,,,,,
14923608,2026-10-01 14:38:31,sim13,195870,,skip,adx_weak,,,,26.332288401253916,,,,,,,,,,,,,,,,,,,,,,,
14923608,2026-10-01 14:38:31,sim13,077500,,skip,held_or_cooldown,,,,,,,,,,,,,,,,,,,,,,,,,,,
14923608,2026-10-01 14:38:31,sim13,35320K,,skip,theme_momentum_weak,,,,,,,,,,,,,,,,,,,,,,,,,,,
14923608,2026-10-01 14:38:31,sim13,317450,,skip,theme_momentum_weak,,,,,,,,,,,,,,,,,,,,,,,,,,,
14923608,2026-10-01 14:38:31,sim13,007810,,skip,adx_weak,,,,31.458333333333332,,,,,,,,,,,,,,,,,,,,,,,
14923608,2026-10-01 14:38:31,sim13,002360,,skip,amount_not_surprised,,,,,,,,,,,,,,,,,,,,,,,,,,,
14923608,2026-10-01 14:38:31,sim13,002240,,skip,theme_momentum_weak,,,,,,,,,,,,,,,,,,,,,,,,,,,
14923608,2026-10-01 14:38:31,sim13,079550,,skip,theme_momentum_weak,,,,,,,,,,,,,,,,,,,,,,,,,,,
14923609,2026-10-01 14:40:32,sim13,084010,,skip,theme_momentum_weak,,,,,,,,,,,,,,,,,,,,,,,,,,,
14923609,2026-10-01 14:40:32,sim13,248070,,skip,theme_momentum_weak,,,,,,,,,,,,,,,,,,,,,,,,,,,
14923609,2026-10-01 14:40:32,sim13,192650,,skip,no_frgn_support,,,,,,,,,,,,,,,,,,,,,,,,,,,
14923609,2026-10-01 14:40:32,sim13,353200,,skip,adx_weak,,,,28.26086956521739,,,,,,,,,,,,,,,,,,,,,,,
14923609,2026-10-01 14:40:32,sim13,001360,,skip,theme_momentum_weak,,,,,,,,,,,,,,,,,,,,,,,,,,,
14923609,2026-10-01 14:40:32,sim13,036570,,skip,theme_momentum_weak,,,,,,,,,,,,,,,,,,,,,,,,,,,
14923609,2026-10-01 14:40:32,sim13,005430,,skip,theme_momentum_weak,,,,,,,,,,,,,,,,,,,,,,,,,,,
14923609,2026-10-01 14:40:32,sim13,003160,,skip,no_frgn_support,,,,,,,,,,,,,,,,,,,,,,,,,,,
14923609,2026-10-01 14:40:32,sim13,003350,,skip,theme_momentum_weak,,,,,,,,,,,,,,,,,,,,,,,,,,,
14923609,2026-10-01 14:40:32,sim13,011690,,skip,theme_momentum_weak,,,,,,,,,,,,,,,,,,,,,,,,,,,
14923609,2026-10-01 14:40:32,sim13,023150,,skip,theme_momentum_weak,,,,,,,,,,,,,,,,,,,,,,,,,,,
14923609,2026-10-01 14:40:32,sim13,009420,,skip,theme_momentum_weak,,,,,,,,,,,,,,,,,,,,,,,,,,,
14923609,2026-10-01 14:40:32,sim13,004105,,skip,no_frgn_support,,,,,,,,,,,,,,,,,,,,,,,,,,,
14923609,2026-10-01 14:40:32,sim13,004710,,skip,no_frgn_support,,,,,,,,,,,,,,,,,,,,,,,,,,,
14923609,2026-10-01 14:40:32,sim13,109070,,skip,amount_not_surprised,,,,,,,,,,,,,,,,,,,,,,,,,,,
14923609,2026-10-01 14:40:32,sim13,480370,,skip,adx_weak,,,,25.87601078167116,,,,,,,,,,,,,,,,,,,,,,,
14923609,2026-10-01 14:40:32,sim13,001820,,skip,adx_weak,,,,38.26173826173826,,,,,,,,,,,,,,,,,,,,,,,
14923609,2026-10-01 14:40:32,sim13,012030,,skip,adx_weak,,,,35.77142857142857,,,,,,,,,,,,,,,,,,,,,,,
14923609,2026-10-01 14:40:32,sim13,0126Z0,,skip,theme_momentum_weak,,,,,,,,,,,,,,,,,,,,,,,,,,,
14923609,2026-10-01 14:40:32,sim13,055490,,skip,theme_momentum_weak,,,,,,,,,,,,,,,,,,,,,,,,,,,
14923609,2026-10-01 14:40:32,sim13,014680,,skip,no_frgn_support,,,,,,,,,,,,,,,,,,,,,,,,,,,
14923609,2026-10-01 14:40:32,sim13,195870,,skip,adx_weak,,,,26.332288401253916,,,,,,,,,,,,,,,,,,,,,,,
14923609,2026-10-01 14:40:32,sim13,077500,,skip,held_or_cooldown,,,,,,,,,,,,,,,,,,,,,,,,,,,
14923609,2026-10-01 14:40:32,sim13,007810,,skip,adx_weak,,,,31.458333333333332,,,,,,,,,,,,,,,,,,,,,,,
14923609,2026-10-01 14:40:32,sim13,317450,,skip,theme_momentum_weak,,,,,,,,,,,,,,,,,,,,,,,,,,,
14923609,2026-10-01 14:40:32,sim13,005850,,skip,theme_momentum_weak,,,,,,,,,,,,,,,,,,,,,,,,,,,
14923609,2026-10-01 14:40:32,sim13,35320K,,skip,theme_momentum_weak,,,,,,,,,,,,,,,,,,,,,,,,,,,
14923609,2026-10-01 14:40:32,sim13,093050,,skip,theme_momentum_weak,,,,,,,,,,,,,,,,,,,,,,,,,,,
14923609,2026-10-01 14:40:32,sim13,002360,,skip,amount_not_surprised,,,,,,,,,,,,,,,,,,,,,,,,,,,
14923609,2026-10-01 14:40:32,sim13,112610,,skip,theme_momentum_weak,,,,,,,,,,,,,,,,,,,,,,,,,,,
14923610,2026-10-01 14:42:42,sim13,084010,,skip,theme_momentum_weak,,,,,,,,,,,,,,,,,,,,,,,,,,,
14923610,2026-10-01 14:42:42,sim13,248070,,skip,theme_momentum_weak,,,,,,,,,,,,,,,,,,,,,,,,,,,
14923610,2026-10-01 14:42:42,sim13,192650,,skip,no_frgn_support,,,,,,,,,,,,,,,,,,,,,,,,,,,
14923610,2026-10-01 14:42:42,sim13,353200,,skip,adx_weak,,,,28.26086956521739,,,,,,,,,,,,,,,,,,,,,,,
14923610,2026-10-01 14:42:42,sim13,005430,,skip,theme_momentum_weak,,,,,,,,,,,,,,,,,,,,,,,,,,,
14923610,2026-10-01 14:42:42,sim13,001360,,skip,theme_momentum_weak,,,,,,,,,,,,,,,,,,,,,,,,,,,
14923610,2026-10-01 14:42:42,sim13,036570,,skip,theme_momentum_weak,,,,,,,,,,,,,,,,,,,,,,,,,,,
14923610,2026-10-01 14:42:42,sim13,003160,,skip,no_frgn_support,,,,,,,,,,,,,,,,,,,,,,,,,,,
14923610,2026-10-01 14:42:42,sim13,003350,,skip,theme_momentum_weak,,,,,,,,,,,,,,,,,,,,,,,,,,,
14923610,2026-10-01 14:42:42,sim13,023150,,skip,theme_momentum_weak,,,,,,,,,,,,,,,,,,,,,,,,,,,
14923610,2026-10-01 14:42:42,sim13,011690,,skip,theme_momentum_weak,,,,,,,,,,,,,,,,,,,,,,,,,,,
14923610,2026-10-01 14:42:42,sim13,004105,,skip,no_frgn_support,,,,,,,,,,,,,,,,,,,,,,,,,,,
14923610,2026-10-01 14:42:42,sim13,009420,,skip,theme_momentum_weak,,,,,,,,,,,,,,,,,,,,,,,,,,,
14923610,2026-10-01 14:42:42,sim13,069640,,skip,theme_momentum_weak,,,,,,,,,,,,,,,,,,,,,,,,,,,
14923610,2026-10-01 14:42:42,sim13,004710,,skip,no_frgn_support,,,,,,,,,,,,,,,,,,,,,,,,,,,
14923610,2026-10-01 14:42:42,sim13,109070,,skip,amount_not_surprised,,,,,,,,,,,,,,,,,,,,,,,,,,,
14923610,2026-10-01 14:42:42,sim13,480370,,skip,adx_weak,,,,25.87601078167116,,,,,,,,,,,,,,,,,,,,,,,
14923610,2026-10-01 14:42:42,sim13,012030,,skip,adx_weak,,,,35.77142857142857,,,,,,,,,,,,,,,,,,,,,,,
14923610,2026-10-01 14:42:42,sim13,055490,,skip,theme_momentum_weak,,,,,,,,,,,,,,,,,,,,,,,,,,,
14923610,2026-10-01 14:42:42,sim13,001820,,skip,adx_weak,,,,38.26173826173826,,,,,,,,,,,,,,,,,,,,,,,
14923610,2026-10-01 14:42:42,sim13,195870,,skip,adx_weak,,,,26.332288401253916,,,,,,,,,,,,,,,,,,,,,,,
14923610,2026-10-01 14:42:42,sim13,0126Z0,,skip,theme_momentum_weak,,,,,,,,,,,,,,,,,,,,,,,,,,,
14923610,2026-10-01 14:42:42,sim13,014680,,skip,no_frgn_support,,,,,,,,,,,,,,,,,,,,,,,,,,,
14923610,2026-10-01 14:42:42,sim13,007810,,skip,adx_weak,,,,31.458333333333332,,,,,,,,,,,,,,,,,,,,,,,
14923610,2026-10-01 14:42:42,sim13,077500,,skip,held_or_cooldown,,,,,,,,,,,,,,,,,,,,,,,,,,,
14923610,2026-10-01 14:42:42,sim13,317450,,skip,theme_momentum_weak,,,,,,,,,,,,,,,,,,,,,,,,,,,
14923610,2026-10-01 14:42:42,sim13,112610,,skip,theme_momentum_weak,,,,,,,,,,,,,,,,,,,,,,,,,,,
14923610,2026-10-01 14:42:42,sim13,35320K,,skip,theme_momentum_weak,,,,,,,,,,,,,,,,,,,,,,,,,,,
14923610,2026-10-01 14:42:42,sim13,007660,,skip,theme_momentum_weak,,,,,,,,,,,,,,,,,,,,,,,,,,,
14923610,2026-10-01 14:42:42,sim13,002360,,skip,amount_not_surprised,,,,,,,,,,,,,,,,,,,,,,,,,,,
14923611,2026-10-01 14:44:37,sim13,084010,,skip,theme_momentum_weak,,,,,,,,,,,,,,,,,,,,,,,,,,,
14923611,2026-10-01 14:44:37,sim13,248070,,skip,theme_momentum_weak,,,,,,,,,,,,,,,,,,,,,,,,,,,
14923611,2026-10-01 14:44:37,sim13,192650,,skip,no_frgn_support,,,,,,,,,,,,,,,,,,,,,,,,,,,
14923611,2026-10-01 14:44:37,sim13,353200,,skip,adx_weak,,,,28.26086956521739,,,,,,,,,,,,,,,,,,,,,,,
14923611,2026-10-01 14:44:37,sim13,005430,,skip,theme_momentum_weak,,,,,,,,,,,,,,,,,,,,,,,,,,,
14923611,2026-10-01 14:44:37,sim13,001360,,skip,theme_momentum_weak,,,,,,,,,,,,,,,,,,,,,,,,,,,
14923611,2026-10-01 14:44:37,sim13,003160,,skip,no_frgn_support,,,,,,,,,,,,,,,,,,,,,,,,,,,
14923611,2026-10-01 14:44:37,sim13,036570,,skip,theme_momentum_weak,,,,,,,,,,,,,,,,,,,,,,,,,,,
14923611,2026-10-01 14:44:37,sim13,003350,,skip,theme_momentum_weak,,,,,,,,,,,,,,,,,,,,,,,,,,,
14923611,2026-10-01 14:44:37,sim13,023150,,skip,theme_momentum_weak,,,,,,,,,,,,,,,,,,,,,,,,,,,
14923611,2026-10-01 14:44:37,sim13,004105,,skip,no_frgn_support,,,,,,,,,,,,,,,,,,,,,,,,,,,
14923611,2026-10-01 14:44:37,sim13,011690,,skip,theme_momentum_weak,,,,,,,,,,,,,,,,,,,,,,,,,,,
14923611,2026-10-01 14:44:37,sim13,009420,,skip,theme_momentum_weak,,,,,,,,,,,,,,,,,,,,,,,,,,,
14923611,2026-10-01 14:44:37,sim13,069640,,skip,theme_momentum_weak,,,,,,,,,,,,,,,,,,,,,,,,,,,
14923611,2026-10-01 14:44:37,sim13,004710,,skip,no_frgn_support,,,,,,,,,,,,,,,,,,,,,,,,,,,
14923611,2026-10-01 14:44:37,sim13,109070,,skip,amount_not_surprised,,,,,,,,,,,,,,,,,,,,,,,,,,,
14923611,2026-10-01 14:44:37,sim13,014680,,skip,no_frgn_support,,,,,,,,,,,,,,,,,,,,,,,,,,,
14923611,2026-10-01 14:44:37,sim13,055490,,skip,theme_momentum_weak,,,,,,,,,,,,,,,,,,,,,,,,,,,
14923611,2026-10-01 14:44:37,sim13,195870,,skip,adx_weak,,,,26.332288401253916,,,,,,,,,,,,,,,,,,,,,,,
14923611,2026-10-01 14:44:37,sim13,012030,,skip,adx_weak,,,,35.77142857142857,,,,,,,,,,,,,,,,,,,,,,,
14923611,2026-10-01 14:44:37,sim13,001820,,skip,adx_weak,,,,38.26173826173826,,,,,,,,,,,,,,,,,,,,,,,
14923611,2026-10-01 14:44:37,sim13,0126Z0,,skip,theme_momentum_weak,,,,,,,,,,,,,,,,,,,,,,,,,,,
14923611,2026-10-01 14:44:37,sim13,480370,,skip,adx_weak,,,,25.87601078167116,,,,,,,,,,,,,,,,,,,,,,,
14923611,2026-10-01 14:44:37,sim13,077500,,skip,held_or_cooldown,,,,,,,,,,,,,,,,,,,,,,,,,,,
14923611,2026-10-01 14:44:37,sim13,007810,,skip,adx_weak,,,,31.458333333333332,,,,,,,,,,,,,,,,,,,,,,,
14923611,2026-10-01 14:44:37,sim13,112610,,skip,theme_momentum_weak,,,,,,,,,,,,,,,,,,,,,,,,,,,
14923611,2026-10-01 14:44:37,sim13,35320K,,skip,theme_momentum_weak,,,,,,,,,,,,,,,,,,,,,,,,,,,
14923611,2026-10-01 14:44:37,sim13,093050,,skip,theme_momentum_weak,,,,,,,,,,,,,,,,,,,,,,,,,,,
14923611,2026-10-01 14:44:37,sim13,317450,,skip,theme_momentum_weak,,,,,,,,,,,,,,,,,,,,,,,,,,,
14923611,2026-10-01 14:44:37,sim13,007660,,skip,theme_momentum_weak,,,,,,,,,,,,,,,,,,,,,,,,,,,
14923612,2026-10-01 14:46:38,sim13,084010,,skip,theme_momentum_weak,,,,,,,,,,,,,,,,,,,,,,,,,,,
14923612,2026-10-01 14:46:38,sim13,248070,,skip,theme_momentum_weak,,,,,,,,,,,,,,,,,,,,,,,,,,,
14923612,2026-10-01 14:46:38,sim13,192650,,skip,no_frgn_support,,,,,,,,,,,,,,,,,,,,,,,,,,,
14923612,2026-10-01 14:46:38,sim13,353200,,skip,adx_weak,,,,28.26086956521739,,,,,,,,,,,,,,,,,,,,,,,
14923612,2026-10-01 14:46:38,sim13,001360,,skip,theme_momentum_weak,,,,,,,,,,,,,,,,,,,,,,,,,,,
14923612,2026-10-01 14:46:38,sim13,005430,,skip,theme_momentum_weak,,,,,,,,,,,,,,,,,,,,,,,,,,,
14923612,2026-10-01 14:46:38,sim13,036570,,skip,theme_momentum_weak,,,,,,,,,,,,,,,,,,,,,,,,,,,
14923612,2026-10-01 14:46:38,sim13,003160,,skip,no_frgn_support,,,,,,,,,,,,,,,,,,,,,,,,,,,
14923612,2026-10-01 14:46:38,sim13,003350,,skip,theme_momentum_weak,,,,,,,,,,,,,,,,,,,,,,,,,,,
14923612,2026-10-01 14:46:38,sim13,023150,,skip,theme_momentum_weak,,,,,,,,,,,,,,,,,,,,,,,,,,,
14923612,2026-10-01 14:46:38,sim13,011690,,skip,theme_momentum_weak,,,,,,,,,,,,,,,,,,,,,,,,,,,
14923612,2026-10-01 14:46:38,sim13,004105,,skip,no_frgn_support,,,,,,,,,,,,,,,,,,,,,,,,,,,
14923612,2026-10-01 14:46:38,sim13,004710,,skip,no_frgn_support,,,,,,,,,,,,,,,,,,,,,,,,,,,
14923612,2026-10-01 14:46:38,sim13,009420,,skip,theme_momentum_weak,,,,,,,,,,,,,,,,,,,,,,,,,,,
14923612,2026-10-01 14:46:38,sim13,480370,,skip,adx_weak,,,,25.87601078167116,,,,,,,,,,,,,,,,,,,,,,,
14923612,2026-10-01 14:46:38,sim13,014680,,skip,no_frgn_support,,,,,,,,,,,,,,,,,,,,,,,,,,,
14923612,2026-10-01 14:46:38,sim13,055490,,skip,theme_momentum_weak,,,,,,,,,,,,,,,,,,,,,,,,,,,
14923612,2026-10-01 14:46:38,sim13,109070,,skip,amount_not_surprised,,,,,,,,,,,,,,,,,,,,,,,,,,,
14923612,2026-10-01 14:46:38,sim13,195870,,skip,adx_weak,,,,26.332288401253916,,,,,,,,,,,,,,,,,,,,,,,
14923612,2026-10-01 14:46:38,sim13,0126Z0,,skip,theme_momentum_weak,,,,,,,,,,,,,,,,,,,,,,,,,,,
14923612,2026-10-01 14:46:38,sim13,001820,,skip,adx_weak,,,,38.26173826173826,,,,,,,,,,,,,,,,,,,,,,,
14923612,2026-10-01 14:46:38,sim13,012030,,skip,adx_weak,,,,35.77142857142857,,,,,,,,,,,,,,,,,,,,,,,
14923612,2026-10-01 14:46:38,sim13,069640,,skip,theme_momentum_weak,,,,,,,,,,,,,,,,,,,,,,,,,,,
14923612,2026-10-01 14:46:38,sim13,112610,,skip,theme_momentum_weak,,,,,,,,,,,,,,,,,,,,,,,,,,,
14923612,2026-10-01 14:46:38,sim13,35320K,,skip,theme_momentum_weak,,,,,,,,,,,,,,,,,,,,,,,,,,,
14923612,2026-10-01 14:46:38,sim13,007810,,skip,adx_weak,,,,31.458333333333332,,,,,,,,,,,,,,,,,,,,,,,
14923612,2026-10-01 14:46:38,sim13,077500,,skip,held_or_cooldown,,,,,,,,,,,,,,,,,,,,,,,,,,,
14923612,2026-10-01 14:46:38,sim13,007660,,skip,theme_momentum_weak,,,,,,,,,,,,,,,,,,,,,,,,,,,
14923612,2026-10-01 14:46:38,sim13,093050,,skip,theme_momentum_weak,,,,,,,,,,,,,,,,,,,,,,,,,,,
14923612,2026-10-01 14:46:38,sim13,005850,,skip,theme_momentum_weak,,,,,,,,,,,,,,,,,,,,,,,,,,,
14923613,2026-10-01 14:48:34,sim13,084010,,skip,theme_momentum_weak,,,,,,,,,,,,,,,,,,,,,,,,,,,
14923613,2026-10-01 14:48:34,sim13,248070,,skip,theme_momentum_weak,,,,,,,,,,,,,,,,,,,,,,,,,,,
14923613,2026-10-01 14:48:34,sim13,192650,,skip,no_frgn_support,,,,,,,,,,,,,,,,,,,,,,,,,,,
14923613,2026-10-01 14:48:34,sim13,353200,,skip,adx_weak,,,,28.26086956521739,,,,,,,,,,,,,,,,,,,,,,,
14923613,2026-10-01 14:48:34,sim13,001360,,skip,theme_momentum_weak,,,,,,,,,,,,,,,,,,,,,,,,,,,
14923613,2026-10-01 14:48:34,sim13,005430,,skip,theme_momentum_weak,,,,,,,,,,,,,,,,,,,,,,,,,,,
14923613,2026-10-01 14:48:34,sim13,036570,,skip,theme_momentum_weak,,,,,,,,,,,,,,,,,,,,,,,,,,,
14923613,2026-10-01 14:48:34,sim13,003160,,skip,no_frgn_support,,,,,,,,,,,,,,,,,,,,,,,,,,,
14923613,2026-10-01 14:48:34,sim13,003350,,skip,theme_momentum_weak,,,,,,,,,,,,,,,,,,,,,,,,,,,
14923613,2026-10-01 14:48:34,sim13,023150,,skip,theme_momentum_weak,,,,,,,,,,,,,,,,,,,,,,,,,,,
14923613,2026-10-01 14:48:34,sim13,009420,,skip,theme_momentum_weak,,,,,,,,,,,,,,,,,,,,,,,,,,,
14923613,2026-10-01 14:48:34,sim13,004105,,skip,no_frgn_support,,,,,,,,,,,,,,,,,,,,,,,,,,,
14923613,2026-10-01 14:48:34,sim13,011690,,skip,theme_momentum_weak,,,,,,,,,,,,,,,,,,,,,,,,,,,
14923613,2026-10-01 14:48:34,sim13,004710,,skip,no_frgn_support,,,,,,,,,,,,,,,,,,,,,,,,,,,
14923613,2026-10-01 14:48:34,sim13,480370,,skip,adx_weak,,,,25.87601078167116,,,,,,,,,,,,,,,,,,,,,,,
14923613,2026-10-01 14:48:34,sim13,055490,,skip,theme_momentum_weak,,,,,,,,,,,,,,,,,,,,,,,,,,,
14923613,2026-10-01 14:48:34,sim13,109070,,skip,amount_not_surprised,,,,,,,,,,,,,,,,,,,,,,,,,,,
14923613,2026-10-01 14:48:34,sim13,195870,,skip,adx_weak,,,,26.332288401253916,,,,,,,,,,,,,,,,,,,,,,,
14923613,2026-10-01 14:48:34,sim13,012030,,skip,adx_weak,,,,35.77142857142857,,,,,,,,,,,,,,,,,,,,,,,
14923613,2026-10-01 14:48:34,sim13,0126Z0,,skip,theme_momentum_weak,,,,,,,,,,,,,,,,,,,,,,,,,,,
14923613,2026-10-01 14:48:34,sim13,014680,,skip,no_frgn_support,,,,,,,,,,,,,,,,,,,,,,,,,,,
14923613,2026-10-01 14:48:34,sim13,001820,,skip,adx_weak,,,,38.26173826173826,,,,,,,,,,,,,,,,,,,,,,,
14923613,2026-10-01 14:48:34,sim13,069640,,skip,theme_momentum_weak,,,,,,,,,,,,,,,,,,,,,,,,,,,
14923613,2026-10-01 14:48:34,sim13,112610,,skip,theme_momentum_weak,,,,,,,,,,,,,,,,,,,,,,,,,,,
14923613,2026-10-01 14:48:34,sim13,35320K,,skip,theme_momentum_weak,,,,,,,,,,,,,,,,,,,,,,,,,,,
14923613,2026-10-01 14:48:34,sim13,077500,,skip,held_or_cooldown,,,,,,,,,,,,,,,,,,,,,,,,,,,
14923613,2026-10-01 14:48:34,sim13,093050,,skip,theme_momentum_weak,,,,,,,,,,,,,,,,,,,,,,,,,,,
14923613,2026-10-01 14:48:34,sim13,317450,,skip,theme_momentum_weak,,,,,,,,,,,,,,,,,,,,,,,,,,,
14923613,2026-10-01 14:48:34,sim13,007810,,skip,adx_weak,,,,31.458333333333332,,,,,,,,,,,,,,,,,,,,,,,
14923613,2026-10-01 14:48:34,sim13,007660,,skip,theme_momentum_weak,,,,,,,,,,,,,,,,,,,,,,,,,,,
14923614,2026-10-01 14:50:32,sim13,084010,,skip,theme_momentum_weak,,,,,,,,,,,,,,,,,,,,,,,,,,,
14923614,2026-10-01 14:50:32,sim13,248070,,skip,theme_momentum_weak,,,,,,,,,,,,,,,,,,,,,,,,,,,
14923614,2026-10-01 14:50:32,sim13,192650,,skip,no_frgn_support,,,,,,,,,,,,,,,,,,,,,,,,,,,
14923614,2026-10-01 14:50:32,sim13,353200,,skip,adx_weak,,,,28.26086956521739,,,,,,,,,,,,,,,,,,,,,,,
14923614,2026-10-01 14:50:32,sim13,001360,,skip,theme_momentum_weak,,,,,,,,,,,,,,,,,,,,,,,,,,,
14923614,2026-10-01 14:50:32,sim13,005430,,skip,theme_momentum_weak,,,,,,,,,,,,,,,,,,,,,,,,,,,
14923614,2026-10-01 14:50:32,sim13,036570,,skip,theme_momentum_weak,,,,,,,,,,,,,,,,,,,,,,,,,,,
14923614,2026-10-01 14:50:32,sim13,003160,,skip,no_frgn_support,,,,,,,,,,,,,,,,,,,,,,,,,,,
14923614,2026-10-01 14:50:32,sim13,003350,,skip,theme_momentum_weak,,,,,,,,,,,,,,,,,,,,,,,,,,,
14923614,2026-10-01 14:50:32,sim13,023150,,skip,theme_momentum_weak,,,,,,,,,,,,,,,,,,,,,,,,,,,
14923614,2026-10-01 14:50:32,sim13,009420,,skip,theme_momentum_weak,,,,,,,,,,,,,,,,,,,,,,,,,,,
14923614,2026-10-01 14:50:32,sim13,004105,,skip,no_frgn_support,,,,,,,,,,,,,,,,,,,,,,,,,,,
14923614,2026-10-01 14:50:32,sim13,069640,,skip,theme_momentum_weak,,,,,,,,,,,,,,,,,,,,,,,,,,,
14923614,2026-10-01 14:50:32,sim13,004710,,skip,no_frgn_support,,,,,,,,,,,,,,,,,,,,,,,,,,,
14923614,2026-10-01 14:50:32,sim13,055490,,skip,theme_momentum_weak,,,,,,,,,,,,,,,,,,,,,,,,,,,
14923614,2026-10-01 14:50:32,sim13,195870,,skip,adx_weak,,,,26.332288401253916,,,,,,,,,,,,,,,,,,,,,,,
14923614,2026-10-01 14:50:32,sim13,012030,,skip,adx_weak,,,,35.77142857142857,,,,,,,,,,,,,,,,,,,,,,,
14923614,2026-10-01 14:50:32,sim13,480370,,skip,adx_weak,,,,25.87601078167116,,,,,,,,,,,,,,,,,,,,,,,
14923614,2026-10-01 14:50:32,sim13,0126Z0,,skip,theme_momentum_weak,,,,,,,,,,,,,,,,,,,,,,,,,,,
14923614,2026-10-01 14:50:32,sim13,014680,,skip,no_frgn_support,,,,,,,,,,,,,,,,,,,,,,,,,,,
14923614,2026-10-01 14:50:32,sim13,001820,,skip,adx_weak,,,,38.26173826173826,,,,,,,,,,,,,,,,,,,,,,,
14923614,2026-10-01 14:50:32,sim13,112610,,skip,theme_momentum_weak,,,,,,,,,,,,,,,,,,,,,,,,,,,
14923614,2026-10-01 14:50:32,sim13,011690,,skip,theme_momentum_weak,,,,,,,,,,,,,,,,,,,,,,,,,,,
14923614,2026-10-01 14:50:32,sim13,077500,,skip,held_or_cooldown,,,,,,,,,,,,,,,,,,,,,,,,,,,
14923614,2026-10-01 14:50:32,sim13,35320K,,skip,theme_momentum_weak,,,,,,,,,,,,,,,,,,,,,,,,,,,
14923614,2026-10-01 14:50:32,sim13,109070,,skip,amount_not_surprised,,,,,,,,,,,,,,,,,,,,,,,,,,,
14923614,2026-10-01 14:50:32,sim13,093050,,skip,theme_momentum_weak,,,,,,,,,,,,,,,,,,,,,,,,,,,
14923614,2026-10-01 14:50:32,sim13,317450,,skip,theme_momentum_weak,,,,,,,,,,,,,,,,,,,,,,,,,,,
14923614,2026-10-01 14:50:32,sim13,005850,,skip,theme_momentum_weak,,,,,,,,,,,,,,,,,,,,,,,,,,,
14923614,2026-10-01 14:50:32,sim13,007660,,skip,theme_momentum_weak,,,,,,,,,,,,,,,,,,,,,,,,,,,
14923615,2026-10-01 14:52:40,sim13,084010,,skip,theme_momentum_weak,,,,,,,,,,,,,,,,,,,,,,,,,,,
14923615,2026-10-01 14:52:40,sim13,248070,,skip,theme_momentum_weak,,,,,,,,,,,,,,,,,,,,,,,,,,,
14923615,2026-10-01 14:52:40,sim13,192650,,skip,no_frgn_support,,,,,,,,,,,,,,,,,,,,,,,,,,,
14923615,2026-10-01 14:52:40,sim13,353200,,skip,adx_weak,,,,28.26086956521739,,,,,,,,,,,,,,,,,,,,,,,
14923615,2026-10-01 14:52:40,sim13,001360,,skip,theme_momentum_weak,,,,,,,,,,,,,,,,,,,,,,,,,,,
14923615,2026-10-01 14:52:40,sim13,005430,,skip,theme_momentum_weak,,,,,,,,,,,,,,,,,,,,,,,,,,,
14923615,2026-10-01 14:52:40,sim13,036570,,skip,theme_momentum_weak,,,,,,,,,,,,,,,,,,,,,,,,,,,
14923615,2026-10-01 14:52:40,sim13,003160,,skip,no_frgn_support,,,,,,,,,,,,,,,,,,,,,,,,,,,
14923615,2026-10-01 14:52:40,sim13,003350,,skip,theme_momentum_weak,,,,,,,,,,,,,,,,,,,,,,,,,,,
14923615,2026-10-01 14:52:40,sim13,023150,,skip,theme_momentum_weak,,,,,,,,,,,,,,,,,,,,,,,,,,,
14923615,2026-10-01 14:52:40,sim13,009420,,skip,theme_momentum_weak,,,,,,,,,,,,,,,,,,,,,,,,,,,
14923615,2026-10-01 14:52:40,sim13,004105,,skip,no_frgn_support,,,,,,,,,,,,,,,,,,,,,,,,,,,
14923615,2026-10-01 14:52:40,sim13,069640,,skip,theme_momentum_weak,,,,,,,,,,,,,,,,,,,,,,,,,,,
14923615,2026-10-01 14:52:40,sim13,004710,,skip,no_frgn_support,,,,,,,,,,,,,,,,,,,,,,,,,,,
14923615,2026-10-01 14:52:40,sim13,012030,,skip,adx_weak,,,,35.77142857142857,,,,,,,,,,,,,,,,,,,,,,,
14923615,2026-10-01 14:52:40,sim13,055490,,skip,theme_momentum_weak,,,,,,,,,,,,,,,,,,,,,,,,,,,
14923615,2026-10-01 14:52:40,sim13,195870,,skip,adx_weak,,,,26.332288401253916,,,,,,,,,,,,,,,,,,,,,,,
14923615,2026-10-01 14:52:40,sim13,014680,,skip,no_frgn_support,,,,,,,,,,,,,,,,,,,,,,,,,,,
14923615,2026-10-01 14:52:40,sim13,112610,,skip,theme_momentum_weak,,,,,,,,,,,,,,,,,,,,,,,,,,,
14923615,2026-10-01 14:52:40,sim13,480370,,skip,adx_weak,,,,25.87601078167116,,,,,,,,,,,,,,,,,,,,,,,
14923615,2026-10-01 14:52:40,sim13,001820,,skip,adx_weak,,,,38.26173826173826,,,,,,,,,,,,,,,,,,,,,,,
14923615,2026-10-01 14:52:40,sim13,011690,,skip,theme_momentum_weak,,,,,,,,,,,,,,,,,,,,,,,,,,,
14923615,2026-10-01 14:52:40,sim13,0126Z0,,skip,theme_momentum_weak,,,,,,,,,,,,,,,,,,,,,,,,,,,
14923615,2026-10-01 14:52:40,sim13,35320K,,skip,theme_momentum_weak,,,,,,,,,,,,,,,,,,,,,,,,,,,
14923615,2026-10-01 14:52:40,sim13,077500,,skip,held_or_cooldown,,,,,,,,,,,,,,,,,,,,,,,,,,,
14923615,2026-10-01 14:52:40,sim13,317450,,skip,theme_momentum_weak,,,,,,,,,,,,,,,,,,,,,,,,,,,
14923615,2026-10-01 14:52:40,sim13,005850,,skip,theme_momentum_weak,,,,,,,,,,,,,,,,,,,,,,,,,,,
14923615,2026-10-01 14:52:40,sim13,109070,,skip,amount_not_surprised,,,,,,,,,,,,,,,,,,,,,,,,,,,
14923615,2026-10-01 14:52:40,sim13,007660,,skip,theme_momentum_weak,,,,,,,,,,,,,,,,,,,,,,,,,,,
14923615,2026-10-01 14:52:40,sim13,093050,,skip,theme_momentum_weak,,,,,,,,,,,,,,,,,,,,,,,,,,,
14923616,2026-10-01 14:54:44,sim13,084010,,skip,theme_momentum_weak,,,,,,,,,,,,,,,,,,,,,,,,,,,
14923616,2026-10-01 14:54:44,sim13,248070,,skip,theme_momentum_weak,,,,,,,,,,,,,,,,,,,,,,,,,,,
14923616,2026-10-01 14:54:44,sim13,192650,,skip,no_frgn_support,,,,,,,,,,,,,,,,,,,,,,,,,,,
14923616,2026-10-01 14:54:44,sim13,353200,,skip,adx_weak,,,,28.26086956521739,,,,,,,,,,,,,,,,,,,,,,,
14923616,2026-10-01 14:54:44,sim13,001360,,skip,theme_momentum_weak,,,,,,,,,,,,,,,,,,,,,,,,,,,
14923616,2026-10-01 14:54:44,sim13,005430,,skip,theme_momentum_weak,,,,,,,,,,,,,,,,,,,,,,,,,,,
14923616,2026-10-01 14:54:44,sim13,003160,,skip,no_frgn_support,,,,,,,,,,,,,,,,,,,,,,,,,,,
14923616,2026-10-01 14:54:44,sim13,036570,,skip,theme_momentum_weak,,,,,,,,,,,,,,,,,,,,,,,,,,,
14923616,2026-10-01 14:54:44,sim13,003350,,skip,theme_momentum_weak,,,,,,,,,,,,,,,,,,,,,,,,,,,
14923616,2026-10-01 14:54:44,sim13,023150,,skip,theme_momentum_weak,,,,,,,,,,,,,,,,,,,,,,,,,,,
14923616,2026-10-01 14:54:44,sim13,009420,,skip,theme_momentum_weak,,,,,,,,,,,,,,,,,,,,,,,,,,,
14923616,2026-10-01 14:54:44,sim13,008060,,skip,theme_momentum_weak,,,,,,,,,,,,,,,,,,,,,,,,,,,
14923616,2026-10-01 14:54:44,sim13,004105,,skip,no_frgn_support,,,,,,,,,,,,,,,,,,,,,,,,,,,
14923616,2026-10-01 14:54:44,sim13,069640,,skip,theme_momentum_weak,,,,,,,,,,,,,,,,,,,,,,,,,,,
14923616,2026-10-01 14:54:44,sim13,004710,,skip,no_frgn_support,,,,,,,,,,,,,,,,,,,,,,,,,,,
14923616,2026-10-01 14:54:44,sim13,012030,,skip,adx_weak,,,,35.77142857142857,,,,,,,,,,,,,,,,,,,,,,,
14923616,2026-10-01 14:54:44,sim13,055490,,skip,theme_momentum_weak,,,,,,,,,,,,,,,,,,,,,,,,,,,
14923616,2026-10-01 14:54:44,sim13,480370,,skip,adx_weak,,,,25.87601078167116,,,,,,,,,,,,,,,,,,,,,,,
14923616,2026-10-01 14:54:44,sim13,014680,,skip,no_frgn_support,,,,,,,,,,,,,,,,,,,,,,,,,,,
14923616,2026-10-01 14:54:44,sim13,0126Z0,,skip,theme_momentum_weak,,,,,,,,,,,,,,,,,,,,,,,,,,,
14923616,2026-10-01 14:54:44,sim13,195870,,skip,adx_weak,,,,26.332288401253916,,,,,,,,,,,,,,,,,,,,,,,
14923616,2026-10-01 14:54:44,sim13,011690,,skip,theme_momentum_weak,,,,,,,,,,,,,,,,,,,,,,,,,,,
14923616,2026-10-01 14:54:44,sim13,112610,,skip,theme_momentum_weak,,,,,,,,,,,,,,,,,,,,,,,,,,,
14923616,2026-10-01 14:54:44,sim13,001820,,skip,adx_weak,,,,38.26173826173826,,,,,,,,,,,,,,,,,,,,,,,
14923616,2026-10-01 14:54:44,sim13,35320K,,skip,theme_momentum_weak,,,,,,,,,,,,,,,,,,,,,,,,,,,
14923616,2026-10-01 14:54:44,sim13,007660,,skip,theme_momentum_weak,,,,,,,,,,,,,,,,,,,,,,,,,,,
14923616,2026-10-01 14:54:44,sim13,093050,,skip,theme_momentum_weak,,,,,,,,,,,,,,,,,,,,,,,,,,,
14923616,2026-10-01 14:54:44,sim13,317450,,skip,theme_momentum_weak,,,,,,,,,,,,,,,,,,,,,,,,,,,
14923616,2026-10-01 14:54:44,sim13,005850,,skip,theme_momentum_weak,,,,,,,,,,,,,,,,,,,,,,,,,,,
14923616,2026-10-01 14:54:44,sim13,007810,,skip,adx_weak,,,,31.458333333333332,,,,,,,,,,,,,,,,,,,,,,,
14923617,2026-10-01 14:56:41,sim13,084010,,skip,theme_momentum_weak,,,,,,,,,,,,,,,,,,,,,,,,,,,
14923617,2026-10-01 14:56:41,sim13,248070,,skip,theme_momentum_weak,,,,,,,,,,,,,,,,,,,,,,,,,,,
14923617,2026-10-01 14:56:41,sim13,192650,,skip,no_frgn_support,,,,,,,,,,,,,,,,,,,,,,,,,,,
14923617,2026-10-01 14:56:41,sim13,353200,,skip,adx_weak,,,,28.26086956521739,,,,,,,,,,,,,,,,,,,,,,,
14923617,2026-10-01 14:56:41,sim13,001360,,skip,theme_momentum_weak,,,,,,,,,,,,,,,,,,,,,,,,,,,
14923617,2026-10-01 14:56:41,sim13,005430,,skip,theme_momentum_weak,,,,,,,,,,,,,,,,,,,,,,,,,,,
14923617,2026-10-01 14:56:41,sim13,003160,,skip,no_frgn_support,,,,,,,,,,,,,,,,,,,,,,,,,,,
14923617,2026-10-01 14:56:41,sim13,003350,,skip,theme_momentum_weak,,,,,,,,,,,,,,,,,,,,,,,,,,,
14923617,2026-10-01 14:56:41,sim13,036570,,skip,theme_momentum_weak,,,,,,,,,,,,,,,,,,,,,,,,,,,
14923617,2026-10-01 14:56:41,sim13,023150,,skip,theme_momentum_weak,,,,,,,,,,,,,,,,,,,,,,,,,,,
14923617,2026-10-01 14:56:41,sim13,009420,,skip,theme_momentum_weak,,,,,,,,,,,,,,,,,,,,,,,,,,,
14923617,2026-10-01 14:56:41,sim13,004105,,skip,no_frgn_support,,,,,,,,,,,,,,,,,,,,,,,,,,,
14923617,2026-10-01 14:56:41,sim13,012030,,skip,adx_weak,,,,35.77142857142857,,,,,,,,,,,,,,,,,,,,,,,
14923617,2026-10-01 14:56:41,sim13,004710,,skip,no_frgn_support,,,,,,,,,,,,,,,,,,,,,,,,,,,
14923617,2026-10-01 14:56:41,sim13,0126Z0,,skip,theme_momentum_weak,,,,,,,,,,,,,,,,,,,,,,,,,,,
14923617,2026-10-01 14:56:41,sim13,480370,,skip,adx_weak,,,,25.87601078167116,,,,,,,,,,,,,,,,,,,,,,,
14923617,2026-10-01 14:56:41,sim13,055490,,skip,theme_momentum_weak,,,,,,,,,,,,,,,,,,,,,,,,,,,
14923617,2026-10-01 14:56:41,sim13,195870,,skip,adx_weak,,,,26.332288401253916,,,,,,,,,,,,,,,,,,,,,,,
14923617,2026-10-01 14:56:41,sim13,011690,,skip,theme_momentum_weak,,,,,,,,,,,,,,,,,,,,,,,,,,,
14923617,2026-10-01 14:56:41,sim13,014680,,skip,no_frgn_support,,,,,,,,,,,,,,,,,,,,,,,,,,,
14923617,2026-10-01 14:56:41,sim13,112610,,skip,theme_momentum_weak,,,,,,,,,,,,,,,,,,,,,,,,,,,
14923617,2026-10-01 14:56:41,sim13,008060,,skip,theme_momentum_weak,,,,,,,,,,,,,,,,,,,,,,,,,,,
14923617,2026-10-01 14:56:41,sim13,001820,,skip,adx_weak,,,,38.26173826173826,,,,,,,,,,,,,,,,,,,,,,,
14923617,2026-10-01 14:56:41,sim13,35320K,,skip,theme_momentum_weak,,,,,,,,,,,,,,,,,,,,,,,,,,,
14923617,2026-10-01 14:56:41,sim13,317450,,skip,theme_momentum_weak,,,,,,,,,,,,,,,,,,,,,,,,,,,
14923617,2026-10-01 14:56:41,sim13,109070,,skip,amount_not_surprised,,,,,,,,,,,,,,,,,,,,,,,,,,,
14923617,2026-10-01 14:56:41,sim13,093050,,skip,theme_momentum_weak,,,,,,,,,,,,,,,,,,,,,,,,,,,
14923617,2026-10-01 14:56:41,sim13,077500,,skip,held_or_cooldown,,,,,,,,,,,,,,,,,,,,,,,,,,,
14923617,2026-10-01 14:56:41,sim13,007810,,skip,adx_weak,,,,31.458333333333332,,,,,,,,,,,,,,,,,,,,,,,
14923617,2026-10-01 14:56:41,sim13,007660,,skip,theme_momentum_weak,,,,,,,,,,,,,,,,,,,,,,,,,,,
14923618,2026-10-01 14:58:45,sim13,084010,,skip,theme_momentum_weak,,,,,,,,,,,,,,,,,,,,,,,,,,,
14923618,2026-10-01 14:58:45,sim13,248070,,skip,theme_momentum_weak,,,,,,,,,,,,,,,,,,,,,,,,,,,
14923618,2026-10-01 14:58:45,sim13,192650,,skip,no_frgn_support,,,,,,,,,,,,,,,,,,,,,,,,,,,
14923618,2026-10-01 14:58:45,sim13,353200,,skip,adx_weak,,,,28.26086956521739,,,,,,,,,,,,,,,,,,,,,,,
14923618,2026-10-01 14:58:45,sim13,001360,,skip,theme_momentum_weak,,,,,,,,,,,,,,,,,,,,,,,,,,,
14923618,2026-10-01 14:58:45,sim13,005430,,skip,theme_momentum_weak,,,,,,,,,,,,,,,,,,,,,,,,,,,
14923618,2026-10-01 14:58:45,sim13,003160,,skip,no_frgn_support,,,,,,,,,,,,,,,,,,,,,,,,,,,
14923618,2026-10-01 14:58:45,sim13,003350,,skip,theme_momentum_weak,,,,,,,,,,,,,,,,,,,,,,,,,,,
14923618,2026-10-01 14:58:45,sim13,036570,,skip,theme_momentum_weak,,,,,,,,,,,,,,,,,,,,,,,,,,,
14923618,2026-10-01 14:58:45,sim13,023150,,skip,theme_momentum_weak,,,,,,,,,,,,,,,,,,,,,,,,,,,
14923618,2026-10-01 14:58:45,sim13,009420,,skip,theme_momentum_weak,,,,,,,,,,,,,,,,,,,,,,,,,,,
14923618,2026-10-01 14:58:45,sim13,004105,,skip,no_frgn_support,,,,,,,,,,,,,,,,,,,,,,,,,,,
14923618,2026-10-01 14:58:45,sim13,069640,,skip,theme_momentum_weak,,,,,,,,,,,,,,,,,,,,,,,,,,,
14923618,2026-10-01 14:58:45,sim13,012030,,skip,adx_weak,,,,35.77142857142857,,,,,,,,,,,,,,,,,,,,,,,
14923618,2026-10-01 14:58:45,sim13,014680,,skip,no_frgn_support,,,,,,,,,,,,,,,,,,,,,,,,,,,
14923618,2026-10-01 14:58:45,sim13,004710,,skip,no_frgn_support,,,,,,,,,,,,,,,,,,,,,,,,,,,
14923618,2026-10-01 14:58:45,sim13,480370,,skip,adx_weak,,,,25.87601078167116,,,,,,,,,,,,,,,,,,,,,,,
14923618,2026-10-01 14:58:45,sim13,0126Z0,,skip,theme_momentum_weak,,,,,,,,,,,,,,,,,,,,,,,,,,,
14923618,2026-10-01 14:58:45,sim13,055490,,skip,theme_momentum_weak,,,,,,,,,,,,,,,,,,,,,,,,,,,
14923618,2026-10-01 14:58:45,sim13,195870,,skip,adx_weak,,,,26.332288401253916,,,,,,,,,,,,,,,,,,,,,,,
14923618,2026-10-01 14:58:45,sim13,008060,,skip,theme_momentum_weak,,,,,,,,,,,,,,,,,,,,,,,,,,,
14923618,2026-10-01 14:58:45,sim13,112610,,skip,theme_momentum_weak,,,,,,,,,,,,,,,,,,,,,,,,,,,
14923618,2026-10-01 14:58:45,sim13,011690,,skip,theme_momentum_weak,,,,,,,,,,,,,,,,,,,,,,,,,,,
14923618,2026-10-01 14:58:45,sim13,001820,,skip,adx_weak,,,,38.26173826173826,,,,,,,,,,,,,,,,,,,,,,,
14923618,2026-10-01 14:58:45,sim13,35320K,,skip,theme_momentum_weak,,,,,,,,,,,,,,,,,,,,,,,,,,,
14923618,2026-10-01 14:58:45,sim13,093050,,skip,theme_momentum_weak,,,,,,,,,,,,,,,,,,,,,,,,,,,
14923618,2026-10-01 14:58:45,sim13,109070,,skip,amount_not_surprised,,,,,,,,,,,,,,,,,,,,,,,,,,,
14923618,2026-10-01 14:58:45,sim13,007810,,skip,adx_weak,,,,31.458333333333332,,,,,,,,,,,,,,,,,,,,,,,
14923618,2026-10-01 14:58:45,sim13,007660,,skip,theme_momentum_weak,,,,,,,,,,,,,,,,,,,,,,,,,,,
14923618,2026-10-01 14:58:45,sim13,317450,,skip,theme_momentum_weak,,,,,,,,,,,,,,,,,,,,,,,,,,,
14923619,2026-10-01 15:00:43,sim13,084010,,skip,theme_momentum_weak,,,,,,,,,,,,,,,,,,,,,,,,,,,
14923619,2026-10-01 15:00:43,sim13,192650,,skip,no_frgn_support,,,,,,,,,,,,,,,,,,,,,,,,,,,
14923619,2026-10-01 15:00:43,sim13,248070,,skip,theme_momentum_weak,,,,,,,,,,,,,,,,,,,,,,,,,,,
14923619,2026-10-01 15:00:43,sim13,353200,,skip,adx_weak,,,,28.26086956521739,,,,,,,,,,,,,,,,,,,,,,,
14923619,2026-10-01 15:00:43,sim13,001360,,skip,theme_momentum_weak,,,,,,,,,,,,,,,,,,,,,,,,,,,
14923619,2026-10-01 15:00:43,sim13,005430,,skip,theme_momentum_weak,,,,,,,,,,,,,,,,,,,,,,,,,,,
14923619,2026-10-01 15:00:43,sim13,003350,,skip,theme_momentum_weak,,,,,,,,,,,,,,,,,,,,,,,,,,,
14923619,2026-10-01 15:00:43,sim13,003160,,skip,no_frgn_support,,,,,,,,,,,,,,,,,,,,,,,,,,,
14923619,2026-10-01 15:00:43,sim13,009420,,skip,theme_momentum_weak,,,,,,,,,,,,,,,,,,,,,,,,,,,
14923619,2026-10-01 15:00:43,sim13,036570,,skip,theme_momentum_weak,,,,,,,,,,,,,,,,,,,,,,,,,,,
14923619,2026-10-01 15:00:43,sim13,023150,,skip,theme_momentum_weak,,,,,,,,,,,,,,,,,,,,,,,,,,,
14923619,2026-10-01 15:00:43,sim13,004105,,skip,no_frgn_support,,,,,,,,,,,,,,,,,,,,,,,,,,,
14923619,2026-10-01 15:00:43,sim13,069640,,skip,theme_momentum_weak,,,,,,,,,,,,,,,,,,,,,,,,,,,
14923619,2026-10-01 15:00:43,sim13,012030,,skip,adx_weak,,,,35.77142857142857,,,,,,,,,,,,,,,,,,,,,,,
14923619,2026-10-01 15:00:43,sim13,014680,,skip,no_frgn_support,,,,,,,,,,,,,,,,,,,,,,,,,,,
14923619,2026-10-01 15:00:43,sim13,004710,,skip,no_frgn_support,,,,,,,,,,,,,,,,,,,,,,,,,,,
14923619,2026-10-01 15:00:43,sim13,055490,,skip,theme_momentum_weak,,,,,,,,,,,,,,,,,,,,,,,,,,,
14923619,2026-10-01 15:00:43,sim13,480370,,skip,adx_weak,,,,25.87601078167116,,,,,,,,,,,,,,,,,,,,,,,
14923619,2026-10-01 15:00:43,sim13,0126Z0,,skip,theme_momentum_weak,,,,,,,,,,,,,,,,,,,,,,,,,,,
14923619,2026-10-01 15:00:43,sim13,011690,,skip,theme_momentum_weak,,,,,,,,,,,,,,,,,,,,,,,,,,,
14923619,2026-10-01 15:00:43,sim13,112610,,skip,theme_momentum_weak,,,,,,,,,,,,,,,,,,,,,,,,,,,
14923619,2026-10-01 15:00:43,sim13,195870,,skip,adx_weak,,,,26.332288401253916,,,,,,,,,,,,,,,,,,,,,,,
14923619,2026-10-01 15:00:43,sim13,35320K,,skip,theme_momentum_weak,,,,,,,,,,,,,,,,,,,,,,,,,,,
14923619,2026-10-01 15:00:43,sim13,001820,,skip,adx_weak,,,,38.26173826173826,,,,,,,,,,,,,,,,,,,,,,,
14923619,2026-10-01 15:00:43,sim13,109070,,skip,amount_not_surprised,,,,,,,,,,,,,,,,,,,,,,,,,,,
14923619,2026-10-01 15:00:43,sim13,007660,,skip,theme_momentum_weak,,,,,,,,,,,,,,,,,,,,,,,,,,,
14923619,2026-10-01 15:00:43,sim13,007810,,skip,adx_weak,,,,31.458333333333332,,,,,,,,,,,,,,,,,,,,,,,
14923619,2026-10-01 15:00:43,sim13,317450,,skip,theme_momentum_weak,,,,,,,,,,,,,,,,,,,,,,,,,,,
14923619,2026-10-01 15:00:43,sim13,008060,,skip,theme_momentum_weak,,,,,,,,,,,,,,,,,,,,,,,,,,,
14923619,2026-10-01 15:00:43,sim13,093050,,skip,theme_momentum_weak,,,,,,,,,,,,,,,,,,,,,,,,,,,
14923620,2026-10-01 15:02:41,sim13,084010,,skip,theme_momentum_weak,,,,,,,,,,,,,,,,,,,,,,,,,,,
14923620,2026-10-01 15:02:41,sim13,248070,,skip,theme_momentum_weak,,,,,,,,,,,,,,,,,,,,,,,,,,,
14923620,2026-10-01 15:02:41,sim13,192650,,skip,no_frgn_support,,,,,,,,,,,,,,,,,,,,,,,,,,,
14923620,2026-10-01 15:02:41,sim13,353200,,skip,adx_weak,,,,28.26086956521739,,,,,,,,,,,,,,,,,,,,,,,
14923620,2026-10-01 15:02:41,sim13,001360,,skip,theme_momentum_weak,,,,,,,,,,,,,,,,,,,,,,,,,,,
14923620,2026-10-01 15:02:41,sim13,003350,,skip,theme_momentum_weak,,,,,,,,,,,,,,,,,,,,,,,,,,,
14923620,2026-10-01 15:02:41,sim13,003160,,skip,no_frgn_support,,,,,,,,,,,,,,,,,,,,,,,,,,,
14923620,2026-10-01 15:02:41,sim13,005430,,skip,theme_momentum_weak,,,,,,,,,,,,,,,,,,,,,,,,,,,
14923620,2026-10-01 15:02:41,sim13,036570,,skip,theme_momentum_weak,,,,,,,,,,,,,,,,,,,,,,,,,,,
14923620,2026-10-01 15:02:41,sim13,009420,,skip,theme_momentum_weak,,,,,,,,,,,,,,,,,,,,,,,,,,,
14923620,2026-10-01 15:02:41,sim13,023150,,skip,theme_momentum_weak,,,,,,,,,,,,,,,,,,,,,,,,,,,
14923620,2026-10-01 15:02:41,sim13,004105,,skip,no_frgn_support,,,,,,,,,,,,,,,,,,,,,,,,,,,
14923620,2026-10-01 15:02:41,sim13,004710,,skip,no_frgn_support,,,,,,,,,,,,,,,,,,,,,,,,,,,
14923620,2026-10-01 15:02:41,sim13,069640,,skip,theme_momentum_weak,,,,,,,,,,,,,,,,,,,,,,,,,,,
14923620,2026-10-01 15:02:41,sim13,014680,,skip,no_frgn_support,,,,,,,,,,,,,,,,,,,,,,,,,,,
14923620,2026-10-01 15:02:41,sim13,012030,,skip,adx_weak,,,,35.77142857142857,,,,,,,,,,,,,,,,,,,,,,,
14923620,2026-10-01 15:02:41,sim13,011690,,skip,theme_momentum_weak,,,,,,,,,,,,,,,,,,,,,,,,,,,
14923620,2026-10-01 15:02:41,sim13,055490,,skip,theme_momentum_weak,,,,,,,,,,,,,,,,,,,,,,,,,,,
14923620,2026-10-01 15:02:41,sim13,35320K,,skip,theme_momentum_weak,,,,,,,,,,,,,,,,,,,,,,,,,,,
14923620,2026-10-01 15:02:41,sim13,480370,,skip,adx_weak,,,,25.87601078167116,,,,,,,,,,,,,,,,,,,,,,,
14923620,2026-10-01 15:02:41,sim13,0126Z0,,skip,theme_momentum_weak,,,,,,,,,,,,,,,,,,,,,,,,,,,
14923620,2026-10-01 15:02:41,sim13,195870,,skip,adx_weak,,,,26.332288401253916,,,,,,,,,,,,,,,,,,,,,,,
14923620,2026-10-01 15:02:41,sim13,112610,,skip,theme_momentum_weak,,,,,,,,,,,,,,,,,,,,,,,,,,,
14923620,2026-10-01 15:02:41,sim13,109070,,skip,amount_not_surprised,,,,,,,,,,,,,,,,,,,,,,,,,,,
14923620,2026-10-01 15:02:41,sim13,001820,,skip,adx_weak,,,,38.26173826173826,,,,,,,,,,,,,,,,,,,,,,,
14923620,2026-10-01 15:02:41,sim13,007810,,skip,adx_weak,,,,31.458333333333332,,,,,,,,,,,,,,,,,,,,,,,
14923620,2026-10-01 15:02:41,sim13,007660,,skip,theme_momentum_weak,,,,,,,,,,,,,,,,,,,,,,,,,,,
14923620,2026-10-01 15:02:41,sim13,093050,,skip,theme_momentum_weak,,,,,,,,,,,,,,,,,,,,,,,,,,,
14923620,2026-10-01 15:02:41,sim13,317450,,skip,theme_momentum_weak,,,,,,,,,,,,,,,,,,,,,,,,,,,
14923620,2026-10-01 15:02:41,sim13,005850,,skip,theme_momentum_weak,,,,,,,,,,,,,,,,,,,,,,,,,,,
14923621,2026-10-01 15:04:44,sim13,084010,,skip,theme_momentum_weak,,,,,,,,,,,,,,,,,,,,,,,,,,,
14923621,2026-10-01 15:04:44,sim13,248070,,skip,theme_momentum_weak,,,,,,,,,,,,,,,,,,,,,,,,,,,
14923621,2026-10-01 15:04:44,sim13,192650,,skip,no_frgn_support,,,,,,,,,,,,,,,,,,,,,,,,,,,
14923621,2026-10-01 15:04:44,sim13,353200,,skip,adx_weak,,,,28.26086956521739,,,,,,,,,,,,,,,,,,,,,,,
14923621,2026-10-01 15:04:44,sim13,001360,,skip,theme_momentum_weak,,,,,,,,,,,,,,,,,,,,,,,,,,,
14923621,2026-10-01 15:04:44,sim13,003350,,skip,theme_momentum_weak,,,,,,,,,,,,,,,,,,,,,,,,,,,
14923621,2026-10-01 15:04:44,sim13,003160,,skip,no_frgn_support,,,,,,,,,,,,,,,,,,,,,,,,,,,
14923621,2026-10-01 15:04:44,sim13,005430,,skip,theme_momentum_weak,,,,,,,,,,,,,,,,,,,,,,,,,,,
14923621,2026-10-01 15:04:44,sim13,036570,,skip,theme_momentum_weak,,,,,,,,,,,,,,,,,,,,,,,,,,,
14923621,2026-10-01 15:04:44,sim13,009420,,skip,theme_momentum_weak,,,,,,,,,,,,,,,,,,,,,,,,,,,
14923621,2026-10-01 15:04:44,sim13,023150,,skip,theme_momentum_weak,,,,,,,,,,,,,,,,,,,,,,,,,,,
14923621,2026-10-01 15:04:44,sim13,004105,,skip,no_frgn_support,,,,,,,,,,,,,,,,,,,,,,,,,,,
14923621,2026-10-01 15:04:44,sim13,004710,,skip,no_frgn_support,,,,,,,,,,,,,,,,,,,,,,,,,,,
14923621,2026-10-01 15:04:44,sim13,014680,,skip,no_frgn_support,,,,,,,,,,,,,,,,,,,,,,,,,,,
14923621,2026-10-01 15:04:44,sim13,069640,,skip,theme_momentum_weak,,,,,,,,,,,,,,,,,,,,,,,,,,,
14923621,2026-10-01 15:04:44,sim13,055490,,skip,theme_momentum_weak,,,,,,,,,,,,,,,,,,,,,,,,,,,
14923621,2026-10-01 15:04:44,sim13,012030,,skip,adx_weak,,,,35.77142857142857,,,,,,,,,,,,,,,,,,,,,,,
14923621,2026-10-01 15:04:44,sim13,0126Z0,,skip,theme_momentum_weak,,,,,,,,,,,,,,,,,,,,,,,,,,,
14923621,2026-10-01 15:04:44,sim13,195870,,skip,adx_weak,,,,26.332288401253916,,,,,,,,,,,,,,,,,,,,,,,
14923621,2026-10-01 15:04:44,sim13,011690,,skip,theme_momentum_weak,,,,,,,,,,,,,,,,,,,,,,,,,,,
14923621,2026-10-01 15:04:44,sim13,112610,,skip,theme_momentum_weak,,,,,,,,,,,,,,,,,,,,,,,,,,,
14923621,2026-10-01 15:04:44,sim13,35320K,,skip,theme_momentum_weak,,,,,,,,,,,,,,,,,,,,,,,,,,,
14923621,2026-10-01 15:04:44,sim13,480370,,skip,adx_weak,,,,25.87601078167116,,,,,,,,,,,,,,,,,,,,,,,
14923621,2026-10-01 15:04:44,sim13,109070,,skip,amount_not_surprised,,,,,,,,,,,,,,,,,,,,,,,,,,,
14923621,2026-10-01 15:04:44,sim13,001820,,skip,adx_weak,,,,38.26173826173826,,,,,,,,,,,,,,,,,,,,,,,
14923621,2026-10-01 15:04:44,sim13,093050,,skip,theme_momentum_weak,,,,,,,,,,,,,,,,,,,,,,,,,,,
14923621,2026-10-01 15:04:44,sim13,007660,,skip,theme_momentum_weak,,,,,,,,,,,,,,,,,,,,,,,,,,,
14923621,2026-10-01 15:04:44,sim13,007810,,skip,adx_weak,,,,31.458333333333332,,,,,,,,,,,,,,,,,,,,,,,
14923621,2026-10-01 15:04:44,sim13,317450,,skip,theme_momentum_weak,,,,,,,,,,,,,,,,,,,,,,,,,,,
14923621,2026-10-01 15:04:44,sim13,079550,,skip,theme_momentum_weak,,,,,,,,,,,,,,,,,,,,,,,,,,,
14923623,2026-10-01 15:07:03,sim13,084010,,skip,theme_momentum_weak,,,,,,,,,,,,,,,,,,,,,,,,,,,
14923623,2026-10-01 15:07:03,sim13,248070,,skip,theme_momentum_weak,,,,,,,,,,,,,,,,,,,,,,,,,,,
14923623,2026-10-01 15:07:03,sim13,192650,,skip,no_frgn_support,,,,,,,,,,,,,,,,,,,,,,,,,,,
14923623,2026-10-01 15:07:03,sim13,353200,,skip,adx_weak,,,,28.26086956521739,,,,,,,,,,,,,,,,,,,,,,,
14923623,2026-10-01 15:07:03,sim13,001360,,skip,theme_momentum_weak,,,,,,,,,,,,,,,,,,,,,,,,,,,
14923623,2026-10-01 15:07:03,sim13,003350,,skip,theme_momentum_weak,,,,,,,,,,,,,,,,,,,,,,,,,,,
14923623,2026-10-01 15:07:03,sim13,003160,,skip,no_frgn_support,,,,,,,,,,,,,,,,,,,,,,,,,,,
14923623,2026-10-01 15:07:03,sim13,005430,,skip,theme_momentum_weak,,,,,,,,,,,,,,,,,,,,,,,,,,,
14923623,2026-10-01 15:07:03,sim13,036570,,skip,theme_momentum_weak,,,,,,,,,,,,,,,,,,,,,,,,,,,
14923623,2026-10-01 15:07:03,sim13,023150,,skip,theme_momentum_weak,,,,,,,,,,,,,,,,,,,,,,,,,,,
14923623,2026-10-01 15:07:03,sim13,009420,,skip,theme_momentum_weak,,,,,,,,,,,,,,,,,,,,,,,,,,,
14923623,2026-10-01 15:07:03,sim13,004105,,skip,no_frgn_support,,,,,,,,,,,,,,,,,,,,,,,,,,,
14923623,2026-10-01 15:07:03,sim13,004710,,skip,no_frgn_support,,,,,,,,,,,,,,,,,,,,,,,,,,,
14923623,2026-10-01 15:07:03,sim13,069640,,skip,theme_momentum_weak,,,,,,,,,,,,,,,,,,,,,,,,,,,
14923623,2026-10-01 15:07:03,sim13,012030,,skip,adx_weak,,,,35.77142857142857,,,,,,,,,,,,,,,,,,,,,,,
14923623,2026-10-01 15:07:03,sim13,014680,,skip,no_frgn_support,,,,,,,,,,,,,,,,,,,,,,,,,,,
14923623,2026-10-01 15:07:03,sim13,055490,,skip,theme_momentum_weak,,,,,,,,,,,,,,,,,,,,,,,,,,,
14923623,2026-10-01 15:07:03,sim13,0126Z0,,skip,theme_momentum_weak,,,,,,,,,,,,,,,,,,,,,,,,,,,
14923623,2026-10-01 15:07:03,sim13,011690,,skip,theme_momentum_weak,,,,,,,,,,,,,,,,,,,,,,,,,,,
14923623,2026-10-01 15:07:03,sim13,480370,,skip,adx_weak,,,,25.87601078167116,,,,,,,,,,,,,,,,,,,,,,,
14923623,2026-10-01 15:07:03,sim13,195870,,skip,adx_weak,,,,26.332288401253916,,,,,,,,,,,,,,,,,,,,,,,
14923623,2026-10-01 15:07:03,sim13,112610,,skip,theme_momentum_weak,,,,,,,,,,,,,,,,,,,,,,,,,,,
14923623,2026-10-01 15:07:03,sim13,35320K,,skip,theme_momentum_weak,,,,,,,,,,,,,,,,,,,,,,,,,,,
14923623,2026-10-01 15:07:03,sim13,109070,,skip,amount_not_surprised,,,,,,,,,,,,,,,,,,,,,,,,,,,
14923623,2026-10-01 15:07:03,sim13,001820,,skip,adx_weak,,,,38.26173826173826,,,,,,,,,,,,,,,,,,,,,,,
14923623,2026-10-01 15:07:03,sim13,007660,,skip,theme_momentum_weak,,,,,,,,,,,,,,,,,,,,,,,,,,,
14923623,2026-10-01 15:07:03,sim13,093050,,skip,theme_momentum_weak,,,,,,,,,,,,,,,,,,,,,,,,,,,
14923623,2026-10-01 15:07:03,sim13,317450,,skip,theme_momentum_weak,,,,,,,,,,,,,,,,,,,,,,,,,,,
14923623,2026-10-01 15:07:03,sim13,007810,,skip,adx_weak,,,,31.458333333333332,,,,,,,,,,,,,,,,,,,,,,,
14923623,2026-10-01 15:07:03,sim13,079550,,skip,theme_momentum_weak,,,,,,,,,,,,,,,,,,,,,,,,,,,
14923624,2026-10-01 15:09:02,sim13,084010,,skip,theme_momentum_weak,,,,,,,,,,,,,,,,,,,,,,,,,,,
14923624,2026-10-01 15:09:02,sim13,248070,,skip,theme_momentum_weak,,,,,,,,,,,,,,,,,,,,,,,,,,,
14923624,2026-10-01 15:09:02,sim13,192650,,skip,no_frgn_support,,,,,,,,,,,,,,,,,,,,,,,,,,,
14923624,2026-10-01 15:09:02,sim13,003160,,skip,no_frgn_support,,,,,,,,,,,,,,,,,,,,,,,,,,,
14923624,2026-10-01 15:09:02,sim13,353200,,skip,adx_weak,,,,28.26086956521739,,,,,,,,,,,,,,,,,,,,,,,
14923624,2026-10-01 15:09:02,sim13,001360,,skip,theme_momentum_weak,,,,,,,,,,,,,,,,,,,,,,,,,,,
14923624,2026-10-01 15:09:02,sim13,003350,,skip,theme_momentum_weak,,,,,,,,,,,,,,,,,,,,,,,,,,,
14923624,2026-10-01 15:09:02,sim13,005430,,skip,theme_momentum_weak,,,,,,,,,,,,,,,,,,,,,,,,,,,
14923624,2026-10-01 15:09:02,sim13,036570,,skip,theme_momentum_weak,,,,,,,,,,,,,,,,,,,,,,,,,,,
14923624,2026-10-01 15:09:02,sim13,023150,,skip,theme_momentum_weak,,,,,,,,,,,,,,,,,,,,,,,,,,,
14923624,2026-10-01 15:09:02,sim13,009420,,skip,theme_momentum_weak,,,,,,,,,,,,,,,,,,,,,,,,,,,
14923624,2026-10-01 15:09:02,sim13,004105,,skip,no_frgn_support,,,,,,,,,,,,,,,,,,,,,,,,,,,
14923624,2026-10-01 15:09:02,sim13,004710,,skip,no_frgn_support,,,,,,,,,,,,,,,,,,,,,,,,,,,
14923624,2026-10-01 15:09:02,sim13,012030,,skip,adx_weak,,,,35.77142857142857,,,,,,,,,,,,,,,,,,,,,,,
14923624,2026-10-01 15:09:02,sim13,069640,,skip,theme_momentum_weak,,,,,,,,,,,,,,,,,,,,,,,,,,,
14923624,2026-10-01 15:09:02,sim13,014680,,skip,no_frgn_support,,,,,,,,,,,,,,,,,,,,,,,,,,,
14923624,2026-10-01 15:09:02,sim13,055490,,skip,theme_momentum_weak,,,,,,,,,,,,,,,,,,,,,,,,,,,
14923624,2026-10-01 15:09:02,sim13,0126Z0,,skip,theme_momentum_weak,,,,,,,,,,,,,,,,,,,,,,,,,,,
14923624,2026-10-01 15:09:02,sim13,480370,,skip,adx_weak,,,,25.87601078167116,,,,,,,,,,,,,,,,,,,,,,,
14923624,2026-10-01 15:09:02,sim13,112610,,skip,theme_momentum_weak,,,,,,,,,,,,,,,,,,,,,,,,,,,
14923624,2026-10-01 15:09:02,sim13,195870,,skip,adx_weak,,,,26.332288401253916,,,,,,,,,,,,,,,,,,,,,,,
14923624,2026-10-01 15:09:02,sim13,35320K,,skip,theme_momentum_weak,,,,,,,,,,,,,,,,,,,,,,,,,,,
14923624,2026-10-01 15:09:02,sim13,001820,,skip,adx_weak,,,,38.26173826173826,,,,,,,,,,,,,,,,,,,,,,,
14923624,2026-10-01 15:09:02,sim13,109070,,skip,amount_not_surprised,,,,,,,,,,,,,,,,,,,,,,,,,,,
14923624,2026-10-01 15:09:02,sim13,011690,,skip,theme_momentum_weak,,,,,,,,,,,,,,,,,,,,,,,,,,,
14923624,2026-10-01 15:09:02,sim13,093050,,skip,theme_momentum_weak,,,,,,,,,,,,,,,,,,,,,,,,,,,
14923624,2026-10-01 15:09:02,sim13,007660,,skip,theme_momentum_weak,,,,,,,,,,,,,,,,,,,,,,,,,,,
14923624,2026-10-01 15:09:02,sim13,317450,,skip,theme_momentum_weak,,,,,,,,,,,,,,,,,,,,,,,,,,,
14923624,2026-10-01 15:09:02,sim13,011790,,skip,theme_momentum_weak,,,,,,,,,,,,,,,,,,,,,,,,,,,
14923624,2026-10-01 15:09:02,sim13,007810,,skip,adx_weak,,,,31.458333333333332,,,,,,,,,,,,,,,,,,,,,,,
14923624,2026-10-01 15:10:56,sim13,084010,,skip,theme_momentum_weak,,,,,,,,,,,,,,,,,,,,,,,,,,,
14923624,2026-10-01 15:10:56,sim13,248070,,skip,theme_momentum_weak,,,,,,,,,,,,,,,,,,,,,,,,,,,
14923624,2026-10-01 15:10:56,sim13,192650,,skip,no_frgn_support,,,,,,,,,,,,,,,,,,,,,,,,,,,
14923624,2026-10-01 15:10:56,sim13,353200,,skip,adx_weak,,,,28.26086956521739,,,,,,,,,,,,,,,,,,,,,,,
14923624,2026-10-01 15:10:56,sim13,003350,,skip,theme_momentum_weak,,,,,,,,,,,,,,,,,,,,,,,,,,,
14923624,2026-10-01 15:10:56,sim13,003160,,skip,no_frgn_support,,,,,,,,,,,,,,,,,,,,,,,,,,,
14923624,2026-10-01 15:10:56,sim13,001360,,skip,theme_momentum_weak,,,,,,,,,,,,,,,,,,,,,,,,,,,
14923624,2026-10-01 15:10:56,sim13,005430,,skip,theme_momentum_weak,,,,,,,,,,,,,,,,,,,,,,,,,,,
14923624,2026-10-01 15:10:56,sim13,036570,,skip,theme_momentum_weak,,,,,,,,,,,,,,,,,,,,,,,,,,,
14923624,2026-10-01 15:10:56,sim13,023150,,skip,theme_momentum_weak,,,,,,,,,,,,,,,,,,,,,,,,,,,
14923624,2026-10-01 15:10:56,sim13,009420,,skip,theme_momentum_weak,,,,,,,,,,,,,,,,,,,,,,,,,,,
14923624,2026-10-01 15:10:56,sim13,004105,,skip,no_frgn_support,,,,,,,,,,,,,,,,,,,,,,,,,,,
14923624,2026-10-01 15:10:56,sim13,069640,,skip,theme_momentum_weak,,,,,,,,,,,,,,,,,,,,,,,,,,,
14923624,2026-10-01 15:10:56,sim13,004710,,skip,no_frgn_support,,,,,,,,,,,,,,,,,,,,,,,,,,,
14923624,2026-10-01 15:10:56,sim13,012030,,skip,adx_weak,,,,35.77142857142857,,,,,,,,,,,,,,,,,,,,,,,
14923624,2026-10-01 15:10:56,sim13,055490,,skip,theme_momentum_weak,,,,,,,,,,,,,,,,,,,,,,,,,,,
14923624,2026-10-01 15:10:56,sim13,014680,,skip,no_frgn_support,,,,,,,,,,,,,,,,,,,,,,,,,,,
14923624,2026-10-01 15:10:56,sim13,0126Z0,,skip,theme_momentum_weak,,,,,,,,,,,,,,,,,,,,,,,,,,,
14923624,2026-10-01 15:10:56,sim13,112610,,skip,theme_momentum_weak,,,,,,,,,,,,,,,,,,,,,,,,,,,
14923624,2026-10-01 15:10:56,sim13,195870,,skip,adx_weak,,,,26.332288401253916,,,,,,,,,,,,,,,,,,,,,,,
14923624,2026-10-01 15:10:56,sim13,480370,,skip,adx_weak,,,,25.87601078167116,,,,,,,,,,,,,,,,,,,,,,,
14923624,2026-10-01 15:10:56,sim13,109070,,skip,amount_not_surprised,,,,,,,,,,,,,,,,,,,,,,,,,,,
14923624,2026-10-01 15:10:56,sim13,001820,,skip,adx_weak,,,,38.26173826173826,,,,,,,,,,,,,,,,,,,,,,,
14923624,2026-10-01 15:10:56,sim13,011690,,skip,theme_momentum_weak,,,,,,,,,,,,,,,,,,,,,,,,,,,
14923624,2026-10-01 15:10:56,sim13,35320K,,skip,theme_momentum_weak,,,,,,,,,,,,,,,,,,,,,,,,,,,
14923624,2026-10-01 15:10:56,sim13,093050,,skip,theme_momentum_weak,,,,,,,,,,,,,,,,,,,,,,,,,,,
14923624,2026-10-01 15:10:56,sim13,317450,,skip,theme_momentum_weak,,,,,,,,,,,,,,,,,,,,,,,,,,,
14923624,2026-10-01 15:10:56,sim13,007660,,skip,theme_momentum_weak,,,,,,,,,,,,,,,,,,,,,,,,,,,
14923624,2026-10-01 15:10:56,sim13,007810,,skip,adx_weak,,,,31.458333333333332,,,,,,,,,,,,,,,,,,,,,,,
14923624,2026-10-01 15:10:56,sim13,079550,,skip,theme_momentum_weak,,,,,,,,,,,,,,,,,,,,,,,,,,,
14923626,2026-10-01 15:13:07,sim13,084010,,skip,theme_momentum_weak,,,,,,,,,,,,,,,,,,,,,,,,,,,
14923626,2026-10-01 15:13:07,sim13,248070,,skip,theme_momentum_weak,,,,,,,,,,,,,,,,,,,,,,,,,,,
14923626,2026-10-01 15:13:07,sim13,192650,,skip,no_frgn_support,,,,,,,,,,,,,,,,,,,,,,,,,,,
14923626,2026-10-01 15:13:07,sim13,353200,,skip,adx_weak,,,,28.26086956521739,,,,,,,,,,,,,,,,,,,,,,,
14923626,2026-10-01 15:13:07,sim13,003160,,skip,no_frgn_support,,,,,,,,,,,,,,,,,,,,,,,,,,,
14923626,2026-10-01 15:13:07,sim13,003350,,skip,theme_momentum_weak,,,,,,,,,,,,,,,,,,,,,,,,,,,
14923626,2026-10-01 15:13:07,sim13,001360,,skip,theme_momentum_weak,,,,,,,,,,,,,,,,,,,,,,,,,,,
14923626,2026-10-01 15:13:07,sim13,005430,,skip,theme_momentum_weak,,,,,,,,,,,,,,,,,,,,,,,,,,,
14923626,2026-10-01 15:13:07,sim13,009420,,skip,theme_momentum_weak,,,,,,,,,,,,,,,,,,,,,,,,,,,
14923626,2026-10-01 15:13:07,sim13,036570,,skip,theme_momentum_weak,,,,,,,,,,,,,,,,,,,,,,,,,,,
14923626,2026-10-01 15:13:07,sim13,023150,,skip,theme_momentum_weak,,,,,,,,,,,,,,,,,,,,,,,,,,,
14923626,2026-10-01 15:13:07,sim13,069640,,skip,theme_momentum_weak,,,,,,,,,,,,,,,,,,,,,,,,,,,
14923626,2026-10-01 15:13:07,sim13,004710,,skip,no_frgn_support,,,,,,,,,,,,,,,,,,,,,,,,,,,
14923626,2026-10-01 15:13:07,sim13,012030,,skip,adx_weak,,,,35.77142857142857,,,,,,,,,,,,,,,,,,,,,,,
14923626,2026-10-01 15:13:07,sim13,055490,,skip,theme_momentum_weak,,,,,,,,,,,,,,,,,,,,,,,,,,,
14923626,2026-10-01 15:13:07,sim13,109070,,skip,amount_not_surprised,,,,,,,,,,,,,,,,,,,,,,,,,,,
14923626,2026-10-01 15:13:07,sim13,014680,,skip,no_frgn_support,,,,,,,,,,,,,,,,,,,,,,,,,,,
14923626,2026-10-01 15:13:07,sim13,0126Z0,,skip,theme_momentum_weak,,,,,,,,,,,,,,,,,,,,,,,,,,,
14923626,2026-10-01 15:13:07,sim13,004105,,skip,no_frgn_support,,,,,,,,,,,,,,,,,,,,,,,,,,,
14923626,2026-10-01 15:13:07,sim13,112610,,skip,theme_momentum_weak,,,,,,,,,,,,,,,,,,,,,,,,,,,
14923626,2026-10-01 15:13:07,sim13,002360,,skip,amount_not_surprised,,,,,,,,,,,,,,,,,,,,,,,,,,,
14923626,2026-10-01 15:13:07,sim13,011690,,skip,theme_momentum_weak,,,,,,,,,,,,,,,,,,,,,,,,,,,
14923626,2026-10-01 15:13:07,sim13,480370,,skip,adx_weak,,,,25.87601078167116,,,,,,,,,,,,,,,,,,,,,,,
14923626,2026-10-01 15:13:07,sim13,195870,,skip,adx_weak,,,,26.332288401253916,,,,,,,,,,,,,,,,,,,,,,,
14923626,2026-10-01 15:13:07,sim13,001820,,skip,adx_weak,,,,38.26173826173826,,,,,,,,,,,,,,,,,,,,,,,
14923626,2026-10-01 15:13:07,sim13,35320K,,skip,theme_momentum_weak,,,,,,,,,,,,,,,,,,,,,,,,,,,
14923626,2026-10-01 15:13:07,sim13,093050,,skip,theme_momentum_weak,,,,,,,,,,,,,,,,,,,,,,,,,,,
14923626,2026-10-01 15:13:07,sim13,007660,,skip,theme_momentum_weak,,,,,,,,,,,,,,,,,,,,,,,,,,,
14923626,2026-10-01 15:13:07,sim13,317450,,skip,theme_momentum_weak,,,,,,,,,,,,,,,,,,,,,,,,,,,
14923626,2026-10-01 15:13:07,sim13,007810,,skip,adx_weak,,,,31.458333333333332,,,,,,,,,,,,,,,,,,,,,,,
14923627,2026-10-01 15:15:13,sim13,084010,,skip,theme_momentum_weak,,,,,,,,,,,,,,,,,,,,,,,,,,,
14923627,2026-10-01 15:15:13,sim13,248070,,skip,theme_momentum_weak,,,,,,,,,,,,,,,,,,,,,,,,,,,
14923627,2026-10-01 15:15:13,sim13,192650,,skip,no_frgn_support,,,,,,,,,,,,,,,,,,,,,,,,,,,
14923627,2026-10-01 15:15:13,sim13,353200,,skip,adx_weak,,,,28.26086956521739,,,,,,,,,,,,,,,,,,,,,,,
14923627,2026-10-01 15:15:13,sim13,003160,,skip,no_frgn_support,,,,,,,,,,,,,,,,,,,,,,,,,,,
14923627,2026-10-01 15:15:13,sim13,003350,,skip,theme_momentum_weak,,,,,,,,,,,,,,,,,,,,,,,,,,,
14923627,2026-10-01 15:15:13,sim13,001360,,skip,theme_momentum_weak,,,,,,,,,,,,,,,,,,,,,,,,,,,
14923627,2026-10-01 15:15:13,sim13,005430,,skip,theme_momentum_weak,,,,,,,,,,,,,,,,,,,,,,,,,,,
14923627,2026-10-01 15:15:13,sim13,009420,,skip,theme_momentum_weak,,,,,,,,,,,,,,,,,,,,,,,,,,,
14923627,2026-10-01 15:15:13,sim13,036570,,skip,theme_momentum_weak,,,,,,,,,,,,,,,,,,,,,,,,,,,
14923627,2026-10-01 15:15:13,sim13,069640,,skip,theme_momentum_weak,,,,,,,,,,,,,,,,,,,,,,,,,,,
14923627,2026-10-01 15:15:13,sim13,004105,,skip,no_frgn_support,,,,,,,,,,,,,,,,,,,,,,,,,,,
14923627,2026-10-01 15:15:13,sim13,004710,,skip,no_frgn_support,,,,,,,,,,,,,,,,,,,,,,,,,,,
14923627,2026-10-01 15:15:13,sim13,023150,,skip,theme_momentum_weak,,,,,,,,,,,,,,,,,,,,,,,,,,,
14923627,2026-10-01 15:15:13,sim13,014680,,skip,no_frgn_support,,,,,,,,,,,,,,,,,,,,,,,,,,,
14923627,2026-10-01 15:15:13,sim13,055490,,skip,theme_momentum_weak,,,,,,,,,,,,,,,,,,,,,,,,,,,
14923627,2026-10-01 15:15:13,sim13,012030,,skip,adx_weak,,,,35.77142857142857,,,,,,,,,,,,,,,,,,,,,,,
14923627,2026-10-01 15:15:13,sim13,0126Z0,,skip,theme_momentum_weak,,,,,,,,,,,,,,,,,,,,,,,,,,,
14923627,2026-10-01 15:15:13,sim13,109070,,skip,amount_not_surprised,,,,,,,,,,,,,,,,,,,,,,,,,,,
14923627,2026-10-01 15:15:13,sim13,480370,,skip,adx_weak,,,,25.87601078167116,,,,,,,,,,,,,,,,,,,,,,,
14923627,2026-10-01 15:15:13,sim13,002360,,skip,amount_not_surprised,,,,,,,,,,,,,,,,,,,,,,,,,,,
14923627,2026-10-01 15:15:13,sim13,112610,,skip,theme_momentum_weak,,,,,,,,,,,,,,,,,,,,,,,,,,,
14923627,2026-10-01 15:15:13,sim13,195870,,skip,adx_weak,,,,26.332288401253916,,,,,,,,,,,,,,,,,,,,,,,
14923627,2026-10-01 15:15:13,sim13,35320K,,skip,theme_momentum_weak,,,,,,,,,,,,,,,,,,,,,,,,,,,
14923627,2026-10-01 15:15:13,sim13,001820,,skip,adx_weak,,,,38.26173826173826,,,,,,,,,,,,,,,,,,,,,,,
14923627,2026-10-01 15:15:13,sim13,011690,,skip,theme_momentum_weak,,,,,,,,,,,,,,,,,,,,,,,,,,,
14923627,2026-10-01 15:15:13,sim13,007660,,skip,theme_momentum_weak,,,,,,,,,,,,,,,,,,,,,,,,,,,
14923627,2026-10-01 15:15:13,sim13,317450,,skip,theme_momentum_weak,,,,,,,,,,,,,,,,,,,,,,,,,,,
14923627,2026-10-01 15:15:13,sim13,093050,,skip,theme_momentum_weak,,,,,,,,,,,,,,,,,,,,,,,,,,,
14923627,2026-10-01 15:15:13,sim13,011790,,skip,theme_momentum_weak,,,,,,,,,,,,,,,,,,,,,,,,,,,
14923628,2026-10-01 15:17:11,sim13,084010,,skip,theme_momentum_weak,,,,,,,,,,,,,,,,,,,,,,,,,,,
14923628,2026-10-01 15:17:11,sim13,248070,,skip,theme_momentum_weak,,,,,,,,,,,,,,,,,,,,,,,,,,,
14923628,2026-10-01 15:17:11,sim13,192650,,skip,no_frgn_support,,,,,,,,,,,,,,,,,,,,,,,,,,,
14923628,2026-10-01 15:17:11,sim13,353200,,skip,adx_weak,,,,28.26086956521739,,,,,,,,,,,,,,,,,,,,,,,
14923628,2026-10-01 15:17:11,sim13,003160,,skip,no_frgn_support,,,,,,,,,,,,,,,,,,,,,,,,,,,
14923628,2026-10-01 15:17:11,sim13,003350,,skip,theme_momentum_weak,,,,,,,,,,,,,,,,,,,,,,,,,,,
14923628,2026-10-01 15:17:11,sim13,001360,,skip,theme_momentum_weak,,,,,,,,,,,,,,,,,,,,,,,,,,,
14923628,2026-10-01 15:17:11,sim13,005430,,skip,theme_momentum_weak,,,,,,,,,,,,,,,,,,,,,,,,,,,
14923628,2026-10-01 15:17:11,sim13,036570,,skip,theme_momentum_weak,,,,,,,,,,,,,,,,,,,,,,,,,,,
14923628,2026-10-01 15:17:11,sim13,009420,,skip,theme_momentum_weak,,,,,,,,,,,,,,,,,,,,,,,,,,,
14923628,2026-10-01 15:17:11,sim13,023150,,skip,theme_momentum_weak,,,,,,,,,,,,,,,,,,,,,,,,,,,
14923628,2026-10-01 15:17:11,sim13,069640,,skip,theme_momentum_weak,,,,,,,,,,,,,,,,,,,,,,,,,,,
14923628,2026-10-01 15:17:11,sim13,004710,,skip,no_frgn_support,,,,,,,,,,,,,,,,,,,,,,,,,,,
14923628,2026-10-01 15:17:11,sim13,014680,,skip,no_frgn_support,,,,,,,,,,,,,,,,,,,,,,,,,,,
14923628,2026-10-01 15:17:11,sim13,012030,,skip,adx_weak,,,,35.77142857142857,,,,,,,,,,,,,,,,,,,,,,,
14923628,2026-10-01 15:17:11,sim13,109070,,skip,amount_not_surprised,,,,,,,,,,,,,,,,,,,,,,,,,,,
14923628,2026-10-01 15:17:11,sim13,480370,,skip,adx_weak,,,,25.87601078167116,,,,,,,,,,,,,,,,,,,,,,,
14923628,2026-10-01 15:17:11,sim13,112610,,skip,theme_momentum_weak,,,,,,,,,,,,,,,,,,,,,,,,,,,
14923628,2026-10-01 15:17:11,sim13,002360,,skip,amount_not_surprised,,,,,,,,,,,,,,,,,,,,,,,,,,,
14923628,2026-10-01 15:17:11,sim13,0126Z0,,skip,theme_momentum_weak,,,,,,,,,,,,,,,,,,,,,,,,,,,
14923628,2026-10-01 15:17:11,sim13,055490,,skip,theme_momentum_weak,,,,,,,,,,,,,,,,,,,,,,,,,,,
14923628,2026-10-01 15:17:11,sim13,004105,,skip,no_frgn_support,,,,,,,,,,,,,,,,,,,,,,,,,,,
14923628,2026-10-01 15:17:11,sim13,195870,,skip,adx_weak,,,,26.332288401253916,,,,,,,,,,,,,,,,,,,,,,,
14923628,2026-10-01 15:17:11,sim13,35320K,,skip,theme_momentum_weak,,,,,,,,,,,,,,,,,,,,,,,,,,,
14923628,2026-10-01 15:17:11,sim13,007660,,skip,theme_momentum_weak,,,,,,,,,,,,,,,,,,,,,,,,,,,
14923628,2026-10-01 15:17:11,sim13,011690,,skip,theme_momentum_weak,,,,,,,,,,,,,,,,,,,,,,,,,,,
14923628,2026-10-01 15:17:11,sim13,317450,,skip,theme_momentum_weak,,,,,,,,,,,,,,,,,,,,,,,,,,,
14923628,2026-10-01 15:17:11,sim13,093050,,skip,theme_momentum_weak,,,,,,,,,,,,,,,,,,,,,,,,,,,
14923628,2026-10-01 15:17:11,sim13,005850,,skip,theme_momentum_weak,,,,,,,,,,,,,,,,,,,,,,,,,,,
14923628,2026-10-01 15:17:11,sim13,077500,,skip,held_or_cooldown,,,,,,,,,,,,,,,,,,,,,,,,,,,
14923629,2026-10-01 15:19:11,sim13,084010,,skip,theme_momentum_weak,,,,,,,,,,,,,,,,,,,,,,,,,,,
14923629,2026-10-01 15:19:11,sim13,248070,,skip,theme_momentum_weak,,,,,,,,,,,,,,,,,,,,,,,,,,,
14923629,2026-10-01 15:19:11,sim13,192650,,skip,no_frgn_support,,,,,,,,,,,,,,,,,,,,,,,,,,,
14923629,2026-10-01 15:19:11,sim13,003160,,skip,no_frgn_support,,,,,,,,,,,,,,,,,,,,,,,,,,,
14923629,2026-10-01 15:19:11,sim13,353200,,skip,adx_weak,,,,28.26086956521739,,,,,,,,,,,,,,,,,,,,,,,
14923629,2026-10-01 15:19:11,sim13,003350,,skip,theme_momentum_weak,,,,,,,,,,,,,,,,,,,,,,,,,,,
14923629,2026-10-01 15:19:11,sim13,001360,,skip,theme_momentum_weak,,,,,,,,,,,,,,,,,,,,,,,,,,,
14923629,2026-10-01 15:19:11,sim13,005430,,skip,theme_momentum_weak,,,,,,,,,,,,,,,,,,,,,,,,,,,
14923629,2026-10-01 15:19:11,sim13,009420,,skip,theme_momentum_weak,,,,,,,,,,,,,,,,,,,,,,,,,,,
14923629,2026-10-01 15:19:11,sim13,023150,,skip,theme_momentum_weak,,,,,,,,,,,,,,,,,,,,,,,,,,,
14923629,2026-10-01 15:19:11,sim13,036570,,skip,theme_momentum_weak,,,,,,,,,,,,,,,,,,,,,,,,,,,
14923629,2026-10-01 15:19:11,sim13,069640,,skip,theme_momentum_weak,,,,,,,,,,,,,,,,,,,,,,,,,,,
14923629,2026-10-01 15:19:11,sim13,004710,,skip,no_frgn_support,,,,,,,,,,,,,,,,,,,,,,,,,,,
14923629,2026-10-01 15:19:11,sim13,014680,,skip,no_frgn_support,,,,,,,,,,,,,,,,,,,,,,,,,,,
14923629,2026-10-01 15:19:11,sim13,055490,,skip,theme_momentum_weak,,,,,,,,,,,,,,,,,,,,,,,,,,,
14923629,2026-10-01 15:19:11,sim13,012030,,skip,adx_weak,,,,35.77142857142857,,,,,,,,,,,,,,,,,,,,,,,
14923629,2026-10-01 15:19:11,sim13,0126Z0,,skip,theme_momentum_weak,,,,,,,,,,,,,,,,,,,,,,,,,,,
14923629,2026-10-01 15:19:11,sim13,112610,,skip,theme_momentum_weak,,,,,,,,,,,,,,,,,,,,,,,,,,,
14923629,2026-10-01 15:19:11,sim13,109070,,skip,amount_not_surprised,,,,,,,,,,,,,,,,,,,,,,,,,,,
14923629,2026-10-01 15:19:11,sim13,480370,,skip,adx_weak,,,,25.87601078167116,,,,,,,,,,,,,,,,,,,,,,,
14923629,2026-10-01 15:19:11,sim13,195870,,skip,adx_weak,,,,26.332288401253916,,,,,,,,,,,,,,,,,,,,,,,
14923629,2026-10-01 15:19:11,sim13,007660,,skip,theme_momentum_weak,,,,,,,,,,,,,,,,,,,,,,,,,,,
14923629,2026-10-01 15:19:11,sim13,004105,,skip,no_frgn_support,,,,,,,,,,,,,,,,,,,,,,,,,,,
14923629,2026-10-01 15:19:11,sim13,002360,,skip,amount_not_surprised,,,,,,,,,,,,,,,,,,,,,,,,,,,
14923629,2026-10-01 15:19:11,sim13,093050,,skip,theme_momentum_weak,,,,,,,,,,,,,,,,,,,,,,,,,,,
14923629,2026-10-01 15:19:11,sim13,35320K,,skip,theme_momentum_weak,,,,,,,,,,,,,,,,,,,,,,,,,,,
14923629,2026-10-01 15:19:11,sim13,317450,,skip,theme_momentum_weak,,,,,,,,,,,,,,,,,,,,,,,,,,,
14923629,2026-10-01 15:19:11,sim13,011690,,skip,theme_momentum_weak,,,,,,,,,,,,,,,,,,,,,,,,,,,
14923629,2026-10-01 15:19:11,sim13,001820,,skip,adx_weak,,,,38.26173826173826,,,,,,,,,,,,,,,,,,,,,,,
14923629,2026-10-01 15:19:11,sim13,007810,,skip,adx_weak,,,,31.458333333333332,,,,,,,,,,,,,,,,,,,,,,,
14923630,2026-10-01 15:21:09,sim13,084010,,skip,theme_momentum_weak,,,,,,,,,,,,,,,,,,,,,,,,,,,
14923630,2026-10-01 15:21:09,sim13,248070,,skip,theme_momentum_weak,,,,,,,,,,,,,,,,,,,,,,,,,,,
14923630,2026-10-01 15:21:09,sim13,192650,,skip,no_frgn_support,,,,,,,,,,,,,,,,,,,,,,,,,,,
14923630,2026-10-01 15:21:09,sim13,353200,,skip,adx_weak,,,,28.26086956521739,,,,,,,,,,,,,,,,,,,,,,,
14923630,2026-10-01 15:21:09,sim13,003160,,skip,no_frgn_support,,,,,,,,,,,,,,,,,,,,,,,,,,,
14923630,2026-10-01 15:21:09,sim13,001360,,skip,theme_momentum_weak,,,,,,,,,,,,,,,,,,,,,,,,,,,
14923630,2026-10-01 15:21:09,sim13,003350,,skip,theme_momentum_weak,,,,,,,,,,,,,,,,,,,,,,,,,,,
14923630,2026-10-01 15:21:09,sim13,005430,,skip,theme_momentum_weak,,,,,,,,,,,,,,,,,,,,,,,,,,,
14923630,2026-10-01 15:21:09,sim13,009420,,skip,theme_momentum_weak,,,,,,,,,,,,,,,,,,,,,,,,,,,
14923630,2026-10-01 15:21:09,sim13,036570,,skip,theme_momentum_weak,,,,,,,,,,,,,,,,,,,,,,,,,,,
14923630,2026-10-01 15:21:09,sim13,023150,,skip,theme_momentum_weak,,,,,,,,,,,,,,,,,,,,,,,,,,,
14923630,2026-10-01 15:21:09,sim13,069640,,skip,theme_momentum_weak,,,,,,,,,,,,,,,,,,,,,,,,,,,
14923630,2026-10-01 15:21:09,sim13,014680,,skip,no_frgn_support,,,,,,,,,,,,,,,,,,,,,,,,,,,
14923630,2026-10-01 15:21:09,sim13,012030,,skip,adx_weak,,,,35.77142857142857,,,,,,,,,,,,,,,,,,,,,,,
14923630,2026-10-01 15:21:09,sim13,055490,,skip,theme_momentum_weak,,,,,,,,,,,,,,,,,,,,,,,,,,,
14923630,2026-10-01 15:21:09,sim13,480370,,skip,adx_weak,,,,25.87601078167116,,,,,,,,,,,,,,,,,,,,,,,
14923630,2026-10-01 15:21:09,sim13,109070,,skip,amount_not_surprised,,,,,,,,,,,,,,,,,,,,,,,,,,,
14923630,2026-10-01 15:21:09,sim13,0126Z0,,skip,theme_momentum_weak,,,,,,,,,,,,,,,,,,,,,,,,,,,
14923630,2026-10-01 15:21:09,sim13,004710,,skip,no_frgn_support,,,,,,,,,,,,,,,,,,,,,,,,,,,
14923630,2026-10-01 15:21:09,sim13,195870,,skip,adx_weak,,,,26.332288401253916,,,,,,,,,,,,,,,,,,,,,,,
14923630,2026-10-01 15:21:09,sim13,004105,,skip,no_frgn_support,,,,,,,,,,,,,,,,,,,,,,,,,,,
14923630,2026-10-01 15:21:09,sim13,093050,,skip,theme_momentum_weak,,,,,,,,,,,,,,,,,,,,,,,,,,,
14923630,2026-10-01 15:21:09,sim13,007660,,skip,theme_momentum_weak,,,,,,,,,,,,,,,,,,,,,,,,,,,
14923630,2026-10-01 15:21:09,sim13,112610,,skip,theme_momentum_weak,,,,,,,,,,,,,,,,,,,,,,,,,,,
14923630,2026-10-01 15:21:09,sim13,011690,,skip,theme_momentum_weak,,,,,,,,,,,,,,,,,,,,,,,,,,,
14923630,2026-10-01 15:21:09,sim13,35320K,,skip,theme_momentum_weak,,,,,,,,,,,,,,,,,,,,,,,,,,,
14923630,2026-10-01 15:21:09,sim13,002360,,skip,amount_not_surprised,,,,,,,,,,,,,,,,,,,,,,,,,,,
14923630,2026-10-01 15:21:09,sim13,317450,,skip,theme_momentum_weak,,,,,,,,,,,,,,,,,,,,,,,,,,,
14923630,2026-10-01 15:21:09,sim13,001820,,skip,adx_weak,,,,38.26173826173826,,,,,,,,,,,,,,,,,,,,,,,
14923630,2026-10-01 15:21:09,sim13,077500,,skip,held_or_cooldown,,,,,,,,,,,,,,,,,,,,,,,,,,,
14923631,2026-10-01 15:23:05,sim13,084010,,skip,theme_momentum_weak,,,,,,,,,,,,,,,,,,,,,,,,,,,
14923631,2026-10-01 15:23:05,sim13,248070,,skip,theme_momentum_weak,,,,,,,,,,,,,,,,,,,,,,,,,,,
14923631,2026-10-01 15:23:05,sim13,192650,,skip,no_frgn_support,,,,,,,,,,,,,,,,,,,,,,,,,,,
14923631,2026-10-01 15:23:05,sim13,353200,,skip,adx_weak,,,,28.26086956521739,,,,,,,,,,,,,,,,,,,,,,,
14923631,2026-10-01 15:23:05,sim13,003160,,skip,no_frgn_support,,,,,,,,,,,,,,,,,,,,,,,,,,,
14923631,2026-10-01 15:23:05,sim13,001360,,skip,theme_momentum_weak,,,,,,,,,,,,,,,,,,,,,,,,,,,
14923631,2026-10-01 15:23:05,sim13,003350,,skip,theme_momentum_weak,,,,,,,,,,,,,,,,,,,,,,,,,,,
14923631,2026-10-01 15:23:05,sim13,005430,,skip,theme_momentum_weak,,,,,,,,,,,,,,,,,,,,,,,,,,,
14923631,2026-10-01 15:23:05,sim13,009420,,skip,theme_momentum_weak,,,,,,,,,,,,,,,,,,,,,,,,,,,
14923631,2026-10-01 15:23:05,sim13,036570,,skip,theme_momentum_weak,,,,,,,,,,,,,,,,,,,,,,,,,,,
14923631,2026-10-01 15:23:05,sim13,023150,,skip,theme_momentum_weak,,,,,,,,,,,,,,,,,,,,,,,,,,,
14923631,2026-10-01 15:23:05,sim13,069640,,skip,theme_momentum_weak,,,,,,,,,,,,,,,,,,,,,,,,,,,
14923631,2026-10-01 15:23:05,sim13,014680,,skip,no_frgn_support,,,,,,,,,,,,,,,,,,,,,,,,,,,
14923631,2026-10-01 15:23:05,sim13,012030,,skip,adx_weak,,,,35.77142857142857,,,,,,,,,,,,,,,,,,,,,,,
14923631,2026-10-01 15:23:05,sim13,055490,,skip,theme_momentum_weak,,,,,,,,,,,,,,,,,,,,,,,,,,,
14923631,2026-10-01 15:23:05,sim13,480370,,skip,adx_weak,,,,25.87601078167116,,,,,,,,,,,,,,,,,,,,,,,
14923631,2026-10-01 15:23:05,sim13,109070,,skip,amount_not_surprised,,,,,,,,,,,,,,,,,,,,,,,,,,,
14923631,2026-10-01 15:23:05,sim13,0126Z0,,skip,theme_momentum_weak,,,,,,,,,,,,,,,,,,,,,,,,,,,
14923631,2026-10-01 15:23:05,sim13,004710,,skip,no_frgn_support,,,,,,,,,,,,,,,,,,,,,,,,,,,
14923631,2026-10-01 15:23:05,sim13,195870,,skip,adx_weak,,,,26.332288401253916,,,,,,,,,,,,,,,,,,,,,,,
14923631,2026-10-01 15:23:05,sim13,004105,,skip,no_frgn_support,,,,,,,,,,,,,,,,,,,,,,,,,,,
14923631,2026-10-01 15:23:05,sim13,093050,,skip,theme_momentum_weak,,,,,,,,,,,,,,,,,,,,,,,,,,,
14923631,2026-10-01 15:23:05,sim13,007660,,skip,theme_momentum_weak,,,,,,,,,,,,,,,,,,,,,,,,,,,
14923631,2026-10-01 15:23:05,sim13,112610,,skip,theme_momentum_weak,,,,,,,,,,,,,,,,,,,,,,,,,,,
14923631,2026-10-01 15:23:05,sim13,011690,,skip,theme_momentum_weak,,,,,,,,,,,,,,,,,,,,,,,,,,,
14923631,2026-10-01 15:23:05,sim13,35320K,,skip,theme_momentum_weak,,,,,,,,,,,,,,,,,,,,,,,,,,,
14923631,2026-10-01 15:23:05,sim13,002360,,skip,amount_not_surprised,,,,,,,,,,,,,,,,,,,,,,,,,,,
14923631,2026-10-01 15:23:05,sim13,317450,,skip,theme_momentum_weak,,,,,,,,,,,,,,,,,,,,,,,,,,,
14923631,2026-10-01 15:23:05,sim13,001820,,skip,adx_weak,,,,38.26173826173826,,,,,,,,,,,,,,,,,,,,,,,
14923631,2026-10-01 15:23:05,sim13,077500,,skip,held_or_cooldown,,,,,,,,,,,,,,,,,,,,,,,,,,,
14923632,2026-10-01 15:25:24,sim13,084010,,skip,theme_momentum_weak,,,,,,,,,,,,,,,,,,,,,,,,,,,
14923632,2026-10-01 15:25:24,sim13,248070,,skip,theme_momentum_weak,,,,,,,,,,,,,,,,,,,,,,,,,,,
14923632,2026-10-01 15:25:24,sim13,192650,,skip,no_frgn_support,,,,,,,,,,,,,,,,,,,,,,,,,,,
14923632,2026-10-01 15:25:24,sim13,353200,,skip,adx_weak,,,,28.26086956521739,,,,,,,,,,,,,,,,,,,,,,,
14923632,2026-10-01 15:25:24,sim13,003160,,skip,no_frgn_support,,,,,,,,,,,,,,,,,,,,,,,,,,,
14923632,2026-10-01 15:25:24,sim13,001360,,skip,theme_momentum_weak,,,,,,,,,,,,,,,,,,,,,,,,,,,
14923632,2026-10-01 15:25:24,sim13,003350,,skip,theme_momentum_weak,,,,,,,,,,,,,,,,,,,,,,,,,,,
14923632,2026-10-01 15:25:24,sim13,005430,,skip,theme_momentum_weak,,,,,,,,,,,,,,,,,,,,,,,,,,,
14923632,2026-10-01 15:25:24,sim13,009420,,skip,theme_momentum_weak,,,,,,,,,,,,,,,,,,,,,,,,,,,
14923632,2026-10-01 15:25:24,sim13,036570,,skip,theme_momentum_weak,,,,,,,,,,,,,,,,,,,,,,,,,,,
14923632,2026-10-01 15:25:24,sim13,023150,,skip,theme_momentum_weak,,,,,,,,,,,,,,,,,,,,,,,,,,,
14923632,2026-10-01 15:25:24,sim13,069640,,skip,theme_momentum_weak,,,,,,,,,,,,,,,,,,,,,,,,,,,
14923632,2026-10-01 15:25:24,sim13,014680,,skip,no_frgn_support,,,,,,,,,,,,,,,,,,,,,,,,,,,
14923632,2026-10-01 15:25:24,sim13,012030,,skip,adx_weak,,,,35.77142857142857,,,,,,,,,,,,,,,,,,,,,,,
14923632,2026-10-01 15:25:24,sim13,055490,,skip,theme_momentum_weak,,,,,,,,,,,,,,,,,,,,,,,,,,,
14923632,2026-10-01 15:25:24,sim13,480370,,skip,adx_weak,,,,25.87601078167116,,,,,,,,,,,,,,,,,,,,,,,
14923632,2026-10-01 15:25:24,sim13,109070,,skip,amount_not_surprised,,,,,,,,,,,,,,,,,,,,,,,,,,,
14923632,2026-10-01 15:25:24,sim13,0126Z0,,skip,theme_momentum_weak,,,,,,,,,,,,,,,,,,,,,,,,,,,
14923632,2026-10-01 15:25:24,sim13,004710,,skip,no_frgn_support,,,,,,,,,,,,,,,,,,,,,,,,,,,
14923632,2026-10-01 15:25:24,sim13,195870,,skip,adx_weak,,,,26.332288401253916,,,,,,,,,,,,,,,,,,,,,,,
14923632,2026-10-01 15:25:24,sim13,004105,,skip,no_frgn_support,,,,,,,,,,,,,,,,,,,,,,,,,,,
14923632,2026-10-01 15:25:24,sim13,093050,,skip,theme_momentum_weak,,,,,,,,,,,,,,,,,,,,,,,,,,,
14923632,2026-10-01 15:25:24,sim13,007660,,skip,theme_momentum_weak,,,,,,,,,,,,,,,,,,,,,,,,,,,
14923632,2026-10-01 15:25:24,sim13,112610,,skip,theme_momentum_weak,,,,,,,,,,,,,,,,,,,,,,,,,,,
14923632,2026-10-01 15:25:24,sim13,011690,,skip,theme_momentum_weak,,,,,,,,,,,,,,,,,,,,,,,,,,,
14923632,2026-10-01 15:25:24,sim13,35320K,,skip,theme_momentum_weak,,,,,,,,,,,,,,,,,,,,,,,,,,,
14923632,2026-10-01 15:25:24,sim13,002360,,skip,amount_not_surprised,,,,,,,,,,,,,,,,,,,,,,,,,,,
14923632,2026-10-01 15:25:24,sim13,317450,,skip,theme_momentum_weak,,,,,,,,,,,,,,,,,,,,,,,,,,,
14923632,2026-10-01 15:25:24,sim13,001820,,skip,adx_weak,,,,38.26173826173826,,,,,,,,,,,,,,,,,,,,,,,
14923632,2026-10-01 15:25:24,sim13,077500,,skip,held_or_cooldown,,,,,,,,,,,,,,,,,,,,,,,,,,,
14923633,2026-10-01 15:27:23,sim13,084010,,skip,theme_momentum_weak,,,,,,,,,,,,,,,,,,,,,,,,,,,
14923633,2026-10-01 15:27:23,sim13,248070,,skip,theme_momentum_weak,,,,,,,,,,,,,,,,,,,,,,,,,,,
14923633,2026-10-01 15:27:23,sim13,192650,,skip,no_frgn_support,,,,,,,,,,,,,,,,,,,,,,,,,,,
14923633,2026-10-01 15:27:23,sim13,353200,,skip,adx_weak,,,,28.26086956521739,,,,,,,,,,,,,,,,,,,,,,,
14923633,2026-10-01 15:27:23,sim13,003160,,skip,no_frgn_support,,,,,,,,,,,,,,,,,,,,,,,,,,,
14923633,2026-10-01 15:27:23,sim13,001360,,skip,theme_momentum_weak,,,,,,,,,,,,,,,,,,,,,,,,,,,
14923633,2026-10-01 15:27:23,sim13,003350,,skip,theme_momentum_weak,,,,,,,,,,,,,,,,,,,,,,,,,,,
14923633,2026-10-01 15:27:23,sim13,005430,,skip,theme_momentum_weak,,,,,,,,,,,,,,,,,,,,,,,,,,,
14923633,2026-10-01 15:27:23,sim13,009420,,skip,theme_momentum_weak,,,,,,,,,,,,,,,,,,,,,,,,,,,
14923633,2026-10-01 15:27:23,sim13,036570,,skip,theme_momentum_weak,,,,,,,,,,,,,,,,,,,,,,,,,,,
14923633,2026-10-01 15:27:23,sim13,023150,,skip,theme_momentum_weak,,,,,,,,,,,,,,,,,,,,,,,,,,,
14923633,2026-10-01 15:27:23,sim13,069640,,skip,theme_momentum_weak,,,,,,,,,,,,,,,,,,,,,,,,,,,
14923633,2026-10-01 15:27:23,sim13,014680,,skip,no_frgn_support,,,,,,,,,,,,,,,,,,,,,,,,,,,
14923633,2026-10-01 15:27:23,sim13,012030,,skip,adx_weak,,,,35.77142857142857,,,,,,,,,,,,,,,,,,,,,,,
14923633,2026-10-01 15:27:23,sim13,055490,,skip,theme_momentum_weak,,,,,,,,,,,,,,,,,,,,,,,,,,,
14923633,2026-10-01 15:27:23,sim13,480370,,skip,adx_weak,,,,25.87601078167116,,,,,,,,,,,,,,,,,,,,,,,
14923633,2026-10-01 15:27:23,sim13,109070,,skip,amount_not_surprised,,,,,,,,,,,,,,,,,,,,,,,,,,,
14923633,2026-10-01 15:27:23,sim13,0126Z0,,skip,theme_momentum_weak,,,,,,,,,,,,,,,,,,,,,,,,,,,
14923633,2026-10-01 15:27:23,sim13,004710,,skip,no_frgn_support,,,,,,,,,,,,,,,,,,,,,,,,,,,
14923633,2026-10-01 15:27:23,sim13,195870,,skip,adx_weak,,,,26.332288401253916,,,,,,,,,,,,,,,,,,,,,,,
14923633,2026-10-01 15:27:23,sim13,004105,,skip,no_frgn_support,,,,,,,,,,,,,,,,,,,,,,,,,,,
14923633,2026-10-01 15:27:23,sim13,093050,,skip,theme_momentum_weak,,,,,,,,,,,,,,,,,,,,,,,,,,,
14923633,2026-10-01 15:27:23,sim13,007660,,skip,theme_momentum_weak,,,,,,,,,,,,,,,,,,,,,,,,,,,
14923633,2026-10-01 15:27:23,sim13,112610,,skip,theme_momentum_weak,,,,,,,,,,,,,,,,,,,,,,,,,,,
14923633,2026-10-01 15:27:23,sim13,011690,,skip,theme_momentum_weak,,,,,,,,,,,,,,,,,,,,,,,,,,,
14923633,2026-10-01 15:27:23,sim13,35320K,,skip,theme_momentum_weak,,,,,,,,,,,,,,,,,,,,,,,,,,,
14923633,2026-10-01 15:27:23,sim13,002360,,skip,amount_not_surprised,,,,,,,,,,,,,,,,,,,,,,,,,,,
14923633,2026-10-01 15:27:23,sim13,317450,,skip,theme_momentum_weak,,,,,,,,,,,,,,,,,,,,,,,,,,,
14923633,2026-10-01 15:27:23,sim13,001820,,skip,adx_weak,,,,38.26173826173826,,,,,,,,,,,,,,,,,,,,,,,
14923633,2026-10-01 15:27:23,sim13,077500,,skip,held_or_cooldown,,,,,,,,,,,,,,,,,,,,,,,,,,,
14923634,2026-10-01 15:29:18,sim13,084010,,skip,theme_momentum_weak,,,,,,,,,,,,,,,,,,,,,,,,,,,
14923634,2026-10-01 15:29:18,sim13,248070,,skip,theme_momentum_weak,,,,,,,,,,,,,,,,,,,,,,,,,,,
14923634,2026-10-01 15:29:18,sim13,192650,,skip,no_frgn_support,,,,,,,,,,,,,,,,,,,,,,,,,,,
14923634,2026-10-01 15:29:18,sim13,353200,,skip,adx_weak,,,,28.26086956521739,,,,,,,,,,,,,,,,,,,,,,,
14923634,2026-10-01 15:29:18,sim13,003160,,skip,no_frgn_support,,,,,,,,,,,,,,,,,,,,,,,,,,,
14923634,2026-10-01 15:29:18,sim13,001360,,skip,theme_momentum_weak,,,,,,,,,,,,,,,,,,,,,,,,,,,
14923634,2026-10-01 15:29:18,sim13,003350,,skip,theme_momentum_weak,,,,,,,,,,,,,,,,,,,,,,,,,,,
14923634,2026-10-01 15:29:18,sim13,005430,,skip,theme_momentum_weak,,,,,,,,,,,,,,,,,,,,,,,,,,,
14923634,2026-10-01 15:29:18,sim13,009420,,skip,theme_momentum_weak,,,,,,,,,,,,,,,,,,,,,,,,,,,
14923634,2026-10-01 15:29:18,sim13,036570,,skip,theme_momentum_weak,,,,,,,,,,,,,,,,,,,,,,,,,,,
14923634,2026-10-01 15:29:18,sim13,023150,,skip,theme_momentum_weak,,,,,,,,,,,,,,,,,,,,,,,,,,,
14923634,2026-10-01 15:29:18,sim13,069640,,skip,theme_momentum_weak,,,,,,,,,,,,,,,,,,,,,,,,,,,
14923634,2026-10-01 15:29:18,sim13,014680,,skip,no_frgn_support,,,,,,,,,,,,,,,,,,,,,,,,,,,
14923634,2026-10-01 15:29:18,sim13,012030,,skip,adx_weak,,,,35.77142857142857,,,,,,,,,,,,,,,,,,,,,,,
14923634,2026-10-01 15:29:18,sim13,055490,,skip,theme_momentum_weak,,,,,,,,,,,,,,,,,,,,,,,,,,,
14923634,2026-10-01 15:29:18,sim13,480370,,skip,adx_weak,,,,25.87601078167116,,,,,,,,,,,,,,,,,,,,,,,
14923634,2026-10-01 15:29:18,sim13,109070,,skip,amount_not_surprised,,,,,,,,,,,,,,,,,,,,,,,,,,,
14923634,2026-10-01 15:29:18,sim13,0126Z0,,skip,theme_momentum_weak,,,,,,,,,,,,,,,,,,,,,,,,,,,
14923634,2026-10-01 15:29:18,sim13,004710,,skip,no_frgn_support,,,,,,,,,,,,,,,,,,,,,,,,,,,
14923634,2026-10-01 15:29:18,sim13,195870,,skip,adx_weak,,,,26.332288401253916,,,,,,,,,,,,,,,,,,,,,,,
14923634,2026-10-01 15:29:18,sim13,004105,,skip,no_frgn_support,,,,,,,,,,,,,,,,,,,,,,,,,,,
14923634,2026-10-01 15:29:18,sim13,093050,,skip,theme_momentum_weak,,,,,,,,,,,,,,,,,,,,,,,,,,,
14923634,2026-10-01 15:29:18,sim13,007660,,skip,theme_momentum_weak,,,,,,,,,,,,,,,,,,,,,,,,,,,
14923634,2026-10-01 15:29:18,sim13,112610,,skip,theme_momentum_weak,,,,,,,,,,,,,,,,,,,,,,,,,,,
14923634,2026-10-01 15:29:18,sim13,011690,,skip,theme_momentum_weak,,,,,,,,,,,,,,,,,,,,,,,,,,,
14923634,2026-10-01 15:29:18,sim13,35320K,,skip,theme_momentum_weak,,,,,,,,,,,,,,,,,,,,,,,,,,,
14923634,2026-10-01 15:29:18,sim13,002360,,skip,amount_not_surprised,,,,,,,,,,,,,,,,,,,,,,,,,,,
14923634,2026-10-01 15:29:18,sim13,317450,,skip,theme_momentum_weak,,,,,,,,,,,,,,,,,,,,,,,,,,,
14923634,2026-10-01 15:29:18,sim13,001820,,skip,adx_weak,,,,38.26173826173826,,,,,,,,,,,,,,,,,,,,,,,
14923634,2026-10-01 15:29:18,sim13,077500,,skip,held_or_cooldown,,,,,,,,,,,,,,,,,,,,,,,,,,,
14923635,2026-10-01 15:31:22,sim13,084010,,skip,theme_momentum_weak,,,,,,,,,,,,,,,,,,,,,,,,,,,
14923635,2026-10-01 15:31:22,sim13,248070,,skip,theme_momentum_weak,,,,,,,,,,,,,,,,,,,,,,,,,,,
14923635,2026-10-01 15:31:22,sim13,192650,,skip,no_frgn_support,,,,,,,,,,,,,,,,,,,,,,,,,,,
14923635,2026-10-01 15:31:22,sim13,003160,,skip,no_frgn_support,,,,,,,,,,,,,,,,,,,,,,,,,,,
14923635,2026-10-01 15:31:22,sim13,001360,,skip,theme_momentum_weak,,,,,,,,,,,,,,,,,,,,,,,,,,,
14923635,2026-10-01 15:31:22,sim13,353200,,skip,adx_weak,,,,28.26086956521739,,,,,,,,,,,,,,,,,,,,,,,
14923635,2026-10-01 15:31:22,sim13,003350,,skip,theme_momentum_weak,,,,,,,,,,,,,,,,,,,,,,,,,,,
14923635,2026-10-01 15:31:22,sim13,005430,,skip,theme_momentum_weak,,,,,,,,,,,,,,,,,,,,,,,,,,,
14923635,2026-10-01 15:31:22,sim13,036570,,skip,theme_momentum_weak,,,,,,,,,,,,,,,,,,,,,,,,,,,
14923635,2026-10-01 15:31:22,sim13,009420,,skip,theme_momentum_weak,,,,,,,,,,,,,,,,,,,,,,,,,,,
14923635,2026-10-01 15:31:22,sim13,023150,,skip,theme_momentum_weak,,,,,,,,,,,,,,,,,,,,,,,,,,,
14923635,2026-10-01 15:31:22,sim13,069640,,skip,theme_momentum_weak,,,,,,,,,,,,,,,,,,,,,,,,,,,
14923635,2026-10-01 15:31:22,sim13,012030,,skip,adx_weak,,,,35.77142857142857,,,,,,,,,,,,,,,,,,,,,,,
14923635,2026-10-01 15:31:22,sim13,055490,,skip,theme_momentum_weak,,,,,,,,,,,,,,,,,,,,,,,,,,,
14923635,2026-10-01 15:31:22,sim13,0126Z0,,skip,theme_momentum_weak,,,,,,,,,,,,,,,,,,,,,,,,,,,
14923635,2026-10-01 15:31:22,sim13,480370,,skip,adx_weak,,,,25.87601078167116,,,,,,,,,,,,,,,,,,,,,,,
14923635,2026-10-01 15:31:22,sim13,014680,,skip,no_frgn_support,,,,,,,,,,,,,,,,,,,,,,,,,,,
14923635,2026-10-01 15:31:22,sim13,109070,,skip,amount_not_surprised,,,,,,,,,,,,,,,,,,,,,,,,,,,
14923635,2026-10-01 15:31:22,sim13,004710,,skip,no_frgn_support,,,,,,,,,,,,,,,,,,,,,,,,,,,
14923635,2026-10-01 15:31:22,sim13,011690,,skip,theme_momentum_weak,,,,,,,,,,,,,,,,,,,,,,,,,,,
14923635,2026-10-01 15:31:22,sim13,195870,,skip,adx_weak,,,,26.332288401253916,,,,,,,,,,,,,,,,,,,,,,,
14923635,2026-10-01 15:31:22,sim13,093050,,skip,theme_momentum_weak,,,,,,,,,,,,,,,,,,,,,,,,,,,
14923635,2026-10-01 15:31:22,sim13,112610,,skip,theme_momentum_weak,,,,,,,,,,,,,,,,,,,,,,,,,,,
14923635,2026-10-01 15:31:22,sim13,35320K,,skip,theme_momentum_weak,,,,,,,,,,,,,,,,,,,,,,,,,,,
14923635,2026-10-01 15:31:22,sim13,004105,,skip,no_frgn_support,,,,,,,,,,,,,,,,,,,,,,,,,,,
14923635,2026-10-01 15:31:22,sim13,007660,,skip,theme_momentum_weak,,,,,,,,,,,,,,,,,,,,,,,,,,,
14923635,2026-10-01 15:31:22,sim13,008060,,skip,theme_momentum_weak,,,,,,,,,,,,,,,,,,,,,,,,,,,
14923635,2026-10-01 15:31:22,sim13,002360,,skip,amount_not_surprised,,,,,,,,,,,,,,,,,,,,,,,,,,,
14923635,2026-10-01 15:31:22,sim13,001820,,skip,adx_weak,,,,38.26173826173826,,,,,,,,,,,,,,,,,,,,,,,
14923635,2026-10-01 15:31:22,sim13,007810,,skip,adx_weak,,,,31.458333333333332,,,,,,,,,,,,,,,,,,,,,,,
14923636,2026-10-01 15:33:26,sim13,084010,,skip,theme_momentum_weak,,,,,,,,,,,,,,,,,,,,,,,,,,,
14923636,2026-10-01 15:33:26,sim13,248070,,skip,theme_momentum_weak,,,,,,,,,,,,,,,,,,,,,,,,,,,
14923636,2026-10-01 15:33:26,sim13,192650,,skip,no_frgn_support,,,,,,,,,,,,,,,,,,,,,,,,,,,
14923636,2026-10-01 15:33:26,sim13,003160,,skip,no_frgn_support,,,,,,,,,,,,,,,,,,,,,,,,,,,
14923636,2026-10-01 15:33:26,sim13,001360,,skip,theme_momentum_weak,,,,,,,,,,,,,,,,,,,,,,,,,,,
14923636,2026-10-01 15:33:26,sim13,353200,,skip,adx_weak,,,,28.26086956521739,,,,,,,,,,,,,,,,,,,,,,,
14923636,2026-10-01 15:33:26,sim13,003350,,skip,theme_momentum_weak,,,,,,,,,,,,,,,,,,,,,,,,,,,
14923636,2026-10-01 15:33:26,sim13,005430,,skip,theme_momentum_weak,,,,,,,,,,,,,,,,,,,,,,,,,,,
14923636,2026-10-01 15:33:26,sim13,036570,,skip,theme_momentum_weak,,,,,,,,,,,,,,,,,,,,,,,,,,,
14923636,2026-10-01 15:33:26,sim13,009420,,skip,theme_momentum_weak,,,,,,,,,,,,,,,,,,,,,,,,,,,
14923636,2026-10-01 15:33:26,sim13,023150,,skip,theme_momentum_weak,,,,,,,,,,,,,,,,,,,,,,,,,,,
14923636,2026-10-01 15:33:26,sim13,069640,,skip,theme_momentum_weak,,,,,,,,,,,,,,,,,,,,,,,,,,,
14923636,2026-10-01 15:33:26,sim13,012030,,skip,adx_weak,,,,35.77142857142857,,,,,,,,,,,,,,,,,,,,,,,
14923636,2026-10-01 15:33:26,sim13,055490,,skip,theme_momentum_weak,,,,,,,,,,,,,,,,,,,,,,,,,,,
14923636,2026-10-01 15:33:26,sim13,0126Z0,,skip,theme_momentum_weak,,,,,,,,,,,,,,,,,,,,,,,,,,,
14923636,2026-10-01 15:33:26,sim13,480370,,skip,adx_weak,,,,25.87601078167116,,,,,,,,,,,,,,,,,,,,,,,
14923636,2026-10-01 15:33:26,sim13,014680,,skip,no_frgn_support,,,,,,,,,,,,,,,,,,,,,,,,,,,
14923636,2026-10-01 15:33:26,sim13,109070,,skip,amount_not_surprised,,,,,,,,,,,,,,,,,,,,,,,,,,,
14923636,2026-10-01 15:33:26,sim13,004710,,skip,no_frgn_support,,,,,,,,,,,,,,,,,,,,,,,,,,,
14923636,2026-10-01 15:33:26,sim13,011690,,skip,theme_momentum_weak,,,,,,,,,,,,,,,,,,,,,,,,,,,
14923636,2026-10-01 15:33:26,sim13,195870,,skip,adx_weak,,,,26.332288401253916,,,,,,,,,,,,,,,,,,,,,,,
14923636,2026-10-01 15:33:26,sim13,093050,,skip,theme_momentum_weak,,,,,,,,,,,,,,,,,,,,,,,,,,,
14923636,2026-10-01 15:33:26,sim13,112610,,skip,theme_momentum_weak,,,,,,,,,,,,,,,,,,,,,,,,,,,
14923636,2026-10-01 15:33:26,sim13,35320K,,skip,theme_momentum_weak,,,,,,,,,,,,,,,,,,,,,,,,,,,
14923636,2026-10-01 15:33:26,sim13,004105,,skip,no_frgn_support,,,,,,,,,,,,,,,,,,,,,,,,,,,
14923636,2026-10-01 15:33:26,sim13,007660,,skip,theme_momentum_weak,,,,,,,,,,,,,,,,,,,,,,,,,,,
14923636,2026-10-01 15:33:26,sim13,008060,,skip,theme_momentum_weak,,,,,,,,,,,,,,,,,,,,,,,,,,,
14923636,2026-10-01 15:33:26,sim13,002360,,skip,amount_not_surprised,,,,,,,,,,,,,,,,,,,,,,,,,,,
14923636,2026-10-01 15:33:26,sim13,001820,,skip,adx_weak,,,,38.26173826173826,,,,,,,,,,,,,,,,,,,,,,,
14923636,2026-10-01 15:33:26,sim13,007810,,skip,adx_weak,,,,31.458333333333332,,,,,,,,,,,,,,,,,,,,,,,
14923637,2026-10-01 15:35:30,sim13,084010,,skip,theme_momentum_weak,,,,,,,,,,,,,,,,,,,,,,,,,,,
14923637,2026-10-01 15:35:30,sim13,248070,,skip,theme_momentum_weak,,,,,,,,,,,,,,,,,,,,,,,,,,,
14923637,2026-10-01 15:35:30,sim13,192650,,skip,no_frgn_support,,,,,,,,,,,,,,,,,,,,,,,,,,,
14923637,2026-10-01 15:35:30,sim13,003160,,skip,no_frgn_support,,,,,,,,,,,,,,,,,,,,,,,,,,,
14923637,2026-10-01 15:35:30,sim13,001360,,skip,theme_momentum_weak,,,,,,,,,,,,,,,,,,,,,,,,,,,
14923637,2026-10-01 15:35:30,sim13,353200,,skip,adx_weak,,,,28.26086956521739,,,,,,,,,,,,,,,,,,,,,,,
14923637,2026-10-01 15:35:30,sim13,003350,,skip,theme_momentum_weak,,,,,,,,,,,,,,,,,,,,,,,,,,,
14923637,2026-10-01 15:35:30,sim13,005430,,skip,theme_momentum_weak,,,,,,,,,,,,,,,,,,,,,,,,,,,
14923637,2026-10-01 15:35:30,sim13,036570,,skip,theme_momentum_weak,,,,,,,,,,,,,,,,,,,,,,,,,,,
14923637,2026-10-01 15:35:30,sim13,009420,,skip,theme_momentum_weak,,,,,,,,,,,,,,,,,,,,,,,,,,,
14923637,2026-10-01 15:35:30,sim13,023150,,skip,theme_momentum_weak,,,,,,,,,,,,,,,,,,,,,,,,,,,
14923637,2026-10-01 15:35:30,sim13,069640,,skip,theme_momentum_weak,,,,,,,,,,,,,,,,,,,,,,,,,,,
14923637,2026-10-01 15:35:30,sim13,012030,,skip,adx_weak,,,,35.77142857142857,,,,,,,,,,,,,,,,,,,,,,,
14923637,2026-10-01 15:35:30,sim13,055490,,skip,theme_momentum_weak,,,,,,,,,,,,,,,,,,,,,,,,,,,
14923637,2026-10-01 15:35:30,sim13,0126Z0,,skip,theme_momentum_weak,,,,,,,,,,,,,,,,,,,,,,,,,,,
14923637,2026-10-01 15:35:30,sim13,480370,,skip,adx_weak,,,,25.87601078167116,,,,,,,,,,,,,,,,,,,,,,,
14923637,2026-10-01 15:35:30,sim13,014680,,skip,no_frgn_support,,,,,,,,,,,,,,,,,,,,,,,,,,,
14923637,2026-10-01 15:35:30,sim13,109070,,skip,amount_not_surprised,,,,,,,,,,,,,,,,,,,,,,,,,,,
14923637,2026-10-01 15:35:30,sim13,004710,,skip,no_frgn_support,,,,,,,,,,,,,,,,,,,,,,,,,,,
14923637,2026-10-01 15:35:30,sim13,011690,,skip,theme_momentum_weak,,,,,,,,,,,,,,,,,,,,,,,,,,,
14923637,2026-10-01 15:35:30,sim13,195870,,skip,adx_weak,,,,26.332288401253916,,,,,,,,,,,,,,,,,,,,,,,
14923637,2026-10-01 15:35:30,sim13,093050,,skip,theme_momentum_weak,,,,,,,,,,,,,,,,,,,,,,,,,,,
14923637,2026-10-01 15:35:30,sim13,112610,,skip,theme_momentum_weak,,,,,,,,,,,,,,,,,,,,,,,,,,,
14923637,2026-10-01 15:35:30,sim13,35320K,,skip,theme_momentum_weak,,,,,,,,,,,,,,,,,,,,,,,,,,,
14923637,2026-10-01 15:35:30,sim13,004105,,skip,no_frgn_support,,,,,,,,,,,,,,,,,,,,,,,,,,,
14923637,2026-10-01 15:35:30,sim13,007660,,skip,theme_momentum_weak,,,,,,,,,,,,,,,,,,,,,,,,,,,
14923637,2026-10-01 15:35:30,sim13,008060,,skip,theme_momentum_weak,,,,,,,,,,,,,,,,,,,,,,,,,,,
14923637,2026-10-01 15:35:30,sim13,002360,,skip,amount_not_surprised,,,,,,,,,,,,,,,,,,,,,,,,,,,
14923637,2026-10-01 15:35:30,sim13,001820,,skip,adx_weak,,,,38.26173826173826,,,,,,,,,,,,,,,,,,,,,,,
14923637,2026-10-01 15:35:30,sim13,007810,,skip,adx_weak,,,,31.458333333333332,,,,,,,,,,,,,,,,,,,,,,,
14923638,2026-10-01 15:37:25,sim13,084010,,skip,theme_momentum_weak,,,,,,,,,,,,,,,,,,,,,,,,,,,
14923638,2026-10-01 15:37:25,sim13,248070,,skip,theme_momentum_weak,,,,,,,,,,,,,,,,,,,,,,,,,,,
14923638,2026-10-01 15:37:25,sim13,192650,,skip,no_frgn_support,,,,,,,,,,,,,,,,,,,,,,,,,,,
14923638,2026-10-01 15:37:25,sim13,003160,,skip,no_frgn_support,,,,,,,,,,,,,,,,,,,,,,,,,,,
14923638,2026-10-01 15:37:25,sim13,001360,,skip,theme_momentum_weak,,,,,,,,,,,,,,,,,,,,,,,,,,,
14923638,2026-10-01 15:37:25,sim13,353200,,skip,adx_weak,,,,28.26086956521739,,,,,,,,,,,,,,,,,,,,,,,
14923638,2026-10-01 15:37:25,sim13,003350,,skip,theme_momentum_weak,,,,,,,,,,,,,,,,,,,,,,,,,,,
14923638,2026-10-01 15:37:25,sim13,005430,,skip,theme_momentum_weak,,,,,,,,,,,,,,,,,,,,,,,,,,,
14923638,2026-10-01 15:37:25,sim13,036570,,skip,theme_momentum_weak,,,,,,,,,,,,,,,,,,,,,,,,,,,
14923638,2026-10-01 15:37:25,sim13,009420,,skip,theme_momentum_weak,,,,,,,,,,,,,,,,,,,,,,,,,,,
14923638,2026-10-01 15:37:25,sim13,023150,,skip,theme_momentum_weak,,,,,,,,,,,,,,,,,,,,,,,,,,,
14923638,2026-10-01 15:37:25,sim13,069640,,skip,theme_momentum_weak,,,,,,,,,,,,,,,,,,,,,,,,,,,
14923638,2026-10-01 15:37:25,sim13,012030,,skip,adx_weak,,,,35.77142857142857,,,,,,,,,,,,,,,,,,,,,,,
14923638,2026-10-01 15:37:25,sim13,055490,,skip,theme_momentum_weak,,,,,,,,,,,,,,,,,,,,,,,,,,,
14923638,2026-10-01 15:37:25,sim13,0126Z0,,skip,theme_momentum_weak,,,,,,,,,,,,,,,,,,,,,,,,,,,
14923638,2026-10-01 15:37:25,sim13,480370,,skip,adx_weak,,,,25.87601078167116,,,,,,,,,,,,,,,,,,,,,,,
14923638,2026-10-01 15:37:25,sim13,014680,,skip,no_frgn_support,,,,,,,,,,,,,,,,,,,,,,,,,,,
14923638,2026-10-01 15:37:25,sim13,109070,,skip,amount_not_surprised,,,,,,,,,,,,,,,,,,,,,,,,,,,
14923638,2026-10-01 15:37:25,sim13,004710,,skip,no_frgn_support,,,,,,,,,,,,,,,,,,,,,,,,,,,
14923638,2026-10-01 15:37:25,sim13,011690,,skip,theme_momentum_weak,,,,,,,,,,,,,,,,,,,,,,,,,,,
14923638,2026-10-01 15:37:25,sim13,195870,,skip,adx_weak,,,,26.332288401253916,,,,,,,,,,,,,,,,,,,,,,,
14923638,2026-10-01 15:37:25,sim13,093050,,skip,theme_momentum_weak,,,,,,,,,,,,,,,,,,,,,,,,,,,
14923638,2026-10-01 15:37:25,sim13,112610,,skip,theme_momentum_weak,,,,,,,,,,,,,,,,,,,,,,,,,,,
14923638,2026-10-01 15:37:25,sim13,35320K,,skip,theme_momentum_weak,,,,,,,,,,,,,,,,,,,,,,,,,,,
14923638,2026-10-01 15:37:25,sim13,004105,,skip,no_frgn_support,,,,,,,,,,,,,,,,,,,,,,,,,,,
14923638,2026-10-01 15:37:25,sim13,007660,,skip,theme_momentum_weak,,,,,,,,,,,,,,,,,,,,,,,,,,,
14923638,2026-10-01 15:37:25,sim13,008060,,skip,theme_momentum_weak,,,,,,,,,,,,,,,,,,,,,,,,,,,
14923638,2026-10-01 15:37:25,sim13,002360,,skip,amount_not_surprised,,,,,,,,,,,,,,,,,,,,,,,,,,,
14923638,2026-10-01 15:37:25,sim13,001820,,skip,adx_weak,,,,38.26173826173826,,,,,,,,,,,,,,,,,,,,,,,
14923638,2026-10-01 15:37:25,sim13,007810,,skip,adx_weak,,,,31.458333333333332,,,,,,,,,,,,,,,,,,,,,,,
14923639,2026-10-01 15:39:23,sim13,084010,,skip,theme_momentum_weak,,,,,,,,,,,,,,,,,,,,,,,,,,,
14923639,2026-10-01 15:39:23,sim13,248070,,skip,theme_momentum_weak,,,,,,,,,,,,,,,,,,,,,,,,,,,
14923639,2026-10-01 15:39:23,sim13,192650,,skip,no_frgn_support,,,,,,,,,,,,,,,,,,,,,,,,,,,
14923639,2026-10-01 15:39:23,sim13,003160,,skip,no_frgn_support,,,,,,,,,,,,,,,,,,,,,,,,,,,
14923639,2026-10-01 15:39:23,sim13,001360,,skip,theme_momentum_weak,,,,,,,,,,,,,,,,,,,,,,,,,,,
14923639,2026-10-01 15:39:23,sim13,353200,,skip,adx_weak,,,,28.26086956521739,,,,,,,,,,,,,,,,,,,,,,,
14923639,2026-10-01 15:39:23,sim13,003350,,skip,theme_momentum_weak,,,,,,,,,,,,,,,,,,,,,,,,,,,
14923639,2026-10-01 15:39:23,sim13,005430,,skip,theme_momentum_weak,,,,,,,,,,,,,,,,,,,,,,,,,,,
14923639,2026-10-01 15:39:23,sim13,036570,,skip,theme_momentum_weak,,,,,,,,,,,,,,,,,,,,,,,,,,,
14923639,2026-10-01 15:39:23,sim13,009420,,skip,theme_momentum_weak,,,,,,,,,,,,,,,,,,,,,,,,,,,
14923639,2026-10-01 15:39:23,sim13,023150,,skip,theme_momentum_weak,,,,,,,,,,,,,,,,,,,,,,,,,,,
14923639,2026-10-01 15:39:23,sim13,069640,,skip,theme_momentum_weak,,,,,,,,,,,,,,,,,,,,,,,,,,,
14923639,2026-10-01 15:39:23,sim13,012030,,skip,adx_weak,,,,35.77142857142857,,,,,,,,,,,,,,,,,,,,,,,
14923639,2026-10-01 15:39:23,sim13,055490,,skip,theme_momentum_weak,,,,,,,,,,,,,,,,,,,,,,,,,,,
14923639,2026-10-01 15:39:23,sim13,0126Z0,,skip,theme_momentum_weak,,,,,,,,,,,,,,,,,,,,,,,,,,,
14923639,2026-10-01 15:39:23,sim13,480370,,skip,adx_weak,,,,25.87601078167116,,,,,,,,,,,,,,,,,,,,,,,
14923639,2026-10-01 15:39:23,sim13,014680,,skip,no_frgn_support,,,,,,,,,,,,,,,,,,,,,,,,,,,
14923639,2026-10-01 15:39:23,sim13,109070,,skip,amount_not_surprised,,,,,,,,,,,,,,,,,,,,,,,,,,,
14923639,2026-10-01 15:39:23,sim13,004710,,skip,no_frgn_support,,,,,,,,,,,,,,,,,,,,,,,,,,,
14923639,2026-10-01 15:39:23,sim13,011690,,skip,theme_momentum_weak,,,,,,,,,,,,,,,,,,,,,,,,,,,
14923639,2026-10-01 15:39:23,sim13,195870,,skip,adx_weak,,,,26.332288401253916,,,,,,,,,,,,,,,,,,,,,,,
14923639,2026-10-01 15:39:23,sim13,093050,,skip,theme_momentum_weak,,,,,,,,,,,,,,,,,,,,,,,,,,,
14923639,2026-10-01 15:39:23,sim13,112610,,skip,theme_momentum_weak,,,,,,,,,,,,,,,,,,,,,,,,,,,
14923639,2026-10-01 15:39:23,sim13,35320K,,skip,theme_momentum_weak,,,,,,,,,,,,,,,,,,,,,,,,,,,
14923639,2026-10-01 15:39:23,sim13,004105,,skip,no_frgn_support,,,,,,,,,,,,,,,,,,,,,,,,,,,
14923639,2026-10-01 15:39:23,sim13,007660,,skip,theme_momentum_weak,,,,,,,,,,,,,,,,,,,,,,,,,,,
14923639,2026-10-01 15:39:23,sim13,008060,,skip,theme_momentum_weak,,,,,,,,,,,,,,,,,,,,,,,,,,,
14923639,2026-10-01 15:39:23,sim13,002360,,skip,amount_not_surprised,,,,,,,,,,,,,,,,,,,,,,,,,,,
14923639,2026-10-01 15:39:23,sim13,001820,,skip,adx_weak,,,,38.26173826173826,,,,,,,,,,,,,,,,,,,,,,,
14923639,2026-10-01 15:39:23,sim13,007810,,skip,adx_weak,,,,31.458333333333332,,,,,,,,,,,,,,,,,,,,,,,
14923640,2026-10-01 15:41:26,sim13,084010,,skip,theme_momentum_weak,,,,,,,,,,,,,,,,,,,,,,,,,,,
14923640,2026-10-01 15:41:26,sim13,248070,,skip,theme_momentum_weak,,,,,,,,,,,,,,,,,,,,,,,,,,,
14923640,2026-10-01 15:41:26,sim13,192650,,skip,no_frgn_support,,,,,,,,,,,,,,,,,,,,,,,,,,,
14923640,2026-10-01 15:41:26,sim13,003160,,skip,no_frgn_support,,,,,,,,,,,,,,,,,,,,,,,,,,,
14923640,2026-10-01 15:41:26,sim13,001360,,skip,theme_momentum_weak,,,,,,,,,,,,,,,,,,,,,,,,,,,
14923640,2026-10-01 15:41:26,sim13,353200,,skip,adx_weak,,,,28.26086956521739,,,,,,,,,,,,,,,,,,,,,,,
14923640,2026-10-01 15:41:26,sim13,003350,,skip,theme_momentum_weak,,,,,,,,,,,,,,,,,,,,,,,,,,,
14923640,2026-10-01 15:41:26,sim13,005430,,skip,theme_momentum_weak,,,,,,,,,,,,,,,,,,,,,,,,,,,
14923640,2026-10-01 15:41:26,sim13,036570,,skip,theme_momentum_weak,,,,,,,,,,,,,,,,,,,,,,,,,,,
14923640,2026-10-01 15:41:26,sim13,009420,,skip,theme_momentum_weak,,,,,,,,,,,,,,,,,,,,,,,,,,,
14923640,2026-10-01 15:41:26,sim13,023150,,skip,theme_momentum_weak,,,,,,,,,,,,,,,,,,,,,,,,,,,
14923640,2026-10-01 15:41:26,sim13,069640,,skip,theme_momentum_weak,,,,,,,,,,,,,,,,,,,,,,,,,,,
14923640,2026-10-01 15:41:26,sim13,012030,,skip,adx_weak,,,,35.77142857142857,,,,,,,,,,,,,,,,,,,,,,,
14923640,2026-10-01 15:41:26,sim13,055490,,skip,theme_momentum_weak,,,,,,,,,,,,,,,,,,,,,,,,,,,
14923640,2026-10-01 15:41:26,sim13,0126Z0,,skip,theme_momentum_weak,,,,,,,,,,,,,,,,,,,,,,,,,,,
14923640,2026-10-01 15:41:26,sim13,480370,,skip,adx_weak,,,,25.87601078167116,,,,,,,,,,,,,,,,,,,,,,,
14923640,2026-10-01 15:41:26,sim13,014680,,skip,no_frgn_support,,,,,,,,,,,,,,,,,,,,,,,,,,,
14923640,2026-10-01 15:41:26,sim13,109070,,skip,amount_not_surprised,,,,,,,,,,,,,,,,,,,,,,,,,,,
14923640,2026-10-01 15:41:26,sim13,004710,,skip,no_frgn_support,,,,,,,,,,,,,,,,,,,,,,,,,,,
14923640,2026-10-01 15:41:26,sim13,011690,,skip,theme_momentum_weak,,,,,,,,,,,,,,,,,,,,,,,,,,,
14923640,2026-10-01 15:41:26,sim13,195870,,skip,adx_weak,,,,26.332288401253916,,,,,,,,,,,,,,,,,,,,,,,
14923640,2026-10-01 15:41:26,sim13,093050,,skip,theme_momentum_weak,,,,,,,,,,,,,,,,,,,,,,,,,,,
14923640,2026-10-01 15:41:26,sim13,112610,,skip,theme_momentum_weak,,,,,,,,,,,,,,,,,,,,,,,,,,,
14923640,2026-10-01 15:41:26,sim13,35320K,,skip,theme_momentum_weak,,,,,,,,,,,,,,,,,,,,,,,,,,,
14923640,2026-10-01 15:41:26,sim13,004105,,skip,no_frgn_support,,,,,,,,,,,,,,,,,,,,,,,,,,,
14923640,2026-10-01 15:41:26,sim13,007660,,skip,theme_momentum_weak,,,,,,,,,,,,,,,,,,,,,,,,,,,
14923640,2026-10-01 15:41:26,sim13,008060,,skip,theme_momentum_weak,,,,,,,,,,,,,,,,,,,,,,,,,,,
14923640,2026-10-01 15:41:26,sim13,002360,,skip,amount_not_surprised,,,,,,,,,,,,,,,,,,,,,,,,,,,
14923640,2026-10-01 15:41:26,sim13,001820,,skip,adx_weak,,,,38.26173826173826,,,,,,,,,,,,,,,,,,,,,,,
14923640,2026-10-01 15:41:26,sim13,007810,,skip,adx_weak,,,,31.458333333333332,,,,,,,,,,,,,,,,,,,,,,,
14923641,2026-10-01 15:43:29,sim13,084010,,skip,theme_momentum_weak,,,,,,,,,,,,,,,,,,,,,,,,,,,
14923641,2026-10-01 15:43:29,sim13,248070,,skip,theme_momentum_weak,,,,,,,,,,,,,,,,,,,,,,,,,,,
14923641,2026-10-01 15:43:29,sim13,192650,,skip,no_frgn_support,,,,,,,,,,,,,,,,,,,,,,,,,,,
14923641,2026-10-01 15:43:29,sim13,003160,,skip,no_frgn_support,,,,,,,,,,,,,,,,,,,,,,,,,,,
14923641,2026-10-01 15:43:29,sim13,001360,,skip,theme_momentum_weak,,,,,,,,,,,,,,,,,,,,,,,,,,,
14923641,2026-10-01 15:43:29,sim13,353200,,skip,adx_weak,,,,28.26086956521739,,,,,,,,,,,,,,,,,,,,,,,
14923641,2026-10-01 15:43:29,sim13,003350,,skip,theme_momentum_weak,,,,,,,,,,,,,,,,,,,,,,,,,,,
14923641,2026-10-01 15:43:29,sim13,005430,,skip,theme_momentum_weak,,,,,,,,,,,,,,,,,,,,,,,,,,,
14923641,2026-10-01 15:43:29,sim13,036570,,skip,theme_momentum_weak,,,,,,,,,,,,,,,,,,,,,,,,,,,
14923641,2026-10-01 15:43:29,sim13,009420,,skip,theme_momentum_weak,,,,,,,,,,,,,,,,,,,,,,,,,,,
14923641,2026-10-01 15:43:29,sim13,023150,,skip,theme_momentum_weak,,,,,,,,,,,,,,,,,,,,,,,,,,,
14923641,2026-10-01 15:43:29,sim13,069640,,skip,theme_momentum_weak,,,,,,,,,,,,,,,,,,,,,,,,,,,
14923641,2026-10-01 15:43:29,sim13,012030,,skip,adx_weak,,,,35.77142857142857,,,,,,,,,,,,,,,,,,,,,,,
14923641,2026-10-01 15:43:29,sim13,055490,,skip,theme_momentum_weak,,,,,,,,,,,,,,,,,,,,,,,,,,,
14923641,2026-10-01 15:43:29,sim13,0126Z0,,skip,theme_momentum_weak,,,,,,,,,,,,,,,,,,,,,,,,,,,
14923641,2026-10-01 15:43:29,sim13,480370,,skip,adx_weak,,,,25.87601078167116,,,,,,,,,,,,,,,,,,,,,,,
14923641,2026-10-01 15:43:29,sim13,014680,,skip,no_frgn_support,,,,,,,,,,,,,,,,,,,,,,,,,,,
14923641,2026-10-01 15:43:29,sim13,109070,,skip,amount_not_surprised,,,,,,,,,,,,,,,,,,,,,,,,,,,
14923641,2026-10-01 15:43:29,sim13,004710,,skip,no_frgn_support,,,,,,,,,,,,,,,,,,,,,,,,,,,
14923641,2026-10-01 15:43:29,sim13,011690,,skip,theme_momentum_weak,,,,,,,,,,,,,,,,,,,,,,,,,,,
14923641,2026-10-01 15:43:29,sim13,195870,,skip,adx_weak,,,,26.332288401253916,,,,,,,,,,,,,,,,,,,,,,,
14923641,2026-10-01 15:43:29,sim13,093050,,skip,theme_momentum_weak,,,,,,,,,,,,,,,,,,,,,,,,,,,
14923641,2026-10-01 15:43:29,sim13,112610,,skip,theme_momentum_weak,,,,,,,,,,,,,,,,,,,,,,,,,,,
14923641,2026-10-01 15:43:29,sim13,35320K,,skip,theme_momentum_weak,,,,,,,,,,,,,,,,,,,,,,,,,,,
14923641,2026-10-01 15:43:29,sim13,004105,,skip,no_frgn_support,,,,,,,,,,,,,,,,,,,,,,,,,,,
14923641,2026-10-01 15:43:29,sim13,007660,,skip,theme_momentum_weak,,,,,,,,,,,,,,,,,,,,,,,,,,,
14923641,2026-10-01 15:43:29,sim13,008060,,skip,theme_momentum_weak,,,,,,,,,,,,,,,,,,,,,,,,,,,
14923641,2026-10-01 15:43:29,sim13,002360,,skip,amount_not_surprised,,,,,,,,,,,,,,,,,,,,,,,,,,,
14923641,2026-10-01 15:43:29,sim13,001820,,skip,adx_weak,,,,38.26173826173826,,,,,,,,,,,,,,,,,,,,,,,
14923641,2026-10-01 15:43:29,sim13,007810,,skip,adx_weak,,,,31.458333333333332,,,,,,,,,,,,,,,,,,,,,,,
14923642,2026-10-01 15:45:47,sim13,084010,,skip,theme_momentum_weak,,,,,,,,,,,,,,,,,,,,,,,,,,,
14923642,2026-10-01 15:45:47,sim13,248070,,skip,theme_momentum_weak,,,,,,,,,,,,,,,,,,,,,,,,,,,
14923642,2026-10-01 15:45:47,sim13,192650,,skip,no_frgn_support,,,,,,,,,,,,,,,,,,,,,,,,,,,
14923642,2026-10-01 15:45:47,sim13,003160,,skip,no_frgn_support,,,,,,,,,,,,,,,,,,,,,,,,,,,
14923642,2026-10-01 15:45:47,sim13,001360,,skip,theme_momentum_weak,,,,,,,,,,,,,,,,,,,,,,,,,,,
14923642,2026-10-01 15:45:47,sim13,353200,,skip,adx_weak,,,,28.26086956521739,,,,,,,,,,,,,,,,,,,,,,,
14923642,2026-10-01 15:45:47,sim13,003350,,skip,theme_momentum_weak,,,,,,,,,,,,,,,,,,,,,,,,,,,
14923642,2026-10-01 15:45:47,sim13,005430,,skip,theme_momentum_weak,,,,,,,,,,,,,,,,,,,,,,,,,,,
14923642,2026-10-01 15:45:47,sim13,036570,,skip,theme_momentum_weak,,,,,,,,,,,,,,,,,,,,,,,,,,,
14923642,2026-10-01 15:45:47,sim13,009420,,skip,theme_momentum_weak,,,,,,,,,,,,,,,,,,,,,,,,,,,
14923642,2026-10-01 15:45:47,sim13,023150,,skip,theme_momentum_weak,,,,,,,,,,,,,,,,,,,,,,,,,,,
14923642,2026-10-01 15:45:47,sim13,069640,,skip,theme_momentum_weak,,,,,,,,,,,,,,,,,,,,,,,,,,,
14923642,2026-10-01 15:45:47,sim13,012030,,skip,adx_weak,,,,35.77142857142857,,,,,,,,,,,,,,,,,,,,,,,
14923642,2026-10-01 15:45:47,sim13,055490,,skip,theme_momentum_weak,,,,,,,,,,,,,,,,,,,,,,,,,,,
14923642,2026-10-01 15:45:47,sim13,0126Z0,,skip,theme_momentum_weak,,,,,,,,,,,,,,,,,,,,,,,,,,,
14923642,2026-10-01 15:45:47,sim13,480370,,skip,adx_weak,,,,25.87601078167116,,,,,,,,,,,,,,,,,,,,,,,
14923642,2026-10-01 15:45:47,sim13,014680,,skip,no_frgn_support,,,,,,,,,,,,,,,,,,,,,,,,,,,
14923642,2026-10-01 15:45:47,sim13,109070,,skip,amount_not_surprised,,,,,,,,,,,,,,,,,,,,,,,,,,,
14923642,2026-10-01 15:45:47,sim13,004710,,skip,no_frgn_support,,,,,,,,,,,,,,,,,,,,,,,,,,,
14923642,2026-10-01 15:45:47,sim13,011690,,skip,theme_momentum_weak,,,,,,,,,,,,,,,,,,,,,,,,,,,
14923642,2026-10-01 15:45:47,sim13,195870,,skip,adx_weak,,,,26.332288401253916,,,,,,,,,,,,,,,,,,,,,,,
14923642,2026-10-01 15:45:47,sim13,093050,,skip,theme_momentum_weak,,,,,,,,,,,,,,,,,,,,,,,,,,,
14923642,2026-10-01 15:45:47,sim13,112610,,skip,theme_momentum_weak,,,,,,,,,,,,,,,,,,,,,,,,,,,
14923642,2026-10-01 15:45:47,sim13,35320K,,skip,theme_momentum_weak,,,,,,,,,,,,,,,,,,,,,,,,,,,
14923642,2026-10-01 15:45:47,sim13,004105,,skip,no_frgn_support,,,,,,,,,,,,,,,,,,,,,,,,,,,
14923642,2026-10-01 15:45:47,sim13,007660,,skip,theme_momentum_weak,,,,,,,,,,,,,,,,,,,,,,,,,,,
14923642,2026-10-01 15:45:47,sim13,008060,,skip,theme_momentum_weak,,,,,,,,,,,,,,,,,,,,,,,,,,,
14923642,2026-10-01 15:45:47,sim13,002360,,skip,amount_not_surprised,,,,,,,,,,,,,,,,,,,,,,,,,,,
14923642,2026-10-01 15:45:47,sim13,001820,,skip,adx_weak,,,,38.26173826173826,,,,,,,,,,,,,,,,,,,,,,,
14923642,2026-10-01 15:45:47,sim13,007810,,skip,adx_weak,,,,31.458333333333332,,,,,,,,,,,,,,,,,,,,,,,
14923643,2026-10-01 15:47:45,sim13,084010,,skip,theme_momentum_weak,,,,,,,,,,,,,,,,,,,,,,,,,,,
14923643,2026-10-01 15:47:45,sim13,248070,,skip,theme_momentum_weak,,,,,,,,,,,,,,,,,,,,,,,,,,,
14923643,2026-10-01 15:47:45,sim13,192650,,skip,no_frgn_support,,,,,,,,,,,,,,,,,,,,,,,,,,,
14923643,2026-10-01 15:47:45,sim13,003160,,skip,no_frgn_support,,,,,,,,,,,,,,,,,,,,,,,,,,,
14923643,2026-10-01 15:47:45,sim13,001360,,skip,theme_momentum_weak,,,,,,,,,,,,,,,,,,,,,,,,,,,
14923643,2026-10-01 15:47:45,sim13,353200,,skip,adx_weak,,,,28.26086956521739,,,,,,,,,,,,,,,,,,,,,,,
14923643,2026-10-01 15:47:45,sim13,003350,,skip,theme_momentum_weak,,,,,,,,,,,,,,,,,,,,,,,,,,,
14923643,2026-10-01 15:47:45,sim13,005430,,skip,theme_momentum_weak,,,,,,,,,,,,,,,,,,,,,,,,,,,
14923643,2026-10-01 15:47:45,sim13,036570,,skip,theme_momentum_weak,,,,,,,,,,,,,,,,,,,,,,,,,,,
14923643,2026-10-01 15:47:45,sim13,009420,,skip,theme_momentum_weak,,,,,,,,,,,,,,,,,,,,,,,,,,,
14923643,2026-10-01 15:47:45,sim13,023150,,skip,theme_momentum_weak,,,,,,,,,,,,,,,,,,,,,,,,,,,
14923643,2026-10-01 15:47:45,sim13,069640,,skip,theme_momentum_weak,,,,,,,,,,,,,,,,,,,,,,,,,,,
14923643,2026-10-01 15:47:45,sim13,012030,,skip,adx_weak,,,,35.77142857142857,,,,,,,,,,,,,,,,,,,,,,,
14923643,2026-10-01 15:47:45,sim13,055490,,skip,theme_momentum_weak,,,,,,,,,,,,,,,,,,,,,,,,,,,
14923643,2026-10-01 15:47:45,sim13,0126Z0,,skip,theme_momentum_weak,,,,,,,,,,,,,,,,,,,,,,,,,,,
14923643,2026-10-01 15:47:45,sim13,480370,,skip,adx_weak,,,,25.87601078167116,,,,,,,,,,,,,,,,,,,,,,,
14923643,2026-10-01 15:47:45,sim13,014680,,skip,no_frgn_support,,,,,,,,,,,,,,,,,,,,,,,,,,,
14923643,2026-10-01 15:47:45,sim13,109070,,skip,amount_not_surprised,,,,,,,,,,,,,,,,,,,,,,,,,,,
14923643,2026-10-01 15:47:45,sim13,004710,,skip,no_frgn_support,,,,,,,,,,,,,,,,,,,,,,,,,,,
14923643,2026-10-01 15:47:45,sim13,011690,,skip,theme_momentum_weak,,,,,,,,,,,,,,,,,,,,,,,,,,,
14923643,2026-10-01 15:47:45,sim13,195870,,skip,adx_weak,,,,26.332288401253916,,,,,,,,,,,,,,,,,,,,,,,
14923643,2026-10-01 15:47:45,sim13,093050,,skip,theme_momentum_weak,,,,,,,,,,,,,,,,,,,,,,,,,,,
14923643,2026-10-01 15:47:45,sim13,112610,,skip,theme_momentum_weak,,,,,,,,,,,,,,,,,,,,,,,,,,,
14923643,2026-10-01 15:47:45,sim13,35320K,,skip,theme_momentum_weak,,,,,,,,,,,,,,,,,,,,,,,,,,,
14923643,2026-10-01 15:47:45,sim13,004105,,skip,no_frgn_support,,,,,,,,,,,,,,,,,,,,,,,,,,,
14923643,2026-10-01 15:47:45,sim13,007660,,skip,theme_momentum_weak,,,,,,,,,,,,,,,,,,,,,,,,,,,
14923643,2026-10-01 15:47:45,sim13,008060,,skip,theme_momentum_weak,,,,,,,,,,,,,,,,,,,,,,,,,,,
14923643,2026-10-01 15:47:45,sim13,002360,,skip,amount_not_surprised,,,,,,,,,,,,,,,,,,,,,,,,,,,
14923643,2026-10-01 15:47:45,sim13,001820,,skip,adx_weak,,,,38.26173826173826,,,,,,,,,,,,,,,,,,,,,,,
14923643,2026-10-01 15:47:45,sim13,007810,,skip,adx_weak,,,,31.458333333333332,,,,,,,,,,,,,,,,,,,,,,,
14923644,2026-10-01 15:49:49,sim13,084010,,skip,theme_momentum_weak,,,,,,,,,,,,,,,,,,,,,,,,,,,
14923644,2026-10-01 15:49:49,sim13,248070,,skip,theme_momentum_weak,,,,,,,,,,,,,,,,,,,,,,,,,,,
14923644,2026-10-01 15:49:49,sim13,192650,,skip,no_frgn_support,,,,,,,,,,,,,,,,,,,,,,,,,,,
14923644,2026-10-01 15:49:49,sim13,003160,,skip,no_frgn_support,,,,,,,,,,,,,,,,,,,,,,,,,,,
14923644,2026-10-01 15:49:49,sim13,001360,,skip,theme_momentum_weak,,,,,,,,,,,,,,,,,,,,,,,,,,,
14923644,2026-10-01 15:49:49,sim13,353200,,skip,adx_weak,,,,28.26086956521739,,,,,,,,,,,,,,,,,,,,,,,
14923644,2026-10-01 15:49:49,sim13,003350,,skip,theme_momentum_weak,,,,,,,,,,,,,,,,,,,,,,,,,,,
14923644,2026-10-01 15:49:49,sim13,005430,,skip,theme_momentum_weak,,,,,,,,,,,,,,,,,,,,,,,,,,,
14923644,2026-10-01 15:49:49,sim13,036570,,skip,theme_momentum_weak,,,,,,,,,,,,,,,,,,,,,,,,,,,
14923644,2026-10-01 15:49:49,sim13,009420,,skip,theme_momentum_weak,,,,,,,,,,,,,,,,,,,,,,,,,,,
14923644,2026-10-01 15:49:49,sim13,023150,,skip,theme_momentum_weak,,,,,,,,,,,,,,,,,,,,,,,,,,,
14923644,2026-10-01 15:49:49,sim13,069640,,skip,theme_momentum_weak,,,,,,,,,,,,,,,,,,,,,,,,,,,
14923644,2026-10-01 15:49:49,sim13,012030,,skip,adx_weak,,,,35.77142857142857,,,,,,,,,,,,,,,,,,,,,,,
14923644,2026-10-01 15:49:49,sim13,055490,,skip,theme_momentum_weak,,,,,,,,,,,,,,,,,,,,,,,,,,,
14923644,2026-10-01 15:49:49,sim13,0126Z0,,skip,theme_momentum_weak,,,,,,,,,,,,,,,,,,,,,,,,,,,
14923644,2026-10-01 15:49:49,sim13,480370,,skip,adx_weak,,,,25.87601078167116,,,,,,,,,,,,,,,,,,,,,,,
14923644,2026-10-01 15:49:49,sim13,014680,,skip,no_frgn_support,,,,,,,,,,,,,,,,,,,,,,,,,,,
14923644,2026-10-01 15:49:49,sim13,109070,,skip,amount_not_surprised,,,,,,,,,,,,,,,,,,,,,,,,,,,
14923644,2026-10-01 15:49:49,sim13,004710,,skip,no_frgn_support,,,,,,,,,,,,,,,,,,,,,,,,,,,
14923644,2026-10-01 15:49:49,sim13,011690,,skip,theme_momentum_weak,,,,,,,,,,,,,,,,,,,,,,,,,,,
14923644,2026-10-01 15:49:49,sim13,195870,,skip,adx_weak,,,,26.332288401253916,,,,,,,,,,,,,,,,,,,,,,,
14923644,2026-10-01 15:49:49,sim13,093050,,skip,theme_momentum_weak,,,,,,,,,,,,,,,,,,,,,,,,,,,
14923644,2026-10-01 15:49:49,sim13,112610,,skip,theme_momentum_weak,,,,,,,,,,,,,,,,,,,,,,,,,,,
14923644,2026-10-01 15:49:49,sim13,35320K,,skip,theme_momentum_weak,,,,,,,,,,,,,,,,,,,,,,,,,,,
14923644,2026-10-01 15:49:49,sim13,004105,,skip,no_frgn_support,,,,,,,,,,,,,,,,,,,,,,,,,,,
14923644,2026-10-01 15:49:49,sim13,007660,,skip,theme_momentum_weak,,,,,,,,,,,,,,,,,,,,,,,,,,,
14923644,2026-10-01 15:49:49,sim13,008060,,skip,theme_momentum_weak,,,,,,,,,,,,,,,,,,,,,,,,,,,
14923644,2026-10-01 15:49:49,sim13,002360,,skip,amount_not_surprised,,,,,,,,,,,,,,,,,,,,,,,,,,,
14923644,2026-10-01 15:49:49,sim13,001820,,skip,adx_weak,,,,38.26173826173826,,,,,,,,,,,,,,,,,,,,,,,
14923644,2026-10-01 15:49:49,sim13,007810,,skip,adx_weak,,,,31.458333333333332,,,,,,,,,,,,,,,,,,,,,,,
