cycle_id,ts,sim,code,name,decision,reason,price,change_rate,amount,adx,tick_power,posts,unique_posters,posts_per_poster,avg_posts,buzz_ratio,total_likes,likes_per_post,sov,z_posters,z_sov,z_likes,ignition,hype_score,fact_score,z_hype,d_sov,d_hype,accel,accel_d1,hist_missing,hist_days_ago,ignition4
14927760,2026-10-07 09:02:04,sim12,002720,,skip,avoid_frgn_sell_20d,,,,,,,,,,,,,,,,,,,,,,,,,,,
14927760,2026-10-07 09:02:04,sim12,019175,,skip,avoid_amount_dry,,,,,,,,,,,,,,,,,,,,,,,,,,,
14927760,2026-10-07 09:02:04,sim12,009190,,skip,avoid_amount_dry,,,,,,,,,,,,,,,,,,,,,,,,,,,
14927760,2026-10-07 09:02:04,sim12,003220,,skip,pb2_not_crashed,,,,,,,,,,,,,,,,,,,,,,,,,,,
14927760,2026-10-07 09:02:04,sim12,002360,,skip,avoid_amount_dry,,,,,,,,,,,,,,,,,,,,,,,,,,,
14927760,2026-10-07 09:02:04,sim12,007280,,skip,avoid_amount_dry,,,,,,,,,,,,,,,,,,,,,,,,,,,
14927760,2026-10-07 09:02:04,sim12,000500,,skip,avoid_amount_dry,,,,,,,,,,,,,,,,,,,,,,,,,,,
14927760,2026-10-07 09:02:04,sim12,001360,,skip,avoid_amount_dry,,,,,,,,,,,,,,,,,,,,,,,,,,,
14927760,2026-10-07 09:02:04,sim12,063160,,skip,avoid_amount_dry,,,,,,,,,,,,,,,,,,,,,,,,,,,
14927760,2026-10-07 09:02:04,sim12,137310,,skip,avoid_amount_dry,,,,,,,,,,,,,,,,,,,,,,,,,,,
14927760,2026-10-07 09:02:04,sim12,161890,,skip,avoid_amount_dry,,,,,,,,,,,,,,,,,,,,,,,,,,,
14927760,2026-10-07 09:02:04,sim12,111770,,skip,avoid_amount_dry,,,,,,,,,,,,,,,,,,,,,,,,,,,
14927760,2026-10-07 09:02:04,sim12,011700,,skip,avoid_amount_dry,,,,,,,,,,,,,,,,,,,,,,,,,,,
14927760,2026-10-07 09:02:04,sim12,192820,,skip,avoid_amount_dry,,,,,,,,,,,,,,,,,,,,,,,,,,,
14927760,2026-10-07 09:02:04,sim12,241590,,skip,avoid_amount_dry,,,,,,,,,,,,,,,,,,,,,,,,,,,
14927760,2026-10-07 09:02:04,sim12,38380K,,skip,avoid_amount_dry,,,,,,,,,,,,,,,,,,,,,,,,,,,
14927760,2026-10-07 09:02:04,sim12,010400,,skip,avoid_amount_dry,,,,,,,,,,,,,,,,,,,,,,,,,,,
14927760,2026-10-07 09:02:04,sim12,062040,,skip,avoid_amount_dry,,,,,,,,,,,,,,,,,,,,,,,,,,,
14927760,2026-10-07 09:02:04,sim12,000227,,skip,avoid_amount_dry,,,,,,,,,,,,,,,,,,,,,,,,,,,
14927760,2026-10-07 09:02:04,sim12,229640,,skip,avoid_amount_dry,,,,,,,,,,,,,,,,,,,,,,,,,,,
14927760,2026-10-07 09:02:04,sim12,004835,,skip,avoid_amount_dry,,,,,,,,,,,,,,,,,,,,,,,,,,,
14927760,2026-10-07 09:02:04,sim12,044820,,skip,avoid_amount_dry,,,,,,,,,,,,,,,,,,,,,,,,,,,
14927760,2026-10-07 09:02:04,sim12,000215,,skip,avoid_amount_dry,,,,,,,,,,,,,,,,,,,,,,,,,,,
14927760,2026-10-07 09:02:04,sim12,009320,,skip,avoid_amount_dry,,,,,,,,,,,,,,,,,,,,,,,,,,,
14927760,2026-10-07 09:02:04,sim12,019685,,skip,avoid_amount_dry,,,,,,,,,,,,,,,,,,,,,,,,,,,
14927760,2026-10-07 09:02:04,sim12,052690,,skip,avoid_amount_dry,,,,,,,,,,,,,,,,,,,,,,,,,,,
14927760,2026-10-07 09:02:04,sim12,007120,,skip,avoid_amount_dry,,,,,,,,,,,,,,,,,,,,,,,,,,,
14927760,2026-10-07 09:02:04,sim12,010120,,skip,avoid_amount_dry,,,,,,,,,,,,,,,,,,,,,,,,,,,
14927760,2026-10-07 09:02:04,sim12,302440,,skip,avoid_amount_dry,,,,,,,,,,,,,,,,,,,,,,,,,,,
14927760,2026-10-07 09:02:04,sim12,001080,,skip,avoid_amount_dry,,,,,,,,,,,,,,,,,,,,,,,,,,,
14927760,2026-10-07 09:02:04,sim12,011155,,skip,avoid_amount_dry,,,,,,,,,,,,,,,,,,,,,,,,,,,
14927760,2026-10-07 09:02:04,sim12,007810,,skip,avoid_amount_dry,,,,,,,,,,,,,,,,,,,,,,,,,,,
14927760,2026-10-07 09:02:04,sim12,006650,,skip,avoid_amount_dry,,,,,,,,,,,,,,,,,,,,,,,,,,,
14927760,2026-10-07 09:02:04,sim12,272210,,skip,avoid_amount_dry,,,,,,,,,,,,,,,,,,,,,,,,,,,
14927760,2026-10-07 09:02:04,sim12,079550,,skip,avoid_amount_dry,,,,,,,,,,,,,,,,,,,,,,,,,,,
14927760,2026-10-07 09:02:04,sim12,090460,,skip,avoid_amount_dry,,,,,,,,,,,,,,,,,,,,,,,,,,,
14927760,2026-10-07 09:02:04,sim12,003160,,skip,avoid_amount_dry,,,,,,,,,,,,,,,,,,,,,,,,,,,
14927760,2026-10-07 09:02:04,sim12,383220,,skip,avoid_amount_dry,,,,,,,,,,,,,,,,,,,,,,,,,,,
14927760,2026-10-07 09:02:04,sim12,192650,,skip,avoid_amount_dry,,,,,,,,,,,,,,,,,,,,,,,,,,,
14927760,2026-10-07 09:02:04,sim12,000950,,skip,avoid_amount_dry,,,,,,,,,,,,,,,,,,,,,,,,,,,
14927760,2026-10-07 09:02:04,sim12,002787,,skip,avoid_amount_dry,,,,,,,,,,,,,,,,,,,,,,,,,,,
14927760,2026-10-07 09:02:04,sim12,032830,,skip,avoid_amount_dry,,,,,,,,,,,,,,,,,,,,,,,,,,,
14927760,2026-10-07 09:02:04,sim12,457190,,skip,avoid_amount_dry,,,,,,,,,,,,,,,,,,,,,,,,,,,
14927760,2026-10-07 09:02:04,sim12,118000,,skip,avoid_amount_dry,,,,,,,,,,,,,,,,,,,,,,,,,,,
14927760,2026-10-07 09:02:04,sim12,000660,,skip,avoid_amount_dry,,,,,,,,,,,,,,,,,,,,,,,,,,,
14927760,2026-10-07 09:02:04,sim12,003670,,skip,avoid_amount_dry,,,,,,,,,,,,,,,,,,,,,,,,,,,
14927760,2026-10-07 09:02:04,sim12,161000,,skip,avoid_amount_dry,,,,,,,,,,,,,,,,,,,,,,,,,,,
14927760,2026-10-07 09:02:04,sim12,33637L,,skip,avoid_amount_dry,,,,,,,,,,,,,,,,,,,,,,,,,,,
14927760,2026-10-07 09:02:04,sim12,001290,,skip,avoid_amount_dry,,,,,,,,,,,,,,,,,,,,,,,,,,,
14927760,2026-10-07 09:02:04,sim12,001420,,skip,avoid_amount_dry,,,,,,,,,,,,,,,,,,,,,,,,,,,
14927760,2026-10-07 09:02:04,sim12,02826K,,skip,avoid_amount_dry,,,,,,,,,,,,,,,,,,,,,,,,,,,
14927760,2026-10-07 09:02:04,sim12,019680,,skip,avoid_amount_dry,,,,,,,,,,,,,,,,,,,,,,,,,,,
14927760,2026-10-07 09:02:04,sim12,353200,,skip,avoid_amount_dry,,,,,,,,,,,,,,,,,,,,,,,,,,,
14927760,2026-10-07 09:02:04,sim12,071050,,skip,avoid_amount_dry,,,,,,,,,,,,,,,,,,,,,,,,,,,
14927760,2026-10-07 09:02:04,sim12,025620,,skip,avoid_amount_dry,,,,,,,,,,,,,,,,,,,,,,,,,,,
14927760,2026-10-07 09:02:04,sim12,443060,,skip,avoid_amount_dry,,,,,,,,,,,,,,,,,,,,,,,,,,,
14927760,2026-10-07 09:02:04,sim12,000700,,skip,avoid_amount_dry,,,,,,,,,,,,,,,,,,,,,,,,,,,
14927760,2026-10-07 09:02:04,sim12,010130,,skip,avoid_amount_dry,,,,,,,,,,,,,,,,,,,,,,,,,,,
14927760,2026-10-07 09:02:04,sim12,007660,,skip,avoid_amount_dry,,,,,,,,,,,,,,,,,,,,,,,,,,,
14927760,2026-10-07 09:02:04,sim12,051910,,skip,avoid_amount_dry,,,,,,,,,,,,,,,,,,,,,,,,,,,
14927761,2026-10-07 09:04:03,sim12,002720,,skip,avoid_frgn_sell_20d,,,,,,,,,,,,,,,,,,,,,,,,,,,
14927761,2026-10-07 09:04:03,sim12,019175,,skip,avoid_amount_dry,,,,,,,,,,,,,,,,,,,,,,,,,,,
14927761,2026-10-07 09:04:03,sim12,009190,,skip,avoid_amount_dry,,,,,,,,,,,,,,,,,,,,,,,,,,,
14927761,2026-10-07 09:04:03,sim12,019170,,skip,avoid_amount_dry,,,,,,,,,,,,,,,,,,,,,,,,,,,
14927761,2026-10-07 09:04:03,sim12,011700,,skip,avoid_amount_dry,,,,,,,,,,,,,,,,,,,,,,,,,,,
14927761,2026-10-07 09:04:03,sim12,012170,,skip,avoid_amount_dry,,,,,,,,,,,,,,,,,,,,,,,,,,,
14927761,2026-10-07 09:04:03,sim12,003220,,skip,pb2_not_crashed,,,,,,,,,,,,,,,,,,,,,,,,,,,
14927761,2026-10-07 09:04:03,sim12,002360,,skip,avoid_amount_dry,,,,,,,,,,,,,,,,,,,,,,,,,,,
14927761,2026-10-07 09:04:03,sim12,010400,,skip,avoid_amount_dry,,,,,,,,,,,,,,,,,,,,,,,,,,,
14927761,2026-10-07 09:04:03,sim12,161890,,skip,avoid_amount_dry,,,,,,,,,,,,,,,,,,,,,,,,,,,
14927761,2026-10-07 09:04:03,sim12,000500,,skip,avoid_amount_dry,,,,,,,,,,,,,,,,,,,,,,,,,,,
14927761,2026-10-07 09:04:03,sim12,063160,,skip,avoid_frgn_sell_20d,,,,,,,,,,,,,,,,,,,,,,,,,,,
14927761,2026-10-07 09:04:03,sim12,111770,,skip,avoid_amount_dry,,,,,,,,,,,,,,,,,,,,,,,,,,,
14927761,2026-10-07 09:04:03,sim12,090430,,skip,avoid_amount_dry,,,,,,,,,,,,,,,,,,,,,,,,,,,
14927761,2026-10-07 09:04:03,sim12,044820,,skip,avoid_amount_dry,,,,,,,,,,,,,,,,,,,,,,,,,,,
14927761,2026-10-07 09:04:03,sim12,38380K,,skip,avoid_amount_dry,,,,,,,,,,,,,,,,,,,,,,,,,,,
14927761,2026-10-07 09:04:03,sim12,137310,,skip,pb2_not_crashed,,,,,,,,,,,,,,,,,,,,,,,,,,,
14927761,2026-10-07 09:04:03,sim12,281820,,skip,avoid_amount_dry,,,,,,,,,,,,,,,,,,,,,,,,,,,
14927761,2026-10-07 09:04:03,sim12,000227,,skip,avoid_amount_dry,,,,,,,,,,,,,,,,,,,,,,,,,,,
14927761,2026-10-07 09:04:03,sim12,229640,,skip,avoid_amount_dry,,,,,,,,,,,,,,,,,,,,,,,,,,,
14927761,2026-10-07 09:04:03,sim12,226320,,skip,avoid_amount_dry,,,,,,,,,,,,,,,,,,,,,,,,,,,
14927761,2026-10-07 09:04:03,sim12,001360,,skip,avoid_amount_dry,,,,,,,,,,,,,,,,,,,,,,,,,,,
14927761,2026-10-07 09:04:03,sim12,192820,,skip,avoid_amount_dry,,,,,,,,,,,,,,,,,,,,,,,,,,,
14927761,2026-10-07 09:04:03,sim12,000215,,skip,avoid_amount_dry,,,,,,,,,,,,,,,,,,,,,,,,,,,
14927761,2026-10-07 09:04:03,sim12,217590,,skip,avoid_amount_dry,,,,,,,,,,,,,,,,,,,,,,,,,,,
14927761,2026-10-07 09:04:03,sim12,019685,,skip,avoid_amount_dry,,,,,,,,,,,,,,,,,,,,,,,,,,,
14927761,2026-10-07 09:04:03,sim12,052690,,skip,avoid_amount_dry,,,,,,,,,,,,,,,,,,,,,,,,,,,
14927761,2026-10-07 09:04:03,sim12,302440,,skip,avoid_amount_dry,,,,,,,,,,,,,,,,,,,,,,,,,,,
14927761,2026-10-07 09:04:03,sim12,002320,,skip,avoid_amount_dry,,,,,,,,,,,,,,,,,,,,,,,,,,,
14927761,2026-10-07 09:04:03,sim12,001080,,skip,avoid_amount_dry,,,,,,,,,,,,,,,,,,,,,,,,,,,
14927761,2026-10-07 09:04:03,sim12,480370,,skip,avoid_amount_dry,,,,,,,,,,,,,,,,,,,,,,,,,,,
14927761,2026-10-07 09:04:03,sim12,011155,,skip,avoid_amount_dry,,,,,,,,,,,,,,,,,,,,,,,,,,,
14927761,2026-10-07 09:04:03,sim12,006650,,skip,avoid_amount_dry,,,,,,,,,,,,,,,,,,,,,,,,,,,
14927761,2026-10-07 09:04:03,sim12,007810,,skip,avoid_amount_dry,,,,,,,,,,,,,,,,,,,,,,,,,,,
14927761,2026-10-07 09:04:03,sim12,020120,,skip,avoid_amount_dry,,,,,,,,,,,,,,,,,,,,,,,,,,,
14927761,2026-10-07 09:04:03,sim12,079550,,skip,avoid_amount_dry,,,,,,,,,,,,,,,,,,,,,,,,,,,
14927761,2026-10-07 09:04:03,sim12,272210,,skip,avoid_amount_dry,,,,,,,,,,,,,,,,,,,,,,,,,,,
14927761,2026-10-07 09:04:03,sim12,051910,,skip,avoid_amount_dry,,,,,,,,,,,,,,,,,,,,,,,,,,,
14927761,2026-10-07 09:04:03,sim12,001430,,skip,avoid_amount_dry,,,,,,,,,,,,,,,,,,,,,,,,,,,
14927761,2026-10-07 09:04:03,sim12,011170,,skip,avoid_amount_dry,,,,,,,,,,,,,,,,,,,,,,,,,,,
14927761,2026-10-07 09:04:03,sim12,090460,,skip,avoid_amount_dry,,,,,,,,,,,,,,,,,,,,,,,,,,,
14927761,2026-10-07 09:04:03,sim12,003670,,skip,avoid_amount_dry,,,,,,,,,,,,,,,,,,,,,,,,,,,
14927761,2026-10-07 09:04:03,sim12,011780,,skip,avoid_amount_dry,,,,,,,,,,,,,,,,,,,,,,,,,,,
14927761,2026-10-07 09:04:03,sim12,003160,,skip,avoid_amount_dry,,,,,,,,,,,,,,,,,,,,,,,,,,,
14927761,2026-10-07 09:04:03,sim12,000950,,skip,avoid_amount_dry,,,,,,,,,,,,,,,,,,,,,,,,,,,
14927761,2026-10-07 09:04:03,sim12,004985,,skip,avoid_amount_dry,,,,,,,,,,,,,,,,,,,,,,,,,,,
14927761,2026-10-07 09:04:03,sim12,457190,,skip,avoid_amount_dry,,,,,,,,,,,,,,,,,,,,,,,,,,,
14927761,2026-10-07 09:04:03,sim12,161000,,skip,avoid_amount_dry,,,,,,,,,,,,,,,,,,,,,,,,,,,
14927761,2026-10-07 09:04:03,sim12,18064K,,skip,avoid_amount_dry,,,,,,,,,,,,,,,,,,,,,,,,,,,
14927761,2026-10-07 09:04:03,sim12,007660,,skip,avoid_amount_dry,,,,,,,,,,,,,,,,,,,,,,,,,,,
14927761,2026-10-07 09:04:03,sim12,010130,,skip,avoid_amount_dry,,,,,,,,,,,,,,,,,,,,,,,,,,,
14927761,2026-10-07 09:04:03,sim12,118000,,skip,avoid_amount_dry,,,,,,,,,,,,,,,,,,,,,,,,,,,
14927761,2026-10-07 09:04:03,sim12,353200,,skip,avoid_amount_dry,,,,,,,,,,,,,,,,,,,,,,,,,,,
14927761,2026-10-07 09:04:03,sim12,001290,,skip,avoid_amount_dry,,,,,,,,,,,,,,,,,,,,,,,,,,,
14927761,2026-10-07 09:04:03,sim12,192650,,skip,avoid_amount_dry,,,,,,,,,,,,,,,,,,,,,,,,,,,
14927761,2026-10-07 09:04:03,sim12,267250,,skip,avoid_amount_dry,,,,,,,,,,,,,,,,,,,,,,,,,,,
14927761,2026-10-07 09:04:03,sim12,042700,,skip,avoid_amount_dry,,,,,,,,,,,,,,,,,,,,,,,,,,,
14927761,2026-10-07 09:04:03,sim12,002787,,skip,avoid_amount_dry,,,,,,,,,,,,,,,,,,,,,,,,,,,
14927761,2026-10-07 09:04:03,sim12,005070,,skip,avoid_amount_dry,,,,,,,,,,,,,,,,,,,,,,,,,,,
14927761,2026-10-07 09:04:03,sim12,009420,,skip,avoid_amount_dry,,,,,,,,,,,,,,,,,,,,,,,,,,,
14927762,2026-10-07 09:06:16,sim12,002720,,skip,avoid_frgn_sell_20d,,,,,,,,,,,,,,,,,,,,,,,,,,,
14927762,2026-10-07 09:06:16,sim12,009190,,skip,avoid_amount_dry,,,,,,,,,,,,,,,,,,,,,,,,,,,
14927762,2026-10-07 09:06:16,sim12,019175,,skip,avoid_amount_dry,,,,,,,,,,,,,,,,,,,,,,,,,,,
14927762,2026-10-07 09:06:16,sim12,019170,,skip,pb2_not_crashed,,,,,,,,,,,,,,,,,,,,,,,,,,,
14927762,2026-10-07 09:06:16,sim12,011700,,skip,avoid_amount_dry,,,,,,,,,,,,,,,,,,,,,,,,,,,
14927762,2026-10-07 09:06:16,sim12,063160,,skip,avoid_frgn_sell_20d,,,,,,,,,,,,,,,,,,,,,,,,,,,
14927762,2026-10-07 09:06:16,sim12,012170,,skip,avoid_amount_dry,,,,,,,,,,,,,,,,,,,,,,,,,,,
14927762,2026-10-07 09:06:16,sim12,003220,,skip,pb2_not_crashed,,,,,,,,,,,,,,,,,,,,,,,,,,,
14927762,2026-10-07 09:06:16,sim12,010400,,skip,avoid_amount_dry,,,,,,,,,,,,,,,,,,,,,,,,,,,
14927762,2026-10-07 09:06:16,sim12,161890,,skip,avoid_amount_dry,,,,,,,,,,,,,,,,,,,,,,,,,,,
14927762,2026-10-07 09:06:16,sim12,090430,,skip,avoid_amount_dry,,,,,,,,,,,,,,,,,,,,,,,,,,,
14927762,2026-10-07 09:06:16,sim12,281820,,skip,avoid_amount_dry,,,,,,,,,,,,,,,,,,,,,,,,,,,
14927762,2026-10-07 09:06:16,sim12,002390,,skip,avoid_amount_dry,,,,,,,,,,,,,,,,,,,,,,,,,,,
14927762,2026-10-07 09:06:16,sim12,192820,,skip,avoid_amount_dry,,,,,,,,,,,,,,,,,,,,,,,,,,,
14927762,2026-10-07 09:06:16,sim12,001360,,skip,avoid_amount_dry,,,,,,,,,,,,,,,,,,,,,,,,,,,
14927762,2026-10-07 09:06:16,sim12,111770,,skip,avoid_amount_dry,,,,,,,,,,,,,,,,,,,,,,,,,,,
14927762,2026-10-07 09:06:16,sim12,007460,,skip,avoid_amount_dry,,,,,,,,,,,,,,,,,,,,,,,,,,,
14927762,2026-10-07 09:06:16,sim12,000227,,skip,avoid_amount_dry,,,,,,,,,,,,,,,,,,,,,,,,,,,
14927762,2026-10-07 09:06:16,sim12,000500,,skip,avoid_amount_dry,,,,,,,,,,,,,,,,,,,,,,,,,,,
14927762,2026-10-07 09:06:16,sim12,137310,,skip,pb2_not_crashed,,,,,,,,,,,,,,,,,,,,,,,,,,,
14927762,2026-10-07 09:06:16,sim12,062040,,skip,avoid_amount_dry,,,,,,,,,,,,,,,,,,,,,,,,,,,
14927762,2026-10-07 09:06:16,sim12,005180,,skip,avoid_amount_dry,,,,,,,,,,,,,,,,,,,,,,,,,,,
14927762,2026-10-07 09:06:16,sim12,044820,,skip,avoid_amount_dry,,,,,,,,,,,,,,,,,,,,,,,,,,,
14927762,2026-10-07 09:06:16,sim12,465770,,skip,avoid_amount_dry,,,,,,,,,,,,,,,,,,,,,,,,,,,
14927762,2026-10-07 09:06:16,sim12,217590,,skip,avoid_amount_dry,,,,,,,,,,,,,,,,,,,,,,,,,,,
14927762,2026-10-07 09:06:16,sim12,128940,,skip,avoid_amount_dry,,,,,,,,,,,,,,,,,,,,,,,,,,,
14927762,2026-10-07 09:06:16,sim12,229640,,skip,avoid_amount_dry,,,,,,,,,,,,,,,,,,,,,,,,,,,
14927762,2026-10-07 09:06:16,sim12,019685,,skip,avoid_amount_dry,,,,,,,,,,,,,,,,,,,,,,,,,,,
14927762,2026-10-07 09:06:16,sim12,126720,,skip,avoid_amount_dry,,,,,,,,,,,,,,,,,,,,,,,,,,,
14927762,2026-10-07 09:06:16,sim12,002360,,skip,avoid_amount_dry,,,,,,,,,,,,,,,,,,,,,,,,,,,
14927762,2026-10-07 09:06:16,sim12,011155,,skip,avoid_amount_dry,,,,,,,,,,,,,,,,,,,,,,,,,,,
14927762,2026-10-07 09:06:16,sim12,006650,,skip,avoid_amount_dry,,,,,,,,,,,,,,,,,,,,,,,,,,,
14927762,2026-10-07 09:06:16,sim12,480370,,skip,avoid_amount_dry,,,,,,,,,,,,,,,,,,,,,,,,,,,
14927762,2026-10-07 09:06:16,sim12,003670,,skip,avoid_amount_dry,,,,,,,,,,,,,,,,,,,,,,,,,,,
14927762,2026-10-07 09:06:16,sim12,003160,,skip,avoid_amount_dry,,,,,,,,,,,,,,,,,,,,,,,,,,,
14927762,2026-10-07 09:06:16,sim12,020120,,skip,avoid_amount_dry,,,,,,,,,,,,,,,,,,,,,,,,,,,
14927762,2026-10-07 09:06:16,sim12,007810,,skip,avoid_amount_dry,,,,,,,,,,,,,,,,,,,,,,,,,,,
14927762,2026-10-07 09:06:16,sim12,051910,,skip,avoid_amount_dry,,,,,,,,,,,,,,,,,,,,,,,,,,,
14927762,2026-10-07 09:06:16,sim12,001430,,skip,avoid_amount_dry,,,,,,,,,,,,,,,,,,,,,,,,,,,
14927762,2026-10-07 09:06:16,sim12,011170,,skip,avoid_amount_dry,,,,,,,,,,,,,,,,,,,,,,,,,,,
14927762,2026-10-07 09:06:16,sim12,272210,,skip,avoid_amount_dry,,,,,,,,,,,,,,,,,,,,,,,,,,,
14927762,2026-10-07 09:06:16,sim12,011780,,skip,avoid_amount_dry,,,,,,,,,,,,,,,,,,,,,,,,,,,
14927762,2026-10-07 09:06:16,sim12,457190,,skip,avoid_amount_dry,,,,,,,,,,,,,,,,,,,,,,,,,,,
14927762,2026-10-07 09:06:16,sim12,005070,,skip,avoid_amount_dry,,,,,,,,,,,,,,,,,,,,,,,,,,,
14927762,2026-10-07 09:06:16,sim12,093370,,skip,avoid_amount_dry,,,,,,,,,,,,,,,,,,,,,,,,,,,
14927762,2026-10-07 09:06:16,sim12,192650,,skip,avoid_amount_dry,,,,,,,,,,,,,,,,,,,,,,,,,,,
14927762,2026-10-07 09:06:16,sim12,007660,,skip,avoid_amount_dry,,,,,,,,,,,,,,,,,,,,,,,,,,,
14927762,2026-10-07 09:06:16,sim12,353200,,skip,avoid_amount_dry,,,,,,,,,,,,,,,,,,,,,,,,,,,
14927762,2026-10-07 09:06:16,sim12,001420,,skip,avoid_amount_dry,,,,,,,,,,,,,,,,,,,,,,,,,,,
14927762,2026-10-07 09:06:16,sim12,161000,,skip,avoid_amount_dry,,,,,,,,,,,,,,,,,,,,,,,,,,,
14927762,2026-10-07 09:06:16,sim12,000950,,skip,avoid_amount_dry,,,,,,,,,,,,,,,,,,,,,,,,,,,
14927762,2026-10-07 09:06:16,sim12,021820,,skip,avoid_amount_dry,,,,,,,,,,,,,,,,,,,,,,,,,,,
14927762,2026-10-07 09:06:16,sim12,079550,,skip,avoid_amount_dry,,,,,,,,,,,,,,,,,,,,,,,,,,,
14927762,2026-10-07 09:06:16,sim12,066575,,skip,avoid_amount_dry,,,,,,,,,,,,,,,,,,,,,,,,,,,
14927762,2026-10-07 09:06:16,sim12,373220,,skip,avoid_amount_dry,,,,,,,,,,,,,,,,,,,,,,,,,,,
14927762,2026-10-07 09:06:16,sim12,090460,,skip,avoid_amount_dry,,,,,,,,,,,,,,,,,,,,,,,,,,,
14927762,2026-10-07 09:06:16,sim12,450080,,skip,avoid_amount_dry,,,,,,,,,,,,,,,,,,,,,,,,,,,
14927762,2026-10-07 09:06:16,sim12,009420,,skip,avoid_amount_dry,,,,,,,,,,,,,,,,,,,,,,,,,,,
14927762,2026-10-07 09:06:16,sim12,000880,,skip,avoid_amount_dry,,,,,,,,,,,,,,,,,,,,,,,,,,,
14927762,2026-10-07 09:06:16,sim12,000210,,skip,avoid_amount_dry,,,,,,,,,,,,,,,,,,,,,,,,,,,
14927763,2026-10-07 09:08:07,sim12,002720,,skip,avoid_frgn_sell_20d,,,,,,,,,,,,,,,,,,,,,,,,,,,
14927763,2026-10-07 09:08:07,sim12,009190,,skip,avoid_deadcat,,,,,,,,,,,,,,,,,,,,,,,,,,,
14927763,2026-10-07 09:08:07,sim12,019175,,skip,avoid_amount_dry,,,,,,,,,,,,,,,,,,,,,,,,,,,
14927763,2026-10-07 09:08:07,sim12,019170,,skip,pb2_not_crashed,,,,,,,,,,,,,,,,,,,,,,,,,,,
14927763,2026-10-07 09:08:07,sim12,063160,,skip,avoid_frgn_sell_20d,,,,,,,,,,,,,,,,,,,,,,,,,,,
14927763,2026-10-07 09:08:07,sim12,015260,,skip,avoid_amount_dry,,,,,,,,,,,,,,,,,,,,,,,,,,,
14927763,2026-10-07 09:08:07,sim12,011700,,skip,pb2_not_crashed,,,,,,,,,,,,,,,,,,,,,,,,,,,
14927763,2026-10-07 09:08:07,sim12,161890,,skip,avoid_amount_dry,,,,,,,,,,,,,,,,,,,,,,,,,,,
14927763,2026-10-07 09:08:07,sim12,003220,,skip,pb2_not_crashed,,,,,,,,,,,,,,,,,,,,,,,,,,,
14927763,2026-10-07 09:08:07,sim12,002360,,skip,avoid_amount_dry,,,,,,,,,,,,,,,,,,,,,,,,,,,
14927763,2026-10-07 09:08:07,sim12,010400,,skip,avoid_amount_dry,,,,,,,,,,,,,,,,,,,,,,,,,,,
14927763,2026-10-07 09:08:07,sim12,090430,,skip,avoid_amount_dry,,,,,,,,,,,,,,,,,,,,,,,,,,,
14927763,2026-10-07 09:08:07,sim12,001360,,skip,avoid_amount_dry,,,,,,,,,,,,,,,,,,,,,,,,,,,
14927763,2026-10-07 09:08:07,sim12,192820,,skip,avoid_amount_dry,,,,,,,,,,,,,,,,,,,,,,,,,,,
14927763,2026-10-07 09:08:07,sim12,111770,,skip,avoid_amount_dry,,,,,,,,,,,,,,,,,,,,,,,,,,,
14927763,2026-10-07 09:08:07,sim12,036570,,skip,avoid_amount_dry,,,,,,,,,,,,,,,,,,,,,,,,,,,
14927763,2026-10-07 09:08:07,sim12,002390,,skip,avoid_amount_dry,,,,,,,,,,,,,,,,,,,,,,,,,,,
14927763,2026-10-07 09:08:07,sim12,281820,,skip,avoid_amount_dry,,,,,,,,,,,,,,,,,,,,,,,,,,,
14927763,2026-10-07 09:08:07,sim12,003350,,skip,avoid_amount_dry,,,,,,,,,,,,,,,,,,,,,,,,,,,
14927763,2026-10-07 09:08:07,sim12,000500,,skip,avoid_amount_dry,,,,,,,,,,,,,,,,,,,,,,,,,,,
14927763,2026-10-07 09:08:07,sim12,017180,,skip,avoid_amount_dry,,,,,,,,,,,,,,,,,,,,,,,,,,,
14927763,2026-10-07 09:08:07,sim12,013000,,skip,avoid_amount_dry,,,,,,,,,,,,,,,,,,,,,,,,,,,
14927763,2026-10-07 09:08:07,sim12,017900,,skip,avoid_amount_dry,,,,,,,,,,,,,,,,,,,,,,,,,,,
14927763,2026-10-07 09:08:07,sim12,126720,,skip,avoid_amount_dry,,,,,,,,,,,,,,,,,,,,,,,,,,,
14927763,2026-10-07 09:08:07,sim12,483650,,skip,avoid_amount_dry,,,,,,,,,,,,,,,,,,,,,,,,,,,
14927763,2026-10-07 09:08:07,sim12,302440,,skip,avoid_amount_dry,,,,,,,,,,,,,,,,,,,,,,,,,,,
14927763,2026-10-07 09:08:07,sim12,044820,,skip,avoid_amount_dry,,,,,,,,,,,,,,,,,,,,,,,,,,,
14927763,2026-10-07 09:08:07,sim12,005180,,skip,avoid_amount_dry,,,,,,,,,,,,,,,,,,,,,,,,,,,
14927763,2026-10-07 09:08:07,sim12,137310,,skip,pb2_not_crashed,,,,,,,,,,,,,,,,,,,,,,,,,,,
14927763,2026-10-07 09:08:07,sim12,007460,,skip,avoid_amount_dry,,,,,,,,,,,,,,,,,,,,,,,,,,,
14927763,2026-10-07 09:08:07,sim12,011155,,skip,avoid_amount_dry,,,,,,,,,,,,,,,,,,,,,,,,,,,
14927763,2026-10-07 09:08:07,sim12,007810,,skip,avoid_amount_dry,,,,,,,,,,,,,,,,,,,,,,,,,,,
14927763,2026-10-07 09:08:07,sim12,003670,,skip,avoid_amount_dry,,,,,,,,,,,,,,,,,,,,,,,,,,,
14927763,2026-10-07 09:08:07,sim12,020120,,skip,avoid_amount_dry,,,,,,,,,,,,,,,,,,,,,,,,,,,
14927763,2026-10-07 09:08:07,sim12,006650,,skip,avoid_amount_dry,,,,,,,,,,,,,,,,,,,,,,,,,,,
14927763,2026-10-07 09:08:07,sim12,051910,,skip,avoid_amount_dry,,,,,,,,,,,,,,,,,,,,,,,,,,,
14927763,2026-10-07 09:08:07,sim12,003160,,skip,avoid_amount_dry,,,,,,,,,,,,,,,,,,,,,,,,,,,
14927763,2026-10-07 09:08:07,sim12,353200,,skip,avoid_amount_dry,,,,,,,,,,,,,,,,,,,,,,,,,,,
14927763,2026-10-07 09:08:07,sim12,011780,,skip,avoid_amount_dry,,,,,,,,,,,,,,,,,,,,,,,,,,,
14927763,2026-10-07 09:08:07,sim12,210980,,skip,avoid_amount_dry,,,,,,,,,,,,,,,,,,,,,,,,,,,
14927763,2026-10-07 09:08:07,sim12,001430,,skip,avoid_amount_dry,,,,,,,,,,,,,,,,,,,,,,,,,,,
14927763,2026-10-07 09:08:07,sim12,011170,,skip,avoid_amount_dry,,,,,,,,,,,,,,,,,,,,,,,,,,,
14927763,2026-10-07 09:08:07,sim12,001560,,skip,avoid_amount_dry,,,,,,,,,,,,,,,,,,,,,,,,,,,
14927763,2026-10-07 09:08:07,sim12,000950,,skip,avoid_amount_dry,,,,,,,,,,,,,,,,,,,,,,,,,,,
14927763,2026-10-07 09:08:07,sim12,090460,,skip,avoid_amount_dry,,,,,,,,,,,,,,,,,,,,,,,,,,,
14927763,2026-10-07 09:08:07,sim12,093370,,skip,avoid_amount_dry,,,,,,,,,,,,,,,,,,,,,,,,,,,
14927763,2026-10-07 09:08:07,sim12,007660,,skip,avoid_amount_dry,,,,,,,,,,,,,,,,,,,,,,,,,,,
14927763,2026-10-07 09:08:07,sim12,161000,,skip,avoid_amount_dry,,,,,,,,,,,,,,,,,,,,,,,,,,,
14927763,2026-10-07 09:08:07,sim12,272210,,skip,avoid_amount_dry,,,,,,,,,,,,,,,,,,,,,,,,,,,
14927763,2026-10-07 09:08:07,sim12,079550,,skip,avoid_amount_dry,,,,,,,,,,,,,,,,,,,,,,,,,,,
14927763,2026-10-07 09:08:07,sim12,000880,,skip,avoid_amount_dry,,,,,,,,,,,,,,,,,,,,,,,,,,,
14927763,2026-10-07 09:08:07,sim12,192650,,skip,avoid_amount_dry,,,,,,,,,,,,,,,,,,,,,,,,,,,
14927763,2026-10-07 09:08:07,sim12,118000,,skip,avoid_amount_dry,,,,,,,,,,,,,,,,,,,,,,,,,,,
14927763,2026-10-07 09:08:07,sim12,066575,,skip,avoid_amount_dry,,,,,,,,,,,,,,,,,,,,,,,,,,,
14927763,2026-10-07 09:08:07,sim12,021820,,skip,avoid_amount_dry,,,,,,,,,,,,,,,,,,,,,,,,,,,
14927763,2026-10-07 09:08:07,sim12,457190,,skip,avoid_amount_dry,,,,,,,,,,,,,,,,,,,,,,,,,,,
14927763,2026-10-07 09:08:07,sim12,066570,,skip,avoid_amount_dry,,,,,,,,,,,,,,,,,,,,,,,,,,,
14927763,2026-10-07 09:08:07,sim12,010130,,skip,avoid_amount_dry,,,,,,,,,,,,,,,,,,,,,,,,,,,
14927763,2026-10-07 09:08:07,sim12,002787,,skip,avoid_amount_dry,,,,,,,,,,,,,,,,,,,,,,,,,,,
14927763,2026-10-07 09:08:07,sim12,000157,,skip,held_or_cooldown,,,,,,,,,,,,,,,,,,,,,,,,,,,
14927764,2026-10-07 09:10:14,sim12,009190,,skip,avoid_deadcat,,,,,,,,,,,,,,,,,,,,,,,,,,,
14927764,2026-10-07 09:10:14,sim12,002720,,skip,avoid_frgn_sell_20d,,,,,,,,,,,,,,,,,,,,,,,,,,,
14927764,2026-10-07 09:10:14,sim12,019175,,skip,avoid_amount_dry,,,,,,,,,,,,,,,,,,,,,,,,,,,
14927764,2026-10-07 09:10:14,sim12,019170,,skip,pb2_not_crashed,,,,,,,,,,,,,,,,,,,,,,,,,,,
14927764,2026-10-07 09:10:14,sim12,161890,,skip,avoid_amount_dry,,,,,,,,,,,,,,,,,,,,,,,,,,,
14927764,2026-10-07 09:10:14,sim12,003350,,skip,avoid_amount_dry,,,,,,,,,,,,,,,,,,,,,,,,,,,
14927764,2026-10-07 09:10:14,sim12,281820,,skip,avoid_amount_dry,,,,,,,,,,,,,,,,,,,,,,,,,,,
14927764,2026-10-07 09:10:14,sim12,015260,,skip,avoid_amount_dry,,,,,,,,,,,,,,,,,,,,,,,,,,,
14927764,2026-10-07 09:10:14,sim12,063160,,skip,avoid_frgn_sell_20d,,,,,,,,,,,,,,,,,,,,,,,,,,,
14927764,2026-10-07 09:10:14,sim12,003220,,skip,pb2_not_crashed,,,,,,,,,,,,,,,,,,,,,,,,,,,
14927764,2026-10-07 09:10:14,sim12,090430,,skip,avoid_amount_dry,,,,,,,,,,,,,,,,,,,,,,,,,,,
14927764,2026-10-07 09:10:14,sim12,011700,,skip,pb2_not_crashed,,,,,,,,,,,,,,,,,,,,,,,,,,,
14927764,2026-10-07 09:10:14,sim12,111770,,skip,avoid_amount_dry,,,,,,,,,,,,,,,,,,,,,,,,,,,
14927764,2026-10-07 09:10:14,sim12,036570,,skip,avoid_amount_dry,,,,,,,,,,,,,,,,,,,,,,,,,,,
14927764,2026-10-07 09:10:14,sim12,012320,,skip,avoid_amount_dry,,,,,,,,,,,,,,,,,,,,,,,,,,,
14927764,2026-10-07 09:10:14,sim12,002360,,skip,avoid_amount_dry,,,,,,,,,,,,,,,,,,,,,,,,,,,
14927764,2026-10-07 09:10:14,sim12,007460,,skip,avoid_amount_dry,,,,,,,,,,,,,,,,,,,,,,,,,,,
14927764,2026-10-07 09:10:14,sim12,192820,,skip,avoid_amount_dry,,,,,,,,,,,,,,,,,,,,,,,,,,,
14927764,2026-10-07 09:10:14,sim12,000500,,skip,avoid_amount_dry,,,,,,,,,,,,,,,,,,,,,,,,,,,
14927764,2026-10-07 09:10:14,sim12,062040,,skip,avoid_amount_dry,,,,,,,,,,,,,,,,,,,,,,,,,,,
14927764,2026-10-07 09:10:14,sim12,007570,,skip,avoid_amount_dry,,,,,,,,,,,,,,,,,,,,,,,,,,,
14927764,2026-10-07 09:10:14,sim12,013000,,skip,avoid_amount_dry,,,,,,,,,,,,,,,,,,,,,,,,,,,
14927764,2026-10-07 09:10:14,sim12,044820,,skip,avoid_amount_dry,,,,,,,,,,,,,,,,,,,,,,,,,,,
14927764,2026-10-07 09:10:14,sim12,005180,,skip,avoid_amount_dry,,,,,,,,,,,,,,,,,,,,,,,,,,,
14927764,2026-10-07 09:10:14,sim12,137310,,skip,pb2_not_crashed,,,,,,,,,,,,,,,,,,,,,,,,,,,
14927764,2026-10-07 09:10:14,sim12,002390,,skip,avoid_frgn_sell_20d,,,,,,,,,,,,,,,,,,,,,,,,,,,
14927764,2026-10-07 09:10:14,sim12,302440,,skip,avoid_amount_dry,,,,,,,,,,,,,,,,,,,,,,,,,,,
14927764,2026-10-07 09:10:14,sim12,248070,,skip,avoid_amount_dry,,,,,,,,,,,,,,,,,,,,,,,,,,,
14927764,2026-10-07 09:10:14,sim12,000227,,skip,avoid_amount_dry,,,,,,,,,,,,,,,,,,,,,,,,,,,
14927764,2026-10-07 09:10:14,sim12,126720,,skip,avoid_amount_dry,,,,,,,,,,,,,,,,,,,,,,,,,,,
14927764,2026-10-07 09:10:14,sim12,011155,,skip,avoid_amount_dry,,,,,,,,,,,,,,,,,,,,,,,,,,,
14927764,2026-10-07 09:10:14,sim12,003670,,skip,avoid_amount_dry,,,,,,,,,,,,,,,,,,,,,,,,,,,
14927764,2026-10-07 09:10:14,sim12,210980,,skip,avoid_amount_dry,,,,,,,,,,,,,,,,,,,,,,,,,,,
14927764,2026-10-07 09:10:14,sim12,007810,,skip,avoid_amount_dry,,,,,,,,,,,,,,,,,,,,,,,,,,,
14927764,2026-10-07 09:10:14,sim12,353200,,skip,avoid_amount_dry,,,,,,,,,,,,,,,,,,,,,,,,,,,
14927764,2026-10-07 09:10:14,sim12,051910,,skip,avoid_amount_dry,,,,,,,,,,,,,,,,,,,,,,,,,,,
14927764,2026-10-07 09:10:14,sim12,006650,,skip,avoid_amount_dry,,,,,,,,,,,,,,,,,,,,,,,,,,,
14927764,2026-10-07 09:10:14,sim12,020120,,skip,avoid_amount_dry,,,,,,,,,,,,,,,,,,,,,,,,,,,
14927764,2026-10-07 09:10:14,sim12,001430,,skip,avoid_amount_dry,,,,,,,,,,,,,,,,,,,,,,,,,,,
14927764,2026-10-07 09:10:14,sim12,457190,,skip,avoid_amount_dry,,,,,,,,,,,,,,,,,,,,,,,,,,,
14927764,2026-10-07 09:10:14,sim12,011780,,skip,avoid_amount_dry,,,,,,,,,,,,,,,,,,,,,,,,,,,
14927764,2026-10-07 09:10:14,sim12,093370,,skip,avoid_amount_dry,,,,,,,,,,,,,,,,,,,,,,,,,,,
14927764,2026-10-07 09:10:14,sim12,066575,,skip,avoid_amount_dry,,,,,,,,,,,,,,,,,,,,,,,,,,,
14927764,2026-10-07 09:10:14,sim12,011170,,skip,avoid_amount_dry,,,,,,,,,,,,,,,,,,,,,,,,,,,
14927764,2026-10-07 09:10:14,sim12,480370,,skip,avoid_amount_dry,,,,,,,,,,,,,,,,,,,,,,,,,,,
14927764,2026-10-07 09:10:14,sim12,192650,,skip,avoid_amount_dry,,,,,,,,,,,,,,,,,,,,,,,,,,,
14927764,2026-10-07 09:10:14,sim12,000950,,skip,avoid_amount_dry,,,,,,,,,,,,,,,,,,,,,,,,,,,
14927764,2026-10-07 09:10:14,sim12,090460,,skip,avoid_amount_dry,,,,,,,,,,,,,,,,,,,,,,,,,,,
14927764,2026-10-07 09:10:14,sim12,004920,,skip,avoid_amount_dry,,,,,,,,,,,,,,,,,,,,,,,,,,,
14927764,2026-10-07 09:10:14,sim12,079550,,skip,avoid_amount_dry,,,,,,,,,,,,,,,,,,,,,,,,,,,
14927764,2026-10-07 09:10:14,sim12,003160,,skip,avoid_amount_dry,,,,,,,,,,,,,,,,,,,,,,,,,,,
14927764,2026-10-07 09:10:14,sim12,007660,,skip,avoid_amount_dry,,,,,,,,,,,,,,,,,,,,,,,,,,,
14927764,2026-10-07 09:10:14,sim12,161000,,skip,avoid_amount_dry,,,,,,,,,,,,,,,,,,,,,,,,,,,
14927764,2026-10-07 09:10:14,sim12,000880,,skip,avoid_amount_dry,,,,,,,,,,,,,,,,,,,,,,,,,,,
14927764,2026-10-07 09:10:14,sim12,118000,,skip,avoid_amount_dry,,,,,,,,,,,,,,,,,,,,,,,,,,,
14927764,2026-10-07 09:10:14,sim12,272210,,skip,avoid_amount_dry,,,,,,,,,,,,,,,,,,,,,,,,,,,
14927764,2026-10-07 09:10:14,sim12,021820,,skip,avoid_amount_dry,,,,,,,,,,,,,,,,,,,,,,,,,,,
14927764,2026-10-07 09:10:14,sim12,066570,,skip,avoid_amount_dry,,,,,,,,,,,,,,,,,,,,,,,,,,,
14927764,2026-10-07 09:10:14,sim12,002787,,skip,avoid_amount_dry,,,,,,,,,,,,,,,,,,,,,,,,,,,
14927764,2026-10-07 09:10:14,sim12,006400,,skip,avoid_amount_dry,,,,,,,,,,,,,,,,,,,,,,,,,,,
14927765,2026-10-07 09:12:16,sim12,009190,,skip,avoid_deadcat,,,,,,,,,,,,,,,,,,,,,,,,,,,
14927765,2026-10-07 09:12:16,sim12,002720,,skip,avoid_frgn_sell_20d,,,,,,,,,,,,,,,,,,,,,,,,,,,
14927765,2026-10-07 09:12:16,sim12,019175,,skip,avoid_amount_dry,,,,,,,,,,,,,,,,,,,,,,,,,,,
14927765,2026-10-07 09:12:16,sim12,015260,,skip,avoid_amount_dry,,,,,,,,,,,,,,,,,,,,,,,,,,,
14927765,2026-10-07 09:12:16,sim12,019170,,skip,pb2_not_crashed,,,,,,,,,,,,,,,,,,,,,,,,,,,
14927765,2026-10-07 09:12:16,sim12,003350,,skip,avoid_amount_dry,,,,,,,,,,,,,,,,,,,,,,,,,,,
14927765,2026-10-07 09:12:16,sim12,000500,,skip,avoid_amount_dry,,,,,,,,,,,,,,,,,,,,,,,,,,,
14927765,2026-10-07 09:12:16,sim12,161890,,skip,avoid_amount_dry,,,,,,,,,,,,,,,,,,,,,,,,,,,
14927765,2026-10-07 09:12:16,sim12,281820,,skip,avoid_amount_dry,,,,,,,,,,,,,,,,,,,,,,,,,,,
14927765,2026-10-07 09:12:16,sim12,111770,,skip,avoid_amount_dry,,,,,,,,,,,,,,,,,,,,,,,,,,,
14927765,2026-10-07 09:12:16,sim12,090430,,skip,avoid_amount_dry,,,,,,,,,,,,,,,,,,,,,,,,,,,
14927765,2026-10-07 09:12:16,sim12,036570,,skip,avoid_amount_dry,,,,,,,,,,,,,,,,,,,,,,,,,,,
14927765,2026-10-07 09:12:16,sim12,003220,,skip,pb2_not_crashed,,,,,,,,,,,,,,,,,,,,,,,,,,,
14927765,2026-10-07 09:12:16,sim12,192820,,skip,avoid_amount_dry,,,,,,,,,,,,,,,,,,,,,,,,,,,
14927765,2026-10-07 09:12:16,sim12,007460,,skip,avoid_amount_dry,,,,,,,,,,,,,,,,,,,,,,,,,,,
14927765,2026-10-07 09:12:16,sim12,063160,,skip,avoid_frgn_sell_20d,,,,,,,,,,,,,,,,,,,,,,,,,,,
14927765,2026-10-07 09:12:16,sim12,013000,,skip,avoid_amount_dry,,,,,,,,,,,,,,,,,,,,,,,,,,,
14927765,2026-10-07 09:12:16,sim12,012170,,skip,avoid_amount_dry,,,,,,,,,,,,,,,,,,,,,,,,,,,
14927765,2026-10-07 09:12:16,sim12,103590,,skip,avoid_amount_dry,,,,,,,,,,,,,,,,,,,,,,,,,,,
14927765,2026-10-07 09:12:16,sim12,062040,,skip,avoid_amount_dry,,,,,,,,,,,,,,,,,,,,,,,,,,,
14927765,2026-10-07 09:12:16,sim12,005180,,skip,avoid_amount_dry,,,,,,,,,,,,,,,,,,,,,,,,,,,
14927765,2026-10-07 09:12:16,sim12,226320,,skip,pb2_not_crashed,,,,,,,,,,,,,,,,,,,,,,,,,,,
14927765,2026-10-07 09:12:16,sim12,248070,,skip,avoid_amount_dry,,,,,,,,,,,,,,,,,,,,,,,,,,,
14927765,2026-10-07 09:12:16,sim12,229640,,skip,avoid_amount_dry,,,,,,,,,,,,,,,,,,,,,,,,,,,
14927765,2026-10-07 09:12:16,sim12,012320,,skip,avoid_amount_dry,,,,,,,,,,,,,,,,,,,,,,,,,,,
14927765,2026-10-07 09:12:16,sim12,078520,,skip,avoid_amount_dry,,,,,,,,,,,,,,,,,,,,,,,,,,,
14927765,2026-10-07 09:12:16,sim12,007570,,skip,avoid_amount_dry,,,,,,,,,,,,,,,,,,,,,,,,,,,
14927765,2026-10-07 09:12:16,sim12,123690,,skip,avoid_amount_dry,,,,,,,,,,,,,,,,,,,,,,,,,,,
14927765,2026-10-07 09:12:16,sim12,008040,,skip,avoid_amount_dry,,,,,,,,,,,,,,,,,,,,,,,,,,,
14927765,2026-10-07 09:12:16,sim12,010120,,skip,avoid_amount_dry,,,,,,,,,,,,,,,,,,,,,,,,,,,
14927765,2026-10-07 09:12:16,sim12,011155,,skip,avoid_amount_dry,,,,,,,,,,,,,,,,,,,,,,,,,,,
14927765,2026-10-07 09:12:16,sim12,003670,,skip,avoid_amount_dry,,,,,,,,,,,,,,,,,,,,,,,,,,,
14927765,2026-10-07 09:12:16,sim12,007810,,skip,avoid_amount_dry,,,,,,,,,,,,,,,,,,,,,,,,,,,
14927765,2026-10-07 09:12:16,sim12,353200,,skip,avoid_amount_dry,,,,,,,,,,,,,,,,,,,,,,,,,,,
14927765,2026-10-07 09:12:16,sim12,210980,,skip,avoid_amount_dry,,,,,,,,,,,,,,,,,,,,,,,,,,,
14927765,2026-10-07 09:12:16,sim12,003160,,skip,avoid_amount_dry,,,,,,,,,,,,,,,,,,,,,,,,,,,
14927765,2026-10-07 09:12:16,sim12,020120,,skip,avoid_amount_dry,,,,,,,,,,,,,,,,,,,,,,,,,,,
14927765,2026-10-07 09:12:16,sim12,006650,,skip,avoid_amount_dry,,,,,,,,,,,,,,,,,,,,,,,,,,,
14927765,2026-10-07 09:12:16,sim12,051910,,skip,avoid_amount_dry,,,,,,,,,,,,,,,,,,,,,,,,,,,
14927765,2026-10-07 09:12:16,sim12,35320K,,skip,avoid_amount_dry,,,,,,,,,,,,,,,,,,,,,,,,,,,
14927765,2026-10-07 09:12:16,sim12,090460,,skip,avoid_amount_dry,,,,,,,,,,,,,,,,,,,,,,,,,,,
14927765,2026-10-07 09:12:16,sim12,011780,,skip,avoid_amount_dry,,,,,,,,,,,,,,,,,,,,,,,,,,,
14927765,2026-10-07 09:12:16,sim12,001430,,skip,avoid_amount_dry,,,,,,,,,,,,,,,,,,,,,,,,,,,
14927765,2026-10-07 09:12:16,sim12,079550,,skip,avoid_amount_dry,,,,,,,,,,,,,,,,,,,,,,,,,,,
14927765,2026-10-07 09:12:16,sim12,066575,,skip,avoid_amount_dry,,,,,,,,,,,,,,,,,,,,,,,,,,,
14927765,2026-10-07 09:12:16,sim12,093370,,skip,avoid_amount_dry,,,,,,,,,,,,,,,,,,,,,,,,,,,
14927765,2026-10-07 09:12:16,sim12,004920,,skip,avoid_amount_dry,,,,,,,,,,,,,,,,,,,,,,,,,,,
14927765,2026-10-07 09:12:16,sim12,161000,,skip,avoid_amount_dry,,,,,,,,,,,,,,,,,,,,,,,,,,,
14927765,2026-10-07 09:12:16,sim12,007660,,skip,avoid_amount_dry,,,,,,,,,,,,,,,,,,,,,,,,,,,
14927765,2026-10-07 09:12:16,sim12,272210,,skip,avoid_amount_dry,,,,,,,,,,,,,,,,,,,,,,,,,,,
14927765,2026-10-07 09:12:16,sim12,000880,,skip,avoid_amount_dry,,,,,,,,,,,,,,,,,,,,,,,,,,,
14927765,2026-10-07 09:12:16,sim12,004985,,skip,avoid_amount_dry,,,,,,,,,,,,,,,,,,,,,,,,,,,
14927765,2026-10-07 09:12:16,sim12,000950,,skip,avoid_amount_dry,,,,,,,,,,,,,,,,,,,,,,,,,,,
14927765,2026-10-07 09:12:16,sim12,457190,,skip,avoid_amount_dry,,,,,,,,,,,,,,,,,,,,,,,,,,,
14927765,2026-10-07 09:12:16,sim12,009420,,skip,avoid_amount_dry,,,,,,,,,,,,,,,,,,,,,,,,,,,
14927765,2026-10-07 09:12:16,sim12,192650,,skip,avoid_amount_dry,,,,,,,,,,,,,,,,,,,,,,,,,,,
14927765,2026-10-07 09:12:16,sim12,011170,,skip,avoid_amount_dry,,,,,,,,,,,,,,,,,,,,,,,,,,,
14927765,2026-10-07 09:12:16,sim12,443060,,skip,avoid_amount_dry,,,,,,,,,,,,,,,,,,,,,,,,,,,
14927765,2026-10-07 09:12:16,sim12,021820,,skip,avoid_amount_dry,,,,,,,,,,,,,,,,,,,,,,,,,,,
14927765,2026-10-07 09:12:16,sim12,066570,,skip,avoid_amount_dry,,,,,,,,,,,,,,,,,,,,,,,,,,,
14927766,2026-10-07 09:14:10,sim12,009190,,skip,avoid_deadcat,,,,,,,,,,,,,,,,,,,,,,,,,,,
14927766,2026-10-07 09:14:10,sim12,002720,,skip,avoid_frgn_sell_20d,,,,,,,,,,,,,,,,,,,,,,,,,,,
14927766,2026-10-07 09:14:10,sim12,019175,,skip,avoid_amount_dry,,,,,,,,,,,,,,,,,,,,,,,,,,,
14927766,2026-10-07 09:14:10,sim12,015260,,skip,avoid_amount_dry,,,,,,,,,,,,,,,,,,,,,,,,,,,
14927766,2026-10-07 09:14:10,sim12,019170,,skip,pb2_not_crashed,,,,,,,,,,,,,,,,,,,,,,,,,,,
14927766,2026-10-07 09:14:10,sim12,281820,,skip,pb2_not_crashed,,,,,,,,,,,,,,,,,,,,,,,,,,,
14927766,2026-10-07 09:14:10,sim12,000500,,skip,avoid_amount_dry,,,,,,,,,,,,,,,,,,,,,,,,,,,
14927766,2026-10-07 09:14:10,sim12,003350,,skip,avoid_amount_dry,,,,,,,,,,,,,,,,,,,,,,,,,,,
14927766,2026-10-07 09:14:10,sim12,111770,,skip,avoid_amount_dry,,,,,,,,,,,,,,,,,,,,,,,,,,,
14927766,2026-10-07 09:14:10,sim12,007460,,skip,avoid_amount_dry,,,,,,,,,,,,,,,,,,,,,,,,,,,
14927766,2026-10-07 09:14:10,sim12,012170,,skip,avoid_amount_dry,,,,,,,,,,,,,,,,,,,,,,,,,,,
14927766,2026-10-07 09:14:10,sim12,036570,,skip,avoid_amount_dry,,,,,,,,,,,,,,,,,,,,,,,,,,,
14927766,2026-10-07 09:14:10,sim12,003220,,skip,pb2_not_crashed,,,,,,,,,,,,,,,,,,,,,,,,,,,
14927766,2026-10-07 09:14:10,sim12,005180,,skip,avoid_amount_dry,,,,,,,,,,,,,,,,,,,,,,,,,,,
14927766,2026-10-07 09:14:10,sim12,090430,,skip,avoid_amount_dry,,,,,,,,,,,,,,,,,,,,,,,,,,,
14927766,2026-10-07 09:14:10,sim12,044820,,skip,avoid_amount_dry,,,,,,,,,,,,,,,,,,,,,,,,,,,
14927766,2026-10-07 09:14:10,sim12,248070,,skip,avoid_amount_dry,,,,,,,,,,,,,,,,,,,,,,,,,,,
14927766,2026-10-07 09:14:10,sim12,161890,,skip,avoid_amount_dry,,,,,,,,,,,,,,,,,,,,,,,,,,,
14927766,2026-10-07 09:14:10,sim12,063160,,skip,avoid_frgn_sell_20d,,,,,,,,,,,,,,,,,,,,,,,,,,,
14927766,2026-10-07 09:14:10,sim12,229640,,skip,avoid_amount_dry,,,,,,,,,,,,,,,,,,,,,,,,,,,
14927766,2026-10-07 09:14:10,sim12,103590,,skip,avoid_amount_dry,,,,,,,,,,,,,,,,,,,,,,,,,,,
14927766,2026-10-07 09:14:10,sim12,011700,,skip,pb2_not_crashed,,,,,,,,,,,,,,,,,,,,,,,,,,,
14927766,2026-10-07 09:14:10,sim12,013000,,skip,avoid_amount_dry,,,,,,,,,,,,,,,,,,,,,,,,,,,
14927766,2026-10-07 09:14:10,sim12,352820,,skip,avoid_amount_dry,,,,,,,,,,,,,,,,,,,,,,,,,,,
14927766,2026-10-07 09:14:10,sim12,026890,,skip,avoid_amount_dry,,,,,,,,,,,,,,,,,,,,,,,,,,,
14927766,2026-10-07 09:14:10,sim12,078520,,skip,avoid_amount_dry,,,,,,,,,,,,,,,,,,,,,,,,,,,
14927766,2026-10-07 09:14:10,sim12,192820,,skip,avoid_amount_dry,,,,,,,,,,,,,,,,,,,,,,,,,,,
14927766,2026-10-07 09:14:10,sim12,012320,,skip,avoid_amount_dry,,,,,,,,,,,,,,,,,,,,,,,,,,,
14927766,2026-10-07 09:14:10,sim12,002390,,skip,avoid_frgn_sell_20d,,,,,,,,,,,,,,,,,,,,,,,,,,,
14927766,2026-10-07 09:14:10,sim12,002360,,skip,avoid_amount_dry,,,,,,,,,,,,,,,,,,,,,,,,,,,
14927766,2026-10-07 09:14:10,sim12,003670,,skip,avoid_amount_dry,,,,,,,,,,,,,,,,,,,,,,,,,,,
14927766,2026-10-07 09:14:10,sim12,011155,,skip,avoid_amount_dry,,,,,,,,,,,,,,,,,,,,,,,,,,,
14927766,2026-10-07 09:14:10,sim12,353200,,skip,avoid_amount_dry,,,,,,,,,,,,,,,,,,,,,,,,,,,
14927766,2026-10-07 09:14:10,sim12,007810,,skip,avoid_amount_dry,,,,,,,,,,,,,,,,,,,,,,,,,,,
14927766,2026-10-07 09:14:10,sim12,004920,,skip,avoid_amount_dry,,,,,,,,,,,,,,,,,,,,,,,,,,,
14927766,2026-10-07 09:14:10,sim12,210980,,skip,avoid_amount_dry,,,,,,,,,,,,,,,,,,,,,,,,,,,
14927766,2026-10-07 09:14:10,sim12,006650,,skip,avoid_amount_dry,,,,,,,,,,,,,,,,,,,,,,,,,,,
14927766,2026-10-07 09:14:10,sim12,066575,,skip,avoid_amount_dry,,,,,,,,,,,,,,,,,,,,,,,,,,,
14927766,2026-10-07 09:14:10,sim12,35320K,,skip,avoid_amount_dry,,,,,,,,,,,,,,,,,,,,,,,,,,,
14927766,2026-10-07 09:14:10,sim12,003160,,skip,avoid_amount_dry,,,,,,,,,,,,,,,,,,,,,,,,,,,
14927766,2026-10-07 09:14:10,sim12,443060,,skip,avoid_amount_dry,,,,,,,,,,,,,,,,,,,,,,,,,,,
14927766,2026-10-07 09:14:10,sim12,020120,,skip,avoid_amount_dry,,,,,,,,,,,,,,,,,,,,,,,,,,,
14927766,2026-10-07 09:14:10,sim12,000880,,skip,avoid_amount_dry,,,,,,,,,,,,,,,,,,,,,,,,,,,
14927766,2026-10-07 09:14:10,sim12,007660,,skip,avoid_amount_dry,,,,,,,,,,,,,,,,,,,,,,,,,,,
14927766,2026-10-07 09:14:10,sim12,051910,,skip,avoid_amount_dry,,,,,,,,,,,,,,,,,,,,,,,,,,,
14927766,2026-10-07 09:14:10,sim12,093370,,skip,avoid_amount_dry,,,,,,,,,,,,,,,,,,,,,,,,,,,
14927766,2026-10-07 09:14:10,sim12,011780,,skip,avoid_amount_dry,,,,,,,,,,,,,,,,,,,,,,,,,,,
14927766,2026-10-07 09:14:10,sim12,090460,,skip,avoid_amount_dry,,,,,,,,,,,,,,,,,,,,,,,,,,,
14927766,2026-10-07 09:14:10,sim12,457190,,skip,avoid_amount_dry,,,,,,,,,,,,,,,,,,,,,,,,,,,
14927766,2026-10-07 09:14:10,sim12,001430,,skip,avoid_amount_dry,,,,,,,,,,,,,,,,,,,,,,,,,,,
14927766,2026-10-07 09:14:10,sim12,079550,,skip,avoid_amount_dry,,,,,,,,,,,,,,,,,,,,,,,,,,,
14927766,2026-10-07 09:14:10,sim12,192650,,skip,avoid_amount_dry,,,,,,,,,,,,,,,,,,,,,,,,,,,
14927766,2026-10-07 09:14:10,sim12,103140,,skip,avoid_amount_dry,,,,,,,,,,,,,,,,,,,,,,,,,,,
14927766,2026-10-07 09:14:10,sim12,011170,,skip,avoid_amount_dry,,,,,,,,,,,,,,,,,,,,,,,,,,,
14927766,2026-10-07 09:14:10,sim12,066570,,skip,avoid_amount_dry,,,,,,,,,,,,,,,,,,,,,,,,,,,
14927766,2026-10-07 09:14:10,sim12,298040,,skip,avoid_amount_dry,,,,,,,,,,,,,,,,,,,,,,,,,,,
14927766,2026-10-07 09:14:10,sim12,272210,,skip,avoid_amount_dry,,,,,,,,,,,,,,,,,,,,,,,,,,,
14927766,2026-10-07 09:14:10,sim12,161000,,skip,avoid_amount_dry,,,,,,,,,,,,,,,,,,,,,,,,,,,
14927766,2026-10-07 09:14:10,sim12,004985,,skip,avoid_amount_dry,,,,,,,,,,,,,,,,,,,,,,,,,,,
14927766,2026-10-07 09:14:10,sim12,000950,,skip,avoid_amount_dry,,,,,,,,,,,,,,,,,,,,,,,,,,,
14927767,2026-10-07 09:16:05,sim12,009190,,skip,avoid_deadcat,,,,,,,,,,,,,,,,,,,,,,,,,,,
14927767,2026-10-07 09:16:05,sim12,002720,,skip,avoid_frgn_sell_20d,,,,,,,,,,,,,,,,,,,,,,,,,,,
14927767,2026-10-07 09:16:05,sim12,015260,,skip,avoid_amount_dry,,,,,,,,,,,,,,,,,,,,,,,,,,,
14927767,2026-10-07 09:16:05,sim12,019175,,skip,avoid_amount_dry,,,,,,,,,,,,,,,,,,,,,,,,,,,
14927767,2026-10-07 09:16:05,sim12,281820,,skip,pb2_not_crashed,,,,,,,,,,,,,,,,,,,,,,,,,,,
14927767,2026-10-07 09:16:05,sim12,019170,,skip,pb2_not_crashed,,,,,,,,,,,,,,,,,,,,,,,,,,,
14927767,2026-10-07 09:16:05,sim12,000500,,skip,avoid_amount_dry,,,,,,,,,,,,,,,,,,,,,,,,,,,
14927767,2026-10-07 09:16:05,sim12,003350,,skip,avoid_amount_dry,,,,,,,,,,,,,,,,,,,,,,,,,,,
14927767,2026-10-07 09:16:05,sim12,036570,,skip,avoid_amount_dry,,,,,,,,,,,,,,,,,,,,,,,,,,,
14927767,2026-10-07 09:16:05,sim12,003220,,skip,pb2_not_crashed,,,,,,,,,,,,,,,,,,,,,,,,,,,
14927767,2026-10-07 09:16:05,sim12,012170,,skip,avoid_amount_dry,,,,,,,,,,,,,,,,,,,,,,,,,,,
14927767,2026-10-07 09:16:05,sim12,007460,,skip,avoid_amount_dry,,,,,,,,,,,,,,,,,,,,,,,,,,,
14927767,2026-10-07 09:16:05,sim12,111770,,skip,avoid_amount_dry,,,,,,,,,,,,,,,,,,,,,,,,,,,
14927767,2026-10-07 09:16:05,sim12,012320,,skip,avoid_amount_dry,,,,,,,,,,,,,,,,,,,,,,,,,,,
14927767,2026-10-07 09:16:05,sim12,248070,,skip,avoid_amount_dry,,,,,,,,,,,,,,,,,,,,,,,,,,,
14927767,2026-10-07 09:16:05,sim12,044820,,skip,avoid_amount_dry,,,,,,,,,,,,,,,,,,,,,,,,,,,
14927767,2026-10-07 09:16:05,sim12,352820,,skip,avoid_amount_dry,,,,,,,,,,,,,,,,,,,,,,,,,,,
14927767,2026-10-07 09:16:05,sim12,090430,,skip,avoid_amount_dry,,,,,,,,,,,,,,,,,,,,,,,,,,,
14927767,2026-10-07 09:16:05,sim12,008040,,skip,avoid_amount_dry,,,,,,,,,,,,,,,,,,,,,,,,,,,
14927767,2026-10-07 09:16:05,sim12,005180,,skip,avoid_amount_dry,,,,,,,,,,,,,,,,,,,,,,,,,,,
14927767,2026-10-07 09:16:05,sim12,011700,,skip,pb2_not_crashed,,,,,,,,,,,,,,,,,,,,,,,,,,,
14927767,2026-10-07 09:16:05,sim12,229640,,skip,avoid_amount_dry,,,,,,,,,,,,,,,,,,,,,,,,,,,
14927767,2026-10-07 09:16:05,sim12,103590,,skip,avoid_amount_dry,,,,,,,,,,,,,,,,,,,,,,,,,,,
14927767,2026-10-07 09:16:05,sim12,137310,,skip,pb2_not_crashed,,,,,,,,,,,,,,,,,,,,,,,,,,,
14927767,2026-10-07 09:16:05,sim12,063160,,skip,avoid_frgn_sell_20d,,,,,,,,,,,,,,,,,,,,,,,,,,,
14927767,2026-10-07 09:16:05,sim12,078520,,skip,avoid_amount_dry,,,,,,,,,,,,,,,,,,,,,,,,,,,
14927767,2026-10-07 09:16:05,sim12,013000,,skip,avoid_amount_dry,,,,,,,,,,,,,,,,,,,,,,,,,,,
14927767,2026-10-07 09:16:05,sim12,161890,,skip,avoid_amount_dry,,,,,,,,,,,,,,,,,,,,,,,,,,,
14927767,2026-10-07 09:16:05,sim12,026890,,skip,avoid_amount_dry,,,,,,,,,,,,,,,,,,,,,,,,,,,
14927767,2026-10-07 09:16:05,sim12,000227,,skip,avoid_amount_dry,,,,,,,,,,,,,,,,,,,,,,,,,,,
14927767,2026-10-07 09:16:05,sim12,003670,,skip,avoid_frgn_sell_20d,,,,,,,,,,,,,,,,,,,,,,,,,,,
14927767,2026-10-07 09:16:05,sim12,011155,,skip,avoid_amount_dry,,,,,,,,,,,,,,,,,,,,,,,,,,,
14927767,2026-10-07 09:16:05,sim12,353200,,skip,avoid_amount_dry,,,,,,,,,,,,,,,,,,,,,,,,,,,
14927767,2026-10-07 09:16:05,sim12,004920,,skip,avoid_amount_dry,,,,,,,,,,,,,,,,,,,,,,,,,,,
14927767,2026-10-07 09:16:05,sim12,007810,,skip,avoid_amount_dry,,,,,,,,,,,,,,,,,,,,,,,,,,,
14927767,2026-10-07 09:16:05,sim12,210980,,skip,avoid_amount_dry,,,,,,,,,,,,,,,,,,,,,,,,,,,
14927767,2026-10-07 09:16:05,sim12,006650,,skip,avoid_amount_dry,,,,,,,,,,,,,,,,,,,,,,,,,,,
14927767,2026-10-07 09:16:05,sim12,020120,,skip,avoid_amount_dry,,,,,,,,,,,,,,,,,,,,,,,,,,,
14927767,2026-10-07 09:16:05,sim12,066575,,skip,avoid_amount_dry,,,,,,,,,,,,,,,,,,,,,,,,,,,
14927767,2026-10-07 09:16:05,sim12,003160,,skip,avoid_amount_dry,,,,,,,,,,,,,,,,,,,,,,,,,,,
14927767,2026-10-07 09:16:05,sim12,079550,,skip,avoid_amount_dry,,,,,,,,,,,,,,,,,,,,,,,,,,,
14927767,2026-10-07 09:16:05,sim12,443060,,skip,avoid_amount_dry,,,,,,,,,,,,,,,,,,,,,,,,,,,
14927767,2026-10-07 09:16:05,sim12,000880,,skip,avoid_amount_dry,,,,,,,,,,,,,,,,,,,,,,,,,,,
14927767,2026-10-07 09:16:05,sim12,007660,,skip,avoid_amount_dry,,,,,,,,,,,,,,,,,,,,,,,,,,,
14927767,2026-10-07 09:16:05,sim12,457190,,skip,avoid_amount_dry,,,,,,,,,,,,,,,,,,,,,,,,,,,
14927767,2026-10-07 09:16:05,sim12,35320K,,skip,avoid_amount_dry,,,,,,,,,,,,,,,,,,,,,,,,,,,
14927767,2026-10-07 09:16:05,sim12,011780,,skip,avoid_amount_dry,,,,,,,,,,,,,,,,,,,,,,,,,,,
14927767,2026-10-07 09:16:05,sim12,051910,,skip,avoid_amount_dry,,,,,,,,,,,,,,,,,,,,,,,,,,,
14927767,2026-10-07 09:16:05,sim12,001430,,skip,avoid_amount_dry,,,,,,,,,,,,,,,,,,,,,,,,,,,
14927767,2026-10-07 09:16:05,sim12,192650,,skip,avoid_amount_dry,,,,,,,,,,,,,,,,,,,,,,,,,,,
14927767,2026-10-07 09:16:05,sim12,011170,,skip,avoid_amount_dry,,,,,,,,,,,,,,,,,,,,,,,,,,,
14927767,2026-10-07 09:16:05,sim12,009420,,skip,avoid_amount_dry,,,,,,,,,,,,,,,,,,,,,,,,,,,
14927767,2026-10-07 09:16:05,sim12,011300,,skip,avoid_amount_dry,,,,,,,,,,,,,,,,,,,,,,,,,,,
14927767,2026-10-07 09:16:05,sim12,093370,,skip,avoid_amount_dry,,,,,,,,,,,,,,,,,,,,,,,,,,,
14927767,2026-10-07 09:16:05,sim12,088790,,skip,avoid_amount_dry,,,,,,,,,,,,,,,,,,,,,,,,,,,
14927767,2026-10-07 09:16:05,sim12,103140,,skip,avoid_amount_dry,,,,,,,,,,,,,,,,,,,,,,,,,,,
14927767,2026-10-07 09:16:05,sim12,010130,,skip,avoid_amount_dry,,,,,,,,,,,,,,,,,,,,,,,,,,,
14927767,2026-10-07 09:16:05,sim12,298040,,skip,avoid_amount_dry,,,,,,,,,,,,,,,,,,,,,,,,,,,
14927767,2026-10-07 09:16:05,sim12,161000,,skip,avoid_amount_dry,,,,,,,,,,,,,,,,,,,,,,,,,,,
14927767,2026-10-07 09:16:05,sim12,267250,,skip,avoid_amount_dry,,,,,,,,,,,,,,,,,,,,,,,,,,,
14927768,2026-10-07 09:18:14,sim12,009190,,skip,avoid_deadcat,,,,,,,,,,,,,,,,,,,,,,,,,,,
14927768,2026-10-07 09:18:14,sim12,002720,,skip,avoid_frgn_sell_20d,,,,,,,,,,,,,,,,,,,,,,,,,,,
14927768,2026-10-07 09:18:14,sim12,012170,,skip,pb2_not_crashed,,,,,,,,,,,,,,,,,,,,,,,,,,,
14927768,2026-10-07 09:18:14,sim12,019175,,skip,avoid_amount_dry,,,,,,,,,,,,,,,,,,,,,,,,,,,
14927768,2026-10-07 09:18:14,sim12,015260,,skip,avoid_amount_dry,,,,,,,,,,,,,,,,,,,,,,,,,,,
14927768,2026-10-07 09:18:14,sim12,003350,,skip,avoid_amount_dry,,,,,,,,,,,,,,,,,,,,,,,,,,,
14927768,2026-10-07 09:18:14,sim12,281820,,skip,pb2_not_crashed,,,,,,,,,,,,,,,,,,,,,,,,,,,
14927768,2026-10-07 09:18:14,sim12,019170,,skip,pb2_not_crashed,,,,,,,,,,,,,,,,,,,,,,,,,,,
14927768,2026-10-07 09:18:14,sim12,012320,,skip,pb2_not_crashed,,,,,,,,,,,,,,,,,,,,,,,,,,,
14927768,2026-10-07 09:18:14,sim12,036570,,skip,avoid_amount_dry,,,,,,,,,,,,,,,,,,,,,,,,,,,
14927768,2026-10-07 09:18:14,sim12,000500,,skip,pb2_not_crashed,,,,,,,,,,,,,,,,,,,,,,,,,,,
14927768,2026-10-07 09:18:14,sim12,248070,,skip,avoid_amount_dry,,,,,,,,,,,,,,,,,,,,,,,,,,,
14927768,2026-10-07 09:18:14,sim12,111770,,skip,avoid_amount_dry,,,,,,,,,,,,,,,,,,,,,,,,,,,
14927768,2026-10-07 09:18:14,sim12,003220,,skip,pb2_not_crashed,,,,,,,,,,,,,,,,,,,,,,,,,,,
14927768,2026-10-07 09:18:14,sim12,007460,,skip,avoid_amount_dry,,,,,,,,,,,,,,,,,,,,,,,,,,,
14927768,2026-10-07 09:18:14,sim12,352820,,skip,avoid_amount_dry,,,,,,,,,,,,,,,,,,,,,,,,,,,
14927768,2026-10-07 09:18:14,sim12,33626L,,skip,avoid_amount_dry,,,,,,,,,,,,,,,,,,,,,,,,,,,
14927768,2026-10-07 09:18:14,sim12,090430,,skip,avoid_amount_dry,,,,,,,,,,,,,,,,,,,,,,,,,,,
14927768,2026-10-07 09:18:14,sim12,008040,,skip,avoid_amount_dry,,,,,,,,,,,,,,,,,,,,,,,,,,,
14927768,2026-10-07 09:18:14,sim12,005180,,skip,avoid_amount_dry,,,,,,,,,,,,,,,,,,,,,,,,,,,
14927768,2026-10-07 09:18:14,sim12,137310,,skip,pb2_not_crashed,,,,,,,,,,,,,,,,,,,,,,,,,,,
14927768,2026-10-07 09:18:14,sim12,063160,,skip,avoid_frgn_sell_20d,,,,,,,,,,,,,,,,,,,,,,,,,,,
14927768,2026-10-07 09:18:14,sim12,005320,,skip,avoid_amount_dry,,,,,,,,,,,,,,,,,,,,,,,,,,,
14927768,2026-10-07 09:18:14,sim12,044820,,skip,avoid_amount_dry,,,,,,,,,,,,,,,,,,,,,,,,,,,
14927768,2026-10-07 09:18:14,sim12,011700,,skip,pb2_not_crashed,,,,,,,,,,,,,,,,,,,,,,,,,,,
14927768,2026-10-07 09:18:14,sim12,026890,,skip,avoid_amount_dry,,,,,,,,,,,,,,,,,,,,,,,,,,,
14927768,2026-10-07 09:18:14,sim12,013000,,skip,avoid_amount_dry,,,,,,,,,,,,,,,,,,,,,,,,,,,
14927768,2026-10-07 09:18:14,sim12,000227,,skip,avoid_amount_dry,,,,,,,,,,,,,,,,,,,,,,,,,,,
14927768,2026-10-07 09:18:14,sim12,161890,,skip,avoid_amount_dry,,,,,,,,,,,,,,,,,,,,,,,,,,,
14927768,2026-10-07 09:18:14,sim12,229640,,skip,avoid_amount_dry,,,,,,,,,,,,,,,,,,,,,,,,,,,
14927768,2026-10-07 09:18:14,sim12,003670,,skip,avoid_frgn_sell_20d,,,,,,,,,,,,,,,,,,,,,,,,,,,
14927768,2026-10-07 09:18:14,sim12,353200,,skip,avoid_amount_dry,,,,,,,,,,,,,,,,,,,,,,,,,,,
14927768,2026-10-07 09:18:14,sim12,011155,,skip,avoid_amount_dry,,,,,,,,,,,,,,,,,,,,,,,,,,,
14927768,2026-10-07 09:18:14,sim12,007660,,skip,avoid_amount_dry,,,,,,,,,,,,,,,,,,,,,,,,,,,
14927768,2026-10-07 09:18:14,sim12,007810,,skip,avoid_amount_dry,,,,,,,,,,,,,,,,,,,,,,,,,,,
14927768,2026-10-07 09:18:14,sim12,210980,,skip,avoid_amount_dry,,,,,,,,,,,,,,,,,,,,,,,,,,,
14927768,2026-10-07 09:18:14,sim12,35320K,,skip,avoid_amount_dry,,,,,,,,,,,,,,,,,,,,,,,,,,,
14927768,2026-10-07 09:18:14,sim12,011090,,skip,avoid_amount_dry,,,,,,,,,,,,,,,,,,,,,,,,,,,
14927768,2026-10-07 09:18:14,sim12,006650,,skip,avoid_amount_dry,,,,,,,,,,,,,,,,,,,,,,,,,,,
14927768,2026-10-07 09:18:14,sim12,079550,,skip,avoid_amount_dry,,,,,,,,,,,,,,,,,,,,,,,,,,,
14927768,2026-10-07 09:18:14,sim12,000880,,skip,avoid_amount_dry,,,,,,,,,,,,,,,,,,,,,,,,,,,
14927768,2026-10-07 09:18:14,sim12,020120,,skip,avoid_amount_dry,,,,,,,,,,,,,,,,,,,,,,,,,,,
14927768,2026-10-07 09:18:14,sim12,066575,,skip,avoid_amount_dry,,,,,,,,,,,,,,,,,,,,,,,,,,,
14927768,2026-10-07 09:18:14,sim12,443060,,skip,avoid_amount_dry,,,,,,,,,,,,,,,,,,,,,,,,,,,
14927768,2026-10-07 09:18:14,sim12,103140,,skip,avoid_amount_dry,,,,,,,,,,,,,,,,,,,,,,,,,,,
14927768,2026-10-07 09:18:14,sim12,009420,,skip,avoid_amount_dry,,,,,,,,,,,,,,,,,,,,,,,,,,,
14927768,2026-10-07 09:18:14,sim12,011780,,skip,avoid_amount_dry,,,,,,,,,,,,,,,,,,,,,,,,,,,
14927768,2026-10-07 09:18:14,sim12,457190,,skip,avoid_amount_dry,,,,,,,,,,,,,,,,,,,,,,,,,,,
14927768,2026-10-07 09:18:14,sim12,480370,,skip,avoid_amount_dry,,,,,,,,,,,,,,,,,,,,,,,,,,,
14927768,2026-10-07 09:18:14,sim12,090460,,skip,avoid_amount_dry,,,,,,,,,,,,,,,,,,,,,,,,,,,
14927768,2026-10-07 09:18:14,sim12,192650,,skip,avoid_amount_dry,,,,,,,,,,,,,,,,,,,,,,,,,,,
14927768,2026-10-07 09:18:14,sim12,298040,,skip,avoid_amount_dry,,,,,,,,,,,,,,,,,,,,,,,,,,,
14927768,2026-10-07 09:18:14,sim12,025560,,skip,avoid_amount_dry,,,,,,,,,,,,,,,,,,,,,,,,,,,
14927768,2026-10-07 09:18:14,sim12,010130,,skip,avoid_amount_dry,,,,,,,,,,,,,,,,,,,,,,,,,,,
14927768,2026-10-07 09:18:14,sim12,003160,,skip,avoid_amount_dry,,,,,,,,,,,,,,,,,,,,,,,,,,,
14927768,2026-10-07 09:18:14,sim12,267250,,skip,avoid_amount_dry,,,,,,,,,,,,,,,,,,,,,,,,,,,
14927768,2026-10-07 09:18:14,sim12,161000,,skip,avoid_amount_dry,,,,,,,,,,,,,,,,,,,,,,,,,,,
14927768,2026-10-07 09:18:14,sim12,004985,,skip,avoid_amount_dry,,,,,,,,,,,,,,,,,,,,,,,,,,,
14927768,2026-10-07 09:18:14,sim12,000950,,skip,avoid_amount_dry,,,,,,,,,,,,,,,,,,,,,,,,,,,
14927768,2026-10-07 09:18:14,sim12,051910,,skip,avoid_amount_dry,,,,,,,,,,,,,,,,,,,,,,,,,,,
14927769,2026-10-07 09:20:59,sim12,009190,,skip,avoid_deadcat,,,,,,,,,,,,,,,,,,,,,,,,,,,
14927769,2026-10-07 09:20:59,sim12,002720,,skip,avoid_frgn_sell_20d,,,,,,,,,,,,,,,,,,,,,,,,,,,
14927769,2026-10-07 09:20:59,sim12,012170,,skip,pb2_not_crashed,,,,,,,,,,,,,,,,,,,,,,,,,,,
14927769,2026-10-07 09:20:59,sim12,019175,,skip,avoid_amount_dry,,,,,,,,,,,,,,,,,,,,,,,,,,,
14927769,2026-10-07 09:20:59,sim12,015260,,skip,avoid_amount_dry,,,,,,,,,,,,,,,,,,,,,,,,,,,
14927769,2026-10-07 09:20:59,sim12,281820,,skip,pb2_not_crashed,,,,,,,,,,,,,,,,,,,,,,,,,,,
14927769,2026-10-07 09:20:59,sim12,003350,,skip,avoid_amount_dry,,,,,,,,,,,,,,,,,,,,,,,,,,,
14927769,2026-10-07 09:20:59,sim12,019170,,skip,pb2_not_crashed,,,,,,,,,,,,,,,,,,,,,,,,,,,
14927769,2026-10-07 09:20:59,sim12,012320,,skip,pb2_not_crashed,,,,,,,,,,,,,,,,,,,,,,,,,,,
14927769,2026-10-07 09:20:59,sim12,036570,,skip,avoid_amount_dry,,,,,,,,,,,,,,,,,,,,,,,,,,,
14927769,2026-10-07 09:20:59,sim12,003220,,skip,pb2_not_crashed,,,,,,,,,,,,,,,,,,,,,,,,,,,
14927769,2026-10-07 09:20:59,sim12,248070,,skip,avoid_frgn_sell_20d,,,,,,,,,,,,,,,,,,,,,,,,,,,
14927769,2026-10-07 09:20:59,sim12,000500,,skip,pb2_not_crashed,,,,,,,,,,,,,,,,,,,,,,,,,,,
14927769,2026-10-07 09:20:59,sim12,33626L,,skip,avoid_amount_dry,,,,,,,,,,,,,,,,,,,,,,,,,,,
14927769,2026-10-07 09:20:59,sim12,063160,,skip,avoid_frgn_sell_20d,,,,,,,,,,,,,,,,,,,,,,,,,,,
14927769,2026-10-07 09:20:59,sim12,005180,,skip,avoid_amount_dry,,,,,,,,,,,,,,,,,,,,,,,,,,,
14927769,2026-10-07 09:20:59,sim12,352820,,skip,avoid_amount_dry,,,,,,,,,,,,,,,,,,,,,,,,,,,
14927769,2026-10-07 09:20:59,sim12,111770,,skip,avoid_amount_dry,,,,,,,,,,,,,,,,,,,,,,,,,,,
14927769,2026-10-07 09:20:59,sim12,137310,,skip,pb2_not_crashed,,,,,,,,,,,,,,,,,,,,,,,,,,,
14927769,2026-10-07 09:20:59,sim12,011700,,skip,pb2_not_crashed,,,,,,,,,,,,,,,,,,,,,,,,,,,
14927769,2026-10-07 09:20:59,sim12,090430,,skip,avoid_amount_dry,,,,,,,,,,,,,,,,,,,,,,,,,,,
14927769,2026-10-07 09:20:59,sim12,013000,,skip,avoid_amount_dry,,,,,,,,,,,,,,,,,,,,,,,,,,,
14927769,2026-10-07 09:20:59,sim12,161890,,skip,avoid_amount_dry,,,,,,,,,,,,,,,,,,,,,,,,,,,
14927769,2026-10-07 09:20:59,sim12,026890,,skip,avoid_amount_dry,,,,,,,,,,,,,,,,,,,,,,,,,,,
14927769,2026-10-07 09:20:59,sim12,044820,,skip,avoid_amount_dry,,,,,,,,,,,,,,,,,,,,,,,,,,,
14927769,2026-10-07 09:20:59,sim12,000227,,skip,avoid_amount_dry,,,,,,,,,,,,,,,,,,,,,,,,,,,
14927769,2026-10-07 09:20:59,sim12,002070,,skip,avoid_amount_dry,,,,,,,,,,,,,,,,,,,,,,,,,,,
14927769,2026-10-07 09:20:59,sim12,012160,,skip,avoid_amount_dry,,,,,,,,,,,,,,,,,,,,,,,,,,,
14927769,2026-10-07 09:20:59,sim12,007460,,skip,avoid_amount_dry,,,,,,,,,,,,,,,,,,,,,,,,,,,
14927769,2026-10-07 09:20:59,sim12,005320,,skip,avoid_amount_dry,,,,,,,,,,,,,,,,,,,,,,,,,,,
14927769,2026-10-07 09:20:59,sim12,003670,,skip,avoid_frgn_sell_20d,,,,,,,,,,,,,,,,,,,,,,,,,,,
14927769,2026-10-07 09:20:59,sim12,353200,,skip,avoid_amount_dry,,,,,,,,,,,,,,,,,,,,,,,,,,,
14927769,2026-10-07 09:20:59,sim12,011155,,skip,avoid_amount_dry,,,,,,,,,,,,,,,,,,,,,,,,,,,
14927769,2026-10-07 09:20:59,sim12,007660,,skip,avoid_amount_dry,,,,,,,,,,,,,,,,,,,,,,,,,,,
14927769,2026-10-07 09:20:59,sim12,007810,,skip,avoid_amount_dry,,,,,,,,,,,,,,,,,,,,,,,,,,,
14927769,2026-10-07 09:20:59,sim12,020120,,skip,avoid_amount_dry,,,,,,,,,,,,,,,,,,,,,,,,,,,
14927769,2026-10-07 09:20:59,sim12,480370,,skip,avoid_amount_dry,,,,,,,,,,,,,,,,,,,,,,,,,,,
14927769,2026-10-07 09:20:59,sim12,079550,,skip,avoid_amount_dry,,,,,,,,,,,,,,,,,,,,,,,,,,,
14927769,2026-10-07 09:20:59,sim12,210980,,skip,avoid_amount_dry,,,,,,,,,,,,,,,,,,,,,,,,,,,
14927769,2026-10-07 09:20:59,sim12,006650,,skip,avoid_amount_dry,,,,,,,,,,,,,,,,,,,,,,,,,,,
14927769,2026-10-07 09:20:59,sim12,457190,,skip,avoid_amount_dry,,,,,,,,,,,,,,,,,,,,,,,,,,,
14927769,2026-10-07 09:20:59,sim12,003160,,skip,avoid_amount_dry,,,,,,,,,,,,,,,,,,,,,,,,,,,
14927769,2026-10-07 09:20:59,sim12,103140,,skip,avoid_amount_dry,,,,,,,,,,,,,,,,,,,,,,,,,,,
14927769,2026-10-07 09:20:59,sim12,35320K,,skip,avoid_amount_dry,,,,,,,,,,,,,,,,,,,,,,,,,,,
14927769,2026-10-07 09:20:59,sim12,000880,,skip,avoid_amount_dry,,,,,,,,,,,,,,,,,,,,,,,,,,,
14927769,2026-10-07 09:20:59,sim12,009420,,skip,avoid_amount_dry,,,,,,,,,,,,,,,,,,,,,,,,,,,
14927769,2026-10-07 09:20:59,sim12,443060,,skip,avoid_amount_dry,,,,,,,,,,,,,,,,,,,,,,,,,,,
14927769,2026-10-07 09:20:59,sim12,025560,,skip,avoid_amount_dry,,,,,,,,,,,,,,,,,,,,,,,,,,,
14927769,2026-10-07 09:20:59,sim12,090460,,skip,avoid_amount_dry,,,,,,,,,,,,,,,,,,,,,,,,,,,
14927769,2026-10-07 09:20:59,sim12,093370,,skip,avoid_amount_dry,,,,,,,,,,,,,,,,,,,,,,,,,,,
14927769,2026-10-07 09:20:59,sim12,011780,,skip,avoid_amount_dry,,,,,,,,,,,,,,,,,,,,,,,,,,,
14927769,2026-10-07 09:20:59,sim12,066575,,skip,avoid_amount_dry,,,,,,,,,,,,,,,,,,,,,,,,,,,
14927769,2026-10-07 09:20:59,sim12,267250,,skip,avoid_amount_dry,,,,,,,,,,,,,,,,,,,,,,,,,,,
14927769,2026-10-07 09:20:59,sim12,450080,,skip,avoid_amount_dry,,,,,,,,,,,,,,,,,,,,,,,,,,,
14927769,2026-10-07 09:20:59,sim12,298040,,skip,avoid_orgn_sell_high_per,,,,,,,,,,,,,,,,,,,,,,,,,,,
14927769,2026-10-07 09:20:59,sim12,092220,,skip,avoid_amount_dry,,,,,,,,,,,,,,,,,,,,,,,,,,,
14927769,2026-10-07 09:20:59,sim12,020150,,skip,avoid_amount_dry,,,,,,,,,,,,,,,,,,,,,,,,,,,
14927769,2026-10-07 09:20:59,sim12,161000,,skip,avoid_amount_dry,,,,,,,,,,,,,,,,,,,,,,,,,,,
14927769,2026-10-07 09:20:59,sim12,010130,,skip,avoid_amount_dry,,,,,,,,,,,,,,,,,,,,,,,,,,,
14927769,2026-10-07 09:20:59,sim12,051910,,skip,avoid_amount_dry,,,,,,,,,,,,,,,,,,,,,,,,,,,
14927770,2026-10-07 09:22:59,sim12,009190,,skip,avoid_deadcat,,,,,,,,,,,,,,,,,,,,,,,,,,,
14927770,2026-10-07 09:22:59,sim12,002720,,skip,avoid_frgn_sell_20d,,,,,,,,,,,,,,,,,,,,,,,,,,,
14927770,2026-10-07 09:22:59,sim12,019175,,skip,avoid_amount_dry,,,,,,,,,,,,,,,,,,,,,,,,,,,
14927770,2026-10-07 09:22:59,sim12,012170,,skip,pb2_not_crashed,,,,,,,,,,,,,,,,,,,,,,,,,,,
14927770,2026-10-07 09:22:59,sim12,281820,,skip,pb2_not_crashed,,,,,,,,,,,,,,,,,,,,,,,,,,,
14927770,2026-10-07 09:22:59,sim12,015260,,skip,avoid_amount_dry,,,,,,,,,,,,,,,,,,,,,,,,,,,
14927770,2026-10-07 09:22:59,sim12,019170,,skip,pb2_not_crashed,,,,,,,,,,,,,,,,,,,,,,,,,,,
14927770,2026-10-07 09:22:59,sim12,003350,,skip,avoid_amount_dry,,,,,,,,,,,,,,,,,,,,,,,,,,,
14927770,2026-10-07 09:22:59,sim12,036570,,skip,avoid_amount_dry,,,,,,,,,,,,,,,,,,,,,,,,,,,
14927770,2026-10-07 09:22:59,sim12,012320,,skip,pb2_not_crashed,,,,,,,,,,,,,,,,,,,,,,,,,,,
14927770,2026-10-07 09:22:59,sim12,003220,,skip,pb2_not_crashed,,,,,,,,,,,,,,,,,,,,,,,,,,,
14927770,2026-10-07 09:22:59,sim12,063160,,skip,avoid_frgn_sell_20d,,,,,,,,,,,,,,,,,,,,,,,,,,,
14927770,2026-10-07 09:22:59,sim12,352820,,skip,avoid_amount_dry,,,,,,,,,,,,,,,,,,,,,,,,,,,
14927770,2026-10-07 09:22:59,sim12,248070,,skip,avoid_frgn_sell_20d,,,,,,,,,,,,,,,,,,,,,,,,,,,
14927770,2026-10-07 09:22:59,sim12,011700,,skip,pb2_not_crashed,,,,,,,,,,,,,,,,,,,,,,,,,,,
14927770,2026-10-07 09:22:59,sim12,137310,,skip,pb2_not_crashed,,,,,,,,,,,,,,,,,,,,,,,,,,,
14927770,2026-10-07 09:22:59,sim12,111770,,skip,avoid_amount_dry,,,,,,,,,,,,,,,,,,,,,,,,,,,
14927770,2026-10-07 09:22:59,sim12,005180,,skip,avoid_amount_dry,,,,,,,,,,,,,,,,,,,,,,,,,,,
14927770,2026-10-07 09:22:59,sim12,026890,,skip,avoid_amount_dry,,,,,,,,,,,,,,,,,,,,,,,,,,,
14927770,2026-10-07 09:22:59,sim12,044820,,skip,avoid_amount_dry,,,,,,,,,,,,,,,,,,,,,,,,,,,
14927770,2026-10-07 09:22:59,sim12,33626L,,skip,avoid_amount_dry,,,,,,,,,,,,,,,,,,,,,,,,,,,
14927770,2026-10-07 09:22:59,sim12,007460,,skip,avoid_amount_dry,,,,,,,,,,,,,,,,,,,,,,,,,,,
14927770,2026-10-07 09:22:59,sim12,090430,,skip,avoid_amount_dry,,,,,,,,,,,,,,,,,,,,,,,,,,,
14927770,2026-10-07 09:22:59,sim12,013000,,skip,avoid_amount_dry,,,,,,,,,,,,,,,,,,,,,,,,,,,
14927770,2026-10-07 09:22:59,sim12,000227,,skip,avoid_amount_dry,,,,,,,,,,,,,,,,,,,,,,,,,,,
14927770,2026-10-07 09:22:59,sim12,000500,,skip,pb2_not_crashed,,,,,,,,,,,,,,,,,,,,,,,,,,,
14927770,2026-10-07 09:22:59,sim12,103590,,skip,avoid_frgn_sell_20d,,,,,,,,,,,,,,,,,,,,,,,,,,,
14927770,2026-10-07 09:22:59,sim12,012160,,skip,avoid_amount_dry,,,,,,,,,,,,,,,,,,,,,,,,,,,
14927770,2026-10-07 09:22:59,sim12,005320,,skip,pb2_not_crashed,,,,,,,,,,,,,,,,,,,,,,,,,,,
14927770,2026-10-07 09:22:59,sim12,078520,,skip,avoid_amount_dry,,,,,,,,,,,,,,,,,,,,,,,,,,,
14927770,2026-10-07 09:22:59,sim12,003670,,skip,avoid_frgn_sell_20d,,,,,,,,,,,,,,,,,,,,,,,,,,,
14927770,2026-10-07 09:22:59,sim12,011155,,skip,avoid_amount_dry,,,,,,,,,,,,,,,,,,,,,,,,,,,
14927770,2026-10-07 09:22:59,sim12,353200,,skip,avoid_amount_dry,,,,,,,,,,,,,,,,,,,,,,,,,,,
14927770,2026-10-07 09:22:59,sim12,007660,,skip,avoid_amount_dry,,,,,,,,,,,,,,,,,,,,,,,,,,,
14927770,2026-10-07 09:22:59,sim12,480370,,skip,avoid_amount_dry,,,,,,,,,,,,,,,,,,,,,,,,,,,
14927770,2026-10-07 09:22:59,sim12,210980,,skip,avoid_amount_dry,,,,,,,,,,,,,,,,,,,,,,,,,,,
14927770,2026-10-07 09:22:59,sim12,020120,,skip,avoid_amount_dry,,,,,,,,,,,,,,,,,,,,,,,,,,,
14927770,2026-10-07 09:22:59,sim12,007810,,skip,avoid_amount_dry,,,,,,,,,,,,,,,,,,,,,,,,,,,
14927770,2026-10-07 09:22:59,sim12,443060,,skip,avoid_amount_dry,,,,,,,,,,,,,,,,,,,,,,,,,,,
14927770,2026-10-07 09:22:59,sim12,066575,,skip,avoid_amount_dry,,,,,,,,,,,,,,,,,,,,,,,,,,,
14927770,2026-10-07 09:22:59,sim12,090460,,skip,avoid_amount_dry,,,,,,,,,,,,,,,,,,,,,,,,,,,
14927770,2026-10-07 09:22:59,sim12,103140,,skip,avoid_amount_dry,,,,,,,,,,,,,,,,,,,,,,,,,,,
14927770,2026-10-07 09:22:59,sim12,457190,,skip,avoid_amount_dry,,,,,,,,,,,,,,,,,,,,,,,,,,,
14927770,2026-10-07 09:22:59,sim12,35320K,,skip,avoid_amount_dry,,,,,,,,,,,,,,,,,,,,,,,,,,,
14927770,2026-10-07 09:22:59,sim12,009420,,skip,avoid_amount_dry,,,,,,,,,,,,,,,,,,,,,,,,,,,
14927770,2026-10-07 09:22:59,sim12,006650,,skip,avoid_amount_dry,,,,,,,,,,,,,,,,,,,,,,,,,,,
14927770,2026-10-07 09:22:59,sim12,025560,,skip,avoid_amount_dry,,,,,,,,,,,,,,,,,,,,,,,,,,,
14927770,2026-10-07 09:22:59,sim12,051910,,skip,avoid_amount_dry,,,,,,,,,,,,,,,,,,,,,,,,,,,
14927770,2026-10-07 09:22:59,sim12,079550,,skip,avoid_amount_dry,,,,,,,,,,,,,,,,,,,,,,,,,,,
14927770,2026-10-07 09:22:59,sim12,066970,,skip,avoid_amount_dry,,,,,,,,,,,,,,,,,,,,,,,,,,,
14927770,2026-10-07 09:22:59,sim12,093370,,skip,avoid_amount_dry,,,,,,,,,,,,,,,,,,,,,,,,,,,
14927770,2026-10-07 09:22:59,sim12,161000,,skip,avoid_amount_dry,,,,,,,,,,,,,,,,,,,,,,,,,,,
14927770,2026-10-07 09:22:59,sim12,000880,,skip,avoid_amount_dry,,,,,,,,,,,,,,,,,,,,,,,,,,,
14927770,2026-10-07 09:22:59,sim12,450080,,skip,avoid_amount_dry,,,,,,,,,,,,,,,,,,,,,,,,,,,
14927770,2026-10-07 09:22:59,sim12,011780,,skip,avoid_amount_dry,,,,,,,,,,,,,,,,,,,,,,,,,,,
14927770,2026-10-07 09:22:59,sim12,092220,,skip,avoid_amount_dry,,,,,,,,,,,,,,,,,,,,,,,,,,,
14927770,2026-10-07 09:22:59,sim12,298040,,skip,avoid_orgn_sell_high_per,,,,,,,,,,,,,,,,,,,,,,,,,,,
14927770,2026-10-07 09:22:59,sim12,003160,,skip,avoid_amount_dry,,,,,,,,,,,,,,,,,,,,,,,,,,,
14927770,2026-10-07 09:22:59,sim12,192650,,skip,avoid_amount_dry,,,,,,,,,,,,,,,,,,,,,,,,,,,
14927770,2026-10-07 09:22:59,sim12,336370,,skip,avoid_amount_dry,,,,,,,,,,,,,,,,,,,,,,,,,,,
14927772,2026-10-07 09:25:17,sim12,009190,,skip,avoid_deadcat,,,,,,,,,,,,,,,,,,,,,,,,,,,
14927772,2026-10-07 09:25:17,sim12,002720,,skip,avoid_frgn_sell_20d,,,,,,,,,,,,,,,,,,,,,,,,,,,
14927772,2026-10-07 09:25:17,sim12,019175,,skip,avoid_amount_dry,,,,,,,,,,,,,,,,,,,,,,,,,,,
14927772,2026-10-07 09:25:17,sim12,281820,,skip,pb2_not_crashed,,,,,,,,,,,,,,,,,,,,,,,,,,,
14927772,2026-10-07 09:25:17,sim12,012170,,skip,pb2_not_crashed,,,,,,,,,,,,,,,,,,,,,,,,,,,
14927772,2026-10-07 09:25:17,sim12,019170,,skip,pb2_not_crashed,,,,,,,,,,,,,,,,,,,,,,,,,,,
14927772,2026-10-07 09:25:17,sim12,015260,,skip,avoid_deadcat,,,,,,,,,,,,,,,,,,,,,,,,,,,
14927772,2026-10-07 09:25:17,sim12,003350,,skip,avoid_amount_dry,,,,,,,,,,,,,,,,,,,,,,,,,,,
14927772,2026-10-07 09:25:17,sim12,063160,,skip,avoid_frgn_sell_20d,,,,,,,,,,,,,,,,,,,,,,,,,,,
14927772,2026-10-07 09:25:17,sim12,012320,,skip,pb2_not_crashed,,,,,,,,,,,,,,,,,,,,,,,,,,,
14927772,2026-10-07 09:25:17,sim12,003220,,skip,pb2_not_crashed,,,,,,,,,,,,,,,,,,,,,,,,,,,
14927772,2026-10-07 09:25:17,sim12,036570,,skip,avoid_amount_dry,,,,,,,,,,,,,,,,,,,,,,,,,,,
14927772,2026-10-07 09:25:17,sim12,248070,,skip,avoid_frgn_sell_20d,,,,,,,,,,,,,,,,,,,,,,,,,,,
14927772,2026-10-07 09:25:17,sim12,352820,,skip,avoid_amount_dry,,,,,,,,,,,,,,,,,,,,,,,,,,,
14927772,2026-10-07 09:25:17,sim12,137310,,skip,pb2_not_crashed,,,,,,,,,,,,,,,,,,,,,,,,,,,
14927772,2026-10-07 09:25:17,sim12,011700,,skip,pb2_not_crashed,,,,,,,,,,,,,,,,,,,,,,,,,,,
14927772,2026-10-07 09:25:17,sim12,005180,,skip,avoid_amount_dry,,,,,,,,,,,,,,,,,,,,,,,,,,,
14927772,2026-10-07 09:25:17,sim12,011090,,skip,avoid_amount_dry,,,,,,,,,,,,,,,,,,,,,,,,,,,
14927772,2026-10-07 09:25:17,sim12,026890,,skip,avoid_amount_dry,,,,,,,,,,,,,,,,,,,,,,,,,,,
14927772,2026-10-07 09:25:17,sim12,044820,,skip,avoid_amount_dry,,,,,,,,,,,,,,,,,,,,,,,,,,,
14927772,2026-10-07 09:25:17,sim12,111770,,skip,avoid_amount_dry,,,,,,,,,,,,,,,,,,,,,,,,,,,
14927772,2026-10-07 09:25:17,sim12,33626L,,skip,avoid_amount_dry,,,,,,,,,,,,,,,,,,,,,,,,,,,
14927772,2026-10-07 09:25:17,sim12,005320,,skip,pb2_not_crashed,,,,,,,,,,,,,,,,,,,,,,,,,,,
14927772,2026-10-07 09:25:17,sim12,007460,,skip,avoid_amount_dry,,,,,,,,,,,,,,,,,,,,,,,,,,,
14927772,2026-10-07 09:25:17,sim12,090430,,skip,avoid_amount_dry,,,,,,,,,,,,,,,,,,,,,,,,,,,
14927772,2026-10-07 09:25:17,sim12,161890,,skip,pb2_thin_liquidity,,,,,,,,,,,,,,,,,,,,,,,,,,,
14927772,2026-10-07 09:25:17,sim12,013000,,skip,avoid_amount_dry,,,,,,,,,,,,,,,,,,,,,,,,,,,
14927772,2026-10-07 09:25:17,sim12,000227,,skip,avoid_amount_dry,,,,,,,,,,,,,,,,,,,,,,,,,,,
14927772,2026-10-07 09:25:17,sim12,103590,,skip,avoid_frgn_sell_20d,,,,,,,,,,,,,,,,,,,,,,,,,,,
14927772,2026-10-07 09:25:17,sim12,010580,,skip,avoid_amount_dry,,,,,,,,,,,,,,,,,,,,,,,,,,,
14927772,2026-10-07 09:25:17,sim12,003670,,skip,avoid_frgn_sell_20d,,,,,,,,,,,,,,,,,,,,,,,,,,,
14927772,2026-10-07 09:25:17,sim12,011155,,skip,avoid_amount_dry,,,,,,,,,,,,,,,,,,,,,,,,,,,
14927772,2026-10-07 09:25:17,sim12,020120,,skip,avoid_amount_dry,,,,,,,,,,,,,,,,,,,,,,,,,,,
14927772,2026-10-07 09:25:17,sim12,210980,,skip,avoid_amount_dry,,,,,,,,,,,,,,,,,,,,,,,,,,,
14927772,2026-10-07 09:25:17,sim12,353200,,skip,avoid_amount_dry,,,,,,,,,,,,,,,,,,,,,,,,,,,
14927772,2026-10-07 09:25:17,sim12,007660,,skip,avoid_amount_dry,,,,,,,,,,,,,,,,,,,,,,,,,,,
14927772,2026-10-07 09:25:17,sim12,103140,,skip,avoid_amount_dry,,,,,,,,,,,,,,,,,,,,,,,,,,,
14927772,2026-10-07 09:25:17,sim12,480370,,skip,avoid_amount_dry,,,,,,,,,,,,,,,,,,,,,,,,,,,
14927772,2026-10-07 09:25:17,sim12,443060,,skip,avoid_amount_dry,,,,,,,,,,,,,,,,,,,,,,,,,,,
14927772,2026-10-07 09:25:17,sim12,006650,,skip,avoid_amount_dry,,,,,,,,,,,,,,,,,,,,,,,,,,,
14927772,2026-10-07 09:25:17,sim12,007810,,skip,avoid_amount_dry,,,,,,,,,,,,,,,,,,,,,,,,,,,
14927772,2026-10-07 09:25:17,sim12,066575,,skip,avoid_amount_dry,,,,,,,,,,,,,,,,,,,,,,,,,,,
14927772,2026-10-07 09:25:17,sim12,079550,,skip,avoid_amount_dry,,,,,,,,,,,,,,,,,,,,,,,,,,,
14927772,2026-10-07 09:25:17,sim12,000880,,skip,avoid_amount_dry,,,,,,,,,,,,,,,,,,,,,,,,,,,
14927772,2026-10-07 09:25:17,sim12,025560,,skip,avoid_amount_dry,,,,,,,,,,,,,,,,,,,,,,,,,,,
14927772,2026-10-07 09:25:17,sim12,298040,,skip,avoid_orgn_sell_high_per,,,,,,,,,,,,,,,,,,,,,,,,,,,
14927772,2026-10-07 09:25:17,sim12,450080,,skip,avoid_amount_dry,,,,,,,,,,,,,,,,,,,,,,,,,,,
14927772,2026-10-07 09:25:17,sim12,011780,,skip,avoid_amount_dry,,,,,,,,,,,,,,,,,,,,,,,,,,,
14927772,2026-10-07 09:25:17,sim12,090460,,skip,avoid_amount_dry,,,,,,,,,,,,,,,,,,,,,,,,,,,
14927772,2026-10-07 09:25:17,sim12,457190,,skip,avoid_amount_dry,,,,,,,,,,,,,,,,,,,,,,,,,,,
14927772,2026-10-07 09:25:17,sim12,35320K,,skip,avoid_amount_dry,,,,,,,,,,,,,,,,,,,,,,,,,,,
14927772,2026-10-07 09:25:17,sim12,161000,,skip,avoid_amount_dry,,,,,,,,,,,,,,,,,,,,,,,,,,,
14927772,2026-10-07 09:25:17,sim12,010130,,skip,avoid_amount_dry,,,,,,,,,,,,,,,,,,,,,,,,,,,
14927772,2026-10-07 09:25:17,sim12,051910,,skip,avoid_amount_dry,,,,,,,,,,,,,,,,,,,,,,,,,,,
14927772,2026-10-07 09:25:17,sim12,001430,,skip,avoid_amount_dry,,,,,,,,,,,,,,,,,,,,,,,,,,,
14927772,2026-10-07 09:25:17,sim12,267250,,skip,avoid_amount_dry,,,,,,,,,,,,,,,,,,,,,,,,,,,
14927772,2026-10-07 09:25:17,sim12,009420,,skip,avoid_amount_dry,,,,,,,,,,,,,,,,,,,,,,,,,,,
14927772,2026-10-07 09:25:17,sim12,066970,,skip,avoid_amount_dry,,,,,,,,,,,,,,,,,,,,,,,,,,,
14927772,2026-10-07 09:25:17,sim12,336370,,skip,avoid_amount_dry,,,,,,,,,,,,,,,,,,,,,,,,,,,
14927772,2026-10-07 09:25:17,sim12,011170,,skip,avoid_amount_dry,,,,,,,,,,,,,,,,,,,,,,,,,,,
14927773,2026-10-07 09:27:32,sim12,009190,,skip,avoid_deadcat,,,,,,,,,,,,,,,,,,,,,,,,,,,
14927773,2026-10-07 09:27:32,sim12,002720,,skip,avoid_frgn_sell_20d,,,,,,,,,,,,,,,,,,,,,,,,,,,
14927773,2026-10-07 09:27:32,sim12,019175,,skip,avoid_amount_dry,,,,,,,,,,,,,,,,,,,,,,,,,,,
14927773,2026-10-07 09:27:32,sim12,281820,,skip,pb2_not_crashed,,,,,,,,,,,,,,,,,,,,,,,,,,,
14927773,2026-10-07 09:27:32,sim12,012170,,skip,pb2_not_crashed,,,,,,,,,,,,,,,,,,,,,,,,,,,
14927773,2026-10-07 09:27:32,sim12,015260,,skip,avoid_deadcat,,,,,,,,,,,,,,,,,,,,,,,,,,,
14927773,2026-10-07 09:27:32,sim12,019170,,skip,pb2_not_crashed,,,,,,,,,,,,,,,,,,,,,,,,,,,
14927773,2026-10-07 09:27:32,sim12,012320,,skip,pb2_not_crashed,,,,,,,,,,,,,,,,,,,,,,,,,,,
14927773,2026-10-07 09:27:32,sim12,063160,,skip,avoid_frgn_sell_20d,,,,,,,,,,,,,,,,,,,,,,,,,,,
14927773,2026-10-07 09:27:32,sim12,003350,,skip,avoid_amount_dry,,,,,,,,,,,,,,,,,,,,,,,,,,,
14927773,2026-10-07 09:27:32,sim12,248070,,skip,avoid_frgn_sell_20d,,,,,,,,,,,,,,,,,,,,,,,,,,,
14927773,2026-10-07 09:27:32,sim12,036570,,skip,avoid_amount_dry,,,,,,,,,,,,,,,,,,,,,,,,,,,
14927773,2026-10-07 09:27:32,sim12,137310,,skip,pb2_not_crashed,,,,,,,,,,,,,,,,,,,,,,,,,,,
14927773,2026-10-07 09:27:32,sim12,003220,,skip,pb2_not_crashed,,,,,,,,,,,,,,,,,,,,,,,,,,,
14927773,2026-10-07 09:27:32,sim12,352820,,skip,avoid_amount_dry,,,,,,,,,,,,,,,,,,,,,,,,,,,
14927773,2026-10-07 09:27:32,sim12,217590,,skip,pb2_not_crashed,,,,,,,,,,,,,,,,,,,,,,,,,,,
14927773,2026-10-07 09:27:32,sim12,026890,,skip,avoid_frgn_sell_20d,,,,,,,,,,,,,,,,,,,,,,,,,,,
14927773,2026-10-07 09:27:32,sim12,007460,,skip,avoid_amount_dry,,,,,,,,,,,,,,,,,,,,,,,,,,,
14927773,2026-10-07 09:27:32,sim12,011700,,skip,pb2_not_crashed,,,,,,,,,,,,,,,,,,,,,,,,,,,
14927773,2026-10-07 09:27:32,sim12,005180,,skip,avoid_amount_dry,,,,,,,,,,,,,,,,,,,,,,,,,,,
14927773,2026-10-07 09:27:32,sim12,33626L,,skip,avoid_amount_dry,,,,,,,,,,,,,,,,,,,,,,,,,,,
14927773,2026-10-07 09:27:32,sim12,111770,,skip,avoid_amount_dry,,,,,,,,,,,,,,,,,,,,,,,,,,,
14927773,2026-10-07 09:27:32,sim12,005320,,skip,pb2_not_crashed,,,,,,,,,,,,,,,,,,,,,,,,,,,
14927773,2026-10-07 09:27:32,sim12,044820,,skip,avoid_amount_dry,,,,,,,,,,,,,,,,,,,,,,,,,,,
14927773,2026-10-07 09:27:32,sim12,013000,,skip,avoid_amount_dry,,,,,,,,,,,,,,,,,,,,,,,,,,,
14927773,2026-10-07 09:27:32,sim12,000227,,skip,avoid_amount_dry,,,,,,,,,,,,,,,,,,,,,,,,,,,
14927773,2026-10-07 09:27:32,sim12,103590,,skip,avoid_frgn_sell_20d,,,,,,,,,,,,,,,,,,,,,,,,,,,
14927773,2026-10-07 09:27:32,sim12,008040,,skip,avoid_amount_dry,,,,,,,,,,,,,,,,,,,,,,,,,,,
14927773,2026-10-07 09:27:32,sim12,004835,,skip,avoid_amount_dry,,,,,,,,,,,,,,,,,,,,,,,,,,,
14927773,2026-10-07 09:27:32,sim12,017180,,skip,avoid_amount_dry,,,,,,,,,,,,,,,,,,,,,,,,,,,
14927773,2026-10-07 09:27:32,sim12,003670,,skip,avoid_frgn_sell_20d,,,,,,,,,,,,,,,,,,,,,,,,,,,
14927773,2026-10-07 09:27:32,sim12,011155,,skip,avoid_amount_dry,,,,,,,,,,,,,,,,,,,,,,,,,,,
14927773,2026-10-07 09:27:32,sim12,020120,,skip,avoid_amount_dry,,,,,,,,,,,,,,,,,,,,,,,,,,,
14927773,2026-10-07 09:27:32,sim12,210980,,skip,avoid_amount_dry,,,,,,,,,,,,,,,,,,,,,,,,,,,
14927773,2026-10-07 09:27:32,sim12,480370,,skip,avoid_amount_dry,,,,,,,,,,,,,,,,,,,,,,,,,,,
14927773,2026-10-07 09:27:32,sim12,353200,,skip,avoid_amount_dry,,,,,,,,,,,,,,,,,,,,,,,,,,,
14927773,2026-10-07 09:27:32,sim12,103140,,skip,avoid_amount_dry,,,,,,,,,,,,,,,,,,,,,,,,,,,
14927773,2026-10-07 09:27:32,sim12,066575,,skip,avoid_amount_dry,,,,,,,,,,,,,,,,,,,,,,,,,,,
14927773,2026-10-07 09:27:32,sim12,007660,,skip,avoid_amount_dry,,,,,,,,,,,,,,,,,,,,,,,,,,,
14927773,2026-10-07 09:27:32,sim12,006650,,skip,avoid_amount_dry,,,,,,,,,,,,,,,,,,,,,,,,,,,
14927773,2026-10-07 09:27:32,sim12,079550,,skip,avoid_amount_dry,,,,,,,,,,,,,,,,,,,,,,,,,,,
14927773,2026-10-07 09:27:32,sim12,000880,,skip,avoid_amount_dry,,,,,,,,,,,,,,,,,,,,,,,,,,,
14927773,2026-10-07 09:27:32,sim12,298040,,skip,avoid_orgn_sell_high_per,,,,,,,,,,,,,,,,,,,,,,,,,,,
14927773,2026-10-07 09:27:32,sim12,457190,,skip,avoid_amount_dry,,,,,,,,,,,,,,,,,,,,,,,,,,,
14927773,2026-10-07 09:27:32,sim12,443060,,skip,avoid_amount_dry,,,,,,,,,,,,,,,,,,,,,,,,,,,
14927773,2026-10-07 09:27:32,sim12,066970,,skip,avoid_amount_dry,,,,,,,,,,,,,,,,,,,,,,,,,,,
14927773,2026-10-07 09:27:32,sim12,35320K,,skip,avoid_amount_dry,,,,,,,,,,,,,,,,,,,,,,,,,,,
14927773,2026-10-07 09:27:32,sim12,450080,,skip,avoid_amount_dry,,,,,,,,,,,,,,,,,,,,,,,,,,,
14927773,2026-10-07 09:27:32,sim12,011780,,skip,avoid_amount_dry,,,,,,,,,,,,,,,,,,,,,,,,,,,
14927773,2026-10-07 09:27:32,sim12,009420,,skip,avoid_amount_dry,,,,,,,,,,,,,,,,,,,,,,,,,,,
14927773,2026-10-07 09:27:32,sim12,007810,,skip,avoid_amount_dry,,,,,,,,,,,,,,,,,,,,,,,,,,,
14927773,2026-10-07 09:27:32,sim12,010130,,skip,avoid_amount_dry,,,,,,,,,,,,,,,,,,,,,,,,,,,
14927773,2026-10-07 09:27:32,sim12,051910,,skip,avoid_amount_dry,,,,,,,,,,,,,,,,,,,,,,,,,,,
14927773,2026-10-07 09:27:32,sim12,000150,,skip,avoid_amount_dry,,,,,,,,,,,,,,,,,,,,,,,,,,,
14927773,2026-10-07 09:27:32,sim12,267250,,skip,avoid_amount_dry,,,,,,,,,,,,,,,,,,,,,,,,,,,
14927773,2026-10-07 09:27:32,sim12,011170,,skip,avoid_amount_dry,,,,,,,,,,,,,,,,,,,,,,,,,,,
14927773,2026-10-07 09:27:32,sim12,021820,,skip,avoid_amount_dry,,,,,,,,,,,,,,,,,,,,,,,,,,,
14927773,2026-10-07 09:27:32,sim12,011300,,skip,avoid_amount_dry,,,,,,,,,,,,,,,,,,,,,,,,,,,
14927773,2026-10-07 09:27:32,sim12,336370,,skip,avoid_amount_dry,,,,,,,,,,,,,,,,,,,,,,,,,,,
14927773,2026-10-07 09:27:32,sim12,001430,,skip,avoid_amount_dry,,,,,,,,,,,,,,,,,,,,,,,,,,,
14927774,2026-10-07 09:29:36,sim12,002720,,skip,avoid_frgn_sell_20d,,,,,,,,,,,,,,,,,,,,,,,,,,,
14927774,2026-10-07 09:29:36,sim12,009190,,skip,avoid_deadcat,,,,,,,,,,,,,,,,,,,,,,,,,,,
14927774,2026-10-07 09:29:36,sim12,015260,,skip,avoid_deadcat,,,,,,,,,,,,,,,,,,,,,,,,,,,
14927774,2026-10-07 09:29:36,sim12,019175,,skip,avoid_amount_dry,,,,,,,,,,,,,,,,,,,,,,,,,,,
14927774,2026-10-07 09:29:36,sim12,281820,,skip,pb2_not_crashed,,,,,,,,,,,,,,,,,,,,,,,,,,,
14927774,2026-10-07 09:29:36,sim12,012170,,skip,pb2_not_crashed,,,,,,,,,,,,,,,,,,,,,,,,,,,
14927774,2026-10-07 09:29:36,sim12,019170,,skip,pb2_not_crashed,,,,,,,,,,,,,,,,,,,,,,,,,,,
14927774,2026-10-07 09:29:36,sim12,063160,,skip,avoid_frgn_sell_20d,,,,,,,,,,,,,,,,,,,,,,,,,,,
14927774,2026-10-07 09:29:36,sim12,012320,,skip,pb2_not_crashed,,,,,,,,,,,,,,,,,,,,,,,,,,,
14927774,2026-10-07 09:29:36,sim12,003350,,skip,avoid_amount_dry,,,,,,,,,,,,,,,,,,,,,,,,,,,
14927774,2026-10-07 09:29:36,sim12,248070,,skip,avoid_frgn_sell_20d,,,,,,,,,,,,,,,,,,,,,,,,,,,
14927774,2026-10-07 09:29:36,sim12,003220,,skip,pb2_not_crashed,,,,,,,,,,,,,,,,,,,,,,,,,,,
14927774,2026-10-07 09:29:36,sim12,352820,,skip,avoid_frgn_sell_20d,,,,,,,,,,,,,,,,,,,,,,,,,,,
14927774,2026-10-07 09:29:36,sim12,036570,,skip,avoid_amount_dry,,,,,,,,,,,,,,,,,,,,,,,,,,,
14927774,2026-10-07 09:29:36,sim12,465770,,skip,avoid_amount_dry,,,,,,,,,,,,,,,,,,,,,,,,,,,
14927774,2026-10-07 09:29:36,sim12,137310,,skip,pb2_not_crashed,,,,,,,,,,,,,,,,,,,,,,,,,,,
14927774,2026-10-07 09:29:36,sim12,026890,,skip,avoid_frgn_sell_20d,,,,,,,,,,,,,,,,,,,,,,,,,,,
14927774,2026-10-07 09:29:36,sim12,005180,,skip,avoid_amount_dry,,,,,,,,,,,,,,,,,,,,,,,,,,,
14927774,2026-10-07 09:29:36,sim12,33626L,,skip,avoid_amount_dry,,,,,,,,,,,,,,,,,,,,,,,,,,,
14927774,2026-10-07 09:29:36,sim12,111770,,skip,avoid_amount_dry,,,,,,,,,,,,,,,,,,,,,,,,,,,
14927774,2026-10-07 09:29:36,sim12,103590,,skip,avoid_frgn_sell_20d,,,,,,,,,,,,,,,,,,,,,,,,,,,
14927774,2026-10-07 09:29:36,sim12,013000,,skip,avoid_amount_dry,,,,,,,,,,,,,,,,,,,,,,,,,,,
14927774,2026-10-07 09:29:36,sim12,044820,,skip,avoid_amount_dry,,,,,,,,,,,,,,,,,,,,,,,,,,,
14927774,2026-10-07 09:29:36,sim12,000227,,skip,avoid_amount_dry,,,,,,,,,,,,,,,,,,,,,,,,,,,
14927774,2026-10-07 09:29:36,sim12,011700,,skip,pb2_not_crashed,,,,,,,,,,,,,,,,,,,,,,,,,,,
14927774,2026-10-07 09:29:36,sim12,007460,,skip,avoid_amount_dry,,,,,,,,,,,,,,,,,,,,,,,,,,,
14927774,2026-10-07 09:29:36,sim12,217590,,skip,pb2_not_crashed,,,,,,,,,,,,,,,,,,,,,,,,,,,
14927774,2026-10-07 09:29:36,sim12,008040,,skip,avoid_amount_dry,,,,,,,,,,,,,,,,,,,,,,,,,,,
14927774,2026-10-07 09:29:36,sim12,084680,,skip,avoid_amount_dry,,,,,,,,,,,,,,,,,,,,,,,,,,,
14927774,2026-10-07 09:29:36,sim12,017180,,skip,avoid_amount_dry,,,,,,,,,,,,,,,,,,,,,,,,,,,
14927774,2026-10-07 09:29:36,sim12,003670,,skip,avoid_frgn_sell_20d,,,,,,,,,,,,,,,,,,,,,,,,,,,
14927774,2026-10-07 09:29:36,sim12,011155,,skip,avoid_amount_dry,,,,,,,,,,,,,,,,,,,,,,,,,,,
14927774,2026-10-07 09:29:36,sim12,210980,,skip,avoid_amount_dry,,,,,,,,,,,,,,,,,,,,,,,,,,,
14927774,2026-10-07 09:29:36,sim12,353200,,skip,avoid_amount_dry,,,,,,,,,,,,,,,,,,,,,,,,,,,
14927774,2026-10-07 09:29:36,sim12,103140,,skip,avoid_amount_dry,,,,,,,,,,,,,,,,,,,,,,,,,,,
14927774,2026-10-07 09:29:36,sim12,020120,,skip,avoid_amount_dry,,,,,,,,,,,,,,,,,,,,,,,,,,,
14927774,2026-10-07 09:29:36,sim12,480370,,skip,avoid_amount_dry,,,,,,,,,,,,,,,,,,,,,,,,,,,
14927774,2026-10-07 09:29:36,sim12,006650,,skip,avoid_amount_dry,,,,,,,,,,,,,,,,,,,,,,,,,,,
14927774,2026-10-07 09:29:36,sim12,35320K,,skip,avoid_amount_dry,,,,,,,,,,,,,,,,,,,,,,,,,,,
14927774,2026-10-07 09:29:36,sim12,007660,,skip,avoid_amount_dry,,,,,,,,,,,,,,,,,,,,,,,,,,,
14927774,2026-10-07 09:29:36,sim12,066575,,skip,avoid_amount_dry,,,,,,,,,,,,,,,,,,,,,,,,,,,
14927774,2026-10-07 09:29:36,sim12,450080,,skip,avoid_amount_dry,,,,,,,,,,,,,,,,,,,,,,,,,,,
14927774,2026-10-07 09:29:36,sim12,443060,,skip,avoid_amount_dry,,,,,,,,,,,,,,,,,,,,,,,,,,,
14927774,2026-10-07 09:29:36,sim12,457190,,skip,avoid_amount_dry,,,,,,,,,,,,,,,,,,,,,,,,,,,
14927774,2026-10-07 09:29:36,sim12,000880,,skip,avoid_amount_dry,,,,,,,,,,,,,,,,,,,,,,,,,,,
14927774,2026-10-07 09:29:36,sim12,066970,,skip,avoid_amount_dry,,,,,,,,,,,,,,,,,,,,,,,,,,,
14927774,2026-10-07 09:29:36,sim12,298040,,skip,avoid_orgn_sell_high_per,,,,,,,,,,,,,,,,,,,,,,,,,,,
14927774,2026-10-07 09:29:36,sim12,079550,,skip,avoid_amount_dry,,,,,,,,,,,,,,,,,,,,,,,,,,,
14927774,2026-10-07 09:29:36,sim12,009420,,skip,avoid_amount_dry,,,,,,,,,,,,,,,,,,,,,,,,,,,
14927774,2026-10-07 09:29:36,sim12,051910,,skip,avoid_amount_dry,,,,,,,,,,,,,,,,,,,,,,,,,,,
14927774,2026-10-07 09:29:36,sim12,007810,,skip,avoid_amount_dry,,,,,,,,,,,,,,,,,,,,,,,,,,,
14927774,2026-10-07 09:29:36,sim12,011780,,skip,avoid_amount_dry,,,,,,,,,,,,,,,,,,,,,,,,,,,
14927774,2026-10-07 09:29:36,sim12,267250,,skip,avoid_amount_dry,,,,,,,,,,,,,,,,,,,,,,,,,,,
14927774,2026-10-07 09:29:36,sim12,336370,,skip,avoid_amount_dry,,,,,,,,,,,,,,,,,,,,,,,,,,,
14927774,2026-10-07 09:29:36,sim12,001430,,skip,avoid_amount_dry,,,,,,,,,,,,,,,,,,,,,,,,,,,
14927774,2026-10-07 09:29:36,sim12,010130,,skip,avoid_amount_dry,,,,,,,,,,,,,,,,,,,,,,,,,,,
14927774,2026-10-07 09:29:36,sim12,021820,,skip,avoid_amount_dry,,,,,,,,,,,,,,,,,,,,,,,,,,,
14927774,2026-10-07 09:29:36,sim12,000150,,skip,avoid_amount_dry,,,,,,,,,,,,,,,,,,,,,,,,,,,
14927774,2026-10-07 09:29:36,sim12,011170,,skip,avoid_amount_dry,,,,,,,,,,,,,,,,,,,,,,,,,,,
14927774,2026-10-07 09:29:36,sim12,025560,,skip,avoid_amount_dry,,,,,,,,,,,,,,,,,,,,,,,,,,,
14927775,2026-10-07 09:31:29,sim12,002720,,skip,avoid_frgn_sell_20d,,,,,,,,,,,,,,,,,,,,,,,,,,,
14927775,2026-10-07 09:31:29,sim12,009190,,skip,avoid_deadcat,,,,,,,,,,,,,,,,,,,,,,,,,,,
14927775,2026-10-07 09:31:29,sim12,015260,,skip,avoid_deadcat,,,,,,,,,,,,,,,,,,,,,,,,,,,
14927775,2026-10-07 09:31:29,sim12,012170,,skip,pb2_not_crashed,,,,,,,,,,,,,,,,,,,,,,,,,,,
14927775,2026-10-07 09:31:29,sim12,063160,,skip,avoid_frgn_sell_20d,,,,,,,,,,,,,,,,,,,,,,,,,,,
14927775,2026-10-07 09:31:29,sim12,281820,,skip,pb2_not_crashed,,,,,,,,,,,,,,,,,,,,,,,,,,,
14927775,2026-10-07 09:31:29,sim12,019175,,skip,pb2_not_crashed,,,,,,,,,,,,,,,,,,,,,,,,,,,
14927775,2026-10-07 09:31:29,sim12,005257,,skip,avoid_amount_dry,,,,,,,,,,,,,,,,,,,,,,,,,,,
14927775,2026-10-07 09:31:29,sim12,019170,,skip,pb2_not_crashed,,,,,,,,,,,,,,,,,,,,,,,,,,,
14927775,2026-10-07 09:31:29,sim12,003350,,skip,avoid_amount_dry,,,,,,,,,,,,,,,,,,,,,,,,,,,
14927775,2026-10-07 09:31:29,sim12,012320,,skip,pb2_not_crashed,,,,,,,,,,,,,,,,,,,,,,,,,,,
14927775,2026-10-07 09:31:29,sim12,003220,,skip,pb2_not_crashed,,,,,,,,,,,,,,,,,,,,,,,,,,,
14927775,2026-10-07 09:31:29,sim12,005030,,skip,avoid_amount_dry,,,,,,,,,,,,,,,,,,,,,,,,,,,
14927775,2026-10-07 09:31:29,sim12,465770,,skip,avoid_amount_dry,,,,,,,,,,,,,,,,,,,,,,,,,,,
14927775,2026-10-07 09:31:29,sim12,005110,,skip,avoid_amount_dry,,,,,,,,,,,,,,,,,,,,,,,,,,,
14927775,2026-10-07 09:31:29,sim12,248070,,skip,avoid_frgn_sell_20d,,,,,,,,,,,,,,,,,,,,,,,,,,,
14927775,2026-10-07 09:31:29,sim12,137310,,skip,pb2_not_crashed,,,,,,,,,,,,,,,,,,,,,,,,,,,
14927775,2026-10-07 09:31:29,sim12,352820,,skip,avoid_frgn_sell_20d,,,,,,,,,,,,,,,,,,,,,,,,,,,
14927775,2026-10-07 09:31:29,sim12,036570,,skip,avoid_amount_dry,,,,,,,,,,,,,,,,,,,,,,,,,,,
14927775,2026-10-07 09:31:29,sim12,026890,,skip,avoid_frgn_sell_20d,,,,,,,,,,,,,,,,,,,,,,,,,,,
14927775,2026-10-07 09:31:29,sim12,001360,,skip,pb2_not_crashed,,,,,,,,,,,,,,,,,,,,,,,,,,,
14927775,2026-10-07 09:31:29,sim12,044820,,skip,avoid_amount_dry,,,,,,,,,,,,,,,,,,,,,,,,,,,
14927775,2026-10-07 09:31:29,sim12,005180,,skip,avoid_amount_dry,,,,,,,,,,,,,,,,,,,,,,,,,,,
14927775,2026-10-07 09:31:29,sim12,33626L,,skip,avoid_amount_dry,,,,,,,,,,,,,,,,,,,,,,,,,,,
14927775,2026-10-07 09:31:29,sim12,111770,,skip,avoid_amount_dry,,,,,,,,,,,,,,,,,,,,,,,,,,,
14927775,2026-10-07 09:31:29,sim12,011700,,skip,pb2_not_crashed,,,,,,,,,,,,,,,,,,,,,,,,,,,
14927775,2026-10-07 09:31:29,sim12,008040,,skip,avoid_amount_dry,,,,,,,,,,,,,,,,,,,,,,,,,,,
14927775,2026-10-07 09:31:29,sim12,013000,,skip,avoid_amount_dry,,,,,,,,,,,,,,,,,,,,,,,,,,,
14927775,2026-10-07 09:31:29,sim12,017180,,skip,avoid_amount_dry,,,,,,,,,,,,,,,,,,,,,,,,,,,
14927775,2026-10-07 09:31:29,sim12,007460,,skip,avoid_amount_dry,,,,,,,,,,,,,,,,,,,,,,,,,,,
14927775,2026-10-07 09:31:29,sim12,003670,,skip,avoid_frgn_sell_20d,,,,,,,,,,,,,,,,,,,,,,,,,,,
14927775,2026-10-07 09:31:29,sim12,353200,,skip,avoid_amount_dry,,,,,,,,,,,,,,,,,,,,,,,,,,,
14927775,2026-10-07 09:31:29,sim12,103140,,skip,avoid_amount_dry,,,,,,,,,,,,,,,,,,,,,,,,,,,
14927775,2026-10-07 09:31:29,sim12,210980,,skip,avoid_amount_dry,,,,,,,,,,,,,,,,,,,,,,,,,,,
14927775,2026-10-07 09:31:29,sim12,480370,,skip,avoid_amount_dry,,,,,,,,,,,,,,,,,,,,,,,,,,,
14927775,2026-10-07 09:31:29,sim12,020120,,skip,avoid_amount_dry,,,,,,,,,,,,,,,,,,,,,,,,,,,
14927775,2026-10-07 09:31:29,sim12,35320K,,skip,avoid_amount_dry,,,,,,,,,,,,,,,,,,,,,,,,,,,
14927775,2026-10-07 09:31:29,sim12,011155,,skip,avoid_amount_dry,,,,,,,,,,,,,,,,,,,,,,,,,,,
14927775,2026-10-07 09:31:29,sim12,006650,,skip,avoid_amount_dry,,,,,,,,,,,,,,,,,,,,,,,,,,,
14927775,2026-10-07 09:31:29,sim12,066970,,skip,avoid_amount_dry,,,,,,,,,,,,,,,,,,,,,,,,,,,
14927775,2026-10-07 09:31:29,sim12,450080,,skip,avoid_amount_dry,,,,,,,,,,,,,,,,,,,,,,,,,,,
14927775,2026-10-07 09:31:29,sim12,007810,,skip,avoid_amount_dry,,,,,,,,,,,,,,,,,,,,,,,,,,,
14927775,2026-10-07 09:31:29,sim12,007660,,skip,avoid_amount_dry,,,,,,,,,,,,,,,,,,,,,,,,,,,
14927775,2026-10-07 09:31:29,sim12,457190,,skip,avoid_amount_dry,,,,,,,,,,,,,,,,,,,,,,,,,,,
14927775,2026-10-07 09:31:29,sim12,002787,,skip,avoid_amount_dry,,,,,,,,,,,,,,,,,,,,,,,,,,,
14927775,2026-10-07 09:31:29,sim12,000880,,skip,avoid_amount_dry,,,,,,,,,,,,,,,,,,,,,,,,,,,
14927775,2026-10-07 09:31:29,sim12,000150,,skip,avoid_amount_dry,,,,,,,,,,,,,,,,,,,,,,,,,,,
14927775,2026-10-07 09:31:29,sim12,011300,,skip,avoid_amount_dry,,,,,,,,,,,,,,,,,,,,,,,,,,,
14927775,2026-10-07 09:31:29,sim12,443060,,skip,avoid_amount_dry,,,,,,,,,,,,,,,,,,,,,,,,,,,
14927775,2026-10-07 09:31:29,sim12,009420,,skip,avoid_amount_dry,,,,,,,,,,,,,,,,,,,,,,,,,,,
14927775,2026-10-07 09:31:29,sim12,066575,,skip,avoid_amount_dry,,,,,,,,,,,,,,,,,,,,,,,,,,,
14927775,2026-10-07 09:31:29,sim12,051910,,skip,avoid_amount_dry,,,,,,,,,,,,,,,,,,,,,,,,,,,
14927775,2026-10-07 09:31:29,sim12,011780,,skip,avoid_amount_dry,,,,,,,,,,,,,,,,,,,,,,,,,,,
14927775,2026-10-07 09:31:29,sim12,298040,,skip,avoid_orgn_sell_high_per,,,,,,,,,,,,,,,,,,,,,,,,,,,
14927775,2026-10-07 09:31:29,sim12,267250,,skip,avoid_amount_dry,,,,,,,,,,,,,,,,,,,,,,,,,,,
14927775,2026-10-07 09:31:29,sim12,006110,,skip,avoid_amount_dry,,,,,,,,,,,,,,,,,,,,,,,,,,,
14927775,2026-10-07 09:31:29,sim12,079550,,skip,avoid_amount_dry,,,,,,,,,,,,,,,,,,,,,,,,,,,
14927775,2026-10-07 09:31:29,sim12,161000,,skip,avoid_amount_dry,,,,,,,,,,,,,,,,,,,,,,,,,,,
14927775,2026-10-07 09:31:29,sim12,010130,,skip,avoid_amount_dry,,,,,,,,,,,,,,,,,,,,,,,,,,,
14927775,2026-10-07 09:31:29,sim12,001440,,skip,avoid_amount_dry,,,,,,,,,,,,,,,,,,,,,,,,,,,
14927776,2026-10-07 09:33:33,sim12,002720,,skip,avoid_frgn_sell_20d,,,,,,,,,,,,,,,,,,,,,,,,,,,
14927776,2026-10-07 09:33:33,sim12,009190,,skip,avoid_deadcat,,,,,,,,,,,,,,,,,,,,,,,,,,,
14927776,2026-10-07 09:33:33,sim12,015260,,skip,avoid_deadcat,,,,,,,,,,,,,,,,,,,,,,,,,,,
14927776,2026-10-07 09:33:33,sim12,281820,,skip,pb2_not_crashed,,,,,,,,,,,,,,,,,,,,,,,,,,,
14927776,2026-10-07 09:33:33,sim12,012170,,skip,pb2_not_crashed,,,,,,,,,,,,,,,,,,,,,,,,,,,
14927776,2026-10-07 09:33:33,sim12,019175,,skip,pb2_not_crashed,,,,,,,,,,,,,,,,,,,,,,,,,,,
14927776,2026-10-07 09:33:33,sim12,063160,,skip,avoid_frgn_sell_20d,,,,,,,,,,,,,,,,,,,,,,,,,,,
14927776,2026-10-07 09:33:33,sim12,005257,,skip,avoid_amount_dry,,,,,,,,,,,,,,,,,,,,,,,,,,,
14927776,2026-10-07 09:33:33,sim12,019170,,skip,pb2_not_crashed,,,,,,,,,,,,,,,,,,,,,,,,,,,
14927776,2026-10-07 09:33:33,sim12,465770,,skip,avoid_amount_dry,,,,,,,,,,,,,,,,,,,,,,,,,,,
14927776,2026-10-07 09:33:33,sim12,003350,,skip,pb2_not_crashed,,,,,,,,,,,,,,,,,,,,,,,,,,,
14927776,2026-10-07 09:33:33,sim12,012320,,skip,pb2_not_crashed,,,,,,,,,,,,,,,,,,,,,,,,,,,
14927776,2026-10-07 09:33:33,sim12,005030,,skip,avoid_amount_dry,,,,,,,,,,,,,,,,,,,,,,,,,,,
14927776,2026-10-07 09:33:33,sim12,003220,,skip,pb2_not_crashed,,,,,,,,,,,,,,,,,,,,,,,,,,,
14927776,2026-10-07 09:33:33,sim12,005110,,skip,avoid_amount_dry,,,,,,,,,,,,,,,,,,,,,,,,,,,
14927776,2026-10-07 09:33:33,sim12,248070,,skip,avoid_frgn_sell_20d,,,,,,,,,,,,,,,,,,,,,,,,,,,
14927776,2026-10-07 09:33:33,sim12,137310,,skip,pb2_not_crashed,,,,,,,,,,,,,,,,,,,,,,,,,,,
14927776,2026-10-07 09:33:33,sim12,004835,,skip,avoid_amount_dry,,,,,,,,,,,,,,,,,,,,,,,,,,,
14927776,2026-10-07 09:33:33,sim12,352820,,skip,avoid_frgn_sell_20d,,,,,,,,,,,,,,,,,,,,,,,,,,,
14927776,2026-10-07 09:33:33,sim12,036570,,skip,avoid_amount_dry,,,,,,,,,,,,,,,,,,,,,,,,,,,
14927776,2026-10-07 09:33:33,sim12,026890,,skip,avoid_frgn_sell_20d,,,,,,,,,,,,,,,,,,,,,,,,,,,
14927776,2026-10-07 09:33:33,sim12,001360,,skip,pb2_not_crashed,,,,,,,,,,,,,,,,,,,,,,,,,,,
14927776,2026-10-07 09:33:33,sim12,006740,,skip,avoid_amount_dry,,,,,,,,,,,,,,,,,,,,,,,,,,,
14927776,2026-10-07 09:33:33,sim12,002390,,skip,avoid_frgn_sell_20d,,,,,,,,,,,,,,,,,,,,,,,,,,,
14927776,2026-10-07 09:33:33,sim12,044820,,skip,avoid_amount_dry,,,,,,,,,,,,,,,,,,,,,,,,,,,
14927776,2026-10-07 09:33:33,sim12,011090,,skip,avoid_amount_dry,,,,,,,,,,,,,,,,,,,,,,,,,,,
14927776,2026-10-07 09:33:33,sim12,33626L,,skip,avoid_amount_dry,,,,,,,,,,,,,,,,,,,,,,,,,,,
14927776,2026-10-07 09:33:33,sim12,005320,,skip,pb2_not_crashed,,,,,,,,,,,,,,,,,,,,,,,,,,,
14927776,2026-10-07 09:33:33,sim12,0220W0,,skip,avoid_amount_dry,,,,,,,,,,,,,,,,,,,,,,,,,,,
14927776,2026-10-07 09:33:33,sim12,084680,,skip,avoid_amount_dry,,,,,,,,,,,,,,,,,,,,,,,,,,,
14927776,2026-10-07 09:33:33,sim12,003670,,skip,avoid_frgn_sell_20d,,,,,,,,,,,,,,,,,,,,,,,,,,,
14927776,2026-10-07 09:33:33,sim12,103140,,skip,avoid_amount_dry,,,,,,,,,,,,,,,,,,,,,,,,,,,
14927776,2026-10-07 09:33:33,sim12,353200,,skip,avoid_amount_dry,,,,,,,,,,,,,,,,,,,,,,,,,,,
14927776,2026-10-07 09:33:33,sim12,210980,,skip,avoid_amount_dry,,,,,,,,,,,,,,,,,,,,,,,,,,,
14927776,2026-10-07 09:33:33,sim12,480370,,skip,avoid_amount_dry,,,,,,,,,,,,,,,,,,,,,,,,,,,
14927776,2026-10-07 09:33:33,sim12,020120,,skip,avoid_amount_dry,,,,,,,,,,,,,,,,,,,,,,,,,,,
14927776,2026-10-07 09:33:33,sim12,35320K,,skip,avoid_amount_dry,,,,,,,,,,,,,,,,,,,,,,,,,,,
14927776,2026-10-07 09:33:33,sim12,011155,,skip,avoid_amount_dry,,,,,,,,,,,,,,,,,,,,,,,,,,,
14927776,2026-10-07 09:33:33,sim12,006650,,skip,avoid_amount_dry,,,,,,,,,,,,,,,,,,,,,,,,,,,
14927776,2026-10-07 09:33:33,sim12,450080,,skip,avoid_amount_dry,,,,,,,,,,,,,,,,,,,,,,,,,,,
14927776,2026-10-07 09:33:33,sim12,007660,,skip,avoid_amount_dry,,,,,,,,,,,,,,,,,,,,,,,,,,,
14927776,2026-10-07 09:33:33,sim12,002787,,skip,avoid_amount_dry,,,,,,,,,,,,,,,,,,,,,,,,,,,
14927776,2026-10-07 09:33:33,sim12,457190,,skip,avoid_amount_dry,,,,,,,,,,,,,,,,,,,,,,,,,,,
14927776,2026-10-07 09:33:33,sim12,298040,,skip,avoid_orgn_sell_high_per,,,,,,,,,,,,,,,,,,,,,,,,,,,
14927776,2026-10-07 09:33:33,sim12,007810,,skip,avoid_amount_dry,,,,,,,,,,,,,,,,,,,,,,,,,,,
14927776,2026-10-07 09:33:33,sim12,006110,,skip,avoid_amount_dry,,,,,,,,,,,,,,,,,,,,,,,,,,,
14927776,2026-10-07 09:33:33,sim12,051910,,skip,avoid_amount_dry,,,,,,,,,,,,,,,,,,,,,,,,,,,
14927776,2026-10-07 09:33:33,sim12,000880,,skip,avoid_amount_dry,,,,,,,,,,,,,,,,,,,,,,,,,,,
14927776,2026-10-07 09:33:33,sim12,009420,,skip,avoid_amount_dry,,,,,,,,,,,,,,,,,,,,,,,,,,,
14927776,2026-10-07 09:33:33,sim12,066970,,skip,avoid_amount_dry,,,,,,,,,,,,,,,,,,,,,,,,,,,
14927776,2026-10-07 09:33:33,sim12,011780,,skip,avoid_amount_dry,,,,,,,,,,,,,,,,,,,,,,,,,,,
14927776,2026-10-07 09:33:33,sim12,010130,,skip,avoid_amount_dry,,,,,,,,,,,,,,,,,,,,,,,,,,,
14927776,2026-10-07 09:33:33,sim12,267250,,skip,avoid_amount_dry,,,,,,,,,,,,,,,,,,,,,,,,,,,
14927776,2026-10-07 09:33:33,sim12,003160,,skip,avoid_amount_dry,,,,,,,,,,,,,,,,,,,,,,,,,,,
14927776,2026-10-07 09:33:33,sim12,066575,,skip,avoid_amount_dry,,,,,,,,,,,,,,,,,,,,,,,,,,,
14927776,2026-10-07 09:33:33,sim12,000150,,skip,avoid_amount_dry,,,,,,,,,,,,,,,,,,,,,,,,,,,
14927776,2026-10-07 09:33:33,sim12,001440,,skip,avoid_amount_dry,,,,,,,,,,,,,,,,,,,,,,,,,,,
14927776,2026-10-07 09:33:33,sim12,093370,,skip,avoid_amount_dry,,,,,,,,,,,,,,,,,,,,,,,,,,,
14927776,2026-10-07 09:33:33,sim12,001430,,skip,avoid_amount_dry,,,,,,,,,,,,,,,,,,,,,,,,,,,
14927776,2026-10-07 09:33:33,sim12,079550,,skip,avoid_amount_dry,,,,,,,,,,,,,,,,,,,,,,,,,,,
14927777,2026-10-07 09:35:21,sim12,002720,,skip,avoid_frgn_sell_20d,,,,,,,,,,,,,,,,,,,,,,,,,,,
14927777,2026-10-07 09:35:21,sim12,009190,,skip,avoid_deadcat,,,,,,,,,,,,,,,,,,,,,,,,,,,
14927777,2026-10-07 09:35:21,sim12,015260,,skip,avoid_deadcat,,,,,,,,,,,,,,,,,,,,,,,,,,,
14927777,2026-10-07 09:35:21,sim12,281820,,skip,pb2_not_crashed,,,,,,,,,,,,,,,,,,,,,,,,,,,
14927777,2026-10-07 09:35:21,sim12,012170,,skip,pb2_not_crashed,,,,,,,,,,,,,,,,,,,,,,,,,,,
14927777,2026-10-07 09:35:21,sim12,019175,,skip,pb2_not_crashed,,,,,,,,,,,,,,,,,,,,,,,,,,,
14927777,2026-10-07 09:35:21,sim12,063160,,skip,avoid_frgn_sell_20d,,,,,,,,,,,,,,,,,,,,,,,,,,,
14927777,2026-10-07 09:35:21,sim12,005257,,skip,avoid_amount_dry,,,,,,,,,,,,,,,,,,,,,,,,,,,
14927777,2026-10-07 09:35:21,sim12,019170,,skip,pb2_not_crashed,,,,,,,,,,,,,,,,,,,,,,,,,,,
14927777,2026-10-07 09:35:21,sim12,003350,,skip,pb2_not_crashed,,,,,,,,,,,,,,,,,,,,,,,,,,,
14927777,2026-10-07 09:35:21,sim12,465770,,skip,avoid_amount_dry,,,,,,,,,,,,,,,,,,,,,,,,,,,
14927777,2026-10-07 09:35:21,sim12,005030,,skip,avoid_amount_dry,,,,,,,,,,,,,,,,,,,,,,,,,,,
14927777,2026-10-07 09:35:21,sim12,003220,,skip,pb2_not_crashed,,,,,,,,,,,,,,,,,,,,,,,,,,,
14927777,2026-10-07 09:35:21,sim12,005110,,skip,avoid_amount_dry,,,,,,,,,,,,,,,,,,,,,,,,,,,
14927777,2026-10-07 09:35:21,sim12,006740,,skip,avoid_frgn_sell_20d,,,,,,,,,,,,,,,,,,,,,,,,,,,
14927777,2026-10-07 09:35:21,sim12,012320,,skip,pb2_not_crashed,,,,,,,,,,,,,,,,,,,,,,,,,,,
14927777,2026-10-07 09:35:21,sim12,036570,,skip,avoid_amount_dry,,,,,,,,,,,,,,,,,,,,,,,,,,,
14927777,2026-10-07 09:35:21,sim12,248070,,skip,avoid_frgn_sell_20d,,,,,,,,,,,,,,,,,,,,,,,,,,,
14927777,2026-10-07 09:35:21,sim12,004835,,skip,avoid_amount_dry,,,,,,,,,,,,,,,,,,,,,,,,,,,
14927777,2026-10-07 09:35:21,sim12,137310,,skip,pb2_not_crashed,,,,,,,,,,,,,,,,,,,,,,,,,,,
14927777,2026-10-07 09:35:21,sim12,352820,,skip,avoid_frgn_sell_20d,,,,,,,,,,,,,,,,,,,,,,,,,,,
14927777,2026-10-07 09:35:21,sim12,001360,,skip,pb2_not_crashed,,,,,,,,,,,,,,,,,,,,,,,,,,,
14927777,2026-10-07 09:35:21,sim12,026890,,skip,avoid_frgn_sell_20d,,,,,,,,,,,,,,,,,,,,,,,,,,,
14927777,2026-10-07 09:35:21,sim12,044820,,skip,avoid_amount_dry,,,,,,,,,,,,,,,,,,,,,,,,,,,
14927777,2026-10-07 09:35:21,sim12,002390,,skip,avoid_frgn_sell_20d,,,,,,,,,,,,,,,,,,,,,,,,,,,
14927777,2026-10-07 09:35:21,sim12,011090,,skip,avoid_amount_dry,,,,,,,,,,,,,,,,,,,,,,,,,,,
14927777,2026-10-07 09:35:21,sim12,005320,,skip,pb2_not_crashed,,,,,,,,,,,,,,,,,,,,,,,,,,,
14927777,2026-10-07 09:35:21,sim12,111770,,skip,avoid_amount_dry,,,,,,,,,,,,,,,,,,,,,,,,,,,
14927777,2026-10-07 09:35:21,sim12,011700,,skip,pb2_not_crashed,,,,,,,,,,,,,,,,,,,,,,,,,,,
14927777,2026-10-07 09:35:21,sim12,003850,,skip,avoid_amount_dry,,,,,,,,,,,,,,,,,,,,,,,,,,,
14927777,2026-10-07 09:35:21,sim12,003670,,skip,avoid_frgn_sell_20d,,,,,,,,,,,,,,,,,,,,,,,,,,,
14927777,2026-10-07 09:35:21,sim12,103140,,skip,avoid_amount_dry,,,,,,,,,,,,,,,,,,,,,,,,,,,
14927777,2026-10-07 09:35:21,sim12,353200,,skip,avoid_amount_dry,,,,,,,,,,,,,,,,,,,,,,,,,,,
14927777,2026-10-07 09:35:21,sim12,210980,,skip,avoid_amount_dry,,,,,,,,,,,,,,,,,,,,,,,,,,,
14927777,2026-10-07 09:35:21,sim12,480370,,skip,avoid_amount_dry,,,,,,,,,,,,,,,,,,,,,,,,,,,
14927777,2026-10-07 09:35:21,sim12,007660,,skip,avoid_amount_dry,,,,,,,,,,,,,,,,,,,,,,,,,,,
14927777,2026-10-07 09:35:21,sim12,020120,,skip,avoid_amount_dry,,,,,,,,,,,,,,,,,,,,,,,,,,,
14927777,2026-10-07 09:35:21,sim12,007810,,skip,avoid_amount_dry,,,,,,,,,,,,,,,,,,,,,,,,,,,
14927777,2026-10-07 09:35:21,sim12,011155,,skip,avoid_amount_dry,,,,,,,,,,,,,,,,,,,,,,,,,,,
14927777,2026-10-07 09:35:21,sim12,006650,,skip,avoid_amount_dry,,,,,,,,,,,,,,,,,,,,,,,,,,,
14927777,2026-10-07 09:35:21,sim12,35320K,,skip,avoid_amount_dry,,,,,,,,,,,,,,,,,,,,,,,,,,,
14927777,2026-10-07 09:35:21,sim12,000880,,skip,avoid_amount_dry,,,,,,,,,,,,,,,,,,,,,,,,,,,
14927777,2026-10-07 09:35:21,sim12,002787,,skip,avoid_amount_dry,,,,,,,,,,,,,,,,,,,,,,,,,,,
14927777,2026-10-07 09:35:21,sim12,450080,,skip,avoid_amount_dry,,,,,,,,,,,,,,,,,,,,,,,,,,,
14927777,2026-10-07 09:35:21,sim12,009420,,skip,avoid_amount_dry,,,,,,,,,,,,,,,,,,,,,,,,,,,
14927777,2026-10-07 09:35:21,sim12,298040,,skip,avoid_orgn_sell_high_per,,,,,,,,,,,,,,,,,,,,,,,,,,,
14927777,2026-10-07 09:35:21,sim12,066575,,skip,avoid_amount_dry,,,,,,,,,,,,,,,,,,,,,,,,,,,
14927777,2026-10-07 09:35:21,sim12,006110,,skip,avoid_amount_dry,,,,,,,,,,,,,,,,,,,,,,,,,,,
14927777,2026-10-07 09:35:21,sim12,051910,,skip,avoid_amount_dry,,,,,,,,,,,,,,,,,,,,,,,,,,,
14927777,2026-10-07 09:35:21,sim12,003160,,skip,avoid_amount_dry,,,,,,,,,,,,,,,,,,,,,,,,,,,
14927777,2026-10-07 09:35:21,sim12,025560,,skip,avoid_amount_dry,,,,,,,,,,,,,,,,,,,,,,,,,,,
14927777,2026-10-07 09:35:21,sim12,093370,,skip,avoid_amount_dry,,,,,,,,,,,,,,,,,,,,,,,,,,,
14927777,2026-10-07 09:35:21,sim12,457190,,skip,avoid_amount_dry,,,,,,,,,,,,,,,,,,,,,,,,,,,
14927777,2026-10-07 09:35:21,sim12,267250,,skip,avoid_amount_dry,,,,,,,,,,,,,,,,,,,,,,,,,,,
14927777,2026-10-07 09:35:21,sim12,011300,,skip,avoid_amount_dry,,,,,,,,,,,,,,,,,,,,,,,,,,,
14927777,2026-10-07 09:35:21,sim12,011780,,skip,avoid_amount_dry,,,,,,,,,,,,,,,,,,,,,,,,,,,
14927777,2026-10-07 09:35:21,sim12,010130,,skip,avoid_amount_dry,,,,,,,,,,,,,,,,,,,,,,,,,,,
14927777,2026-10-07 09:35:21,sim12,079550,,skip,avoid_amount_dry,,,,,,,,,,,,,,,,,,,,,,,,,,,
14927777,2026-10-07 09:35:21,sim12,000150,,skip,avoid_amount_dry,,,,,,,,,,,,,,,,,,,,,,,,,,,
14927777,2026-10-07 09:35:21,sim12,001430,,skip,avoid_amount_dry,,,,,,,,,,,,,,,,,,,,,,,,,,,
14927778,2026-10-07 09:37:37,sim12,002720,,skip,avoid_frgn_sell_20d,,,,,,,,,,,,,,,,,,,,,,,,,,,
14927778,2026-10-07 09:37:37,sim12,009190,,skip,avoid_deadcat,,,,,,,,,,,,,,,,,,,,,,,,,,,
14927778,2026-10-07 09:37:37,sim12,465770,,skip,avoid_amount_dry,,,,,,,,,,,,,,,,,,,,,,,,,,,
14927778,2026-10-07 09:37:37,sim12,015260,,skip,avoid_deadcat,,,,,,,,,,,,,,,,,,,,,,,,,,,
14927778,2026-10-07 09:37:37,sim12,063160,,skip,avoid_frgn_sell_20d,,,,,,,,,,,,,,,,,,,,,,,,,,,
14927778,2026-10-07 09:37:37,sim12,281820,,skip,pb2_not_crashed,,,,,,,,,,,,,,,,,,,,,,,,,,,
14927778,2026-10-07 09:37:37,sim12,019175,,skip,pb2_not_crashed,,,,,,,,,,,,,,,,,,,,,,,,,,,
14927778,2026-10-07 09:37:37,sim12,003350,,skip,pb2_not_crashed,,,,,,,,,,,,,,,,,,,,,,,,,,,
14927778,2026-10-07 09:37:37,sim12,005257,,skip,avoid_amount_dry,,,,,,,,,,,,,,,,,,,,,,,,,,,
14927778,2026-10-07 09:37:37,sim12,012170,,skip,pb2_not_crashed,,,,,,,,,,,,,,,,,,,,,,,,,,,
14927778,2026-10-07 09:37:37,sim12,019170,,skip,pb2_not_crashed,,,,,,,,,,,,,,,,,,,,,,,,,,,
14927778,2026-10-07 09:37:37,sim12,084670,,skip,pb2_not_crashed,,,,,,,,,,,,,,,,,,,,,,,,,,,
14927778,2026-10-07 09:37:37,sim12,012320,,skip,pb2_not_crashed,,,,,,,,,,,,,,,,,,,,,,,,,,,
14927778,2026-10-07 09:37:37,sim12,005030,,skip,avoid_amount_dry,,,,,,,,,,,,,,,,,,,,,,,,,,,
14927778,2026-10-07 09:37:37,sim12,003220,,skip,pb2_not_crashed,,,,,,,,,,,,,,,,,,,,,,,,,,,
14927778,2026-10-07 09:37:37,sim12,006740,,skip,avoid_frgn_sell_20d,,,,,,,,,,,,,,,,,,,,,,,,,,,
14927778,2026-10-07 09:37:37,sim12,005110,,skip,avoid_amount_dry,,,,,,,,,,,,,,,,,,,,,,,,,,,
14927778,2026-10-07 09:37:37,sim12,248070,,skip,avoid_frgn_sell_20d,,,,,,,,,,,,,,,,,,,,,,,,,,,
14927778,2026-10-07 09:37:37,sim12,137310,,skip,pb2_not_crashed,,,,,,,,,,,,,,,,,,,,,,,,,,,
14927778,2026-10-07 09:37:37,sim12,036570,,skip,avoid_frgn_hold_drop,,,,,,,,,,,,,,,,,,,,,,,,,,,
14927778,2026-10-07 09:37:37,sim12,004835,,skip,avoid_amount_dry,,,,,,,,,,,,,,,,,,,,,,,,,,,
14927778,2026-10-07 09:37:37,sim12,352820,,skip,avoid_frgn_sell_20d,,,,,,,,,,,,,,,,,,,,,,,,,,,
14927778,2026-10-07 09:37:37,sim12,000650,,skip,pb2_not_crashed,,,,,,,,,,,,,,,,,,,,,,,,,,,
14927778,2026-10-07 09:37:37,sim12,001360,,skip,pb2_not_crashed,,,,,,,,,,,,,,,,,,,,,,,,,,,
14927778,2026-10-07 09:37:37,sim12,026890,,skip,avoid_frgn_sell_20d,,,,,,,,,,,,,,,,,,,,,,,,,,,
14927778,2026-10-07 09:37:37,sim12,044820,,skip,avoid_amount_dry,,,,,,,,,,,,,,,,,,,,,,,,,,,
14927778,2026-10-07 09:37:37,sim12,002390,,skip,avoid_frgn_sell_20d,,,,,,,,,,,,,,,,,,,,,,,,,,,
14927778,2026-10-07 09:37:37,sim12,011700,,skip,pb2_not_crashed,,,,,,,,,,,,,,,,,,,,,,,,,,,
14927778,2026-10-07 09:37:37,sim12,011090,,skip,avoid_amount_dry,,,,,,,,,,,,,,,,,,,,,,,,,,,
14927778,2026-10-07 09:37:37,sim12,070960,,skip,avoid_amount_dry,,,,,,,,,,,,,,,,,,,,,,,,,,,
14927778,2026-10-07 09:37:37,sim12,003670,,skip,avoid_frgn_sell_20d,,,,,,,,,,,,,,,,,,,,,,,,,,,
14927778,2026-10-07 09:37:37,sim12,103140,,skip,avoid_amount_dry,,,,,,,,,,,,,,,,,,,,,,,,,,,
14927778,2026-10-07 09:37:37,sim12,210980,,skip,avoid_amount_dry,,,,,,,,,,,,,,,,,,,,,,,,,,,
14927778,2026-10-07 09:37:37,sim12,480370,,skip,avoid_amount_dry,,,,,,,,,,,,,,,,,,,,,,,,,,,
14927778,2026-10-07 09:37:37,sim12,353200,,skip,avoid_amount_dry,,,,,,,,,,,,,,,,,,,,,,,,,,,
14927778,2026-10-07 09:37:37,sim12,020120,,skip,avoid_amount_dry,,,,,,,,,,,,,,,,,,,,,,,,,,,
14927778,2026-10-07 09:37:37,sim12,007660,,skip,avoid_amount_dry,,,,,,,,,,,,,,,,,,,,,,,,,,,
14927778,2026-10-07 09:37:37,sim12,011155,,skip,avoid_amount_dry,,,,,,,,,,,,,,,,,,,,,,,,,,,
14927778,2026-10-07 09:37:37,sim12,35320K,,skip,avoid_amount_dry,,,,,,,,,,,,,,,,,,,,,,,,,,,
14927778,2026-10-07 09:37:37,sim12,000880,,skip,avoid_amount_dry,,,,,,,,,,,,,,,,,,,,,,,,,,,
14927778,2026-10-07 09:37:37,sim12,006650,,skip,avoid_amount_dry,,,,,,,,,,,,,,,,,,,,,,,,,,,
14927778,2026-10-07 09:37:37,sim12,006110,,skip,avoid_amount_dry,,,,,,,,,,,,,,,,,,,,,,,,,,,
14927778,2026-10-07 09:37:37,sim12,025560,,skip,avoid_amount_dry,,,,,,,,,,,,,,,,,,,,,,,,,,,
14927778,2026-10-07 09:37:37,sim12,002787,,skip,avoid_amount_dry,,,,,,,,,,,,,,,,,,,,,,,,,,,
14927778,2026-10-07 09:37:37,sim12,298040,,skip,avoid_orgn_sell_high_per,,,,,,,,,,,,,,,,,,,,,,,,,,,
14927778,2026-10-07 09:37:37,sim12,066575,,skip,avoid_amount_dry,,,,,,,,,,,,,,,,,,,,,,,,,,,
14927778,2026-10-07 09:37:37,sim12,007810,,skip,avoid_amount_dry,,,,,,,,,,,,,,,,,,,,,,,,,,,
14927778,2026-10-07 09:37:37,sim12,457190,,skip,avoid_amount_dry,,,,,,,,,,,,,,,,,,,,,,,,,,,
14927778,2026-10-07 09:37:37,sim12,003160,,skip,avoid_amount_dry,,,,,,,,,,,,,,,,,,,,,,,,,,,
14927778,2026-10-07 09:37:37,sim12,051910,,skip,avoid_amount_dry,,,,,,,,,,,,,,,,,,,,,,,,,,,
14927778,2026-10-07 09:37:37,sim12,450080,,skip,avoid_amount_dry,,,,,,,,,,,,,,,,,,,,,,,,,,,
14927778,2026-10-07 09:37:37,sim12,093370,,skip,avoid_amount_dry,,,,,,,,,,,,,,,,,,,,,,,,,,,
14927778,2026-10-07 09:37:37,sim12,011780,,skip,avoid_amount_dry,,,,,,,,,,,,,,,,,,,,,,,,,,,
14927778,2026-10-07 09:37:37,sim12,009420,,skip,avoid_amount_dry,,,,,,,,,,,,,,,,,,,,,,,,,,,
14927778,2026-10-07 09:37:37,sim12,011300,,skip,avoid_amount_dry,,,,,,,,,,,,,,,,,,,,,,,,,,,
14927778,2026-10-07 09:37:37,sim12,001430,,skip,avoid_amount_dry,,,,,,,,,,,,,,,,,,,,,,,,,,,
14927778,2026-10-07 09:37:37,sim12,010130,,skip,avoid_amount_dry,,,,,,,,,,,,,,,,,,,,,,,,,,,
14927778,2026-10-07 09:37:37,sim12,021820,,skip,avoid_amount_dry,,,,,,,,,,,,,,,,,,,,,,,,,,,
14927778,2026-10-07 09:37:37,sim12,079550,,skip,avoid_amount_dry,,,,,,,,,,,,,,,,,,,,,,,,,,,
14927778,2026-10-07 09:37:37,sim12,267250,,skip,avoid_amount_dry,,,,,,,,,,,,,,,,,,,,,,,,,,,
14927779,2026-10-07 09:39:32,sim12,002720,,skip,avoid_frgn_sell_20d,,,,,,,,,,,,,,,,,,,,,,,,,,,
14927779,2026-10-07 09:39:32,sim12,009190,,skip,avoid_deadcat,,,,,,,,,,,,,,,,,,,,,,,,,,,
14927779,2026-10-07 09:39:32,sim12,015260,,skip,avoid_deadcat,,,,,,,,,,,,,,,,,,,,,,,,,,,
14927779,2026-10-07 09:39:32,sim12,063160,,skip,avoid_frgn_sell_20d,,,,,,,,,,,,,,,,,,,,,,,,,,,
14927779,2026-10-07 09:39:32,sim12,465770,,skip,avoid_amount_dry,,,,,,,,,,,,,,,,,,,,,,,,,,,
14927779,2026-10-07 09:39:32,sim12,281820,,skip,pb2_not_crashed,,,,,,,,,,,,,,,,,,,,,,,,,,,
14927779,2026-10-07 09:39:32,sim12,019175,,skip,pb2_not_crashed,,,,,,,,,,,,,,,,,,,,,,,,,,,
14927779,2026-10-07 09:39:32,sim12,003350,,skip,pb2_not_crashed,,,,,,,,,,,,,,,,,,,,,,,,,,,
14927779,2026-10-07 09:39:32,sim12,005257,,skip,avoid_amount_dry,,,,,,,,,,,,,,,,,,,,,,,,,,,
14927779,2026-10-07 09:39:32,sim12,084670,,skip,pb2_not_crashed,,,,,,,,,,,,,,,,,,,,,,,,,,,
14927779,2026-10-07 09:39:32,sim12,019170,,skip,pb2_not_crashed,,,,,,,,,,,,,,,,,,,,,,,,,,,
14927779,2026-10-07 09:39:32,sim12,000650,,skip,pb2_not_crashed,,,,,,,,,,,,,,,,,,,,,,,,,,,
14927779,2026-10-07 09:39:32,sim12,012170,,skip,pb2_not_crashed,,,,,,,,,,,,,,,,,,,,,,,,,,,
14927779,2026-10-07 09:39:32,sim12,003220,,skip,pb2_not_crashed,,,,,,,,,,,,,,,,,,,,,,,,,,,
14927779,2026-10-07 09:39:32,sim12,005030,,skip,avoid_amount_dry,,,,,,,,,,,,,,,,,,,,,,,,,,,
14927779,2026-10-07 09:39:32,sim12,248070,,skip,avoid_frgn_sell_20d,,,,,,,,,,,,,,,,,,,,,,,,,,,
14927779,2026-10-07 09:39:32,sim12,012320,,skip,pb2_not_crashed,,,,,,,,,,,,,,,,,,,,,,,,,,,
14927779,2026-10-07 09:39:32,sim12,005110,,skip,avoid_amount_dry,,,,,,,,,,,,,,,,,,,,,,,,,,,
14927779,2026-10-07 09:39:32,sim12,036570,,skip,avoid_frgn_hold_drop,,,,,,,,,,,,,,,,,,,,,,,,,,,
14927779,2026-10-07 09:39:32,sim12,011090,,skip,avoid_amount_dry,,,,,,,,,,,,,,,,,,,,,,,,,,,
14927779,2026-10-07 09:39:32,sim12,137310,,skip,pb2_not_crashed,,,,,,,,,,,,,,,,,,,,,,,,,,,
14927779,2026-10-07 09:39:32,sim12,004835,,skip,avoid_amount_dry,,,,,,,,,,,,,,,,,,,,,,,,,,,
14927779,2026-10-07 09:39:32,sim12,008040,,skip,avoid_amount_dry,,,,,,,,,,,,,,,,,,,,,,,,,,,
14927779,2026-10-07 09:39:32,sim12,352820,,skip,avoid_frgn_sell_20d,,,,,,,,,,,,,,,,,,,,,,,,,,,
14927779,2026-10-07 09:39:32,sim12,026890,,skip,avoid_frgn_sell_20d,,,,,,,,,,,,,,,,,,,,,,,,,,,
14927779,2026-10-07 09:39:32,sim12,011700,,skip,pb2_not_crashed,,,,,,,,,,,,,,,,,,,,,,,,,,,
14927779,2026-10-07 09:39:32,sim12,044820,,skip,avoid_amount_dry,,,,,,,,,,,,,,,,,,,,,,,,,,,
14927779,2026-10-07 09:39:32,sim12,002390,,skip,avoid_frgn_sell_20d,,,,,,,,,,,,,,,,,,,,,,,,,,,
14927779,2026-10-07 09:39:32,sim12,084680,,skip,avoid_amount_dry,,,,,,,,,,,,,,,,,,,,,,,,,,,
14927779,2026-10-07 09:39:32,sim12,000400,,skip,avoid_amount_dry,,,,,,,,,,,,,,,,,,,,,,,,,,,
14927779,2026-10-07 09:39:32,sim12,003670,,skip,avoid_frgn_sell_20d,,,,,,,,,,,,,,,,,,,,,,,,,,,
14927779,2026-10-07 09:39:32,sim12,103140,,skip,avoid_amount_dry,,,,,,,,,,,,,,,,,,,,,,,,,,,
14927779,2026-10-07 09:39:32,sim12,480370,,skip,avoid_amount_dry,,,,,,,,,,,,,,,,,,,,,,,,,,,
14927779,2026-10-07 09:39:32,sim12,210980,,skip,avoid_amount_dry,,,,,,,,,,,,,,,,,,,,,,,,,,,
14927779,2026-10-07 09:39:32,sim12,353200,,skip,avoid_amount_dry,,,,,,,,,,,,,,,,,,,,,,,,,,,
14927779,2026-10-07 09:39:32,sim12,006110,,skip,avoid_amount_dry,,,,,,,,,,,,,,,,,,,,,,,,,,,
14927779,2026-10-07 09:39:32,sim12,020120,,skip,avoid_amount_dry,,,,,,,,,,,,,,,,,,,,,,,,,,,
14927779,2026-10-07 09:39:32,sim12,007660,,skip,avoid_amount_dry,,,,,,,,,,,,,,,,,,,,,,,,,,,
14927779,2026-10-07 09:39:32,sim12,011155,,skip,avoid_amount_dry,,,,,,,,,,,,,,,,,,,,,,,,,,,
14927779,2026-10-07 09:39:32,sim12,011300,,skip,avoid_amount_dry,,,,,,,,,,,,,,,,,,,,,,,,,,,
14927779,2026-10-07 09:39:32,sim12,35320K,,skip,avoid_amount_dry,,,,,,,,,,,,,,,,,,,,,,,,,,,
14927779,2026-10-07 09:39:32,sim12,000880,,skip,avoid_amount_dry,,,,,,,,,,,,,,,,,,,,,,,,,,,
14927779,2026-10-07 09:39:32,sim12,025560,,skip,avoid_amount_dry,,,,,,,,,,,,,,,,,,,,,,,,,,,
14927779,2026-10-07 09:39:32,sim12,006650,,skip,avoid_amount_dry,,,,,,,,,,,,,,,,,,,,,,,,,,,
14927779,2026-10-07 09:39:32,sim12,066575,,skip,avoid_amount_dry,,,,,,,,,,,,,,,,,,,,,,,,,,,
14927779,2026-10-07 09:39:32,sim12,002787,,skip,avoid_amount_dry,,,,,,,,,,,,,,,,,,,,,,,,,,,
14927779,2026-10-07 09:39:32,sim12,298040,,skip,avoid_orgn_sell_high_per,,,,,,,,,,,,,,,,,,,,,,,,,,,
14927779,2026-10-07 09:39:32,sim12,003160,,skip,avoid_amount_dry,,,,,,,,,,,,,,,,,,,,,,,,,,,
14927779,2026-10-07 09:39:32,sim12,450080,,skip,avoid_amount_dry,,,,,,,,,,,,,,,,,,,,,,,,,,,
14927779,2026-10-07 09:39:32,sim12,007810,,skip,avoid_amount_dry,,,,,,,,,,,,,,,,,,,,,,,,,,,
14927779,2026-10-07 09:39:32,sim12,051910,,skip,avoid_amount_dry,,,,,,,,,,,,,,,,,,,,,,,,,,,
14927779,2026-10-07 09:39:32,sim12,011780,,skip,avoid_amount_dry,,,,,,,,,,,,,,,,,,,,,,,,,,,
14927779,2026-10-07 09:39:32,sim12,009420,,skip,avoid_amount_dry,,,,,,,,,,,,,,,,,,,,,,,,,,,
14927779,2026-10-07 09:39:32,sim12,010130,,skip,avoid_amount_dry,,,,,,,,,,,,,,,,,,,,,,,,,,,
14927779,2026-10-07 09:39:32,sim12,329180,,skip,avoid_amount_dry,,,,,,,,,,,,,,,,,,,,,,,,,,,
14927779,2026-10-07 09:39:32,sim12,457190,,skip,avoid_amount_dry,,,,,,,,,,,,,,,,,,,,,,,,,,,
14927779,2026-10-07 09:39:32,sim12,093370,,skip,avoid_amount_dry,,,,,,,,,,,,,,,,,,,,,,,,,,,
14927779,2026-10-07 09:39:32,sim12,079550,,skip,avoid_amount_dry,,,,,,,,,,,,,,,,,,,,,,,,,,,
14927779,2026-10-07 09:39:32,sim12,267250,,skip,avoid_amount_dry,,,,,,,,,,,,,,,,,,,,,,,,,,,
14927779,2026-10-07 09:39:32,sim12,267260,,skip,avoid_amount_dry,,,,,,,,,,,,,,,,,,,,,,,,,,,
14927780,2026-10-07 09:41:51,sim12,002720,,skip,avoid_frgn_sell_20d,,,,,,,,,,,,,,,,,,,,,,,,,,,
14927780,2026-10-07 09:41:51,sim12,009190,,skip,avoid_deadcat,,,,,,,,,,,,,,,,,,,,,,,,,,,
14927780,2026-10-07 09:41:51,sim12,084670,,skip,pb2_not_crashed,,,,,,,,,,,,,,,,,,,,,,,,,,,
14927780,2026-10-07 09:41:51,sim12,000650,,skip,pb2_not_crashed,,,,,,,,,,,,,,,,,,,,,,,,,,,
14927780,2026-10-07 09:41:51,sim12,063160,,skip,avoid_frgn_sell_20d,,,,,,,,,,,,,,,,,,,,,,,,,,,
14927780,2026-10-07 09:41:51,sim12,015260,,skip,avoid_deadcat,,,,,,,,,,,,,,,,,,,,,,,,,,,
14927780,2026-10-07 09:41:51,sim12,281820,,skip,pb2_not_crashed,,,,,,,,,,,,,,,,,,,,,,,,,,,
14927780,2026-10-07 09:41:51,sim12,003350,,skip,pb2_not_crashed,,,,,,,,,,,,,,,,,,,,,,,,,,,
14927780,2026-10-07 09:41:51,sim12,465770,,skip,avoid_amount_dry,,,,,,,,,,,,,,,,,,,,,,,,,,,
14927780,2026-10-07 09:41:51,sim12,011090,,skip,avoid_amount_dry,,,,,,,,,,,,,,,,,,,,,,,,,,,
14927780,2026-10-07 09:41:51,sim12,019175,,skip,pb2_not_crashed,,,,,,,,,,,,,,,,,,,,,,,,,,,
14927780,2026-10-07 09:41:51,sim12,005257,,skip,avoid_amount_dry,,,,,,,,,,,,,,,,,,,,,,,,,,,
14927780,2026-10-07 09:41:51,sim12,128820,,skip,pb2_not_crashed,,,,,,,,,,,,,,,,,,,,,,,,,,,
14927780,2026-10-07 09:41:51,sim12,019170,,skip,pb2_not_crashed,,,,,,,,,,,,,,,,,,,,,,,,,,,
14927780,2026-10-07 09:41:51,sim12,248070,,skip,avoid_frgn_sell_20d,,,,,,,,,,,,,,,,,,,,,,,,,,,
14927780,2026-10-07 09:41:51,sim12,005030,,skip,avoid_amount_dry,,,,,,,,,,,,,,,,,,,,,,,,,,,
14927780,2026-10-07 09:41:51,sim12,012320,,skip,pb2_not_crashed,,,,,,,,,,,,,,,,,,,,,,,,,,,
14927780,2026-10-07 09:41:51,sim12,012170,,skip,pb2_not_crashed,,,,,,,,,,,,,,,,,,,,,,,,,,,
14927780,2026-10-07 09:41:51,sim12,005110,,skip,avoid_amount_dry,,,,,,,,,,,,,,,,,,,,,,,,,,,
14927780,2026-10-07 09:41:51,sim12,003220,,skip,pb2_not_crashed,,,,,,,,,,,,,,,,,,,,,,,,,,,
14927780,2026-10-07 09:41:51,sim12,006740,,skip,avoid_frgn_sell_20d,,,,,,,,,,,,,,,,,,,,,,,,,,,
14927780,2026-10-07 09:41:51,sim12,036570,,skip,avoid_frgn_hold_drop,,,,,,,,,,,,,,,,,,,,,,,,,,,
14927780,2026-10-07 09:41:51,sim12,008040,,skip,avoid_amount_dry,,,,,,,,,,,,,,,,,,,,,,,,,,,
14927780,2026-10-07 09:41:51,sim12,004835,,skip,avoid_amount_dry,,,,,,,,,,,,,,,,,,,,,,,,,,,
14927780,2026-10-07 09:41:51,sim12,137310,,skip,pb2_not_crashed,,,,,,,,,,,,,,,,,,,,,,,,,,,
14927780,2026-10-07 09:41:51,sim12,352820,,skip,avoid_frgn_sell_20d,,,,,,,,,,,,,,,,,,,,,,,,,,,
14927780,2026-10-07 09:41:51,sim12,026890,,skip,avoid_frgn_sell_20d,,,,,,,,,,,,,,,,,,,,,,,,,,,
14927780,2026-10-07 09:41:51,sim12,044820,,skip,avoid_amount_dry,,,,,,,,,,,,,,,,,,,,,,,,,,,
14927780,2026-10-07 09:41:51,sim12,002390,,skip,avoid_frgn_sell_20d,,,,,,,,,,,,,,,,,,,,,,,,,,,
14927780,2026-10-07 09:41:51,sim12,217590,,skip,pb2_not_crashed,,,,,,,,,,,,,,,,,,,,,,,,,,,
14927780,2026-10-07 09:41:51,sim12,003670,,skip,avoid_frgn_sell_20d,,,,,,,,,,,,,,,,,,,,,,,,,,,
14927780,2026-10-07 09:41:51,sim12,103140,,skip,avoid_frgn_sell_20d,,,,,,,,,,,,,,,,,,,,,,,,,,,
14927780,2026-10-07 09:41:51,sim12,353200,,skip,avoid_amount_dry,,,,,,,,,,,,,,,,,,,,,,,,,,,
14927780,2026-10-07 09:41:51,sim12,210980,,skip,avoid_amount_dry,,,,,,,,,,,,,,,,,,,,,,,,,,,
14927780,2026-10-07 09:41:51,sim12,480370,,skip,avoid_amount_dry,,,,,,,,,,,,,,,,,,,,,,,,,,,
14927780,2026-10-07 09:41:51,sim12,007660,,skip,avoid_amount_dry,,,,,,,,,,,,,,,,,,,,,,,,,,,
14927780,2026-10-07 09:41:51,sim12,006110,,skip,avoid_amount_dry,,,,,,,,,,,,,,,,,,,,,,,,,,,
14927780,2026-10-07 09:41:51,sim12,020120,,skip,avoid_amount_dry,,,,,,,,,,,,,,,,,,,,,,,,,,,
14927780,2026-10-07 09:41:51,sim12,35320K,,skip,avoid_amount_dry,,,,,,,,,,,,,,,,,,,,,,,,,,,
14927780,2026-10-07 09:41:51,sim12,003160,,skip,avoid_amount_dry,,,,,,,,,,,,,,,,,,,,,,,,,,,
14927780,2026-10-07 09:41:51,sim12,011155,,skip,avoid_amount_dry,,,,,,,,,,,,,,,,,,,,,,,,,,,
14927780,2026-10-07 09:41:51,sim12,007810,,skip,avoid_amount_dry,,,,,,,,,,,,,,,,,,,,,,,,,,,
14927780,2026-10-07 09:41:51,sim12,093370,,skip,avoid_amount_dry,,,,,,,,,,,,,,,,,,,,,,,,,,,
14927780,2026-10-07 09:41:51,sim12,000880,,skip,avoid_amount_dry,,,,,,,,,,,,,,,,,,,,,,,,,,,
14927780,2026-10-07 09:41:51,sim12,025560,,skip,avoid_amount_dry,,,,,,,,,,,,,,,,,,,,,,,,,,,
14927780,2026-10-07 09:41:51,sim12,002787,,skip,avoid_amount_dry,,,,,,,,,,,,,,,,,,,,,,,,,,,
14927780,2026-10-07 09:41:51,sim12,006650,,skip,avoid_amount_dry,,,,,,,,,,,,,,,,,,,,,,,,,,,
14927780,2026-10-07 09:41:51,sim12,066575,,skip,avoid_amount_dry,,,,,,,,,,,,,,,,,,,,,,,,,,,
14927780,2026-10-07 09:41:51,sim12,011300,,skip,avoid_amount_dry,,,,,,,,,,,,,,,,,,,,,,,,,,,
14927780,2026-10-07 09:41:51,sim12,457190,,skip,avoid_amount_dry,,,,,,,,,,,,,,,,,,,,,,,,,,,
14927780,2026-10-07 09:41:51,sim12,002710,,skip,avoid_amount_dry,,,,,,,,,,,,,,,,,,,,,,,,,,,
14927780,2026-10-07 09:41:51,sim12,298040,,skip,avoid_orgn_sell_high_per,,,,,,,,,,,,,,,,,,,,,,,,,,,
14927780,2026-10-07 09:41:51,sim12,450080,,skip,avoid_amount_dry,,,,,,,,,,,,,,,,,,,,,,,,,,,
14927780,2026-10-07 09:41:51,sim12,001430,,skip,avoid_amount_dry,,,,,,,,,,,,,,,,,,,,,,,,,,,
14927780,2026-10-07 09:41:51,sim12,267270,,skip,avoid_amount_dry,,,,,,,,,,,,,,,,,,,,,,,,,,,
14927780,2026-10-07 09:41:51,sim12,009420,,skip,avoid_amount_dry,,,,,,,,,,,,,,,,,,,,,,,,,,,
14927780,2026-10-07 09:41:51,sim12,010130,,skip,avoid_amount_dry,,,,,,,,,,,,,,,,,,,,,,,,,,,
14927780,2026-10-07 09:41:51,sim12,079550,,skip,avoid_amount_dry,,,,,,,,,,,,,,,,,,,,,,,,,,,
14927780,2026-10-07 09:41:51,sim12,161000,,skip,avoid_amount_dry,,,,,,,,,,,,,,,,,,,,,,,,,,,
14927780,2026-10-07 09:41:51,sim12,051910,,skip,avoid_amount_dry,,,,,,,,,,,,,,,,,,,,,,,,,,,
14927781,2026-10-07 09:44:09,sim12,084670,,skip,pb2_not_crashed,,,,,,,,,,,,,,,,,,,,,,,,,,,
14927781,2026-10-07 09:44:09,sim12,002720,,skip,avoid_frgn_sell_20d,,,,,,,,,,,,,,,,,,,,,,,,,,,
14927781,2026-10-07 09:44:09,sim12,009190,,skip,avoid_deadcat,,,,,,,,,,,,,,,,,,,,,,,,,,,
14927781,2026-10-07 09:44:09,sim12,000650,,skip,pb2_not_crashed,,,,,,,,,,,,,,,,,,,,,,,,,,,
14927781,2026-10-07 09:44:09,sim12,128820,,skip,pb2_not_crashed,,,,,,,,,,,,,,,,,,,,,,,,,,,
14927781,2026-10-07 09:44:09,sim12,015260,,skip,avoid_deadcat,,,,,,,,,,,,,,,,,,,,,,,,,,,
14927781,2026-10-07 09:44:09,sim12,281820,,skip,pb2_not_crashed,,,,,,,,,,,,,,,,,,,,,,,,,,,
14927781,2026-10-07 09:44:09,sim12,063160,,skip,avoid_frgn_sell_20d,,,,,,,,,,,,,,,,,,,,,,,,,,,
14927781,2026-10-07 09:44:09,sim12,003350,,skip,pb2_not_crashed,,,,,,,,,,,,,,,,,,,,,,,,,,,
14927781,2026-10-07 09:44:09,sim12,019175,,skip,pb2_not_crashed,,,,,,,,,,,,,,,,,,,,,,,,,,,
14927781,2026-10-07 09:44:09,sim12,465770,,skip,avoid_amount_dry,,,,,,,,,,,,,,,,,,,,,,,,,,,
14927781,2026-10-07 09:44:09,sim12,005257,,skip,avoid_amount_dry,,,,,,,,,,,,,,,,,,,,,,,,,,,
14927781,2026-10-07 09:44:09,sim12,019170,,skip,pb2_not_crashed,,,,,,,,,,,,,,,,,,,,,,,,,,,
14927781,2026-10-07 09:44:09,sim12,011090,,skip,avoid_amount_dry,,,,,,,,,,,,,,,,,,,,,,,,,,,
14927781,2026-10-07 09:44:09,sim12,012320,,skip,pb2_not_crashed,,,,,,,,,,,,,,,,,,,,,,,,,,,
14927781,2026-10-07 09:44:09,sim12,248070,,skip,avoid_frgn_sell_20d,,,,,,,,,,,,,,,,,,,,,,,,,,,
14927781,2026-10-07 09:44:09,sim12,012170,,skip,pb2_not_crashed,,,,,,,,,,,,,,,,,,,,,,,,,,,
14927781,2026-10-07 09:44:09,sim12,005030,,skip,avoid_amount_dry,,,,,,,,,,,,,,,,,,,,,,,,,,,
14927781,2026-10-07 09:44:09,sim12,005110,,skip,avoid_amount_dry,,,,,,,,,,,,,,,,,,,,,,,,,,,
14927781,2026-10-07 09:44:09,sim12,003220,,skip,pb2_not_crashed,,,,,,,,,,,,,,,,,,,,,,,,,,,
14927781,2026-10-07 09:44:09,sim12,006740,,skip,avoid_frgn_sell_20d,,,,,,,,,,,,,,,,,,,,,,,,,,,
14927781,2026-10-07 09:44:09,sim12,137310,,skip,pb2_not_crashed,,,,,,,,,,,,,,,,,,,,,,,,,,,
14927781,2026-10-07 09:44:09,sim12,004835,,skip,avoid_amount_dry,,,,,,,,,,,,,,,,,,,,,,,,,,,
14927781,2026-10-07 09:44:09,sim12,036570,,skip,avoid_frgn_hold_drop,,,,,,,,,,,,,,,,,,,,,,,,,,,
14927781,2026-10-07 09:44:09,sim12,008040,,skip,avoid_amount_dry,,,,,,,,,,,,,,,,,,,,,,,,,,,
14927781,2026-10-07 09:44:09,sim12,026890,,skip,avoid_frgn_sell_20d,,,,,,,,,,,,,,,,,,,,,,,,,,,
14927781,2026-10-07 09:44:09,sim12,044820,,skip,avoid_amount_dry,,,,,,,,,,,,,,,,,,,,,,,,,,,
14927781,2026-10-07 09:44:09,sim12,352820,,skip,avoid_frgn_sell_20d,,,,,,,,,,,,,,,,,,,,,,,,,,,
14927781,2026-10-07 09:44:09,sim12,000400,,skip,avoid_amount_dry,,,,,,,,,,,,,,,,,,,,,,,,,,,
14927781,2026-10-07 09:44:09,sim12,005180,,skip,avoid_amount_dry,,,,,,,,,,,,,,,,,,,,,,,,,,,
14927781,2026-10-07 09:44:09,sim12,003670,,skip,avoid_frgn_sell_20d,,,,,,,,,,,,,,,,,,,,,,,,,,,
14927781,2026-10-07 09:44:09,sim12,103140,,skip,avoid_frgn_sell_20d,,,,,,,,,,,,,,,,,,,,,,,,,,,
14927781,2026-10-07 09:44:09,sim12,006110,,skip,avoid_amount_dry,,,,,,,,,,,,,,,,,,,,,,,,,,,
14927781,2026-10-07 09:44:09,sim12,353200,,skip,avoid_amount_dry,,,,,,,,,,,,,,,,,,,,,,,,,,,
14927781,2026-10-07 09:44:09,sim12,007660,,skip,avoid_amount_dry,,,,,,,,,,,,,,,,,,,,,,,,,,,
14927781,2026-10-07 09:44:09,sim12,210980,,skip,avoid_amount_dry,,,,,,,,,,,,,,,,,,,,,,,,,,,
14927781,2026-10-07 09:44:09,sim12,480370,,skip,avoid_amount_dry,,,,,,,,,,,,,,,,,,,,,,,,,,,
14927781,2026-10-07 09:44:09,sim12,003160,,skip,avoid_amount_dry,,,,,,,,,,,,,,,,,,,,,,,,,,,
14927781,2026-10-07 09:44:09,sim12,007810,,skip,avoid_amount_dry,,,,,,,,,,,,,,,,,,,,,,,,,,,
14927781,2026-10-07 09:44:09,sim12,025560,,skip,avoid_amount_dry,,,,,,,,,,,,,,,,,,,,,,,,,,,
14927781,2026-10-07 09:44:09,sim12,020120,,skip,avoid_amount_dry,,,,,,,,,,,,,,,,,,,,,,,,,,,
14927781,2026-10-07 09:44:09,sim12,066575,,skip,avoid_amount_dry,,,,,,,,,,,,,,,,,,,,,,,,,,,
14927781,2026-10-07 09:44:09,sim12,011155,,skip,avoid_amount_dry,,,,,,,,,,,,,,,,,,,,,,,,,,,
14927781,2026-10-07 09:44:09,sim12,267270,,skip,avoid_amount_dry,,,,,,,,,,,,,,,,,,,,,,,,,,,
14927781,2026-10-07 09:44:09,sim12,35320K,,skip,avoid_amount_dry,,,,,,,,,,,,,,,,,,,,,,,,,,,
14927781,2026-10-07 09:44:09,sim12,000880,,skip,avoid_amount_dry,,,,,,,,,,,,,,,,,,,,,,,,,,,
14927781,2026-10-07 09:44:09,sim12,002787,,skip,avoid_amount_dry,,,,,,,,,,,,,,,,,,,,,,,,,,,
14927781,2026-10-07 09:44:09,sim12,002710,,skip,avoid_amount_dry,,,,,,,,,,,,,,,,,,,,,,,,,,,
14927781,2026-10-07 09:44:09,sim12,093370,,skip,avoid_amount_dry,,,,,,,,,,,,,,,,,,,,,,,,,,,
14927781,2026-10-07 09:44:09,sim12,298040,,skip,avoid_orgn_sell_high_per,,,,,,,,,,,,,,,,,,,,,,,,,,,
14927781,2026-10-07 09:44:09,sim12,450080,,skip,avoid_amount_dry,,,,,,,,,,,,,,,,,,,,,,,,,,,
14927781,2026-10-07 09:44:09,sim12,001440,,skip,avoid_amount_dry,,,,,,,,,,,,,,,,,,,,,,,,,,,
14927781,2026-10-07 09:44:09,sim12,006650,,skip,avoid_amount_dry,,,,,,,,,,,,,,,,,,,,,,,,,,,
14927781,2026-10-07 09:44:09,sim12,051910,,skip,avoid_amount_dry,,,,,,,,,,,,,,,,,,,,,,,,,,,
14927781,2026-10-07 09:44:09,sim12,009420,,skip,avoid_amount_dry,,,,,,,,,,,,,,,,,,,,,,,,,,,
14927781,2026-10-07 09:44:09,sim12,011300,,skip,avoid_amount_dry,,,,,,,,,,,,,,,,,,,,,,,,,,,
14927781,2026-10-07 09:44:09,sim12,161000,,skip,avoid_amount_dry,,,,,,,,,,,,,,,,,,,,,,,,,,,
14927781,2026-10-07 09:44:09,sim12,457190,,skip,avoid_amount_dry,,,,,,,,,,,,,,,,,,,,,,,,,,,
14927781,2026-10-07 09:44:09,sim12,079550,,skip,avoid_amount_dry,,,,,,,,,,,,,,,,,,,,,,,,,,,
14927781,2026-10-07 09:44:09,sim12,001430,,skip,avoid_amount_dry,,,,,,,,,,,,,,,,,,,,,,,,,,,
14927782,2026-10-07 09:46:11,sim12,084670,,skip,pb2_not_crashed,,,,,,,,,,,,,,,,,,,,,,,,,,,
14927782,2026-10-07 09:46:11,sim12,000650,,skip,pb2_not_crashed,,,,,,,,,,,,,,,,,,,,,,,,,,,
14927782,2026-10-07 09:46:11,sim12,002720,,skip,avoid_frgn_sell_20d,,,,,,,,,,,,,,,,,,,,,,,,,,,
14927782,2026-10-07 09:46:11,sim12,009190,,skip,avoid_deadcat,,,,,,,,,,,,,,,,,,,,,,,,,,,
14927782,2026-10-07 09:46:11,sim12,128820,,skip,pb2_not_crashed,,,,,,,,,,,,,,,,,,,,,,,,,,,
14927782,2026-10-07 09:46:11,sim12,281820,,skip,pb2_not_crashed,,,,,,,,,,,,,,,,,,,,,,,,,,,
14927782,2026-10-07 09:46:11,sim12,015260,,skip,avoid_deadcat,,,,,,,,,,,,,,,,,,,,,,,,,,,
14927782,2026-10-07 09:46:11,sim12,019175,,skip,pb2_not_crashed,,,,,,,,,,,,,,,,,,,,,,,,,,,
14927782,2026-10-07 09:46:11,sim12,003350,,skip,pb2_not_crashed,,,,,,,,,,,,,,,,,,,,,,,,,,,
14927782,2026-10-07 09:46:11,sim12,005257,,skip,avoid_amount_dry,,,,,,,,,,,,,,,,,,,,,,,,,,,
14927782,2026-10-07 09:46:11,sim12,063160,,skip,avoid_frgn_sell_20d,,,,,,,,,,,,,,,,,,,,,,,,,,,
14927782,2026-10-07 09:46:11,sim12,004060,,skip,avoid_frgn_sell_20d,,,,,,,,,,,,,,,,,,,,,,,,,,,
14927782,2026-10-07 09:46:11,sim12,019170,,skip,pb2_not_crashed,,,,,,,,,,,,,,,,,,,,,,,,,,,
14927782,2026-10-07 09:46:11,sim12,465770,,skip,avoid_amount_dry,,,,,,,,,,,,,,,,,,,,,,,,,,,
14927782,2026-10-07 09:46:11,sim12,012320,,skip,pb2_not_crashed,,,,,,,,,,,,,,,,,,,,,,,,,,,
14927782,2026-10-07 09:46:11,sim12,005030,,skip,avoid_amount_dry,,,,,,,,,,,,,,,,,,,,,,,,,,,
14927782,2026-10-07 09:46:11,sim12,012170,,skip,pb2_not_crashed,,,,,,,,,,,,,,,,,,,,,,,,,,,
14927782,2026-10-07 09:46:11,sim12,248070,,skip,avoid_frgn_sell_20d,,,,,,,,,,,,,,,,,,,,,,,,,,,
14927782,2026-10-07 09:46:11,sim12,005110,,skip,avoid_amount_dry,,,,,,,,,,,,,,,,,,,,,,,,,,,
14927782,2026-10-07 09:46:11,sim12,026890,,skip,avoid_frgn_sell_20d,,,,,,,,,,,,,,,,,,,,,,,,,,,
14927782,2026-10-07 09:46:11,sim12,003220,,skip,pb2_not_crashed,,,,,,,,,,,,,,,,,,,,,,,,,,,
14927782,2026-10-07 09:46:11,sim12,011090,,skip,avoid_amount_dry,,,,,,,,,,,,,,,,,,,,,,,,,,,
14927782,2026-10-07 09:46:11,sim12,008040,,skip,avoid_amount_dry,,,,,,,,,,,,,,,,,,,,,,,,,,,
14927782,2026-10-07 09:46:11,sim12,352820,,skip,avoid_frgn_sell_20d,,,,,,,,,,,,,,,,,,,,,,,,,,,
14927782,2026-10-07 09:46:11,sim12,036570,,skip,avoid_frgn_hold_drop,,,,,,,,,,,,,,,,,,,,,,,,,,,
14927782,2026-10-07 09:46:11,sim12,004835,,skip,avoid_amount_dry,,,,,,,,,,,,,,,,,,,,,,,,,,,
14927782,2026-10-07 09:46:11,sim12,137310,,skip,pb2_not_crashed,,,,,,,,,,,,,,,,,,,,,,,,,,,
14927782,2026-10-07 09:46:11,sim12,000400,,skip,avoid_amount_dry,,,,,,,,,,,,,,,,,,,,,,,,,,,
14927782,2026-10-07 09:46:11,sim12,044820,,skip,avoid_amount_dry,,,,,,,,,,,,,,,,,,,,,,,,,,,
14927782,2026-10-07 09:46:11,sim12,005180,,skip,avoid_amount_dry,,,,,,,,,,,,,,,,,,,,,,,,,,,
14927782,2026-10-07 09:46:11,sim12,003670,,skip,avoid_frgn_sell_20d,,,,,,,,,,,,,,,,,,,,,,,,,,,
14927782,2026-10-07 09:46:11,sim12,103140,,skip,avoid_frgn_sell_20d,,,,,,,,,,,,,,,,,,,,,,,,,,,
14927782,2026-10-07 09:46:11,sim12,006110,,skip,avoid_amount_dry,,,,,,,,,,,,,,,,,,,,,,,,,,,
14927782,2026-10-07 09:46:11,sim12,353200,,skip,avoid_amount_dry,,,,,,,,,,,,,,,,,,,,,,,,,,,
14927782,2026-10-07 09:46:11,sim12,020120,,skip,avoid_amount_dry,,,,,,,,,,,,,,,,,,,,,,,,,,,
14927782,2026-10-07 09:46:11,sim12,210980,,skip,avoid_amount_dry,,,,,,,,,,,,,,,,,,,,,,,,,,,
14927782,2026-10-07 09:46:11,sim12,480370,,skip,avoid_amount_dry,,,,,,,,,,,,,,,,,,,,,,,,,,,
14927782,2026-10-07 09:46:11,sim12,007660,,skip,avoid_amount_dry,,,,,,,,,,,,,,,,,,,,,,,,,,,
14927782,2026-10-07 09:46:11,sim12,025560,,skip,avoid_amount_dry,,,,,,,,,,,,,,,,,,,,,,,,,,,
14927782,2026-10-07 09:46:11,sim12,003160,,skip,avoid_amount_dry,,,,,,,,,,,,,,,,,,,,,,,,,,,
14927782,2026-10-07 09:46:11,sim12,066575,,skip,avoid_amount_dry,,,,,,,,,,,,,,,,,,,,,,,,,,,
14927782,2026-10-07 09:46:11,sim12,011155,,skip,avoid_amount_dry,,,,,,,,,,,,,,,,,,,,,,,,,,,
14927782,2026-10-07 09:46:11,sim12,35320K,,skip,avoid_amount_dry,,,,,,,,,,,,,,,,,,,,,,,,,,,
14927782,2026-10-07 09:46:11,sim12,007810,,skip,avoid_amount_dry,,,,,,,,,,,,,,,,,,,,,,,,,,,
14927782,2026-10-07 09:46:11,sim12,450080,,skip,avoid_amount_dry,,,,,,,,,,,,,,,,,,,,,,,,,,,
14927782,2026-10-07 09:46:11,sim12,000880,,skip,avoid_amount_dry,,,,,,,,,,,,,,,,,,,,,,,,,,,
14927782,2026-10-07 09:46:11,sim12,002787,,skip,avoid_amount_dry,,,,,,,,,,,,,,,,,,,,,,,,,,,
14927782,2026-10-07 09:46:11,sim12,009420,,skip,avoid_amount_dry,,,,,,,,,,,,,,,,,,,,,,,,,,,
14927782,2026-10-07 09:46:11,sim12,002710,,skip,avoid_amount_dry,,,,,,,,,,,,,,,,,,,,,,,,,,,
14927782,2026-10-07 09:46:11,sim12,011300,,skip,avoid_amount_dry,,,,,,,,,,,,,,,,,,,,,,,,,,,
14927782,2026-10-07 09:46:11,sim12,093370,,skip,avoid_amount_dry,,,,,,,,,,,,,,,,,,,,,,,,,,,
14927782,2026-10-07 09:46:11,sim12,298040,,skip,avoid_orgn_sell_high_per,,,,,,,,,,,,,,,,,,,,,,,,,,,
14927782,2026-10-07 09:46:11,sim12,267270,,skip,avoid_amount_dry,,,,,,,,,,,,,,,,,,,,,,,,,,,
14927782,2026-10-07 09:46:11,sim12,066970,,skip,avoid_amount_dry,,,,,,,,,,,,,,,,,,,,,,,,,,,
14927782,2026-10-07 09:46:11,sim12,001440,,skip,avoid_amount_dry,,,,,,,,,,,,,,,,,,,,,,,,,,,
14927782,2026-10-07 09:46:11,sim12,006650,,skip,avoid_amount_dry,,,,,,,,,,,,,,,,,,,,,,,,,,,
14927782,2026-10-07 09:46:11,sim12,161000,,skip,avoid_amount_dry,,,,,,,,,,,,,,,,,,,,,,,,,,,
14927782,2026-10-07 09:46:11,sim12,457190,,skip,avoid_amount_dry,,,,,,,,,,,,,,,,,,,,,,,,,,,
14927782,2026-10-07 09:46:11,sim12,051910,,skip,avoid_amount_dry,,,,,,,,,,,,,,,,,,,,,,,,,,,
14927782,2026-10-07 09:46:11,sim12,001430,,skip,avoid_amount_dry,,,,,,,,,,,,,,,,,,,,,,,,,,,
14927783,2026-10-07 09:48:57,sim12,084670,,skip,pb2_not_crashed,,,,,,,,,,,,,,,,,,,,,,,,,,,
14927783,2026-10-07 09:48:57,sim12,000650,,skip,pb2_not_crashed,,,,,,,,,,,,,,,,,,,,,,,,,,,
14927783,2026-10-07 09:48:57,sim12,002720,,skip,avoid_frgn_sell_20d,,,,,,,,,,,,,,,,,,,,,,,,,,,
14927783,2026-10-07 09:48:57,sim12,009190,,skip,avoid_deadcat,,,,,,,,,,,,,,,,,,,,,,,,,,,
14927783,2026-10-07 09:48:57,sim12,128820,,skip,pb2_not_crashed,,,,,,,,,,,,,,,,,,,,,,,,,,,
14927783,2026-10-07 09:48:57,sim12,281820,,skip,pb2_not_crashed,,,,,,,,,,,,,,,,,,,,,,,,,,,
14927783,2026-10-07 09:48:57,sim12,015260,,skip,avoid_deadcat,,,,,,,,,,,,,,,,,,,,,,,,,,,
14927783,2026-10-07 09:48:57,sim12,019175,,skip,pb2_not_crashed,,,,,,,,,,,,,,,,,,,,,,,,,,,
14927783,2026-10-07 09:48:57,sim12,003350,,skip,pb2_not_crashed,,,,,,,,,,,,,,,,,,,,,,,,,,,
14927783,2026-10-07 09:48:57,sim12,005257,,skip,avoid_amount_dry,,,,,,,,,,,,,,,,,,,,,,,,,,,
14927783,2026-10-07 09:48:57,sim12,063160,,skip,avoid_frgn_sell_20d,,,,,,,,,,,,,,,,,,,,,,,,,,,
14927783,2026-10-07 09:48:57,sim12,012320,,skip,pb2_not_crashed,,,,,,,,,,,,,,,,,,,,,,,,,,,
14927783,2026-10-07 09:48:57,sim12,465770,,skip,avoid_amount_dry,,,,,,,,,,,,,,,,,,,,,,,,,,,
14927783,2026-10-07 09:48:57,sim12,004060,,skip,avoid_frgn_sell_20d,,,,,,,,,,,,,,,,,,,,,,,,,,,
14927783,2026-10-07 09:48:57,sim12,019170,,skip,pb2_not_crashed,,,,,,,,,,,,,,,,,,,,,,,,,,,
14927783,2026-10-07 09:48:57,sim12,005030,,skip,avoid_amount_dry,,,,,,,,,,,,,,,,,,,,,,,,,,,
14927783,2026-10-07 09:48:57,sim12,011090,,skip,avoid_amount_dry,,,,,,,,,,,,,,,,,,,,,,,,,,,
14927783,2026-10-07 09:48:57,sim12,005110,,skip,avoid_amount_dry,,,,,,,,,,,,,,,,,,,,,,,,,,,
14927783,2026-10-07 09:48:57,sim12,012170,,skip,pb2_not_crashed,,,,,,,,,,,,,,,,,,,,,,,,,,,
14927783,2026-10-07 09:48:57,sim12,004835,,skip,pb2_not_crashed,,,,,,,,,,,,,,,,,,,,,,,,,,,
14927783,2026-10-07 09:48:57,sim12,248070,,skip,avoid_frgn_sell_20d,,,,,,,,,,,,,,,,,,,,,,,,,,,
14927783,2026-10-07 09:48:57,sim12,026890,,skip,avoid_frgn_sell_20d,,,,,,,,,,,,,,,,,,,,,,,,,,,
14927783,2026-10-07 09:48:57,sim12,352820,,skip,avoid_frgn_sell_20d,,,,,,,,,,,,,,,,,,,,,,,,,,,
14927783,2026-10-07 09:48:57,sim12,003220,,skip,pb2_not_crashed,,,,,,,,,,,,,,,,,,,,,,,,,,,
14927783,2026-10-07 09:48:57,sim12,008040,,skip,avoid_amount_dry,,,,,,,,,,,,,,,,,,,,,,,,,,,
14927783,2026-10-07 09:48:57,sim12,036570,,skip,avoid_frgn_hold_drop,,,,,,,,,,,,,,,,,,,,,,,,,,,
14927783,2026-10-07 09:48:57,sim12,044820,,skip,avoid_amount_dry,,,,,,,,,,,,,,,,,,,,,,,,,,,
14927783,2026-10-07 09:48:57,sim12,009070,,skip,avoid_frgn_sell_20d,,,,,,,,,,,,,,,,,,,,,,,,,,,
14927783,2026-10-07 09:48:57,sim12,137310,,skip,pb2_not_crashed,,,,,,,,,,,,,,,,,,,,,,,,,,,
14927783,2026-10-07 09:48:57,sim12,002390,,skip,avoid_frgn_sell_20d,,,,,,,,,,,,,,,,,,,,,,,,,,,
14927783,2026-10-07 09:48:57,sim12,003670,,skip,avoid_frgn_sell_20d,,,,,,,,,,,,,,,,,,,,,,,,,,,
14927783,2026-10-07 09:48:57,sim12,103140,,skip,avoid_frgn_sell_20d,,,,,,,,,,,,,,,,,,,,,,,,,,,
14927783,2026-10-07 09:48:57,sim12,020120,,skip,avoid_amount_dry,,,,,,,,,,,,,,,,,,,,,,,,,,,
14927783,2026-10-07 09:48:57,sim12,006110,,skip,avoid_amount_dry,,,,,,,,,,,,,,,,,,,,,,,,,,,
14927783,2026-10-07 09:48:57,sim12,210980,,skip,avoid_amount_dry,,,,,,,,,,,,,,,,,,,,,,,,,,,
14927783,2026-10-07 09:48:57,sim12,353200,,skip,avoid_amount_dry,,,,,,,,,,,,,,,,,,,,,,,,,,,
14927783,2026-10-07 09:48:57,sim12,480370,,skip,avoid_amount_dry,,,,,,,,,,,,,,,,,,,,,,,,,,,
14927783,2026-10-07 09:48:57,sim12,066575,,skip,avoid_amount_dry,,,,,,,,,,,,,,,,,,,,,,,,,,,
14927783,2026-10-07 09:48:57,sim12,025560,,skip,avoid_amount_dry,,,,,,,,,,,,,,,,,,,,,,,,,,,
14927783,2026-10-07 09:48:57,sim12,011155,,skip,avoid_amount_dry,,,,,,,,,,,,,,,,,,,,,,,,,,,
14927783,2026-10-07 09:48:57,sim12,009420,,skip,avoid_amount_dry,,,,,,,,,,,,,,,,,,,,,,,,,,,
14927783,2026-10-07 09:48:57,sim12,000880,,skip,avoid_amount_dry,,,,,,,,,,,,,,,,,,,,,,,,,,,
14927783,2026-10-07 09:48:57,sim12,007660,,skip,avoid_amount_dry,,,,,,,,,,,,,,,,,,,,,,,,,,,
14927783,2026-10-07 09:48:57,sim12,450080,,skip,avoid_amount_dry,,,,,,,,,,,,,,,,,,,,,,,,,,,
14927783,2026-10-07 09:48:57,sim12,007810,,skip,avoid_amount_dry,,,,,,,,,,,,,,,,,,,,,,,,,,,
14927783,2026-10-07 09:48:57,sim12,002787,,skip,avoid_amount_dry,,,,,,,,,,,,,,,,,,,,,,,,,,,
14927783,2026-10-07 09:48:57,sim12,298040,,skip,pb2_not_crashed,,,,,,,,,,,,,,,,,,,,,,,,,,,
14927783,2026-10-07 09:48:57,sim12,066970,,skip,avoid_amount_dry,,,,,,,,,,,,,,,,,,,,,,,,,,,
14927783,2026-10-07 09:48:57,sim12,267270,,skip,avoid_amount_dry,,,,,,,,,,,,,,,,,,,,,,,,,,,
14927783,2026-10-07 09:48:57,sim12,161000,,skip,avoid_amount_dry,,,,,,,,,,,,,,,,,,,,,,,,,,,
14927783,2026-10-07 09:48:57,sim12,002710,,skip,avoid_amount_dry,,,,,,,,,,,,,,,,,,,,,,,,,,,
14927783,2026-10-07 09:48:57,sim12,093370,,skip,avoid_amount_dry,,,,,,,,,,,,,,,,,,,,,,,,,,,
14927783,2026-10-07 09:48:57,sim12,006650,,skip,avoid_amount_dry,,,,,,,,,,,,,,,,,,,,,,,,,,,
14927783,2026-10-07 09:48:57,sim12,001430,,skip,avoid_amount_dry,,,,,,,,,,,,,,,,,,,,,,,,,,,
14927783,2026-10-07 09:48:57,sim12,001440,,skip,avoid_frgn_sell_20d,,,,,,,,,,,,,,,,,,,,,,,,,,,
14927783,2026-10-07 09:48:57,sim12,35320K,,skip,avoid_amount_dry,,,,,,,,,,,,,,,,,,,,,,,,,,,
14927783,2026-10-07 09:48:57,sim12,003160,,skip,avoid_amount_dry,,,,,,,,,,,,,,,,,,,,,,,,,,,
14927783,2026-10-07 09:48:57,sim12,051910,,skip,avoid_amount_dry,,,,,,,,,,,,,,,,,,,,,,,,,,,
14927783,2026-10-07 09:48:57,sim12,457190,,skip,avoid_amount_dry,,,,,,,,,,,,,,,,,,,,,,,,,,,
14927783,2026-10-07 09:48:57,sim12,011780,,skip,avoid_amount_dry,,,,,,,,,,,,,,,,,,,,,,,,,,,
14927784,2026-10-07 09:51:03,sim12,084670,,skip,pb2_not_crashed,,,,,,,,,,,,,,,,,,,,,,,,,,,
14927784,2026-10-07 09:51:03,sim12,000650,,skip,pb2_not_crashed,,,,,,,,,,,,,,,,,,,,,,,,,,,
14927784,2026-10-07 09:51:03,sim12,002720,,skip,avoid_frgn_sell_20d,,,,,,,,,,,,,,,,,,,,,,,,,,,
14927784,2026-10-07 09:51:03,sim12,009190,,skip,avoid_deadcat,,,,,,,,,,,,,,,,,,,,,,,,,,,
14927784,2026-10-07 09:51:03,sim12,128820,,skip,pb2_not_crashed,,,,,,,,,,,,,,,,,,,,,,,,,,,
14927784,2026-10-07 09:51:03,sim12,281820,,skip,pb2_not_crashed,,,,,,,,,,,,,,,,,,,,,,,,,,,
14927784,2026-10-07 09:51:03,sim12,015260,,skip,avoid_deadcat,,,,,,,,,,,,,,,,,,,,,,,,,,,
14927784,2026-10-07 09:51:03,sim12,019175,,skip,pb2_not_crashed,,,,,,,,,,,,,,,,,,,,,,,,,,,
14927784,2026-10-07 09:51:03,sim12,005257,,skip,avoid_amount_dry,,,,,,,,,,,,,,,,,,,,,,,,,,,
14927784,2026-10-07 09:51:03,sim12,003350,,skip,pb2_not_crashed,,,,,,,,,,,,,,,,,,,,,,,,,,,
14927784,2026-10-07 09:51:03,sim12,063160,,skip,avoid_frgn_sell_20d,,,,,,,,,,,,,,,,,,,,,,,,,,,
14927784,2026-10-07 09:51:03,sim12,012320,,skip,pb2_not_crashed,,,,,,,,,,,,,,,,,,,,,,,,,,,
14927784,2026-10-07 09:51:03,sim12,465770,,skip,avoid_amount_dry,,,,,,,,,,,,,,,,,,,,,,,,,,,
14927784,2026-10-07 09:51:03,sim12,005030,,skip,avoid_amount_dry,,,,,,,,,,,,,,,,,,,,,,,,,,,
14927784,2026-10-07 09:51:03,sim12,019170,,skip,pb2_not_crashed,,,,,,,,,,,,,,,,,,,,,,,,,,,
14927784,2026-10-07 09:51:03,sim12,004835,,skip,pb2_not_crashed,,,,,,,,,,,,,,,,,,,,,,,,,,,
14927784,2026-10-07 09:51:03,sim12,005110,,skip,avoid_amount_dry,,,,,,,,,,,,,,,,,,,,,,,,,,,
14927784,2026-10-07 09:51:03,sim12,012170,,skip,pb2_not_crashed,,,,,,,,,,,,,,,,,,,,,,,,,,,
14927784,2026-10-07 09:51:03,sim12,011090,,skip,avoid_amount_dry,,,,,,,,,,,,,,,,,,,,,,,,,,,
14927784,2026-10-07 09:51:03,sim12,248070,,skip,avoid_frgn_sell_20d,,,,,,,,,,,,,,,,,,,,,,,,,,,
14927784,2026-10-07 09:51:03,sim12,004060,,skip,avoid_frgn_sell_20d,,,,,,,,,,,,,,,,,,,,,,,,,,,
14927784,2026-10-07 09:51:03,sim12,036570,,skip,avoid_frgn_hold_drop,,,,,,,,,,,,,,,,,,,,,,,,,,,
14927784,2026-10-07 09:51:03,sim12,026890,,skip,avoid_frgn_sell_20d,,,,,,,,,,,,,,,,,,,,,,,,,,,
14927784,2026-10-07 09:51:03,sim12,003220,,skip,pb2_not_crashed,,,,,,,,,,,,,,,,,,,,,,,,,,,
14927784,2026-10-07 09:51:03,sim12,044820,,skip,avoid_amount_dry,,,,,,,,,,,,,,,,,,,,,,,,,,,
14927784,2026-10-07 09:51:03,sim12,137310,,skip,pb2_not_crashed,,,,,,,,,,,,,,,,,,,,,,,,,,,
14927784,2026-10-07 09:51:03,sim12,000400,,skip,avoid_amount_dry,,,,,,,,,,,,,,,,,,,,,,,,,,,
14927784,2026-10-07 09:51:03,sim12,352820,,skip,avoid_frgn_sell_20d,,,,,,,,,,,,,,,,,,,,,,,,,,,
14927784,2026-10-07 09:51:03,sim12,009070,,skip,avoid_frgn_sell_20d,,,,,,,,,,,,,,,,,,,,,,,,,,,
14927784,2026-10-07 09:51:03,sim12,085620,,skip,avoid_amount_dry,,,,,,,,,,,,,,,,,,,,,,,,,,,
14927784,2026-10-07 09:51:03,sim12,003670,,skip,avoid_frgn_sell_20d,,,,,,,,,,,,,,,,,,,,,,,,,,,
14927784,2026-10-07 09:51:03,sim12,020120,,skip,avoid_amount_dry,,,,,,,,,,,,,,,,,,,,,,,,,,,
14927784,2026-10-07 09:51:03,sim12,103140,,skip,avoid_frgn_sell_20d,,,,,,,,,,,,,,,,,,,,,,,,,,,
14927784,2026-10-07 09:51:03,sim12,006110,,skip,avoid_amount_dry,,,,,,,,,,,,,,,,,,,,,,,,,,,
14927784,2026-10-07 09:51:03,sim12,210980,,skip,avoid_amount_dry,,,,,,,,,,,,,,,,,,,,,,,,,,,
14927784,2026-10-07 09:51:03,sim12,353200,,skip,avoid_amount_dry,,,,,,,,,,,,,,,,,,,,,,,,,,,
14927784,2026-10-07 09:51:03,sim12,480370,,skip,avoid_amount_dry,,,,,,,,,,,,,,,,,,,,,,,,,,,
14927784,2026-10-07 09:51:03,sim12,066575,,skip,avoid_amount_dry,,,,,,,,,,,,,,,,,,,,,,,,,,,
14927784,2026-10-07 09:51:03,sim12,025560,,skip,avoid_amount_dry,,,,,,,,,,,,,,,,,,,,,,,,,,,
14927784,2026-10-07 09:51:03,sim12,011155,,skip,avoid_amount_dry,,,,,,,,,,,,,,,,,,,,,,,,,,,
14927784,2026-10-07 09:51:03,sim12,36328K,,skip,avoid_amount_dry,,,,,,,,,,,,,,,,,,,,,,,,,,,
14927784,2026-10-07 09:51:03,sim12,009420,,skip,avoid_amount_dry,,,,,,,,,,,,,,,,,,,,,,,,,,,
14927784,2026-10-07 09:51:03,sim12,000880,,skip,avoid_amount_dry,,,,,,,,,,,,,,,,,,,,,,,,,,,
14927784,2026-10-07 09:51:03,sim12,267270,,skip,avoid_amount_dry,,,,,,,,,,,,,,,,,,,,,,,,,,,
14927784,2026-10-07 09:51:03,sim12,002787,,skip,avoid_amount_dry,,,,,,,,,,,,,,,,,,,,,,,,,,,
14927784,2026-10-07 09:51:03,sim12,002710,,skip,avoid_amount_dry,,,,,,,,,,,,,,,,,,,,,,,,,,,
14927784,2026-10-07 09:51:03,sim12,298040,,skip,pb2_not_crashed,,,,,,,,,,,,,,,,,,,,,,,,,,,
14927784,2026-10-07 09:51:03,sim12,003160,,skip,avoid_amount_dry,,,,,,,,,,,,,,,,,,,,,,,,,,,
14927784,2026-10-07 09:51:03,sim12,161000,,skip,avoid_amount_dry,,,,,,,,,,,,,,,,,,,,,,,,,,,
14927784,2026-10-07 09:51:03,sim12,450080,,skip,avoid_amount_dry,,,,,,,,,,,,,,,,,,,,,,,,,,,
14927784,2026-10-07 09:51:03,sim12,001430,,skip,avoid_amount_dry,,,,,,,,,,,,,,,,,,,,,,,,,,,
14927784,2026-10-07 09:51:03,sim12,001440,,skip,avoid_frgn_sell_20d,,,,,,,,,,,,,,,,,,,,,,,,,,,
14927784,2026-10-07 09:51:03,sim12,35320K,,skip,avoid_amount_dry,,,,,,,,,,,,,,,,,,,,,,,,,,,
14927784,2026-10-07 09:51:03,sim12,025750,,skip,avoid_frgn_sell_20d,,,,,,,,,,,,,,,,,,,,,,,,,,,
14927784,2026-10-07 09:51:03,sim12,051910,,skip,avoid_amount_dry,,,,,,,,,,,,,,,,,,,,,,,,,,,
14927784,2026-10-07 09:51:03,sim12,007810,,skip,avoid_amount_dry,,,,,,,,,,,,,,,,,,,,,,,,,,,
14927784,2026-10-07 09:51:03,sim12,457190,,skip,avoid_amount_dry,,,,,,,,,,,,,,,,,,,,,,,,,,,
14927784,2026-10-07 09:51:03,sim12,066970,,skip,avoid_amount_dry,,,,,,,,,,,,,,,,,,,,,,,,,,,
14927784,2026-10-07 09:51:03,sim12,006650,,skip,avoid_amount_dry,,,,,,,,,,,,,,,,,,,,,,,,,,,
14927784,2026-10-07 09:51:03,sim12,009540,,skip,avoid_amount_dry,,,,,,,,,,,,,,,,,,,,,,,,,,,
14927786,2026-10-07 09:53:06,sim12,084670,,skip,pb2_not_crashed,,,,,,,,,,,,,,,,,,,,,,,,,,,
14927786,2026-10-07 09:53:06,sim12,000650,,skip,pb2_not_crashed,,,,,,,,,,,,,,,,,,,,,,,,,,,
14927786,2026-10-07 09:53:06,sim12,002720,,skip,avoid_frgn_sell_20d,,,,,,,,,,,,,,,,,,,,,,,,,,,
14927786,2026-10-07 09:53:06,sim12,009190,,skip,avoid_deadcat,,,,,,,,,,,,,,,,,,,,,,,,,,,
14927786,2026-10-07 09:53:06,sim12,128820,,skip,pb2_not_crashed,,,,,,,,,,,,,,,,,,,,,,,,,,,
14927786,2026-10-07 09:53:06,sim12,003350,,skip,pb2_not_crashed,,,,,,,,,,,,,,,,,,,,,,,,,,,
14927786,2026-10-07 09:53:06,sim12,015260,,skip,avoid_deadcat,,,,,,,,,,,,,,,,,,,,,,,,,,,
14927786,2026-10-07 09:53:06,sim12,281820,,skip,pb2_not_crashed,,,,,,,,,,,,,,,,,,,,,,,,,,,
14927786,2026-10-07 09:53:06,sim12,019175,,skip,pb2_not_crashed,,,,,,,,,,,,,,,,,,,,,,,,,,,
14927786,2026-10-07 09:53:06,sim12,005257,,skip,avoid_amount_dry,,,,,,,,,,,,,,,,,,,,,,,,,,,
14927786,2026-10-07 09:53:06,sim12,063160,,skip,avoid_frgn_sell_20d,,,,,,,,,,,,,,,,,,,,,,,,,,,
14927786,2026-10-07 09:53:06,sim12,012320,,skip,pb2_not_crashed,,,,,,,,,,,,,,,,,,,,,,,,,,,
14927786,2026-10-07 09:53:06,sim12,004835,,skip,pb2_not_crashed,,,,,,,,,,,,,,,,,,,,,,,,,,,
14927786,2026-10-07 09:53:06,sim12,004060,,skip,avoid_frgn_sell_20d,,,,,,,,,,,,,,,,,,,,,,,,,,,
14927786,2026-10-07 09:53:06,sim12,465770,,skip,avoid_amount_dry,,,,,,,,,,,,,,,,,,,,,,,,,,,
14927786,2026-10-07 09:53:06,sim12,005030,,skip,avoid_amount_dry,,,,,,,,,,,,,,,,,,,,,,,,,,,
14927786,2026-10-07 09:53:06,sim12,019170,,skip,pb2_not_crashed,,,,,,,,,,,,,,,,,,,,,,,,,,,
14927786,2026-10-07 09:53:06,sim12,085620,,skip,avoid_amount_dry,,,,,,,,,,,,,,,,,,,,,,,,,,,
14927786,2026-10-07 09:53:06,sim12,005110,,skip,avoid_amount_dry,,,,,,,,,,,,,,,,,,,,,,,,,,,
14927786,2026-10-07 09:53:06,sim12,012170,,skip,pb2_not_crashed,,,,,,,,,,,,,,,,,,,,,,,,,,,
14927786,2026-10-07 09:53:06,sim12,248070,,skip,avoid_frgn_sell_20d,,,,,,,,,,,,,,,,,,,,,,,,,,,
14927786,2026-10-07 09:53:06,sim12,036570,,skip,avoid_frgn_hold_drop,,,,,,,,,,,,,,,,,,,,,,,,,,,
14927786,2026-10-07 09:53:06,sim12,000400,,skip,avoid_amount_dry,,,,,,,,,,,,,,,,,,,,,,,,,,,
14927786,2026-10-07 09:53:06,sim12,011090,,skip,avoid_amount_dry,,,,,,,,,,,,,,,,,,,,,,,,,,,
14927786,2026-10-07 09:53:06,sim12,008040,,skip,avoid_amount_dry,,,,,,,,,,,,,,,,,,,,,,,,,,,
14927786,2026-10-07 09:53:06,sim12,003220,,skip,pb2_not_crashed,,,,,,,,,,,,,,,,,,,,,,,,,,,
14927786,2026-10-07 09:53:06,sim12,026890,,skip,avoid_frgn_sell_20d,,,,,,,,,,,,,,,,,,,,,,,,,,,
14927786,2026-10-07 09:53:06,sim12,137310,,skip,pb2_not_crashed,,,,,,,,,,,,,,,,,,,,,,,,,,,
14927786,2026-10-07 09:53:06,sim12,352820,,skip,avoid_frgn_sell_20d,,,,,,,,,,,,,,,,,,,,,,,,,,,
14927786,2026-10-07 09:53:06,sim12,044820,,skip,avoid_amount_dry,,,,,,,,,,,,,,,,,,,,,,,,,,,
14927786,2026-10-07 09:53:06,sim12,003670,,skip,avoid_frgn_sell_20d,,,,,,,,,,,,,,,,,,,,,,,,,,,
14927786,2026-10-07 09:53:06,sim12,103140,,skip,avoid_frgn_sell_20d,,,,,,,,,,,,,,,,,,,,,,,,,,,
14927786,2026-10-07 09:53:06,sim12,020120,,skip,avoid_amount_dry,,,,,,,,,,,,,,,,,,,,,,,,,,,
14927786,2026-10-07 09:53:06,sim12,006110,,skip,avoid_amount_dry,,,,,,,,,,,,,,,,,,,,,,,,,,,
14927786,2026-10-07 09:53:06,sim12,210980,,skip,avoid_amount_dry,,,,,,,,,,,,,,,,,,,,,,,,,,,
14927786,2026-10-07 09:53:06,sim12,480370,,skip,avoid_amount_dry,,,,,,,,,,,,,,,,,,,,,,,,,,,
14927786,2026-10-07 09:53:06,sim12,353200,,skip,avoid_amount_dry,,,,,,,,,,,,,,,,,,,,,,,,,,,
14927786,2026-10-07 09:53:06,sim12,009420,,skip,avoid_amount_dry,,,,,,,,,,,,,,,,,,,,,,,,,,,
14927786,2026-10-07 09:53:06,sim12,025560,,skip,avoid_amount_dry,,,,,,,,,,,,,,,,,,,,,,,,,,,
14927786,2026-10-07 09:53:06,sim12,011155,,skip,avoid_amount_dry,,,,,,,,,,,,,,,,,,,,,,,,,,,
14927786,2026-10-07 09:53:06,sim12,066575,,skip,avoid_amount_dry,,,,,,,,,,,,,,,,,,,,,,,,,,,
14927786,2026-10-07 09:53:06,sim12,267270,,skip,avoid_amount_dry,,,,,,,,,,,,,,,,,,,,,,,,,,,
14927786,2026-10-07 09:53:06,sim12,298040,,skip,avoid_orgn_sell_high_per,,,,,,,,,,,,,,,,,,,,,,,,,,,
14927786,2026-10-07 09:53:06,sim12,000880,,skip,avoid_amount_dry,,,,,,,,,,,,,,,,,,,,,,,,,,,
14927786,2026-10-07 09:53:06,sim12,002787,,skip,avoid_amount_dry,,,,,,,,,,,,,,,,,,,,,,,,,,,
14927786,2026-10-07 09:53:06,sim12,003160,,skip,avoid_amount_dry,,,,,,,,,,,,,,,,,,,,,,,,,,,
14927786,2026-10-07 09:53:06,sim12,001430,,skip,avoid_amount_dry,,,,,,,,,,,,,,,,,,,,,,,,,,,
14927786,2026-10-07 09:53:06,sim12,002710,,skip,avoid_amount_dry,,,,,,,,,,,,,,,,,,,,,,,,,,,
14927786,2026-10-07 09:53:06,sim12,011300,,skip,avoid_amount_dry,,,,,,,,,,,,,,,,,,,,,,,,,,,
14927786,2026-10-07 09:53:06,sim12,450080,,skip,avoid_amount_dry,,,,,,,,,,,,,,,,,,,,,,,,,,,
14927786,2026-10-07 09:53:06,sim12,35320K,,skip,avoid_amount_dry,,,,,,,,,,,,,,,,,,,,,,,,,,,
14927786,2026-10-07 09:53:06,sim12,457190,,skip,avoid_amount_dry,,,,,,,,,,,,,,,,,,,,,,,,,,,
14927786,2026-10-07 09:53:06,sim12,001440,,skip,avoid_frgn_sell_20d,,,,,,,,,,,,,,,,,,,,,,,,,,,
14927786,2026-10-07 09:53:06,sim12,093370,,skip,avoid_amount_dry,,,,,,,,,,,,,,,,,,,,,,,,,,,
14927786,2026-10-07 09:53:06,sim12,139130,,skip,avoid_amount_dry,,,,,,,,,,,,,,,,,,,,,,,,,,,
14927786,2026-10-07 09:53:06,sim12,051910,,skip,avoid_amount_dry,,,,,,,,,,,,,,,,,,,,,,,,,,,
14927786,2026-10-07 09:53:06,sim12,009540,,skip,avoid_amount_dry,,,,,,,,,,,,,,,,,,,,,,,,,,,
14927786,2026-10-07 09:53:06,sim12,066970,,skip,avoid_amount_dry,,,,,,,,,,,,,,,,,,,,,,,,,,,
14927786,2026-10-07 09:53:06,sim12,336370,,skip,avoid_amount_dry,,,,,,,,,,,,,,,,,,,,,,,,,,,
14927786,2026-10-07 09:53:06,sim12,161000,,skip,avoid_amount_dry,,,,,,,,,,,,,,,,,,,,,,,,,,,
14927786,2026-10-07 09:54:59,sim12,084670,,skip,pb2_not_crashed,,,,,,,,,,,,,,,,,,,,,,,,,,,
14927786,2026-10-07 09:54:59,sim12,000650,,skip,pb2_not_crashed,,,,,,,,,,,,,,,,,,,,,,,,,,,
14927786,2026-10-07 09:54:59,sim12,002720,,skip,avoid_frgn_sell_20d,,,,,,,,,,,,,,,,,,,,,,,,,,,
14927786,2026-10-07 09:54:59,sim12,009190,,skip,avoid_deadcat,,,,,,,,,,,,,,,,,,,,,,,,,,,
14927786,2026-10-07 09:54:59,sim12,015260,,skip,avoid_deadcat,,,,,,,,,,,,,,,,,,,,,,,,,,,
14927786,2026-10-07 09:54:59,sim12,128820,,skip,pb2_not_crashed,,,,,,,,,,,,,,,,,,,,,,,,,,,
14927786,2026-10-07 09:54:59,sim12,281820,,skip,pb2_not_crashed,,,,,,,,,,,,,,,,,,,,,,,,,,,
14927786,2026-10-07 09:54:59,sim12,003350,,skip,pb2_not_crashed,,,,,,,,,,,,,,,,,,,,,,,,,,,
14927786,2026-10-07 09:54:59,sim12,019175,,skip,pb2_not_crashed,,,,,,,,,,,,,,,,,,,,,,,,,,,
14927786,2026-10-07 09:54:59,sim12,005257,,skip,avoid_amount_dry,,,,,,,,,,,,,,,,,,,,,,,,,,,
14927786,2026-10-07 09:54:59,sim12,012320,,skip,pb2_not_crashed,,,,,,,,,,,,,,,,,,,,,,,,,,,
14927786,2026-10-07 09:54:59,sim12,004060,,skip,avoid_frgn_sell_20d,,,,,,,,,,,,,,,,,,,,,,,,,,,
14927786,2026-10-07 09:54:59,sim12,004835,,skip,pb2_not_crashed,,,,,,,,,,,,,,,,,,,,,,,,,,,
14927786,2026-10-07 09:54:59,sim12,465770,,skip,avoid_amount_dry,,,,,,,,,,,,,,,,,,,,,,,,,,,
14927786,2026-10-07 09:54:59,sim12,063160,,skip,avoid_frgn_sell_20d,,,,,,,,,,,,,,,,,,,,,,,,,,,
14927786,2026-10-07 09:54:59,sim12,019170,,skip,pb2_not_crashed,,,,,,,,,,,,,,,,,,,,,,,,,,,
14927786,2026-10-07 09:54:59,sim12,005030,,skip,avoid_amount_dry,,,,,,,,,,,,,,,,,,,,,,,,,,,
14927786,2026-10-07 09:54:59,sim12,248070,,skip,avoid_frgn_sell_20d,,,,,,,,,,,,,,,,,,,,,,,,,,,
14927786,2026-10-07 09:54:59,sim12,005110,,skip,avoid_amount_dry,,,,,,,,,,,,,,,,,,,,,,,,,,,
14927786,2026-10-07 09:54:59,sim12,012170,,skip,pb2_not_crashed,,,,,,,,,,,,,,,,,,,,,,,,,,,
14927786,2026-10-07 09:54:59,sim12,011090,,skip,avoid_amount_dry,,,,,,,,,,,,,,,,,,,,,,,,,,,
14927786,2026-10-07 09:54:59,sim12,000400,,skip,avoid_amount_dry,,,,,,,,,,,,,,,,,,,,,,,,,,,
14927786,2026-10-07 09:54:59,sim12,036570,,skip,avoid_frgn_hold_drop,,,,,,,,,,,,,,,,,,,,,,,,,,,
14927786,2026-10-07 09:54:59,sim12,352820,,skip,avoid_frgn_sell_20d,,,,,,,,,,,,,,,,,,,,,,,,,,,
14927786,2026-10-07 09:54:59,sim12,085620,,skip,avoid_amount_dry,,,,,,,,,,,,,,,,,,,,,,,,,,,
14927786,2026-10-07 09:54:59,sim12,008040,,skip,avoid_amount_dry,,,,,,,,,,,,,,,,,,,,,,,,,,,
14927786,2026-10-07 09:54:59,sim12,044820,,skip,avoid_amount_dry,,,,,,,,,,,,,,,,,,,,,,,,,,,
14927786,2026-10-07 09:54:59,sim12,137310,,skip,pb2_not_crashed,,,,,,,,,,,,,,,,,,,,,,,,,,,
14927786,2026-10-07 09:54:59,sim12,003220,,skip,pb2_not_crashed,,,,,,,,,,,,,,,,,,,,,,,,,,,
14927786,2026-10-07 09:54:59,sim12,026890,,skip,avoid_frgn_sell_20d,,,,,,,,,,,,,,,,,,,,,,,,,,,
14927786,2026-10-07 09:54:59,sim12,003670,,skip,avoid_frgn_sell_20d,,,,,,,,,,,,,,,,,,,,,,,,,,,
14927786,2026-10-07 09:54:59,sim12,103140,,skip,avoid_frgn_sell_20d,,,,,,,,,,,,,,,,,,,,,,,,,,,
14927786,2026-10-07 09:54:59,sim12,006110,,skip,avoid_amount_dry,,,,,,,,,,,,,,,,,,,,,,,,,,,
14927786,2026-10-07 09:54:59,sim12,210980,,skip,avoid_amount_dry,,,,,,,,,,,,,,,,,,,,,,,,,,,
14927786,2026-10-07 09:54:59,sim12,020120,,skip,avoid_amount_dry,,,,,,,,,,,,,,,,,,,,,,,,,,,
14927786,2026-10-07 09:54:59,sim12,480370,,skip,avoid_amount_dry,,,,,,,,,,,,,,,,,,,,,,,,,,,
14927786,2026-10-07 09:54:59,sim12,066575,,skip,avoid_amount_dry,,,,,,,,,,,,,,,,,,,,,,,,,,,
14927786,2026-10-07 09:54:59,sim12,009420,,skip,avoid_amount_dry,,,,,,,,,,,,,,,,,,,,,,,,,,,
14927786,2026-10-07 09:54:59,sim12,298040,,skip,avoid_orgn_sell_high_per,,,,,,,,,,,,,,,,,,,,,,,,,,,
14927786,2026-10-07 09:54:59,sim12,011155,,skip,avoid_amount_dry,,,,,,,,,,,,,,,,,,,,,,,,,,,
14927786,2026-10-07 09:54:59,sim12,025560,,skip,avoid_amount_dry,,,,,,,,,,,,,,,,,,,,,,,,,,,
14927786,2026-10-07 09:54:59,sim12,000880,,skip,avoid_amount_dry,,,,,,,,,,,,,,,,,,,,,,,,,,,
14927786,2026-10-07 09:54:59,sim12,353200,,skip,avoid_amount_dry,,,,,,,,,,,,,,,,,,,,,,,,,,,
14927786,2026-10-07 09:54:59,sim12,001430,,skip,avoid_amount_dry,,,,,,,,,,,,,,,,,,,,,,,,,,,
14927786,2026-10-07 09:54:59,sim12,267270,,skip,avoid_amount_dry,,,,,,,,,,,,,,,,,,,,,,,,,,,
14927786,2026-10-07 09:54:59,sim12,002787,,skip,avoid_amount_dry,,,,,,,,,,,,,,,,,,,,,,,,,,,
14927786,2026-10-07 09:54:59,sim12,093370,,skip,avoid_amount_dry,,,,,,,,,,,,,,,,,,,,,,,,,,,
14927786,2026-10-07 09:54:59,sim12,35320K,,skip,avoid_amount_dry,,,,,,,,,,,,,,,,,,,,,,,,,,,
14927786,2026-10-07 09:54:59,sim12,003160,,skip,avoid_amount_dry,,,,,,,,,,,,,,,,,,,,,,,,,,,
14927786,2026-10-07 09:54:59,sim12,000500,,skip,pb2_not_crashed,,,,,,,,,,,,,,,,,,,,,,,,,,,
14927786,2026-10-07 09:54:59,sim12,001440,,skip,avoid_frgn_sell_20d,,,,,,,,,,,,,,,,,,,,,,,,,,,
14927786,2026-10-07 09:54:59,sim12,002710,,skip,avoid_amount_dry,,,,,,,,,,,,,,,,,,,,,,,,,,,
14927786,2026-10-07 09:54:59,sim12,450080,,skip,avoid_amount_dry,,,,,,,,,,,,,,,,,,,,,,,,,,,
14927786,2026-10-07 09:54:59,sim12,161000,,skip,avoid_amount_dry,,,,,,,,,,,,,,,,,,,,,,,,,,,
14927786,2026-10-07 09:54:59,sim12,010130,,skip,avoid_amount_dry,,,,,,,,,,,,,,,,,,,,,,,,,,,
14927786,2026-10-07 09:54:59,sim12,139130,,skip,avoid_amount_dry,,,,,,,,,,,,,,,,,,,,,,,,,,,
14927786,2026-10-07 09:54:59,sim12,009540,,skip,avoid_amount_dry,,,,,,,,,,,,,,,,,,,,,,,,,,,
14927786,2026-10-07 09:54:59,sim12,000950,,skip,avoid_amount_dry,,,,,,,,,,,,,,,,,,,,,,,,,,,
14927786,2026-10-07 09:54:59,sim12,002420,,skip,avoid_amount_dry,,,,,,,,,,,,,,,,,,,,,,,,,,,
14927786,2026-10-07 09:54:59,sim12,021820,,skip,avoid_amount_dry,,,,,,,,,,,,,,,,,,,,,,,,,,,
14927787,2026-10-07 09:57:02,sim12,084670,,skip,pb2_not_crashed,,,,,,,,,,,,,,,,,,,,,,,,,,,
14927787,2026-10-07 09:57:02,sim12,000650,,skip,pb2_not_crashed,,,,,,,,,,,,,,,,,,,,,,,,,,,
14927787,2026-10-07 09:57:02,sim12,002720,,skip,avoid_frgn_sell_20d,,,,,,,,,,,,,,,,,,,,,,,,,,,
14927787,2026-10-07 09:57:02,sim12,009190,,skip,avoid_deadcat,,,,,,,,,,,,,,,,,,,,,,,,,,,
14927787,2026-10-07 09:57:02,sim12,015260,,skip,avoid_deadcat,,,,,,,,,,,,,,,,,,,,,,,,,,,
14927787,2026-10-07 09:57:02,sim12,128820,,skip,pb2_not_crashed,,,,,,,,,,,,,,,,,,,,,,,,,,,
14927787,2026-10-07 09:57:02,sim12,281820,,skip,pb2_not_crashed,,,,,,,,,,,,,,,,,,,,,,,,,,,
14927787,2026-10-07 09:57:02,sim12,003350,,skip,pb2_not_crashed,,,,,,,,,,,,,,,,,,,,,,,,,,,
14927787,2026-10-07 09:57:02,sim12,019175,,skip,pb2_not_crashed,,,,,,,,,,,,,,,,,,,,,,,,,,,
14927787,2026-10-07 09:57:02,sim12,005257,,skip,avoid_amount_dry,,,,,,,,,,,,,,,,,,,,,,,,,,,
14927787,2026-10-07 09:57:02,sim12,465770,,skip,avoid_amount_dry,,,,,,,,,,,,,,,,,,,,,,,,,,,
14927787,2026-10-07 09:57:02,sim12,012320,,skip,pb2_not_crashed,,,,,,,,,,,,,,,,,,,,,,,,,,,
14927787,2026-10-07 09:57:02,sim12,011090,,skip,avoid_amount_dry,,,,,,,,,,,,,,,,,,,,,,,,,,,
14927787,2026-10-07 09:57:02,sim12,063160,,skip,avoid_frgn_sell_20d,,,,,,,,,,,,,,,,,,,,,,,,,,,
14927787,2026-10-07 09:57:02,sim12,004060,,skip,avoid_frgn_sell_20d,,,,,,,,,,,,,,,,,,,,,,,,,,,
14927787,2026-10-07 09:57:02,sim12,004835,,skip,pb2_not_crashed,,,,,,,,,,,,,,,,,,,,,,,,,,,
14927787,2026-10-07 09:57:02,sim12,019170,,skip,pb2_not_crashed,,,,,,,,,,,,,,,,,,,,,,,,,,,
14927787,2026-10-07 09:57:02,sim12,005030,,skip,avoid_amount_dry,,,,,,,,,,,,,,,,,,,,,,,,,,,
14927787,2026-10-07 09:57:02,sim12,036570,,skip,avoid_frgn_hold_drop,,,,,,,,,,,,,,,,,,,,,,,,,,,
14927787,2026-10-07 09:57:02,sim12,000400,,skip,avoid_amount_dry,,,,,,,,,,,,,,,,,,,,,,,,,,,
14927787,2026-10-07 09:57:02,sim12,248070,,skip,avoid_frgn_sell_20d,,,,,,,,,,,,,,,,,,,,,,,,,,,
14927787,2026-10-07 09:57:02,sim12,005110,,skip,avoid_amount_dry,,,,,,,,,,,,,,,,,,,,,,,,,,,
14927787,2026-10-07 09:57:02,sim12,352820,,skip,avoid_frgn_sell_20d,,,,,,,,,,,,,,,,,,,,,,,,,,,
14927787,2026-10-07 09:57:02,sim12,026890,,skip,avoid_frgn_sell_20d,,,,,,,,,,,,,,,,,,,,,,,,,,,
14927787,2026-10-07 09:57:02,sim12,008040,,skip,avoid_amount_dry,,,,,,,,,,,,,,,,,,,,,,,,,,,
14927787,2026-10-07 09:57:02,sim12,003220,,skip,pb2_not_crashed,,,,,,,,,,,,,,,,,,,,,,,,,,,
14927787,2026-10-07 09:57:02,sim12,137310,,skip,pb2_not_crashed,,,,,,,,,,,,,,,,,,,,,,,,,,,
14927787,2026-10-07 09:57:02,sim12,085620,,skip,avoid_amount_dry,,,,,,,,,,,,,,,,,,,,,,,,,,,
14927787,2026-10-07 09:57:02,sim12,044820,,skip,avoid_amount_dry,,,,,,,,,,,,,,,,,,,,,,,,,,,
14927787,2026-10-07 09:57:02,sim12,009070,,skip,avoid_frgn_sell_20d,,,,,,,,,,,,,,,,,,,,,,,,,,,
14927787,2026-10-07 09:57:02,sim12,003670,,skip,avoid_frgn_sell_20d,,,,,,,,,,,,,,,,,,,,,,,,,,,
14927787,2026-10-07 09:57:02,sim12,103140,,skip,avoid_frgn_sell_20d,,,,,,,,,,,,,,,,,,,,,,,,,,,
14927787,2026-10-07 09:57:02,sim12,210980,,skip,avoid_amount_dry,,,,,,,,,,,,,,,,,,,,,,,,,,,
14927787,2026-10-07 09:57:02,sim12,006110,,skip,avoid_amount_dry,,,,,,,,,,,,,,,,,,,,,,,,,,,
14927787,2026-10-07 09:57:02,sim12,020120,,skip,avoid_amount_dry,,,,,,,,,,,,,,,,,,,,,,,,,,,
14927787,2026-10-07 09:57:02,sim12,298040,,skip,avoid_orgn_sell_high_per,,,,,,,,,,,,,,,,,,,,,,,,,,,
14927787,2026-10-07 09:57:02,sim12,066575,,skip,avoid_amount_dry,,,,,,,,,,,,,,,,,,,,,,,,,,,
14927787,2026-10-07 09:57:02,sim12,011155,,skip,avoid_amount_dry,,,,,,,,,,,,,,,,,,,,,,,,,,,
14927787,2026-10-07 09:57:02,sim12,009420,,skip,avoid_amount_dry,,,,,,,,,,,,,,,,,,,,,,,,,,,
14927787,2026-10-07 09:57:02,sim12,480370,,skip,avoid_amount_dry,,,,,,,,,,,,,,,,,,,,,,,,,,,
14927787,2026-10-07 09:57:02,sim12,000880,,skip,avoid_amount_dry,,,,,,,,,,,,,,,,,,,,,,,,,,,
14927787,2026-10-07 09:57:02,sim12,001430,,skip,avoid_amount_dry,,,,,,,,,,,,,,,,,,,,,,,,,,,
14927787,2026-10-07 09:57:02,sim12,267270,,skip,avoid_amount_dry,,,,,,,,,,,,,,,,,,,,,,,,,,,
14927787,2026-10-07 09:57:02,sim12,002787,,skip,avoid_amount_dry,,,,,,,,,,,,,,,,,,,,,,,,,,,
14927787,2026-10-07 09:57:02,sim12,353200,,skip,avoid_amount_dry,,,,,,,,,,,,,,,,,,,,,,,,,,,
14927787,2026-10-07 09:57:02,sim12,025560,,skip,avoid_amount_dry,,,,,,,,,,,,,,,,,,,,,,,,,,,
14927787,2026-10-07 09:57:02,sim12,093370,,skip,avoid_amount_dry,,,,,,,,,,,,,,,,,,,,,,,,,,,
14927787,2026-10-07 09:57:02,sim12,003160,,skip,avoid_amount_dry,,,,,,,,,,,,,,,,,,,,,,,,,,,
14927787,2026-10-07 09:57:02,sim12,001440,,skip,avoid_frgn_sell_20d,,,,,,,,,,,,,,,,,,,,,,,,,,,
14927787,2026-10-07 09:57:02,sim12,35320K,,skip,avoid_amount_dry,,,,,,,,,,,,,,,,,,,,,,,,,,,
14927787,2026-10-07 09:57:02,sim12,002710,,skip,avoid_amount_dry,,,,,,,,,,,,,,,,,,,,,,,,,,,
14927787,2026-10-07 09:57:02,sim12,000500,,skip,pb2_not_crashed,,,,,,,,,,,,,,,,,,,,,,,,,,,
14927787,2026-10-07 09:57:02,sim12,002420,,skip,avoid_amount_dry,,,,,,,,,,,,,,,,,,,,,,,,,,,
14927787,2026-10-07 09:57:02,sim12,139130,,skip,avoid_amount_dry,,,,,,,,,,,,,,,,,,,,,,,,,,,
14927787,2026-10-07 09:57:02,sim12,071950,,skip,avoid_amount_dry,,,,,,,,,,,,,,,,,,,,,,,,,,,
14927787,2026-10-07 09:57:02,sim12,450080,,skip,avoid_amount_dry,,,,,,,,,,,,,,,,,,,,,,,,,,,
14927787,2026-10-07 09:57:02,sim12,009540,,skip,avoid_amount_dry,,,,,,,,,,,,,,,,,,,,,,,,,,,
14927787,2026-10-07 09:57:02,sim12,011780,,skip,avoid_amount_dry,,,,,,,,,,,,,,,,,,,,,,,,,,,
14927787,2026-10-07 09:57:02,sim12,010130,,skip,avoid_amount_dry,,,,,,,,,,,,,,,,,,,,,,,,,,,
14927787,2026-10-07 09:57:02,sim12,000950,,skip,avoid_amount_dry,,,,,,,,,,,,,,,,,,,,,,,,,,,
14927788,2026-10-07 09:59:00,sim12,084670,,skip,pb2_not_crashed,,,,,,,,,,,,,,,,,,,,,,,,,,,
14927788,2026-10-07 09:59:00,sim12,000650,,skip,pb2_not_crashed,,,,,,,,,,,,,,,,,,,,,,,,,,,
14927788,2026-10-07 09:59:00,sim12,002720,,skip,avoid_frgn_sell_20d,,,,,,,,,,,,,,,,,,,,,,,,,,,
14927788,2026-10-07 09:59:00,sim12,009190,,skip,avoid_deadcat,,,,,,,,,,,,,,,,,,,,,,,,,,,
14927788,2026-10-07 09:59:00,sim12,015260,,skip,avoid_deadcat,,,,,,,,,,,,,,,,,,,,,,,,,,,
14927788,2026-10-07 09:59:00,sim12,128820,,skip,pb2_not_crashed,,,,,,,,,,,,,,,,,,,,,,,,,,,
14927788,2026-10-07 09:59:00,sim12,281820,,skip,pb2_not_crashed,,,,,,,,,,,,,,,,,,,,,,,,,,,
14927788,2026-10-07 09:59:00,sim12,019175,,skip,pb2_not_crashed,,,,,,,,,,,,,,,,,,,,,,,,,,,
14927788,2026-10-07 09:59:00,sim12,003350,,skip,pb2_not_crashed,,,,,,,,,,,,,,,,,,,,,,,,,,,
14927788,2026-10-07 09:59:00,sim12,005257,,skip,avoid_amount_dry,,,,,,,,,,,,,,,,,,,,,,,,,,,
14927788,2026-10-07 09:59:00,sim12,465770,,skip,avoid_amount_dry,,,,,,,,,,,,,,,,,,,,,,,,,,,
14927788,2026-10-07 09:59:00,sim12,011090,,skip,avoid_amount_dry,,,,,,,,,,,,,,,,,,,,,,,,,,,
14927788,2026-10-07 09:59:00,sim12,019170,,skip,pb2_not_crashed,,,,,,,,,,,,,,,,,,,,,,,,,,,
14927788,2026-10-07 09:59:00,sim12,063160,,skip,avoid_frgn_sell_20d,,,,,,,,,,,,,,,,,,,,,,,,,,,
14927788,2026-10-07 09:59:00,sim12,012320,,skip,pb2_not_crashed,,,,,,,,,,,,,,,,,,,,,,,,,,,
14927788,2026-10-07 09:59:00,sim12,004835,,skip,pb2_not_crashed,,,,,,,,,,,,,,,,,,,,,,,,,,,
14927788,2026-10-07 09:59:00,sim12,005030,,skip,avoid_amount_dry,,,,,,,,,,,,,,,,,,,,,,,,,,,
14927788,2026-10-07 09:59:00,sim12,036570,,skip,avoid_frgn_hold_drop,,,,,,,,,,,,,,,,,,,,,,,,,,,
14927788,2026-10-07 09:59:00,sim12,004060,,skip,avoid_frgn_sell_20d,,,,,,,,,,,,,,,,,,,,,,,,,,,
14927788,2026-10-07 09:59:00,sim12,005110,,skip,avoid_amount_dry,,,,,,,,,,,,,,,,,,,,,,,,,,,
14927788,2026-10-07 09:59:00,sim12,085620,,skip,pb2_not_crashed,,,,,,,,,,,,,,,,,,,,,,,,,,,
14927788,2026-10-07 09:59:00,sim12,248070,,skip,avoid_frgn_sell_20d,,,,,,,,,,,,,,,,,,,,,,,,,,,
14927788,2026-10-07 09:59:00,sim12,352820,,skip,avoid_frgn_sell_20d,,,,,,,,,,,,,,,,,,,,,,,,,,,
14927788,2026-10-07 09:59:00,sim12,000400,,skip,pb2_not_crashed,,,,,,,,,,,,,,,,,,,,,,,,,,,
14927788,2026-10-07 09:59:00,sim12,012170,,skip,pb2_not_crashed,,,,,,,,,,,,,,,,,,,,,,,,,,,
14927788,2026-10-07 09:59:00,sim12,137310,,skip,pb2_not_crashed,,,,,,,,,,,,,,,,,,,,,,,,,,,
14927788,2026-10-07 09:59:00,sim12,008040,,skip,avoid_amount_dry,,,,,,,,,,,,,,,,,,,,,,,,,,,
14927788,2026-10-07 09:59:00,sim12,026890,,skip,avoid_frgn_sell_20d,,,,,,,,,,,,,,,,,,,,,,,,,,,
14927788,2026-10-07 09:59:00,sim12,044820,,skip,avoid_amount_dry,,,,,,,,,,,,,,,,,,,,,,,,,,,
14927788,2026-10-07 09:59:00,sim12,003220,,skip,pb2_not_crashed,,,,,,,,,,,,,,,,,,,,,,,,,,,
14927788,2026-10-07 09:59:00,sim12,003670,,skip,avoid_frgn_sell_20d,,,,,,,,,,,,,,,,,,,,,,,,,,,
14927788,2026-10-07 09:59:00,sim12,103140,,skip,avoid_frgn_sell_20d,,,,,,,,,,,,,,,,,,,,,,,,,,,
14927788,2026-10-07 09:59:00,sim12,210980,,skip,avoid_amount_dry,,,,,,,,,,,,,,,,,,,,,,,,,,,
14927788,2026-10-07 09:59:00,sim12,006110,,skip,avoid_amount_dry,,,,,,,,,,,,,,,,,,,,,,,,,,,
14927788,2026-10-07 09:59:00,sim12,020120,,skip,avoid_amount_dry,,,,,,,,,,,,,,,,,,,,,,,,,,,
14927788,2026-10-07 09:59:00,sim12,298040,,skip,avoid_orgn_sell_high_per,,,,,,,,,,,,,,,,,,,,,,,,,,,
14927788,2026-10-07 09:59:00,sim12,066575,,skip,avoid_amount_dry,,,,,,,,,,,,,,,,,,,,,,,,,,,
14927788,2026-10-07 09:59:00,sim12,011155,,skip,avoid_amount_dry,,,,,,,,,,,,,,,,,,,,,,,,,,,
14927788,2026-10-07 09:59:00,sim12,480370,,skip,avoid_amount_dry,,,,,,,,,,,,,,,,,,,,,,,,,,,
14927788,2026-10-07 09:59:00,sim12,025560,,skip,avoid_amount_dry,,,,,,,,,,,,,,,,,,,,,,,,,,,
14927788,2026-10-07 09:59:00,sim12,000880,,skip,avoid_amount_dry,,,,,,,,,,,,,,,,,,,,,,,,,,,
14927788,2026-10-07 09:59:00,sim12,009420,,skip,avoid_amount_dry,,,,,,,,,,,,,,,,,,,,,,,,,,,
14927788,2026-10-07 09:59:00,sim12,093370,,skip,avoid_amount_dry,,,,,,,,,,,,,,,,,,,,,,,,,,,
14927788,2026-10-07 09:59:00,sim12,001430,,skip,avoid_amount_dry,,,,,,,,,,,,,,,,,,,,,,,,,,,
14927788,2026-10-07 09:59:00,sim12,002787,,skip,avoid_amount_dry,,,,,,,,,,,,,,,,,,,,,,,,,,,
14927788,2026-10-07 09:59:00,sim12,353200,,skip,avoid_amount_dry,,,,,,,,,,,,,,,,,,,,,,,,,,,
14927788,2026-10-07 09:59:00,sim12,267270,,skip,avoid_amount_dry,,,,,,,,,,,,,,,,,,,,,,,,,,,
14927788,2026-10-07 09:59:00,sim12,35320K,,skip,avoid_amount_dry,,,,,,,,,,,,,,,,,,,,,,,,,,,
14927788,2026-10-07 09:59:00,sim12,001440,,skip,avoid_frgn_sell_20d,,,,,,,,,,,,,,,,,,,,,,,,,,,
14927788,2026-10-07 09:59:00,sim12,009540,,skip,avoid_amount_dry,,,,,,,,,,,,,,,,,,,,,,,,,,,
14927788,2026-10-07 09:59:00,sim12,079550,,skip,avoid_amount_dry,,,,,,,,,,,,,,,,,,,,,,,,,,,
14927788,2026-10-07 09:59:00,sim12,450080,,skip,avoid_amount_dry,,,,,,,,,,,,,,,,,,,,,,,,,,,
14927788,2026-10-07 09:59:00,sim12,139130,,skip,avoid_amount_dry,,,,,,,,,,,,,,,,,,,,,,,,,,,
14927788,2026-10-07 09:59:00,sim12,066970,,skip,avoid_amount_dry,,,,,,,,,,,,,,,,,,,,,,,,,,,
14927788,2026-10-07 09:59:00,sim12,267260,,skip,pb2_not_crashed,,,,,,,,,,,,,,,,,,,,,,,,,,,
14927788,2026-10-07 09:59:00,sim12,002710,,skip,avoid_amount_dry,,,,,,,,,,,,,,,,,,,,,,,,,,,
14927788,2026-10-07 09:59:00,sim12,329180,,skip,avoid_amount_dry,,,,,,,,,,,,,,,,,,,,,,,,,,,
14927788,2026-10-07 09:59:00,sim12,457190,,skip,avoid_amount_dry,,,,,,,,,,,,,,,,,,,,,,,,,,,
14927788,2026-10-07 09:59:00,sim12,010130,,skip,avoid_amount_dry,,,,,,,,,,,,,,,,,,,,,,,,,,,
14927788,2026-10-07 09:59:00,sim12,003160,,skip,avoid_amount_dry,,,,,,,,,,,,,,,,,,,,,,,,,,,
14927790,2026-10-07 10:01:17,sim12,084670,,skip,pb2_not_crashed,,,,,,,,,,,,,,,,,,,,,,,,,,,
14927790,2026-10-07 10:01:17,sim12,000650,,skip,pb2_not_crashed,,,,,,,,,,,,,,,,,,,,,,,,,,,
14927790,2026-10-07 10:01:17,sim12,002720,,skip,avoid_frgn_sell_20d,,,,,,,,,,,,,,,,,,,,,,,,,,,
14927790,2026-10-07 10:01:17,sim12,009190,,skip,avoid_deadcat,,,,,,,,,,,,,,,,,,,,,,,,,,,
14927790,2026-10-07 10:01:17,sim12,015260,,skip,avoid_deadcat,,,,,,,,,,,,,,,,,,,,,,,,,,,
14927790,2026-10-07 10:01:17,sim12,128820,,skip,pb2_not_crashed,,,,,,,,,,,,,,,,,,,,,,,,,,,
14927790,2026-10-07 10:01:17,sim12,005110,,skip,avoid_amount_dry,,,,,,,,,,,,,,,,,,,,,,,,,,,
14927790,2026-10-07 10:01:17,sim12,281820,,skip,pb2_not_crashed,,,,,,,,,,,,,,,,,,,,,,,,,,,
14927790,2026-10-07 10:01:17,sim12,003350,,skip,pb2_not_crashed,,,,,,,,,,,,,,,,,,,,,,,,,,,
14927790,2026-10-07 10:01:17,sim12,011090,,skip,avoid_amount_dry,,,,,,,,,,,,,,,,,,,,,,,,,,,
14927790,2026-10-07 10:01:17,sim12,465770,,skip,avoid_amount_dry,,,,,,,,,,,,,,,,,,,,,,,,,,,
14927790,2026-10-07 10:01:17,sim12,019175,,skip,pb2_not_crashed,,,,,,,,,,,,,,,,,,,,,,,,,,,
14927790,2026-10-07 10:01:17,sim12,012320,,skip,pb2_not_crashed,,,,,,,,,,,,,,,,,,,,,,,,,,,
14927790,2026-10-07 10:01:17,sim12,063160,,skip,avoid_frgn_sell_20d,,,,,,,,,,,,,,,,,,,,,,,,,,,
14927790,2026-10-07 10:01:17,sim12,085620,,skip,pb2_not_crashed,,,,,,,,,,,,,,,,,,,,,,,,,,,
14927790,2026-10-07 10:01:17,sim12,019170,,skip,pb2_not_crashed,,,,,,,,,,,,,,,,,,,,,,,,,,,
14927790,2026-10-07 10:01:17,sim12,005030,,skip,avoid_amount_dry,,,,,,,,,,,,,,,,,,,,,,,,,,,
14927790,2026-10-07 10:01:17,sim12,004835,,skip,pb2_not_crashed,,,,,,,,,,,,,,,,,,,,,,,,,,,
14927790,2026-10-07 10:01:17,sim12,036570,,skip,avoid_frgn_hold_drop,,,,,,,,,,,,,,,,,,,,,,,,,,,
14927790,2026-10-07 10:01:17,sim12,012170,,skip,pb2_not_crashed,,,,,,,,,,,,,,,,,,,,,,,,,,,
14927790,2026-10-07 10:01:17,sim12,000400,,skip,pb2_not_crashed,,,,,,,,,,,,,,,,,,,,,,,,,,,
14927790,2026-10-07 10:01:17,sim12,004060,,skip,avoid_frgn_sell_20d,,,,,,,,,,,,,,,,,,,,,,,,,,,
14927790,2026-10-07 10:01:17,sim12,248070,,skip,avoid_frgn_sell_20d,,,,,,,,,,,,,,,,,,,,,,,,,,,
14927790,2026-10-07 10:01:17,sim12,352820,,skip,avoid_frgn_sell_20d,,,,,,,,,,,,,,,,,,,,,,,,,,,
14927790,2026-10-07 10:01:17,sim12,008040,,skip,avoid_amount_dry,,,,,,,,,,,,,,,,,,,,,,,,,,,
14927790,2026-10-07 10:01:17,sim12,044820,,skip,avoid_amount_dry,,,,,,,,,,,,,,,,,,,,,,,,,,,
14927790,2026-10-07 10:01:17,sim12,026890,,skip,avoid_frgn_sell_20d,,,,,,,,,,,,,,,,,,,,,,,,,,,
14927790,2026-10-07 10:01:17,sim12,003220,,skip,pb2_not_crashed,,,,,,,,,,,,,,,,,,,,,,,,,,,
14927790,2026-10-07 10:01:17,sim12,137310,,skip,pb2_not_crashed,,,,,,,,,,,,,,,,,,,,,,,,,,,
14927790,2026-10-07 10:01:17,sim12,217590,,skip,pb2_not_crashed,,,,,,,,,,,,,,,,,,,,,,,,,,,
14927790,2026-10-07 10:01:17,sim12,103140,,skip,avoid_frgn_sell_20d,,,,,,,,,,,,,,,,,,,,,,,,,,,
14927790,2026-10-07 10:01:17,sim12,003670,,skip,avoid_frgn_sell_20d,,,,,,,,,,,,,,,,,,,,,,,,,,,
14927790,2026-10-07 10:01:17,sim12,210980,,skip,avoid_amount_dry,,,,,,,,,,,,,,,,,,,,,,,,,,,
14927790,2026-10-07 10:01:17,sim12,020120,,skip,avoid_amount_dry,,,,,,,,,,,,,,,,,,,,,,,,,,,
14927790,2026-10-07 10:01:17,sim12,298040,,skip,avoid_orgn_sell_high_per,,,,,,,,,,,,,,,,,,,,,,,,,,,
14927790,2026-10-07 10:01:17,sim12,480370,,skip,avoid_amount_dry,,,,,,,,,,,,,,,,,,,,,,,,,,,
14927790,2026-10-07 10:01:17,sim12,066575,,skip,avoid_amount_dry,,,,,,,,,,,,,,,,,,,,,,,,,,,
14927790,2026-10-07 10:01:17,sim12,006110,,skip,avoid_amount_dry,,,,,,,,,,,,,,,,,,,,,,,,,,,
14927790,2026-10-07 10:01:17,sim12,267270,,skip,avoid_amount_dry,,,,,,,,,,,,,,,,,,,,,,,,,,,
14927790,2026-10-07 10:01:17,sim12,001430,,skip,avoid_amount_dry,,,,,,,,,,,,,,,,,,,,,,,,,,,
14927790,2026-10-07 10:01:17,sim12,093370,,skip,avoid_amount_dry,,,,,,,,,,,,,,,,,,,,,,,,,,,
14927790,2026-10-07 10:01:17,sim12,009420,,skip,avoid_amount_dry,,,,,,,,,,,,,,,,,,,,,,,,,,,
14927790,2026-10-07 10:01:17,sim12,000880,,skip,avoid_amount_dry,,,,,,,,,,,,,,,,,,,,,,,,,,,
14927790,2026-10-07 10:01:17,sim12,001440,,skip,avoid_frgn_sell_20d,,,,,,,,,,,,,,,,,,,,,,,,,,,
14927790,2026-10-07 10:01:17,sim12,025560,,skip,avoid_amount_dry,,,,,,,,,,,,,,,,,,,,,,,,,,,
14927790,2026-10-07 10:01:17,sim12,35320K,,skip,avoid_amount_dry,,,,,,,,,,,,,,,,,,,,,,,,,,,
14927790,2026-10-07 10:01:17,sim12,353200,,skip,avoid_amount_dry,,,,,,,,,,,,,,,,,,,,,,,,,,,
14927790,2026-10-07 10:01:17,sim12,009540,,skip,avoid_amount_dry,,,,,,,,,,,,,,,,,,,,,,,,,,,
14927790,2026-10-07 10:01:17,sim12,011155,,skip,avoid_amount_dry,,,,,,,,,,,,,,,,,,,,,,,,,,,
14927790,2026-10-07 10:01:17,sim12,139130,,skip,avoid_amount_dry,,,,,,,,,,,,,,,,,,,,,,,,,,,
14927790,2026-10-07 10:01:17,sim12,066570,,skip,avoid_amount_dry,,,,,,,,,,,,,,,,,,,,,,,,,,,
14927790,2026-10-07 10:01:17,sim12,002420,,skip,avoid_amount_dry,,,,,,,,,,,,,,,,,,,,,,,,,,,
14927790,2026-10-07 10:01:17,sim12,002710,,skip,avoid_amount_dry,,,,,,,,,,,,,,,,,,,,,,,,,,,
14927790,2026-10-07 10:01:17,sim12,079550,,skip,avoid_amount_dry,,,,,,,,,,,,,,,,,,,,,,,,,,,
14927790,2026-10-07 10:01:17,sim12,161000,,skip,avoid_amount_dry,,,,,,,,,,,,,,,,,,,,,,,,,,,
14927790,2026-10-07 10:01:17,sim12,329180,,skip,avoid_amount_dry,,,,,,,,,,,,,,,,,,,,,,,,,,,
14927790,2026-10-07 10:01:17,sim12,267260,,skip,pb2_not_crashed,,,,,,,,,,,,,,,,,,,,,,,,,,,
14927790,2026-10-07 10:01:17,sim12,000950,,skip,avoid_amount_dry,,,,,,,,,,,,,,,,,,,,,,,,,,,
14927790,2026-10-07 10:01:17,sim12,336260,,skip,avoid_amount_dry,,,,,,,,,,,,,,,,,,,,,,,,,,,
14927790,2026-10-07 10:01:17,sim12,011780,,skip,avoid_amount_dry,,,,,,,,,,,,,,,,,,,,,,,,,,,
14927791,2026-10-07 10:03:26,sim12,084670,,skip,pb2_not_crashed,,,,,,,,,,,,,,,,,,,,,,,,,,,
14927791,2026-10-07 10:03:26,sim12,000650,,skip,pb2_not_crashed,,,,,,,,,,,,,,,,,,,,,,,,,,,
14927791,2026-10-07 10:03:26,sim12,002720,,skip,avoid_frgn_sell_20d,,,,,,,,,,,,,,,,,,,,,,,,,,,
14927791,2026-10-07 10:03:26,sim12,009190,,skip,avoid_deadcat,,,,,,,,,,,,,,,,,,,,,,,,,,,
14927791,2026-10-07 10:03:26,sim12,015260,,skip,avoid_deadcat,,,,,,,,,,,,,,,,,,,,,,,,,,,
14927791,2026-10-07 10:03:26,sim12,128820,,skip,pb2_not_crashed,,,,,,,,,,,,,,,,,,,,,,,,,,,
14927791,2026-10-07 10:03:26,sim12,005110,,skip,avoid_amount_dry,,,,,,,,,,,,,,,,,,,,,,,,,,,
14927791,2026-10-07 10:03:26,sim12,281820,,skip,pb2_not_crashed,,,,,,,,,,,,,,,,,,,,,,,,,,,
14927791,2026-10-07 10:03:26,sim12,003350,,skip,pb2_not_crashed,,,,,,,,,,,,,,,,,,,,,,,,,,,
14927791,2026-10-07 10:03:26,sim12,011090,,skip,avoid_amount_dry,,,,,,,,,,,,,,,,,,,,,,,,,,,
14927791,2026-10-07 10:03:26,sim12,465770,,skip,avoid_amount_dry,,,,,,,,,,,,,,,,,,,,,,,,,,,
14927791,2026-10-07 10:03:26,sim12,085620,,skip,pb2_not_crashed,,,,,,,,,,,,,,,,,,,,,,,,,,,
14927791,2026-10-07 10:03:26,sim12,019175,,skip,pb2_not_crashed,,,,,,,,,,,,,,,,,,,,,,,,,,,
14927791,2026-10-07 10:03:26,sim12,004835,,skip,pb2_not_crashed,,,,,,,,,,,,,,,,,,,,,,,,,,,
14927791,2026-10-07 10:03:26,sim12,019170,,skip,pb2_not_crashed,,,,,,,,,,,,,,,,,,,,,,,,,,,
14927791,2026-10-07 10:03:26,sim12,063160,,skip,avoid_frgn_sell_20d,,,,,,,,,,,,,,,,,,,,,,,,,,,
14927791,2026-10-07 10:03:26,sim12,005030,,skip,avoid_amount_dry,,,,,,,,,,,,,,,,,,,,,,,,,,,
14927791,2026-10-07 10:03:26,sim12,036570,,skip,avoid_frgn_hold_drop,,,,,,,,,,,,,,,,,,,,,,,,,,,
14927791,2026-10-07 10:03:26,sim12,012320,,skip,pb2_not_crashed,,,,,,,,,,,,,,,,,,,,,,,,,,,
14927791,2026-10-07 10:03:26,sim12,012170,,skip,pb2_not_crashed,,,,,,,,,,,,,,,,,,,,,,,,,,,
14927791,2026-10-07 10:03:26,sim12,217590,,skip,pb2_not_crashed,,,,,,,,,,,,,,,,,,,,,,,,,,,
14927791,2026-10-07 10:03:26,sim12,000400,,skip,pb2_not_crashed,,,,,,,,,,,,,,,,,,,,,,,,,,,
14927791,2026-10-07 10:03:26,sim12,004060,,skip,avoid_frgn_sell_20d,,,,,,,,,,,,,,,,,,,,,,,,,,,
14927791,2026-10-07 10:03:26,sim12,352820,,skip,avoid_frgn_sell_20d,,,,,,,,,,,,,,,,,,,,,,,,,,,
14927791,2026-10-07 10:03:26,sim12,044820,,skip,avoid_amount_dry,,,,,,,,,,,,,,,,,,,,,,,,,,,
14927791,2026-10-07 10:03:26,sim12,008040,,skip,avoid_amount_dry,,,,,,,,,,,,,,,,,,,,,,,,,,,
14927791,2026-10-07 10:03:26,sim12,003220,,skip,pb2_not_crashed,,,,,,,,,,,,,,,,,,,,,,,,,,,
14927791,2026-10-07 10:03:26,sim12,248070,,skip,avoid_frgn_sell_20d,,,,,,,,,,,,,,,,,,,,,,,,,,,
14927791,2026-10-07 10:03:26,sim12,026890,,skip,avoid_frgn_sell_20d,,,,,,,,,,,,,,,,,,,,,,,,,,,
14927791,2026-10-07 10:03:26,sim12,137310,,skip,pb2_not_crashed,,,,,,,,,,,,,,,,,,,,,,,,,,,
14927791,2026-10-07 10:03:26,sim12,103140,,skip,avoid_frgn_sell_20d,,,,,,,,,,,,,,,,,,,,,,,,,,,
14927791,2026-10-07 10:03:26,sim12,003670,,skip,avoid_frgn_sell_20d,,,,,,,,,,,,,,,,,,,,,,,,,,,
14927791,2026-10-07 10:03:26,sim12,020120,,skip,avoid_amount_dry,,,,,,,,,,,,,,,,,,,,,,,,,,,
14927791,2026-10-07 10:03:26,sim12,210980,,skip,avoid_amount_dry,,,,,,,,,,,,,,,,,,,,,,,,,,,
14927791,2026-10-07 10:03:26,sim12,066575,,skip,avoid_amount_dry,,,,,,,,,,,,,,,,,,,,,,,,,,,
14927791,2026-10-07 10:03:26,sim12,480370,,skip,avoid_amount_dry,,,,,,,,,,,,,,,,,,,,,,,,,,,
14927791,2026-10-07 10:03:26,sim12,298040,,skip,avoid_orgn_sell_high_per,,,,,,,,,,,,,,,,,,,,,,,,,,,
14927791,2026-10-07 10:03:26,sim12,006110,,skip,avoid_amount_dry,,,,,,,,,,,,,,,,,,,,,,,,,,,
14927791,2026-10-07 10:03:26,sim12,093370,,skip,avoid_amount_dry,,,,,,,,,,,,,,,,,,,,,,,,,,,
14927791,2026-10-07 10:03:26,sim12,267270,,skip,avoid_amount_dry,,,,,,,,,,,,,,,,,,,,,,,,,,,
14927791,2026-10-07 10:03:26,sim12,001430,,skip,avoid_amount_dry,,,,,,,,,,,,,,,,,,,,,,,,,,,
14927791,2026-10-07 10:03:26,sim12,025560,,skip,avoid_amount_dry,,,,,,,,,,,,,,,,,,,,,,,,,,,
14927791,2026-10-07 10:03:26,sim12,000880,,skip,avoid_amount_dry,,,,,,,,,,,,,,,,,,,,,,,,,,,
14927791,2026-10-07 10:03:26,sim12,009420,,skip,avoid_amount_dry,,,,,,,,,,,,,,,,,,,,,,,,,,,
14927791,2026-10-07 10:03:26,sim12,353200,,skip,avoid_amount_dry,,,,,,,,,,,,,,,,,,,,,,,,,,,
14927791,2026-10-07 10:03:26,sim12,35320K,,skip,avoid_amount_dry,,,,,,,,,,,,,,,,,,,,,,,,,,,
14927791,2026-10-07 10:03:26,sim12,001440,,skip,avoid_frgn_sell_20d,,,,,,,,,,,,,,,,,,,,,,,,,,,
14927791,2026-10-07 10:03:26,sim12,011155,,skip,avoid_amount_dry,,,,,,,,,,,,,,,,,,,,,,,,,,,
14927791,2026-10-07 10:03:26,sim12,009540,,skip,avoid_amount_dry,,,,,,,,,,,,,,,,,,,,,,,,,,,
14927791,2026-10-07 10:03:26,sim12,002710,,skip,avoid_amount_dry,,,,,,,,,,,,,,,,,,,,,,,,,,,
14927791,2026-10-07 10:03:26,sim12,079550,,skip,avoid_amount_dry,,,,,,,,,,,,,,,,,,,,,,,,,,,
14927791,2026-10-07 10:03:26,sim12,139130,,skip,avoid_amount_dry,,,,,,,,,,,,,,,,,,,,,,,,,,,
14927791,2026-10-07 10:03:26,sim12,066570,,skip,avoid_amount_dry,,,,,,,,,,,,,,,,,,,,,,,,,,,
14927791,2026-10-07 10:03:26,sim12,092220,,skip,avoid_amount_dry,,,,,,,,,,,,,,,,,,,,,,,,,,,
14927791,2026-10-07 10:03:26,sim12,002420,,skip,avoid_amount_dry,,,,,,,,,,,,,,,,,,,,,,,,,,,
14927791,2026-10-07 10:03:26,sim12,329180,,skip,avoid_amount_dry,,,,,,,,,,,,,,,,,,,,,,,,,,,
14927791,2026-10-07 10:03:26,sim12,004020,,skip,avoid_amount_dry,,,,,,,,,,,,,,,,,,,,,,,,,,,
14927791,2026-10-07 10:03:26,sim12,003580,,skip,pb2_not_crashed,,,,,,,,,,,,,,,,,,,,,,,,,,,
14927791,2026-10-07 10:03:26,sim12,267260,,skip,pb2_not_crashed,,,,,,,,,,,,,,,,,,,,,,,,,,,
14927791,2026-10-07 10:03:26,sim12,000950,,skip,avoid_amount_dry,,,,,,,,,,,,,,,,,,,,,,,,,,,
14927792,2026-10-07 10:05:25,sim12,084670,,skip,pb2_not_crashed,,,,,,,,,,,,,,,,,,,,,,,,,,,
14927792,2026-10-07 10:05:25,sim12,000650,,skip,pb2_not_crashed,,,,,,,,,,,,,,,,,,,,,,,,,,,
14927792,2026-10-07 10:05:25,sim12,002720,,skip,avoid_frgn_sell_20d,,,,,,,,,,,,,,,,,,,,,,,,,,,
14927792,2026-10-07 10:05:25,sim12,009190,,skip,avoid_deadcat,,,,,,,,,,,,,,,,,,,,,,,,,,,
14927792,2026-10-07 10:05:25,sim12,015260,,skip,avoid_deadcat,,,,,,,,,,,,,,,,,,,,,,,,,,,
14927792,2026-10-07 10:05:25,sim12,128820,,skip,pb2_not_crashed,,,,,,,,,,,,,,,,,,,,,,,,,,,
14927792,2026-10-07 10:05:25,sim12,005110,,skip,avoid_amount_dry,,,,,,,,,,,,,,,,,,,,,,,,,,,
14927792,2026-10-07 10:05:25,sim12,281820,,skip,pb2_not_crashed,,,,,,,,,,,,,,,,,,,,,,,,,,,
14927792,2026-10-07 10:05:25,sim12,003350,,skip,pb2_not_crashed,,,,,,,,,,,,,,,,,,,,,,,,,,,
14927792,2026-10-07 10:05:25,sim12,011090,,skip,avoid_amount_dry,,,,,,,,,,,,,,,,,,,,,,,,,,,
14927792,2026-10-07 10:05:25,sim12,085620,,skip,pb2_not_crashed,,,,,,,,,,,,,,,,,,,,,,,,,,,
14927792,2026-10-07 10:05:25,sim12,019170,,skip,pb2_not_crashed,,,,,,,,,,,,,,,,,,,,,,,,,,,
14927792,2026-10-07 10:05:25,sim12,465770,,skip,avoid_amount_dry,,,,,,,,,,,,,,,,,,,,,,,,,,,
14927792,2026-10-07 10:05:25,sim12,019175,,skip,pb2_not_crashed,,,,,,,,,,,,,,,,,,,,,,,,,,,
14927792,2026-10-07 10:05:25,sim12,004835,,skip,pb2_not_crashed,,,,,,,,,,,,,,,,,,,,,,,,,,,
14927792,2026-10-07 10:05:25,sim12,005030,,skip,avoid_amount_dry,,,,,,,,,,,,,,,,,,,,,,,,,,,
14927792,2026-10-07 10:05:25,sim12,036570,,skip,avoid_frgn_hold_drop,,,,,,,,,,,,,,,,,,,,,,,,,,,
14927792,2026-10-07 10:05:25,sim12,012320,,skip,pb2_not_crashed,,,,,,,,,,,,,,,,,,,,,,,,,,,
14927792,2026-10-07 10:05:25,sim12,063160,,skip,avoid_frgn_sell_20d,,,,,,,,,,,,,,,,,,,,,,,,,,,
14927792,2026-10-07 10:05:25,sim12,000400,,skip,pb2_not_crashed,,,,,,,,,,,,,,,,,,,,,,,,,,,
14927792,2026-10-07 10:05:25,sim12,004060,,skip,avoid_frgn_sell_20d,,,,,,,,,,,,,,,,,,,,,,,,,,,
14927792,2026-10-07 10:05:25,sim12,012170,,skip,pb2_not_crashed,,,,,,,,,,,,,,,,,,,,,,,,,,,
14927792,2026-10-07 10:05:25,sim12,217590,,skip,pb2_not_crashed,,,,,,,,,,,,,,,,,,,,,,,,,,,
14927792,2026-10-07 10:05:25,sim12,044820,,skip,avoid_amount_dry,,,,,,,,,,,,,,,,,,,,,,,,,,,
14927792,2026-10-07 10:05:25,sim12,352820,,skip,avoid_frgn_sell_20d,,,,,,,,,,,,,,,,,,,,,,,,,,,
14927792,2026-10-07 10:05:25,sim12,026890,,skip,avoid_frgn_sell_20d,,,,,,,,,,,,,,,,,,,,,,,,,,,
14927792,2026-10-07 10:05:25,sim12,248070,,skip,avoid_frgn_sell_20d,,,,,,,,,,,,,,,,,,,,,,,,,,,
14927792,2026-10-07 10:05:25,sim12,003220,,skip,pb2_not_crashed,,,,,,,,,,,,,,,,,,,,,,,,,,,
14927792,2026-10-07 10:05:25,sim12,008040,,skip,avoid_amount_dry,,,,,,,,,,,,,,,,,,,,,,,,,,,
14927792,2026-10-07 10:05:25,sim12,137310,,skip,pb2_not_crashed,,,,,,,,,,,,,,,,,,,,,,,,,,,
14927792,2026-10-07 10:05:25,sim12,103140,,skip,avoid_frgn_sell_20d,,,,,,,,,,,,,,,,,,,,,,,,,,,
14927792,2026-10-07 10:05:25,sim12,020120,,skip,avoid_amount_dry,,,,,,,,,,,,,,,,,,,,,,,,,,,
14927792,2026-10-07 10:05:25,sim12,003670,,skip,avoid_frgn_sell_20d,,,,,,,,,,,,,,,,,,,,,,,,,,,
14927792,2026-10-07 10:05:25,sim12,210980,,skip,avoid_amount_dry,,,,,,,,,,,,,,,,,,,,,,,,,,,
14927792,2026-10-07 10:05:25,sim12,480370,,skip,avoid_amount_dry,,,,,,,,,,,,,,,,,,,,,,,,,,,
14927792,2026-10-07 10:05:25,sim12,066575,,skip,avoid_amount_dry,,,,,,,,,,,,,,,,,,,,,,,,,,,
14927792,2026-10-07 10:05:25,sim12,298040,,skip,avoid_orgn_sell_high_per,,,,,,,,,,,,,,,,,,,,,,,,,,,
14927792,2026-10-07 10:05:25,sim12,000880,,skip,avoid_amount_dry,,,,,,,,,,,,,,,,,,,,,,,,,,,
14927792,2026-10-07 10:05:25,sim12,093370,,skip,avoid_amount_dry,,,,,,,,,,,,,,,,,,,,,,,,,,,
14927792,2026-10-07 10:05:25,sim12,001430,,skip,avoid_amount_dry,,,,,,,,,,,,,,,,,,,,,,,,,,,
14927792,2026-10-07 10:05:25,sim12,267270,,skip,avoid_amount_dry,,,,,,,,,,,,,,,,,,,,,,,,,,,
14927792,2026-10-07 10:05:25,sim12,009420,,skip,avoid_amount_dry,,,,,,,,,,,,,,,,,,,,,,,,,,,
14927792,2026-10-07 10:05:25,sim12,001440,,skip,avoid_frgn_sell_20d,,,,,,,,,,,,,,,,,,,,,,,,,,,
14927792,2026-10-07 10:05:25,sim12,009540,,skip,avoid_amount_dry,,,,,,,,,,,,,,,,,,,,,,,,,,,
14927792,2026-10-07 10:05:25,sim12,025560,,skip,avoid_amount_dry,,,,,,,,,,,,,,,,,,,,,,,,,,,
14927792,2026-10-07 10:05:25,sim12,35320K,,skip,avoid_amount_dry,,,,,,,,,,,,,,,,,,,,,,,,,,,
14927792,2026-10-07 10:05:25,sim12,079550,,skip,avoid_amount_dry,,,,,,,,,,,,,,,,,,,,,,,,,,,
14927792,2026-10-07 10:05:25,sim12,004020,,skip,avoid_amount_dry,,,,,,,,,,,,,,,,,,,,,,,,,,,
14927792,2026-10-07 10:05:25,sim12,006110,,skip,avoid_amount_dry,,,,,,,,,,,,,,,,,,,,,,,,,,,
14927792,2026-10-07 10:05:25,sim12,011155,,skip,avoid_amount_dry,,,,,,,,,,,,,,,,,,,,,,,,,,,
14927792,2026-10-07 10:05:25,sim12,002710,,skip,avoid_amount_dry,,,,,,,,,,,,,,,,,,,,,,,,,,,
14927792,2026-10-07 10:05:25,sim12,139130,,skip,avoid_amount_dry,,,,,,,,,,,,,,,,,,,,,,,,,,,
14927792,2026-10-07 10:05:25,sim12,066570,,skip,avoid_amount_dry,,,,,,,,,,,,,,,,,,,,,,,,,,,
14927792,2026-10-07 10:05:25,sim12,353200,,skip,avoid_amount_dry,,,,,,,,,,,,,,,,,,,,,,,,,,,
14927792,2026-10-07 10:05:25,sim12,267260,,skip,pb2_not_crashed,,,,,,,,,,,,,,,,,,,,,,,,,,,
14927792,2026-10-07 10:05:25,sim12,329180,,skip,avoid_amount_dry,,,,,,,,,,,,,,,,,,,,,,,,,,,
14927792,2026-10-07 10:05:25,sim12,000950,,skip,avoid_amount_dry,,,,,,,,,,,,,,,,,,,,,,,,,,,
14927792,2026-10-07 10:05:25,sim12,002420,,skip,avoid_amount_dry,,,,,,,,,,,,,,,,,,,,,,,,,,,
14927792,2026-10-07 10:05:25,sim12,047810,,skip,avoid_amount_dry,,,,,,,,,,,,,,,,,,,,,,,,,,,
14927792,2026-10-07 10:05:25,sim12,161000,,skip,avoid_amount_dry,,,,,,,,,,,,,,,,,,,,,,,,,,,
14927793,2026-10-07 10:07:07,sim12,084670,,skip,pb2_not_crashed,,,,,,,,,,,,,,,,,,,,,,,,,,,
14927793,2026-10-07 10:07:07,sim12,000650,,skip,pb2_not_crashed,,,,,,,,,,,,,,,,,,,,,,,,,,,
14927793,2026-10-07 10:07:07,sim12,002720,,skip,avoid_frgn_sell_20d,,,,,,,,,,,,,,,,,,,,,,,,,,,
14927793,2026-10-07 10:07:07,sim12,009190,,skip,avoid_deadcat,,,,,,,,,,,,,,,,,,,,,,,,,,,
14927793,2026-10-07 10:07:07,sim12,015260,,skip,avoid_deadcat,,,,,,,,,,,,,,,,,,,,,,,,,,,
14927793,2026-10-07 10:07:07,sim12,128820,,skip,pb2_not_crashed,,,,,,,,,,,,,,,,,,,,,,,,,,,
14927793,2026-10-07 10:07:07,sim12,003350,,skip,pb2_not_crashed,,,,,,,,,,,,,,,,,,,,,,,,,,,
14927793,2026-10-07 10:07:07,sim12,005110,,skip,avoid_amount_dry,,,,,,,,,,,,,,,,,,,,,,,,,,,
14927793,2026-10-07 10:07:07,sim12,281820,,skip,pb2_not_crashed,,,,,,,,,,,,,,,,,,,,,,,,,,,
14927793,2026-10-07 10:07:07,sim12,011090,,skip,avoid_amount_dry,,,,,,,,,,,,,,,,,,,,,,,,,,,
14927793,2026-10-07 10:07:07,sim12,465770,,skip,avoid_amount_dry,,,,,,,,,,,,,,,,,,,,,,,,,,,
14927793,2026-10-07 10:07:07,sim12,085620,,skip,pb2_not_crashed,,,,,,,,,,,,,,,,,,,,,,,,,,,
14927793,2026-10-07 10:07:07,sim12,019175,,skip,pb2_not_crashed,,,,,,,,,,,,,,,,,,,,,,,,,,,
14927793,2026-10-07 10:07:07,sim12,019170,,skip,pb2_not_crashed,,,,,,,,,,,,,,,,,,,,,,,,,,,
14927793,2026-10-07 10:07:07,sim12,012320,,skip,pb2_not_crashed,,,,,,,,,,,,,,,,,,,,,,,,,,,
14927793,2026-10-07 10:07:07,sim12,004835,,skip,pb2_not_crashed,,,,,,,,,,,,,,,,,,,,,,,,,,,
14927793,2026-10-07 10:07:07,sim12,063160,,skip,avoid_frgn_sell_20d,,,,,,,,,,,,,,,,,,,,,,,,,,,
14927793,2026-10-07 10:07:07,sim12,036570,,skip,avoid_frgn_hold_drop,,,,,,,,,,,,,,,,,,,,,,,,,,,
14927793,2026-10-07 10:07:07,sim12,005030,,skip,avoid_amount_dry,,,,,,,,,,,,,,,,,,,,,,,,,,,
14927793,2026-10-07 10:07:07,sim12,012170,,skip,pb2_not_crashed,,,,,,,,,,,,,,,,,,,,,,,,,,,
14927793,2026-10-07 10:07:07,sim12,000400,,skip,pb2_not_crashed,,,,,,,,,,,,,,,,,,,,,,,,,,,
14927793,2026-10-07 10:07:07,sim12,004060,,skip,avoid_frgn_sell_20d,,,,,,,,,,,,,,,,,,,,,,,,,,,
14927793,2026-10-07 10:07:07,sim12,217590,,skip,pb2_not_crashed,,,,,,,,,,,,,,,,,,,,,,,,,,,
14927793,2026-10-07 10:07:07,sim12,352820,,skip,avoid_frgn_sell_20d,,,,,,,,,,,,,,,,,,,,,,,,,,,
14927793,2026-10-07 10:07:07,sim12,248070,,skip,avoid_frgn_sell_20d,,,,,,,,,,,,,,,,,,,,,,,,,,,
14927793,2026-10-07 10:07:07,sim12,044820,,skip,avoid_amount_dry,,,,,,,,,,,,,,,,,,,,,,,,,,,
14927793,2026-10-07 10:07:07,sim12,137310,,skip,pb2_not_crashed,,,,,,,,,,,,,,,,,,,,,,,,,,,
14927793,2026-10-07 10:07:07,sim12,026890,,skip,avoid_frgn_sell_20d,,,,,,,,,,,,,,,,,,,,,,,,,,,
14927793,2026-10-07 10:07:07,sim12,123690,,skip,avoid_amount_dry,,,,,,,,,,,,,,,,,,,,,,,,,,,
14927793,2026-10-07 10:07:07,sim12,005180,,skip,avoid_amount_dry,,,,,,,,,,,,,,,,,,,,,,,,,,,
14927793,2026-10-07 10:07:07,sim12,103140,,skip,avoid_frgn_sell_20d,,,,,,,,,,,,,,,,,,,,,,,,,,,
14927793,2026-10-07 10:07:07,sim12,020120,,skip,avoid_amount_dry,,,,,,,,,,,,,,,,,,,,,,,,,,,
14927793,2026-10-07 10:07:07,sim12,003670,,skip,avoid_frgn_sell_20d,,,,,,,,,,,,,,,,,,,,,,,,,,,
14927793,2026-10-07 10:07:07,sim12,210980,,skip,avoid_amount_dry,,,,,,,,,,,,,,,,,,,,,,,,,,,
14927793,2026-10-07 10:07:07,sim12,480370,,skip,avoid_amount_dry,,,,,,,,,,,,,,,,,,,,,,,,,,,
14927793,2026-10-07 10:07:07,sim12,066575,,skip,avoid_amount_dry,,,,,,,,,,,,,,,,,,,,,,,,,,,
14927793,2026-10-07 10:07:07,sim12,298040,,skip,avoid_orgn_sell_high_per,,,,,,,,,,,,,,,,,,,,,,,,,,,
14927793,2026-10-07 10:07:07,sim12,000880,,skip,avoid_amount_dry,,,,,,,,,,,,,,,,,,,,,,,,,,,
14927793,2026-10-07 10:07:07,sim12,267270,,skip,avoid_amount_dry,,,,,,,,,,,,,,,,,,,,,,,,,,,
14927793,2026-10-07 10:07:07,sim12,001430,,skip,avoid_amount_dry,,,,,,,,,,,,,,,,,,,,,,,,,,,
14927793,2026-10-07 10:07:07,sim12,093370,,skip,avoid_amount_dry,,,,,,,,,,,,,,,,,,,,,,,,,,,
14927793,2026-10-07 10:07:07,sim12,009420,,skip,avoid_amount_dry,,,,,,,,,,,,,,,,,,,,,,,,,,,
14927793,2026-10-07 10:07:07,sim12,003580,,skip,pb2_not_crashed,,,,,,,,,,,,,,,,,,,,,,,,,,,
14927793,2026-10-07 10:07:07,sim12,009540,,skip,avoid_amount_dry,,,,,,,,,,,,,,,,,,,,,,,,,,,
14927793,2026-10-07 10:07:07,sim12,025560,,skip,avoid_amount_dry,,,,,,,,,,,,,,,,,,,,,,,,,,,
14927793,2026-10-07 10:07:07,sim12,35320K,,skip,avoid_amount_dry,,,,,,,,,,,,,,,,,,,,,,,,,,,
14927793,2026-10-07 10:07:07,sim12,001440,,skip,avoid_frgn_sell_20d,,,,,,,,,,,,,,,,,,,,,,,,,,,
14927793,2026-10-07 10:07:07,sim12,006110,,skip,avoid_amount_dry,,,,,,,,,,,,,,,,,,,,,,,,,,,
14927793,2026-10-07 10:07:07,sim12,079550,,skip,avoid_amount_dry,,,,,,,,,,,,,,,,,,,,,,,,,,,
14927793,2026-10-07 10:07:07,sim12,004020,,skip,avoid_amount_dry,,,,,,,,,,,,,,,,,,,,,,,,,,,
14927793,2026-10-07 10:07:07,sim12,329180,,skip,avoid_amount_dry,,,,,,,,,,,,,,,,,,,,,,,,,,,
14927793,2026-10-07 10:07:07,sim12,011155,,skip,avoid_amount_dry,,,,,,,,,,,,,,,,,,,,,,,,,,,
14927793,2026-10-07 10:07:07,sim12,353200,,skip,avoid_amount_dry,,,,,,,,,,,,,,,,,,,,,,,,,,,
14927793,2026-10-07 10:07:07,sim12,002710,,skip,avoid_amount_dry,,,,,,,,,,,,,,,,,,,,,,,,,,,
14927793,2026-10-07 10:07:07,sim12,267260,,skip,pb2_not_crashed,,,,,,,,,,,,,,,,,,,,,,,,,,,
14927793,2026-10-07 10:07:07,sim12,002420,,skip,avoid_amount_dry,,,,,,,,,,,,,,,,,,,,,,,,,,,
14927793,2026-10-07 10:07:07,sim12,139130,,skip,avoid_amount_dry,,,,,,,,,,,,,,,,,,,,,,,,,,,
14927793,2026-10-07 10:07:07,sim12,000950,,skip,avoid_amount_dry,,,,,,,,,,,,,,,,,,,,,,,,,,,
14927793,2026-10-07 10:07:07,sim12,011300,,skip,avoid_amount_dry,,,,,,,,,,,,,,,,,,,,,,,,,,,
14927793,2026-10-07 10:07:07,sim12,047810,,skip,avoid_amount_dry,,,,,,,,,,,,,,,,,,,,,,,,,,,
14927794,2026-10-07 10:09:20,sim12,084670,,skip,pb2_not_crashed,,,,,,,,,,,,,,,,,,,,,,,,,,,
14927794,2026-10-07 10:09:20,sim12,000650,,skip,pb2_not_crashed,,,,,,,,,,,,,,,,,,,,,,,,,,,
14927794,2026-10-07 10:09:20,sim12,002720,,skip,avoid_frgn_sell_20d,,,,,,,,,,,,,,,,,,,,,,,,,,,
14927794,2026-10-07 10:09:20,sim12,009190,,skip,avoid_deadcat,,,,,,,,,,,,,,,,,,,,,,,,,,,
14927794,2026-10-07 10:09:20,sim12,015260,,skip,avoid_deadcat,,,,,,,,,,,,,,,,,,,,,,,,,,,
14927794,2026-10-07 10:09:20,sim12,128820,,skip,pb2_not_crashed,,,,,,,,,,,,,,,,,,,,,,,,,,,
14927794,2026-10-07 10:09:20,sim12,011090,,skip,avoid_amount_dry,,,,,,,,,,,,,,,,,,,,,,,,,,,
14927794,2026-10-07 10:09:20,sim12,005110,,skip,avoid_amount_dry,,,,,,,,,,,,,,,,,,,,,,,,,,,
14927794,2026-10-07 10:09:20,sim12,281820,,skip,pb2_not_crashed,,,,,,,,,,,,,,,,,,,,,,,,,,,
14927794,2026-10-07 10:09:20,sim12,003350,,skip,pb2_not_crashed,,,,,,,,,,,,,,,,,,,,,,,,,,,
14927794,2026-10-07 10:09:20,sim12,085620,,skip,pb2_not_crashed,,,,,,,,,,,,,,,,,,,,,,,,,,,
14927794,2026-10-07 10:09:20,sim12,004835,,skip,pb2_not_crashed,,,,,,,,,,,,,,,,,,,,,,,,,,,
14927794,2026-10-07 10:09:20,sim12,465770,,skip,avoid_amount_dry,,,,,,,,,,,,,,,,,,,,,,,,,,,
14927794,2026-10-07 10:09:20,sim12,019175,,skip,pb2_not_crashed,,,,,,,,,,,,,,,,,,,,,,,,,,,
14927794,2026-10-07 10:09:20,sim12,019170,,skip,pb2_not_crashed,,,,,,,,,,,,,,,,,,,,,,,,,,,
14927794,2026-10-07 10:09:20,sim12,005030,,skip,avoid_amount_dry,,,,,,,,,,,,,,,,,,,,,,,,,,,
14927794,2026-10-07 10:09:20,sim12,036570,,skip,avoid_frgn_hold_drop,,,,,,,,,,,,,,,,,,,,,,,,,,,
14927794,2026-10-07 10:09:20,sim12,012320,,skip,pb2_not_crashed,,,,,,,,,,,,,,,,,,,,,,,,,,,
14927794,2026-10-07 10:09:20,sim12,063160,,skip,avoid_frgn_sell_20d,,,,,,,,,,,,,,,,,,,,,,,,,,,
14927794,2026-10-07 10:09:20,sim12,012170,,skip,pb2_not_crashed,,,,,,,,,,,,,,,,,,,,,,,,,,,
14927794,2026-10-07 10:09:20,sim12,000400,,skip,pb2_not_crashed,,,,,,,,,,,,,,,,,,,,,,,,,,,
14927794,2026-10-07 10:09:20,sim12,004060,,skip,avoid_frgn_sell_20d,,,,,,,,,,,,,,,,,,,,,,,,,,,
14927794,2026-10-07 10:09:20,sim12,248070,,skip,avoid_frgn_sell_20d,,,,,,,,,,,,,,,,,,,,,,,,,,,
14927794,2026-10-07 10:09:20,sim12,044820,,skip,avoid_amount_dry,,,,,,,,,,,,,,,,,,,,,,,,,,,
14927794,2026-10-07 10:09:20,sim12,352820,,skip,avoid_frgn_sell_20d,,,,,,,,,,,,,,,,,,,,,,,,,,,
14927794,2026-10-07 10:09:20,sim12,217590,,skip,pb2_not_crashed,,,,,,,,,,,,,,,,,,,,,,,,,,,
14927794,2026-10-07 10:09:20,sim12,003220,,skip,pb2_not_crashed,,,,,,,,,,,,,,,,,,,,,,,,,,,
14927794,2026-10-07 10:09:20,sim12,026890,,skip,avoid_frgn_sell_20d,,,,,,,,,,,,,,,,,,,,,,,,,,,
14927794,2026-10-07 10:09:20,sim12,008040,,skip,avoid_amount_dry,,,,,,,,,,,,,,,,,,,,,,,,,,,
14927794,2026-10-07 10:09:20,sim12,005180,,skip,avoid_amount_dry,,,,,,,,,,,,,,,,,,,,,,,,,,,
14927794,2026-10-07 10:09:20,sim12,103140,,skip,avoid_frgn_sell_20d,,,,,,,,,,,,,,,,,,,,,,,,,,,
14927794,2026-10-07 10:09:20,sim12,020120,,skip,avoid_amount_dry,,,,,,,,,,,,,,,,,,,,,,,,,,,
14927794,2026-10-07 10:09:20,sim12,003670,,skip,avoid_frgn_sell_20d,,,,,,,,,,,,,,,,,,,,,,,,,,,
14927794,2026-10-07 10:09:20,sim12,210980,,skip,avoid_amount_dry,,,,,,,,,,,,,,,,,,,,,,,,,,,
14927794,2026-10-07 10:09:20,sim12,066575,,skip,avoid_amount_dry,,,,,,,,,,,,,,,,,,,,,,,,,,,
14927794,2026-10-07 10:09:20,sim12,298040,,skip,avoid_orgn_sell_high_per,,,,,,,,,,,,,,,,,,,,,,,,,,,
14927794,2026-10-07 10:09:20,sim12,000880,,skip,avoid_amount_dry,,,,,,,,,,,,,,,,,,,,,,,,,,,
14927794,2026-10-07 10:09:20,sim12,480370,,skip,avoid_amount_dry,,,,,,,,,,,,,,,,,,,,,,,,,,,
14927794,2026-10-07 10:09:20,sim12,001430,,skip,avoid_amount_dry,,,,,,,,,,,,,,,,,,,,,,,,,,,
14927794,2026-10-07 10:09:20,sim12,093370,,skip,avoid_amount_dry,,,,,,,,,,,,,,,,,,,,,,,,,,,
14927794,2026-10-07 10:09:20,sim12,267270,,skip,avoid_amount_dry,,,,,,,,,,,,,,,,,,,,,,,,,,,
14927794,2026-10-07 10:09:20,sim12,009420,,skip,avoid_amount_dry,,,,,,,,,,,,,,,,,,,,,,,,,,,
14927794,2026-10-07 10:09:20,sim12,002710,,skip,avoid_amount_dry,,,,,,,,,,,,,,,,,,,,,,,,,,,
14927794,2026-10-07 10:09:20,sim12,004020,,skip,avoid_amount_dry,,,,,,,,,,,,,,,,,,,,,,,,,,,
14927794,2026-10-07 10:09:20,sim12,001440,,skip,avoid_frgn_sell_20d,,,,,,,,,,,,,,,,,,,,,,,,,,,
14927794,2026-10-07 10:09:20,sim12,009540,,skip,avoid_amount_dry,,,,,,,,,,,,,,,,,,,,,,,,,,,
14927794,2026-10-07 10:09:20,sim12,025560,,skip,avoid_amount_dry,,,,,,,,,,,,,,,,,,,,,,,,,,,
14927794,2026-10-07 10:09:20,sim12,079550,,skip,avoid_amount_dry,,,,,,,,,,,,,,,,,,,,,,,,,,,
14927794,2026-10-07 10:09:20,sim12,006110,,skip,avoid_amount_dry,,,,,,,,,,,,,,,,,,,,,,,,,,,
14927794,2026-10-07 10:09:20,sim12,35320K,,skip,avoid_amount_dry,,,,,,,,,,,,,,,,,,,,,,,,,,,
14927794,2026-10-07 10:09:20,sim12,011155,,skip,avoid_amount_dry,,,,,,,,,,,,,,,,,,,,,,,,,,,
14927794,2026-10-07 10:09:20,sim12,267260,,skip,pb2_not_crashed,,,,,,,,,,,,,,,,,,,,,,,,,,,
14927794,2026-10-07 10:09:20,sim12,329180,,skip,avoid_amount_dry,,,,,,,,,,,,,,,,,,,,,,,,,,,
14927794,2026-10-07 10:09:20,sim12,139130,,skip,avoid_amount_dry,,,,,,,,,,,,,,,,,,,,,,,,,,,
14927794,2026-10-07 10:09:20,sim12,353200,,skip,avoid_amount_dry,,,,,,,,,,,,,,,,,,,,,,,,,,,
14927794,2026-10-07 10:09:20,sim12,006800,,skip,avoid_amount_dry,,,,,,,,,,,,,,,,,,,,,,,,,,,
14927794,2026-10-07 10:09:20,sim12,003580,,skip,pb2_not_crashed,,,,,,,,,,,,,,,,,,,,,,,,,,,
14927794,2026-10-07 10:09:20,sim12,457190,,skip,avoid_amount_dry,,,,,,,,,,,,,,,,,,,,,,,,,,,
14927794,2026-10-07 10:09:20,sim12,066970,,skip,avoid_amount_dry,,,,,,,,,,,,,,,,,,,,,,,,,,,
14927794,2026-10-07 10:09:20,sim12,000950,,skip,avoid_amount_dry,,,,,,,,,,,,,,,,,,,,,,,,,,,
14927795,2026-10-07 10:11:32,sim12,084670,,skip,pb2_not_crashed,,,,,,,,,,,,,,,,,,,,,,,,,,,
14927795,2026-10-07 10:11:32,sim12,000650,,skip,pb2_not_crashed,,,,,,,,,,,,,,,,,,,,,,,,,,,
14927795,2026-10-07 10:11:32,sim12,002720,,skip,avoid_frgn_sell_20d,,,,,,,,,,,,,,,,,,,,,,,,,,,
14927795,2026-10-07 10:11:32,sim12,009190,,skip,avoid_deadcat,,,,,,,,,,,,,,,,,,,,,,,,,,,
14927795,2026-10-07 10:11:32,sim12,015260,,skip,avoid_deadcat,,,,,,,,,,,,,,,,,,,,,,,,,,,
14927795,2026-10-07 10:11:32,sim12,128820,,skip,pb2_not_crashed,,,,,,,,,,,,,,,,,,,,,,,,,,,
14927795,2026-10-07 10:11:32,sim12,011090,,skip,avoid_amount_dry,,,,,,,,,,,,,,,,,,,,,,,,,,,
14927795,2026-10-07 10:11:32,sim12,281820,,skip,pb2_not_crashed,,,,,,,,,,,,,,,,,,,,,,,,,,,
14927795,2026-10-07 10:11:32,sim12,005110,,skip,avoid_amount_dry,,,,,,,,,,,,,,,,,,,,,,,,,,,
14927795,2026-10-07 10:11:32,sim12,003350,,skip,pb2_not_crashed,,,,,,,,,,,,,,,,,,,,,,,,,,,
14927795,2026-10-07 10:11:32,sim12,085620,,skip,pb2_not_crashed,,,,,,,,,,,,,,,,,,,,,,,,,,,
14927795,2026-10-07 10:11:32,sim12,019170,,skip,pb2_not_crashed,,,,,,,,,,,,,,,,,,,,,,,,,,,
14927795,2026-10-07 10:11:32,sim12,019175,,skip,pb2_not_crashed,,,,,,,,,,,,,,,,,,,,,,,,,,,
14927795,2026-10-07 10:11:32,sim12,005030,,skip,avoid_amount_dry,,,,,,,,,,,,,,,,,,,,,,,,,,,
14927795,2026-10-07 10:11:32,sim12,036570,,skip,avoid_frgn_hold_drop,,,,,,,,,,,,,,,,,,,,,,,,,,,
14927795,2026-10-07 10:11:32,sim12,465770,,skip,avoid_amount_dry,,,,,,,,,,,,,,,,,,,,,,,,,,,
14927795,2026-10-07 10:11:32,sim12,004835,,skip,pb2_not_crashed,,,,,,,,,,,,,,,,,,,,,,,,,,,
14927795,2026-10-07 10:11:32,sim12,012320,,skip,pb2_not_crashed,,,,,,,,,,,,,,,,,,,,,,,,,,,
14927795,2026-10-07 10:11:32,sim12,063160,,skip,avoid_frgn_sell_20d,,,,,,,,,,,,,,,,,,,,,,,,,,,
14927795,2026-10-07 10:11:32,sim12,248070,,skip,avoid_frgn_sell_20d,,,,,,,,,,,,,,,,,,,,,,,,,,,
14927795,2026-10-07 10:11:32,sim12,000400,,skip,pb2_not_crashed,,,,,,,,,,,,,,,,,,,,,,,,,,,
14927795,2026-10-07 10:11:32,sim12,004060,,skip,avoid_frgn_sell_20d,,,,,,,,,,,,,,,,,,,,,,,,,,,
14927795,2026-10-07 10:11:32,sim12,352820,,skip,avoid_frgn_sell_20d,,,,,,,,,,,,,,,,,,,,,,,,,,,
14927795,2026-10-07 10:11:32,sim12,044820,,skip,avoid_amount_dry,,,,,,,,,,,,,,,,,,,,,,,,,,,
14927795,2026-10-07 10:11:32,sim12,278470,,skip,avoid_amount_dry,,,,,,,,,,,,,,,,,,,,,,,,,,,
14927795,2026-10-07 10:11:32,sim12,026890,,skip,avoid_frgn_sell_20d,,,,,,,,,,,,,,,,,,,,,,,,,,,
14927795,2026-10-07 10:11:32,sim12,003220,,skip,pb2_not_crashed,,,,,,,,,,,,,,,,,,,,,,,,,,,
14927795,2026-10-07 10:11:32,sim12,012170,,skip,pb2_not_crashed,,,,,,,,,,,,,,,,,,,,,,,,,,,
14927795,2026-10-07 10:11:32,sim12,137310,,skip,pb2_not_crashed,,,,,,,,,,,,,,,,,,,,,,,,,,,
14927795,2026-10-07 10:11:32,sim12,008040,,skip,avoid_amount_dry,,,,,,,,,,,,,,,,,,,,,,,,,,,
14927795,2026-10-07 10:11:32,sim12,103140,,skip,avoid_frgn_sell_20d,,,,,,,,,,,,,,,,,,,,,,,,,,,
14927795,2026-10-07 10:11:32,sim12,020120,,skip,avoid_amount_dry,,,,,,,,,,,,,,,,,,,,,,,,,,,
14927795,2026-10-07 10:11:32,sim12,003670,,skip,avoid_frgn_sell_20d,,,,,,,,,,,,,,,,,,,,,,,,,,,
14927795,2026-10-07 10:11:32,sim12,210980,,skip,avoid_amount_dry,,,,,,,,,,,,,,,,,,,,,,,,,,,
14927795,2026-10-07 10:11:32,sim12,298040,,skip,avoid_orgn_sell_high_per,,,,,,,,,,,,,,,,,,,,,,,,,,,
14927795,2026-10-07 10:11:32,sim12,066575,,skip,pb2_not_crashed,,,,,,,,,,,,,,,,,,,,,,,,,,,
14927795,2026-10-07 10:11:32,sim12,480370,,skip,avoid_amount_dry,,,,,,,,,,,,,,,,,,,,,,,,,,,
14927795,2026-10-07 10:11:32,sim12,000880,,skip,avoid_amount_dry,,,,,,,,,,,,,,,,,,,,,,,,,,,
14927795,2026-10-07 10:11:32,sim12,267270,,skip,avoid_amount_dry,,,,,,,,,,,,,,,,,,,,,,,,,,,
14927795,2026-10-07 10:11:32,sim12,001430,,skip,avoid_amount_dry,,,,,,,,,,,,,,,,,,,,,,,,,,,
14927795,2026-10-07 10:11:32,sim12,093370,,skip,avoid_amount_dry,,,,,,,,,,,,,,,,,,,,,,,,,,,
14927795,2026-10-07 10:11:32,sim12,009420,,skip,avoid_amount_dry,,,,,,,,,,,,,,,,,,,,,,,,,,,
14927795,2026-10-07 10:11:32,sim12,001440,,skip,avoid_frgn_sell_20d,,,,,,,,,,,,,,,,,,,,,,,,,,,
14927795,2026-10-07 10:11:32,sim12,009540,,skip,avoid_amount_dry,,,,,,,,,,,,,,,,,,,,,,,,,,,
14927795,2026-10-07 10:11:32,sim12,002710,,skip,avoid_amount_dry,,,,,,,,,,,,,,,,,,,,,,,,,,,
14927795,2026-10-07 10:11:32,sim12,079550,,skip,avoid_amount_dry,,,,,,,,,,,,,,,,,,,,,,,,,,,
14927795,2026-10-07 10:11:32,sim12,004020,,skip,avoid_amount_dry,,,,,,,,,,,,,,,,,,,,,,,,,,,
14927795,2026-10-07 10:11:32,sim12,267260,,skip,pb2_not_crashed,,,,,,,,,,,,,,,,,,,,,,,,,,,
14927795,2026-10-07 10:11:32,sim12,025560,,skip,avoid_amount_dry,,,,,,,,,,,,,,,,,,,,,,,,,,,
14927795,2026-10-07 10:11:32,sim12,006110,,skip,avoid_amount_dry,,,,,,,,,,,,,,,,,,,,,,,,,,,
14927795,2026-10-07 10:11:32,sim12,011155,,skip,avoid_amount_dry,,,,,,,,,,,,,,,,,,,,,,,,,,,
14927795,2026-10-07 10:11:32,sim12,329180,,skip,avoid_amount_dry,,,,,,,,,,,,,,,,,,,,,,,,,,,
14927795,2026-10-07 10:11:32,sim12,006800,,skip,avoid_amount_dry,,,,,,,,,,,,,,,,,,,,,,,,,,,
14927795,2026-10-07 10:11:32,sim12,35320K,,skip,avoid_amount_dry,,,,,,,,,,,,,,,,,,,,,,,,,,,
14927795,2026-10-07 10:11:32,sim12,139130,,skip,avoid_amount_dry,,,,,,,,,,,,,,,,,,,,,,,,,,,
14927795,2026-10-07 10:11:32,sim12,002420,,skip,avoid_amount_dry,,,,,,,,,,,,,,,,,,,,,,,,,,,
14927795,2026-10-07 10:11:32,sim12,010130,,skip,avoid_amount_dry,,,,,,,,,,,,,,,,,,,,,,,,,,,
14927795,2026-10-07 10:11:32,sim12,000950,,skip,avoid_amount_dry,,,,,,,,,,,,,,,,,,,,,,,,,,,
14927795,2026-10-07 10:11:32,sim12,047810,,skip,avoid_amount_dry,,,,,,,,,,,,,,,,,,,,,,,,,,,
14927795,2026-10-07 10:11:32,sim12,071950,,skip,avoid_amount_dry,,,,,,,,,,,,,,,,,,,,,,,,,,,
14927796,2026-10-07 10:13:46,sim12,084670,,skip,pb2_not_crashed,,,,,,,,,,,,,,,,,,,,,,,,,,,
14927796,2026-10-07 10:13:46,sim12,000650,,skip,pb2_not_crashed,,,,,,,,,,,,,,,,,,,,,,,,,,,
14927796,2026-10-07 10:13:46,sim12,009190,,skip,avoid_deadcat,,,,,,,,,,,,,,,,,,,,,,,,,,,
14927796,2026-10-07 10:13:46,sim12,002720,,skip,avoid_frgn_sell_20d,,,,,,,,,,,,,,,,,,,,,,,,,,,
14927796,2026-10-07 10:13:46,sim12,015260,,skip,avoid_deadcat,,,,,,,,,,,,,,,,,,,,,,,,,,,
14927796,2026-10-07 10:13:46,sim12,128820,,skip,pb2_not_crashed,,,,,,,,,,,,,,,,,,,,,,,,,,,
14927796,2026-10-07 10:13:46,sim12,011090,,skip,avoid_amount_dry,,,,,,,,,,,,,,,,,,,,,,,,,,,
14927796,2026-10-07 10:13:46,sim12,005110,,skip,avoid_amount_dry,,,,,,,,,,,,,,,,,,,,,,,,,,,
14927796,2026-10-07 10:13:46,sim12,281820,,skip,pb2_not_crashed,,,,,,,,,,,,,,,,,,,,,,,,,,,
14927796,2026-10-07 10:13:46,sim12,003350,,skip,pb2_not_crashed,,,,,,,,,,,,,,,,,,,,,,,,,,,
14927796,2026-10-07 10:13:46,sim12,004835,,skip,pb2_not_crashed,,,,,,,,,,,,,,,,,,,,,,,,,,,
14927796,2026-10-07 10:13:46,sim12,019175,,skip,pb2_not_crashed,,,,,,,,,,,,,,,,,,,,,,,,,,,
14927796,2026-10-07 10:13:46,sim12,019170,,skip,pb2_not_crashed,,,,,,,,,,,,,,,,,,,,,,,,,,,
14927796,2026-10-07 10:13:46,sim12,085620,,skip,pb2_not_crashed,,,,,,,,,,,,,,,,,,,,,,,,,,,
14927796,2026-10-07 10:13:46,sim12,036570,,skip,avoid_frgn_hold_drop,,,,,,,,,,,,,,,,,,,,,,,,,,,
14927796,2026-10-07 10:13:46,sim12,005030,,skip,avoid_amount_dry,,,,,,,,,,,,,,,,,,,,,,,,,,,
14927796,2026-10-07 10:13:46,sim12,012320,,skip,pb2_not_crashed,,,,,,,,,,,,,,,,,,,,,,,,,,,
14927796,2026-10-07 10:13:46,sim12,465770,,skip,avoid_amount_dry,,,,,,,,,,,,,,,,,,,,,,,,,,,
14927796,2026-10-07 10:13:46,sim12,248070,,skip,avoid_frgn_sell_20d,,,,,,,,,,,,,,,,,,,,,,,,,,,
14927796,2026-10-07 10:13:46,sim12,012170,,skip,pb2_not_crashed,,,,,,,,,,,,,,,,,,,,,,,,,,,
14927796,2026-10-07 10:13:46,sim12,063160,,skip,avoid_frgn_sell_20d,,,,,,,,,,,,,,,,,,,,,,,,,,,
14927796,2026-10-07 10:13:46,sim12,004060,,skip,avoid_frgn_sell_20d,,,,,,,,,,,,,,,,,,,,,,,,,,,
14927796,2026-10-07 10:13:46,sim12,000400,,skip,pb2_not_crashed,,,,,,,,,,,,,,,,,,,,,,,,,,,
14927796,2026-10-07 10:13:46,sim12,352820,,skip,avoid_frgn_sell_20d,,,,,,,,,,,,,,,,,,,,,,,,,,,
14927796,2026-10-07 10:13:46,sim12,044820,,skip,avoid_amount_dry,,,,,,,,,,,,,,,,,,,,,,,,,,,
14927796,2026-10-07 10:13:46,sim12,278470,,skip,avoid_amount_dry,,,,,,,,,,,,,,,,,,,,,,,,,,,
14927796,2026-10-07 10:13:46,sim12,026890,,skip,avoid_frgn_sell_20d,,,,,,,,,,,,,,,,,,,,,,,,,,,
14927796,2026-10-07 10:13:46,sim12,011330,,skip,avoid_amount_dry,,,,,,,,,,,,,,,,,,,,,,,,,,,
14927796,2026-10-07 10:13:46,sim12,018670,,skip,avoid_frgn_sell_20d,,,,,,,,,,,,,,,,,,,,,,,,,,,
14927796,2026-10-07 10:13:46,sim12,008040,,skip,avoid_amount_dry,,,,,,,,,,,,,,,,,,,,,,,,,,,
14927796,2026-10-07 10:13:46,sim12,103140,,skip,avoid_frgn_sell_20d,,,,,,,,,,,,,,,,,,,,,,,,,,,
14927796,2026-10-07 10:13:46,sim12,020120,,skip,avoid_amount_dry,,,,,,,,,,,,,,,,,,,,,,,,,,,
14927796,2026-10-07 10:13:46,sim12,003670,,skip,avoid_frgn_sell_20d,,,,,,,,,,,,,,,,,,,,,,,,,,,
14927796,2026-10-07 10:13:46,sim12,210980,,skip,avoid_amount_dry,,,,,,,,,,,,,,,,,,,,,,,,,,,
14927796,2026-10-07 10:13:46,sim12,298040,,skip,avoid_orgn_sell_high_per,,,,,,,,,,,,,,,,,,,,,,,,,,,
14927796,2026-10-07 10:13:46,sim12,066575,,skip,pb2_not_crashed,,,,,,,,,,,,,,,,,,,,,,,,,,,
14927796,2026-10-07 10:13:46,sim12,000880,,skip,avoid_amount_dry,,,,,,,,,,,,,,,,,,,,,,,,,,,
14927796,2026-10-07 10:13:46,sim12,480370,,skip,avoid_amount_dry,,,,,,,,,,,,,,,,,,,,,,,,,,,
14927796,2026-10-07 10:13:46,sim12,001430,,skip,avoid_amount_dry,,,,,,,,,,,,,,,,,,,,,,,,,,,
14927796,2026-10-07 10:13:46,sim12,093370,,skip,avoid_amount_dry,,,,,,,,,,,,,,,,,,,,,,,,,,,
14927796,2026-10-07 10:13:46,sim12,267270,,skip,avoid_amount_dry,,,,,,,,,,,,,,,,,,,,,,,,,,,
14927796,2026-10-07 10:13:46,sim12,009420,,skip,avoid_amount_dry,,,,,,,,,,,,,,,,,,,,,,,,,,,
14927796,2026-10-07 10:13:46,sim12,006110,,skip,avoid_amount_dry,,,,,,,,,,,,,,,,,,,,,,,,,,,
14927796,2026-10-07 10:13:46,sim12,025560,,skip,avoid_amount_dry,,,,,,,,,,,,,,,,,,,,,,,,,,,
14927796,2026-10-07 10:13:46,sim12,267260,,skip,pb2_not_crashed,,,,,,,,,,,,,,,,,,,,,,,,,,,
14927796,2026-10-07 10:13:46,sim12,001440,,skip,avoid_frgn_sell_20d,,,,,,,,,,,,,,,,,,,,,,,,,,,
14927796,2026-10-07 10:13:46,sim12,009540,,skip,avoid_amount_dry,,,,,,,,,,,,,,,,,,,,,,,,,,,
14927796,2026-10-07 10:13:46,sim12,079550,,skip,avoid_amount_dry,,,,,,,,,,,,,,,,,,,,,,,,,,,
14927796,2026-10-07 10:13:46,sim12,004020,,skip,avoid_amount_dry,,,,,,,,,,,,,,,,,,,,,,,,,,,
14927796,2026-10-07 10:13:46,sim12,002710,,skip,avoid_amount_dry,,,,,,,,,,,,,,,,,,,,,,,,,,,
14927796,2026-10-07 10:13:46,sim12,329180,,skip,avoid_amount_dry,,,,,,,,,,,,,,,,,,,,,,,,,,,
14927796,2026-10-07 10:13:46,sim12,011155,,skip,avoid_amount_dry,,,,,,,,,,,,,,,,,,,,,,,,,,,
14927796,2026-10-07 10:13:46,sim12,071950,,skip,avoid_amount_dry,,,,,,,,,,,,,,,,,,,,,,,,,,,
14927796,2026-10-07 10:13:46,sim12,006800,,skip,avoid_amount_dry,,,,,,,,,,,,,,,,,,,,,,,,,,,
14927796,2026-10-07 10:13:46,sim12,139130,,skip,avoid_amount_dry,,,,,,,,,,,,,,,,,,,,,,,,,,,
14927796,2026-10-07 10:13:46,sim12,002420,,skip,avoid_amount_dry,,,,,,,,,,,,,,,,,,,,,,,,,,,
14927796,2026-10-07 10:13:46,sim12,066570,,skip,avoid_amount_dry,,,,,,,,,,,,,,,,,,,,,,,,,,,
14927796,2026-10-07 10:13:46,sim12,047810,,skip,avoid_amount_dry,,,,,,,,,,,,,,,,,,,,,,,,,,,
14927796,2026-10-07 10:13:46,sim12,010130,,skip,avoid_amount_dry,,,,,,,,,,,,,,,,,,,,,,,,,,,
14927796,2026-10-07 10:13:46,sim12,000950,,skip,avoid_amount_dry,,,,,,,,,,,,,,,,,,,,,,,,,,,
14927797,2026-10-07 10:15:54,sim12,084670,,skip,pb2_not_crashed,,,,,,,,,,,,,,,,,,,,,,,,,,,
14927797,2026-10-07 10:15:54,sim12,000650,,skip,pb2_not_crashed,,,,,,,,,,,,,,,,,,,,,,,,,,,
14927797,2026-10-07 10:15:54,sim12,009190,,skip,avoid_deadcat,,,,,,,,,,,,,,,,,,,,,,,,,,,
14927797,2026-10-07 10:15:54,sim12,002720,,skip,avoid_frgn_sell_20d,,,,,,,,,,,,,,,,,,,,,,,,,,,
14927797,2026-10-07 10:15:54,sim12,015260,,skip,avoid_deadcat,,,,,,,,,,,,,,,,,,,,,,,,,,,
14927797,2026-10-07 10:15:54,sim12,128820,,skip,pb2_not_crashed,,,,,,,,,,,,,,,,,,,,,,,,,,,
14927797,2026-10-07 10:15:54,sim12,011090,,skip,avoid_amount_dry,,,,,,,,,,,,,,,,,,,,,,,,,,,
14927797,2026-10-07 10:15:54,sim12,005110,,skip,avoid_amount_dry,,,,,,,,,,,,,,,,,,,,,,,,,,,
14927797,2026-10-07 10:15:54,sim12,281820,,skip,pb2_not_crashed,,,,,,,,,,,,,,,,,,,,,,,,,,,
14927797,2026-10-07 10:15:54,sim12,003350,,skip,pb2_not_crashed,,,,,,,,,,,,,,,,,,,,,,,,,,,
14927797,2026-10-07 10:15:54,sim12,019170,,skip,pb2_not_crashed,,,,,,,,,,,,,,,,,,,,,,,,,,,
14927797,2026-10-07 10:15:54,sim12,085620,,skip,pb2_not_crashed,,,,,,,,,,,,,,,,,,,,,,,,,,,
14927797,2026-10-07 10:15:54,sim12,036570,,skip,avoid_frgn_hold_drop,,,,,,,,,,,,,,,,,,,,,,,,,,,
14927797,2026-10-07 10:15:54,sim12,012320,,skip,pb2_not_crashed,,,,,,,,,,,,,,,,,,,,,,,,,,,
14927797,2026-10-07 10:15:54,sim12,019175,,skip,pb2_not_crashed,,,,,,,,,,,,,,,,,,,,,,,,,,,
14927797,2026-10-07 10:15:54,sim12,005030,,skip,avoid_amount_dry,,,,,,,,,,,,,,,,,,,,,,,,,,,
14927797,2026-10-07 10:15:54,sim12,004835,,skip,pb2_not_crashed,,,,,,,,,,,,,,,,,,,,,,,,,,,
14927797,2026-10-07 10:15:54,sim12,004060,,skip,avoid_frgn_sell_20d,,,,,,,,,,,,,,,,,,,,,,,,,,,
14927797,2026-10-07 10:15:54,sim12,465770,,skip,avoid_amount_dry,,,,,,,,,,,,,,,,,,,,,,,,,,,
14927797,2026-10-07 10:15:54,sim12,000400,,skip,pb2_not_crashed,,,,,,,,,,,,,,,,,,,,,,,,,,,
14927797,2026-10-07 10:15:54,sim12,248070,,skip,avoid_frgn_sell_20d,,,,,,,,,,,,,,,,,,,,,,,,,,,
14927797,2026-10-07 10:15:54,sim12,217590,,skip,pb2_not_crashed,,,,,,,,,,,,,,,,,,,,,,,,,,,
14927797,2026-10-07 10:15:54,sim12,044820,,skip,avoid_amount_dry,,,,,,,,,,,,,,,,,,,,,,,,,,,
14927797,2026-10-07 10:15:54,sim12,063160,,skip,avoid_frgn_sell_20d,,,,,,,,,,,,,,,,,,,,,,,,,,,
14927797,2026-10-07 10:15:54,sim12,011330,,skip,avoid_amount_dry,,,,,,,,,,,,,,,,,,,,,,,,,,,
14927797,2026-10-07 10:15:54,sim12,278470,,skip,avoid_amount_dry,,,,,,,,,,,,,,,,,,,,,,,,,,,
14927797,2026-10-07 10:15:54,sim12,352820,,skip,avoid_frgn_sell_20d,,,,,,,,,,,,,,,,,,,,,,,,,,,
14927797,2026-10-07 10:15:54,sim12,008040,,skip,avoid_amount_dry,,,,,,,,,,,,,,,,,,,,,,,,,,,
14927797,2026-10-07 10:15:54,sim12,012170,,skip,pb2_not_crashed,,,,,,,,,,,,,,,,,,,,,,,,,,,
14927797,2026-10-07 10:15:54,sim12,026890,,skip,avoid_frgn_sell_20d,,,,,,,,,,,,,,,,,,,,,,,,,,,
14927797,2026-10-07 10:15:54,sim12,103140,,skip,avoid_frgn_sell_20d,,,,,,,,,,,,,,,,,,,,,,,,,,,
14927797,2026-10-07 10:15:54,sim12,020120,,skip,avoid_amount_dry,,,,,,,,,,,,,,,,,,,,,,,,,,,
14927797,2026-10-07 10:15:54,sim12,003670,,skip,avoid_frgn_sell_20d,,,,,,,,,,,,,,,,,,,,,,,,,,,
14927797,2026-10-07 10:15:54,sim12,210980,,skip,avoid_amount_dry,,,,,,,,,,,,,,,,,,,,,,,,,,,
14927797,2026-10-07 10:15:54,sim12,298040,,skip,avoid_orgn_sell_high_per,,,,,,,,,,,,,,,,,,,,,,,,,,,
14927797,2026-10-07 10:15:54,sim12,066575,,skip,pb2_not_crashed,,,,,,,,,,,,,,,,,,,,,,,,,,,
14927797,2026-10-07 10:15:54,sim12,480370,,skip,avoid_amount_dry,,,,,,,,,,,,,,,,,,,,,,,,,,,
14927797,2026-10-07 10:15:54,sim12,000880,,skip,avoid_amount_dry,,,,,,,,,,,,,,,,,,,,,,,,,,,
14927797,2026-10-07 10:15:54,sim12,001430,,skip,avoid_amount_dry,,,,,,,,,,,,,,,,,,,,,,,,,,,
14927797,2026-10-07 10:15:54,sim12,071950,,skip,avoid_amount_dry,,,,,,,,,,,,,,,,,,,,,,,,,,,
14927797,2026-10-07 10:15:54,sim12,267270,,skip,avoid_amount_dry,,,,,,,,,,,,,,,,,,,,,,,,,,,
14927797,2026-10-07 10:15:54,sim12,093370,,skip,avoid_amount_dry,,,,,,,,,,,,,,,,,,,,,,,,,,,
14927797,2026-10-07 10:15:54,sim12,009540,,skip,avoid_amount_dry,,,,,,,,,,,,,,,,,,,,,,,,,,,
14927797,2026-10-07 10:15:54,sim12,025560,,skip,avoid_amount_dry,,,,,,,,,,,,,,,,,,,,,,,,,,,
14927797,2026-10-07 10:15:54,sim12,009420,,skip,avoid_amount_dry,,,,,,,,,,,,,,,,,,,,,,,,,,,
14927797,2026-10-07 10:15:54,sim12,004020,,skip,avoid_amount_dry,,,,,,,,,,,,,,,,,,,,,,,,,,,
14927797,2026-10-07 10:15:54,sim12,001440,,skip,avoid_frgn_sell_20d,,,,,,,,,,,,,,,,,,,,,,,,,,,
14927797,2026-10-07 10:15:54,sim12,079550,,skip,avoid_amount_dry,,,,,,,,,,,,,,,,,,,,,,,,,,,
14927797,2026-10-07 10:15:54,sim12,002420,,skip,avoid_amount_dry,,,,,,,,,,,,,,,,,,,,,,,,,,,
14927797,2026-10-07 10:15:54,sim12,267260,,skip,pb2_not_crashed,,,,,,,,,,,,,,,,,,,,,,,,,,,
14927797,2026-10-07 10:15:54,sim12,006110,,skip,avoid_amount_dry,,,,,,,,,,,,,,,,,,,,,,,,,,,
14927797,2026-10-07 10:15:54,sim12,011155,,skip,avoid_amount_dry,,,,,,,,,,,,,,,,,,,,,,,,,,,
14927797,2026-10-07 10:15:54,sim12,139130,,skip,avoid_amount_dry,,,,,,,,,,,,,,,,,,,,,,,,,,,
14927797,2026-10-07 10:15:54,sim12,329180,,skip,avoid_amount_dry,,,,,,,,,,,,,,,,,,,,,,,,,,,
14927797,2026-10-07 10:15:54,sim12,006800,,skip,avoid_amount_dry,,,,,,,,,,,,,,,,,,,,,,,,,,,
14927797,2026-10-07 10:15:54,sim12,007660,,skip,pb2_not_crashed,,,,,,,,,,,,,,,,,,,,,,,,,,,
14927797,2026-10-07 10:15:54,sim12,047810,,skip,avoid_amount_dry,,,,,,,,,,,,,,,,,,,,,,,,,,,
14927797,2026-10-07 10:15:54,sim12,011300,,skip,avoid_amount_dry,,,,,,,,,,,,,,,,,,,,,,,,,,,
14927797,2026-10-07 10:15:54,sim12,002710,,skip,avoid_amount_dry,,,,,,,,,,,,,,,,,,,,,,,,,,,
14927797,2026-10-07 10:15:54,sim12,006260,,skip,pb2_not_crashed,,,,,,,,,,,,,,,,,,,,,,,,,,,
14927798,2026-10-07 10:18:02,sim12,084670,,skip,pb2_not_crashed,,,,,,,,,,,,,,,,,,,,,,,,,,,
14927798,2026-10-07 10:18:02,sim12,000650,,skip,pb2_not_crashed,,,,,,,,,,,,,,,,,,,,,,,,,,,
14927798,2026-10-07 10:18:02,sim12,009190,,skip,avoid_deadcat,,,,,,,,,,,,,,,,,,,,,,,,,,,
14927798,2026-10-07 10:18:02,sim12,002720,,skip,avoid_frgn_sell_20d,,,,,,,,,,,,,,,,,,,,,,,,,,,
14927798,2026-10-07 10:18:02,sim12,015260,,skip,avoid_deadcat,,,,,,,,,,,,,,,,,,,,,,,,,,,
14927798,2026-10-07 10:18:02,sim12,011090,,skip,avoid_amount_dry,,,,,,,,,,,,,,,,,,,,,,,,,,,
14927798,2026-10-07 10:18:02,sim12,128820,,skip,pb2_not_crashed,,,,,,,,,,,,,,,,,,,,,,,,,,,
14927798,2026-10-07 10:18:02,sim12,005110,,skip,avoid_amount_dry,,,,,,,,,,,,,,,,,,,,,,,,,,,
14927798,2026-10-07 10:18:02,sim12,281820,,skip,pb2_not_crashed,,,,,,,,,,,,,,,,,,,,,,,,,,,
14927798,2026-10-07 10:18:02,sim12,003350,,skip,pb2_not_crashed,,,,,,,,,,,,,,,,,,,,,,,,,,,
14927798,2026-10-07 10:18:02,sim12,036570,,skip,avoid_frgn_hold_drop,,,,,,,,,,,,,,,,,,,,,,,,,,,
14927798,2026-10-07 10:18:02,sim12,012320,,skip,pb2_not_crashed,,,,,,,,,,,,,,,,,,,,,,,,,,,
14927798,2026-10-07 10:18:02,sim12,019170,,skip,pb2_not_crashed,,,,,,,,,,,,,,,,,,,,,,,,,,,
14927798,2026-10-07 10:18:02,sim12,004835,,skip,pb2_not_crashed,,,,,,,,,,,,,,,,,,,,,,,,,,,
14927798,2026-10-07 10:18:02,sim12,019175,,skip,pb2_not_crashed,,,,,,,,,,,,,,,,,,,,,,,,,,,
14927798,2026-10-07 10:18:02,sim12,005030,,skip,avoid_amount_dry,,,,,,,,,,,,,,,,,,,,,,,,,,,
14927798,2026-10-07 10:18:02,sim12,085620,,skip,pb2_not_crashed,,,,,,,,,,,,,,,,,,,,,,,,,,,
14927798,2026-10-07 10:18:02,sim12,004060,,skip,avoid_frgn_sell_20d,,,,,,,,,,,,,,,,,,,,,,,,,,,
14927798,2026-10-07 10:18:02,sim12,248070,,skip,avoid_frgn_sell_20d,,,,,,,,,,,,,,,,,,,,,,,,,,,
14927798,2026-10-07 10:18:02,sim12,465770,,skip,avoid_amount_dry,,,,,,,,,,,,,,,,,,,,,,,,,,,
14927798,2026-10-07 10:18:02,sim12,063160,,skip,avoid_frgn_sell_20d,,,,,,,,,,,,,,,,,,,,,,,,,,,
14927798,2026-10-07 10:18:02,sim12,044820,,skip,avoid_amount_dry,,,,,,,,,,,,,,,,,,,,,,,,,,,
14927798,2026-10-07 10:18:02,sim12,278470,,skip,avoid_amount_dry,,,,,,,,,,,,,,,,,,,,,,,,,,,
14927798,2026-10-07 10:18:02,sim12,352820,,skip,avoid_frgn_sell_20d,,,,,,,,,,,,,,,,,,,,,,,,,,,
14927798,2026-10-07 10:18:02,sim12,000400,,skip,pb2_not_crashed,,,,,,,,,,,,,,,,,,,,,,,,,,,
14927798,2026-10-07 10:18:02,sim12,008040,,skip,avoid_amount_dry,,,,,,,,,,,,,,,,,,,,,,,,,,,
14927798,2026-10-07 10:18:02,sim12,012170,,skip,pb2_not_crashed,,,,,,,,,,,,,,,,,,,,,,,,,,,
14927798,2026-10-07 10:18:02,sim12,026890,,skip,avoid_frgn_sell_20d,,,,,,,,,,,,,,,,,,,,,,,,,,,
14927798,2026-10-07 10:18:02,sim12,217590,,skip,pb2_not_crashed,,,,,,,,,,,,,,,,,,,,,,,,,,,
14927798,2026-10-07 10:18:02,sim12,005180,,skip,avoid_amount_dry,,,,,,,,,,,,,,,,,,,,,,,,,,,
14927798,2026-10-07 10:18:02,sim12,103140,,skip,avoid_frgn_sell_20d,,,,,,,,,,,,,,,,,,,,,,,,,,,
14927798,2026-10-07 10:18:02,sim12,020120,,skip,avoid_amount_dry,,,,,,,,,,,,,,,,,,,,,,,,,,,
14927798,2026-10-07 10:18:02,sim12,003670,,skip,avoid_frgn_sell_20d,,,,,,,,,,,,,,,,,,,,,,,,,,,
14927798,2026-10-07 10:18:02,sim12,210980,,skip,avoid_amount_dry,,,,,,,,,,,,,,,,,,,,,,,,,,,
14927798,2026-10-07 10:18:02,sim12,298040,,skip,avoid_orgn_sell_high_per,,,,,,,,,,,,,,,,,,,,,,,,,,,
14927798,2026-10-07 10:18:02,sim12,480370,,skip,avoid_amount_dry,,,,,,,,,,,,,,,,,,,,,,,,,,,
14927798,2026-10-07 10:18:02,sim12,066575,,skip,pb2_not_crashed,,,,,,,,,,,,,,,,,,,,,,,,,,,
14927798,2026-10-07 10:18:02,sim12,000880,,skip,avoid_amount_dry,,,,,,,,,,,,,,,,,,,,,,,,,,,
14927798,2026-10-07 10:18:02,sim12,001430,,skip,avoid_amount_dry,,,,,,,,,,,,,,,,,,,,,,,,,,,
14927798,2026-10-07 10:18:02,sim12,267270,,skip,avoid_amount_dry,,,,,,,,,,,,,,,,,,,,,,,,,,,
14927798,2026-10-07 10:18:02,sim12,025560,,skip,avoid_amount_dry,,,,,,,,,,,,,,,,,,,,,,,,,,,
14927798,2026-10-07 10:18:02,sim12,001440,,skip,avoid_frgn_sell_20d,,,,,,,,,,,,,,,,,,,,,,,,,,,
14927798,2026-10-07 10:18:02,sim12,004020,,skip,avoid_amount_dry,,,,,,,,,,,,,,,,,,,,,,,,,,,
14927798,2026-10-07 10:18:02,sim12,093370,,skip,avoid_amount_dry,,,,,,,,,,,,,,,,,,,,,,,,,,,
14927798,2026-10-07 10:18:02,sim12,079550,,skip,avoid_amount_dry,,,,,,,,,,,,,,,,,,,,,,,,,,,
14927798,2026-10-07 10:18:02,sim12,071950,,skip,avoid_amount_dry,,,,,,,,,,,,,,,,,,,,,,,,,,,
14927798,2026-10-07 10:18:02,sim12,267260,,skip,pb2_not_crashed,,,,,,,,,,,,,,,,,,,,,,,,,,,
14927798,2026-10-07 10:18:02,sim12,009540,,skip,avoid_amount_dry,,,,,,,,,,,,,,,,,,,,,,,,,,,
14927798,2026-10-07 10:18:02,sim12,006110,,skip,avoid_amount_dry,,,,,,,,,,,,,,,,,,,,,,,,,,,
14927798,2026-10-07 10:18:02,sim12,006800,,skip,avoid_amount_dry,,,,,,,,,,,,,,,,,,,,,,,,,,,
14927798,2026-10-07 10:18:02,sim12,009420,,skip,avoid_amount_dry,,,,,,,,,,,,,,,,,,,,,,,,,,,
14927798,2026-10-07 10:18:02,sim12,002420,,skip,avoid_amount_dry,,,,,,,,,,,,,,,,,,,,,,,,,,,
14927798,2026-10-07 10:18:02,sim12,139130,,skip,avoid_amount_dry,,,,,,,,,,,,,,,,,,,,,,,,,,,
14927798,2026-10-07 10:18:02,sim12,007660,,skip,pb2_not_crashed,,,,,,,,,,,,,,,,,,,,,,,,,,,
14927798,2026-10-07 10:18:02,sim12,329180,,skip,avoid_amount_dry,,,,,,,,,,,,,,,,,,,,,,,,,,,
14927798,2026-10-07 10:18:02,sim12,011155,,skip,avoid_amount_dry,,,,,,,,,,,,,,,,,,,,,,,,,,,
14927798,2026-10-07 10:18:02,sim12,011300,,skip,avoid_amount_dry,,,,,,,,,,,,,,,,,,,,,,,,,,,
14927798,2026-10-07 10:18:02,sim12,047810,,skip,avoid_amount_dry,,,,,,,,,,,,,,,,,,,,,,,,,,,
14927798,2026-10-07 10:18:02,sim12,006260,,skip,pb2_not_crashed,,,,,,,,,,,,,,,,,,,,,,,,,,,
14927798,2026-10-07 10:18:02,sim12,000950,,skip,avoid_amount_dry,,,,,,,,,,,,,,,,,,,,,,,,,,,
14927799,2026-10-07 10:19:44,sim12,084670,,skip,pb2_not_crashed,,,,,,,,,,,,,,,,,,,,,,,,,,,
14927799,2026-10-07 10:19:44,sim12,000650,,skip,pb2_not_crashed,,,,,,,,,,,,,,,,,,,,,,,,,,,
14927799,2026-10-07 10:19:44,sim12,009190,,skip,avoid_deadcat,,,,,,,,,,,,,,,,,,,,,,,,,,,
14927799,2026-10-07 10:19:44,sim12,002720,,skip,avoid_frgn_sell_20d,,,,,,,,,,,,,,,,,,,,,,,,,,,
14927799,2026-10-07 10:19:44,sim12,015260,,skip,avoid_deadcat,,,,,,,,,,,,,,,,,,,,,,,,,,,
14927799,2026-10-07 10:19:44,sim12,128820,,skip,pb2_not_crashed,,,,,,,,,,,,,,,,,,,,,,,,,,,
14927799,2026-10-07 10:19:44,sim12,011090,,skip,avoid_amount_dry,,,,,,,,,,,,,,,,,,,,,,,,,,,
14927799,2026-10-07 10:19:44,sim12,005110,,skip,avoid_amount_dry,,,,,,,,,,,,,,,,,,,,,,,,,,,
14927799,2026-10-07 10:19:44,sim12,281820,,skip,pb2_not_crashed,,,,,,,,,,,,,,,,,,,,,,,,,,,
14927799,2026-10-07 10:19:44,sim12,003350,,skip,pb2_not_crashed,,,,,,,,,,,,,,,,,,,,,,,,,,,
14927799,2026-10-07 10:19:44,sim12,012320,,skip,pb2_not_crashed,,,,,,,,,,,,,,,,,,,,,,,,,,,
14927799,2026-10-07 10:19:44,sim12,036570,,skip,avoid_frgn_hold_drop,,,,,,,,,,,,,,,,,,,,,,,,,,,
14927799,2026-10-07 10:19:44,sim12,085620,,skip,pb2_not_crashed,,,,,,,,,,,,,,,,,,,,,,,,,,,
14927799,2026-10-07 10:19:44,sim12,004835,,skip,pb2_not_crashed,,,,,,,,,,,,,,,,,,,,,,,,,,,
14927799,2026-10-07 10:19:44,sim12,019175,,skip,pb2_not_crashed,,,,,,,,,,,,,,,,,,,,,,,,,,,
14927799,2026-10-07 10:19:44,sim12,465770,,skip,avoid_amount_dry,,,,,,,,,,,,,,,,,,,,,,,,,,,
14927799,2026-10-07 10:19:44,sim12,019170,,skip,pb2_not_crashed,,,,,,,,,,,,,,,,,,,,,,,,,,,
14927799,2026-10-07 10:19:44,sim12,248070,,skip,avoid_frgn_sell_20d,,,,,,,,,,,,,,,,,,,,,,,,,,,
14927799,2026-10-07 10:19:44,sim12,005030,,skip,avoid_amount_dry,,,,,,,,,,,,,,,,,,,,,,,,,,,
14927799,2026-10-07 10:19:44,sim12,004060,,skip,avoid_frgn_sell_20d,,,,,,,,,,,,,,,,,,,,,,,,,,,
14927799,2026-10-07 10:19:44,sim12,063160,,skip,avoid_frgn_sell_20d,,,,,,,,,,,,,,,,,,,,,,,,,,,
14927799,2026-10-07 10:19:44,sim12,011330,,skip,avoid_amount_dry,,,,,,,,,,,,,,,,,,,,,,,,,,,
14927799,2026-10-07 10:19:44,sim12,002320,,skip,avoid_frgn_sell_20d,,,,,,,,,,,,,,,,,,,,,,,,,,,
14927799,2026-10-07 10:19:44,sim12,044820,,skip,avoid_amount_dry,,,,,,,,,,,,,,,,,,,,,,,,,,,
14927799,2026-10-07 10:19:44,sim12,000400,,skip,pb2_not_crashed,,,,,,,,,,,,,,,,,,,,,,,,,,,
14927799,2026-10-07 10:19:44,sim12,008040,,skip,avoid_amount_dry,,,,,,,,,,,,,,,,,,,,,,,,,,,
14927799,2026-10-07 10:19:44,sim12,352820,,skip,avoid_frgn_sell_20d,,,,,,,,,,,,,,,,,,,,,,,,,,,
14927799,2026-10-07 10:19:44,sim12,278470,,skip,avoid_amount_dry,,,,,,,,,,,,,,,,,,,,,,,,,,,
14927799,2026-10-07 10:19:44,sim12,026890,,skip,avoid_frgn_sell_20d,,,,,,,,,,,,,,,,,,,,,,,,,,,
14927799,2026-10-07 10:19:44,sim12,012170,,skip,pb2_not_crashed,,,,,,,,,,,,,,,,,,,,,,,,,,,
14927799,2026-10-07 10:19:44,sim12,103140,,skip,avoid_frgn_sell_20d,,,,,,,,,,,,,,,,,,,,,,,,,,,
14927799,2026-10-07 10:19:44,sim12,020120,,skip,avoid_amount_dry,,,,,,,,,,,,,,,,,,,,,,,,,,,
14927799,2026-10-07 10:19:44,sim12,003670,,skip,avoid_frgn_sell_20d,,,,,,,,,,,,,,,,,,,,,,,,,,,
14927799,2026-10-07 10:19:44,sim12,210980,,skip,avoid_amount_dry,,,,,,,,,,,,,,,,,,,,,,,,,,,
14927799,2026-10-07 10:19:44,sim12,480370,,skip,avoid_amount_dry,,,,,,,,,,,,,,,,,,,,,,,,,,,
14927799,2026-10-07 10:19:44,sim12,298040,,skip,avoid_orgn_sell_high_per,,,,,,,,,,,,,,,,,,,,,,,,,,,
14927799,2026-10-07 10:19:44,sim12,066575,,skip,pb2_not_crashed,,,,,,,,,,,,,,,,,,,,,,,,,,,
14927799,2026-10-07 10:19:44,sim12,000880,,skip,avoid_amount_dry,,,,,,,,,,,,,,,,,,,,,,,,,,,
14927799,2026-10-07 10:19:44,sim12,025560,,skip,avoid_amount_dry,,,,,,,,,,,,,,,,,,,,,,,,,,,
14927799,2026-10-07 10:19:44,sim12,267270,,skip,avoid_amount_dry,,,,,,,,,,,,,,,,,,,,,,,,,,,
14927799,2026-10-07 10:19:44,sim12,001440,,skip,avoid_frgn_sell_20d,,,,,,,,,,,,,,,,,,,,,,,,,,,
14927799,2026-10-07 10:19:44,sim12,001430,,skip,avoid_amount_dry,,,,,,,,,,,,,,,,,,,,,,,,,,,
14927799,2026-10-07 10:19:44,sim12,004020,,skip,avoid_amount_dry,,,,,,,,,,,,,,,,,,,,,,,,,,,
14927799,2026-10-07 10:19:44,sim12,009540,,skip,avoid_amount_dry,,,,,,,,,,,,,,,,,,,,,,,,,,,
14927799,2026-10-07 10:19:44,sim12,079550,,skip,avoid_amount_dry,,,,,,,,,,,,,,,,,,,,,,,,,,,
14927799,2026-10-07 10:19:44,sim12,071950,,skip,avoid_amount_dry,,,,,,,,,,,,,,,,,,,,,,,,,,,
14927799,2026-10-07 10:19:44,sim12,267260,,skip,pb2_not_crashed,,,,,,,,,,,,,,,,,,,,,,,,,,,
14927799,2026-10-07 10:19:44,sim12,093370,,skip,avoid_amount_dry,,,,,,,,,,,,,,,,,,,,,,,,,,,
14927799,2026-10-07 10:19:44,sim12,006110,,skip,avoid_amount_dry,,,,,,,,,,,,,,,,,,,,,,,,,,,
14927799,2026-10-07 10:19:44,sim12,009420,,skip,avoid_amount_dry,,,,,,,,,,,,,,,,,,,,,,,,,,,
14927799,2026-10-07 10:19:44,sim12,139130,,skip,avoid_amount_dry,,,,,,,,,,,,,,,,,,,,,,,,,,,
14927799,2026-10-07 10:19:44,sim12,002420,,skip,avoid_amount_dry,,,,,,,,,,,,,,,,,,,,,,,,,,,
14927799,2026-10-07 10:19:44,sim12,000950,,skip,avoid_amount_dry,,,,,,,,,,,,,,,,,,,,,,,,,,,
14927799,2026-10-07 10:19:44,sim12,011155,,skip,avoid_amount_dry,,,,,,,,,,,,,,,,,,,,,,,,,,,
14927799,2026-10-07 10:19:44,sim12,329180,,skip,avoid_amount_dry,,,,,,,,,,,,,,,,,,,,,,,,,,,
14927799,2026-10-07 10:19:44,sim12,006800,,skip,avoid_amount_dry,,,,,,,,,,,,,,,,,,,,,,,,,,,
14927799,2026-10-07 10:19:44,sim12,007660,,skip,pb2_not_crashed,,,,,,,,,,,,,,,,,,,,,,,,,,,
14927799,2026-10-07 10:19:44,sim12,047810,,skip,avoid_amount_dry,,,,,,,,,,,,,,,,,,,,,,,,,,,
14927799,2026-10-07 10:19:44,sim12,010130,,skip,avoid_amount_dry,,,,,,,,,,,,,,,,,,,,,,,,,,,
14927799,2026-10-07 10:19:44,sim12,006200,,skip,avoid_amount_dry,,,,,,,,,,,,,,,,,,,,,,,,,,,
14927800,2026-10-07 10:22:00,sim12,084670,,skip,pb2_not_crashed,,,,,,,,,,,,,,,,,,,,,,,,,,,
14927800,2026-10-07 10:22:00,sim12,000650,,skip,pb2_not_crashed,,,,,,,,,,,,,,,,,,,,,,,,,,,
14927800,2026-10-07 10:22:00,sim12,002720,,skip,avoid_frgn_sell_20d,,,,,,,,,,,,,,,,,,,,,,,,,,,
14927800,2026-10-07 10:22:00,sim12,009190,,skip,avoid_deadcat,,,,,,,,,,,,,,,,,,,,,,,,,,,
14927800,2026-10-07 10:22:00,sim12,015260,,skip,avoid_deadcat,,,,,,,,,,,,,,,,,,,,,,,,,,,
14927800,2026-10-07 10:22:00,sim12,128820,,skip,pb2_not_crashed,,,,,,,,,,,,,,,,,,,,,,,,,,,
14927800,2026-10-07 10:22:00,sim12,011090,,skip,avoid_amount_dry,,,,,,,,,,,,,,,,,,,,,,,,,,,
14927800,2026-10-07 10:22:00,sim12,005110,,skip,avoid_amount_dry,,,,,,,,,,,,,,,,,,,,,,,,,,,
14927800,2026-10-07 10:22:00,sim12,281820,,skip,pb2_not_crashed,,,,,,,,,,,,,,,,,,,,,,,,,,,
14927800,2026-10-07 10:22:00,sim12,003350,,skip,pb2_not_crashed,,,,,,,,,,,,,,,,,,,,,,,,,,,
14927800,2026-10-07 10:22:00,sim12,012320,,skip,pb2_not_crashed,,,,,,,,,,,,,,,,,,,,,,,,,,,
14927800,2026-10-07 10:22:00,sim12,019170,,skip,pb2_not_crashed,,,,,,,,,,,,,,,,,,,,,,,,,,,
14927800,2026-10-07 10:22:00,sim12,085620,,skip,pb2_not_crashed,,,,,,,,,,,,,,,,,,,,,,,,,,,
14927800,2026-10-07 10:22:00,sim12,036570,,skip,avoid_frgn_hold_drop,,,,,,,,,,,,,,,,,,,,,,,,,,,
14927800,2026-10-07 10:22:00,sim12,019175,,skip,pb2_not_crashed,,,,,,,,,,,,,,,,,,,,,,,,,,,
14927800,2026-10-07 10:22:00,sim12,248070,,skip,avoid_frgn_sell_20d,,,,,,,,,,,,,,,,,,,,,,,,,,,
14927800,2026-10-07 10:22:00,sim12,005030,,skip,avoid_amount_dry,,,,,,,,,,,,,,,,,,,,,,,,,,,
14927800,2026-10-07 10:22:00,sim12,465770,,skip,avoid_amount_dry,,,,,,,,,,,,,,,,,,,,,,,,,,,
14927800,2026-10-07 10:22:00,sim12,063160,,skip,avoid_frgn_sell_20d,,,,,,,,,,,,,,,,,,,,,,,,,,,
14927800,2026-10-07 10:22:00,sim12,004060,,skip,avoid_frgn_sell_20d,,,,,,,,,,,,,,,,,,,,,,,,,,,
14927800,2026-10-07 10:22:00,sim12,004835,,skip,pb2_not_crashed,,,,,,,,,,,,,,,,,,,,,,,,,,,
14927800,2026-10-07 10:22:00,sim12,012170,,skip,pb2_not_crashed,,,,,,,,,,,,,,,,,,,,,,,,,,,
14927800,2026-10-07 10:22:00,sim12,011330,,skip,avoid_amount_dry,,,,,,,,,,,,,,,,,,,,,,,,,,,
14927800,2026-10-07 10:22:00,sim12,044820,,skip,avoid_amount_dry,,,,,,,,,,,,,,,,,,,,,,,,,,,
14927800,2026-10-07 10:22:00,sim12,002320,,skip,avoid_frgn_sell_20d,,,,,,,,,,,,,,,,,,,,,,,,,,,
14927800,2026-10-07 10:22:00,sim12,352820,,skip,avoid_frgn_sell_20d,,,,,,,,,,,,,,,,,,,,,,,,,,,
14927800,2026-10-07 10:22:00,sim12,008040,,skip,avoid_amount_dry,,,,,,,,,,,,,,,,,,,,,,,,,,,
14927800,2026-10-07 10:22:00,sim12,000400,,skip,pb2_not_crashed,,,,,,,,,,,,,,,,,,,,,,,,,,,
14927800,2026-10-07 10:22:00,sim12,278470,,skip,avoid_amount_dry,,,,,,,,,,,,,,,,,,,,,,,,,,,
14927800,2026-10-07 10:22:00,sim12,026890,,skip,avoid_frgn_sell_20d,,,,,,,,,,,,,,,,,,,,,,,,,,,
14927800,2026-10-07 10:22:00,sim12,103140,,skip,avoid_frgn_sell_20d,,,,,,,,,,,,,,,,,,,,,,,,,,,
14927800,2026-10-07 10:22:00,sim12,020120,,skip,avoid_amount_dry,,,,,,,,,,,,,,,,,,,,,,,,,,,
14927800,2026-10-07 10:22:00,sim12,210980,,skip,avoid_amount_dry,,,,,,,,,,,,,,,,,,,,,,,,,,,
14927800,2026-10-07 10:22:00,sim12,298040,,skip,avoid_orgn_sell_high_per,,,,,,,,,,,,,,,,,,,,,,,,,,,
14927800,2026-10-07 10:22:00,sim12,003670,,skip,avoid_frgn_sell_20d,,,,,,,,,,,,,,,,,,,,,,,,,,,
14927800,2026-10-07 10:22:00,sim12,066575,,skip,pb2_not_crashed,,,,,,,,,,,,,,,,,,,,,,,,,,,
14927800,2026-10-07 10:22:00,sim12,025560,,skip,avoid_amount_dry,,,,,,,,,,,,,,,,,,,,,,,,,,,
14927800,2026-10-07 10:22:00,sim12,480370,,skip,avoid_amount_dry,,,,,,,,,,,,,,,,,,,,,,,,,,,
14927800,2026-10-07 10:22:00,sim12,267270,,skip,avoid_amount_dry,,,,,,,,,,,,,,,,,,,,,,,,,,,
14927800,2026-10-07 10:22:00,sim12,000880,,skip,avoid_amount_dry,,,,,,,,,,,,,,,,,,,,,,,,,,,
14927800,2026-10-07 10:22:00,sim12,001440,,skip,avoid_frgn_sell_20d,,,,,,,,,,,,,,,,,,,,,,,,,,,
14927800,2026-10-07 10:22:00,sim12,009540,,skip,avoid_amount_dry,,,,,,,,,,,,,,,,,,,,,,,,,,,
14927800,2026-10-07 10:22:00,sim12,093370,,skip,avoid_amount_dry,,,,,,,,,,,,,,,,,,,,,,,,,,,
14927800,2026-10-07 10:22:00,sim12,001430,,skip,avoid_amount_dry,,,,,,,,,,,,,,,,,,,,,,,,,,,
14927800,2026-10-07 10:22:00,sim12,004020,,skip,avoid_amount_dry,,,,,,,,,,,,,,,,,,,,,,,,,,,
14927800,2026-10-07 10:22:00,sim12,079550,,skip,avoid_amount_dry,,,,,,,,,,,,,,,,,,,,,,,,,,,
14927800,2026-10-07 10:22:00,sim12,267260,,skip,pb2_not_crashed,,,,,,,,,,,,,,,,,,,,,,,,,,,
14927800,2026-10-07 10:22:00,sim12,071950,,skip,avoid_amount_dry,,,,,,,,,,,,,,,,,,,,,,,,,,,
14927800,2026-10-07 10:22:00,sim12,009420,,skip,avoid_amount_dry,,,,,,,,,,,,,,,,,,,,,,,,,,,
14927800,2026-10-07 10:22:00,sim12,139130,,skip,avoid_amount_dry,,,,,,,,,,,,,,,,,,,,,,,,,,,
14927800,2026-10-07 10:22:00,sim12,006110,,skip,avoid_amount_dry,,,,,,,,,,,,,,,,,,,,,,,,,,,
14927800,2026-10-07 10:22:00,sim12,006800,,skip,avoid_amount_dry,,,,,,,,,,,,,,,,,,,,,,,,,,,
14927800,2026-10-07 10:22:00,sim12,329180,,skip,avoid_amount_dry,,,,,,,,,,,,,,,,,,,,,,,,,,,
14927800,2026-10-07 10:22:00,sim12,002420,,skip,avoid_amount_dry,,,,,,,,,,,,,,,,,,,,,,,,,,,
14927800,2026-10-07 10:22:00,sim12,000950,,skip,avoid_amount_dry,,,,,,,,,,,,,,,,,,,,,,,,,,,
14927800,2026-10-07 10:22:00,sim12,011155,,skip,avoid_amount_dry,,,,,,,,,,,,,,,,,,,,,,,,,,,
14927800,2026-10-07 10:22:00,sim12,006260,,skip,pb2_not_crashed,,,,,,,,,,,,,,,,,,,,,,,,,,,
14927800,2026-10-07 10:22:00,sim12,007660,,skip,pb2_not_crashed,,,,,,,,,,,,,,,,,,,,,,,,,,,
14927800,2026-10-07 10:22:00,sim12,047810,,skip,avoid_amount_dry,,,,,,,,,,,,,,,,,,,,,,,,,,,
14927800,2026-10-07 10:22:00,sim12,010130,,skip,avoid_amount_dry,,,,,,,,,,,,,,,,,,,,,,,,,,,
14927801,2026-10-07 10:23:56,sim12,084670,,skip,pb2_not_crashed,,,,,,,,,,,,,,,,,,,,,,,,,,,
14927801,2026-10-07 10:23:56,sim12,000650,,skip,pb2_not_crashed,,,,,,,,,,,,,,,,,,,,,,,,,,,
14927801,2026-10-07 10:23:56,sim12,002720,,skip,avoid_frgn_sell_20d,,,,,,,,,,,,,,,,,,,,,,,,,,,
14927801,2026-10-07 10:23:56,sim12,009190,,skip,avoid_deadcat,,,,,,,,,,,,,,,,,,,,,,,,,,,
14927801,2026-10-07 10:23:56,sim12,015260,,skip,avoid_deadcat,,,,,,,,,,,,,,,,,,,,,,,,,,,
14927801,2026-10-07 10:23:56,sim12,011090,,skip,avoid_amount_dry,,,,,,,,,,,,,,,,,,,,,,,,,,,
14927801,2026-10-07 10:23:56,sim12,128820,,skip,pb2_not_crashed,,,,,,,,,,,,,,,,,,,,,,,,,,,
14927801,2026-10-07 10:23:56,sim12,003350,,skip,pb2_not_crashed,,,,,,,,,,,,,,,,,,,,,,,,,,,
14927801,2026-10-07 10:23:56,sim12,005110,,skip,avoid_amount_dry,,,,,,,,,,,,,,,,,,,,,,,,,,,
14927801,2026-10-07 10:23:56,sim12,281820,,skip,pb2_not_crashed,,,,,,,,,,,,,,,,,,,,,,,,,,,
14927801,2026-10-07 10:23:56,sim12,019170,,skip,pb2_not_crashed,,,,,,,,,,,,,,,,,,,,,,,,,,,
14927801,2026-10-07 10:23:56,sim12,085620,,skip,pb2_not_crashed,,,,,,,,,,,,,,,,,,,,,,,,,,,
14927801,2026-10-07 10:23:56,sim12,012320,,skip,pb2_not_crashed,,,,,,,,,,,,,,,,,,,,,,,,,,,
14927801,2026-10-07 10:23:56,sim12,063160,,skip,avoid_frgn_sell_20d,,,,,,,,,,,,,,,,,,,,,,,,,,,
14927801,2026-10-07 10:23:56,sim12,248070,,skip,avoid_frgn_sell_20d,,,,,,,,,,,,,,,,,,,,,,,,,,,
14927801,2026-10-07 10:23:56,sim12,036570,,skip,avoid_frgn_hold_drop,,,,,,,,,,,,,,,,,,,,,,,,,,,
14927801,2026-10-07 10:23:56,sim12,019175,,skip,pb2_not_crashed,,,,,,,,,,,,,,,,,,,,,,,,,,,
14927801,2026-10-07 10:23:56,sim12,465770,,skip,avoid_amount_dry,,,,,,,,,,,,,,,,,,,,,,,,,,,
14927801,2026-10-07 10:23:56,sim12,005030,,skip,avoid_amount_dry,,,,,,,,,,,,,,,,,,,,,,,,,,,
14927801,2026-10-07 10:23:56,sim12,012170,,skip,pb2_not_crashed,,,,,,,,,,,,,,,,,,,,,,,,,,,
14927801,2026-10-07 10:23:56,sim12,004060,,skip,avoid_frgn_sell_20d,,,,,,,,,,,,,,,,,,,,,,,,,,,
14927801,2026-10-07 10:23:56,sim12,352820,,skip,avoid_frgn_sell_20d,,,,,,,,,,,,,,,,,,,,,,,,,,,
14927801,2026-10-07 10:23:56,sim12,004835,,skip,pb2_not_crashed,,,,,,,,,,,,,,,,,,,,,,,,,,,
14927801,2026-10-07 10:23:56,sim12,011330,,skip,avoid_amount_dry,,,,,,,,,,,,,,,,,,,,,,,,,,,
14927801,2026-10-07 10:23:56,sim12,044820,,skip,avoid_amount_dry,,,,,,,,,,,,,,,,,,,,,,,,,,,
14927801,2026-10-07 10:23:56,sim12,008040,,skip,avoid_amount_dry,,,,,,,,,,,,,,,,,,,,,,,,,,,
14927801,2026-10-07 10:23:56,sim12,278470,,skip,avoid_amount_dry,,,,,,,,,,,,,,,,,,,,,,,,,,,
14927801,2026-10-07 10:23:56,sim12,002320,,skip,avoid_frgn_sell_20d,,,,,,,,,,,,,,,,,,,,,,,,,,,
14927801,2026-10-07 10:23:56,sim12,137310,,skip,pb2_not_crashed,,,,,,,,,,,,,,,,,,,,,,,,,,,
14927801,2026-10-07 10:23:56,sim12,000400,,skip,pb2_not_crashed,,,,,,,,,,,,,,,,,,,,,,,,,,,
14927801,2026-10-07 10:23:56,sim12,103140,,skip,avoid_frgn_sell_20d,,,,,,,,,,,,,,,,,,,,,,,,,,,
14927801,2026-10-07 10:23:56,sim12,020120,,skip,avoid_amount_dry,,,,,,,,,,,,,,,,,,,,,,,,,,,
14927801,2026-10-07 10:23:56,sim12,298040,,skip,avoid_orgn_sell_high_per,,,,,,,,,,,,,,,,,,,,,,,,,,,
14927801,2026-10-07 10:23:56,sim12,066575,,skip,pb2_not_crashed,,,,,,,,,,,,,,,,,,,,,,,,,,,
14927801,2026-10-07 10:23:56,sim12,003670,,skip,avoid_frgn_sell_20d,,,,,,,,,,,,,,,,,,,,,,,,,,,
14927801,2026-10-07 10:23:56,sim12,267270,,skip,avoid_amount_dry,,,,,,,,,,,,,,,,,,,,,,,,,,,
14927801,2026-10-07 10:23:56,sim12,480370,,skip,avoid_amount_dry,,,,,,,,,,,,,,,,,,,,,,,,,,,
14927801,2026-10-07 10:23:56,sim12,025560,,skip,avoid_amount_dry,,,,,,,,,,,,,,,,,,,,,,,,,,,
14927801,2026-10-07 10:23:56,sim12,210980,,skip,avoid_amount_dry,,,,,,,,,,,,,,,,,,,,,,,,,,,
14927801,2026-10-07 10:23:56,sim12,000880,,skip,avoid_amount_dry,,,,,,,,,,,,,,,,,,,,,,,,,,,
14927801,2026-10-07 10:23:56,sim12,093370,,skip,avoid_amount_dry,,,,,,,,,,,,,,,,,,,,,,,,,,,
14927801,2026-10-07 10:23:56,sim12,267260,,skip,pb2_not_crashed,,,,,,,,,,,,,,,,,,,,,,,,,,,
14927801,2026-10-07 10:23:56,sim12,001440,,skip,avoid_frgn_sell_20d,,,,,,,,,,,,,,,,,,,,,,,,,,,
14927801,2026-10-07 10:23:56,sim12,009540,,skip,avoid_amount_dry,,,,,,,,,,,,,,,,,,,,,,,,,,,
14927801,2026-10-07 10:23:56,sim12,006260,,skip,pb2_not_crashed,,,,,,,,,,,,,,,,,,,,,,,,,,,
14927801,2026-10-07 10:23:56,sim12,079550,,skip,avoid_amount_dry,,,,,,,,,,,,,,,,,,,,,,,,,,,
14927801,2026-10-07 10:23:56,sim12,071950,,skip,avoid_amount_dry,,,,,,,,,,,,,,,,,,,,,,,,,,,
14927801,2026-10-07 10:23:56,sim12,006800,,skip,avoid_amount_dry,,,,,,,,,,,,,,,,,,,,,,,,,,,
14927801,2026-10-07 10:23:56,sim12,001430,,skip,avoid_amount_dry,,,,,,,,,,,,,,,,,,,,,,,,,,,
14927801,2026-10-07 10:23:56,sim12,004020,,skip,avoid_amount_dry,,,,,,,,,,,,,,,,,,,,,,,,,,,
14927801,2026-10-07 10:23:56,sim12,139130,,skip,avoid_amount_dry,,,,,,,,,,,,,,,,,,,,,,,,,,,
14927801,2026-10-07 10:23:56,sim12,006110,,skip,avoid_amount_dry,,,,,,,,,,,,,,,,,,,,,,,,,,,
14927801,2026-10-07 10:23:56,sim12,329180,,skip,avoid_amount_dry,,,,,,,,,,,,,,,,,,,,,,,,,,,
14927801,2026-10-07 10:23:56,sim12,002420,,skip,avoid_amount_dry,,,,,,,,,,,,,,,,,,,,,,,,,,,
14927801,2026-10-07 10:23:56,sim12,000950,,skip,avoid_amount_dry,,,,,,,,,,,,,,,,,,,,,,,,,,,
14927801,2026-10-07 10:23:56,sim12,011155,,skip,avoid_amount_dry,,,,,,,,,,,,,,,,,,,,,,,,,,,
14927801,2026-10-07 10:23:56,sim12,007660,,skip,pb2_not_crashed,,,,,,,,,,,,,,,,,,,,,,,,,,,
14927801,2026-10-07 10:23:56,sim12,047810,,skip,avoid_amount_dry,,,,,,,,,,,,,,,,,,,,,,,,,,,
14927801,2026-10-07 10:23:56,sim12,010120,,skip,pb2_not_crashed,,,,,,,,,,,,,,,,,,,,,,,,,,,
14927801,2026-10-07 10:23:56,sim12,009420,,skip,avoid_amount_dry,,,,,,,,,,,,,,,,,,,,,,,,,,,
14927802,2026-10-07 10:26:07,sim12,084670,,skip,pb2_not_crashed,,,,,,,,,,,,,,,,,,,,,,,,,,,
14927802,2026-10-07 10:26:07,sim12,000650,,skip,pb2_not_crashed,,,,,,,,,,,,,,,,,,,,,,,,,,,
14927802,2026-10-07 10:26:07,sim12,002720,,skip,avoid_frgn_sell_20d,,,,,,,,,,,,,,,,,,,,,,,,,,,
14927802,2026-10-07 10:26:07,sim12,009190,,skip,avoid_deadcat,,,,,,,,,,,,,,,,,,,,,,,,,,,
14927802,2026-10-07 10:26:07,sim12,015260,,skip,avoid_deadcat,,,,,,,,,,,,,,,,,,,,,,,,,,,
14927802,2026-10-07 10:26:07,sim12,011090,,skip,avoid_amount_dry,,,,,,,,,,,,,,,,,,,,,,,,,,,
14927802,2026-10-07 10:26:07,sim12,128820,,skip,pb2_not_crashed,,,,,,,,,,,,,,,,,,,,,,,,,,,
14927802,2026-10-07 10:26:07,sim12,005110,,skip,avoid_amount_dry,,,,,,,,,,,,,,,,,,,,,,,,,,,
14927802,2026-10-07 10:26:07,sim12,281820,,skip,pb2_not_crashed,,,,,,,,,,,,,,,,,,,,,,,,,,,
14927802,2026-10-07 10:26:07,sim12,003350,,skip,pb2_not_crashed,,,,,,,,,,,,,,,,,,,,,,,,,,,
14927802,2026-10-07 10:26:07,sim12,012320,,skip,pb2_not_crashed,,,,,,,,,,,,,,,,,,,,,,,,,,,
14927802,2026-10-07 10:26:07,sim12,063160,,skip,avoid_frgn_sell_20d,,,,,,,,,,,,,,,,,,,,,,,,,,,
14927802,2026-10-07 10:26:07,sim12,019170,,skip,pb2_not_crashed,,,,,,,,,,,,,,,,,,,,,,,,,,,
14927802,2026-10-07 10:26:07,sim12,085620,,skip,pb2_not_crashed,,,,,,,,,,,,,,,,,,,,,,,,,,,
14927802,2026-10-07 10:26:07,sim12,248070,,skip,avoid_frgn_sell_20d,,,,,,,,,,,,,,,,,,,,,,,,,,,
14927802,2026-10-07 10:26:07,sim12,036570,,skip,avoid_frgn_hold_drop,,,,,,,,,,,,,,,,,,,,,,,,,,,
14927802,2026-10-07 10:26:07,sim12,465770,,skip,avoid_amount_dry,,,,,,,,,,,,,,,,,,,,,,,,,,,
14927802,2026-10-07 10:26:07,sim12,019175,,skip,pb2_not_crashed,,,,,,,,,,,,,,,,,,,,,,,,,,,
14927802,2026-10-07 10:26:07,sim12,005030,,skip,avoid_amount_dry,,,,,,,,,,,,,,,,,,,,,,,,,,,
14927802,2026-10-07 10:26:07,sim12,004060,,skip,avoid_frgn_sell_20d,,,,,,,,,,,,,,,,,,,,,,,,,,,
14927802,2026-10-07 10:26:07,sim12,484870,,skip,avoid_amount_dry,,,,,,,,,,,,,,,,,,,,,,,,,,,
14927802,2026-10-07 10:26:07,sim12,004835,,skip,pb2_not_crashed,,,,,,,,,,,,,,,,,,,,,,,,,,,
14927802,2026-10-07 10:26:07,sim12,000400,,skip,pb2_not_crashed,,,,,,,,,,,,,,,,,,,,,,,,,,,
14927802,2026-10-07 10:26:07,sim12,352820,,skip,avoid_frgn_sell_20d,,,,,,,,,,,,,,,,,,,,,,,,,,,
14927802,2026-10-07 10:26:07,sim12,044820,,skip,avoid_amount_dry,,,,,,,,,,,,,,,,,,,,,,,,,,,
14927802,2026-10-07 10:26:07,sim12,008040,,skip,avoid_amount_dry,,,,,,,,,,,,,,,,,,,,,,,,,,,
14927802,2026-10-07 10:26:07,sim12,137310,,skip,pb2_not_crashed,,,,,,,,,,,,,,,,,,,,,,,,,,,
14927802,2026-10-07 10:26:07,sim12,278470,,skip,avoid_amount_dry,,,,,,,,,,,,,,,,,,,,,,,,,,,
14927802,2026-10-07 10:26:07,sim12,026890,,skip,avoid_frgn_sell_20d,,,,,,,,,,,,,,,,,,,,,,,,,,,
14927802,2026-10-07 10:26:07,sim12,011330,,skip,avoid_amount_dry,,,,,,,,,,,,,,,,,,,,,,,,,,,
14927802,2026-10-07 10:26:07,sim12,103140,,skip,avoid_frgn_sell_20d,,,,,,,,,,,,,,,,,,,,,,,,,,,
14927802,2026-10-07 10:26:07,sim12,020120,,skip,avoid_amount_dry,,,,,,,,,,,,,,,,,,,,,,,,,,,
14927802,2026-10-07 10:26:07,sim12,298040,,skip,avoid_orgn_sell_high_per,,,,,,,,,,,,,,,,,,,,,,,,,,,
14927802,2026-10-07 10:26:07,sim12,210980,,skip,avoid_amount_dry,,,,,,,,,,,,,,,,,,,,,,,,,,,
14927802,2026-10-07 10:26:07,sim12,003670,,skip,avoid_frgn_sell_20d,,,,,,,,,,,,,,,,,,,,,,,,,,,
14927802,2026-10-07 10:26:07,sim12,066575,,skip,pb2_not_crashed,,,,,,,,,,,,,,,,,,,,,,,,,,,
14927802,2026-10-07 10:26:07,sim12,480370,,skip,avoid_amount_dry,,,,,,,,,,,,,,,,,,,,,,,,,,,
14927802,2026-10-07 10:26:07,sim12,001440,,skip,avoid_frgn_sell_20d,,,,,,,,,,,,,,,,,,,,,,,,,,,
14927802,2026-10-07 10:26:07,sim12,093370,,skip,avoid_amount_dry,,,,,,,,,,,,,,,,,,,,,,,,,,,
14927802,2026-10-07 10:26:07,sim12,000880,,skip,avoid_amount_dry,,,,,,,,,,,,,,,,,,,,,,,,,,,
14927802,2026-10-07 10:26:07,sim12,267260,,skip,pb2_not_crashed,,,,,,,,,,,,,,,,,,,,,,,,,,,
14927802,2026-10-07 10:26:07,sim12,267270,,skip,avoid_amount_dry,,,,,,,,,,,,,,,,,,,,,,,,,,,
14927802,2026-10-07 10:26:07,sim12,071950,,skip,avoid_amount_dry,,,,,,,,,,,,,,,,,,,,,,,,,,,
14927802,2026-10-07 10:26:07,sim12,009540,,skip,avoid_amount_dry,,,,,,,,,,,,,,,,,,,,,,,,,,,
14927802,2026-10-07 10:26:07,sim12,025560,,skip,avoid_amount_dry,,,,,,,,,,,,,,,,,,,,,,,,,,,
14927802,2026-10-07 10:26:07,sim12,001430,,skip,avoid_amount_dry,,,,,,,,,,,,,,,,,,,,,,,,,,,
14927802,2026-10-07 10:26:07,sim12,006260,,skip,pb2_not_crashed,,,,,,,,,,,,,,,,,,,,,,,,,,,
14927802,2026-10-07 10:26:07,sim12,079550,,skip,avoid_amount_dry,,,,,,,,,,,,,,,,,,,,,,,,,,,
14927802,2026-10-07 10:26:07,sim12,004020,,skip,avoid_amount_dry,,,,,,,,,,,,,,,,,,,,,,,,,,,
14927802,2026-10-07 10:26:07,sim12,006800,,skip,avoid_amount_dry,,,,,,,,,,,,,,,,,,,,,,,,,,,
14927802,2026-10-07 10:26:07,sim12,007660,,skip,pb2_not_crashed,,,,,,,,,,,,,,,,,,,,,,,,,,,
14927802,2026-10-07 10:26:07,sim12,002420,,skip,avoid_amount_dry,,,,,,,,,,,,,,,,,,,,,,,,,,,
14927802,2026-10-07 10:26:07,sim12,139130,,skip,avoid_amount_dry,,,,,,,,,,,,,,,,,,,,,,,,,,,
14927802,2026-10-07 10:26:07,sim12,006110,,skip,avoid_amount_dry,,,,,,,,,,,,,,,,,,,,,,,,,,,
14927802,2026-10-07 10:26:07,sim12,329180,,skip,avoid_amount_dry,,,,,,,,,,,,,,,,,,,,,,,,,,,
14927802,2026-10-07 10:26:07,sim12,000950,,skip,avoid_amount_dry,,,,,,,,,,,,,,,,,,,,,,,,,,,
14927802,2026-10-07 10:26:07,sim12,011155,,skip,avoid_amount_dry,,,,,,,,,,,,,,,,,,,,,,,,,,,
14927802,2026-10-07 10:26:07,sim12,009420,,skip,avoid_amount_dry,,,,,,,,,,,,,,,,,,,,,,,,,,,
14927802,2026-10-07 10:26:07,sim12,047810,,skip,avoid_amount_dry,,,,,,,,,,,,,,,,,,,,,,,,,,,
14927802,2026-10-07 10:26:07,sim12,006200,,skip,avoid_amount_dry,,,,,,,,,,,,,,,,,,,,,,,,,,,
14927803,2026-10-07 10:28:20,sim12,084670,,skip,pb2_not_crashed,,,,,,,,,,,,,,,,,,,,,,,,,,,
14927803,2026-10-07 10:28:20,sim12,000650,,skip,pb2_not_crashed,,,,,,,,,,,,,,,,,,,,,,,,,,,
14927803,2026-10-07 10:28:20,sim12,002720,,skip,avoid_frgn_sell_20d,,,,,,,,,,,,,,,,,,,,,,,,,,,
14927803,2026-10-07 10:28:20,sim12,009190,,skip,avoid_deadcat,,,,,,,,,,,,,,,,,,,,,,,,,,,
14927803,2026-10-07 10:28:20,sim12,015260,,skip,avoid_deadcat,,,,,,,,,,,,,,,,,,,,,,,,,,,
14927803,2026-10-07 10:28:20,sim12,011090,,skip,avoid_amount_dry,,,,,,,,,,,,,,,,,,,,,,,,,,,
14927803,2026-10-07 10:28:20,sim12,128820,,skip,pb2_not_crashed,,,,,,,,,,,,,,,,,,,,,,,,,,,
14927803,2026-10-07 10:28:20,sim12,005110,,skip,avoid_amount_dry,,,,,,,,,,,,,,,,,,,,,,,,,,,
14927803,2026-10-07 10:28:20,sim12,281820,,skip,pb2_not_crashed,,,,,,,,,,,,,,,,,,,,,,,,,,,
14927803,2026-10-07 10:28:20,sim12,003350,,skip,pb2_not_crashed,,,,,,,,,,,,,,,,,,,,,,,,,,,
14927803,2026-10-07 10:28:20,sim12,063160,,skip,avoid_frgn_sell_20d,,,,,,,,,,,,,,,,,,,,,,,,,,,
14927803,2026-10-07 10:28:20,sim12,248070,,skip,avoid_frgn_sell_20d,,,,,,,,,,,,,,,,,,,,,,,,,,,
14927803,2026-10-07 10:28:20,sim12,012320,,skip,pb2_not_crashed,,,,,,,,,,,,,,,,,,,,,,,,,,,
14927803,2026-10-07 10:28:20,sim12,019170,,skip,pb2_not_crashed,,,,,,,,,,,,,,,,,,,,,,,,,,,
14927803,2026-10-07 10:28:20,sim12,085620,,skip,pb2_not_crashed,,,,,,,,,,,,,,,,,,,,,,,,,,,
14927803,2026-10-07 10:28:20,sim12,465770,,skip,avoid_amount_dry,,,,,,,,,,,,,,,,,,,,,,,,,,,
14927803,2026-10-07 10:28:20,sim12,036570,,skip,avoid_frgn_hold_drop,,,,,,,,,,,,,,,,,,,,,,,,,,,
14927803,2026-10-07 10:28:20,sim12,019175,,skip,pb2_not_crashed,,,,,,,,,,,,,,,,,,,,,,,,,,,
14927803,2026-10-07 10:28:20,sim12,005030,,skip,avoid_amount_dry,,,,,,,,,,,,,,,,,,,,,,,,,,,
14927803,2026-10-07 10:28:20,sim12,004060,,skip,avoid_frgn_sell_20d,,,,,,,,,,,,,,,,,,,,,,,,,,,
14927803,2026-10-07 10:28:20,sim12,484870,,skip,avoid_amount_dry,,,,,,,,,,,,,,,,,,,,,,,,,,,
14927803,2026-10-07 10:28:20,sim12,004835,,skip,pb2_not_crashed,,,,,,,,,,,,,,,,,,,,,,,,,,,
14927803,2026-10-07 10:28:20,sim12,000400,,skip,pb2_not_crashed,,,,,,,,,,,,,,,,,,,,,,,,,,,
14927803,2026-10-07 10:28:20,sim12,352820,,skip,avoid_frgn_sell_20d,,,,,,,,,,,,,,,,,,,,,,,,,,,
14927803,2026-10-07 10:28:20,sim12,012170,,skip,pb2_not_crashed,,,,,,,,,,,,,,,,,,,,,,,,,,,
14927803,2026-10-07 10:28:20,sim12,044820,,skip,avoid_amount_dry,,,,,,,,,,,,,,,,,,,,,,,,,,,
14927803,2026-10-07 10:28:20,sim12,008040,,skip,avoid_amount_dry,,,,,,,,,,,,,,,,,,,,,,,,,,,
14927803,2026-10-07 10:28:20,sim12,137310,,skip,pb2_not_crashed,,,,,,,,,,,,,,,,,,,,,,,,,,,
14927803,2026-10-07 10:28:20,sim12,278470,,skip,avoid_amount_dry,,,,,,,,,,,,,,,,,,,,,,,,,,,
14927803,2026-10-07 10:28:20,sim12,026890,,skip,avoid_frgn_sell_20d,,,,,,,,,,,,,,,,,,,,,,,,,,,
14927803,2026-10-07 10:28:20,sim12,103140,,skip,avoid_frgn_sell_20d,,,,,,,,,,,,,,,,,,,,,,,,,,,
14927803,2026-10-07 10:28:20,sim12,020120,,skip,avoid_amount_dry,,,,,,,,,,,,,,,,,,,,,,,,,,,
14927803,2026-10-07 10:28:20,sim12,298040,,skip,avoid_orgn_sell_high_per,,,,,,,,,,,,,,,,,,,,,,,,,,,
14927803,2026-10-07 10:28:20,sim12,003670,,skip,avoid_frgn_sell_20d,,,,,,,,,,,,,,,,,,,,,,,,,,,
14927803,2026-10-07 10:28:20,sim12,210980,,skip,avoid_amount_dry,,,,,,,,,,,,,,,,,,,,,,,,,,,
14927803,2026-10-07 10:28:20,sim12,066575,,skip,pb2_not_crashed,,,,,,,,,,,,,,,,,,,,,,,,,,,
14927803,2026-10-07 10:28:20,sim12,480370,,skip,avoid_amount_dry,,,,,,,,,,,,,,,,,,,,,,,,,,,
14927803,2026-10-07 10:28:20,sim12,025560,,skip,avoid_amount_dry,,,,,,,,,,,,,,,,,,,,,,,,,,,
14927803,2026-10-07 10:28:20,sim12,093370,,skip,avoid_amount_dry,,,,,,,,,,,,,,,,,,,,,,,,,,,
14927803,2026-10-07 10:28:20,sim12,001440,,skip,avoid_frgn_sell_20d,,,,,,,,,,,,,,,,,,,,,,,,,,,
14927803,2026-10-07 10:28:20,sim12,267260,,skip,pb2_not_crashed,,,,,,,,,,,,,,,,,,,,,,,,,,,
14927803,2026-10-07 10:28:20,sim12,006260,,skip,pb2_not_crashed,,,,,,,,,,,,,,,,,,,,,,,,,,,
14927803,2026-10-07 10:28:20,sim12,267270,,skip,avoid_amount_dry,,,,,,,,,,,,,,,,,,,,,,,,,,,
14927803,2026-10-07 10:28:20,sim12,000880,,skip,avoid_amount_dry,,,,,,,,,,,,,,,,,,,,,,,,,,,
14927803,2026-10-07 10:28:20,sim12,071950,,skip,avoid_amount_dry,,,,,,,,,,,,,,,,,,,,,,,,,,,
14927803,2026-10-07 10:28:20,sim12,009540,,skip,avoid_amount_dry,,,,,,,,,,,,,,,,,,,,,,,,,,,
14927803,2026-10-07 10:28:20,sim12,001430,,skip,avoid_amount_dry,,,,,,,,,,,,,,,,,,,,,,,,,,,
14927803,2026-10-07 10:28:20,sim12,079550,,skip,avoid_amount_dry,,,,,,,,,,,,,,,,,,,,,,,,,,,
14927803,2026-10-07 10:28:20,sim12,006800,,skip,avoid_amount_dry,,,,,,,,,,,,,,,,,,,,,,,,,,,
14927803,2026-10-07 10:28:20,sim12,139130,,skip,avoid_amount_dry,,,,,,,,,,,,,,,,,,,,,,,,,,,
14927803,2026-10-07 10:28:20,sim12,004020,,skip,avoid_amount_dry,,,,,,,,,,,,,,,,,,,,,,,,,,,
14927803,2026-10-07 10:28:20,sim12,007660,,skip,pb2_not_crashed,,,,,,,,,,,,,,,,,,,,,,,,,,,
14927803,2026-10-07 10:28:20,sim12,002420,,skip,avoid_amount_dry,,,,,,,,,,,,,,,,,,,,,,,,,,,
14927803,2026-10-07 10:28:20,sim12,329180,,skip,avoid_amount_dry,,,,,,,,,,,,,,,,,,,,,,,,,,,
14927803,2026-10-07 10:28:20,sim12,000950,,skip,avoid_amount_dry,,,,,,,,,,,,,,,,,,,,,,,,,,,
14927803,2026-10-07 10:28:20,sim12,011155,,skip,avoid_amount_dry,,,,,,,,,,,,,,,,,,,,,,,,,,,
14927803,2026-10-07 10:28:20,sim12,009420,,skip,avoid_amount_dry,,,,,,,,,,,,,,,,,,,,,,,,,,,
14927803,2026-10-07 10:28:20,sim12,047810,,skip,avoid_amount_dry,,,,,,,,,,,,,,,,,,,,,,,,,,,
14927803,2026-10-07 10:28:20,sim12,002710,,skip,avoid_amount_dry,,,,,,,,,,,,,,,,,,,,,,,,,,,
14927803,2026-10-07 10:28:20,sim12,138930,,skip,avoid_amount_dry,,,,,,,,,,,,,,,,,,,,,,,,,,,
14927804,2026-10-07 10:30:23,sim12,084670,,skip,pb2_not_crashed,,,,,,,,,,,,,,,,,,,,,,,,,,,
14927804,2026-10-07 10:30:23,sim12,000650,,skip,pb2_not_crashed,,,,,,,,,,,,,,,,,,,,,,,,,,,
14927804,2026-10-07 10:30:23,sim12,002720,,skip,avoid_frgn_sell_20d,,,,,,,,,,,,,,,,,,,,,,,,,,,
14927804,2026-10-07 10:30:23,sim12,009190,,skip,avoid_deadcat,,,,,,,,,,,,,,,,,,,,,,,,,,,
14927804,2026-10-07 10:30:23,sim12,015260,,skip,avoid_deadcat,,,,,,,,,,,,,,,,,,,,,,,,,,,
14927804,2026-10-07 10:30:23,sim12,128820,,skip,pb2_not_crashed,,,,,,,,,,,,,,,,,,,,,,,,,,,
14927804,2026-10-07 10:30:23,sim12,011090,,skip,avoid_amount_dry,,,,,,,,,,,,,,,,,,,,,,,,,,,
14927804,2026-10-07 10:30:23,sim12,003350,,skip,pb2_not_crashed,,,,,,,,,,,,,,,,,,,,,,,,,,,
14927804,2026-10-07 10:30:23,sim12,005110,,skip,avoid_amount_dry,,,,,,,,,,,,,,,,,,,,,,,,,,,
14927804,2026-10-07 10:30:23,sim12,281820,,skip,pb2_not_crashed,,,,,,,,,,,,,,,,,,,,,,,,,,,
14927804,2026-10-07 10:30:23,sim12,063160,,skip,avoid_frgn_sell_20d,,,,,,,,,,,,,,,,,,,,,,,,,,,
14927804,2026-10-07 10:30:23,sim12,019170,,skip,pb2_not_crashed,,,,,,,,,,,,,,,,,,,,,,,,,,,
14927804,2026-10-07 10:30:23,sim12,012320,,skip,pb2_not_crashed,,,,,,,,,,,,,,,,,,,,,,,,,,,
14927804,2026-10-07 10:30:23,sim12,085620,,skip,pb2_not_crashed,,,,,,,,,,,,,,,,,,,,,,,,,,,
14927804,2026-10-07 10:30:23,sim12,248070,,skip,avoid_frgn_sell_20d,,,,,,,,,,,,,,,,,,,,,,,,,,,
14927804,2026-10-07 10:30:23,sim12,465770,,skip,avoid_amount_dry,,,,,,,,,,,,,,,,,,,,,,,,,,,
14927804,2026-10-07 10:30:23,sim12,036570,,skip,avoid_frgn_hold_drop,,,,,,,,,,,,,,,,,,,,,,,,,,,
14927804,2026-10-07 10:30:23,sim12,019175,,skip,pb2_not_crashed,,,,,,,,,,,,,,,,,,,,,,,,,,,
14927804,2026-10-07 10:30:23,sim12,005030,,skip,avoid_amount_dry,,,,,,,,,,,,,,,,,,,,,,,,,,,
14927804,2026-10-07 10:30:23,sim12,004835,,skip,pb2_not_crashed,,,,,,,,,,,,,,,,,,,,,,,,,,,
14927804,2026-10-07 10:30:23,sim12,004060,,skip,avoid_frgn_sell_20d,,,,,,,,,,,,,,,,,,,,,,,,,,,
14927804,2026-10-07 10:30:23,sim12,044820,,skip,avoid_amount_dry,,,,,,,,,,,,,,,,,,,,,,,,,,,
14927804,2026-10-07 10:30:23,sim12,484870,,skip,avoid_amount_dry,,,,,,,,,,,,,,,,,,,,,,,,,,,
14927804,2026-10-07 10:30:23,sim12,352820,,skip,avoid_frgn_sell_20d,,,,,,,,,,,,,,,,,,,,,,,,,,,
14927804,2026-10-07 10:30:23,sim12,012170,,skip,pb2_not_crashed,,,,,,,,,,,,,,,,,,,,,,,,,,,
14927804,2026-10-07 10:30:23,sim12,000400,,skip,pb2_not_crashed,,,,,,,,,,,,,,,,,,,,,,,,,,,
14927804,2026-10-07 10:30:23,sim12,137310,,skip,pb2_not_crashed,,,,,,,,,,,,,,,,,,,,,,,,,,,
14927804,2026-10-07 10:30:23,sim12,008040,,skip,avoid_amount_dry,,,,,,,,,,,,,,,,,,,,,,,,,,,
14927804,2026-10-07 10:30:23,sim12,278470,,skip,avoid_amount_dry,,,,,,,,,,,,,,,,,,,,,,,,,,,
14927804,2026-10-07 10:30:23,sim12,026890,,skip,avoid_frgn_sell_20d,,,,,,,,,,,,,,,,,,,,,,,,,,,
14927804,2026-10-07 10:30:23,sim12,103140,,skip,avoid_frgn_sell_20d,,,,,,,,,,,,,,,,,,,,,,,,,,,
14927804,2026-10-07 10:30:23,sim12,020120,,skip,avoid_amount_dry,,,,,,,,,,,,,,,,,,,,,,,,,,,
14927804,2026-10-07 10:30:23,sim12,298040,,skip,avoid_orgn_sell_high_per,,,,,,,,,,,,,,,,,,,,,,,,,,,
14927804,2026-10-07 10:30:23,sim12,003670,,skip,avoid_frgn_sell_20d,,,,,,,,,,,,,,,,,,,,,,,,,,,
14927804,2026-10-07 10:30:23,sim12,006260,,skip,pb2_not_crashed,,,,,,,,,,,,,,,,,,,,,,,,,,,
14927804,2026-10-07 10:30:23,sim12,210980,,skip,avoid_amount_dry,,,,,,,,,,,,,,,,,,,,,,,,,,,
14927804,2026-10-07 10:30:23,sim12,066575,,skip,pb2_not_crashed,,,,,,,,,,,,,,,,,,,,,,,,,,,
14927804,2026-10-07 10:30:23,sim12,480370,,skip,avoid_amount_dry,,,,,,,,,,,,,,,,,,,,,,,,,,,
14927804,2026-10-07 10:30:23,sim12,093370,,skip,avoid_amount_dry,,,,,,,,,,,,,,,,,,,,,,,,,,,
14927804,2026-10-07 10:30:23,sim12,001440,,skip,avoid_frgn_sell_20d,,,,,,,,,,,,,,,,,,,,,,,,,,,
14927804,2026-10-07 10:30:23,sim12,267260,,skip,pb2_not_crashed,,,,,,,,,,,,,,,,,,,,,,,,,,,
14927804,2026-10-07 10:30:23,sim12,025560,,skip,avoid_amount_dry,,,,,,,,,,,,,,,,,,,,,,,,,,,
14927804,2026-10-07 10:30:23,sim12,000880,,skip,avoid_amount_dry,,,,,,,,,,,,,,,,,,,,,,,,,,,
14927804,2026-10-07 10:30:23,sim12,267270,,skip,avoid_amount_dry,,,,,,,,,,,,,,,,,,,,,,,,,,,
14927804,2026-10-07 10:30:23,sim12,071950,,skip,avoid_amount_dry,,,,,,,,,,,,,,,,,,,,,,,,,,,
14927804,2026-10-07 10:30:23,sim12,009540,,skip,avoid_amount_dry,,,,,,,,,,,,,,,,,,,,,,,,,,,
14927804,2026-10-07 10:30:23,sim12,006800,,skip,avoid_amount_dry,,,,,,,,,,,,,,,,,,,,,,,,,,,
14927804,2026-10-07 10:30:23,sim12,001430,,skip,avoid_amount_dry,,,,,,,,,,,,,,,,,,,,,,,,,,,
14927804,2026-10-07 10:30:23,sim12,004020,,skip,avoid_amount_dry,,,,,,,,,,,,,,,,,,,,,,,,,,,
14927804,2026-10-07 10:30:23,sim12,079550,,skip,avoid_amount_dry,,,,,,,,,,,,,,,,,,,,,,,,,,,
14927804,2026-10-07 10:30:23,sim12,139130,,skip,avoid_amount_dry,,,,,,,,,,,,,,,,,,,,,,,,,,,
14927804,2026-10-07 10:30:23,sim12,010120,,skip,pb2_not_crashed,,,,,,,,,,,,,,,,,,,,,,,,,,,
14927804,2026-10-07 10:30:23,sim12,002420,,skip,avoid_amount_dry,,,,,,,,,,,,,,,,,,,,,,,,,,,
14927804,2026-10-07 10:30:23,sim12,007660,,skip,pb2_not_crashed,,,,,,,,,,,,,,,,,,,,,,,,,,,
14927804,2026-10-07 10:30:23,sim12,047810,,skip,avoid_amount_dry,,,,,,,,,,,,,,,,,,,,,,,,,,,
14927804,2026-10-07 10:30:23,sim12,000950,,skip,avoid_amount_dry,,,,,,,,,,,,,,,,,,,,,,,,,,,
14927804,2026-10-07 10:30:23,sim12,003580,,skip,pb2_not_crashed,,,,,,,,,,,,,,,,,,,,,,,,,,,
14927804,2026-10-07 10:30:23,sim12,011155,,skip,avoid_amount_dry,,,,,,,,,,,,,,,,,,,,,,,,,,,
14927804,2026-10-07 10:30:23,sim12,329180,,skip,avoid_amount_dry,,,,,,,,,,,,,,,,,,,,,,,,,,,
14927804,2026-10-07 10:30:23,sim12,138930,,skip,avoid_amount_dry,,,,,,,,,,,,,,,,,,,,,,,,,,,
14927805,2026-10-07 10:32:23,sim12,084670,,skip,pb2_not_crashed,,,,,,,,,,,,,,,,,,,,,,,,,,,
14927805,2026-10-07 10:32:23,sim12,000650,,skip,pb2_not_crashed,,,,,,,,,,,,,,,,,,,,,,,,,,,
14927805,2026-10-07 10:32:23,sim12,002720,,skip,avoid_frgn_sell_20d,,,,,,,,,,,,,,,,,,,,,,,,,,,
14927805,2026-10-07 10:32:23,sim12,009190,,skip,avoid_deadcat,,,,,,,,,,,,,,,,,,,,,,,,,,,
14927805,2026-10-07 10:32:23,sim12,015260,,skip,avoid_deadcat,,,,,,,,,,,,,,,,,,,,,,,,,,,
14927805,2026-10-07 10:32:23,sim12,128820,,skip,pb2_not_crashed,,,,,,,,,,,,,,,,,,,,,,,,,,,
14927805,2026-10-07 10:32:23,sim12,011090,,skip,avoid_amount_dry,,,,,,,,,,,,,,,,,,,,,,,,,,,
14927805,2026-10-07 10:32:23,sim12,003350,,skip,pb2_not_crashed,,,,,,,,,,,,,,,,,,,,,,,,,,,
14927805,2026-10-07 10:32:23,sim12,063160,,skip,avoid_frgn_sell_20d,,,,,,,,,,,,,,,,,,,,,,,,,,,
14927805,2026-10-07 10:32:23,sim12,281820,,skip,pb2_not_crashed,,,,,,,,,,,,,,,,,,,,,,,,,,,
14927805,2026-10-07 10:32:23,sim12,012320,,skip,pb2_not_crashed,,,,,,,,,,,,,,,,,,,,,,,,,,,
14927805,2026-10-07 10:32:23,sim12,019170,,skip,pb2_not_crashed,,,,,,,,,,,,,,,,,,,,,,,,,,,
14927805,2026-10-07 10:32:23,sim12,085620,,skip,pb2_not_crashed,,,,,,,,,,,,,,,,,,,,,,,,,,,
14927805,2026-10-07 10:32:23,sim12,019175,,skip,pb2_not_crashed,,,,,,,,,,,,,,,,,,,,,,,,,,,
14927805,2026-10-07 10:32:23,sim12,248070,,skip,avoid_frgn_sell_20d,,,,,,,,,,,,,,,,,,,,,,,,,,,
14927805,2026-10-07 10:32:23,sim12,465770,,skip,avoid_amount_dry,,,,,,,,,,,,,,,,,,,,,,,,,,,
14927805,2026-10-07 10:32:23,sim12,004835,,skip,pb2_not_crashed,,,,,,,,,,,,,,,,,,,,,,,,,,,
14927805,2026-10-07 10:32:23,sim12,036570,,skip,avoid_frgn_hold_drop,,,,,,,,,,,,,,,,,,,,,,,,,,,
14927805,2026-10-07 10:32:23,sim12,004060,,skip,avoid_frgn_sell_20d,,,,,,,,,,,,,,,,,,,,,,,,,,,
14927805,2026-10-07 10:32:23,sim12,012170,,skip,pb2_not_crashed,,,,,,,,,,,,,,,,,,,,,,,,,,,
14927805,2026-10-07 10:32:23,sim12,004415,,skip,avoid_amount_dry,,,,,,,,,,,,,,,,,,,,,,,,,,,
14927805,2026-10-07 10:32:23,sim12,484870,,skip,avoid_frgn_sell_20d,,,,,,,,,,,,,,,,,,,,,,,,,,,
14927805,2026-10-07 10:32:23,sim12,044820,,skip,avoid_amount_dry,,,,,,,,,,,,,,,,,,,,,,,,,,,
14927805,2026-10-07 10:32:23,sim12,137310,,skip,pb2_not_crashed,,,,,,,,,,,,,,,,,,,,,,,,,,,
14927805,2026-10-07 10:32:23,sim12,352820,,skip,avoid_frgn_sell_20d,,,,,,,,,,,,,,,,,,,,,,,,,,,
14927805,2026-10-07 10:32:23,sim12,008040,,skip,avoid_amount_dry,,,,,,,,,,,,,,,,,,,,,,,,,,,
14927805,2026-10-07 10:32:23,sim12,000400,,skip,pb2_not_crashed,,,,,,,,,,,,,,,,,,,,,,,,,,,
14927805,2026-10-07 10:32:23,sim12,017180,,skip,avoid_amount_dry,,,,,,,,,,,,,,,,,,,,,,,,,,,
14927805,2026-10-07 10:32:23,sim12,278470,,skip,avoid_amount_dry,,,,,,,,,,,,,,,,,,,,,,,,,,,
14927805,2026-10-07 10:32:23,sim12,001460,,skip,pb2_not_crashed,,,,,,,,,,,,,,,,,,,,,,,,,,,
14927805,2026-10-07 10:32:23,sim12,005110,,skip,avoid_amount_dry,,,,,,,,,,,,,,,,,,,,,,,,,,,
14927805,2026-10-07 10:32:23,sim12,103140,,skip,avoid_frgn_sell_20d,,,,,,,,,,,,,,,,,,,,,,,,,,,
14927805,2026-10-07 10:32:23,sim12,020120,,skip,avoid_amount_dry,,,,,,,,,,,,,,,,,,,,,,,,,,,
14927805,2026-10-07 10:32:23,sim12,298040,,skip,avoid_orgn_sell_high_per,,,,,,,,,,,,,,,,,,,,,,,,,,,
14927805,2026-10-07 10:32:23,sim12,480370,,skip,avoid_amount_dry,,,,,,,,,,,,,,,,,,,,,,,,,,,
14927805,2026-10-07 10:32:23,sim12,210980,,skip,avoid_amount_dry,,,,,,,,,,,,,,,,,,,,,,,,,,,
14927805,2026-10-07 10:32:23,sim12,003670,,skip,avoid_frgn_sell_20d,,,,,,,,,,,,,,,,,,,,,,,,,,,
14927805,2026-10-07 10:32:23,sim12,066575,,skip,pb2_not_crashed,,,,,,,,,,,,,,,,,,,,,,,,,,,
14927805,2026-10-07 10:32:23,sim12,006260,,skip,pb2_not_crashed,,,,,,,,,,,,,,,,,,,,,,,,,,,
14927805,2026-10-07 10:32:23,sim12,093370,,skip,avoid_amount_dry,,,,,,,,,,,,,,,,,,,,,,,,,,,
14927805,2026-10-07 10:32:23,sim12,025560,,skip,pb2_not_crashed,,,,,,,,,,,,,,,,,,,,,,,,,,,
14927805,2026-10-07 10:32:23,sim12,267260,,skip,pb2_not_crashed,,,,,,,,,,,,,,,,,,,,,,,,,,,
14927805,2026-10-07 10:32:23,sim12,000880,,skip,avoid_amount_dry,,,,,,,,,,,,,,,,,,,,,,,,,,,
14927805,2026-10-07 10:32:23,sim12,001440,,skip,avoid_frgn_sell_20d,,,,,,,,,,,,,,,,,,,,,,,,,,,
14927805,2026-10-07 10:32:23,sim12,267270,,skip,avoid_amount_dry,,,,,,,,,,,,,,,,,,,,,,,,,,,
14927805,2026-10-07 10:32:23,sim12,071950,,skip,avoid_amount_dry,,,,,,,,,,,,,,,,,,,,,,,,,,,
14927805,2026-10-07 10:32:23,sim12,009540,,skip,avoid_amount_dry,,,,,,,,,,,,,,,,,,,,,,,,,,,
14927805,2026-10-07 10:32:23,sim12,079550,,skip,avoid_amount_dry,,,,,,,,,,,,,,,,,,,,,,,,,,,
14927805,2026-10-07 10:32:23,sim12,001430,,skip,avoid_amount_dry,,,,,,,,,,,,,,,,,,,,,,,,,,,
14927805,2026-10-07 10:32:23,sim12,004020,,skip,avoid_amount_dry,,,,,,,,,,,,,,,,,,,,,,,,,,,
14927805,2026-10-07 10:32:23,sim12,006800,,skip,avoid_amount_dry,,,,,,,,,,,,,,,,,,,,,,,,,,,
14927805,2026-10-07 10:32:23,sim12,139130,,skip,avoid_amount_dry,,,,,,,,,,,,,,,,,,,,,,,,,,,
14927805,2026-10-07 10:32:23,sim12,006110,,skip,avoid_amount_dry,,,,,,,,,,,,,,,,,,,,,,,,,,,
14927805,2026-10-07 10:32:23,sim12,047810,,skip,avoid_amount_dry,,,,,,,,,,,,,,,,,,,,,,,,,,,
14927805,2026-10-07 10:32:23,sim12,007660,,skip,pb2_not_crashed,,,,,,,,,,,,,,,,,,,,,,,,,,,
14927805,2026-10-07 10:32:23,sim12,009420,,skip,avoid_amount_dry,,,,,,,,,,,,,,,,,,,,,,,,,,,
14927805,2026-10-07 10:32:23,sim12,002420,,skip,avoid_amount_dry,,,,,,,,,,,,,,,,,,,,,,,,,,,
14927805,2026-10-07 10:32:23,sim12,329180,,skip,avoid_amount_dry,,,,,,,,,,,,,,,,,,,,,,,,,,,
14927805,2026-10-07 10:32:23,sim12,000950,,skip,avoid_amount_dry,,,,,,,,,,,,,,,,,,,,,,,,,,,
14927805,2026-10-07 10:32:23,sim12,092220,,skip,avoid_amount_dry,,,,,,,,,,,,,,,,,,,,,,,,,,,
14927806,2026-10-07 10:34:18,sim12,084670,,skip,pb2_not_crashed,,,,,,,,,,,,,,,,,,,,,,,,,,,
14927806,2026-10-07 10:34:18,sim12,000650,,skip,pb2_not_crashed,,,,,,,,,,,,,,,,,,,,,,,,,,,
14927806,2026-10-07 10:34:18,sim12,002720,,skip,avoid_frgn_sell_20d,,,,,,,,,,,,,,,,,,,,,,,,,,,
14927806,2026-10-07 10:34:18,sim12,009190,,skip,avoid_deadcat,,,,,,,,,,,,,,,,,,,,,,,,,,,
14927806,2026-10-07 10:34:18,sim12,015260,,skip,avoid_deadcat,,,,,,,,,,,,,,,,,,,,,,,,,,,
14927806,2026-10-07 10:34:18,sim12,128820,,skip,pb2_not_crashed,,,,,,,,,,,,,,,,,,,,,,,,,,,
14927806,2026-10-07 10:34:18,sim12,011090,,skip,avoid_amount_dry,,,,,,,,,,,,,,,,,,,,,,,,,,,
14927806,2026-10-07 10:34:18,sim12,003350,,skip,pb2_not_crashed,,,,,,,,,,,,,,,,,,,,,,,,,,,
14927806,2026-10-07 10:34:18,sim12,281820,,skip,pb2_not_crashed,,,,,,,,,,,,,,,,,,,,,,,,,,,
14927806,2026-10-07 10:34:18,sim12,012320,,skip,pb2_not_crashed,,,,,,,,,,,,,,,,,,,,,,,,,,,
14927806,2026-10-07 10:34:18,sim12,063160,,skip,avoid_frgn_sell_20d,,,,,,,,,,,,,,,,,,,,,,,,,,,
14927806,2026-10-07 10:34:18,sim12,019170,,skip,pb2_not_crashed,,,,,,,,,,,,,,,,,,,,,,,,,,,
14927806,2026-10-07 10:34:18,sim12,085620,,skip,pb2_not_crashed,,,,,,,,,,,,,,,,,,,,,,,,,,,
14927806,2026-10-07 10:34:18,sim12,248070,,skip,avoid_frgn_sell_20d,,,,,,,,,,,,,,,,,,,,,,,,,,,
14927806,2026-10-07 10:34:18,sim12,019175,,skip,pb2_not_crashed,,,,,,,,,,,,,,,,,,,,,,,,,,,
14927806,2026-10-07 10:34:18,sim12,465770,,skip,avoid_amount_dry,,,,,,,,,,,,,,,,,,,,,,,,,,,
14927806,2026-10-07 10:34:18,sim12,036570,,skip,avoid_frgn_hold_drop,,,,,,,,,,,,,,,,,,,,,,,,,,,
14927806,2026-10-07 10:34:18,sim12,004835,,skip,pb2_not_crashed,,,,,,,,,,,,,,,,,,,,,,,,,,,
14927806,2026-10-07 10:34:18,sim12,012170,,skip,pb2_not_crashed,,,,,,,,,,,,,,,,,,,,,,,,,,,
14927806,2026-10-07 10:34:18,sim12,352820,,skip,avoid_frgn_sell_20d,,,,,,,,,,,,,,,,,,,,,,,,,,,
14927806,2026-10-07 10:34:18,sim12,004415,,skip,avoid_amount_dry,,,,,,,,,,,,,,,,,,,,,,,,,,,
14927806,2026-10-07 10:34:18,sim12,004060,,skip,avoid_frgn_sell_20d,,,,,,,,,,,,,,,,,,,,,,,,,,,
14927806,2026-10-07 10:34:18,sim12,044820,,skip,avoid_amount_dry,,,,,,,,,,,,,,,,,,,,,,,,,,,
14927806,2026-10-07 10:34:18,sim12,484870,,skip,avoid_frgn_sell_20d,,,,,,,,,,,,,,,,,,,,,,,,,,,
14927806,2026-10-07 10:34:18,sim12,008040,,skip,avoid_amount_dry,,,,,,,,,,,,,,,,,,,,,,,,,,,
14927806,2026-10-07 10:34:18,sim12,000400,,skip,pb2_not_crashed,,,,,,,,,,,,,,,,,,,,,,,,,,,
14927806,2026-10-07 10:34:18,sim12,137310,,skip,pb2_not_crashed,,,,,,,,,,,,,,,,,,,,,,,,,,,
14927806,2026-10-07 10:34:18,sim12,001460,,skip,pb2_not_crashed,,,,,,,,,,,,,,,,,,,,,,,,,,,
14927806,2026-10-07 10:34:18,sim12,278470,,skip,avoid_orgn_sell_high_per,,,,,,,,,,,,,,,,,,,,,,,,,,,
14927806,2026-10-07 10:34:18,sim12,026890,,skip,avoid_frgn_sell_20d,,,,,,,,,,,,,,,,,,,,,,,,,,,
14927806,2026-10-07 10:34:18,sim12,005110,,skip,avoid_amount_dry,,,,,,,,,,,,,,,,,,,,,,,,,,,
14927806,2026-10-07 10:34:18,sim12,103140,,skip,avoid_frgn_sell_20d,,,,,,,,,,,,,,,,,,,,,,,,,,,
14927806,2026-10-07 10:34:18,sim12,020120,,skip,avoid_amount_dry,,,,,,,,,,,,,,,,,,,,,,,,,,,
14927806,2026-10-07 10:34:18,sim12,298040,,skip,pb2_not_crashed,,,,,,,,,,,,,,,,,,,,,,,,,,,
14927806,2026-10-07 10:34:18,sim12,066575,,skip,pb2_not_crashed,,,,,,,,,,,,,,,,,,,,,,,,,,,
14927806,2026-10-07 10:34:18,sim12,006260,,skip,pb2_not_crashed,,,,,,,,,,,,,,,,,,,,,,,,,,,
14927806,2026-10-07 10:34:18,sim12,003670,,skip,avoid_frgn_sell_20d,,,,,,,,,,,,,,,,,,,,,,,,,,,
14927806,2026-10-07 10:34:18,sim12,025560,,skip,pb2_not_crashed,,,,,,,,,,,,,,,,,,,,,,,,,,,
14927806,2026-10-07 10:34:18,sim12,093370,,skip,avoid_amount_dry,,,,,,,,,,,,,,,,,,,,,,,,,,,
14927806,2026-10-07 10:34:18,sim12,267260,,skip,pb2_not_crashed,,,,,,,,,,,,,,,,,,,,,,,,,,,
14927806,2026-10-07 10:34:18,sim12,000880,,skip,avoid_amount_dry,,,,,,,,,,,,,,,,,,,,,,,,,,,
14927806,2026-10-07 10:34:18,sim12,480370,,skip,avoid_amount_dry,,,,,,,,,,,,,,,,,,,,,,,,,,,
14927806,2026-10-07 10:34:18,sim12,267270,,skip,avoid_amount_dry,,,,,,,,,,,,,,,,,,,,,,,,,,,
14927806,2026-10-07 10:34:18,sim12,071950,,skip,avoid_amount_dry,,,,,,,,,,,,,,,,,,,,,,,,,,,
14927806,2026-10-07 10:34:18,sim12,001440,,skip,avoid_frgn_sell_20d,,,,,,,,,,,,,,,,,,,,,,,,,,,
14927806,2026-10-07 10:34:18,sim12,001430,,skip,avoid_amount_dry,,,,,,,,,,,,,,,,,,,,,,,,,,,
14927806,2026-10-07 10:34:18,sim12,009540,,skip,avoid_amount_dry,,,,,,,,,,,,,,,,,,,,,,,,,,,
14927806,2026-10-07 10:34:18,sim12,004020,,skip,avoid_amount_dry,,,,,,,,,,,,,,,,,,,,,,,,,,,
14927806,2026-10-07 10:34:18,sim12,079550,,skip,avoid_amount_dry,,,,,,,,,,,,,,,,,,,,,,,,,,,
14927806,2026-10-07 10:34:18,sim12,139130,,skip,avoid_amount_dry,,,,,,,,,,,,,,,,,,,,,,,,,,,
14927806,2026-10-07 10:34:18,sim12,006800,,skip,avoid_amount_dry,,,,,,,,,,,,,,,,,,,,,,,,,,,
14927806,2026-10-07 10:34:18,sim12,006110,,skip,avoid_amount_dry,,,,,,,,,,,,,,,,,,,,,,,,,,,
14927806,2026-10-07 10:34:18,sim12,047810,,skip,avoid_amount_dry,,,,,,,,,,,,,,,,,,,,,,,,,,,
14927806,2026-10-07 10:34:18,sim12,007660,,skip,pb2_not_crashed,,,,,,,,,,,,,,,,,,,,,,,,,,,
14927806,2026-10-07 10:34:18,sim12,002420,,skip,avoid_amount_dry,,,,,,,,,,,,,,,,,,,,,,,,,,,
14927806,2026-10-07 10:34:18,sim12,329180,,skip,avoid_amount_dry,,,,,,,,,,,,,,,,,,,,,,,,,,,
14927806,2026-10-07 10:34:18,sim12,210980,,skip,avoid_amount_dry,,,,,,,,,,,,,,,,,,,,,,,,,,,
14927806,2026-10-07 10:34:18,sim12,000950,,skip,avoid_amount_dry,,,,,,,,,,,,,,,,,,,,,,,,,,,
14927806,2026-10-07 10:34:18,sim12,092220,,skip,avoid_amount_dry,,,,,,,,,,,,,,,,,,,,,,,,,,,
14927806,2026-10-07 10:34:18,sim12,009420,,skip,avoid_amount_dry,,,,,,,,,,,,,,,,,,,,,,,,,,,
14927807,2026-10-07 10:36:31,sim12,084670,,skip,pb2_not_crashed,,,,,,,,,,,,,,,,,,,,,,,,,,,
14927807,2026-10-07 10:36:31,sim12,000650,,skip,pb2_not_crashed,,,,,,,,,,,,,,,,,,,,,,,,,,,
14927807,2026-10-07 10:36:31,sim12,002720,,skip,avoid_frgn_sell_20d,,,,,,,,,,,,,,,,,,,,,,,,,,,
14927807,2026-10-07 10:36:31,sim12,009190,,skip,avoid_deadcat,,,,,,,,,,,,,,,,,,,,,,,,,,,
14927807,2026-10-07 10:36:31,sim12,015260,,skip,avoid_deadcat,,,,,,,,,,,,,,,,,,,,,,,,,,,
14927807,2026-10-07 10:36:31,sim12,128820,,skip,pb2_not_crashed,,,,,,,,,,,,,,,,,,,,,,,,,,,
14927807,2026-10-07 10:36:31,sim12,011090,,skip,avoid_amount_dry,,,,,,,,,,,,,,,,,,,,,,,,,,,
14927807,2026-10-07 10:36:31,sim12,003350,,skip,pb2_not_crashed,,,,,,,,,,,,,,,,,,,,,,,,,,,
14927807,2026-10-07 10:36:31,sim12,281820,,skip,pb2_not_crashed,,,,,,,,,,,,,,,,,,,,,,,,,,,
14927807,2026-10-07 10:36:31,sim12,063160,,skip,avoid_frgn_sell_20d,,,,,,,,,,,,,,,,,,,,,,,,,,,
14927807,2026-10-07 10:36:31,sim12,012320,,skip,pb2_not_crashed,,,,,,,,,,,,,,,,,,,,,,,,,,,
14927807,2026-10-07 10:36:31,sim12,019170,,skip,pb2_not_crashed,,,,,,,,,,,,,,,,,,,,,,,,,,,
14927807,2026-10-07 10:36:31,sim12,085620,,skip,pb2_not_crashed,,,,,,,,,,,,,,,,,,,,,,,,,,,
14927807,2026-10-07 10:36:31,sim12,248070,,skip,avoid_frgn_sell_20d,,,,,,,,,,,,,,,,,,,,,,,,,,,
14927807,2026-10-07 10:36:31,sim12,019175,,skip,pb2_not_crashed,,,,,,,,,,,,,,,,,,,,,,,,,,,
14927807,2026-10-07 10:36:31,sim12,465770,,skip,avoid_amount_dry,,,,,,,,,,,,,,,,,,,,,,,,,,,
14927807,2026-10-07 10:36:31,sim12,036570,,skip,avoid_frgn_hold_drop,,,,,,,,,,,,,,,,,,,,,,,,,,,
14927807,2026-10-07 10:36:31,sim12,352820,,skip,avoid_frgn_sell_20d,,,,,,,,,,,,,,,,,,,,,,,,,,,
14927807,2026-10-07 10:36:31,sim12,012170,,skip,pb2_not_crashed,,,,,,,,,,,,,,,,,,,,,,,,,,,
14927807,2026-10-07 10:36:31,sim12,004835,,skip,pb2_not_crashed,,,,,,,,,,,,,,,,,,,,,,,,,,,
14927807,2026-10-07 10:36:31,sim12,004060,,skip,avoid_frgn_sell_20d,,,,,,,,,,,,,,,,,,,,,,,,,,,
14927807,2026-10-07 10:36:31,sim12,004415,,skip,avoid_amount_dry,,,,,,,,,,,,,,,,,,,,,,,,,,,
14927807,2026-10-07 10:36:31,sim12,044820,,skip,avoid_amount_dry,,,,,,,,,,,,,,,,,,,,,,,,,,,
14927807,2026-10-07 10:36:31,sim12,000400,,skip,pb2_not_crashed,,,,,,,,,,,,,,,,,,,,,,,,,,,
14927807,2026-10-07 10:36:31,sim12,008040,,skip,avoid_amount_dry,,,,,,,,,,,,,,,,,,,,,,,,,,,
14927807,2026-10-07 10:36:31,sim12,137310,,skip,pb2_not_crashed,,,,,,,,,,,,,,,,,,,,,,,,,,,
14927807,2026-10-07 10:36:31,sim12,011330,,skip,avoid_amount_dry,,,,,,,,,,,,,,,,,,,,,,,,,,,
14927807,2026-10-07 10:36:31,sim12,484870,,skip,avoid_frgn_sell_20d,,,,,,,,,,,,,,,,,,,,,,,,,,,
14927807,2026-10-07 10:36:31,sim12,278470,,skip,avoid_orgn_sell_high_per,,,,,,,,,,,,,,,,,,,,,,,,,,,
14927807,2026-10-07 10:36:31,sim12,005180,,skip,avoid_amount_dry,,,,,,,,,,,,,,,,,,,,,,,,,,,
14927807,2026-10-07 10:36:31,sim12,005110,,skip,avoid_amount_dry,,,,,,,,,,,,,,,,,,,,,,,,,,,
14927807,2026-10-07 10:36:31,sim12,103140,,skip,avoid_frgn_sell_20d,,,,,,,,,,,,,,,,,,,,,,,,,,,
14927807,2026-10-07 10:36:31,sim12,020120,,skip,avoid_amount_dry,,,,,,,,,,,,,,,,,,,,,,,,,,,
14927807,2026-10-07 10:36:31,sim12,298040,,skip,avoid_orgn_sell_high_per,,,,,,,,,,,,,,,,,,,,,,,,,,,
14927807,2026-10-07 10:36:31,sim12,025560,,skip,pb2_not_crashed,,,,,,,,,,,,,,,,,,,,,,,,,,,
14927807,2026-10-07 10:36:31,sim12,066575,,skip,pb2_not_crashed,,,,,,,,,,,,,,,,,,,,,,,,,,,
14927807,2026-10-07 10:36:31,sim12,093370,,skip,avoid_amount_dry,,,,,,,,,,,,,,,,,,,,,,,,,,,
14927807,2026-10-07 10:36:31,sim12,006260,,skip,pb2_not_crashed,,,,,,,,,,,,,,,,,,,,,,,,,,,
14927807,2026-10-07 10:36:31,sim12,001440,,skip,avoid_frgn_sell_20d,,,,,,,,,,,,,,,,,,,,,,,,,,,
14927807,2026-10-07 10:36:31,sim12,003670,,skip,avoid_frgn_sell_20d,,,,,,,,,,,,,,,,,,,,,,,,,,,
14927807,2026-10-07 10:36:31,sim12,267260,,skip,pb2_not_crashed,,,,,,,,,,,,,,,,,,,,,,,,,,,
14927807,2026-10-07 10:36:31,sim12,267270,,skip,avoid_amount_dry,,,,,,,,,,,,,,,,,,,,,,,,,,,
14927807,2026-10-07 10:36:31,sim12,000880,,skip,avoid_amount_dry,,,,,,,,,,,,,,,,,,,,,,,,,,,
14927807,2026-10-07 10:36:31,sim12,071950,,skip,avoid_amount_dry,,,,,,,,,,,,,,,,,,,,,,,,,,,
14927807,2026-10-07 10:36:31,sim12,480370,,skip,avoid_amount_dry,,,,,,,,,,,,,,,,,,,,,,,,,,,
14927807,2026-10-07 10:36:31,sim12,001430,,skip,avoid_amount_dry,,,,,,,,,,,,,,,,,,,,,,,,,,,
14927807,2026-10-07 10:36:31,sim12,009540,,skip,avoid_amount_dry,,,,,,,,,,,,,,,,,,,,,,,,,,,
14927807,2026-10-07 10:36:31,sim12,004020,,skip,avoid_amount_dry,,,,,,,,,,,,,,,,,,,,,,,,,,,
14927807,2026-10-07 10:36:31,sim12,139130,,skip,avoid_amount_dry,,,,,,,,,,,,,,,,,,,,,,,,,,,
14927807,2026-10-07 10:36:31,sim12,079550,,skip,avoid_amount_dry,,,,,,,,,,,,,,,,,,,,,,,,,,,
14927807,2026-10-07 10:36:31,sim12,006800,,skip,avoid_amount_dry,,,,,,,,,,,,,,,,,,,,,,,,,,,
14927807,2026-10-07 10:36:31,sim12,006110,,skip,avoid_amount_dry,,,,,,,,,,,,,,,,,,,,,,,,,,,
14927807,2026-10-07 10:36:31,sim12,092220,,skip,avoid_amount_dry,,,,,,,,,,,,,,,,,,,,,,,,,,,
14927807,2026-10-07 10:36:31,sim12,047810,,skip,avoid_amount_dry,,,,,,,,,,,,,,,,,,,,,,,,,,,
14927807,2026-10-07 10:36:31,sim12,329180,,skip,avoid_amount_dry,,,,,,,,,,,,,,,,,,,,,,,,,,,
14927807,2026-10-07 10:36:31,sim12,002420,,skip,avoid_amount_dry,,,,,,,,,,,,,,,,,,,,,,,,,,,
14927807,2026-10-07 10:36:31,sim12,007660,,skip,pb2_not_crashed,,,,,,,,,,,,,,,,,,,,,,,,,,,
14927807,2026-10-07 10:36:31,sim12,009420,,skip,avoid_amount_dry,,,,,,,,,,,,,,,,,,,,,,,,,,,
14927807,2026-10-07 10:36:31,sim12,000950,,skip,avoid_amount_dry,,,,,,,,,,,,,,,,,,,,,,,,,,,
14927807,2026-10-07 10:36:31,sim12,138930,,skip,avoid_amount_dry,,,,,,,,,,,,,,,,,,,,,,,,,,,
14927808,2026-10-07 10:38:46,sim12,084670,,skip,pb2_not_crashed,,,,,,,,,,,,,,,,,,,,,,,,,,,
14927808,2026-10-07 10:38:46,sim12,000650,,skip,pb2_not_crashed,,,,,,,,,,,,,,,,,,,,,,,,,,,
14927808,2026-10-07 10:38:46,sim12,002720,,skip,avoid_frgn_sell_20d,,,,,,,,,,,,,,,,,,,,,,,,,,,
14927808,2026-10-07 10:38:46,sim12,009190,,skip,avoid_deadcat,,,,,,,,,,,,,,,,,,,,,,,,,,,
14927808,2026-10-07 10:38:46,sim12,015260,,skip,avoid_deadcat,,,,,,,,,,,,,,,,,,,,,,,,,,,
14927808,2026-10-07 10:38:46,sim12,128820,,skip,pb2_not_crashed,,,,,,,,,,,,,,,,,,,,,,,,,,,
14927808,2026-10-07 10:38:46,sim12,011090,,skip,avoid_amount_dry,,,,,,,,,,,,,,,,,,,,,,,,,,,
14927808,2026-10-07 10:38:46,sim12,003350,,skip,pb2_not_crashed,,,,,,,,,,,,,,,,,,,,,,,,,,,
14927808,2026-10-07 10:38:46,sim12,063160,,skip,avoid_frgn_sell_20d,,,,,,,,,,,,,,,,,,,,,,,,,,,
14927808,2026-10-07 10:38:46,sim12,281820,,skip,pb2_not_crashed,,,,,,,,,,,,,,,,,,,,,,,,,,,
14927808,2026-10-07 10:38:46,sim12,012320,,skip,pb2_not_crashed,,,,,,,,,,,,,,,,,,,,,,,,,,,
14927808,2026-10-07 10:38:46,sim12,019170,,skip,pb2_not_crashed,,,,,,,,,,,,,,,,,,,,,,,,,,,
14927808,2026-10-07 10:38:46,sim12,085620,,skip,pb2_not_crashed,,,,,,,,,,,,,,,,,,,,,,,,,,,
14927808,2026-10-07 10:38:46,sim12,019175,,skip,pb2_not_crashed,,,,,,,,,,,,,,,,,,,,,,,,,,,
14927808,2026-10-07 10:38:46,sim12,248070,,skip,avoid_frgn_sell_20d,,,,,,,,,,,,,,,,,,,,,,,,,,,
14927808,2026-10-07 10:38:46,sim12,352820,,skip,avoid_frgn_sell_20d,,,,,,,,,,,,,,,,,,,,,,,,,,,
14927808,2026-10-07 10:38:46,sim12,465770,,skip,avoid_amount_dry,,,,,,,,,,,,,,,,,,,,,,,,,,,
14927808,2026-10-07 10:38:46,sim12,004835,,skip,pb2_not_crashed,,,,,,,,,,,,,,,,,,,,,,,,,,,
14927808,2026-10-07 10:38:46,sim12,036570,,skip,avoid_frgn_hold_drop,,,,,,,,,,,,,,,,,,,,,,,,,,,
14927808,2026-10-07 10:38:46,sim12,012170,,skip,pb2_not_crashed,,,,,,,,,,,,,,,,,,,,,,,,,,,
14927808,2026-10-07 10:38:46,sim12,004060,,skip,avoid_frgn_sell_20d,,,,,,,,,,,,,,,,,,,,,,,,,,,
14927808,2026-10-07 10:38:46,sim12,004415,,skip,avoid_amount_dry,,,,,,,,,,,,,,,,,,,,,,,,,,,
14927808,2026-10-07 10:38:46,sim12,044820,,skip,avoid_amount_dry,,,,,,,,,,,,,,,,,,,,,,,,,,,
14927808,2026-10-07 10:38:46,sim12,000400,,skip,pb2_not_crashed,,,,,,,,,,,,,,,,,,,,,,,,,,,
14927808,2026-10-07 10:38:46,sim12,484870,,skip,avoid_frgn_sell_20d,,,,,,,,,,,,,,,,,,,,,,,,,,,
14927808,2026-10-07 10:38:46,sim12,137310,,skip,pb2_not_crashed,,,,,,,,,,,,,,,,,,,,,,,,,,,
14927808,2026-10-07 10:38:46,sim12,008040,,skip,avoid_amount_dry,,,,,,,,,,,,,,,,,,,,,,,,,,,
14927808,2026-10-07 10:38:46,sim12,278470,,skip,avoid_orgn_sell_high_per,,,,,,,,,,,,,,,,,,,,,,,,,,,
14927808,2026-10-07 10:38:46,sim12,011330,,skip,avoid_amount_dry,,,,,,,,,,,,,,,,,,,,,,,,,,,
14927808,2026-10-07 10:38:46,sim12,003220,,skip,pb2_not_crashed,,,,,,,,,,,,,,,,,,,,,,,,,,,
14927808,2026-10-07 10:38:46,sim12,005110,,skip,avoid_amount_dry,,,,,,,,,,,,,,,,,,,,,,,,,,,
14927808,2026-10-07 10:38:46,sim12,103140,,skip,avoid_frgn_sell_20d,,,,,,,,,,,,,,,,,,,,,,,,,,,
14927808,2026-10-07 10:38:46,sim12,020120,,skip,avoid_amount_dry,,,,,,,,,,,,,,,,,,,,,,,,,,,
14927808,2026-10-07 10:38:46,sim12,298040,,skip,avoid_orgn_sell_high_per,,,,,,,,,,,,,,,,,,,,,,,,,,,
14927808,2026-10-07 10:38:46,sim12,093370,,skip,avoid_amount_dry,,,,,,,,,,,,,,,,,,,,,,,,,,,
14927808,2026-10-07 10:38:46,sim12,025560,,skip,pb2_not_crashed,,,,,,,,,,,,,,,,,,,,,,,,,,,
14927808,2026-10-07 10:38:46,sim12,001440,,skip,avoid_frgn_sell_20d,,,,,,,,,,,,,,,,,,,,,,,,,,,
14927808,2026-10-07 10:38:46,sim12,066575,,skip,pb2_not_crashed,,,,,,,,,,,,,,,,,,,,,,,,,,,
14927808,2026-10-07 10:38:46,sim12,003670,,skip,avoid_frgn_sell_20d,,,,,,,,,,,,,,,,,,,,,,,,,,,
14927808,2026-10-07 10:38:46,sim12,267260,,skip,pb2_not_crashed,,,,,,,,,,,,,,,,,,,,,,,,,,,
14927808,2026-10-07 10:38:46,sim12,006260,,skip,pb2_not_crashed,,,,,,,,,,,,,,,,,,,,,,,,,,,
14927808,2026-10-07 10:38:46,sim12,267270,,skip,avoid_amount_dry,,,,,,,,,,,,,,,,,,,,,,,,,,,
14927808,2026-10-07 10:38:46,sim12,000880,,skip,avoid_amount_dry,,,,,,,,,,,,,,,,,,,,,,,,,,,
14927808,2026-10-07 10:38:46,sim12,009540,,skip,avoid_amount_dry,,,,,,,,,,,,,,,,,,,,,,,,,,,
14927808,2026-10-07 10:38:46,sim12,480370,,skip,avoid_amount_dry,,,,,,,,,,,,,,,,,,,,,,,,,,,
14927808,2026-10-07 10:38:46,sim12,071950,,skip,avoid_amount_dry,,,,,,,,,,,,,,,,,,,,,,,,,,,
14927808,2026-10-07 10:38:46,sim12,006110,,skip,avoid_amount_dry,,,,,,,,,,,,,,,,,,,,,,,,,,,
14927808,2026-10-07 10:38:46,sim12,004020,,skip,avoid_amount_dry,,,,,,,,,,,,,,,,,,,,,,,,,,,
14927808,2026-10-07 10:38:46,sim12,139130,,skip,avoid_amount_dry,,,,,,,,,,,,,,,,,,,,,,,,,,,
14927808,2026-10-07 10:38:46,sim12,047810,,skip,avoid_amount_dry,,,,,,,,,,,,,,,,,,,,,,,,,,,
14927808,2026-10-07 10:38:46,sim12,329180,,skip,avoid_amount_dry,,,,,,,,,,,,,,,,,,,,,,,,,,,
14927808,2026-10-07 10:38:46,sim12,079550,,skip,avoid_amount_dry,,,,,,,,,,,,,,,,,,,,,,,,,,,
14927808,2026-10-07 10:38:46,sim12,002420,,skip,avoid_amount_dry,,,,,,,,,,,,,,,,,,,,,,,,,,,
14927808,2026-10-07 10:38:46,sim12,092220,,skip,avoid_amount_dry,,,,,,,,,,,,,,,,,,,,,,,,,,,
14927808,2026-10-07 10:38:46,sim12,009420,,skip,avoid_amount_dry,,,,,,,,,,,,,,,,,,,,,,,,,,,
14927808,2026-10-07 10:38:46,sim12,010120,,skip,pb2_not_crashed,,,,,,,,,,,,,,,,,,,,,,,,,,,
14927808,2026-10-07 10:38:46,sim12,006800,,skip,avoid_amount_dry,,,,,,,,,,,,,,,,,,,,,,,,,,,
14927808,2026-10-07 10:38:46,sim12,000950,,skip,avoid_amount_dry,,,,,,,,,,,,,,,,,,,,,,,,,,,
14927808,2026-10-07 10:38:46,sim12,007660,,skip,pb2_not_crashed,,,,,,,,,,,,,,,,,,,,,,,,,,,
14927808,2026-10-07 10:38:46,sim12,001430,,skip,avoid_amount_dry,,,,,,,,,,,,,,,,,,,,,,,,,,,
14927809,2026-10-07 10:40:46,sim12,084670,,skip,pb2_not_crashed,,,,,,,,,,,,,,,,,,,,,,,,,,,
14927809,2026-10-07 10:40:46,sim12,000650,,skip,pb2_not_crashed,,,,,,,,,,,,,,,,,,,,,,,,,,,
14927809,2026-10-07 10:40:46,sim12,002720,,skip,avoid_frgn_sell_20d,,,,,,,,,,,,,,,,,,,,,,,,,,,
14927809,2026-10-07 10:40:46,sim12,009190,,skip,avoid_deadcat,,,,,,,,,,,,,,,,,,,,,,,,,,,
14927809,2026-10-07 10:40:46,sim12,015260,,skip,avoid_deadcat,,,,,,,,,,,,,,,,,,,,,,,,,,,
14927809,2026-10-07 10:40:46,sim12,128820,,skip,pb2_not_crashed,,,,,,,,,,,,,,,,,,,,,,,,,,,
14927809,2026-10-07 10:40:46,sim12,003350,,skip,pb2_not_crashed,,,,,,,,,,,,,,,,,,,,,,,,,,,
14927809,2026-10-07 10:40:46,sim12,011090,,skip,avoid_amount_dry,,,,,,,,,,,,,,,,,,,,,,,,,,,
14927809,2026-10-07 10:40:46,sim12,281820,,skip,pb2_not_crashed,,,,,,,,,,,,,,,,,,,,,,,,,,,
14927809,2026-10-07 10:40:46,sim12,063160,,skip,avoid_frgn_sell_20d,,,,,,,,,,,,,,,,,,,,,,,,,,,
14927809,2026-10-07 10:40:46,sim12,012320,,skip,pb2_not_crashed,,,,,,,,,,,,,,,,,,,,,,,,,,,
14927809,2026-10-07 10:40:46,sim12,019170,,skip,pb2_not_crashed,,,,,,,,,,,,,,,,,,,,,,,,,,,
14927809,2026-10-07 10:40:46,sim12,085620,,skip,pb2_not_crashed,,,,,,,,,,,,,,,,,,,,,,,,,,,
14927809,2026-10-07 10:40:46,sim12,248070,,skip,avoid_frgn_sell_20d,,,,,,,,,,,,,,,,,,,,,,,,,,,
14927809,2026-10-07 10:40:46,sim12,019175,,skip,pb2_not_crashed,,,,,,,,,,,,,,,,,,,,,,,,,,,
14927809,2026-10-07 10:40:46,sim12,352820,,skip,avoid_frgn_sell_20d,,,,,,,,,,,,,,,,,,,,,,,,,,,
14927809,2026-10-07 10:40:46,sim12,465770,,skip,avoid_amount_dry,,,,,,,,,,,,,,,,,,,,,,,,,,,
14927809,2026-10-07 10:40:46,sim12,036570,,skip,avoid_frgn_hold_drop,,,,,,,,,,,,,,,,,,,,,,,,,,,
14927809,2026-10-07 10:40:46,sim12,000020,,skip,pb2_not_crashed,,,,,,,,,,,,,,,,,,,,,,,,,,,
14927809,2026-10-07 10:40:46,sim12,012170,,skip,pb2_not_crashed,,,,,,,,,,,,,,,,,,,,,,,,,,,
14927809,2026-10-07 10:40:46,sim12,004060,,skip,avoid_frgn_sell_20d,,,,,,,,,,,,,,,,,,,,,,,,,,,
14927809,2026-10-07 10:40:46,sim12,004415,,skip,avoid_amount_dry,,,,,,,,,,,,,,,,,,,,,,,,,,,
14927809,2026-10-07 10:40:46,sim12,044820,,skip,avoid_amount_dry,,,,,,,,,,,,,,,,,,,,,,,,,,,
14927809,2026-10-07 10:40:46,sim12,000400,,skip,pb2_not_crashed,,,,,,,,,,,,,,,,,,,,,,,,,,,
14927809,2026-10-07 10:40:46,sim12,278470,,skip,avoid_orgn_sell_high_per,,,,,,,,,,,,,,,,,,,,,,,,,,,
14927809,2026-10-07 10:40:46,sim12,004835,,skip,pb2_not_crashed,,,,,,,,,,,,,,,,,,,,,,,,,,,
14927809,2026-10-07 10:40:46,sim12,137310,,skip,pb2_not_crashed,,,,,,,,,,,,,,,,,,,,,,,,,,,
14927809,2026-10-07 10:40:46,sim12,484870,,skip,avoid_frgn_sell_20d,,,,,,,,,,,,,,,,,,,,,,,,,,,
14927809,2026-10-07 10:40:46,sim12,003220,,skip,pb2_not_crashed,,,,,,,,,,,,,,,,,,,,,,,,,,,
14927809,2026-10-07 10:40:46,sim12,008040,,skip,avoid_amount_dry,,,,,,,,,,,,,,,,,,,,,,,,,,,
14927809,2026-10-07 10:40:46,sim12,005110,,skip,avoid_amount_dry,,,,,,,,,,,,,,,,,,,,,,,,,,,
14927809,2026-10-07 10:40:46,sim12,103140,,skip,avoid_frgn_sell_20d,,,,,,,,,,,,,,,,,,,,,,,,,,,
14927809,2026-10-07 10:40:46,sim12,020120,,skip,avoid_amount_dry,,,,,,,,,,,,,,,,,,,,,,,,,,,
14927809,2026-10-07 10:40:46,sim12,298040,,skip,avoid_orgn_sell_high_per,,,,,,,,,,,,,,,,,,,,,,,,,,,
14927809,2026-10-07 10:40:46,sim12,025560,,skip,pb2_not_crashed,,,,,,,,,,,,,,,,,,,,,,,,,,,
14927809,2026-10-07 10:40:46,sim12,093370,,skip,avoid_amount_dry,,,,,,,,,,,,,,,,,,,,,,,,,,,
14927809,2026-10-07 10:40:46,sim12,001440,,skip,avoid_frgn_sell_20d,,,,,,,,,,,,,,,,,,,,,,,,,,,
14927809,2026-10-07 10:40:46,sim12,003670,,skip,avoid_frgn_sell_20d,,,,,,,,,,,,,,,,,,,,,,,,,,,
14927809,2026-10-07 10:40:46,sim12,006260,,skip,pb2_not_crashed,,,,,,,,,,,,,,,,,,,,,,,,,,,
14927809,2026-10-07 10:40:46,sim12,066575,,skip,pb2_not_crashed,,,,,,,,,,,,,,,,,,,,,,,,,,,
14927809,2026-10-07 10:40:46,sim12,267260,,skip,pb2_not_crashed,,,,,,,,,,,,,,,,,,,,,,,,,,,
14927809,2026-10-07 10:40:46,sim12,000880,,skip,avoid_amount_dry,,,,,,,,,,,,,,,,,,,,,,,,,,,
14927809,2026-10-07 10:40:46,sim12,267270,,skip,avoid_amount_dry,,,,,,,,,,,,,,,,,,,,,,,,,,,
14927809,2026-10-07 10:40:46,sim12,006110,,skip,avoid_amount_dry,,,,,,,,,,,,,,,,,,,,,,,,,,,
14927809,2026-10-07 10:40:46,sim12,480370,,skip,avoid_amount_dry,,,,,,,,,,,,,,,,,,,,,,,,,,,
14927809,2026-10-07 10:40:46,sim12,009540,,skip,avoid_amount_dry,,,,,,,,,,,,,,,,,,,,,,,,,,,
14927809,2026-10-07 10:40:46,sim12,047810,,skip,avoid_amount_dry,,,,,,,,,,,,,,,,,,,,,,,,,,,
14927809,2026-10-07 10:40:46,sim12,139130,,skip,avoid_amount_dry,,,,,,,,,,,,,,,,,,,,,,,,,,,
14927809,2026-10-07 10:40:46,sim12,010120,,skip,pb2_not_crashed,,,,,,,,,,,,,,,,,,,,,,,,,,,
14927809,2026-10-07 10:40:46,sim12,004020,,skip,avoid_amount_dry,,,,,,,,,,,,,,,,,,,,,,,,,,,
14927809,2026-10-07 10:40:46,sim12,071950,,skip,avoid_amount_dry,,,,,,,,,,,,,,,,,,,,,,,,,,,
14927809,2026-10-07 10:40:46,sim12,009420,,skip,avoid_amount_dry,,,,,,,,,,,,,,,,,,,,,,,,,,,
14927809,2026-10-07 10:40:46,sim12,079550,,skip,avoid_amount_dry,,,,,,,,,,,,,,,,,,,,,,,,,,,
14927809,2026-10-07 10:40:46,sim12,002420,,skip,avoid_amount_dry,,,,,,,,,,,,,,,,,,,,,,,,,,,
14927809,2026-10-07 10:40:46,sim12,329180,,skip,avoid_amount_dry,,,,,,,,,,,,,,,,,,,,,,,,,,,
14927809,2026-10-07 10:40:46,sim12,210980,,skip,avoid_amount_dry,,,,,,,,,,,,,,,,,,,,,,,,,,,
14927809,2026-10-07 10:40:46,sim12,000950,,skip,avoid_amount_dry,,,,,,,,,,,,,,,,,,,,,,,,,,,
14927809,2026-10-07 10:40:46,sim12,192650,,skip,avoid_amount_dry,,,,,,,,,,,,,,,,,,,,,,,,,,,
14927809,2026-10-07 10:40:46,sim12,006800,,skip,avoid_amount_dry,,,,,,,,,,,,,,,,,,,,,,,,,,,
14927809,2026-10-07 10:40:46,sim12,007660,,skip,pb2_not_crashed,,,,,,,,,,,,,,,,,,,,,,,,,,,
14927810,2026-10-07 10:42:30,sim12,084670,,skip,pb2_not_crashed,,,,,,,,,,,,,,,,,,,,,,,,,,,
14927810,2026-10-07 10:42:30,sim12,000650,,skip,pb2_not_crashed,,,,,,,,,,,,,,,,,,,,,,,,,,,
14927810,2026-10-07 10:42:30,sim12,002720,,skip,avoid_frgn_sell_20d,,,,,,,,,,,,,,,,,,,,,,,,,,,
14927810,2026-10-07 10:42:30,sim12,009190,,skip,avoid_deadcat,,,,,,,,,,,,,,,,,,,,,,,,,,,
14927810,2026-10-07 10:42:30,sim12,015260,,skip,avoid_deadcat,,,,,,,,,,,,,,,,,,,,,,,,,,,
14927810,2026-10-07 10:42:30,sim12,128820,,skip,pb2_not_crashed,,,,,,,,,,,,,,,,,,,,,,,,,,,
14927810,2026-10-07 10:42:30,sim12,003350,,skip,pb2_not_crashed,,,,,,,,,,,,,,,,,,,,,,,,,,,
14927810,2026-10-07 10:42:30,sim12,011090,,skip,avoid_amount_dry,,,,,,,,,,,,,,,,,,,,,,,,,,,
14927810,2026-10-07 10:42:30,sim12,281820,,skip,pb2_not_crashed,,,,,,,,,,,,,,,,,,,,,,,,,,,
14927810,2026-10-07 10:42:30,sim12,063160,,skip,avoid_frgn_sell_20d,,,,,,,,,,,,,,,,,,,,,,,,,,,
14927810,2026-10-07 10:42:30,sim12,012320,,skip,pb2_not_crashed,,,,,,,,,,,,,,,,,,,,,,,,,,,
14927810,2026-10-07 10:42:30,sim12,019170,,skip,pb2_not_crashed,,,,,,,,,,,,,,,,,,,,,,,,,,,
14927810,2026-10-07 10:42:30,sim12,085620,,skip,pb2_not_crashed,,,,,,,,,,,,,,,,,,,,,,,,,,,
14927810,2026-10-07 10:42:30,sim12,248070,,skip,avoid_frgn_sell_20d,,,,,,,,,,,,,,,,,,,,,,,,,,,
14927810,2026-10-07 10:42:30,sim12,019175,,skip,pb2_not_crashed,,,,,,,,,,,,,,,,,,,,,,,,,,,
14927810,2026-10-07 10:42:30,sim12,352820,,skip,avoid_frgn_sell_20d,,,,,,,,,,,,,,,,,,,,,,,,,,,
14927810,2026-10-07 10:42:30,sim12,465770,,skip,avoid_amount_dry,,,,,,,,,,,,,,,,,,,,,,,,,,,
14927810,2026-10-07 10:42:30,sim12,000020,,skip,pb2_not_crashed,,,,,,,,,,,,,,,,,,,,,,,,,,,
14927810,2026-10-07 10:42:30,sim12,036570,,skip,avoid_frgn_hold_drop,,,,,,,,,,,,,,,,,,,,,,,,,,,
14927810,2026-10-07 10:42:30,sim12,004060,,skip,avoid_frgn_sell_20d,,,,,,,,,,,,,,,,,,,,,,,,,,,
14927810,2026-10-07 10:42:30,sim12,012170,,skip,pb2_not_crashed,,,,,,,,,,,,,,,,,,,,,,,,,,,
14927810,2026-10-07 10:42:30,sim12,004415,,skip,avoid_amount_dry,,,,,,,,,,,,,,,,,,,,,,,,,,,
14927810,2026-10-07 10:42:30,sim12,044820,,skip,avoid_amount_dry,,,,,,,,,,,,,,,,,,,,,,,,,,,
14927810,2026-10-07 10:42:30,sim12,278470,,skip,avoid_orgn_sell_high_per,,,,,,,,,,,,,,,,,,,,,,,,,,,
14927810,2026-10-07 10:42:30,sim12,004835,,skip,pb2_not_crashed,,,,,,,,,,,,,,,,,,,,,,,,,,,
14927810,2026-10-07 10:42:30,sim12,137310,,skip,pb2_not_crashed,,,,,,,,,,,,,,,,,,,,,,,,,,,
14927810,2026-10-07 10:42:30,sim12,000400,,skip,pb2_not_crashed,,,,,,,,,,,,,,,,,,,,,,,,,,,
14927810,2026-10-07 10:42:30,sim12,011280,,skip,avoid_amount_dry,,,,,,,,,,,,,,,,,,,,,,,,,,,
14927810,2026-10-07 10:42:30,sim12,005180,,skip,avoid_amount_dry,,,,,,,,,,,,,,,,,,,,,,,,,,,
14927810,2026-10-07 10:42:30,sim12,003220,,skip,pb2_not_crashed,,,,,,,,,,,,,,,,,,,,,,,,,,,
14927810,2026-10-07 10:42:30,sim12,005110,,skip,avoid_amount_dry,,,,,,,,,,,,,,,,,,,,,,,,,,,
14927810,2026-10-07 10:42:30,sim12,103140,,skip,avoid_frgn_sell_20d,,,,,,,,,,,,,,,,,,,,,,,,,,,
14927810,2026-10-07 10:42:30,sim12,020120,,skip,avoid_amount_dry,,,,,,,,,,,,,,,,,,,,,,,,,,,
14927810,2026-10-07 10:42:30,sim12,298040,,skip,avoid_orgn_sell_high_per,,,,,,,,,,,,,,,,,,,,,,,,,,,
14927810,2026-10-07 10:42:30,sim12,025560,,skip,pb2_not_crashed,,,,,,,,,,,,,,,,,,,,,,,,,,,
14927810,2026-10-07 10:42:30,sim12,093370,,skip,avoid_amount_dry,,,,,,,,,,,,,,,,,,,,,,,,,,,
14927810,2026-10-07 10:42:30,sim12,003670,,skip,avoid_frgn_sell_20d,,,,,,,,,,,,,,,,,,,,,,,,,,,
14927810,2026-10-07 10:42:30,sim12,066575,,skip,pb2_not_crashed,,,,,,,,,,,,,,,,,,,,,,,,,,,
14927810,2026-10-07 10:42:30,sim12,267260,,skip,pb2_not_crashed,,,,,,,,,,,,,,,,,,,,,,,,,,,
14927810,2026-10-07 10:42:30,sim12,001440,,skip,avoid_frgn_sell_20d,,,,,,,,,,,,,,,,,,,,,,,,,,,
14927810,2026-10-07 10:42:30,sim12,006260,,skip,pb2_not_crashed,,,,,,,,,,,,,,,,,,,,,,,,,,,
14927810,2026-10-07 10:42:30,sim12,267270,,skip,avoid_amount_dry,,,,,,,,,,,,,,,,,,,,,,,,,,,
14927810,2026-10-07 10:42:30,sim12,006110,,skip,avoid_amount_dry,,,,,,,,,,,,,,,,,,,,,,,,,,,
14927810,2026-10-07 10:42:30,sim12,000880,,skip,avoid_amount_dry,,,,,,,,,,,,,,,,,,,,,,,,,,,
14927810,2026-10-07 10:42:30,sim12,047810,,skip,avoid_amount_dry,,,,,,,,,,,,,,,,,,,,,,,,,,,
14927810,2026-10-07 10:42:30,sim12,009540,,skip,avoid_amount_dry,,,,,,,,,,,,,,,,,,,,,,,,,,,
14927810,2026-10-07 10:42:30,sim12,004020,,skip,avoid_amount_dry,,,,,,,,,,,,,,,,,,,,,,,,,,,
14927810,2026-10-07 10:42:30,sim12,009420,,skip,avoid_amount_dry,,,,,,,,,,,,,,,,,,,,,,,,,,,
14927810,2026-10-07 10:42:30,sim12,139130,,skip,avoid_amount_dry,,,,,,,,,,,,,,,,,,,,,,,,,,,
14927810,2026-10-07 10:42:30,sim12,079550,,skip,avoid_amount_dry,,,,,,,,,,,,,,,,,,,,,,,,,,,
14927810,2026-10-07 10:42:30,sim12,071950,,skip,avoid_amount_dry,,,,,,,,,,,,,,,,,,,,,,,,,,,
14927810,2026-10-07 10:42:30,sim12,002420,,skip,avoid_amount_dry,,,,,,,,,,,,,,,,,,,,,,,,,,,
14927810,2026-10-07 10:42:30,sim12,010120,,skip,pb2_not_crashed,,,,,,,,,,,,,,,,,,,,,,,,,,,
14927810,2026-10-07 10:42:30,sim12,329180,,skip,avoid_amount_dry,,,,,,,,,,,,,,,,,,,,,,,,,,,
14927810,2026-10-07 10:42:30,sim12,210980,,skip,avoid_amount_dry,,,,,,,,,,,,,,,,,,,,,,,,,,,
14927810,2026-10-07 10:42:30,sim12,001430,,skip,avoid_amount_dry,,,,,,,,,,,,,,,,,,,,,,,,,,,
14927810,2026-10-07 10:42:30,sim12,000950,,skip,avoid_amount_dry,,,,,,,,,,,,,,,,,,,,,,,,,,,
14927810,2026-10-07 10:42:30,sim12,006800,,skip,avoid_amount_dry,,,,,,,,,,,,,,,,,,,,,,,,,,,
14927810,2026-10-07 10:42:30,sim12,007660,,skip,pb2_not_crashed,,,,,,,,,,,,,,,,,,,,,,,,,,,
14927810,2026-10-07 10:42:30,sim12,480370,,skip,avoid_amount_dry,,,,,,,,,,,,,,,,,,,,,,,,,,,
14927811,2026-10-07 10:44:23,sim12,084670,,skip,pb2_not_crashed,,,,,,,,,,,,,,,,,,,,,,,,,,,
14927811,2026-10-07 10:44:23,sim12,000650,,skip,pb2_not_crashed,,,,,,,,,,,,,,,,,,,,,,,,,,,
14927811,2026-10-07 10:44:23,sim12,002720,,skip,avoid_frgn_sell_20d,,,,,,,,,,,,,,,,,,,,,,,,,,,
14927811,2026-10-07 10:44:23,sim12,009190,,skip,avoid_deadcat,,,,,,,,,,,,,,,,,,,,,,,,,,,
14927811,2026-10-07 10:44:23,sim12,015260,,skip,avoid_deadcat,,,,,,,,,,,,,,,,,,,,,,,,,,,
14927811,2026-10-07 10:44:23,sim12,128820,,skip,pb2_not_crashed,,,,,,,,,,,,,,,,,,,,,,,,,,,
14927811,2026-10-07 10:44:23,sim12,011090,,skip,avoid_amount_dry,,,,,,,,,,,,,,,,,,,,,,,,,,,
14927811,2026-10-07 10:44:23,sim12,003350,,skip,pb2_not_crashed,,,,,,,,,,,,,,,,,,,,,,,,,,,
14927811,2026-10-07 10:44:23,sim12,281820,,skip,pb2_not_crashed,,,,,,,,,,,,,,,,,,,,,,,,,,,
14927811,2026-10-07 10:44:23,sim12,063160,,skip,avoid_frgn_sell_20d,,,,,,,,,,,,,,,,,,,,,,,,,,,
14927811,2026-10-07 10:44:23,sim12,012320,,skip,pb2_not_crashed,,,,,,,,,,,,,,,,,,,,,,,,,,,
14927811,2026-10-07 10:44:23,sim12,019170,,skip,pb2_not_crashed,,,,,,,,,,,,,,,,,,,,,,,,,,,
14927811,2026-10-07 10:44:23,sim12,085620,,skip,pb2_not_crashed,,,,,,,,,,,,,,,,,,,,,,,,,,,
14927811,2026-10-07 10:44:23,sim12,248070,,skip,avoid_frgn_sell_20d,,,,,,,,,,,,,,,,,,,,,,,,,,,
14927811,2026-10-07 10:44:23,sim12,019175,,skip,pb2_not_crashed,,,,,,,,,,,,,,,,,,,,,,,,,,,
14927811,2026-10-07 10:44:23,sim12,465770,,skip,avoid_amount_dry,,,,,,,,,,,,,,,,,,,,,,,,,,,
14927811,2026-10-07 10:44:23,sim12,352820,,skip,avoid_frgn_sell_20d,,,,,,,,,,,,,,,,,,,,,,,,,,,
14927811,2026-10-07 10:44:23,sim12,012170,,skip,pb2_not_crashed,,,,,,,,,,,,,,,,,,,,,,,,,,,
14927811,2026-10-07 10:44:23,sim12,004060,,skip,avoid_frgn_sell_20d,,,,,,,,,,,,,,,,,,,,,,,,,,,
14927811,2026-10-07 10:44:23,sim12,036570,,skip,avoid_frgn_hold_drop,,,,,,,,,,,,,,,,,,,,,,,,,,,
14927811,2026-10-07 10:44:23,sim12,000020,,skip,pb2_not_crashed,,,,,,,,,,,,,,,,,,,,,,,,,,,
14927811,2026-10-07 10:44:23,sim12,484870,,skip,avoid_frgn_sell_20d,,,,,,,,,,,,,,,,,,,,,,,,,,,
14927811,2026-10-07 10:44:23,sim12,004415,,skip,avoid_amount_dry,,,,,,,,,,,,,,,,,,,,,,,,,,,
14927811,2026-10-07 10:44:23,sim12,044820,,skip,avoid_amount_dry,,,,,,,,,,,,,,,,,,,,,,,,,,,
14927811,2026-10-07 10:44:23,sim12,004835,,skip,pb2_not_crashed,,,,,,,,,,,,,,,,,,,,,,,,,,,
14927811,2026-10-07 10:44:23,sim12,278470,,skip,avoid_orgn_sell_high_per,,,,,,,,,,,,,,,,,,,,,,,,,,,
14927811,2026-10-07 10:44:23,sim12,001460,,skip,pb2_not_crashed,,,,,,,,,,,,,,,,,,,,,,,,,,,
14927811,2026-10-07 10:44:23,sim12,011280,,skip,avoid_amount_dry,,,,,,,,,,,,,,,,,,,,,,,,,,,
14927811,2026-10-07 10:44:23,sim12,000400,,skip,pb2_not_crashed,,,,,,,,,,,,,,,,,,,,,,,,,,,
14927811,2026-10-07 10:44:23,sim12,003220,,skip,pb2_not_crashed,,,,,,,,,,,,,,,,,,,,,,,,,,,
14927811,2026-10-07 10:44:23,sim12,005110,,skip,avoid_amount_dry,,,,,,,,,,,,,,,,,,,,,,,,,,,
14927811,2026-10-07 10:44:23,sim12,103140,,skip,avoid_frgn_sell_20d,,,,,,,,,,,,,,,,,,,,,,,,,,,
14927811,2026-10-07 10:44:23,sim12,020120,,skip,avoid_amount_dry,,,,,,,,,,,,,,,,,,,,,,,,,,,
14927811,2026-10-07 10:44:23,sim12,298040,,skip,avoid_orgn_sell_high_per,,,,,,,,,,,,,,,,,,,,,,,,,,,
14927811,2026-10-07 10:44:23,sim12,025560,,skip,pb2_not_crashed,,,,,,,,,,,,,,,,,,,,,,,,,,,
14927811,2026-10-07 10:44:23,sim12,093370,,skip,avoid_amount_dry,,,,,,,,,,,,,,,,,,,,,,,,,,,
14927811,2026-10-07 10:44:23,sim12,003670,,skip,avoid_frgn_sell_20d,,,,,,,,,,,,,,,,,,,,,,,,,,,
14927811,2026-10-07 10:44:23,sim12,066575,,skip,pb2_not_crashed,,,,,,,,,,,,,,,,,,,,,,,,,,,
14927811,2026-10-07 10:44:23,sim12,267260,,skip,pb2_not_crashed,,,,,,,,,,,,,,,,,,,,,,,,,,,
14927811,2026-10-07 10:44:23,sim12,006260,,skip,pb2_not_crashed,,,,,,,,,,,,,,,,,,,,,,,,,,,
14927811,2026-10-07 10:44:23,sim12,001440,,skip,avoid_frgn_sell_20d,,,,,,,,,,,,,,,,,,,,,,,,,,,
14927811,2026-10-07 10:44:23,sim12,267270,,skip,avoid_amount_dry,,,,,,,,,,,,,,,,,,,,,,,,,,,
14927811,2026-10-07 10:44:23,sim12,000880,,skip,avoid_amount_dry,,,,,,,,,,,,,,,,,,,,,,,,,,,
14927811,2026-10-07 10:44:23,sim12,047810,,skip,avoid_amount_dry,,,,,,,,,,,,,,,,,,,,,,,,,,,
14927811,2026-10-07 10:44:23,sim12,006110,,skip,avoid_amount_dry,,,,,,,,,,,,,,,,,,,,,,,,,,,
14927811,2026-10-07 10:44:23,sim12,009540,,skip,avoid_amount_dry,,,,,,,,,,,,,,,,,,,,,,,,,,,
14927811,2026-10-07 10:44:23,sim12,079550,,skip,avoid_amount_dry,,,,,,,,,,,,,,,,,,,,,,,,,,,
14927811,2026-10-07 10:44:23,sim12,009420,,skip,avoid_amount_dry,,,,,,,,,,,,,,,,,,,,,,,,,,,
14927811,2026-10-07 10:44:23,sim12,139130,,skip,avoid_amount_dry,,,,,,,,,,,,,,,,,,,,,,,,,,,
14927811,2026-10-07 10:44:23,sim12,004020,,skip,avoid_amount_dry,,,,,,,,,,,,,,,,,,,,,,,,,,,
14927811,2026-10-07 10:44:23,sim12,002420,,skip,avoid_amount_dry,,,,,,,,,,,,,,,,,,,,,,,,,,,
14927811,2026-10-07 10:44:23,sim12,001430,,skip,avoid_amount_dry,,,,,,,,,,,,,,,,,,,,,,,,,,,
14927811,2026-10-07 10:44:23,sim12,010120,,skip,pb2_not_crashed,,,,,,,,,,,,,,,,,,,,,,,,,,,
14927811,2026-10-07 10:44:23,sim12,006800,,skip,avoid_amount_dry,,,,,,,,,,,,,,,,,,,,,,,,,,,
14927811,2026-10-07 10:44:23,sim12,267250,,skip,avoid_amount_dry,,,,,,,,,,,,,,,,,,,,,,,,,,,
14927811,2026-10-07 10:44:23,sim12,000950,,skip,avoid_amount_dry,,,,,,,,,,,,,,,,,,,,,,,,,,,
14927811,2026-10-07 10:44:23,sim12,092220,,skip,avoid_amount_dry,,,,,,,,,,,,,,,,,,,,,,,,,,,
14927811,2026-10-07 10:44:23,sim12,329180,,skip,avoid_amount_dry,,,,,,,,,,,,,,,,,,,,,,,,,,,
14927811,2026-10-07 10:44:23,sim12,192650,,skip,avoid_amount_dry,,,,,,,,,,,,,,,,,,,,,,,,,,,
14927811,2026-10-07 10:44:23,sim12,210980,,skip,avoid_amount_dry,,,,,,,,,,,,,,,,,,,,,,,,,,,
14927812,2026-10-07 10:46:12,sim12,084670,,skip,pb2_not_crashed,,,,,,,,,,,,,,,,,,,,,,,,,,,
14927812,2026-10-07 10:46:12,sim12,000650,,skip,pb2_not_crashed,,,,,,,,,,,,,,,,,,,,,,,,,,,
14927812,2026-10-07 10:46:12,sim12,002720,,skip,avoid_frgn_sell_20d,,,,,,,,,,,,,,,,,,,,,,,,,,,
14927812,2026-10-07 10:46:12,sim12,009190,,skip,avoid_deadcat,,,,,,,,,,,,,,,,,,,,,,,,,,,
14927812,2026-10-07 10:46:12,sim12,015260,,skip,avoid_deadcat,,,,,,,,,,,,,,,,,,,,,,,,,,,
14927812,2026-10-07 10:46:12,sim12,128820,,skip,pb2_not_crashed,,,,,,,,,,,,,,,,,,,,,,,,,,,
14927812,2026-10-07 10:46:12,sim12,003350,,skip,pb2_not_crashed,,,,,,,,,,,,,,,,,,,,,,,,,,,
14927812,2026-10-07 10:46:12,sim12,281820,,skip,pb2_not_crashed,,,,,,,,,,,,,,,,,,,,,,,,,,,
14927812,2026-10-07 10:46:12,sim12,011090,,skip,avoid_amount_dry,,,,,,,,,,,,,,,,,,,,,,,,,,,
14927812,2026-10-07 10:46:12,sim12,063160,,skip,avoid_frgn_sell_20d,,,,,,,,,,,,,,,,,,,,,,,,,,,
14927812,2026-10-07 10:46:12,sim12,019170,,skip,pb2_not_crashed,,,,,,,,,,,,,,,,,,,,,,,,,,,
14927812,2026-10-07 10:46:12,sim12,012320,,skip,pb2_not_crashed,,,,,,,,,,,,,,,,,,,,,,,,,,,
14927812,2026-10-07 10:46:12,sim12,085620,,skip,pb2_not_crashed,,,,,,,,,,,,,,,,,,,,,,,,,,,
14927812,2026-10-07 10:46:12,sim12,248070,,skip,avoid_frgn_sell_20d,,,,,,,,,,,,,,,,,,,,,,,,,,,
14927812,2026-10-07 10:46:12,sim12,019175,,skip,pb2_not_crashed,,,,,,,,,,,,,,,,,,,,,,,,,,,
14927812,2026-10-07 10:46:12,sim12,465770,,skip,avoid_amount_dry,,,,,,,,,,,,,,,,,,,,,,,,,,,
14927812,2026-10-07 10:46:12,sim12,004835,,skip,pb2_not_crashed,,,,,,,,,,,,,,,,,,,,,,,,,,,
14927812,2026-10-07 10:46:12,sim12,352820,,skip,avoid_frgn_sell_20d,,,,,,,,,,,,,,,,,,,,,,,,,,,
14927812,2026-10-07 10:46:12,sim12,004060,,skip,avoid_frgn_sell_20d,,,,,,,,,,,,,,,,,,,,,,,,,,,
14927812,2026-10-07 10:46:12,sim12,000020,,skip,pb2_not_crashed,,,,,,,,,,,,,,,,,,,,,,,,,,,
14927812,2026-10-07 10:46:12,sim12,484870,,skip,avoid_frgn_sell_20d,,,,,,,,,,,,,,,,,,,,,,,,,,,
14927812,2026-10-07 10:46:12,sim12,036570,,skip,avoid_frgn_hold_drop,,,,,,,,,,,,,,,,,,,,,,,,,,,
14927812,2026-10-07 10:46:12,sim12,012170,,skip,pb2_not_crashed,,,,,,,,,,,,,,,,,,,,,,,,,,,
14927812,2026-10-07 10:46:12,sim12,004415,,skip,avoid_amount_dry,,,,,,,,,,,,,,,,,,,,,,,,,,,
14927812,2026-10-07 10:46:12,sim12,044820,,skip,avoid_amount_dry,,,,,,,,,,,,,,,,,,,,,,,,,,,
14927812,2026-10-07 10:46:12,sim12,278470,,skip,avoid_orgn_sell_high_per,,,,,,,,,,,,,,,,,,,,,,,,,,,
14927812,2026-10-07 10:46:12,sim12,000400,,skip,pb2_not_crashed,,,,,,,,,,,,,,,,,,,,,,,,,,,
14927812,2026-10-07 10:46:12,sim12,001460,,skip,pb2_not_crashed,,,,,,,,,,,,,,,,,,,,,,,,,,,
14927812,2026-10-07 10:46:12,sim12,011280,,skip,avoid_amount_dry,,,,,,,,,,,,,,,,,,,,,,,,,,,
14927812,2026-10-07 10:46:12,sim12,137310,,skip,pb2_not_crashed,,,,,,,,,,,,,,,,,,,,,,,,,,,
14927812,2026-10-07 10:46:12,sim12,005110,,skip,avoid_amount_dry,,,,,,,,,,,,,,,,,,,,,,,,,,,
14927812,2026-10-07 10:46:12,sim12,103140,,skip,avoid_frgn_sell_20d,,,,,,,,,,,,,,,,,,,,,,,,,,,
14927812,2026-10-07 10:46:12,sim12,020120,,skip,avoid_amount_dry,,,,,,,,,,,,,,,,,,,,,,,,,,,
14927812,2026-10-07 10:46:12,sim12,025560,,skip,pb2_not_crashed,,,,,,,,,,,,,,,,,,,,,,,,,,,
14927812,2026-10-07 10:46:12,sim12,298040,,skip,avoid_orgn_sell_high_per,,,,,,,,,,,,,,,,,,,,,,,,,,,
14927812,2026-10-07 10:46:12,sim12,093370,,skip,avoid_amount_dry,,,,,,,,,,,,,,,,,,,,,,,,,,,
14927812,2026-10-07 10:46:12,sim12,066575,,skip,pb2_not_crashed,,,,,,,,,,,,,,,,,,,,,,,,,,,
14927812,2026-10-07 10:46:12,sim12,006260,,skip,pb2_not_crashed,,,,,,,,,,,,,,,,,,,,,,,,,,,
14927812,2026-10-07 10:46:12,sim12,003670,,skip,avoid_frgn_sell_20d,,,,,,,,,,,,,,,,,,,,,,,,,,,
14927812,2026-10-07 10:46:12,sim12,267260,,skip,pb2_not_crashed,,,,,,,,,,,,,,,,,,,,,,,,,,,
14927812,2026-10-07 10:46:12,sim12,000880,,skip,avoid_amount_dry,,,,,,,,,,,,,,,,,,,,,,,,,,,
14927812,2026-10-07 10:46:12,sim12,001440,,skip,avoid_frgn_sell_20d,,,,,,,,,,,,,,,,,,,,,,,,,,,
14927812,2026-10-07 10:46:12,sim12,267270,,skip,avoid_amount_dry,,,,,,,,,,,,,,,,,,,,,,,,,,,
14927812,2026-10-07 10:46:12,sim12,006110,,skip,avoid_amount_dry,,,,,,,,,,,,,,,,,,,,,,,,,,,
14927812,2026-10-07 10:46:12,sim12,047810,,skip,avoid_amount_dry,,,,,,,,,,,,,,,,,,,,,,,,,,,
14927812,2026-10-07 10:46:12,sim12,079550,,skip,avoid_amount_dry,,,,,,,,,,,,,,,,,,,,,,,,,,,
14927812,2026-10-07 10:46:12,sim12,480370,,skip,avoid_amount_dry,,,,,,,,,,,,,,,,,,,,,,,,,,,
14927812,2026-10-07 10:46:12,sim12,009420,,skip,avoid_amount_dry,,,,,,,,,,,,,,,,,,,,,,,,,,,
14927812,2026-10-07 10:46:12,sim12,009540,,skip,avoid_amount_dry,,,,,,,,,,,,,,,,,,,,,,,,,,,
14927812,2026-10-07 10:46:12,sim12,139130,,skip,avoid_amount_dry,,,,,,,,,,,,,,,,,,,,,,,,,,,
14927812,2026-10-07 10:46:12,sim12,002420,,skip,avoid_amount_dry,,,,,,,,,,,,,,,,,,,,,,,,,,,
14927812,2026-10-07 10:46:12,sim12,004020,,skip,avoid_amount_dry,,,,,,,,,,,,,,,,,,,,,,,,,,,
14927812,2026-10-07 10:46:12,sim12,267250,,skip,avoid_amount_dry,,,,,,,,,,,,,,,,,,,,,,,,,,,
14927812,2026-10-07 10:46:12,sim12,210980,,skip,avoid_amount_dry,,,,,,,,,,,,,,,,,,,,,,,,,,,
14927812,2026-10-07 10:46:12,sim12,000950,,skip,avoid_amount_dry,,,,,,,,,,,,,,,,,,,,,,,,,,,
14927812,2026-10-07 10:46:12,sim12,092220,,skip,avoid_amount_dry,,,,,,,,,,,,,,,,,,,,,,,,,,,
14927812,2026-10-07 10:46:12,sim12,010120,,skip,pb2_not_crashed,,,,,,,,,,,,,,,,,,,,,,,,,,,
14927812,2026-10-07 10:46:12,sim12,329180,,skip,avoid_amount_dry,,,,,,,,,,,,,,,,,,,,,,,,,,,
14927812,2026-10-07 10:46:12,sim12,006800,,skip,avoid_amount_dry,,,,,,,,,,,,,,,,,,,,,,,,,,,
14927812,2026-10-07 10:46:12,sim12,001430,,skip,avoid_amount_dry,,,,,,,,,,,,,,,,,,,,,,,,,,,
14927813,2026-10-07 10:48:25,sim12,084670,,skip,pb2_not_crashed,,,,,,,,,,,,,,,,,,,,,,,,,,,
14927813,2026-10-07 10:48:25,sim12,000650,,skip,pb2_not_crashed,,,,,,,,,,,,,,,,,,,,,,,,,,,
14927813,2026-10-07 10:48:25,sim12,002720,,skip,avoid_frgn_sell_20d,,,,,,,,,,,,,,,,,,,,,,,,,,,
14927813,2026-10-07 10:48:25,sim12,009190,,skip,avoid_deadcat,,,,,,,,,,,,,,,,,,,,,,,,,,,
14927813,2026-10-07 10:48:25,sim12,015260,,skip,avoid_deadcat,,,,,,,,,,,,,,,,,,,,,,,,,,,
14927813,2026-10-07 10:48:25,sim12,128820,,skip,pb2_not_crashed,,,,,,,,,,,,,,,,,,,,,,,,,,,
14927813,2026-10-07 10:48:25,sim12,003350,,skip,pb2_not_crashed,,,,,,,,,,,,,,,,,,,,,,,,,,,
14927813,2026-10-07 10:48:25,sim12,281820,,skip,pb2_not_crashed,,,,,,,,,,,,,,,,,,,,,,,,,,,
14927813,2026-10-07 10:48:25,sim12,063160,,skip,avoid_frgn_sell_20d,,,,,,,,,,,,,,,,,,,,,,,,,,,
14927813,2026-10-07 10:48:25,sim12,011090,,skip,avoid_amount_dry,,,,,,,,,,,,,,,,,,,,,,,,,,,
14927813,2026-10-07 10:48:25,sim12,019170,,skip,pb2_not_crashed,,,,,,,,,,,,,,,,,,,,,,,,,,,
14927813,2026-10-07 10:48:25,sim12,012320,,skip,pb2_not_crashed,,,,,,,,,,,,,,,,,,,,,,,,,,,
14927813,2026-10-07 10:48:25,sim12,085620,,skip,pb2_not_crashed,,,,,,,,,,,,,,,,,,,,,,,,,,,
14927813,2026-10-07 10:48:25,sim12,248070,,skip,avoid_frgn_sell_20d,,,,,,,,,,,,,,,,,,,,,,,,,,,
14927813,2026-10-07 10:48:25,sim12,019175,,skip,pb2_not_crashed,,,,,,,,,,,,,,,,,,,,,,,,,,,
14927813,2026-10-07 10:48:25,sim12,465770,,skip,avoid_amount_dry,,,,,,,,,,,,,,,,,,,,,,,,,,,
14927813,2026-10-07 10:48:25,sim12,004835,,skip,pb2_not_crashed,,,,,,,,,,,,,,,,,,,,,,,,,,,
14927813,2026-10-07 10:48:25,sim12,352820,,skip,avoid_frgn_sell_20d,,,,,,,,,,,,,,,,,,,,,,,,,,,
14927813,2026-10-07 10:48:25,sim12,004060,,skip,avoid_frgn_sell_20d,,,,,,,,,,,,,,,,,,,,,,,,,,,
14927813,2026-10-07 10:48:25,sim12,004415,,skip,avoid_amount_dry,,,,,,,,,,,,,,,,,,,,,,,,,,,
14927813,2026-10-07 10:48:25,sim12,044820,,skip,avoid_amount_dry,,,,,,,,,,,,,,,,,,,,,,,,,,,
14927813,2026-10-07 10:48:25,sim12,036570,,skip,avoid_frgn_hold_drop,,,,,,,,,,,,,,,,,,,,,,,,,,,
14927813,2026-10-07 10:48:25,sim12,012170,,skip,pb2_not_crashed,,,,,,,,,,,,,,,,,,,,,,,,,,,
14927813,2026-10-07 10:48:25,sim12,001460,,skip,pb2_not_crashed,,,,,,,,,,,,,,,,,,,,,,,,,,,
14927813,2026-10-07 10:48:25,sim12,137310,,skip,pb2_not_crashed,,,,,,,,,,,,,,,,,,,,,,,,,,,
14927813,2026-10-07 10:48:25,sim12,278470,,skip,avoid_orgn_sell_high_per,,,,,,,,,,,,,,,,,,,,,,,,,,,
14927813,2026-10-07 10:48:25,sim12,000400,,skip,pb2_not_crashed,,,,,,,,,,,,,,,,,,,,,,,,,,,
14927813,2026-10-07 10:48:25,sim12,026890,,skip,avoid_frgn_sell_20d,,,,,,,,,,,,,,,,,,,,,,,,,,,
14927813,2026-10-07 10:48:25,sim12,484870,,skip,avoid_frgn_sell_20d,,,,,,,,,,,,,,,,,,,,,,,,,,,
14927813,2026-10-07 10:48:25,sim12,008040,,skip,avoid_amount_dry,,,,,,,,,,,,,,,,,,,,,,,,,,,
14927813,2026-10-07 10:48:25,sim12,005110,,skip,avoid_amount_dry,,,,,,,,,,,,,,,,,,,,,,,,,,,
14927813,2026-10-07 10:48:25,sim12,103140,,skip,avoid_frgn_sell_20d,,,,,,,,,,,,,,,,,,,,,,,,,,,
14927813,2026-10-07 10:48:25,sim12,020120,,skip,avoid_amount_dry,,,,,,,,,,,,,,,,,,,,,,,,,,,
14927813,2026-10-07 10:48:25,sim12,025560,,skip,pb2_not_crashed,,,,,,,,,,,,,,,,,,,,,,,,,,,
14927813,2026-10-07 10:48:25,sim12,298040,,skip,avoid_orgn_sell_high_per,,,,,,,,,,,,,,,,,,,,,,,,,,,
14927813,2026-10-07 10:48:25,sim12,093370,,skip,avoid_amount_dry,,,,,,,,,,,,,,,,,,,,,,,,,,,
14927813,2026-10-07 10:48:25,sim12,000880,,skip,avoid_amount_dry,,,,,,,,,,,,,,,,,,,,,,,,,,,
14927813,2026-10-07 10:48:25,sim12,006260,,skip,pb2_not_crashed,,,,,,,,,,,,,,,,,,,,,,,,,,,
14927813,2026-10-07 10:48:25,sim12,003670,,skip,avoid_frgn_sell_20d,,,,,,,,,,,,,,,,,,,,,,,,,,,
14927813,2026-10-07 10:48:25,sim12,267260,,skip,pb2_not_crashed,,,,,,,,,,,,,,,,,,,,,,,,,,,
14927813,2026-10-07 10:48:25,sim12,066575,,skip,pb2_not_crashed,,,,,,,,,,,,,,,,,,,,,,,,,,,
14927813,2026-10-07 10:48:25,sim12,267270,,skip,avoid_amount_dry,,,,,,,,,,,,,,,,,,,,,,,,,,,
14927813,2026-10-07 10:48:25,sim12,001440,,skip,avoid_frgn_sell_20d,,,,,,,,,,,,,,,,,,,,,,,,,,,
14927813,2026-10-07 10:48:25,sim12,047810,,skip,avoid_amount_dry,,,,,,,,,,,,,,,,,,,,,,,,,,,
14927813,2026-10-07 10:48:25,sim12,079550,,skip,avoid_amount_dry,,,,,,,,,,,,,,,,,,,,,,,,,,,
14927813,2026-10-07 10:48:25,sim12,001430,,skip,avoid_amount_dry,,,,,,,,,,,,,,,,,,,,,,,,,,,
14927813,2026-10-07 10:48:25,sim12,006110,,skip,avoid_amount_dry,,,,,,,,,,,,,,,,,,,,,,,,,,,
14927813,2026-10-07 10:48:25,sim12,004020,,skip,avoid_amount_dry,,,,,,,,,,,,,,,,,,,,,,,,,,,
14927813,2026-10-07 10:48:25,sim12,480370,,skip,avoid_amount_dry,,,,,,,,,,,,,,,,,,,,,,,,,,,
14927813,2026-10-07 10:48:25,sim12,009540,,skip,avoid_amount_dry,,,,,,,,,,,,,,,,,,,,,,,,,,,
14927813,2026-10-07 10:48:25,sim12,139130,,skip,avoid_amount_dry,,,,,,,,,,,,,,,,,,,,,,,,,,,
14927813,2026-10-07 10:48:25,sim12,009420,,skip,avoid_amount_dry,,,,,,,,,,,,,,,,,,,,,,,,,,,
14927813,2026-10-07 10:48:25,sim12,267250,,skip,avoid_amount_dry,,,,,,,,,,,,,,,,,,,,,,,,,,,
14927813,2026-10-07 10:48:25,sim12,000950,,skip,avoid_amount_dry,,,,,,,,,,,,,,,,,,,,,,,,,,,
14927813,2026-10-07 10:48:25,sim12,071950,,skip,avoid_amount_dry,,,,,,,,,,,,,,,,,,,,,,,,,,,
14927813,2026-10-07 10:48:25,sim12,329180,,skip,avoid_amount_dry,,,,,,,,,,,,,,,,,,,,,,,,,,,
14927813,2026-10-07 10:48:25,sim12,010120,,skip,pb2_not_crashed,,,,,,,,,,,,,,,,,,,,,,,,,,,
14927813,2026-10-07 10:48:25,sim12,092220,,skip,avoid_amount_dry,,,,,,,,,,,,,,,,,,,,,,,,,,,
14927813,2026-10-07 10:48:25,sim12,317400,,skip,avoid_amount_dry,,,,,,,,,,,,,,,,,,,,,,,,,,,
14927813,2026-10-07 10:48:25,sim12,002420,,skip,avoid_amount_dry,,,,,,,,,,,,,,,,,,,,,,,,,,,
14927814,2026-10-07 10:50:09,sim12,084670,,skip,pb2_not_crashed,,,,,,,,,,,,,,,,,,,,,,,,,,,
14927814,2026-10-07 10:50:09,sim12,000650,,skip,pb2_not_crashed,,,,,,,,,,,,,,,,,,,,,,,,,,,
14927814,2026-10-07 10:50:09,sim12,002720,,skip,avoid_frgn_sell_20d,,,,,,,,,,,,,,,,,,,,,,,,,,,
14927814,2026-10-07 10:50:09,sim12,009190,,skip,avoid_deadcat,,,,,,,,,,,,,,,,,,,,,,,,,,,
14927814,2026-10-07 10:50:09,sim12,015260,,skip,avoid_deadcat,,,,,,,,,,,,,,,,,,,,,,,,,,,
14927814,2026-10-07 10:50:09,sim12,128820,,skip,pb2_not_crashed,,,,,,,,,,,,,,,,,,,,,,,,,,,
14927814,2026-10-07 10:50:09,sim12,003350,,skip,pb2_not_crashed,,,,,,,,,,,,,,,,,,,,,,,,,,,
14927814,2026-10-07 10:50:09,sim12,281820,,skip,pb2_not_crashed,,,,,,,,,,,,,,,,,,,,,,,,,,,
14927814,2026-10-07 10:50:09,sim12,063160,,skip,avoid_frgn_sell_20d,,,,,,,,,,,,,,,,,,,,,,,,,,,
14927814,2026-10-07 10:50:09,sim12,011090,,skip,avoid_amount_dry,,,,,,,,,,,,,,,,,,,,,,,,,,,
14927814,2026-10-07 10:50:09,sim12,085620,,skip,pb2_not_crashed,,,,,,,,,,,,,,,,,,,,,,,,,,,
14927814,2026-10-07 10:50:09,sim12,012320,,skip,pb2_not_crashed,,,,,,,,,,,,,,,,,,,,,,,,,,,
14927814,2026-10-07 10:50:09,sim12,019170,,skip,pb2_not_crashed,,,,,,,,,,,,,,,,,,,,,,,,,,,
14927814,2026-10-07 10:50:09,sim12,248070,,skip,avoid_frgn_sell_20d,,,,,,,,,,,,,,,,,,,,,,,,,,,
14927814,2026-10-07 10:50:09,sim12,019175,,skip,pb2_not_crashed,,,,,,,,,,,,,,,,,,,,,,,,,,,
14927814,2026-10-07 10:50:09,sim12,465770,,skip,avoid_amount_dry,,,,,,,,,,,,,,,,,,,,,,,,,,,
14927814,2026-10-07 10:50:09,sim12,004835,,skip,pb2_not_crashed,,,,,,,,,,,,,,,,,,,,,,,,,,,
14927814,2026-10-07 10:50:09,sim12,004060,,skip,avoid_frgn_sell_20d,,,,,,,,,,,,,,,,,,,,,,,,,,,
14927814,2026-10-07 10:50:09,sim12,352820,,skip,avoid_frgn_sell_20d,,,,,,,,,,,,,,,,,,,,,,,,,,,
14927814,2026-10-07 10:50:09,sim12,036570,,skip,avoid_frgn_hold_drop,,,,,,,,,,,,,,,,,,,,,,,,,,,
14927814,2026-10-07 10:50:09,sim12,004415,,skip,avoid_amount_dry,,,,,,,,,,,,,,,,,,,,,,,,,,,
14927814,2026-10-07 10:50:09,sim12,044820,,skip,avoid_amount_dry,,,,,,,,,,,,,,,,,,,,,,,,,,,
14927814,2026-10-07 10:50:09,sim12,012170,,skip,pb2_not_crashed,,,,,,,,,,,,,,,,,,,,,,,,,,,
14927814,2026-10-07 10:50:09,sim12,137310,,skip,pb2_not_crashed,,,,,,,,,,,,,,,,,,,,,,,,,,,
14927814,2026-10-07 10:50:09,sim12,278470,,skip,avoid_orgn_sell_high_per,,,,,,,,,,,,,,,,,,,,,,,,,,,
14927814,2026-10-07 10:50:09,sim12,000400,,skip,pb2_not_crashed,,,,,,,,,,,,,,,,,,,,,,,,,,,
14927814,2026-10-07 10:50:09,sim12,001460,,skip,pb2_not_crashed,,,,,,,,,,,,,,,,,,,,,,,,,,,
14927814,2026-10-07 10:50:09,sim12,005180,,skip,avoid_amount_dry,,,,,,,,,,,,,,,,,,,,,,,,,,,
14927814,2026-10-07 10:50:09,sim12,090430,,skip,avoid_amount_dry,,,,,,,,,,,,,,,,,,,,,,,,,,,
14927814,2026-10-07 10:50:09,sim12,111770,,skip,avoid_amount_dry,,,,,,,,,,,,,,,,,,,,,,,,,,,
14927814,2026-10-07 10:50:09,sim12,005110,,skip,avoid_amount_dry,,,,,,,,,,,,,,,,,,,,,,,,,,,
14927814,2026-10-07 10:50:09,sim12,103140,,skip,avoid_frgn_sell_20d,,,,,,,,,,,,,,,,,,,,,,,,,,,
14927814,2026-10-07 10:50:09,sim12,020120,,skip,avoid_amount_dry,,,,,,,,,,,,,,,,,,,,,,,,,,,
14927814,2026-10-07 10:50:09,sim12,025560,,skip,pb2_not_crashed,,,,,,,,,,,,,,,,,,,,,,,,,,,
14927814,2026-10-07 10:50:09,sim12,093370,,skip,avoid_amount_dry,,,,,,,,,,,,,,,,,,,,,,,,,,,
14927814,2026-10-07 10:50:09,sim12,298040,,skip,avoid_orgn_sell_high_per,,,,,,,,,,,,,,,,,,,,,,,,,,,
14927814,2026-10-07 10:50:09,sim12,267260,,skip,pb2_not_crashed,,,,,,,,,,,,,,,,,,,,,,,,,,,
14927814,2026-10-07 10:50:09,sim12,000880,,skip,avoid_amount_dry,,,,,,,,,,,,,,,,,,,,,,,,,,,
14927814,2026-10-07 10:50:09,sim12,003670,,skip,avoid_frgn_sell_20d,,,,,,,,,,,,,,,,,,,,,,,,,,,
14927814,2026-10-07 10:50:09,sim12,006260,,skip,pb2_not_crashed,,,,,,,,,,,,,,,,,,,,,,,,,,,
14927814,2026-10-07 10:50:09,sim12,001440,,skip,avoid_frgn_sell_20d,,,,,,,,,,,,,,,,,,,,,,,,,,,
14927814,2026-10-07 10:50:09,sim12,066575,,skip,pb2_not_crashed,,,,,,,,,,,,,,,,,,,,,,,,,,,
14927814,2026-10-07 10:50:09,sim12,267270,,skip,avoid_amount_dry,,,,,,,,,,,,,,,,,,,,,,,,,,,
14927814,2026-10-07 10:50:09,sim12,079550,,skip,avoid_amount_dry,,,,,,,,,,,,,,,,,,,,,,,,,,,
14927814,2026-10-07 10:50:09,sim12,001430,,skip,avoid_amount_dry,,,,,,,,,,,,,,,,,,,,,,,,,,,
14927814,2026-10-07 10:50:09,sim12,047810,,skip,avoid_amount_dry,,,,,,,,,,,,,,,,,,,,,,,,,,,
14927814,2026-10-07 10:50:09,sim12,004020,,skip,avoid_amount_dry,,,,,,,,,,,,,,,,,,,,,,,,,,,
14927814,2026-10-07 10:50:09,sim12,139130,,skip,avoid_amount_dry,,,,,,,,,,,,,,,,,,,,,,,,,,,
14927814,2026-10-07 10:50:09,sim12,009540,,skip,avoid_amount_dry,,,,,,,,,,,,,,,,,,,,,,,,,,,
14927814,2026-10-07 10:50:09,sim12,480370,,skip,avoid_amount_dry,,,,,,,,,,,,,,,,,,,,,,,,,,,
14927814,2026-10-07 10:50:09,sim12,010120,,skip,pb2_not_crashed,,,,,,,,,,,,,,,,,,,,,,,,,,,
14927814,2026-10-07 10:50:09,sim12,267250,,skip,avoid_amount_dry,,,,,,,,,,,,,,,,,,,,,,,,,,,
14927814,2026-10-07 10:50:09,sim12,000950,,skip,avoid_amount_dry,,,,,,,,,,,,,,,,,,,,,,,,,,,
14927814,2026-10-07 10:50:09,sim12,003580,,skip,pb2_not_crashed,,,,,,,,,,,,,,,,,,,,,,,,,,,
14927814,2026-10-07 10:50:09,sim12,092220,,skip,avoid_amount_dry,,,,,,,,,,,,,,,,,,,,,,,,,,,
14927814,2026-10-07 10:50:09,sim12,009420,,skip,avoid_amount_dry,,,,,,,,,,,,,,,,,,,,,,,,,,,
14927814,2026-10-07 10:50:09,sim12,329180,,skip,avoid_amount_dry,,,,,,,,,,,,,,,,,,,,,,,,,,,
14927814,2026-10-07 10:50:09,sim12,210980,,skip,avoid_amount_dry,,,,,,,,,,,,,,,,,,,,,,,,,,,
14927814,2026-10-07 10:50:09,sim12,066570,,skip,pb2_not_crashed,,,,,,,,,,,,,,,,,,,,,,,,,,,
14927814,2026-10-07 10:50:09,sim12,317400,,skip,avoid_amount_dry,,,,,,,,,,,,,,,,,,,,,,,,,,,
14927815,2026-10-07 10:52:35,sim12,084670,,skip,pb2_not_crashed,,,,,,,,,,,,,,,,,,,,,,,,,,,
14927815,2026-10-07 10:52:35,sim12,000650,,skip,pb2_not_crashed,,,,,,,,,,,,,,,,,,,,,,,,,,,
14927815,2026-10-07 10:52:35,sim12,002720,,skip,avoid_frgn_sell_20d,,,,,,,,,,,,,,,,,,,,,,,,,,,
14927815,2026-10-07 10:52:35,sim12,009190,,skip,avoid_deadcat,,,,,,,,,,,,,,,,,,,,,,,,,,,
14927815,2026-10-07 10:52:35,sim12,011090,,skip,avoid_amount_dry,,,,,,,,,,,,,,,,,,,,,,,,,,,
14927815,2026-10-07 10:52:35,sim12,015260,,skip,avoid_deadcat,,,,,,,,,,,,,,,,,,,,,,,,,,,
14927815,2026-10-07 10:52:35,sim12,128820,,skip,pb2_not_crashed,,,,,,,,,,,,,,,,,,,,,,,,,,,
14927815,2026-10-07 10:52:35,sim12,003350,,skip,pb2_not_crashed,,,,,,,,,,,,,,,,,,,,,,,,,,,
14927815,2026-10-07 10:52:35,sim12,281820,,skip,pb2_not_crashed,,,,,,,,,,,,,,,,,,,,,,,,,,,
14927815,2026-10-07 10:52:35,sim12,063160,,skip,avoid_frgn_sell_20d,,,,,,,,,,,,,,,,,,,,,,,,,,,
14927815,2026-10-07 10:52:35,sim12,085620,,skip,pb2_not_crashed,,,,,,,,,,,,,,,,,,,,,,,,,,,
14927815,2026-10-07 10:52:35,sim12,012320,,skip,pb2_not_crashed,,,,,,,,,,,,,,,,,,,,,,,,,,,
14927815,2026-10-07 10:52:35,sim12,019170,,skip,pb2_not_crashed,,,,,,,,,,,,,,,,,,,,,,,,,,,
14927815,2026-10-07 10:52:35,sim12,019175,,skip,pb2_not_crashed,,,,,,,,,,,,,,,,,,,,,,,,,,,
14927815,2026-10-07 10:52:35,sim12,465770,,skip,avoid_amount_dry,,,,,,,,,,,,,,,,,,,,,,,,,,,
14927815,2026-10-07 10:52:35,sim12,248070,,skip,avoid_frgn_sell_20d,,,,,,,,,,,,,,,,,,,,,,,,,,,
14927815,2026-10-07 10:52:35,sim12,004835,,skip,pb2_not_crashed,,,,,,,,,,,,,,,,,,,,,,,,,,,
14927815,2026-10-07 10:52:35,sim12,352820,,skip,avoid_frgn_sell_20d,,,,,,,,,,,,,,,,,,,,,,,,,,,
14927815,2026-10-07 10:52:35,sim12,004060,,skip,avoid_frgn_sell_20d,,,,,,,,,,,,,,,,,,,,,,,,,,,
14927815,2026-10-07 10:52:35,sim12,004415,,skip,avoid_amount_dry,,,,,,,,,,,,,,,,,,,,,,,,,,,
14927815,2026-10-07 10:52:35,sim12,036570,,skip,avoid_frgn_hold_drop,,,,,,,,,,,,,,,,,,,,,,,,,,,
14927815,2026-10-07 10:52:35,sim12,044820,,skip,avoid_amount_dry,,,,,,,,,,,,,,,,,,,,,,,,,,,
14927815,2026-10-07 10:52:35,sim12,137310,,skip,pb2_not_crashed,,,,,,,,,,,,,,,,,,,,,,,,,,,
14927815,2026-10-07 10:52:35,sim12,012170,,skip,pb2_not_crashed,,,,,,,,,,,,,,,,,,,,,,,,,,,
14927815,2026-10-07 10:52:35,sim12,278470,,skip,avoid_orgn_sell_high_per,,,,,,,,,,,,,,,,,,,,,,,,,,,
14927815,2026-10-07 10:52:35,sim12,484870,,skip,avoid_frgn_sell_20d,,,,,,,,,,,,,,,,,,,,,,,,,,,
14927815,2026-10-07 10:52:35,sim12,001460,,skip,pb2_not_crashed,,,,,,,,,,,,,,,,,,,,,,,,,,,
14927815,2026-10-07 10:52:35,sim12,000020,,skip,pb2_not_crashed,,,,,,,,,,,,,,,,,,,,,,,,,,,
14927815,2026-10-07 10:52:35,sim12,000400,,skip,pb2_not_crashed,,,,,,,,,,,,,,,,,,,,,,,,,,,
14927815,2026-10-07 10:52:35,sim12,005180,,skip,avoid_amount_dry,,,,,,,,,,,,,,,,,,,,,,,,,,,
14927815,2026-10-07 10:52:35,sim12,005110,,skip,avoid_amount_dry,,,,,,,,,,,,,,,,,,,,,,,,,,,
14927815,2026-10-07 10:52:35,sim12,103140,,skip,avoid_frgn_sell_20d,,,,,,,,,,,,,,,,,,,,,,,,,,,
14927815,2026-10-07 10:52:35,sim12,020120,,skip,avoid_amount_dry,,,,,,,,,,,,,,,,,,,,,,,,,,,
14927815,2026-10-07 10:52:35,sim12,025560,,skip,pb2_not_crashed,,,,,,,,,,,,,,,,,,,,,,,,,,,
14927815,2026-10-07 10:52:35,sim12,093370,,skip,avoid_amount_dry,,,,,,,,,,,,,,,,,,,,,,,,,,,
14927815,2026-10-07 10:52:35,sim12,298040,,skip,avoid_orgn_sell_high_per,,,,,,,,,,,,,,,,,,,,,,,,,,,
14927815,2026-10-07 10:52:35,sim12,267260,,skip,pb2_not_crashed,,,,,,,,,,,,,,,,,,,,,,,,,,,
14927815,2026-10-07 10:52:35,sim12,006260,,skip,pb2_not_crashed,,,,,,,,,,,,,,,,,,,,,,,,,,,
14927815,2026-10-07 10:52:35,sim12,000880,,skip,avoid_amount_dry,,,,,,,,,,,,,,,,,,,,,,,,,,,
14927815,2026-10-07 10:52:35,sim12,003670,,skip,avoid_frgn_sell_20d,,,,,,,,,,,,,,,,,,,,,,,,,,,
14927815,2026-10-07 10:52:35,sim12,066575,,skip,pb2_not_crashed,,,,,,,,,,,,,,,,,,,,,,,,,,,
14927815,2026-10-07 10:52:35,sim12,001440,,skip,avoid_frgn_sell_20d,,,,,,,,,,,,,,,,,,,,,,,,,,,
14927815,2026-10-07 10:52:35,sim12,267270,,skip,avoid_amount_dry,,,,,,,,,,,,,,,,,,,,,,,,,,,
14927815,2026-10-07 10:52:35,sim12,001430,,skip,avoid_amount_dry,,,,,,,,,,,,,,,,,,,,,,,,,,,
14927815,2026-10-07 10:52:35,sim12,079550,,skip,avoid_amount_dry,,,,,,,,,,,,,,,,,,,,,,,,,,,
14927815,2026-10-07 10:52:35,sim12,047810,,skip,avoid_amount_dry,,,,,,,,,,,,,,,,,,,,,,,,,,,
14927815,2026-10-07 10:52:35,sim12,004020,,skip,avoid_amount_dry,,,,,,,,,,,,,,,,,,,,,,,,,,,
14927815,2026-10-07 10:52:35,sim12,139130,,skip,avoid_amount_dry,,,,,,,,,,,,,,,,,,,,,,,,,,,
14927815,2026-10-07 10:52:35,sim12,009540,,skip,avoid_amount_dry,,,,,,,,,,,,,,,,,,,,,,,,,,,
14927815,2026-10-07 10:52:35,sim12,006110,,skip,avoid_amount_dry,,,,,,,,,,,,,,,,,,,,,,,,,,,
14927815,2026-10-07 10:52:35,sim12,010120,,skip,pb2_not_crashed,,,,,,,,,,,,,,,,,,,,,,,,,,,
14927815,2026-10-07 10:52:35,sim12,009420,,skip,avoid_amount_dry,,,,,,,,,,,,,,,,,,,,,,,,,,,
14927815,2026-10-07 10:52:35,sim12,002420,,skip,avoid_amount_dry,,,,,,,,,,,,,,,,,,,,,,,,,,,
14927815,2026-10-07 10:52:35,sim12,007660,,skip,pb2_not_crashed,,,,,,,,,,,,,,,,,,,,,,,,,,,
14927815,2026-10-07 10:52:35,sim12,267250,,skip,avoid_amount_dry,,,,,,,,,,,,,,,,,,,,,,,,,,,
14927815,2026-10-07 10:52:35,sim12,000950,,skip,avoid_amount_dry,,,,,,,,,,,,,,,,,,,,,,,,,,,
14927815,2026-10-07 10:52:35,sim12,336260,,skip,avoid_amount_dry,,,,,,,,,,,,,,,,,,,,,,,,,,,
14927815,2026-10-07 10:52:35,sim12,480370,,skip,avoid_amount_dry,,,,,,,,,,,,,,,,,,,,,,,,,,,
14927815,2026-10-07 10:52:35,sim12,329180,,skip,avoid_amount_dry,,,,,,,,,,,,,,,,,,,,,,,,,,,
14927815,2026-10-07 10:52:35,sim12,006800,,skip,avoid_amount_dry,,,,,,,,,,,,,,,,,,,,,,,,,,,
14927816,2026-10-07 10:54:45,sim12,084670,,skip,pb2_not_crashed,,,,,,,,,,,,,,,,,,,,,,,,,,,
14927816,2026-10-07 10:54:45,sim12,000650,,skip,pb2_not_crashed,,,,,,,,,,,,,,,,,,,,,,,,,,,
14927816,2026-10-07 10:54:45,sim12,002720,,skip,avoid_frgn_sell_20d,,,,,,,,,,,,,,,,,,,,,,,,,,,
14927816,2026-10-07 10:54:45,sim12,009190,,skip,avoid_deadcat,,,,,,,,,,,,,,,,,,,,,,,,,,,
14927816,2026-10-07 10:54:45,sim12,015260,,skip,avoid_deadcat,,,,,,,,,,,,,,,,,,,,,,,,,,,
14927816,2026-10-07 10:54:45,sim12,128820,,skip,pb2_not_crashed,,,,,,,,,,,,,,,,,,,,,,,,,,,
14927816,2026-10-07 10:54:45,sim12,063160,,skip,avoid_frgn_sell_20d,,,,,,,,,,,,,,,,,,,,,,,,,,,
14927816,2026-10-07 10:54:45,sim12,003350,,skip,pb2_not_crashed,,,,,,,,,,,,,,,,,,,,,,,,,,,
14927816,2026-10-07 10:54:45,sim12,281820,,skip,pb2_not_crashed,,,,,,,,,,,,,,,,,,,,,,,,,,,
14927816,2026-10-07 10:54:45,sim12,011090,,skip,avoid_amount_dry,,,,,,,,,,,,,,,,,,,,,,,,,,,
14927816,2026-10-07 10:54:45,sim12,085620,,skip,pb2_not_crashed,,,,,,,,,,,,,,,,,,,,,,,,,,,
14927816,2026-10-07 10:54:45,sim12,012320,,skip,pb2_not_crashed,,,,,,,,,,,,,,,,,,,,,,,,,,,
14927816,2026-10-07 10:54:45,sim12,019170,,skip,pb2_not_crashed,,,,,,,,,,,,,,,,,,,,,,,,,,,
14927816,2026-10-07 10:54:45,sim12,019175,,skip,pb2_not_crashed,,,,,,,,,,,,,,,,,,,,,,,,,,,
14927816,2026-10-07 10:54:45,sim12,248070,,skip,avoid_frgn_sell_20d,,,,,,,,,,,,,,,,,,,,,,,,,,,
14927816,2026-10-07 10:54:45,sim12,465770,,skip,avoid_amount_dry,,,,,,,,,,,,,,,,,,,,,,,,,,,
14927816,2026-10-07 10:54:45,sim12,004835,,skip,pb2_not_crashed,,,,,,,,,,,,,,,,,,,,,,,,,,,
14927816,2026-10-07 10:54:45,sim12,352820,,skip,avoid_frgn_sell_20d,,,,,,,,,,,,,,,,,,,,,,,,,,,
14927816,2026-10-07 10:54:45,sim12,004060,,skip,avoid_frgn_sell_20d,,,,,,,,,,,,,,,,,,,,,,,,,,,
14927816,2026-10-07 10:54:45,sim12,004415,,skip,avoid_amount_dry,,,,,,,,,,,,,,,,,,,,,,,,,,,
14927816,2026-10-07 10:54:45,sim12,044820,,skip,avoid_amount_dry,,,,,,,,,,,,,,,,,,,,,,,,,,,
14927816,2026-10-07 10:54:45,sim12,036570,,skip,avoid_frgn_hold_drop,,,,,,,,,,,,,,,,,,,,,,,,,,,
14927816,2026-10-07 10:54:45,sim12,012170,,skip,pb2_not_crashed,,,,,,,,,,,,,,,,,,,,,,,,,,,
14927816,2026-10-07 10:54:45,sim12,001460,,skip,pb2_not_crashed,,,,,,,,,,,,,,,,,,,,,,,,,,,
14927816,2026-10-07 10:54:45,sim12,137310,,skip,pb2_not_crashed,,,,,,,,,,,,,,,,,,,,,,,,,,,
14927816,2026-10-07 10:54:45,sim12,278470,,skip,avoid_orgn_sell_high_per,,,,,,,,,,,,,,,,,,,,,,,,,,,
14927816,2026-10-07 10:54:45,sim12,000400,,skip,pb2_not_crashed,,,,,,,,,,,,,,,,,,,,,,,,,,,
14927816,2026-10-07 10:54:45,sim12,111770,,skip,avoid_amount_dry,,,,,,,,,,,,,,,,,,,,,,,,,,,
14927816,2026-10-07 10:54:45,sim12,018670,,skip,avoid_frgn_sell_20d,,,,,,,,,,,,,,,,,,,,,,,,,,,
14927816,2026-10-07 10:54:45,sim12,005180,,skip,avoid_amount_dry,,,,,,,,,,,,,,,,,,,,,,,,,,,
14927816,2026-10-07 10:54:45,sim12,005110,,skip,avoid_amount_dry,,,,,,,,,,,,,,,,,,,,,,,,,,,
14927816,2026-10-07 10:54:45,sim12,103140,,skip,avoid_frgn_sell_20d,,,,,,,,,,,,,,,,,,,,,,,,,,,
14927816,2026-10-07 10:54:45,sim12,020120,,skip,pb2_thin_liquidity,,,,,,,,,,,,,,,,,,,,,,,,,,,
14927816,2026-10-07 10:54:45,sim12,025560,,skip,pb2_not_crashed,,,,,,,,,,,,,,,,,,,,,,,,,,,
14927816,2026-10-07 10:54:45,sim12,093370,,skip,avoid_amount_dry,,,,,,,,,,,,,,,,,,,,,,,,,,,
14927816,2026-10-07 10:54:45,sim12,298040,,skip,avoid_orgn_sell_high_per,,,,,,,,,,,,,,,,,,,,,,,,,,,
14927816,2026-10-07 10:54:45,sim12,003670,,skip,avoid_frgn_sell_20d,,,,,,,,,,,,,,,,,,,,,,,,,,,
14927816,2026-10-07 10:54:45,sim12,267260,,skip,pb2_not_crashed,,,,,,,,,,,,,,,,,,,,,,,,,,,
14927816,2026-10-07 10:54:45,sim12,006260,,skip,pb2_not_crashed,,,,,,,,,,,,,,,,,,,,,,,,,,,
14927816,2026-10-07 10:54:45,sim12,000880,,skip,avoid_amount_dry,,,,,,,,,,,,,,,,,,,,,,,,,,,
14927816,2026-10-07 10:54:45,sim12,066575,,skip,pb2_not_crashed,,,,,,,,,,,,,,,,,,,,,,,,,,,
14927816,2026-10-07 10:54:45,sim12,001440,,skip,avoid_frgn_sell_20d,,,,,,,,,,,,,,,,,,,,,,,,,,,
14927816,2026-10-07 10:54:45,sim12,267270,,skip,avoid_amount_dry,,,,,,,,,,,,,,,,,,,,,,,,,,,
14927816,2026-10-07 10:54:45,sim12,001430,,skip,avoid_amount_dry,,,,,,,,,,,,,,,,,,,,,,,,,,,
14927816,2026-10-07 10:54:45,sim12,079550,,skip,avoid_amount_dry,,,,,,,,,,,,,,,,,,,,,,,,,,,
14927816,2026-10-07 10:54:45,sim12,047810,,skip,avoid_amount_dry,,,,,,,,,,,,,,,,,,,,,,,,,,,
14927816,2026-10-07 10:54:45,sim12,004020,,skip,avoid_amount_dry,,,,,,,,,,,,,,,,,,,,,,,,,,,
14927816,2026-10-07 10:54:45,sim12,009540,,skip,avoid_amount_dry,,,,,,,,,,,,,,,,,,,,,,,,,,,
14927816,2026-10-07 10:54:45,sim12,006110,,skip,avoid_amount_dry,,,,,,,,,,,,,,,,,,,,,,,,,,,
14927816,2026-10-07 10:54:45,sim12,139130,,skip,avoid_amount_dry,,,,,,,,,,,,,,,,,,,,,,,,,,,
14927816,2026-10-07 10:54:45,sim12,480370,,skip,avoid_amount_dry,,,,,,,,,,,,,,,,,,,,,,,,,,,
14927816,2026-10-07 10:54:45,sim12,336260,,skip,avoid_amount_dry,,,,,,,,,,,,,,,,,,,,,,,,,,,
14927816,2026-10-07 10:54:45,sim12,007660,,skip,pb2_not_crashed,,,,,,,,,,,,,,,,,,,,,,,,,,,
14927816,2026-10-07 10:54:45,sim12,009420,,skip,avoid_amount_dry,,,,,,,,,,,,,,,,,,,,,,,,,,,
14927816,2026-10-07 10:54:45,sim12,092220,,skip,avoid_amount_dry,,,,,,,,,,,,,,,,,,,,,,,,,,,
14927816,2026-10-07 10:54:45,sim12,267250,,skip,avoid_amount_dry,,,,,,,,,,,,,,,,,,,,,,,,,,,
14927816,2026-10-07 10:54:45,sim12,010120,,skip,pb2_not_crashed,,,,,,,,,,,,,,,,,,,,,,,,,,,
14927816,2026-10-07 10:54:45,sim12,329180,,skip,avoid_amount_dry,,,,,,,,,,,,,,,,,,,,,,,,,,,
14927816,2026-10-07 10:54:45,sim12,317400,,skip,avoid_amount_dry,,,,,,,,,,,,,,,,,,,,,,,,,,,
14927816,2026-10-07 10:54:45,sim12,000950,,skip,avoid_amount_dry,,,,,,,,,,,,,,,,,,,,,,,,,,,
14927817,2026-10-07 10:56:52,sim12,084670,,skip,pb2_not_crashed,,,,,,,,,,,,,,,,,,,,,,,,,,,
14927817,2026-10-07 10:56:52,sim12,000650,,skip,pb2_not_crashed,,,,,,,,,,,,,,,,,,,,,,,,,,,
14927817,2026-10-07 10:56:52,sim12,002720,,skip,avoid_frgn_sell_20d,,,,,,,,,,,,,,,,,,,,,,,,,,,
14927817,2026-10-07 10:56:52,sim12,009190,,skip,avoid_deadcat,,,,,,,,,,,,,,,,,,,,,,,,,,,
14927817,2026-10-07 10:56:52,sim12,015260,,skip,avoid_deadcat,,,,,,,,,,,,,,,,,,,,,,,,,,,
14927817,2026-10-07 10:56:52,sim12,128820,,skip,pb2_not_crashed,,,,,,,,,,,,,,,,,,,,,,,,,,,
14927817,2026-10-07 10:56:52,sim12,063160,,skip,avoid_frgn_sell_20d,,,,,,,,,,,,,,,,,,,,,,,,,,,
14927817,2026-10-07 10:56:52,sim12,281820,,skip,pb2_not_crashed,,,,,,,,,,,,,,,,,,,,,,,,,,,
14927817,2026-10-07 10:56:52,sim12,003350,,skip,pb2_not_crashed,,,,,,,,,,,,,,,,,,,,,,,,,,,
14927817,2026-10-07 10:56:52,sim12,011090,,skip,avoid_amount_dry,,,,,,,,,,,,,,,,,,,,,,,,,,,
14927817,2026-10-07 10:56:52,sim12,085620,,skip,pb2_not_crashed,,,,,,,,,,,,,,,,,,,,,,,,,,,
14927817,2026-10-07 10:56:52,sim12,012320,,skip,pb2_not_crashed,,,,,,,,,,,,,,,,,,,,,,,,,,,
14927817,2026-10-07 10:56:52,sim12,019170,,skip,pb2_not_crashed,,,,,,,,,,,,,,,,,,,,,,,,,,,
14927817,2026-10-07 10:56:52,sim12,465770,,skip,avoid_amount_dry,,,,,,,,,,,,,,,,,,,,,,,,,,,
14927817,2026-10-07 10:56:52,sim12,019175,,skip,pb2_not_crashed,,,,,,,,,,,,,,,,,,,,,,,,,,,
14927817,2026-10-07 10:56:52,sim12,248070,,skip,avoid_frgn_sell_20d,,,,,,,,,,,,,,,,,,,,,,,,,,,
14927817,2026-10-07 10:56:52,sim12,004835,,skip,pb2_not_crashed,,,,,,,,,,,,,,,,,,,,,,,,,,,
14927817,2026-10-07 10:56:52,sim12,352820,,skip,avoid_frgn_sell_20d,,,,,,,,,,,,,,,,,,,,,,,,,,,
14927817,2026-10-07 10:56:52,sim12,004060,,skip,avoid_frgn_sell_20d,,,,,,,,,,,,,,,,,,,,,,,,,,,
14927817,2026-10-07 10:56:52,sim12,004415,,skip,avoid_amount_dry,,,,,,,,,,,,,,,,,,,,,,,,,,,
14927817,2026-10-07 10:56:52,sim12,036570,,skip,avoid_frgn_hold_drop,,,,,,,,,,,,,,,,,,,,,,,,,,,
14927817,2026-10-07 10:56:52,sim12,044820,,skip,avoid_amount_dry,,,,,,,,,,,,,,,,,,,,,,,,,,,
14927817,2026-10-07 10:56:52,sim12,012170,,skip,pb2_not_crashed,,,,,,,,,,,,,,,,,,,,,,,,,,,
14927817,2026-10-07 10:56:52,sim12,137310,,skip,pb2_not_crashed,,,,,,,,,,,,,,,,,,,,,,,,,,,
14927817,2026-10-07 10:56:52,sim12,278470,,skip,avoid_orgn_sell_high_per,,,,,,,,,,,,,,,,,,,,,,,,,,,
14927817,2026-10-07 10:56:52,sim12,001460,,skip,pb2_not_crashed,,,,,,,,,,,,,,,,,,,,,,,,,,,
14927817,2026-10-07 10:56:52,sim12,000400,,skip,pb2_not_crashed,,,,,,,,,,,,,,,,,,,,,,,,,,,
14927817,2026-10-07 10:56:52,sim12,018670,,skip,avoid_frgn_sell_20d,,,,,,,,,,,,,,,,,,,,,,,,,,,
14927817,2026-10-07 10:56:52,sim12,111770,,skip,avoid_amount_dry,,,,,,,,,,,,,,,,,,,,,,,,,,,
14927817,2026-10-07 10:56:52,sim12,000020,,skip,pb2_not_crashed,,,,,,,,,,,,,,,,,,,,,,,,,,,
14927817,2026-10-07 10:56:52,sim12,005110,,skip,avoid_amount_dry,,,,,,,,,,,,,,,,,,,,,,,,,,,
14927817,2026-10-07 10:56:52,sim12,103140,,skip,avoid_frgn_sell_20d,,,,,,,,,,,,,,,,,,,,,,,,,,,
14927817,2026-10-07 10:56:52,sim12,025560,,skip,pb2_not_crashed,,,,,,,,,,,,,,,,,,,,,,,,,,,
14927817,2026-10-07 10:56:52,sim12,020120,,skip,pb2_thin_liquidity,,,,,,,,,,,,,,,,,,,,,,,,,,,
14927817,2026-10-07 10:56:52,sim12,093370,,skip,avoid_amount_dry,,,,,,,,,,,,,,,,,,,,,,,,,,,
14927817,2026-10-07 10:56:52,sim12,298040,,skip,avoid_orgn_sell_high_per,,,,,,,,,,,,,,,,,,,,,,,,,,,
14927817,2026-10-07 10:56:52,sim12,003670,,skip,avoid_frgn_sell_20d,,,,,,,,,,,,,,,,,,,,,,,,,,,
14927817,2026-10-07 10:56:52,sim12,267260,,skip,pb2_not_crashed,,,,,,,,,,,,,,,,,,,,,,,,,,,
14927817,2026-10-07 10:56:52,sim12,000880,,skip,avoid_amount_dry,,,,,,,,,,,,,,,,,,,,,,,,,,,
14927817,2026-10-07 10:56:52,sim12,066575,,skip,pb2_not_crashed,,,,,,,,,,,,,,,,,,,,,,,,,,,
14927817,2026-10-07 10:56:52,sim12,006260,,skip,pb2_not_crashed,,,,,,,,,,,,,,,,,,,,,,,,,,,
14927817,2026-10-07 10:56:52,sim12,001440,,skip,avoid_frgn_sell_20d,,,,,,,,,,,,,,,,,,,,,,,,,,,
14927817,2026-10-07 10:56:52,sim12,267270,,skip,avoid_amount_dry,,,,,,,,,,,,,,,,,,,,,,,,,,,
14927817,2026-10-07 10:56:52,sim12,079550,,skip,pb2_not_crashed,,,,,,,,,,,,,,,,,,,,,,,,,,,
14927817,2026-10-07 10:56:52,sim12,006110,,skip,avoid_amount_dry,,,,,,,,,,,,,,,,,,,,,,,,,,,
14927817,2026-10-07 10:56:52,sim12,001430,,skip,avoid_amount_dry,,,,,,,,,,,,,,,,,,,,,,,,,,,
14927817,2026-10-07 10:56:52,sim12,047810,,skip,avoid_amount_dry,,,,,,,,,,,,,,,,,,,,,,,,,,,
14927817,2026-10-07 10:56:52,sim12,139130,,skip,avoid_amount_dry,,,,,,,,,,,,,,,,,,,,,,,,,,,
14927817,2026-10-07 10:56:52,sim12,004020,,skip,avoid_amount_dry,,,,,,,,,,,,,,,,,,,,,,,,,,,
14927817,2026-10-07 10:56:52,sim12,002710,,skip,avoid_amount_dry,,,,,,,,,,,,,,,,,,,,,,,,,,,
14927817,2026-10-07 10:56:52,sim12,009540,,skip,avoid_amount_dry,,,,,,,,,,,,,,,,,,,,,,,,,,,
14927817,2026-10-07 10:56:52,sim12,210980,,skip,avoid_amount_dry,,,,,,,,,,,,,,,,,,,,,,,,,,,
14927817,2026-10-07 10:56:52,sim12,009420,,skip,avoid_amount_dry,,,,,,,,,,,,,,,,,,,,,,,,,,,
14927817,2026-10-07 10:56:52,sim12,336260,,skip,avoid_amount_dry,,,,,,,,,,,,,,,,,,,,,,,,,,,
14927817,2026-10-07 10:56:52,sim12,007660,,skip,pb2_not_crashed,,,,,,,,,,,,,,,,,,,,,,,,,,,
14927817,2026-10-07 10:56:52,sim12,192650,,skip,avoid_amount_dry,,,,,,,,,,,,,,,,,,,,,,,,,,,
14927817,2026-10-07 10:56:52,sim12,010120,,skip,pb2_not_crashed,,,,,,,,,,,,,,,,,,,,,,,,,,,
14927817,2026-10-07 10:56:52,sim12,006800,,skip,avoid_amount_dry,,,,,,,,,,,,,,,,,,,,,,,,,,,
14927817,2026-10-07 10:56:52,sim12,267250,,skip,avoid_amount_dry,,,,,,,,,,,,,,,,,,,,,,,,,,,
14927817,2026-10-07 10:56:52,sim12,317400,,skip,avoid_amount_dry,,,,,,,,,,,,,,,,,,,,,,,,,,,
14927818,2026-10-07 10:58:52,sim12,084670,,skip,pb2_not_crashed,,,,,,,,,,,,,,,,,,,,,,,,,,,
14927818,2026-10-07 10:58:52,sim12,000650,,skip,pb2_not_crashed,,,,,,,,,,,,,,,,,,,,,,,,,,,
14927818,2026-10-07 10:58:52,sim12,002720,,skip,avoid_frgn_sell_20d,,,,,,,,,,,,,,,,,,,,,,,,,,,
14927818,2026-10-07 10:58:52,sim12,009190,,skip,avoid_deadcat,,,,,,,,,,,,,,,,,,,,,,,,,,,
14927818,2026-10-07 10:58:52,sim12,015260,,skip,avoid_deadcat,,,,,,,,,,,,,,,,,,,,,,,,,,,
14927818,2026-10-07 10:58:52,sim12,128820,,skip,pb2_not_crashed,,,,,,,,,,,,,,,,,,,,,,,,,,,
14927818,2026-10-07 10:58:52,sim12,063160,,skip,avoid_frgn_sell_20d,,,,,,,,,,,,,,,,,,,,,,,,,,,
14927818,2026-10-07 10:58:52,sim12,003350,,skip,pb2_not_crashed,,,,,,,,,,,,,,,,,,,,,,,,,,,
14927818,2026-10-07 10:58:52,sim12,281820,,skip,pb2_not_crashed,,,,,,,,,,,,,,,,,,,,,,,,,,,
14927818,2026-10-07 10:58:52,sim12,011090,,skip,avoid_amount_dry,,,,,,,,,,,,,,,,,,,,,,,,,,,
14927818,2026-10-07 10:58:52,sim12,085620,,skip,pb2_not_crashed,,,,,,,,,,,,,,,,,,,,,,,,,,,
14927818,2026-10-07 10:58:52,sim12,465770,,skip,avoid_amount_dry,,,,,,,,,,,,,,,,,,,,,,,,,,,
14927818,2026-10-07 10:58:52,sim12,012320,,skip,pb2_not_crashed,,,,,,,,,,,,,,,,,,,,,,,,,,,
14927818,2026-10-07 10:58:52,sim12,019170,,skip,pb2_not_crashed,,,,,,,,,,,,,,,,,,,,,,,,,,,
14927818,2026-10-07 10:58:52,sim12,248070,,skip,avoid_frgn_sell_20d,,,,,,,,,,,,,,,,,,,,,,,,,,,
14927818,2026-10-07 10:58:52,sim12,019175,,skip,pb2_not_crashed,,,,,,,,,,,,,,,,,,,,,,,,,,,
14927818,2026-10-07 10:58:52,sim12,004835,,skip,pb2_not_crashed,,,,,,,,,,,,,,,,,,,,,,,,,,,
14927818,2026-10-07 10:58:52,sim12,352820,,skip,avoid_frgn_sell_20d,,,,,,,,,,,,,,,,,,,,,,,,,,,
14927818,2026-10-07 10:58:52,sim12,004415,,skip,avoid_amount_dry,,,,,,,,,,,,,,,,,,,,,,,,,,,
14927818,2026-10-07 10:58:52,sim12,004060,,skip,avoid_frgn_sell_20d,,,,,,,,,,,,,,,,,,,,,,,,,,,
14927818,2026-10-07 10:58:52,sim12,036570,,skip,avoid_frgn_hold_drop,,,,,,,,,,,,,,,,,,,,,,,,,,,
14927818,2026-10-07 10:58:52,sim12,044820,,skip,avoid_amount_dry,,,,,,,,,,,,,,,,,,,,,,,,,,,
14927818,2026-10-07 10:58:52,sim12,012170,,skip,pb2_not_crashed,,,,,,,,,,,,,,,,,,,,,,,,,,,
14927818,2026-10-07 10:58:52,sim12,278470,,skip,avoid_orgn_sell_high_per,,,,,,,,,,,,,,,,,,,,,,,,,,,
14927818,2026-10-07 10:58:52,sim12,001460,,skip,pb2_not_crashed,,,,,,,,,,,,,,,,,,,,,,,,,,,
14927818,2026-10-07 10:58:52,sim12,000400,,skip,pb2_not_crashed,,,,,,,,,,,,,,,,,,,,,,,,,,,
14927818,2026-10-07 10:58:52,sim12,137310,,skip,pb2_not_crashed,,,,,,,,,,,,,,,,,,,,,,,,,,,
14927818,2026-10-07 10:58:52,sim12,000020,,skip,pb2_not_crashed,,,,,,,,,,,,,,,,,,,,,,,,,,,
14927818,2026-10-07 10:58:52,sim12,111770,,skip,avoid_amount_dry,,,,,,,,,,,,,,,,,,,,,,,,,,,
14927818,2026-10-07 10:58:52,sim12,008040,,skip,avoid_amount_dry,,,,,,,,,,,,,,,,,,,,,,,,,,,
14927818,2026-10-07 10:58:52,sim12,005110,,skip,avoid_amount_dry,,,,,,,,,,,,,,,,,,,,,,,,,,,
14927818,2026-10-07 10:58:52,sim12,103140,,skip,avoid_frgn_sell_20d,,,,,,,,,,,,,,,,,,,,,,,,,,,
14927818,2026-10-07 10:58:52,sim12,025560,,skip,pb2_not_crashed,,,,,,,,,,,,,,,,,,,,,,,,,,,
14927818,2026-10-07 10:58:52,sim12,020120,,skip,pb2_thin_liquidity,,,,,,,,,,,,,,,,,,,,,,,,,,,
14927818,2026-10-07 10:58:52,sim12,093370,,skip,avoid_amount_dry,,,,,,,,,,,,,,,,,,,,,,,,,,,
14927818,2026-10-07 10:58:52,sim12,298040,,skip,avoid_orgn_sell_high_per,,,,,,,,,,,,,,,,,,,,,,,,,,,
14927818,2026-10-07 10:58:52,sim12,003670,,skip,avoid_frgn_sell_20d,,,,,,,,,,,,,,,,,,,,,,,,,,,
14927818,2026-10-07 10:58:52,sim12,267260,,skip,pb2_not_crashed,,,,,,,,,,,,,,,,,,,,,,,,,,,
14927818,2026-10-07 10:58:52,sim12,000880,,skip,avoid_amount_dry,,,,,,,,,,,,,,,,,,,,,,,,,,,
14927818,2026-10-07 10:58:52,sim12,006260,,skip,pb2_not_crashed,,,,,,,,,,,,,,,,,,,,,,,,,,,
14927818,2026-10-07 10:58:52,sim12,066575,,skip,pb2_not_crashed,,,,,,,,,,,,,,,,,,,,,,,,,,,
14927818,2026-10-07 10:58:52,sim12,001440,,skip,avoid_frgn_sell_20d,,,,,,,,,,,,,,,,,,,,,,,,,,,
14927818,2026-10-07 10:58:52,sim12,079550,,skip,pb2_not_crashed,,,,,,,,,,,,,,,,,,,,,,,,,,,
14927818,2026-10-07 10:58:52,sim12,210980,,skip,avoid_amount_dry,,,,,,,,,,,,,,,,,,,,,,,,,,,
14927818,2026-10-07 10:58:52,sim12,267270,,skip,avoid_amount_dry,,,,,,,,,,,,,,,,,,,,,,,,,,,
14927818,2026-10-07 10:58:52,sim12,006110,,skip,avoid_amount_dry,,,,,,,,,,,,,,,,,,,,,,,,,,,
14927818,2026-10-07 10:58:52,sim12,001430,,skip,avoid_amount_dry,,,,,,,,,,,,,,,,,,,,,,,,,,,
14927818,2026-10-07 10:58:52,sim12,139130,,skip,avoid_amount_dry,,,,,,,,,,,,,,,,,,,,,,,,,,,
14927818,2026-10-07 10:58:52,sim12,047810,,skip,pb2_not_crashed,,,,,,,,,,,,,,,,,,,,,,,,,,,
14927818,2026-10-07 10:58:52,sim12,004020,,skip,avoid_amount_dry,,,,,,,,,,,,,,,,,,,,,,,,,,,
14927818,2026-10-07 10:58:52,sim12,480370,,skip,avoid_amount_dry,,,,,,,,,,,,,,,,,,,,,,,,,,,
14927818,2026-10-07 10:58:52,sim12,009540,,skip,avoid_amount_dry,,,,,,,,,,,,,,,,,,,,,,,,,,,
14927818,2026-10-07 10:58:52,sim12,003580,,skip,pb2_not_crashed,,,,,,,,,,,,,,,,,,,,,,,,,,,
14927818,2026-10-07 10:58:52,sim12,009420,,skip,avoid_amount_dry,,,,,,,,,,,,,,,,,,,,,,,,,,,
14927818,2026-10-07 10:58:52,sim12,002710,,skip,avoid_amount_dry,,,,,,,,,,,,,,,,,,,,,,,,,,,
14927818,2026-10-07 10:58:52,sim12,192650,,skip,avoid_amount_dry,,,,,,,,,,,,,,,,,,,,,,,,,,,
14927818,2026-10-07 10:58:52,sim12,336260,,skip,avoid_amount_dry,,,,,,,,,,,,,,,,,,,,,,,,,,,
14927818,2026-10-07 10:58:52,sim12,010120,,skip,pb2_not_crashed,,,,,,,,,,,,,,,,,,,,,,,,,,,
14927818,2026-10-07 10:58:52,sim12,329180,,skip,avoid_amount_dry,,,,,,,,,,,,,,,,,,,,,,,,,,,
14927818,2026-10-07 10:58:52,sim12,006800,,skip,avoid_amount_dry,,,,,,,,,,,,,,,,,,,,,,,,,,,
14927819,2026-10-07 11:01:01,sim12,084670,,skip,pb2_not_crashed,,,,,,,,,,,,,,,,,,,,,,,,,,,
14927819,2026-10-07 11:01:01,sim12,000650,,skip,pb2_not_crashed,,,,,,,,,,,,,,,,,,,,,,,,,,,
14927819,2026-10-07 11:01:01,sim12,002720,,skip,avoid_frgn_sell_20d,,,,,,,,,,,,,,,,,,,,,,,,,,,
14927819,2026-10-07 11:01:01,sim12,009190,,skip,avoid_deadcat,,,,,,,,,,,,,,,,,,,,,,,,,,,
14927819,2026-10-07 11:01:01,sim12,015260,,skip,avoid_deadcat,,,,,,,,,,,,,,,,,,,,,,,,,,,
14927819,2026-10-07 11:01:01,sim12,128820,,skip,pb2_not_crashed,,,,,,,,,,,,,,,,,,,,,,,,,,,
14927819,2026-10-07 11:01:01,sim12,063160,,skip,avoid_frgn_sell_20d,,,,,,,,,,,,,,,,,,,,,,,,,,,
14927819,2026-10-07 11:01:01,sim12,003350,,skip,pb2_not_crashed,,,,,,,,,,,,,,,,,,,,,,,,,,,
14927819,2026-10-07 11:01:01,sim12,281820,,skip,pb2_not_crashed,,,,,,,,,,,,,,,,,,,,,,,,,,,
14927819,2026-10-07 11:01:01,sim12,011090,,skip,avoid_amount_dry,,,,,,,,,,,,,,,,,,,,,,,,,,,
14927819,2026-10-07 11:01:01,sim12,085620,,skip,pb2_not_crashed,,,,,,,,,,,,,,,,,,,,,,,,,,,
14927819,2026-10-07 11:01:01,sim12,012320,,skip,pb2_not_crashed,,,,,,,,,,,,,,,,,,,,,,,,,,,
14927819,2026-10-07 11:01:01,sim12,019170,,skip,pb2_not_crashed,,,,,,,,,,,,,,,,,,,,,,,,,,,
14927819,2026-10-07 11:01:01,sim12,465770,,skip,avoid_amount_dry,,,,,,,,,,,,,,,,,,,,,,,,,,,
14927819,2026-10-07 11:01:01,sim12,019175,,skip,pb2_not_crashed,,,,,,,,,,,,,,,,,,,,,,,,,,,
14927819,2026-10-07 11:01:01,sim12,248070,,skip,avoid_frgn_sell_20d,,,,,,,,,,,,,,,,,,,,,,,,,,,
14927819,2026-10-07 11:01:01,sim12,004835,,skip,pb2_not_crashed,,,,,,,,,,,,,,,,,,,,,,,,,,,
14927819,2026-10-07 11:01:01,sim12,352820,,skip,avoid_frgn_sell_20d,,,,,,,,,,,,,,,,,,,,,,,,,,,
14927819,2026-10-07 11:01:01,sim12,004060,,skip,avoid_frgn_sell_20d,,,,,,,,,,,,,,,,,,,,,,,,,,,
14927819,2026-10-07 11:01:01,sim12,004415,,skip,avoid_amount_dry,,,,,,,,,,,,,,,,,,,,,,,,,,,
14927819,2026-10-07 11:01:01,sim12,278470,,skip,avoid_orgn_sell_high_per,,,,,,,,,,,,,,,,,,,,,,,,,,,
14927819,2026-10-07 11:01:01,sim12,036570,,skip,avoid_frgn_hold_drop,,,,,,,,,,,,,,,,,,,,,,,,,,,
14927819,2026-10-07 11:01:01,sim12,044820,,skip,avoid_amount_dry,,,,,,,,,,,,,,,,,,,,,,,,,,,
14927819,2026-10-07 11:01:01,sim12,012170,,skip,pb2_not_crashed,,,,,,,,,,,,,,,,,,,,,,,,,,,
14927819,2026-10-07 11:01:01,sim12,001460,,skip,pb2_not_crashed,,,,,,,,,,,,,,,,,,,,,,,,,,,
14927819,2026-10-07 11:01:01,sim12,000400,,skip,pb2_not_crashed,,,,,,,,,,,,,,,,,,,,,,,,,,,
14927819,2026-10-07 11:01:01,sim12,111770,,skip,avoid_amount_dry,,,,,,,,,,,,,,,,,,,,,,,,,,,
14927819,2026-10-07 11:01:01,sim12,003220,,skip,pb2_not_crashed,,,,,,,,,,,,,,,,,,,,,,,,,,,
14927819,2026-10-07 11:01:01,sim12,137310,,skip,pb2_not_crashed,,,,,,,,,,,,,,,,,,,,,,,,,,,
14927819,2026-10-07 11:01:01,sim12,008040,,skip,avoid_amount_dry,,,,,,,,,,,,,,,,,,,,,,,,,,,
14927819,2026-10-07 11:01:01,sim12,005110,,skip,avoid_amount_dry,,,,,,,,,,,,,,,,,,,,,,,,,,,
14927819,2026-10-07 11:01:01,sim12,103140,,skip,avoid_frgn_sell_20d,,,,,,,,,,,,,,,,,,,,,,,,,,,
14927819,2026-10-07 11:01:01,sim12,020120,,skip,pb2_thin_liquidity,,,,,,,,,,,,,,,,,,,,,,,,,,,
14927819,2026-10-07 11:01:01,sim12,025560,,skip,pb2_not_crashed,,,,,,,,,,,,,,,,,,,,,,,,,,,
14927819,2026-10-07 11:01:01,sim12,093370,,skip,avoid_amount_dry,,,,,,,,,,,,,,,,,,,,,,,,,,,
14927819,2026-10-07 11:01:01,sim12,298040,,skip,avoid_orgn_sell_high_per,,,,,,,,,,,,,,,,,,,,,,,,,,,
14927819,2026-10-07 11:01:01,sim12,003670,,skip,avoid_frgn_sell_20d,,,,,,,,,,,,,,,,,,,,,,,,,,,
14927819,2026-10-07 11:01:01,sim12,267260,,skip,pb2_not_crashed,,,,,,,,,,,,,,,,,,,,,,,,,,,
14927819,2026-10-07 11:01:01,sim12,000880,,skip,avoid_amount_dry,,,,,,,,,,,,,,,,,,,,,,,,,,,
14927819,2026-10-07 11:01:01,sim12,006110,,skip,avoid_amount_dry,,,,,,,,,,,,,,,,,,,,,,,,,,,
14927819,2026-10-07 11:01:01,sim12,006260,,skip,pb2_not_crashed,,,,,,,,,,,,,,,,,,,,,,,,,,,
14927819,2026-10-07 11:01:01,sim12,066575,,skip,pb2_not_crashed,,,,,,,,,,,,,,,,,,,,,,,,,,,
14927819,2026-10-07 11:01:01,sim12,001440,,skip,avoid_frgn_sell_20d,,,,,,,,,,,,,,,,,,,,,,,,,,,
14927819,2026-10-07 11:01:01,sim12,267270,,skip,avoid_amount_dry,,,,,,,,,,,,,,,,,,,,,,,,,,,
14927819,2026-10-07 11:01:01,sim12,079550,,skip,pb2_not_crashed,,,,,,,,,,,,,,,,,,,,,,,,,,,
14927819,2026-10-07 11:01:01,sim12,003580,,skip,pb2_not_crashed,,,,,,,,,,,,,,,,,,,,,,,,,,,
14927819,2026-10-07 11:01:01,sim12,210980,,skip,avoid_amount_dry,,,,,,,,,,,,,,,,,,,,,,,,,,,
14927819,2026-10-07 11:01:01,sim12,480370,,skip,avoid_amount_dry,,,,,,,,,,,,,,,,,,,,,,,,,,,
14927819,2026-10-07 11:01:01,sim12,139130,,skip,avoid_amount_dry,,,,,,,,,,,,,,,,,,,,,,,,,,,
14927819,2026-10-07 11:01:01,sim12,001430,,skip,avoid_amount_dry,,,,,,,,,,,,,,,,,,,,,,,,,,,
14927819,2026-10-07 11:01:01,sim12,004020,,skip,avoid_amount_dry,,,,,,,,,,,,,,,,,,,,,,,,,,,
14927819,2026-10-07 11:01:01,sim12,047810,,skip,pb2_not_crashed,,,,,,,,,,,,,,,,,,,,,,,,,,,
14927819,2026-10-07 11:01:01,sim12,009540,,skip,avoid_amount_dry,,,,,,,,,,,,,,,,,,,,,,,,,,,
14927819,2026-10-07 11:01:01,sim12,009420,,skip,avoid_amount_dry,,,,,,,,,,,,,,,,,,,,,,,,,,,
14927819,2026-10-07 11:01:01,sim12,002710,,skip,avoid_amount_dry,,,,,,,,,,,,,,,,,,,,,,,,,,,
14927819,2026-10-07 11:01:01,sim12,003030,,skip,avoid_amount_dry,,,,,,,,,,,,,,,,,,,,,,,,,,,
14927819,2026-10-07 11:01:01,sim12,192650,,skip,avoid_amount_dry,,,,,,,,,,,,,,,,,,,,,,,,,,,
14927819,2026-10-07 11:01:01,sim12,007660,,skip,pb2_not_crashed,,,,,,,,,,,,,,,,,,,,,,,,,,,
14927819,2026-10-07 11:01:01,sim12,267250,,skip,avoid_amount_dry,,,,,,,,,,,,,,,,,,,,,,,,,,,
14927819,2026-10-07 11:01:01,sim12,329180,,skip,avoid_amount_dry,,,,,,,,,,,,,,,,,,,,,,,,,,,
14927820,2026-10-07 11:02:46,sim12,084670,,skip,pb2_not_crashed,,,,,,,,,,,,,,,,,,,,,,,,,,,
14927820,2026-10-07 11:02:46,sim12,000650,,skip,pb2_not_crashed,,,,,,,,,,,,,,,,,,,,,,,,,,,
14927820,2026-10-07 11:02:46,sim12,002720,,skip,avoid_frgn_sell_20d,,,,,,,,,,,,,,,,,,,,,,,,,,,
14927820,2026-10-07 11:02:46,sim12,009190,,skip,avoid_deadcat,,,,,,,,,,,,,,,,,,,,,,,,,,,
14927820,2026-10-07 11:02:46,sim12,015260,,skip,avoid_deadcat,,,,,,,,,,,,,,,,,,,,,,,,,,,
14927820,2026-10-07 11:02:46,sim12,128820,,skip,pb2_not_crashed,,,,,,,,,,,,,,,,,,,,,,,,,,,
14927820,2026-10-07 11:02:46,sim12,003350,,skip,pb2_not_crashed,,,,,,,,,,,,,,,,,,,,,,,,,,,
14927820,2026-10-07 11:02:46,sim12,281820,,skip,pb2_not_crashed,,,,,,,,,,,,,,,,,,,,,,,,,,,
14927820,2026-10-07 11:02:46,sim12,063160,,skip,avoid_frgn_sell_20d,,,,,,,,,,,,,,,,,,,,,,,,,,,
14927820,2026-10-07 11:02:46,sim12,011090,,skip,avoid_amount_dry,,,,,,,,,,,,,,,,,,,,,,,,,,,
14927820,2026-10-07 11:02:46,sim12,085620,,skip,pb2_not_crashed,,,,,,,,,,,,,,,,,,,,,,,,,,,
14927820,2026-10-07 11:02:46,sim12,012320,,skip,pb2_not_crashed,,,,,,,,,,,,,,,,,,,,,,,,,,,
14927820,2026-10-07 11:02:46,sim12,465770,,skip,avoid_amount_dry,,,,,,,,,,,,,,,,,,,,,,,,,,,
14927820,2026-10-07 11:02:46,sim12,019170,,skip,pb2_not_crashed,,,,,,,,,,,,,,,,,,,,,,,,,,,
14927820,2026-10-07 11:02:46,sim12,004415,,skip,avoid_amount_dry,,,,,,,,,,,,,,,,,,,,,,,,,,,
14927820,2026-10-07 11:02:46,sim12,019175,,skip,pb2_not_crashed,,,,,,,,,,,,,,,,,,,,,,,,,,,
14927820,2026-10-07 11:02:46,sim12,004835,,skip,pb2_not_crashed,,,,,,,,,,,,,,,,,,,,,,,,,,,
14927820,2026-10-07 11:02:46,sim12,248070,,skip,avoid_frgn_sell_20d,,,,,,,,,,,,,,,,,,,,,,,,,,,
14927820,2026-10-07 11:02:46,sim12,012170,,skip,pb2_not_crashed,,,,,,,,,,,,,,,,,,,,,,,,,,,
14927820,2026-10-07 11:02:46,sim12,005257,,skip,avoid_amount_dry,,,,,,,,,,,,,,,,,,,,,,,,,,,
14927820,2026-10-07 11:02:46,sim12,352820,,skip,avoid_frgn_sell_20d,,,,,,,,,,,,,,,,,,,,,,,,,,,
14927820,2026-10-07 11:02:46,sim12,004060,,skip,avoid_frgn_sell_20d,,,,,,,,,,,,,,,,,,,,,,,,,,,
14927820,2026-10-07 11:02:46,sim12,036570,,skip,avoid_frgn_hold_drop,,,,,,,,,,,,,,,,,,,,,,,,,,,
14927820,2026-10-07 11:02:46,sim12,278470,,skip,avoid_orgn_sell_high_per,,,,,,,,,,,,,,,,,,,,,,,,,,,
14927820,2026-10-07 11:02:46,sim12,044820,,skip,avoid_amount_dry,,,,,,,,,,,,,,,,,,,,,,,,,,,
14927820,2026-10-07 11:02:46,sim12,001460,,skip,pb2_not_crashed,,,,,,,,,,,,,,,,,,,,,,,,,,,
14927820,2026-10-07 11:02:46,sim12,008040,,skip,avoid_amount_dry,,,,,,,,,,,,,,,,,,,,,,,,,,,
14927820,2026-10-07 11:02:46,sim12,090430,,skip,avoid_frgn_sell_20d,,,,,,,,,,,,,,,,,,,,,,,,,,,
14927820,2026-10-07 11:02:46,sim12,000400,,skip,pb2_not_crashed,,,,,,,,,,,,,,,,,,,,,,,,,,,
14927820,2026-10-07 11:02:46,sim12,137310,,skip,pb2_not_crashed,,,,,,,,,,,,,,,,,,,,,,,,,,,
14927820,2026-10-07 11:02:46,sim12,005110,,skip,avoid_amount_dry,,,,,,,,,,,,,,,,,,,,,,,,,,,
14927820,2026-10-07 11:02:46,sim12,103140,,skip,avoid_frgn_sell_20d,,,,,,,,,,,,,,,,,,,,,,,,,,,
14927820,2026-10-07 11:02:46,sim12,005030,,skip,avoid_amount_dry,,,,,,,,,,,,,,,,,,,,,,,,,,,
14927820,2026-10-07 11:02:46,sim12,020120,,skip,pb2_thin_liquidity,,,,,,,,,,,,,,,,,,,,,,,,,,,
14927820,2026-10-07 11:02:46,sim12,025560,,skip,pb2_not_crashed,,,,,,,,,,,,,,,,,,,,,,,,,,,
14927820,2026-10-07 11:02:46,sim12,093370,,skip,avoid_amount_dry,,,,,,,,,,,,,,,,,,,,,,,,,,,
14927820,2026-10-07 11:02:46,sim12,066575,,skip,pb2_not_crashed,,,,,,,,,,,,,,,,,,,,,,,,,,,
14927820,2026-10-07 11:02:46,sim12,298040,,skip,avoid_orgn_sell_high_per,,,,,,,,,,,,,,,,,,,,,,,,,,,
14927820,2026-10-07 11:02:46,sim12,267260,,skip,pb2_not_crashed,,,,,,,,,,,,,,,,,,,,,,,,,,,
14927820,2026-10-07 11:02:46,sim12,003670,,skip,avoid_frgn_sell_20d,,,,,,,,,,,,,,,,,,,,,,,,,,,
14927820,2026-10-07 11:02:46,sim12,000880,,skip,avoid_amount_dry,,,,,,,,,,,,,,,,,,,,,,,,,,,
14927820,2026-10-07 11:02:46,sim12,006110,,skip,avoid_amount_dry,,,,,,,,,,,,,,,,,,,,,,,,,,,
14927820,2026-10-07 11:02:46,sim12,006260,,skip,pb2_not_crashed,,,,,,,,,,,,,,,,,,,,,,,,,,,
14927820,2026-10-07 11:02:46,sim12,001440,,skip,avoid_frgn_sell_20d,,,,,,,,,,,,,,,,,,,,,,,,,,,
14927820,2026-10-07 11:02:46,sim12,079550,,skip,pb2_not_crashed,,,,,,,,,,,,,,,,,,,,,,,,,,,
14927820,2026-10-07 11:02:46,sim12,267270,,skip,avoid_amount_dry,,,,,,,,,,,,,,,,,,,,,,,,,,,
14927820,2026-10-07 11:02:46,sim12,066570,,skip,pb2_not_crashed,,,,,,,,,,,,,,,,,,,,,,,,,,,
14927820,2026-10-07 11:02:46,sim12,480370,,skip,avoid_amount_dry,,,,,,,,,,,,,,,,,,,,,,,,,,,
14927820,2026-10-07 11:02:46,sim12,139130,,skip,avoid_amount_dry,,,,,,,,,,,,,,,,,,,,,,,,,,,
14927820,2026-10-07 11:02:46,sim12,003580,,skip,pb2_not_crashed,,,,,,,,,,,,,,,,,,,,,,,,,,,
14927820,2026-10-07 11:02:46,sim12,210980,,skip,avoid_amount_dry,,,,,,,,,,,,,,,,,,,,,,,,,,,
14927820,2026-10-07 11:02:46,sim12,001430,,skip,avoid_amount_dry,,,,,,,,,,,,,,,,,,,,,,,,,,,
14927820,2026-10-07 11:02:46,sim12,009540,,skip,avoid_amount_dry,,,,,,,,,,,,,,,,,,,,,,,,,,,
14927820,2026-10-07 11:02:46,sim12,047810,,skip,pb2_not_crashed,,,,,,,,,,,,,,,,,,,,,,,,,,,
14927820,2026-10-07 11:02:46,sim12,004020,,skip,avoid_amount_dry,,,,,,,,,,,,,,,,,,,,,,,,,,,
14927820,2026-10-07 11:02:46,sim12,317400,,skip,avoid_amount_dry,,,,,,,,,,,,,,,,,,,,,,,,,,,
14927820,2026-10-07 11:02:46,sim12,009420,,skip,avoid_amount_dry,,,,,,,,,,,,,,,,,,,,,,,,,,,
14927820,2026-10-07 11:02:46,sim12,192650,,skip,avoid_amount_dry,,,,,,,,,,,,,,,,,,,,,,,,,,,
14927820,2026-10-07 11:02:46,sim12,007810,,skip,avoid_frgn_hold_drop,,,,,,,,,,,,,,,,,,,,,,,,,,,
14927820,2026-10-07 11:02:46,sim12,002710,,skip,avoid_amount_dry,,,,,,,,,,,,,,,,,,,,,,,,,,,
14927821,2026-10-07 11:04:53,sim12,084670,,skip,pb2_not_crashed,,,,,,,,,,,,,,,,,,,,,,,,,,,
14927821,2026-10-07 11:04:53,sim12,000650,,skip,pb2_not_crashed,,,,,,,,,,,,,,,,,,,,,,,,,,,
14927821,2026-10-07 11:04:53,sim12,002720,,skip,avoid_frgn_sell_20d,,,,,,,,,,,,,,,,,,,,,,,,,,,
14927821,2026-10-07 11:04:53,sim12,009190,,skip,avoid_deadcat,,,,,,,,,,,,,,,,,,,,,,,,,,,
14927821,2026-10-07 11:04:53,sim12,015260,,skip,avoid_deadcat,,,,,,,,,,,,,,,,,,,,,,,,,,,
14927821,2026-10-07 11:04:53,sim12,128820,,skip,pb2_not_crashed,,,,,,,,,,,,,,,,,,,,,,,,,,,
14927821,2026-10-07 11:04:53,sim12,063160,,skip,avoid_frgn_sell_20d,,,,,,,,,,,,,,,,,,,,,,,,,,,
14927821,2026-10-07 11:04:53,sim12,003350,,skip,pb2_not_crashed,,,,,,,,,,,,,,,,,,,,,,,,,,,
14927821,2026-10-07 11:04:53,sim12,281820,,skip,pb2_not_crashed,,,,,,,,,,,,,,,,,,,,,,,,,,,
14927821,2026-10-07 11:04:53,sim12,011090,,skip,avoid_amount_dry,,,,,,,,,,,,,,,,,,,,,,,,,,,
14927821,2026-10-07 11:04:53,sim12,085620,,skip,pb2_not_crashed,,,,,,,,,,,,,,,,,,,,,,,,,,,
14927821,2026-10-07 11:04:53,sim12,465770,,skip,avoid_amount_dry,,,,,,,,,,,,,,,,,,,,,,,,,,,
14927821,2026-10-07 11:04:53,sim12,012320,,skip,pb2_not_crashed,,,,,,,,,,,,,,,,,,,,,,,,,,,
14927821,2026-10-07 11:04:53,sim12,019170,,skip,pb2_not_crashed,,,,,,,,,,,,,,,,,,,,,,,,,,,
14927821,2026-10-07 11:04:53,sim12,004415,,skip,avoid_amount_dry,,,,,,,,,,,,,,,,,,,,,,,,,,,
14927821,2026-10-07 11:04:53,sim12,019175,,skip,pb2_not_crashed,,,,,,,,,,,,,,,,,,,,,,,,,,,
14927821,2026-10-07 11:04:53,sim12,248070,,skip,avoid_frgn_sell_20d,,,,,,,,,,,,,,,,,,,,,,,,,,,
14927821,2026-10-07 11:04:53,sim12,004835,,skip,pb2_not_crashed,,,,,,,,,,,,,,,,,,,,,,,,,,,
14927821,2026-10-07 11:04:53,sim12,012170,,skip,pb2_not_crashed,,,,,,,,,,,,,,,,,,,,,,,,,,,
14927821,2026-10-07 11:04:53,sim12,005257,,skip,avoid_amount_dry,,,,,,,,,,,,,,,,,,,,,,,,,,,
14927821,2026-10-07 11:04:53,sim12,352820,,skip,avoid_frgn_sell_20d,,,,,,,,,,,,,,,,,,,,,,,,,,,
14927821,2026-10-07 11:04:53,sim12,004060,,skip,avoid_frgn_sell_20d,,,,,,,,,,,,,,,,,,,,,,,,,,,
14927821,2026-10-07 11:04:53,sim12,278470,,skip,avoid_orgn_sell_high_per,,,,,,,,,,,,,,,,,,,,,,,,,,,
14927821,2026-10-07 11:04:53,sim12,036570,,skip,avoid_frgn_hold_drop,,,,,,,,,,,,,,,,,,,,,,,,,,,
14927821,2026-10-07 11:04:53,sim12,044820,,skip,avoid_amount_dry,,,,,,,,,,,,,,,,,,,,,,,,,,,
14927821,2026-10-07 11:04:53,sim12,137310,,skip,pb2_not_crashed,,,,,,,,,,,,,,,,,,,,,,,,,,,
14927821,2026-10-07 11:04:53,sim12,001460,,skip,pb2_not_crashed,,,,,,,,,,,,,,,,,,,,,,,,,,,
14927821,2026-10-07 11:04:53,sim12,018670,,skip,avoid_frgn_sell_20d,,,,,,,,,,,,,,,,,,,,,,,,,,,
14927821,2026-10-07 11:04:53,sim12,051630,,skip,avoid_amount_dry,,,,,,,,,,,,,,,,,,,,,,,,,,,
14927821,2026-10-07 11:04:53,sim12,008040,,skip,avoid_amount_dry,,,,,,,,,,,,,,,,,,,,,,,,,,,
14927821,2026-10-07 11:04:53,sim12,005110,,skip,avoid_amount_dry,,,,,,,,,,,,,,,,,,,,,,,,,,,
14927821,2026-10-07 11:04:53,sim12,103140,,skip,avoid_frgn_sell_20d,,,,,,,,,,,,,,,,,,,,,,,,,,,
14927821,2026-10-07 11:04:53,sim12,005030,,skip,avoid_amount_dry,,,,,,,,,,,,,,,,,,,,,,,,,,,
14927821,2026-10-07 11:04:53,sim12,020120,,skip,pb2_thin_liquidity,,,,,,,,,,,,,,,,,,,,,,,,,,,
14927821,2026-10-07 11:04:53,sim12,025560,,skip,pb2_not_crashed,,,,,,,,,,,,,,,,,,,,,,,,,,,
14927821,2026-10-07 11:04:53,sim12,093370,,skip,avoid_amount_dry,,,,,,,,,,,,,,,,,,,,,,,,,,,
14927821,2026-10-07 11:04:53,sim12,298040,,skip,avoid_orgn_sell_high_per,,,,,,,,,,,,,,,,,,,,,,,,,,,
14927821,2026-10-07 11:04:53,sim12,066575,,skip,pb2_not_crashed,,,,,,,,,,,,,,,,,,,,,,,,,,,
14927821,2026-10-07 11:04:53,sim12,003670,,skip,avoid_frgn_sell_20d,,,,,,,,,,,,,,,,,,,,,,,,,,,
14927821,2026-10-07 11:04:53,sim12,267260,,skip,pb2_not_crashed,,,,,,,,,,,,,,,,,,,,,,,,,,,
14927821,2026-10-07 11:04:53,sim12,006260,,skip,pb2_not_crashed,,,,,,,,,,,,,,,,,,,,,,,,,,,
14927821,2026-10-07 11:04:53,sim12,000880,,skip,avoid_amount_dry,,,,,,,,,,,,,,,,,,,,,,,,,,,
14927821,2026-10-07 11:04:53,sim12,001440,,skip,avoid_frgn_sell_20d,,,,,,,,,,,,,,,,,,,,,,,,,,,
14927821,2026-10-07 11:04:53,sim12,006110,,skip,avoid_amount_dry,,,,,,,,,,,,,,,,,,,,,,,,,,,
14927821,2026-10-07 11:04:53,sim12,066570,,skip,pb2_not_crashed,,,,,,,,,,,,,,,,,,,,,,,,,,,
14927821,2026-10-07 11:04:53,sim12,267270,,skip,avoid_amount_dry,,,,,,,,,,,,,,,,,,,,,,,,,,,
14927821,2026-10-07 11:04:53,sim12,001430,,skip,avoid_amount_dry,,,,,,,,,,,,,,,,,,,,,,,,,,,
14927821,2026-10-07 11:04:53,sim12,079550,,skip,pb2_not_crashed,,,,,,,,,,,,,,,,,,,,,,,,,,,
14927821,2026-10-07 11:04:53,sim12,139130,,skip,avoid_amount_dry,,,,,,,,,,,,,,,,,,,,,,,,,,,
14927821,2026-10-07 11:04:53,sim12,004020,,skip,avoid_amount_dry,,,,,,,,,,,,,,,,,,,,,,,,,,,
14927821,2026-10-07 11:04:53,sim12,047810,,skip,pb2_not_crashed,,,,,,,,,,,,,,,,,,,,,,,,,,,
14927821,2026-10-07 11:04:53,sim12,210980,,skip,avoid_amount_dry,,,,,,,,,,,,,,,,,,,,,,,,,,,
14927821,2026-10-07 11:04:53,sim12,192650,,skip,avoid_amount_dry,,,,,,,,,,,,,,,,,,,,,,,,,,,
14927821,2026-10-07 11:04:53,sim12,009540,,skip,avoid_amount_dry,,,,,,,,,,,,,,,,,,,,,,,,,,,
14927821,2026-10-07 11:04:53,sim12,003580,,skip,pb2_not_crashed,,,,,,,,,,,,,,,,,,,,,,,,,,,
14927821,2026-10-07 11:04:53,sim12,317400,,skip,avoid_amount_dry,,,,,,,,,,,,,,,,,,,,,,,,,,,
14927821,2026-10-07 11:04:53,sim12,007660,,skip,pb2_not_crashed,,,,,,,,,,,,,,,,,,,,,,,,,,,
14927821,2026-10-07 11:04:53,sim12,009420,,skip,avoid_amount_dry,,,,,,,,,,,,,,,,,,,,,,,,,,,
14927821,2026-10-07 11:04:53,sim12,480370,,skip,avoid_amount_dry,,,,,,,,,,,,,,,,,,,,,,,,,,,
14927821,2026-10-07 11:04:53,sim12,002710,,skip,avoid_amount_dry,,,,,,,,,,,,,,,,,,,,,,,,,,,
14927822,2026-10-07 11:06:54,sim12,084670,,skip,pb2_not_crashed,,,,,,,,,,,,,,,,,,,,,,,,,,,
14927822,2026-10-07 11:06:54,sim12,000650,,skip,pb2_not_crashed,,,,,,,,,,,,,,,,,,,,,,,,,,,
14927822,2026-10-07 11:06:54,sim12,002720,,skip,avoid_frgn_sell_20d,,,,,,,,,,,,,,,,,,,,,,,,,,,
14927822,2026-10-07 11:06:54,sim12,009190,,skip,avoid_deadcat,,,,,,,,,,,,,,,,,,,,,,,,,,,
14927822,2026-10-07 11:06:54,sim12,015260,,skip,avoid_deadcat,,,,,,,,,,,,,,,,,,,,,,,,,,,
14927822,2026-10-07 11:06:54,sim12,128820,,skip,pb2_not_crashed,,,,,,,,,,,,,,,,,,,,,,,,,,,
14927822,2026-10-07 11:06:54,sim12,063160,,skip,avoid_frgn_sell_20d,,,,,,,,,,,,,,,,,,,,,,,,,,,
14927822,2026-10-07 11:06:54,sim12,003350,,skip,pb2_not_crashed,,,,,,,,,,,,,,,,,,,,,,,,,,,
14927822,2026-10-07 11:06:54,sim12,281820,,skip,pb2_not_crashed,,,,,,,,,,,,,,,,,,,,,,,,,,,
14927822,2026-10-07 11:06:54,sim12,085620,,skip,pb2_not_crashed,,,,,,,,,,,,,,,,,,,,,,,,,,,
14927822,2026-10-07 11:06:54,sim12,011090,,skip,avoid_amount_dry,,,,,,,,,,,,,,,,,,,,,,,,,,,
14927822,2026-10-07 11:06:54,sim12,012320,,skip,pb2_not_crashed,,,,,,,,,,,,,,,,,,,,,,,,,,,
14927822,2026-10-07 11:06:54,sim12,019170,,skip,pb2_not_crashed,,,,,,,,,,,,,,,,,,,,,,,,,,,
14927822,2026-10-07 11:06:54,sim12,465770,,skip,avoid_amount_dry,,,,,,,,,,,,,,,,,,,,,,,,,,,
14927822,2026-10-07 11:06:54,sim12,004415,,skip,avoid_amount_dry,,,,,,,,,,,,,,,,,,,,,,,,,,,
14927822,2026-10-07 11:06:54,sim12,019175,,skip,pb2_not_crashed,,,,,,,,,,,,,,,,,,,,,,,,,,,
14927822,2026-10-07 11:06:54,sim12,004835,,skip,pb2_not_crashed,,,,,,,,,,,,,,,,,,,,,,,,,,,
14927822,2026-10-07 11:06:54,sim12,248070,,skip,avoid_frgn_sell_20d,,,,,,,,,,,,,,,,,,,,,,,,,,,
14927822,2026-10-07 11:06:54,sim12,005257,,skip,avoid_amount_dry,,,,,,,,,,,,,,,,,,,,,,,,,,,
14927822,2026-10-07 11:06:54,sim12,352820,,skip,avoid_frgn_sell_20d,,,,,,,,,,,,,,,,,,,,,,,,,,,
14927822,2026-10-07 11:06:54,sim12,004060,,skip,avoid_frgn_sell_20d,,,,,,,,,,,,,,,,,,,,,,,,,,,
14927822,2026-10-07 11:06:54,sim12,036570,,skip,avoid_frgn_hold_drop,,,,,,,,,,,,,,,,,,,,,,,,,,,
14927822,2026-10-07 11:06:54,sim12,137310,,skip,pb2_not_crashed,,,,,,,,,,,,,,,,,,,,,,,,,,,
14927822,2026-10-07 11:06:54,sim12,044820,,skip,avoid_amount_dry,,,,,,,,,,,,,,,,,,,,,,,,,,,
14927822,2026-10-07 11:06:54,sim12,278470,,skip,avoid_orgn_sell_high_per,,,,,,,,,,,,,,,,,,,,,,,,,,,
14927822,2026-10-07 11:06:54,sim12,018670,,skip,avoid_frgn_sell_20d,,,,,,,,,,,,,,,,,,,,,,,,,,,
14927822,2026-10-07 11:06:54,sim12,001460,,skip,pb2_not_crashed,,,,,,,,,,,,,,,,,,,,,,,,,,,
14927822,2026-10-07 11:06:54,sim12,012170,,skip,pb2_not_crashed,,,,,,,,,,,,,,,,,,,,,,,,,,,
14927822,2026-10-07 11:06:54,sim12,008040,,skip,avoid_amount_dry,,,,,,,,,,,,,,,,,,,,,,,,,,,
14927822,2026-10-07 11:06:54,sim12,111770,,skip,avoid_amount_dry,,,,,,,,,,,,,,,,,,,,,,,,,,,
14927822,2026-10-07 11:06:54,sim12,005110,,skip,avoid_amount_dry,,,,,,,,,,,,,,,,,,,,,,,,,,,
14927822,2026-10-07 11:06:54,sim12,103140,,skip,avoid_frgn_sell_20d,,,,,,,,,,,,,,,,,,,,,,,,,,,
14927822,2026-10-07 11:06:54,sim12,005030,,skip,avoid_amount_dry,,,,,,,,,,,,,,,,,,,,,,,,,,,
14927822,2026-10-07 11:06:54,sim12,025560,,skip,pb2_not_crashed,,,,,,,,,,,,,,,,,,,,,,,,,,,
14927822,2026-10-07 11:06:54,sim12,020120,,skip,pb2_thin_liquidity,,,,,,,,,,,,,,,,,,,,,,,,,,,
14927822,2026-10-07 11:06:54,sim12,093370,,skip,avoid_amount_dry,,,,,,,,,,,,,,,,,,,,,,,,,,,
14927822,2026-10-07 11:06:54,sim12,003670,,skip,avoid_frgn_sell_20d,,,,,,,,,,,,,,,,,,,,,,,,,,,
14927822,2026-10-07 11:06:54,sim12,066575,,skip,pb2_not_crashed,,,,,,,,,,,,,,,,,,,,,,,,,,,
14927822,2026-10-07 11:06:54,sim12,298040,,skip,avoid_orgn_sell_high_per,,,,,,,,,,,,,,,,,,,,,,,,,,,
14927822,2026-10-07 11:06:54,sim12,267260,,skip,pb2_not_crashed,,,,,,,,,,,,,,,,,,,,,,,,,,,
14927822,2026-10-07 11:06:54,sim12,000880,,skip,avoid_amount_dry,,,,,,,,,,,,,,,,,,,,,,,,,,,
14927822,2026-10-07 11:06:54,sim12,066570,,skip,pb2_not_crashed,,,,,,,,,,,,,,,,,,,,,,,,,,,
14927822,2026-10-07 11:06:54,sim12,001440,,skip,avoid_frgn_sell_20d,,,,,,,,,,,,,,,,,,,,,,,,,,,
14927822,2026-10-07 11:06:54,sim12,006260,,skip,pb2_not_crashed,,,,,,,,,,,,,,,,,,,,,,,,,,,
14927822,2026-10-07 11:06:54,sim12,006110,,skip,avoid_amount_dry,,,,,,,,,,,,,,,,,,,,,,,,,,,
14927822,2026-10-07 11:06:54,sim12,001430,,skip,avoid_amount_dry,,,,,,,,,,,,,,,,,,,,,,,,,,,
14927822,2026-10-07 11:06:54,sim12,267270,,skip,avoid_amount_dry,,,,,,,,,,,,,,,,,,,,,,,,,,,
14927822,2026-10-07 11:06:54,sim12,079550,,skip,pb2_not_crashed,,,,,,,,,,,,,,,,,,,,,,,,,,,
14927822,2026-10-07 11:06:54,sim12,004020,,skip,avoid_amount_dry,,,,,,,,,,,,,,,,,,,,,,,,,,,
14927822,2026-10-07 11:06:54,sim12,139130,,skip,avoid_amount_dry,,,,,,,,,,,,,,,,,,,,,,,,,,,
14927822,2026-10-07 11:06:54,sim12,192650,,skip,avoid_amount_dry,,,,,,,,,,,,,,,,,,,,,,,,,,,
14927822,2026-10-07 11:06:54,sim12,047810,,skip,pb2_not_crashed,,,,,,,,,,,,,,,,,,,,,,,,,,,
14927822,2026-10-07 11:06:54,sim12,317400,,skip,avoid_amount_dry,,,,,,,,,,,,,,,,,,,,,,,,,,,
14927822,2026-10-07 11:06:54,sim12,336260,,skip,avoid_amount_dry,,,,,,,,,,,,,,,,,,,,,,,,,,,
14927822,2026-10-07 11:06:54,sim12,210980,,skip,avoid_amount_dry,,,,,,,,,,,,,,,,,,,,,,,,,,,
14927822,2026-10-07 11:06:54,sim12,009540,,skip,avoid_amount_dry,,,,,,,,,,,,,,,,,,,,,,,,,,,
14927822,2026-10-07 11:06:54,sim12,003010,,skip,avoid_amount_dry,,,,,,,,,,,,,,,,,,,,,,,,,,,
14927822,2026-10-07 11:06:54,sim12,007810,,skip,avoid_frgn_hold_drop,,,,,,,,,,,,,,,,,,,,,,,,,,,
14927822,2026-10-07 11:06:54,sim12,003580,,skip,pb2_not_crashed,,,,,,,,,,,,,,,,,,,,,,,,,,,
14927822,2026-10-07 11:06:54,sim12,007660,,skip,pb2_not_crashed,,,,,,,,,,,,,,,,,,,,,,,,,,,
14927823,2026-10-07 11:09:02,sim12,084670,,skip,pb2_not_crashed,,,,,,,,,,,,,,,,,,,,,,,,,,,
14927823,2026-10-07 11:09:02,sim12,000650,,skip,pb2_not_crashed,,,,,,,,,,,,,,,,,,,,,,,,,,,
14927823,2026-10-07 11:09:02,sim12,002720,,skip,avoid_frgn_sell_20d,,,,,,,,,,,,,,,,,,,,,,,,,,,
14927823,2026-10-07 11:09:02,sim12,009190,,skip,avoid_deadcat,,,,,,,,,,,,,,,,,,,,,,,,,,,
14927823,2026-10-07 11:09:02,sim12,128820,,skip,pb2_not_crashed,,,,,,,,,,,,,,,,,,,,,,,,,,,
14927823,2026-10-07 11:09:02,sim12,015260,,skip,avoid_deadcat,,,,,,,,,,,,,,,,,,,,,,,,,,,
14927823,2026-10-07 11:09:02,sim12,003350,,skip,pb2_not_crashed,,,,,,,,,,,,,,,,,,,,,,,,,,,
14927823,2026-10-07 11:09:02,sim12,063160,,skip,avoid_frgn_sell_20d,,,,,,,,,,,,,,,,,,,,,,,,,,,
14927823,2026-10-07 11:09:02,sim12,281820,,skip,pb2_not_crashed,,,,,,,,,,,,,,,,,,,,,,,,,,,
14927823,2026-10-07 11:09:02,sim12,011090,,skip,avoid_amount_dry,,,,,,,,,,,,,,,,,,,,,,,,,,,
14927823,2026-10-07 11:09:02,sim12,085620,,skip,pb2_not_crashed,,,,,,,,,,,,,,,,,,,,,,,,,,,
14927823,2026-10-07 11:09:02,sim12,019170,,skip,pb2_not_crashed,,,,,,,,,,,,,,,,,,,,,,,,,,,
14927823,2026-10-07 11:09:02,sim12,012320,,skip,pb2_not_crashed,,,,,,,,,,,,,,,,,,,,,,,,,,,
14927823,2026-10-07 11:09:02,sim12,465770,,skip,avoid_amount_dry,,,,,,,,,,,,,,,,,,,,,,,,,,,
14927823,2026-10-07 11:09:02,sim12,004415,,skip,avoid_amount_dry,,,,,,,,,,,,,,,,,,,,,,,,,,,
14927823,2026-10-07 11:09:02,sim12,019175,,skip,pb2_not_crashed,,,,,,,,,,,,,,,,,,,,,,,,,,,
14927823,2026-10-07 11:09:02,sim12,004835,,skip,pb2_not_crashed,,,,,,,,,,,,,,,,,,,,,,,,,,,
14927823,2026-10-07 11:09:02,sim12,248070,,skip,avoid_frgn_sell_20d,,,,,,,,,,,,,,,,,,,,,,,,,,,
14927823,2026-10-07 11:09:02,sim12,005257,,skip,avoid_amount_dry,,,,,,,,,,,,,,,,,,,,,,,,,,,
14927823,2026-10-07 11:09:02,sim12,352820,,skip,avoid_frgn_sell_20d,,,,,,,,,,,,,,,,,,,,,,,,,,,
14927823,2026-10-07 11:09:02,sim12,004060,,skip,avoid_frgn_sell_20d,,,,,,,,,,,,,,,,,,,,,,,,,,,
14927823,2026-10-07 11:09:02,sim12,044820,,skip,avoid_amount_dry,,,,,,,,,,,,,,,,,,,,,,,,,,,
14927823,2026-10-07 11:09:02,sim12,137310,,skip,pb2_not_crashed,,,,,,,,,,,,,,,,,,,,,,,,,,,
14927823,2026-10-07 11:09:02,sim12,036570,,skip,avoid_frgn_hold_drop,,,,,,,,,,,,,,,,,,,,,,,,,,,
14927823,2026-10-07 11:09:02,sim12,001460,,skip,pb2_not_crashed,,,,,,,,,,,,,,,,,,,,,,,,,,,
14927823,2026-10-07 11:09:02,sim12,012170,,skip,pb2_not_crashed,,,,,,,,,,,,,,,,,,,,,,,,,,,
14927823,2026-10-07 11:09:02,sim12,034230,,skip,avoid_amount_dry,,,,,,,,,,,,,,,,,,,,,,,,,,,
14927823,2026-10-07 11:09:02,sim12,008040,,skip,avoid_amount_dry,,,,,,,,,,,,,,,,,,,,,,,,,,,
14927823,2026-10-07 11:09:02,sim12,111770,,skip,avoid_amount_dry,,,,,,,,,,,,,,,,,,,,,,,,,,,
14927823,2026-10-07 11:09:02,sim12,278470,,skip,avoid_orgn_sell_high_per,,,,,,,,,,,,,,,,,,,,,,,,,,,
14927823,2026-10-07 11:09:02,sim12,005110,,skip,avoid_amount_dry,,,,,,,,,,,,,,,,,,,,,,,,,,,
14927823,2026-10-07 11:09:02,sim12,103140,,skip,avoid_frgn_sell_20d,,,,,,,,,,,,,,,,,,,,,,,,,,,
14927823,2026-10-07 11:09:02,sim12,005030,,skip,avoid_amount_dry,,,,,,,,,,,,,,,,,,,,,,,,,,,
14927823,2026-10-07 11:09:02,sim12,020120,,skip,pb2_thin_liquidity,,,,,,,,,,,,,,,,,,,,,,,,,,,
14927823,2026-10-07 11:09:02,sim12,093370,,skip,avoid_amount_dry,,,,,,,,,,,,,,,,,,,,,,,,,,,
14927823,2026-10-07 11:09:02,sim12,025560,,skip,pb2_not_crashed,,,,,,,,,,,,,,,,,,,,,,,,,,,
14927823,2026-10-07 11:09:02,sim12,066570,,skip,pb2_not_crashed,,,,,,,,,,,,,,,,,,,,,,,,,,,
14927823,2026-10-07 11:09:02,sim12,066575,,skip,pb2_not_crashed,,,,,,,,,,,,,,,,,,,,,,,,,,,
14927823,2026-10-07 11:09:02,sim12,003670,,skip,avoid_frgn_sell_20d,,,,,,,,,,,,,,,,,,,,,,,,,,,
14927823,2026-10-07 11:09:02,sim12,298040,,skip,avoid_orgn_sell_high_per,,,,,,,,,,,,,,,,,,,,,,,,,,,
14927823,2026-10-07 11:09:02,sim12,006260,,skip,pb2_not_crashed,,,,,,,,,,,,,,,,,,,,,,,,,,,
14927823,2026-10-07 11:09:02,sim12,267260,,skip,pb2_not_crashed,,,,,,,,,,,,,,,,,,,,,,,,,,,
14927823,2026-10-07 11:09:02,sim12,000880,,skip,avoid_amount_dry,,,,,,,,,,,,,,,,,,,,,,,,,,,
14927823,2026-10-07 11:09:02,sim12,001440,,skip,avoid_frgn_sell_20d,,,,,,,,,,,,,,,,,,,,,,,,,,,
14927823,2026-10-07 11:09:02,sim12,006110,,skip,avoid_amount_dry,,,,,,,,,,,,,,,,,,,,,,,,,,,
14927823,2026-10-07 11:09:02,sim12,336260,,skip,avoid_amount_dry,,,,,,,,,,,,,,,,,,,,,,,,,,,
14927823,2026-10-07 11:09:02,sim12,267270,,skip,avoid_amount_dry,,,,,,,,,,,,,,,,,,,,,,,,,,,
14927823,2026-10-07 11:09:02,sim12,001430,,skip,avoid_amount_dry,,,,,,,,,,,,,,,,,,,,,,,,,,,
14927823,2026-10-07 11:09:02,sim12,192650,,skip,avoid_amount_dry,,,,,,,,,,,,,,,,,,,,,,,,,,,
14927823,2026-10-07 11:09:02,sim12,047810,,skip,pb2_not_crashed,,,,,,,,,,,,,,,,,,,,,,,,,,,
14927823,2026-10-07 11:09:02,sim12,079550,,skip,pb2_not_crashed,,,,,,,,,,,,,,,,,,,,,,,,,,,
14927823,2026-10-07 11:09:02,sim12,004020,,skip,avoid_amount_dry,,,,,,,,,,,,,,,,,,,,,,,,,,,
14927823,2026-10-07 11:09:02,sim12,210980,,skip,avoid_amount_dry,,,,,,,,,,,,,,,,,,,,,,,,,,,
14927823,2026-10-07 11:09:02,sim12,139130,,skip,avoid_amount_dry,,,,,,,,,,,,,,,,,,,,,,,,,,,
14927823,2026-10-07 11:09:02,sim12,317400,,skip,avoid_amount_dry,,,,,,,,,,,,,,,,,,,,,,,,,,,
14927823,2026-10-07 11:09:02,sim12,003580,,skip,pb2_not_crashed,,,,,,,,,,,,,,,,,,,,,,,,,,,
14927823,2026-10-07 11:09:02,sim12,009540,,skip,avoid_amount_dry,,,,,,,,,,,,,,,,,,,,,,,,,,,
14927823,2026-10-07 11:09:02,sim12,007660,,skip,pb2_not_crashed,,,,,,,,,,,,,,,,,,,,,,,,,,,
14927823,2026-10-07 11:09:02,sim12,007810,,skip,avoid_frgn_hold_drop,,,,,,,,,,,,,,,,,,,,,,,,,,,
14927823,2026-10-07 11:09:02,sim12,457190,,skip,avoid_amount_dry,,,,,,,,,,,,,,,,,,,,,,,,,,,
14927826,2026-10-07 11:15:05,sim12,084670,,skip,pb2_not_crashed,,,,,,,,,,,,,,,,,,,,,,,,,,,
14927826,2026-10-07 11:15:05,sim12,000650,,skip,pb2_not_crashed,,,,,,,,,,,,,,,,,,,,,,,,,,,
14927826,2026-10-07 11:15:05,sim12,002720,,skip,avoid_frgn_sell_20d,,,,,,,,,,,,,,,,,,,,,,,,,,,
14927826,2026-10-07 11:15:05,sim12,009190,,skip,avoid_deadcat,,,,,,,,,,,,,,,,,,,,,,,,,,,
14927826,2026-10-07 11:15:05,sim12,011090,,skip,avoid_amount_dry,,,,,,,,,,,,,,,,,,,,,,,,,,,
14927826,2026-10-07 11:15:05,sim12,015260,,skip,avoid_deadcat,,,,,,,,,,,,,,,,,,,,,,,,,,,
14927826,2026-10-07 11:15:05,sim12,128820,,skip,pb2_not_crashed,,,,,,,,,,,,,,,,,,,,,,,,,,,
14927826,2026-10-07 11:15:05,sim12,063160,,skip,avoid_frgn_sell_20d,,,,,,,,,,,,,,,,,,,,,,,,,,,
14927826,2026-10-07 11:15:05,sim12,003350,,skip,pb2_not_crashed,,,,,,,,,,,,,,,,,,,,,,,,,,,
14927826,2026-10-07 11:15:05,sim12,281820,,skip,pb2_not_crashed,,,,,,,,,,,,,,,,,,,,,,,,,,,
14927826,2026-10-07 11:15:05,sim12,085620,,skip,pb2_not_crashed,,,,,,,,,,,,,,,,,,,,,,,,,,,
14927826,2026-10-07 11:15:05,sim12,019170,,skip,pb2_not_crashed,,,,,,,,,,,,,,,,,,,,,,,,,,,
14927826,2026-10-07 11:15:05,sim12,012320,,skip,pb2_not_crashed,,,,,,,,,,,,,,,,,,,,,,,,,,,
14927826,2026-10-07 11:15:05,sim12,004415,,skip,avoid_amount_dry,,,,,,,,,,,,,,,,,,,,,,,,,,,
14927826,2026-10-07 11:15:05,sim12,019175,,skip,pb2_not_crashed,,,,,,,,,,,,,,,,,,,,,,,,,,,
14927826,2026-10-07 11:15:05,sim12,465770,,skip,avoid_amount_dry,,,,,,,,,,,,,,,,,,,,,,,,,,,
14927826,2026-10-07 11:15:05,sim12,248070,,skip,avoid_frgn_sell_20d,,,,,,,,,,,,,,,,,,,,,,,,,,,
14927826,2026-10-07 11:15:05,sim12,005257,,skip,avoid_amount_dry,,,,,,,,,,,,,,,,,,,,,,,,,,,
14927826,2026-10-07 11:15:05,sim12,004835,,skip,pb2_not_crashed,,,,,,,,,,,,,,,,,,,,,,,,,,,
14927826,2026-10-07 11:15:05,sim12,352820,,skip,avoid_frgn_sell_20d,,,,,,,,,,,,,,,,,,,,,,,,,,,
14927826,2026-10-07 11:15:05,sim12,012170,,skip,pb2_not_crashed,,,,,,,,,,,,,,,,,,,,,,,,,,,
14927826,2026-10-07 11:15:05,sim12,036570,,skip,avoid_frgn_hold_drop,,,,,,,,,,,,,,,,,,,,,,,,,,,
14927826,2026-10-07 11:15:05,sim12,004060,,skip,avoid_frgn_sell_20d,,,,,,,,,,,,,,,,,,,,,,,,,,,
14927826,2026-10-07 11:15:05,sim12,044820,,skip,avoid_amount_dry,,,,,,,,,,,,,,,,,,,,,,,,,,,
14927826,2026-10-07 11:15:05,sim12,018670,,skip,avoid_frgn_sell_20d,,,,,,,,,,,,,,,,,,,,,,,,,,,
14927826,2026-10-07 11:15:05,sim12,137310,,skip,pb2_not_crashed,,,,,,,,,,,,,,,,,,,,,,,,,,,
14927826,2026-10-07 11:15:05,sim12,001460,,skip,pb2_not_crashed,,,,,,,,,,,,,,,,,,,,,,,,,,,
14927826,2026-10-07 11:15:05,sim12,005180,,skip,avoid_amount_dry,,,,,,,,,,,,,,,,,,,,,,,,,,,
14927826,2026-10-07 11:15:05,sim12,278470,,skip,avoid_orgn_sell_high_per,,,,,,,,,,,,,,,,,,,,,,,,,,,
14927826,2026-10-07 11:15:05,sim12,000400,,skip,pb2_not_crashed,,,,,,,,,,,,,,,,,,,,,,,,,,,
14927826,2026-10-07 11:15:05,sim12,005110,,skip,avoid_amount_dry,,,,,,,,,,,,,,,,,,,,,,,,,,,
14927826,2026-10-07 11:15:05,sim12,103140,,skip,avoid_frgn_sell_20d,,,,,,,,,,,,,,,,,,,,,,,,,,,
14927826,2026-10-07 11:15:05,sim12,025560,,skip,pb2_not_crashed,,,,,,,,,,,,,,,,,,,,,,,,,,,
14927826,2026-10-07 11:15:05,sim12,020120,,skip,pb2_thin_liquidity,,,,,,,,,,,,,,,,,,,,,,,,,,,
14927826,2026-10-07 11:15:05,sim12,005030,,skip,avoid_amount_dry,,,,,,,,,,,,,,,,,,,,,,,,,,,
14927826,2026-10-07 11:15:05,sim12,066570,,skip,pb2_not_crashed,,,,,,,,,,,,,,,,,,,,,,,,,,,
14927826,2026-10-07 11:15:05,sim12,093370,,skip,avoid_amount_dry,,,,,,,,,,,,,,,,,,,,,,,,,,,
14927826,2026-10-07 11:15:05,sim12,066575,,skip,pb2_not_crashed,,,,,,,,,,,,,,,,,,,,,,,,,,,
14927826,2026-10-07 11:15:05,sim12,000880,,skip,avoid_amount_dry,,,,,,,,,,,,,,,,,,,,,,,,,,,
14927826,2026-10-07 11:15:05,sim12,003670,,skip,avoid_frgn_sell_20d,,,,,,,,,,,,,,,,,,,,,,,,,,,
14927826,2026-10-07 11:15:05,sim12,298040,,skip,avoid_orgn_sell_high_per,,,,,,,,,,,,,,,,,,,,,,,,,,,
14927826,2026-10-07 11:15:05,sim12,006260,,skip,pb2_not_crashed,,,,,,,,,,,,,,,,,,,,,,,,,,,
14927826,2026-10-07 11:15:05,sim12,006110,,skip,avoid_amount_dry,,,,,,,,,,,,,,,,,,,,,,,,,,,
14927826,2026-10-07 11:15:05,sim12,267260,,skip,pb2_not_crashed,,,,,,,,,,,,,,,,,,,,,,,,,,,
14927826,2026-10-07 11:15:05,sim12,001440,,skip,avoid_frgn_sell_20d,,,,,,,,,,,,,,,,,,,,,,,,,,,
14927826,2026-10-07 11:15:05,sim12,457190,,skip,avoid_amount_dry,,,,,,,,,,,,,,,,,,,,,,,,,,,
14927826,2026-10-07 11:15:05,sim12,192650,,skip,avoid_amount_dry,,,,,,,,,,,,,,,,,,,,,,,,,,,
14927826,2026-10-07 11:15:05,sim12,004020,,skip,avoid_amount_dry,,,,,,,,,,,,,,,,,,,,,,,,,,,
14927826,2026-10-07 11:15:05,sim12,267270,,skip,avoid_frgn_sell_20d,,,,,,,,,,,,,,,,,,,,,,,,,,,
14927826,2026-10-07 11:15:05,sim12,001430,,skip,avoid_amount_dry,,,,,,,,,,,,,,,,,,,,,,,,,,,
14927826,2026-10-07 11:15:05,sim12,079550,,skip,pb2_not_crashed,,,,,,,,,,,,,,,,,,,,,,,,,,,
14927826,2026-10-07 11:15:05,sim12,047810,,skip,pb2_not_crashed,,,,,,,,,,,,,,,,,,,,,,,,,,,
14927826,2026-10-07 11:15:05,sim12,210980,,skip,avoid_amount_dry,,,,,,,,,,,,,,,,,,,,,,,,,,,
14927826,2026-10-07 11:15:05,sim12,002710,,skip,avoid_amount_dry,,,,,,,,,,,,,,,,,,,,,,,,,,,
14927826,2026-10-07 11:15:05,sim12,003580,,skip,pb2_not_crashed,,,,,,,,,,,,,,,,,,,,,,,,,,,
14927826,2026-10-07 11:15:05,sim12,336260,,skip,avoid_amount_dry,,,,,,,,,,,,,,,,,,,,,,,,,,,
14927826,2026-10-07 11:15:05,sim12,003010,,skip,avoid_amount_dry,,,,,,,,,,,,,,,,,,,,,,,,,,,
14927826,2026-10-07 11:15:05,sim12,139130,,skip,avoid_amount_dry,,,,,,,,,,,,,,,,,,,,,,,,,,,
14927826,2026-10-07 11:15:05,sim12,161000,,skip,pb2_not_crashed,,,,,,,,,,,,,,,,,,,,,,,,,,,
14927826,2026-10-07 11:15:05,sim12,006200,,skip,avoid_amount_dry,,,,,,,,,,,,,,,,,,,,,,,,,,,
14927828,2026-10-07 11:17:15,sim12,084670,,skip,pb2_not_crashed,,,,,,,,,,,,,,,,,,,,,,,,,,,
14927828,2026-10-07 11:17:15,sim12,000650,,skip,pb2_not_crashed,,,,,,,,,,,,,,,,,,,,,,,,,,,
14927828,2026-10-07 11:17:15,sim12,002720,,skip,avoid_frgn_sell_20d,,,,,,,,,,,,,,,,,,,,,,,,,,,
14927828,2026-10-07 11:17:15,sim12,009190,,skip,avoid_deadcat,,,,,,,,,,,,,,,,,,,,,,,,,,,
14927828,2026-10-07 11:17:15,sim12,011090,,skip,avoid_amount_dry,,,,,,,,,,,,,,,,,,,,,,,,,,,
14927828,2026-10-07 11:17:15,sim12,128820,,skip,pb2_not_crashed,,,,,,,,,,,,,,,,,,,,,,,,,,,
14927828,2026-10-07 11:17:15,sim12,015260,,skip,avoid_deadcat,,,,,,,,,,,,,,,,,,,,,,,,,,,
14927828,2026-10-07 11:17:15,sim12,063160,,skip,avoid_frgn_sell_20d,,,,,,,,,,,,,,,,,,,,,,,,,,,
14927828,2026-10-07 11:17:15,sim12,003350,,skip,pb2_not_crashed,,,,,,,,,,,,,,,,,,,,,,,,,,,
14927828,2026-10-07 11:17:15,sim12,281820,,skip,pb2_not_crashed,,,,,,,,,,,,,,,,,,,,,,,,,,,
14927828,2026-10-07 11:17:15,sim12,085620,,skip,pb2_not_crashed,,,,,,,,,,,,,,,,,,,,,,,,,,,
14927828,2026-10-07 11:17:15,sim12,019170,,skip,pb2_not_crashed,,,,,,,,,,,,,,,,,,,,,,,,,,,
14927828,2026-10-07 11:17:15,sim12,012320,,skip,pb2_not_crashed,,,,,,,,,,,,,,,,,,,,,,,,,,,
14927828,2026-10-07 11:17:15,sim12,465770,,skip,avoid_amount_dry,,,,,,,,,,,,,,,,,,,,,,,,,,,
14927828,2026-10-07 11:17:15,sim12,004415,,skip,avoid_amount_dry,,,,,,,,,,,,,,,,,,,,,,,,,,,
14927828,2026-10-07 11:17:15,sim12,019175,,skip,pb2_not_crashed,,,,,,,,,,,,,,,,,,,,,,,,,,,
14927828,2026-10-07 11:17:15,sim12,248070,,skip,avoid_frgn_sell_20d,,,,,,,,,,,,,,,,,,,,,,,,,,,
14927828,2026-10-07 11:17:15,sim12,004835,,skip,pb2_not_crashed,,,,,,,,,,,,,,,,,,,,,,,,,,,
14927828,2026-10-07 11:17:15,sim12,005257,,skip,avoid_amount_dry,,,,,,,,,,,,,,,,,,,,,,,,,,,
14927828,2026-10-07 11:17:15,sim12,352820,,skip,avoid_frgn_sell_20d,,,,,,,,,,,,,,,,,,,,,,,,,,,
14927828,2026-10-07 11:17:15,sim12,004060,,skip,avoid_frgn_sell_20d,,,,,,,,,,,,,,,,,,,,,,,,,,,
14927828,2026-10-07 11:17:15,sim12,036570,,skip,avoid_frgn_hold_drop,,,,,,,,,,,,,,,,,,,,,,,,,,,
14927828,2026-10-07 11:17:15,sim12,044820,,skip,avoid_amount_dry,,,,,,,,,,,,,,,,,,,,,,,,,,,
14927828,2026-10-07 11:17:15,sim12,012170,,skip,pb2_not_crashed,,,,,,,,,,,,,,,,,,,,,,,,,,,
14927828,2026-10-07 11:17:15,sim12,137310,,skip,pb2_not_crashed,,,,,,,,,,,,,,,,,,,,,,,,,,,
14927828,2026-10-07 11:17:15,sim12,001460,,skip,pb2_not_crashed,,,,,,,,,,,,,,,,,,,,,,,,,,,
14927828,2026-10-07 11:17:15,sim12,090430,,skip,avoid_frgn_sell_20d,,,,,,,,,,,,,,,,,,,,,,,,,,,
14927828,2026-10-07 11:17:15,sim12,278470,,skip,avoid_orgn_sell_high_per,,,,,,,,,,,,,,,,,,,,,,,,,,,
14927828,2026-10-07 11:17:15,sim12,005180,,skip,avoid_amount_dry,,,,,,,,,,,,,,,,,,,,,,,,,,,
14927828,2026-10-07 11:17:15,sim12,018670,,skip,avoid_frgn_sell_20d,,,,,,,,,,,,,,,,,,,,,,,,,,,
14927828,2026-10-07 11:17:15,sim12,005110,,skip,avoid_amount_dry,,,,,,,,,,,,,,,,,,,,,,,,,,,
14927828,2026-10-07 11:17:15,sim12,103140,,skip,avoid_frgn_sell_20d,,,,,,,,,,,,,,,,,,,,,,,,,,,
14927828,2026-10-07 11:17:15,sim12,025560,,skip,pb2_not_crashed,,,,,,,,,,,,,,,,,,,,,,,,,,,
14927828,2026-10-07 11:17:15,sim12,066570,,skip,pb2_not_crashed,,,,,,,,,,,,,,,,,,,,,,,,,,,
14927828,2026-10-07 11:17:15,sim12,005030,,skip,avoid_amount_dry,,,,,,,,,,,,,,,,,,,,,,,,,,,
14927828,2026-10-07 11:17:15,sim12,020120,,skip,pb2_thin_liquidity,,,,,,,,,,,,,,,,,,,,,,,,,,,
14927828,2026-10-07 11:17:15,sim12,093370,,skip,avoid_amount_dry,,,,,,,,,,,,,,,,,,,,,,,,,,,
14927828,2026-10-07 11:17:15,sim12,066575,,skip,pb2_not_crashed,,,,,,,,,,,,,,,,,,,,,,,,,,,
14927828,2026-10-07 11:17:15,sim12,000880,,skip,avoid_amount_dry,,,,,,,,,,,,,,,,,,,,,,,,,,,
14927828,2026-10-07 11:17:15,sim12,003670,,skip,avoid_frgn_sell_20d,,,,,,,,,,,,,,,,,,,,,,,,,,,
14927828,2026-10-07 11:17:15,sim12,006260,,skip,pb2_not_crashed,,,,,,,,,,,,,,,,,,,,,,,,,,,
14927828,2026-10-07 11:17:15,sim12,006110,,skip,avoid_amount_dry,,,,,,,,,,,,,,,,,,,,,,,,,,,
14927828,2026-10-07 11:17:15,sim12,298040,,skip,avoid_orgn_sell_high_per,,,,,,,,,,,,,,,,,,,,,,,,,,,
14927828,2026-10-07 11:17:15,sim12,267260,,skip,pb2_not_crashed,,,,,,,,,,,,,,,,,,,,,,,,,,,
14927828,2026-10-07 11:17:15,sim12,001440,,skip,avoid_frgn_sell_20d,,,,,,,,,,,,,,,,,,,,,,,,,,,
14927828,2026-10-07 11:17:15,sim12,192650,,skip,avoid_amount_dry,,,,,,,,,,,,,,,,,,,,,,,,,,,
14927828,2026-10-07 11:17:15,sim12,457190,,skip,avoid_amount_dry,,,,,,,,,,,,,,,,,,,,,,,,,,,
14927828,2026-10-07 11:17:15,sim12,079550,,skip,pb2_not_crashed,,,,,,,,,,,,,,,,,,,,,,,,,,,
14927828,2026-10-07 11:17:15,sim12,004020,,skip,avoid_amount_dry,,,,,,,,,,,,,,,,,,,,,,,,,,,
14927828,2026-10-07 11:17:15,sim12,267270,,skip,avoid_frgn_sell_20d,,,,,,,,,,,,,,,,,,,,,,,,,,,
14927828,2026-10-07 11:17:15,sim12,001430,,skip,avoid_amount_dry,,,,,,,,,,,,,,,,,,,,,,,,,,,
14927828,2026-10-07 11:17:15,sim12,003010,,skip,avoid_amount_dry,,,,,,,,,,,,,,,,,,,,,,,,,,,
14927828,2026-10-07 11:17:15,sim12,047810,,skip,pb2_not_crashed,,,,,,,,,,,,,,,,,,,,,,,,,,,
14927828,2026-10-07 11:17:15,sim12,002710,,skip,avoid_amount_dry,,,,,,,,,,,,,,,,,,,,,,,,,,,
14927828,2026-10-07 11:17:15,sim12,210980,,skip,avoid_amount_dry,,,,,,,,,,,,,,,,,,,,,,,,,,,
14927828,2026-10-07 11:17:15,sim12,480370,,skip,avoid_amount_dry,,,,,,,,,,,,,,,,,,,,,,,,,,,
14927828,2026-10-07 11:17:15,sim12,336260,,skip,avoid_amount_dry,,,,,,,,,,,,,,,,,,,,,,,,,,,
14927828,2026-10-07 11:17:15,sim12,161000,,skip,pb2_not_crashed,,,,,,,,,,,,,,,,,,,,,,,,,,,
14927828,2026-10-07 11:17:15,sim12,006200,,skip,avoid_amount_dry,,,,,,,,,,,,,,,,,,,,,,,,,,,
14927828,2026-10-07 11:17:15,sim12,317400,,skip,avoid_amount_dry,,,,,,,,,,,,,,,,,,,,,,,,,,,
14927829,2026-10-07 11:19:13,sim12,084670,,skip,pb2_not_crashed,,,,,,,,,,,,,,,,,,,,,,,,,,,
14927829,2026-10-07 11:19:13,sim12,000650,,skip,pb2_not_crashed,,,,,,,,,,,,,,,,,,,,,,,,,,,
14927829,2026-10-07 11:19:13,sim12,002720,,skip,avoid_frgn_sell_20d,,,,,,,,,,,,,,,,,,,,,,,,,,,
14927829,2026-10-07 11:19:13,sim12,009190,,skip,avoid_deadcat,,,,,,,,,,,,,,,,,,,,,,,,,,,
14927829,2026-10-07 11:19:13,sim12,015260,,skip,avoid_deadcat,,,,,,,,,,,,,,,,,,,,,,,,,,,
14927829,2026-10-07 11:19:13,sim12,128820,,skip,pb2_not_crashed,,,,,,,,,,,,,,,,,,,,,,,,,,,
14927829,2026-10-07 11:19:13,sim12,011090,,skip,avoid_amount_dry,,,,,,,,,,,,,,,,,,,,,,,,,,,
14927829,2026-10-07 11:19:13,sim12,003350,,skip,pb2_not_crashed,,,,,,,,,,,,,,,,,,,,,,,,,,,
14927829,2026-10-07 11:19:13,sim12,063160,,skip,avoid_frgn_sell_20d,,,,,,,,,,,,,,,,,,,,,,,,,,,
14927829,2026-10-07 11:19:13,sim12,281820,,skip,pb2_not_crashed,,,,,,,,,,,,,,,,,,,,,,,,,,,
14927829,2026-10-07 11:19:13,sim12,085620,,skip,pb2_not_crashed,,,,,,,,,,,,,,,,,,,,,,,,,,,
14927829,2026-10-07 11:19:13,sim12,019170,,skip,pb2_not_crashed,,,,,,,,,,,,,,,,,,,,,,,,,,,
14927829,2026-10-07 11:19:13,sim12,012320,,skip,pb2_not_crashed,,,,,,,,,,,,,,,,,,,,,,,,,,,
14927829,2026-10-07 11:19:13,sim12,465770,,skip,avoid_amount_dry,,,,,,,,,,,,,,,,,,,,,,,,,,,
14927829,2026-10-07 11:19:13,sim12,004415,,skip,avoid_amount_dry,,,,,,,,,,,,,,,,,,,,,,,,,,,
14927829,2026-10-07 11:19:13,sim12,019175,,skip,pb2_not_crashed,,,,,,,,,,,,,,,,,,,,,,,,,,,
14927829,2026-10-07 11:19:13,sim12,004835,,skip,pb2_not_crashed,,,,,,,,,,,,,,,,,,,,,,,,,,,
14927829,2026-10-07 11:19:13,sim12,248070,,skip,avoid_frgn_sell_20d,,,,,,,,,,,,,,,,,,,,,,,,,,,
14927829,2026-10-07 11:19:13,sim12,005257,,skip,avoid_amount_dry,,,,,,,,,,,,,,,,,,,,,,,,,,,
14927829,2026-10-07 11:19:13,sim12,004060,,skip,avoid_frgn_sell_20d,,,,,,,,,,,,,,,,,,,,,,,,,,,
14927829,2026-10-07 11:19:13,sim12,352820,,skip,avoid_frgn_sell_20d,,,,,,,,,,,,,,,,,,,,,,,,,,,
14927829,2026-10-07 11:19:13,sim12,036570,,skip,avoid_frgn_hold_drop,,,,,,,,,,,,,,,,,,,,,,,,,,,
14927829,2026-10-07 11:19:13,sim12,012170,,skip,pb2_not_crashed,,,,,,,,,,,,,,,,,,,,,,,,,,,
14927829,2026-10-07 11:19:13,sim12,044820,,skip,avoid_amount_dry,,,,,,,,,,,,,,,,,,,,,,,,,,,
14927829,2026-10-07 11:19:13,sim12,018670,,skip,avoid_frgn_sell_20d,,,,,,,,,,,,,,,,,,,,,,,,,,,
14927829,2026-10-07 11:19:13,sim12,137310,,skip,pb2_not_crashed,,,,,,,,,,,,,,,,,,,,,,,,,,,
14927829,2026-10-07 11:19:13,sim12,001460,,skip,pb2_not_crashed,,,,,,,,,,,,,,,,,,,,,,,,,,,
14927829,2026-10-07 11:19:13,sim12,090430,,skip,avoid_frgn_sell_20d,,,,,,,,,,,,,,,,,,,,,,,,,,,
14927829,2026-10-07 11:19:13,sim12,278470,,skip,avoid_orgn_sell_high_per,,,,,,,,,,,,,,,,,,,,,,,,,,,
14927829,2026-10-07 11:19:13,sim12,005180,,skip,avoid_amount_dry,,,,,,,,,,,,,,,,,,,,,,,,,,,
14927829,2026-10-07 11:19:13,sim12,005110,,skip,avoid_amount_dry,,,,,,,,,,,,,,,,,,,,,,,,,,,
14927829,2026-10-07 11:19:13,sim12,103140,,skip,avoid_frgn_sell_20d,,,,,,,,,,,,,,,,,,,,,,,,,,,
14927829,2026-10-07 11:19:13,sim12,025560,,skip,pb2_not_crashed,,,,,,,,,,,,,,,,,,,,,,,,,,,
14927829,2026-10-07 11:19:13,sim12,066570,,skip,pb2_not_crashed,,,,,,,,,,,,,,,,,,,,,,,,,,,
14927829,2026-10-07 11:19:13,sim12,020120,,skip,pb2_thin_liquidity,,,,,,,,,,,,,,,,,,,,,,,,,,,
14927829,2026-10-07 11:19:13,sim12,005030,,skip,avoid_amount_dry,,,,,,,,,,,,,,,,,,,,,,,,,,,
14927829,2026-10-07 11:19:13,sim12,066575,,skip,pb2_not_crashed,,,,,,,,,,,,,,,,,,,,,,,,,,,
14927829,2026-10-07 11:19:13,sim12,093370,,skip,avoid_amount_dry,,,,,,,,,,,,,,,,,,,,,,,,,,,
14927829,2026-10-07 11:19:13,sim12,000880,,skip,avoid_amount_dry,,,,,,,,,,,,,,,,,,,,,,,,,,,
14927829,2026-10-07 11:19:13,sim12,006260,,skip,pb2_not_crashed,,,,,,,,,,,,,,,,,,,,,,,,,,,
14927829,2026-10-07 11:19:13,sim12,003670,,skip,avoid_frgn_sell_20d,,,,,,,,,,,,,,,,,,,,,,,,,,,
14927829,2026-10-07 11:19:13,sim12,298040,,skip,avoid_orgn_sell_high_per,,,,,,,,,,,,,,,,,,,,,,,,,,,
14927829,2026-10-07 11:19:13,sim12,006110,,skip,avoid_amount_dry,,,,,,,,,,,,,,,,,,,,,,,,,,,
14927829,2026-10-07 11:19:13,sim12,267260,,skip,pb2_not_crashed,,,,,,,,,,,,,,,,,,,,,,,,,,,
14927829,2026-10-07 11:19:13,sim12,001440,,skip,avoid_frgn_sell_20d,,,,,,,,,,,,,,,,,,,,,,,,,,,
14927829,2026-10-07 11:19:13,sim12,004020,,skip,avoid_amount_dry,,,,,,,,,,,,,,,,,,,,,,,,,,,
14927829,2026-10-07 11:19:13,sim12,457190,,skip,avoid_amount_dry,,,,,,,,,,,,,,,,,,,,,,,,,,,
14927829,2026-10-07 11:19:13,sim12,003010,,skip,avoid_amount_dry,,,,,,,,,,,,,,,,,,,,,,,,,,,
14927829,2026-10-07 11:19:13,sim12,192650,,skip,avoid_amount_dry,,,,,,,,,,,,,,,,,,,,,,,,,,,
14927829,2026-10-07 11:19:13,sim12,079550,,skip,pb2_not_crashed,,,,,,,,,,,,,,,,,,,,,,,,,,,
14927829,2026-10-07 11:19:13,sim12,267270,,skip,avoid_frgn_sell_20d,,,,,,,,,,,,,,,,,,,,,,,,,,,
14927829,2026-10-07 11:19:13,sim12,336260,,skip,avoid_amount_dry,,,,,,,,,,,,,,,,,,,,,,,,,,,
14927829,2026-10-07 11:19:13,sim12,047810,,skip,pb2_not_crashed,,,,,,,,,,,,,,,,,,,,,,,,,,,
14927829,2026-10-07 11:19:13,sim12,480370,,skip,avoid_amount_dry,,,,,,,,,,,,,,,,,,,,,,,,,,,
14927829,2026-10-07 11:19:13,sim12,001430,,skip,avoid_amount_dry,,,,,,,,,,,,,,,,,,,,,,,,,,,
14927829,2026-10-07 11:19:13,sim12,003580,,skip,pb2_not_crashed,,,,,,,,,,,,,,,,,,,,,,,,,,,
14927829,2026-10-07 11:19:13,sim12,161000,,skip,pb2_not_crashed,,,,,,,,,,,,,,,,,,,,,,,,,,,
14927829,2026-10-07 11:19:13,sim12,002710,,skip,avoid_amount_dry,,,,,,,,,,,,,,,,,,,,,,,,,,,
14927829,2026-10-07 11:19:13,sim12,009540,,skip,pb2_not_crashed,,,,,,,,,,,,,,,,,,,,,,,,,,,
14927829,2026-10-07 11:19:13,sim12,210980,,skip,avoid_amount_dry,,,,,,,,,,,,,,,,,,,,,,,,,,,
14927830,2026-10-07 11:21:28,sim12,084670,,skip,pb2_not_crashed,,,,,,,,,,,,,,,,,,,,,,,,,,,
14927830,2026-10-07 11:21:28,sim12,000650,,skip,pb2_not_crashed,,,,,,,,,,,,,,,,,,,,,,,,,,,
14927830,2026-10-07 11:21:28,sim12,002720,,skip,avoid_frgn_sell_20d,,,,,,,,,,,,,,,,,,,,,,,,,,,
14927830,2026-10-07 11:21:28,sim12,009190,,skip,avoid_deadcat,,,,,,,,,,,,,,,,,,,,,,,,,,,
14927830,2026-10-07 11:21:28,sim12,015260,,skip,avoid_deadcat,,,,,,,,,,,,,,,,,,,,,,,,,,,
14927830,2026-10-07 11:21:28,sim12,128820,,skip,pb2_not_crashed,,,,,,,,,,,,,,,,,,,,,,,,,,,
14927830,2026-10-07 11:21:28,sim12,011090,,skip,avoid_amount_dry,,,,,,,,,,,,,,,,,,,,,,,,,,,
14927830,2026-10-07 11:21:28,sim12,003350,,skip,pb2_not_crashed,,,,,,,,,,,,,,,,,,,,,,,,,,,
14927830,2026-10-07 11:21:28,sim12,063160,,skip,avoid_frgn_sell_20d,,,,,,,,,,,,,,,,,,,,,,,,,,,
14927830,2026-10-07 11:21:28,sim12,281820,,skip,pb2_not_crashed,,,,,,,,,,,,,,,,,,,,,,,,,,,
14927830,2026-10-07 11:21:28,sim12,085620,,skip,pb2_not_crashed,,,,,,,,,,,,,,,,,,,,,,,,,,,
14927830,2026-10-07 11:21:28,sim12,019170,,skip,pb2_not_crashed,,,,,,,,,,,,,,,,,,,,,,,,,,,
14927830,2026-10-07 11:21:28,sim12,012320,,skip,pb2_not_crashed,,,,,,,,,,,,,,,,,,,,,,,,,,,
14927830,2026-10-07 11:21:28,sim12,004415,,skip,avoid_amount_dry,,,,,,,,,,,,,,,,,,,,,,,,,,,
14927830,2026-10-07 11:21:28,sim12,019175,,skip,pb2_not_crashed,,,,,,,,,,,,,,,,,,,,,,,,,,,
14927830,2026-10-07 11:21:28,sim12,465770,,skip,avoid_amount_dry,,,,,,,,,,,,,,,,,,,,,,,,,,,
14927830,2026-10-07 11:21:28,sim12,248070,,skip,avoid_frgn_sell_20d,,,,,,,,,,,,,,,,,,,,,,,,,,,
14927830,2026-10-07 11:21:28,sim12,004835,,skip,pb2_not_crashed,,,,,,,,,,,,,,,,,,,,,,,,,,,
14927830,2026-10-07 11:21:28,sim12,005257,,skip,avoid_amount_dry,,,,,,,,,,,,,,,,,,,,,,,,,,,
14927830,2026-10-07 11:21:28,sim12,036570,,skip,avoid_frgn_hold_drop,,,,,,,,,,,,,,,,,,,,,,,,,,,
14927830,2026-10-07 11:21:28,sim12,352820,,skip,avoid_frgn_sell_20d,,,,,,,,,,,,,,,,,,,,,,,,,,,
14927830,2026-10-07 11:21:28,sim12,004060,,skip,avoid_frgn_sell_20d,,,,,,,,,,,,,,,,,,,,,,,,,,,
14927830,2026-10-07 11:21:28,sim12,012170,,skip,pb2_not_crashed,,,,,,,,,,,,,,,,,,,,,,,,,,,
14927830,2026-10-07 11:21:28,sim12,044820,,skip,avoid_amount_dry,,,,,,,,,,,,,,,,,,,,,,,,,,,
14927830,2026-10-07 11:21:28,sim12,005180,,skip,avoid_amount_dry,,,,,,,,,,,,,,,,,,,,,,,,,,,
14927830,2026-10-07 11:21:28,sim12,137310,,skip,pb2_not_crashed,,,,,,,,,,,,,,,,,,,,,,,,,,,
14927830,2026-10-07 11:21:28,sim12,001460,,skip,pb2_not_crashed,,,,,,,,,,,,,,,,,,,,,,,,,,,
14927830,2026-10-07 11:21:28,sim12,278470,,skip,avoid_orgn_sell_high_per,,,,,,,,,,,,,,,,,,,,,,,,,,,
14927830,2026-10-07 11:21:28,sim12,018670,,skip,avoid_frgn_sell_20d,,,,,,,,,,,,,,,,,,,,,,,,,,,
14927830,2026-10-07 11:21:28,sim12,090430,,skip,avoid_frgn_sell_20d,,,,,,,,,,,,,,,,,,,,,,,,,,,
14927830,2026-10-07 11:21:28,sim12,005110,,skip,avoid_amount_dry,,,,,,,,,,,,,,,,,,,,,,,,,,,
14927830,2026-10-07 11:21:28,sim12,103140,,skip,avoid_frgn_sell_20d,,,,,,,,,,,,,,,,,,,,,,,,,,,
14927830,2026-10-07 11:21:28,sim12,025560,,skip,pb2_not_crashed,,,,,,,,,,,,,,,,,,,,,,,,,,,
14927830,2026-10-07 11:21:28,sim12,066570,,skip,pb2_not_crashed,,,,,,,,,,,,,,,,,,,,,,,,,,,
14927830,2026-10-07 11:21:28,sim12,005030,,skip,avoid_amount_dry,,,,,,,,,,,,,,,,,,,,,,,,,,,
14927830,2026-10-07 11:21:28,sim12,020120,,skip,pb2_thin_liquidity,,,,,,,,,,,,,,,,,,,,,,,,,,,
14927830,2026-10-07 11:21:28,sim12,066575,,skip,pb2_not_crashed,,,,,,,,,,,,,,,,,,,,,,,,,,,
14927830,2026-10-07 11:21:28,sim12,093370,,skip,avoid_amount_dry,,,,,,,,,,,,,,,,,,,,,,,,,,,
14927830,2026-10-07 11:21:28,sim12,000880,,skip,avoid_amount_dry,,,,,,,,,,,,,,,,,,,,,,,,,,,
14927830,2026-10-07 11:21:28,sim12,006260,,skip,pb2_not_crashed,,,,,,,,,,,,,,,,,,,,,,,,,,,
14927830,2026-10-07 11:21:28,sim12,003670,,skip,avoid_frgn_sell_20d,,,,,,,,,,,,,,,,,,,,,,,,,,,
14927830,2026-10-07 11:21:28,sim12,298040,,skip,avoid_orgn_sell_high_per,,,,,,,,,,,,,,,,,,,,,,,,,,,
14927830,2026-10-07 11:21:28,sim12,006110,,skip,avoid_amount_dry,,,,,,,,,,,,,,,,,,,,,,,,,,,
14927830,2026-10-07 11:21:28,sim12,267260,,skip,pb2_not_crashed,,,,,,,,,,,,,,,,,,,,,,,,,,,
14927830,2026-10-07 11:21:28,sim12,267270,,skip,avoid_frgn_sell_20d,,,,,,,,,,,,,,,,,,,,,,,,,,,
14927830,2026-10-07 11:21:28,sim12,001440,,skip,avoid_frgn_sell_20d,,,,,,,,,,,,,,,,,,,,,,,,,,,
14927830,2026-10-07 11:21:28,sim12,004020,,skip,avoid_amount_dry,,,,,,,,,,,,,,,,,,,,,,,,,,,
14927830,2026-10-07 11:21:28,sim12,079550,,skip,pb2_not_crashed,,,,,,,,,,,,,,,,,,,,,,,,,,,
14927830,2026-10-07 11:21:28,sim12,457190,,skip,avoid_amount_dry,,,,,,,,,,,,,,,,,,,,,,,,,,,
14927830,2026-10-07 11:21:28,sim12,192650,,skip,avoid_amount_dry,,,,,,,,,,,,,,,,,,,,,,,,,,,
14927830,2026-10-07 11:21:28,sim12,336260,,skip,avoid_amount_dry,,,,,,,,,,,,,,,,,,,,,,,,,,,
14927830,2026-10-07 11:21:28,sim12,003010,,skip,avoid_amount_dry,,,,,,,,,,,,,,,,,,,,,,,,,,,
14927830,2026-10-07 11:21:28,sim12,210980,,skip,avoid_amount_dry,,,,,,,,,,,,,,,,,,,,,,,,,,,
14927830,2026-10-07 11:21:28,sim12,006200,,skip,avoid_amount_dry,,,,,,,,,,,,,,,,,,,,,,,,,,,
14927830,2026-10-07 11:21:28,sim12,002710,,skip,avoid_amount_dry,,,,,,,,,,,,,,,,,,,,,,,,,,,
14927830,2026-10-07 11:21:28,sim12,003580,,skip,pb2_not_crashed,,,,,,,,,,,,,,,,,,,,,,,,,,,
14927830,2026-10-07 11:21:28,sim12,047810,,skip,pb2_not_crashed,,,,,,,,,,,,,,,,,,,,,,,,,,,
14927830,2026-10-07 11:21:28,sim12,480370,,skip,avoid_amount_dry,,,,,,,,,,,,,,,,,,,,,,,,,,,
14927830,2026-10-07 11:21:28,sim12,139130,,skip,avoid_amount_dry,,,,,,,,,,,,,,,,,,,,,,,,,,,
14927830,2026-10-07 11:21:28,sim12,001430,,skip,avoid_amount_dry,,,,,,,,,,,,,,,,,,,,,,,,,,,
14927831,2026-10-07 11:23:34,sim12,084670,,skip,pb2_not_crashed,,,,,,,,,,,,,,,,,,,,,,,,,,,
14927831,2026-10-07 11:23:34,sim12,000650,,skip,pb2_not_crashed,,,,,,,,,,,,,,,,,,,,,,,,,,,
14927831,2026-10-07 11:23:34,sim12,002720,,skip,avoid_frgn_sell_20d,,,,,,,,,,,,,,,,,,,,,,,,,,,
14927831,2026-10-07 11:23:34,sim12,009190,,skip,avoid_deadcat,,,,,,,,,,,,,,,,,,,,,,,,,,,
14927831,2026-10-07 11:23:34,sim12,015260,,skip,avoid_deadcat,,,,,,,,,,,,,,,,,,,,,,,,,,,
14927831,2026-10-07 11:23:34,sim12,011090,,skip,avoid_amount_dry,,,,,,,,,,,,,,,,,,,,,,,,,,,
14927831,2026-10-07 11:23:34,sim12,003350,,skip,pb2_not_crashed,,,,,,,,,,,,,,,,,,,,,,,,,,,
14927831,2026-10-07 11:23:34,sim12,128820,,skip,pb2_not_crashed,,,,,,,,,,,,,,,,,,,,,,,,,,,
14927831,2026-10-07 11:23:34,sim12,063160,,skip,avoid_frgn_sell_20d,,,,,,,,,,,,,,,,,,,,,,,,,,,
14927831,2026-10-07 11:23:34,sim12,281820,,skip,pb2_not_crashed,,,,,,,,,,,,,,,,,,,,,,,,,,,
14927831,2026-10-07 11:23:34,sim12,085620,,skip,pb2_not_crashed,,,,,,,,,,,,,,,,,,,,,,,,,,,
14927831,2026-10-07 11:23:34,sim12,019170,,skip,pb2_not_crashed,,,,,,,,,,,,,,,,,,,,,,,,,,,
14927831,2026-10-07 11:23:34,sim12,012320,,skip,pb2_not_crashed,,,,,,,,,,,,,,,,,,,,,,,,,,,
14927831,2026-10-07 11:23:34,sim12,004415,,skip,avoid_amount_dry,,,,,,,,,,,,,,,,,,,,,,,,,,,
14927831,2026-10-07 11:23:34,sim12,019175,,skip,pb2_not_crashed,,,,,,,,,,,,,,,,,,,,,,,,,,,
14927831,2026-10-07 11:23:34,sim12,248070,,skip,avoid_frgn_sell_20d,,,,,,,,,,,,,,,,,,,,,,,,,,,
14927831,2026-10-07 11:23:34,sim12,465770,,skip,avoid_amount_dry,,,,,,,,,,,,,,,,,,,,,,,,,,,
14927831,2026-10-07 11:23:34,sim12,004835,,skip,pb2_not_crashed,,,,,,,,,,,,,,,,,,,,,,,,,,,
14927831,2026-10-07 11:23:34,sim12,005257,,skip,avoid_amount_dry,,,,,,,,,,,,,,,,,,,,,,,,,,,
14927831,2026-10-07 11:23:34,sim12,036570,,skip,avoid_frgn_hold_drop,,,,,,,,,,,,,,,,,,,,,,,,,,,
14927831,2026-10-07 11:23:34,sim12,352820,,skip,avoid_frgn_sell_20d,,,,,,,,,,,,,,,,,,,,,,,,,,,
14927831,2026-10-07 11:23:34,sim12,004060,,skip,avoid_frgn_sell_20d,,,,,,,,,,,,,,,,,,,,,,,,,,,
14927831,2026-10-07 11:23:34,sim12,012170,,skip,pb2_not_crashed,,,,,,,,,,,,,,,,,,,,,,,,,,,
14927831,2026-10-07 11:23:34,sim12,005180,,skip,avoid_amount_dry,,,,,,,,,,,,,,,,,,,,,,,,,,,
14927831,2026-10-07 11:23:34,sim12,001460,,skip,pb2_not_crashed,,,,,,,,,,,,,,,,,,,,,,,,,,,
14927831,2026-10-07 11:23:34,sim12,044820,,skip,avoid_amount_dry,,,,,,,,,,,,,,,,,,,,,,,,,,,
14927831,2026-10-07 11:23:34,sim12,137310,,skip,pb2_not_crashed,,,,,,,,,,,,,,,,,,,,,,,,,,,
14927831,2026-10-07 11:23:34,sim12,018670,,skip,avoid_frgn_sell_20d,,,,,,,,,,,,,,,,,,,,,,,,,,,
14927831,2026-10-07 11:23:34,sim12,278470,,skip,avoid_orgn_sell_high_per,,,,,,,,,,,,,,,,,,,,,,,,,,,
14927831,2026-10-07 11:23:34,sim12,090430,,skip,avoid_frgn_sell_20d,,,,,,,,,,,,,,,,,,,,,,,,,,,
14927831,2026-10-07 11:23:34,sim12,005110,,skip,avoid_amount_dry,,,,,,,,,,,,,,,,,,,,,,,,,,,
14927831,2026-10-07 11:23:34,sim12,103140,,skip,avoid_frgn_sell_20d,,,,,,,,,,,,,,,,,,,,,,,,,,,
14927831,2026-10-07 11:23:34,sim12,066570,,skip,pb2_not_crashed,,,,,,,,,,,,,,,,,,,,,,,,,,,
14927831,2026-10-07 11:23:34,sim12,020120,,skip,pb2_thin_liquidity,,,,,,,,,,,,,,,,,,,,,,,,,,,
14927831,2026-10-07 11:23:34,sim12,005030,,skip,avoid_amount_dry,,,,,,,,,,,,,,,,,,,,,,,,,,,
14927831,2026-10-07 11:23:34,sim12,025560,,skip,pb2_not_crashed,,,,,,,,,,,,,,,,,,,,,,,,,,,
14927831,2026-10-07 11:23:34,sim12,066575,,skip,pb2_not_crashed,,,,,,,,,,,,,,,,,,,,,,,,,,,
14927831,2026-10-07 11:23:34,sim12,093370,,skip,avoid_amount_dry,,,,,,,,,,,,,,,,,,,,,,,,,,,
14927831,2026-10-07 11:23:34,sim12,006260,,skip,pb2_not_crashed,,,,,,,,,,,,,,,,,,,,,,,,,,,
14927831,2026-10-07 11:23:34,sim12,000880,,skip,avoid_amount_dry,,,,,,,,,,,,,,,,,,,,,,,,,,,
14927831,2026-10-07 11:23:34,sim12,003670,,skip,avoid_frgn_sell_20d,,,,,,,,,,,,,,,,,,,,,,,,,,,
14927831,2026-10-07 11:23:34,sim12,298040,,skip,avoid_orgn_sell_high_per,,,,,,,,,,,,,,,,,,,,,,,,,,,
14927831,2026-10-07 11:23:34,sim12,267260,,skip,pb2_not_crashed,,,,,,,,,,,,,,,,,,,,,,,,,,,
14927831,2026-10-07 11:23:34,sim12,006110,,skip,avoid_amount_dry,,,,,,,,,,,,,,,,,,,,,,,,,,,
14927831,2026-10-07 11:23:34,sim12,001440,,skip,avoid_frgn_sell_20d,,,,,,,,,,,,,,,,,,,,,,,,,,,
14927831,2026-10-07 11:23:34,sim12,267270,,skip,avoid_frgn_sell_20d,,,,,,,,,,,,,,,,,,,,,,,,,,,
14927831,2026-10-07 11:23:34,sim12,003010,,skip,avoid_amount_dry,,,,,,,,,,,,,,,,,,,,,,,,,,,
14927831,2026-10-07 11:23:34,sim12,079550,,skip,pb2_not_crashed,,,,,,,,,,,,,,,,,,,,,,,,,,,
14927831,2026-10-07 11:23:34,sim12,457190,,skip,avoid_amount_dry,,,,,,,,,,,,,,,,,,,,,,,,,,,
14927831,2026-10-07 11:23:34,sim12,004020,,skip,avoid_amount_dry,,,,,,,,,,,,,,,,,,,,,,,,,,,
14927831,2026-10-07 11:23:34,sim12,192650,,skip,avoid_amount_dry,,,,,,,,,,,,,,,,,,,,,,,,,,,
14927831,2026-10-07 11:23:34,sim12,006200,,skip,avoid_amount_dry,,,,,,,,,,,,,,,,,,,,,,,,,,,
14927831,2026-10-07 11:23:34,sim12,047810,,skip,pb2_not_crashed,,,,,,,,,,,,,,,,,,,,,,,,,,,
14927831,2026-10-07 11:23:34,sim12,010120,,skip,pb2_not_crashed,,,,,,,,,,,,,,,,,,,,,,,,,,,
14927831,2026-10-07 11:23:34,sim12,001430,,skip,avoid_amount_dry,,,,,,,,,,,,,,,,,,,,,,,,,,,
14927831,2026-10-07 11:23:34,sim12,210980,,skip,avoid_amount_dry,,,,,,,,,,,,,,,,,,,,,,,,,,,
14927831,2026-10-07 11:23:34,sim12,139130,,skip,avoid_amount_dry,,,,,,,,,,,,,,,,,,,,,,,,,,,
14927831,2026-10-07 11:23:34,sim12,002710,,skip,avoid_amount_dry,,,,,,,,,,,,,,,,,,,,,,,,,,,
14927831,2026-10-07 11:23:34,sim12,480370,,skip,avoid_amount_dry,,,,,,,,,,,,,,,,,,,,,,,,,,,
14927831,2026-10-07 11:23:34,sim12,009540,,skip,pb2_not_crashed,,,,,,,,,,,,,,,,,,,,,,,,,,,
14927832,2026-10-07 11:25:35,sim12,084670,,skip,pb2_not_crashed,,,,,,,,,,,,,,,,,,,,,,,,,,,
14927832,2026-10-07 11:25:35,sim12,000650,,skip,pb2_not_crashed,,,,,,,,,,,,,,,,,,,,,,,,,,,
14927832,2026-10-07 11:25:35,sim12,002720,,skip,avoid_frgn_sell_20d,,,,,,,,,,,,,,,,,,,,,,,,,,,
14927832,2026-10-07 11:25:35,sim12,009190,,skip,avoid_deadcat,,,,,,,,,,,,,,,,,,,,,,,,,,,
14927832,2026-10-07 11:25:35,sim12,015260,,skip,avoid_deadcat,,,,,,,,,,,,,,,,,,,,,,,,,,,
14927832,2026-10-07 11:25:35,sim12,003350,,skip,pb2_not_crashed,,,,,,,,,,,,,,,,,,,,,,,,,,,
14927832,2026-10-07 11:25:35,sim12,011090,,skip,avoid_amount_dry,,,,,,,,,,,,,,,,,,,,,,,,,,,
14927832,2026-10-07 11:25:35,sim12,281820,,skip,pb2_not_crashed,,,,,,,,,,,,,,,,,,,,,,,,,,,
14927832,2026-10-07 11:25:35,sim12,128820,,skip,pb2_not_crashed,,,,,,,,,,,,,,,,,,,,,,,,,,,
14927832,2026-10-07 11:25:35,sim12,063160,,skip,avoid_frgn_sell_20d,,,,,,,,,,,,,,,,,,,,,,,,,,,
14927832,2026-10-07 11:25:35,sim12,012320,,skip,pb2_not_crashed,,,,,,,,,,,,,,,,,,,,,,,,,,,
14927832,2026-10-07 11:25:35,sim12,085620,,skip,pb2_not_crashed,,,,,,,,,,,,,,,,,,,,,,,,,,,
14927832,2026-10-07 11:25:35,sim12,019170,,skip,pb2_not_crashed,,,,,,,,,,,,,,,,,,,,,,,,,,,
14927832,2026-10-07 11:25:35,sim12,004415,,skip,avoid_amount_dry,,,,,,,,,,,,,,,,,,,,,,,,,,,
14927832,2026-10-07 11:25:35,sim12,019175,,skip,pb2_not_crashed,,,,,,,,,,,,,,,,,,,,,,,,,,,
14927832,2026-10-07 11:25:35,sim12,248070,,skip,avoid_frgn_sell_20d,,,,,,,,,,,,,,,,,,,,,,,,,,,
14927832,2026-10-07 11:25:35,sim12,465770,,skip,avoid_amount_dry,,,,,,,,,,,,,,,,,,,,,,,,,,,
14927832,2026-10-07 11:25:35,sim12,004835,,skip,pb2_not_crashed,,,,,,,,,,,,,,,,,,,,,,,,,,,
14927832,2026-10-07 11:25:35,sim12,005257,,skip,avoid_amount_dry,,,,,,,,,,,,,,,,,,,,,,,,,,,
14927832,2026-10-07 11:25:35,sim12,036570,,skip,avoid_frgn_hold_drop,,,,,,,,,,,,,,,,,,,,,,,,,,,
14927832,2026-10-07 11:25:35,sim12,004060,,skip,avoid_frgn_sell_20d,,,,,,,,,,,,,,,,,,,,,,,,,,,
14927832,2026-10-07 11:25:35,sim12,352820,,skip,avoid_frgn_sell_20d,,,,,,,,,,,,,,,,,,,,,,,,,,,
14927832,2026-10-07 11:25:35,sim12,044820,,skip,avoid_amount_dry,,,,,,,,,,,,,,,,,,,,,,,,,,,
14927832,2026-10-07 11:25:35,sim12,278470,,skip,avoid_orgn_sell_high_per,,,,,,,,,,,,,,,,,,,,,,,,,,,
14927832,2026-10-07 11:25:35,sim12,005180,,skip,avoid_amount_dry,,,,,,,,,,,,,,,,,,,,,,,,,,,
14927832,2026-10-07 11:25:35,sim12,001460,,skip,pb2_not_crashed,,,,,,,,,,,,,,,,,,,,,,,,,,,
14927832,2026-10-07 11:25:35,sim12,018670,,skip,avoid_frgn_sell_20d,,,,,,,,,,,,,,,,,,,,,,,,,,,
14927832,2026-10-07 11:25:35,sim12,009970,,skip,avoid_frgn_sell_20d,,,,,,,,,,,,,,,,,,,,,,,,,,,
14927832,2026-10-07 11:25:35,sim12,090430,,skip,avoid_frgn_sell_20d,,,,,,,,,,,,,,,,,,,,,,,,,,,
14927832,2026-10-07 11:25:35,sim12,137310,,skip,pb2_not_crashed,,,,,,,,,,,,,,,,,,,,,,,,,,,
14927832,2026-10-07 11:25:35,sim12,005110,,skip,avoid_amount_dry,,,,,,,,,,,,,,,,,,,,,,,,,,,
14927832,2026-10-07 11:25:35,sim12,103140,,skip,avoid_frgn_sell_20d,,,,,,,,,,,,,,,,,,,,,,,,,,,
14927832,2026-10-07 11:25:35,sim12,066570,,skip,pb2_not_crashed,,,,,,,,,,,,,,,,,,,,,,,,,,,
14927832,2026-10-07 11:25:35,sim12,025560,,skip,pb2_not_crashed,,,,,,,,,,,,,,,,,,,,,,,,,,,
14927832,2026-10-07 11:25:35,sim12,066575,,skip,pb2_not_crashed,,,,,,,,,,,,,,,,,,,,,,,,,,,
14927832,2026-10-07 11:25:35,sim12,005030,,skip,avoid_amount_dry,,,,,,,,,,,,,,,,,,,,,,,,,,,
14927832,2026-10-07 11:25:35,sim12,093370,,skip,avoid_amount_dry,,,,,,,,,,,,,,,,,,,,,,,,,,,
14927832,2026-10-07 11:25:35,sim12,020120,,skip,pb2_thin_liquidity,,,,,,,,,,,,,,,,,,,,,,,,,,,
14927832,2026-10-07 11:25:35,sim12,000880,,skip,avoid_amount_dry,,,,,,,,,,,,,,,,,,,,,,,,,,,
14927832,2026-10-07 11:25:35,sim12,006260,,skip,pb2_not_crashed,,,,,,,,,,,,,,,,,,,,,,,,,,,
14927832,2026-10-07 11:25:35,sim12,003670,,skip,avoid_frgn_sell_20d,,,,,,,,,,,,,,,,,,,,,,,,,,,
14927832,2026-10-07 11:25:35,sim12,298040,,skip,avoid_orgn_sell_high_per,,,,,,,,,,,,,,,,,,,,,,,,,,,
14927832,2026-10-07 11:25:35,sim12,267260,,skip,pb2_not_crashed,,,,,,,,,,,,,,,,,,,,,,,,,,,
14927832,2026-10-07 11:25:35,sim12,006110,,skip,avoid_amount_dry,,,,,,,,,,,,,,,,,,,,,,,,,,,
14927832,2026-10-07 11:25:35,sim12,001440,,skip,avoid_frgn_sell_20d,,,,,,,,,,,,,,,,,,,,,,,,,,,
14927832,2026-10-07 11:25:35,sim12,457190,,skip,avoid_amount_dry,,,,,,,,,,,,,,,,,,,,,,,,,,,
14927832,2026-10-07 11:25:35,sim12,192650,,skip,avoid_amount_dry,,,,,,,,,,,,,,,,,,,,,,,,,,,
14927832,2026-10-07 11:25:35,sim12,267270,,skip,avoid_frgn_sell_20d,,,,,,,,,,,,,,,,,,,,,,,,,,,
14927832,2026-10-07 11:25:35,sim12,003010,,skip,avoid_amount_dry,,,,,,,,,,,,,,,,,,,,,,,,,,,
14927832,2026-10-07 11:25:35,sim12,079550,,skip,pb2_not_crashed,,,,,,,,,,,,,,,,,,,,,,,,,,,
14927832,2026-10-07 11:25:35,sim12,004020,,skip,avoid_amount_dry,,,,,,,,,,,,,,,,,,,,,,,,,,,
14927832,2026-10-07 11:25:35,sim12,336260,,skip,avoid_amount_dry,,,,,,,,,,,,,,,,,,,,,,,,,,,
14927832,2026-10-07 11:25:35,sim12,010120,,skip,pb2_not_crashed,,,,,,,,,,,,,,,,,,,,,,,,,,,
14927832,2026-10-07 11:25:35,sim12,006200,,skip,avoid_amount_dry,,,,,,,,,,,,,,,,,,,,,,,,,,,
14927832,2026-10-07 11:25:35,sim12,047810,,skip,pb2_not_crashed,,,,,,,,,,,,,,,,,,,,,,,,,,,
14927832,2026-10-07 11:25:35,sim12,001430,,skip,avoid_amount_dry,,,,,,,,,,,,,,,,,,,,,,,,,,,
14927832,2026-10-07 11:25:35,sim12,002710,,skip,avoid_amount_dry,,,,,,,,,,,,,,,,,,,,,,,,,,,
14927832,2026-10-07 11:25:35,sim12,003580,,skip,pb2_not_crashed,,,,,,,,,,,,,,,,,,,,,,,,,,,
14927832,2026-10-07 11:25:35,sim12,210980,,skip,avoid_amount_dry,,,,,,,,,,,,,,,,,,,,,,,,,,,
14927832,2026-10-07 11:25:35,sim12,454910,,skip,avoid_amount_dry,,,,,,,,,,,,,,,,,,,,,,,,,,,
14927833,2026-10-07 11:27:31,sim12,084670,,skip,pb2_not_crashed,,,,,,,,,,,,,,,,,,,,,,,,,,,
14927833,2026-10-07 11:27:31,sim12,000650,,skip,pb2_not_crashed,,,,,,,,,,,,,,,,,,,,,,,,,,,
14927833,2026-10-07 11:27:31,sim12,002720,,skip,avoid_frgn_sell_20d,,,,,,,,,,,,,,,,,,,,,,,,,,,
14927833,2026-10-07 11:27:31,sim12,009190,,skip,avoid_deadcat,,,,,,,,,,,,,,,,,,,,,,,,,,,
14927833,2026-10-07 11:27:31,sim12,015260,,skip,avoid_deadcat,,,,,,,,,,,,,,,,,,,,,,,,,,,
14927833,2026-10-07 11:27:31,sim12,003350,,skip,pb2_not_crashed,,,,,,,,,,,,,,,,,,,,,,,,,,,
14927833,2026-10-07 11:27:31,sim12,011090,,skip,avoid_amount_dry,,,,,,,,,,,,,,,,,,,,,,,,,,,
14927833,2026-10-07 11:27:31,sim12,281820,,skip,pb2_not_crashed,,,,,,,,,,,,,,,,,,,,,,,,,,,
14927833,2026-10-07 11:27:31,sim12,128820,,skip,pb2_not_crashed,,,,,,,,,,,,,,,,,,,,,,,,,,,
14927833,2026-10-07 11:27:31,sim12,063160,,skip,avoid_frgn_sell_20d,,,,,,,,,,,,,,,,,,,,,,,,,,,
14927833,2026-10-07 11:27:31,sim12,012320,,skip,pb2_not_crashed,,,,,,,,,,,,,,,,,,,,,,,,,,,
14927833,2026-10-07 11:27:31,sim12,085620,,skip,pb2_not_crashed,,,,,,,,,,,,,,,,,,,,,,,,,,,
14927833,2026-10-07 11:27:31,sim12,019170,,skip,pb2_not_crashed,,,,,,,,,,,,,,,,,,,,,,,,,,,
14927833,2026-10-07 11:27:31,sim12,004415,,skip,avoid_amount_dry,,,,,,,,,,,,,,,,,,,,,,,,,,,
14927833,2026-10-07 11:27:31,sim12,019175,,skip,pb2_not_crashed,,,,,,,,,,,,,,,,,,,,,,,,,,,
14927833,2026-10-07 11:27:31,sim12,248070,,skip,avoid_frgn_sell_20d,,,,,,,,,,,,,,,,,,,,,,,,,,,
14927833,2026-10-07 11:27:31,sim12,465770,,skip,avoid_amount_dry,,,,,,,,,,,,,,,,,,,,,,,,,,,
14927833,2026-10-07 11:27:31,sim12,004835,,skip,pb2_not_crashed,,,,,,,,,,,,,,,,,,,,,,,,,,,
14927833,2026-10-07 11:27:31,sim12,005257,,skip,avoid_amount_dry,,,,,,,,,,,,,,,,,,,,,,,,,,,
14927833,2026-10-07 11:27:31,sim12,036570,,skip,avoid_frgn_hold_drop,,,,,,,,,,,,,,,,,,,,,,,,,,,
14927833,2026-10-07 11:27:31,sim12,004060,,skip,avoid_frgn_sell_20d,,,,,,,,,,,,,,,,,,,,,,,,,,,
14927833,2026-10-07 11:27:31,sim12,352820,,skip,avoid_frgn_sell_20d,,,,,,,,,,,,,,,,,,,,,,,,,,,
14927833,2026-10-07 11:27:31,sim12,044820,,skip,avoid_amount_dry,,,,,,,,,,,,,,,,,,,,,,,,,,,
14927833,2026-10-07 11:27:31,sim12,005180,,skip,avoid_amount_dry,,,,,,,,,,,,,,,,,,,,,,,,,,,
14927833,2026-10-07 11:27:31,sim12,278470,,skip,avoid_orgn_sell_high_per,,,,,,,,,,,,,,,,,,,,,,,,,,,
14927833,2026-10-07 11:27:31,sim12,001460,,skip,pb2_not_crashed,,,,,,,,,,,,,,,,,,,,,,,,,,,
14927833,2026-10-07 11:27:31,sim12,012170,,skip,pb2_not_crashed,,,,,,,,,,,,,,,,,,,,,,,,,,,
14927833,2026-10-07 11:27:31,sim12,018670,,skip,avoid_frgn_sell_20d,,,,,,,,,,,,,,,,,,,,,,,,,,,
14927833,2026-10-07 11:27:31,sim12,137310,,skip,pb2_not_crashed,,,,,,,,,,,,,,,,,,,,,,,,,,,
14927833,2026-10-07 11:27:31,sim12,090430,,skip,avoid_frgn_sell_20d,,,,,,,,,,,,,,,,,,,,,,,,,,,
14927833,2026-10-07 11:27:31,sim12,005110,,skip,avoid_amount_dry,,,,,,,,,,,,,,,,,,,,,,,,,,,
14927833,2026-10-07 11:27:31,sim12,103140,,skip,avoid_frgn_sell_20d,,,,,,,,,,,,,,,,,,,,,,,,,,,
14927833,2026-10-07 11:27:31,sim12,066570,,skip,pb2_not_crashed,,,,,,,,,,,,,,,,,,,,,,,,,,,
14927833,2026-10-07 11:27:31,sim12,025560,,skip,pb2_not_crashed,,,,,,,,,,,,,,,,,,,,,,,,,,,
14927833,2026-10-07 11:27:31,sim12,005030,,skip,avoid_amount_dry,,,,,,,,,,,,,,,,,,,,,,,,,,,
14927833,2026-10-07 11:27:31,sim12,066575,,skip,pb2_not_crashed,,,,,,,,,,,,,,,,,,,,,,,,,,,
14927833,2026-10-07 11:27:31,sim12,093370,,skip,avoid_amount_dry,,,,,,,,,,,,,,,,,,,,,,,,,,,
14927833,2026-10-07 11:27:31,sim12,020120,,skip,pb2_thin_liquidity,,,,,,,,,,,,,,,,,,,,,,,,,,,
14927833,2026-10-07 11:27:31,sim12,000880,,skip,avoid_amount_dry,,,,,,,,,,,,,,,,,,,,,,,,,,,
14927833,2026-10-07 11:27:31,sim12,006260,,skip,pb2_not_crashed,,,,,,,,,,,,,,,,,,,,,,,,,,,
14927833,2026-10-07 11:27:31,sim12,003670,,skip,avoid_frgn_sell_20d,,,,,,,,,,,,,,,,,,,,,,,,,,,
14927833,2026-10-07 11:27:31,sim12,298040,,skip,avoid_orgn_sell_high_per,,,,,,,,,,,,,,,,,,,,,,,,,,,
14927833,2026-10-07 11:27:31,sim12,267260,,skip,pb2_not_crashed,,,,,,,,,,,,,,,,,,,,,,,,,,,
14927833,2026-10-07 11:27:31,sim12,006110,,skip,avoid_amount_dry,,,,,,,,,,,,,,,,,,,,,,,,,,,
14927833,2026-10-07 11:27:31,sim12,457190,,skip,avoid_amount_dry,,,,,,,,,,,,,,,,,,,,,,,,,,,
14927833,2026-10-07 11:27:31,sim12,001440,,skip,avoid_frgn_sell_20d,,,,,,,,,,,,,,,,,,,,,,,,,,,
14927833,2026-10-07 11:27:31,sim12,267270,,skip,avoid_frgn_sell_20d,,,,,,,,,,,,,,,,,,,,,,,,,,,
14927833,2026-10-07 11:27:31,sim12,192650,,skip,avoid_amount_dry,,,,,,,,,,,,,,,,,,,,,,,,,,,
14927833,2026-10-07 11:27:31,sim12,003010,,skip,avoid_amount_dry,,,,,,,,,,,,,,,,,,,,,,,,,,,
14927833,2026-10-07 11:27:31,sim12,004020,,skip,avoid_amount_dry,,,,,,,,,,,,,,,,,,,,,,,,,,,
14927833,2026-10-07 11:27:31,sim12,079550,,skip,pb2_not_crashed,,,,,,,,,,,,,,,,,,,,,,,,,,,
14927833,2026-10-07 11:27:31,sim12,003580,,skip,pb2_not_crashed,,,,,,,,,,,,,,,,,,,,,,,,,,,
14927833,2026-10-07 11:27:31,sim12,006200,,skip,avoid_amount_dry,,,,,,,,,,,,,,,,,,,,,,,,,,,
14927833,2026-10-07 11:27:31,sim12,336260,,skip,avoid_amount_dry,,,,,,,,,,,,,,,,,,,,,,,,,,,
14927833,2026-10-07 11:27:31,sim12,047810,,skip,pb2_not_crashed,,,,,,,,,,,,,,,,,,,,,,,,,,,
14927833,2026-10-07 11:27:31,sim12,009540,,skip,pb2_not_crashed,,,,,,,,,,,,,,,,,,,,,,,,,,,
14927833,2026-10-07 11:27:31,sim12,010120,,skip,pb2_not_crashed,,,,,,,,,,,,,,,,,,,,,,,,,,,
14927833,2026-10-07 11:27:31,sim12,002710,,skip,avoid_amount_dry,,,,,,,,,,,,,,,,,,,,,,,,,,,
14927833,2026-10-07 11:27:31,sim12,066970,,skip,avoid_amount_dry,,,,,,,,,,,,,,,,,,,,,,,,,,,
14927833,2026-10-07 11:27:31,sim12,480370,,skip,avoid_amount_dry,,,,,,,,,,,,,,,,,,,,,,,,,,,
14927834,2026-10-07 11:29:27,sim12,084670,,skip,pb2_not_crashed,,,,,,,,,,,,,,,,,,,,,,,,,,,
14927834,2026-10-07 11:29:27,sim12,000650,,skip,pb2_not_crashed,,,,,,,,,,,,,,,,,,,,,,,,,,,
14927834,2026-10-07 11:29:27,sim12,002720,,skip,avoid_frgn_sell_20d,,,,,,,,,,,,,,,,,,,,,,,,,,,
14927834,2026-10-07 11:29:27,sim12,009190,,skip,avoid_deadcat,,,,,,,,,,,,,,,,,,,,,,,,,,,
14927834,2026-10-07 11:29:27,sim12,015260,,skip,avoid_deadcat,,,,,,,,,,,,,,,,,,,,,,,,,,,
14927834,2026-10-07 11:29:27,sim12,003350,,skip,pb2_not_crashed,,,,,,,,,,,,,,,,,,,,,,,,,,,
14927834,2026-10-07 11:29:27,sim12,011090,,skip,avoid_amount_dry,,,,,,,,,,,,,,,,,,,,,,,,,,,
14927834,2026-10-07 11:29:27,sim12,281820,,skip,pb2_not_crashed,,,,,,,,,,,,,,,,,,,,,,,,,,,
14927834,2026-10-07 11:29:27,sim12,128820,,skip,pb2_not_crashed,,,,,,,,,,,,,,,,,,,,,,,,,,,
14927834,2026-10-07 11:29:27,sim12,063160,,skip,avoid_frgn_sell_20d,,,,,,,,,,,,,,,,,,,,,,,,,,,
14927834,2026-10-07 11:29:27,sim12,012320,,skip,pb2_not_crashed,,,,,,,,,,,,,,,,,,,,,,,,,,,
14927834,2026-10-07 11:29:27,sim12,085620,,skip,pb2_not_crashed,,,,,,,,,,,,,,,,,,,,,,,,,,,
14927834,2026-10-07 11:29:27,sim12,019170,,skip,pb2_not_crashed,,,,,,,,,,,,,,,,,,,,,,,,,,,
14927834,2026-10-07 11:29:27,sim12,004415,,skip,avoid_amount_dry,,,,,,,,,,,,,,,,,,,,,,,,,,,
14927834,2026-10-07 11:29:27,sim12,019175,,skip,pb2_not_crashed,,,,,,,,,,,,,,,,,,,,,,,,,,,
14927834,2026-10-07 11:29:27,sim12,248070,,skip,avoid_frgn_sell_20d,,,,,,,,,,,,,,,,,,,,,,,,,,,
14927834,2026-10-07 11:29:27,sim12,465770,,skip,avoid_amount_dry,,,,,,,,,,,,,,,,,,,,,,,,,,,
14927834,2026-10-07 11:29:27,sim12,004835,,skip,pb2_not_crashed,,,,,,,,,,,,,,,,,,,,,,,,,,,
14927834,2026-10-07 11:29:27,sim12,005257,,skip,avoid_amount_dry,,,,,,,,,,,,,,,,,,,,,,,,,,,
14927834,2026-10-07 11:29:27,sim12,004060,,skip,avoid_frgn_sell_20d,,,,,,,,,,,,,,,,,,,,,,,,,,,
14927834,2026-10-07 11:29:27,sim12,036570,,skip,avoid_frgn_hold_drop,,,,,,,,,,,,,,,,,,,,,,,,,,,
14927834,2026-10-07 11:29:27,sim12,352820,,skip,avoid_frgn_sell_20d,,,,,,,,,,,,,,,,,,,,,,,,,,,
14927834,2026-10-07 11:29:27,sim12,044820,,skip,avoid_amount_dry,,,,,,,,,,,,,,,,,,,,,,,,,,,
14927834,2026-10-07 11:29:27,sim12,278470,,skip,avoid_orgn_sell_high_per,,,,,,,,,,,,,,,,,,,,,,,,,,,
14927834,2026-10-07 11:29:27,sim12,001460,,skip,pb2_not_crashed,,,,,,,,,,,,,,,,,,,,,,,,,,,
14927834,2026-10-07 11:29:27,sim12,012170,,skip,pb2_not_crashed,,,,,,,,,,,,,,,,,,,,,,,,,,,
14927834,2026-10-07 11:29:27,sim12,005180,,skip,avoid_amount_dry,,,,,,,,,,,,,,,,,,,,,,,,,,,
14927834,2026-10-07 11:29:27,sim12,018670,,skip,avoid_frgn_sell_20d,,,,,,,,,,,,,,,,,,,,,,,,,,,
14927834,2026-10-07 11:29:27,sim12,000400,,skip,pb2_not_crashed,,,,,,,,,,,,,,,,,,,,,,,,,,,
14927834,2026-10-07 11:29:27,sim12,137310,,skip,pb2_not_crashed,,,,,,,,,,,,,,,,,,,,,,,,,,,
14927834,2026-10-07 11:29:27,sim12,005110,,skip,avoid_amount_dry,,,,,,,,,,,,,,,,,,,,,,,,,,,
14927834,2026-10-07 11:29:27,sim12,103140,,skip,avoid_frgn_sell_20d,,,,,,,,,,,,,,,,,,,,,,,,,,,
14927834,2026-10-07 11:29:27,sim12,025560,,skip,pb2_not_crashed,,,,,,,,,,,,,,,,,,,,,,,,,,,
14927834,2026-10-07 11:29:27,sim12,066570,,skip,pb2_not_crashed,,,,,,,,,,,,,,,,,,,,,,,,,,,
14927834,2026-10-07 11:29:27,sim12,005030,,skip,avoid_amount_dry,,,,,,,,,,,,,,,,,,,,,,,,,,,
14927834,2026-10-07 11:29:27,sim12,020120,,skip,pb2_thin_liquidity,,,,,,,,,,,,,,,,,,,,,,,,,,,
14927834,2026-10-07 11:29:27,sim12,066575,,skip,pb2_not_crashed,,,,,,,,,,,,,,,,,,,,,,,,,,,
14927834,2026-10-07 11:29:27,sim12,093370,,skip,avoid_amount_dry,,,,,,,,,,,,,,,,,,,,,,,,,,,
14927834,2026-10-07 11:29:27,sim12,000880,,skip,avoid_amount_dry,,,,,,,,,,,,,,,,,,,,,,,,,,,
14927834,2026-10-07 11:29:27,sim12,298040,,skip,avoid_orgn_sell_high_per,,,,,,,,,,,,,,,,,,,,,,,,,,,
14927834,2026-10-07 11:29:27,sim12,003670,,skip,avoid_frgn_sell_20d,,,,,,,,,,,,,,,,,,,,,,,,,,,
14927834,2026-10-07 11:29:27,sim12,006260,,skip,pb2_not_crashed,,,,,,,,,,,,,,,,,,,,,,,,,,,
14927834,2026-10-07 11:29:27,sim12,267260,,skip,pb2_not_crashed,,,,,,,,,,,,,,,,,,,,,,,,,,,
14927834,2026-10-07 11:29:27,sim12,006110,,skip,avoid_amount_dry,,,,,,,,,,,,,,,,,,,,,,,,,,,
14927834,2026-10-07 11:29:27,sim12,001440,,skip,avoid_frgn_sell_20d,,,,,,,,,,,,,,,,,,,,,,,,,,,
14927834,2026-10-07 11:29:27,sim12,457190,,skip,pb2_not_crashed,,,,,,,,,,,,,,,,,,,,,,,,,,,
14927834,2026-10-07 11:29:27,sim12,003010,,skip,avoid_amount_dry,,,,,,,,,,,,,,,,,,,,,,,,,,,
14927834,2026-10-07 11:29:27,sim12,267270,,skip,avoid_frgn_sell_20d,,,,,,,,,,,,,,,,,,,,,,,,,,,
14927834,2026-10-07 11:29:27,sim12,079550,,skip,pb2_not_crashed,,,,,,,,,,,,,,,,,,,,,,,,,,,
14927834,2026-10-07 11:29:27,sim12,004020,,skip,avoid_amount_dry,,,,,,,,,,,,,,,,,,,,,,,,,,,
14927834,2026-10-07 11:29:27,sim12,002710,,skip,avoid_amount_dry,,,,,,,,,,,,,,,,,,,,,,,,,,,
14927834,2026-10-07 11:29:27,sim12,006200,,skip,avoid_amount_dry,,,,,,,,,,,,,,,,,,,,,,,,,,,
14927834,2026-10-07 11:29:27,sim12,192650,,skip,avoid_amount_dry,,,,,,,,,,,,,,,,,,,,,,,,,,,
14927834,2026-10-07 11:29:27,sim12,047810,,skip,pb2_not_crashed,,,,,,,,,,,,,,,,,,,,,,,,,,,
14927834,2026-10-07 11:29:27,sim12,010120,,skip,pb2_not_crashed,,,,,,,,,,,,,,,,,,,,,,,,,,,
14927834,2026-10-07 11:29:27,sim12,003580,,skip,pb2_not_crashed,,,,,,,,,,,,,,,,,,,,,,,,,,,
14927834,2026-10-07 11:29:27,sim12,480370,,skip,avoid_amount_dry,,,,,,,,,,,,,,,,,,,,,,,,,,,
14927834,2026-10-07 11:29:27,sim12,009540,,skip,pb2_not_crashed,,,,,,,,,,,,,,,,,,,,,,,,,,,
14927834,2026-10-07 11:29:27,sim12,336260,,skip,avoid_amount_dry,,,,,,,,,,,,,,,,,,,,,,,,,,,
14927834,2026-10-07 11:29:27,sim12,210980,,skip,avoid_amount_dry,,,,,,,,,,,,,,,,,,,,,,,,,,,
14927835,2026-10-07 11:31:16,sim12,084670,,skip,pb2_not_crashed,,,,,,,,,,,,,,,,,,,,,,,,,,,
14927835,2026-10-07 11:31:16,sim12,000650,,skip,pb2_not_crashed,,,,,,,,,,,,,,,,,,,,,,,,,,,
14927835,2026-10-07 11:31:16,sim12,002720,,skip,avoid_frgn_sell_20d,,,,,,,,,,,,,,,,,,,,,,,,,,,
14927835,2026-10-07 11:31:16,sim12,009190,,skip,avoid_deadcat,,,,,,,,,,,,,,,,,,,,,,,,,,,
14927835,2026-10-07 11:31:16,sim12,003350,,skip,pb2_not_crashed,,,,,,,,,,,,,,,,,,,,,,,,,,,
14927835,2026-10-07 11:31:16,sim12,011090,,skip,avoid_amount_dry,,,,,,,,,,,,,,,,,,,,,,,,,,,
14927835,2026-10-07 11:31:16,sim12,128820,,skip,pb2_not_crashed,,,,,,,,,,,,,,,,,,,,,,,,,,,
14927835,2026-10-07 11:31:16,sim12,015260,,skip,avoid_deadcat,,,,,,,,,,,,,,,,,,,,,,,,,,,
14927835,2026-10-07 11:31:16,sim12,281820,,skip,pb2_not_crashed,,,,,,,,,,,,,,,,,,,,,,,,,,,
14927835,2026-10-07 11:31:16,sim12,002787,,skip,avoid_amount_dry,,,,,,,,,,,,,,,,,,,,,,,,,,,
14927835,2026-10-07 11:31:16,sim12,063160,,skip,avoid_frgn_sell_20d,,,,,,,,,,,,,,,,,,,,,,,,,,,
14927835,2026-10-07 11:31:16,sim12,085620,,skip,pb2_not_crashed,,,,,,,,,,,,,,,,,,,,,,,,,,,
14927835,2026-10-07 11:31:16,sim12,019170,,skip,pb2_not_crashed,,,,,,,,,,,,,,,,,,,,,,,,,,,
14927835,2026-10-07 11:31:16,sim12,019175,,skip,pb2_not_crashed,,,,,,,,,,,,,,,,,,,,,,,,,,,
14927835,2026-10-07 11:31:16,sim12,012320,,skip,pb2_not_crashed,,,,,,,,,,,,,,,,,,,,,,,,,,,
14927835,2026-10-07 11:31:16,sim12,004415,,skip,avoid_amount_dry,,,,,,,,,,,,,,,,,,,,,,,,,,,
14927835,2026-10-07 11:31:16,sim12,248070,,skip,avoid_frgn_sell_20d,,,,,,,,,,,,,,,,,,,,,,,,,,,
14927835,2026-10-07 11:31:16,sim12,465770,,skip,avoid_amount_dry,,,,,,,,,,,,,,,,,,,,,,,,,,,
14927835,2026-10-07 11:31:16,sim12,004835,,skip,pb2_not_crashed,,,,,,,,,,,,,,,,,,,,,,,,,,,
14927835,2026-10-07 11:31:16,sim12,005257,,skip,pb2_not_crashed,,,,,,,,,,,,,,,,,,,,,,,,,,,
14927835,2026-10-07 11:31:16,sim12,004060,,skip,avoid_frgn_sell_20d,,,,,,,,,,,,,,,,,,,,,,,,,,,
14927835,2026-10-07 11:31:16,sim12,036570,,skip,avoid_frgn_hold_drop,,,,,,,,,,,,,,,,,,,,,,,,,,,
14927835,2026-10-07 11:31:16,sim12,352820,,skip,avoid_frgn_sell_20d,,,,,,,,,,,,,,,,,,,,,,,,,,,
14927835,2026-10-07 11:31:16,sim12,044820,,skip,avoid_amount_dry,,,,,,,,,,,,,,,,,,,,,,,,,,,
14927835,2026-10-07 11:31:16,sim12,005180,,skip,avoid_amount_dry,,,,,,,,,,,,,,,,,,,,,,,,,,,
14927835,2026-10-07 11:31:16,sim12,137310,,skip,pb2_not_crashed,,,,,,,,,,,,,,,,,,,,,,,,,,,
14927835,2026-10-07 11:31:16,sim12,012170,,skip,pb2_not_crashed,,,,,,,,,,,,,,,,,,,,,,,,,,,
14927835,2026-10-07 11:31:16,sim12,018670,,skip,avoid_frgn_sell_20d,,,,,,,,,,,,,,,,,,,,,,,,,,,
14927835,2026-10-07 11:31:16,sim12,278470,,skip,avoid_orgn_sell_high_per,,,,,,,,,,,,,,,,,,,,,,,,,,,
14927835,2026-10-07 11:31:16,sim12,001460,,skip,pb2_not_crashed,,,,,,,,,,,,,,,,,,,,,,,,,,,
14927835,2026-10-07 11:31:16,sim12,005110,,skip,avoid_amount_dry,,,,,,,,,,,,,,,,,,,,,,,,,,,
14927835,2026-10-07 11:31:16,sim12,005030,,skip,avoid_amount_dry,,,,,,,,,,,,,,,,,,,,,,,,,,,
14927835,2026-10-07 11:31:16,sim12,103140,,skip,avoid_frgn_sell_20d,,,,,,,,,,,,,,,,,,,,,,,,,,,
14927835,2026-10-07 11:31:16,sim12,025560,,skip,pb2_not_crashed,,,,,,,,,,,,,,,,,,,,,,,,,,,
14927835,2026-10-07 11:31:16,sim12,066570,,skip,pb2_not_crashed,,,,,,,,,,,,,,,,,,,,,,,,,,,
14927835,2026-10-07 11:31:16,sim12,020120,,skip,pb2_thin_liquidity,,,,,,,,,,,,,,,,,,,,,,,,,,,
14927835,2026-10-07 11:31:16,sim12,066575,,skip,pb2_not_crashed,,,,,,,,,,,,,,,,,,,,,,,,,,,
14927835,2026-10-07 11:31:16,sim12,093370,,skip,avoid_amount_dry,,,,,,,,,,,,,,,,,,,,,,,,,,,
14927835,2026-10-07 11:31:16,sim12,000880,,skip,avoid_amount_dry,,,,,,,,,,,,,,,,,,,,,,,,,,,
14927835,2026-10-07 11:31:16,sim12,006260,,skip,pb2_not_crashed,,,,,,,,,,,,,,,,,,,,,,,,,,,
14927835,2026-10-07 11:31:16,sim12,298040,,skip,avoid_orgn_sell_high_per,,,,,,,,,,,,,,,,,,,,,,,,,,,
14927835,2026-10-07 11:31:16,sim12,003670,,skip,avoid_frgn_sell_20d,,,,,,,,,,,,,,,,,,,,,,,,,,,
14927835,2026-10-07 11:31:16,sim12,267260,,skip,pb2_not_crashed,,,,,,,,,,,,,,,,,,,,,,,,,,,
14927835,2026-10-07 11:31:16,sim12,006110,,skip,avoid_amount_dry,,,,,,,,,,,,,,,,,,,,,,,,,,,
14927835,2026-10-07 11:31:16,sim12,001440,,skip,avoid_frgn_sell_20d,,,,,,,,,,,,,,,,,,,,,,,,,,,
14927835,2026-10-07 11:31:16,sim12,003465,,skip,avoid_amount_dry,,,,,,,,,,,,,,,,,,,,,,,,,,,
14927835,2026-10-07 11:31:16,sim12,003010,,skip,avoid_amount_dry,,,,,,,,,,,,,,,,,,,,,,,,,,,
14927835,2026-10-07 11:31:16,sim12,267270,,skip,avoid_frgn_sell_20d,,,,,,,,,,,,,,,,,,,,,,,,,,,
14927835,2026-10-07 11:31:16,sim12,457190,,skip,pb2_not_crashed,,,,,,,,,,,,,,,,,,,,,,,,,,,
14927835,2026-10-07 11:31:16,sim12,192650,,skip,avoid_amount_dry,,,,,,,,,,,,,,,,,,,,,,,,,,,
14927835,2026-10-07 11:31:16,sim12,004020,,skip,avoid_amount_dry,,,,,,,,,,,,,,,,,,,,,,,,,,,
14927835,2026-10-07 11:31:16,sim12,006200,,skip,avoid_amount_dry,,,,,,,,,,,,,,,,,,,,,,,,,,,
14927835,2026-10-07 11:31:16,sim12,079550,,skip,pb2_not_crashed,,,,,,,,,,,,,,,,,,,,,,,,,,,
14927835,2026-10-07 11:31:16,sim12,003580,,skip,pb2_not_crashed,,,,,,,,,,,,,,,,,,,,,,,,,,,
14927835,2026-10-07 11:31:16,sim12,002710,,skip,avoid_amount_dry,,,,,,,,,,,,,,,,,,,,,,,,,,,
14927835,2026-10-07 11:31:16,sim12,047810,,skip,pb2_not_crashed,,,,,,,,,,,,,,,,,,,,,,,,,,,
14927835,2026-10-07 11:31:16,sim12,210980,,skip,avoid_amount_dry,,,,,,,,,,,,,,,,,,,,,,,,,,,
14927835,2026-10-07 11:31:16,sim12,010130,,skip,avoid_amount_dry,,,,,,,,,,,,,,,,,,,,,,,,,,,
14927835,2026-10-07 11:31:16,sim12,066970,,skip,avoid_amount_dry,,,,,,,,,,,,,,,,,,,,,,,,,,,
14927835,2026-10-07 11:31:16,sim12,001430,,skip,avoid_amount_dry,,,,,,,,,,,,,,,,,,,,,,,,,,,
