종목명,현재가,등락률,외인변화,당일_게시글수,현재_외국인비중,시장구분,어제_종가,어제_외국인비중,게시물_요약,감정분석,Top_Keyword,연속_등록,latest_posts,scraper_version,code
아이엠바이오로직스,104000,+300.00%,0.0,7,1.04%,KOSDAQ,,,1조8천억 기술이전 / 추가상승에 무게! / 신규상장 주식이라[4] / 단일가 팔길 잘했다...,Positive (100%),"1조8천억, 기술이전, 추가상승에, 무게, 신규상장",2,"[{'title': '1조8천억 기술이전', 'date': '2026.03.21 08:02', 'views': '153', 'likes': '12', 'dislikes': '1', 'link': '/item/board_read.naver?code=493280&nid=415542076&page=1', 'body': '', 'score': 513}, {'title': '추가상승에 무게!', 'date': '2026.03.21 10:53', 'views': '79', 'likes': '5', 'dislikes': '0', 'link': '/item/board_read.naver?code=493280&nid=415546169&page=1', 'body': '', 'score': 229}, {'title': '신규상장 주식이라[4]', 'date': '2026.03.21 09:43', 'views': '137', 'likes': '3', 'dislikes': '0', 'link': '/item/board_read.naver?code=493280&nid=415544378&page=1', 'body': '', 'score': 227}, {'title': '최소 2조5천은갈듯?[1]', 'date': '2026.03.21 11:42', 'views': '17', 'likes': '2', 'dislikes': '0', 'link': '/item/board_read.naver?code=493280&nid=415547447&page=1', 'body': '', 'score': 77}, {'title': '단일가 팔길 잘했다...', 'date': '2026.03.21 09:12', 'views': '59', 'likes': '2', 'dislikes': '4', 'link': '/item/board_read.naver?code=493280&nid=415543567&page=1', 'body': '', 'score': 119}, {'title': '30%먹으려다 330%  물립니다 정신차리세요 기...', 'date': '2026.03.21 10:48', 'views': '55', 'likes': '1', 'dislikes': '5', 'link': '/item/board_read.naver?code=493280&nid=415546059&page=1', 'body': '', 'score': 85}, {'title': '니들 대박터진다', 'date': '2026.03.21 11:16', 'views': '29', 'likes': '0', 'dislikes': '2', 'link': '/item/board_read.naver?code=493280&nid=415546754&page=1', 'body': '', 'score': 29}]",9.2 (Strategy Advisor),493280
한신공영,17730,+29.99%,-0.27,10,4.49%,KOSPI,13640.0,4.76%,"한신공영·티케이케미칼 등 저PBR주 일제히 급...[1] / 수급이 이상한데[3] / 신입 주주입니다ㆍ[1] / 한신공영, 부동산 자산만 6천억대…낮은 시총 ...",Negative (100%),"나스닥, 티케이케미칼, 저PBR주, 일제히, 신입",1,"[{'title': '한신공영·티케이케미칼 등 저PBR주 일제히 급...[1]', 'date': '2026.03.21 08:11', 'views': '82', 'likes': '6', 'dislikes': '1', 'link': '/item/board_read.naver?code=004960&nid=415542258&page=1', 'body': '', 'score': 262}, {'title': '신입 주주입니다ㆍ[1]', 'date': '2026.03.21 09:19', 'views': '104', 'likes': '5', 'dislikes': '0', 'link': '/item/board_read.naver?code=004960&nid=415543763&page=1', 'body': '', 'score': 254}, {'title': '한신공영, 부동산 자산만 6천억대…낮은 시총 ...', 'date': '2026.03.21 08:16', 'views': '96', 'likes': '4', 'dislikes': '1', 'link': '/item/board_read.naver?code=004960&nid=415542356&page=1', 'body': '', 'score': 216}, {'title': '총주식수 1천1백5십만주', 'date': '2026.03.21 11:33', 'views': '48', 'likes': '3', 'dislikes': '1', 'link': '/item/board_read.naver?code=004960&nid=415547203&page=1', 'body': '', 'score': 138}, {'title': '주가누르기방지법이아니라 건설주라서 오른거임.A...[6]', 'date': '2026.03.21 11:16', 'views': '87', 'likes': '3', 'dislikes': '6', 'link': '/item/board_read.naver?code=004960&nid=415546745&page=1', 'body': '', 'score': 177}, {'title': '수급이 이상한데[3]', 'date': '2026.03.21 09:26', 'views': '165', 'likes': '3', 'dislikes': '0', 'link': '/item/board_read.naver?code=004960&nid=415543936&page=1', 'body': '', 'score': 255}, {'title': '서연  pbr 0.2  per 1 상장사 최대...', 'date': '2026.03.21 11:36', 'views': '48', 'likes': '2', 'dislikes': '2', 'link': '/item/board_read.naver?code=004960&nid=415547296&page=1', 'body': '', 'score': 108}, {'title': '우크 중동전쟁 끝날 기미가 보인다.', 'date': '2026.03.21 10:16', 'views': '31', 'likes': '2', 'dislikes': '1', 'link': '/item/board_read.naver?code=004960&nid=415545236&page=1', 'body': '', 'score': 91}, {'title': '나스닥 선물 -362p  하락 >>다우,나스닥...', 'date': '2026.03.21 08:26', 'views': '79', 'likes': '2', 'dislikes': '3', 'link': '/item/board_read.naver?code=004960&nid=415542572&page=1', 'body': '', 'score': 139}, {'title': '너네는', 'date': '2026.03.21 10:50', 'views': '24', 'likes': '0', 'dislikes': '0', 'link': '/item/board_read.naver?code=004960&nid=415546111&page=1', 'body': '', 'score': 24}]",9.2 (Strategy Advisor),004960
우리로,2710,+29.98%,-2.4,16,4.63%,KOSDAQ,2085.0,7.03%,"오른 것도 없는데, 다들 난리네요.[1] / 우리로 기술이전은 / 이기술 전자통신연구원이 세계 최초로 개발한거네요[1] / 회사 탐색[3]",Positive (100%),"오른, 것도, 없는데, 다들, 기술이전은",2,"[{'title': '오른 것도 없는데, 다들 난리네요.[1]', 'date': '2026.03.21 10:47', 'views': '214', 'likes': '11', 'dislikes': '0', 'link': '/item/board_read.naver?code=046970&nid=415546047&page=1', 'body': '', 'score': 544}, {'title': '우리로 기술이전은', 'date': '2026.03.21 08:17', 'views': '180', 'likes': '11', 'dislikes': '1', 'link': '/item/board_read.naver?code=046970&nid=415542376&page=1', 'body': '', 'score': 510}, {'title': '이기술 전자통신연구원이 세계 최초로 개발한거네요[1]', 'date': '2026.03.21 08:43', 'views': '174', 'likes': '6', 'dislikes': '1', 'link': '/item/board_read.naver?code=046970&nid=415542940&page=1', 'body': '', 'score': 354}, {'title': '광통신 업황ᆢ대한광통신ᆢ작년 여름만해도 시총  ...[2]', 'date': '2026.03.21 09:38', 'views': '141', 'likes': '4', 'dislikes': '3', 'link': '/item/board_read.naver?code=046970&nid=415544227&page=1', 'body': '', 'score': 261}, {'title': '미 증시 급락 신경쓸 필요 없다.  삼표시멘트의', 'date': '2026.03.21 08:42', 'views': '118', 'likes': '4', 'dislikes': '1', 'link': '/item/board_read.naver?code=046970&nid=415542914&page=1', 'body': '', 'score': 238}, {'title': '투상인데 시총이 1100억?[1]', 'date': '2026.03.21 10:38', 'views': '77', 'likes': '3', 'dislikes': '0', 'link': '/item/board_read.naver?code=046970&nid=415545811&page=1', 'body': '', 'score': 167}, {'title': '장난 아니네요.', 'date': '2026.03.21 09:46', 'views': '89', 'likes': '3', 'dislikes': '1', 'link': '/item/board_read.naver?code=046970&nid=415544467&page=1', 'body': '', 'score': 179}, {'title': '인간의 욕심 ㅋㅋ', 'date': '2026.03.21 09:14', 'views': '53', 'likes': '3', 'dislikes': '0', 'link': '/item/board_read.naver?code=046970&nid=415543617&page=1', 'body': '', 'score': 143}, {'title': '회사 탐색[3]', 'date': '2026.03.21 10:19', 'views': '207', 'likes': '2', 'dislikes': '0', 'link': '/item/board_read.naver?code=046970&nid=415545318&page=1', 'body': '', 'score': 267}, {'title': '투경', 'date': '2026.03.21 09:45', 'views': '56', 'likes': '2', 'dislikes': '1', 'link': '/item/board_read.naver?code=046970&nid=415544436&page=1', 'body': '', 'score': 116}]",9.2 (Strategy Advisor),046970
SK증권우,4185,+29.97%,0.06,1,0.98%,KOSPI,3220.0,0.92%,이란 전쟁으로 반사 이익,Neutral,"이란, 전쟁으로, 반사, 이익",1,"[{'title': '이란 전쟁으로 반사 이익', 'date': '2026.03.21 12:03', 'views': '7', 'likes': '2', 'dislikes': '0', 'link': '/item/board_read.naver?code=001515&nid=415547993&page=1', 'body': '', 'score': 67}]",9.2 (Strategy Advisor),001515
DL이앤씨,67400,+29.87%,0.48,15,29.72%,KOSPI,51900.0,29.24%,원전주 시총 비교[1] / 월요일 -15% 하락 시작..[4] / 점상호재 미국 SMR 1호기 건설 승인 / DL 이앤씨 상한가 친 이유,Mixed,"X에너지, 엑스에너지, 상장, 원전주, 시총",2,"[{'title': '원전주 시총 비교[1]', 'date': '2026.03.21 09:23', 'views': '575', 'likes': '18', 'dislikes': '3', 'link': '/item/board_read.naver?code=375500&nid=415543863&page=1', 'body': '', 'score': 1115}, {'title': '점상호재 미국 SMR 1호기 건설 승인', 'date': '2026.03.21 09:20', 'views': '233', 'likes': '9', 'dislikes': '1', 'link': '/item/board_read.naver?code=375500&nid=415543770&page=1', 'body': '', 'score': 503}, {'title': '9만원은 언제오냐[1]', 'date': '2026.03.21 08:50', 'views': '117', 'likes': '8', 'dislikes': '1', 'link': '/item/board_read.naver?code=375500&nid=415543079&page=1', 'body': '', 'score': 357}, {'title': 'DL 이앤씨 상한가 친 이유', 'date': '2026.03.21 11:20', 'views': '201', 'likes': '6', 'dislikes': '1', 'link': '/item/board_read.naver?code=375500&nid=415546839&page=1', 'body': '', 'score': 381}, {'title': '월요일 -15% 하락 시작..[4]', 'date': '2026.03.21 09:02', 'views': '365', 'likes': '6', 'dislikes': '8', 'link': '/item/board_read.naver?code=375500&nid=415543330&page=1', 'body': '', 'score': 545}, {'title': 'X에너지 지분보유와 나스닥상장 수혜[1]', 'date': '2026.03.21 12:30', 'views': '26', 'likes': '5', 'dislikes': '0', 'link': '/item/board_read.naver?code=375500&nid=415548649&page=1', 'body': '', 'score': 176}, {'title': '엑스에너지 지분잇구맛', 'date': '2026.03.21 12:22', 'views': '33', 'likes': '4', 'dislikes': '0', 'link': '/item/board_read.naver?code=375500&nid=415548468&page=1', 'body': '', 'score': 153}, {'title': 'X에너지 나스닥 상장 소식까지[1]', 'date': '2026.03.21 11:47', 'views': '55', 'likes': '4', 'dislikes': '0', 'link': '/item/board_read.naver?code=375500&nid=415547578&page=1', 'body': '', 'score': 175}, {'title': '세력은 엑스에너지 상장 정보를[3]', 'date': '2026.03.21 12:04', 'views': '99', 'likes': '3', 'dislikes': '0', 'link': '/item/board_read.naver?code=375500&nid=415548023&page=1', 'body': '', 'score': 189}, {'title': '주총에서 앞으로 배당 25%로 한다고 하면', 'date': '2026.03.21 12:01', 'views': '49', 'likes': '3', 'dislikes': '0', 'link': '/item/board_read.naver?code=375500&nid=415547937&page=1', 'body': '', 'score': 139}]",9.2 (Strategy Advisor),375500
네패스아크,25000,+29.87%,1.6,3,4.76%,KOSDAQ,19250.0,3.16%,긴급속보...... 미장개떡락..[2] / 월요일 개떡락[1] / 걱정은 고맙지만,Neutral,"월요일, 개떡락, 긴급속보, 미장개떡락, 걱정은",1,"[{'title': '월요일 개떡락[1]', 'date': '2026.03.21 09:09', 'views': '91', 'likes': '3', 'dislikes': '5', 'link': '/item/board_read.naver?code=330860&nid=415543493&page=1', 'body': '', 'score': 181}, {'title': '긴급속보...... 미장개떡락..[2]', 'date': '2026.03.21 08:35', 'views': '120', 'likes': '3', 'dislikes': '5', 'link': '/item/board_read.naver?code=330860&nid=415542760&page=1', 'body': '', 'score': 210}, {'title': '걱정은 고맙지만', 'date': '2026.03.21 11:09', 'views': '20', 'likes': '2', 'dislikes': '0', 'link': '/item/board_read.naver?code=330860&nid=415546558&page=1', 'body': '', 'score': 80}]",9.2 (Strategy Advisor),330860
SK오션플랜트,25550,+29.83%,-0.16,26,6.07%,KOSPI,19680.0,6.23%,디오션에게 매각은 물건너 갔습니다.[2] / 월요일 장 예상[7] / 월요일 갭상 20%[2] / 5만원 적정가,Positive (66%),"월요일, 디오션에게, 매각은, 물건너, 갭상",2,"[{'title': '디오션에게 매각은 물건너 갔습니다.[2]', 'date': '2026.03.21 10:39', 'views': '303', 'likes': '21', 'dislikes': '1', 'link': '/item/board_read.naver?code=100090&nid=415545828&page=1', 'body': '', 'score': 933}, {'title': '월요일 갭상 20%[2]', 'date': '2026.03.21 09:27', 'views': '151', 'likes': '10', 'dislikes': '2', 'link': '/item/board_read.naver?code=100090&nid=415543970&page=1', 'body': '', 'score': 451}, {'title': '5만원 적정가', 'date': '2026.03.21 08:57', 'views': '73', 'likes': '8', 'dislikes': '3', 'link': '/item/board_read.naver?code=100090&nid=415543229&page=1', 'body': '', 'score': 313}, {'title': '월요일 장 예상[7]', 'date': '2026.03.21 08:16', 'views': '413', 'likes': '7', 'dislikes': '8', 'link': '/item/board_read.naver?code=100090&nid=415542364&page=2', 'body': '', 'score': 623}, {'title': '이터닉스보고 절대안판다[1]', 'date': '2026.03.21 09:33', 'views': '123', 'likes': '5', 'dislikes': '2', 'link': '/item/board_read.naver?code=100090&nid=415544109&page=1', 'body': '', 'score': 273}, {'title': '밤새 유가 또 올랐구려', 'date': '2026.03.21 08:54', 'views': '84', 'likes': '5', 'dislikes': '1', 'link': '/item/board_read.naver?code=100090&nid=415543168&page=1', 'body': '', 'score': 234}, {'title': '에너지기술이전세계패권을잡는다', 'date': '2026.03.21 08:32', 'views': '94', 'likes': '5', 'dislikes': '3', 'link': '/item/board_read.naver?code=100090&nid=415542686&page=2', 'body': '', 'score': 244}, {'title': '팔아먹고 안티하기들 바쁘네  ㅋ', 'date': '2026.03.21 11:51', 'views': '121', 'likes': '4', 'dislikes': '1', 'link': '/item/board_read.naver?code=100090&nid=415547681&page=1', 'body': '', 'score': 241}, {'title': '아  상따해야했었네', 'date': '2026.03.21 08:51', 'views': '73', 'likes': '4', 'dislikes': '1', 'link': '/item/board_read.naver?code=100090&nid=415543095&page=2', 'body': '', 'score': 193}, {'title': '월요일  점  상', 'date': '2026.03.21 08:06', 'views': '94', 'likes': '4', 'dislikes': '9', 'link': '/item/board_read.naver?code=100090&nid=415542137&page=2', 'body': '', 'score': 214}]",9.2 (Strategy Advisor),100090
빛과전자,2190,+29.82%,2.82,5,3.68%,KOSDAQ,1687.0,0.86%,엄청 좋은 회사고만.. / 외인  하루에 273만주 / ㄱㅅㄱㅅ 보고서 땀시 상갔네.. / 찬티들 득실대는거보니 ㅡㅡㅋ,Negative (66%),"엄청, 좋은, 회사고만, 외인, 하루에",1,"[{'title': '엄청 좋은 회사고만..', 'date': '2026.03.21 08:03', 'views': '244', 'likes': '11', 'dislikes': '4', 'link': '/item/board_read.naver?code=069540&nid=415542093&page=1', 'body': '', 'score': 574}, {'title': '외인  하루에 273만주', 'date': '2026.03.21 08:40', 'views': '97', 'likes': '4', 'dislikes': '3', 'link': '/item/board_read.naver?code=069540&nid=415542885&page=1', 'body': '', 'score': 217}, {'title': 'ㄱㅅㄱㅅ 보고서 땀시 상갔네..', 'date': '2026.03.21 11:34', 'views': '38', 'likes': '2', 'dislikes': '2', 'link': '/item/board_read.naver?code=069540&nid=415547241&page=1', 'body': '', 'score': 98}, {'title': '찬티들 득실대는거보니 ㅡㅡㅋ', 'date': '2026.03.21 09:13', 'views': '43', 'likes': '1', 'dislikes': '1', 'link': '/item/board_read.naver?code=069540&nid=415543591&page=1', 'body': '', 'score': 73}, {'title': '미증시 광통신 폭락이라 갭하락나올거같음.[1]', 'date': '2026.03.21 12:30', 'views': '21', 'likes': '0', 'dislikes': '0', 'link': '/item/board_read.naver?code=069540&nid=415548656&page=1', 'body': '', 'score': 21}]",9.2 (Strategy Advisor),069540
SNT에너지,53300,+28.28%,1.31,11,6.53%,KOSPI,41550.0,5.22%,네이버 기업개요  지금 중동상황을 / 트럼프는 천재적인 장사꾼[1] / 저 평가된 종목으로 / 대주주,Negative (100%),"네이버, 중동상황을, 평가된, 종목으로, 트럼프는",2,"[{'title': '네이버 기업개요  지금 중동상황을', 'date': '2026.03.21 10:02', 'views': '146', 'likes': '11', 'dislikes': '1', 'link': '/item/board_read.naver?code=100840&nid=415544896&page=1', 'body': '', 'score': 476}, {'title': '저 평가된 종목으로', 'date': '2026.03.21 09:57', 'views': '78', 'likes': '9', 'dislikes': '1', 'link': '/item/board_read.naver?code=100840&nid=415544757&page=1', 'body': '', 'score': 348}, {'title': '트럼프는 천재적인 장사꾼[1]', 'date': '2026.03.21 10:43', 'views': '124', 'likes': '8', 'dislikes': '2', 'link': '/item/board_read.naver?code=100840&nid=415545922&page=1', 'body': '', 'score': 364}, {'title': '대주주', 'date': '2026.03.21 08:51', 'views': '65', 'likes': '6', 'dislikes': '1', 'link': '/item/board_read.naver?code=100840&nid=415543096&page=1', 'body': '', 'score': 245}, {'title': '안티가 되도 않는 소리 하는거', 'date': '2026.03.21 09:38', 'views': '32', 'likes': '5', 'dislikes': '1', 'link': '/item/board_read.naver?code=100840&nid=415544242&page=1', 'body': '', 'score': 182}, {'title': '한 30만원', 'date': '2026.03.21 09:22', 'views': '41', 'likes': '5', 'dislikes': '1', 'link': '/item/board_read.naver?code=100840&nid=415543842&page=1', 'body': '', 'score': 191}, {'title': 'Snt', 'date': '2026.03.21 12:22', 'views': '13', 'likes': '2', 'dislikes': '0', 'link': '/item/board_read.naver?code=100840&nid=415548455&page=1', 'body': '', 'score': 73}, {'title': '미국증시 트럼프 지상군 투입가능설로 떡락', 'date': '2026.03.21 11:58', 'views': '29', 'likes': '2', 'dislikes': '0', 'link': '/item/board_read.naver?code=100840&nid=415547863&page=1', 'body': '', 'score': 89}, {'title': '나도 좀 껴주라.[1]', 'date': '2026.03.21 08:57', 'views': '107', 'likes': '2', 'dislikes': '2', 'link': '/item/board_read.naver?code=100840&nid=415543239&page=1', 'body': '', 'score': 167}, {'title': 'Snt에너지,,,,고수님들께', 'date': '2026.03.21 11:36', 'views': '35', 'likes': '1', 'dislikes': '1', 'link': '/item/board_read.naver?code=100840&nid=415547290&page=1', 'body': '', 'score': 65}]",9.2 (Strategy Advisor),100840
DL,64900,+26.51%,0.52,2,15.99%,KOSPI,51300.0,15.47%,다우 나스닥 각각 443p  동일하게 급락ᆢ / 물린 개미들7~8만수두룩 자랑마냥,Neutral,"다우, 나스닥, 443p, 동일하게, 물린",1,"[{'title': '다우 나스닥 각각 443p  동일하게 급락ᆢ', 'date': '2026.03.21 08:11', 'views': '66', 'likes': '2', 'dislikes': '1', 'link': '/item/board_read.naver?code=000210&nid=415542252&page=1', 'body': '', 'score': 126}, {'title': '물린 개미들7~8만수두룩 자랑마냥', 'date': '2026.03.21 09:20', 'views': '43', 'likes': '0', 'dislikes': '1', 'link': '/item/board_read.naver?code=000210&nid=415543783&page=1', 'body': '', 'score': 43}]",9.2 (Strategy Advisor),000210
태웅,57300,+26.49%,1.37,4,5.04%,KOSDAQ,45300.0,3.67%,태웅 왜 오르나 AI에 물었더니? / 미장 개폭락 / 얘는 헷지주 개념으로 오른거임[1] / 미국에너지주,Negative (100%),"미국에너지주, 오르나, AI에, 물었더니, 얘는",2,"[{'title': '미국에너지주', 'date': '2026.03.21 12:08', 'views': '19', 'likes': '4', 'dislikes': '0', 'link': '/item/board_read.naver?code=044490&nid=415548114&page=1', 'body': '', 'score': 139}, {'title': '태웅 왜 오르나 AI에 물었더니?', 'date': '2026.03.21 11:43', 'views': '78', 'likes': '4', 'dislikes': '0', 'link': '/item/board_read.naver?code=044490&nid=415547461&page=1', 'body': '', 'score': 198}, {'title': '얘는 헷지주 개념으로 오른거임[1]', 'date': '2026.03.21 11:05', 'views': '53', 'likes': '3', 'dislikes': '0', 'link': '/item/board_read.naver?code=044490&nid=415546459&page=1', 'body': '', 'score': 143}, {'title': '미장 개폭락', 'date': '2026.03.21 08:14', 'views': '70', 'likes': '3', 'dislikes': '2', 'link': '/item/board_read.naver?code=044490&nid=415542331&page=1', 'body': '', 'score': 160}]",9.2 (Strategy Advisor),044490
하이텍팜,19340,+25.42%,0.21,2,45.18%,KOSDAQ,15420.0,44.97%,260320 주주총회 후기 올립니다. / 역시주총ㅈ에서 머크사얘기듣고,Neutral,"주주총회, 후기, 역시주총, 에서, 머크사얘기듣고",1,"[{'title': '260320 주주총회 후기 올립니다.', 'date': '2026.03.21 09:42', 'views': '89', 'likes': '13', 'dislikes': '0', 'link': '/item/board_read.naver?code=106190&nid=415544349&page=1', 'body': '', 'score': 479}, {'title': '역시주총ㅈ에서 머크사얘기듣고', 'date': '2026.03.21 10:24', 'views': '32', 'likes': '0', 'dislikes': '0', 'link': '/item/board_read.naver?code=106190&nid=415545411&page=1', 'body': '', 'score': 32}]",9.2 (Strategy Advisor),106190
오르비텍,13700,+24.77%,0.43,16,4.76%,KOSDAQ,10980.0,4.33%,이란 전쟁 장기화 돌입 🚀 / 미장폭락이네요  오르비 굿[1] / ㅎㅎㅎ[1] / 갈놈은 간다,Negative (75%),"전쟁, 이란, 장기화, 돌입, 갈놈은",2,"[{'title': '이란 전쟁 장기화 돌입 🚀', 'date': '2026.03.21 10:49', 'views': '168', 'likes': '13', 'dislikes': '2', 'link': '/item/board_read.naver?code=046120&nid=415546093&page=1', 'body': '', 'score': 558}, {'title': '갈놈은 간다', 'date': '2026.03.21 11:09', 'views': '64', 'likes': '10', 'dislikes': '2', 'link': '/item/board_read.naver?code=046120&nid=415546557&page=1', 'body': '', 'score': 364}, {'title': 'ㅎㅎㅎ[1]', 'date': '2026.03.21 08:18', 'views': '122', 'likes': '9', 'dislikes': '4', 'link': '/item/board_read.naver?code=046120&nid=415542389&page=1', 'body': '', 'score': 392}, {'title': '오르비텍', 'date': '2026.03.21 11:05', 'views': '53', 'likes': '8', 'dislikes': '3', 'link': '/item/board_read.naver?code=046120&nid=415546473&page=1', 'body': '', 'score': 293}, {'title': '우리기술대비 시총 1/10이네요.', 'date': '2026.03.21 11:26', 'views': '50', 'likes': '6', 'dislikes': '2', 'link': '/item/board_read.naver?code=046120&nid=415546999&page=1', 'body': '', 'score': 230}, {'title': '""daniel"" 이녀석은 25년1월부터 찬티.안...[2]', 'date': '2026.03.21 10:31', 'views': '48', 'likes': '6', 'dislikes': '0', 'link': '/item/board_read.naver?code=046120&nid=415545615&page=1', 'body': '', 'score': 228}, {'title': '중동 전쟁 확전 공포에 뉴욕증시 일제히 하락…나...[5]', 'date': '2026.03.21 09:08', 'views': '181', 'likes': '6', 'dislikes': '6', 'link': '/item/board_read.naver?code=046120&nid=415543477&page=1', 'body': '', 'score': 361}, {'title': '미장폭락이네요  오르비 굿[1]', 'date': '2026.03.21 08:42', 'views': '239', 'likes': '6', 'dislikes': '6', 'link': '/item/board_read.naver?code=046120&nid=415542916&page=1', 'body': '', 'score': 419}, {'title': '3월23일부터 투자경고결정', 'date': '2026.03.21 09:35', 'views': '128', 'likes': '5', 'dislikes': '0', 'link': '/item/board_read.naver?code=046120&nid=415544160&page=1', 'body': '', 'score': 278}, {'title': '4000 - 10500.....쉬어가자는데......[4]', 'date': '2026.03.21 10:01', 'views': '98', 'likes': '3', 'dislikes': '8', 'link': '/item/board_read.naver?code=046120&nid=415544872&page=1', 'body': '', 'score': 188}]",9.2 (Strategy Advisor),046120
태광,35700,+23.53%,0.87,2,21.65%,KOSDAQ,28900.0,20.78%,에너지 인프라 수혜주로 오른건데[1] / 잡주 큰 기대하지 마라,Positive (100%),"에너지, 인프라, 수혜주로, 오른건데, 잡주",1,"[{'title': '에너지 인프라 수혜주로 오른건데[1]', 'date': '2026.03.21 08:41', 'views': '75', 'likes': '4', 'dislikes': '0', 'link': '/item/board_read.naver?code=023160&nid=415542897&page=1', 'body': '', 'score': 195}, {'title': '잡주 큰 기대하지 마라', 'date': '2026.03.21 11:17', 'views': '13', 'likes': '0', 'dislikes': '0', 'link': '/item/board_read.naver?code=023160&nid=415546781&page=1', 'body': '', 'score': 13}]",9.2 (Strategy Advisor),023160
GS건설,31800,+22.54%,-0.11,24,23.05%,KOSPI,25950.0,23.16%,원전주 시총 비교[2] / GS건설이 6만 넘어 10만 넘겨도 비싸다는 ... / GS원전주 맞아요 / 시장분위기와 관계없이 현대건설이 주춤하는사이 ...,Positive (66%),"시총, 6만, 넘어, 10만, 넘겨도",2,"[{'title': 'GS건설이 6만 넘어 10만 넘겨도 비싸다는 ...', 'date': '2026.03.21 09:36', 'views': '182', 'likes': '17', 'dislikes': '0', 'link': '/item/board_read.naver?code=006360&nid=415544200&page=1', 'body': '', 'score': 692}, {'title': '원전주 시총 비교[2]', 'date': '2026.03.21 09:28', 'views': '496', 'likes': '16', 'dislikes': '1', 'link': '/item/board_read.naver?code=006360&nid=415544000&page=1', 'body': '', 'score': 976}, {'title': 'GS원전주 맞아요', 'date': '2026.03.21 09:46', 'views': '234', 'likes': '13', 'dislikes': '2', 'link': '/item/board_read.naver?code=006360&nid=415544460&page=1', 'body': '', 'score': 624}, {'title': '시장분위기와 관계없이 현대건설이 주춤하는사이 ...', 'date': '2026.03.21 08:51', 'views': '262', 'likes': '11', 'dislikes': '1', 'link': '/item/board_read.naver?code=006360&nid=415543102&page=1', 'body': '', 'score': 592}, {'title': '일본은 호르무즈 통과 협의개시 ㄷㄷㄷ', 'date': '2026.03.21 10:10', 'views': '176', 'likes': '9', 'dislikes': '2', 'link': '/item/board_read.naver?code=006360&nid=415545097&page=1', 'body': '', 'score': 446}, {'title': '월욜 35돌파', 'date': '2026.03.21 10:10', 'views': '70', 'likes': '8', 'dislikes': '3', 'link': '/item/board_read.naver?code=006360&nid=415545075&page=1', 'body': '', 'score': 310}, {'title': '대우건설 시총 8조,  현대건설 시총 18조[1]', 'date': '2026.03.21 10:03', 'views': '156', 'likes': '8', 'dislikes': '1', 'link': '/item/board_read.naver?code=006360&nid=415544921&page=1', 'body': '', 'score': 396}, {'title': '어서타 뒤자리 선착순 1임', 'date': '2026.03.21 10:37', 'views': '119', 'likes': '7', 'dislikes': '2', 'link': '/item/board_read.naver?code=006360&nid=415545764&page=1', 'body': '', 'score': 329}, {'title': '이렇게 올라도ᆢ', 'date': '2026.03.21 10:20', 'views': '75', 'likes': '7', 'dislikes': '2', 'link': '/item/board_read.naver?code=006360&nid=415545348&page=1', 'body': '', 'score': 285}, {'title': 'Gs건설이 주가누르다 X된이유 (수정)[3]', 'date': '2026.03.21 10:04', 'views': '342', 'likes': '7', 'dislikes': '3', 'link': '/item/board_read.naver?code=006360&nid=415544926&page=1', 'body': '', 'score': 552}]",9.2 (Strategy Advisor),006360
RF머트리얼즈,73900,+22.15%,0.39,2,7.42%,KOSDAQ,60500.0,7.03%,2일 보합후 떠난다[1] / 그래도 루멘텀 빠지고 주말인게,Neutral,"2일, 보합후, 그래도, 루멘텀, 빠지고",1,"[{'title': '2일 보합후 떠난다[1]', 'date': '2026.03.21 10:54', 'views': '17', 'likes': '1', 'dislikes': '0', 'link': '/item/board_read.naver?code=327260&nid=415546186&page=1', 'body': '', 'score': 47}, {'title': '그래도 루멘텀 빠지고 주말인게', 'date': '2026.03.21 11:12', 'views': '26', 'likes': '0', 'dislikes': '1', 'link': '/item/board_read.naver?code=327260&nid=415546651&page=1', 'body': '', 'score': 26}]",9.2 (Strategy Advisor),327260
티케이케미칼,2325,+21.41%,0.48,1,6.14%,KOSDAQ,1915.0,5.66%,새로운 아이디로 바람잡이 활동하는거로봐선[1],Neutral,"새로운, 아이디로, 바람잡이, 활동하는거로봐선",1,"[{'title': '새로운 아이디로 바람잡이 활동하는거로봐선[1]', 'date': '2026.03.21 08:50', 'views': '60', 'likes': '3', 'dislikes': '3', 'link': '/item/board_read.naver?code=104480&nid=415543087&page=1', 'body': '', 'score': 150}]",9.2 (Strategy Advisor),104480
유니슨,1682,+20.75%,1.17,6,5.25%,KOSDAQ,1393.0,4.08%,두산이 선정되어도[1] / 유상증자를 안 좋게만 봐야 할까요? 640억 유증...[4] / 개 / 폭락한 미장과 관련없나요[2],Negative (100%),"두산이, 선정되어도, 유상증자를, 좋게만, 봐야",2,"[{'title': '두산이 선정되어도[1]', 'date': '2026.03.21 10:39', 'views': '197', 'likes': '8', 'dislikes': '2', 'link': '/item/board_read.naver?code=018000&nid=415545834&page=1', 'body': '', 'score': 437}, {'title': '개', 'date': '2026.03.21 10:32', 'views': '62', 'likes': '8', 'dislikes': '2', 'link': '/item/board_read.naver?code=018000&nid=415545640&page=1', 'body': '', 'score': 302}, {'title': '유상증자를 안 좋게만 봐야 할까요? 640억 유증...[4]', 'date': '2026.03.21 11:16', 'views': '107', 'likes': '7', 'dislikes': '3', 'link': '/item/board_read.naver?code=018000&nid=415546760&page=1', 'body': '', 'score': 317}, {'title': '좋은 기사가 있어 공유합니다', 'date': '2026.03.21 12:35', 'views': '12', 'likes': '1', 'dislikes': '0', 'link': '/item/board_read.naver?code=018000&nid=415548765&page=1', 'body': '', 'score': 42}, {'title': '', 'date': '2026.03.21 10:00', 'views': '10', 'likes': '0', 'dislikes': '2', 'link': '', 'body': '', 'score': 10}, {'title': '폭락한 미장과 관련없나요[2]', 'date': '2026.03.21 08:36', 'views': '78', 'likes': '0', 'dislikes': '6', 'link': '/item/board_read.naver?code=018000&nid=415542777&page=1', 'body': '', 'score': 78}]",9.2 (Strategy Advisor),018000
티엠씨,23600,+20.53%,0.15,8,2.43%,KOSPI,19580.0,2.28%,나스닥[2] / 그놈의 욕심이 / 짧은 조정후 강한 상승~^^ / 향후 ~ re100,Positive (100%),"짧은, 조정후, 강한, 나스닥, 향후",2,"[{'title': '짧은 조정후 강한 상승~^^', 'date': '2026.03.21 11:28', 'views': '38', 'likes': '3', 'dislikes': '1', 'link': '/item/board_read.naver?code=217590&nid=415547063&page=1', 'body': '', 'score': 128}, {'title': '나스닥[2]', 'date': '2026.03.21 10:39', 'views': '119', 'likes': '3', 'dislikes': '2', 'link': '/item/board_read.naver?code=217590&nid=415545822&page=1', 'body': '', 'score': 209}, {'title': '향후 ~ re100', 'date': '2026.03.21 10:36', 'views': '30', 'likes': '3', 'dislikes': '0', 'link': '/item/board_read.naver?code=217590&nid=415545746&page=1', 'body': '', 'score': 120}, {'title': '미증시 볼밴을 타고 내려가고있어서', 'date': '2026.03.21 11:14', 'views': '49', 'likes': '2', 'dislikes': '1', 'link': '/item/board_read.naver?code=217590&nid=415546711&page=1', 'body': '', 'score': 109}, {'title': '그놈의 욕심이', 'date': '2026.03.21 11:00', 'views': '78', 'likes': '2', 'dislikes': '2', 'link': '/item/board_read.naver?code=217590&nid=415546339&page=1', 'body': '', 'score': 138}, {'title': '티엠씨는 🔥🚀', 'date': '2026.03.21 10:58', 'views': '60', 'likes': '2', 'dislikes': '0', 'link': '/item/board_read.naver?code=217590&nid=415546293&page=1', 'body': '', 'score': 120}, {'title': '금요일 넥장 고점에 사신분들 월요일 넥장시작에...', 'date': '2026.03.21 12:43', 'views': '4', 'likes': '0', 'dislikes': '0', 'link': '/item/board_read.naver?code=217590&nid=415548968&page=1', 'body': '', 'score': 4}, {'title': '이 종목 정체가 멉니까?', 'date': '2026.03.21 10:47', 'views': '31', 'likes': '0', 'dislikes': '2', 'link': '/item/board_read.naver?code=217590&nid=415546043&page=1', 'body': '', 'score': 31}]",9.2 (Strategy Advisor),217590
SGC에너지,62500,+19.73%,-0.06,1,3.49%,KOSPI,52200.0,3.55%,비에이치아이 25000원때,Neutral,"비에이치아이, 25000원때",1,"[{'title': '비에이치아이 25000원때', 'date': '2026.03.21 09:43', 'views': '47', 'likes': '1', 'dislikes': '0', 'link': '/item/board_read.naver?code=005090&nid=415544383&page=1', 'body': '', 'score': 77}]",9.2 (Strategy Advisor),005090
주성엔지니어링,72800,+19.34%,1.72,21,11.35%,KOSDAQ,61000.0,9.63%,"이번달 주도섹터..[3] / 주성은 태양광,  HBM 장비주 ALD로  급등했...[3] / *황철주 100조 자신~ALG-반도체공정 패러다임... / 제가 제공한 정보를 수정합니다[1]",Positive (66%),"이번달, 주도섹터, 황철주, 100조, 자신",2,"[{'title': '이번달 주도섹터..[3]', 'date': '2026.03.21 09:05', 'views': '301', 'likes': '17', 'dislikes': '2', 'link': '/item/board_read.naver?code=036930&nid=415543408&page=1', 'body': '', 'score': 811}, {'title': '*황철주 100조 자신~ALG-반도체공정 패러다임...', 'date': '2026.03.21 10:07', 'views': '121', 'likes': '13', 'dislikes': '1', 'link': '/item/board_read.naver?code=036930&nid=415544985&page=1', 'body': '', 'score': 511}, {'title': '주성은 태양광,  HBM 장비주 ALD로  급등했...[3]', 'date': '2026.03.21 11:18', 'views': '186', 'likes': '11', 'dislikes': '1', 'link': '/item/board_read.naver?code=036930&nid=415546804&page=1', 'body': '', 'score': 516}, {'title': '*한국의 ASML 등극 현실로???', 'date': '2026.03.21 10:12', 'views': '87', 'likes': '11', 'dislikes': '0', 'link': '/item/board_read.naver?code=036930&nid=415545143&page=1', 'body': '', 'score': 417}, {'title': '많이 빠져도 -2%내외임[2]', 'date': '2026.03.21 09:49', 'views': '107', 'likes': '11', 'dislikes': '2', 'link': '/item/board_read.naver?code=036930&nid=415544554&page=1', 'body': '', 'score': 437}, {'title': '삼성 110조 r&d m&a 기사뜨고 다음날 외국...[1]', 'date': '2026.03.21 11:36', 'views': '134', 'likes': '9', 'dislikes': '3', 'link': '/item/board_read.naver?code=036930&nid=415547278&page=1', 'body': '', 'score': 404}, {'title': '제가 제공한 정보를 수정합니다[1]', 'date': '2026.03.21 08:30', 'views': '194', 'likes': '9', 'dislikes': '2', 'link': '/item/board_read.naver?code=036930&nid=415542655&page=2', 'body': '', 'score': 464}, {'title': '*ALG공급사 추정해보면...[4]', 'date': '2026.03.21 10:30', 'views': '172', 'likes': '6', 'dislikes': '1', 'link': '/item/board_read.naver?code=036930&nid=415545579&page=1', 'body': '', 'score': 352}, {'title': '★  다음주는  폭락한다는걸   다들   알쟎아 ...[3]', 'date': '2026.03.21 09:26', 'views': '141', 'likes': '5', 'dislikes': '20', 'link': '/item/board_read.naver?code=036930&nid=415543935&page=1', 'body': '', 'score': 291}, {'title': '미국 솔라엣지 태양광만 폭등', 'date': '2026.03.21 10:58', 'views': '66', 'likes': '4', 'dislikes': '1', 'link': '/item/board_read.naver?code=036930&nid=415546280&page=1', 'body': '', 'score': 186}]",9.2 (Strategy Advisor),036930
우진,31200,+19.31%,2.04,9,11.47%,KOSPI,26150.0,9.43%,와 시외 내리는거 뭔가쌔해서 반 판게 신... / 어찌되나? / 팔아야지 / 미장이 도와주네,Neutral,"어찌되나, 팔아야지, 시외, 내리는거, 뭔가쌔해서",2,"[{'title': '어찌되나?', 'date': '2026.03.21 09:55', 'views': '34', 'likes': '3', 'dislikes': '0', 'link': '/item/board_read.naver?code=105840&nid=415544701&page=1', 'body': '', 'score': 124}, {'title': '팔아야지', 'date': '2026.03.21 08:39', 'views': '28', 'likes': '3', 'dislikes': '2', 'link': '/item/board_read.naver?code=105840&nid=415542858&page=1', 'body': '', 'score': 118}, {'title': '와 시외 내리는거 뭔가쌔해서 반 판게 신...', 'date': '2026.03.21 08:15', 'views': '43', 'likes': '3', 'dislikes': '2', 'link': '/item/board_read.naver?code=105840&nid=415542338&page=1', 'body': '', 'score': 133}, {'title': '미장이 도와주네', 'date': '2026.03.21 08:41', 'views': '52', 'likes': '2', 'dislikes': '4', 'link': '/item/board_read.naver?code=105840&nid=415542899&page=1', 'body': '', 'score': 112}, {'title': '어제 시간외라도 판넘들이 승자네...', 'date': '2026.03.21 12:27', 'views': '10', 'likes': '1', 'dislikes': '1', 'link': '/item/board_read.naver?code=105840&nid=415548588&page=1', 'body': '', 'score': 40}, {'title': '국장', 'date': '2026.03.21 10:38', 'views': '16', 'likes': '1', 'dislikes': '2', 'link': '/item/board_read.naver?code=105840&nid=415545807&page=1', 'body': '', 'score': 46}, {'title': '오르던 내리던', 'date': '2026.03.21 12:22', 'views': '4', 'likes': '0', 'dislikes': '0', 'link': '/item/board_read.naver?code=105840&nid=415548469&page=1', 'body': '', 'score': 4}, {'title': '끝까지 가보자. 대체불가 1차 벤더', 'date': '2026.03.21 11:53', 'views': '31', 'likes': '0', 'dislikes': '0', 'link': '/item/board_read.naver?code=105840&nid=415547735&page=1', 'body': '', 'score': 31}, {'title': '애초에 원전주들 전쟁확대로 반사이익 봤던...', 'date': '2026.03.21 10:24', 'views': '19', 'likes': '0', 'dislikes': '1', 'link': '/item/board_read.naver?code=105840&nid=415545426&page=1', 'body': '', 'score': 19}]",9.2 (Strategy Advisor),105840
SK증권,2585,+18.58%,0.63,16,7.03%,KOSPI,2180.0,6.40%,일단...[2] / 지금 2600에 사면[2] / 담주 5천 보겠네[1] / 전고점 2360원에 물린자들 하소연 했었지요?,Negative (100%),"일단, 담주, 5천, 보겠네, 미국",5,"[{'title': '일단...[2]', 'date': '2026.03.21 10:14', 'views': '385', 'likes': '13', 'dislikes': '3', 'link': '/item/board_read.naver?code=001510&nid=415545194&page=1', 'body': '', 'score': 775}, {'title': '담주 5천 보겠네[1]', 'date': '2026.03.21 10:38', 'views': '321', 'likes': '10', 'dislikes': '5', 'link': '/item/board_read.naver?code=001510&nid=415545805&page=1', 'body': '', 'score': 621}, {'title': 'SK 미국 NRC 원전 승인[1]', 'date': '2026.03.21 08:19', 'views': '248', 'likes': '9', 'dislikes': '6', 'link': '/item/board_read.naver?code=001510&nid=415542422&page=1', 'body': '', 'score': 518}, {'title': '지금 2600에 사면[2]', 'date': '2026.03.21 10:17', 'views': '450', 'likes': '8', 'dislikes': '3', 'link': '/item/board_read.naver?code=001510&nid=415545257&page=1', 'body': '', 'score': 690}, {'title': '그냥  4월달까지  묻어놓으세요[1]', 'date': '2026.03.21 09:34', 'views': '329', 'likes': '8', 'dislikes': '4', 'link': '/item/board_read.naver?code=001510&nid=415544148&page=1', 'body': '', 'score': 569}, {'title': 'Sk증권 4~5월 가지고 가야 할 이유[1]', 'date': '2026.03.21 09:49', 'views': '358', 'likes': '7', 'dislikes': '5', 'link': '/item/board_read.naver?code=001510&nid=415544572&page=1', 'body': '', 'score': 568}, {'title': '4/6까지 저가에 담으면', 'date': '2026.03.21 09:54', 'views': '101', 'likes': '6', 'dislikes': '4', 'link': '/item/board_read.naver?code=001510&nid=415544679&page=1', 'body': '', 'score': 281}, {'title': '전고점 2360원에 물린자들 하소연 했었지요?', 'date': '2026.03.21 09:21', 'views': '482', 'likes': '4', 'dislikes': '4', 'link': '/item/board_read.naver?code=001510&nid=415543800&page=1', 'body': '', 'score': 602}, {'title': '2795[1]', 'date': '2026.03.21 09:16', 'views': '160', 'likes': '3', 'dislikes': '10', 'link': '/item/board_read.naver?code=001510&nid=415543665&page=1', 'body': '', 'score': 250}, {'title': '세력이 대량매집했다고 공시에 나오잖아[2]', 'date': '2026.03.21 10:30', 'views': '408', 'likes': '2', 'dislikes': '4', 'link': '/item/board_read.naver?code=001510&nid=415545572&page=1', 'body': '', 'score': 468}]",9.2 (Strategy Advisor),001510
대우건설,19110,+18.18%,0.26,21,11.54%,KOSPI,16170.0,11.28%,대건이[1] / 월요일[8] / 동양고속 참조하세요// / 계속  순탄하게   가는 주식 없지요[1],Negative (100%),"월요일, 투경, 대건이, 동양고속, 투위",6,"[{'title': '대건이[1]', 'date': '2026.03.21 08:23', 'views': '890', 'likes': '33', 'dislikes': '2', 'link': '/item/board_read.naver?code=047040&nid=415542505&page=1', 'body': '', 'score': 1880}, {'title': '동양고속 참조하세요//', 'date': '2026.03.21 09:43', 'views': '539', 'likes': '18', 'dislikes': '4', 'link': '/item/board_read.naver?code=047040&nid=415544380&page=1', 'body': '', 'score': 1079}, {'title': '월요일[8]', 'date': '2026.03.21 08:02', 'views': '986', 'likes': '13', 'dislikes': '27', 'link': '/item/board_read.naver?code=047040&nid=415542063&page=2', 'body': '', 'score': 1376}, {'title': '■대우건설■투경/투위■[3]', 'date': '2026.03.21 11:50', 'views': '209', 'likes': '10', 'dislikes': '0', 'link': '/item/board_read.naver?code=047040&nid=415547672&page=1', 'body': '', 'score': 509}, {'title': '[아직도 투주,투경 얘기를 하시네요?][3]', 'date': '2026.03.21 12:17', 'views': '232', 'likes': '9', 'dislikes': '0', 'link': '/item/board_read.naver?code=047040&nid=415548349&page=1', 'body': '', 'score': 502}, {'title': '계속  순탄하게   가는 주식 없지요[1]', 'date': '2026.03.21 10:18', 'views': '331', 'likes': '8', 'dislikes': '4', 'link': '/item/board_read.naver?code=047040&nid=415545288&page=1', 'body': '', 'score': 571}, {'title': '대건 목표가 얼마보시나요?[2]', 'date': '2026.03.21 12:16', 'views': '105', 'likes': '7', 'dislikes': '7', 'link': '/item/board_read.naver?code=047040&nid=415548304&page=1', 'body': '', 'score': 315}, {'title': '월요일..조정 심하게와서 17500원까지 오나...[6]', 'date': '2026.03.21 11:42', 'views': '352', 'likes': '7', 'dislikes': '6', 'link': '/item/board_read.naver?code=047040&nid=415547442&page=1', 'body': '', 'score': 562}, {'title': '2판4판', 'date': '2026.03.21 10:54', 'views': '76', 'likes': '7', 'dislikes': '2', 'link': '/item/board_read.naver?code=047040&nid=415546202&page=1', 'body': '', 'score': 286}, {'title': '18년만에 최고주가', 'date': '2026.03.21 10:37', 'views': '107', 'likes': '7', 'dislikes': '1', 'link': '/item/board_read.naver?code=047040&nid=415545783&page=1', 'body': '', 'score': 317}]",9.2 (Strategy Advisor),047040
한미글로벌,27200,+17.49%,0.15,3,8.23%,KOSPI,23150.0,8.08%,팩트 급등원인[2] / 17퍼에 다시 잡았는데...20퍼 이상에서 안... / 미장 개폭락했는데 아직도 현실 분간이 안되냐 ...,Mixed,"17퍼에, 잡았는데, 20퍼, 이상에서, 팩트",1,"[{'title': '17퍼에 다시 잡았는데...20퍼 이상에서 안...', 'date': '2026.03.21 09:52', 'views': '64', 'likes': '3', 'dislikes': '4', 'link': '/item/board_read.naver?code=053690&nid=415544634&page=1', 'body': '', 'score': 154}, {'title': '팩트 급등원인[2]', 'date': '2026.03.21 08:23', 'views': '166', 'likes': '2', 'dislikes': '4', 'link': '/item/board_read.naver?code=053690&nid=415542502&page=1', 'body': '', 'score': 226}, {'title': '미장 개폭락했는데 아직도 현실 분간이 안되냐 ...', 'date': '2026.03.21 12:01', 'views': '9', 'likes': '0', 'dislikes': '0', 'link': '/item/board_read.naver?code=053690&nid=415547927&page=1', 'body': '', 'score': 9}]",9.2 (Strategy Advisor),053690
하림지주,17700,+17.22%,1.28,12,8.95%,KOSDAQ,15100.0,7.67%,"주당 2만원인데 / 공모가 20,700원... 병아리가 ... / 일단 떨어지진 않을듯… / 월요일[3]",Neutral,"공모가, 700원, 병아리가, 주당, 2만원인데",2,"[{'title': '공모가 20,700원... 병아리가 ...', 'date': '2026.03.21 10:56', 'views': '77', 'likes': '10', 'dislikes': '1', 'link': '/item/board_read.naver?code=003380&nid=415546237&page=1', 'body': '', 'score': 377}, {'title': '주당 2만원인데', 'date': '2026.03.21 09:03', 'views': '104', 'likes': '10', 'dislikes': '3', 'link': '/item/board_read.naver?code=003380&nid=415543355&page=1', 'body': '', 'score': 404}, {'title': '일단 떨어지진 않을듯…', 'date': '2026.03.21 10:34', 'views': '91', 'likes': '9', 'dislikes': '0', 'link': '/item/board_read.naver?code=003380&nid=415545701&page=1', 'body': '', 'score': 361}, {'title': '월요일[3]', 'date': '2026.03.21 10:38', 'views': '147', 'likes': '6', 'dislikes': '0', 'link': '/item/board_read.naver?code=003380&nid=415545790&page=1', 'body': '', 'score': 327}, {'title': '이재명 대 김홍국[2]', 'date': '2026.03.21 12:15', 'views': '34', 'likes': '5', 'dislikes': '0', 'link': '/item/board_read.naver?code=003380&nid=415548286&page=1', 'body': '', 'score': 184}, {'title': '아무리 바도 실수 한거 같은데[1]', 'date': '2026.03.21 11:48', 'views': '95', 'likes': '3', 'dislikes': '0', 'link': '/item/board_read.naver?code=003380&nid=415547602&page=1', 'body': '', 'score': 185}, {'title': '법을 냉정히 보다 경영주 입장에서', 'date': '2026.03.21 11:32', 'views': '57', 'likes': '2', 'dislikes': '0', 'link': '/item/board_read.naver?code=003380&nid=415547179&page=1', 'body': '', 'score': 117}, {'title': '갑자기 하림라면 땡기네요 홈플가서 사...[1]', 'date': '2026.03.21 10:25', 'views': '48', 'likes': '2', 'dislikes': '2', 'link': '/item/board_read.naver?code=003380&nid=415545442&page=1', 'body': '', 'score': 108}, {'title': '주총 통지서를 아직도?[1]', 'date': '2026.03.21 11:39', 'views': '57', 'likes': '1', 'dislikes': '0', 'link': '/item/board_read.naver?code=003380&nid=415547357&page=1', 'body': '', 'score': 87}, {'title': '이란 외무장관, 교도통신과 인터뷰.....', 'date': '2026.03.21 11:28', 'views': '73', 'likes': '1', 'dislikes': '0', 'link': '/item/board_read.naver?code=003380&nid=415547045&page=1', 'body': '', 'score': 103}]",9.2 (Strategy Advisor),003380
성광벤드,37200,+17.17%,1.37,1,31.74%,KOSDAQ,31750.0,30.37%,유가가  또 올랐다 ㅡ!,Neutral,유가가,1,"[{'title': '유가가  또 올랐다 ㅡ!', 'date': '2026.03.21 09:40', 'views': '49', 'likes': '1', 'dislikes': '0', 'link': '/item/board_read.naver?code=014620&nid=415544284&page=1', 'body': '', 'score': 79}]",9.2 (Strategy Advisor),014620
옵투스제약,11910,+15.63%,-0.25,4,4.00%,KOSDAQ,10300.0,4.25%,답은 정해져 있잖아[1] / 날씨도 좋은데 종토방 죽치지말고[1] / 우왕~~ 💕💕[1] / 음봉할배,Neutral,"답은, 정해져, 있잖아, 날씨도, 좋은데",1,"[{'title': '답은 정해져 있잖아[1]', 'date': '2026.03.21 09:53', 'views': '53', 'likes': '4', 'dislikes': '0', 'link': '/item/board_read.naver?code=131030&nid=415544668&page=1', 'body': '', 'score': 173}, {'title': '날씨도 좋은데 종토방 죽치지말고[1]', 'date': '2026.03.21 10:15', 'views': '30', 'likes': '3', 'dislikes': '0', 'link': '/item/board_read.naver?code=131030&nid=415545224&page=1', 'body': '', 'score': 120}, {'title': '우왕~~ 💕💕[1]', 'date': '2026.03.21 09:18', 'views': '50', 'likes': '2', 'dislikes': '1', 'link': '/item/board_read.naver?code=131030&nid=415543722&page=1', 'body': '', 'score': 110}, {'title': '음봉할배', 'date': '2026.03.21 10:03', 'views': '21', 'likes': '0', 'dislikes': '0', 'link': '/item/board_read.naver?code=131030&nid=415544900&page=1', 'body': '', 'score': 21}]",9.2 (Strategy Advisor),131030
다산네트웍스,4990,+15.38%,1.68,1,6.67%,KOSDAQ,4325.0,4.99%,"미국,atnt 통신 투자 2500억달러[1]",Neutral,"미국, atnt, 통신, 2500억달러",1,"[{'title': '미국,atnt 통신 투자 2500억달러[1]', 'date': '2026.03.21 10:06', 'views': '52', 'likes': '0', 'dislikes': '2', 'link': '/item/board_read.naver?code=039560&nid=415544958&page=1', 'body': '', 'score': 52}]",9.2 (Strategy Advisor),039560
지투파워,13500,+15.29%,3.54,3,8.40%,KOSDAQ,11710.0,4.86%,자..  미장 봤죠? 개폭락한거![3] / 상승장초입[1] / 이게 상승장에서만 간다는 증거가.....,Positive (66%),"이게, 상승장에서만, 간다는, 증거가, 상승장초입",2,"[{'title': '이게 상승장에서만 간다는 증거가.....', 'date': '2026.03.21 12:18', 'views': '12', 'likes': '0', 'dislikes': '0', 'link': '/item/board_read.naver?code=388050&nid=415548375&page=1', 'body': '', 'score': 12}, {'title': '상승장초입[1]', 'date': '2026.03.21 11:48', 'views': '29', 'likes': '0', 'dislikes': '1', 'link': '/item/board_read.naver?code=388050&nid=415547598&page=1', 'body': '', 'score': 29}, {'title': '자..  미장 봤죠? 개폭락한거![3]', 'date': '2026.03.21 09:18', 'views': '148', 'likes': '0', 'dislikes': '7', 'link': '/item/board_read.naver?code=388050&nid=415543710&page=1', 'body': '', 'score': 148}]",9.2 (Strategy Advisor),388050
카나프테라퓨틱스,52200,+14.98%,0.96,6,1.47%,KOSDAQ,45400.0,0.51%,작년 당기순손실 500억에 놀라는 초... / 아직도[2] / 신규주가 햇지로 잘 나가는 수도 있다[2] / 풓ᆢㅎᆢㅎᆢ 어이상실....[1],Neutral,"작년, 당기순손실, 500억에, 놀라는, 어이상실",2,"[{'title': '작년 당기순손실 500억에 놀라는 초...', 'date': '2026.03.21 11:24', 'views': '72', 'likes': '6', 'dislikes': '0', 'link': '/item/board_read.naver?code=0082N0&nid=415546941&page=1', 'body': '', 'score': 252}, {'title': '풓ᆢㅎᆢㅎᆢ 어이상실....[1]', 'date': '2026.03.21 10:43', 'views': '42', 'likes': '1', 'dislikes': '0', 'link': '/item/board_read.naver?code=0082N0&nid=415545926&page=1', 'body': '', 'score': 72}, {'title': '신규주가 햇지로 잘 나가는 수도 있다[2]', 'date': '2026.03.21 09:40', 'views': '108', 'likes': '1', 'dislikes': '2', 'link': '/item/board_read.naver?code=0082N0&nid=415544301&page=1', 'body': '', 'score': 138}, {'title': '아직도[2]', 'date': '2026.03.21 08:31', 'views': '124', 'likes': '1', 'dislikes': '0', 'link': '/item/board_read.naver?code=0082N0&nid=415542671&page=1', 'body': '', 'score': 154}, {'title': '카나프랑 액스비스 물리고 느낀점 !', 'date': '2026.03.21 11:15', 'views': '30', 'likes': '0', 'dislikes': '0', 'link': '/item/board_read.naver?code=0082N0&nid=415546713&page=1', 'body': '', 'score': 30}, {'title': '정말 더럽네...와...치고치고 죽이...', 'date': '2026.03.21 10:53', 'views': '26', 'likes': '0', 'dislikes': '0', 'link': '/item/board_read.naver?code=0082N0&nid=415546175&page=1', 'body': '', 'score': 26}]",9.2 (Strategy Advisor),0082N0
에이프로젠,343,+14.33%,-1.01,5,6.75%,KOSPI,300.0,7.76%,감보 관련 마담과 통화[1] / 감보 안올라왔네[1] / 아직도 ppq 준비 안했어?? / 2500이 본전[1],Neutral,"감보, 관련, 마담과, 통화, 허자",2,"[{'title': '감보 관련 마담과 통화[1]', 'date': '2026.03.21 08:38', 'views': '79', 'likes': '3', 'dislikes': '3', 'link': '/item/board_read.naver?code=007460&nid=415542822&page=1', 'body': '', 'score': 169}, {'title': '잘 생각 허자', 'date': '2026.03.21 12:41', 'views': '3', 'likes': '1', 'dislikes': '0', 'link': '/item/board_read.naver?code=007460&nid=415548934&page=1', 'body': '', 'score': 33}, {'title': '2500이 본전[1]', 'date': '2026.03.21 11:41', 'views': '13', 'likes': '1', 'dislikes': '0', 'link': '/item/board_read.naver?code=007460&nid=415547407&page=1', 'body': '', 'score': 43}, {'title': '아직도 ppq 준비 안했어??', 'date': '2026.03.21 09:35', 'views': '29', 'likes': '1', 'dislikes': '1', 'link': '/item/board_read.naver?code=007460&nid=415544152&page=1', 'body': '', 'score': 59}, {'title': '감보 안올라왔네[1]', 'date': '2026.03.21 08:16', 'views': '64', 'likes': '1', 'dislikes': '2', 'link': '/item/board_read.naver?code=007460&nid=415542359&page=1', 'body': '', 'score': 94}]",9.2 (Strategy Advisor),007460
금호건설,5630,+14.31%,0.17,1,4.02%,KOSPI,4925.0,3.85%,미국 주식 급락으로 ᆢ다우  나스닥 동...,Neutral,"미국, 급락으로, 다우, 나스닥",1,"[{'title': '미국 주식 급락으로 ᆢ다우  나스닥 동...', 'date': '2026.03.21 08:34', 'views': '24', 'likes': '0', 'dislikes': '0', 'link': '/item/board_read.naver?code=002990&nid=415542723&page=1', 'body': '', 'score': 24}]",9.2 (Strategy Advisor),002990
네오펙트,1306,+14.16%,1.39,1,1.86%,KOSDAQ,1144.0,0.47%,이제는 로봇주[1],Neutral,"이제는, 로봇주",1,"[{'title': '이제는 로봇주[1]', 'date': '2026.03.21 09:21', 'views': '145', 'likes': '11', 'dislikes': '0', 'link': '/item/board_read.naver?code=290660&nid=415543816&page=1', 'body': '', 'score': 475}]",9.2 (Strategy Advisor),290660
삼천당제약,907000,+14.09%,0.31,64,6.20%,KOSDAQ,795000.0,5.89%,"4월 IR의 의미ㆍ단백질의 마법사 삼천당[11] / 홍콩,싱가폴 IR 이후 / 키트루다 경구 파트너쉽 진행중?[4] / 어제 이벤트들의 대한 생각 정리(수정)[11]",Negative (53%),"경구, 4월, IR의, 의미, 단백질의",2,"[{'title': '4월 IR의 의미ㆍ단백질의 마법사 삼천당[11]', 'date': '2026.03.21 10:29', 'views': '404', 'likes': '93', 'dislikes': '0', 'link': '/item/board_read.naver?code=000250&nid=415545562&page=2', 'body': '', 'score': 3194}, {'title': '홍콩,싱가폴 IR 이후', 'date': '2026.03.21 08:59', 'views': '470', 'likes': '89', 'dislikes': '0', 'link': '/item/board_read.naver?code=000250&nid=415543273&page=3', 'body': '', 'score': 3140}, {'title': '키트루다 경구 파트너쉽 진행중?[4]', 'date': '2026.03.21 09:09', 'views': '560', 'likes': '84', 'dislikes': '0', 'link': '/item/board_read.naver?code=000250&nid=415543496&page=3', 'body': '', 'score': 3080}, {'title': '어제 이벤트들의 대한 생각 정리(수정)[11]', 'date': '2026.03.21 10:52', 'views': '485', 'likes': '81', 'dislikes': '1', 'link': '/item/board_read.naver?code=000250&nid=415546140&page=2', 'body': '', 'score': 2915}, {'title': '이 할배 감히 말하자면 삼천당 코스닥 시총 ...[14]', 'date': '2026.03.21 08:28', 'views': '581', 'likes': '75', 'dislikes': '7', 'link': '/item/board_read.naver?code=000250&nid=415542622&page=3', 'body': '', 'score': 2831}, {'title': '삼천당코스닥시총1위[1]', 'date': '2026.03.21 08:58', 'views': '268', 'likes': '60', 'dislikes': '0', 'link': '/item/board_read.naver?code=000250&nid=415543266&page=3', 'body': '', 'score': 2068}, {'title': '미치지 않고서야.....ㄷㄷㄷ[1]', 'date': '2026.03.21 10:03', 'views': '452', 'likes': '59', 'dislikes': '0', 'link': '/item/board_read.naver?code=000250&nid=415544903&page=3', 'body': '', 'score': 2222}, {'title': '엔브렐 경구[5]', 'date': '2026.03.21 11:17', 'views': '243', 'likes': '43', 'dislikes': '3', 'link': '/item/board_read.naver?code=000250&nid=415546767&page=2', 'body': '', 'score': 1533}, {'title': '■[삼천불제약] 대장주가 되면~[3]', 'date': '2026.03.21 10:01', 'views': '298', 'likes': '43', 'dislikes': '0', 'link': '/item/board_read.naver?code=000250&nid=415544852&page=3', 'body': '', 'score': 1588}, {'title': '1년만에 2억 넘게 모았어용 믿기지 않아용....[3]', 'date': '2026.03.21 09:27', 'views': '639', 'likes': '38', 'dislikes': '3', 'link': '/item/board_read.naver?code=000250&nid=415543971&page=3', 'body': '', 'score': 1779}]",9.2 (Strategy Advisor),000250
아남전자,1774,+12.71%,0.11,2,2.10%,KOSPI,1574.0,1.99%,수익실현이 답입니다[2] / 주말 에너지 쇼크 올 거 같은데...,Positive (100%),"주말, 에너지, 쇼크, 같은데, 수익실현이",2,"[{'title': '주말 에너지 쇼크 올 거 같은데...', 'date': '2026.03.21 12:32', 'views': '5', 'likes': '0', 'dislikes': '0', 'link': '/item/board_read.naver?code=008700&nid=415548710&page=1', 'body': '', 'score': 5}, {'title': '수익실현이 답입니다[2]', 'date': '2026.03.21 08:24', 'views': '117', 'likes': '0', 'dislikes': '9', 'link': '/item/board_read.naver?code=008700&nid=415542535&page=1', 'body': '', 'score': 117}]",9.2 (Strategy Advisor),008700
태광산업,1289000,+12.48%,-0.04,5,3.07%,KOSPI,1146000.0,3.11%,차명주식ㆍㆍㆍ / 경고및 협조요청..대통령 뚝심 / 월요일도 올라라~ / 사측 대행사(엘엠파트너스) 방문 관련 주의 및...,Neutral,"차명주식, 경고및, 협조요청, 대통령, 뚝심",1,"[{'title': '차명주식ㆍㆍㆍ', 'date': '2026.03.21 08:13', 'views': '42', 'likes': '7', 'dislikes': '0', 'link': '/item/board_read.naver?code=003240&nid=415542292&page=1', 'body': '', 'score': 252}, {'title': '경고및 협조요청..대통령 뚝심', 'date': '2026.03.21 10:29', 'views': '47', 'likes': '5', 'dislikes': '0', 'link': '/item/board_read.naver?code=003240&nid=415545566&page=1', 'body': '', 'score': 197}, {'title': '월요일도 올라라~', 'date': '2026.03.21 09:16', 'views': '28', 'likes': '2', 'dislikes': '0', 'link': '/item/board_read.naver?code=003240&nid=415543668&page=1', 'body': '', 'score': 88}, {'title': '자본시장 선진화 1단계', 'date': '2026.03.21 12:33', 'views': '9', 'likes': '1', 'dislikes': '0', 'link': '/item/board_read.naver?code=003240&nid=415548721&page=1', 'body': '', 'score': 39}, {'title': '사측 대행사(엘엠파트너스) 방문 관련 주의 및...', 'date': '2026.03.21 12:21', 'views': '16', 'likes': '1', 'dislikes': '0', 'link': '/item/board_read.naver?code=003240&nid=415548437&page=1', 'body': '', 'score': 46}]",9.2 (Strategy Advisor),003240
HDC,28050,+11.98%,0.16,2,22.38%,KOSPI,25050.0,22.22%,정회장이 선포한 AI는 뭘까요?[2] / 통영 에코파워 가스,Neutral,"정회장이, 선포한, AI는, 통영, 에코파워",1,"[{'title': '정회장이 선포한 AI는 뭘까요?[2]', 'date': '2026.03.21 08:25', 'views': '58', 'likes': '1', 'dislikes': '1', 'link': '/item/board_read.naver?code=012630&nid=415542539&page=1', 'body': '', 'score': 88}, {'title': '통영 에코파워 가스', 'date': '2026.03.21 08:38', 'views': '47', 'likes': '0', 'dislikes': '0', 'link': '/item/board_read.naver?code=012630&nid=415542830&page=1', 'body': '', 'score': 47}]",9.2 (Strategy Advisor),012630
HDC현대산업개발,24100,+11.83%,0.19,1,17.26%,KOSPI,21550.0,17.07%,재건 원조 대장 - 현대에버다임,Neutral,"재건, 원조, 대장",1,"[{'title': '재건 원조 대장 - 현대에버다임', 'date': '2026.03.21 09:35', 'views': '25', 'likes': '0', 'dislikes': '0', 'link': '/item/board_read.naver?code=294870&nid=415544169&page=1', 'body': '', 'score': 25}]",9.2 (Strategy Advisor),294870
SK이터닉스,59900,+11.55%,-0.33,55,2.67%,KOSPI,53700.0,3.00%,님들 제가 글을보고 느낀게 모냐면[4] / 전쟁나기 전부터 kkr  인수 때문에  오른거[3] / 조금전뉴스ㅡ이란 혁명수비대 정예군 사령관ㅡㅡ저... / 다음주23일장  나스닥2%하락ㅡ삼전 ...,Positive (75%),"이란, 님들, 글을보고, 느낀게, 모냐면",3,"[{'title': '님들 제가 글을보고 느낀게 모냐면[4]', 'date': '2026.03.21 08:57', 'views': '379', 'likes': '16', 'dislikes': '0', 'link': '/item/board_read.naver?code=475150&nid=415543251&page=2', 'body': '', 'score': 859}, {'title': '조금전뉴스ㅡ이란 혁명수비대 정예군 사령관ㅡㅡ저...', 'date': '2026.03.21 09:50', 'views': '395', 'likes': '12', 'dislikes': '4', 'link': '/item/board_read.naver?code=475150&nid=415544584&page=2', 'body': '', 'score': 755}, {'title': '전쟁나기 전부터 kkr  인수 때문에  오른거[3]', 'date': '2026.03.21 08:51', 'views': '405', 'likes': '12', 'dislikes': '1', 'link': '/item/board_read.naver?code=475150&nid=415543110&page=2', 'body': '', 'score': 765}, {'title': '다음주23일장  나스닥2%하락ㅡ삼전 ...', 'date': '2026.03.21 11:16', 'views': '283', 'likes': '11', 'dislikes': '3', 'link': '/item/board_read.naver?code=475150&nid=415546755&page=1', 'body': '', 'score': 613}, {'title': '주식천재 주말인사 드립니다', 'date': '2026.03.21 09:27', 'views': '95', 'likes': '11', 'dislikes': '2', 'link': '/item/board_read.naver?code=475150&nid=415543966&page=2', 'body': '', 'score': 425}, {'title': 'SK다', 'date': '2026.03.21 11:07', 'views': '65', 'likes': '10', 'dislikes': '2', 'link': '/item/board_read.naver?code=475150&nid=415546526&page=1', 'body': '', 'score': 365}, {'title': '시총9조 한화솔루션 따라잡기[2]', 'date': '2026.03.21 08:48', 'views': '286', 'likes': '9', 'dislikes': '1', 'link': '/item/board_read.naver?code=475150&nid=415543037&page=2', 'body': '', 'score': 556}, {'title': '지상군 파견 될거 같은데[1]', 'date': '2026.03.21 11:09', 'views': '115', 'likes': '8', 'dislikes': '3', 'link': '/item/board_read.naver?code=475150&nid=415546566&page=1', 'body': '', 'score': 355}, {'title': '전세계 석유 비축유량이 점점 줄어들어', 'date': '2026.03.21 09:45', 'views': '186', 'likes': '8', 'dislikes': '1', 'link': '/item/board_read.naver?code=475150&nid=415544427&page=2', 'body': '', 'score': 426}, {'title': '""이란 전쟁, 역사상 최악의 에너지 안보 위기...[2]', 'date': '2026.03.21 09:36', 'views': '230', 'likes': '8', 'dislikes': '0', 'link': '/item/board_read.naver?code=475150&nid=415544191&page=2', 'body': '', 'score': 470}]",9.2 (Strategy Advisor),475150
진흥기업,1150,+10.05%,-0.85,3,0.76%,KOSPI,1045.0,1.61%,1차목표가 ~[2] / 2만주 던지고 후회가 막심하네요 / 형이다,Neutral,"1차목표가, 2만주, 던지고, 후회가",3,"[{'title': '1차목표가 ~[2]', 'date': '2026.03.21 09:06', 'views': '122', 'likes': '8', 'dislikes': '4', 'link': '/item/board_read.naver?code=002780&nid=415543418&page=1', 'body': '', 'score': 362}, {'title': '2만주 던지고 후회가 막심하네요', 'date': '2026.03.21 11:13', 'views': '44', 'likes': '4', 'dislikes': '10', 'link': '/item/board_read.naver?code=002780&nid=415546678&page=1', 'body': '', 'score': 164}, {'title': '형이다', 'date': '2026.03.21 11:05', 'views': '25', 'likes': '4', 'dislikes': '1', 'link': '/item/board_read.naver?code=002780&nid=415546475&page=1', 'body': '', 'score': 145}]",9.2 (Strategy Advisor),002780
인스코비,302,+9.42%,0.51,4,3.23%,KOSPI,276.0,2.72%,◆◆ 회계감사보고서 제출기한[4] / 이미 결정난거 난거 같은데~그냥 쉬자구여~~ / 인스가 살아야 셀루도 살지 않겠냐? / 밑에서 3번째넘은 가족이 다 없나보네ㄷㄷ,Neutral,"회계감사보고서, 제출기한, 결정난거, 난거, 같은데",1,"[{'title': '◆◆ 회계감사보고서 제출기한[4]', 'date': '2026.03.21 09:13', 'views': '238', 'likes': '5', 'dislikes': '4', 'link': '/item/board_read.naver?code=006490&nid=415543584&page=1', 'body': '', 'score': 388}, {'title': '이미 결정난거 난거 같은데~그냥 쉬자구여~~', 'date': '2026.03.21 10:43', 'views': '71', 'likes': '2', 'dislikes': '2', 'link': '/item/board_read.naver?code=006490&nid=415545929&page=1', 'body': '', 'score': 131}, {'title': '밑에서 3번째넘은 가족이 다 없나보네ㄷㄷ', 'date': '2026.03.21 12:08', 'views': '22', 'likes': '0', 'dislikes': '0', 'link': '/item/board_read.naver?code=006490&nid=415548118&page=1', 'body': '', 'score': 22}, {'title': '인스가 살아야 셀루도 살지 않겠냐?', 'date': '2026.03.21 11:34', 'views': '42', 'likes': '0', 'dislikes': '0', 'link': '/item/board_read.naver?code=006490&nid=415547224&page=1', 'body': '', 'score': 42}]",9.2 (Strategy Advisor),006490
에스에너지,2125,+8.92%,1.02,2,2.21%,KOSDAQ,1951.0,1.19%,부나방들[1] / 2330원에 탈출 했음,Neutral,"부나방들, 2330원에, 탈출, 했음",1,"[{'title': '부나방들[1]', 'date': '2026.03.21 10:24', 'views': '58', 'likes': '3', 'dislikes': '2', 'link': '/item/board_read.naver?code=095910&nid=415545415&page=1', 'body': '', 'score': 148}, {'title': '2330원에 탈출 했음', 'date': '2026.03.21 09:35', 'views': '19', 'likes': '2', 'dislikes': '2', 'link': '/item/board_read.naver?code=095910&nid=415544181&page=1', 'body': '', 'score': 79}]",9.2 (Strategy Advisor),095910
한화투자증권,7920,+7.32%,-0.03,7,6.42%,KOSPI,7380.0,6.45%,"다시 1만원 찍어보자 / 맘 편하게 / “현금, 카드 다음은 코인?”…판 바뀌는 결제...[1] / '美 증시 상장' 추진해온 토스, 국장도 저울...",Neutral,"코인, 1만원, 찍어보자, 편하게, 스테이블코인",2,"[{'title': '다시 1만원 찍어보자', 'date': '2026.03.21 08:54', 'views': '21', 'likes': '6', 'dislikes': '2', 'link': '/item/board_read.naver?code=003530&nid=415543172&page=1', 'body': '', 'score': 201}, {'title': '맘 편하게', 'date': '2026.03.21 11:46', 'views': '7', 'likes': '1', 'dislikes': '1', 'link': '/item/board_read.naver?code=003530&nid=415547551&page=1', 'body': '', 'score': 37}, {'title': '스테이블코인 어디다 쓰나…금융위, 실사용 설계...', 'date': '2026.03.21 12:32', 'views': '3', 'likes': '0', 'dislikes': '0', 'link': '/item/board_read.naver?code=003530&nid=415548696&page=1', 'body': '', 'score': 3}, {'title': '금융사 뛰어든 웹3…선발 투자자는 이미 엑시트', 'date': '2026.03.21 11:47', 'views': '12', 'likes': '0', 'dislikes': '1', 'link': '/item/board_read.naver?code=003530&nid=415547563&page=1', 'body': '', 'score': 12}, {'title': ""'美 증시 상장' 추진해온 토스, 국장도 저울..."", 'date': '2026.03.21 10:52', 'views': '22', 'likes': '0', 'dislikes': '1', 'link': '/item/board_read.naver?code=003530&nid=415546152&page=1', 'body': '', 'score': 22}, {'title': '“현금, 카드 다음은 코인?”…판 바뀌는 결제...[1]', 'date': '2026.03.21 08:49', 'views': '29', 'likes': '0', 'dislikes': '2', 'link': '/item/board_read.naver?code=003530&nid=415543062&page=1', 'body': '', 'score': 29}, {'title': '""코인 계속 오른다"" 월가 큰손, 비트코인 ‘...', 'date': '2026.03.21 08:37', 'views': '20', 'likes': '0', 'dislikes': '2', 'link': '/item/board_read.naver?code=003530&nid=415542809&page=1', 'body': '', 'score': 20}]",9.2 (Strategy Advisor),003530
LS머트리얼즈,25300,+6.53%,0.6,8,5.40%,KOSDAQ,23750.0,4.80%,48층은 올랑가 몰라[2] / 하!!  블랙먼데이~~~~~~~~~~~10%이상...[2] / 얘들아[1] / 내글에,Neutral,"48층은, 올랑가, 몰라, 얘들아, 블랙먼데이",3,"[{'title': '48층은 올랑가 몰라[2]', 'date': '2026.03.21 10:47', 'views': '83', 'likes': '7', 'dislikes': '3', 'link': '/item/board_read.naver?code=417200&nid=415546049&page=1', 'body': '', 'score': 293}, {'title': '얘들아[1]', 'date': '2026.03.21 10:07', 'views': '106', 'likes': '5', 'dislikes': '1', 'link': '/item/board_read.naver?code=417200&nid=415544984&page=1', 'body': '', 'score': 256}, {'title': '하!!  블랙먼데이~~~~~~~~~~~10%이상...[2]', 'date': '2026.03.21 09:11', 'views': '144', 'likes': '4', 'dislikes': '8', 'link': '/item/board_read.naver?code=417200&nid=415543538&page=1', 'body': '', 'score': 264}, {'title': '휴-후!!!~~~~~ 23,880~~~~24,1...', 'date': '2026.03.21 09:00', 'views': '46', 'likes': '2', 'dislikes': '7', 'link': '/item/board_read.naver?code=417200&nid=415543293&page=1', 'body': '', 'score': 106}, {'title': '미장 내릴때 오른종목 ㅋㅋ 참고', 'date': '2026.03.21 12:03', 'views': '24', 'likes': '1', 'dislikes': '2', 'link': '/item/board_read.naver?code=417200&nid=415547985&page=1', 'body': '', 'score': 54}, {'title': '내글에', 'date': '2026.03.21 09:45', 'views': '86', 'likes': '1', 'dislikes': '5', 'link': '/item/board_read.naver?code=417200&nid=415544432&page=1', 'body': '', 'score': 116}, {'title': '보통 윗고리 긴 양봉이면', 'date': '2026.03.21 12:45', 'views': '4', 'likes': '0', 'dislikes': '0', 'link': '/item/board_read.naver?code=417200&nid=415549021&page=1', 'body': '', 'score': 4}, {'title': '와 매출 1500억에 적자기업이', 'date': '2026.03.21 12:43', 'views': '4', 'likes': '0', 'dislikes': '1', 'link': '/item/board_read.naver?code=417200&nid=415548982&page=1', 'body': '', 'score': 4}]",9.2 (Strategy Advisor),417200
KEC,1407,+6.19%,0.5,1,3.58%,KOSPI,1325.0,3.08%,이천 오백~,Neutral,"이천, 오백",1,"[{'title': '이천 오백~', 'date': '2026.03.21 10:40', 'views': '22', 'likes': '0', 'dislikes': '0', 'link': '/item/board_read.naver?code=092220&nid=415545865&page=1', 'body': '', 'score': 22}]",9.2 (Strategy Advisor),092220
한화생명,5230,+6.09%,0.11,5,6.23%,KOSPI,4930.0,6.12%,"국민연금, 예금보험공사의 주가조작(주가누...[2] / 한생 이번달에 크게 갈것 같은데 / 월요일이 무시무시[2] / 코스피 야선 사프로넘게빠졋는디 ㅋㅋ[1]",Neutral,"국민연금, 예금보험공사의, 주가조작, 주가누, 한생",2,"[{'title': '국민연금, 예금보험공사의 주가조작(주가누...[2]', 'date': '2026.03.21 09:21', 'views': '219', 'likes': '27', 'dislikes': '0', 'link': '/item/board_read.naver?code=088350&nid=415543815&page=1', 'body': '', 'score': 1029}, {'title': '한생 이번달에 크게 갈것 같은데', 'date': '2026.03.21 11:31', 'views': '73', 'likes': '5', 'dislikes': '0', 'link': '/item/board_read.naver?code=088350&nid=415547153&page=1', 'body': '', 'score': 223}, {'title': '월요일이 무시무시[2]', 'date': '2026.03.21 12:00', 'views': '88', 'likes': '2', 'dislikes': '3', 'link': '/item/board_read.naver?code=088350&nid=415547895&page=1', 'body': '', 'score': 148}, {'title': '빠따회장님이 주가 오른거보고', 'date': '2026.03.21 12:14', 'views': '24', 'likes': '0', 'dislikes': '1', 'link': '/item/board_read.naver?code=088350&nid=415548270&page=1', 'body': '', 'score': 24}, {'title': '코스피 야선 사프로넘게빠졋는디 ㅋㅋ[1]', 'date': '2026.03.21 11:34', 'views': '71', 'likes': '0', 'dislikes': '5', 'link': '/item/board_read.naver?code=088350&nid=415547231&page=1', 'body': '', 'score': 71}]",9.2 (Strategy Advisor),088350
보성파워텍,12850,+6.02%,2.1,5,10.16%,KOSDAQ,12120.0,8.06%,지인이 4만원이 아니라[6] / [ 보성파워텍 겹겹호재 ] 원전+ 전력 = 2... / 부자됩시다 익절후 튀었습니다 여러분[2] / 5월15일까지 기다리면 된다,Positive (100%),"겹겹호재, 원전, 전력, 지인이, 4만원이",2,"[{'title': '[ 보성파워텍 겹겹호재 ] 원전+ 전력 = 2...', 'date': '2026.03.21 11:19', 'views': '92', 'likes': '2', 'dislikes': '0', 'link': '/item/board_read.naver?code=006910&nid=415546820&page=1', 'body': '', 'score': 152}, {'title': '지인이 4만원이 아니라[6]', 'date': '2026.03.21 09:51', 'views': '218', 'likes': '2', 'dislikes': '11', 'link': '/item/board_read.naver?code=006910&nid=415544604&page=1', 'body': '', 'score': 278}, {'title': '부자됩시다 익절후 튀었습니다 여러분[2]', 'date': '2026.03.21 09:25', 'views': '83', 'likes': '1', 'dislikes': '2', 'link': '/item/board_read.naver?code=006910&nid=415543918&page=1', 'body': '', 'score': 113}, {'title': '니들이 여기서 3조 4조 외치고 있으니', 'date': '2026.03.21 12:35', 'views': '3', 'likes': '0', 'dislikes': '0', 'link': '/item/board_read.naver?code=006910&nid=415548783&page=1', 'body': '', 'score': 3}, {'title': '5월15일까지 기다리면 된다', 'date': '2026.03.21 11:53', 'views': '39', 'likes': '0', 'dislikes': '0', 'link': '/item/board_read.naver?code=006910&nid=415547720&page=1', 'body': '', 'score': 39}]",9.2 (Strategy Advisor),006910
팬오션,5330,+5.54%,0.32,2,14.98%,KOSPI,5050.0,14.66%,5750 뚫으면 / 미장들 봤오? 지상군 투입하면 더 떨어질걸~,Neutral,"뚫으면, 미장들, 봤오, 지상군, 투입하면",1,"[{'title': '5750 뚫으면', 'date': '2026.03.21 11:18', 'views': '29', 'likes': '3', 'dislikes': '3', 'link': '/item/board_read.naver?code=028670&nid=415546805&page=1', 'body': '', 'score': 119}, {'title': '미장들 봤오? 지상군 투입하면 더 떨어질걸~', 'date': '2026.03.21 12:44', 'views': '1', 'likes': '0', 'dislikes': '0', 'link': '/item/board_read.naver?code=028670&nid=415549017&page=1', 'body': '', 'score': 1}]",9.2 (Strategy Advisor),028670
대한해운,2350,+5.15%,1.11,9,8.76%,KOSPI,2235.0,7.65%,그동안 주가 꾹꾹누르면서[3] / [DART 분석] 대한해운 주주가 'SM그룹...[8] / ●국제유가 브렌트유 112.19달러(+3.2... / 다음주 월요일 시작하자 마자,Neutral,"그동안, 꾹꾹누르면서, DART, 주주가, SM그룹",5,"[{'title': '그동안 주가 꾹꾹누르면서[3]', 'date': '2026.03.21 08:10', 'views': '257', 'likes': '17', 'dislikes': '0', 'link': '/item/board_read.naver?code=005880&nid=415542236&page=1', 'body': '', 'score': 767}, {'title': ""[DART 분석] 대한해운 주주가 'SM그룹...[8]"", 'date': '2026.03.21 11:07', 'views': '109', 'likes': '15', 'dislikes': '1', 'link': '/item/board_read.naver?code=005880&nid=415546530&page=1', 'body': '', 'score': 559}, {'title': '●국제유가 브렌트유 112.19달러(+3.2...', 'date': '2026.03.21 09:37', 'views': '95', 'likes': '9', 'dislikes': '0', 'link': '/item/board_read.naver?code=005880&nid=415544209&page=1', 'body': '', 'score': 365}, {'title': '다음주 월요일 시작하자 마자', 'date': '2026.03.21 10:12', 'views': '56', 'likes': '7', 'dislikes': '1', 'link': '/item/board_read.naver?code=005880&nid=415545139&page=1', 'body': '', 'score': 266}, {'title': '2502  뚫으면', 'date': '2026.03.21 11:17', 'views': '30', 'likes': '5', 'dislikes': '1', 'link': '/item/board_read.naver?code=005880&nid=415546763&page=1', 'body': '', 'score': 180}, {'title': '흥아 네이노옴!', 'date': '2026.03.21 11:51', 'views': '24', 'likes': '3', 'dislikes': '1', 'link': '/item/board_read.naver?code=005880&nid=415547687&page=1', 'body': '', 'score': 114}, {'title': '2000', 'date': '2026.03.21 10:17', 'views': '36', 'likes': '3', 'dislikes': '5', 'link': '/item/board_read.naver?code=005880&nid=415545261&page=1', 'body': '', 'score': 126}, {'title': '3300단 구조오나요?[1]', 'date': '2026.03.21 09:21', 'views': '162', 'likes': '3', 'dislikes': '2', 'link': '/item/board_read.naver?code=005880&nid=415543797&page=1', 'body': '', 'score': 252}, {'title': '일본 이란과 선박 통과 협의중', 'date': '2026.03.21 12:43', 'views': '1', 'likes': '0', 'dislikes': '0', 'link': '/item/board_read.naver?code=005880&nid=415548965&page=1', 'body': '', 'score': 1}]",9.2 (Strategy Advisor),005880
한화솔루션,51700,+3.92%,0.2,42,14.66%,KOSPI,49750.0,14.46%,나스닥하락할때.  솔라엣지 태양광만 대폭등[1] / 한화솔루션[3] / 솔라엣지 VS 퍼스트 솔라 차이점 설명[1] / 15%  급등 출발합니다[1],Negative (54%),"솔라엣지, 나스닥하락할때, 태양광만, 대폭등, VS",2,"[{'title': '나스닥하락할때.  솔라엣지 태양광만 대폭등[1]', 'date': '2026.03.21 08:17', 'views': '368', 'likes': '21', 'dislikes': '10', 'link': '/item/board_read.naver?code=009830&nid=415542382&page=2', 'body': '', 'score': 998}, {'title': '솔라엣지 VS 퍼스트 솔라 차이점 설명[1]', 'date': '2026.03.21 11:36', 'views': '242', 'likes': '17', 'dislikes': '3', 'link': '/item/board_read.naver?code=009830&nid=415547298&page=1', 'body': '', 'score': 752}, {'title': '어플삭제하고 한달뒤에봐라..', 'date': '2026.03.21 08:07', 'views': '105', 'likes': '17', 'dislikes': '2', 'link': '/item/board_read.naver?code=009830&nid=415542161&page=3', 'body': '', 'score': 615}, {'title': '15%  급등 출발합니다[1]', 'date': '2026.03.21 08:11', 'views': '265', 'likes': '16', 'dislikes': '2', 'link': '/item/board_read.naver?code=009830&nid=415542251&page=2', 'body': '', 'score': 745}, {'title': '어제 솔라엣지 급등 이유 분석[1]', 'date': '2026.03.21 11:27', 'views': '212', 'likes': '13', 'dislikes': '1', 'link': '/item/board_read.naver?code=009830&nid=415547020&page=1', 'body': '', 'score': 602}, {'title': '최근 2개월간 나스닥 1.5% 하락시 한솔주가...', 'date': '2026.03.21 11:25', 'views': '171', 'likes': '13', 'dislikes': '2', 'link': '/item/board_read.naver?code=009830&nid=415546986&page=1', 'body': '', 'score': 561}, {'title': '한화솔루션[3]', 'date': '2026.03.21 09:09', 'views': '449', 'likes': '11', 'dislikes': '2', 'link': '/item/board_read.naver?code=009830&nid=415543492&page=2', 'body': '', 'score': 779}, {'title': '태양광에너지는  대세입니다', 'date': '2026.03.21 10:44', 'views': '77', 'likes': '10', 'dislikes': '4', 'link': '/item/board_read.naver?code=009830&nid=415545938&page=2', 'body': '', 'score': 377}, {'title': '안티도 적당히 해야지 ㅋㅋ 알바 티난다[1]', 'date': '2026.03.21 11:42', 'views': '224', 'likes': '9', 'dislikes': '0', 'link': '/item/board_read.naver?code=009830&nid=415547455&page=1', 'body': '', 'score': 494}, {'title': '월요일 쫄지맙시다~![1]', 'date': '2026.03.21 09:23', 'views': '165', 'likes': '9', 'dislikes': '1', 'link': '/item/board_read.naver?code=009830&nid=415543850&page=2', 'body': '', 'score': 435}]",9.2 (Strategy Advisor),009830
두산에너빌리티,109600,+3.10%,0.22,42,24.46%,KOSPI,106300.0,24.24%,"월요일 진입 괜찮을까요?[7] / 어제[3] / 금요일에 11만원 언더에서 끝낸이유 / <속보>美, 테라파워의 첫 첨단 SMR 원전 ...[1]",Negative (60%),"월요일, 진입, 금요일에, 11만원, 언더에서",2,"[{'title': '월요일 진입 괜찮을까요?[7]', 'date': '2026.03.21 08:45', 'views': '678', 'likes': '32', 'dislikes': '2', 'link': '/item/board_read.naver?code=034020&nid=415542987&page=2', 'body': '', 'score': 1638}, {'title': '금요일에 11만원 언더에서 끝낸이유', 'date': '2026.03.21 09:27', 'views': '376', 'likes': '24', 'dislikes': '2', 'link': '/item/board_read.naver?code=034020&nid=415543958&page=2', 'body': '', 'score': 1096}, {'title': '10만원 대에[1]', 'date': '2026.03.21 10:06', 'views': '281', 'likes': '22', 'dislikes': '5', 'link': '/item/board_read.naver?code=034020&nid=415544967&page=2', 'body': '', 'score': 941}, {'title': '애증의 두빌.', 'date': '2026.03.21 08:08', 'views': '177', 'likes': '21', 'dislikes': '1', 'link': '/item/board_read.naver?code=034020&nid=415542193&page=3', 'body': '', 'score': 807}, {'title': '증권사들은 테마주로 보고, 주주들은 대장주로 ...[1]', 'date': '2026.03.21 11:00', 'views': '139', 'likes': '20', 'dislikes': '3', 'link': '/item/board_read.naver?code=034020&nid=415546329&page=2', 'body': '', 'score': 739}, {'title': '어제[3]', 'date': '2026.03.21 09:24', 'views': '590', 'likes': '20', 'dislikes': '1', 'link': '/item/board_read.naver?code=034020&nid=415543892&page=2', 'body': '', 'score': 1190}, {'title': '과연 두빌이 버틸까 ㅋㅋㅋㅋ[1]', 'date': '2026.03.21 08:44', 'views': '339', 'likes': '20', 'dislikes': '3', 'link': '/item/board_read.naver?code=034020&nid=415542970&page=2', 'body': '', 'score': 939}, {'title': '40대 주부인데요.[12]', 'date': '2026.03.21 10:06', 'views': '262', 'likes': '19', 'dislikes': '30', 'link': '/item/board_read.naver?code=034020&nid=415544965&page=2', 'body': '', 'score': 832}, {'title': '<속보>美, 테라파워의 첫 첨단 SMR 원전 ...[1]', 'date': '2026.03.21 10:17', 'views': '611', 'likes': '16', 'dislikes': '13', 'link': '/item/board_read.naver?code=034020&nid=415545266&page=2', 'body': '', 'score': 1091}, {'title': '트럼프 이란과 종전 고려[2]', 'date': '2026.03.21 09:59', 'views': '529', 'likes': '16', 'dislikes': '1', 'link': '/item/board_read.naver?code=034020&nid=415544805&page=2', 'body': '', 'score': 1009}]",9.2 (Strategy Advisor),034020
현대ADM,14790,+2.78%,0.11,19,1.32%,KOSDAQ,14390.0,1.21%,부스위치에 대한 팩트체크[4] / 4월 17일 미국 샌디에이고에서 열리... / 1차 임상은 12주면 될 거  같은데...[3] / 월요일 상한가 기대하지 맙시다.[4],Mixed,"4월, 17일, 미국, 샌디에이고에서, 열리",2,"[{'title': '4월 17일 미국 샌디에이고에서 열리...', 'date': '2026.03.21 09:06', 'views': '382', 'likes': '34', 'dislikes': '4', 'link': '/item/board_read.naver?code=187660&nid=415543432&page=1', 'body': '', 'score': 1402}, {'title': '부스위치에 대한 팩트체크[4]', 'date': '2026.03.21 09:48', 'views': '576', 'likes': '29', 'dislikes': '2', 'link': '/item/board_read.naver?code=187660&nid=415544515&page=1', 'body': '', 'score': 1446}, {'title': '많은 항암주가 망하는이유', 'date': '2026.03.21 10:18', 'views': '368', 'likes': '28', 'dislikes': '1', 'link': '/item/board_read.naver?code=187660&nid=415545298&page=1', 'body': '', 'score': 1208}, {'title': '1차 임상은 12주면 될 거  같은데...[3]', 'date': '2026.03.21 09:27', 'views': '445', 'likes': '28', 'dislikes': '4', 'link': '/item/board_read.naver?code=187660&nid=415543957&page=1', 'body': '', 'score': 1285}, {'title': '월요일 상한가 기대하지 맙시다.[4]', 'date': '2026.03.21 09:05', 'views': '495', 'likes': '26', 'dislikes': '4', 'link': '/item/board_read.naver?code=187660&nid=415543412&page=1', 'body': '', 'score': 1275}, {'title': '세계최초 타이틀인데 시총1조?[3]', 'date': '2026.03.21 11:07', 'views': '145', 'likes': '13', 'dislikes': '4', 'link': '/item/board_read.naver?code=187660&nid=415546527&page=1', 'body': '', 'score': 535}, {'title': 'AACR뉴스 내용중.. 현대바이오부스...', 'date': '2026.03.21 09:02', 'views': '307', 'likes': '12', 'dislikes': '1', 'link': '/item/board_read.naver?code=187660&nid=415543328&page=1', 'body': '', 'score': 667}, {'title': '●물이  그물망을 통과하지●', 'date': '2026.03.21 11:03', 'views': '81', 'likes': '8', 'dislikes': '0', 'link': '/item/board_read.naver?code=187660&nid=415546423&page=1', 'body': '', 'score': 321}, {'title': '그렇게[1]', 'date': '2026.03.21 11:31', 'views': '83', 'likes': '7', 'dislikes': '1', 'link': '/item/board_read.naver?code=187660&nid=415547149&page=1', 'body': '', 'score': 293}, {'title': '주식 주식 내려라 주식주식내려라 내려...', 'date': '2026.03.21 11:47', 'views': '21', 'likes': '4', 'dislikes': '4', 'link': '/item/board_read.naver?code=187660&nid=415547560&page=1', 'body': '', 'score': 141}]",9.2 (Strategy Advisor),187660
대성에너지,11140,+2.30%,0.62,6,0.62%,KOSPI,10890.0,0.00%,●국제유가 브렌트유 112.19달러(+3.26... / 올라가야만 / 에너지전쟁이라면서요 / 대성에너지 담주에도 떡상 랠리 가즈아,Positive (100%),"국제유가, 브렌트유, 19달러, 올라가야만, 담주에도",3,"[{'title': '●국제유가 브렌트유 112.19달러(+3.26...', 'date': '2026.03.21 09:44', 'views': '82', 'likes': '6', 'dislikes': '0', 'link': '/item/board_read.naver?code=117580&nid=415544413&page=1', 'body': '', 'score': 262}, {'title': '올라가야만', 'date': '2026.03.21 09:04', 'views': '41', 'likes': '4', 'dislikes': '0', 'link': '/item/board_read.naver?code=117580&nid=415543382&page=1', 'body': '', 'score': 161}, {'title': '대성에너지 담주에도 떡상 랠리 가즈아', 'date': '2026.03.21 12:14', 'views': '10', 'likes': '3', 'dislikes': '1', 'link': '/item/board_read.naver?code=117580&nid=415548258&page=1', 'body': '', 'score': 100}, {'title': '에너지전쟁이라면서요', 'date': '2026.03.21 11:08', 'views': '25', 'likes': '3', 'dislikes': '0', 'link': '/item/board_read.naver?code=117580&nid=415546545&page=1', 'body': '', 'score': 115}, {'title': '러우 종전 같은소리하고  자빠졌네', 'date': '2026.03.21 12:38', 'views': '3', 'likes': '0', 'dislikes': '0', 'link': '/item/board_read.naver?code=117580&nid=415548838&page=1', 'body': '', 'score': 3}, {'title': '나두 갬이지만 갬에게 드리는 팁 ㅡㅡ', 'date': '2026.03.21 09:53', 'views': '96', 'likes': '0', 'dislikes': '2', 'link': '/item/board_read.naver?code=117580&nid=415544647&page=1', 'body': '', 'score': 96}]",9.2 (Strategy Advisor),117580
KoAct 코스닥액티브,12910,+2.22%,-0.11,1,0.84%,KOSPI,12630.0,0.95%,금감원 조사 들어갔음,Neutral,"금감원, 조사, 들어갔음",1,"[{'title': '금감원 조사 들어갔음', 'date': '2026.03.21 12:03', 'views': '7', 'likes': '0', 'dislikes': '0', 'link': '/item/board_read.naver?code=0163Y0&nid=415547975&page=1', 'body': '', 'score': 7}]",9.2 (Strategy Advisor),0163Y0
쏠리드,13120,+1.71%,-1.23,17,12.90%,KOSDAQ,12900.0,14.13%,주식도 10 ㆍ오또 못하는 4ㆍ히ㆍ들ㆍ[1] / 다행인건...미장폭락인데 / 매집이냐.개미털기냐 / 재료.그래프.투경회피[1],Negative (100%),"매집이냐, 개미털기냐, 다행인건, 미장폭락인데, 주식도",3,"[{'title': '매집이냐.개미털기냐', 'date': '2026.03.21 08:44', 'views': '58', 'likes': '8', 'dislikes': '1', 'link': '/item/board_read.naver?code=050890&nid=415542969&page=1', 'body': '', 'score': 298}, {'title': '다행인건...미장폭락인데', 'date': '2026.03.21 11:02', 'views': '93', 'likes': '7', 'dislikes': '0', 'link': '/item/board_read.naver?code=050890&nid=415546394&page=1', 'body': '', 'score': 303}, {'title': '주식도 10 ㆍ오또 못하는 4ㆍ히ㆍ들ㆍ[1]', 'date': '2026.03.21 08:53', 'views': '147', 'likes': '6', 'dislikes': '2', 'link': '/item/board_read.naver?code=050890&nid=415543146&page=1', 'body': '', 'score': 327}, {'title': '재료.그래프.투경회피[1]', 'date': '2026.03.21 09:31', 'views': '139', 'likes': '4', 'dislikes': '3', 'link': '/item/board_read.naver?code=050890&nid=415544060&page=1', 'body': '', 'score': 259}, {'title': '뭐가 징징거리노[2]', 'date': '2026.03.21 08:38', 'views': '78', 'likes': '4', 'dislikes': '1', 'link': '/item/board_read.naver?code=050890&nid=415542841&page=1', 'body': '', 'score': 198}, {'title': '어제 많이 물린 분위기네', 'date': '2026.03.21 08:30', 'views': '51', 'likes': '4', 'dislikes': '2', 'link': '/item/board_read.naver?code=050890&nid=415542644&page=1', 'body': '', 'score': 171}, {'title': '새가슴 조오오오온나 많네', 'date': '2026.03.21 11:41', 'views': '47', 'likes': '3', 'dislikes': '0', 'link': '/item/board_read.naver?code=050890&nid=415547402&page=1', 'body': '', 'score': 137}, {'title': '6G위성통신 저평가 우량주 TOP3쏠리드한화시...[2]', 'date': '2026.03.21 09:37', 'views': '145', 'likes': '3', 'dislikes': '0', 'link': '/item/board_read.naver?code=050890&nid=415544221&page=1', 'body': '', 'score': 235}, {'title': '나스닥 폭락하는데 태양광이랑 AT&T만 버팀[1]', 'date': '2026.03.21 11:24', 'views': '87', 'likes': '2', 'dislikes': '0', 'link': '/item/board_read.naver?code=050890&nid=415546958&page=1', 'body': '', 'score': 147}, {'title': '수급이[1]', 'date': '2026.03.21 11:35', 'views': '88', 'likes': '1', 'dislikes': '1', 'link': '/item/board_read.naver?code=050890&nid=415547267&page=1', 'body': '', 'score': 118}]",9.2 (Strategy Advisor),050890
휴마시스,772,+1.45%,-0.13,5,6.74%,KOSDAQ,761.0,6.87%,"주가올리기전에는 반대투표임[2] / 뭐잘했다고. 회사에서[1] / 위임 받으러 오늘, 내일 막 집에 올듯. 왜냐...[1] / 지난주 너무ㆍ감사하여~",Neutral,"주가올리기전에는, 뭐잘했다고, 회사에서, 휴지노믹스, 휴지텍",1,"[{'title': '주가올리기전에는 반대투표임[2]', 'date': '2026.03.21 11:47', 'views': '19', 'likes': '2', 'dislikes': '0', 'link': '/item/board_read.naver?code=205470&nid=415547582&page=1', 'body': '', 'score': 79}, {'title': '뭐잘했다고. 회사에서[1]', 'date': '2026.03.21 10:17', 'views': '30', 'likes': '1', 'dislikes': '0', 'link': '/item/board_read.naver?code=205470&nid=415545278&page=1', 'body': '', 'score': 60}, {'title': '휴지시스,휴지노믹스,휴지텍', 'date': '2026.03.21 10:47', 'views': '12', 'likes': '0', 'dislikes': '0', 'link': '/item/board_read.naver?code=205470&nid=415546025&page=1', 'body': '', 'score': 12}, {'title': '지난주 너무ㆍ감사하여~', 'date': '2026.03.21 10:39', 'views': '27', 'likes': '0', 'dislikes': '1', 'link': '/item/board_read.naver?code=205470&nid=415545837&page=1', 'body': '', 'score': 27}, {'title': '위임 받으러 오늘, 내일 막 집에 올듯. 왜냐...[1]', 'date': '2026.03.21 10:35', 'views': '32', 'likes': '0', 'dislikes': '0', 'link': '/item/board_read.naver?code=205470&nid=415545712&page=1', 'body': '', 'score': 32}]",9.2 (Strategy Advisor),205470
우리금융지주,33900,+0.89%,-0.02,1,47.00%,KOSPI,33600.0,47.02%,차트로 상방 하방 정해놓고 스윙치던애들[2],Neutral,"차트로, 상방, 하방, 정해놓고, 스윙치던애들",1,"[{'title': '차트로 상방 하방 정해놓고 스윙치던애들[2]', 'date': '2026.03.21 09:51', 'views': '38', 'likes': '1', 'dislikes': '3', 'link': '/item/board_read.naver?code=316140&nid=415544601&page=1', 'body': '', 'score': 68}]",9.2 (Strategy Advisor),316140
한온시스템,4140,+0.73%,0.05,14,6.92%,KOSPI,4110.0,6.87%,월요일날 미라클~ 기적이 온다면?[3] / 매출10조그룹[3] / 어차피 / 오늘은 쉬는날이니,Positive (100%),"월요일날, 미라클, 기적이, 온다면, 어차피",9,"[{'title': '월요일날 미라클~ 기적이 온다면?[3]', 'date': '2026.03.21 08:49', 'views': '192', 'likes': '7', 'dislikes': '4', 'link': '/item/board_read.naver?code=018880&nid=415543061&page=1', 'body': '', 'score': 402}, {'title': '어차피', 'date': '2026.03.21 10:49', 'views': '34', 'likes': '4', 'dislikes': '0', 'link': '/item/board_read.naver?code=018880&nid=415546097&page=1', 'body': '', 'score': 154}, {'title': '오늘은 쉬는날이니', 'date': '2026.03.21 09:19', 'views': '22', 'likes': '3', 'dislikes': '0', 'link': '/item/board_read.naver?code=018880&nid=415543737&page=1', 'body': '', 'score': 112}, {'title': '매출10조그룹[3]', 'date': '2026.03.21 08:22', 'views': '158', 'likes': '3', 'dislikes': '9', 'link': '/item/board_read.naver?code=018880&nid=415542482&page=1', 'body': '', 'score': 248}, {'title': '나는 어제 한잔했더니', 'date': '2026.03.21 09:20', 'views': '28', 'likes': '2', 'dislikes': '0', 'link': '/item/board_read.naver?code=018880&nid=415543792&page=1', 'body': '', 'score': 88}, {'title': '천천히가도', 'date': '2026.03.21 08:32', 'views': '26', 'likes': '2', 'dislikes': '2', 'link': '/item/board_read.naver?code=018880&nid=415542690&page=1', 'body': '', 'score': 86}, {'title': '찬티들 다음 주 너무 설레겠다', 'date': '2026.03.21 10:41', 'views': '34', 'likes': '1', 'dislikes': '6', 'link': '/item/board_read.naver?code=018880&nid=415545883&page=1', 'body': '', 'score': 64}, {'title': '어제 종가 골드버그~', 'date': '2026.03.21 12:28', 'views': '12', 'likes': '0', 'dislikes': '0', 'link': '/item/board_read.naver?code=018880&nid=415548619&page=1', 'body': '', 'score': 12}, {'title': '월요일날 4500원 갑니다.[1]', 'date': '2026.03.21 12:02', 'views': '52', 'likes': '0', 'dislikes': '0', 'link': '/item/board_read.naver?code=018880&nid=415547970&page=1', 'body': '', 'score': 52}, {'title': '한타에서 인수했어!!!', 'date': '2026.03.21 10:40', 'views': '40', 'likes': '0', 'dislikes': '0', 'link': '/item/board_read.naver?code=018880&nid=415545857&page=1', 'body': '', 'score': 40}]",9.2 (Strategy Advisor),018880
대한광통신,7440,+0.68%,-0.85,11,4.88%,KOSDAQ,7390.0,5.73%,매집봉☆[7] / 투경에서 이정도 무브먼트면 / 질문 답변~^^[1] / 꼭!읽어보세요[1],Mixed,"매집봉, 투경에서, 이정도, 무브먼트면, 답변",5,"[{'title': '매집봉☆[7]', 'date': '2026.03.21 08:27', 'views': '642', 'likes': '31', 'dislikes': '0', 'link': '/item/board_read.naver?code=010170&nid=415542597&page=1', 'body': '', 'score': 1572}, {'title': '투경에서 이정도 무브먼트면', 'date': '2026.03.21 08:46', 'views': '231', 'likes': '20', 'dislikes': '1', 'link': '/item/board_read.naver?code=010170&nid=415543005&page=1', 'body': '', 'score': 831}, {'title': '질문 답변~^^[1]', 'date': '2026.03.21 12:00', 'views': '116', 'likes': '7', 'dislikes': '2', 'link': '/item/board_read.naver?code=010170&nid=415547912&page=1', 'body': '', 'score': 326}, {'title': '꼭!읽어보세요[1]', 'date': '2026.03.21 10:55', 'views': '135', 'likes': '6', 'dislikes': '0', 'link': '/item/board_read.naver?code=010170&nid=415546211&page=1', 'body': '', 'score': 315}, {'title': '투경풀리기 전날진입[2]', 'date': '2026.03.21 11:11', 'views': '108', 'likes': '2', 'dislikes': '2', 'link': '/item/board_read.naver?code=010170&nid=415546614&page=1', 'body': '', 'score': 168}, {'title': 'Optical Jumper Cord', 'date': '2026.03.21 11:07', 'views': '76', 'likes': '2', 'dislikes': '0', 'link': '/item/board_read.naver?code=010170&nid=415546519&page=1', 'body': '', 'score': 136}, {'title': '슬슬 무지성으로 빠는 ...[2]', 'date': '2026.03.21 09:23', 'views': '155', 'likes': '2', 'dislikes': '5', 'link': '/item/board_read.naver?code=010170&nid=415543874&page=1', 'body': '', 'score': 215}, {'title': '시원시원하게 갔으면 좋겟다만[1]', 'date': '2026.03.21 10:00', 'views': '101', 'likes': '1', 'dislikes': '2', 'link': '/item/board_read.naver?code=010170&nid=415544830&page=1', 'body': '', 'score': 131}, {'title': '안티&찬티도 아님 ((CPo ))[1]', 'date': '2026.03.21 11:45', 'views': '74', 'likes': '0', 'dislikes': '0', 'link': '/item/board_read.naver?code=010170&nid=415547526&page=1', 'body': '', 'score': 74}, {'title': '이미 텐버거 넘었다[1]', 'date': '2026.03.21 11:19', 'views': '113', 'likes': '0', 'dislikes': '8', 'link': '/item/board_read.naver?code=010170&nid=415546826&page=1', 'body': '', 'score': 113}]",9.2 (Strategy Advisor),010170
삼성중공업,28550,+0.18%,-0.08,5,33.97%,KOSPI,28500.0,34.05%,"■ 위조도장까지 동원한 ‘속도전’, 이것이 윤... / 이번 주총에서 자사주소각 여건 마련[2] / 가스공사에서 2990억 받았다네[1] / ●에휴..... 널뛰기장세.....",Neutral,"위조도장까지, 동원한, 속도전, 이것이, 이번",2,"[{'title': '■ 위조도장까지 동원한 ‘속도전’, 이것이 윤...', 'date': '2026.03.21 08:46', 'views': '97', 'likes': '8', 'dislikes': '9', 'link': '/item/board_read.naver?code=010140&nid=415542989&page=1', 'body': '', 'score': 337}, {'title': '이번 주총에서 자사주소각 여건 마련[2]', 'date': '2026.03.21 11:56', 'views': '107', 'likes': '5', 'dislikes': '0', 'link': '/item/board_read.naver?code=010140&nid=415547824&page=1', 'body': '', 'score': 257}, {'title': '가스공사에서 2990억 받았다네[1]', 'date': '2026.03.21 11:46', 'views': '108', 'likes': '4', 'dislikes': '0', 'link': '/item/board_read.naver?code=010140&nid=415547547&page=1', 'body': '', 'score': 228}, {'title': '●에휴..... 널뛰기장세.....', 'date': '2026.03.21 11:41', 'views': '49', 'likes': '4', 'dislikes': '0', 'link': '/item/board_read.naver?code=010140&nid=415547409&page=1', 'body': '', 'score': 169}, {'title': '선박취소는 걱정하지말라네[1]', 'date': '2026.03.21 12:10', 'views': '74', 'likes': '3', 'dislikes': '0', 'link': '/item/board_read.naver?code=010140&nid=415548165&page=1', 'body': '', 'score': 164}]",9.2 (Strategy Advisor),010140
차백신연구소,4080,-0.12%,0.0,30,0.00%,KOSDAQ,4085.0,0.00%,아리바이오 진성 주주입니다. AR10...[1] / 시총 1000 억짜리 독보적인 치매치료제 개발회...[1] / 주가가 폭등하기전에[1] / 뉘우~~~스[3],Positive (100%),"시총, 억짜리, 독보적인, 치매치료제, 개발회",3,"[{'title': '시총 1000 억짜리 독보적인 치매치료제 개발회...[1]', 'date': '2026.03.21 08:07', 'views': '182', 'likes': '14', 'dislikes': '3', 'link': '/item/board_read.naver?code=261780&nid=415542170&page=2', 'body': '', 'score': 602}, {'title': '아리바이오 진성 주주입니다. AR10...[1]', 'date': '2026.03.21 10:16', 'views': '252', 'likes': '12', 'dislikes': '1', 'link': '/item/board_read.naver?code=261780&nid=415545251&page=1', 'body': '', 'score': 612}, {'title': '주가가 폭등하기전에[1]', 'date': '2026.03.21 08:01', 'views': '241', 'likes': '12', 'dislikes': '4', 'link': '/item/board_read.naver?code=261780&nid=415542043&page=2', 'body': '', 'score': 601}, {'title': '만약 소룩스가 진짜였다면[3]', 'date': '2026.03.21 09:37', 'views': '190', 'likes': '10', 'dislikes': '2', 'link': '/item/board_read.naver?code=261780&nid=415544214&page=2', 'body': '', 'score': 490}, {'title': '뉘우~~~스[3]', 'date': '2026.03.21 08:14', 'views': '295', 'likes': '10', 'dislikes': '3', 'link': '/item/board_read.naver?code=261780&nid=415542329&page=2', 'body': '', 'score': 595}, {'title': '임상3상결과ㅈ7~9월임[2]', 'date': '2026.03.21 08:54', 'views': '286', 'likes': '8', 'dislikes': '0', 'link': '/item/board_read.naver?code=261780&nid=415543174&page=2', 'body': '', 'score': 526}, {'title': '합병.매각[1]', 'date': '2026.03.21 08:03', 'views': '276', 'likes': '8', 'dislikes': '2', 'link': '/item/board_read.naver?code=261780&nid=415542087&page=2', 'body': '', 'score': 516}, {'title': '소외주에서 핫한 종목으로 변신[1]', 'date': '2026.03.21 09:22', 'views': '144', 'likes': '7', 'dislikes': '3', 'link': '/item/board_read.naver?code=261780&nid=415543847&page=2', 'body': '', 'score': 354}, {'title': '저~ 아래 글쓴님 / 당연히 샤론샤 ...', 'date': '2026.03.21 12:27', 'views': '61', 'likes': '6', 'dislikes': '0', 'link': '/item/board_read.naver?code=261780&nid=415548567&page=1', 'body': '', 'score': 241}, {'title': '기사가 소륵이 정씨가 인수할때랑 톳시...[2]', 'date': '2026.03.21 10:27', 'views': '245', 'likes': '6', 'dislikes': '0', 'link': '/item/board_read.naver?code=261780&nid=415545503&page=1', 'body': '', 'score': 425}]",9.2 (Strategy Advisor),261780
삼성전자,199400,-0.55%,-0.01,769,49.52%,KOSPI,200500.0,49.53%,[속보]트럼프 “이란 전쟁 목표 달성 임박”[17] / 일본발 속보) 호르무즈해엽 일본선 통과허용...[2] / 전쟁 끝나가는  조짐[7] / 전국민 손해배상청구[4],Negative (56%),"전쟁, 전국민, 손해배상청구, 트럼프, 이란",16,"[{'title': '전국민 손해배상청구[4]', 'date': '2026.03.21 08:18', 'views': '109', 'likes': '23', 'dislikes': '5', 'link': '/item/board_read.naver?code=005930&nid=415542394&page=37', 'body': '', 'score': 799}, {'title': '[속보]트럼프 “이란 전쟁 목표 달성 임박”[17]', 'date': '2026.03.21 08:14', 'views': '252', 'likes': '23', 'dislikes': '10', 'link': '/item/board_read.naver?code=005930&nid=415542311&page=37', 'body': '', 'score': 942}, {'title': 'MBC ,  JTBC    보는 사람은 ...[4]', 'date': '2026.03.21 09:05', 'views': '89', 'likes': '20', 'dislikes': '3', 'link': '/item/board_read.naver?code=005930&nid=415543392&page=30', 'body': '', 'score': 689}, {'title': '나스닥 프리장 급등', 'date': '2026.03.21 08:09', 'views': '104', 'likes': '20', 'dislikes': '7', 'link': '/item/board_read.naver?code=005930&nid=415542211&page=38', 'body': '', 'score': 704}, {'title': '전한길을 호루무즈로!!!!!', 'date': '2026.03.21 11:44', 'views': '41', 'likes': '19', 'dislikes': '2', 'link': '/item/board_read.naver?code=005930&nid=415547489&page=9', 'body': '', 'score': 611}, {'title': '[속보] 종전 다가온다', 'date': '2026.03.21 10:51', 'views': '84', 'likes': '19', 'dislikes': '7', 'link': '/item/board_read.naver?code=005930&nid=415546123&page=17', 'body': '', 'score': 654}, {'title': '전쟁 조기 종료 예상 뉴스가 많이 나오네...', 'date': '2026.03.21 10:49', 'views': '76', 'likes': '19', 'dislikes': '7', 'link': '/item/board_read.naver?code=005930&nid=415546087&page=17', 'body': '', 'score': 646}, {'title': '월요일', 'date': '2026.03.21 10:46', 'views': '64', 'likes': '19', 'dislikes': '11', 'link': '/item/board_read.naver?code=005930&nid=415546021&page=17', 'body': '', 'score': 634}, {'title': '전쟁 끝나가는  조짐[7]', 'date': '2026.03.21 10:24', 'views': '267', 'likes': '19', 'dislikes': '6', 'link': '/item/board_read.naver?code=005930&nid=415545434&page=20', 'body': '', 'score': 837}, {'title': '일본발 속보) 호르무즈해엽 일본선 통과허용...[2]', 'date': '2026.03.21 10:03', 'views': '321', 'likes': '18', 'dislikes': '2', 'link': '/item/board_read.naver?code=005930&nid=415544904&page=22', 'body': '', 'score': 861}]",9.2 (Strategy Advisor),005930
흥아해운,3030,-0.66%,0.01,83,2.40%,KOSPI,3050.0,2.39%,어제 단일가 한5~7%띄워서 개미꼬셨어도됐는... / 속보! 이란산 원유 재재해재[4] / '장금상선-MSC 빅딜 호재 + 중동발 물류... / 월요일부터 볼만하겠네~[1],Negative (64%),"단일가, 한5, 띄워서, 개미꼬셨어도됐는, 장금상선",5,"[{'title': '어제 단일가 한5~7%띄워서 개미꼬셨어도됐는...', 'date': '2026.03.21 09:40', 'views': '253', 'likes': '15', 'dislikes': '4', 'link': '/item/board_read.naver?code=003280&nid=415544276&page=3', 'body': '', 'score': 703}, {'title': ""'장금상선-MSC 빅딜 호재 + 중동발 물류..."", 'date': '2026.03.21 12:17', 'views': '115', 'likes': '11', 'dislikes': '2', 'link': '/item/board_read.naver?code=003280&nid=415548335&page=1', 'body': '', 'score': 445}, {'title': '심사는 언제쯤? 늦게 나도 호재라~~[1]', 'date': '2026.03.21 11:48', 'views': '123', 'likes': '8', 'dislikes': '1', 'link': '/item/board_read.naver?code=003280&nid=415547607&page=1', 'body': '', 'score': 363}, {'title': '월요일부터 볼만하겠네~[1]', 'date': '2026.03.21 09:10', 'views': '202', 'likes': '8', 'dislikes': '2', 'link': '/item/board_read.naver?code=003280&nid=415543503&page=3', 'body': '', 'score': 442}, {'title': '일단 월요일 캡상승으로 심리전 승리인듯', 'date': '2026.03.21 12:26', 'views': '38', 'likes': '7', 'dislikes': '1', 'link': '/item/board_read.naver?code=003280&nid=415548547&page=1', 'body': '', 'score': 248}, {'title': '속보! 이란산 원유 재재해재[4]', 'date': '2026.03.21 11:18', 'views': '280', 'likes': '7', 'dislikes': '10', 'link': '/item/board_read.naver?code=003280&nid=415546790&page=1', 'body': '', 'score': 490}, {'title': '[속보] 트럼프 끝내 지상군... CBS 긴...', 'date': '2026.03.21 11:14', 'views': '128', 'likes': '7', 'dislikes': '1', 'link': '/item/board_read.naver?code=003280&nid=415546705&page=1', 'body': '', 'score': 338}, {'title': '중동 노선의 상황이 중요함', 'date': '2026.03.21 09:15', 'views': '52', 'likes': '7', 'dislikes': '1', 'link': '/item/board_read.naver?code=003280&nid=415543631&page=3', 'body': '', 'score': 262}, {'title': '이스라엘이 테헤란 타격 중', 'date': '2026.03.21 11:47', 'views': '96', 'likes': '6', 'dislikes': '2', 'link': '/item/board_read.naver?code=003280&nid=415547562&page=1', 'body': '', 'score': 276}, {'title': '푸하하하핰ㅋㅋㅋㅋㅋㅋㅋㅋ아 웃겨서 정말 안티...', 'date': '2026.03.21 11:46', 'views': '94', 'likes': '6', 'dislikes': '2', 'link': '/item/board_read.naver?code=003280&nid=415547554&page=1', 'body': '', 'score': 274}]",9.2 (Strategy Advisor),003280
케이뱅크,6600,-1.64%,0.07,13,0.08%,KOSPI,6710.0,0.01%,"월요일 국장 급락할껀데 / 내가 본것 중 가장 객관적인 분석[2] / 보호예수물량이  너무 많은게 이미 알려져서,...[4] / 美연준 금리전망 인하→인상 뒤집혀…단기채금리...[2]",Negative (100%),"월요일, 국장, 급락할껀데, 본것, 가장",5,"[{'title': '월요일 국장 급락할껀데', 'date': '2026.03.21 10:42', 'views': '39', 'likes': '9', 'dislikes': '0', 'link': '/item/board_read.naver?code=279570&nid=415545904&page=1', 'body': '', 'score': 309}, {'title': '내가 본것 중 가장 객관적인 분석[2]', 'date': '2026.03.21 08:53', 'views': '184', 'likes': '4', 'dislikes': '1', 'link': '/item/board_read.naver?code=279570&nid=415543139&page=1', 'body': '', 'score': 304}, {'title': '인터넷뱅크가  특별한게 아니잖아요...[3]', 'date': '2026.03.21 10:04', 'views': '97', 'likes': '3', 'dislikes': '1', 'link': '/item/board_read.naver?code=279570&nid=415544925&page=1', 'body': '', 'score': 187}, {'title': '보호예수물량이  너무 많은게 이미 알려져서,...[4]', 'date': '2026.03.21 09:44', 'views': '163', 'likes': '3', 'dislikes': '1', 'link': '/item/board_read.naver?code=279570&nid=415544418&page=1', 'body': '', 'score': 253}, {'title': '美연준 금리전망 인하→인상 뒤집혀…단기채금리...[2]', 'date': '2026.03.21 09:13', 'views': '151', 'likes': '3', 'dislikes': '3', 'link': '/item/board_read.naver?code=279570&nid=415543586&page=1', 'body': '', 'score': 241}, {'title': '미쳤지[1]', 'date': '2026.03.21 11:12', 'views': '88', 'likes': '1', 'dislikes': '0', 'link': '/item/board_read.naver?code=279570&nid=415546640&page=1', 'body': '', 'score': 118}, {'title': '25년 3Q기준  4대은행 및 인뱅  비교[1]', 'date': '2026.03.21 09:56', 'views': '185', 'likes': '1', 'dislikes': '1', 'link': '/item/board_read.naver?code=279570&nid=415544727&page=1', 'body': '', 'score': 215}, {'title': '조작세력[1]', 'date': '2026.03.21 08:02', 'views': '54', 'likes': '1', 'dislikes': '0', 'link': '/item/board_read.naver?code=279570&nid=415542072&page=1', 'body': '', 'score': 84}, {'title': '나도개미지만', 'date': '2026.03.21 12:42', 'views': '2', 'likes': '0', 'dislikes': '0', 'link': '/item/board_read.naver?code=279570&nid=415548957&page=1', 'body': '', 'score': 2}, {'title': '코수피 야간선물 마4 이상 대폭락 함 ㄷㄷㄷ', 'date': '2026.03.21 12:27', 'views': '11', 'likes': '0', 'dislikes': '0', 'link': '/item/board_read.naver?code=279570&nid=415548595&page=1', 'body': '', 'score': 11}]",9.2 (Strategy Advisor),279570
대원전선,6410,-1.69%,-0.52,8,5.49%,KOSPI,6520.0,6.01%,"분봉상 딱 만들어놨네ㅋ 금욜지지라인[3] / 만공교가 전쟁 별거 아니고 일주일이면 끝난대 ㅋㅋ... / 만공교,찐배추잎24. 제주 흑돈[2] / 만공교,찐배추잎25. 제주 흑돈[1]",Neutral,"만공교, 제주, 흑돈, 분봉상, 만들어놨네",1,"[{'title': '분봉상 딱 만들어놨네ㅋ 금욜지지라인[3]', 'date': '2026.03.21 08:36', 'views': '84', 'likes': '5', 'dislikes': '3', 'link': '/item/board_read.naver?code=006340&nid=415542785&page=1', 'body': '', 'score': 234}, {'title': '만공교가 전쟁 별거 아니고 일주일이면 끝난대 ㅋㅋ...', 'date': '2026.03.21 10:50', 'views': '8', 'likes': '3', 'dislikes': '2', 'link': '/item/board_read.naver?code=006340&nid=415546104&page=1', 'body': '', 'score': 98}, {'title': '만공교,찐배추잎25. 제주 흑돈[1]', 'date': '2026.03.21 12:00', 'views': '17', 'likes': '2', 'dislikes': '0', 'link': '/item/board_read.naver?code=006340&nid=415547901&page=1', 'body': '', 'score': 77}, {'title': '만공교,찐배추잎24. 제주 흑돈[2]', 'date': '2026.03.21 11:10', 'views': '29', 'likes': '2', 'dislikes': '3', 'link': '/item/board_read.naver?code=006340&nid=415546604&page=1', 'body': '', 'score': 89}, {'title': '주식 살때 게시판에 만공교있는지 확인해야됨 ㅋㅋㅋ...[1]', 'date': '2026.03.21 11:26', 'views': '12', 'likes': '1', 'dislikes': '2', 'link': '/item/board_read.naver?code=006340&nid=415547005&page=1', 'body': '', 'score': 42}, {'title': '만공교,찐배추잎23. 제주 흑돈', 'date': '2026.03.21 11:05', 'views': '21', 'likes': '1', 'dislikes': '3', 'link': '/item/board_read.naver?code=006340&nid=415546462&page=1', 'body': '', 'score': 51}, {'title': '만공교,찐배추잎22. 제주 흑돈[2]', 'date': '2026.03.21 10:20', 'views': '29', 'likes': '0', 'dislikes': '4', 'link': '/item/board_read.naver?code=006340&nid=415545329&page=1', 'body': '', 'score': 29}, {'title': '만공교,찐배추잎21. 제주 흑돈[1]', 'date': '2026.03.21 10:11', 'views': '25', 'likes': '0', 'dislikes': '4', 'link': '/item/board_read.naver?code=006340&nid=415545116&page=1', 'body': '', 'score': 25}]",9.2 (Strategy Advisor),006340
우리기술,28400,-1.90%,-2.24,36,8.20%,KOSDAQ,28950.0,10.44%,"우리기술[1] / 美, 테라파워의 첫 첨단 SMR 원전 승인 / 떨어진다는 인간들 28000원대 지지하는거보...[3] / 이틀 조정한거 굿[1]",Positive (57%),"이틀, 조정한거, 버티고, 안티들, 바글바글",6,"[{'title': '우리기술[1]', 'date': '2026.03.21 09:56', 'views': '608', 'likes': '34', 'dislikes': '2', 'link': '/item/board_read.naver?code=032820&nid=415544726&page=2', 'body': '', 'score': 1628}, {'title': '이틀 조정한거 굿[1]', 'date': '2026.03.21 09:53', 'views': '316', 'likes': '19', 'dislikes': '2', 'link': '/item/board_read.naver?code=032820&nid=415544649&page=2', 'body': '', 'score': 886}, {'title': '버티고[1]', 'date': '2026.03.21 09:28', 'views': '204', 'likes': '19', 'dislikes': '2', 'link': '/item/board_read.naver?code=032820&nid=415543994&page=2', 'body': '', 'score': 774}, {'title': '안티들 바글바글 뭐다 급등이다  20만', 'date': '2026.03.21 09:48', 'views': '94', 'likes': '18', 'dislikes': '4', 'link': '/item/board_read.naver?code=032820&nid=415544538&page=2', 'body': '', 'score': 634}, {'title': '美, 테라파워의 첫 첨단 SMR 원전 승인', 'date': '2026.03.21 10:06', 'views': '423', 'likes': '17', 'dislikes': '9', 'link': '/item/board_read.naver?code=032820&nid=415544955&page=2', 'body': '', 'score': 933}, {'title': '떨어진다는 인간들 28000원대 지지하는거보...[3]', 'date': '2026.03.21 08:35', 'views': '386', 'likes': '17', 'dislikes': '4', 'link': '/item/board_read.naver?code=032820&nid=415542764&page=2', 'body': '', 'score': 896}, {'title': '드루와[1]', 'date': '2026.03.21 12:00', 'views': '70', 'likes': '16', 'dislikes': '2', 'link': '/item/board_read.naver?code=032820&nid=415547906&page=1', 'body': '', 'score': 550}, {'title': '와~~~~[6]', 'date': '2026.03.21 08:56', 'views': '344', 'likes': '16', 'dislikes': '1', 'link': '/item/board_read.naver?code=032820&nid=415543206&page=2', 'body': '', 'score': 824}, {'title': '미장폭락 우짜노   우리기술 굿', 'date': '2026.03.21 08:36', 'views': '170', 'likes': '16', 'dislikes': '3', 'link': '/item/board_read.naver?code=032820&nid=415542778&page=2', 'body': '', 'score': 650}, {'title': '다음주는 2차시동 걸겠네', 'date': '2026.03.21 09:35', 'views': '137', 'likes': '15', 'dislikes': '3', 'link': '/item/board_read.naver?code=032820&nid=415544178&page=2', 'body': '', 'score': 587}]",9.2 (Strategy Advisor),032820
휴림로봇,14020,-2.16%,-0.45,18,6.97%,KOSDAQ,14330.0,7.42%,감사보고서 적정 걱정마셔요 / 월요일 급등 시나리오 예상[2] / 휴림로봇 공시보고. 제미나이에 물어본결과[5] / 최대주주가 한달 짜리로[2],Positive (100%),"월요일, 그래서, 월요일에, 감사보고서, 적정",9,"[{'title': '그래서 월요일에 오른다 ?', 'date': '2026.03.21 11:27', 'views': '44', 'likes': '11', 'dislikes': '8', 'link': '/item/board_read.naver?code=090710&nid=415547028&page=1', 'body': '', 'score': 374}, {'title': '감사보고서 적정 걱정마셔요', 'date': '2026.03.21 10:07', 'views': '296', 'likes': '11', 'dislikes': '3', 'link': '/item/board_read.naver?code=090710&nid=415544989&page=1', 'body': '', 'score': 626}, {'title': '월요일 급등 시나리오 예상[2]', 'date': '2026.03.21 10:17', 'views': '312', 'likes': '9', 'dislikes': '8', 'link': '/item/board_read.naver?code=090710&nid=415545273&page=1', 'body': '', 'score': 582}, {'title': '휴림홀딩스', 'date': '2026.03.21 10:24', 'views': '171', 'likes': '6', 'dislikes': '1', 'link': '/item/board_read.naver?code=090710&nid=415545431&page=1', 'body': '', 'score': 351}, {'title': '전쟁나도 파업해도 로봇은 일한다', 'date': '2026.03.21 10:29', 'views': '33', 'likes': '4', 'dislikes': '1', 'link': '/item/board_read.naver?code=090710&nid=415545549&page=1', 'body': '', 'score': 153}, {'title': '최대주주가 한달 짜리로[2]', 'date': '2026.03.21 10:30', 'views': '374', 'likes': '3', 'dislikes': '0', 'link': '/item/board_read.naver?code=090710&nid=415545600&page=1', 'body': '', 'score': 464}, {'title': '필독', 'date': '2026.03.21 11:06', 'views': '197', 'likes': '2', 'dislikes': '7', 'link': '/item/board_read.naver?code=090710&nid=415546505&page=1', 'body': '', 'score': 257}, {'title': '휴림로봇 공시보고. 제미나이에 물어본결과[5]', 'date': '2026.03.21 09:58', 'views': '413', 'likes': '2', 'dislikes': '3', 'link': '/item/board_read.naver?code=090710&nid=415544770&page=1', 'body': '', 'score': 473}, {'title': '월요일 15000돌파해도 존버합니다요', 'date': '2026.03.21 12:38', 'views': '6', 'likes': '1', 'dislikes': '0', 'link': '/item/board_read.naver?code=090710&nid=415548836&page=1', 'body': '', 'score': 36}, {'title': '여기 기사 꼭 한번씩들 보세요. 휴림로봇 구조', 'date': '2026.03.21 11:20', 'views': '91', 'likes': '1', 'dislikes': '2', 'link': '/item/board_read.naver?code=090710&nid=415546854&page=1', 'body': '', 'score': 121}]",9.2 (Strategy Advisor),090710
신성이엔지,3010,-2.27%,0.03,3,8.88%,KOSPI,3080.0,8.85%,이왕 이렇게 된거 상치고 단과가자[1] / 주주총회 전자투표합시다 / 여기가 제 2의 우리기술이 될 종목인가요?,Neutral,"이왕, 이렇게, 된거, 상치고, 단과가자",6,"[{'title': '이왕 이렇게 된거 상치고 단과가자[1]', 'date': '2026.03.21 08:09', 'views': '148', 'likes': '7', 'dislikes': '4', 'link': '/item/board_read.naver?code=011930&nid=415542215&page=1', 'body': '', 'score': 358}, {'title': '주주총회 전자투표합시다', 'date': '2026.03.21 10:57', 'views': '33', 'likes': '2', 'dislikes': '0', 'link': '/item/board_read.naver?code=011930&nid=415546257&page=1', 'body': '', 'score': 93}, {'title': '여기가 제 2의 우리기술이 될 종목인가요?', 'date': '2026.03.21 11:30', 'views': '27', 'likes': '1', 'dislikes': '3', 'link': '/item/board_read.naver?code=011930&nid=415547129&page=1', 'body': '', 'score': 57}]",9.2 (Strategy Advisor),011930
삼성전자우,139200,-3.47%,-0.3,4,76.49%,KOSPI,144200.0,76.79%,5만에도 안사던 개미들 220만개나 샀네 ... / 시펄 / 쌍봉 나왔네.. / 근데 우선주랑 보통주랑 배당이 똑같은게 맞...,Neutral,"5만에도, 안사던, 개미들, 220만개나, 샀네",2,"[{'title': '5만에도 안사던 개미들 220만개나 샀네 ...', 'date': '2026.03.21 10:14', 'views': '34', 'likes': '1', 'dislikes': '0', 'link': '/item/board_read.naver?code=005935&nid=415545195&page=1', 'body': '', 'score': 64}, {'title': '시펄', 'date': '2026.03.21 10:13', 'views': '24', 'likes': '1', 'dislikes': '1', 'link': '/item/board_read.naver?code=005935&nid=415545165&page=1', 'body': '', 'score': 54}, {'title': '근데 우선주랑 보통주랑 배당이 똑같은게 맞...', 'date': '2026.03.21 12:35', 'views': '4', 'likes': '0', 'dislikes': '0', 'link': '/item/board_read.naver?code=005935&nid=415548777&page=1', 'body': '', 'score': 4}, {'title': '쌍봉 나왔네..', 'date': '2026.03.21 09:56', 'views': '41', 'likes': '0', 'dislikes': '0', 'link': '/item/board_read.naver?code=005935&nid=415544721&page=1', 'body': '', 'score': 41}]",9.2 (Strategy Advisor),005935
폴라리스AI,1872,-4.10%,-0.35,1,0.93%,KOSDAQ,1952.0,1.28%,아직물도찬데,Neutral,아직물도찬데,1,"[{'title': '아직물도찬데', 'date': '2026.03.21 11:16', 'views': '20', 'likes': '1', 'dislikes': '0', 'link': '/item/board_read.naver?code=039980&nid=415546759&page=1', 'body': '', 'score': 50}]",9.2 (Strategy Advisor),039980
남선알미늄,1480,-4.52%,0.01,1,1.25%,KOSPI,1550.0,1.24%,인샬라.  이란에게. 힘을 ㅡ  전쟁...,Neutral,"인샬라, 이란에게, 힘을, 전쟁",1,"[{'title': '인샬라.  이란에게. 힘을 ㅡ  전쟁...', 'date': '2026.03.21 08:05', 'views': '113', 'likes': '2', 'dislikes': '2', 'link': '/item/board_read.naver?code=008350&nid=415542118&page=1', 'body': '', 'score': 173}]",9.2 (Strategy Advisor),008350
오가닉티코스메틱,124,-5.34%,-0.07,1,14.34%,KOSDAQ,131.0,14.41%,800원 언제 오나요,Neutral,"800원, 언제",1,"[{'title': '800원 언제 오나요', 'date': '2026.03.21 10:43', 'views': '5', 'likes': '0', 'dislikes': '0', 'link': '/item/board_read.naver?code=900300&nid=415545928&page=1', 'body': '', 'score': 5}]",9.2 (Strategy Advisor),900300
센서뷰,3815,-6.03%,0.62,2,0.62%,KOSDAQ,4060.0,0.00%,위성컨퍼런스 / 이건,Neutral,"위성컨퍼런스, 이건",1,"[{'title': '위성컨퍼런스', 'date': '2026.03.21 09:18', 'views': '59', 'likes': '6', 'dislikes': '1', 'link': '/item/board_read.naver?code=321370&nid=415543717&page=1', 'body': '', 'score': 239}, {'title': '이건', 'date': '2026.03.21 08:29', 'views': '41', 'likes': '6', 'dislikes': '0', 'link': '/item/board_read.naver?code=321370&nid=415542630&page=1', 'body': '', 'score': 221}]",9.2 (Strategy Advisor),321370
지에스이,3085,-6.94%,-0.07,6,1.58%,KOSDAQ,3315.0,1.65%,"일단 다음주전고점돌파예정 / 미국,이란 전쟁 길어지겠죠?[1] / ■■상한가네 / 카타르 천재지변",Neutral,"일단, 다음주전고점돌파예정, 미국, 이란, 전쟁",1,"[{'title': '일단 다음주전고점돌파예정', 'date': '2026.03.21 10:17', 'views': '32', 'likes': '11', 'dislikes': '2', 'link': '/item/board_read.naver?code=053050&nid=415545272&page=1', 'body': '', 'score': 362}, {'title': '미국,이란 전쟁 길어지겠죠?[1]', 'date': '2026.03.21 09:59', 'views': '87', 'likes': '5', 'dislikes': '1', 'link': '/item/board_read.naver?code=053050&nid=415544803&page=1', 'body': '', 'score': 237}, {'title': '■■상한가네', 'date': '2026.03.21 09:21', 'views': '64', 'likes': '5', 'dislikes': '1', 'link': '/item/board_read.naver?code=053050&nid=415543817&page=1', 'body': '', 'score': 214}, {'title': '카타르 천재지변', 'date': '2026.03.21 11:44', 'views': '11', 'likes': '4', 'dislikes': '0', 'link': '/item/board_read.naver?code=053050&nid=415547509&page=1', 'body': '', 'score': 131}, {'title': '신재생에너지 수주 1조회사 다스코로 오세요...', 'date': '2026.03.21 09:53', 'views': '31', 'likes': '2', 'dislikes': '2', 'link': '/item/board_read.naver?code=053050&nid=415544671&page=1', 'body': '', 'score': 91}, {'title': '형들', 'date': '2026.03.21 11:40', 'views': '17', 'likes': '1', 'dislikes': '1', 'link': '/item/board_read.naver?code=053050&nid=415547397&page=1', 'body': '', 'score': 47}]",9.2 (Strategy Advisor),053050
SH에너지화학,405,-8.78%,-0.73,1,33.15%,KOSPI,444.0,33.88%,이유있는 방법,Neutral,"이유있는, 방법",1,"[{'title': '이유있는 방법', 'date': '2026.03.21 08:40', 'views': '64', 'likes': '0', 'dislikes': '0', 'link': '/item/board_read.naver?code=002360&nid=415542869&page=1', 'body': '', 'score': 64}]",9.2 (Strategy Advisor),002360
한국ANKOR유전,248,-8.82%,0.18,1,1.08%,KOSPI,272.0,0.90%,여긴 끝났으니 다들가자,Neutral,"여긴, 끝났으니, 다들가자",1,"[{'title': '여긴 끝났으니 다들가자', 'date': '2026.03.21 12:17', 'views': '5', 'likes': '0', 'dislikes': '0', 'link': '/item/board_read.naver?code=152550&nid=415548336&page=1', 'body': '', 'score': 5}]",9.2 (Strategy Advisor),152550
펄어비스,41500,-9.78%,0.76,800,3.09%,KOSDAQ,46000.0,2.33%,머리가 나쁜가? 지금 스팀 데이터를 보라고[5] / 새벽까지 잘 놀다 자다 이러나서 본 Day-1...[1] / 붉은사막 16시간차 / 환불은요...스팀 글로벌차트만 보면 되요...[2],Negative (61%),"스팀, 머리가, 나쁜가, 데이터를, 보라고",2,"[{'title': '머리가 나쁜가? 지금 스팀 데이터를 보라고[5]', 'date': '2026.03.21 10:26', 'views': '317', 'likes': '32', 'dislikes': '1', 'link': '/item/board_read.naver?code=263750&nid=415545500&page=30', 'body': '', 'score': 1277}, {'title': '붉은사막 16시간차', 'date': '2026.03.21 10:53', 'views': '247', 'likes': '26', 'dislikes': '0', 'link': '/item/board_read.naver?code=263750&nid=415546179&page=24', 'body': '', 'score': 1027}, {'title': '새벽까지 잘 놀다 자다 이러나서 본 Day-1...[1]', 'date': '2026.03.21 10:09', 'views': '249', 'likes': '26', 'dislikes': '0', 'link': '/item/board_read.naver?code=263750&nid=415545058&page=34', 'body': '', 'score': 1029}, {'title': '환불은요...스팀 글로벌차트만 보면 되요...[2]', 'date': '2026.03.21 11:14', 'views': '269', 'likes': '25', 'dislikes': '3', 'link': '/item/board_read.naver?code=263750&nid=415546695&page=21', 'body': '', 'score': 1019}, {'title': '객관적 데이타!..인정하자[4]', 'date': '2026.03.21 09:50', 'views': '266', 'likes': '25', 'dislikes': '5', 'link': '/item/board_read.naver?code=263750&nid=415544576&page=37', 'body': '', 'score': 1016}, {'title': '첫날 200만장[2]', 'date': '2026.03.21 09:41', 'views': '200', 'likes': '24', 'dislikes': '3', 'link': '/item/board_read.naver?code=263750&nid=415544330&page=38', 'body': '', 'score': 920}, {'title': '재료소멸이라는 바보들아', 'date': '2026.03.21 09:46', 'views': '49', 'likes': '21', 'dislikes': '1', 'link': '/item/board_read.naver?code=263750&nid=415544458&page=37', 'body': '', 'score': 679}, {'title': '추세보니 상반기안에 오백만장은 그냥 팔...', 'date': '2026.03.21 10:43', 'views': '67', 'likes': '20', 'dislikes': '0', 'link': '/item/board_read.naver?code=263750&nid=415545916&page=27', 'body': '', 'score': 667}, {'title': '중국 한국 없어도', 'date': '2026.03.21 09:38', 'views': '48', 'likes': '20', 'dislikes': '0', 'link': '/item/board_read.naver?code=263750&nid=415544241&page=39', 'body': '', 'score': 648}, {'title': '☆개열받는 회사지만 축하해주자!', 'date': '2026.03.21 09:35', 'views': '180', 'likes': '20', 'dislikes': '2', 'link': '/item/board_read.naver?code=263750&nid=415544158&page=39', 'body': '', 'score': 780}]",9.2 (Strategy Advisor),263750
소룩스,3700,-10.74%,-0.04,8,0.30%,KOSDAQ,4145.0,0.34%,약2년동안 8번을 빠꾸시켰는데도[11] / 현실적이게 보자[6] / ☆예상 시나리오☆[4] / jjj 합병에 목숨 걸었다[4],Neutral,"약2년동안, 8번을, 빠꾸시켰는데도, 현실적이게, 보자",3,"[{'title': '약2년동안 8번을 빠꾸시켰는데도[11]', 'date': '2026.03.21 10:09', 'views': '232', 'likes': '14', 'dislikes': '7', 'link': '/item/board_read.naver?code=290690&nid=415545066&page=1', 'body': '', 'score': 652}, {'title': '현실적이게 보자[6]', 'date': '2026.03.21 09:32', 'views': '180', 'likes': '9', 'dislikes': '7', 'link': '/item/board_read.naver?code=290690&nid=415544099&page=1', 'body': '', 'score': 450}, {'title': '☆예상 시나리오☆[4]', 'date': '2026.03.21 09:58', 'views': '210', 'likes': '7', 'dislikes': '7', 'link': '/item/board_read.naver?code=290690&nid=415544766&page=1', 'body': '', 'score': 420}, {'title': 'jjj 합병에 목숨 걸었다[4]', 'date': '2026.03.21 09:17', 'views': '135', 'likes': '7', 'dislikes': '2', 'link': '/item/board_read.naver?code=290690&nid=415543682&page=1', 'body': '', 'score': 345}, {'title': '하는짓이 HLB 고니랑[1]', 'date': '2026.03.21 09:51', 'views': '120', 'likes': '6', 'dislikes': '0', 'link': '/item/board_read.naver?code=290690&nid=415544613&page=1', 'body': '', 'score': 300}, {'title': '지저분하게 가네', 'date': '2026.03.21 09:41', 'views': '33', 'likes': '4', 'dislikes': '1', 'link': '/item/board_read.naver?code=290690&nid=415544317&page=1', 'body': '', 'score': 153}, {'title': '오늘기사내용보면[2]', 'date': '2026.03.21 08:47', 'views': '205', 'likes': '4', 'dislikes': '5', 'link': '/item/board_read.naver?code=290690&nid=415543031&page=1', 'body': '', 'score': 325}, {'title': '■속보[5]', 'date': '2026.03.21 08:17', 'views': '240', 'likes': '2', 'dislikes': '5', 'link': '/item/board_read.naver?code=290690&nid=415542383&page=1', 'body': '', 'score': 300}]",9.2 (Strategy Advisor),290690
