종목명,현재가,등락률,외인변화,당일_게시글수,현재_외국인비중,시장구분,어제_종가,어제_외국인비중,게시물_요약,감정분석,Top_Keyword,연속_등록,latest_posts,scraper_version,code
인벤테라,35250,+112.35%,0.0,800,0.48%,KOSDAQ,16599,,상 갈줄 알고 존버해서 망했으면 개추[4] / 역시 안되는구나.[3] / 이 종목 씨게 물렸으면[3] / 흠 낼 뭔가 쩜상 나올거같은데,Negative (56%),"갈줄, 알고, 존버해서, 망했으면, 개추",1,"[{'title': '상 갈줄 알고 존버해서 망했으면 개추[4]', 'date': '2026.04.02 15:29', 'views': '499', 'likes': '43', 'dislikes': '1', 'link': '/item/board_read.naver?code=0007J0&nid=416633198&page=11', 'body': '', 'score': 1789}, {'title': '-100이상 손실중이면', 'date': '2026.04.02 15:37', 'views': '69', 'likes': '21', 'dislikes': '1', 'link': '/item/board_read.naver?code=0007J0&nid=416634362&page=10', 'body': '', 'score': 699}, {'title': '이 종목 씨게 물렸으면[3]', 'date': '2026.04.02 18:09', 'views': '261', 'likes': '18', 'dislikes': '2', 'link': '/item/board_read.naver?code=0007J0&nid=416647701&page=3', 'body': '', 'score': 801}, {'title': '6층형들 있음[2]', 'date': '2026.04.02 15:36', 'views': '186', 'likes': '17', 'dislikes': '0', 'link': '/item/board_read.naver?code=0007J0&nid=416634261&page=10', 'body': '', 'score': 696}, {'title': '역시 안되는구나.[3]', 'date': '2026.04.02 17:33', 'views': '586', 'likes': '15', 'dislikes': '4', 'link': '/item/board_read.naver?code=0007J0&nid=416645098&page=4', 'body': '', 'score': 1036}, {'title': '내일 상 못가면 한달동안 풀만뜯어먹어야지', 'date': '2026.04.02 16:07', 'views': '80', 'likes': '15', 'dislikes': '0', 'link': '/item/board_read.naver?code=0007J0&nid=416637870&page=9', 'body': '', 'score': 530}, {'title': '흠 낼 뭔가 쩜상 나올거같은데', 'date': '2026.04.02 17:36', 'views': '284', 'likes': '14', 'dislikes': '2', 'link': '/item/board_read.naver?code=0007J0&nid=416645321&page=4', 'body': '', 'score': 704}, {'title': '상승장에 뛰어 들어서 쳐물렸는데[1]', 'date': '2026.04.02 17:25', 'views': '223', 'likes': '14', 'dislikes': '4', 'link': '/item/board_read.naver?code=0007J0&nid=416644484&page=4', 'body': '', 'score': 643}, {'title': '의무보호확약이 많아서', 'date': '2026.04.02 15:37', 'views': '87', 'likes': '14', 'dislikes': '0', 'link': '/item/board_read.naver?code=0007J0&nid=416634278&page=10', 'body': '', 'score': 507}, {'title': '3연상의 느낌[1]', 'date': '2026.04.02 18:05', 'views': '217', 'likes': '13', 'dislikes': '4', 'link': '/item/board_read.naver?code=0007J0&nid=416647484&page=3', 'body': '', 'score': 607}]",9.2 (Strategy Advisor),0007J0
기가레인,2045,+29.92%,-0.14,188,1.49%,KOSDAQ,1574,1.63%,"담주 월요일부터 연상행진 예상~~ / 광통신에서 제2의 에코프로(1,000배) 나온... / 난 진짜 멍청이임[1] / ㅋㅋㅋㅋ금요일에 정지인거 개쩐다[1]",Positive (61%),"담주, 월요일부터, 연상행진, 오늘부터, 이가격",1,"[{'title': '담주 월요일부터 연상행진 예상~~', 'date': '2026.04.02 17:26', 'views': '258', 'likes': '15', 'dislikes': '2', 'link': '/item/board_read.naver?code=049080&nid=416644541&page=1', 'body': '', 'score': 708}, {'title': '내일', 'date': '2026.04.02 18:31', 'views': '89', 'likes': '8', 'dislikes': '0', 'link': '/item/board_read.naver?code=049080&nid=416649233&page=1', 'body': '', 'score': 329}, {'title': '난 진짜 멍청이임[1]', 'date': '2026.04.02 17:07', 'views': '262', 'likes': '8', 'dislikes': '2', 'link': '/item/board_read.naver?code=049080&nid=416642978&page=2', 'body': '', 'score': 502}, {'title': '오늘부터 이가격 으로는 절대 매수 못함[2]', 'date': '2026.04.02 17:01', 'views': '191', 'likes': '8', 'dislikes': '1', 'link': '/item/board_read.naver?code=049080&nid=416642542&page=2', 'body': '', 'score': 431}, {'title': 'ㅋㅋㅋㅋ금요일에 정지인거 개쩐다[1]', 'date': '2026.04.02 15:32', 'views': '239', 'likes': '8', 'dislikes': '0', 'link': '/item/board_read.naver?code=049080&nid=416633545&page=3', 'body': '', 'score': 479}, {'title': '기가막히게 금요일장 거래정지네ㅋㅋㄲㅋ', 'date': '2026.04.02 14:49', 'views': '112', 'likes': '8', 'dislikes': '0', 'link': '/item/board_read.naver?code=049080&nid=416623828&page=4', 'body': '', 'score': 352}, {'title': '광통신에서 제2의 에코프로(1,000배) 나온...', 'date': '2026.04.02 10:01', 'views': '280', 'likes': '8', 'dislikes': '0', 'link': '/item/board_read.naver?code=049080&nid=416568301&page=7', 'body': '', 'score': 520}, {'title': '힘은 장사네', 'date': '2026.04.02 13:13', 'views': '49', 'likes': '7', 'dislikes': '1', 'link': '/item/board_read.naver?code=049080&nid=416607493&page=6', 'body': '', 'score': 259}, {'title': '알루미늄 테마 유일한 우선주!!', 'date': '2026.04.02 16:51', 'views': '81', 'likes': '6', 'dislikes': '1', 'link': '/item/board_read.naver?code=049080&nid=416641749&page=2', 'body': '', 'score': 261}, {'title': '개미들 많이 털렸네', 'date': '2026.04.02 16:23', 'views': '57', 'likes': '6', 'dislikes': '1', 'link': '/item/board_read.naver?code=049080&nid=416639378&page=2', 'body': '', 'score': 237}]",9.2 (Strategy Advisor),049080
한국ANKOR유전,304,+29.91%,2.33,250,3.75%,KOSPI,234,1.42%,낼 종가도 상한가 395원[3] / 4/30일 상장폐지 확정[3] / 내일은확실하게 쩜상이고~외인/사모는 계속매수...[2] / 아.    스발[1],Positive (74%),"종가도, 395원, 스발, 어종상, 호재냐",5,"[{'title': '낼 종가도 상한가 395원[3]', 'date': '2026.04.02 15:03', 'views': '106', 'likes': '13', 'dislikes': '3', 'link': '/item/board_read.naver?code=152550&nid=416627617&page=2', 'body': '', 'score': 496}, {'title': '아.    스발[1]', 'date': '2026.04.02 15:53', 'views': '110', 'likes': '9', 'dislikes': '0', 'link': '/item/board_read.naver?code=152550&nid=416636495&page=2', 'body': '', 'score': 380}, {'title': '내일도 어종상 ㅋ[4]', 'date': '2026.04.02 15:05', 'views': '96', 'likes': '8', 'dislikes': '0', 'link': '/item/board_read.naver?code=152550&nid=416628371&page=2', 'body': '', 'score': 336}, {'title': '호재냐 이거 뭔데', 'date': '2026.04.02 20:55', 'views': '35', 'likes': '7', 'dislikes': '0', 'link': '/item/board_read.naver?code=152550&nid=416658604&page=1', 'body': '', 'score': 245}, {'title': '4/30일 상장폐지 확정[3]', 'date': '2026.04.02 14:11', 'views': '209', 'likes': '7', 'dislikes': '5', 'link': '/item/board_read.naver?code=152550&nid=416615764&page=3', 'body': '', 'score': 419}, {'title': '유가폭등 + 상폐빔 + 주포 물량 잠금', 'date': '2026.04.02 11:17', 'views': '49', 'likes': '7', 'dislikes': '1', 'link': '/item/board_read.naver?code=152550&nid=416587663&page=8', 'body': '', 'score': 259}, {'title': '내일은확실하게 쩜상이고~외인/사모는 계속매수...[2]', 'date': '2026.04.02 15:17', 'views': '237', 'likes': '6', 'dislikes': '2', 'link': '/item/board_read.naver?code=152550&nid=416630980&page=2', 'body': '', 'score': 417}, {'title': '■■아직 공시못본사람이 많다■■[4]', 'date': '2026.04.02 11:29', 'views': '114', 'likes': '6', 'dislikes': '1', 'link': '/item/board_read.naver?code=152550&nid=416590370&page=7', 'body': '', 'score': 294}, {'title': '낼은 상 맞어[1]', 'date': '2026.04.02 18:11', 'views': '115', 'likes': '5', 'dislikes': '3', 'link': '/item/board_read.naver?code=152550&nid=416647874&page=1', 'body': '', 'score': 265}, {'title': '트럼프형 요', 'date': '2026.04.02 15:53', 'views': '78', 'likes': '5', 'dislikes': '0', 'link': '/item/board_read.naver?code=152550&nid=416636522&page=2', 'body': '', 'score': 228}]",9.2 (Strategy Advisor),152550
빅텍,6130,+27.18%,1.46,374,3.72%,KOSDAQ,4820,2.26%,오늘같은 이런장에[4] / 원유 Wti 졸라 오른다.[4] / 매매동향 총평[1] / 역대,Positive (64%),"오늘같은, 이런장에, 원유, Wti, 졸라",1,"[{'title': '오늘같은 이런장에[4]', 'date': '2026.04.02 17:49', 'views': '329', 'likes': '12', 'dislikes': '3', 'link': '/item/board_read.naver?code=065450&nid=416646261&page=1', 'body': '', 'score': 689}, {'title': '원유 Wti 졸라 오른다.[4]', 'date': '2026.04.02 19:28', 'views': '144', 'likes': '11', 'dislikes': '6', 'link': '/item/board_read.naver?code=065450&nid=416653142&page=1', 'body': '', 'score': 474}, {'title': '매매동향 총평[1]', 'date': '2026.04.02 16:05', 'views': '124', 'likes': '11', 'dislikes': '0', 'link': '/item/board_read.naver?code=065450&nid=416637651&page=3', 'body': '', 'score': 454}, {'title': '상한가에 다들 너무 목숨거네!!', 'date': '2026.04.02 17:42', 'views': '97', 'likes': '10', 'dislikes': '1', 'link': '/item/board_read.naver?code=065450&nid=416645789&page=2', 'body': '', 'score': 397}, {'title': '세력이 우주.항공주로도[2]', 'date': '2026.04.02 19:48', 'views': '91', 'likes': '9', 'dislikes': '1', 'link': '/item/board_read.naver?code=065450&nid=416654622&page=1', 'body': '', 'score': 361}, {'title': '오늘 기관 외국인 매수는', 'date': '2026.04.02 17:35', 'views': '119', 'likes': '9', 'dislikes': '3', 'link': '/item/board_read.naver?code=065450&nid=416645244&page=2', 'body': '', 'score': 389}, {'title': '낼도 기대되네...ㅎ', 'date': '2026.04.02 17:12', 'views': '51', 'likes': '8', 'dislikes': '2', 'link': '/item/board_read.naver?code=065450&nid=416643388&page=2', 'body': '', 'score': 291}, {'title': '막판까지도[1]', 'date': '2026.04.02 15:24', 'views': '59', 'likes': '8', 'dislikes': '0', 'link': '/item/board_read.naver?code=065450&nid=416632270&page=5', 'body': '', 'score': 299}, {'title': '역대', 'date': '2026.04.02 11:32', 'views': '195', 'likes': '8', 'dislikes': '3', 'link': '/item/board_read.naver?code=065450&nid=416591219&page=11', 'body': '', 'score': 435}, {'title': '외국인이 또 75만주 순매수했네[2]', 'date': '2026.04.02 20:24', 'views': '153', 'likes': '7', 'dislikes': '1', 'link': '/item/board_read.naver?code=065450&nid=416656959&page=1', 'body': '', 'score': 363}]",9.2 (Strategy Advisor),065450
제이씨케미칼,5720,+21.57%,-1.26,158,1.38%,KOSDAQ,4705,2.64%,낼은..[2] / 이거이거완전테마주일세[4] / 미장 바이오원료 관련주 폭등중[2] / 조망간 2030년 혼합비율 앞당긴다고 할듯[1],Positive (80%),"낼은, 미장, 바이오원료, 관련주, 폭등중",1,"[{'title': '낼은..[2]', 'date': '2026.04.02 17:54', 'views': '264', 'likes': '10', 'dislikes': '2', 'link': '/item/board_read.naver?code=137950&nid=416646632&page=1', 'body': '', 'score': 564}, {'title': '미장 바이오원료 관련주 폭등중[2]', 'date': '2026.04.02 19:16', 'views': '176', 'likes': '5', 'dislikes': '3', 'link': '/item/board_read.naver?code=137950&nid=416652276&page=1', 'body': '', 'score': 326}, {'title': '낼 6천 구경좀 합시다', 'date': '2026.04.02 18:30', 'views': '28', 'likes': '5', 'dislikes': '3', 'link': '/item/board_read.naver?code=137950&nid=416649201&page=1', 'body': '', 'score': 178}, {'title': '이거이거완전테마주일세[4]', 'date': '2026.04.02 16:47', 'views': '226', 'likes': '5', 'dislikes': '7', 'link': '/item/board_read.naver?code=137950&nid=416641395&page=1', 'body': '', 'score': 376}, {'title': '이제 바이오연료다!!', 'date': '2026.04.02 14:43', 'views': '48', 'likes': '5', 'dislikes': '1', 'link': '/item/board_read.naver?code=137950&nid=416622292&page=3', 'body': '', 'score': 198}, {'title': '형이 답말해줄께[1]', 'date': '2026.04.02 14:17', 'views': '113', 'likes': '5', 'dislikes': '1', 'link': '/item/board_read.naver?code=137950&nid=416616678&page=3', 'body': '', 'score': 263}, {'title': '최소 30000', 'date': '2026.04.02 18:57', 'views': '45', 'likes': '4', 'dislikes': '4', 'link': '/item/board_read.naver?code=137950&nid=416651018&page=1', 'body': '', 'score': 165}, {'title': '조망간 2030년 혼합비율 앞당긴다고 할듯[1]', 'date': '2026.04.02 17:17', 'views': '184', 'likes': '4', 'dislikes': '0', 'link': '/item/board_read.naver?code=137950&nid=416643814&page=1', 'body': '', 'score': 304}, {'title': '뉴스에  조기  종전해도   유가는  90달러...', 'date': '2026.04.02 17:14', 'views': '145', 'likes': '4', 'dislikes': '2', 'link': '/item/board_read.naver?code=137950&nid=416643610&page=1', 'body': '', 'score': 265}, {'title': '못버티면 나가야하고', 'date': '2026.04.02 13:55', 'views': '58', 'likes': '4', 'dislikes': '0', 'link': '/item/board_read.naver?code=137950&nid=416613412&page=4', 'body': '', 'score': 178}]",9.2 (Strategy Advisor),137950
흥아해운,4470,+20.49%,-0.68,800,1.87%,KOSPI,3710,2.55%,개미들아 걱정 말거라.[3] / 투주건말건 단일가든..발광을하든[1] / 안티들 오열ㅋㅋ[3] / 주주들 부럽다😆😆[4],Negative (55%),"거래량, 3억주나, 돌린, 개미들아, 걱정",9,"[{'title': '개미들아 걱정 말거라.[3]', 'date': '2026.04.02 18:47', 'views': '432', 'likes': '20', 'dislikes': '1', 'link': '/item/board_read.naver?code=003280&nid=416650354&page=5', 'body': '', 'score': 1032}, {'title': '투주건말건 단일가든..발광을하든[1]', 'date': '2026.04.02 18:54', 'views': '181', 'likes': '18', 'dislikes': '1', 'link': '/item/board_read.naver?code=003280&nid=416650825&page=5', 'body': '', 'score': 721}, {'title': '오늘 밤 미증시', 'date': '2026.04.02 18:21', 'views': '43', 'likes': '18', 'dislikes': '1', 'link': '/item/board_read.naver?code=003280&nid=416648564&page=6', 'body': '', 'score': 583}, {'title': '내일 미장 폭망하면 어차피 투경 달고도 가...', 'date': '2026.04.02 18:38', 'views': '89', 'likes': '17', 'dislikes': '0', 'link': '/item/board_read.naver?code=003280&nid=416649731&page=5', 'body': '', 'score': 599}, {'title': '거래량 3억주나 돌린 주포다', 'date': '2026.04.02 18:06', 'views': '81', 'likes': '17', 'dislikes': '0', 'link': '/item/board_read.naver?code=003280&nid=416647529&page=7', 'body': '', 'score': 591}, {'title': '거래량 3억주나 돌린 주포다', 'date': '2026.04.02 18:06', 'views': '81', 'likes': '17', 'dislikes': '0', 'link': '/item/board_read.naver?code=003280&nid=416647529&page=8', 'body': '', 'score': 591}, {'title': '석기시대로 돌려놓겠다.', 'date': '2026.04.02 19:45', 'views': '45', 'likes': '16', 'dislikes': '0', 'link': '/item/board_read.naver?code=003280&nid=416654403&page=4', 'body': '', 'score': 525}, {'title': '투경인데 어쩌란건지 모르겠다..', 'date': '2026.04.02 20:07', 'views': '57', 'likes': '15', 'dislikes': '0', 'link': '/item/board_read.naver?code=003280&nid=416655970&page=3', 'body': '', 'score': 507}, {'title': '안티들 오열ㅋㅋ[3]', 'date': '2026.04.02 19:37', 'views': '243', 'likes': '15', 'dislikes': '0', 'link': '/item/board_read.naver?code=003280&nid=416653857&page=4', 'body': '', 'score': 693}, {'title': '주주들 부럽다😆😆[4]', 'date': '2026.04.02 19:08', 'views': '175', 'likes': '15', 'dislikes': '1', 'link': '/item/board_read.naver?code=003280&nid=416651703&page=5', 'body': '', 'score': 625}]",9.2 (Strategy Advisor),003280
에스아이리소스,288,+20.00%,0.97,113,9.84%,KOSDAQ,240,8.87%,"■공시참고 5시54분(주주총회 안건)[3] / 석탄, 석유, 바이오연료 3재료다 얘는 / 조용히들 하고, 5백때까지는 추매하지마라~~ / 시간외 물량 싹 걷어가네",Positive (78%),"석유, 조용히들, 하고, 5백때까지는, 추매하지마라",1,"[{'title': '조용히들 하고, 5백때까지는 추매하지마라~~', 'date': '2026.04.02 14:16', 'views': '45', 'likes': '8', 'dislikes': '2', 'link': '/item/board_read.naver?code=065420&nid=416616548&page=3', 'body': '', 'score': 285}, {'title': '감보적정 재무탄탄  오백원가겠다', 'date': '2026.04.02 15:11', 'views': '30', 'likes': '6', 'dislikes': '3', 'link': '/item/board_read.naver?code=065420&nid=416629674&page=2', 'body': '', 'score': 210}, {'title': '오늘안가요 형말들어', 'date': '2026.04.02 12:38', 'views': '25', 'likes': '6', 'dislikes': '1', 'link': '/item/board_read.naver?code=065420&nid=416602001&page=4', 'body': '', 'score': 205}, {'title': '석탄, 석유, 바이오연료 3재료다 얘는', 'date': '2026.04.02 11:34', 'views': '117', 'likes': '6', 'dislikes': '3', 'link': '/item/board_read.naver?code=065420&nid=416591672&page=5', 'body': '', 'score': 297}, {'title': '180억 에스아이리소스 석유 만드는회사 바이오...', 'date': '2026.04.02 11:20', 'views': '43', 'likes': '6', 'dislikes': '2', 'link': '/item/board_read.naver?code=065420&nid=416588327&page=5', 'body': '', 'score': 223}, {'title': '시간외 물량 싹 걷어가네', 'date': '2026.04.02 17:36', 'views': '102', 'likes': '5', 'dislikes': '2', 'link': '/item/board_read.naver?code=065420&nid=416645308&page=1', 'body': '', 'score': 252}, {'title': '종가에 재매수', 'date': '2026.04.02 16:13', 'views': '25', 'likes': '5', 'dislikes': '1', 'link': '/item/board_read.naver?code=065420&nid=416638489&page=2', 'body': '', 'score': 175}, {'title': '야들아', 'date': '2026.04.02 15:30', 'views': '25', 'likes': '5', 'dislikes': '1', 'link': '/item/board_read.naver?code=065420&nid=416633226&page=2', 'body': '', 'score': 175}, {'title': '■공시참고 5시54분(주주총회 안건)[3]', 'date': '2026.04.02 18:17', 'views': '209', 'likes': '4', 'dislikes': '2', 'link': '/item/board_read.naver?code=065420&nid=416648263&page=1', 'body': '', 'score': 329}, {'title': '유가  실시간  7% 폭등중   미쳤다', 'date': '2026.04.02 17:43', 'views': '40', 'likes': '4', 'dislikes': '0', 'link': '/item/board_read.naver?code=065420&nid=416645848&page=1', 'body': '', 'score': 160}]",9.2 (Strategy Advisor),065420
피노,9350,+19.26%,-0.54,235,49.41%,KOSDAQ,7840,49.95%,"종지 장초 급등 10시 이후 급락~~~ / 삼성SDI  3자배정!!! 큰 물결이 시작이 ...[3] / 인고의 시간을  견디신분들 추카~~~~[4] / 삼성sdi , 스페이스x 와 우주배터리 협력[1]",Positive (59%),"종지, 장초, 10시, 이후, 인고의",1,"[{'title': '종지 장초 급등 10시 이후 급락~~~', 'date': '2026.04.02 16:48', 'views': '327', 'likes': '12', 'dislikes': '7', 'link': '/item/board_read.naver?code=033790&nid=416641517&page=2', 'body': '', 'score': 687}, {'title': '인고의 시간을  견디신분들 추카~~~~[4]', 'date': '2026.04.02 15:24', 'views': '219', 'likes': '11', 'dislikes': '5', 'link': '/item/board_read.naver?code=033790&nid=416632324&page=3', 'body': '', 'score': 549}, {'title': '6일에', 'date': '2026.04.02 15:24', 'views': '91', 'likes': '11', 'dislikes': '3', 'link': '/item/board_read.naver?code=033790&nid=416632216&page=3', 'body': '', 'score': 421}, {'title': '삼성sdi , 스페이스x 와 우주배터리 협력[1]', 'date': '2026.04.02 19:12', 'views': '229', 'likes': '10', 'dislikes': '2', 'link': '/item/board_read.naver?code=033790&nid=416651988&page=1', 'body': '', 'score': 529}, {'title': '삼성SDI  3자배정!!! 큰 물결이 시작이 ...[3]', 'date': '2026.04.02 17:02', 'views': '383', 'likes': '10', 'dislikes': '15', 'link': '/item/board_read.naver?code=033790&nid=416642609&page=1', 'body': '', 'score': 683}, {'title': '피노 3년뒤엔', 'date': '2026.04.02 18:59', 'views': '214', 'likes': '9', 'dislikes': '3', 'link': '/item/board_read.naver?code=033790&nid=416651168&page=1', 'body': '', 'score': 484}, {'title': '시외ㅡ3000주입성', 'date': '2026.04.02 17:46', 'views': '79', 'likes': '9', 'dislikes': '2', 'link': '/item/board_read.naver?code=033790&nid=416646089&page=1', 'body': '', 'score': 349}, {'title': '형은 얘기해주었다', 'date': '2026.04.02 17:17', 'views': '116', 'likes': '9', 'dislikes': '2', 'link': '/item/board_read.naver?code=033790&nid=416643829&page=1', 'body': '', 'score': 386}, {'title': '피노SDI의', 'date': '2026.04.02 15:35', 'views': '108', 'likes': '9', 'dislikes': '2', 'link': '/item/board_read.naver?code=033790&nid=416633975&page=3', 'body': '', 'score': 378}, {'title': '[2026. 4. 6.이면] 삼성피노 되는거여...', 'date': '2026.04.02 15:21', 'views': '144', 'likes': '9', 'dislikes': '2', 'link': '/item/board_read.naver?code=033790&nid=416631754&page=3', 'body': '', 'score': 414}]",9.2 (Strategy Advisor),033790
세림B&G,1994,+17.78%,-1.14,150,1.36%,KOSDAQ,1693,2.50%,"세림B&G 이거 기사 이러면 1000억 아닌...[1] / 앞으로 2,3주간 계속 이란을 폭격해... / 이건 ㅉ짜이밍이 누르는거다[4] / 대장 차겠는데 ?[2]",Positive (80%),"기사, 이러면, 1000억, 아닌, 이건",1,"[{'title': '세림B&G 이거 기사 이러면 1000억 아닌...[1]', 'date': '2026.04.02 16:59', 'views': '232', 'likes': '13', 'dislikes': '4', 'link': '/item/board_read.naver?code=340440&nid=416642389&page=1', 'body': '', 'score': 622}, {'title': '이건 ㅉ짜이밍이 누르는거다[4]', 'date': '2026.04.02 11:57', 'views': '111', 'likes': '10', 'dislikes': '3', 'link': '/item/board_read.naver?code=340440&nid=416596114&page=5', 'body': '', 'score': 411}, {'title': '앞으로 2,3주간 계속 이란을 폭격해...', 'date': '2026.04.02 11:34', 'views': '188', 'likes': '9', 'dislikes': '7', 'link': '/item/board_read.naver?code=340440&nid=416591683&page=5', 'body': '', 'score': 458}, {'title': '여기쥐포 조현병환자니까 조심해라', 'date': '2026.04.02 17:57', 'views': '35', 'likes': '6', 'dislikes': '0', 'link': '/item/board_read.naver?code=340440&nid=416646864&page=1', 'body': '', 'score': 215}, {'title': '세림이가 대장이네', 'date': '2026.04.02 17:28', 'views': '43', 'likes': '6', 'dislikes': '4', 'link': '/item/board_read.naver?code=340440&nid=416644755&page=1', 'body': '', 'score': 223}, {'title': '대장 차겠는데 ?[2]', 'date': '2026.04.02 17:54', 'views': '99', 'likes': '5', 'dislikes': '6', 'link': '/item/board_read.naver?code=340440&nid=416646607&page=1', 'body': '', 'score': 249}, {'title': '저녘뉴스보니 세림B&G내일 상한가갈것같아', 'date': '2026.04.02 20:24', 'views': '19', 'likes': '4', 'dislikes': '2', 'link': '/item/board_read.naver?code=340440&nid=416656972&page=1', 'body': '', 'score': 139}, {'title': '앗, 시간외에서 에코플라스틱으로 대장을 넘긴...', 'date': '2026.04.02 16:52', 'views': '58', 'likes': '4', 'dislikes': '0', 'link': '/item/board_read.naver?code=340440&nid=416641812&page=1', 'body': '', 'score': 178}, {'title': '다음주 플라스틱 대란 발생', 'date': '2026.04.02 15:11', 'views': '62', 'likes': '4', 'dislikes': '12', 'link': '/item/board_read.naver?code=340440&nid=416629734&page=2', 'body': '', 'score': 182}, {'title': '내일  상?[1]', 'date': '2026.04.02 15:05', 'views': '58', 'likes': '4', 'dislikes': '3', 'link': '/item/board_read.naver?code=340440&nid=416628378&page=2', 'body': '', 'score': 178}]",9.2 (Strategy Advisor),340440
흥구석유,21650,+17.54%,0.06,667,0.91%,KOSDAQ,18420,0.85%,낼 시가 10퍼 이상[1] / 투경해제 ㅎㅎㅎㅎ / 오늘 투주해제됨.[1] / 내일 쩜상이네요[2],Positive (59%),"시가, 10퍼, 이상, 투주해제됨, 투경해제",1,"[{'title': '낼 시가 10퍼 이상[1]', 'date': '2026.04.02 19:30', 'views': '137', 'likes': '30', 'dislikes': '3', 'link': '/item/board_read.naver?code=024060&nid=416653332&page=2', 'body': '', 'score': 1037}, {'title': '오늘 투주해제됨.[1]', 'date': '2026.04.02 18:13', 'views': '313', 'likes': '21', 'dislikes': '4', 'link': '/item/board_read.naver?code=024060&nid=416648044&page=3', 'body': '', 'score': 943}, {'title': '투경해제 ㅎㅎㅎㅎ', 'date': '2026.04.02 18:34', 'views': '354', 'likes': '20', 'dislikes': '5', 'link': '/item/board_read.naver?code=024060&nid=416649421&page=3', 'body': '', 'score': 954}, {'title': '내일 쩜상이네요[2]', 'date': '2026.04.02 19:00', 'views': '308', 'likes': '19', 'dislikes': '2', 'link': '/item/board_read.naver?code=024060&nid=416651189&page=2', 'body': '', 'score': 878}, {'title': '종가에 픽~~~', 'date': '2026.04.02 18:25', 'views': '54', 'likes': '13', 'dislikes': '2', 'link': '/item/board_read.naver?code=024060&nid=416648886&page=3', 'body': '', 'score': 444}, {'title': '딱봐도 낼 최소15퍼 이상인데[1]', 'date': '2026.04.02 17:54', 'views': '124', 'likes': '12', 'dislikes': '1', 'link': '/item/board_read.naver?code=024060&nid=416646635&page=4', 'body': '', 'score': 484}, {'title': '★ 내일 신용 반대매매 물량 출회[1]', 'date': '2026.04.02 16:15', 'views': '122', 'likes': '12', 'dislikes': '1', 'link': '/item/board_read.naver?code=024060&nid=416638650&page=7', 'body': '', 'score': 482}, {'title': '3박자가 맞아 떨어지네', 'date': '2026.04.02 16:50', 'views': '66', 'likes': '10', 'dislikes': '1', 'link': '/item/board_read.naver?code=024060&nid=416641657&page=6', 'body': '', 'score': 366}, {'title': '어종상[4]', 'date': '2026.04.02 15:51', 'views': '176', 'likes': '10', 'dislikes': '0', 'link': '/item/board_read.naver?code=024060&nid=416636314&page=7', 'body': '', 'score': 476}, {'title': '2만원 지지하면 5만원 열려있대', 'date': '2026.04.02 17:45', 'views': '26', 'likes': '9', 'dislikes': '0', 'link': '/item/board_read.naver?code=024060&nid=416645998&page=4', 'body': '', 'score': 296}]",9.2 (Strategy Advisor),024060
대명에너지,24650,+14.39%,-0.12,191,0.57%,KOSDAQ,21550,0.69%,내일[2] / 무차입공매로 주가찍어누르고 미수 반대매매 죽이... / 오늘 상한가 못가면[1] / 2-3배속,Positive (73%),"무차입공매로, 주가찍어누르고, 미수, 반대매매, 죽이",1,"[{'title': '무차입공매로 주가찍어누르고 미수 반대매매 죽이...', 'date': '2026.04.02 08:28', 'views': '42', 'likes': '10', 'dislikes': '0', 'link': '/item/board_read.naver?code=389260&nid=416551781&page=10', 'body': '', 'score': 342}, {'title': '오늘 상한가 못가면[1]', 'date': '2026.04.02 10:46', 'views': '81', 'likes': '8', 'dislikes': '0', 'link': '/item/board_read.naver?code=389260&nid=416579800&page=9', 'body': '', 'score': 321}, {'title': '가게되면 초대박주식이라니깐', 'date': '2026.04.02 19:16', 'views': '27', 'likes': '7', 'dislikes': '4', 'link': '/item/board_read.naver?code=389260&nid=416652265&page=2', 'body': '', 'score': 237}, {'title': '내일[2]', 'date': '2026.04.02 16:47', 'views': '283', 'likes': '7', 'dislikes': '2', 'link': '/item/board_read.naver?code=389260&nid=416641382&page=4', 'body': '', 'score': 493}, {'title': '시원하게올려야 돈이오지', 'date': '2026.04.02 15:02', 'views': '23', 'likes': '7', 'dislikes': '0', 'link': '/item/board_read.naver?code=389260&nid=416627430&page=6', 'body': '', 'score': 233}, {'title': '24층 발가락 핥고 또 떨어질겨?', 'date': '2026.04.02 14:55', 'views': '20', 'likes': '7', 'dislikes': '0', 'link': '/item/board_read.naver?code=389260&nid=416625328&page=6', 'body': '', 'score': 230}, {'title': '속보', 'date': '2026.04.02 14:24', 'views': '34', 'likes': '7', 'dislikes': '1', 'link': '/item/board_read.naver?code=389260&nid=416617867&page=8', 'body': '', 'score': 244}, {'title': '오늘 상못가면', 'date': '2026.04.02 10:40', 'views': '32', 'likes': '7', 'dislikes': '0', 'link': '/item/board_read.naver?code=389260&nid=416578255&page=9', 'body': '', 'score': 242}, {'title': '2-3배속', 'date': '2026.04.02 08:29', 'views': '39', 'likes': '7', 'dislikes': '0', 'link': '/item/board_read.naver?code=389260&nid=416551865&page=10', 'body': '', 'score': 249}, {'title': '근디여기하는짓이', 'date': '2026.04.02 20:10', 'views': '19', 'likes': '6', 'dislikes': '1', 'link': '/item/board_read.naver?code=389260&nid=416656158&page=1', 'body': '', 'score': 199}]",9.2 (Strategy Advisor),389260
엘앤에프,161600,+9.63%,0.77,270,19.90%,KOSPI,147400,19.13%,●●엘앤 적정주가■■[1] / 엘앤 7년 주주입니다.[6] / 스페이스x 우주배터리 양극재는 / 엘앤에프 언제 빼야할지 고민된다면 보세요...[1],Positive (53%),"7년, 적정주가, 스페이스x, 우주배터리, 양극재는",2,"[{'title': '엘앤 7년 주주입니다.[6]', 'date': '2026.04.02 16:38', 'views': '781', 'likes': '33', 'dislikes': '10', 'link': '/item/board_read.naver?code=066970&nid=416640658&page=2', 'body': '', 'score': 1771}, {'title': '●●엘앤 적정주가■■[1]', 'date': '2026.04.02 15:20', 'views': '1165', 'likes': '33', 'dislikes': '6', 'link': '/item/board_read.naver?code=066970&nid=416631498&page=3', 'body': '', 'score': 2155}, {'title': '스페이스x 우주배터리 양극재는', 'date': '2026.04.02 18:21', 'views': '146', 'likes': '14', 'dislikes': '2', 'link': '/item/board_read.naver?code=066970&nid=416648593&page=1', 'body': '', 'score': 566}, {'title': '트럼프만아니면[1]', 'date': '2026.04.02 15:39', 'views': '94', 'likes': '14', 'dislikes': '1', 'link': '/item/board_read.naver?code=066970&nid=416634640&page=3', 'body': '', 'score': 514}, {'title': '글로벌시장 주요고객 list', 'date': '2026.04.02 13:32', 'views': '135', 'likes': '13', 'dislikes': '1', 'link': '/item/board_read.naver?code=066970&nid=416610100&page=6', 'body': '', 'score': 525}, {'title': '쎄네 지수 흘러도 말아올리네', 'date': '2026.04.02 11:01', 'views': '54', 'likes': '13', 'dislikes': '1', 'link': '/item/board_read.naver?code=066970&nid=416583919&page=8', 'body': '', 'score': 444}, {'title': '앨앤이 돌아 왔구나~~[1]', 'date': '2026.04.02 09:02', 'views': '98', 'likes': '13', 'dislikes': '1', 'link': '/item/board_read.naver?code=066970&nid=416555532&page=13', 'body': '', 'score': 488}, {'title': '엘앤에프 언제 빼야할지 고민된다면 보세요...[1]', 'date': '2026.04.02 19:44', 'views': '177', 'likes': '12', 'dislikes': '2', 'link': '/item/board_read.naver?code=066970&nid=416654307&page=1', 'body': '', 'score': 537}, {'title': '오늘 푹 주무세요.', 'date': '2026.04.02 19:04', 'views': '169', 'likes': '12', 'dislikes': '0', 'link': '/item/board_read.naver?code=066970&nid=416651445&page=1', 'body': '', 'score': 529}, {'title': '네이버보니 맘고생하신분들 절반으로줄어...[3]', 'date': '2026.04.02 18:04', 'views': '160', 'likes': '12', 'dislikes': '0', 'link': '/item/board_read.naver?code=066970&nid=416647406&page=2', 'body': '', 'score': 520}]",9.2 (Strategy Advisor),066970
남선알미늄,1780,+9.07%,-1.14,502,2.33%,KOSPI,1632,3.47%,1740~1770구간[22] / 호재가지고왔어요[2] / 낼준비운동하고[2] / 알미늄은 매집일뿐,Positive (72%),"떠난, 사람은, 후회하지, 낼준비운동하고, 1770구간",1,"[{'title': '호재가지고왔어요[2]', 'date': '2026.04.02 20:02', 'views': '227', 'likes': '16', 'dislikes': '1', 'link': '/item/board_read.naver?code=008350&nid=416655633&page=1', 'body': '', 'score': 707}, {'title': '자, 떠난 사람은 내일 후회하지', 'date': '2026.04.02 18:46', 'views': '70', 'likes': '14', 'dislikes': '1', 'link': '/item/board_read.naver?code=008350&nid=416650270&page=1', 'body': '', 'score': 490}, {'title': '낼준비운동하고[2]', 'date': '2026.04.02 19:20', 'views': '219', 'likes': '11', 'dislikes': '3', 'link': '/item/board_read.naver?code=008350&nid=416652563&page=1', 'body': '', 'score': 549}, {'title': '1740~1770구간[22]', 'date': '2026.04.02 12:26', 'views': '441', 'likes': '10', 'dislikes': '2', 'link': '/item/board_read.naver?code=008350&nid=416600420&page=13', 'body': '', 'score': 741}, {'title': '알미늄은 매집일뿐', 'date': '2026.04.02 18:29', 'views': '252', 'likes': '9', 'dislikes': '2', 'link': '/item/board_read.naver?code=008350&nid=416649141&page=1', 'body': '', 'score': 522}, {'title': '외국인 절반 분할매도, 내국인 매수세로 상승', 'date': '2026.04.02 15:55', 'views': '123', 'likes': '9', 'dislikes': '1', 'link': '/item/board_read.naver?code=008350&nid=416636680&page=2', 'body': '', 'score': 393}, {'title': '오늘은 알미늄 3523[1]', 'date': '2026.04.02 17:18', 'views': '155', 'likes': '8', 'dislikes': '2', 'link': '/item/board_read.naver?code=008350&nid=416643963&page=2', 'body': '', 'score': 395}, {'title': '알미늄 가격폭등하면', 'date': '2026.04.02 15:25', 'views': '73', 'likes': '8', 'dislikes': '1', 'link': '/item/board_read.naver?code=008350&nid=416632434&page=3', 'body': '', 'score': 313}, {'title': '이만하면 됐어[1]', 'date': '2026.04.02 15:23', 'views': '117', 'likes': '8', 'dislikes': '1', 'link': '/item/board_read.naver?code=008350&nid=416632135&page=3', 'body': '', 'score': 357}, {'title': '오늘은 쫄지말고', 'date': '2026.04.02 13:24', 'views': '39', 'likes': '8', 'dislikes': '0', 'link': '/item/board_read.naver?code=008350&nid=416609010&page=8', 'body': '', 'score': 279}]",9.2 (Strategy Advisor),008350
한국석유,17320,+7.91%,-2.17,139,1.80%,KOSPI,16050,3.97%,내일은 상한가 사뿐하게 ~~ / 내일 점상[1] / 국제유가 봐라 WTI고 브앤드유고 간에 다 6...[1] / 국제유가 개폭등이네 +8.7% 이게 말이되냐?...,Positive (71%),"국제유가, 내일은, 사뿐하게, 점상, 개폭등이네",1,"[{'title': '내일은 상한가 사뿐하게 ~~', 'date': '2026.04.02 17:33', 'views': '44', 'likes': '13', 'dislikes': '4', 'link': '/item/board_read.naver?code=004090&nid=416645080&page=1', 'body': '', 'score': 434}, {'title': '내일 점상[1]', 'date': '2026.04.02 17:32', 'views': '118', 'likes': '8', 'dislikes': '4', 'link': '/item/board_read.naver?code=004090&nid=416645005&page=1', 'body': '', 'score': 358}, {'title': '국제유가 개폭등이네 +8.7% 이게 말이되냐?...', 'date': '2026.04.02 20:20', 'views': '31', 'likes': '4', 'dislikes': '0', 'link': '/item/board_read.naver?code=004090&nid=416656740&page=1', 'body': '', 'score': 151}, {'title': '여기 포항인데 경유2034원 이거맞아???', 'date': '2026.04.02 19:05', 'views': '21', 'likes': '4', 'dislikes': '0', 'link': '/item/board_read.naver?code=004090&nid=416651540&page=1', 'body': '', 'score': 141}, {'title': '인생 꼬이네', 'date': '2026.04.02 15:23', 'views': '26', 'likes': '4', 'dislikes': '0', 'link': '/item/board_read.naver?code=004090&nid=416632117&page=1', 'body': '', 'score': 146}, {'title': '20년간 주식하며 경험한 주식 중', 'date': '2026.04.02 11:36', 'views': '27', 'likes': '4', 'dislikes': '0', 'link': '/item/board_read.naver?code=004090&nid=416592147&page=5', 'body': '', 'score': 147}, {'title': '연상가겠네 드디어', 'date': '2026.04.02 10:52', 'views': '26', 'likes': '4', 'dislikes': '0', 'link': '/item/board_read.naver?code=004090&nid=416581746&page=6', 'body': '', 'score': 146}, {'title': '연상 갑시다', 'date': '2026.04.02 10:24', 'views': '24', 'likes': '4', 'dislikes': '0', 'link': '/item/board_read.naver?code=004090&nid=416573305&page=7', 'body': '', 'score': 144}, {'title': '이러다가', 'date': '2026.04.02 17:10', 'views': '30', 'likes': '3', 'dislikes': '1', 'link': '/item/board_read.naver?code=004090&nid=416643289&page=1', 'body': '', 'score': 120}, {'title': '국제유가 봐라 WTI고 브앤드유고 간에 다 6...[1]', 'date': '2026.04.02 15:21', 'views': '71', 'likes': '3', 'dislikes': '1', 'link': '/item/board_read.naver?code=004090&nid=416631741&page=1', 'body': '', 'score': 161}]",9.2 (Strategy Advisor),004090
HD현대에너지솔루션,147000,+7.61%,1.64,268,6.74%,KOSPI,136600,5.10%,또 whi 급등 유가안정화까지는 홀딩하셔야됩니...[6] / 나의 선택은 / 쓸어담아라. 신재생에너지주 대세다. 정부가 강... / 현상황 필독,Positive (80%),"whi, 유가안정화까지는, 홀딩하셔야됩니, 나의, 선택은",1,"[{'title': '또 whi 급등 유가안정화까지는 홀딩하셔야됩니...[6]', 'date': '2026.04.02 11:36', 'views': '303', 'likes': '16', 'dislikes': '3', 'link': '/item/board_read.naver?code=322000&nid=416592171&page=9', 'body': '', 'score': 783}, {'title': '나의 선택은', 'date': '2026.04.02 16:54', 'views': '237', 'likes': '11', 'dislikes': '4', 'link': '/item/board_read.naver?code=322000&nid=416641975&page=2', 'body': '', 'score': 567}, {'title': '쓸어담아라. 신재생에너지주 대세다. 정부가 강...', 'date': '2026.04.02 15:26', 'views': '54', 'likes': '11', 'dislikes': '1', 'link': '/item/board_read.naver?code=322000&nid=416632592&page=3', 'body': '', 'score': 384}, {'title': '그래도 장 막판에 말아올렸네', 'date': '2026.04.02 15:34', 'views': '38', 'likes': '10', 'dislikes': '3', 'link': '/item/board_read.naver?code=322000&nid=416633857&page=3', 'body': '', 'score': 338}, {'title': '에너지 대란 온다', 'date': '2026.04.02 15:24', 'views': '38', 'likes': '10', 'dislikes': '1', 'link': '/item/board_read.naver?code=322000&nid=416632364&page=3', 'body': '', 'score': 338}, {'title': '오늘같은 나락장에', 'date': '2026.04.02 15:07', 'views': '54', 'likes': '9', 'dislikes': '2', 'link': '/item/board_read.naver?code=322000&nid=416628775&page=3', 'body': '', 'score': 324}, {'title': '약속의 2시', 'date': '2026.04.02 13:53', 'views': '65', 'likes': '9', 'dislikes': '4', 'link': '/item/board_read.naver?code=322000&nid=416613073&page=6', 'body': '', 'score': 335}, {'title': '신고가를 달성한날인데 징징이들 왜케많음?', 'date': '2026.04.02 15:45', 'views': '108', 'likes': '8', 'dislikes': '1', 'link': '/item/board_read.naver?code=322000&nid=416635524&page=2', 'body': '', 'score': 348}, {'title': '시간외[1]', 'date': '2026.04.02 15:22', 'views': '118', 'likes': '8', 'dislikes': '1', 'link': '/item/board_read.naver?code=322000&nid=416631863&page=3', 'body': '', 'score': 358}, {'title': '현상황 필독', 'date': '2026.04.02 10:37', 'views': '144', 'likes': '8', 'dislikes': '2', 'link': '/item/board_read.naver?code=322000&nid=416577477&page=10', 'body': '', 'score': 384}]",9.2 (Strategy Advisor),322000
에코플라스틱,3975,+7.58%,-1.13,163,0.94%,KOSDAQ,3695,2.07%,농담아니고 내일진짜 상한가 갈 듯[1] / 이거 내일 상한가 갈 거 같다.[1] / 내일 상간다 어쩐다 하는 애들 봐라.[2] / 안되겠다[2],Positive (76%),"농담아니고, 내일진짜, 내일은, 애들, 봐라",1,"[{'title': '농담아니고 내일진짜 상한가 갈 듯[1]', 'date': '2026.04.02 18:23', 'views': '193', 'likes': '9', 'dislikes': '2', 'link': '/item/board_read.naver?code=038110&nid=416648723&page=1', 'body': '', 'score': 463}, {'title': '내일', 'date': '2026.04.02 14:15', 'views': '38', 'likes': '9', 'dislikes': '3', 'link': '/item/board_read.naver?code=038110&nid=416616387&page=3', 'body': '', 'score': 308}, {'title': '내일은 상!!', 'date': '2026.04.02 17:53', 'views': '36', 'likes': '7', 'dislikes': '3', 'link': '/item/board_read.naver?code=038110&nid=416646515&page=1', 'body': '', 'score': 246}, {'title': '안되겠다[2]', 'date': '2026.04.02 16:27', 'views': '132', 'likes': '7', 'dislikes': '0', 'link': '/item/board_read.naver?code=038110&nid=416639761&page=1', 'body': '', 'score': 342}, {'title': '이거 내일 상한가 갈 거 같다.[1]', 'date': '2026.04.02 15:17', 'views': '186', 'likes': '7', 'dislikes': '7', 'link': '/item/board_read.naver?code=038110&nid=416630979&page=2', 'body': '', 'score': 396}, {'title': '내일 상간다 어쩐다 하는 애들 봐라.[2]', 'date': '2026.04.02 19:52', 'views': '167', 'likes': '6', 'dislikes': '1', 'link': '/item/board_read.naver?code=038110&nid=416654927&page=1', 'body': '', 'score': 347}, {'title': '이재명 대통령', 'date': '2026.04.02 14:53', 'views': '23', 'likes': '6', 'dislikes': '0', 'link': '/item/board_read.naver?code=038110&nid=416624836&page=2', 'body': '', 'score': 203}, {'title': '오늘도 새 가족분들이 많이 들어오셨네요', 'date': '2026.04.02 14:09', 'views': '35', 'likes': '6', 'dislikes': '1', 'link': '/item/board_read.naver?code=038110&nid=416615424&page=3', 'body': '', 'score': 215}, {'title': '세력들은 이제 물량 뺏기기 싫겠죠', 'date': '2026.04.02 13:33', 'views': '41', 'likes': '6', 'dislikes': '1', 'link': '/item/board_read.naver?code=038110&nid=416610334&page=3', 'body': '', 'score': 221}, {'title': '형님들...[1]', 'date': '2026.04.02 16:26', 'views': '136', 'likes': '5', 'dislikes': '0', 'link': '/item/board_read.naver?code=038110&nid=416639660&page=1', 'body': '', 'score': 286}]",9.2 (Strategy Advisor),038110
대한광통신,10120,+7.55%,0.82,662,6.32%,KOSDAQ,9410,5.50%,안녕하세요 다시 글올리네요[13] / 애들아~~~[10] / 이런장에  독야청정 홀로빨강이네~[6] / 와우  주차ㅋ[2],Positive (62%),"애들아, 낼부터는, 날개를, 단일가, 기대하는거",9,"[{'title': '애들아~~~[10]', 'date': '2026.04.02 15:41', 'views': '602', 'likes': '55', 'dislikes': '3', 'link': '/item/board_read.naver?code=010170&nid=416634884&page=5', 'body': '', 'score': 2252}, {'title': '안녕하세요 다시 글올리네요[13]', 'date': '2026.04.02 16:05', 'views': '1250', 'likes': '37', 'dislikes': '2', 'link': '/item/board_read.naver?code=010170&nid=416637730&page=4', 'body': '', 'score': 2360}, {'title': '낼부터는 날개를 9410*1.4=13,170[1]', 'date': '2026.04.02 15:44', 'views': '325', 'likes': '35', 'dislikes': '2', 'link': '/item/board_read.naver?code=010170&nid=416635369&page=4', 'body': '', 'score': 1375}, {'title': '오늘 단일가 움직임 기대하는거 나뿐임? ㅎㅎ[2]', 'date': '2026.04.02 15:56', 'views': '419', 'likes': '33', 'dislikes': '3', 'link': '/item/board_read.naver?code=010170&nid=416636794&page=4', 'body': '', 'score': 1409}, {'title': '10650원에[3]', 'date': '2026.04.02 12:18', 'views': '349', 'likes': '33', 'dislikes': '2', 'link': '/item/board_read.naver?code=010170&nid=416599242&page=15', 'body': '', 'score': 1339}, {'title': '이런장에  독야청정 홀로빨강이네~[6]', 'date': '2026.04.02 16:06', 'views': '635', 'likes': '32', 'dislikes': '6', 'link': '/item/board_read.naver?code=010170&nid=416637809&page=3', 'body': '', 'score': 1595}, {'title': '여러분[2]', 'date': '2026.04.02 18:06', 'views': '469', 'likes': '31', 'dislikes': '5', 'link': '/item/board_read.naver?code=010170&nid=416647546&page=2', 'body': '', 'score': 1399}, {'title': '시외에 매수엄청나네유..', 'date': '2026.04.02 17:25', 'views': '386', 'likes': '30', 'dislikes': '6', 'link': '/item/board_read.naver?code=010170&nid=416644472&page=3', 'body': '', 'score': 1286}, {'title': '와우  주차ㅋ[2]', 'date': '2026.04.02 17:01', 'views': '575', 'likes': '30', 'dislikes': '4', 'link': '/item/board_read.naver?code=010170&nid=416642487&page=3', 'body': '', 'score': 1475}, {'title': '국내10대 증권사 유일한 최다득표 선정 왜 2...[1]', 'date': '2026.04.02 17:33', 'views': '493', 'likes': '29', 'dislikes': '3', 'link': '/item/board_read.naver?code=010170&nid=416645070&page=2', 'body': '', 'score': 1363}]",9.2 (Strategy Advisor),010170
휴스틸,5690,+6.95%,-0.63,194,3.82%,KOSPI,5320,4.45%,Saudi Steel Pipe Company[4] / 우리나라 주식은 장기전 가면안되[1] / 주주분들은  내일봬영 / 넥스틸 오늘 상가면[2],Positive (72%),"우리나라, 주식은, 장기전, 가면안되, 주주분들은",1,"[{'title': '우리나라 주식은 장기전 가면안되[1]', 'date': '2026.04.02 15:43', 'views': '131', 'likes': '9', 'dislikes': '0', 'link': '/item/board_read.naver?code=005010&nid=416635232&page=4', 'body': '', 'score': 401}, {'title': '주주분들은  내일봬영', 'date': '2026.04.02 15:29', 'views': '105', 'likes': '9', 'dislikes': '1', 'link': '/item/board_read.naver?code=005010&nid=416633092&page=4', 'body': '', 'score': 375}, {'title': 'Saudi Steel Pipe Company[4]', 'date': '2026.04.02 18:17', 'views': '199', 'likes': '7', 'dislikes': '0', 'link': '/item/board_read.naver?code=005010&nid=416648315&page=1', 'body': '', 'score': 409}, {'title': '넥스틸 오늘 상가면[2]', 'date': '2026.04.02 18:00', 'views': '152', 'likes': '7', 'dislikes': '6', 'link': '/item/board_read.naver?code=005010&nid=416647095&page=1', 'body': '', 'score': 362}, {'title': '휴스틸 호재 알려줌[2]', 'date': '2026.04.02 16:26', 'views': '150', 'likes': '6', 'dislikes': '0', 'link': '/item/board_read.naver?code=005010&nid=416639700&page=3', 'body': '', 'score': 330}, {'title': '시외 상한가 봅니다', 'date': '2026.04.02 15:36', 'views': '44', 'likes': '6', 'dislikes': '1', 'link': '/item/board_read.naver?code=005010&nid=416634135&page=4', 'body': '', 'score': 224}, {'title': '이제시작이다...', 'date': '2026.04.02 15:24', 'views': '40', 'likes': '6', 'dislikes': '0', 'link': '/item/board_read.naver?code=005010&nid=416632271&page=4', 'body': '', 'score': 220}, {'title': '와 유가 장난아니다', 'date': '2026.04.02 18:27', 'views': '52', 'likes': '5', 'dislikes': '0', 'link': '/item/board_read.naver?code=005010&nid=416649011&page=1', 'body': '', 'score': 202}, {'title': '1980년부터 지금까지 약 46년 동안 지분을...', 'date': '2026.04.02 16:43', 'views': '117', 'likes': '5', 'dislikes': '0', 'link': '/item/board_read.naver?code=005010&nid=416641084&page=3', 'body': '', 'score': 267}, {'title': '과연 대미투자 1호  프로젝트가 될것이냐[2]', 'date': '2026.04.02 16:33', 'views': '106', 'likes': '5', 'dislikes': '0', 'link': '/item/board_read.naver?code=005010&nid=416640293&page=3', 'body': '', 'score': 256}]",9.2 (Strategy Advisor),005010
현대로템,201500,+6.73%,0.45,239,33.87%,KOSPI,188800,33.42%,"루마니아 확정[6] / 한에 140 LIG 80[1] / 수급,  대박[3] / 방산주 상승 배경[1]",Positive (52%),"한에, LIG, 루마니아, 확정, 수급",1,"[{'title': '한에 140 LIG 80[1]', 'date': '2026.04.02 16:43', 'views': '201', 'likes': '59', 'dislikes': '8', 'link': '/item/board_read.naver?code=064350&nid=416641115&page=2', 'body': '', 'score': 1971}, {'title': '루마니아 확정[6]', 'date': '2026.04.02 12:36', 'views': '1182', 'likes': '39', 'dislikes': '7', 'link': '/item/board_read.naver?code=064350&nid=416601778&page=5', 'body': '', 'score': 2352}, {'title': '수급,  대박[3]', 'date': '2026.04.02 15:48', 'views': '725', 'likes': '33', 'dislikes': '4', 'link': '/item/board_read.naver?code=064350&nid=416635908&page=3', 'body': '', 'score': 1715}, {'title': '수주확신  ?[2]', 'date': '2026.04.02 17:25', 'views': '405', 'likes': '27', 'dislikes': '8', 'link': '/item/board_read.naver?code=064350&nid=416644513&page=2', 'body': '', 'score': 1215}, {'title': '방산주 상승 배경[1]', 'date': '2026.04.02 15:53', 'views': '560', 'likes': '27', 'dislikes': '6', 'link': '/item/board_read.naver?code=064350&nid=416636541&page=3', 'body': '', 'score': 1370}, {'title': '애증의 현대로템', 'date': '2026.04.02 18:16', 'views': '509', 'likes': '26', 'dislikes': '2', 'link': '/item/board_read.naver?code=064350&nid=416648197&page=2', 'body': '', 'score': 1289}, {'title': '무역보험공사 루마니아에 1.5조원 차관 제공.[1]', 'date': '2026.04.02 17:30', 'views': '538', 'likes': '26', 'dislikes': '7', 'link': '/item/board_read.naver?code=064350&nid=416644864&page=2', 'body': '', 'score': 1318}, {'title': '낼 반도체 죽고 방산만 개급등할듯', 'date': '2026.04.02 17:59', 'views': '260', 'likes': '25', 'dislikes': '3', 'link': '/item/board_read.naver?code=064350&nid=416647007&page=2', 'body': '', 'score': 1010}, {'title': '시장이 오해하고 있는 걸로 보임', 'date': '2026.04.02 11:03', 'views': '393', 'likes': '25', 'dislikes': '2', 'link': '/item/board_read.naver?code=064350&nid=416584379&page=7', 'body': '', 'score': 1143}, {'title': '흠~  제이피모건![2]', 'date': '2026.04.02 19:17', 'views': '458', 'likes': '24', 'dislikes': '2', 'link': '/item/board_read.naver?code=064350&nid=416652312&page=1', 'body': '', 'score': 1178}]",9.2 (Strategy Advisor),064350
파이버프로,23550,+6.32%,1.31,112,5.13%,KOSDAQ,22150,3.82%,파이버프로[1] / 골드만 새끼들 오늘 왜 사냐?[1] / * 15% 이상 추가 익절 [파이버프로][8] / 칭찬해..신랑은 안판다!!나는 팔자 ...,Positive (57%),"제2의, 칭찬해, 신랑은, 나는, 팔자",3,"[{'title': '파이버프로[1]', 'date': '2026.04.02 15:41', 'views': '194', 'likes': '8', 'dislikes': '1', 'link': '/item/board_read.naver?code=368770&nid=416634953&page=1', 'body': '', 'score': 434}, {'title': '이거 제2의 삼성전자다', 'date': '2026.04.02 13:56', 'views': '67', 'likes': '7', 'dislikes': '6', 'link': '/item/board_read.naver?code=368770&nid=416613613&page=2', 'body': '', 'score': 277}, {'title': '칭찬해..신랑은 안판다!!나는 팔자 ...', 'date': '2026.04.02 15:32', 'views': '145', 'likes': '6', 'dislikes': '2', 'link': '/item/board_read.naver?code=368770&nid=416633475&page=1', 'body': '', 'score': 325}, {'title': '지금은 관망시기여..', 'date': '2026.04.02 14:15', 'views': '41', 'likes': '6', 'dislikes': '1', 'link': '/item/board_read.naver?code=368770&nid=416616412&page=2', 'body': '', 'score': 221}, {'title': '* 15% 이상 추가 익절 [파이버프로][8]', 'date': '2026.04.02 13:10', 'views': '146', 'likes': '6', 'dislikes': '8', 'link': '/item/board_read.naver?code=368770&nid=416607077&page=3', 'body': '', 'score': 326}, {'title': '골드만 새끼들 오늘 왜 사냐?[1]', 'date': '2026.04.02 14:23', 'views': '184', 'likes': '5', 'dislikes': '1', 'link': '/item/board_read.naver?code=368770&nid=416617615&page=2', 'body': '', 'score': 334}, {'title': '반도체 소부장주 슈퍼을 ASML이 있다면  우...', 'date': '2026.04.02 10:00', 'views': '47', 'likes': '5', 'dislikes': '1', 'link': '/item/board_read.naver?code=368770&nid=416568135&page=5', 'body': '', 'score': 197}, {'title': '먼가', 'date': '2026.04.02 14:25', 'views': '50', 'likes': '4', 'dislikes': '1', 'link': '/item/board_read.naver?code=368770&nid=416617903&page=2', 'body': '', 'score': 170}, {'title': 'vi에 팔고[2]', 'date': '2026.04.02 13:54', 'views': '110', 'likes': '4', 'dislikes': '1', 'link': '/item/board_read.naver?code=368770&nid=416613283&page=3', 'body': '', 'score': 230}, {'title': '전재산 투입 준비중', 'date': '2026.04.02 09:09', 'views': '59', 'likes': '4', 'dislikes': '2', 'link': '/item/board_read.naver?code=368770&nid=416557074&page=6', 'body': '', 'score': 179}]",9.2 (Strategy Advisor),368770
한화에어로스페이스,1417000,+6.30%,0.13,176,45.06%,KOSPI,1333000,44.93%,미국과 한국 전세계에 아르테미스 2호 발...[1] / 방산주 한화에어로 기대된다 / 목표가 까지 아직  멀었다.[2] / 가보자 전쟁이 우리가났나보다,Positive (63%),"전쟁이, 방산주, 트럼프왈, 각자도생, 가보자",1,"[{'title': '방산주 한화에어로 기대된다', 'date': '2026.04.02 18:44', 'views': '201', 'likes': '18', 'dislikes': '1', 'link': '/item/board_read.naver?code=012450&nid=416650183&page=1', 'body': '', 'score': 741}, {'title': '트럼프왈 각자도생', 'date': '2026.04.02 16:35', 'views': '82', 'likes': '18', 'dislikes': '1', 'link': '/item/board_read.naver?code=012450&nid=416640413&page=2', 'body': '', 'score': 622}, {'title': '가보자 전쟁이 우리가났나보다', 'date': '2026.04.02 12:07', 'views': '87', 'likes': '18', 'dislikes': '2', 'link': '/item/board_read.naver?code=012450&nid=416597711&page=4', 'body': '', 'score': 627}, {'title': '미국과 한국 전세계에 아르테미스 2호 발...[1]', 'date': '2026.04.02 15:49', 'views': '400', 'likes': '17', 'dislikes': '0', 'link': '/item/board_read.naver?code=012450&nid=416635981&page=2', 'body': '', 'score': 910}, {'title': '전쟁이 끝나든 말든, 한화에어로는 간다', 'date': '2026.04.02 18:21', 'views': '67', 'likes': '15', 'dislikes': '0', 'link': '/item/board_read.naver?code=012450&nid=416648587&page=2', 'body': '', 'score': 517}, {'title': '낼은 상가자', 'date': '2026.04.02 16:24', 'views': '91', 'likes': '15', 'dislikes': '1', 'link': '/item/board_read.naver?code=012450&nid=416639532&page=2', 'body': '', 'score': 541}, {'title': '목표가 까지 아직  멀었다.[2]', 'date': '2026.04.02 14:08', 'views': '246', 'likes': '15', 'dislikes': '3', 'link': '/item/board_read.naver?code=012450&nid=416615224&page=3', 'body': '', 'score': 696}, {'title': '개인들 팔지말고 그냥 있어라', 'date': '2026.04.02 09:10', 'views': '58', 'likes': '15', 'dislikes': '0', 'link': '/item/board_read.naver?code=012450&nid=416557504&page=8', 'body': '', 'score': 508}, {'title': '천궁.천무 수주 최 대박중', 'date': '2026.04.02 15:35', 'views': '157', 'likes': '14', 'dislikes': '2', 'link': '/item/board_read.naver?code=012450&nid=416633968&page=2', 'body': '', 'score': 577}, {'title': '막판 지수가 100포인트 추가로 빠지는데', 'date': '2026.04.02 14:59', 'views': '81', 'likes': '13', 'dislikes': '0', 'link': '/item/board_read.naver?code=012450&nid=416626583&page=3', 'body': '', 'score': 471}]",9.2 (Strategy Advisor),012450
넥스틸,12290,+5.95%,-0.75,515,1.54%,KOSPI,11600,2.29%,"특허공시 분석합니다 - 얘 개잡주 아닙니다 장투...[1] / 걸프국, 새 송유관 검토... 30조 규모[2] / 내일 8시 수급대장주 / 상한가 가나요[1]",Negative (51%),"특허공시, 개잡주, 장투, 8시, 수급대장주",1,"[{'title': '특허공시 분석합니다 - 얘 개잡주 아닙니다 장투...[1]', 'date': '2026.04.02 18:54', 'views': '181', 'likes': '11', 'dislikes': '1', 'link': '/item/board_read.naver?code=092790&nid=416650848&page=6', 'body': '', 'score': 511}, {'title': '상한가 가나요[1]', 'date': '2026.04.02 18:23', 'views': '93', 'likes': '11', 'dislikes': '1', 'link': '/item/board_read.naver?code=092790&nid=416648729&page=9', 'body': '', 'score': 423}, {'title': '내일 8시 수급대장주', 'date': '2026.04.02 20:06', 'views': '147', 'likes': '10', 'dislikes': '3', 'link': '/item/board_read.naver?code=092790&nid=416655884&page=2', 'body': '', 'score': 447}, {'title': '이야 미국 특허 공시머냐 설마 넥장 상만들고[1]', 'date': '2026.04.02 17:23', 'views': '97', 'likes': '10', 'dislikes': '0', 'link': '/item/board_read.naver?code=092790&nid=416644361&page=17', 'body': '', 'score': 397}, {'title': '질문 있는데요', 'date': '2026.04.02 17:22', 'views': '27', 'likes': '10', 'dislikes': '2', 'link': '/item/board_read.naver?code=092790&nid=416644255&page=17', 'body': '', 'score': 327}, {'title': '오늘 1억 박았어요', 'date': '2026.04.02 19:13', 'views': '30', 'likes': '9', 'dislikes': '2', 'link': '/item/board_read.naver?code=092790&nid=416652037&page=5', 'body': '', 'score': 300}, {'title': '쎈데', 'date': '2026.04.02 18:58', 'views': '13', 'likes': '9', 'dislikes': '2', 'link': '/item/board_read.naver?code=092790&nid=416651092&page=6', 'body': '', 'score': 283}, {'title': '원유 천연가스 수송능력확대 강관 특허권 취득 ...[2]', 'date': '2026.04.02 17:11', 'views': '67', 'likes': '9', 'dislikes': '0', 'link': '/item/board_read.naver?code=092790&nid=416643315&page=18', 'body': '', 'score': 337}, {'title': '걸프국, 새 송유관 검토... 30조 규모[2]', 'date': '2026.04.02 20:19', 'views': '211', 'likes': '8', 'dislikes': '1', 'link': '/item/board_read.naver?code=092790&nid=416656666&page=1', 'body': '', 'score': 451}, {'title': '상 안보내는 이유', 'date': '2026.04.02 19:30', 'views': '39', 'likes': '8', 'dislikes': '0', 'link': '/item/board_read.naver?code=092790&nid=416653278&page=4', 'body': '', 'score': 279}]",9.2 (Strategy Advisor),092790
포스코인터내셔널,79500,+5.02%,-0.1,236,6.82%,KOSPI,75700,6.92%,매동 분석 들어간다[1] / 내일은 미국 휴장이라[1] / 정신적 피해보상까지 20만원 되도 안판다[2] / 포스코인터내셔널의 시세폭발 시기,Positive (52%),"매동, 정신적, 피해보상까지, 20만원, 되도",1,"[{'title': '매동 분석 들어간다[1]', 'date': '2026.04.02 16:14', 'views': '423', 'likes': '25', 'dislikes': '3', 'link': '/item/board_read.naver?code=047050&nid=416638565&page=3', 'body': '', 'score': 1173}, {'title': '정신적 피해보상까지 20만원 되도 안판다[2]', 'date': '2026.04.02 14:24', 'views': '126', 'likes': '13', 'dislikes': '3', 'link': '/item/board_read.naver?code=047050&nid=416617744&page=6', 'body': '', 'score': 516}, {'title': '단기 12만 중기기 20만 장기 40만', 'date': '2026.04.02 14:16', 'views': '82', 'likes': '13', 'dislikes': '5', 'link': '/item/board_read.naver?code=047050&nid=416616477&page=6', 'body': '', 'score': 472}, {'title': '유가 8.3%  급등 중..', 'date': '2026.04.02 20:15', 'views': '58', 'likes': '12', 'dislikes': '3', 'link': '/item/board_read.naver?code=047050&nid=416656488&page=1', 'body': '', 'score': 418}, {'title': '포스코인터내셔널 50만원 기원[1]', 'date': '2026.04.02 14:06', 'views': '55', 'likes': '12', 'dislikes': '6', 'link': '/item/board_read.naver?code=047050&nid=416614965&page=7', 'body': '', 'score': 415}, {'title': '와 우... 이런 폭락장에 빨간색~~~ 굿..', 'date': '2026.04.02 15:04', 'views': '58', 'likes': '11', 'dislikes': '1', 'link': '/item/board_read.naver?code=047050&nid=416628050&page=5', 'body': '', 'score': 388}, {'title': '신한 이것들은 정말 국장의 암적 존재![2]', 'date': '2026.04.02 14:42', 'views': '90', 'likes': '11', 'dislikes': '1', 'link': '/item/board_read.naver?code=047050&nid=416622226&page=5', 'body': '', 'score': 420}, {'title': '크게 가겠다', 'date': '2026.04.02 11:58', 'views': '47', 'likes': '11', 'dislikes': '5', 'link': '/item/board_read.naver?code=047050&nid=416596293&page=8', 'body': '', 'score': 377}, {'title': '포스코인터내셔널의 시세폭발 시기', 'date': '2026.04.02 17:18', 'views': '189', 'likes': '10', 'dislikes': '1', 'link': '/item/board_read.naver?code=047050&nid=416643942&page=3', 'body': '', 'score': 489}, {'title': '내일은 미국 휴장이라[1]', 'date': '2026.04.02 16:50', 'views': '244', 'likes': '10', 'dislikes': '3', 'link': '/item/board_read.naver?code=047050&nid=416641647&page=3', 'body': '', 'score': 544}]",9.2 (Strategy Advisor),047050
애경케미칼,15200,+4.76%,0.16,232,0.16%,KOSPI,14510,0.00%,아니 투경이면 뭐 어쩔건데 ㅋㅋㅋㅋㅋ / 상치고 거래정지 먹으면서 가자 / 18440넘겨 투경맞자 / 최고의 종목이다,Positive (75%),"아니, 투경이면, 어쩔건데, 상치고, 거래정지",1,"[{'title': '아니 투경이면 뭐 어쩔건데 ㅋㅋㅋㅋㅋ', 'date': '2026.04.02 19:55', 'views': '80', 'likes': '12', 'dislikes': '0', 'link': '/item/board_read.naver?code=161000&nid=416655137&page=1', 'body': '', 'score': 440}, {'title': '상치고 거래정지 먹으면서 가자', 'date': '2026.04.02 15:38', 'views': '56', 'likes': '12', 'dislikes': '0', 'link': '/item/board_read.naver?code=161000&nid=416634488&page=4', 'body': '', 'score': 416}, {'title': '18440넘겨 투경맞자', 'date': '2026.04.02 14:51', 'views': '48', 'likes': '10', 'dislikes': '0', 'link': '/item/board_read.naver?code=161000&nid=416624224&page=5', 'body': '', 'score': 348}, {'title': '최고의 종목이다', 'date': '2026.04.02 11:14', 'views': '66', 'likes': '9', 'dislikes': '1', 'link': '/item/board_read.naver?code=161000&nid=416586980&page=8', 'body': '', 'score': 336}, {'title': 'ㆍㆍ', 'date': '2026.04.02 13:36', 'views': '71', 'likes': '8', 'dislikes': '0', 'link': '/item/board_read.naver?code=161000&nid=416610648&page=6', 'body': '', 'score': 311}, {'title': '오늘은', 'date': '2026.04.02 08:13', 'views': '33', 'likes': '8', 'dislikes': '1', 'link': '/item/board_read.naver?code=161000&nid=416550198&page=12', 'body': '', 'score': 273}, {'title': '투자 경고 먹는다고 하한가를 가길 하겠냐 멀 하...', 'date': '2026.04.02 15:32', 'views': '57', 'likes': '7', 'dislikes': '0', 'link': '/item/board_read.naver?code=161000&nid=416633499&page=4', 'body': '', 'score': 267}, {'title': '갈만한게 얘밖에 안보임[1]', 'date': '2026.04.02 11:28', 'views': '123', 'likes': '7', 'dislikes': '1', 'link': '/item/board_read.naver?code=161000&nid=416590086&page=7', 'body': '', 'score': 333}, {'title': '새로운 챕터가 시작중', 'date': '2026.04.02 10:58', 'views': '57', 'likes': '7', 'dislikes': '0', 'link': '/item/board_read.naver?code=161000&nid=416583176&page=8', 'body': '', 'score': 267}, {'title': '버틴것만해도감사하다[2]', 'date': '2026.04.02 18:04', 'views': '103', 'likes': '6', 'dislikes': '1', 'link': '/item/board_read.naver?code=161000&nid=416647399&page=2', 'body': '', 'score': 283}]",9.2 (Strategy Advisor),161000
한일단조,2940,+4.07%,-3.28,117,2.70%,KOSDAQ,2825,5.98%,미사일 재고가 바닥[1] / 오늘로써 확실해진 한일단조의 동향[2] / 내일 모레 없어질 동전주들도 시총 1천억대인...[1] / 외국인 오늘 110만주 털었네..[2],Positive (72%),"미사일, 재고가, 바닥, 오늘로써, 확실해진",1,"[{'title': '미사일 재고가 바닥[1]', 'date': '2026.04.02 09:48', 'views': '96', 'likes': '10', 'dislikes': '2', 'link': '/item/board_read.naver?code=024740&nid=416565986&page=6', 'body': '', 'score': 396}, {'title': '오늘로써 확실해진 한일단조의 동향[2]', 'date': '2026.04.02 15:01', 'views': '86', 'likes': '9', 'dislikes': '0', 'link': '/item/board_read.naver?code=024740&nid=416627129&page=2', 'body': '', 'score': 356}, {'title': '내일 모레 없어질 동전주들도 시총 1천억대인...[1]', 'date': '2026.04.02 09:36', 'views': '52', 'likes': '6', 'dislikes': '1', 'link': '/item/board_read.naver?code=024740&nid=416563586&page=6', 'body': '', 'score': 232}, {'title': '외국인 오늘 110만주 털었네..[2]', 'date': '2026.04.02 16:14', 'views': '92', 'likes': '4', 'dislikes': '0', 'link': '/item/board_read.naver?code=024740&nid=416638585&page=1', 'body': '', 'score': 212}, {'title': '이게 안간다고?', 'date': '2026.04.02 10:47', 'views': '22', 'likes': '4', 'dislikes': '0', 'link': '/item/board_read.naver?code=024740&nid=416580399&page=4', 'body': '', 'score': 142}, {'title': '개미털기이다 믿으라 상한가다', 'date': '2026.04.02 10:37', 'views': '23', 'likes': '4', 'dislikes': '4', 'link': '/item/board_read.naver?code=024740&nid=416577396&page=4', 'body': '', 'score': 143}, {'title': '트럼프가 더 폭격하겠단다', 'date': '2026.04.02 10:22', 'views': '16', 'likes': '4', 'dislikes': '0', 'link': '/item/board_read.naver?code=024740&nid=416572618&page=5', 'body': '', 'score': 136}, {'title': '절대 매수금지', 'date': '2026.04.02 09:34', 'views': '24', 'likes': '4', 'dislikes': '2', 'link': '/item/board_read.naver?code=024740&nid=416563090&page=6', 'body': '', 'score': 144}, {'title': '상한가 같은소리 하고[1]', 'date': '2026.04.02 09:31', 'views': '50', 'likes': '4', 'dislikes': '1', 'link': '/item/board_read.naver?code=024740&nid=416562491&page=6', 'body': '', 'score': 170}, {'title': '나는 분명히 말했다 상한가다', 'date': '2026.04.02 09:14', 'views': '46', 'likes': '4', 'dislikes': '4', 'link': '/item/board_read.naver?code=024740&nid=416558331&page=6', 'body': '', 'score': 166}]",9.2 (Strategy Advisor),024740
쏠리드,15070,+3.43%,1.44,136,13.93%,KOSDAQ,14570,12.49%,내일 신고가 돌파하겠네요[2] / 장마감 단일가[1] / 기사떴다[2] / 14500언 2000주 보윤데[5],Mixed,"신고가, 뚜러뻥만, 아니었으면, 장마감, 단일가",7,"[{'title': '내일 신고가 돌파하겠네요[2]', 'date': '2026.04.02 16:50', 'views': '247', 'likes': '15', 'dislikes': '5', 'link': '/item/board_read.naver?code=050890&nid=416641675&page=1', 'body': '', 'score': 697}, {'title': '뚜러뻥만 아니었으면[1]', 'date': '2026.04.02 17:16', 'views': '132', 'likes': '11', 'dislikes': '3', 'link': '/item/board_read.naver?code=050890&nid=416643781&page=1', 'body': '', 'score': 462}, {'title': '장마감 단일가[1]', 'date': '2026.04.02 15:31', 'views': '363', 'likes': '10', 'dislikes': '4', 'link': '/item/board_read.naver?code=050890&nid=416633385&page=1', 'body': '', 'score': 663}, {'title': '기사떴다[2]', 'date': '2026.04.02 11:17', 'views': '246', 'likes': '9', 'dislikes': '1', 'link': '/item/board_read.naver?code=050890&nid=416587589&page=3', 'body': '', 'score': 516}, {'title': '여러분 이제 오를거에요[1]', 'date': '2026.04.02 09:46', 'views': '80', 'likes': '9', 'dislikes': '1', 'link': '/item/board_read.naver?code=050890&nid=416565743&page=5', 'body': '', 'score': 350}, {'title': '징하다. 15000원은 평생 안착 못할듯', 'date': '2026.04.02 13:08', 'views': '52', 'likes': '8', 'dislikes': '1', 'link': '/item/board_read.naver?code=050890&nid=416606824&page=2', 'body': '', 'score': 292}, {'title': '금욜의 저주 좀 풀어라', 'date': '2026.04.02 16:44', 'views': '86', 'likes': '7', 'dislikes': '1', 'link': '/item/board_read.naver?code=050890&nid=416641195&page=1', 'body': '', 'score': 296}, {'title': '14500언 2000주 보윤데[5]', 'date': '2026.04.02 15:52', 'views': '282', 'likes': '7', 'dislikes': '2', 'link': '/item/board_read.naver?code=050890&nid=416636363&page=1', 'body': '', 'score': 492}, {'title': '일단', 'date': '2026.04.02 13:30', 'views': '91', 'likes': '7', 'dislikes': '2', 'link': '/item/board_read.naver?code=050890&nid=416609897&page=2', 'body': '', 'score': 301}, {'title': '아 니미 팔아말아', 'date': '2026.04.02 13:13', 'views': '82', 'likes': '7', 'dislikes': '1', 'link': '/item/board_read.naver?code=050890&nid=416607559&page=2', 'body': '', 'score': 292}]",9.2 (Strategy Advisor),050890
대성에너지,9640,+2.34%,-1.27,109,0.00%,KOSPI,9420,1.27%,주포귀엽네. .[1] / 넌 뭐하냐? / 주가 올리고 싶어도 못올려[1] / 공매들아 상식적으로 생각하자 판사람이 여기서 기웃...,Positive (70%),"주포귀엽네, 뭐하냐, 공매들아, 상식적으로, 생각하자",1,"[{'title': '주포귀엽네. .[1]', 'date': '2026.04.02 17:35', 'views': '181', 'likes': '10', 'dislikes': '0', 'link': '/item/board_read.naver?code=117580&nid=416645258&page=1', 'body': '', 'score': 481}, {'title': '넌 뭐하냐?', 'date': '2026.04.02 13:24', 'views': '26', 'likes': '10', 'dislikes': '0', 'link': '/item/board_read.naver?code=117580&nid=416608995&page=2', 'body': '', 'score': 326}, {'title': '공매들아 상식적으로 생각하자 판사람이 여기서 기웃...', 'date': '2026.04.02 16:36', 'views': '46', 'likes': '7', 'dislikes': '0', 'link': '/item/board_read.naver?code=117580&nid=416640505&page=1', 'body': '', 'score': 256}, {'title': '여기 세력성님', 'date': '2026.04.02 12:44', 'views': '21', 'likes': '7', 'dislikes': '0', 'link': '/item/board_read.naver?code=117580&nid=416603045&page=2', 'body': '', 'score': 231}, {'title': '주가 올리고 싶어도 못올려[1]', 'date': '2026.04.02 17:52', 'views': '121', 'likes': '6', 'dislikes': '2', 'link': '/item/board_read.naver?code=117580&nid=416646506&page=1', 'body': '', 'score': 301}, {'title': '와 어찌 이러냐', 'date': '2026.04.02 16:54', 'views': '32', 'likes': '6', 'dislikes': '0', 'link': '/item/board_read.naver?code=117580&nid=416641972&page=1', 'body': '', 'score': 212}, {'title': '오늘 빌빌거리던게아니라. .', 'date': '2026.04.02 16:23', 'views': '54', 'likes': '6', 'dislikes': '0', 'link': '/item/board_read.naver?code=117580&nid=416639385&page=1', 'body': '', 'score': 234}, {'title': '가스는 수급이 가능해서[1]', 'date': '2026.04.02 15:05', 'views': '73', 'likes': '6', 'dislikes': '0', 'link': '/item/board_read.naver?code=117580&nid=416628300&page=2', 'body': '', 'score': 253}, {'title': '흥아팔고', 'date': '2026.04.02 15:02', 'views': '20', 'likes': '6', 'dislikes': '0', 'link': '/item/board_read.naver?code=117580&nid=416627493&page=2', 'body': '', 'score': 200}, {'title': '미 에너지주 폭등', 'date': '2026.04.02 20:16', 'views': '21', 'likes': '5', 'dislikes': '0', 'link': '/item/board_read.naver?code=117580&nid=416656547&page=1', 'body': '', 'score': 171}]",9.2 (Strategy Advisor),117580
교보20호스팩,2020,+1.00%,0.0,739,0.32%,KOSDAQ,2000,,상갈줄알고[7] / 기가차네ㅠ[3] / 시&@@[3] / 솔직히 7000원이상[1],Negative (54%),"300프로, 솔직히, 7000원이상, 상갈줄알고, 기가차네",1,"[{'title': '솔직히 7000원이상[1]', 'date': '2026.04.02 15:31', 'views': '50', 'likes': '12', 'dislikes': '2', 'link': '/item/board_read.naver?code=0132G0&nid=416633457&page=5', 'body': '', 'score': 410}, {'title': '상갈줄알고[7]', 'date': '2026.04.02 14:40', 'views': '629', 'likes': '12', 'dislikes': '7', 'link': '/item/board_read.naver?code=0132G0&nid=416621507&page=10', 'body': '', 'score': 989}, {'title': '기가차네ㅠ[3]', 'date': '2026.04.02 15:52', 'views': '195', 'likes': '11', 'dislikes': '0', 'link': '/item/board_read.naver?code=0132G0&nid=416636397&page=4', 'body': '', 'score': 525}, {'title': '시&@@[3]', 'date': '2026.04.02 15:24', 'views': '221', 'likes': '9', 'dislikes': '0', 'link': '/item/board_read.naver?code=0132G0&nid=416632367&page=6', 'body': '', 'score': 491}, {'title': '300프로 갈수있잔아요 주포형 전쟁나서 갈때없다', 'date': '2026.04.02 11:57', 'views': '20', 'likes': '6', 'dislikes': '0', 'link': '/item/board_read.naver?code=0132G0&nid=416596016&page=28', 'body': '', 'score': 200}, {'title': '3천마넌이 9백마넌되는[2]', 'date': '2026.04.02 15:31', 'views': '167', 'likes': '5', 'dislikes': '0', 'link': '/item/board_read.naver?code=0132G0&nid=416633366&page=5', 'body': '', 'score': 317}, {'title': '300프로', 'date': '2026.04.02 11:56', 'views': '16', 'likes': '5', 'dislikes': '0', 'link': '/item/board_read.naver?code=0132G0&nid=416595962&page=28', 'body': '', 'score': 166}, {'title': '10시전에 끝나는 스팩주는 또 처음이멩', 'date': '2026.04.02 09:26', 'views': '12', 'likes': '5', 'dislikes': '0', 'link': '/item/board_read.naver?code=0132G0&nid=416561254&page=35', 'body': '', 'score': 162}, {'title': '불가사의', 'date': '2026.04.02 18:56', 'views': '44', 'likes': '4', 'dislikes': '2', 'link': '/item/board_read.naver?code=0132G0&nid=416650977&page=1', 'body': '', 'score': 164}, {'title': '하오 -70%', 'date': '2026.04.02 16:43', 'views': '70', 'likes': '4', 'dislikes': '2', 'link': '/item/board_read.naver?code=0132G0&nid=416641068&page=2', 'body': '', 'score': 190}]",9.2 (Strategy Advisor),0132G0
조일알미늄,1401,+0.14%,-1.22,138,0.92%,KOSPI,1399,2.14%,남선알미늄살걸[2] / 고맙다 더샀닼ㅋㅋㅋㅋㅋㅋ[1] / 가장 큰 문제는[2] / 애들아,Positive (60%),"더샀닼, 남선, 조막손, 잘못했음, 가장",1,"[{'title': '남선알미늄살걸[2]', 'date': '2026.04.02 15:47', 'views': '116', 'likes': '7', 'dislikes': '1', 'link': '/item/board_read.naver?code=018470&nid=416635731&page=1', 'body': '', 'score': 326}, {'title': '고맙다 더샀닼ㅋㅋㅋㅋㅋㅋ[1]', 'date': '2026.04.02 12:08', 'views': '73', 'likes': '6', 'dislikes': '3', 'link': '/item/board_read.naver?code=018470&nid=416597800&page=4', 'body': '', 'score': 253}, {'title': '조일아 남선 힘 딸린단다', 'date': '2026.04.02 11:28', 'views': '25', 'likes': '6', 'dislikes': '1', 'link': '/item/board_read.naver?code=018470&nid=416590285&page=4', 'body': '', 'score': 205}, {'title': '조일 조막손[1]', 'date': '2026.04.02 16:57', 'views': '32', 'likes': '5', 'dislikes': '0', 'link': '/item/board_read.naver?code=018470&nid=416642170&page=1', 'body': '', 'score': 182}, {'title': '잘못했음', 'date': '2026.04.02 15:46', 'views': '29', 'likes': '5', 'dislikes': '1', 'link': '/item/board_read.naver?code=018470&nid=416635610&page=1', 'body': '', 'score': 179}, {'title': '가장 큰 문제는[2]', 'date': '2026.04.02 15:40', 'views': '74', 'likes': '5', 'dislikes': '1', 'link': '/item/board_read.naver?code=018470&nid=416634727&page=1', 'body': '', 'score': 224}, {'title': '애들아', 'date': '2026.04.02 14:36', 'views': '60', 'likes': '5', 'dislikes': '2', 'link': '/item/board_read.naver?code=018470&nid=416620532&page=2', 'body': '', 'score': 210}, {'title': '4년째 속는중', 'date': '2026.04.02 14:06', 'views': '22', 'likes': '5', 'dislikes': '0', 'link': '/item/board_read.naver?code=018470&nid=416614992&page=2', 'body': '', 'score': 172}, {'title': '이거 갑자기 마10간다', 'date': '2026.04.02 14:02', 'views': '38', 'likes': '5', 'dislikes': '0', 'link': '/item/board_read.naver?code=018470&nid=416614371&page=2', 'body': '', 'score': 188}, {'title': '이정도로 끝날까', 'date': '2026.04.02 12:26', 'views': '33', 'likes': '5', 'dislikes': '1', 'link': '/item/board_read.naver?code=018470&nid=416600451&page=3', 'body': '', 'score': 183}]",9.2 (Strategy Advisor),018470
삼성중공업,26900,-0.37%,-0.11,331,32.95%,KOSPI,27000,33.06%,블랙록 / 섬성중공업을 보며 문득 느껴지는 모습 / 본전왔다고 던지면 / 연기금이 오늘도 미친듯이 들어왔네요[1],Negative (61%),"블랙록, 본전왔다고, 던지면, 보며, 문득",1,"[{'title': '블랙록', 'date': '2026.04.02 17:33', 'views': '182', 'likes': '25', 'dislikes': '1', 'link': '/item/board_read.naver?code=010140&nid=416645097&page=2', 'body': '', 'score': 932}, {'title': '본전왔다고 던지면', 'date': '2026.04.02 08:14', 'views': '80', 'likes': '24', 'dislikes': '0', 'link': '/item/board_read.naver?code=010140&nid=416550269&page=16', 'body': '', 'score': 800}, {'title': '섬성중공업을 보며 문득 느껴지는 모습', 'date': '2026.04.02 17:36', 'views': '201', 'likes': '20', 'dislikes': '1', 'link': '/item/board_read.naver?code=010140&nid=416645335&page=2', 'body': '', 'score': 801}, {'title': '28500', 'date': '2026.04.02 08:13', 'views': '66', 'likes': '18', 'dislikes': '0', 'link': '/item/board_read.naver?code=010140&nid=416550167&page=16', 'body': '', 'score': 606}, {'title': '지수 보합만 나와도 날아가겠네.', 'date': '2026.04.02 16:39', 'views': '138', 'likes': '17', 'dislikes': '0', 'link': '/item/board_read.naver?code=010140&nid=416640793&page=3', 'body': '', 'score': 648}, {'title': '연기금이 오늘도 미친듯이 들어왔네요[1]', 'date': '2026.04.02 15:54', 'views': '237', 'likes': '17', 'dislikes': '0', 'link': '/item/board_read.naver?code=010140&nid=416636650&page=4', 'body': '', 'score': 747}, {'title': '오늘', 'date': '2026.04.02 15:36', 'views': '66', 'likes': '17', 'dislikes': '0', 'link': '/item/board_read.naver?code=010140&nid=416634236&page=4', 'body': '', 'score': 576}, {'title': ""이재명 대통령, 전한길 '원유 북한행' 가짜뉴스 ...[1]"", 'date': '2026.04.02 15:12', 'views': '138', 'likes': '17', 'dislikes': '9', 'link': '/item/board_read.naver?code=010140&nid=416629852&page=4', 'body': '', 'score': 648}, {'title': '삼만 뚫으면', 'date': '2026.04.02 08:40', 'views': '84', 'likes': '17', 'dislikes': '1', 'link': '/item/board_read.naver?code=010140&nid=416553010&page=15', 'body': '', 'score': 594}, {'title': '29000은 갔을텐데[1]', 'date': '2026.04.02 16:03', 'views': '150', 'likes': '16', 'dislikes': '1', 'link': '/item/board_read.naver?code=010140&nid=416637506&page=4', 'body': '', 'score': 630}]",9.2 (Strategy Advisor),010140
LG디스플레이,11180,-1.93%,0.07,112,26.75%,KOSPI,11400,26.68%,"오늘 산사람 천재[3] / LG디스플레이, LCD 가격 담합 후폭풍...[2] / LGD주가로 다른 종목들 등락을 예로...[1] / 이재명각하께서 집팔아서 매수하라했습니...[2]",Positive (53%),"다른, 종목들, 등락을, 예로, 산사람",2,"[{'title': 'LGD주가로 다른 종목들 등락을 예로...[1]', 'date': '2026.04.02 13:51', 'views': '117', 'likes': '10', 'dislikes': '0', 'link': '/item/board_read.naver?code=034220&nid=416612840&page=2', 'body': '', 'score': 417}, {'title': '오늘 산사람 천재[3]', 'date': '2026.04.02 16:01', 'views': '231', 'likes': '9', 'dislikes': '4', 'link': '/item/board_read.naver?code=034220&nid=416637331&page=1', 'body': '', 'score': 501}, {'title': '오늘도 공매도가 판을 쳤구나!', 'date': '2026.04.02 17:31', 'views': '54', 'likes': '6', 'dislikes': '1', 'link': '/item/board_read.naver?code=034220&nid=416644936&page=1', 'body': '', 'score': 234}, {'title': '이란 석기시대 보다 여기가 석기될듯', 'date': '2026.04.02 17:01', 'views': '30', 'likes': '6', 'dislikes': '1', 'link': '/item/board_read.naver?code=034220&nid=416642528&page=1', 'body': '', 'score': 210}, {'title': '일단 자진 상폐신고 먼저 하고, 기업 청...', 'date': '2026.04.02 15:46', 'views': '39', 'likes': '6', 'dislikes': '0', 'link': '/item/board_read.naver?code=034220&nid=416635684&page=1', 'body': '', 'score': 219}, {'title': '이재명각하께서 집팔아서 매수하라했습니...[2]', 'date': '2026.04.02 13:57', 'views': '65', 'likes': '6', 'dislikes': '13', 'link': '/item/board_read.naver?code=034220&nid=416613641&page=2', 'body': '', 'score': 245}, {'title': '어쩐지 올라가드라', 'date': '2026.04.02 11:07', 'views': '28', 'likes': '6', 'dislikes': '2', 'link': '/item/board_read.naver?code=034220&nid=416585330&page=3', 'body': '', 'score': 208}, {'title': 'Lg 디플이[1]', 'date': '2026.04.02 10:54', 'views': '39', 'likes': '6', 'dislikes': '0', 'link': '/item/board_read.naver?code=034220&nid=416582349&page=4', 'body': '', 'score': 219}, {'title': '내이럴줄알고', 'date': '2026.04.02 10:20', 'views': '26', 'likes': '6', 'dislikes': '0', 'link': '/item/board_read.naver?code=034220&nid=416572329&page=4', 'body': '', 'score': 206}, {'title': 'LG디스플레이, LCD 가격 담합 후폭풍...[2]', 'date': '2026.04.02 16:27', 'views': '302', 'likes': '5', 'dislikes': '5', 'link': '/item/board_read.naver?code=034220&nid=416639708&page=1', 'body': '', 'score': 452}]",9.2 (Strategy Advisor),034220
휴림로봇,10800,-2.88%,-0.53,103,7.53%,KOSDAQ,11120,8.06%,금융감독원에 신고 할라고[1] / 주식담보 해제 / 내일 / 누가좀 몽둥이로[2],Mixed,"주식담보, 해제, 누가좀, 몽둥이로, 금융감독원에",1,"[{'title': '내일', 'date': '2026.04.02 15:05', 'views': '136', 'likes': '15', 'dislikes': '4', 'link': '/item/board_read.naver?code=090710&nid=416628418&page=2', 'body': '', 'score': 586}, {'title': '주식담보 해제', 'date': '2026.04.02 17:38', 'views': '255', 'likes': '12', 'dislikes': '1', 'link': '/item/board_read.naver?code=090710&nid=416645475&page=1', 'body': '', 'score': 615}, {'title': '누가좀 몽둥이로[2]', 'date': '2026.04.02 14:58', 'views': '115', 'likes': '12', 'dislikes': '1', 'link': '/item/board_read.naver?code=090710&nid=416626236&page=2', 'body': '', 'score': 475}, {'title': '금융감독원에 신고 할라고[1]', 'date': '2026.04.02 17:50', 'views': '640', 'likes': '11', 'dislikes': '8', 'link': '/item/board_read.naver?code=090710&nid=416646386&page=1', 'body': '', 'score': 970}, {'title': '후#', 'date': '2026.04.02 18:18', 'views': '80', 'likes': '10', 'dislikes': '0', 'link': '/item/board_read.naver?code=090710&nid=416648342&page=1', 'body': '', 'score': 380}, {'title': '트렁크', 'date': '2026.04.02 14:18', 'views': '53', 'likes': '10', 'dislikes': '1', 'link': '/item/board_read.naver?code=090710&nid=416616888&page=2', 'body': '', 'score': 353}, {'title': '오늘', 'date': '2026.04.02 12:44', 'views': '49', 'likes': '10', 'dislikes': '0', 'link': '/item/board_read.naver?code=090710&nid=416603053&page=3', 'body': '', 'score': 349}, {'title': '오늘공시는', 'date': '2026.04.02 19:12', 'views': '69', 'likes': '9', 'dislikes': '0', 'link': '/item/board_read.naver?code=090710&nid=416651995&page=1', 'body': '', 'score': 339}, {'title': '신한', 'date': '2026.04.02 14:09', 'views': '48', 'likes': '9', 'dislikes': '0', 'link': '/item/board_read.naver?code=090710&nid=416615467&page=2', 'body': '', 'score': 318}, {'title': 'ㅠㅠ', 'date': '2026.04.02 12:39', 'views': '34', 'likes': '9', 'dislikes': '0', 'link': '/item/board_read.naver?code=090710&nid=416602169&page=3', 'body': '', 'score': 304}]",9.2 (Strategy Advisor),090710
대한해운,2330,-3.52%,-1.63,339,7.52%,KOSPI,2415,9.15%,"대한해운[1] / 대한해운 공시 보니까 주가 못 가는 이유중 하나...[1] / 아! 이제 알았네, / 청와대 신문고. 신고완료. 프로그램대람사기거래",Negative (55%),"가는, 이제, 알았네, 청와대, 신문고",1,"[{'title': '대한해운[1]', 'date': '2026.04.02 19:38', 'views': '61', 'likes': '14', 'dislikes': '0', 'link': '/item/board_read.naver?code=005880&nid=416653923&page=1', 'body': '', 'score': 481}, {'title': '아! 이제 알았네,', 'date': '2026.04.02 13:35', 'views': '61', 'likes': '11', 'dislikes': '0', 'link': '/item/board_read.naver?code=005880&nid=416610540&page=8', 'body': '', 'score': 391}, {'title': '청와대 신문고. 신고완료. 프로그램대람사기거래', 'date': '2026.04.02 16:20', 'views': '29', 'likes': '10', 'dislikes': '0', 'link': '/item/board_read.naver?code=005880&nid=416639084&page=3', 'body': '', 'score': 329}, {'title': '대한해운 공시 보니까 주가 못 가는 이유중 하나...[1]', 'date': '2026.04.02 14:48', 'views': '108', 'likes': '10', 'dislikes': '0', 'link': '/item/board_read.naver?code=005880&nid=416623616&page=6', 'body': '', 'score': 408}, {'title': '이런 거', 'date': '2026.04.02 18:12', 'views': '29', 'likes': '8', 'dislikes': '0', 'link': '/item/board_read.naver?code=005880&nid=416647931&page=1', 'body': '', 'score': 269}, {'title': '프로그램매매사기건입니다', 'date': '2026.04.02 16:26', 'views': '19', 'likes': '8', 'dislikes': '0', 'link': '/item/board_read.naver?code=005880&nid=416639649&page=3', 'body': '', 'score': 259}, {'title': '햐', 'date': '2026.04.02 15:36', 'views': '27', 'likes': '8', 'dislikes': '0', 'link': '/item/board_read.naver?code=005880&nid=416634171&page=4', 'body': '', 'score': 267}, {'title': '대주주가 주가누르기를 하고 있는 것이 아닌지 꼭...', 'date': '2026.04.02 14:30', 'views': '43', 'likes': '8', 'dislikes': '1', 'link': '/item/board_read.naver?code=005880&nid=416619032&page=7', 'body': '', 'score': 283}, {'title': '주가 누르기 한판승이네 ㅋㅋㅋ[1]', 'date': '2026.04.02 12:19', 'views': '73', 'likes': '7', 'dislikes': '0', 'link': '/item/board_read.naver?code=005880&nid=416599402&page=9', 'body': '', 'score': 283}, {'title': '가는 말에 올라타라가', 'date': '2026.04.02 12:02', 'views': '27', 'likes': '7', 'dislikes': '0', 'link': '/item/board_read.naver?code=005880&nid=416596909&page=10', 'body': '', 'score': 237}]",9.2 (Strategy Advisor),005880
한온시스템,3760,-4.45%,-0.04,126,6.82%,KOSPI,3935,6.86%,한앤코 케이카 엑시트!!! / 유보율이  3000%나  되는데  배당도 안주고... / 삼전은 13프로 오르고 6퍼 빠짐[1] / 손절하고 삼전 갈아탓습니다[1],Negative (57%),"유보율이, 되는데, 배당도, 안주고, 한앤코",1,"[{'title': '유보율이  3000%나  되는데  배당도 안주고...', 'date': '2026.04.02 17:31', 'views': '102', 'likes': '10', 'dislikes': '2', 'link': '/item/board_read.naver?code=018880&nid=416644957&page=1', 'body': '', 'score': 402}, {'title': '한앤코 케이카 엑시트!!!', 'date': '2026.04.02 12:20', 'views': '141', 'likes': '10', 'dislikes': '4', 'link': '/item/board_read.naver?code=018880&nid=416599635&page=3', 'body': '', 'score': 441}, {'title': '삼전은 13프로 오르고 6퍼 빠짐[1]', 'date': '2026.04.02 11:51', 'views': '92', 'likes': '9', 'dislikes': '11', 'link': '/item/board_read.naver?code=018880&nid=416595069&page=3', 'body': '', 'score': 362}, {'title': '손절하고 삼전 갈아탓습니다[1]', 'date': '2026.04.02 15:19', 'views': '90', 'likes': '8', 'dislikes': '1', 'link': '/item/board_read.naver?code=018880&nid=416631282&page=2', 'body': '', 'score': 330}, {'title': '미국늙은이 ㄷ?지는게', 'date': '2026.04.02 14:01', 'views': '27', 'likes': '8', 'dislikes': '2', 'link': '/item/board_read.naver?code=018880&nid=416614342&page=3', 'body': '', 'score': 267}, {'title': '실적 컨센서스만 믿으세요!!!', 'date': '2026.04.02 11:41', 'views': '72', 'likes': '8', 'dislikes': '7', 'link': '/item/board_read.naver?code=018880&nid=416593196&page=4', 'body': '', 'score': 312}, {'title': '신용도 잡았고 급등 나오는 자리!!![1]', 'date': '2026.04.02 09:32', 'views': '89', 'likes': '8', 'dislikes': '2', 'link': '/item/board_read.naver?code=018880&nid=416562550&page=5', 'body': '', 'score': 329}, {'title': '지수 선물의 영향일 뿐!!!', 'date': '2026.04.02 10:11', 'views': '53', 'likes': '7', 'dislikes': '4', 'link': '/item/board_read.naver?code=018880&nid=416570202&page=5', 'body': '', 'score': 263}, {'title': '버티세요, 전쟁 끝나면 4000원 갑니다!', 'date': '2026.04.02 16:48', 'views': '41', 'likes': '6', 'dislikes': '8', 'link': '/item/board_read.naver?code=018880&nid=416641506&page=1', 'body': '', 'score': 221}, {'title': '3200오면 매수 작전 들어갑니다', 'date': '2026.04.02 16:24', 'views': '40', 'likes': '6', 'dislikes': '8', 'link': '/item/board_read.naver?code=018880&nid=416639485&page=1', 'body': '', 'score': 220}]",9.2 (Strategy Advisor),018880
케이뱅크,5790,-4.77%,-0.07,193,0.12%,KOSPI,6080,0.19%,상장은 왜 했을까?[2] / 마이너스 / 일단 정부정책및  민원  동시에 넣었다.. / 1년동안 빠지기만 할 주식[2],Negative (64%),"상장은, 마이너스, 일단, 정부정책및, 민원",9,"[{'title': '상장은 왜 했을까?[2]', 'date': '2026.04.02 15:00', 'views': '179', 'likes': '12', 'dislikes': '0', 'link': '/item/board_read.naver?code=279570&nid=416626885&page=2', 'body': '', 'score': 539}, {'title': '마이너스', 'date': '2026.04.02 15:03', 'views': '59', 'likes': '11', 'dislikes': '0', 'link': '/item/board_read.naver?code=279570&nid=416627878&page=2', 'body': '', 'score': 389}, {'title': '일단 정부정책및  민원  동시에 넣었다..', 'date': '2026.04.02 10:09', 'views': '46', 'likes': '11', 'dislikes': '0', 'link': '/item/board_read.naver?code=279570&nid=416569825&page=9', 'body': '', 'score': 376}, {'title': '10 브 랄', 'date': '2026.04.02 15:26', 'views': '50', 'likes': '10', 'dislikes': '0', 'link': '/item/board_read.naver?code=279570&nid=416632697&page=2', 'body': '', 'score': 350}, {'title': '공모주10주받고', 'date': '2026.04.02 13:34', 'views': '64', 'likes': '8', 'dislikes': '0', 'link': '/item/board_read.naver?code=279570&nid=416610434&page=4', 'body': '', 'score': 304}, {'title': '근본적 해결 방식은 은산분리법 가장 확실[1]', 'date': '2026.04.02 09:58', 'views': '66', 'likes': '8', 'dislikes': '0', 'link': '/item/board_read.naver?code=279570&nid=416567923&page=9', 'body': '', 'score': 306}, {'title': '상장일포함', 'date': '2026.04.02 15:32', 'views': '81', 'likes': '7', 'dislikes': '0', 'link': '/item/board_read.naver?code=279570&nid=416633598&page=2', 'body': '', 'score': 291}, {'title': '와 사기주', 'date': '2026.04.02 10:34', 'views': '21', 'likes': '7', 'dislikes': '0', 'link': '/item/board_read.naver?code=279570&nid=416576680&page=8', 'body': '', 'score': 231}, {'title': '국민의짐 종목답게 더 내려..', 'date': '2026.04.02 17:56', 'views': '91', 'likes': '6', 'dislikes': '2', 'link': '/item/board_read.naver?code=279570&nid=416646792&page=1', 'body': '', 'score': 271}, {'title': '1년동안 빠지기만 할 주식[2]', 'date': '2026.04.02 16:50', 'views': '195', 'likes': '6', 'dislikes': '2', 'link': '/item/board_read.naver?code=279570&nid=416641619&page=1', 'body': '', 'score': 375}]",9.2 (Strategy Advisor),279570
리센스메디컬,22700,-5.22%,1.56,294,2.71%,KOSDAQ,23950,1.15%,그냥 FDA 승인도 아니고 FDA 드 노보 승...[3] / 하루만에 800  날렸다[2] / 큐리옥스바이오시스템즈같네 / 시장규모가 어마 어마 하군,Positive (53%),"FDA, 어마, 승인도, 아니고, 노보",1,"[{'title': '그냥 FDA 승인도 아니고 FDA 드 노보 승...[3]', 'date': '2026.04.02 08:13', 'views': '207', 'likes': '9', 'dislikes': '1', 'link': '/item/board_read.naver?code=394420&nid=416550212&page=15', 'body': '', 'score': 477}, {'title': '닥악치고 매수', 'date': '2026.04.02 09:27', 'views': '33', 'likes': '8', 'dislikes': '0', 'link': '/item/board_read.naver?code=394420&nid=416561479&page=13', 'body': '', 'score': 273}, {'title': '3만 1100원', 'date': '2026.04.02 08:43', 'views': '39', 'likes': '8', 'dislikes': '0', 'link': '/item/board_read.naver?code=394420&nid=416553275&page=15', 'body': '', 'score': 279}, {'title': '시장규모가 어마 어마 하군', 'date': '2026.04.02 12:35', 'views': '86', 'likes': '7', 'dislikes': '0', 'link': '/item/board_read.naver?code=394420&nid=416601709&page=8', 'body': '', 'score': 296}, {'title': '제2의 로킷헬스케어라고했습니다[1]', 'date': '2026.04.02 12:22', 'views': '83', 'likes': '7', 'dislikes': '0', 'link': '/item/board_read.naver?code=394420&nid=416599957&page=9', 'body': '', 'score': 293}, {'title': '엥!', 'date': '2026.04.02 17:40', 'views': '57', 'likes': '6', 'dislikes': '1', 'link': '/item/board_read.naver?code=394420&nid=416645656&page=1', 'body': '', 'score': 237}, {'title': '오늘 조정 잘했네', 'date': '2026.04.02 16:24', 'views': '40', 'likes': '6', 'dislikes': '1', 'link': '/item/board_read.naver?code=394420&nid=416639511&page=2', 'body': '', 'score': 220}, {'title': '하루만에 800  날렸다[2]', 'date': '2026.04.02 16:05', 'views': '130', 'likes': '6', 'dislikes': '1', 'link': '/item/board_read.naver?code=394420&nid=416637689&page=2', 'body': '', 'score': 310}, {'title': '큐리옥스바이오시스템즈같네', 'date': '2026.04.02 12:44', 'views': '123', 'likes': '6', 'dislikes': '1', 'link': '/item/board_read.naver?code=394420&nid=416602921&page=8', 'body': '', 'score': 303}, {'title': '😚 초품절주!!!', 'date': '2026.04.02 12:39', 'views': '70', 'likes': '6', 'dislikes': '0', 'link': '/item/board_read.naver?code=394420&nid=416602306&page=8', 'body': '', 'score': 250}]",9.2 (Strategy Advisor),394420
삼성전자,178400,-5.91%,-0.02,800,48.41%,KOSPI,189600,48.43%,오늘 트럼프가 미장 끝나고[2] / 이번 전쟁은 이란 승이다[2] / 환율 1400원 때 대통령 사퇴하라던[3] / 100억 불개미[5],Positive (53%),"보수가, 빨간색이고, 좌파가, 파란색인지, 환율",20,"[{'title': '환율 1400원 때 대통령 사퇴하라던[3]', 'date': '2026.04.02 20:49', 'views': '39', 'likes': '19', 'dislikes': '3', 'link': '/item/board_read.naver?code=005930&nid=416658310&page=7', 'body': '', 'score': 609}, {'title': '이번 전쟁은 이란 승이다[2]', 'date': '2026.04.02 20:12', 'views': '90', 'likes': '18', 'dislikes': '1', 'link': '/item/board_read.naver?code=005930&nid=416656279&page=18', 'body': '', 'score': 630}, {'title': '오늘 트럼프가 미장 끝나고[2]', 'date': '2026.04.02 20:27', 'views': '224', 'likes': '17', 'dislikes': '1', 'link': '/item/board_read.naver?code=005930&nid=416657162&page=13', 'body': '', 'score': 734}, {'title': '한미 전작권[2]', 'date': '2026.04.02 20:02', 'views': '44', 'likes': '14', 'dislikes': '9', 'link': '/item/board_read.naver?code=005930&nid=416655687&page=22', 'body': '', 'score': 464}, {'title': '전쟁등 대형악재후에', 'date': '2026.04.02 19:49', 'views': '32', 'likes': '14', 'dislikes': '0', 'link': '/item/board_read.naver?code=005930&nid=416654653&page=29', 'body': '', 'score': 452}, {'title': '내일 코스피 아비규환 날듯[2]', 'date': '2026.04.02 20:48', 'views': '114', 'likes': '12', 'dislikes': '2', 'link': '/item/board_read.naver?code=005930&nid=416658246&page=7', 'body': '', 'score': 474}, {'title': '왜 보수가 빨간색이고 좌파가 파란색인지 ...[7]', 'date': '2026.04.02 20:28', 'views': '95', 'likes': '12', 'dislikes': '14', 'link': '/item/board_read.naver?code=005930&nid=416657199&page=12', 'body': '', 'score': 455}, {'title': '왜 보수가 빨간색이고 좌파가 파란색인지 알겠...[7]', 'date': '2026.04.02 20:28', 'views': '95', 'likes': '12', 'dislikes': '14', 'link': '/item/board_read.naver?code=005930&nid=416657199&page=13', 'body': '', 'score': 455}, {'title': '내일부로 전쟁 끝날때까지 모든 주식 처분...', 'date': '2026.04.02 20:28', 'views': '81', 'likes': '11', 'dislikes': '3', 'link': '/item/board_read.naver?code=005930&nid=416657214&page=12', 'body': '', 'score': 411}, {'title': '100억 불개미[5]', 'date': '2026.04.02 20:16', 'views': '279', 'likes': '11', 'dislikes': '3', 'link': '/item/board_read.naver?code=005930&nid=416656525&page=17', 'body': '', 'score': 609}]",9.2 (Strategy Advisor),005930
두산에너빌리티,93600,-6.02%,-0.01,299,23.97%,KOSPI,99600,23.98%,40대 주부인데요.[8] / 자사주 매입해서 다른 회사는 소각하는데[1] / 1년 6개월만에 털고나갑니디.[1] / 이제까지,Negative (55%),"트럼프, 자사주, 매입해서, 다른, 회사는",1,"[{'title': '자사주 매입해서 다른 회사는 소각하는데[1]', 'date': '2026.04.02 15:24', 'views': '191', 'likes': '20', 'dislikes': '1', 'link': '/item/board_read.naver?code=034020&nid=416632331&page=4', 'body': '', 'score': 791}, {'title': '이제까지', 'date': '2026.04.02 17:14', 'views': '80', 'likes': '19', 'dislikes': '1', 'link': '/item/board_read.naver?code=034020&nid=416643625&page=3', 'body': '', 'score': 650}, {'title': '정말[2]', 'date': '2026.04.02 19:18', 'views': '61', 'likes': '16', 'dislikes': '2', 'link': '/item/board_read.naver?code=034020&nid=416652454&page=2', 'body': '', 'score': 541}, {'title': '40대 주부인데요.[8]', 'date': '2026.04.02 16:22', 'views': '429', 'likes': '14', 'dislikes': '36', 'link': '/item/board_read.naver?code=034020&nid=416639309&page=3', 'body': '', 'score': 849}, {'title': '오늘[1]', 'date': '2026.04.02 15:17', 'views': '104', 'likes': '14', 'dislikes': '0', 'link': '/item/board_read.naver?code=034020&nid=416631028&page=4', 'body': '', 'score': 524}, {'title': '1년 6개월만에 털고나갑니디.[1]', 'date': '2026.04.02 19:26', 'views': '339', 'likes': '12', 'dislikes': '6', 'link': '/item/board_read.naver?code=034020&nid=416652993&page=2', 'body': '', 'score': 699}, {'title': '내일은 왠지', 'date': '2026.04.02 16:46', 'views': '126', 'likes': '12', 'dislikes': '4', 'link': '/item/board_read.naver?code=034020&nid=416641345&page=3', 'body': '', 'score': 486}, {'title': '트럼프 왈[2]', 'date': '2026.04.02 13:58', 'views': '215', 'likes': '12', 'dislikes': '0', 'link': '/item/board_read.naver?code=034020&nid=416613866&page=6', 'body': '', 'score': 575}, {'title': '트럼프 숏 잡았나 보다 ㅋㅋ', 'date': '2026.04.02 10:21', 'views': '82', 'likes': '11', 'dislikes': '0', 'link': '/item/board_read.naver?code=034020&nid=416572542&page=12', 'body': '', 'score': 412}, {'title': '어제  매수주체가 기관이라는 것은 이재명의 시장개입...[4]', 'date': '2026.04.02 08:21', 'views': '180', 'likes': '11', 'dislikes': '12', 'link': '/item/board_read.naver?code=034020&nid=416551105&page=14', 'body': '', 'score': 510}]",9.2 (Strategy Advisor),034020
아주IB투자,8780,-6.30%,-0.46,128,0.80%,KOSDAQ,9370,1.26%,낼은 진짜 쏜다 / 오[1] / 스페이스X 상장 신청서 비공개 제출[2] / 오늘은 그냥 다같이 내리는 날인데[2],Positive (60%),"낼은, 다같이, 내리는, 날인데, 스페이스x",1,"[{'title': '오[1]', 'date': '2026.04.02 15:23', 'views': '133', 'likes': '21', 'dislikes': '1', 'link': '/item/board_read.naver?code=027360&nid=416632163&page=1', 'body': '', 'score': 763}, {'title': '낼은 진짜 쏜다', 'date': '2026.04.02 16:07', 'views': '221', 'likes': '19', 'dislikes': '4', 'link': '/item/board_read.naver?code=027360&nid=416637872&page=1', 'body': '', 'score': 791}, {'title': '오늘은 그냥 다같이 내리는 날인데[2]', 'date': '2026.04.02 17:35', 'views': '201', 'likes': '16', 'dislikes': '5', 'link': '/item/board_read.naver?code=027360&nid=416645281&page=1', 'body': '', 'score': 681}, {'title': '스페이스x 관련주 nxt에서 많이 오르네요', 'date': '2026.04.02 08:25', 'views': '83', 'likes': '16', 'dislikes': '1', 'link': '/item/board_read.naver?code=027360&nid=416551420&page=6', 'body': '', 'score': 563}, {'title': '안티들 심리 상태 분석[4]', 'date': '2026.04.02 17:14', 'views': '246', 'likes': '14', 'dislikes': '3', 'link': '/item/board_read.naver?code=027360&nid=416643611&page=1', 'body': '', 'score': 666}, {'title': '스페이스X 상장 신청서 비공개 제출[2]', 'date': '2026.04.02 16:42', 'views': '357', 'likes': '13', 'dislikes': '1', 'link': '/item/board_read.naver?code=027360&nid=416640989&page=1', 'body': '', 'score': 747}, {'title': '★전 세계★공공의 적~~~[3]', 'date': '2026.04.02 13:24', 'views': '195', 'likes': '13', 'dislikes': '2', 'link': '/item/board_read.naver?code=027360&nid=416609079&page=2', 'body': '', 'score': 585}, {'title': '이런 빅호재에도 털린다면', 'date': '2026.04.02 10:00', 'views': '184', 'likes': '13', 'dislikes': '5', 'link': '/item/board_read.naver?code=027360&nid=416568104&page=4', 'body': '', 'score': 574}, {'title': '최소 투자금액  1억달러이상[1]', 'date': '2026.04.02 08:10', 'views': '193', 'likes': '13', 'dislikes': '1', 'link': '/item/board_read.naver?code=027360&nid=416549884&page=7', 'body': '', 'score': 583}, {'title': '아르테미스....[1]', 'date': '2026.04.02 15:18', 'views': '167', 'likes': '12', 'dislikes': '2', 'link': '/item/board_read.naver?code=027360&nid=416631177&page=2', 'body': '', 'score': 527}]",9.2 (Strategy Advisor),027360
우리기술,20650,-6.35%,0.32,254,9.18%,KOSDAQ,22050,8.86%,주가조작범 트럼프 내일이면 또말바꿈[1] / 적당히 좀 해라[2] / 아~띠바 트럼프!!! / 2주간 피말라서[1],Positive (51%),"트럼프, 주가조작범, 내일이면, 또말바꿈, 띠바",10,"[{'title': '주가조작범 트럼프 내일이면 또말바꿈[1]', 'date': '2026.04.02 12:42', 'views': '258', 'likes': '21', 'dislikes': '4', 'link': '/item/board_read.naver?code=032820&nid=416602719&page=5', 'body': '', 'score': 888}, {'title': '아~띠바 트럼프!!!', 'date': '2026.04.02 15:59', 'views': '80', 'likes': '17', 'dislikes': '0', 'link': '/item/board_read.naver?code=032820&nid=416637101&page=2', 'body': '', 'score': 590}, {'title': '미쿡 국민들 머해?[1]', 'date': '2026.04.02 12:02', 'views': '81', 'likes': '15', 'dislikes': '3', 'link': '/item/board_read.naver?code=032820&nid=416596901&page=6', 'body': '', 'score': 531}, {'title': '우리나라', 'date': '2026.04.02 14:46', 'views': '57', 'likes': '14', 'dislikes': '0', 'link': '/item/board_read.naver?code=032820&nid=416623071&page=4', 'body': '', 'score': 477}, {'title': '2주간 피말라서[1]', 'date': '2026.04.02 14:27', 'views': '137', 'likes': '14', 'dislikes': '0', 'link': '/item/board_read.naver?code=032820&nid=416618474&page=5', 'body': '', 'score': 557}, {'title': '적당히 좀 해라[2]', 'date': '2026.04.02 13:47', 'views': '380', 'likes': '13', 'dislikes': '1', 'link': '/item/board_read.naver?code=032820&nid=416612162&page=5', 'body': '', 'score': 770}, {'title': '개 10 같은 국장', 'date': '2026.04.02 12:24', 'views': '79', 'likes': '13', 'dislikes': '2', 'link': '/item/board_read.naver?code=032820&nid=416600212&page=6', 'body': '', 'score': 469}, {'title': '예상대로네[2]', 'date': '2026.04.02 12:41', 'views': '157', 'likes': '12', 'dislikes': '1', 'link': '/item/board_read.naver?code=032820&nid=416602529&page=6', 'body': '', 'score': 517}, {'title': '그냥', 'date': '2026.04.02 08:25', 'views': '85', 'likes': '12', 'dislikes': '1', 'link': '/item/board_read.naver?code=032820&nid=416551519&page=13', 'body': '', 'score': 445}, {'title': '스톡홀름 저인간이 사는건 오래 머물면 안돼[4]', 'date': '2026.04.02 18:10', 'views': '190', 'likes': '11', 'dislikes': '0', 'link': '/item/board_read.naver?code=032820&nid=416647818&page=1', 'body': '', 'score': 520}]",9.2 (Strategy Advisor),032820
SK하이닉스,830000,-7.05%,-0.01,800,52.61%,KOSPI,893000,52.62%,죽겄네. 평단 93만원.[8] / 90만원 넘는거 보고 매수했더니 ㅠㅠ[2] / 내일은 매수사이드카 볼 거 같아요[4] / 트럼프의 농간(시장교란)[2],Negative (58%),"트럼프, 내일은, 죽겄네, 평단, 93만원",2,"[{'title': '죽겄네. 평단 93만원.[8]', 'date': '2026.04.02 16:00', 'views': '437', 'likes': '28', 'dislikes': '29', 'link': '/item/board_read.naver?code=000660&nid=416637249&page=29', 'body': '', 'score': 1277}, {'title': '90만원 넘는거 보고 매수했더니 ㅠㅠ[2]', 'date': '2026.04.02 16:52', 'views': '372', 'likes': '21', 'dislikes': '0', 'link': '/item/board_read.naver?code=000660&nid=416641810&page=25', 'body': '', 'score': 1002}, {'title': '트럼프의 농간(시장교란)[2]', 'date': '2026.04.02 18:24', 'views': '131', 'likes': '19', 'dislikes': '1', 'link': '/item/board_read.naver?code=000660&nid=416648776&page=17', 'body': '', 'score': 701}, {'title': '미국이 세계의 비난을 받는 나라로 전락[1]', 'date': '2026.04.02 16:16', 'views': '90', 'likes': '18', 'dislikes': '3', 'link': '/item/board_read.naver?code=000660&nid=416638746&page=28', 'body': '', 'score': 630}, {'title': '언제까지 트럼프 말한마디에', 'date': '2026.04.02 15:30', 'views': '80', 'likes': '18', 'dislikes': '2', 'link': '/item/board_read.naver?code=000660&nid=416633229&page=34', 'body': '', 'score': 620}, {'title': '내일은 매수사이드카 볼 거 같아요[4]', 'date': '2026.04.02 16:31', 'views': '404', 'likes': '17', 'dislikes': '12', 'link': '/item/board_read.naver?code=000660&nid=416640142&page=27', 'body': '', 'score': 914}, {'title': '자 내일은 홀일까 짝일까[2]', 'date': '2026.04.02 16:00', 'views': '175', 'likes': '17', 'dislikes': '0', 'link': '/item/board_read.naver?code=000660&nid=416637272&page=29', 'body': '', 'score': 685}, {'title': '결국 트럼프+윤석렬이 세계를 망치는구나[1]', 'date': '2026.04.02 20:25', 'views': '57', 'likes': '16', 'dislikes': '17', 'link': '/item/board_read.naver?code=000660&nid=416657052&page=3', 'body': '', 'score': 537}, {'title': '하닉에서 1억 날린 형이다[5]', 'date': '2026.04.02 18:49', 'views': '191', 'likes': '16', 'dislikes': '2', 'link': '/item/board_read.naver?code=000660&nid=416650504&page=16', 'body': '', 'score': 671}, {'title': '누가 도람프좀 치워줘라 진짜[2]', 'date': '2026.04.02 20:04', 'views': '105', 'likes': '15', 'dislikes': '4', 'link': '/item/board_read.naver?code=000660&nid=416655795&page=5', 'body': '', 'score': 555}]",9.2 (Strategy Advisor),000660
BGF에코머티리얼즈,4345,-9.29%,-0.52,131,1.36%,KOSDAQ,4790,1.88%,탈플라스틱 대장주로 날라갈수도..[8] / 오늘로써 전쟁 장기화 가시화[3] / bgf에코 자회사 반도체 소부장 무수불산 국산화...[2] / 주포 최고  내일은 완전 하한가로 부탁해[3],Negative (53%),"탈플라스틱, 대장주로, 날라갈수도, 오늘로써, 전쟁",1,"[{'title': '탈플라스틱 대장주로 날라갈수도..[8]', 'date': '2026.04.02 16:34', 'views': '236', 'likes': '8', 'dislikes': '4', 'link': '/item/board_read.naver?code=126600&nid=416640386&page=1', 'body': '', 'score': 476}, {'title': '오늘로써 전쟁 장기화 가시화[3]', 'date': '2026.04.02 15:51', 'views': '113', 'likes': '5', 'dislikes': '2', 'link': '/item/board_read.naver?code=126600&nid=416636204&page=1', 'body': '', 'score': 263}, {'title': '세림 간다', 'date': '2026.04.02 15:13', 'views': '36', 'likes': '5', 'dislikes': '0', 'link': '/item/board_read.naver?code=126600&nid=416630181&page=1', 'body': '', 'score': 186}, {'title': 'bgf에코 자회사 반도체 소부장 무수불산 국산화...[2]', 'date': '2026.04.02 18:59', 'views': '122', 'likes': '4', 'dislikes': '1', 'link': '/item/board_read.naver?code=126600&nid=416651148&page=1', 'body': '', 'score': 242}, {'title': '주포 최고  내일은 완전 하한가로 부탁해[3]', 'date': '2026.04.02 18:03', 'views': '110', 'likes': '4', 'dislikes': '5', 'link': '/item/board_read.naver?code=126600&nid=416647353&page=1', 'body': '', 'score': 230}, {'title': '진짜 황당하네요', 'date': '2026.04.02 11:38', 'views': '36', 'likes': '4', 'dislikes': '0', 'link': '/item/board_read.naver?code=126600&nid=416592551&page=4', 'body': '', 'score': 156}, {'title': 'Bㅋ큥 Gㅐ잡주 Fㅓㄱ 에ㅋ머티리얼즈', 'date': '2026.04.02 11:30', 'views': '29', 'likes': '4', 'dislikes': '0', 'link': '/item/board_read.naver?code=126600&nid=416590741&page=5', 'body': '', 'score': 149}, {'title': '매물대 정리해봤음..', 'date': '2026.04.02 19:42', 'views': '96', 'likes': '3', 'dislikes': '0', 'link': '/item/board_read.naver?code=126600&nid=416654202&page=1', 'body': '', 'score': 186}, {'title': '시외 서로 팔겠다고 난리네 ㅋㅋㅋㅋㅋㅋㅋㅋㅋㅋㅋ...[3]', 'date': '2026.04.02 17:57', 'views': '108', 'likes': '3', 'dislikes': '3', 'link': '/item/board_read.naver?code=126600&nid=416646877&page=1', 'body': '', 'score': 198}, {'title': '오늘 다 털고 나갔나보군...', 'date': '2026.04.02 16:07', 'views': '39', 'likes': '3', 'dislikes': '0', 'link': '/item/board_read.naver?code=126600&nid=416637884&page=1', 'body': '', 'score': 129}]",9.2 (Strategy Advisor),126600
미래에셋벤처투자,25750,-9.33%,-0.28,115,2.28%,KOSDAQ,28400,2.56%,"SpaceX 지분 소유구조[1] / 아 트럼프 / 6월상장이죠[2] / 미래에셋,,비츠로넥스텍,와이제이링크 (...[4]",Negative (65%),"트럼프, 시장, 해석하기, 순환매, 고점대비",1,"[{'title': '아 트럼프', 'date': '2026.04.02 10:30', 'views': '89', 'likes': '17', 'dislikes': '0', 'link': '/item/board_read.naver?code=100790&nid=416575261&page=4', 'body': '', 'score': 599}, {'title': '진짜 어렵다 시장 해석하기', 'date': '2026.04.02 15:32', 'views': '84', 'likes': '12', 'dislikes': '0', 'link': '/item/board_read.naver?code=100790&nid=416633520&page=1', 'body': '', 'score': 444}, {'title': '오늘은 순환매', 'date': '2026.04.02 08:15', 'views': '50', 'likes': '11', 'dislikes': '1', 'link': '/item/board_read.naver?code=100790&nid=416550412&page=6', 'body': '', 'score': 380}, {'title': '고점대비 20프로 하락이네', 'date': '2026.04.02 15:06', 'views': '67', 'likes': '10', 'dislikes': '1', 'link': '/item/board_read.naver?code=100790&nid=416628581&page=1', 'body': '', 'score': 367}, {'title': '올리면 안되는 이유가 있냐?', 'date': '2026.04.02 09:40', 'views': '82', 'likes': '8', 'dislikes': '1', 'link': '/item/board_read.naver?code=100790&nid=416564304&page=4', 'body': '', 'score': 322}, {'title': '미래에셋,,비츠로넥스텍,와이제이링크 (...[4]', 'date': '2026.04.02 17:31', 'views': '247', 'likes': '7', 'dislikes': '3', 'link': '/item/board_read.naver?code=100790&nid=416644975&page=1', 'body': '', 'score': 457}, {'title': '6월상장이죠[2]', 'date': '2026.04.02 15:04', 'views': '338', 'likes': '7', 'dislikes': '1', 'link': '/item/board_read.naver?code=100790&nid=416627943&page=1', 'body': '', 'score': 548}, {'title': '투자회사종목들은 모조리 단기 단타야~~...', 'date': '2026.04.02 09:44', 'views': '41', 'likes': '7', 'dislikes': '0', 'link': '/item/board_read.naver?code=100790&nid=416565173&page=4', 'body': '', 'score': 251}, {'title': '자칭 주식 전문가란 사람이..........', 'date': '2026.04.02 19:10', 'views': '40', 'likes': '6', 'dislikes': '3', 'link': '/item/board_read.naver?code=100790&nid=416651830&page=1', 'body': '', 'score': 220}, {'title': 'SpaceX 지분 소유구조[1]', 'date': '2026.04.02 14:31', 'views': '482', 'likes': '6', 'dislikes': '0', 'link': '/item/board_read.naver?code=100790&nid=416619264&page=2', 'body': '', 'score': 662}]",9.2 (Strategy Advisor),100790
SK증권,1912,-10.86%,-1.41,114,3.44%,KOSPI,2145,4.85%,SK증권 공매도 대량보유자들.[1] / 오히려 이시국엔 정지가 답이다[1] / 18[3] / 내 생각에도  끝났음.(  병합하고 봅시다...[2],Negative (69%),"공매도, 대량보유자들, 뭐하러, 나가노, 미치광이",9,"[{'title': 'SK증권 공매도 대량보유자들.[1]', 'date': '2026.04.02 16:52', 'views': '457', 'likes': '10', 'dislikes': '2', 'link': '/item/board_read.naver?code=001510&nid=416641780&page=1', 'body': '', 'score': 757}, {'title': 'ㅋㅋㅋ 뭐하러 나가노', 'date': '2026.04.02 09:45', 'views': '55', 'likes': '10', 'dislikes': '0', 'link': '/item/board_read.naver?code=001510&nid=416565392&page=5', 'body': '', 'score': 355}, {'title': '18[3]', 'date': '2026.04.02 17:16', 'views': '288', 'likes': '9', 'dislikes': '5', 'link': '/item/board_read.naver?code=001510&nid=416643751&page=1', 'body': '', 'score': 558}, {'title': '미치광이 하나가 세계 경제를 아작내고 있다', 'date': '2026.04.02 11:42', 'views': '47', 'likes': '9', 'dislikes': '3', 'link': '/item/board_read.naver?code=001510&nid=416593449&page=3', 'body': '', 'score': 317}, {'title': '잠시후 로켓 떠납니다 트럼프연설직전[1]', 'date': '2026.04.02 09:25', 'views': '182', 'likes': '9', 'dislikes': '0', 'link': '/item/board_read.naver?code=001510&nid=416561059&page=6', 'body': '', 'score': 452}, {'title': '오히려 이시국엔 정지가 답이다[1]', 'date': '2026.04.02 16:20', 'views': '340', 'likes': '8', 'dislikes': '4', 'link': '/item/board_read.naver?code=001510&nid=416639109&page=1', 'body': '', 'score': 580}, {'title': '아나 트럼프 ㅋㅋ', 'date': '2026.04.02 10:26', 'views': '78', 'likes': '8', 'dislikes': '0', 'link': '/item/board_read.naver?code=001510&nid=416574201&page=5', 'body': '', 'score': 318}, {'title': '병합전에 물리면 노답', 'date': '2026.04.02 12:25', 'views': '73', 'likes': '7', 'dislikes': '0', 'link': '/item/board_read.naver?code=001510&nid=416600296&page=3', 'body': '', 'score': 283}, {'title': '내 생각에도  끝났음.(  병합하고 봅시다...[2]', 'date': '2026.04.02 12:10', 'views': '300', 'likes': '6', 'dislikes': '2', 'link': '/item/board_read.naver?code=001510&nid=416598076&page=3', 'body': '', 'score': 480}, {'title': '찬티 많운거보니 하락이네 줴줴', 'date': '2026.04.02 08:29', 'views': '54', 'likes': '6', 'dislikes': '1', 'link': '/item/board_read.naver?code=001510&nid=416551867&page=6', 'body': '', 'score': 234}]",9.2 (Strategy Advisor),001510
우리로,7400,-13.75%,-0.69,726,3.84%,KOSDAQ,8580,4.53%,마벨 투자에 독보적 소재 (제미나이)[3] / 내일 상한가 갈듯[4] / 나도 털렸다[1] / 잘들어! 우리로 아직 갈길멀다,Positive (52%),"마벨, 투자에, 독보적, 소재, 제미나이",6,"[{'title': '마벨 투자에 독보적 소재 (제미나이)[3]', 'date': '2026.04.02 15:47', 'views': '532', 'likes': '29', 'dislikes': '3', 'link': '/item/board_read.naver?code=046970&nid=416635696&page=4', 'body': '', 'score': 1402}, {'title': '내일 상한가 갈듯[4]', 'date': '2026.04.02 19:03', 'views': '491', 'likes': '21', 'dislikes': '12', 'link': '/item/board_read.naver?code=046970&nid=416651369&page=1', 'body': '', 'score': 1121}, {'title': '나도 털렸다[1]', 'date': '2026.04.02 18:05', 'views': '588', 'likes': '15', 'dislikes': '3', 'link': '/item/board_read.naver?code=046970&nid=416647435&page=2', 'body': '', 'score': 1038}, {'title': '다음 주부터는', 'date': '2026.04.02 15:27', 'views': '105', 'likes': '15', 'dislikes': '4', 'link': '/item/board_read.naver?code=046970&nid=416632910&page=4', 'body': '', 'score': 555}, {'title': '시간외 상치자[1]', 'date': '2026.04.02 15:27', 'views': '247', 'likes': '15', 'dislikes': '4', 'link': '/item/board_read.naver?code=046970&nid=416632829&page=4', 'body': '', 'score': 697}, {'title': '잘들어! 우리로 아직 갈길멀다', 'date': '2026.04.02 17:43', 'views': '369', 'likes': '13', 'dislikes': '4', 'link': '/item/board_read.naver?code=046970&nid=416645859&page=2', 'body': '', 'score': 759}, {'title': '내일 20프로 하락이다 대조정 시작 무조건 조...', 'date': '2026.04.02 16:48', 'views': '159', 'likes': '13', 'dislikes': '17', 'link': '/item/board_read.naver?code=046970&nid=416641519&page=3', 'body': '', 'score': 549}, {'title': '대광이도', 'date': '2026.04.02 20:32', 'views': '52', 'likes': '12', 'dislikes': '1', 'link': '/item/board_read.naver?code=046970&nid=416657395&page=1', 'body': '', 'score': 412}, {'title': '하루쯤 하락하고싶었는대[1]', 'date': '2026.04.02 20:30', 'views': '131', 'likes': '12', 'dislikes': '1', 'link': '/item/board_read.naver?code=046970&nid=416657306&page=1', 'body': '', 'score': 491}, {'title': '기가레인은  우리로  똘마니여  그넘은[1]', 'date': '2026.04.02 15:27', 'views': '171', 'likes': '12', 'dislikes': '2', 'link': '/item/board_read.naver?code=046970&nid=416632790&page=4', 'body': '', 'score': 531}]",9.2 (Strategy Advisor),046970
대우건설,16440,-15.39%,-2.01,800,9.70%,KOSPI,19430,11.71%,■최대 피해자는 나다[11] / ■김밥-세력이 어떻게[17] / ■오늘하루만 180억 손해봐따[16] / 공매도 과열 지정 확정[2],Negative (67%),"공매도, 지정, 최대, 피해자는, 김밥",10,"[{'title': '■최대 피해자는 나다[11]', 'date': '2026.04.02 15:24', 'views': '588', 'likes': '40', 'dislikes': '9', 'link': '/item/board_read.naver?code=047040&nid=416632312&page=8', 'body': '', 'score': 1788}, {'title': '■김밥-세력이 어떻게[17]', 'date': '2026.04.02 10:22', 'views': '636', 'likes': '37', 'dislikes': '10', 'link': '/item/board_read.naver?code=047040&nid=416572604&page=39', 'body': '', 'score': 1746}, {'title': '■마니도 파네-온지. 얼마안되서[2]', 'date': '2026.04.02 14:07', 'views': '312', 'likes': '34', 'dislikes': '3', 'link': '/item/board_read.naver?code=047040&nid=416615141&page=15', 'body': '', 'score': 1332}, {'title': '■오늘하루만 180억 손해봐따[16]', 'date': '2026.04.02 15:27', 'views': '673', 'likes': '33', 'dislikes': '8', 'link': '/item/board_read.naver?code=047040&nid=416632797&page=8', 'body': '', 'score': 1663}, {'title': '■닥 대구리야[4]', 'date': '2026.04.02 14:27', 'views': '402', 'likes': '31', 'dislikes': '5', 'link': '/item/board_read.naver?code=047040&nid=416618409&page=13', 'body': '', 'score': 1332}, {'title': '공매도 과열 지정 확정[2]', 'date': '2026.04.02 17:32', 'views': '646', 'likes': '30', 'dislikes': '5', 'link': '/item/board_read.naver?code=047040&nid=416645028&page=4', 'body': '', 'score': 1546}, {'title': '공시) 대우건설 공매도 과열종목 지정...', 'date': '2026.04.02 20:05', 'views': '129', 'likes': '28', 'dislikes': '2', 'link': '/item/board_read.naver?code=047040&nid=416655873&page=2', 'body': '', 'score': 969}, {'title': '바다건너 한 노인 그 노욕의 끝은..[5]', 'date': '2026.04.02 18:25', 'views': '285', 'likes': '28', 'dislikes': '1', 'link': '/item/board_read.naver?code=047040&nid=416648868&page=3', 'body': '', 'score': 1125}, {'title': '트럼프 지옥에나 떨어져라', 'date': '2026.04.02 16:25', 'views': '98', 'likes': '26', 'dislikes': '1', 'link': '/item/board_read.naver?code=047040&nid=416639557&page=5', 'body': '', 'score': 878}, {'title': '520만주 공매도...너무 하다..이게 사실이냐', 'date': '2026.04.02 16:53', 'views': '512', 'likes': '24', 'dislikes': '1', 'link': '/item/board_read.naver?code=047040&nid=416641924&page=5', 'body': '', 'score': 1232}]",9.2 (Strategy Advisor),047040
