종목명,현재가,등락률,외인변화,당일_게시글수,현재_외국인비중,시장구분,어제_종가,어제_외국인비중,게시물_요약,감정분석,Top_Keyword,연속_등록,latest_posts,scraper_version,code
인벤테라,35250,+112.35%,0.0,800,0.48%,KOSDAQ,16599,,상 갈줄 알고 존버해서 망했으면 개추[4] / 역시 안되는구나.[3] / 이 종목 씨게 물렸으면[3] / 인벤테라 3연상 가잣!!,Negative (56%),"갈줄, 알고, 존버해서, 망했으면, 개추",2,"[{'title': '상 갈줄 알고 존버해서 망했으면 개추[4]', 'date': '2026.04.02 15:29', 'views': '627', 'likes': '47', 'dislikes': '2', 'link': '/item/board_read.naver?code=0007J0&nid=416633198&page=12', 'body': '', 'score': 2037}, {'title': '이 종목 씨게 물렸으면[3]', 'date': '2026.04.02 18:09', 'views': '295', 'likes': '22', 'dislikes': '2', 'link': '/item/board_read.naver?code=0007J0&nid=416647701&page=4', 'body': '', 'score': 955}, {'title': '-100이상 손실중이면', 'date': '2026.04.02 15:37', 'views': '72', 'likes': '21', 'dislikes': '1', 'link': '/item/board_read.naver?code=0007J0&nid=416634362&page=11', 'body': '', 'score': 702}, {'title': '인벤테라 3연상 가잣!!', 'date': '2026.04.02 20:58', 'views': '274', 'likes': '18', 'dislikes': '2', 'link': '/item/board_read.naver?code=0007J0&nid=416658776&page=2', 'body': '', 'score': 814}, {'title': '6층형들 있음[2]', 'date': '2026.04.02 15:36', 'views': '188', 'likes': '17', 'dislikes': '0', 'link': '/item/board_read.naver?code=0007J0&nid=416634261&page=11', 'body': '', 'score': 698}, {'title': '역시 안되는구나.[3]', 'date': '2026.04.02 17:33', 'views': '614', 'likes': '15', 'dislikes': '4', 'link': '/item/board_read.naver?code=0007J0&nid=416645098&page=5', 'body': '', 'score': 1064}, {'title': '상승장에 뛰어 들어서 쳐물렸는데[1]', 'date': '2026.04.02 17:25', 'views': '231', 'likes': '15', 'dislikes': '4', 'link': '/item/board_read.naver?code=0007J0&nid=416644484&page=5', 'body': '', 'score': 681}, {'title': '내일 상 못가면 한달동안 풀만뜯어먹어야지', 'date': '2026.04.02 16:07', 'views': '83', 'likes': '15', 'dislikes': '0', 'link': '/item/board_read.naver?code=0007J0&nid=416637870&page=10', 'body': '', 'score': 533}, {'title': '의무보호확약이 많아서', 'date': '2026.04.02 15:37', 'views': '89', 'likes': '15', 'dislikes': '0', 'link': '/item/board_read.naver?code=0007J0&nid=416634278&page=11', 'body': '', 'score': 539}, {'title': '흠 낼 뭔가 쩜상 나올거같은데', 'date': '2026.04.02 17:36', 'views': '291', 'likes': '14', 'dislikes': '2', 'link': '/item/board_read.naver?code=0007J0&nid=416645321&page=5', 'body': '', 'score': 711}]",9.2 (Strategy Advisor),0007J0
이노인스트루먼트,1211,+29.94%,0.08,79,10.96%,KOSDAQ,932,10.88%,"아직도 시총 488억.이노인스트루먼트 분석[1] / 이노인스트루먼트, 이거 보물선인데 개미들 눈...[2] / 이제 시작했는데 뭘 지금 팔아[1] / 알루미늄 테마 유일한 우선주!!",Mixed,"아직도, 시총, 488억, 보물선인데, 개미들",1,"[{'title': '아직도 시총 488억.이노인스트루먼트 분석[1]', 'date': '2026.04.02 21:38', 'views': '157', 'likes': '15', 'dislikes': '1', 'link': '/item/board_read.naver?code=215790&nid=416660722&page=1', 'body': '', 'score': 607}, {'title': '이노인스트루먼트, 이거 보물선인데 개미들 눈...[2]', 'date': '2026.04.02 21:58', 'views': '202', 'likes': '10', 'dislikes': '2', 'link': '/item/board_read.naver?code=215790&nid=416661732&page=1', 'body': '', 'score': 502}, {'title': '세력이냐 주포냐...크게 가자', 'date': '2026.04.02 15:21', 'views': '51', 'likes': '10', 'dislikes': '2', 'link': '/item/board_read.naver?code=215790&nid=416631670&page=1', 'body': '', 'score': 351}, {'title': '앞 매물대 다 뚫었네.', 'date': '2026.04.02 15:20', 'views': '61', 'likes': '10', 'dislikes': '2', 'link': '/item/board_read.naver?code=215790&nid=416631566&page=2', 'body': '', 'score': 361}, {'title': '이제 시작했는데 뭘 지금 팔아[1]', 'date': '2026.04.02 09:19', 'views': '74', 'likes': '10', 'dislikes': '1', 'link': '/item/board_read.naver?code=215790&nid=416559566&page=4', 'body': '', 'score': 374}, {'title': '오천원[2]', 'date': '2026.04.02 15:20', 'views': '94', 'likes': '9', 'dislikes': '1', 'link': '/item/board_read.naver?code=215790&nid=416631554&page=2', 'body': '', 'score': 364}, {'title': '알루미늄 테마 유일한 우선주!!', 'date': '2026.04.02 16:53', 'views': '162', 'likes': '7', 'dislikes': '1', 'link': '/item/board_read.naver?code=215790&nid=416641868&page=1', 'body': '', 'score': 372}, {'title': '대장 등극 이노인스트루먼트', 'date': '2026.04.02 15:40', 'views': '96', 'likes': '7', 'dislikes': '1', 'link': '/item/board_read.naver?code=215790&nid=416634732&page=1', 'body': '', 'score': 306}, {'title': '광관련 토탈 종목은 요놈뿐[1]', 'date': '2026.04.02 14:45', 'views': '99', 'likes': '7', 'dislikes': '2', 'link': '/item/board_read.naver?code=215790&nid=416622877&page=2', 'body': '', 'score': 309}, {'title': '광통신 세력들[1]', 'date': '2026.04.02 15:23', 'views': '132', 'likes': '6', 'dislikes': '1', 'link': '/item/board_read.naver?code=215790&nid=416632202&page=1', 'body': '', 'score': 312}]",9.2 (Strategy Advisor),215790
휴비스,3625,+29.93%,-0.11,77,2.08%,KOSPI,2790,2.19%,"낼 쩜상 인가요?? 못 사나요? 상한가 매수 ...[3] / 휴비스, 세계 최초 석유 60% 절감 ...[2] / 친환경 믿고 기다린 보람이란 너무 뿌듯...[6] / 휴비스 앞으로 2000억 넘는기사",Positive (78%),"세계, 최초, 석유, 절감, 쩜상",1,"[{'title': '휴비스, 세계 최초 석유 60% 절감 ...[2]', 'date': '2026.04.02 11:23', 'views': '471', 'likes': '15', 'dislikes': '2', 'link': '/item/board_read.naver?code=079980&nid=416589143&page=4', 'body': '', 'score': 921}, {'title': '낼 쩜상 인가요?? 못 사나요? 상한가 매수 ...[3]', 'date': '2026.04.02 17:12', 'views': '560', 'likes': '14', 'dislikes': '2', 'link': '/item/board_read.naver?code=079980&nid=416643397&page=1', 'body': '', 'score': 980}, {'title': '친환경 믿고 기다린 보람이란 너무 뿌듯...[6]', 'date': '2026.04.02 11:34', 'views': '362', 'likes': '11', 'dislikes': '2', 'link': '/item/board_read.naver?code=079980&nid=416591584&page=4', 'body': '', 'score': 692}, {'title': '휴비스 앞으로 2000억 넘는기사', 'date': '2026.04.02 17:04', 'views': '276', 'likes': '10', 'dislikes': '2', 'link': '/item/board_read.naver?code=079980&nid=416642784&page=1', 'body': '', 'score': 576}, {'title': '상잔량 왜 줄었나 봤더니', 'date': '2026.04.02 15:48', 'views': '189', 'likes': '10', 'dislikes': '3', 'link': '/item/board_read.naver?code=079980&nid=416635870&page=2', 'body': '', 'score': 489}, {'title': '3연상 가즈아', 'date': '2026.04.02 12:11', 'views': '50', 'likes': '9', 'dislikes': '2', 'link': '/item/board_read.naver?code=079980&nid=416598305&page=3', 'body': '', 'score': 320}, {'title': '만년 적자회사[3]', 'date': '2026.04.02 20:45', 'views': '147', 'likes': '7', 'dislikes': '1', 'link': '/item/board_read.naver?code=079980&nid=416658090&page=1', 'body': '', 'score': 357}, {'title': '휴비스가 총 대장이네요.', 'date': '2026.04.02 15:29', 'views': '109', 'likes': '7', 'dislikes': '1', 'link': '/item/board_read.naver?code=079980&nid=416633169&page=2', 'body': '', 'score': 319}, {'title': '휴지[1]', 'date': '2026.04.02 21:28', 'views': '112', 'likes': '6', 'dislikes': '2', 'link': '/item/board_read.naver?code=079980&nid=416660258&page=1', 'body': '', 'score': 292}, {'title': '호르무즈 봉쇄, 알루미늄 가격 폭등!!', 'date': '2026.04.02 16:49', 'views': '132', 'likes': '6', 'dislikes': '1', 'link': '/item/board_read.naver?code=079980&nid=416641570&page=1', 'body': '', 'score': 312}]",9.2 (Strategy Advisor),079980
계양전기우,9030,+29.93%,-0.15,91,0.82%,KOSPI,6950,0.97%,형이다~~[2] / 이번엔 얘가 텐배거네.[1] / 미국장 장전거래 봐라 !![2] / 증시 불안할땐 우선주에서 황제주 탄생한다,Negative (60%),"보아하니, 7방짜리네, 증시, 불안할땐, 우선주에서",1,"[{'title': '형이다~~[2]', 'date': '2026.04.02 17:43', 'views': '261', 'likes': '13', 'dislikes': '4', 'link': '/item/board_read.naver?code=012205&nid=416645819&page=1', 'body': '', 'score': 651}, {'title': '보아하니 상 7방짜리네', 'date': '2026.04.02 11:48', 'views': '66', 'likes': '12', 'dislikes': '6', 'link': '/item/board_read.naver?code=012205&nid=416594494&page=3', 'body': '', 'score': 426}, {'title': '증시 불안할땐 우선주에서 황제주 탄생한다', 'date': '2026.04.02 11:50', 'views': '151', 'likes': '11', 'dislikes': '3', 'link': '/item/board_read.naver?code=012205&nid=416594911&page=2', 'body': '', 'score': 481}, {'title': '이번엔 얘가 텐배거네.[1]', 'date': '2026.04.02 12:18', 'views': '235', 'likes': '10', 'dislikes': '5', 'link': '/item/board_read.naver?code=012205&nid=416599275&page=2', 'body': '', 'score': 535}, {'title': '미국장 장전거래 봐라 !![2]', 'date': '2026.04.02 19:32', 'views': '217', 'likes': '9', 'dislikes': '2', 'link': '/item/board_read.naver?code=012205&nid=416653438&page=1', 'body': '', 'score': 487}, {'title': '로봇주들 다시 올라가네요', 'date': '2026.04.02 18:17', 'views': '74', 'likes': '8', 'dislikes': '1', 'link': '/item/board_read.naver?code=012205&nid=416648322&page=1', 'body': '', 'score': 314}, {'title': '상 계속 깨지길래 팔까하다가 몇번을 참았는데 잘...', 'date': '2026.04.02 15:39', 'views': '82', 'likes': '8', 'dislikes': '1', 'link': '/item/board_read.naver?code=012205&nid=416634720&page=1', 'body': '', 'score': 322}, {'title': '털려서 기분 뭐 같네', 'date': '2026.04.02 15:27', 'views': '62', 'likes': '8', 'dislikes': '1', 'link': '/item/board_read.naver?code=012205&nid=416632765&page=2', 'body': '', 'score': 302}, {'title': '이거이거 텐버거 만들려구 하나', 'date': '2026.04.02 15:25', 'views': '51', 'likes': '8', 'dislikes': '2', 'link': '/item/board_read.naver?code=012205&nid=416632394&page=2', 'body': '', 'score': 291}, {'title': '2만원 간다에[1]', 'date': '2026.04.02 14:56', 'views': '99', 'likes': '8', 'dislikes': '4', 'link': '/item/board_read.naver?code=012205&nid=416625612&page=2', 'body': '', 'score': 339}]",9.2 (Strategy Advisor),012205
기가레인,2045,+29.92%,-0.14,197,1.49%,KOSDAQ,1574,1.63%,"담주 월요일부터 연상행진 예상~~[1] / 기가레인, 삼성전자 북미 단독 공급사 선정[2] / 난 진짜 멍청이임[1] / 광통신에서 제2의 에코프로(1,000배) ...",Positive (60%),"담주, 월요일부터, 연상행진, 삼성전자, 북미",2,"[{'title': '담주 월요일부터 연상행진 예상~~[1]', 'date': '2026.04.02 17:26', 'views': '420', 'likes': '19', 'dislikes': '2', 'link': '/item/board_read.naver?code=049080&nid=416644541&page=2', 'body': '', 'score': 990}, {'title': '기가레인, 삼성전자 북미 단독 공급사 선정[2]', 'date': '2026.04.02 21:47', 'views': '266', 'likes': '12', 'dislikes': '1', 'link': '/item/board_read.naver?code=049080&nid=416661227&page=1', 'body': '', 'score': 626}, {'title': '세력 알바 아니고 기사 보고 올린 거에여~~[1]', 'date': '2026.04.02 22:03', 'views': '178', 'likes': '9', 'dislikes': '0', 'link': '/item/board_read.naver?code=049080&nid=416661999&page=1', 'body': '', 'score': 448}, {'title': '내일', 'date': '2026.04.02 18:31', 'views': '118', 'likes': '9', 'dislikes': '0', 'link': '/item/board_read.naver?code=049080&nid=416649233&page=2', 'body': '', 'score': 388}, {'title': '난 진짜 멍청이임[1]', 'date': '2026.04.02 17:07', 'views': '299', 'likes': '9', 'dislikes': '2', 'link': '/item/board_read.naver?code=049080&nid=416642978&page=2', 'body': '', 'score': 569}, {'title': '오늘부터 이가격 으로는 절대 매수 못함[2]', 'date': '2026.04.02 17:01', 'views': '225', 'likes': '8', 'dislikes': '1', 'link': '/item/board_read.naver?code=049080&nid=416642542&page=2', 'body': '', 'score': 465}, {'title': 'ㅋㅋㅋㅋ금요일에 정지인거 개쩐다[1]', 'date': '2026.04.02 15:32', 'views': '249', 'likes': '8', 'dislikes': '0', 'link': '/item/board_read.naver?code=049080&nid=416633545&page=3', 'body': '', 'score': 489}, {'title': '기가막히게 금요일장 거래정지네ㅋㅋㄲㅋ', 'date': '2026.04.02 14:49', 'views': '117', 'likes': '8', 'dislikes': '0', 'link': '/item/board_read.naver?code=049080&nid=416623828&page=4', 'body': '', 'score': 357}, {'title': '광통신에서 제2의 에코프로(1,000배) ...', 'date': '2026.04.02 10:01', 'views': '283', 'likes': '8', 'dislikes': '0', 'link': '/item/board_read.naver?code=049080&nid=416568301&page=8', 'body': '', 'score': 523}, {'title': '힘은 장사네', 'date': '2026.04.02 13:13', 'views': '51', 'likes': '7', 'dislikes': '1', 'link': '/item/board_read.naver?code=049080&nid=416607493&page=6', 'body': '', 'score': 261}]",9.2 (Strategy Advisor),049080
한국ANKOR유전,304,+29.91%,2.33,255,3.75%,KOSPI,234,1.42%,4/30일 상장폐지 확정[3] / 낼 종가도 상한가 395원[3] / 내일은확실하게 쩜상이고~외인/사모는 계속매수...[2] / 아.    스발[1],Positive (75%),"종가도, 395원, 석유값, 폭등중, 낼도",6,"[{'title': '낼 종가도 상한가 395원[3]', 'date': '2026.04.02 15:03', 'views': '118', 'likes': '14', 'dislikes': '3', 'link': '/item/board_read.naver?code=152550&nid=416627617&page=3', 'body': '', 'score': 538}, {'title': '석유값 폭등중 낼도 상한가', 'date': '2026.04.02 22:11', 'views': '31', 'likes': '11', 'dislikes': '4', 'link': '/item/board_read.naver?code=152550&nid=416662324&page=1', 'body': '', 'score': 361}, {'title': '호재냐 이거 뭔데', 'date': '2026.04.02 20:55', 'views': '103', 'likes': '10', 'dislikes': '0', 'link': '/item/board_read.naver?code=152550&nid=416658604&page=1', 'body': '', 'score': 403}, {'title': '아.    스발[1]', 'date': '2026.04.02 15:53', 'views': '119', 'likes': '10', 'dislikes': '0', 'link': '/item/board_read.naver?code=152550&nid=416636495&page=2', 'body': '', 'score': 419}, {'title': '내일도 어종상 ㅋ[4]', 'date': '2026.04.02 15:05', 'views': '103', 'likes': '9', 'dislikes': '0', 'link': '/item/board_read.naver?code=152550&nid=416628371&page=2', 'body': '', 'score': 373}, {'title': '4/30일 상장폐지 확정[3]', 'date': '2026.04.02 14:11', 'views': '322', 'likes': '9', 'dislikes': '5', 'link': '/item/board_read.naver?code=152550&nid=416615764&page=3', 'body': '', 'score': 592}, {'title': '상폐빔까지 2주동안 10 연상 ㄱㄲㅋㄱ', 'date': '2026.04.02 22:16', 'views': '46', 'likes': '7', 'dislikes': '2', 'link': '/item/board_read.naver?code=152550&nid=416662586&page=1', 'body': '', 'score': 256}, {'title': '낼은 상 맞어[1]', 'date': '2026.04.02 18:11', 'views': '142', 'likes': '7', 'dislikes': '3', 'link': '/item/board_read.naver?code=152550&nid=416647874&page=2', 'body': '', 'score': 352}, {'title': '내일은확실하게 쩜상이고~외인/사모는 계속매수...[2]', 'date': '2026.04.02 15:17', 'views': '249', 'likes': '7', 'dislikes': '2', 'link': '/item/board_read.naver?code=152550&nid=416630980&page=2', 'body': '', 'score': 459}, {'title': '유가폭등 + 상폐빔 + 주포 물량 잠금', 'date': '2026.04.02 11:17', 'views': '51', 'likes': '7', 'dislikes': '1', 'link': '/item/board_read.naver?code=152550&nid=416587663&page=8', 'body': '', 'score': 261}]",9.2 (Strategy Advisor),152550
인스코비,435,+29.85%,-0.29,70,2.88%,KOSPI,335,3.17%,평단 마넌이다 2천주[6] / ●간들이 작구나~~~●[2] / 아직 8연상 남았다...[1] / 적정 나오겠어요[1],Mixed,"평단, 2천주, 간들이, 작구나, 8연상",1,"[{'title': '평단 마넌이다 2천주[6]', 'date': '2026.04.02 14:02', 'views': '474', 'likes': '14', 'dislikes': '4', 'link': '/item/board_read.naver?code=006490&nid=416614472&page=2', 'body': '', 'score': 894}, {'title': '●간들이 작구나~~~●[2]', 'date': '2026.04.02 16:55', 'views': '353', 'likes': '9', 'dislikes': '13', 'link': '/item/board_read.naver?code=006490&nid=416642021&page=1', 'body': '', 'score': 623}, {'title': '아직 8연상 남았다...[1]', 'date': '2026.04.02 16:07', 'views': '295', 'likes': '9', 'dislikes': '8', 'link': '/item/board_read.naver?code=006490&nid=416637879&page=1', 'body': '', 'score': 565}, {'title': '적정 나오겠어요[1]', 'date': '2026.04.02 10:45', 'views': '253', 'likes': '9', 'dislikes': '3', 'link': '/item/board_read.naver?code=006490&nid=416579759&page=2', 'body': '', 'score': 523}, {'title': '그지들..[1]', 'date': '2026.04.02 09:44', 'views': '105', 'likes': '9', 'dislikes': '0', 'link': '/item/board_read.naver?code=006490&nid=416565189&page=3', 'body': '', 'score': 375}, {'title': '역시..', 'date': '2026.04.02 16:05', 'views': '145', 'likes': '8', 'dislikes': '2', 'link': '/item/board_read.naver?code=006490&nid=416637696&page=1', 'body': '', 'score': 385}, {'title': '2025년  흑자 전환', 'date': '2026.04.02 13:43', 'views': '186', 'likes': '8', 'dislikes': '1', 'link': '/item/board_read.naver?code=006490&nid=416611633&page=2', 'body': '', 'score': 426}, {'title': '주주도아닌애들이 왜케 짖어되는거야?', 'date': '2026.04.02 11:29', 'views': '94', 'likes': '8', 'dislikes': '1', 'link': '/item/board_read.naver?code=006490&nid=416590384&page=2', 'body': '', 'score': 334}, {'title': '캬  멋잇는걸 혼자잇네 상한가[2]', 'date': '2026.04.02 10:52', 'views': '249', 'likes': '8', 'dislikes': '5', 'link': '/item/board_read.naver?code=006490&nid=416581795&page=2', 'body': '', 'score': 489}, {'title': '●보수적인 관점에서●[1]', 'date': '2026.04.02 15:06', 'views': '248', 'likes': '7', 'dislikes': '7', 'link': '/item/board_read.naver?code=006490&nid=416628558&page=2', 'body': '', 'score': 458}]",9.2 (Strategy Advisor),006490
빅텍,6130,+27.18%,1.46,387,3.72%,KOSDAQ,4820,2.26%,오늘같은 이런장에[4] / 원유 Wti 졸라 오른다.[4] / 외국인이 또 75만주 순매수했네[4] / 내일 하한가100%[7],Positive (66%),"이란, 원유, Wti, 졸라, 오늘같은",2,"[{'title': '원유 Wti 졸라 오른다.[4]', 'date': '2026.04.02 19:28', 'views': '277', 'likes': '17', 'dislikes': '7', 'link': '/item/board_read.naver?code=065450&nid=416653142&page=2', 'body': '', 'score': 787}, {'title': '오늘같은 이런장에[4]', 'date': '2026.04.02 17:49', 'views': '371', 'likes': '14', 'dislikes': '3', 'link': '/item/board_read.naver?code=065450&nid=416646261&page=2', 'body': '', 'score': 791}, {'title': '외국인이 또 75만주 순매수했네[4]', 'date': '2026.04.02 20:24', 'views': '368', 'likes': '13', 'dislikes': '2', 'link': '/item/board_read.naver?code=065450&nid=416656959&page=1', 'body': '', 'score': 758}, {'title': '세력이 우주.항공주로도[2]', 'date': '2026.04.02 19:48', 'views': '166', 'likes': '13', 'dislikes': '1', 'link': '/item/board_read.naver?code=065450&nid=416654622&page=1', 'body': '', 'score': 556}, {'title': '상한가에 다들 너무 목숨거네!!', 'date': '2026.04.02 17:42', 'views': '112', 'likes': '11', 'dislikes': '1', 'link': '/item/board_read.naver?code=065450&nid=416645789&page=2', 'body': '', 'score': 442}, {'title': '매매동향 총평[1]', 'date': '2026.04.02 16:05', 'views': '136', 'likes': '11', 'dislikes': '0', 'link': '/item/board_read.naver?code=065450&nid=416637651&page=4', 'body': '', 'score': 466}, {'title': '이란', 'date': '2026.04.02 21:55', 'views': '111', 'likes': '10', 'dislikes': '2', 'link': '/item/board_read.naver?code=065450&nid=416661604&page=1', 'body': '', 'score': 411}, {'title': 'NYT ""이란 전쟁서 한국산 무기 찬사...', 'date': '2026.04.02 20:56', 'views': '116', 'likes': '9', 'dislikes': '2', 'link': '/item/board_read.naver?code=065450&nid=416658644&page=1', 'body': '', 'score': 386}, {'title': '내일 하한가100%[7]', 'date': '2026.04.02 20:48', 'views': '307', 'likes': '9', 'dislikes': '16', 'link': '/item/board_read.naver?code=065450&nid=416658230&page=1', 'body': '', 'score': 577}, {'title': '오늘 기관 외국인 매수는', 'date': '2026.04.02 17:35', 'views': '133', 'likes': '9', 'dislikes': '3', 'link': '/item/board_read.naver?code=065450&nid=416645244&page=2', 'body': '', 'score': 403}]",9.2 (Strategy Advisor),065450
제이씨케미칼,5720,+21.57%,-1.26,165,1.38%,KOSDAQ,4705,2.64%,낼은..[2] / 미장 바이오원료 관련주 폭등중[3] / 미국 에너지주 급등중 / 조망간 2030년 혼합비율 앞당긴다고 할...[1],Positive (77%),"미국, 에너지주, 급등중, 낼은, 최소",2,"[{'title': '미국 에너지주 급등중', 'date': '2026.04.02 21:04', 'views': '162', 'likes': '10', 'dislikes': '0', 'link': '/item/board_read.naver?code=137950&nid=416659083&page=1', 'body': '', 'score': 462}, {'title': '낼은..[2]', 'date': '2026.04.02 17:54', 'views': '355', 'likes': '10', 'dislikes': '3', 'link': '/item/board_read.naver?code=137950&nid=416646632&page=1', 'body': '', 'score': 655}, {'title': '최소 30000', 'date': '2026.04.02 18:57', 'views': '71', 'likes': '8', 'dislikes': '5', 'link': '/item/board_read.naver?code=137950&nid=416651018&page=1', 'body': '', 'score': 311}, {'title': '미장 바이오원료 관련주 폭등중[3]', 'date': '2026.04.02 19:16', 'views': '348', 'likes': '7', 'dislikes': '3', 'link': '/item/board_read.naver?code=137950&nid=416652276&page=1', 'body': '', 'score': 558}, {'title': '종전 한다해도 유가는1~2년 어쩔수없이[1]', 'date': '2026.04.02 20:03', 'views': '151', 'likes': '6', 'dislikes': '2', 'link': '/item/board_read.naver?code=137950&nid=416655741&page=1', 'body': '', 'score': 331}, {'title': '낼 6천 구경좀 합시다', 'date': '2026.04.02 18:30', 'views': '45', 'likes': '6', 'dislikes': '3', 'link': '/item/board_read.naver?code=137950&nid=416649201&page=1', 'body': '', 'score': 225}, {'title': '조망간 2030년 혼합비율 앞당긴다고 할...[1]', 'date': '2026.04.02 17:17', 'views': '211', 'likes': '6', 'dislikes': '0', 'link': '/item/board_read.naver?code=137950&nid=416643814&page=1', 'body': '', 'score': 391}, {'title': '이제 바이오연료다!!', 'date': '2026.04.02 14:43', 'views': '50', 'likes': '6', 'dislikes': '1', 'link': '/item/board_read.naver?code=137950&nid=416622292&page=3', 'body': '', 'score': 230}, {'title': '형이 답말해줄께[1]', 'date': '2026.04.02 14:17', 'views': '118', 'likes': '6', 'dislikes': '1', 'link': '/item/board_read.naver?code=137950&nid=416616678&page=3', 'body': '', 'score': 298}, {'title': '뉴스에  조기  종전해도   유가는  9...', 'date': '2026.04.02 17:14', 'views': '170', 'likes': '5', 'dislikes': '2', 'link': '/item/board_read.naver?code=137950&nid=416643610&page=1', 'body': '', 'score': 320}]",9.2 (Strategy Advisor),137950
흥아해운,4470,+20.49%,-0.68,800,1.87%,KOSPI,3710,2.55%,개미들아 걱정 말거라.[3] / 흥아가 대장인 이유[1] / 투자경고의 의미 정확히 알려준다[2] / 투경 해제요건 / 훈장달고 달리는 수 밖에...,Negative (58%),"투경, 대장인, 이유, 개미들아, 걱정",10,"[{'title': '흥아가 대장인 이유[1]', 'date': '2026.04.02 22:05', 'views': '276', 'likes': '22', 'dislikes': '4', 'link': '/item/board_read.naver?code=003280&nid=416662081&page=8', 'body': '', 'score': 936}, {'title': '개미들아 걱정 말거라.[3]', 'date': '2026.04.02 18:47', 'views': '446', 'likes': '20', 'dislikes': '1', 'link': '/item/board_read.naver?code=003280&nid=416650354&page=14', 'body': '', 'score': 1046}, {'title': '투경 해제요건 / 훈장달고 달리는 수 밖에...', 'date': '2026.04.02 22:29', 'views': '304', 'likes': '19', 'dislikes': '3', 'link': '/item/board_read.naver?code=003280&nid=416663150&page=7', 'body': '', 'score': 874}, {'title': '투자경고의 의미 정확히 알려준다[2]', 'date': '2026.04.02 20:48', 'views': '379', 'likes': '18', 'dislikes': '4', 'link': '/item/board_read.naver?code=003280&nid=416658258&page=10', 'body': '', 'score': 919}, {'title': '아니, 유가가 109달러 인데[2]', 'date': '2026.04.02 20:41', 'views': '279', 'likes': '18', 'dislikes': '2', 'link': '/item/board_read.naver?code=003280&nid=416657868&page=11', 'body': '', 'score': 819}, {'title': '투주건말건 단일가든..발광을하든[1]', 'date': '2026.04.02 18:54', 'views': '187', 'likes': '18', 'dislikes': '1', 'link': '/item/board_read.naver?code=003280&nid=416650825&page=14', 'body': '', 'score': 727}, {'title': '오늘 밤 미증시', 'date': '2026.04.02 18:21', 'views': '46', 'likes': '18', 'dislikes': '1', 'link': '/item/board_read.naver?code=003280&nid=416648564&page=15', 'body': '', 'score': 586}, {'title': '내일 미장 폭망하면 어차피 투경 달고도 가지않나...', 'date': '2026.04.02 18:38', 'views': '93', 'likes': '17', 'dislikes': '1', 'link': '/item/board_read.naver?code=003280&nid=416649731&page=15', 'body': '', 'score': 603}, {'title': '거래량 3억주나 돌린 주포다', 'date': '2026.04.02 18:06', 'views': '85', 'likes': '17', 'dislikes': '0', 'link': '/item/board_read.naver?code=003280&nid=416647529&page=17', 'body': '', 'score': 595}, {'title': '투경인데 어쩌란건지 모르겠다..', 'date': '2026.04.02 20:07', 'views': '69', 'likes': '16', 'dislikes': '0', 'link': '/item/board_read.naver?code=003280&nid=416655970&page=12', 'body': '', 'score': 549}]",9.2 (Strategy Advisor),003280
에스아이리소스,288,+20.00%,0.97,117,9.84%,KOSDAQ,240,8.87%,"시간외 물량 싹 걷어가네 / 석탄, 석유, 바이오연료 3재료다 얘는 / 시나리오[2] / 조용히들 하고, 5백때까지는 추매하지마라~~",Positive (78%),"석유, 조용히들, 하고, 5백때까지는, 추매하지마라",2,"[{'title': '조용히들 하고, 5백때까지는 추매하지마라~~', 'date': '2026.04.02 14:16', 'views': '53', 'likes': '8', 'dislikes': '2', 'link': '/item/board_read.naver?code=065420&nid=416616548&page=3', 'body': '', 'score': 293}, {'title': '석탄, 석유, 바이오연료 3재료다 얘는', 'date': '2026.04.02 11:34', 'views': '126', 'likes': '7', 'dislikes': '3', 'link': '/item/board_read.naver?code=065420&nid=416591672&page=5', 'body': '', 'score': 336}, {'title': '아으 진짜', 'date': '2026.04.02 21:12', 'views': '58', 'likes': '6', 'dislikes': '2', 'link': '/item/board_read.naver?code=065420&nid=416659440&page=1', 'body': '', 'score': 238}, {'title': '시간외 물량 싹 걷어가네', 'date': '2026.04.02 17:36', 'views': '172', 'likes': '6', 'dislikes': '3', 'link': '/item/board_read.naver?code=065420&nid=416645308&page=1', 'body': '', 'score': 352}, {'title': '감보적정 재무탄탄  오백원가겠다', 'date': '2026.04.02 15:11', 'views': '34', 'likes': '6', 'dislikes': '3', 'link': '/item/board_read.naver?code=065420&nid=416629674&page=3', 'body': '', 'score': 214}, {'title': '오늘안가요 형말들어', 'date': '2026.04.02 12:38', 'views': '30', 'likes': '6', 'dislikes': '1', 'link': '/item/board_read.naver?code=065420&nid=416602001&page=4', 'body': '', 'score': 210}, {'title': '180억 에스아이리소스 석유 만드는회사 바이오중...', 'date': '2026.04.02 11:20', 'views': '45', 'likes': '6', 'dislikes': '2', 'link': '/item/board_read.naver?code=065420&nid=416588327&page=5', 'body': '', 'score': 225}, {'title': '시나리오[2]', 'date': '2026.04.02 18:10', 'views': '148', 'likes': '5', 'dislikes': '2', 'link': '/item/board_read.naver?code=065420&nid=416647813&page=1', 'body': '', 'score': 298}, {'title': '유가  실시간  7% 폭등중   미쳤다', 'date': '2026.04.02 17:43', 'views': '54', 'likes': '5', 'dislikes': '0', 'link': '/item/board_read.naver?code=065420&nid=416645848&page=1', 'body': '', 'score': 204}, {'title': '거래 행태는[1]', 'date': '2026.04.02 16:54', 'views': '99', 'likes': '5', 'dislikes': '3', 'link': '/item/board_read.naver?code=065420&nid=416641938&page=1', 'body': '', 'score': 249}]",9.2 (Strategy Advisor),065420
피노,9350,+19.26%,-0.54,242,49.41%,KOSDAQ,7840,49.95%,"[피노는] 월요일 삼성 돈 입금되면, 매출 폭...[1] / 삼성sdi , 스페이스x 와 우주배터리 협력[1] / 종지 장초 급등 10시 이후 급락~~~ / 삼성SDI  3자배정!!! 큰 물결이 시작이 ...[3]",Positive (60%),"월요일, 삼성, 입금되면, 매출, 삼성sdi",2,"[{'title': '[피노는] 월요일 삼성 돈 입금되면, 매출 폭...[1]', 'date': '2026.04.02 20:43', 'views': '500', 'likes': '14', 'dislikes': '1', 'link': '/item/board_read.naver?code=033790&nid=416657936&page=1', 'body': '', 'score': 920}, {'title': '삼성sdi , 스페이스x 와 우주배터리 협력[1]', 'date': '2026.04.02 19:12', 'views': '429', 'likes': '14', 'dislikes': '2', 'link': '/item/board_read.naver?code=033790&nid=416651988&page=1', 'body': '', 'score': 849}, {'title': '종지 장초 급등 10시 이후 급락~~~', 'date': '2026.04.02 16:48', 'views': '412', 'likes': '12', 'dislikes': '7', 'link': '/item/board_read.naver?code=033790&nid=416641517&page=2', 'body': '', 'score': 772}, {'title': '■■■삼성그룹편입 초읽기■■■[1]', 'date': '2026.04.02 12:32', 'views': '155', 'likes': '12', 'dislikes': '3', 'link': '/item/board_read.naver?code=033790&nid=416601204&page=8', 'body': '', 'score': 515}, {'title': '월욜입금上~수욜대량수주上 ~금욜그냥上 ♡♡♡', 'date': '2026.04.02 19:52', 'views': '203', 'likes': '11', 'dislikes': '2', 'link': '/item/board_read.naver?code=033790&nid=416654911&page=1', 'body': '', 'score': 533}, {'title': '피노 3년뒤엔', 'date': '2026.04.02 18:59', 'views': '380', 'likes': '11', 'dislikes': '3', 'link': '/item/board_read.naver?code=033790&nid=416651168&page=1', 'body': '', 'score': 710}, {'title': '인고의 시간을  견디신분들 추카~~~~[4]', 'date': '2026.04.02 15:24', 'views': '228', 'likes': '11', 'dislikes': '5', 'link': '/item/board_read.naver?code=033790&nid=416632324&page=3', 'body': '', 'score': 558}, {'title': '6일에', 'date': '2026.04.02 15:24', 'views': '97', 'likes': '11', 'dislikes': '3', 'link': '/item/board_read.naver?code=033790&nid=416632216&page=3', 'body': '', 'score': 427}, {'title': '삼성SDI  3자배정!!! 큰 물결이 시작이 ...[3]', 'date': '2026.04.02 17:02', 'views': '422', 'likes': '10', 'dislikes': '15', 'link': '/item/board_read.naver?code=033790&nid=416642609&page=2', 'body': '', 'score': 722}, {'title': '시외ㅡ3000주입성', 'date': '2026.04.02 17:46', 'views': '96', 'likes': '9', 'dislikes': '2', 'link': '/item/board_read.naver?code=033790&nid=416646089&page=2', 'body': '', 'score': 366}]",9.2 (Strategy Advisor),033790
세림B&G,1994,+17.78%,-1.14,151,1.36%,KOSDAQ,1693,2.50%,"세림B&G 이거 기사 이러면 1000억 아닌...[1] / 앞으로 2,3주간 계속 이란을 폭격해서 신석기... / 이건 ㅉ짜이밍이 누르는거다[4] / 저녘뉴스보니 세림B&G내일 상한가갈것같아",Positive (80%),"플라스틱, 기사, 이러면, 1000억, 아닌",2,"[{'title': '세림B&G 이거 기사 이러면 1000억 아닌...[1]', 'date': '2026.04.02 16:59', 'views': '297', 'likes': '16', 'dislikes': '4', 'link': '/item/board_read.naver?code=340440&nid=416642389&page=1', 'body': '', 'score': 777}, {'title': '이건 ㅉ짜이밍이 누르는거다[4]', 'date': '2026.04.02 11:57', 'views': '125', 'likes': '10', 'dislikes': '3', 'link': '/item/board_read.naver?code=340440&nid=416596114&page=5', 'body': '', 'score': 425}, {'title': '앞으로 2,3주간 계속 이란을 폭격해서 신석기...', 'date': '2026.04.02 11:34', 'views': '205', 'likes': '9', 'dislikes': '7', 'link': '/item/board_read.naver?code=340440&nid=416591683&page=5', 'body': '', 'score': 475}, {'title': '저녘뉴스보니 세림B&G내일 상한가갈것같아', 'date': '2026.04.02 20:24', 'views': '72', 'likes': '8', 'dislikes': '5', 'link': '/item/board_read.naver?code=340440&nid=416656972&page=1', 'body': '', 'score': 312}, {'title': '여기쥐포 조현병환자니까 조심해라[1]', 'date': '2026.04.02 17:57', 'views': '64', 'likes': '7', 'dislikes': '0', 'link': '/item/board_read.naver?code=340440&nid=416646864&page=1', 'body': '', 'score': 274}, {'title': '세림이가 대장이네', 'date': '2026.04.02 17:28', 'views': '52', 'likes': '6', 'dislikes': '4', 'link': '/item/board_read.naver?code=340440&nid=416644755&page=1', 'body': '', 'score': 232}, {'title': '대장 차겠는데 ?[2]', 'date': '2026.04.02 17:54', 'views': '144', 'likes': '5', 'dislikes': '7', 'link': '/item/board_read.naver?code=340440&nid=416646607&page=1', 'body': '', 'score': 294}, {'title': '플라스틱 공급 절벽', 'date': '2026.04.02 22:13', 'views': '72', 'likes': '4', 'dislikes': '12', 'link': '/item/board_read.naver?code=340440&nid=416662400&page=1', 'body': '', 'score': 192}, {'title': '앗, 시간외에서 에코플라스틱으로 대장을 넘긴...', 'date': '2026.04.02 16:52', 'views': '73', 'likes': '4', 'dislikes': '0', 'link': '/item/board_read.naver?code=340440&nid=416641812&page=1', 'body': '', 'score': 193}, {'title': '다음주 플라스틱 대란 발생', 'date': '2026.04.02 15:11', 'views': '65', 'likes': '4', 'dislikes': '12', 'link': '/item/board_read.naver?code=340440&nid=416629734&page=2', 'body': '', 'score': 185}]",9.2 (Strategy Advisor),340440
흥구석유,21650,+17.54%,0.06,774,0.91%,KOSDAQ,18420,0.85%,내일 쩜상이네요[4] / 낼 시가 10퍼 이상[1] / 투경해제 ㅎㅎㅎㅎ / 오늘 투주해제됨.[1],Positive (57%),"시가, 10퍼, 이상, 투주해제됨, 투경해제",2,"[{'title': '내일 쩜상이네요[4]', 'date': '2026.04.02 19:00', 'views': '556', 'likes': '38', 'dislikes': '8', 'link': '/item/board_read.naver?code=024060&nid=416651189&page=8', 'body': '', 'score': 1696}, {'title': '낼 시가 10퍼 이상[1]', 'date': '2026.04.02 19:30', 'views': '154', 'likes': '32', 'dislikes': '5', 'link': '/item/board_read.naver?code=024060&nid=416653332&page=8', 'body': '', 'score': 1114}, {'title': '오늘 투주해제됨.[1]', 'date': '2026.04.02 18:13', 'views': '328', 'likes': '21', 'dislikes': '4', 'link': '/item/board_read.naver?code=024060&nid=416648044&page=9', 'body': '', 'score': 958}, {'title': '투경해제 ㅎㅎㅎㅎ', 'date': '2026.04.02 18:34', 'views': '376', 'likes': '20', 'dislikes': '6', 'link': '/item/board_read.naver?code=024060&nid=416649421&page=8', 'body': '', 'score': 976}, {'title': '종가에 픽~~~', 'date': '2026.04.02 18:25', 'views': '60', 'likes': '13', 'dislikes': '2', 'link': '/item/board_read.naver?code=024060&nid=416648886&page=9', 'body': '', 'score': 450}, {'title': '러시아 기름 감산들어갔네[1]', 'date': '2026.04.02 21:59', 'views': '98', 'likes': '12', 'dislikes': '1', 'link': '/item/board_read.naver?code=024060&nid=416661786&page=5', 'body': '', 'score': 458}, {'title': '딱봐도 낼 최소15퍼 이상인데[1]', 'date': '2026.04.02 17:54', 'views': '135', 'likes': '12', 'dislikes': '1', 'link': '/item/board_read.naver?code=024060&nid=416646635&page=9', 'body': '', 'score': 495}, {'title': '★ 내일 신용 반대매매 물량 출회[2]', 'date': '2026.04.02 16:15', 'views': '135', 'likes': '12', 'dislikes': '1', 'link': '/item/board_read.naver?code=024060&nid=416638650&page=13', 'body': '', 'score': 495}, {'title': '미쳤네.....[1]', 'date': '2026.04.02 22:00', 'views': '133', 'likes': '11', 'dislikes': '2', 'link': '/item/board_read.naver?code=024060&nid=416661821&page=5', 'body': '', 'score': 463}, {'title': '이쯤되면 낼 쩜상', 'date': '2026.04.02 22:03', 'views': '53', 'likes': '10', 'dislikes': '3', 'link': '/item/board_read.naver?code=024060&nid=416661994&page=5', 'body': '', 'score': 353}]",9.2 (Strategy Advisor),024060
알톤,2815,+17.54%,-1.71,44,1.41%,KOSDAQ,2395,3.12%,"별걸 다 이용해서 해쳐먹네[5] / 이놈은 모아니면 도인데[5] / 민생지원금으로 이득보는건 안경점과 자전거... / 우원식 의장, 車 5부제 동참해 자전거 출근…...[1]",Positive (88%),"자전거, 출근, 애초에, 봄여름, 수혜주",1,"[{'title': '애초에 봄여름 수혜주', 'date': '2026.04.02 19:05', 'views': '48', 'likes': '3', 'dislikes': '0', 'link': '/item/board_read.naver?code=123750&nid=416651526&page=1', 'body': '', 'score': 138}, {'title': '별걸 다 이용해서 해쳐먹네[5]', 'date': '2026.04.02 16:06', 'views': '189', 'likes': '3', 'dislikes': '5', 'link': '/item/board_read.naver?code=123750&nid=416637810&page=1', 'body': '', 'score': 279}, {'title': '민생지원금으로 이득보는건 안경점과 자전거...', 'date': '2026.04.02 15:53', 'views': '85', 'likes': '3', 'dislikes': '1', 'link': '/item/board_read.naver?code=123750&nid=416636525&page=1', 'body': '', 'score': 175}, {'title': '교통비도 오르네요', 'date': '2026.04.02 11:43', 'views': '22', 'likes': '3', 'dislikes': '0', 'link': '/item/board_read.naver?code=123750&nid=416593570&page=2', 'body': '', 'score': 112}, {'title': '여기 세력분들 하기 나름.[1]', 'date': '2026.04.02 11:41', 'views': '39', 'likes': '3', 'dislikes': '1', 'link': '/item/board_read.naver?code=123750&nid=416593171&page=2', 'body': '', 'score': 129}, {'title': '이놈은 모아니면 도인데[5]', 'date': '2026.04.02 15:33', 'views': '122', 'likes': '2', 'dislikes': '2', 'link': '/item/board_read.naver?code=123750&nid=416633776&page=1', 'body': '', 'score': 182}, {'title': '더러워서', 'date': '2026.04.02 15:20', 'views': '35', 'likes': '2', 'dislikes': '0', 'link': '/item/board_read.naver?code=123750&nid=416631491&page=1', 'body': '', 'score': 95}, {'title': '우원식 의장, 車 5부제 동참해 자전거 출근…...[1]', 'date': '2026.04.02 14:05', 'views': '95', 'likes': '2', 'dislikes': '0', 'link': '/item/board_read.naver?code=123750&nid=416614928&page=2', 'body': '', 'score': 155}, {'title': '자전거 출근[1]', 'date': '2026.04.02 13:35', 'views': '41', 'likes': '2', 'dislikes': '1', 'link': '/item/board_read.naver?code=123750&nid=416610537&page=2', 'body': '', 'score': 101}, {'title': '유가올라 자동차 운행에 지장생기면[1]', 'date': '2026.04.02 22:39', 'views': '34', 'likes': '1', 'dislikes': '1', 'link': '/item/board_read.naver?code=123750&nid=416664987&page=1', 'body': '', 'score': 64}]",9.2 (Strategy Advisor),123750
세종텔레콤,10800,+16.00%,-0.34,41,1.16%,KOSDAQ,9310,1.50%,"기사떴다 / 역시 작전주의 대가  형지니성님, 짱~ / 천일고속 뺨치자[1] / 사지르마",Positive (75%),"역시, 작전주의, 대가, 형지니성님, 사지르마",1,"[{'title': '역시 작전주의 대가  형지니성님, 짱~', 'date': '2026.04.02 16:33', 'views': '68', 'likes': '6', 'dislikes': '3', 'link': '/item/board_read.naver?code=036630&nid=416640247&page=1', 'body': '', 'score': 248}, {'title': '사지르마', 'date': '2026.04.02 17:07', 'views': '76', 'likes': '4', 'dislikes': '1', 'link': '/item/board_read.naver?code=036630&nid=416642982&page=1', 'body': '', 'score': 196}, {'title': '오늘은 지수 폭락으로 상못갔네,,ㅠㅠㅠ', 'date': '2026.04.02 15:34', 'views': '41', 'likes': '3', 'dislikes': '1', 'link': '/item/board_read.naver?code=036630&nid=416633908&page=1', 'body': '', 'score': 131}, {'title': '몇년전 유상증자해서  풀어놓은 주식', 'date': '2026.04.02 14:46', 'views': '85', 'likes': '3', 'dislikes': '3', 'link': '/item/board_read.naver?code=036630&nid=416623198&page=1', 'body': '', 'score': 175}, {'title': '이거 오르는척 팔아먹네', 'date': '2026.04.02 14:44', 'views': '44', 'likes': '3', 'dislikes': '1', 'link': '/item/board_read.naver?code=036630&nid=416622536&page=1', 'body': '', 'score': 134}, {'title': '호가창 이렇게 움직이는거 처음보네', 'date': '2026.04.02 12:24', 'views': '59', 'likes': '3', 'dislikes': '0', 'link': '/item/board_read.naver?code=036630&nid=416600235&page=2', 'body': '', 'score': 149}, {'title': '골때리는', 'date': '2026.04.02 11:51', 'views': '62', 'likes': '3', 'dislikes': '3', 'link': '/item/board_read.naver?code=036630&nid=416594987&page=2', 'body': '', 'score': 152}, {'title': '천일고속 뺨치자[1]', 'date': '2026.04.02 10:45', 'views': '125', 'likes': '3', 'dislikes': '0', 'link': '/item/board_read.naver?code=036630&nid=416579545&page=2', 'body': '', 'score': 215}, {'title': '기사떴다', 'date': '2026.04.02 10:23', 'views': '515', 'likes': '3', 'dislikes': '0', 'link': '/item/board_read.naver?code=036630&nid=416573139&page=2', 'body': '', 'score': 605}, {'title': '아니 근데 이거 오래전부터 가지고 있는사람들은....', 'date': '2026.04.02 17:23', 'views': '68', 'likes': '2', 'dislikes': '1', 'link': '/item/board_read.naver?code=036630&nid=416644348&page=1', 'body': '', 'score': 128}]",9.2 (Strategy Advisor),036630
앤로보틱스,2110,+15.62%,-0.42,75,5.72%,KOSDAQ,1825,6.14%,"대장은 앤 / 너무아쉽네[1] / 앤로보틱스, 흑자전환 성공…순이익 69억원 달성[2] / 헐...[1]",Positive (80%),"너무아쉽네, 대장은, 흑자전환, 성공, 순이익",1,"[{'title': '너무아쉽네[1]', 'date': '2026.04.02 16:14', 'views': '92', 'likes': '8', 'dislikes': '1', 'link': '/item/board_read.naver?code=138360&nid=416638601&page=1', 'body': '', 'score': 332}, {'title': '대장은 앤', 'date': '2026.04.02 19:28', 'views': '132', 'likes': '7', 'dislikes': '1', 'link': '/item/board_read.naver?code=138360&nid=416653181&page=1', 'body': '', 'score': 342}, {'title': '상한가', 'date': '2026.04.02 11:35', 'views': '54', 'likes': '7', 'dislikes': '4', 'link': '/item/board_read.naver?code=138360&nid=416591995&page=2', 'body': '', 'score': 264}, {'title': '앤로보틱스, 흑자전환 성공…순이익 69억원 달성[2]', 'date': '2026.04.02 09:16', 'views': '134', 'likes': '6', 'dislikes': '1', 'link': '/item/board_read.naver?code=138360&nid=416558864&page=4', 'body': '', 'score': 314}, {'title': 'ㅋㅋㅋ', 'date': '2026.04.02 16:29', 'views': '70', 'likes': '4', 'dislikes': '7', 'link': '/item/board_read.naver?code=138360&nid=416639873&page=1', 'body': '', 'score': 190}, {'title': '헐...[1]', 'date': '2026.04.02 16:01', 'views': '192', 'likes': '4', 'dislikes': '4', 'link': '/item/board_read.naver?code=138360&nid=416637302&page=1', 'body': '', 'score': 312}, {'title': '내일 상가겠네  장막판 흐름을 보니[1]', 'date': '2026.04.02 15:28', 'views': '164', 'likes': '4', 'dislikes': '2', 'link': '/item/board_read.naver?code=138360&nid=416632978&page=1', 'body': '', 'score': 284}, {'title': '오늘 거래량 1300만주 예상~', 'date': '2026.04.02 14:31', 'views': '51', 'likes': '4', 'dislikes': '1', 'link': '/item/board_read.naver?code=138360&nid=416619173&page=1', 'body': '', 'score': 171}, {'title': '호재성 재료로 상갔다가 지수 붕괴로 하락', 'date': '2026.04.02 13:12', 'views': '90', 'likes': '4', 'dislikes': '1', 'link': '/item/board_read.naver?code=138360&nid=416607359&page=2', 'body': '', 'score': 210}, {'title': '주식 접을거 아니면', 'date': '2026.04.02 11:00', 'views': '65', 'likes': '4', 'dislikes': '4', 'link': '/item/board_read.naver?code=138360&nid=416583700&page=2', 'body': '', 'score': 185}]",9.2 (Strategy Advisor),138360
나우로보틱스,22550,+15.40%,-0.61,73,1.07%,KOSDAQ,19540,1.68%,상한가 가도 손실중[3] / 오늘 아침에 왜?[3] / ?[4] / 뭐지?[3],Positive (88%),"가도, 손실중, 로봇주랠리, 이유, 중로봇철퇴",1,"[{'title': '상한가 가도 손실중[3]', 'date': '2026.04.02 08:20', 'views': '252', 'likes': '17', 'dislikes': '2', 'link': '/item/board_read.naver?code=459510&nid=416550975&page=4', 'body': '', 'score': 762}, {'title': '?[4]', 'date': '2026.04.02 08:25', 'views': '225', 'likes': '10', 'dislikes': '1', 'link': '/item/board_read.naver?code=459510&nid=416551499&page=4', 'body': '', 'score': 525}, {'title': '로봇주랠리 이유~중로봇철퇴~미국 안보 로봇법[3]', 'date': '2026.04.02 22:29', 'views': '63', 'likes': '9', 'dislikes': '1', 'link': '/item/board_read.naver?code=459510&nid=416663164&page=1', 'body': '', 'score': 333}, {'title': '뭐지?[3]', 'date': '2026.04.02 15:19', 'views': '292', 'likes': '7', 'dislikes': '1', 'link': '/item/board_read.naver?code=459510&nid=416631382&page=1', 'body': '', 'score': 502}, {'title': '느낌이 대형수주 한번 나올 타임인듯[1]', 'date': '2026.04.02 14:33', 'views': '212', 'likes': '6', 'dislikes': '1', 'link': '/item/board_read.naver?code=459510&nid=416619799&page=1', 'body': '', 'score': 392}, {'title': 'Pp형인데 뉴스없는데장시작 11분만에 상한 ...', 'date': '2026.04.02 09:18', 'views': '228', 'likes': '6', 'dislikes': '2', 'link': '/item/board_read.naver?code=459510&nid=416559270&page=3', 'body': '', 'score': 408}, {'title': '나우로보틱스, 거품 빠지는 일만 남았다. (...[3]', 'date': '2026.04.02 21:41', 'views': '64', 'likes': '4', 'dislikes': '10', 'link': '/item/board_read.naver?code=459510&nid=416660884&page=1', 'body': '', 'score': 184}, {'title': '오늘 아침에 왜?[3]', 'date': '2026.04.02 16:36', 'views': '410', 'likes': '4', 'dislikes': '0', 'link': '/item/board_read.naver?code=459510&nid=416640510&page=1', 'body': '', 'score': 530}, {'title': '더럽게 매도하는 세력 있네. 계속 짓누르고 ...[1]', 'date': '2026.04.02 13:57', 'views': '68', 'likes': '4', 'dislikes': '2', 'link': '/item/board_read.naver?code=459510&nid=416613753&page=1', 'body': '', 'score': 188}, {'title': '강한상승 예감[1]', 'date': '2026.04.02 13:18', 'views': '76', 'likes': '4', 'dislikes': '1', 'link': '/item/board_read.naver?code=459510&nid=416608215&page=2', 'body': '', 'score': 196}]",9.2 (Strategy Advisor),459510
대명에너지,24650,+14.39%,-0.12,211,0.57%,KOSDAQ,21550,0.69%,내일[2] / 유가 110돌파 내일은 에너지 날이다 / 방금 속보) 삼아알미늄도 쩜상 갑니다. 속보] ...[1] / 최근.. 긴 양봉 연속 2개 나온적이 없음[1],Positive (62%),"유가, 110돌파, 내일은, 송유관이랑, 둘만",2,"[{'title': '유가 110돌파 내일은 에너지 날이다', 'date': '2026.04.02 21:21', 'views': '86', 'likes': '11', 'dislikes': '4', 'link': '/item/board_read.naver?code=389260&nid=416659930&page=2', 'body': '', 'score': 416}, {'title': '낼 송유관이랑 재생에너지 둘만 가것네', 'date': '2026.04.02 19:57', 'views': '54', 'likes': '10', 'dislikes': '1', 'link': '/item/board_read.naver?code=389260&nid=416655308&page=2', 'body': '', 'score': 354}, {'title': '내일[2]', 'date': '2026.04.02 16:47', 'views': '389', 'likes': '10', 'dislikes': '2', 'link': '/item/board_read.naver?code=389260&nid=416641382&page=5', 'body': '', 'score': 689}, {'title': '무차입공매로 주가찍어누르고 미수 반대매매 죽이...', 'date': '2026.04.02 08:28', 'views': '45', 'likes': '10', 'dislikes': '0', 'link': '/item/board_read.naver?code=389260&nid=416551781&page=11', 'body': '', 'score': 345}, {'title': '방금 속보) 삼아알미늄도 쩜상 갑니다. 속보] ...[1]', 'date': '2026.04.02 22:17', 'views': '140', 'likes': '8', 'dislikes': '3', 'link': '/item/board_read.naver?code=389260&nid=416662599&page=2', 'body': '', 'score': 380}, {'title': '근디여기하는짓이', 'date': '2026.04.02 20:10', 'views': '35', 'likes': '8', 'dislikes': '2', 'link': '/item/board_read.naver?code=389260&nid=416656158&page=2', 'body': '', 'score': 275}, {'title': '오늘 상한가 못가면[1]', 'date': '2026.04.02 10:46', 'views': '84', 'likes': '8', 'dislikes': '0', 'link': '/item/board_read.naver?code=389260&nid=416579800&page=10', 'body': '', 'score': 324}, {'title': '왜 오른지 진심 모름?[1]', 'date': '2026.04.02 21:17', 'views': '81', 'likes': '7', 'dislikes': '4', 'link': '/item/board_read.naver?code=389260&nid=416659692&page=2', 'body': '', 'score': 291}, {'title': '최근.. 긴 양봉 연속 2개 나온적이 없음[1]', 'date': '2026.04.02 20:25', 'views': '149', 'likes': '7', 'dislikes': '9', 'link': '/item/board_read.naver?code=389260&nid=416657054&page=2', 'body': '', 'score': 359}, {'title': '가게되면 초대박주식이라니깐', 'date': '2026.04.02 19:16', 'views': '38', 'likes': '7', 'dislikes': '4', 'link': '/item/board_read.naver?code=389260&nid=416652265&page=3', 'body': '', 'score': 248}]",9.2 (Strategy Advisor),389260
동일스틸럭스,1039,+12.69%,-0.3,24,4.11%,KOSDAQ,922,4.41%,어저께  정확히 예측[2] / 이게 주가조작이지[2] / 왠지 크게 갈듯. / 매집?[1],Positive (100%),"빨리, 왠지, 크게, 갈듯, 줄때",1,"[{'title': '왠지 크게 갈듯.', 'date': '2026.04.02 14:14', 'views': '98', 'likes': '5', 'dislikes': '1', 'link': '/item/board_read.naver?code=023790&nid=416616130&page=1', 'body': '', 'score': 248}, {'title': '매집이다! 줄때 빨리 빨리 주서다마 !', 'date': '2026.04.02 13:57', 'views': '44', 'likes': '5', 'dislikes': '0', 'link': '/item/board_read.naver?code=023790&nid=416613745&page=1', 'body': '', 'score': 194}, {'title': '어저께  정확히 예측[2]', 'date': '2026.04.02 09:36', 'views': '245', 'likes': '4', 'dislikes': '2', 'link': '/item/board_read.naver?code=023790&nid=416563527&page=1', 'body': '', 'score': 365}, {'title': '이게 주가조작이지[2]', 'date': '2026.04.02 09:22', 'views': '132', 'likes': '4', 'dislikes': '6', 'link': '/item/board_read.naver?code=023790&nid=416560336&page=1', 'body': '', 'score': 252}, {'title': '매집?[1]', 'date': '2026.04.02 14:51', 'views': '111', 'likes': '3', 'dislikes': '0', 'link': '/item/board_read.naver?code=023790&nid=416624233&page=1', 'body': '', 'score': 201}, {'title': '약속의 금욜일', 'date': '2026.04.02 14:54', 'views': '62', 'likes': '2', 'dislikes': '0', 'link': '/item/board_read.naver?code=023790&nid=416625263&page=1', 'body': '', 'score': 122}, {'title': '5-7 프로 때 장마감 하겠네', 'date': '2026.04.02 11:40', 'views': '45', 'likes': '2', 'dislikes': '0', 'link': '/item/board_read.naver?code=023790&nid=416592895&page=1', 'body': '', 'score': 105}, {'title': '개미들 좀올라다고', 'date': '2026.04.02 11:23', 'views': '48', 'likes': '2', 'dislikes': '1', 'link': '/item/board_read.naver?code=023790&nid=416589102&page=1', 'body': '', 'score': 108}, {'title': '요즘상따하면쩜상묵는데머꼬자꾸미치것네', 'date': '2026.04.02 10:42', 'views': '49', 'likes': '2', 'dislikes': '0', 'link': '/item/board_read.naver?code=023790&nid=416578681&page=1', 'body': '', 'score': 109}, {'title': 'ㅎㅎ대선조선.', 'date': '2026.04.02 09:28', 'views': '120', 'likes': '2', 'dislikes': '2', 'link': '/item/board_read.naver?code=023790&nid=416561647&page=1', 'body': '', 'score': 180}]",9.2 (Strategy Advisor),023790
알엔티엑스,1127,+12.59%,0.0,38,0.00%,KOSDAQ,1001,0.00%,나는 알엔투 신임 대표에 주목한다[4] / 밑에 열심히 하는데 정리[4] / 유증 잘 되어 제대로 사업 추진이 잘  되기를[4] / 알엔투 유증 돈들어왔다[4],Positive (85%),"유증, 나는, 대표에, 되어, 제대로",1,"[{'title': '나는 알엔투 신임 대표에 주목한다[4]', 'date': '2026.04.02 18:12', 'views': '131', 'likes': '6', 'dislikes': '0', 'link': '/item/board_read.naver?code=123010&nid=416647937&page=1', 'body': '', 'score': 311}, {'title': '유증 잘 되어 제대로 사업 추진이 잘  되기를[4]', 'date': '2026.04.02 18:56', 'views': '107', 'likes': '5', 'dislikes': '0', 'link': '/item/board_read.naver?code=123010&nid=416650933&page=1', 'body': '', 'score': 257}, {'title': '밑에 열심히 하는데 정리[4]', 'date': '2026.04.02 17:21', 'views': '150', 'likes': '4', 'dislikes': '1', 'link': '/item/board_read.naver?code=123010&nid=416644139&page=1', 'body': '', 'score': 270}, {'title': '알엔투 유증 돈들어왔다[4]', 'date': '2026.04.02 09:00', 'views': '117', 'likes': '4', 'dislikes': '1', 'link': '/item/board_read.naver?code=123010&nid=416555156&page=2', 'body': '', 'score': 237}, {'title': '현성이 영입하려면', 'date': '2026.04.02 09:59', 'views': '59', 'likes': '3', 'dislikes': '1', 'link': '/item/board_read.naver?code=123010&nid=416567961&page=1', 'body': '', 'score': 149}, {'title': '이거 주당 10만원 넘어갈거다. 조단위시총 !!', 'date': '2026.04.02 09:36', 'views': '54', 'likes': '3', 'dislikes': '1', 'link': '/item/board_read.naver?code=123010&nid=416563397&page=2', 'body': '', 'score': 144}, {'title': '알엔투[1]', 'date': '2026.04.02 19:59', 'views': '68', 'likes': '2', 'dislikes': '0', 'link': '/item/board_read.naver?code=123010&nid=416655387&page=1', 'body': '', 'score': 128}, {'title': '1287원 이상 오르면', 'date': '2026.04.02 14:30', 'views': '161', 'likes': '2', 'dislikes': '3', 'link': '/item/board_read.naver?code=123010&nid=416619094&page=1', 'body': '', 'score': 221}, {'title': '급락장에 부자가 선방하네....', 'date': '2026.04.02 12:51', 'views': '55', 'likes': '2', 'dislikes': '1', 'link': '/item/board_read.naver?code=123010&nid=416604066&page=1', 'body': '', 'score': 115}, {'title': '재수없으면[1]', 'date': '2026.04.02 10:33', 'views': '49', 'likes': '2', 'dislikes': '4', 'link': '/item/board_read.naver?code=123010&nid=416576146&page=1', 'body': '', 'score': 109}]",9.2 (Strategy Advisor),123010
코퍼스코리아,480,+11.89%,-0.43,17,1.10%,KOSDAQ,429,1.53%,사라고했잖여~~[3] / 팔아라사라 전부 개솔 / 경고 받지않게 / 내일 하루 쉬고 월요일 상한가??,Positive (71%),"사라고했잖여, 경고, 받지않게, 팔아라사라, 전부",1,"[{'title': '사라고했잖여~~[3]', 'date': '2026.04.02 10:50', 'views': '197', 'likes': '4', 'dislikes': '4', 'link': '/item/board_read.naver?code=322780&nid=416581177&page=1', 'body': '', 'score': 317}, {'title': '경고 받지않게', 'date': '2026.04.02 17:00', 'views': '36', 'likes': '3', 'dislikes': '1', 'link': '/item/board_read.naver?code=322780&nid=416642462&page=1', 'body': '', 'score': 126}, {'title': '팔아라사라 전부 개솔', 'date': '2026.04.02 09:31', 'views': '68', 'likes': '3', 'dislikes': '2', 'link': '/item/board_read.naver?code=322780&nid=416562406&page=1', 'body': '', 'score': 158}, {'title': '내일 하루 쉬고 월요일 상한가??', 'date': '2026.04.02 13:12', 'views': '45', 'likes': '2', 'dislikes': '4', 'link': '/item/board_read.naver?code=322780&nid=416607403&page=1', 'body': '', 'score': 105}, {'title': '곧 갚아아될 돈이 380억 뻔한거 퇴출', 'date': '2026.04.02 09:19', 'views': '34', 'likes': '1', 'dislikes': '4', 'link': '/item/board_read.naver?code=322780&nid=416559558&page=1', 'body': '', 'score': 64}, {'title': '속지마라', 'date': '2026.04.02 09:06', 'views': '18', 'likes': '1', 'dislikes': '3', 'link': '/item/board_read.naver?code=322780&nid=416556316&page=1', 'body': '', 'score': 48}, {'title': '20% 이상 상승했어요 🎉', 'date': '2026.04.02 09:05', 'views': '19', 'likes': '1', 'dislikes': '0', 'link': '/item/board_read.naver?code=322780&nid=416556183&page=1', 'body': '', 'score': 49}, {'title': '대표, 이사들 자사주 장내매수[1]', 'date': '2026.04.02 17:53', 'views': '79', 'likes': '0', 'dislikes': '1', 'link': '/item/board_read.naver?code=322780&nid=416646563&page=1', 'body': '', 'score': 79}, {'title': '누적100%넘게 먹는 횽이 알려줄께[1]', 'date': '2026.04.02 17:40', 'views': '91', 'likes': '0', 'dislikes': '1', 'link': '/item/board_read.naver?code=322780&nid=416645630&page=1', 'body': '', 'score': 91}, {'title': '병합유증 레츠고우~', 'date': '2026.04.02 16:13', 'views': '31', 'likes': '0', 'dislikes': '1', 'link': '/item/board_read.naver?code=322780&nid=416638459&page=1', 'body': '', 'score': 31}]",9.2 (Strategy Advisor),322780
케어젠,106300,+10.50%,0.14,46,4.07%,KOSDAQ,96200,3.93%,오늘 케어젠만 오르는 이유가 뭘까요?[3] / 살이 이렇게 잘 빠지는데 케어젠 어떻...[6] / 케어젠은 부작용이 없다[3] / 케어젠 종토방에는 사람이 너무 없다....[5],Positive (57%),"살이, 이렇게, 빠지는데, 어떻, 부작용이",1,"[{'title': '살이 이렇게 잘 빠지는데 케어젠 어떻...[6]', 'date': '2026.04.02 11:32', 'views': '269', 'likes': '18', 'dislikes': '0', 'link': '/item/board_read.naver?code=214370&nid=416591184&page=2', 'body': '', 'score': 809}, {'title': '케어젠은 부작용이 없다[3]', 'date': '2026.04.02 16:52', 'views': '268', 'likes': '14', 'dislikes': '6', 'link': '/item/board_read.naver?code=214370&nid=416641802&page=1', 'body': '', 'score': 688}, {'title': '케어젠 종토방에는 사람이 너무 없다....[5]', 'date': '2026.04.02 16:57', 'views': '227', 'likes': '13', 'dislikes': '4', 'link': '/item/board_read.naver?code=214370&nid=416642196&page=1', 'body': '', 'score': 617}, {'title': '빙빙이 와쪄염?[2]', 'date': '2026.04.02 10:37', 'views': '153', 'likes': '11', 'dislikes': '3', 'link': '/item/board_read.naver?code=214370&nid=416577432&page=2', 'body': '', 'score': 483}, {'title': '정말 오래 기다렸다', 'date': '2026.04.02 09:47', 'views': '88', 'likes': '11', 'dislikes': '0', 'link': '/item/board_read.naver?code=214370&nid=416565785&page=2', 'body': '', 'score': 418}, {'title': '바이오 꼼수 대표주자는 여기 아닌가?...[6]', 'date': '2026.04.02 15:13', 'views': '285', 'likes': '10', 'dislikes': '20', 'link': '/item/board_read.naver?code=214370&nid=416630152&page=1', 'body': '', 'score': 585}, {'title': '오늘 케어젠만 오르는 이유가 뭘까요?[3]', 'date': '2026.04.02 10:58', 'views': '1024', 'likes': '10', 'dislikes': '4', 'link': '/item/board_read.naver?code=214370&nid=416583245&page=2', 'body': '', 'score': 1324}, {'title': '기회줄때 모았어야지 으이그', 'date': '2026.04.02 09:40', 'views': '65', 'likes': '10', 'dislikes': '1', 'link': '/item/board_read.naver?code=214370&nid=416564425&page=2', 'body': '', 'score': 365}, {'title': '눈깔에 주사맞기 시르면~~~케어젠으로...[1]', 'date': '2026.04.02 10:33', 'views': '177', 'likes': '9', 'dislikes': '0', 'link': '/item/board_read.naver?code=214370&nid=416576367&page=2', 'body': '', 'score': 447}, {'title': '가자', 'date': '2026.04.02 09:45', 'views': '39', 'likes': '9', 'dislikes': '1', 'link': '/item/board_read.naver?code=214370&nid=416565387&page=2', 'body': '', 'score': 309}]",9.2 (Strategy Advisor),214370
엘앤에프,161600,+9.63%,0.77,278,19.90%,KOSPI,147400,19.13%,●●엘앤 적정주가■■[1] / 엘앤 7년 주주입니다.[3] / 넥장에서 개미 10만주 매도 ㅋㅋㅋㅋㅋ[3] / ㅡ끝ㅡ,Positive (60%),"7년, 적정주가, 국내1위, 스페이스x, 우주배터리",3,"[{'title': '엘앤 7년 주주입니다.[3]', 'date': '2026.04.02 16:38', 'views': '1076', 'likes': '44', 'dislikes': '10', 'link': '/item/board_read.naver?code=066970&nid=416640658&page=3', 'body': '', 'score': 2396}, {'title': '●●엘앤 적정주가■■[1]', 'date': '2026.04.02 15:20', 'views': '1444', 'likes': '43', 'dislikes': '7', 'link': '/item/board_read.naver?code=066970&nid=416631498&page=4', 'body': '', 'score': 2734}, {'title': '속보', 'date': '2026.04.02 22:04', 'views': '96', 'likes': '19', 'dislikes': '3', 'link': '/item/board_read.naver?code=066970&nid=416662027&page=1', 'body': '', 'score': 666}, {'title': '국내1위 업체다[2]', 'date': '2026.04.02 19:50', 'views': '302', 'likes': '19', 'dislikes': '2', 'link': '/item/board_read.naver?code=066970&nid=416654731&page=2', 'body': '', 'score': 872}, {'title': '스페이스x 우주배터리 양극재는', 'date': '2026.04.02 18:21', 'views': '181', 'likes': '19', 'dislikes': '3', 'link': '/item/board_read.naver?code=066970&nid=416648593&page=2', 'body': '', 'score': 751}, {'title': '넥장에서 개미 10만주 매도 ㅋㅋㅋㅋㅋ[3]', 'date': '2026.04.02 20:10', 'views': '468', 'likes': '17', 'dislikes': '6', 'link': '/item/board_read.naver?code=066970&nid=416656162&page=1', 'body': '', 'score': 978}, {'title': '미래가 보였다.', 'date': '2026.04.02 20:00', 'views': '276', 'likes': '17', 'dislikes': '3', 'link': '/item/board_read.naver?code=066970&nid=416655523&page=1', 'body': '', 'score': 786}, {'title': 'ㅡ끝ㅡ', 'date': '2026.04.02 20:30', 'views': '433', 'likes': '16', 'dislikes': '5', 'link': '/item/board_read.naver?code=066970&nid=416657280&page=1', 'body': '', 'score': 913}, {'title': '오늘 푹 주무세요.', 'date': '2026.04.02 19:04', 'views': '214', 'likes': '16', 'dislikes': '1', 'link': '/item/board_read.naver?code=066970&nid=416651445&page=2', 'body': '', 'score': 694}, {'title': '네이버보니 맘고생하신분들 절반으로줄어...[3]', 'date': '2026.04.02 18:04', 'views': '205', 'likes': '15', 'dislikes': '1', 'link': '/item/board_read.naver?code=066970&nid=416647406&page=2', 'body': '', 'score': 655}]",9.2 (Strategy Advisor),066970
남선알미늄,1780,+9.07%,-1.14,523,2.33%,KOSPI,1632,3.47%,"대박호재~~~~~~속보예요!!!!!!![3] / 쩜상속보)이란혁명수비대 중동 알루미늄 시...[7] / 호재가지고왔어요[2] / [속보] 이란 ""중동 내 美 철강·알루...[3]",Positive (75%),"이란혁명수비대, 중동, 쩜상속보, 알루미늄, 대박호재",2,"[{'title': '쩜상속보)이란혁명수비대 중동 알루미늄 시...[7]', 'date': '2026.04.02 20:45', 'views': '573', 'likes': '23', 'dislikes': '4', 'link': '/item/board_read.naver?code=008350&nid=416658069&page=2', 'body': '', 'score': 1263}, {'title': '대박호재~~~~~~속보예요!!!!!!![3]', 'date': '2026.04.02 21:44', 'views': '742', 'likes': '22', 'dislikes': '6', 'link': '/item/board_read.naver?code=008350&nid=416661028&page=2', 'body': '', 'score': 1402}, {'title': '호재가지고왔어요[2]', 'date': '2026.04.02 20:02', 'views': '529', 'likes': '21', 'dislikes': '2', 'link': '/item/board_read.naver?code=008350&nid=416655633&page=2', 'body': '', 'score': 1159}, {'title': '[속보] 이란 ""중동 내 美 철강·알루...[3]', 'date': '2026.04.02 22:03', 'views': '455', 'likes': '18', 'dislikes': '1', 'link': '/item/board_read.naver?code=008350&nid=416661989&page=2', 'body': '', 'score': 995}, {'title': 'WTI 폭등 중... 전쟁테마 올 상...[2]', 'date': '2026.04.02 22:30', 'views': '422', 'likes': '16', 'dislikes': '1', 'link': '/item/board_read.naver?code=008350&nid=416664033&page=1', 'body': '', 'score': 902}, {'title': '자, 떠난 사람은 내일 후회하지', 'date': '2026.04.02 18:46', 'views': '87', 'likes': '15', 'dislikes': '1', 'link': '/item/board_read.naver?code=008350&nid=416650270&page=2', 'body': '', 'score': 537}, {'title': '이란혁명수비대 걸프지역 미국시설 타격', 'date': '2026.04.02 20:44', 'views': '82', 'likes': '14', 'dislikes': '2', 'link': '/item/board_read.naver?code=008350&nid=416658024&page=2', 'body': '', 'score': 502}, {'title': '거래량 최대거래량 절대 속일수 없습니...', 'date': '2026.04.02 23:19', 'views': '133', 'likes': '13', 'dislikes': '0', 'link': '/item/board_read.naver?code=008350&nid=416667468&page=1', 'body': '', 'score': 523}, {'title': '5처넌까지 보면 되노?[2]', 'date': '2026.04.02 22:29', 'views': '180', 'likes': '13', 'dislikes': '3', 'link': '/item/board_read.naver?code=008350&nid=416663147&page=1', 'body': '', 'score': 570}, {'title': '남선아 2천5백원 가자!', 'date': '2026.04.02 22:14', 'views': '72', 'likes': '13', 'dislikes': '1', 'link': '/item/board_read.naver?code=008350&nid=416662467&page=1', 'body': '', 'score': 462}]",9.2 (Strategy Advisor),008350
앱토크롬,178,+8.54%,0.27,14,1.82%,KOSDAQ,164,1.55%,ㅎㅎㅎ매도물량도 프로 사기 / 프매도 존나게 사넹[2] / ㅎㅎㅎ프로가매수하면 매도하고 / 외인 매집 2달 ㅋㅋ[1],Positive (66%),"매도물량도, 프로, 사기, 프로가매수하면, 매도하고",1,"[{'title': 'ㅎㅎㅎ매도물량도 프로 사기', 'date': '2026.04.02 12:40', 'views': '35', 'likes': '1', 'dislikes': '0', 'link': '/item/board_read.naver?code=109960&nid=416602400&page=1', 'body': '', 'score': 65}, {'title': 'ㅎㅎㅎ프로가매수하면 매도하고', 'date': '2026.04.02 12:03', 'views': '25', 'likes': '1', 'dislikes': '0', 'link': '/item/board_read.naver?code=109960&nid=416597034&page=1', 'body': '', 'score': 55}, {'title': '축하한다 앱토크롬은 상승신호떳다[1]', 'date': '2026.04.02 20:19', 'views': '26', 'likes': '0', 'dislikes': '0', 'link': '/item/board_read.naver?code=109960&nid=416656691&page=1', 'body': '', 'score': 26}, {'title': '에이프로젠에서 왔어요', 'date': '2026.04.02 17:27', 'views': '34', 'likes': '0', 'dislikes': '0', 'link': '/item/board_read.naver?code=109960&nid=416644643&page=1', 'body': '', 'score': 34}, {'title': '잘튐요 ㅋㅋㅋㅋ', 'date': '2026.04.02 12:27', 'views': '25', 'likes': '0', 'dislikes': '0', 'link': '/item/board_read.naver?code=109960&nid=416600604&page=1', 'body': '', 'score': 25}, {'title': '개미꼬셔서[1]', 'date': '2026.04.02 12:24', 'views': '32', 'likes': '0', 'dislikes': '0', 'link': '/item/board_read.naver?code=109960&nid=416600129&page=1', 'body': '', 'score': 32}, {'title': '슬슬 시동 건다 ㅋㅋㅋ', 'date': '2026.04.02 10:36', 'views': '25', 'likes': '0', 'dislikes': '0', 'link': '/item/board_read.naver?code=109960&nid=416577303&page=1', 'body': '', 'score': 25}, {'title': '프매도 존나게 사넹[2]', 'date': '2026.04.02 09:45', 'views': '59', 'likes': '0', 'dislikes': '2', 'link': '/item/board_read.naver?code=109960&nid=416565516&page=1', 'body': '', 'score': 59}, {'title': '한방에 튄다 ㅋㅋㅋ', 'date': '2026.04.02 09:39', 'views': '26', 'likes': '0', 'dislikes': '1', 'link': '/item/board_read.naver?code=109960&nid=416564113&page=1', 'body': '', 'score': 26}, {'title': '외인 매집 2달 ㅋㅋ[1]', 'date': '2026.04.02 09:28', 'views': '40', 'likes': '0', 'dislikes': '1', 'link': '/item/board_read.naver?code=109960&nid=416561772&page=1', 'body': '', 'score': 40}]",9.2 (Strategy Advisor),109960
앤디포스,3340,+8.44%,0.16,16,2.54%,KOSDAQ,3080,2.38%,올라서 좋긴한데[2] / 2만 가면 판다[1] / 거래량 터지면서  우상향[1] / 금방 다섯자리 가겠네요,Positive (100%),"거래량, 우상향, 금방, 다섯자리, 2만",1,"[{'title': '금방 다섯자리 가겠네요', 'date': '2026.04.02 11:09', 'views': '83', 'likes': '10', 'dislikes': '2', 'link': '/item/board_read.naver?code=238090&nid=416585807&page=1', 'body': '', 'score': 383}, {'title': '2만 가면 판다[1]', 'date': '2026.04.02 10:21', 'views': '98', 'likes': '10', 'dislikes': '1', 'link': '/item/board_read.naver?code=238090&nid=416572387&page=1', 'body': '', 'score': 398}, {'title': '거래량 터지면서  우상향[1]', 'date': '2026.04.02 11:08', 'views': '119', 'likes': '9', 'dislikes': '2', 'link': '/item/board_read.naver?code=238090&nid=416585392&page=1', 'body': '', 'score': 389}, {'title': '올라서 좋긴한데[2]', 'date': '2026.04.02 11:12', 'views': '217', 'likes': '8', 'dislikes': '0', 'link': '/item/board_read.naver?code=238090&nid=416586473&page=1', 'body': '', 'score': 457}, {'title': '조금씩 우상향', 'date': '2026.04.02 10:23', 'views': '46', 'likes': '5', 'dislikes': '0', 'link': '/item/board_read.naver?code=238090&nid=416572960&page=1', 'body': '', 'score': 196}, {'title': '동무들앙[3]', 'date': '2026.04.02 17:24', 'views': '160', 'likes': '4', 'dislikes': '2', 'link': '/item/board_read.naver?code=238090&nid=416644431&page=1', 'body': '', 'score': 280}, {'title': '거래량', 'date': '2026.04.02 15:26', 'views': '45', 'likes': '4', 'dislikes': '1', 'link': '/item/board_read.naver?code=238090&nid=416632593&page=1', 'body': '', 'score': 165}, {'title': '2천주 매수 입성', 'date': '2026.04.02 09:52', 'views': '57', 'likes': '4', 'dislikes': '1', 'link': '/item/board_read.naver?code=238090&nid=416566724&page=1', 'body': '', 'score': 177}, {'title': '앤디 love 이것!!!', 'date': '2026.04.02 09:41', 'views': '58', 'likes': '4', 'dislikes': '2', 'link': '/item/board_read.naver?code=238090&nid=416564664&page=1', 'body': '', 'score': 178}, {'title': '3300', 'date': '2026.04.02 16:04', 'views': '37', 'likes': '3', 'dislikes': '0', 'link': '/item/board_read.naver?code=238090&nid=416637559&page=1', 'body': '', 'score': 127}]",9.2 (Strategy Advisor),238090
오늘이엔엠,6650,+8.31%,0.14,19,0.77%,KOSDAQ,6140,0.63%,6630원이 거래정지네[2] / 안티들아 열심히싸질러봐~[1] / 공익제보) 비정상 폭등뒤에 숨겨진 내부세력의 작전[6] / 아마도 조직적으로 펙트를 흐리려 하겠지만 다들 아...[4],Mixed,"안티들아, 열심히싸질러봐, 대정부, 이재명, 정부의",1,"[{'title': '안티들아 열심히싸질러봐~[1]', 'date': '2026.04.02 09:55', 'views': '129', 'likes': '6', 'dislikes': '1', 'link': '/item/board_read.naver?code=192410&nid=416567407&page=1', 'body': '', 'score': 309}, {'title': ""[대정부 질문] 이재명 정부의 '동전주 폐지'정책...[7]"", 'date': '2026.04.02 13:45', 'views': '135', 'likes': '4', 'dislikes': '6', 'link': '/item/board_read.naver?code=192410&nid=416611985&page=1', 'body': '', 'score': 255}, {'title': '아마도 조직적으로 펙트를 흐리려 하겠지만 다들 아...[4]', 'date': '2026.04.02 13:25', 'views': '148', 'likes': '4', 'dislikes': '4', 'link': '/item/board_read.naver?code=192410&nid=416609232&page=1', 'body': '', 'score': 268}, {'title': '6630원이 거래정지네[2]', 'date': '2026.04.02 14:27', 'views': '275', 'likes': '3', 'dislikes': '1', 'link': '/item/board_read.naver?code=192410&nid=416618482&page=1', 'body': '', 'score': 365}, {'title': '공익제보) 비정상 폭등뒤에 숨겨진 내부세력의 작전[6]', 'date': '2026.04.02 12:47', 'views': '192', 'likes': '3', 'dislikes': '9', 'link': '/item/board_read.naver?code=192410&nid=416603446&page=1', 'body': '', 'score': 282}, {'title': '단타쟁이와 개미들 털어낼려고 흔들며 발작하네 ㅋㅋ...[1]', 'date': '2026.04.02 09:35', 'views': '154', 'likes': '3', 'dislikes': '1', 'link': '/item/board_read.naver?code=192410&nid=416563205&page=1', 'body': '', 'score': 244}, {'title': 'ㅋㅋ', 'date': '2026.04.02 09:20', 'views': '31', 'likes': '2', 'dislikes': '1', 'link': '/item/board_read.naver?code=192410&nid=416559937&page=1', 'body': '', 'score': 91}, {'title': '투자위험달고 난후 해제까지 긴 시간이 걸린다. 안...', 'date': '2026.04.02 21:24', 'views': '21', 'likes': '1', 'dislikes': '0', 'link': '/item/board_read.naver?code=192410&nid=416660054&page=1', 'body': '', 'score': 51}, {'title': '와우[1]', 'date': '2026.04.02 09:48', 'views': '77', 'likes': '1', 'dislikes': '3', 'link': '/item/board_read.naver?code=192410&nid=416566008&page=1', 'body': '', 'score': 107}, {'title': '유능한 주식쟁이 에게......[1]', 'date': '2026.04.02 21:42', 'views': '28', 'likes': '0', 'dislikes': '0', 'link': '/item/board_read.naver?code=192410&nid=416660937&page=1', 'body': '', 'score': 28}]",9.2 (Strategy Advisor),192410
한국석유,17320,+7.91%,-2.17,144,1.80%,KOSPI,16050,3.97%,내일은 상한가 사뿐하게 ~~ / 내일 점상[1] / 물들어온다 / 여기 포항인데 경유2034원 이거맞아???,Positive (71%),"내일은, 사뿐하게, 점상, 포항인데, 경유2034원",2,"[{'title': '내일은 상한가 사뿐하게 ~~', 'date': '2026.04.02 17:33', 'views': '60', 'likes': '14', 'dislikes': '4', 'link': '/item/board_read.naver?code=004090&nid=416645080&page=1', 'body': '', 'score': 480}, {'title': '내일 점상[1]', 'date': '2026.04.02 17:32', 'views': '150', 'likes': '9', 'dislikes': '4', 'link': '/item/board_read.naver?code=004090&nid=416645005&page=1', 'body': '', 'score': 420}, {'title': '물들어온다', 'date': '2026.04.02 21:48', 'views': '25', 'likes': '7', 'dislikes': '1', 'link': '/item/board_read.naver?code=004090&nid=416661257&page=1', 'body': '', 'score': 235}, {'title': '여기 포항인데 경유2034원 이거맞아???', 'date': '2026.04.02 19:05', 'views': '36', 'likes': '5', 'dislikes': '0', 'link': '/item/board_read.naver?code=004090&nid=416651540&page=1', 'body': '', 'score': 186}, {'title': '국제유가 개폭등이네 +8.7% 이게 말이되냐?...', 'date': '2026.04.02 20:20', 'views': '59', 'likes': '4', 'dislikes': '0', 'link': '/item/board_read.naver?code=004090&nid=416656740&page=1', 'body': '', 'score': 179}, {'title': '이러다가', 'date': '2026.04.02 17:10', 'views': '38', 'likes': '4', 'dislikes': '1', 'link': '/item/board_read.naver?code=004090&nid=416643289&page=1', 'body': '', 'score': 158}, {'title': '인생 꼬이네', 'date': '2026.04.02 15:23', 'views': '29', 'likes': '4', 'dislikes': '0', 'link': '/item/board_read.naver?code=004090&nid=416632117&page=2', 'body': '', 'score': 149}, {'title': '20년간 주식하며 경험한 주식 중', 'date': '2026.04.02 11:36', 'views': '29', 'likes': '4', 'dislikes': '0', 'link': '/item/board_read.naver?code=004090&nid=416592147&page=6', 'body': '', 'score': 149}, {'title': '연상가겠네 드디어', 'date': '2026.04.02 10:52', 'views': '28', 'likes': '4', 'dislikes': '0', 'link': '/item/board_read.naver?code=004090&nid=416581746&page=6', 'body': '', 'score': 148}, {'title': '연상 갑시다', 'date': '2026.04.02 10:24', 'views': '26', 'likes': '4', 'dislikes': '0', 'link': '/item/board_read.naver?code=004090&nid=416573305&page=7', 'body': '', 'score': 146}]",9.2 (Strategy Advisor),004090
HD현대에너지솔루션,147000,+7.61%,1.64,275,6.74%,KOSPI,136600,5.10%,또 whi 급등 유가안정화까지는 홀딩하셔야됩니...[6] / 팔지마세요  태양광 대장을 왜 파나요? / 금요일장[1] / 나의 선택은,Positive (80%),"태양광, 대장을, whi, 유가안정화까지는, 홀딩하셔야됩니",2,"[{'title': '팔지마세요  태양광 대장을 왜 파나요?', 'date': '2026.04.02 20:54', 'views': '134', 'likes': '19', 'dislikes': '3', 'link': '/item/board_read.naver?code=322000&nid=416658558&page=1', 'body': '', 'score': 704}, {'title': '또 whi 급등 유가안정화까지는 홀딩하셔야됩니...[6]', 'date': '2026.04.02 11:36', 'views': '353', 'likes': '17', 'dislikes': '3', 'link': '/item/board_read.naver?code=322000&nid=416592171&page=9', 'body': '', 'score': 863}, {'title': '금요일장[1]', 'date': '2026.04.02 20:01', 'views': '257', 'likes': '14', 'dislikes': '2', 'link': '/item/board_read.naver?code=322000&nid=416655583&page=1', 'body': '', 'score': 677}, {'title': '현 정부 정책이', 'date': '2026.04.02 19:54', 'views': '65', 'likes': '13', 'dislikes': '0', 'link': '/item/board_read.naver?code=322000&nid=416655025&page=1', 'body': '', 'score': 455}, {'title': '나의 선택은', 'date': '2026.04.02 16:54', 'views': '259', 'likes': '12', 'dislikes': '4', 'link': '/item/board_read.naver?code=322000&nid=416641975&page=2', 'body': '', 'score': 619}, {'title': '쓸어담아라. 신재생에너지주 대세다. 정부가 강력한...', 'date': '2026.04.02 15:26', 'views': '56', 'likes': '11', 'dislikes': '1', 'link': '/item/board_read.naver?code=322000&nid=416632592&page=3', 'body': '', 'score': 386}, {'title': 'Oci홀딩스 시외 5%상승마감~~태양광 내일상...', 'date': '2026.04.02 19:55', 'views': '111', 'likes': '10', 'dislikes': '5', 'link': '/item/board_read.naver?code=322000&nid=416655133&page=1', 'body': '', 'score': 411}, {'title': '태양광 단독 대장주 등극~~~', 'date': '2026.04.02 16:37', 'views': '95', 'likes': '10', 'dislikes': '3', 'link': '/item/board_read.naver?code=322000&nid=416640577&page=2', 'body': '', 'score': 395}, {'title': '그래도 장 막판에 말아올렸네', 'date': '2026.04.02 15:34', 'views': '40', 'likes': '10', 'dislikes': '3', 'link': '/item/board_read.naver?code=322000&nid=416633857&page=3', 'body': '', 'score': 340}, {'title': '에너지 대란 온다', 'date': '2026.04.02 15:24', 'views': '41', 'likes': '10', 'dislikes': '1', 'link': '/item/board_read.naver?code=322000&nid=416632364&page=3', 'body': '', 'score': 341}]",9.2 (Strategy Advisor),322000
에코플라스틱,3975,+7.58%,-1.13,170,0.94%,KOSDAQ,3695,2.07%,농담아니고 내일진짜 상한가 갈 듯[1] / 내일 상간다 어쩐다 하는 애들 봐라.[3] / 이거 내일 상한가 갈 거 같다.[1] / 안되겠다[2],Positive (76%),"농담아니고, 내일진짜, 애들, 봐라, 내일은",2,"[{'title': '농담아니고 내일진짜 상한가 갈 듯[1]', 'date': '2026.04.02 18:23', 'views': '276', 'likes': '12', 'dislikes': '4', 'link': '/item/board_read.naver?code=038110&nid=416648723&page=1', 'body': '', 'score': 636}, {'title': '내일 상간다 어쩐다 하는 애들 봐라.[3]', 'date': '2026.04.02 19:52', 'views': '348', 'likes': '9', 'dislikes': '2', 'link': '/item/board_read.naver?code=038110&nid=416654927&page=1', 'body': '', 'score': 618}, {'title': '내일은 상!!', 'date': '2026.04.02 17:53', 'views': '52', 'likes': '9', 'dislikes': '5', 'link': '/item/board_read.naver?code=038110&nid=416646515&page=1', 'body': '', 'score': 322}, {'title': '내일', 'date': '2026.04.02 14:15', 'views': '40', 'likes': '9', 'dislikes': '4', 'link': '/item/board_read.naver?code=038110&nid=416616387&page=3', 'body': '', 'score': 310}, {'title': '안되겠다[2]', 'date': '2026.04.02 16:27', 'views': '146', 'likes': '8', 'dislikes': '0', 'link': '/item/board_read.naver?code=038110&nid=416639761&page=2', 'body': '', 'score': 386}, {'title': '이거 내일 상한가 갈 거 같다.[1]', 'date': '2026.04.02 15:17', 'views': '194', 'likes': '7', 'dislikes': '8', 'link': '/item/board_read.naver?code=038110&nid=416630979&page=2', 'body': '', 'score': 404}, {'title': '아놔 오늘 팔았는데', 'date': '2026.04.02 21:55', 'views': '60', 'likes': '6', 'dislikes': '1', 'link': '/item/board_read.naver?code=038110&nid=416661605&page=1', 'body': '', 'score': 240}, {'title': '작년 7월11일하고 비슷한자리', 'date': '2026.04.02 17:36', 'views': '70', 'likes': '6', 'dislikes': '4', 'link': '/item/board_read.naver?code=038110&nid=416645301&page=1', 'body': '', 'score': 250}, {'title': '형님들...[1]', 'date': '2026.04.02 16:26', 'views': '170', 'likes': '6', 'dislikes': '0', 'link': '/item/board_read.naver?code=038110&nid=416639660&page=2', 'body': '', 'score': 350}, {'title': '오늘시간외내리면다 한강가자', 'date': '2026.04.02 16:01', 'views': '52', 'likes': '6', 'dislikes': '0', 'link': '/item/board_read.naver?code=038110&nid=416637339&page=2', 'body': '', 'score': 232}]",9.2 (Strategy Advisor),038110
대한광통신,10120,+7.55%,0.82,697,6.32%,KOSDAQ,9410,5.50%,안녕하세요 다시 글올리네요[14] / 애들아~~~[11] / 이런장에  독야청정 홀로빨강이네~[6] / 여러분[2],Positive (65%),"애들아, 낼부터는, 날개를, 자체가, 사실",10,"[{'title': '애들아~~~[11]', 'date': '2026.04.02 15:41', 'views': '624', 'likes': '55', 'dislikes': '3', 'link': '/item/board_read.naver?code=010170&nid=416634884&page=6', 'body': '', 'score': 2274}, {'title': '안녕하세요 다시 글올리네요[14]', 'date': '2026.04.02 16:05', 'views': '1619', 'likes': '45', 'dislikes': '2', 'link': '/item/board_read.naver?code=010170&nid=416637730&page=5', 'body': '', 'score': 2969}, {'title': '낼부터는 날개를 9410*1.4=13,170[1]', 'date': '2026.04.02 15:44', 'views': '336', 'likes': '36', 'dislikes': '2', 'link': '/item/board_read.naver?code=010170&nid=416635369&page=6', 'body': '', 'score': 1416}, {'title': '여러분[2]', 'date': '2026.04.02 18:06', 'views': '537', 'likes': '35', 'dislikes': '5', 'link': '/item/board_read.naver?code=010170&nid=416647546&page=4', 'body': '', 'score': 1587}, {'title': '분석 자체가 사실 무의미한 장이 되버렸습니다...[3]', 'date': '2026.04.02 22:13', 'views': '393', 'likes': '33', 'dislikes': '2', 'link': '/item/board_read.naver?code=010170&nid=416662407&page=2', 'body': '', 'score': 1383}, {'title': '오늘 단일가 움직임 기대하는거 나뿐임? ㅎㅎ[2]', 'date': '2026.04.02 15:56', 'views': '429', 'likes': '33', 'dislikes': '3', 'link': '/item/board_read.naver?code=010170&nid=416636794&page=6', 'body': '', 'score': 1419}, {'title': '10650원에[3]', 'date': '2026.04.02 12:18', 'views': '354', 'likes': '33', 'dislikes': '2', 'link': '/item/board_read.naver?code=010170&nid=416599242&page=17', 'body': '', 'score': 1344}, {'title': '이런장에  독야청정 홀로빨강이네~[6]', 'date': '2026.04.02 16:06', 'views': '655', 'likes': '32', 'dislikes': '6', 'link': '/item/board_read.naver?code=010170&nid=416637809&page=5', 'body': '', 'score': 1615}, {'title': '시외에 매수엄청나네유..', 'date': '2026.04.02 17:25', 'views': '411', 'likes': '31', 'dislikes': '6', 'link': '/item/board_read.naver?code=010170&nid=416644472&page=4', 'body': '', 'score': 1341}, {'title': '진짜 대박 종목인 듯', 'date': '2026.04.02 20:21', 'views': '221', 'likes': '30', 'dislikes': '3', 'link': '/item/board_read.naver?code=010170&nid=416656828&page=3', 'body': '', 'score': 1121}]",9.2 (Strategy Advisor),010170
조이웍스앤코,918,+7.49%,-1.27,12,1.21%,KOSDAQ,854,2.48%,왜 올라가는거죠?[2] / 30프로 먹고 나간다!![1] / 주가가[1] / (급2보)[1],Positive (100%),"이상, 30프로, 먹고, 주가가, 급3보",1,"[{'title': '30프로 먹고 나간다!![1]', 'date': '2026.04.02 13:49', 'views': '79', 'likes': '4', 'dislikes': '9', 'link': '/item/board_read.naver?code=309930&nid=416612450&page=1', 'body': '', 'score': 199}, {'title': '주가가[1]', 'date': '2026.04.02 13:25', 'views': '70', 'likes': '2', 'dislikes': '0', 'link': '/item/board_read.naver?code=309930&nid=416609196&page=1', 'body': '', 'score': 130}, {'title': '(급3보)', 'date': '2026.04.02 12:47', 'views': '35', 'likes': '2', 'dislikes': '3', 'link': '/item/board_read.naver?code=309930&nid=416603441&page=1', 'body': '', 'score': 95}, {'title': '(급2보)[1]', 'date': '2026.04.02 11:48', 'views': '69', 'likes': '2', 'dislikes': '4', 'link': '/item/board_read.naver?code=309930&nid=416594564&page=1', 'body': '', 'score': 129}, {'title': '(급1보)[1]', 'date': '2026.04.02 11:31', 'views': '49', 'likes': '2', 'dislikes': '5', 'link': '/item/board_read.naver?code=309930&nid=416590923&page=1', 'body': '', 'score': 109}, {'title': '뭔일 있나 했더니', 'date': '2026.04.02 12:18', 'views': '60', 'likes': '1', 'dislikes': '0', 'link': '/item/board_read.naver?code=309930&nid=416599246&page=1', 'body': '', 'score': 90}, {'title': '왜 올라가는거죠?[2]', 'date': '2026.04.02 11:07', 'views': '181', 'likes': '1', 'dislikes': '0', 'link': '/item/board_read.naver?code=309930&nid=416585278&page=1', 'body': '', 'score': 211}, {'title': '더 내려갈 자리가있나?', 'date': '2026.04.02 11:04', 'views': '29', 'likes': '0', 'dislikes': '1', 'link': '/item/board_read.naver?code=309930&nid=416584511&page=1', 'body': '', 'score': 29}, {'title': '25% 이상 상승했어요 🎉', 'date': '2026.04.02 11:01', 'views': '23', 'likes': '0', 'dislikes': '1', 'link': '/item/board_read.naver?code=309930&nid=416583873&page=1', 'body': '', 'score': 23}, {'title': '20% 이상 상승했어요 🎉', 'date': '2026.04.02 10:58', 'views': '15', 'likes': '0', 'dislikes': '1', 'link': '/item/board_read.naver?code=309930&nid=416583277&page=1', 'body': '', 'score': 15}]",9.2 (Strategy Advisor),309930
NE능률,2325,+7.14%,0.59,56,3.83%,KOSDAQ,2170,3.24%,"NE능률 때는 온다[3] / 탄핵 1주기가 다가온다[3] / [단독] 이란대사 “미국과 거래많은 한국선박, ...[1] / 물량 얼마나 나오는지 테스트하나 보다[1]",Positive (100%),"때는, 물량, 얼마나, 나오는지, 테스트하나",1,"[{'title': 'NE능률 때는 온다[3]', 'date': '2026.04.02 09:16', 'views': '134', 'likes': '15', 'dislikes': '2', 'link': '/item/board_read.naver?code=053290&nid=416558917&page=3', 'body': '', 'score': 584}, {'title': '물량 얼마나 나오는지 테스트하나 보다[1]', 'date': '2026.04.02 09:27', 'views': '69', 'likes': '11', 'dislikes': '1', 'link': '/item/board_read.naver?code=053290&nid=416561492&page=3', 'body': '', 'score': 399}, {'title': '탄핵 1주기가 다가온다[3]', 'date': '2026.04.02 09:19', 'views': '102', 'likes': '11', 'dislikes': '0', 'link': '/item/board_read.naver?code=053290&nid=416559536&page=3', 'body': '', 'score': 432}, {'title': '[단독] 이란대사 “미국과 거래많은 한국선박, ...[1]', 'date': '2026.04.02 14:35', 'views': '106', 'likes': '10', 'dislikes': '1', 'link': '/item/board_read.naver?code=053290&nid=416620353&page=2', 'body': '', 'score': 406}, {'title': '미국에서 부활절 전에 OOO[1]', 'date': '2026.04.02 09:12', 'views': '70', 'likes': '9', 'dislikes': '1', 'link': '/item/board_read.naver?code=053290&nid=416558056&page=3', 'body': '', 'score': 340}, {'title': '국가 위기에 비례하여 이곳 주가가 커플링 ...[1]', 'date': '2026.04.02 09:08', 'views': '65', 'likes': '9', 'dislikes': '1', 'link': '/item/board_read.naver?code=053290&nid=416556861&page=3', 'body': '', 'score': 335}, {'title': '윤석열 관련주는 이곳이 유일하다[4]', 'date': '2026.04.02 18:41', 'views': '72', 'likes': '8', 'dislikes': '1', 'link': '/item/board_read.naver?code=053290&nid=416649956&page=1', 'body': '', 'score': 312}, {'title': '오늘 트럼프 10시 연설 보면[1]', 'date': '2026.04.02 13:47', 'views': '104', 'likes': '8', 'dislikes': '1', 'link': '/item/board_read.naver?code=053290&nid=416612270&page=2', 'body': '', 'score': 344}, {'title': '버티는 것보가 하야가 이득이면', 'date': '2026.04.02 11:48', 'views': '62', 'likes': '8', 'dislikes': '0', 'link': '/item/board_read.naver?code=053290&nid=416594438&page=2', 'body': '', 'score': 302}, {'title': '외인 선물 현물 동시에 팔아치우네', 'date': '2026.04.02 11:18', 'views': '82', 'likes': '8', 'dislikes': '0', 'link': '/item/board_read.naver?code=053290&nid=416587812&page=2', 'body': '', 'score': 322}]",9.2 (Strategy Advisor),053290
휴스틸,5690,+6.95%,-0.63,210,3.82%,KOSPI,5320,4.45%,SSP 상한가!![1] / SSP 상한가 갔네요. ★ 휴스틸 SSP 지분 ... / 휴스틸 투자 SSP 상한가[1] / Saudi Steel Pipe Company[4],Positive (72%),"SSP, 지분, 루이지애나, LNG, 터미널에도",2,"[{'title': 'SSP 상한가 갔네요. ★ 휴스틸 SSP 지분 ...', 'date': '2026.04.02 22:30', 'views': '193', 'likes': '17', 'dislikes': '0', 'link': '/item/board_read.naver?code=005010&nid=416663480&page=1', 'body': '', 'score': 703}, {'title': 'SSP 상한가!![1]', 'date': '2026.04.02 20:40', 'views': '297', 'likes': '16', 'dislikes': '1', 'link': '/item/board_read.naver?code=005010&nid=416657812&page=1', 'body': '', 'score': 777}, {'title': '휴스틸 투자 SSP 상한가[1]', 'date': '2026.04.02 22:00', 'views': '256', 'likes': '14', 'dislikes': '1', 'link': '/item/board_read.naver?code=005010&nid=416661846&page=1', 'body': '', 'score': 676}, {'title': '루이지애나 LNG 터미널에도...', 'date': '2026.04.02 23:19', 'views': '110', 'likes': '10', 'dislikes': '1', 'link': '/item/board_read.naver?code=005010&nid=416667477&page=1', 'body': '', 'score': 410}, {'title': '내일 상한가 가나요[1]', 'date': '2026.04.02 21:36', 'views': '131', 'likes': '10', 'dislikes': '5', 'link': '/item/board_read.naver?code=005010&nid=416660620&page=1', 'body': '', 'score': 431}, {'title': '우리나라 주식은 장기전 가면안되[1]', 'date': '2026.04.02 15:43', 'views': '136', 'likes': '9', 'dislikes': '0', 'link': '/item/board_read.naver?code=005010&nid=416635232&page=5', 'body': '', 'score': 406}, {'title': '주주분들은  내일봬영', 'date': '2026.04.02 15:29', 'views': '108', 'likes': '9', 'dislikes': '1', 'link': '/item/board_read.naver?code=005010&nid=416633092&page=5', 'body': '', 'score': 378}, {'title': 'Saudi Steel Pipe Company[4]', 'date': '2026.04.02 18:17', 'views': '245', 'likes': '7', 'dislikes': '1', 'link': '/item/board_read.naver?code=005010&nid=416648315&page=2', 'body': '', 'score': 455}, {'title': '넥스틸 오늘 상가면[2]', 'date': '2026.04.02 18:00', 'views': '178', 'likes': '7', 'dislikes': '6', 'link': '/item/board_read.naver?code=005010&nid=416647095&page=2', 'body': '', 'score': 388}, {'title': '낼은 가볍게  6천돌파후  7천안착될듯[1]', 'date': '2026.04.02 23:06', 'views': '125', 'likes': '6', 'dislikes': '0', 'link': '/item/board_read.naver?code=005010&nid=416666743&page=1', 'body': '', 'score': 305}]",9.2 (Strategy Advisor),005010
중앙에너비스,23850,+6.95%,-1.45,83,0.49%,KOSDAQ,22300,1.94%,홍구 따라다니지말고 한번은 / 수급도 없고 외인들도 조금 남기고 다 뺘졌고 ...[1] / 달려 부자좀되보쟈[1] / 나이스ㅅㅅㅅㅅㅅㅅ[1],Positive (70%),"홍구, 따라다니지말고, 한번은, 낼도, 못치면",1,"[{'title': '홍구 따라다니지말고 한번은', 'date': '2026.04.02 11:23', 'views': '14', 'likes': '3', 'dislikes': '0', 'link': '/item/board_read.naver?code=000440&nid=416589007&page=3', 'body': '', 'score': 104}, {'title': '낼도 상 못치면 끝난 주식[1]', 'date': '2026.04.02 23:06', 'views': '15', 'likes': '2', 'dislikes': '1', 'link': '/item/board_read.naver?code=000440&nid=416666774&page=1', 'body': '', 'score': 75}, {'title': '이번 재료는 말이지....', 'date': '2026.04.02 22:56', 'views': '18', 'likes': '2', 'dislikes': '0', 'link': '/item/board_read.naver?code=000440&nid=416666082&page=1', 'body': '', 'score': 78}, {'title': '5년래 유가최고치', 'date': '2026.04.02 22:27', 'views': '18', 'likes': '2', 'dislikes': '0', 'link': '/item/board_read.naver?code=000440&nid=416663073&page=1', 'body': '', 'score': 78}, {'title': '수급도 없고 외인들도 조금 남기고 다 뺘졌고 ...[1]', 'date': '2026.04.02 15:28', 'views': '33', 'likes': '2', 'dislikes': '3', 'link': '/item/board_read.naver?code=000440&nid=416633059&page=2', 'body': '', 'score': 93}, {'title': '홍구 가야 우리도가는거냐', 'date': '2026.04.02 11:33', 'views': '11', 'likes': '2', 'dislikes': '0', 'link': '/item/board_read.naver?code=000440&nid=416591532&page=3', 'body': '', 'score': 71}, {'title': '올려줄때 팔아 기술적 반등이야', 'date': '2026.04.02 10:55', 'views': '11', 'likes': '2', 'dislikes': '0', 'link': '/item/board_read.naver?code=000440&nid=416582624&page=3', 'body': '', 'score': 71}, {'title': '달려 부자좀되보쟈[1]', 'date': '2026.04.02 10:47', 'views': '29', 'likes': '2', 'dislikes': '0', 'link': '/item/board_read.naver?code=000440&nid=416580483&page=3', 'body': '', 'score': 89}, {'title': '한마디로', 'date': '2026.04.02 10:37', 'views': '17', 'likes': '2', 'dislikes': '0', 'link': '/item/board_read.naver?code=000440&nid=416577518&page=4', 'body': '', 'score': 77}, {'title': '나이스ㅅㅅㅅㅅㅅㅅ[1]', 'date': '2026.04.02 10:28', 'views': '23', 'likes': '2', 'dislikes': '0', 'link': '/item/board_read.naver?code=000440&nid=416574618&page=4', 'body': '', 'score': 83}]",9.2 (Strategy Advisor),000440
계양전기,6680,+6.88%,0.38,74,0.38%,KOSPI,6250,0.00%,내일 점상 가능성[1] / 이젠  1분기실적이 예상될꺼고. / 가치투자3 / 좀 레인보우처럼..[1],Negative (70%),"점상, 가능성, 가치투자3, 이젠, 1분기실적이",1,"[{'title': '내일 점상 가능성[1]', 'date': '2026.04.02 16:54', 'views': '237', 'likes': '12', 'dislikes': '3', 'link': '/item/board_read.naver?code=012200&nid=416641956&page=1', 'body': '', 'score': 597}, {'title': '가치투자3', 'date': '2026.04.02 11:28', 'views': '82', 'likes': '12', 'dislikes': '1', 'link': '/item/board_read.naver?code=012200&nid=416590181&page=1', 'body': '', 'score': 442}, {'title': '이젠  1분기실적이 예상될꺼고.', 'date': '2026.04.02 14:29', 'views': '147', 'likes': '11', 'dislikes': '2', 'link': '/item/board_read.naver?code=012200&nid=416618744&page=1', 'body': '', 'score': 477}, {'title': '좀 레인보우처럼..[1]', 'date': '2026.04.02 18:04', 'views': '129', 'likes': '10', 'dislikes': '1', 'link': '/item/board_read.naver?code=012200&nid=416647360&page=1', 'body': '', 'score': 429}, {'title': '겁나 눌러대네 ㅋㅋㅋㅋㅋ', 'date': '2026.04.02 11:45', 'views': '64', 'likes': '8', 'dislikes': '2', 'link': '/item/board_read.naver?code=012200&nid=416593881&page=1', 'body': '', 'score': 304}, {'title': '6750원에 들어 왔습니다..[2]', 'date': '2026.04.02 16:00', 'views': '203', 'likes': '6', 'dislikes': '2', 'link': '/item/board_read.naver?code=012200&nid=416637216&page=1', 'body': '', 'score': 383}, {'title': '계양 목표', 'date': '2026.04.02 22:08', 'views': '94', 'likes': '5', 'dislikes': '5', 'link': '/item/board_read.naver?code=012200&nid=416662177&page=1', 'body': '', 'score': 244}, {'title': '14천대 언제 오나?', 'date': '2026.04.02 19:47', 'views': '41', 'likes': '5', 'dislikes': '1', 'link': '/item/board_read.naver?code=012200&nid=416654537&page=1', 'body': '', 'score': 191}, {'title': '어제 회사 주담에 신고 완료함', 'date': '2026.04.02 09:41', 'views': '46', 'likes': '4', 'dislikes': '1', 'link': '/item/board_read.naver?code=012200&nid=416564627&page=3', 'body': '', 'score': 166}, {'title': '외개인들 어제 물량 다 던졌는데', 'date': '2026.04.02 09:09', 'views': '26', 'likes': '3', 'dislikes': '1', 'link': '/item/board_read.naver?code=012200&nid=416557171&page=4', 'body': '', 'score': 116}]",9.2 (Strategy Advisor),012200
현대로템,201500,+6.73%,0.45,241,33.87%,KOSPI,188800,33.42%,루마니아 확정[6] / 한에 140 LIG 80[1] / 흠~  제이피모건![2] / 애증의 현대로템,Negative (52%),"한에, LIG, 루마니아, 확정, 제이피모건",2,"[{'title': '한에 140 LIG 80[1]', 'date': '2026.04.02 16:43', 'views': '231', 'likes': '65', 'dislikes': '8', 'link': '/item/board_read.naver?code=064350&nid=416641115&page=3', 'body': '', 'score': 2181}, {'title': '루마니아 확정[6]', 'date': '2026.04.02 12:36', 'views': '1422', 'likes': '44', 'dislikes': '8', 'link': '/item/board_read.naver?code=064350&nid=416601778&page=6', 'body': '', 'score': 2742}, {'title': '흠~  제이피모건![2]', 'date': '2026.04.02 19:17', 'views': '655', 'likes': '36', 'dislikes': '3', 'link': '/item/board_read.naver?code=064350&nid=416652312&page=2', 'body': '', 'score': 1735}, {'title': '수고하셨습니다[5]', 'date': '2026.04.02 21:55', 'views': '390', 'likes': '32', 'dislikes': '5', 'link': '/item/board_read.naver?code=064350&nid=416661575&page=1', 'body': '', 'score': 1350}, {'title': '넥장에서 오른 유일한 주식인듯 ㅋ', 'date': '2026.04.02 21:16', 'views': '151', 'likes': '31', 'dislikes': '2', 'link': '/item/board_read.naver?code=064350&nid=416659679&page=1', 'body': '', 'score': 1081}, {'title': '수주확신  ?[2]', 'date': '2026.04.02 17:25', 'views': '455', 'likes': '30', 'dislikes': '8', 'link': '/item/board_read.naver?code=064350&nid=416644513&page=2', 'body': '', 'score': 1355}, {'title': '애증의 현대로템', 'date': '2026.04.02 18:16', 'views': '599', 'likes': '28', 'dislikes': '3', 'link': '/item/board_read.naver?code=064350&nid=416648197&page=2', 'body': '', 'score': 1439}, {'title': '낼 반도체 죽고 방산만 개급등할듯', 'date': '2026.04.02 17:59', 'views': '303', 'likes': '28', 'dislikes': '4', 'link': '/item/board_read.naver?code=064350&nid=416647007&page=2', 'body': '', 'score': 1143}, {'title': '방산주 상승 배경[1]', 'date': '2026.04.02 15:53', 'views': '583', 'likes': '28', 'dislikes': '6', 'link': '/item/board_read.naver?code=064350&nid=416636541&page=3', 'body': '', 'score': 1423}, {'title': '오늘 다시 부활 진입(수정)', 'date': '2026.04.02 18:59', 'views': '491', 'likes': '27', 'dislikes': '4', 'link': '/item/board_read.naver?code=064350&nid=416651155&page=2', 'body': '', 'score': 1301}]",9.2 (Strategy Advisor),064350
파이버프로,23550,+6.32%,1.31,115,5.13%,KOSDAQ,22150,3.82%,파이버프로[1] / 칭찬해..신랑은 안판다!!나는 팔자 ... / 골드만 새끼들 오늘 왜 사냐?[1] / * 15% 이상 추가 익절 [파이버프로][8],Positive (60%),"제2의, 칭찬해, 신랑은, 나는, 팔자",4,"[{'title': '파이버프로[1]', 'date': '2026.04.02 15:41', 'views': '253', 'likes': '8', 'dislikes': '1', 'link': '/item/board_read.naver?code=368770&nid=416634953&page=1', 'body': '', 'score': 493}, {'title': '이거 제2의 삼성전자다', 'date': '2026.04.02 13:56', 'views': '73', 'likes': '7', 'dislikes': '6', 'link': '/item/board_read.naver?code=368770&nid=416613613&page=3', 'body': '', 'score': 283}, {'title': '칭찬해..신랑은 안판다!!나는 팔자 ...', 'date': '2026.04.02 15:32', 'views': '176', 'likes': '6', 'dislikes': '2', 'link': '/item/board_read.naver?code=368770&nid=416633475&page=1', 'body': '', 'score': 356}, {'title': '지금은 관망시기여..', 'date': '2026.04.02 14:15', 'views': '46', 'likes': '6', 'dislikes': '1', 'link': '/item/board_read.naver?code=368770&nid=416616412&page=2', 'body': '', 'score': 226}, {'title': '* 15% 이상 추가 익절 [파이버프로][8]', 'date': '2026.04.02 13:10', 'views': '158', 'likes': '6', 'dislikes': '8', 'link': '/item/board_read.naver?code=368770&nid=416607077&page=3', 'body': '', 'score': 338}, {'title': '반도체 소부장주 슈퍼을 ASML이 있...', 'date': '2026.04.02 10:00', 'views': '50', 'likes': '6', 'dislikes': '1', 'link': '/item/board_read.naver?code=368770&nid=416568135&page=6', 'body': '', 'score': 230}, {'title': '골드만 새끼들 오늘 왜 사냐?[1]', 'date': '2026.04.02 14:23', 'views': '202', 'likes': '5', 'dislikes': '1', 'link': '/item/board_read.naver?code=368770&nid=416617615&page=2', 'body': '', 'score': 352}, {'title': '천궁2 의 놀라운 요격률을 미국 뉴욕...', 'date': '2026.04.02 23:20', 'views': '126', 'likes': '4', 'dislikes': '0', 'link': '/item/board_read.naver?code=368770&nid=416667532&page=1', 'body': '', 'score': 246}, {'title': '먼가', 'date': '2026.04.02 14:25', 'views': '53', 'likes': '4', 'dislikes': '1', 'link': '/item/board_read.naver?code=368770&nid=416617903&page=2', 'body': '', 'score': 173}, {'title': 'vi에 팔고[2]', 'date': '2026.04.02 13:54', 'views': '116', 'likes': '4', 'dislikes': '1', 'link': '/item/board_read.naver?code=368770&nid=416613283&page=3', 'body': '', 'score': 236}]",9.2 (Strategy Advisor),368770
한화에어로스페이스,1417000,+6.30%,0.13,180,45.06%,KOSPI,1333000,44.93%,미국과 한국 전세계에 아르테미스 2호 발사 성...[2] / 방산주 한화에어로 기대된다 / 오늘 트럼프는 이란 석유시설과 발전소 타... / 목표가 까지 아직  멀었다.[2],Positive (65%),"전쟁이, 방산주, 끝나든, 말든, 트럼프왈",2,"[{'title': '방산주 한화에어로 기대된다', 'date': '2026.04.02 18:44', 'views': '281', 'likes': '22', 'dislikes': '1', 'link': '/item/board_read.naver?code=012450&nid=416650183&page=2', 'body': '', 'score': 941}, {'title': '전쟁이 끝나든 말든, 한화에어로는 간다', 'date': '2026.04.02 18:21', 'views': '88', 'likes': '19', 'dislikes': '0', 'link': '/item/board_read.naver?code=012450&nid=416648587&page=2', 'body': '', 'score': 658}, {'title': '트럼프왈 각자도생', 'date': '2026.04.02 16:35', 'views': '94', 'likes': '19', 'dislikes': '1', 'link': '/item/board_read.naver?code=012450&nid=416640413&page=2', 'body': '', 'score': 664}, {'title': '미국과 한국 전세계에 아르테미스 2호 발사 성...[2]', 'date': '2026.04.02 15:49', 'views': '491', 'likes': '19', 'dislikes': '0', 'link': '/item/board_read.naver?code=012450&nid=416635981&page=2', 'body': '', 'score': 1061}, {'title': '가보자 전쟁이 우리가났나보다', 'date': '2026.04.02 12:07', 'views': '89', 'likes': '18', 'dislikes': '2', 'link': '/item/board_read.naver?code=012450&nid=416597711&page=4', 'body': '', 'score': 629}, {'title': '낼은 상가자', 'date': '2026.04.02 16:24', 'views': '106', 'likes': '17', 'dislikes': '1', 'link': '/item/board_read.naver?code=012450&nid=416639532&page=2', 'body': '', 'score': 616}, {'title': '천궁.천무 수주 최 대박중', 'date': '2026.04.02 15:35', 'views': '169', 'likes': '15', 'dislikes': '2', 'link': '/item/board_read.naver?code=012450&nid=416633968&page=3', 'body': '', 'score': 619}, {'title': '목표가 까지 아직  멀었다.[2]', 'date': '2026.04.02 14:08', 'views': '252', 'likes': '15', 'dislikes': '3', 'link': '/item/board_read.naver?code=012450&nid=416615224&page=3', 'body': '', 'score': 702}, {'title': '개인들 팔지말고 그냥 있어라', 'date': '2026.04.02 09:10', 'views': '60', 'likes': '15', 'dislikes': '0', 'link': '/item/board_read.naver?code=012450&nid=416557504&page=8', 'body': '', 'score': 510}, {'title': '오늘 트럼프는 이란 석유시설과 발전소 타...', 'date': '2026.04.02 15:42', 'views': '389', 'likes': '13', 'dislikes': '0', 'link': '/item/board_read.naver?code=012450&nid=416635112&page=3', 'body': '', 'score': 779}]",9.2 (Strategy Advisor),012450
상신이디피,20250,+6.02%,0.68,17,8.60%,KOSDAQ,19100,7.92%,3년만에 본전[4] / [대장주] Space-X 특급 보안 협력사 되...[6] / 비관적인 사람 배아프겠네 / 전 이만,Positive (100%),"3년만에, 대장주, Space, 특급, 보안",1,"[{'title': '[대장주] Space-X 특급 보안 협력사 되...[6]', 'date': '2026.04.02 17:27', 'views': '201', 'likes': '9', 'dislikes': '1', 'link': '/item/board_read.naver?code=091580&nid=416644622&page=1', 'body': '', 'score': 471}, {'title': '3년만에 본전[4]', 'date': '2026.04.02 09:48', 'views': '366', 'likes': '8', 'dislikes': '3', 'link': '/item/board_read.naver?code=091580&nid=416565993&page=1', 'body': '', 'score': 606}, {'title': '전 이만', 'date': '2026.04.02 10:10', 'views': '89', 'likes': '6', 'dislikes': '0', 'link': '/item/board_read.naver?code=091580&nid=416570045&page=1', 'body': '', 'score': 269}, {'title': '비관적인 사람 배아프겠네', 'date': '2026.04.02 09:35', 'views': '100', 'likes': '6', 'dislikes': '1', 'link': '/item/board_read.naver?code=091580&nid=416563162&page=1', 'body': '', 'score': 280}, {'title': '3년만에 드디어[1]', 'date': '2026.04.02 10:00', 'views': '144', 'likes': '4', 'dislikes': '0', 'link': '/item/board_read.naver?code=091580&nid=416568103&page=1', 'body': '', 'score': 264}, {'title': '이게 경기방어주인가요?[1]', 'date': '2026.04.02 11:48', 'views': '174', 'likes': '3', 'dislikes': '1', 'link': '/item/board_read.naver?code=091580&nid=416594568&page=1', 'body': '', 'score': 264}, {'title': 'PLUS\xa0코스닥액티브펀드 0.39프로[1]', 'date': '2026.04.02 21:22', 'views': '38', 'likes': '2', 'dislikes': '1', 'link': '/item/board_read.naver?code=091580&nid=416659991&page=1', 'body': '', 'score': 98}, {'title': '상신이디피 ㅅ 바 진짜[1]', 'date': '2026.04.02 09:23', 'views': '106', 'likes': '2', 'dislikes': '1', 'link': '/item/board_read.naver?code=091580&nid=416560591&page=1', 'body': '', 'score': 166}, {'title': '상속문제 털고나니[1]', 'date': '2026.04.02 15:50', 'views': '116', 'likes': '1', 'dislikes': '2', 'link': '/item/board_read.naver?code=091580&nid=416636096&page=1', 'body': '', 'score': 146}, {'title': '외국인 기관 마이 샀네요', 'date': '2026.04.02 15:42', 'views': '47', 'likes': '1', 'dislikes': '1', 'link': '/item/board_read.naver?code=091580&nid=416635093&page=1', 'body': '', 'score': 77}]",9.2 (Strategy Advisor),091580
와이지-원,13410,+6.01%,0.69,23,18.37%,KOSDAQ,12650,17.68%,와이지-원의 사업방향에 대한 잡담[1] / 와이지원 / 던지니 오르네[1] / 원래 잡주의특성이[1],Positive (100%),"원의, 사업방향에, 대한, 잡담, 던지니",1,"[{'title': '와이지원', 'date': '2026.04.02 09:27', 'views': '109', 'likes': '6', 'dislikes': '1', 'link': '/item/board_read.naver?code=019210&nid=416561445&page=1', 'body': '', 'score': 289}, {'title': '와이지-원의 사업방향에 대한 잡담[1]', 'date': '2026.04.02 19:52', 'views': '197', 'likes': '5', 'dislikes': '2', 'link': '/item/board_read.naver?code=019210&nid=416654900&page=1', 'body': '', 'score': 347}, {'title': '던지니 오르네[1]', 'date': '2026.04.02 13:51', 'views': '158', 'likes': '4', 'dislikes': '1', 'link': '/item/board_read.naver?code=019210&nid=416612734&page=1', 'body': '', 'score': 278}, {'title': '슈팅할 시점이 됐는데... 냄새가 난다', 'date': '2026.04.02 13:48', 'views': '101', 'likes': '4', 'dislikes': '1', 'link': '/item/board_read.naver?code=019210&nid=416612395&page=1', 'body': '', 'score': 221}, {'title': '원래 잡주의특성이[1]', 'date': '2026.04.02 12:44', 'views': '137', 'likes': '4', 'dislikes': '1', 'link': '/item/board_read.naver?code=019210&nid=416602914&page=1', 'body': '', 'score': 257}, {'title': '와지원 가즈아!!!!', 'date': '2026.04.02 10:20', 'views': '75', 'likes': '4', 'dislikes': '0', 'link': '/item/board_read.naver?code=019210&nid=416572068&page=1', 'body': '', 'score': 195}, {'title': '상이다', 'date': '2026.04.02 09:06', 'views': '70', 'likes': '4', 'dislikes': '1', 'link': '/item/board_read.naver?code=019210&nid=416556477&page=2', 'body': '', 'score': 190}, {'title': '10% 이상 상승했어요 🎉', 'date': '2026.04.02 09:04', 'views': '33', 'likes': '4', 'dislikes': '0', 'link': '/item/board_read.naver?code=019210&nid=416555956&page=2', 'body': '', 'score': 153}, {'title': '13700원 근처가면', 'date': '2026.04.02 10:39', 'views': '90', 'likes': '3', 'dislikes': '2', 'link': '/item/board_read.naver?code=019210&nid=416577965&page=1', 'body': '', 'score': 180}, {'title': '상 갈듯[1]', 'date': '2026.04.02 09:50', 'views': '59', 'likes': '3', 'dislikes': '1', 'link': '/item/board_read.naver?code=019210&nid=416566360&page=1', 'body': '', 'score': 149}]",9.2 (Strategy Advisor),019210
넥스틸,12290,+5.95%,-0.75,558,1.54%,KOSPI,11600,2.29%,이란 미국 철강공장 공격!! + 이란...[3] / 이란이 미국 철강공장 공격 / 미국 휴스턴 공장+중동 송유관. / 미국 휴스턴 공장+중동 송유관.,Positive (53%),"미국, 송유관, 이란, 철강공장, 공격",2,"[{'title': '이란 미국 철강공장 공격!! + 이란...[3]', 'date': '2026.04.02 22:09', 'views': '517', 'likes': '27', 'dislikes': '2', 'link': '/item/board_read.naver?code=092790&nid=416662231&page=2', 'body': '', 'score': 1327}, {'title': '이란이 미국 철강공장 공격', 'date': '2026.04.02 21:42', 'views': '260', 'likes': '24', 'dislikes': '2', 'link': '/item/board_read.naver?code=092790&nid=416660948&page=3', 'body': '', 'score': 980}, {'title': '미국 휴스턴 공장+중동 송유관.', 'date': '2026.04.02 22:17', 'views': '266', 'likes': '16', 'dislikes': '4', 'link': '/item/board_read.naver?code=092790&nid=416662591&page=2', 'body': '', 'score': 746}, {'title': '미국 휴스턴 공장+중동 송유관.', 'date': '2026.04.02 21:31', 'views': '270', 'likes': '13', 'dislikes': '2', 'link': '/item/board_read.naver?code=092790&nid=416660380&page=3', 'body': '', 'score': 660}, {'title': '육로 이용한 원유수출까지', 'date': '2026.04.02 22:21', 'views': '270', 'likes': '11', 'dislikes': '1', 'link': '/item/board_read.naver?code=092790&nid=416662797&page=2', 'body': '', 'score': 600}, {'title': '특허공시 분석합니다 - 얘 개잡주 아닙니다 장...[1]', 'date': '2026.04.02 18:54', 'views': '187', 'likes': '11', 'dislikes': '1', 'link': '/item/board_read.naver?code=092790&nid=416650848&page=8', 'body': '', 'score': 517}, {'title': '상한가 가나요[1]', 'date': '2026.04.02 18:23', 'views': '96', 'likes': '11', 'dislikes': '1', 'link': '/item/board_read.naver?code=092790&nid=416648729&page=11', 'body': '', 'score': 426}, {'title': '걸프국, 새 송유관 검토... 30조 규모[2]', 'date': '2026.04.02 20:19', 'views': '301', 'likes': '10', 'dislikes': '3', 'link': '/item/board_read.naver?code=092790&nid=416656666&page=4', 'body': '', 'score': 601}, {'title': '내일 8시 수급대장주', 'date': '2026.04.02 20:06', 'views': '175', 'likes': '10', 'dislikes': '3', 'link': '/item/board_read.naver?code=092790&nid=416655884&page=4', 'body': '', 'score': 475}, {'title': '이야 미국 특허 공시머냐 설마 넥장 상만들고[1]', 'date': '2026.04.02 17:23', 'views': '99', 'likes': '10', 'dislikes': '0', 'link': '/item/board_read.naver?code=092790&nid=416644361&page=19', 'body': '', 'score': 399}]",9.2 (Strategy Advisor),092790
OCI홀딩스,205000,+5.94%,-0.07,78,18.63%,KOSPI,193500,18.70%,국민연금이 2026년 대장주로 지분 13% ...[1] / 오씨아이 홀딩스 호재[1] / 태양광 대장은 OCI[1] / 이정도 돼면 기관들은[2],Negative (54%),"국민연금이, 2026년, 대장주로, 지분, 태양광",1,"[{'title': '국민연금이 2026년 대장주로 지분 13% ...[1]', 'date': '2026.04.02 15:49', 'views': '606', 'likes': '17', 'dislikes': '3', 'link': '/item/board_read.naver?code=010060&nid=416636035&page=1', 'body': '', 'score': 1116}, {'title': '태양광 대장은 OCI[1]', 'date': '2026.04.02 18:29', 'views': '330', 'likes': '15', 'dislikes': '1', 'link': '/item/board_read.naver?code=010060&nid=416649072&page=1', 'body': '', 'score': 780}, {'title': '넥장을 잠시 지켜본바[1]', 'date': '2026.04.02 20:12', 'views': '277', 'likes': '14', 'dislikes': '1', 'link': '/item/board_read.naver?code=010060&nid=416656320&page=1', 'body': '', 'score': 697}, {'title': '이정도 돼면 기관들은[2]', 'date': '2026.04.02 15:46', 'views': '321', 'likes': '13', 'dislikes': '2', 'link': '/item/board_read.naver?code=010060&nid=416635626&page=2', 'body': '', 'score': 711}, {'title': '오씨아이 홀딩스 호재[1]', 'date': '2026.04.02 11:20', 'views': '498', 'likes': '12', 'dislikes': '5', 'link': '/item/board_read.naver?code=010060&nid=416588283&page=3', 'body': '', 'score': 858}, {'title': '국민연금', 'date': '2026.04.02 15:26', 'views': '297', 'likes': '11', 'dislikes': '0', 'link': '/item/board_read.naver?code=010060&nid=416632606&page=2', 'body': '', 'score': 627}, {'title': '허매도', 'date': '2026.04.02 17:04', 'views': '379', 'likes': '9', 'dislikes': '0', 'link': '/item/board_read.naver?code=010060&nid=416642747&page=1', 'body': '', 'score': 649}, {'title': '우주삼협댐 자본조달', 'date': '2026.04.02 12:33', 'views': '126', 'likes': '9', 'dislikes': '2', 'link': '/item/board_read.naver?code=010060&nid=416601416&page=2', 'body': '', 'score': 396}, {'title': '이거 왜 올랐냐면', 'date': '2026.04.02 12:22', 'views': '67', 'likes': '9', 'dislikes': '0', 'link': '/item/board_read.naver?code=010060&nid=416599831&page=2', 'body': '', 'score': 337}, {'title': '달', 'date': '2026.04.02 08:13', 'views': '131', 'likes': '9', 'dislikes': '2', 'link': '/item/board_read.naver?code=010060&nid=416550252&page=4', 'body': '', 'score': 401}]",9.2 (Strategy Advisor),010060
에스엔시스,31200,+5.94%,-0.31,24,7.27%,KOSDAQ,29450,7.58%,한투에 레포트가 나왔네요[2] / 내돈 어디갔어 내 돈[3] / 또 지자리 찾아갈걸알기에.. / 기타법인대량매수[1],Positive (100%),"지자리, 찾아갈걸알기에, 내돈, 어디갔어, 한투에",1,"[{'title': '또 지자리 찾아갈걸알기에..', 'date': '2026.04.02 09:14', 'views': '62', 'likes': '6', 'dislikes': '1', 'link': '/item/board_read.naver?code=0008Z0&nid=416558315&page=1', 'body': '', 'score': 242}, {'title': '내돈 어디갔어 내 돈[3]', 'date': '2026.04.02 13:38', 'views': '108', 'likes': '5', 'dislikes': '0', 'link': '/item/board_read.naver?code=0008Z0&nid=416610893&page=1', 'body': '', 'score': 258}, {'title': '한투에 레포트가 나왔네요[2]', 'date': '2026.04.02 09:52', 'views': '285', 'likes': '5', 'dislikes': '1', 'link': '/item/board_read.naver?code=0008Z0&nid=416566770&page=1', 'body': '', 'score': 435}, {'title': '기업가치재고. ㅋㅋㅋ 또팔아먹을려고', 'date': '2026.04.02 16:14', 'views': '51', 'likes': '4', 'dislikes': '0', 'link': '/item/board_read.naver?code=0008Z0&nid=416638589&page=1', 'body': '', 'score': 171}, {'title': '장전에 꼬시기네..', 'date': '2026.04.02 08:38', 'views': '30', 'likes': '4', 'dislikes': '0', 'link': '/item/board_read.naver?code=0008Z0&nid=416552754&page=1', 'body': '', 'score': 150}, {'title': '기타법인대량매수[1]', 'date': '2026.04.02 08:15', 'views': '119', 'likes': '4', 'dislikes': '1', 'link': '/item/board_read.naver?code=0008Z0&nid=416550403&page=1', 'body': '', 'score': 239}, {'title': '어으상실..[1]', 'date': '2026.04.02 19:02', 'views': '40', 'likes': '3', 'dislikes': '0', 'link': '/item/board_read.naver?code=0008Z0&nid=416651299&page=1', 'body': '', 'score': 130}, {'title': '똥파리붙겟다 조용히하자', 'date': '2026.04.02 15:26', 'views': '49', 'likes': '3', 'dislikes': '0', 'link': '/item/board_read.naver?code=0008Z0&nid=416632571&page=1', 'body': '', 'score': 139}, {'title': '기관 님들아 수주하나에 고작 이거가,,???', 'date': '2026.04.02 11:59', 'views': '39', 'likes': '3', 'dislikes': '0', 'link': '/item/board_read.naver?code=0008Z0&nid=416596451&page=1', 'body': '', 'score': 129}, {'title': '중국[1]', 'date': '2026.04.02 09:00', 'views': '72', 'likes': '3', 'dislikes': '2', 'link': '/item/board_read.naver?code=0008Z0&nid=416555249&page=1', 'body': '', 'score': 162}]",9.2 (Strategy Advisor),0008Z0
휴림에이텍,802,+5.80%,-1.52,51,3.32%,KOSDAQ,758,4.84%,"4월6일 월요일 전환사채 출회[1] / 누적수급,,, 내일 마지막 탈출 / 다음주는[1] / 진짜 이런애들 건드리다가 한방에 간다.....",Positive (63%),"다음주는, 이런애들, 건드리다가, 한방에, 금감원고발",1,"[{'title': '다음주는[1]', 'date': '2026.04.02 21:49', 'views': '82', 'likes': '3', 'dislikes': '1', 'link': '/item/board_read.naver?code=078590&nid=416661297&page=1', 'body': '', 'score': 172}, {'title': '진짜 이런애들 건드리다가 한방에 간다.....', 'date': '2026.04.02 16:01', 'views': '56', 'likes': '3', 'dislikes': '0', 'link': '/item/board_read.naver?code=078590&nid=416637345&page=1', 'body': '', 'score': 146}, {'title': '금감원고발[1]', 'date': '2026.04.02 11:19', 'views': '40', 'likes': '3', 'dislikes': '2', 'link': '/item/board_read.naver?code=078590&nid=416588239&page=2', 'body': '', 'score': 130}, {'title': '누적수급,,, 내일 마지막 탈출', 'date': '2026.04.02 15:42', 'views': '183', 'likes': '2', 'dislikes': '1', 'link': '/item/board_read.naver?code=078590&nid=416635025&page=1', 'body': '', 'score': 243}, {'title': '새로운 로봇전문가 영입하나.', 'date': '2026.04.02 11:26', 'views': '77', 'likes': '2', 'dislikes': '0', 'link': '/item/board_read.naver?code=078590&nid=416589722&page=2', 'body': '', 'score': 137}, {'title': '4월6일 월요일 전환사채 출회[1]', 'date': '2026.04.02 10:52', 'views': '186', 'likes': '2', 'dislikes': '3', 'link': '/item/board_read.naver?code=078590&nid=416581844&page=2', 'body': '', 'score': 246}, {'title': '쩜상묵을라고상따한거다짜증나게하지말고세력단...', 'date': '2026.04.02 09:53', 'views': '23', 'likes': '2', 'dislikes': '0', 'link': '/item/board_read.naver?code=078590&nid=416567005&page=2', 'body': '', 'score': 83}, {'title': '감자종목을 상친다', 'date': '2026.04.02 09:32', 'views': '62', 'likes': '2', 'dislikes': '1', 'link': '/item/board_read.naver?code=078590&nid=416562650&page=2', 'body': '', 'score': 122}, {'title': '로봇주 중 가장 싸게', 'date': '2026.04.02 09:13', 'views': '78', 'likes': '2', 'dislikes': '0', 'link': '/item/board_read.naver?code=078590&nid=416558087&page=3', 'body': '', 'score': 138}, {'title': '상을 쳐도 조용하구나', 'date': '2026.04.02 09:12', 'views': '54', 'likes': '2', 'dislikes': '0', 'link': '/item/board_read.naver?code=078590&nid=416557880&page=3', 'body': '', 'score': 114}]",9.2 (Strategy Advisor),078590
태광,37750,+5.74%,-0.11,31,19.39%,KOSDAQ,35700,19.50%,"안녕하십니까 종베러입니다[5] / 상한가 재료 기사 나왔습니다. / 중동 산유국, '호르무즈 해협 우회' 송유관 ... / 넥스트 다음주자[1]",Positive (60%),"넥스틸, 중동, 산유국, 호르무즈, 해협",1,"[{'title': ""중동 산유국, '호르무즈 해협 우회' 송유관 ..."", 'date': '2026.04.02 16:59', 'views': '74', 'likes': '6', 'dislikes': '1', 'link': '/item/board_read.naver?code=023160&nid=416642340&page=1', 'body': '', 'score': 254}, {'title': '안녕하십니까 종베러입니다[5]', 'date': '2026.04.02 15:35', 'views': '177', 'likes': '5', 'dislikes': '0', 'link': '/item/board_read.naver?code=023160&nid=416633989&page=1', 'body': '', 'score': 327}, {'title': '방금 지피티랑 싸우고 왔다', 'date': '2026.04.02 22:59', 'views': '29', 'likes': '4', 'dislikes': '0', 'link': '/item/board_read.naver?code=023160&nid=416666335&page=1', 'body': '', 'score': 149}, {'title': '넥스트 다음주자[1]', 'date': '2026.04.02 18:07', 'views': '106', 'likes': '4', 'dislikes': '0', 'link': '/item/board_read.naver?code=023160&nid=416647575&page=1', 'body': '', 'score': 226}, {'title': '넥스틸 23프로야', 'date': '2026.04.02 17:59', 'views': '34', 'likes': '4', 'dislikes': '0', 'link': '/item/board_read.naver?code=023160&nid=416647057&page=1', 'body': '', 'score': 154}, {'title': '넥스틸 먼저 출발합니다!', 'date': '2026.04.02 17:20', 'views': '39', 'likes': '4', 'dislikes': '1', 'link': '/item/board_read.naver?code=023160&nid=416644131&page=1', 'body': '', 'score': 159}, {'title': '상한가 재료 기사 나왔습니다.', 'date': '2026.04.02 15:23', 'views': '168', 'likes': '4', 'dislikes': '1', 'link': '/item/board_read.naver?code=023160&nid=416632091&page=1', 'body': '', 'score': 288}, {'title': '머리를 들어랏', 'date': '2026.04.02 16:59', 'views': '32', 'likes': '3', 'dislikes': '0', 'link': '/item/board_read.naver?code=023160&nid=416642351&page=1', 'body': '', 'score': 122}, {'title': '아쉽네', 'date': '2026.04.02 19:25', 'views': '28', 'likes': '2', 'dislikes': '0', 'link': '/item/board_read.naver?code=023160&nid=416652934&page=1', 'body': '', 'score': 88}, {'title': '오~~~개미 다털고', 'date': '2026.04.02 18:42', 'views': '35', 'likes': '2', 'dislikes': '0', 'link': '/item/board_read.naver?code=023160&nid=416650027&page=1', 'body': '', 'score': 95}]",9.2 (Strategy Advisor),023160
STX그린로지스,6760,+5.63%,-1.79,54,1.15%,KOSPI,6400,2.94%,■호르무즈  통행료 지속 폭등!!! 그린로지...[3] / 흥아 시간외 하락~ 그린이는 상승 이제 드디어 따... / 여기를 기대말고 / 흥아해운 따라 가다가는 골로간다~~흥아 너무...,Positive (77%),"흥아, 호르무즈, 통행료, 지속, 그린로지",1,"[{'title': '■호르무즈  통행료 지속 폭등!!! 그린로지...[3]', 'date': '2026.04.02 11:25', 'views': '100', 'likes': '4', 'dislikes': '2', 'link': '/item/board_read.naver?code=465770&nid=416589427&page=3', 'body': '', 'score': 220}, {'title': '여기를 기대말고', 'date': '2026.04.02 12:03', 'views': '21', 'likes': '3', 'dislikes': '0', 'link': '/item/board_read.naver?code=465770&nid=416596958&page=3', 'body': '', 'score': 111}, {'title': '가긴 몰 가', 'date': '2026.04.02 18:58', 'views': '14', 'likes': '2', 'dislikes': '0', 'link': '/item/board_read.naver?code=465770&nid=416651110&page=1', 'body': '', 'score': 74}, {'title': '흥아 시간외 하락~ 그린이는 상승 이제 드디어 따...', 'date': '2026.04.02 16:27', 'views': '52', 'likes': '2', 'dislikes': '1', 'link': '/item/board_read.naver?code=465770&nid=416639747&page=1', 'body': '', 'score': 112}, {'title': '이정도 테마로 흥아 딱가리 ~홍보 부족[2]', 'date': '2026.04.02 15:34', 'views': '33', 'likes': '2', 'dislikes': '0', 'link': '/item/board_read.naver?code=465770&nid=416633910&page=2', 'body': '', 'score': 93}, {'title': '미국은 상관없다니깐 답안지 나왓네', 'date': '2026.04.02 13:48', 'views': '21', 'likes': '2', 'dislikes': '0', 'link': '/item/board_read.naver?code=465770&nid=416612286&page=2', 'body': '', 'score': 81}, {'title': '흥아해운 따라 가다가는 골로간다~~흥아 너무...', 'date': '2026.04.02 12:32', 'views': '34', 'likes': '2', 'dislikes': '0', 'link': '/item/board_read.naver?code=465770&nid=416601245&page=3', 'body': '', 'score': 94}, {'title': '이건틀렸다', 'date': '2026.04.02 11:18', 'views': '18', 'likes': '2', 'dislikes': '0', 'link': '/item/board_read.naver?code=465770&nid=416588033&page=3', 'body': '', 'score': 78}, {'title': '“호르무즈 톨게이트화”…해운 정상화 최대 2년 전...', 'date': '2026.04.02 23:47', 'views': '23', 'likes': '1', 'dislikes': '0', 'link': '/item/board_read.naver?code=465770&nid=416669179&page=1', 'body': '', 'score': 53}, {'title': '해상 컨테이너  운임지수  폭등이다', 'date': '2026.04.02 23:09', 'views': '23', 'likes': '1', 'dislikes': '0', 'link': '/item/board_read.naver?code=465770&nid=416666951&page=1', 'body': '', 'score': 53}]",9.2 (Strategy Advisor),465770
일신방직,12610,+5.08%,0.08,10,9.99%,KOSPI,12000,9.91%,"하이젠 매각대금 절반 이상은 주주환원에 / 거래량이 급증 하는걸 보니... / 춥고싶습니더,,,3억 미수상따몸빵 했는데,,,[2] / 이거[1]",Positive (100%),"하이젠, 매각대금, 절반, 이상은, 주주환원에",1,"[{'title': '하이젠 매각대금 절반 이상은 주주환원에', 'date': '2026.04.02 16:04', 'views': '78', 'likes': '11', 'dislikes': '1', 'link': '/item/board_read.naver?code=003200&nid=416637583&page=1', 'body': '', 'score': 408}, {'title': '거래량이 급증 하는걸 보니...', 'date': '2026.04.02 13:43', 'views': '107', 'likes': '5', 'dislikes': '0', 'link': '/item/board_read.naver?code=003200&nid=416611618&page=1', 'body': '', 'score': 257}, {'title': '이거[1]', 'date': '2026.04.02 10:43', 'views': '92', 'likes': '5', 'dislikes': '0', 'link': '/item/board_read.naver?code=003200&nid=416579008&page=1', 'body': '', 'score': 242}, {'title': '주포님 장난치나요?', 'date': '2026.04.02 09:23', 'views': '69', 'likes': '5', 'dislikes': '0', 'link': '/item/board_read.naver?code=003200&nid=416560570&page=1', 'body': '', 'score': 219}, {'title': '이런날이라도 움직여주지', 'date': '2026.04.02 12:58', 'views': '51', 'likes': '4', 'dislikes': '1', 'link': '/item/board_read.naver?code=003200&nid=416605215&page=1', 'body': '', 'score': 171}, {'title': '내일은', 'date': '2026.04.02 21:12', 'views': '24', 'likes': '2', 'dislikes': '0', 'link': '/item/board_read.naver?code=003200&nid=416659431&page=1', 'body': '', 'score': 84}, {'title': '춥고싶습니더,,,3억 미수상따몸빵 했는데,,,[2]', 'date': '2026.04.02 08:18', 'views': '197', 'likes': '2', 'dislikes': '0', 'link': '/item/board_read.naver?code=003200&nid=416550718&page=1', 'body': '', 'score': 257}, {'title': '이런 주식도 있구나', 'date': '2026.04.02 13:38', 'views': '50', 'likes': '1', 'dislikes': '0', 'link': '/item/board_read.naver?code=003200&nid=416610940&page=1', 'body': '', 'score': 80}, {'title': '초초저평가인데[1]', 'date': '2026.04.02 12:18', 'views': '108', 'likes': '1', 'dislikes': '0', 'link': '/item/board_read.naver?code=003200&nid=416599278&page=1', 'body': '', 'score': 138}, {'title': '15% 이상 상승했어요 🎉', 'date': '2026.04.02 09:02', 'views': '49', 'likes': '1', 'dislikes': '0', 'link': '/item/board_read.naver?code=003200&nid=416555575&page=1', 'body': '', 'score': 79}]",9.2 (Strategy Advisor),003200
포스코인터내셔널,79500,+5.02%,-0.1,245,6.82%,KOSPI,75700,6.92%,"매동 분석 들어간다[1] / 내일은 미국 휴장이라[1] / 유가 8.3%  급등 중.. / 유가 WTI  10.27% 대폭등 중,[2]",Positive (55%),"유가, 매동, 정신적, 피해보상까지, 20만원",2,"[{'title': '매동 분석 들어간다[1]', 'date': '2026.04.02 16:14', 'views': '444', 'likes': '26', 'dislikes': '3', 'link': '/item/board_read.naver?code=047050&nid=416638565&page=4', 'body': '', 'score': 1224}, {'title': '유가 8.3%  급등 중..', 'date': '2026.04.02 20:15', 'views': '107', 'likes': '20', 'dislikes': '7', 'link': '/item/board_read.naver?code=047050&nid=416656488&page=2', 'body': '', 'score': 707}, {'title': '정신적 피해보상까지 20만원 되도 안판다[2]', 'date': '2026.04.02 14:24', 'views': '132', 'likes': '13', 'dislikes': '3', 'link': '/item/board_read.naver?code=047050&nid=416617744&page=7', 'body': '', 'score': 522}, {'title': '단기 12만 중기기 20만 장기 40만', 'date': '2026.04.02 14:16', 'views': '87', 'likes': '13', 'dislikes': '5', 'link': '/item/board_read.naver?code=047050&nid=416616477&page=7', 'body': '', 'score': 477}, {'title': '유가 WTI  10.27% 대폭등 중,[2]', 'date': '2026.04.02 21:29', 'views': '256', 'likes': '12', 'dislikes': '8', 'link': '/item/board_read.naver?code=047050&nid=416660289&page=1', 'body': '', 'score': 616}, {'title': '내일은 미국 휴장이라[1]', 'date': '2026.04.02 16:50', 'views': '358', 'likes': '12', 'dislikes': '4', 'link': '/item/board_read.naver?code=047050&nid=416641647&page=3', 'body': '', 'score': 718}, {'title': '포스코인터내셔널 50만원 기원[1]', 'date': '2026.04.02 14:06', 'views': '59', 'likes': '12', 'dislikes': '6', 'link': '/item/board_read.naver?code=047050&nid=416614965&page=7', 'body': '', 'score': 419}, {'title': '와 우... 이런 폭락장에 빨간색~~~ 굿..', 'date': '2026.04.02 15:04', 'views': '62', 'likes': '11', 'dislikes': '1', 'link': '/item/board_read.naver?code=047050&nid=416628050&page=6', 'body': '', 'score': 392}, {'title': '신한 이것들은 정말 국장의 암적 존재![2]', 'date': '2026.04.02 14:42', 'views': '95', 'likes': '11', 'dislikes': '1', 'link': '/item/board_read.naver?code=047050&nid=416622226&page=6', 'body': '', 'score': 425}, {'title': '크게 가겠다', 'date': '2026.04.02 11:58', 'views': '49', 'likes': '11', 'dislikes': '5', 'link': '/item/board_read.naver?code=047050&nid=416596293&page=9', 'body': '', 'score': 379}]",9.2 (Strategy Advisor),047050
애경케미칼,15200,+4.76%,0.16,238,0.16%,KOSPI,14510,0.00%,아니 투경이면 뭐 어쩔건데 ㅋㅋㅋㅋㅋ / 내일 상한가 간다[1] / 상치고 거래정지 먹으면서 가자 / 18440넘겨 투경맞자,Positive (77%),"나프타, 아니, 투경이면, 어쩔건데, 상치고",2,"[{'title': '아니 투경이면 뭐 어쩔건데 ㅋㅋㅋㅋㅋ', 'date': '2026.04.02 19:55', 'views': '146', 'likes': '16', 'dislikes': '0', 'link': '/item/board_read.naver?code=161000&nid=416655137&page=2', 'body': '', 'score': 626}, {'title': '상치고 거래정지 먹으면서 가자', 'date': '2026.04.02 15:38', 'views': '64', 'likes': '13', 'dislikes': '0', 'link': '/item/board_read.naver?code=161000&nid=416634488&page=4', 'body': '', 'score': 454}, {'title': '18440넘겨 투경맞자', 'date': '2026.04.02 14:51', 'views': '52', 'likes': '11', 'dislikes': '0', 'link': '/item/board_read.naver?code=161000&nid=416624224&page=5', 'body': '', 'score': 382}, {'title': '투자 경고 먹는다고 하한가를 가길 하겠냐 멀 하...', 'date': '2026.04.02 15:32', 'views': '67', 'likes': '9', 'dislikes': '0', 'link': '/item/board_read.naver?code=161000&nid=416633499&page=4', 'body': '', 'score': 337}, {'title': '최고의 종목이다', 'date': '2026.04.02 11:14', 'views': '69', 'likes': '9', 'dislikes': '1', 'link': '/item/board_read.naver?code=161000&nid=416586980&page=8', 'body': '', 'score': 339}, {'title': '나프타 나프타 나프타', 'date': '2026.04.02 22:15', 'views': '95', 'likes': '8', 'dislikes': '5', 'link': '/item/board_read.naver?code=161000&nid=416662504&page=1', 'body': '', 'score': 335}, {'title': '그래', 'date': '2026.04.02 20:54', 'views': '69', 'likes': '8', 'dislikes': '1', 'link': '/item/board_read.naver?code=161000&nid=416658523&page=1', 'body': '', 'score': 309}, {'title': 'ㆍㆍ', 'date': '2026.04.02 13:36', 'views': '74', 'likes': '8', 'dislikes': '0', 'link': '/item/board_read.naver?code=161000&nid=416610648&page=6', 'body': '', 'score': 314}, {'title': '오늘은', 'date': '2026.04.02 08:13', 'views': '37', 'likes': '8', 'dislikes': '1', 'link': '/item/board_read.naver?code=161000&nid=416550198&page=12', 'body': '', 'score': 277}, {'title': '내일 상한가 간다[1]', 'date': '2026.04.02 22:47', 'views': '247', 'likes': '7', 'dislikes': '5', 'link': '/item/board_read.naver?code=161000&nid=416665573&page=1', 'body': '', 'score': 457}]",9.2 (Strategy Advisor),161000
LX인터내셔널,53400,+4.71%,-0.06,27,23.21%,KOSPI,51000,23.27%,LX인터 이거 기사 진짜냐 / LX인터를 골드만과 JP모건이 지속적인 입질.... / 기분좋네요 ㅎㅎ[2] / 2분기부터는 실적이 말그대로 폭발할듯...,Positive (66%),"풀가동, 기사, 진짜냐, 골드만과, JP모건이",1,"[{'title': 'LX인터 이거 기사 진짜냐', 'date': '2026.04.02 17:58', 'views': '269', 'likes': '11', 'dislikes': '0', 'link': '/item/board_read.naver?code=001120&nid=416646940&page=1', 'body': '', 'score': 599}, {'title': 'LX인터를 골드만과 JP모건이 지속적인 입질....', 'date': '2026.04.02 09:30', 'views': '167', 'likes': '8', 'dislikes': '0', 'link': '/item/board_read.naver?code=001120&nid=416562218&page=2', 'body': '', 'score': 407}, {'title': 'LX인터내셔널 데이터만 본 시점[1]', 'date': '2026.04.02 20:43', 'views': '133', 'likes': '7', 'dislikes': '1', 'link': '/item/board_read.naver?code=001120&nid=416657930&page=1', 'body': '', 'score': 343}, {'title': '2분기부터는 실적이 말그대로 폭발할듯...', 'date': '2026.04.02 11:18', 'views': '141', 'likes': '7', 'dislikes': '0', 'link': '/item/board_read.naver?code=001120&nid=416587974&page=1', 'body': '', 'score': 351}, {'title': '석탄발전소 풀가동~ 상한가', 'date': '2026.04.02 08:18', 'views': '108', 'likes': '7', 'dislikes': '0', 'link': '/item/board_read.naver?code=001120&nid=416550767&page=2', 'body': '', 'score': 318}, {'title': '양호한 수급', 'date': '2026.04.02 18:30', 'views': '57', 'likes': '6', 'dislikes': '0', 'link': '/item/board_read.naver?code=001120&nid=416649205&page=1', 'body': '', 'score': 237}, {'title': '인도네시아는 LX인터가 대장주 였네...[1]', 'date': '2026.04.02 08:50', 'views': '159', 'likes': '6', 'dislikes': '0', 'link': '/item/board_read.naver?code=001120&nid=416554024&page=2', 'body': '', 'score': 339}, {'title': '5년간 석탄발전 풀가동~', 'date': '2026.04.02 17:18', 'views': '70', 'likes': '5', 'dislikes': '1', 'link': '/item/board_read.naver?code=001120&nid=416643947&page=1', 'body': '', 'score': 220}, {'title': '민주당 요놈들이 친환경한다고 태양광만 깔다보...[4]', 'date': '2026.04.02 12:53', 'views': '171', 'likes': '5', 'dislikes': '6', 'link': '/item/board_read.naver?code=001120&nid=416604371&page=1', 'body': '', 'score': 321}, {'title': '기분좋네요 ㅎㅎ[2]', 'date': '2026.04.02 10:36', 'views': '239', 'likes': '5', 'dislikes': '0', 'link': '/item/board_read.naver?code=001120&nid=416577085&page=2', 'body': '', 'score': 389}]",9.2 (Strategy Advisor),001120
부광약품,8050,+4.41%,0.23,60,6.57%,KOSPI,7710,6.34%,텐배거의 조건[1] / 폭락장에 올라도 별 반응이없네[5] / 뭔가 있어 없으면 연기금 외국인이 저렇게 매수... / 대장교체,Positive (63%),"대장교체, 대단하네, 뭔가, 있어, 없으면",1,"[{'title': '대장교체', 'date': '2026.04.02 14:47', 'views': '109', 'likes': '14', 'dislikes': '2', 'link': '/item/board_read.naver?code=003000&nid=416623286&page=2', 'body': '', 'score': 529}, {'title': '대단하네', 'date': '2026.04.02 14:24', 'views': '83', 'likes': '11', 'dislikes': '1', 'link': '/item/board_read.naver?code=003000&nid=416617762&page=2', 'body': '', 'score': 413}, {'title': '뭔가 있어 없으면 연기금 외국인이 저렇게 매수...', 'date': '2026.04.02 16:01', 'views': '248', 'likes': '10', 'dislikes': '3', 'link': '/item/board_read.naver?code=003000&nid=416637315&page=1', 'body': '', 'score': 548}, {'title': '삼천당 저리되서', 'date': '2026.04.02 18:34', 'views': '124', 'likes': '9', 'dislikes': '5', 'link': '/item/board_read.naver?code=003000&nid=416649420&page=1', 'body': '', 'score': 394}, {'title': '폭락장에 올라도 별 반응이없네[5]', 'date': '2026.04.02 13:04', 'views': '417', 'likes': '9', 'dislikes': '4', 'link': '/item/board_read.naver?code=003000&nid=416606130&page=2', 'body': '', 'score': 687}, {'title': '잘하고 있어요[1]', 'date': '2026.04.02 12:01', 'views': '133', 'likes': '9', 'dislikes': '2', 'link': '/item/board_read.naver?code=003000&nid=416596735&page=2', 'body': '', 'score': 403}, {'title': '텐배거의 조건[1]', 'date': '2026.04.02 11:39', 'views': '434', 'likes': '9', 'dislikes': '2', 'link': '/item/board_read.naver?code=003000&nid=416592827&page=2', 'body': '', 'score': 704}, {'title': '그래서[1]', 'date': '2026.04.02 10:50', 'views': '168', 'likes': '9', 'dislikes': '1', 'link': '/item/board_read.naver?code=003000&nid=416581321&page=3', 'body': '', 'score': 438}, {'title': '조금만 더 가지고 가시길[1]', 'date': '2026.04.02 09:28', 'views': '72', 'likes': '9', 'dislikes': '2', 'link': '/item/board_read.naver?code=003000&nid=416561645&page=3', 'body': '', 'score': 342}, {'title': '오늘도 개미만 털렸다[1]', 'date': '2026.04.02 15:37', 'views': '197', 'likes': '8', 'dislikes': '2', 'link': '/item/board_read.naver?code=003000&nid=416634309&page=1', 'body': '', 'score': 437}]",9.2 (Strategy Advisor),003000
한일단조,2940,+4.07%,-3.28,123,2.70%,KOSDAQ,2825,5.98%,미사일 재고가 바닥[1] / 오늘로써 확실해진 한일단조의 동향[2] / 외국인 오늘 110만주 털었네..[2] / 내일 모레 없어질 동전주들도 시총 1천억대인데...[1],Positive (75%),"미사일, 재고가, 바닥, 오늘로써, 확실해진",2,"[{'title': '미사일 재고가 바닥[1]', 'date': '2026.04.02 09:48', 'views': '112', 'likes': '10', 'dislikes': '2', 'link': '/item/board_read.naver?code=024740&nid=416565986&page=6', 'body': '', 'score': 412}, {'title': '오늘로써 확실해진 한일단조의 동향[2]', 'date': '2026.04.02 15:01', 'views': '93', 'likes': '9', 'dislikes': '0', 'link': '/item/board_read.naver?code=024740&nid=416627129&page=2', 'body': '', 'score': 363}, {'title': '내일 모레 없어질 동전주들도 시총 1천억대인데...[1]', 'date': '2026.04.02 09:36', 'views': '54', 'likes': '6', 'dislikes': '1', 'link': '/item/board_read.naver?code=024740&nid=416563586&page=6', 'body': '', 'score': 234}, {'title': '외국인 오늘 110만주 털었네..[2]', 'date': '2026.04.02 16:14', 'views': '132', 'likes': '4', 'dislikes': '0', 'link': '/item/board_read.naver?code=024740&nid=416638585&page=1', 'body': '', 'score': 252}, {'title': '속보 종전', 'date': '2026.04.02 16:05', 'views': '38', 'likes': '4', 'dislikes': '2', 'link': '/item/board_read.naver?code=024740&nid=416637729&page=2', 'body': '', 'score': 158}, {'title': '미사일, 포탄 엄청 쏜다는데~~.  한단이야 좋...', 'date': '2026.04.02 11:14', 'views': '28', 'likes': '4', 'dislikes': '1', 'link': '/item/board_read.naver?code=024740&nid=416586914&page=4', 'body': '', 'score': 148}, {'title': '이게 안간다고?', 'date': '2026.04.02 10:47', 'views': '24', 'likes': '4', 'dislikes': '0', 'link': '/item/board_read.naver?code=024740&nid=416580399&page=4', 'body': '', 'score': 144}, {'title': '개미털기이다 믿으라 상한가다', 'date': '2026.04.02 10:37', 'views': '25', 'likes': '4', 'dislikes': '4', 'link': '/item/board_read.naver?code=024740&nid=416577396&page=5', 'body': '', 'score': 145}, {'title': '트럼프가 더 폭격하겠단다', 'date': '2026.04.02 10:22', 'views': '18', 'likes': '4', 'dislikes': '0', 'link': '/item/board_read.naver?code=024740&nid=416572618&page=5', 'body': '', 'score': 138}, {'title': '절대 매수금지', 'date': '2026.04.02 09:34', 'views': '26', 'likes': '4', 'dislikes': '2', 'link': '/item/board_read.naver?code=024740&nid=416563090&page=6', 'body': '', 'score': 146}]",9.2 (Strategy Advisor),024740
쏠리드,15070,+3.43%,1.44,139,13.93%,KOSDAQ,14570,12.49%,내일 신고가 돌파하겠네요[3] / 어제 말씀 드린거 처럼[5] / 장마감 단일가[1] / 기사떴다[2],Positive (57%),"신고가, 뚜러뻥만, 아니었으면, 장마감, 단일가",8,"[{'title': '내일 신고가 돌파하겠네요[3]', 'date': '2026.04.02 16:50', 'views': '328', 'likes': '17', 'dislikes': '5', 'link': '/item/board_read.naver?code=050890&nid=416641675&page=1', 'body': '', 'score': 838}, {'title': '뚜러뻥만 아니었으면[1]', 'date': '2026.04.02 17:16', 'views': '167', 'likes': '13', 'dislikes': '3', 'link': '/item/board_read.naver?code=050890&nid=416643781&page=1', 'body': '', 'score': 557}, {'title': '장마감 단일가[1]', 'date': '2026.04.02 15:31', 'views': '393', 'likes': '11', 'dislikes': '4', 'link': '/item/board_read.naver?code=050890&nid=416633385&page=2', 'body': '', 'score': 723}, {'title': '기사떴다[2]', 'date': '2026.04.02 11:17', 'views': '327', 'likes': '11', 'dislikes': '1', 'link': '/item/board_read.naver?code=050890&nid=416587589&page=3', 'body': '', 'score': 657}, {'title': '어제 말씀 드린거 처럼[5]', 'date': '2026.04.02 20:15', 'views': '483', 'likes': '9', 'dislikes': '4', 'link': '/item/board_read.naver?code=050890&nid=416656455&page=1', 'body': '', 'score': 753}, {'title': '여러분 이제 오를거에요[1]', 'date': '2026.04.02 09:46', 'views': '82', 'likes': '9', 'dislikes': '1', 'link': '/item/board_read.naver?code=050890&nid=416565743&page=5', 'body': '', 'score': 352}, {'title': '금욜의 저주 좀 풀어라', 'date': '2026.04.02 16:44', 'views': '109', 'likes': '8', 'dislikes': '1', 'link': '/item/board_read.naver?code=050890&nid=416641195&page=1', 'body': '', 'score': 349}, {'title': '14500언 2000주 보윤데[5]', 'date': '2026.04.02 15:52', 'views': '310', 'likes': '8', 'dislikes': '2', 'link': '/item/board_read.naver?code=050890&nid=416636363&page=1', 'body': '', 'score': 550}, {'title': '일단', 'date': '2026.04.02 13:30', 'views': '100', 'likes': '8', 'dislikes': '2', 'link': '/item/board_read.naver?code=050890&nid=416609897&page=2', 'body': '', 'score': 340}, {'title': '징하다. 15000원은 평생 안착 못할듯', 'date': '2026.04.02 13:08', 'views': '58', 'likes': '8', 'dislikes': '1', 'link': '/item/board_read.naver?code=050890&nid=416606824&page=3', 'body': '', 'score': 298}]",9.2 (Strategy Advisor),050890
대영포장,1180,+3.33%,-0.87,91,1.77%,KOSPI,1142,2.64%,플라스틱 대체 종이 기회는 한번뿐이다 / 원래가격대가[1] / 그간 경험상으로 내일 대영포장이 / 전날 음봉 오늘 양봉으로 감싸안고[2],Positive (63%),"나프타, 대책이, 없어, 플라스틱, 대체",1,"[{'title': '나프타 대책이 없어~', 'date': '2026.04.02 17:51', 'views': '50', 'likes': '9', 'dislikes': '0', 'link': '/item/board_read.naver?code=014160&nid=416646418&page=1', 'body': '', 'score': 320}, {'title': '플라스틱 대체 종이 기회는 한번뿐이다', 'date': '2026.04.02 19:07', 'views': '114', 'likes': '8', 'dislikes': '1', 'link': '/item/board_read.naver?code=014160&nid=416651637&page=1', 'body': '', 'score': 354}, {'title': '챠트가 말해준다..', 'date': '2026.04.02 13:55', 'views': '57', 'likes': '8', 'dislikes': '2', 'link': '/item/board_read.naver?code=014160&nid=416613360&page=2', 'body': '', 'score': 297}, {'title': '근 2년만에 움직이는데 이건아니잖아', 'date': '2026.04.02 13:41', 'views': '27', 'likes': '8', 'dislikes': '1', 'link': '/item/board_read.naver?code=014160&nid=416611350&page=2', 'body': '', 'score': 267}, {'title': '원래가격대가[1]', 'date': '2026.04.02 16:47', 'views': '138', 'likes': '7', 'dislikes': '0', 'link': '/item/board_read.naver?code=014160&nid=416641417&page=1', 'body': '', 'score': 348}, {'title': '전날 음봉 오늘 양봉으로 감싸안고[2]', 'date': '2026.04.02 16:39', 'views': '113', 'likes': '7', 'dislikes': '0', 'link': '/item/board_read.naver?code=014160&nid=416640772&page=1', 'body': '', 'score': 323}, {'title': '그간 경험상으로 내일 대영포장이', 'date': '2026.04.02 15:29', 'views': '119', 'likes': '7', 'dislikes': '0', 'link': '/item/board_read.naver?code=014160&nid=416633164&page=1', 'body': '', 'score': 329}, {'title': '어휴 도람프 미@친시키때매', 'date': '2026.04.02 12:18', 'views': '19', 'likes': '7', 'dislikes': '1', 'link': '/item/board_read.naver?code=014160&nid=416599263&page=3', 'body': '', 'score': 229}, {'title': 'ㅎㅎㅎ', 'date': '2026.04.02 18:30', 'views': '61', 'likes': '6', 'dislikes': '0', 'link': '/item/board_read.naver?code=014160&nid=416649147&page=1', 'body': '', 'score': 241}, {'title': '유가가', 'date': '2026.04.02 18:07', 'views': '55', 'likes': '6', 'dislikes': '0', 'link': '/item/board_read.naver?code=014160&nid=416647623&page=1', 'body': '', 'score': 235}]",9.2 (Strategy Advisor),014160
광전자,3430,+3.31%,-0.7,75,18.33%,KOSPI,3320,19.03%,내가 여기 챠트 보구[1] / 광반도체 실리콘 포토닉스[1] / 아침에 뉴스에 나오네요 반도체 수급 역대급 이... / 낼부터..[1],Positive (60%),"쉬면, 아침에, 뉴스에, 반도체, 수급",1,"[{'title': '오늘 걍 쉬면 된다', 'date': '2026.04.02 13:16', 'views': '65', 'likes': '7', 'dislikes': '0', 'link': '/item/board_read.naver?code=017900&nid=416607982&page=2', 'body': '', 'score': 275}, {'title': '아침에 뉴스에 나오네요 반도체 수급 역대급 이...', 'date': '2026.04.02 08:17', 'views': '103', 'likes': '7', 'dislikes': '1', 'link': '/item/board_read.naver?code=017900&nid=416550626&page=4', 'body': '', 'score': 313}, {'title': '단타는 깃털 다 빠지고 춥다!', 'date': '2026.04.02 17:41', 'views': '70', 'likes': '5', 'dislikes': '4', 'link': '/item/board_read.naver?code=017900&nid=416645742&page=1', 'body': '', 'score': 220}, {'title': '광반도체 실리콘 포토닉스[1]', 'date': '2026.04.02 17:24', 'views': '214', 'likes': '5', 'dislikes': '3', 'link': '/item/board_read.naver?code=017900&nid=416644426&page=1', 'body': '', 'score': 364}, {'title': '낼부터..[1]', 'date': '2026.04.02 17:03', 'views': '147', 'likes': '5', 'dislikes': '2', 'link': '/item/board_read.naver?code=017900&nid=416642689&page=1', 'body': '', 'score': 297}, {'title': '매수할사람들은 어서들사세요', 'date': '2026.04.02 15:26', 'views': '74', 'likes': '5', 'dislikes': '4', 'link': '/item/board_read.naver?code=017900&nid=416632745&page=1', 'body': '', 'score': 224}, {'title': '지금부터 대장주로 등극[1]', 'date': '2026.04.02 09:25', 'views': '80', 'likes': '5', 'dislikes': '1', 'link': '/item/board_read.naver?code=017900&nid=416561087&page=3', 'body': '', 'score': 230}, {'title': '딱보면 모르세요?[1]', 'date': '2026.04.02 08:38', 'views': '78', 'likes': '5', 'dislikes': '2', 'link': '/item/board_read.naver?code=017900&nid=416552826&page=4', 'body': '', 'score': 228}, {'title': '내가 여기 챠트 보구[1]', 'date': '2026.04.02 17:53', 'views': '300', 'likes': '4', 'dislikes': '4', 'link': '/item/board_read.naver?code=017900&nid=416646534&page=1', 'body': '', 'score': 420}, {'title': '기가레인이 거래정지라 낼은 이놈이 대장?', 'date': '2026.04.02 17:02', 'views': '58', 'likes': '4', 'dislikes': '1', 'link': '/item/board_read.naver?code=017900&nid=416642590&page=1', 'body': '', 'score': 178}]",9.2 (Strategy Advisor),017900
대성에너지,9640,+2.34%,-1.27,117,0.00%,KOSPI,9420,1.27%,주포귀엽네. .[1] / 주가 올리고 싶어도 못올려[1] / 넌 뭐하냐? / 미 에너지주 폭등,Positive (71%),"주포귀엽네, 뭐하냐, 어찌, 이러냐, 공매들아",2,"[{'title': '주포귀엽네. .[1]', 'date': '2026.04.02 17:35', 'views': '232', 'likes': '14', 'dislikes': '0', 'link': '/item/board_read.naver?code=117580&nid=416645258&page=1', 'body': '', 'score': 652}, {'title': '넌 뭐하냐?', 'date': '2026.04.02 13:24', 'views': '28', 'likes': '10', 'dislikes': '0', 'link': '/item/board_read.naver?code=117580&nid=416608995&page=2', 'body': '', 'score': 328}, {'title': '미 에너지주 폭등', 'date': '2026.04.02 20:16', 'views': '47', 'likes': '9', 'dislikes': '0', 'link': '/item/board_read.naver?code=117580&nid=416656547&page=1', 'body': '', 'score': 317}, {'title': '와 어찌 이러냐', 'date': '2026.04.02 16:54', 'views': '39', 'likes': '8', 'dislikes': '0', 'link': '/item/board_read.naver?code=117580&nid=416641972&page=1', 'body': '', 'score': 279}, {'title': '공매들아 상식적으로 생각하자 판사람이 여기서 ...', 'date': '2026.04.02 16:36', 'views': '51', 'likes': '8', 'dislikes': '0', 'link': '/item/board_read.naver?code=117580&nid=416640505&page=1', 'body': '', 'score': 291}, {'title': '후티 반군 경고 ""바브엘만데브(홍해) 해협 봉...', 'date': '2026.04.02 16:58', 'views': '78', 'likes': '7', 'dislikes': '0', 'link': '/item/board_read.naver?code=117580&nid=416642238&page=1', 'body': '', 'score': 288}, {'title': '오늘밤총공격', 'date': '2026.04.02 15:30', 'views': '16', 'likes': '7', 'dislikes': '1', 'link': '/item/board_read.naver?code=117580&nid=416633239&page=2', 'body': '', 'score': 226}, {'title': '여기 세력성님', 'date': '2026.04.02 12:44', 'views': '23', 'likes': '7', 'dislikes': '0', 'link': '/item/board_read.naver?code=117580&nid=416603045&page=3', 'body': '', 'score': 233}, {'title': '주가 올리고 싶어도 못올려[1]', 'date': '2026.04.02 17:52', 'views': '161', 'likes': '6', 'dislikes': '4', 'link': '/item/board_read.naver?code=117580&nid=416646506&page=1', 'body': '', 'score': 341}, {'title': '오늘 빌빌거리던게아니라. .', 'date': '2026.04.02 16:23', 'views': '64', 'likes': '6', 'dislikes': '0', 'link': '/item/board_read.naver?code=117580&nid=416639385&page=1', 'body': '', 'score': 244}]",9.2 (Strategy Advisor),117580
한국팩키지,2715,+2.26%,-0.65,50,0.78%,KOSDAQ,2655,1.43%,탈플라스틱[1] / 낼[2] / 내일 대장은[2] / 주가조작 한국팩키지 검찰 수사요청[2],Positive (71%),"탈플라스틱, 전쟁, 내일은, 대장은, 주가조작",1,"[{'title': '탈플라스틱[1]', 'date': '2026.04.02 19:05', 'views': '83', 'likes': '5', 'dislikes': '0', 'link': '/item/board_read.naver?code=037230&nid=416651528&page=1', 'body': '', 'score': 233}, {'title': '믿는다', 'date': '2026.04.02 18:02', 'views': '26', 'likes': '3', 'dislikes': '0', 'link': '/item/board_read.naver?code=037230&nid=416647276&page=1', 'body': '', 'score': 116}, {'title': '내일', 'date': '2026.04.02 16:11', 'views': '38', 'likes': '3', 'dislikes': '2', 'link': '/item/board_read.naver?code=037230&nid=416638246&page=1', 'body': '', 'score': 128}, {'title': '전쟁 아직한달남았다', 'date': '2026.04.02 15:47', 'views': '28', 'likes': '3', 'dislikes': '2', 'link': '/item/board_read.naver?code=037230&nid=416635695&page=1', 'body': '', 'score': 118}, {'title': '낼[2]', 'date': '2026.04.02 14:32', 'views': '121', 'likes': '3', 'dislikes': '2', 'link': '/item/board_read.naver?code=037230&nid=416619523&page=1', 'body': '', 'score': 211}, {'title': '내일은  쏩니다', 'date': '2026.04.02 17:14', 'views': '33', 'likes': '2', 'dislikes': '7', 'link': '/item/board_read.naver?code=037230&nid=416643603&page=1', 'body': '', 'score': 93}, {'title': '내일 대장은[2]', 'date': '2026.04.02 16:31', 'views': '121', 'likes': '2', 'dislikes': '5', 'link': '/item/board_read.naver?code=037230&nid=416640069&page=1', 'body': '', 'score': 181}, {'title': '매수', 'date': '2026.04.02 12:35', 'views': '32', 'likes': '2', 'dislikes': '0', 'link': '/item/board_read.naver?code=037230&nid=416601623&page=1', 'body': '', 'score': 92}, {'title': '주가조작 한국팩키지 검찰 수사요청[2]', 'date': '2026.04.02 11:58', 'views': '83', 'likes': '2', 'dislikes': '2', 'link': '/item/board_read.naver?code=037230&nid=416596279&page=2', 'body': '', 'score': 143}, {'title': '개미 아재들을위해서', 'date': '2026.04.02 11:53', 'views': '19', 'likes': '2', 'dislikes': '0', 'link': '/item/board_read.naver?code=037230&nid=416595438&page=2', 'body': '', 'score': 79}]",9.2 (Strategy Advisor),037230
빛과전자,3185,+2.25%,-0.39,48,2.76%,KOSDAQ,3115,3.15%,투경 해제날이 / 씌앗[7] / 시외가[2] / 주식 ... 정말 우습고  유치하다!  ㅋ ㅋ ...[1],Positive (100%),"우습고, 운전, 씌앗, 투경, 해제날이",1,"[{'title': '주식 ... 정말 우습고  유치하다!  ㅋ ㅋ ...[1]', 'date': '2026.04.02 11:04', 'views': '120', 'likes': '8', 'dislikes': '0', 'link': '/item/board_read.naver?code=069540&nid=416584672&page=2', 'body': '', 'score': 360}, {'title': '운전 지립니다', 'date': '2026.04.02 15:21', 'views': '142', 'likes': '6', 'dislikes': '1', 'link': '/item/board_read.naver?code=069540&nid=416631793&page=1', 'body': '', 'score': 322}, {'title': '씌앗[7]', 'date': '2026.04.02 13:00', 'views': '362', 'likes': '6', 'dislikes': '1', 'link': '/item/board_read.naver?code=069540&nid=416605562&page=2', 'body': '', 'score': 542}, {'title': '투경 해제날이', 'date': '2026.04.02 10:03', 'views': '412', 'likes': '6', 'dislikes': '2', 'link': '/item/board_read.naver?code=069540&nid=416568612&page=2', 'body': '', 'score': 592}, {'title': '이거', 'date': '2026.04.02 15:34', 'views': '180', 'likes': '5', 'dislikes': '1', 'link': '/item/board_read.naver?code=069540&nid=416633793&page=1', 'body': '', 'score': 330}, {'title': '회복불능의 빛과전자[1]', 'date': '2026.04.02 12:32', 'views': '173', 'likes': '5', 'dislikes': '2', 'link': '/item/board_read.naver?code=069540&nid=416601314&page=2', 'body': '', 'score': 323}, {'title': '시외가[2]', 'date': '2026.04.02 16:29', 'views': '415', 'likes': '4', 'dislikes': '3', 'link': '/item/board_read.naver?code=069540&nid=416639898&page=1', 'body': '', 'score': 535}, {'title': '그냥 올려', 'date': '2026.04.02 15:18', 'views': '69', 'likes': '4', 'dislikes': '1', 'link': '/item/board_read.naver?code=069540&nid=416631154&page=1', 'body': '', 'score': 189}, {'title': '내 /일 )) 빛과전자 ✔️[1]', 'date': '2026.04.02 14:29', 'views': '188', 'likes': '4', 'dislikes': '0', 'link': '/item/board_read.naver?code=069540&nid=416618898&page=1', 'body': '', 'score': 308}, {'title': '끝났다고?', 'date': '2026.04.02 22:03', 'views': '35', 'likes': '3', 'dislikes': '1', 'link': '/item/board_read.naver?code=069540&nid=416661960&page=1', 'body': '', 'score': 125}]",9.2 (Strategy Advisor),069540
교보20호스팩,2020,+1.00%,0.0,740,0.32%,KOSDAQ,2000,,상갈줄알고[7] / 시&@@[3] / 기가차네ㅠ[5] / 1000만원 이상 손실 있냐?[2],Negative (54%),"이상, 기가차네, 솔직히, 7000원이상, 상갈줄알고",2,"[{'title': '기가차네ㅠ[5]', 'date': '2026.04.02 15:52', 'views': '246', 'likes': '12', 'dislikes': '0', 'link': '/item/board_read.naver?code=0132G0&nid=416636397&page=4', 'body': '', 'score': 606}, {'title': '솔직히 7000원이상[1]', 'date': '2026.04.02 15:31', 'views': '52', 'likes': '12', 'dislikes': '2', 'link': '/item/board_read.naver?code=0132G0&nid=416633457&page=5', 'body': '', 'score': 412}, {'title': '시&@@[3]', 'date': '2026.04.02 15:24', 'views': '258', 'likes': '12', 'dislikes': '1', 'link': '/item/board_read.naver?code=0132G0&nid=416632367&page=6', 'body': '', 'score': 618}, {'title': '상갈줄알고[7]', 'date': '2026.04.02 14:40', 'views': '694', 'likes': '12', 'dislikes': '7', 'link': '/item/board_read.naver?code=0132G0&nid=416621507&page=10', 'body': '', 'score': 1054}, {'title': 'ㅡ하루세. 또 4860 만원 잃다니 ...[2]', 'date': '2026.04.02 22:09', 'views': '186', 'likes': '7', 'dislikes': '2', 'link': '/item/board_read.naver?code=0132G0&nid=416662230&page=1', 'body': '', 'score': 396}, {'title': '7.0 이상 매수한 피플들은 전원집합', 'date': '2026.04.02 18:13', 'views': '41', 'likes': '7', 'dislikes': '0', 'link': '/item/board_read.naver?code=0132G0&nid=416647996&page=2', 'body': '', 'score': 251}, {'title': '1000만원 이상 손실 있냐?[2]', 'date': '2026.04.02 18:54', 'views': '362', 'likes': '6', 'dislikes': '1', 'link': '/item/board_read.naver?code=0132G0&nid=416650798&page=1', 'body': '', 'score': 542}, {'title': '300프로 갈수있잔아요 주포형 전쟁나서 갈때없다', 'date': '2026.04.02 11:57', 'views': '22', 'likes': '6', 'dislikes': '0', 'link': '/item/board_read.naver?code=0132G0&nid=416596016&page=28', 'body': '', 'score': 202}, {'title': '지금', 'date': '2026.04.02 19:06', 'views': '46', 'likes': '5', 'dislikes': '1', 'link': '/item/board_read.naver?code=0132G0&nid=416651600&page=1', 'body': '', 'score': 196}, {'title': '내일 아침 탈출은 지능순 ㅋ상한가 2620원ㅋ[1]', 'date': '2026.04.02 18:15', 'views': '134', 'likes': '5', 'dislikes': '1', 'link': '/item/board_read.naver?code=0132G0&nid=416648134&page=2', 'body': '', 'score': 284}]",9.2 (Strategy Advisor),0132G0
신성이엔지,2750,+0.55%,0.21,90,7.62%,KOSPI,2735,7.41%,참고로[2] / 기관이 매수[3] / 시외[3] / 모가 있네 외국인 계속 매수[1],Positive (87%),"참고로, 기관이, 트럼프, 시간외, 모가",1,"[{'title': '참고로[2]', 'date': '2026.04.02 16:25', 'views': '565', 'likes': '13', 'dislikes': '9', 'link': '/item/board_read.naver?code=011930&nid=416639575&page=1', 'body': '', 'score': 955}, {'title': '기관이 매수[3]', 'date': '2026.04.02 16:36', 'views': '490', 'likes': '12', 'dislikes': '12', 'link': '/item/board_read.naver?code=011930&nid=416640542&page=1', 'body': '', 'score': 850}, {'title': '트럼프…[1]', 'date': '2026.04.02 11:13', 'views': '103', 'likes': '12', 'dislikes': '1', 'link': '/item/board_read.naver?code=011930&nid=416586599&page=4', 'body': '', 'score': 463}, {'title': '시간외 2810', 'date': '2026.04.02 18:02', 'views': '112', 'likes': '9', 'dislikes': '10', 'link': '/item/board_read.naver?code=011930&nid=416647252&page=1', 'body': '', 'score': 382}, {'title': '고생하셨습니다', 'date': '2026.04.02 16:28', 'views': '140', 'likes': '9', 'dislikes': '12', 'link': '/item/board_read.naver?code=011930&nid=416639833&page=1', 'body': '', 'score': 410}, {'title': '갑니다  지금 빨리사세요', 'date': '2026.04.02 13:17', 'views': '64', 'likes': '9', 'dislikes': '2', 'link': '/item/board_read.naver?code=011930&nid=416608072&page=3', 'body': '', 'score': 334}, {'title': '모가 있네 외국인 계속 매수[1]', 'date': '2026.04.02 13:58', 'views': '279', 'likes': '8', 'dislikes': '4', 'link': '/item/board_read.naver?code=011930&nid=416613870&page=2', 'body': '', 'score': 519}, {'title': '지금 움직이기 시작했습니다… 오후 주도주 나옵...', 'date': '2026.04.02 13:25', 'views': '117', 'likes': '8', 'dislikes': '5', 'link': '/item/board_read.naver?code=011930&nid=416609245&page=3', 'body': '', 'score': 357}, {'title': '시외[3]', 'date': '2026.04.02 17:55', 'views': '563', 'likes': '7', 'dislikes': '7', 'link': '/item/board_read.naver?code=011930&nid=416646678&page=1', 'body': '', 'score': 773}, {'title': '숏스퀴즈인것인가 ~?', 'date': '2026.04.02 13:24', 'views': '61', 'likes': '7', 'dislikes': '1', 'link': '/item/board_read.naver?code=011930&nid=416608992&page=3', 'body': '', 'score': 271}]",9.2 (Strategy Advisor),011930
이루온,2740,+0.37%,2.35,24,6.46%,KOSDAQ,2730,4.11%,ㅋㅋㅋ / 걍 팔았다 뭐같주식이네[1] / 쫄보 설거지를 ....찔끔 올리고 하네... / 동호회 애들이라,Mixed,"동호회, 애들이라, 쫄보, 설거지를, 찔끔",1,"[{'title': 'ㅋㅋㅋ', 'date': '2026.04.02 15:39', 'views': '155', 'likes': '6', 'dislikes': '4', 'link': '/item/board_read.naver?code=065440&nid=416634686&page=1', 'body': '', 'score': 335}, {'title': '동호회 애들이라', 'date': '2026.04.02 11:59', 'views': '59', 'likes': '4', 'dislikes': '0', 'link': '/item/board_read.naver?code=065440&nid=416596332&page=1', 'body': '', 'score': 179}, {'title': '쫄보 설거지를 ....찔끔 올리고 하네...', 'date': '2026.04.02 09:51', 'views': '66', 'likes': '4', 'dislikes': '0', 'link': '/item/board_read.naver?code=065440&nid=416566612&page=1', 'body': '', 'score': 186}, {'title': '걍 팔았다 뭐같주식이네[1]', 'date': '2026.04.02 09:32', 'views': '104', 'likes': '4', 'dislikes': '0', 'link': '/item/board_read.naver?code=065440&nid=416562546&page=1', 'body': '', 'score': 224}, {'title': '내일 급락 나올듯', 'date': '2026.04.02 15:16', 'views': '71', 'likes': '3', 'dislikes': '7', 'link': '/item/board_read.naver?code=065440&nid=416630850&page=1', 'body': '', 'score': 161}, {'title': '바짝속이고', 'date': '2026.04.02 09:05', 'views': '36', 'likes': '3', 'dislikes': '2', 'link': '/item/board_read.naver?code=065440&nid=416556187&page=1', 'body': '', 'score': 126}, {'title': '내일은 시초가 상한가', 'date': '2026.04.02 19:53', 'views': '68', 'likes': '2', 'dislikes': '3', 'link': '/item/board_read.naver?code=065440&nid=416655000&page=1', 'body': '', 'score': 128}, {'title': '20프로 먹고 떠난다 낼은 더빠진다[1]', 'date': '2026.04.02 14:31', 'views': '58', 'likes': '2', 'dislikes': '3', 'link': '/item/board_read.naver?code=065440&nid=416619386&page=1', 'body': '', 'score': 118}, {'title': '고점대비', 'date': '2026.04.02 13:28', 'views': '66', 'likes': '2', 'dislikes': '3', 'link': '/item/board_read.naver?code=065440&nid=416609523&page=1', 'body': '', 'score': 126}, {'title': '행님들 다 팔았네[1]', 'date': '2026.04.02 11:31', 'views': '117', 'likes': '2', 'dislikes': '2', 'link': '/item/board_read.naver?code=065440&nid=416590840&page=1', 'body': '', 'score': 177}]",9.2 (Strategy Advisor),065440
조일알미늄,1401,+0.14%,-1.22,144,0.92%,KOSPI,1399,2.14%,"[속보] 이란 ""중동 내 美 철강·알루미늄 공...[5] / 이란 혁명수비대 철강알미늄 중동 타격 / 남선알미늄살걸[2] / 와 ..",Positive (60%),"이란, 중동, 알루미늄, 철강, 혁명수비대",2,"[{'title': '[속보] 이란 ""중동 내 美 철강·알루미늄 공...[5]', 'date': '2026.04.02 21:38', 'views': '279', 'likes': '14', 'dislikes': '0', 'link': '/item/board_read.naver?code=018470&nid=416660756&page=1', 'body': '', 'score': 699}, {'title': '이란 혁명수비대 철강알미늄 중동 타격', 'date': '2026.04.02 20:28', 'views': '138', 'likes': '10', 'dislikes': '0', 'link': '/item/board_read.naver?code=018470&nid=416657178&page=1', 'body': '', 'score': 438}, {'title': '남선은', 'date': '2026.04.02 22:23', 'views': '52', 'likes': '8', 'dislikes': '0', 'link': '/item/board_read.naver?code=018470&nid=416662900&page=1', 'body': '', 'score': 292}, {'title': '와 ..', 'date': '2026.04.02 22:19', 'views': '90', 'likes': '8', 'dislikes': '0', 'link': '/item/board_read.naver?code=018470&nid=416662694&page=1', 'body': '', 'score': 330}, {'title': '이란 알루미늄 공장 다 파괴...회복 1년 걸...', 'date': '2026.04.03 00:10', 'views': '44', 'likes': '7', 'dislikes': '0', 'link': '/item/board_read.naver?code=018470&nid=416670135&page=1', 'body': '', 'score': 254}, {'title': '남선알미늄살걸[2]', 'date': '2026.04.02 15:47', 'views': '139', 'likes': '7', 'dislikes': '1', 'link': '/item/board_read.naver?code=018470&nid=416635731&page=1', 'body': '', 'score': 349}, {'title': '내일 알미늄주 철강주 불기둥 예정', 'date': '2026.04.02 23:18', 'views': '26', 'likes': '6', 'dislikes': '1', 'link': '/item/board_read.naver?code=018470&nid=416667411&page=1', 'body': '', 'score': 206}, {'title': '4년째 속는중', 'date': '2026.04.02 14:06', 'views': '25', 'likes': '6', 'dislikes': '0', 'link': '/item/board_read.naver?code=018470&nid=416614992&page=3', 'body': '', 'score': 205}, {'title': '고맙다 더샀닼ㅋㅋㅋㅋㅋㅋ[1]', 'date': '2026.04.02 12:08', 'views': '76', 'likes': '6', 'dislikes': '3', 'link': '/item/board_read.naver?code=018470&nid=416597800&page=4', 'body': '', 'score': 256}, {'title': '조일아 남선 힘 딸린단다', 'date': '2026.04.02 11:28', 'views': '28', 'likes': '6', 'dislikes': '1', 'link': '/item/board_read.naver?code=018470&nid=416590285&page=4', 'body': '', 'score': 208}]",9.2 (Strategy Advisor),018470
삼성중공업,26900,-0.37%,-0.11,341,32.95%,KOSPI,27000,33.06%,미전투함 및 미핵잠수함 수십척 수주햇네[2] / 투표해봅시다[7] / 블랙록 / 섬성중공업을 보며 문득 느껴지는 모습,Negative (58%),"블랙록, 보며, 문득, 느껴지는, 모습",2,"[{'title': '투표해봅시다[7]', 'date': '2026.04.02 20:58', 'views': '336', 'likes': '30', 'dislikes': '18', 'link': '/item/board_read.naver?code=010140&nid=416658730&page=1', 'body': '', 'score': 1236}, {'title': '블랙록', 'date': '2026.04.02 17:33', 'views': '199', 'likes': '28', 'dislikes': '1', 'link': '/item/board_read.naver?code=010140&nid=416645097&page=3', 'body': '', 'score': 1039}, {'title': '섬성중공업을 보며 문득 느껴지는 모습', 'date': '2026.04.02 17:36', 'views': '224', 'likes': '25', 'dislikes': '1', 'link': '/item/board_read.naver?code=010140&nid=416645335&page=3', 'body': '', 'score': 974}, {'title': '본전왔다고 던지면', 'date': '2026.04.02 08:14', 'views': '82', 'likes': '24', 'dislikes': '0', 'link': '/item/board_read.naver?code=010140&nid=416550269&page=17', 'body': '', 'score': 802}, {'title': '미전투함 및 미핵잠수함 수십척 수주햇네[2]', 'date': '2026.04.02 19:52', 'views': '722', 'likes': '22', 'dislikes': '6', 'link': '/item/board_read.naver?code=010140&nid=416654916&page=1', 'body': '', 'score': 1382}, {'title': '지금 삼중의기세는', 'date': '2026.04.02 17:49', 'views': '107', 'likes': '18', 'dislikes': '3', 'link': '/item/board_read.naver?code=010140&nid=416646299&page=3', 'body': '', 'score': 647}, {'title': '지수 보합만 나와도 날아가겠네.', 'date': '2026.04.02 16:39', 'views': '145', 'likes': '18', 'dislikes': '0', 'link': '/item/board_read.naver?code=010140&nid=416640793&page=4', 'body': '', 'score': 685}, {'title': '28500', 'date': '2026.04.02 08:13', 'views': '68', 'likes': '18', 'dislikes': '0', 'link': '/item/board_read.naver?code=010140&nid=416550167&page=17', 'body': '', 'score': 608}, {'title': '큰십자가. 도지캔들이면 낼 미장보합이면[1]', 'date': '2026.04.02 17:40', 'views': '247', 'likes': '17', 'dislikes': '6', 'link': '/item/board_read.naver?code=010140&nid=416645631&page=3', 'body': '', 'score': 757}, {'title': '내일폭등예상', 'date': '2026.04.02 17:32', 'views': '79', 'likes': '17', 'dislikes': '0', 'link': '/item/board_read.naver?code=010140&nid=416645038&page=3', 'body': '', 'score': 589}]",9.2 (Strategy Advisor),010140
중앙첨단소재,1484,-0.67%,0.22,27,1.93%,KOSDAQ,1494,1.71%,어차피 조만간 오르게 되어있음[1] / 확실한건[1] / N 힘내바 / 분봉만 봐도,Positive (100%),"힘내바, 1원, 어차피, 조만간, 오르게",1,"[{'title': 'N 힘내바', 'date': '2026.04.02 13:05', 'views': '34', 'likes': '3', 'dislikes': '0', 'link': '/item/board_read.naver?code=051980&nid=416606311&page=1', 'body': '', 'score': 124}, {'title': '1원', 'date': '2026.04.02 11:39', 'views': '27', 'likes': '3', 'dislikes': '0', 'link': '/item/board_read.naver?code=051980&nid=416592839&page=1', 'body': '', 'score': 117}, {'title': '어차피 조만간 오르게 되어있음[1]', 'date': '2026.04.02 09:51', 'views': '128', 'likes': '3', 'dislikes': '1', 'link': '/item/board_read.naver?code=051980&nid=416566509&page=1', 'body': '', 'score': 218}, {'title': '확실한건[1]', 'date': '2026.04.02 13:17', 'views': '111', 'likes': '2', 'dislikes': '3', 'link': '/item/board_read.naver?code=051980&nid=416608156&page=1', 'body': '', 'score': 171}, {'title': '개잡주라 언제 튈지 모름 ㅋㅋ', 'date': '2026.04.02 12:53', 'views': '30', 'likes': '2', 'dislikes': '1', 'link': '/item/board_read.naver?code=051980&nid=416604385&page=1', 'body': '', 'score': 90}, {'title': '아직보유중인사람있나?ㅋㅋ', 'date': '2026.04.02 11:11', 'views': '43', 'likes': '2', 'dislikes': '0', 'link': '/item/board_read.naver?code=051980&nid=416586331&page=1', 'body': '', 'score': 103}, {'title': '분봉만 봐도', 'date': '2026.04.02 09:51', 'views': '61', 'likes': '2', 'dislikes': '1', 'link': '/item/board_read.naver?code=051980&nid=416566702&page=1', 'body': '', 'score': 121}, {'title': '상한가간들[1]', 'date': '2026.04.02 09:25', 'views': '51', 'likes': '2', 'dislikes': '0', 'link': '/item/board_read.naver?code=051980&nid=416561133&page=2', 'body': '', 'score': 111}, {'title': '곧 살려주러 갈께 기다려 형들', 'date': '2026.04.02 20:30', 'views': '13', 'likes': '1', 'dislikes': '1', 'link': '/item/board_read.naver?code=051980&nid=416657312&page=1', 'body': '', 'score': 43}, {'title': '오늘 종가는  -5% , 낼은[1]', 'date': '2026.04.02 14:32', 'views': '52', 'likes': '1', 'dislikes': '1', 'link': '/item/board_read.naver?code=051980&nid=416619478&page=1', 'body': '', 'score': 82}]",9.2 (Strategy Advisor),051980
알루코,2385,-1.24%,-0.95,52,1.27%,KOSPI,2415,2.22%,알루미늄 대장은 알루코[3] / 주식은 대장주 잡아야 한다. 조정 줄 때 남선...[5] / 남선과 조루코의 차이[4] / 잘견뎠다 내일 가보자[2],Positive (100%),"알루미늄, 이란, 중동, 철강, 공장",1,"[{'title': '이란 ""중동 내 美 철강·알루미늄 공장 공격""[1]', 'date': '2026.04.02 22:24', 'views': '125', 'likes': '7', 'dislikes': '1', 'link': '/item/board_read.naver?code=001780&nid=416662929&page=1', 'body': '', 'score': 335}, {'title': '알루미늄 대장은 알루코[3]', 'date': '2026.04.02 12:03', 'views': '297', 'likes': '7', 'dislikes': '4', 'link': '/item/board_read.naver?code=001780&nid=416596955&page=1', 'body': '', 'score': 507}, {'title': '잘견뎠다 내일 가보자[2]', 'date': '2026.04.02 17:33', 'views': '226', 'likes': '5', 'dislikes': '6', 'link': '/item/board_read.naver?code=001780&nid=416645135&page=1', 'body': '', 'score': 376}, {'title': '주식은 대장주 잡아야 한다. 조정 줄 때 남선...[5]', 'date': '2026.04.02 14:54', 'views': '260', 'likes': '5', 'dislikes': '5', 'link': '/item/board_read.naver?code=001780&nid=416625152&page=1', 'body': '', 'score': 410}, {'title': '남선과 조루코의 차이[4]', 'date': '2026.04.02 11:27', 'views': '234', 'likes': '5', 'dislikes': '3', 'link': '/item/board_read.naver?code=001780&nid=416589983&page=1', 'body': '', 'score': 384}, {'title': '이놈이꼴찌네', 'date': '2026.04.02 10:58', 'views': '26', 'likes': '5', 'dislikes': '0', 'link': '/item/board_read.naver?code=001780&nid=416583166&page=2', 'body': '', 'score': 176}, {'title': '박도봉이  살아있는한', 'date': '2026.04.02 10:46', 'views': '26', 'likes': '5', 'dislikes': '0', 'link': '/item/board_read.naver?code=001780&nid=416579860&page=2', 'body': '', 'score': 176}, {'title': '외인 기관 다 던지네', 'date': '2026.04.02 10:38', 'views': '30', 'likes': '5', 'dislikes': '0', 'link': '/item/board_read.naver?code=001780&nid=416577756&page=2', 'body': '', 'score': 180}, {'title': '남선으로 가야되나?[4]', 'date': '2026.04.02 15:32', 'views': '213', 'likes': '4', 'dislikes': '0', 'link': '/item/board_read.naver?code=001780&nid=416633576&page=1', 'body': '', 'score': 333}, {'title': '알루코!~~~.....대박!!!~~', 'date': '2026.04.02 14:37', 'views': '103', 'likes': '4', 'dislikes': '3', 'link': '/item/board_read.naver?code=001780&nid=416620750&page=1', 'body': '', 'score': 223}]",9.2 (Strategy Advisor),001780
LG디스플레이,11180,-1.93%,0.07,121,26.75%,KOSPI,11400,26.68%,"오늘 산사람 천재[3] / LG디스플레이, LCD 가격 담합 후...[2] / LGD주가로 다른 종목들 등락을 예로...[1] / 애플도 中 배제…기지개 펴는 K디스플레이[1]",Positive (53%),"다른, 종목들, 등락을, 예로, 산사람",3,"[{'title': 'LGD주가로 다른 종목들 등락을 예로...[1]', 'date': '2026.04.02 13:51', 'views': '125', 'likes': '11', 'dislikes': '0', 'link': '/item/board_read.naver?code=034220&nid=416612840&page=2', 'body': '', 'score': 455}, {'title': '오늘 산사람 천재[3]', 'date': '2026.04.02 16:01', 'views': '263', 'likes': '10', 'dislikes': '5', 'link': '/item/board_read.naver?code=034220&nid=416637331&page=2', 'body': '', 'score': 563}, {'title': '애플도 中 배제…기지개 펴는 K디스플레이[1]', 'date': '2026.04.02 20:06', 'views': '127', 'likes': '7', 'dislikes': '5', 'link': '/item/board_read.naver?code=034220&nid=416655932&page=1', 'body': '', 'score': 337}, {'title': '이란 석기시대 보다 여기가 석기될듯', 'date': '2026.04.02 17:01', 'views': '35', 'likes': '7', 'dislikes': '1', 'link': '/item/board_read.naver?code=034220&nid=416642528&page=1', 'body': '', 'score': 245}, {'title': '일단 자진 상폐신고 먼저 하고, 기업...', 'date': '2026.04.02 15:46', 'views': '45', 'likes': '7', 'dislikes': '0', 'link': '/item/board_read.naver?code=034220&nid=416635684&page=2', 'body': '', 'score': 255}, {'title': '오늘도 공매도가 판을 쳤구나!', 'date': '2026.04.02 17:31', 'views': '59', 'likes': '6', 'dislikes': '1', 'link': '/item/board_read.naver?code=034220&nid=416644936&page=1', 'body': '', 'score': 239}, {'title': 'LG디스플레이, LCD 가격 담합 후...[2]', 'date': '2026.04.02 16:27', 'views': '344', 'likes': '6', 'dislikes': '6', 'link': '/item/board_read.naver?code=034220&nid=416639708&page=2', 'body': '', 'score': 524}, {'title': '이재명각하께서 집팔아서 매수하라했습니...[2]', 'date': '2026.04.02 13:57', 'views': '68', 'likes': '6', 'dislikes': '14', 'link': '/item/board_read.naver?code=034220&nid=416613641&page=2', 'body': '', 'score': 248}, {'title': '어쩐지 올라가드라', 'date': '2026.04.02 11:07', 'views': '30', 'likes': '6', 'dislikes': '2', 'link': '/item/board_read.naver?code=034220&nid=416585330&page=4', 'body': '', 'score': 210}, {'title': 'Lg 디플이[1]', 'date': '2026.04.02 10:54', 'views': '41', 'likes': '6', 'dislikes': '0', 'link': '/item/board_read.naver?code=034220&nid=416582349&page=4', 'body': '', 'score': 221}]",9.2 (Strategy Advisor),034220
모베이스전자,3585,-2.45%,-0.45,100,2.14%,KOSDAQ,3675,2.59%,도대체 연설을 왜 한건지 / Macro불확실성[1] / 모베이스[1] / 가긴 갈텐데[1],Positive (62%),"도대체, 연설을, 한건지, Macro불확실성, 오후장",1,"[{'title': '도대체 연설을 왜 한건지', 'date': '2026.04.02 18:54', 'views': '74', 'likes': '15', 'dislikes': '0', 'link': '/item/board_read.naver?code=012860&nid=416650845&page=1', 'body': '', 'score': 524}, {'title': 'Macro불확실성[1]', 'date': '2026.04.02 18:16', 'views': '138', 'likes': '12', 'dislikes': '1', 'link': '/item/board_read.naver?code=012860&nid=416648227&page=1', 'body': '', 'score': 498}, {'title': '오후장 급등간다', 'date': '2026.04.02 12:41', 'views': '42', 'likes': '12', 'dislikes': '3', 'link': '/item/board_read.naver?code=012860&nid=416602458&page=2', 'body': '', 'score': 402}, {'title': '걱정마시라[2]', 'date': '2026.04.02 12:33', 'views': '65', 'likes': '12', 'dislikes': '2', 'link': '/item/board_read.naver?code=012860&nid=416601350&page=2', 'body': '', 'score': 425}, {'title': '한동안....', 'date': '2026.04.02 21:27', 'views': '105', 'likes': '11', 'dislikes': '0', 'link': '/item/board_read.naver?code=012860&nid=416660162&page=1', 'body': '', 'score': 435}, {'title': '진짜 거의 모든종목이 저점이다ㅎ[1]', 'date': '2026.04.02 16:33', 'views': '103', 'likes': '11', 'dislikes': '1', 'link': '/item/board_read.naver?code=012860&nid=416640313&page=1', 'body': '', 'score': 433}, {'title': '가긴 갈텐데[1]', 'date': '2026.04.02 14:24', 'views': '118', 'likes': '11', 'dislikes': '3', 'link': '/item/board_read.naver?code=012860&nid=416617748&page=2', 'body': '', 'score': 448}, {'title': '왠지', 'date': '2026.04.02 12:39', 'views': '31', 'likes': '11', 'dislikes': '4', 'link': '/item/board_read.naver?code=012860&nid=416602182&page=2', 'body': '', 'score': 361}, {'title': '입성합니다[1]', 'date': '2026.04.02 12:30', 'views': '53', 'likes': '11', 'dislikes': '2', 'link': '/item/board_read.naver?code=012860&nid=416600962&page=2', 'body': '', 'score': 383}, {'title': '모베이스[1]', 'date': '2026.04.02 20:41', 'views': '153', 'likes': '10', 'dislikes': '2', 'link': '/item/board_read.naver?code=012860&nid=416657852&page=1', 'body': '', 'score': 453}]",9.2 (Strategy Advisor),012860
에코프로머티,70700,-2.62%,-0.5,94,17.01%,KOSPI,72600,17.51%,참 어이상실! 트럼프 악재 징글맞다 몇... / 77000원에 / 지수빠지는게 아쉽네[1] / 또,Negative (69%),"가자, 어이상실, 트럼프, 악재, 77000원에",1,"[{'title': '참 어이상실! 트럼프 악재 징글맞다 몇...', 'date': '2026.04.02 14:59', 'views': '89', 'likes': '13', 'dislikes': '2', 'link': '/item/board_read.naver?code=450080&nid=416626472&page=1', 'body': '', 'score': 479}, {'title': '77000원에', 'date': '2026.04.02 12:15', 'views': '60', 'likes': '11', 'dislikes': '0', 'link': '/item/board_read.naver?code=450080&nid=416598875&page=2', 'body': '', 'score': 390}, {'title': '지수빠지는게 아쉽네[1]', 'date': '2026.04.02 10:29', 'views': '48', 'likes': '9', 'dislikes': '0', 'link': '/item/board_read.naver?code=450080&nid=416575117&page=3', 'body': '', 'score': 318}, {'title': '또', 'date': '2026.04.02 14:56', 'views': '63', 'likes': '8', 'dislikes': '0', 'link': '/item/board_read.naver?code=450080&nid=416625860&page=1', 'body': '', 'score': 303}, {'title': '심약한 개미들', 'date': '2026.04.02 13:19', 'views': '45', 'likes': '8', 'dislikes': '0', 'link': '/item/board_read.naver?code=450080&nid=416608336&page=2', 'body': '', 'score': 285}, {'title': '7만7천7백 가자~~[1]', 'date': '2026.04.02 14:16', 'views': '91', 'likes': '7', 'dislikes': '1', 'link': '/item/board_read.naver?code=450080&nid=416616610&page=1', 'body': '', 'score': 301}, {'title': '머티는 죄 없다 오늘 그릇보여줬는데', 'date': '2026.04.02 11:31', 'views': '46', 'likes': '7', 'dislikes': '1', 'link': '/item/board_read.naver?code=450080&nid=416590794&page=2', 'body': '', 'score': 256}, {'title': '머티야 너라도 강하게 가자', 'date': '2026.04.02 10:54', 'views': '28', 'likes': '7', 'dislikes': '0', 'link': '/item/board_read.naver?code=450080&nid=416582385&page=3', 'body': '', 'score': 238}, {'title': '78900원의 매물대를 오늘 뚫어낼지..아니면 ...', 'date': '2026.04.02 09:38', 'views': '63', 'likes': '7', 'dislikes': '1', 'link': '/item/board_read.naver?code=450080&nid=416563868&page=4', 'body': '', 'score': 273}, {'title': '더 사고싶다', 'date': '2026.04.02 13:31', 'views': '52', 'likes': '6', 'dislikes': '1', 'link': '/item/board_read.naver?code=450080&nid=416610084&page=1', 'body': '', 'score': 232}]",9.2 (Strategy Advisor),450080
SK네트웍스,5420,-2.87%,-0.48,39,14.68%,KOSPI,5580,15.16%,매수했어요. / 낼까지 폭락할탠데 이거는 좀 버텼네 / 업스테이지  상장하면 / 업스테이지  속지 마라[1],Negative (57%),"업스테이지, 가자, 낼까지, 폭락할탠데, 이거는",1,"[{'title': '낼까지 폭락할탠데 이거는 좀 버텼네', 'date': '2026.04.02 15:34', 'views': '26', 'likes': '3', 'dislikes': '1', 'link': '/item/board_read.naver?code=001740&nid=416633923&page=1', 'body': '', 'score': 116}, {'title': '매수했어요.', 'date': '2026.04.02 12:06', 'views': '40', 'likes': '3', 'dislikes': '3', 'link': '/item/board_read.naver?code=001740&nid=416597496&page=2', 'body': '', 'score': 130}, {'title': '배당주들은 잘 못가', 'date': '2026.04.02 23:03', 'views': '10', 'likes': '2', 'dislikes': '0', 'link': '/item/board_read.naver?code=001740&nid=416666594&page=1', 'body': '', 'score': 70}, {'title': '그지 깡깽이 같은회사', 'date': '2026.04.02 17:53', 'views': '28', 'likes': '2', 'dislikes': '0', 'link': '/item/board_read.naver?code=001740&nid=416646520&page=1', 'body': '', 'score': 88}, {'title': 'ㅎ ㅔㅎ ㅔ', 'date': '2026.04.02 17:38', 'views': '15', 'likes': '2', 'dislikes': '0', 'link': '/item/board_read.naver?code=001740&nid=416645454&page=1', 'body': '', 'score': 75}, {'title': '업스테이지  상장하면', 'date': '2026.04.02 11:14', 'views': '54', 'likes': '2', 'dislikes': '4', 'link': '/item/board_read.naver?code=001740&nid=416586991&page=2', 'body': '', 'score': 114}, {'title': '7천원 가자ㅏㅏ', 'date': '2026.04.02 09:03', 'views': '26', 'likes': '2', 'dislikes': '1', 'link': '/item/board_read.naver?code=001740&nid=416555726&page=2', 'body': '', 'score': 86}, {'title': '매수 타점', 'date': '2026.04.02 20:18', 'views': '29', 'likes': '1', 'dislikes': '1', 'link': '/item/board_read.naver?code=001740&nid=416656633&page=1', 'body': '', 'score': 59}, {'title': '업스테이지  속지 마라[1]', 'date': '2026.04.02 20:08', 'views': '74', 'likes': '1', 'dislikes': '3', 'link': '/item/board_read.naver?code=001740&nid=416656040&page=1', 'body': '', 'score': 104}, {'title': '자 3000원 가자', 'date': '2026.04.02 17:54', 'views': '25', 'likes': '1', 'dislikes': '0', 'link': '/item/board_read.naver?code=001740&nid=416646615&page=1', 'body': '', 'score': 55}]",9.2 (Strategy Advisor),001740
휴림로봇,10800,-2.88%,-0.53,104,7.53%,KOSDAQ,11120,8.06%,금융감독원에 신고 할라고[1] / 주식담보 해제 / 내일 / 누가좀 몽둥이로[2],Mixed,"금융감독원에, 신고, 할라고, 주식담보, 해제",2,"[{'title': '내일', 'date': '2026.04.02 15:05', 'views': '152', 'likes': '16', 'dislikes': '5', 'link': '/item/board_read.naver?code=090710&nid=416628418&page=2', 'body': '', 'score': 632}, {'title': '금융감독원에 신고 할라고[1]', 'date': '2026.04.02 17:50', 'views': '832', 'likes': '15', 'dislikes': '8', 'link': '/item/board_read.naver?code=090710&nid=416646386&page=1', 'body': '', 'score': 1282}, {'title': '주식담보 해제', 'date': '2026.04.02 17:38', 'views': '305', 'likes': '13', 'dislikes': '1', 'link': '/item/board_read.naver?code=090710&nid=416645475&page=1', 'body': '', 'score': 695}, {'title': '누가좀 몽둥이로[2]', 'date': '2026.04.02 14:58', 'views': '127', 'likes': '13', 'dislikes': '1', 'link': '/item/board_read.naver?code=090710&nid=416626236&page=2', 'body': '', 'score': 517}, {'title': '오늘공시는', 'date': '2026.04.02 19:12', 'views': '143', 'likes': '12', 'dislikes': '3', 'link': '/item/board_read.naver?code=090710&nid=416651995&page=1', 'body': '', 'score': 503}, {'title': '빌린돈으로 뭐 했냐고~~~', 'date': '2026.04.02 17:39', 'views': '118', 'likes': '12', 'dislikes': '1', 'link': '/item/board_read.naver?code=090710&nid=416645564&page=1', 'body': '', 'score': 478}, {'title': '후#', 'date': '2026.04.02 18:18', 'views': '109', 'likes': '11', 'dislikes': '1', 'link': '/item/board_read.naver?code=090710&nid=416648342&page=1', 'body': '', 'score': 439}, {'title': '트렁크', 'date': '2026.04.02 14:18', 'views': '58', 'likes': '10', 'dislikes': '1', 'link': '/item/board_read.naver?code=090710&nid=416616888&page=2', 'body': '', 'score': 358}, {'title': '신한', 'date': '2026.04.02 14:09', 'views': '52', 'likes': '9', 'dislikes': '0', 'link': '/item/board_read.naver?code=090710&nid=416615467&page=2', 'body': '', 'score': 322}, {'title': 'ㅠㅠ', 'date': '2026.04.02 12:39', 'views': '37', 'likes': '9', 'dislikes': '0', 'link': '/item/board_read.naver?code=090710&nid=416602169&page=3', 'body': '', 'score': 307}]",9.2 (Strategy Advisor),090710
대한해운,2330,-3.52%,-1.63,344,7.52%,KOSPI,2415,9.15%,"대한해운[1] / 대한해운 공시 보니까 주가 못 가는 이유중 하나...[1] / 아! 이제 알았네, / 청와대 신문고. 신고완료. 프로그램대람사기거...",Negative (55%),"이제, 알았네, 청와대, 신문고, 신고완료",2,"[{'title': '대한해운[1]', 'date': '2026.04.02 19:38', 'views': '129', 'likes': '22', 'dislikes': '0', 'link': '/item/board_read.naver?code=005880&nid=416653923&page=1', 'body': '', 'score': 789}, {'title': '아! 이제 알았네,', 'date': '2026.04.02 13:35', 'views': '63', 'likes': '11', 'dislikes': '0', 'link': '/item/board_read.naver?code=005880&nid=416610540&page=8', 'body': '', 'score': 393}, {'title': '청와대 신문고. 신고완료. 프로그램대람사기거...', 'date': '2026.04.02 16:20', 'views': '32', 'likes': '10', 'dislikes': '0', 'link': '/item/board_read.naver?code=005880&nid=416639084&page=4', 'body': '', 'score': 332}, {'title': '대한해운 공시 보니까 주가 못 가는 이유중 하나...[1]', 'date': '2026.04.02 14:48', 'views': '112', 'likes': '10', 'dislikes': '0', 'link': '/item/board_read.naver?code=005880&nid=416623616&page=6', 'body': '', 'score': 412}, {'title': '이런 거', 'date': '2026.04.02 18:12', 'views': '37', 'likes': '9', 'dislikes': '0', 'link': '/item/board_read.naver?code=005880&nid=416647931&page=2', 'body': '', 'score': 307}, {'title': '프로그램매매사기건입니다', 'date': '2026.04.02 16:26', 'views': '22', 'likes': '8', 'dislikes': '0', 'link': '/item/board_read.naver?code=005880&nid=416639649&page=4', 'body': '', 'score': 262}, {'title': '햐', 'date': '2026.04.02 15:36', 'views': '30', 'likes': '8', 'dislikes': '0', 'link': '/item/board_read.naver?code=005880&nid=416634171&page=5', 'body': '', 'score': 270}, {'title': '대주주가 주가누르기를 하고 있는 것이 아닌지 꼭...', 'date': '2026.04.02 14:30', 'views': '45', 'likes': '8', 'dislikes': '1', 'link': '/item/board_read.naver?code=005880&nid=416619032&page=7', 'body': '', 'score': 285}, {'title': '유가 110불이다. 더 살돈도 없다. 끝까지...', 'date': '2026.04.02 21:35', 'views': '121', 'likes': '7', 'dislikes': '2', 'link': '/item/board_read.naver?code=005880&nid=416660594&page=1', 'body': '', 'score': 331}, {'title': '주가 누르기 한판승이네 ㅋㅋㅋ[1]', 'date': '2026.04.02 12:19', 'views': '75', 'likes': '7', 'dislikes': '0', 'link': '/item/board_read.naver?code=005880&nid=416599402&page=9', 'body': '', 'score': 285}]",9.2 (Strategy Advisor),005880
대원전선,5220,-3.87%,0.44,89,5.97%,KOSPI,5430,5.53%,일단 물타기는[2] / 만공견 / 공매도 상환 트럼프가 도와주고 ~ / 개주디 엄청 짖어대네,Negative (63%),"만공교, 구질구질한쌬, 조선족, 범죄자쌬, 만공견",1,"[{'title': '만공견', 'date': '2026.04.02 12:45', 'views': '16', 'likes': '6', 'dislikes': '1', 'link': '/item/board_read.naver?code=006340&nid=416603194&page=2', 'body': '', 'score': 196}, {'title': '개주디 엄청 짖어대네', 'date': '2026.04.02 13:01', 'views': '17', 'likes': '5', 'dislikes': '2', 'link': '/item/board_read.naver?code=006340&nid=416605657&page=2', 'body': '', 'score': 167}, {'title': '공매도 상환 트럼프가 도와주고 ~', 'date': '2026.04.02 12:00', 'views': '23', 'likes': '5', 'dislikes': '1', 'link': '/item/board_read.naver?code=006340&nid=416596564&page=3', 'body': '', 'score': 173}, {'title': '만공교 구질구질한쌬 ㅋㅋㅋㅋㅋㅋㅋㅋㅋㅋㅋㅋㅋㅋㅋㅋㅋㅋ...', 'date': '2026.04.02 11:40', 'views': '10', 'likes': '5', 'dislikes': '1', 'link': '/item/board_read.naver?code=006340&nid=416592876&page=3', 'body': '', 'score': 160}, {'title': '일단 물타기는[2]', 'date': '2026.04.02 08:40', 'views': '74', 'likes': '5', 'dislikes': '3', 'link': '/item/board_read.naver?code=006340&nid=416553034&page=5', 'body': '', 'score': 224}, {'title': '만공교 조선족 범죄자쌬 징징징 모음 ㅋㅋㅋㅋㅋㅋㅋㅋ...', 'date': '2026.04.02 19:17', 'views': '15', 'likes': '4', 'dislikes': '1', 'link': '/item/board_read.naver?code=006340&nid=416652362&page=1', 'body': '', 'score': 135}, {'title': '내일은 300원 하락', 'date': '2026.04.02 19:13', 'views': '12', 'likes': '4', 'dislikes': '2', 'link': '/item/board_read.naver?code=006340&nid=416652031&page=1', 'body': '', 'score': 132}, {'title': '만공교 구질구질한쌬 ㅋㅋㅋㅋㅋㅋㅋㅋㅋㅋㅋㅋㅋㅋㅋㅋㅋ...', 'date': '2026.04.02 18:55', 'views': '12', 'likes': '4', 'dislikes': '1', 'link': '/item/board_read.naver?code=006340&nid=416650900&page=1', 'body': '', 'score': 132}, {'title': '만공교 조선족 범죄자쌬 기어나오면 무조건 하락임[2]', 'date': '2026.04.02 18:42', 'views': '15', 'likes': '4', 'dislikes': '2', 'link': '/item/board_read.naver?code=006340&nid=416649982&page=1', 'body': '', 'score': 135}, {'title': '외인 기관 매수 의미 없다ㅋ', 'date': '2026.04.02 18:41', 'views': '17', 'likes': '4', 'dislikes': '1', 'link': '/item/board_read.naver?code=006340&nid=416649953&page=1', 'body': '', 'score': 137}]",9.2 (Strategy Advisor),006340
서울식품,172,-3.91%,0.03,17,3.12%,KOSPI,179,3.09%,상장한지 53년된기업 ㅋㅋㅋㅋㅋㅋ 초대회장이...[2] / 끝났다 / 여기사지마 ㅋㅋㅋㅋㅋ 진짜 악덕기업이라니까 ...[1] / 주주 생각은 털끝만치도 생각안하는 기업,Mixed,"상장한지, 53년된기업, 초대회장이, 여기사지마, 생각은",1,"[{'title': '상장한지 53년된기업 ㅋㅋㅋㅋㅋㅋ 초대회장이...[2]', 'date': '2026.04.02 13:50', 'views': '126', 'likes': '10', 'dislikes': '1', 'link': '/item/board_read.naver?code=004410&nid=416612660&page=1', 'body': '', 'score': 426}, {'title': '끝났다', 'date': '2026.04.02 13:46', 'views': '55', 'likes': '7', 'dislikes': '0', 'link': '/item/board_read.naver?code=004410&nid=416612139&page=1', 'body': '', 'score': 265}, {'title': '여기사지마 ㅋㅋㅋㅋㅋ 진짜 악덕기업이라니까 ...[1]', 'date': '2026.04.02 11:32', 'views': '57', 'likes': '6', 'dislikes': '0', 'link': '/item/board_read.naver?code=004410&nid=416591171&page=1', 'body': '', 'score': 237}, {'title': '주주 생각은 털끝만치도 생각안하는 기업', 'date': '2026.04.02 13:08', 'views': '37', 'likes': '5', 'dislikes': '0', 'link': '/item/board_read.naver?code=004410&nid=416606728&page=1', 'body': '', 'score': 187}, {'title': '정신들 차리시고 이차전지나 태양광가시오', 'date': '2026.04.02 12:23', 'views': '24', 'likes': '5', 'dislikes': '0', 'link': '/item/board_read.naver?code=004410&nid=416600085&page=1', 'body': '', 'score': 174}, {'title': 'ㅋㅋㅋㅋ 140원까지 1~3원씩 계속 뺀다니...[1]', 'date': '2026.04.02 13:36', 'views': '52', 'likes': '4', 'dislikes': '0', 'link': '/item/board_read.naver?code=004410&nid=416610656&page=1', 'body': '', 'score': 172}, {'title': '넌 한 것도 없는데 왜 떨어져', 'date': '2026.04.02 12:51', 'views': '34', 'likes': '4', 'dislikes': '0', 'link': '/item/board_read.naver?code=004410&nid=416604034&page=1', 'body': '', 'score': 154}, {'title': '야 미국전투식량으로 뻥튀기 어떻게 안되겠냐?', 'date': '2026.04.02 11:07', 'views': '25', 'likes': '3', 'dislikes': '2', 'link': '/item/board_read.naver?code=004410&nid=416585362&page=1', 'body': '', 'score': 115}, {'title': '진정한 세계화의 주역! 4050[1]', 'date': '2026.04.02 10:53', 'views': '56', 'likes': '3', 'dislikes': '2', 'link': '/item/board_read.naver?code=004410&nid=416581951&page=1', 'body': '', 'score': 146}, {'title': '오늘 무조건음봉 ㅋㅋㅋ 어제 지수폭등해서 오...[1]', 'date': '2026.04.02 09:27', 'views': '46', 'likes': '3', 'dislikes': '1', 'link': '/item/board_read.naver?code=004410&nid=416561486&page=1', 'body': '', 'score': 136}]",9.2 (Strategy Advisor),004410
한온시스템,3760,-4.45%,-0.04,131,6.82%,KOSPI,3935,6.86%,유보율이  3000%나  되는데  배당도 ... / 한앤코 케이카 엑시트!!! / 전기차 주문하러 갔더니[1] / 삼전은 13프로 오르고 6퍼 빠짐[1],Negative (53%),"유보율이, 되는데, 배당도, 한앤코, 케이카",2,"[{'title': '유보율이  3000%나  되는데  배당도 ...', 'date': '2026.04.02 17:31', 'views': '128', 'likes': '12', 'dislikes': '2', 'link': '/item/board_read.naver?code=018880&nid=416644957&page=1', 'body': '', 'score': 488}, {'title': '한앤코 케이카 엑시트!!!', 'date': '2026.04.02 12:20', 'views': '146', 'likes': '10', 'dislikes': '4', 'link': '/item/board_read.naver?code=018880&nid=416599635&page=3', 'body': '', 'score': 446}, {'title': '전기차 주문하러 갔더니[1]', 'date': '2026.04.02 17:32', 'views': '149', 'likes': '9', 'dislikes': '3', 'link': '/item/board_read.naver?code=018880&nid=416645023&page=1', 'body': '', 'score': 419}, {'title': '삼전은 13프로 오르고 6퍼 빠짐[1]', 'date': '2026.04.02 11:51', 'views': '96', 'likes': '9', 'dislikes': '11', 'link': '/item/board_read.naver?code=018880&nid=416595069&page=4', 'body': '', 'score': 366}, {'title': '손절하고 삼전 갈아탓습니다[1]', 'date': '2026.04.02 15:19', 'views': '101', 'likes': '8', 'dislikes': '1', 'link': '/item/board_read.naver?code=018880&nid=416631282&page=2', 'body': '', 'score': 341}, {'title': '미국늙은이 ㄷ?지는게', 'date': '2026.04.02 14:01', 'views': '30', 'likes': '8', 'dislikes': '2', 'link': '/item/board_read.naver?code=018880&nid=416614342&page=3', 'body': '', 'score': 270}, {'title': '실적 컨센서스만 믿으세요!!!', 'date': '2026.04.02 11:41', 'views': '74', 'likes': '8', 'dislikes': '7', 'link': '/item/board_read.naver?code=018880&nid=416593196&page=4', 'body': '', 'score': 314}, {'title': '신용도 잡았고 급등 나오는 자리!!![1]', 'date': '2026.04.02 09:32', 'views': '91', 'likes': '8', 'dislikes': '2', 'link': '/item/board_read.naver?code=018880&nid=416562550&page=6', 'body': '', 'score': 331}, {'title': '회사실적 아무리 좋아도', 'date': '2026.04.02 15:53', 'views': '98', 'likes': '7', 'dislikes': '3', 'link': '/item/board_read.naver?code=018880&nid=416636499&page=1', 'body': '', 'score': 308}, {'title': '지수 선물의 영향일 뿐!!!', 'date': '2026.04.02 10:11', 'views': '55', 'likes': '7', 'dislikes': '4', 'link': '/item/board_read.naver?code=018880&nid=416570202&page=5', 'body': '', 'score': 265}]",9.2 (Strategy Advisor),018880
에이프로젠,301,-4.75%,-0.05,81,6.63%,KOSPI,316,6.68%,주가 눌러놓고 재섭이가 3자배정으로 주식수 늘...[2] / 휴미라 임상관련[1] / 에이프로젠의 미래 / ■■■■ 화환보냈습니다 ■■■■[1],Negative (66%),"눌러놓고, 재섭이가, 3자배정으로, 주식수, 김재섭",1,"[{'title': '■■■■ 화환보냈습니다 ■■■■[1]', 'date': '2026.04.02 13:59', 'views': '42', 'likes': '9', 'dislikes': '0', 'link': '/item/board_read.naver?code=007460&nid=416614022&page=3', 'body': '', 'score': 312}, {'title': '주가 눌러놓고 재섭이가 3자배정으로 주식수 늘...[2]', 'date': '2026.04.02 19:46', 'views': '132', 'likes': '8', 'dislikes': '5', 'link': '/item/board_read.naver?code=007460&nid=416654506&page=1', 'body': '', 'score': 372}, {'title': '김재섭 사기꾼[2]', 'date': '2026.04.02 18:09', 'views': '41', 'likes': '7', 'dislikes': '1', 'link': '/item/board_read.naver?code=007460&nid=416647720&page=2', 'body': '', 'score': 251}, {'title': '휴미라 임상관련[1]', 'date': '2026.04.02 16:48', 'views': '108', 'likes': '7', 'dislikes': '0', 'link': '/item/board_read.naver?code=007460&nid=416641526&page=2', 'body': '', 'score': 318}, {'title': '1400원[2]', 'date': '2026.04.02 16:30', 'views': '65', 'likes': '7', 'dislikes': '0', 'link': '/item/board_read.naver?code=007460&nid=416639996&page=2', 'body': '', 'score': 275}, {'title': '에이프로젠의 미래', 'date': '2026.04.02 16:22', 'views': '106', 'likes': '7', 'dislikes': '1', 'link': '/item/board_read.naver?code=007460&nid=416639291&page=2', 'body': '', 'score': 316}, {'title': '개재섭[1]', 'date': '2026.04.02 15:34', 'views': '33', 'likes': '7', 'dislikes': '0', 'link': '/item/board_read.naver?code=007460&nid=416633929&page=2', 'body': '', 'score': 243}, {'title': '재섭아~PPQ 작성은 외부 글로벌(유럽) 전문...[3]', 'date': '2026.04.02 09:45', 'views': '73', 'likes': '7', 'dislikes': '1', 'link': '/item/board_read.naver?code=007460&nid=416565391&page=4', 'body': '', 'score': 283}, {'title': 'Leekss7 어디갔냐?? ㅋㅋㅋ[1]', 'date': '2026.04.02 19:21', 'views': '57', 'likes': '6', 'dislikes': '2', 'link': '/item/board_read.naver?code=007460&nid=416652602&page=1', 'body': '', 'score': 237}, {'title': '오늘모있냐?[1]', 'date': '2026.04.02 14:19', 'views': '61', 'likes': '6', 'dislikes': '0', 'link': '/item/board_read.naver?code=007460&nid=416617068&page=3', 'body': '', 'score': 241}]",9.2 (Strategy Advisor),007460
케이뱅크,5790,-4.77%,-0.07,203,0.12%,KOSPI,6080,0.19%,상장은 왜 했을까?[2] / 마이너스 / 일단 정부정책및  민원  동시에 넣었다.. / 10 브 랄,Negative (64%),"상장은, 마이너스, 일단, 정부정책및, 민원",10,"[{'title': '상장은 왜 했을까?[2]', 'date': '2026.04.02 15:00', 'views': '203', 'likes': '14', 'dislikes': '0', 'link': '/item/board_read.naver?code=279570&nid=416626885&page=3', 'body': '', 'score': 623}, {'title': '마이너스', 'date': '2026.04.02 15:03', 'views': '64', 'likes': '11', 'dislikes': '0', 'link': '/item/board_read.naver?code=279570&nid=416627878&page=3', 'body': '', 'score': 394}, {'title': '일단 정부정책및  민원  동시에 넣었다..', 'date': '2026.04.02 10:09', 'views': '49', 'likes': '11', 'dislikes': '0', 'link': '/item/board_read.naver?code=279570&nid=416569825&page=9', 'body': '', 'score': 379}, {'title': '10 브 랄', 'date': '2026.04.02 15:26', 'views': '55', 'likes': '10', 'dislikes': '0', 'link': '/item/board_read.naver?code=279570&nid=416632697&page=3', 'body': '', 'score': 355}, {'title': '공모주10주받고', 'date': '2026.04.02 13:34', 'views': '67', 'likes': '8', 'dislikes': '0', 'link': '/item/board_read.naver?code=279570&nid=416610434&page=4', 'body': '', 'score': 307}, {'title': '근본적 해결 방식은 은산분리법 가장 확실[1]', 'date': '2026.04.02 09:58', 'views': '68', 'likes': '8', 'dislikes': '0', 'link': '/item/board_read.naver?code=279570&nid=416567923&page=9', 'body': '', 'score': 308}, {'title': '국민의짐 종목답게 더 내려..', 'date': '2026.04.02 17:56', 'views': '115', 'likes': '7', 'dislikes': '2', 'link': '/item/board_read.naver?code=279570&nid=416646792&page=1', 'body': '', 'score': 325}, {'title': '상장일포함', 'date': '2026.04.02 15:32', 'views': '86', 'likes': '7', 'dislikes': '0', 'link': '/item/board_read.naver?code=279570&nid=416633598&page=2', 'body': '', 'score': 296}, {'title': '와 사기주', 'date': '2026.04.02 10:34', 'views': '23', 'likes': '7', 'dislikes': '0', 'link': '/item/board_read.naver?code=279570&nid=416576680&page=8', 'body': '', 'score': 233}, {'title': '지금 개미들이 추매하면..', 'date': '2026.04.02 17:12', 'views': '54', 'likes': '6', 'dislikes': '2', 'link': '/item/board_read.naver?code=279570&nid=416643454&page=2', 'body': '', 'score': 234}]",9.2 (Strategy Advisor),279570
리센스메디컬,22700,-5.22%,1.56,299,2.71%,KOSDAQ,23950,1.15%,그냥 FDA 승인도 아니고 FDA 드 노보 승...[3] / 하루만에 800  날렸다[3] / 큐리옥스바이오시스템즈같네 / 시장규모가 어마 어마 하군,Positive (54%),"FDA, 어마, 승인도, 아니고, 노보",2,"[{'title': '그냥 FDA 승인도 아니고 FDA 드 노보 승...[3]', 'date': '2026.04.02 08:13', 'views': '210', 'likes': '9', 'dislikes': '1', 'link': '/item/board_read.naver?code=394420&nid=416550212&page=15', 'body': '', 'score': 480}, {'title': '닥악치고 매수', 'date': '2026.04.02 09:27', 'views': '35', 'likes': '8', 'dislikes': '0', 'link': '/item/board_read.naver?code=394420&nid=416561479&page=13', 'body': '', 'score': 275}, {'title': '3만 1100원', 'date': '2026.04.02 08:43', 'views': '41', 'likes': '8', 'dislikes': '0', 'link': '/item/board_read.naver?code=394420&nid=416553275&page=15', 'body': '', 'score': 281}, {'title': '엥!', 'date': '2026.04.02 17:40', 'views': '72', 'likes': '7', 'dislikes': '1', 'link': '/item/board_read.naver?code=394420&nid=416645656&page=1', 'body': '', 'score': 282}, {'title': '시장규모가 어마 어마 하군', 'date': '2026.04.02 12:35', 'views': '89', 'likes': '7', 'dislikes': '0', 'link': '/item/board_read.naver?code=394420&nid=416601709&page=9', 'body': '', 'score': 299}, {'title': '제2의 로킷헬스케어라고했습니다[1]', 'date': '2026.04.02 12:22', 'views': '86', 'likes': '7', 'dislikes': '0', 'link': '/item/board_read.naver?code=394420&nid=416599957&page=9', 'body': '', 'score': 296}, {'title': '오늘 조정 잘했네', 'date': '2026.04.02 16:24', 'views': '43', 'likes': '6', 'dislikes': '1', 'link': '/item/board_read.naver?code=394420&nid=416639511&page=2', 'body': '', 'score': 223}, {'title': '하루만에 800  날렸다[3]', 'date': '2026.04.02 16:05', 'views': '139', 'likes': '6', 'dislikes': '1', 'link': '/item/board_read.naver?code=394420&nid=416637689&page=3', 'body': '', 'score': 319}, {'title': '큐리옥스바이오시스템즈같네', 'date': '2026.04.02 12:44', 'views': '128', 'likes': '6', 'dislikes': '1', 'link': '/item/board_read.naver?code=394420&nid=416602921&page=9', 'body': '', 'score': 308}, {'title': '😚 초품절주!!!', 'date': '2026.04.02 12:39', 'views': '72', 'likes': '6', 'dislikes': '0', 'link': '/item/board_read.naver?code=394420&nid=416602306&page=9', 'body': '', 'score': 252}]",9.2 (Strategy Advisor),394420
하이드로리튬,2055,-5.73%,-1.21,88,3.55%,KOSDAQ,2180,4.76%,●  프레리 리튬  하리본사  방문했네[4] / ●  캐나다  프레리리튬과의 본계약  체결. ...[4] / 프레리 리튬과 하리 본계약 공시![2] / ●  외인  최근  4일간  매수한  물량만  ...[1],Positive (76%),"본계약, 프레리, 체결, 리튬, 프레리리튬과의",1,"[{'title': '●  캐나다  프레리리튬과의 본계약  체결. ...[4]', 'date': '2026.04.02 08:22', 'views': '193', 'likes': '36', 'dislikes': '1', 'link': '/item/board_read.naver?code=101670&nid=416551191&page=5', 'body': '', 'score': 1273}, {'title': '●  프레리 리튬  하리본사  방문했네[4]', 'date': '2026.04.02 15:26', 'views': '328', 'likes': '33', 'dislikes': '7', 'link': '/item/board_read.naver?code=101670&nid=416632586&page=2', 'body': '', 'score': 1318}, {'title': '프레리 리튬과 하리 본계약 공시![2]', 'date': '2026.04.02 08:14', 'views': '152', 'likes': '32', 'dislikes': '0', 'link': '/item/board_read.naver?code=101670&nid=416550310&page=5', 'body': '', 'score': 1112}, {'title': '●  외인  최근  4일간  매수한  물량만  ...[1]', 'date': '2026.04.02 16:31', 'views': '229', 'likes': '24', 'dislikes': '4', 'link': '/item/board_read.naver?code=101670&nid=416640085&page=2', 'body': '', 'score': 949}, {'title': '핵심적인 문장이 있네...', 'date': '2026.04.02 08:41', 'views': '166', 'likes': '22', 'dislikes': '1', 'link': '/item/board_read.naver?code=101670&nid=416553055&page=5', 'body': '', 'score': 826}, {'title': '코스닥 매도 사이드카 무섭긴 하네', 'date': '2026.04.02 15:38', 'views': '102', 'likes': '19', 'dislikes': '2', 'link': '/item/board_read.naver?code=101670&nid=416634544&page=2', 'body': '', 'score': 672}, {'title': '하이드로리튬 회사 일동 수고많으셨습니다~ 진짜 ...[1]', 'date': '2026.04.02 09:03', 'views': '371', 'likes': '19', 'dislikes': '0', 'link': '/item/board_read.naver?code=101670&nid=416555666&page=4', 'body': '', 'score': 941}, {'title': '●  조만간  일어날  초대형  호재[2]', 'date': '2026.04.02 20:57', 'views': '131', 'likes': '18', 'dislikes': '4', 'link': '/item/board_read.naver?code=101670&nid=416658673&page=1', 'body': '', 'score': 671}, {'title': '(공유) 프레리 리튬 본계약 체결 의미[2]', 'date': '2026.04.02 10:40', 'views': '223', 'likes': '17', 'dislikes': '1', 'link': '/item/board_read.naver?code=101670&nid=416578354&page=3', 'body': '', 'score': 733}, {'title': '어떻게든 평가절하 하려하는데[5]', 'date': '2026.04.02 21:37', 'views': '124', 'likes': '16', 'dislikes': '5', 'link': '/item/board_read.naver?code=101670&nid=416660691&page=1', 'body': '', 'score': 604}]",9.2 (Strategy Advisor),101670
삼성전자,178400,-5.91%,-0.02,800,48.41%,KOSPI,189600,48.43%,넥장 종가배팅한 이유 / 호르무즈 개방 관련한 속보 나옴 ㅋ[2] / ★자기전 투표하자![1] / 낼도 10프로 폭등,Positive (57%),"자기전, 투표하자, 이제, 우리국장도, 트럼프",21,"[{'title': '★자기전 투표하자![1]', 'date': '2026.04.03 00:06', 'views': '96', 'likes': '27', 'dislikes': '8', 'link': '/item/board_read.naver?code=005930&nid=416669981&page=11', 'body': '', 'score': 906}, {'title': '이제 우리국장도 트럼프 입을 무시하자', 'date': '2026.04.02 23:27', 'views': '52', 'likes': '22', 'dislikes': '2', 'link': '/item/board_read.naver?code=005930&nid=416667915&page=25', 'body': '', 'score': 712}, {'title': '환율 1400원 때 대통령 사퇴하라던[2]', 'date': '2026.04.02 23:15', 'views': '51', 'likes': '22', 'dislikes': '6', 'link': '/item/board_read.naver?code=005930&nid=416667290&page=29', 'body': '', 'score': 711}, {'title': '낼도 10프로 폭등', 'date': '2026.04.02 23:28', 'views': '84', 'likes': '21', 'dislikes': '5', 'link': '/item/board_read.naver?code=005930&nid=416667947&page=25', 'body': '', 'score': 714}, {'title': '넥장 종가배팅한 이유', 'date': '2026.04.02 23:24', 'views': '395', 'likes': '20', 'dislikes': '8', 'link': '/item/board_read.naver?code=005930&nid=416667758&page=26', 'body': '', 'score': 995}, {'title': '내일은 시초가 무조건 양전', 'date': '2026.04.02 23:23', 'views': '42', 'likes': '18', 'dislikes': '5', 'link': '/item/board_read.naver?code=005930&nid=416667687&page=26', 'body': '', 'score': 582}, {'title': '윤석열의 ""단군이래 최대무능""[1]', 'date': '2026.04.03 00:40', 'views': '56', 'likes': '17', 'dislikes': '12', 'link': '/item/board_read.naver?code=005930&nid=416671089&page=3', 'body': '', 'score': 566}, {'title': '호르무즈 개방 관련한 속보 나옴 ㅋ[2]', 'date': '2026.04.02 23:56', 'views': '427', 'likes': '17', 'dislikes': '2', 'link': '/item/board_read.naver?code=005930&nid=416669582&page=14', 'body': '', 'score': 937}, {'title': '오늘. 야선  상한가 예정[1]', 'date': '2026.04.02 23:26', 'views': '181', 'likes': '16', 'dislikes': '7', 'link': '/item/board_read.naver?code=005930&nid=416667858&page=25', 'body': '', 'score': 661}, {'title': '나스닥 양전했다 내일 상승하겠다', 'date': '2026.04.03 00:03', 'views': '47', 'likes': '14', 'dislikes': '1', 'link': '/item/board_read.naver?code=005930&nid=416669889&page=12', 'body': '', 'score': 467}]",9.2 (Strategy Advisor),005930
두산에너빌리티,93600,-6.02%,-0.01,307,23.97%,KOSPI,99600,23.98%,1년 6개월만에 털고나갑니디.[1] / 40대 주부인데요.[8] / 자사주 매입해서 다른 회사는 소각하는데[1] / 정말[2],Negative (59%),"다른, 이제까지, 자사주, 매입해서, 회사는",2,"[{'title': '정말[2]', 'date': '2026.04.02 19:18', 'views': '86', 'likes': '22', 'dislikes': '3', 'link': '/item/board_read.naver?code=034020&nid=416652454&page=2', 'body': '', 'score': 746}, {'title': '이제까지', 'date': '2026.04.02 17:14', 'views': '91', 'likes': '21', 'dislikes': '1', 'link': '/item/board_read.naver?code=034020&nid=416643625&page=3', 'body': '', 'score': 721}, {'title': '자사주 매입해서 다른 회사는 소각하는데[1]', 'date': '2026.04.02 15:24', 'views': '198', 'likes': '20', 'dislikes': '1', 'link': '/item/board_read.naver?code=034020&nid=416632331&page=4', 'body': '', 'score': 798}, {'title': 'ㅋ', 'date': '2026.04.02 23:42', 'views': '155', 'likes': '16', 'dislikes': '2', 'link': '/item/board_read.naver?code=034020&nid=416668841&page=1', 'body': '', 'score': 635}, {'title': '올해 다른 원전주에 비해 오르지도 못했는데[1]', 'date': '2026.04.02 20:41', 'views': '202', 'likes': '15', 'dislikes': '0', 'link': '/item/board_read.naver?code=034020&nid=416657857&page=1', 'body': '', 'score': 652}, {'title': '1년 6개월만에 털고나갑니디.[1]', 'date': '2026.04.02 19:26', 'views': '487', 'likes': '15', 'dislikes': '9', 'link': '/item/board_read.naver?code=034020&nid=416652993&page=2', 'body': '', 'score': 937}, {'title': '40대 주부인데요.[8]', 'date': '2026.04.02 16:22', 'views': '443', 'likes': '15', 'dislikes': '39', 'link': '/item/board_read.naver?code=034020&nid=416639309&page=4', 'body': '', 'score': 893}, {'title': '오늘[1]', 'date': '2026.04.02 15:17', 'views': '109', 'likes': '15', 'dislikes': '0', 'link': '/item/board_read.naver?code=034020&nid=416631028&page=4', 'body': '', 'score': 559}, {'title': '우리나라 종합주가지수 보면[2]', 'date': '2026.04.02 20:50', 'views': '140', 'likes': '14', 'dislikes': '1', 'link': '/item/board_read.naver?code=034020&nid=416658325&page=1', 'body': '', 'score': 560}, {'title': '트럼프는 이란 관련 연설을 왜 밤9시에 했을까...[1]', 'date': '2026.04.02 19:32', 'views': '240', 'likes': '14', 'dislikes': '1', 'link': '/item/board_read.naver?code=034020&nid=416653446&page=2', 'body': '', 'score': 660}]",9.2 (Strategy Advisor),034020
아주IB투자,8780,-6.30%,-0.46,135,0.80%,KOSDAQ,9370,1.26%,낼은 진짜 쏜다 / 아주IB. 미엣세벤투 둘다가지고 있는대요[1] / 스페이스X 상장 신청서 비공개 제출[2] / 오늘은 그냥 다같이 내리는 날인데[2],Positive (52%),"낼은, 미엣세벤투, 둘다가지고, 다같이, 내리는",2,"[{'title': '낼은 진짜 쏜다', 'date': '2026.04.02 16:07', 'views': '257', 'likes': '21', 'dislikes': '4', 'link': '/item/board_read.naver?code=027360&nid=416637872&page=2', 'body': '', 'score': 887}, {'title': '오[1]', 'date': '2026.04.02 15:23', 'views': '138', 'likes': '21', 'dislikes': '1', 'link': '/item/board_read.naver?code=027360&nid=416632163&page=2', 'body': '', 'score': 768}, {'title': '아주IB. 미엣세벤투 둘다가지고 있는대요[1]', 'date': '2026.04.02 21:54', 'views': '299', 'likes': '18', 'dislikes': '2', 'link': '/item/board_read.naver?code=027360&nid=416661563&page=1', 'body': '', 'score': 839}, {'title': '오늘은 그냥 다같이 내리는 날인데[2]', 'date': '2026.04.02 17:35', 'views': '262', 'likes': '17', 'dislikes': '6', 'link': '/item/board_read.naver?code=027360&nid=416645281&page=1', 'body': '', 'score': 772}, {'title': '스페이스  투자 당시 보고서중에서', 'date': '2026.04.02 22:38', 'views': '255', 'likes': '16', 'dislikes': '0', 'link': '/item/board_read.naver?code=027360&nid=416664859&page=1', 'body': '', 'score': 735}, {'title': '스페이스x 관련주 nxt에서 많이 오르네요', 'date': '2026.04.02 08:25', 'views': '85', 'likes': '16', 'dislikes': '1', 'link': '/item/board_read.naver?code=027360&nid=416551420&page=7', 'body': '', 'score': 565}, {'title': '안티들 심리 상태 분석[4]', 'date': '2026.04.02 17:14', 'views': '313', 'likes': '14', 'dislikes': '3', 'link': '/item/board_read.naver?code=027360&nid=416643611&page=1', 'body': '', 'score': 733}, {'title': '스페이스X 상장 신청서 비공개 제출[2]', 'date': '2026.04.02 16:42', 'views': '426', 'likes': '13', 'dislikes': '1', 'link': '/item/board_read.naver?code=027360&nid=416640989&page=2', 'body': '', 'score': 816}, {'title': '★전 세계★공공의 적~~~[3]', 'date': '2026.04.02 13:24', 'views': '198', 'likes': '13', 'dislikes': '2', 'link': '/item/board_read.naver?code=027360&nid=416609079&page=3', 'body': '', 'score': 588}, {'title': '이런 빅호재에도 털린다면', 'date': '2026.04.02 10:00', 'views': '187', 'likes': '13', 'dislikes': '5', 'link': '/item/board_read.naver?code=027360&nid=416568104&page=5', 'body': '', 'score': 577}]",9.2 (Strategy Advisor),027360
우리기술,20650,-6.35%,0.32,269,9.18%,KOSDAQ,22050,8.86%,주가조작범 트럼프 내일이면 또말바꿈[1] / 내일은 상한가[1] / 스톡홀름 저인간이 사는건 오래 머물면 안돼[4] / 제가여러분들에게[2],Positive (51%),"트럼프, 주가조작범, 내일이면, 또말바꿈, 띠바",11,"[{'title': '주가조작범 트럼프 내일이면 또말바꿈[1]', 'date': '2026.04.02 12:42', 'views': '264', 'likes': '21', 'dislikes': '4', 'link': '/item/board_read.naver?code=032820&nid=416602719&page=6', 'body': '', 'score': 894}, {'title': '아~띠바 트럼프!!!', 'date': '2026.04.02 15:59', 'views': '86', 'likes': '17', 'dislikes': '0', 'link': '/item/board_read.naver?code=032820&nid=416637101&page=3', 'body': '', 'score': 596}, {'title': '도람뿌  메가지를 따야 정리되겠네[1]', 'date': '2026.04.02 19:08', 'views': '121', 'likes': '15', 'dislikes': '2', 'link': '/item/board_read.naver?code=032820&nid=416651711&page=2', 'body': '', 'score': 571}, {'title': '미쿡 국민들 머해?[1]', 'date': '2026.04.02 12:02', 'views': '83', 'likes': '15', 'dislikes': '3', 'link': '/item/board_read.naver?code=032820&nid=416596901&page=7', 'body': '', 'score': 533}, {'title': '금양꼴 나네 어쩌네', 'date': '2026.04.02 21:14', 'views': '129', 'likes': '14', 'dislikes': '1', 'link': '/item/board_read.naver?code=032820&nid=416659544&page=1', 'body': '', 'score': 549}, {'title': '우리나라', 'date': '2026.04.02 14:46', 'views': '63', 'likes': '14', 'dislikes': '0', 'link': '/item/board_read.naver?code=032820&nid=416623071&page=5', 'body': '', 'score': 483}, {'title': '2주간 피말라서[1]', 'date': '2026.04.02 14:27', 'views': '141', 'likes': '14', 'dislikes': '0', 'link': '/item/board_read.naver?code=032820&nid=416618474&page=5', 'body': '', 'score': 561}, {'title': '내일은 상한가[1]', 'date': '2026.04.02 21:57', 'views': '437', 'likes': '13', 'dislikes': '3', 'link': '/item/board_read.naver?code=032820&nid=416661689&page=1', 'body': '', 'score': 827}, {'title': '제가여러분들에게[2]', 'date': '2026.04.02 21:34', 'views': '246', 'likes': '13', 'dislikes': '5', 'link': '/item/board_read.naver?code=032820&nid=416660542&page=1', 'body': '', 'score': 636}, {'title': '스톡홀름 저인간이 사는건 오래 머물면 안돼[4]', 'date': '2026.04.02 18:10', 'views': '257', 'likes': '13', 'dislikes': '0', 'link': '/item/board_read.naver?code=032820&nid=416647818&page=2', 'body': '', 'score': 647}]",9.2 (Strategy Advisor),032820
KoAct 코스닥액티브,11500,-6.73%,-0.11,15,0.76%,KOSPI,12330,0.87%,본부장하고 팀장 월급[1] / 엑티브라고 만들어 놓은 꼬라지가 참....[2] / 일 안하냐 ? 빠따 치고 싶네[1] / 이거 코인 아니죠?,Negative (100%),"꼬라지가, 본부장하고, 팀장, 월급, 안하냐",1,"[{'title': '본부장하고 팀장 월급[1]', 'date': '2026.04.02 14:59', 'views': '85', 'likes': '11', 'dislikes': '0', 'link': '/item/board_read.naver?code=0163Y0&nid=416626626&page=1', 'body': '', 'score': 415}, {'title': '일 안하냐 ? 빠따 치고 싶네[1]', 'date': '2026.04.02 15:13', 'views': '64', 'likes': '8', 'dislikes': '1', 'link': '/item/board_read.naver?code=0163Y0&nid=416630149&page=1', 'body': '', 'score': 304}, {'title': '이거 코인 아니죠?', 'date': '2026.04.02 12:56', 'views': '27', 'likes': '6', 'dislikes': '0', 'link': '/item/board_read.naver?code=0163Y0&nid=416604895&page=1', 'body': '', 'score': 207}, {'title': '엑티브라고 만들어 놓은 꼬라지가 참....[2]', 'date': '2026.04.02 09:55', 'views': '219', 'likes': '6', 'dislikes': '2', 'link': '/item/board_read.naver?code=0163Y0&nid=416567292&page=1', 'body': '', 'score': 399}, {'title': '더러워서', 'date': '2026.04.02 14:34', 'views': '28', 'likes': '3', 'dislikes': '0', 'link': '/item/board_read.naver?code=0163Y0&nid=416619875&page=1', 'body': '', 'score': 118}, {'title': '설계 꼬라지가 내릴때는 엑티브하고', 'date': '2026.04.02 13:53', 'views': '25', 'likes': '3', 'dislikes': '0', 'link': '/item/board_read.naver?code=0163Y0&nid=416613130&page=1', 'body': '', 'score': 115}, {'title': '분발합시다. 본부장님, 부책임님', 'date': '2026.04.02 12:26', 'views': '63', 'likes': '3', 'dislikes': '0', 'link': '/item/board_read.naver?code=0163Y0&nid=416600477&page=1', 'body': '', 'score': 153}, {'title': '이 코인이 다까먹내', 'date': '2026.04.02 14:16', 'views': '35', 'likes': '2', 'dislikes': '0', 'link': '/item/board_read.naver?code=0163Y0&nid=416616482&page=1', 'body': '', 'score': 95}, {'title': '가장큰문제는', 'date': '2026.04.02 18:58', 'views': '37', 'likes': '1', 'dislikes': '0', 'link': '/item/board_read.naver?code=0163Y0&nid=416651089&page=1', 'body': '', 'score': 67}, {'title': '진짜 쫌 모자른거아니냐 ㅋㅋㅋ', 'date': '2026.04.02 18:03', 'views': '20', 'likes': '1', 'dislikes': '1', 'link': '/item/board_read.naver?code=0163Y0&nid=416647345&page=1', 'body': '', 'score': 50}]",9.2 (Strategy Advisor),0163Y0
리튬포어스,576,-6.95%,-1.15,13,2.57%,KOSDAQ,619,3.72%,잘 빠져들 나오시게요 / 작전치는 cryze dog[1] / 1000 안되면 상폐 가자 / 오늘물린분들,Positive (83%),"이상, 빠져들, 오늘물린분들, 안되면, 상폐",1,"[{'title': '잘 빠져들 나오시게요', 'date': '2026.04.02 09:36', 'views': '31', 'likes': '5', 'dislikes': '0', 'link': '/item/board_read.naver?code=073570&nid=416563567&page=1', 'body': '', 'score': 181}, {'title': '오늘물린분들', 'date': '2026.04.02 15:21', 'views': '26', 'likes': '3', 'dislikes': '1', 'link': '/item/board_read.naver?code=073570&nid=416631644&page=1', 'body': '', 'score': 116}, {'title': '1000 안되면 상폐 가자', 'date': '2026.04.02 09:42', 'views': '33', 'likes': '3', 'dislikes': '1', 'link': '/item/board_read.naver?code=073570&nid=416564736&page=1', 'body': '', 'score': 123}, {'title': '작전치는 cryze dog[1]', 'date': '2026.04.02 09:30', 'views': '44', 'likes': '3', 'dislikes': '1', 'link': '/item/board_read.naver?code=073570&nid=416562216&page=1', 'body': '', 'score': 134}, {'title': '★ 600원 밑으로 사모을것', 'date': '2026.04.02 15:07', 'views': '26', 'likes': '2', 'dislikes': '3', 'link': '/item/board_read.naver?code=073570&nid=416628830&page=1', 'body': '', 'score': 86}, {'title': '5% 이상 하락했어요 😞', 'date': '2026.04.02 14:42', 'views': '16', 'likes': '2', 'dislikes': '0', 'link': '/item/board_read.naver?code=073570&nid=416622132&page=1', 'body': '', 'score': 76}, {'title': '오늘 고점에서', 'date': '2026.04.02 13:08', 'views': '21', 'likes': '2', 'dislikes': '1', 'link': '/item/board_read.naver?code=073570&nid=416606820&page=1', 'body': '', 'score': 81}, {'title': '가지가지한다', 'date': '2026.04.02 13:15', 'views': '21', 'likes': '1', 'dislikes': '1', 'link': '/item/board_read.naver?code=073570&nid=416607779&page=1', 'body': '', 'score': 51}, {'title': '700원 돌파시 재매수', 'date': '2026.04.02 10:37', 'views': '27', 'likes': '1', 'dislikes': '4', 'link': '/item/board_read.naver?code=073570&nid=416577399&page=1', 'body': '', 'score': 57}, {'title': '25% 이상 상승했어요 🎉', 'date': '2026.04.02 09:25', 'views': '23', 'likes': '0', 'dislikes': '1', 'link': '/item/board_read.naver?code=073570&nid=416560923&page=1', 'body': '', 'score': 23}]",9.2 (Strategy Advisor),073570
한화생명,4420,-6.95%,-0.05,89,6.04%,KOSPI,4750,6.09%,주주님들께... 드리는 말씀[3] / 열받네 나도 보내본다[4] / 한화생명 조만간 매불쇼 나옵니다. 작가님...[4] / 🙏 개인 주주들 힘이 필요합니다 🙏[7],Negative (55%),"주주님들께, 드리는, 말씀, 조만간, 매불쇼",1,"[{'title': '주주님들께... 드리는 말씀[3]', 'date': '2026.04.02 18:38', 'views': '348', 'likes': '43', 'dislikes': '1', 'link': '/item/board_read.naver?code=088350&nid=416649726&page=1', 'body': '', 'score': 1638}, {'title': '한화생명 조만간 매불쇼 나옵니다. 작가님...[4]', 'date': '2026.04.02 17:47', 'views': '287', 'likes': '34', 'dislikes': '2', 'link': '/item/board_read.naver?code=088350&nid=416646150&page=1', 'body': '', 'score': 1307}, {'title': '열받네 나도 보내본다[4]', 'date': '2026.04.02 16:57', 'views': '292', 'likes': '34', 'dislikes': '0', 'link': '/item/board_read.naver?code=088350&nid=416642159&page=1', 'body': '', 'score': 1312}, {'title': '🙏 개인 주주들 힘이 필요합니다 🙏[7]', 'date': '2026.04.02 16:00', 'views': '168', 'likes': '31', 'dislikes': '1', 'link': '/item/board_read.naver?code=088350&nid=416637238&page=2', 'body': '', 'score': 1098}, {'title': '한화  압수수색 않하나요????', 'date': '2026.04.02 14:53', 'views': '53', 'likes': '29', 'dislikes': '1', 'link': '/item/board_read.naver?code=088350&nid=416624816&page=2', 'body': '', 'score': 923}, {'title': '매불쇼에서 승연이 깐다[3]', 'date': '2026.04.02 16:44', 'views': '204', 'likes': '26', 'dislikes': '0', 'link': '/item/board_read.naver?code=088350&nid=416641167&page=1', 'body': '', 'score': 984}, {'title': '도덕적 헤이의 끝판왕[3]', 'date': '2026.04.02 15:11', 'views': '120', 'likes': '26', 'dislikes': '1', 'link': '/item/board_read.naver?code=088350&nid=416629684&page=2', 'body': '', 'score': 900}, {'title': '한생은 주가가 오르면 안되는 주식인가요?', 'date': '2026.04.02 09:22', 'views': '124', 'likes': '25', 'dislikes': '0', 'link': '/item/board_read.naver?code=088350&nid=416560401&page=5', 'body': '', 'score': 874}, {'title': '이재명 대통령 SNS입니다.', 'date': '2026.04.02 14:12', 'views': '72', 'likes': '23', 'dislikes': '1', 'link': '/item/board_read.naver?code=088350&nid=416615877&page=2', 'body': '', 'score': 762}, {'title': '400포인트 올라 오른 거', 'date': '2026.04.02 12:36', 'views': '48', 'likes': '23', 'dislikes': '0', 'link': '/item/board_read.naver?code=088350&nid=416601850&page=3', 'body': '', 'score': 738}]",9.2 (Strategy Advisor),088350
삼성전자우,118600,-6.98%,-0.09,74,76.20%,KOSPI,127500,76.29%,내일 나스닥 휴장[4] / 토람푸 내 이럴줄 알았다[1] / 욕해봐야  소용없지만 / 오를때는 적게 내릴때는 더많이 ㅋㅋㅋ[1],Negative (75%),"토람푸, 이럴줄, 욕해봐야, 소용없지만, 나스닥",1,"[{'title': '토람푸 내 이럴줄 알았다[1]', 'date': '2026.04.02 12:11', 'views': '201', 'likes': '13', 'dislikes': '1', 'link': '/item/board_read.naver?code=005935&nid=416598181&page=2', 'body': '', 'score': 591}, {'title': '욕해봐야  소용없지만', 'date': '2026.04.02 14:16', 'views': '83', 'likes': '11', 'dislikes': '5', 'link': '/item/board_read.naver?code=005935&nid=416616581&page=2', 'body': '', 'score': 413}, {'title': '내일 나스닥 휴장[4]', 'date': '2026.04.02 14:59', 'views': '638', 'likes': '9', 'dislikes': '5', 'link': '/item/board_read.naver?code=005935&nid=416626459&page=1', 'body': '', 'score': 908}, {'title': '오를때는 적게 내릴때는 더많이 ㅋㅋㅋ[1]', 'date': '2026.04.02 11:45', 'views': '81', 'likes': '9', 'dislikes': '0', 'link': '/item/board_read.naver?code=005935&nid=416593968&page=2', 'body': '', 'score': 351}, {'title': '보통주와 우선주: 괴리율(4월 2 기...[2]', 'date': '2026.04.02 23:58', 'views': '30', 'likes': '8', 'dislikes': '0', 'link': '/item/board_read.naver?code=005935&nid=416669680&page=1', 'body': '', 'score': 270}, {'title': '희소식) 삼성전자: 자사주 1일 18...[2]', 'date': '2026.04.02 23:57', 'views': '21', 'likes': '7', 'dislikes': '0', 'link': '/item/board_read.naver?code=005935&nid=416669620&page=1', 'body': '', 'score': 231}, {'title': '삼성전자: 1분기 서프라이즈 실적 ...[2]', 'date': '2026.04.02 23:56', 'views': '20', 'likes': '7', 'dislikes': '0', 'link': '/item/board_read.naver?code=005935&nid=416669576&page=1', 'body': '', 'score': 230}, {'title': '우선주는 소각 안하는거여[1]', 'date': '2026.04.02 23:50', 'views': '25', 'likes': '7', 'dislikes': '0', 'link': '/item/board_read.naver?code=005935&nid=416669321&page=1', 'body': '', 'score': 235}, {'title': '내일은', 'date': '2026.04.02 16:44', 'views': '82', 'likes': '6', 'dislikes': '1', 'link': '/item/board_read.naver?code=005935&nid=416641186&page=1', 'body': '', 'score': 262}, {'title': '외국인들아 팔아줘서 고맙다...', 'date': '2026.04.02 15:42', 'views': '136', 'likes': '6', 'dislikes': '3', 'link': '/item/board_read.naver?code=005935&nid=416635122&page=1', 'body': '', 'score': 316}]",9.2 (Strategy Advisor),005935
SK하이닉스,830000,-7.05%,-0.01,800,52.61%,KOSPI,893000,52.62%,내가 장담한다[5] / 실시간 다시 유가가 떨어지고 미장이 회복하는이... / 내일은 / 90만원 넘는거 보고 매수했더니 ㅠㅠ[2],Negative (56%),"내일은, 열받네, 미국장은, 빨강불, 우리나라",3,"[{'title': '내일은', 'date': '2026.04.03 00:10', 'views': '87', 'likes': '32', 'dislikes': '6', 'link': '/item/board_read.naver?code=000660&nid=416670142&page=2', 'body': '', 'score': 1047}, {'title': '내가 장담한다[5]', 'date': '2026.04.02 21:51', 'views': '287', 'likes': '26', 'dislikes': '4', 'link': '/item/board_read.naver?code=000660&nid=416661373&page=13', 'body': '', 'score': 1067}, {'title': '너무 열받네 미국장은 빨강불..우리나라 주가만 ...[1]', 'date': '2026.04.03 00:00', 'views': '242', 'likes': '23', 'dislikes': '1', 'link': '/item/board_read.naver?code=000660&nid=416669752&page=3', 'body': '', 'score': 932}, {'title': '도람푸가 국장에 복수하는거여.[6]', 'date': '2026.04.02 23:54', 'views': '293', 'likes': '23', 'dislikes': '3', 'link': '/item/board_read.naver?code=000660&nid=416669493&page=3', 'body': '', 'score': 983}, {'title': '조금씩 내려가고있다  뭐가?', 'date': '2026.04.02 23:47', 'views': '56', 'likes': '22', 'dislikes': '0', 'link': '/item/board_read.naver?code=000660&nid=416669148&page=4', 'body': '', 'score': 716}, {'title': '미장은 바닥 친거야..악재에 둔감해지고 있어.', 'date': '2026.04.03 00:12', 'views': '175', 'likes': '21', 'dislikes': '1', 'link': '/item/board_read.naver?code=000660&nid=416670213&page=2', 'body': '', 'score': 805}, {'title': '트럼프발언에 대한 제대로된 해석은?[1]', 'date': '2026.04.02 23:53', 'views': '331', 'likes': '21', 'dislikes': '0', 'link': '/item/board_read.naver?code=000660&nid=416669481&page=3', 'body': '', 'score': 961}, {'title': '국장만[2]', 'date': '2026.04.02 23:13', 'views': '204', 'likes': '21', 'dislikes': '3', 'link': '/item/board_read.naver?code=000660&nid=416667187&page=6', 'body': '', 'score': 834}, {'title': '90만원 넘는거 보고 매수했더니 ㅠㅠ[2]', 'date': '2026.04.02 16:52', 'views': '375', 'likes': '21', 'dislikes': '0', 'link': '/item/board_read.naver?code=000660&nid=416641810&page=40', 'body': '', 'score': 1005}, {'title': '실시간 다시 유가가 떨어지고 미장이 회복하는이...', 'date': '2026.04.03 00:13', 'views': '464', 'likes': '20', 'dislikes': '4', 'link': '/item/board_read.naver?code=000660&nid=416670267&page=2', 'body': '', 'score': 1064}]",9.2 (Strategy Advisor),000660
KEC,1565,-7.07%,0.13,34,4.19%,KOSPI,1684,4.06%,여러분도 신고하셔야 장난 못칩니다 / 1500원간다고했제[2] / 처물린애들이 20일선이고 10일선이고 ㅋㅋ[2] / 내돈 꼴아버리니 시세조정이라고 신고 ㅋㅋㅋ[1],Mixed,"신고, 여러분도, 신고하셔야, 장난, 내돈",1,"[{'title': '여러분도 신고하셔야 장난 못칩니다', 'date': '2026.04.02 13:17', 'views': '166', 'likes': '4', 'dislikes': '4', 'link': '/item/board_read.naver?code=092220&nid=416608155&page=1', 'body': '', 'score': 286}, {'title': '자자 오늘 파세요.', 'date': '2026.04.02 14:44', 'views': '58', 'likes': '3', 'dislikes': '0', 'link': '/item/board_read.naver?code=092220&nid=416622723&page=1', 'body': '', 'score': 148}, {'title': '내돈 꼴아버리니 시세조정이라고 신고 ㅋㅋㅋ[1]', 'date': '2026.04.02 14:06', 'views': '119', 'likes': '3', 'dislikes': '2', 'link': '/item/board_read.naver?code=092220&nid=416615011&page=1', 'body': '', 'score': 209}, {'title': '시세조정 신고 방법', 'date': '2026.04.02 13:14', 'views': '61', 'likes': '3', 'dislikes': '1', 'link': '/item/board_read.naver?code=092220&nid=416607637&page=1', 'body': '', 'score': 151}, {'title': '특정 금액대 허매수 걸고 주가 떨어뜨리기', 'date': '2026.04.02 13:03', 'views': '51', 'likes': '3', 'dislikes': '1', 'link': '/item/board_read.naver?code=092220&nid=416606035&page=1', 'body': '', 'score': 141}, {'title': '이거 작전하는것 같아', 'date': '2026.04.02 12:38', 'views': '59', 'likes': '3', 'dislikes': '5', 'link': '/item/board_read.naver?code=092220&nid=416602103&page=1', 'body': '', 'score': 149}, {'title': '처물린애들이 20일선이고 10일선이고 ㅋㅋ[2]', 'date': '2026.04.02 11:06', 'views': '142', 'likes': '3', 'dislikes': '0', 'link': '/item/board_read.naver?code=092220&nid=416584986&page=1', 'body': '', 'score': 232}, {'title': '1500원간다고했제[2]', 'date': '2026.04.02 10:46', 'views': '160', 'likes': '3', 'dislikes': '0', 'link': '/item/board_read.naver?code=092220&nid=416579986&page=1', 'body': '', 'score': 250}, {'title': '트럼프 기사', 'date': '2026.04.02 09:53', 'views': '59', 'likes': '3', 'dislikes': '0', 'link': '/item/board_read.naver?code=092220&nid=416566989&page=2', 'body': '', 'score': 149}, {'title': '지금이라도 도망쳐', 'date': '2026.04.02 09:25', 'views': '27', 'likes': '3', 'dislikes': '2', 'link': '/item/board_read.naver?code=092220&nid=416560973&page=2', 'body': '', 'score': 117}]",9.2 (Strategy Advisor),092220
티웨이항공,830,-7.37%,-0.07,32,0.89%,KOSPI,896,0.96%,추가 유증도 빨리 해야 될 것 같은데?[1] / LCC 기업들 과거 해운주라 보면 된다.[1] / 46층[1] / 형들 5:1 감자 대비해라.,Negative (100%),"추가, 유증도, 빨리, 해야, 같은데",1,"[{'title': '추가 유증도 빨리 해야 될 것 같은데?[1]', 'date': '2026.04.02 13:25', 'views': '353', 'likes': '14', 'dislikes': '2', 'link': '/item/board_read.naver?code=091810&nid=416609244&page=1', 'body': '', 'score': 773}, {'title': '투매 시작!', 'date': '2026.04.02 15:08', 'views': '84', 'likes': '10', 'dislikes': '1', 'link': '/item/board_read.naver?code=091810&nid=416629028&page=1', 'body': '', 'score': 384}, {'title': '사명변경이 중요하냐 ? 주가정상화 먼저 하...[1]', 'date': '2026.04.02 19:32', 'views': '104', 'likes': '9', 'dislikes': '0', 'link': '/item/board_read.naver?code=091810&nid=416653479&page=1', 'body': '', 'score': 374}, {'title': 'LCC 기업들 과거 해운주라 보면 된다.[1]', 'date': '2026.04.02 14:29', 'views': '206', 'likes': '9', 'dislikes': '2', 'link': '/item/board_read.naver?code=091810&nid=416618747&page=1', 'body': '', 'score': 476}, {'title': '형들 5:1 감자 대비해라.', 'date': '2026.04.02 13:09', 'views': '151', 'likes': '8', 'dislikes': '3', 'link': '/item/board_read.naver?code=091810&nid=416606905&page=1', 'body': '', 'score': 391}, {'title': '46층[1]', 'date': '2026.04.02 10:43', 'views': '244', 'likes': '6', 'dislikes': '2', 'link': '/item/board_read.naver?code=091810&nid=416579013&page=2', 'body': '', 'score': 424}, {'title': '평단 1600원대로 낮췄다고 좋아했는데', 'date': '2026.04.02 08:40', 'views': '111', 'likes': '6', 'dislikes': '1', 'link': '/item/board_read.naver?code=091810&nid=416552991&page=2', 'body': '', 'score': 291}, {'title': '어?? 뭐냐??', 'date': '2026.04.02 21:41', 'views': '31', 'likes': '5', 'dislikes': '0', 'link': '/item/board_read.naver?code=091810&nid=416660877&page=1', 'body': '', 'score': 181}, {'title': '더러운회사네', 'date': '2026.04.02 17:24', 'views': '32', 'likes': '5', 'dislikes': '2', 'link': '/item/board_read.naver?code=091810&nid=416644439&page=1', 'body': '', 'score': 182}, {'title': '트리티니', 'date': '2026.04.02 15:04', 'views': '46', 'likes': '5', 'dislikes': '1', 'link': '/item/board_read.naver?code=091810&nid=416628102&page=1', 'body': '', 'score': 196}]",9.2 (Strategy Advisor),091810
한국첨단소재,2750,-8.18%,-0.49,86,2.39%,KOSDAQ,2995,2.88%,낼 하한가니 대비들혀(이유 있음)[3] / 공부할수록 괜찮은 회사네[1] / 시간외 1%상승마감 / 우리로 보다 덜 빠졌소이다,Negative (68%),"우리로, 시간외, 상승마감, 공부할수록, 괜찮은",1,"[{'title': '시간외 1%상승마감', 'date': '2026.04.02 18:03', 'views': '83', 'likes': '13', 'dislikes': '0', 'link': '/item/board_read.naver?code=062970&nid=416647347&page=1', 'body': '', 'score': 473}, {'title': '공부할수록 괜찮은 회사네[1]', 'date': '2026.04.02 16:50', 'views': '228', 'likes': '9', 'dislikes': '1', 'link': '/item/board_read.naver?code=062970&nid=416641628&page=1', 'body': '', 'score': 498}, {'title': '우리로 보다 덜 빠졌소이다', 'date': '2026.04.02 15:42', 'views': '149', 'likes': '8', 'dislikes': '2', 'link': '/item/board_read.naver?code=062970&nid=416635037&page=1', 'body': '', 'score': 389}, {'title': '광반도체랑 양자암호는 미래핵심먹거리다', 'date': '2026.04.02 09:49', 'views': '75', 'likes': '7', 'dislikes': '0', 'link': '/item/board_read.naver?code=062970&nid=416566202&page=3', 'body': '', 'score': 285}, {'title': '낼 하한가니 대비들혀(이유 있음)[3]', 'date': '2026.04.02 18:46', 'views': '319', 'likes': '6', 'dislikes': '11', 'link': '/item/board_read.naver?code=062970&nid=416650312&page=1', 'body': '', 'score': 499}, {'title': '선방했네', 'date': '2026.04.02 15:26', 'views': '54', 'likes': '6', 'dislikes': '0', 'link': '/item/board_read.naver?code=062970&nid=416632613&page=1', 'body': '', 'score': 234}, {'title': '세력형님 무빙 전문가시네', 'date': '2026.04.02 15:21', 'views': '63', 'likes': '6', 'dislikes': '3', 'link': '/item/board_read.naver?code=062970&nid=416631659&page=1', 'body': '', 'score': 243}, {'title': '움직인다', 'date': '2026.04.02 15:06', 'views': '40', 'likes': '6', 'dislikes': '2', 'link': '/item/board_read.naver?code=062970&nid=416628563&page=1', 'body': '', 'score': 220}, {'title': '사람있어요 구해주세요[2]', 'date': '2026.04.02 10:56', 'views': '105', 'likes': '6', 'dislikes': '0', 'link': '/item/board_read.naver?code=062970&nid=416582776&page=2', 'body': '', 'score': 285}, {'title': '우리로 양전에 광통신 전부 빨간불인데[1]', 'date': '2026.04.02 14:14', 'views': '136', 'likes': '5', 'dislikes': '0', 'link': '/item/board_read.naver?code=062970&nid=416616084&page=1', 'body': '', 'score': 286}]",9.2 (Strategy Advisor),062970
BGF에코머티리얼즈,4345,-9.29%,-0.52,137,1.36%,KOSDAQ,4790,1.88%,탈플라스틱 대장주로 날라갈수도..[8] / bgf에코 자회사 반도체 소부장 무수불산 국산...[2] / 오늘로써 전쟁 장기화 가시화[3] / 매물대 정리해봤음..[1],Negative (53%),"탈플라스틱, 대장주로, 날라갈수도, 오늘로써, 전쟁",2,"[{'title': '탈플라스틱 대장주로 날라갈수도..[8]', 'date': '2026.04.02 16:34', 'views': '267', 'likes': '8', 'dislikes': '4', 'link': '/item/board_read.naver?code=126600&nid=416640386&page=1', 'body': '', 'score': 507}, {'title': '오늘로써 전쟁 장기화 가시화[3]', 'date': '2026.04.02 15:51', 'views': '123', 'likes': '6', 'dislikes': '2', 'link': '/item/board_read.naver?code=126600&nid=416636204&page=1', 'body': '', 'score': 303}, {'title': 'bgf에코 자회사 반도체 소부장 무수불산 국산...[2]', 'date': '2026.04.02 18:59', 'views': '180', 'likes': '5', 'dislikes': '2', 'link': '/item/board_read.naver?code=126600&nid=416651148&page=1', 'body': '', 'score': 330}, {'title': '세림 간다', 'date': '2026.04.02 15:13', 'views': '39', 'likes': '5', 'dislikes': '0', 'link': '/item/board_read.naver?code=126600&nid=416630181&page=2', 'body': '', 'score': 189}, {'title': '까마구 시나리오 쓰시네 ㅎ', 'date': '2026.04.02 22:16', 'views': '81', 'likes': '4', 'dislikes': '2', 'link': '/item/board_read.naver?code=126600&nid=416662537&page=1', 'body': '', 'score': 201}, {'title': '주포 최고  내일은 완전 하한가로 부탁해[3]', 'date': '2026.04.02 18:03', 'views': '131', 'likes': '4', 'dislikes': '5', 'link': '/item/board_read.naver?code=126600&nid=416647353&page=1', 'body': '', 'score': 251}, {'title': '진짜 황당하네요', 'date': '2026.04.02 11:38', 'views': '39', 'likes': '4', 'dislikes': '0', 'link': '/item/board_read.naver?code=126600&nid=416592551&page=5', 'body': '', 'score': 159}, {'title': 'Bㅋ큥 Gㅐ잡주 Fㅓㄱ 에ㅋ머티리얼즈', 'date': '2026.04.02 11:30', 'views': '31', 'likes': '4', 'dislikes': '0', 'link': '/item/board_read.naver?code=126600&nid=416590741&page=5', 'body': '', 'score': 151}, {'title': '매물대 정리해봤음..[1]', 'date': '2026.04.02 19:42', 'views': '173', 'likes': '3', 'dislikes': '0', 'link': '/item/board_read.naver?code=126600&nid=416654202&page=1', 'body': '', 'score': 263}, {'title': '시외 서로 팔겠다고 난리네 ㅋㅋㅋㅋㅋㅋㅋㅋㅋㅋ...[3]', 'date': '2026.04.02 17:57', 'views': '131', 'likes': '3', 'dislikes': '3', 'link': '/item/board_read.naver?code=126600&nid=416646877&page=1', 'body': '', 'score': 221}]",9.2 (Strategy Advisor),126600
미래에셋벤처투자,25750,-9.33%,-0.28,119,2.28%,KOSDAQ,28400,2.56%,"6월상장이죠[4] / 아 트럼프 / 미래에셋,,비츠로넥스텍,와이제이링크 (...[4] / 어차피. 담주 상한가다[2]",Negative (63%),"트럼프, 시장, 해석하기, 고점대비, 20프로",2,"[{'title': '아 트럼프', 'date': '2026.04.02 10:30', 'views': '92', 'likes': '17', 'dislikes': '0', 'link': '/item/board_read.naver?code=100790&nid=416575261&page=4', 'body': '', 'score': 602}, {'title': '진짜 어렵다 시장 해석하기', 'date': '2026.04.02 15:32', 'views': '96', 'likes': '13', 'dislikes': '0', 'link': '/item/board_read.naver?code=100790&nid=416633520&page=1', 'body': '', 'score': 486}, {'title': '고점대비 20프로 하락이네', 'date': '2026.04.02 15:06', 'views': '79', 'likes': '12', 'dislikes': '1', 'link': '/item/board_read.naver?code=100790&nid=416628581&page=1', 'body': '', 'score': 439}, {'title': '어차피. 담주 상한가다[2]', 'date': '2026.04.02 19:59', 'views': '247', 'likes': '11', 'dislikes': '1', 'link': '/item/board_read.naver?code=100790&nid=416655409&page=1', 'body': '', 'score': 577}, {'title': '자칭 주식 전문가란 사람이..........[1]', 'date': '2026.04.02 19:10', 'views': '106', 'likes': '11', 'dislikes': '5', 'link': '/item/board_read.naver?code=100790&nid=416651830&page=1', 'body': '', 'score': 436}, {'title': '오늘은 순환매', 'date': '2026.04.02 08:15', 'views': '52', 'likes': '11', 'dislikes': '1', 'link': '/item/board_read.naver?code=100790&nid=416550412&page=6', 'body': '', 'score': 382}, {'title': '스페이스X관련주들 급등중..', 'date': '2026.04.02 23:39', 'views': '107', 'likes': '10', 'dislikes': '0', 'link': '/item/board_read.naver?code=100790&nid=416668591&page=1', 'body': '', 'score': 407}, {'title': '미래에셋,,비츠로넥스텍,와이제이링크 (...[4]', 'date': '2026.04.02 17:31', 'views': '330', 'likes': '9', 'dislikes': '3', 'link': '/item/board_read.naver?code=100790&nid=416644975&page=1', 'body': '', 'score': 600}, {'title': '6월상장이죠[4]', 'date': '2026.04.02 15:04', 'views': '414', 'likes': '9', 'dislikes': '1', 'link': '/item/board_read.naver?code=100790&nid=416627943&page=2', 'body': '', 'score': 684}, {'title': '스페이스 X 호재 !!![2]', 'date': '2026.04.02 18:59', 'views': '252', 'likes': '8', 'dislikes': '1', 'link': '/item/board_read.naver?code=100790&nid=416651127&page=1', 'body': '', 'score': 492}]",9.2 (Strategy Advisor),100790
에이전트AI,419,-10.28%,0.48,25,1.25%,KOSDAQ,467,0.77%,주주는 아닌데 가격이 매력적이라 AI로.. ...[2] / 내일 본격적인 시세 줄겁니다[4] / 내일 상한가[3] / ㅋㅋㅋㅋㅋㅋㅋㅋㅋㅋㅋㅋㅋㅋㅋㅋㅋㅋㅋ얘기했지요...[1],Negative (75%),"주주는, 아닌데, 가격이, 매력적이라, AI로",1,"[{'title': '주주는 아닌데 가격이 매력적이라 AI로.. ...[2]', 'date': '2026.04.02 09:42', 'views': '288', 'likes': '10', 'dislikes': '0', 'link': '/item/board_read.naver?code=060900&nid=416564949&page=1', 'body': '', 'score': 588}, {'title': '내일 상한가[3]', 'date': '2026.04.02 15:42', 'views': '89', 'likes': '6', 'dislikes': '2', 'link': '/item/board_read.naver?code=060900&nid=416635090&page=1', 'body': '', 'score': 269}, {'title': 'ㅋㅋㅋㅋㅋㅋㅋㅋㅋㅋㅋㅋㅋㅋㅋㅋㅋㅋㅋ얘기했지요...[1]', 'date': '2026.04.02 16:32', 'views': '70', 'likes': '5', 'dislikes': '2', 'link': '/item/board_read.naver?code=060900&nid=416640187&page=1', 'body': '', 'score': 220}, {'title': '내일 본격적인 시세 줄겁니다[4]', 'date': '2026.04.02 14:26', 'views': '133', 'likes': '5', 'dislikes': '6', 'link': '/item/board_read.naver?code=060900&nid=416618134&page=1', 'body': '', 'score': 283}, {'title': '쉽게생각하자[1]', 'date': '2026.04.02 18:36', 'views': '78', 'likes': '4', 'dislikes': '1', 'link': '/item/board_read.naver?code=060900&nid=416649603&page=1', 'body': '', 'score': 198}, {'title': '오너가 사자라그래요[1]', 'date': '2026.04.02 17:37', 'views': '36', 'likes': '4', 'dislikes': '1', 'link': '/item/board_read.naver?code=060900&nid=416645417&page=1', 'body': '', 'score': 156}, {'title': '감자전 존나게 실어 호구들 잡아놓고 잔머리 ...[1]', 'date': '2026.04.02 17:32', 'views': '44', 'likes': '4', 'dislikes': '1', 'link': '/item/board_read.naver?code=060900&nid=416645025&page=1', 'body': '', 'score': 164}, {'title': '요기도 사자들이 많은가 보네', 'date': '2026.04.02 17:28', 'views': '15', 'likes': '4', 'dislikes': '1', 'link': '/item/board_read.naver?code=060900&nid=416644713&page=1', 'body': '', 'score': 135}, {'title': '오늘 뉴스에  엔비디아가 주목했다는데', 'date': '2026.04.02 11:18', 'views': '81', 'likes': '4', 'dislikes': '6', 'link': '/item/board_read.naver?code=060900&nid=416587976&page=1', 'body': '', 'score': 201}, {'title': '주식장 소외주[1]', 'date': '2026.04.02 20:53', 'views': '38', 'likes': '3', 'dislikes': '3', 'link': '/item/board_read.naver?code=060900&nid=416658496&page=1', 'body': '', 'score': 128}]",9.2 (Strategy Advisor),060900
SK증권,1912,-10.86%,-1.41,117,3.44%,KOSPI,2145,4.85%,SK증권 공매도 대량보유자들.[1] / 18[3] / 오히려 이시국엔 정지가 답이다[1] / 안녕하세요. 바닥 종목 발굴가입니다.[3],Negative (75%),"공매도, 대량보유자들, 오히려, 이시국엔, 정지가",10,"[{'title': 'SK증권 공매도 대량보유자들.[1]', 'date': '2026.04.02 16:52', 'views': '638', 'likes': '18', 'dislikes': '2', 'link': '/item/board_read.naver?code=001510&nid=416641780&page=1', 'body': '', 'score': 1178}, {'title': '18[3]', 'date': '2026.04.02 17:16', 'views': '413', 'likes': '13', 'dislikes': '5', 'link': '/item/board_read.naver?code=001510&nid=416643751&page=1', 'body': '', 'score': 803}, {'title': '오히려 이시국엔 정지가 답이다[1]', 'date': '2026.04.02 16:20', 'views': '421', 'likes': '10', 'dislikes': '4', 'link': '/item/board_read.naver?code=001510&nid=416639109&page=1', 'body': '', 'score': 721}, {'title': 'ㅋㅋㅋ 뭐하러 나가노', 'date': '2026.04.02 09:45', 'views': '59', 'likes': '10', 'dislikes': '0', 'link': '/item/board_read.naver?code=001510&nid=416565392&page=5', 'body': '', 'score': 359}, {'title': '미치광이 하나가 세계 경제를 아작내고 있...', 'date': '2026.04.02 11:42', 'views': '50', 'likes': '9', 'dislikes': '3', 'link': '/item/board_read.naver?code=001510&nid=416593449&page=4', 'body': '', 'score': 320}, {'title': '잠시후 로켓 떠납니다 트럼프연설직전[1]', 'date': '2026.04.02 09:25', 'views': '185', 'likes': '9', 'dislikes': '0', 'link': '/item/board_read.naver?code=001510&nid=416561059&page=6', 'body': '', 'score': 455}, {'title': '아나 트럼프 ㅋㅋ', 'date': '2026.04.02 10:26', 'views': '83', 'likes': '8', 'dislikes': '0', 'link': '/item/board_read.naver?code=001510&nid=416574201&page=5', 'body': '', 'score': 323}, {'title': '병합전에 물리면 노답', 'date': '2026.04.02 12:25', 'views': '77', 'likes': '7', 'dislikes': '0', 'link': '/item/board_read.naver?code=001510&nid=416600296&page=3', 'body': '', 'score': 287}, {'title': '안녕하세요. 바닥 종목 발굴가입니다.[3]', 'date': '2026.04.02 17:27', 'views': '480', 'likes': '6', 'dislikes': '12', 'link': '/item/board_read.naver?code=001510&nid=416644618&page=1', 'body': '', 'score': 660}, {'title': '내 생각에도  끝났음.(  병합하고 봅시다...[2]', 'date': '2026.04.02 12:10', 'views': '318', 'likes': '6', 'dislikes': '2', 'link': '/item/board_read.naver?code=001510&nid=416598076&page=3', 'body': '', 'score': 498}]",9.2 (Strategy Advisor),001510
케이엠제약,810,-10.89%,0.13,53,2.28%,KOSDAQ,909,2.15%,오늘 종가는 분명 쩜상마감이라 힌트줬제...[4] / 케이엠제약 ✔️ 관 련 자 료[2] / 4월중순 액병전까지 3000원.액병후 / 이가격이,Negative (57%),"종가는, 분명, 쩜상마감이라, 힌트줬제, 4월중순",1,"[{'title': '오늘 종가는 분명 쩜상마감이라 힌트줬제...[4]', 'date': '2026.04.02 12:11', 'views': '140', 'likes': '7', 'dislikes': '6', 'link': '/item/board_read.naver?code=225430&nid=416598258&page=2', 'body': '', 'score': 350}, {'title': '4월중순 액병전까지 3000원.액병후', 'date': '2026.04.02 15:48', 'views': '60', 'likes': '6', 'dislikes': '3', 'link': '/item/board_read.naver?code=225430&nid=416635850&page=1', 'body': '', 'score': 240}, {'title': '이가격이', 'date': '2026.04.02 11:41', 'views': '30', 'likes': '6', 'dislikes': '2', 'link': '/item/board_read.naver?code=225430&nid=416593083&page=2', 'body': '', 'score': 210}, {'title': '케이엠제약 ✔️ 관 련 자 료[2]', 'date': '2026.04.02 11:31', 'views': '102', 'likes': '5', 'dislikes': '1', 'link': '/item/board_read.naver?code=225430&nid=416590828&page=2', 'body': '', 'score': 252}, {'title': '5천냥까지갈건데', 'date': '2026.04.02 11:02', 'views': '23', 'likes': '5', 'dislikes': '2', 'link': '/item/board_read.naver?code=225430&nid=416584238&page=2', 'body': '', 'score': 173}, {'title': '케이엠제약   내일은? 두말안한다.[1]', 'date': '2026.04.02 20:38', 'views': '61', 'likes': '4', 'dislikes': '3', 'link': '/item/board_read.naver?code=225430&nid=416657723&page=1', 'body': '', 'score': 181}, {'title': '_12%', 'date': '2026.04.02 14:51', 'views': '23', 'likes': '4', 'dislikes': '0', 'link': '/item/board_read.naver?code=225430&nid=416624398&page=1', 'body': '', 'score': 143}, {'title': '슬슬 들어가 볼까', 'date': '2026.04.02 14:16', 'views': '28', 'likes': '4', 'dislikes': '1', 'link': '/item/board_read.naver?code=225430&nid=416616481&page=1', 'body': '', 'score': 148}, {'title': '싸늘하네..어디로 갈거냐..?', 'date': '2026.04.02 13:14', 'views': '36', 'likes': '4', 'dislikes': '0', 'link': '/item/board_read.naver?code=225430&nid=416607702&page=2', 'body': '', 'score': 156}, {'title': '병합  전  적정가격은', 'date': '2026.04.02 11:29', 'views': '74', 'likes': '4', 'dislikes': '2', 'link': '/item/board_read.naver?code=225430&nid=416590501&page=2', 'body': '', 'score': 194}]",9.2 (Strategy Advisor),225430
우리로,7400,-13.75%,-0.69,742,3.84%,KOSDAQ,8580,4.53%,마벨 투자에 독보적 소재 (제미나이)[4] / 내일 상한가 갈듯[4] / 나도 털렸다[1] / 여러분,Positive (52%),"마벨, 투자에, 독보적, 소재, 제미나이",7,"[{'title': '마벨 투자에 독보적 소재 (제미나이)[4]', 'date': '2026.04.02 15:47', 'views': '673', 'likes': '35', 'dislikes': '3', 'link': '/item/board_read.naver?code=046970&nid=416635696&page=5', 'body': '', 'score': 1723}, {'title': '내일 상한가 갈듯[4]', 'date': '2026.04.02 19:03', 'views': '640', 'likes': '26', 'dislikes': '15', 'link': '/item/board_read.naver?code=046970&nid=416651369&page=2', 'body': '', 'score': 1420}, {'title': '하루쯤 하락하고싶었는대[2]', 'date': '2026.04.02 20:30', 'views': '396', 'likes': '19', 'dislikes': '4', 'link': '/item/board_read.naver?code=046970&nid=416657306&page=2', 'body': '', 'score': 966}, {'title': '여러분', 'date': '2026.04.02 20:23', 'views': '423', 'likes': '19', 'dislikes': '4', 'link': '/item/board_read.naver?code=046970&nid=416656894&page=2', 'body': '', 'score': 993}, {'title': '대광이도', 'date': '2026.04.02 20:32', 'views': '167', 'likes': '18', 'dislikes': '2', 'link': '/item/board_read.naver?code=046970&nid=416657395&page=2', 'body': '', 'score': 707}, {'title': '나도 털렸다[1]', 'date': '2026.04.02 18:05', 'views': '761', 'likes': '18', 'dislikes': '4', 'link': '/item/board_read.naver?code=046970&nid=416647435&page=3', 'body': '', 'score': 1301}, {'title': '잘들어! 우리로 아직 갈길멀다', 'date': '2026.04.02 17:43', 'views': '430', 'likes': '15', 'dislikes': '4', 'link': '/item/board_read.naver?code=046970&nid=416645859&page=3', 'body': '', 'score': 880}, {'title': '다음 주부터는', 'date': '2026.04.02 15:27', 'views': '112', 'likes': '15', 'dislikes': '4', 'link': '/item/board_read.naver?code=046970&nid=416632910&page=5', 'body': '', 'score': 562}, {'title': '시간외 상치자[1]', 'date': '2026.04.02 15:27', 'views': '255', 'likes': '15', 'dislikes': '4', 'link': '/item/board_read.naver?code=046970&nid=416632829&page=5', 'body': '', 'score': 705}, {'title': '내일 20프로 하락이다 대조정 시작 무조건 조...', 'date': '2026.04.02 16:48', 'views': '170', 'likes': '13', 'dislikes': '18', 'link': '/item/board_read.naver?code=046970&nid=416641519&page=4', 'body': '', 'score': 560}]",9.2 (Strategy Advisor),046970
대우건설,16440,-15.39%,-2.01,800,9.70%,KOSPI,19430,11.71%,형 상한가 요정이다[4] / 공매도 과열 지정 확정[2] / ■최대 피해자는 나다[11] / ■오늘하루만 180억 손해봐따[18],Negative (65%),"공매도, 지정, 최대, 피해자는, 과열",11,"[{'title': '형 상한가 요정이다[4]', 'date': '2026.04.02 21:44', 'views': '832', 'likes': '51', 'dislikes': '1', 'link': '/item/board_read.naver?code=047040&nid=416661056&page=2', 'body': '', 'score': 2362}, {'title': '■최대 피해자는 나다[11]', 'date': '2026.04.02 15:24', 'views': '673', 'likes': '41', 'dislikes': '10', 'link': '/item/board_read.naver?code=047040&nid=416632312&page=10', 'body': '', 'score': 1903}, {'title': '공매도 과열 지정 확정[2]', 'date': '2026.04.02 17:32', 'views': '945', 'likes': '38', 'dislikes': '5', 'link': '/item/board_read.naver?code=047040&nid=416645028&page=6', 'body': '', 'score': 2085}, {'title': '공시) 대우건설 공매도 과열종목 지정...', 'date': '2026.04.02 20:05', 'views': '176', 'likes': '35', 'dislikes': '2', 'link': '/item/board_read.naver?code=047040&nid=416655873&page=4', 'body': '', 'score': 1226}, {'title': '바다건너 트러블 노인, 노욕의 끝은..[5]', 'date': '2026.04.02 18:25', 'views': '329', 'likes': '34', 'dislikes': '1', 'link': '/item/board_read.naver?code=047040&nid=416648868&page=5', 'body': '', 'score': 1349}, {'title': '■마니도 파네-온지. 얼마안되서[2]', 'date': '2026.04.02 14:07', 'views': '341', 'likes': '34', 'dislikes': '3', 'link': '/item/board_read.naver?code=047040&nid=416615141&page=17', 'body': '', 'score': 1361}, {'title': '내일 상이다[2]', 'date': '2026.04.02 21:00', 'views': '467', 'likes': '33', 'dislikes': '5', 'link': '/item/board_read.naver?code=047040&nid=416658844&page=2', 'body': '', 'score': 1457}, {'title': '■오늘하루만 180억 손해봐따[18]', 'date': '2026.04.02 15:27', 'views': '794', 'likes': '33', 'dislikes': '9', 'link': '/item/board_read.naver?code=047040&nid=416632797&page=10', 'body': '', 'score': 1784}, {'title': '■닥 대구리야[4]', 'date': '2026.04.02 14:27', 'views': '450', 'likes': '31', 'dislikes': '5', 'link': '/item/board_read.naver?code=047040&nid=416618409&page=15', 'body': '', 'score': 1380}, {'title': '공매도 멀리안나간다', 'date': '2026.04.02 23:09', 'views': '220', 'likes': '28', 'dislikes': '1', 'link': '/item/board_read.naver?code=047040&nid=416666912&page=1', 'body': '', 'score': 1060}]",9.2 (Strategy Advisor),047040
